x,y,z,type
5143.5,-5042,0,Tcell
4939.5,-5144.5,0,Tcell
4232,-4970.5,0,Tcell
4264,-4959,0,Tcell
4283.5,-4961.5,0,Tcell
4309.5,-4962.5,0,Tcell
4199.5,-4958.5,0,Tcell
4239.5,-4931.5,0,Tcell
4332,-4884,0,Tcell
3299,-4064,0,Tcell
4561.5,-4028.5,0,Tcell
4445,-3923,0,Tcell
2645,-3682.5,0,Tcell
2718,-3677.5,0,Tcell
2917.5,-3496.5,0,Tcell
3273,-3235.5,0,Tcell
4852,-4794.5,0,Tcell
4455.5,-4776,0,Tcell
4315,-4434,0,Tcell
4541.5,-4332,0,Tcell
3702,-4764,0,Tcell
4093.5,-4625,0,Tcell
3446.5,-4570.5,0,Tcell
4090,-4481,0,Tcell
3975.5,-4337,0,Tcell
3813.5,-4018.5,0,Tcell
4028.5,-3887.5,0,Tcell
3871,-3864.5,0,Tcell
3747.5,-3815,0,Tcell
3721.5,-3805,0,Tcell
3578,-3773,0,Tcell
3816,-3654.5,0,Tcell
3675,-3652.5,0,Tcell
3856.5,-3624.5,0,Tcell
3829,-3618,0,Tcell
3542.5,-3581,0,Tcell
3670,-3547,0,Tcell
3504,-3430.5,0,Tcell
3657.5,-3401,0,Tcell
3859,-3189.5,0,Tcell
2512.5,-3027,0,Tcell
2231.5,-2813.5,0,Tcell
2216.5,-2808.5,0,Tcell
2245.5,-2794,0,Tcell
2223.5,-2792,0,Tcell
2208,-2785,0,Tcell
2247,-2775,0,Tcell
2267.5,-2764.5,0,Tcell
2383,-2767,0,Tcell
2240.5,-2761.5,0,Tcell
1817.5,-2561.5,0,Tcell
1921.5,-2560.5,0,Tcell
1988,-2515,0,Tcell
1973,-2504,0,Tcell
2941.5,-3207,0,Tcell
2819,-3202.5,0,Tcell
3153.5,-3193,0,Tcell
2922,-3190.5,0,Tcell
3188,-3187.5,0,Tcell
3020.5,-3181.5,0,Tcell
2965,-3177,0,Tcell
2702.5,-3168,0,Tcell
2921,-2659.5,0,Tcell
2670,-2617.5,0,Tcell
330.5,-1954,0,Tcell
255.5,-1815,0,Tcell
441.5,-1822.5,0,Tcell
48,-1762,0,Tcell
-229,-1688.5,0,Tcell
1682,-2379.5,0,Tcell
1574.5,-2319.5,0,Tcell
1604.5,-2301,0,Tcell
1647.5,-2159.5,0,Tcell
1208.5,-2075.5,0,Tcell
1303,-2022,0,Tcell
1330,-1957.5,0,Tcell
1345,-1954.5,0,Tcell
1727,-1928,0,Tcell
1755.5,-1920.5,0,Tcell
1592,-1868,0,Tcell
1195,-1764,0,Tcell
1661.5,-1746,0,Tcell
1246,-1746.5,0,Tcell
1425,-1631.5,0,Tcell
2268.5,-2418,0,Tcell
2130,-2396,0,Tcell
2170,-2313.5,0,Tcell
2265.5,-2305,0,Tcell
1859,-2257.5,0,Tcell
2419,-2243,0,Tcell
2398,-2241.5,0,Tcell
2322,-2238,0,Tcell
2526,-2237,0,Tcell
2396,-2085,0,Tcell
1895.5,-1875.5,0,Tcell
2058,-1639,0,Tcell
2640.5,-2306.5,0,Tcell
2708.5,-2205,0,Tcell
104,-1602,0,Tcell
86,-1589.5,0,Tcell
111,-1580,0,Tcell
-124.5,-1560.5,0,Tcell
-118,-1543.5,0,Tcell
124.5,-1542.5,0,Tcell
-349,-1539.5,0,Tcell
-99,-1519,0,Tcell
-113.5,-1458,0,Tcell
155,-1456,0,Tcell
94.5,-1449.5,0,Tcell
-80,-1427.5,0,Tcell
-54.5,-1391.5,0,Tcell
58,-1355.5,0,Tcell
70.5,-1347.5,0,Tcell
-30,-1319.5,0,Tcell
306,-1459.5,0,Tcell
839,-1347,0,Tcell
850.5,-1195.5,0,Tcell
175.5,-1021,0,Tcell
834.5,-991.5,0,Tcell
806.5,-894,0,Tcell
1581.5,-1601.5,0,Tcell
1311,-1575.5,0,Tcell
1264,-1523,0,Tcell
1523,-1439.5,0,Tcell
1084.5,-1419,0,Tcell
1389,-1385.5,0,Tcell
1330,-1376.5,0,Tcell
1354,-1361,0,Tcell
1180,-1294,0,Tcell
-685.5,-378,0,Tcell
-668.5,-374.5,0,Tcell
-301.5,-780,0,Tcell
-594,-478,0,Tcell
-2187,859,0,Tcell
-2018.5,1104.5,0,Tcell
-2206.5,1156,0,Tcell
-1952.5,1180,0,Tcell
-1735,1473.5,0,Tcell
-1714,1472.5,0,Tcell
-2130.5,1501,0,Tcell
-1265.5,1035.5,0,Tcell
-1283,1148.5,0,Tcell
-3478.5,1806,0,Tcell
-3289.5,1910.5,0,Tcell
-3267,1912,0,Tcell
-3258,2309.5,0,Tcell
-2353.5,1580.5,0,Tcell
-1584.5,1718,0,Tcell
-1673,1794.5,0,Tcell
-4786.5,2403.5,0,Tcell
-4716,2574,0,Tcell
-4585.5,2650.5,0,Tcell
-4518,2667,0,Tcell
-4400,2677.5,0,Tcell
-4429.5,2714,0,Tcell
-3948,3036.5,0,Tcell
-3195,2376.5,0,Tcell
-3111,2376.5,0,Tcell
-3105,2459,0,Tcell
-3169,2532,0,Tcell
-3221.5,2626,0,Tcell
-3176.5,2682.5,0,Tcell
-3517,2995.5,0,Tcell
-3532,3016,0,Tcell
-3716,3030.5,0,Tcell
-3534.5,3035.5,0,Tcell
-3711.5,3043,0,Tcell
-3488.5,3061.5,0,Tcell
-3468,3089,0,Tcell
-3460.5,3114,0,Tcell
-3447,3142.5,0,Tcell
-3431.5,3160.5,0,Tcell
-2847.5,2825.5,0,Tcell
-2873,3089.5,0,Tcell
-2866,3116.5,0,Tcell
-5043,3610,0,Tcell
-3418.5,3207,0,Tcell
-3435,3230.5,0,Tcell
-3400.5,3241,0,Tcell
-3430.5,3252.5,0,Tcell
-3403,3262,0,Tcell
-3428.5,3281.5,0,Tcell
-3412.5,3273,0,Tcell
-3669,3444,0,Tcell
-5296,4094,0,Tcell
-4073,4111,0,Tcell
-4250,4275,0,Tcell
-4494.5,4566,0,Tcell
-3865,4683.5,0,Tcell
-4471.5,4998,0,Tcell
-4488.5,5075,0,Tcell
-4426.5,5168.5,0,Tcell
4890.5,-5584,0,TU
4920.5,-5578,0,TU
4824.5,-5570.5,0,TU
4788,-5569.5,0,TU
4907.5,-5560,0,TU
4888,-5559,0,TU
4809,-5559,0,TU
4875,-5557.5,0,TU
4950,-5552,0,TU
4913.5,-5551.5,0,TU
4768.5,-5551.5,0,TU
4736.5,-5551,0,TU
4715.5,-5550.5,0,TU
4981.5,-5545,0,TU
4802,-5539.5,0,TU
5008,-5533.5,0,TU
4927,-5533,0,TU
5084.5,-5531,0,TU
4984.5,-5529,0,TU
4768,-5528.5,0,TU
5107,-5523,0,TU
5071,-5523,0,TU
4804.5,-5521.5,0,TU
4784,-5521,0,TU
4912.5,-5518.5,0,TU
4716.5,-5518,0,TU
4673,-5513,0,TU
4649.5,-5505,0,TU
4704,-5504.5,0,TU
4869,-5502,0,TU
4663.5,-5479.5,0,TU
4623,-5476,0,TU
4897.5,-5473.5,0,TU
4612.5,-5470,0,TU
4586,-5468.5,0,TU
4772.5,-5464,0,TU
4598,-5449,0,TU
4649.5,-5446.5,0,TU
4581.5,-5438.5,0,TU
4592,-5415,0,TU
4601.5,-5386.5,0,TU
4590,-5370.5,0,TU
4575,-5352.5,0,TU
4782.5,-5324.5,0,TU
4765.5,-5300,0,TU
4507.5,-5296,0,TU
4691,-5279.5,0,TU
4494,-5275.5,0,TU
5204,-5256.5,0,TU
5188.5,-5252.5,0,TU
4763,-5242,0,TU
5163.5,-5241,0,TU
5144.5,-5225,0,TU
5235.5,-5221.5,0,TU
4336.5,-5187.5,0,TU
4926,-5165,0,TU
4703.5,-5164.5,0,TU
5210,-5161,0,TU
4559.5,-5152.5,0,TU
5138,-5151,0,TU
5240.5,-5147.5,0,TU
4537,-5138.5,0,TU
4874,-5133,0,TU
5006,-5132,0,TU
5213,-5131,0,TU
4627.5,-5129,0,TU
4563.5,-5128,0,TU
5195,-5124.5,0,TU
5036.5,-5118,0,TU
5242,-5118,0,TU
5214,-5110.5,0,TU
5068.5,-5109.5,0,TU
4875,-5106,0,TU
4974.5,-5104.5,0,TU
5235.5,-5104.5,0,TU
5158,-5103,0,TU
4917.5,-5103,0,TU
5137.5,-5101.5,0,TU
4763,-5101,0,TU
4602,-5101,0,TU
5118,-5099.5,0,TU
5218,-5097,0,TU
5169,-5096,0,TU
5096.5,-5095.5,0,TU
5043.5,-5095,0,TU
4854,-5091.5,0,TU
4938,-5090.5,0,TU
4484,-5089.5,0,TU
4962,-5086.5,0,TU
4441,-5086,0,TU
5059,-5084,0,TU
4462.5,-5083.5,0,TU
4902,-5082,0,TU
4505,-5080,0,TU
5142,-5080,0,TU
4181.5,-5077.5,0,TU
4416,-5075,0,TU
5010.5,-5074,0,TU
4847.5,-5073.5,0,TU
4810.5,-5073,0,TU
5156,-5071.5,0,TU
5214,-5071,0,TU
4753,-5068,0,TU
4473,-5066,0,TU
5074.5,-5066,0,TU
4894.5,-5065.5,0,TU
4521,-5064.5,0,TU
4965.5,-5062.5,0,TU
5180.5,-5061.5,0,TU
4366.5,-5060,0,TU
4394.5,-5060,0,TU
4869.5,-5059.5,0,TU
4544.5,-5058.5,0,TU
4837,-5058,0,TU
4857.5,-5057.5,0,TU
5054.5,-5055.5,0,TU
4573,-5055,0,TU
4328,-5053.5,0,TU
5220.5,-5053.5,0,TU
5026,-5053.5,0,TU
4913,-5052.5,0,TU
4883.5,-5051,0,TU
4261,-5049,0,TU
4996.5,-5046.5,0,TU
5286,-5046.5,0,TU
4453,-5045,0,TU
4941,-5043.5,0,TU
4821,-5043.5,0,TU
4843.5,-5043.5,0,TU
4905,-5039.5,0,TU
5155,-5039.5,0,TU
4867.5,-5036.5,0,TU
4757,-5034.5,0,TU
4801,-5033,0,TU
4483,-5033,0,TU
4966.5,-5031,0,TU
5095,-5029,0,TU
4848.5,-5029,0,TU
4893,-5028,0,TU
4396.5,-5027.5,0,TU
5074,-5026.5,0,TU
5041.5,-5026,0,TU
4721,-5024,0,TU
5017.5,-5023.5,0,TU
5218,-5023.5,0,TU
4816,-5023,0,TU
4744.5,-5022,0,TU
4356,-5021.5,0,TU
4870,-5019.5,0,TU
4835.5,-5018,0,TU
4297.5,-5017.5,0,TU
4696.5,-5016.5,0,TU
4851,-5015,0,TU
4331,-5015,0,TU
4887.5,-5010.5,0,TU
4372.5,-5007,0,TU
4156,-5006.5,0,TU
5062.5,-5006.5,0,TU
5030,-5006,0,TU
5175,-5005,0,TU
4903.5,-5004.5,0,TU
5088.5,-5004,0,TU
4842,-5003.5,0,TU
5149.5,-5002.5,0,TU
4678,-5002.5,0,TU
4961,-5002,0,TU
4877.5,-5001,0,TU
5046,-4998.5,0,TU
4344,-4996.5,0,TU
4767,-4996,0,TU
4866,-4995.5,0,TU
4174,-4993.5,0,TU
4792,-4993.5,0,TU
4423.5,-4993.5,0,TU
4914.5,-4992,0,TU
5015,-4991,0,TU
5243,-4990,0,TU
5032.5,-4987,0,TU
4821,-4985.5,0,TU
5078.5,-4985.5,0,TU
4849,-4985,0,TU
4572,-4983,0,TU
4153,-4981.5,0,TU
5163,-4981,0,TU
4195,-4980.5,0,TU
4636.5,-4979,0,TU
4940.5,-4976.5,0,TU
4177,-4976,0,TU
4667.5,-4974.5,0,TU
5049,-4974,0,TU
5177,-4973,0,TU
4894,-4972.5,0,TU
4872,-4971.5,0,TU
5219,-4971.5,0,TU
4647.5,-4970.5,0,TU
4733.5,-4970.5,0,TU
4790,-4970.5,0,TU
4141,-4968.5,0,TU
4447.5,-4966.5,0,TU
5163,-4965.5,0,TU
4592,-4964.5,0,TU
4473,-4964,0,TU
5023.5,-4964,0,TU
4853,-4963.5,0,TU
5091,-4963,0,TU
4181,-4961,0,TU
5061.5,-4960,0,TU
4564.5,-4959,0,TU
4166.5,-4955,0,TU
5108,-4953,0,TU
4684,-4952,0,TU
4201.5,-4951.5,0,TU
5012,-4950.5,0,TU
4754,-4950.5,0,TU
4441.5,-4949.5,0,TU
5169,-4949.5,0,TU
5187,-4949,0,TU
4629.5,-4947.5,0,TU
4788.5,-4946.5,0,TU
4813,-4946.5,0,TU
4379.5,-4944,0,TU
4154,-4943,0,TU
4466.5,-4943,0,TU
4651.5,-4943,0,TU
4862,-4941.5,0,TU
4180,-4941.5,0,TU
4960,-4940,0,TU
5060,-4939.5,0,TU
4775,-4936.5,0,TU
4136.5,-4936.5,0,TU
4212.5,-4934,0,TU
4608,-4934,0,TU
4986.5,-4933,0,TU
4459,-4931.5,0,TU
5139,-4930,0,TU
5166,-4928.5,0,TU
4148.5,-4928.5,0,TU
4675.5,-4924,0,TU
5011.5,-4924,0,TU
4699.5,-4921,0,TU
4740.5,-4921,0,TU
4188.5,-4920,0,TU
5065,-4920,0,TU
5190.5,-4918.5,0,TU
5040,-4913.5,0,TU
4648.5,-4912.5,0,TU
4298.5,-4910.5,0,TU
4819,-4907.5,0,TU
5018,-4906,0,TU
4727,-4903.5,0,TU
4777.5,-4902,0,TU
4540,-4902,0,TU
5155,-4901.5,0,TU
4248,-4900.5,0,TU
4165,-4900.5,0,TU
4995,-4899.5,0,TU
4519.5,-4899.5,0,TU
4472,-4899,0,TU
4674,-4896,0,TU
5170,-4895,0,TU
5089.5,-4895,0,TU
4693.5,-4892.5,0,TU
4593,-4892,0,TU
5062.5,-4891.5,0,TU
4265,-4887.5,0,TU
4187.5,-4887.5,0,TU
4117.5,-4886.5,0,TU
4482.5,-4886.5,0,TU
5036.5,-4885,0,TU
5146.5,-4884.5,0,TU
4619.5,-4882.5,0,TU
4762.5,-4879.5,0,TU
4159.5,-4877,0,TU
4508,-4877,0,TU
4203.5,-4874,0,TU
4929.5,-4872,0,TU
4532.5,-4871,0,TU
5111.5,-4871,0,TU
5128,-4867,0,TU
5039,-4866,0,TU
4747.5,-4862.5,0,TU
4632.5,-4862.5,0,TU
4715.5,-4862.5,0,TU
4890,-4861,0,TU
4182,-4861,0,TU
4509.5,-4861,0,TU
4586.5,-4860,0,TU
4062.5,-4860,0,TU
4778,-4859,0,TU
4539.5,-4858,0,TU
5097.5,-4858,0,TU
4798.5,-4857.5,0,TU
5155.5,-4854.5,0,TU
4756.5,-4852.5,0,TU
4569,-4851,0,TU
5016,-4850.5,0,TU
4658,-4850,0,TU
4897.5,-4848,0,TU
5039.5,-4847,0,TU
4928.5,-4845.5,0,TU
4483.5,-4845.5,0,TU
4266.5,-4845,0,TU
4997,-4843,0,TU
4548.5,-4839.5,0,TU
5114,-4838.5,0,TU
4411,-4837.5,0,TU
5067,-4837,0,TU
4779.5,-4836.5,0,TU
4521.5,-4835.5,0,TU
4442.5,-4835,0,TU
4717,-4833,0,TU
4949.5,-4832.5,0,TU
4161.5,-4832,0,TU
4495,-4831.5,0,TU
4347,-4831,0,TU
4121,-4829.5,0,TU
4184,-4829.5,0,TU
5025.5,-4827.5,0,TU
5084.5,-4827,0,TU
4299,-4827,0,TU
4855.5,-4827,0,TU
4243,-4826.5,0,TU
4752,-4825,0,TU
4540.5,-4824,0,TU
4383,-4823,0,TU
4902,-4823,0,TU
4566.5,-4822,0,TU
4216,-4819.5,0,TU
4403,-4819.5,0,TU
5152.5,-4815,0,TU
4517.5,-4813.5,0,TU
4921,-4812,0,TU
4809.5,-4811,0,TU
4072.5,-4809.5,0,TU
4535.5,-4809,0,TU
4891.5,-4807.5,0,TU
5035.5,-4806,0,TU
4569,-4805.5,0,TU
4384,-4805.5,0,TU
4449,-4804.5,0,TU
4414,-4804,0,TU
4181,-4801.5,0,TU
5114,-4798.5,0,TU
4507.5,-4798.5,0,TU
4882.5,-4798,0,TU
4958.5,-4797.5,0,TU
4140.5,-4797,0,TU
4222.5,-4797,0,TU
4297.5,-4797,0,TU
4815,-4797,0,TU
4103,-4795.5,0,TU
4466.5,-4794.5,0,TU
4863,-4794,0,TU
4849.5,-4792.5,0,TU
4489.5,-4792.5,0,TU
5087.5,-4791.5,0,TU
4166,-4791,0,TU
4922.5,-4790,0,TU
4397,-4789,0,TU
5031.5,-4789,0,TU
4376.5,-4787,0,TU
4979.5,-4783.5,0,TU
4831.5,-4782.5,0,TU
4073,-4782,0,TU
4418.5,-4782,0,TU
4529.5,-4782,0,TU
4879,-4780,0,TU
4278,-4779,0,TU
5073.5,-4779,0,TU
4947.5,-4778.5,0,TU
4085.5,-4777.5,0,TU
4246.5,-4776,0,TU
5120,-4774.5,0,TU
4850.5,-4774.5,0,TU
4140.5,-4774,0,TU
4899.5,-4773.5,0,TU
5141.5,-4772.5,0,TU
4362,-4772,0,TU
4179.5,-4772,0,TU
4051.5,-4770,0,TU
4105,-4769.5,0,TU
4064,-4768.5,0,TU
4020.5,-4766.5,0,TU
4574.5,-4765.5,0,TU
4390,-4765,0,TU
5071.5,-4764.5,0,TU
5112,-4763.5,0,TU
4408.5,-4763,0,TU
4136,-4762,0,TU
4820.5,-4760.5,0,TU
4466,-4760.5,0,TU
4338,-4759.5,0,TU
4089.5,-4759,0,TU
5016,-4759,0,TU
4866.5,-4758,0,TU
4437,-4756,0,TU
5141,-4755,0,TU
4160.5,-4753,0,TU
4116,-4752.5,0,TU
4906,-4752,0,TU
3579.5,-4751.5,0,TU
4894.5,-4751,0,TU
4995.5,-4750.5,0,TU
4524.5,-4748.5,0,TU
4856.5,-4748,0,TU
5059.5,-4746.5,0,TU
4936.5,-4745,0,TU
4842.5,-4744.5,0,TU
4226.5,-4744,0,TU
4182.5,-4743.5,0,TU
4975.5,-4742.5,0,TU
4137,-4741.5,0,TU
4493.5,-4739,0,TU
4326.5,-4739,0,TU
5030,-4738.5,0,TU
4083,-4738,0,TU
4458,-4737.5,0,TU
5012,-4737,0,TU
3554,-4736.5,0,TU
4067,-4733,0,TU
4042.5,-4731.5,0,TU
4825,-4731.5,0,TU
4155,-4730.5,0,TU
4855,-4727.5,0,TU
4839,-4725.5,0,TU
5052,-4725.5,0,TU
4899.5,-4725,0,TU
4190,-4724,0,TU
4408,-4723.5,0,TU
4809.5,-4721.5,0,TU
4474.5,-4721.5,0,TU
4991.5,-4720,0,TU
4925,-4719.5,0,TU
5027.5,-4718,0,TU
3546,-4717.5,0,TU
4544.5,-4716,0,TU
4056.5,-4713,0,TU
4078,-4712.5,0,TU
4109,-4711,0,TU
5011,-4710,0,TU
4003.5,-4709.5,0,TU
4466,-4709,0,TU
4889,-4709,0,TU
4580.5,-4708.5,0,TU
4335.5,-4708.5,0,TU
4830.5,-4708.5,0,TU
4520.5,-4708,0,TU
4379.5,-4707.5,0,TU
4443.5,-4707,0,TU
4558.5,-4706,0,TU
4172.5,-4704.5,0,TU
4028,-4703,0,TU
5060.5,-4702,0,TU
4357.5,-4700.5,0,TU
4404.5,-4699.5,0,TU
4047.5,-4699,0,TU
4480.5,-4698.5,0,TU
4815,-4696.5,0,TU
4230,-4696.5,0,TU
4062.5,-4695,0,TU
4381,-4694,0,TU
4852,-4693.5,0,TU
4891.5,-4693,0,TU
4465,-4689.5,0,TU
3538,-4689.5,0,TU
4204.5,-4687,0,TU
4446,-4686.5,0,TU
3499,-4686,0,TU
4421.5,-4686,0,TU
5010.5,-4685.5,0,TU
4874,-4684.5,0,TU
4252.5,-4684,0,TU
4324.5,-4684,0,TU
4942.5,-4684,0,TU
4483,-4683,0,TU
4508.5,-4681.5,0,TU
5057,-4681,0,TU
3525,-4681,0,TU
4176,-4680.5,0,TU
4343,-4680.5,0,TU
4900,-4679,0,TU
4809.5,-4677,0,TU
3564,-4675.5,0,TU
4841,-4674.5,0,TU
5071,-4673.5,0,TU
4010,-4673.5,0,TU
4470.5,-4672.5,0,TU
5047.5,-4672,0,TU
4377,-4672,0,TU
4856.5,-4672,0,TU
3486,-4670.5,0,TU
4453.5,-4669.5,0,TU
4429,-4669,0,TU
4070.5,-4668,0,TU
4226,-4667.5,0,TU
4397,-4666,0,TU
4828.5,-4666,0,TU
4878.5,-4665,0,TU
4495.5,-4663,0,TU
4540.5,-4662,0,TU
4257,-4661.5,0,TU
4287,-4660.5,0,TU
4899.5,-4660.5,0,TU
4437,-4660,0,TU
4563,-4659,0,TU
3512.5,-4659,0,TU
4230,-4658,0,TU
4520.5,-4656,0,TU
5002,-4655,0,TU
3463,-4654,0,TU
4471.5,-4654,0,TU
5028.5,-4653,0,TU
4932,-4653,0,TU
4985,-4652,0,TU
4333,-4647.5,0,TU
5053,-4643.5,0,TU
4010,-4643,0,TU
4966.5,-4641,0,TU
4235,-4641,0,TU
4888.5,-4639.5,0,TU
4427.5,-4638,0,TU
4389,-4637.5,0,TU
3520,-4637.5,0,TU
4915.5,-4637.5,0,TU
3456,-4637,0,TU
4044.5,-4636.5,0,TU
3980,-4634.5,0,TU
3555.5,-4633.5,0,TU
4954,-4632,0,TU
4112,-4629.5,0,TU
3497,-4629,0,TU
4985.5,-4627.5,0,TU
4483,-4626.5,0,TU
4841,-4624.5,0,TU
4320,-4623.5,0,TU
4787,-4619.5,0,TU
4096.5,-4619,0,TU
4009.5,-4616,0,TU
3428.5,-4616,0,TU
3549,-4616,0,TU
4867,-4615.5,0,TU
4238.5,-4614,0,TU
4273.5,-4613,0,TU
4299,-4612,0,TU
4458.5,-4608.5,0,TU
4841.5,-4606.5,0,TU
4248.5,-4605,0,TU
4013.5,-4602.5,0,TU
3485.5,-4601,0,TU
4117.5,-4601,0,TU
4361,-4600.5,0,TU
4347,-4599,0,TU
3411.5,-4598.5,0,TU
4032,-4597,0,TU
4517.5,-4596.5,0,TU
4379.5,-4596.5,0,TU
4489,-4594.5,0,TU
5040.5,-4592,0,TU
4266.5,-4591.5,0,TU
4179.5,-4591.5,0,TU
3544,-4588.5,0,TU
3429.5,-4587,0,TU
4082,-4585,0,TU
4456.5,-4584,0,TU
4429,-4584,0,TU
4309,-4581.5,0,TU
4351.5,-4580.5,0,TU
3435.5,-4580,0,TU
4328,-4579.5,0,TU
4845,-4579.5,0,TU
4372,-4578,0,TU
4818.5,-4575.5,0,TU
3370,-4573.5,0,TU
4016.5,-4571.5,0,TU
4041.5,-4570,0,TU
4886.5,-4570,0,TU
4918,-4568.5,0,TU
4170.5,-4566.5,0,TU
3479.5,-4564,0,TU
4310.5,-4564,0,TU
4524.5,-4563.5,0,TU
4416,-4563.5,0,TU
3521,-4562.5,0,TU
4365,-4561.5,0,TU
3385,-4560,0,TU
3340,-4558,0,TU
4343,-4556,0,TU
4831,-4554.5,0,TU
3352.5,-4554,0,TU
3369,-4553,0,TU
3427.5,-4552.5,0,TU
4377.5,-4552.5,0,TU
4398.5,-4549,0,TU
4536.5,-4548,0,TU
4818.5,-4547,0,TU
3312,-4546.5,0,TU
4313.5,-4546,0,TU
4359,-4544,0,TU
3446,-4544,0,TU
3491,-4543.5,0,TU
4965,-4542,0,TU
3518.5,-4541.5,0,TU
4138,-4541,0,TU
4413,-4540,0,TU
4455.5,-4539,0,TU
4929.5,-4538,0,TU
4907.5,-4537.5,0,TU
3387.5,-4537,0,TU
4484.5,-4535.5,0,TU
3343,-4534,0,TU
4202,-4533.5,0,TU
3430,-4533.5,0,TU
3467.5,-4533,0,TU
4029,-4533,0,TU
4939.5,-4532,0,TU
4852,-4531.5,0,TU
4375,-4528,0,TU
4341,-4527.5,0,TU
3333.5,-4526,0,TU
3404,-4525.5,0,TU
4396.5,-4525,0,TU
4424.5,-4524.5,0,TU
3455,-4520.5,0,TU
4180,-4520,0,TU
4998,-4520,0,TU
4797.5,-4519,0,TU
3413.5,-4519,0,TU
4442,-4518.5,0,TU
3548,-4517.5,0,TU
4135,-4515,0,TU
3428,-4514.5,0,TU
3445,-4514.5,0,TU
4980.5,-4514,0,TU
4377.5,-4513.5,0,TU
4488,-4513,0,TU
4751.5,-4513,0,TU
4857,-4510.5,0,TU
4781.5,-4509.5,0,TU
3499.5,-4509,0,TU
4929,-4509,0,TU
4398.5,-4508.5,0,TU
4945.5,-4508.5,0,TU
4971,-4506.5,0,TU
4737.5,-4506,0,TU
4458.5,-4505.5,0,TU
4341.5,-4505,0,TU
3300,-4505,0,TU
3350,-4504.5,0,TU
3543.5,-4504.5,0,TU
4762,-4503.5,0,TU
3528.5,-4502.5,0,TU
3367,-4501.5,0,TU
4510,-4501.5,0,TU
3326,-4501,0,TU
4173.5,-4501,0,TU
3470,-4500.5,0,TU
3419,-4500,0,TU
4060.5,-4499.5,0,TU
3399,-4498.5,0,TU
4418.5,-4498,0,TU
3274.5,-4496,0,TU
4092,-4494,0,TU
3437,-4493,0,TU
4893.5,-4492.5,0,TU
4970,-4491.5,0,TU
3513,-4491.5,0,TU
4857.5,-4491.5,0,TU
3318.5,-4490.5,0,TU
4875.5,-4490.5,0,TU
3385.5,-4490,0,TU
4195.5,-4487.5,0,TU
4941.5,-4484,0,TU
3355,-4482.5,0,TU
4166.5,-4478.5,0,TU
4847,-4478.5,0,TU
4781.5,-4478.5,0,TU
4131.5,-4477,0,TU
4888,-4477,0,TU
3419,-4476,0,TU
3371,-4475,0,TU
4073.5,-4475,0,TU
4869,-4475,0,TU
3306.5,-4474.5,0,TU
4344.5,-4473,0,TU
3233.5,-4472,0,TU
3410,-4472,0,TU
4145.5,-4471,0,TU
3323.5,-4470.5,0,TU
3442.5,-4470,0,TU
4788,-4469,0,TU
4710.5,-4468.5,0,TU
4401.5,-4467,0,TU
4879,-4464,0,TU
4835.5,-4463.5,0,TU
3459,-4462.5,0,TU
3294,-4461.5,0,TU
3359.5,-4461.5,0,TU
4451.5,-4459.5,0,TU
3387.5,-4455.5,0,TU
3412.5,-4454.5,0,TU
4363,-4453.5,0,TU
4901,-4453.5,0,TU
3428.5,-4452.5,0,TU
3315,-4452,0,TU
4868.5,-4450.5,0,TU
3447,-4446.5,0,TU
4447.5,-4445.5,0,TU
4421.5,-4444.5,0,TU
4223.5,-4443.5,0,TU
4314.5,-4442,0,TU
4182,-4441.5,0,TU
4787.5,-4440.5,0,TU
4768.5,-4440.5,0,TU
3339.5,-4439,0,TU
4891,-4438.5,0,TU
4841.5,-4437.5,0,TU
3319,-4437.5,0,TU
3364.5,-4437,0,TU
3397,-4435,0,TU
3944.5,-4434.5,0,TU
4211,-4434,0,TU
4164,-4433.5,0,TU
4426.5,-4433.5,0,TU
3245.5,-4433.5,0,TU
4717.5,-4433,0,TU
4875,-4430,0,TU
4820,-4429.5,0,TU
4390.5,-4428,0,TU
3457.5,-4427.5,0,TU
4438,-4424,0,TU
4836.5,-4423,0,TU
4265.5,-4422.5,0,TU
3425.5,-4422,0,TU
4852.5,-4422,0,TU
4291.5,-4418.5,0,TU
3967.5,-4417,0,TU
3274,-4416.5,0,TU
4754,-4413.5,0,TU
3382,-4412.5,0,TU
4725.5,-4412,0,TU
4830,-4411.5,0,TU
4771,-4410.5,0,TU
4685,-4409.5,0,TU
4341.5,-4405,0,TU
4863,-4404,0,TU
3949.5,-4404,0,TU
4807,-4403,0,TU
3361,-4403,0,TU
3858,-4402.5,0,TU
3314.5,-4398,0,TU
4821,-4395.5,0,TU
3296.5,-4394.5,0,TU
4831,-4392,0,TU
3877.5,-4388,0,TU
3941.5,-4386,0,TU
3900,-4385.5,0,TU
3254,-4383.5,0,TU
4688.5,-4376,0,TU
4768.5,-4376,0,TU
3809,-4376,0,TU
3836,-4375,0,TU
3766,-4369.5,0,TU
3853.5,-4369.5,0,TU
3925,-4367,0,TU
3876.5,-4363.5,0,TU
3906.5,-4363.5,0,TU
3400.5,-4362.5,0,TU
3707.5,-4361,0,TU
3952.5,-4361,0,TU
4774,-4359.5,0,TU
3748,-4358.5,0,TU
3266.5,-4358.5,0,TU
3333,-4356.5,0,TU
3371.5,-4356,0,TU
3847,-4353,0,TU
3828,-4351,0,TU
4679.5,-4349,0,TU
3889,-4345.5,0,TU
4825.5,-4344.5,0,TU
3300.5,-4344,0,TU
3815,-4342.5,0,TU
3929,-4342,0,TU
4844.5,-4341,0,TU
3770.5,-4337.5,0,TU
3905,-4336.5,0,TU
4804.5,-4336,0,TU
3868.5,-4336,0,TU
3747,-4333,0,TU
4633.5,-4332.5,0,TU
3791,-4330,0,TU
3952,-4329,0,TU
3365.5,-4327,0,TU
3920.5,-4324.5,0,TU
3981.5,-4324,0,TU
3388.5,-4321,0,TU
4525,-4320.5,0,TU
3898.5,-4320.5,0,TU
3956,-4320,0,TU
3861,-4316.5,0,TU
3403.5,-4314,0,TU
3780,-4312.5,0,TU
4744,-4311.5,0,TU
4072.5,-4311,0,TU
4769.5,-4308,0,TU
3977,-4306.5,0,TU
3752.5,-4303.5,0,TU
4015.5,-4303,0,TU
3823.5,-4301.5,0,TU
4651.5,-4299.5,0,TU
3843,-4299.5,0,TU
4412,-4298.5,0,TU
4598,-4298,0,TU
3881,-4297.5,0,TU
4664.5,-4296,0,TU
3859.5,-4295.5,0,TU
3986.5,-4291,0,TU
4728,-4291,0,TU
4058,-4291,0,TU
3736.5,-4289.5,0,TU
3711,-4289,0,TU
3262.5,-4285.5,0,TU
3343,-4285,0,TU
3916.5,-4284,0,TU
4585.5,-4281.5,0,TU
3378,-4281,0,TU
4029.5,-4281,0,TU
3943,-4280.5,0,TU
3759.5,-4280,0,TU
3785,-4279,0,TU
4492,-4275,0,TU
4701.5,-4274,0,TU
4462.5,-4272.5,0,TU
4612.5,-4272,0,TU
4368,-4271.5,0,TU
4388,-4267,0,TU
4626,-4265.5,0,TU
4723.5,-4264.5,0,TU
3863,-4262,0,TU
4054,-4259.5,0,TU
3303.5,-4258,0,TU
3734.5,-4257,0,TU
4590,-4256,0,TU
4730.5,-4255.5,0,TU
4441,-4254,0,TU
3930,-4252.5,0,TU
4645,-4252.5,0,TU
4034,-4252,0,TU
3982.5,-4252,0,TU
4424.5,-4251.5,0,TU
4497.5,-4251,0,TU
3375,-4251,0,TU
3748,-4249.5,0,TU
3237,-4249.5,0,TU
3764.5,-4248.5,0,TU
3414.5,-4248,0,TU
4065.5,-4244.5,0,TU
4466,-4244,0,TU
3935,-4243.5,0,TU
3403.5,-4243.5,0,TU
3963,-4243.5,0,TU
4562,-4243.5,0,TU
3388,-4243,0,TU
3857,-4242.5,0,TU
4673,-4241.5,0,TU
4513,-4239.5,0,TU
3886.5,-4239.5,0,TU
4734,-4237.5,0,TU
4052,-4235,0,TU
3818,-4232.5,0,TU
3264.5,-4232,0,TU
4616.5,-4230.5,0,TU
3365,-4229,0,TU
3435,-4229,0,TU
3740.5,-4228,0,TU
3843.5,-4227,0,TU
4572,-4225.5,0,TU
3394.5,-4224.5,0,TU
4525,-4220,0,TU
3761,-4220,0,TU
3301.5,-4218.5,0,TU
4060.5,-4217.5,0,TU
4449.5,-4217.5,0,TU
4047.5,-4216,0,TU
4594,-4216,0,TU
3946.5,-4215.5,0,TU
4680.5,-4213.5,0,TU
3809,-4210.5,0,TU
4370,-4209.5,0,TU
3283,-4208,0,TU
3747.5,-4207,0,TU
2894,-4205.5,0,TU
4494,-4205,0,TU
3374,-4205,0,TU
3352.5,-4205,0,TU
4411.5,-4203.5,0,TU
2923.5,-4203,0,TU
3413.5,-4202.5,0,TU
4517.5,-4200.5,0,TU
4222.5,-4200.5,0,TU
2874,-4200,0,TU
4430.5,-4199,0,TU
4498,-4194.5,0,TU
3949,-4194.5,0,TU
4055.5,-4194,0,TU
3748,-4193.5,0,TU
4240,-4192.5,0,TU
2940,-4192,0,TU
3840,-4191.5,0,TU
3262.5,-4190,0,TU
4581,-4189.5,0,TU
4640,-4189.5,0,TU
4001.5,-4188.5,0,TU
3386.5,-4187.5,0,TU
2900,-4184.5,0,TU
3341,-4183.5,0,TU
3956,-4183.5,0,TU
3714.5,-4183,0,TU
3372.5,-4182.5,0,TU
3310,-4180.5,0,TU
3402.5,-4178.5,0,TU
3852,-4178.5,0,TU
3734.5,-4177,0,TU
4436,-4175.5,0,TU
3037,-4175.5,0,TU
3813.5,-4174.5,0,TU
2877.5,-4174,0,TU
3289.5,-4172,0,TU
4215,-4172,0,TU
4308,-4171.5,0,TU
4360.5,-4171.5,0,TU
4502.5,-4170,0,TU
4642.5,-4167,0,TU
3993.5,-4166.5,0,TU
4623.5,-4166,0,TU
4566,-4164.5,0,TU
2954,-4163.5,0,TU
3962.5,-4161.5,0,TU
3271.5,-4159.5,0,TU
3370.5,-4158.5,0,TU
3842.5,-4158.5,0,TU
3714.5,-4157.5,0,TU
4183.5,-4157,0,TU
3784.5,-4157,0,TU
3309,-4156.5,0,TU
4452.5,-4155,0,TU
3205.5,-4154,0,TU
3929.5,-4153.5,0,TU
2900,-4153.5,0,TU
4610.5,-4152.5,0,TU
4368.5,-4149,0,TU
4402.5,-4149,0,TU
2953,-4148.5,0,TU
3234,-4145,0,TU
4545.5,-4144.5,0,TU
4565.5,-4143,0,TU
4199,-4142.5,0,TU
4478.5,-4142.5,0,TU
3318,-4142,0,TU
4274.5,-4142,0,TU
4664,-4141.5,0,TU
4356,-4141.5,0,TU
3711.5,-4141,0,TU
3888.5,-4141,0,TU
3344,-4140.5,0,TU
2973,-4140,0,TU
3964,-4139.5,0,TU
4421.5,-4139.5,0,TU
3840,-4138.5,0,TU
2907.5,-4137,0,TU
3996,-4137,0,TU
3913,-4137,0,TU
4070,-4136.5,0,TU
4391.5,-4136.5,0,TU
3267,-4136,0,TU
4258.5,-4133,0,TU
4430,-4132.5,0,TU
4533.5,-4132.5,0,TU
2825.5,-4131,0,TU
4300.5,-4130.5,0,TU
4377,-4129,0,TU
2844,-4127.5,0,TU
3810.5,-4127,0,TU
4619,-4127,0,TU
4365,-4126.5,0,TU
4566,-4125,0,TU
2924,-4124.5,0,TU
3943,-4123.5,0,TU
4595,-4123,0,TU
4511.5,-4123,0,TU
2944.5,-4122.5,0,TU
2880,-4118.5,0,TU
3828,-4117,0,TU
4581,-4116,0,TU
3388,-4116,0,TU
4252.5,-4116,0,TU
3955,-4115.5,0,TU
3253.5,-4115.5,0,TU
2974.5,-4115,0,TU
3414,-4114.5,0,TU
4427.5,-4112,0,TU
4302.5,-4111.5,0,TU
3980,-4111.5,0,TU
4365,-4110,0,TU
4008,-4109.5,0,TU
2787.5,-4108,0,TU
3726.5,-4107.5,0,TU
4604,-4106.5,0,TU
4082.5,-4105.5,0,TU
2961,-4105.5,0,TU
4503.5,-4103.5,0,TU
2928,-4103,0,TU
4553,-4102.5,0,TU
4025.5,-4100.5,0,TU
3186,-4100,0,TU
2818.5,-4100,0,TU
4100.5,-4098,0,TU
3220.5,-4098,0,TU
2915,-4097.5,0,TU
3388,-4097,0,TU
4455.5,-4097,0,TU
2838.5,-4097,0,TU
4627,-4095,0,TU
4265,-4094,0,TU
4245,-4093.5,0,TU
3293,-4092.5,0,TU
3815,-4091.5,0,TU
4511,-4090.5,0,TU
4042.5,-4087,0,TU
4211.5,-4086,0,TU
3837,-4086,0,TU
4184.5,-4085,0,TU
4608,-4084.5,0,TU
4534.5,-4084,0,TU
2770,-4083,0,TU
4338,-4082,0,TU
4118,-4081,0,TU
2737.5,-4080.5,0,TU
3963,-4080.5,0,TU
3772,-4079,0,TU
2789.5,-4078.5,0,TU
2804.5,-4078,0,TU
3904.5,-4078,0,TU
3364,-4078,0,TU
3918.5,-4078,0,TU
3650,-4077,0,TU
2901,-4075.5,0,TU
3812.5,-4075,0,TU
3341,-4075,0,TU
3000.5,-4074.5,0,TU
3869.5,-4073,0,TU
3212.5,-4072.5,0,TU
4478,-4072.5,0,TU
4242.5,-4072,0,TU
4447,-4071.5,0,TU
3028.5,-4071.5,0,TU
3989.5,-4071,0,TU
3308.5,-4070.5,0,TU
3189.5,-4070.5,0,TU
3638.5,-4070.5,0,TU
3492,-4070,0,TU
4104,-4069,0,TU
2986.5,-4068.5,0,TU
4512,-4068,0,TU
2837,-4068,0,TU
4572.5,-4067.5,0,TU
2880,-4066.5,0,TU
3827.5,-4066,0,TU
3122,-4065.5,0,TU
4426,-4062,0,TU
2771,-4059.5,0,TU
3793,-4059,0,TU
2824,-4058.5,0,TU
2807.5,-4058.5,0,TU
4398,-4058,0,TU
4460,-4056.5,0,TU
3329.5,-4056.5,0,TU
2753.5,-4056.5,0,TU
3362.5,-4056.5,0,TU
4343.5,-4056,0,TU
2735.5,-4055.5,0,TU
4043,-4053,0,TU
4147.5,-4052.5,0,TU
3221.5,-4051,0,TU
3060.5,-4050.5,0,TU
4246,-4050.5,0,TU
4097.5,-4050,0,TU
2899.5,-4050,0,TU
2779,-4049,0,TU
3728.5,-4049,0,TU
4181.5,-4048.5,0,TU
4323.5,-4047.5,0,TU
4521,-4047,0,TU
3012.5,-4046,0,TU
4498.5,-4045.5,0,TU
3638,-4045,0,TU
3035,-4044.5,0,TU
2790.5,-4043.5,0,TU
4390.5,-4043.5,0,TU
3678,-4043,0,TU
3927,-4042.5,0,TU
3494.5,-4042.5,0,TU
3609,-4042,0,TU
4166,-4040.5,0,TU
3313.5,-4040,0,TU
3656,-4038.5,0,TU
3720,-4038.5,0,TU
3974.5,-4036.5,0,TU
3887.5,-4036,0,TU
2812.5,-4035.5,0,TU
4140,-4035,0,TU
2745,-4034.5,0,TU
4004,-4034,0,TU
3870.5,-4033.5,0,TU
3703,-4033,0,TU
4126.5,-4032,0,TU
3019,-4031.5,0,TU
4100.5,-4029.5,0,TU
2982.5,-4028.5,0,TU
3206.5,-4027.5,0,TU
2781.5,-4027,0,TU
2956,-4025.5,0,TU
4255.5,-4025,0,TU
2761.5,-4024,0,TU
4466,-4023.5,0,TU
4311.5,-4023,0,TU
2903,-4022.5,0,TU
3828,-4022.5,0,TU
4487.5,-4022,0,TU
3172.5,-4021.5,0,TU
3111.5,-4021,0,TU
3010,-4020.5,0,TU
2726,-4018.5,0,TU
3538,-4018,0,TU
2993,-4016,0,TU
2976,-4016,0,TU
4082,-4015.5,0,TU
4239,-4014.5,0,TU
4211.5,-4014,0,TU
3179,-4013.5,0,TU
2724.5,-4013.5,0,TU
2772,-4012.5,0,TU
3068.5,-4012,0,TU
4442,-4009.5,0,TU
3590,-4009,0,TU
3730.5,-4008.5,0,TU
2763,-4007.5,0,TU
4263.5,-4007.5,0,TU
3042,-4007.5,0,TU
4117,-4006.5,0,TU
2745,-4006,0,TU
3788,-4005.5,0,TU
3057,-4005.5,0,TU
2891.5,-4004.5,0,TU
3517,-4003.5,0,TU
3871.5,-4003,0,TU
2850.5,-4002,0,TU
4495,-4002,0,TU
2870.5,-4000.5,0,TU
2979.5,-4000.5,0,TU
2997.5,-3999.5,0,TU
2784,-3999.5,0,TU
3305,-3999.5,0,TU
3542.5,-3997,0,TU
3975,-3996,0,TU
2752.5,-3995.5,0,TU
4239,-3993.5,0,TU
3189.5,-3993,0,TU
4217.5,-3993,0,TU
2799,-3992.5,0,TU
3864,-3990.5,0,TU
4078,-3990.5,0,TU
3220,-3989.5,0,TU
3166.5,-3988,0,TU
3006.5,-3988,0,TU
3913.5,-3986.5,0,TU
3500.5,-3985,0,TU
4022,-3984,0,TU
3466.5,-3984,0,TU
3686,-3984,0,TU
3792.5,-3983,0,TU
3028,-3982.5,0,TU
3616,-3982.5,0,TU
3131,-3982.5,0,TU
3932.5,-3981.5,0,TU
2889,-3981.5,0,TU
4107.5,-3981,0,TU
2804,-3980.5,0,TU
3857,-3980,0,TU
4053,-3980,0,TU
2858.5,-3980,0,TU
3057.5,-3979.5,0,TU
2722,-3978.5,0,TU
4315.5,-3978,0,TU
2754,-3976,0,TU
4169.5,-3975.5,0,TU
4237.5,-3974.5,0,TU
3527.5,-3972.5,0,TU
2849,-3972.5,0,TU
4081,-3972.5,0,TU
2957,-3971,0,TU
2974.5,-3970.5,0,TU
3580,-3970,0,TU
2939,-3969.5,0,TU
3422.5,-3969,0,TU
3715,-3969,0,TU
3565.5,-3968,0,TU
2780.5,-3968,0,TU
3014.5,-3968,0,TU
3755,-3967,0,TU
2896,-3967,0,TU
3676.5,-3967,0,TU
2927.5,-3964,0,TU
3097,-3963,0,TU
3450.5,-3961.5,0,TU
4382.5,-3961.5,0,TU
3734.5,-3961,0,TU
3700.5,-3960.5,0,TU
4317.5,-3960,0,TU
3541,-3959.5,0,TU
2716,-3959,0,TU
3586.5,-3958,0,TU
4239.5,-3958,0,TU
4037,-3957.5,0,TU
3517,-3957,0,TU
2696.5,-3955,0,TU
3660.5,-3954.5,0,TU
2983,-3954,0,TU
2772,-3954,0,TU
3876.5,-3952,0,TU
2841,-3951.5,0,TU
3678.5,-3951.5,0,TU
3637.5,-3951,0,TU
4119.5,-3951,0,TU
4061,-3950,0,TU
4084.5,-3950,0,TU
4160.5,-3950,0,TU
2867,-3949.5,0,TU
2954.5,-3948.5,0,TU
2888,-3948,0,TU
3724.5,-3948,0,TU
3890.5,-3947.5,0,TU
3821,-3946,0,TU
2737,-3945,0,TU
4373.5,-3945,0,TU
3848.5,-3945,0,TU
3065,-3944,0,TU
3747.5,-3943.5,0,TU
3714,-3943,0,TU
3249,-3943,0,TU
3428,-3943,0,TU
3940,-3941.5,0,TU
4335.5,-3941,0,TU
4485,-3940,0,TU
2820,-3939,0,TU
2950.5,-3939,0,TU
2768.5,-3938.5,0,TU
4131.5,-3938,0,TU
3099.5,-3937.5,0,TU
4046.5,-3937.5,0,TU
3612,-3936.5,0,TU
2751,-3936.5,0,TU
2900.5,-3936,0,TU
2860.5,-3936,0,TU
4075.5,-3936,0,TU
3684,-3935,0,TU
2934.5,-3934.5,0,TU
2969.5,-3934,0,TU
3810,-3931,0,TU
3159,-3929,0,TU
2804.5,-3929,0,TU
3232,-3928.5,0,TU
2841,-3928,0,TU
4251,-3927.5,0,TU
2779,-3927,0,TU
2995.5,-3926,0,TU
3206,-3926,0,TU
4017.5,-3925.5,0,TU
4112,-3925,0,TU
3652,-3925,0,TU
4434.5,-3925,0,TU
4305.5,-3924,0,TU
3904.5,-3924,0,TU
3568,-3923.5,0,TU
3624.5,-3923,0,TU
3248,-3922.5,0,TU
3960,-3922.5,0,TU
3509,-3922.5,0,TU
3883.5,-3922,0,TU
2824,-3922,0,TU
3485.5,-3919.5,0,TU
3596,-3919.5,0,TU
3532.5,-3919,0,TU
2860.5,-3919,0,TU
4193.5,-3916.5,0,TU
3686,-3916.5,0,TU
2789.5,-3915.5,0,TU
2947.5,-3915.5,0,TU
3812,-3914.5,0,TU
4077,-3914.5,0,TU
3512.5,-3913.5,0,TU
2902.5,-3913.5,0,TU
3108.5,-3913,0,TU
4266,-3912.5,0,TU
3935.5,-3912,0,TU
2758,-3911.5,0,TU
2981.5,-3911,0,TU
2871.5,-3911,0,TU
3922.5,-3910,0,TU
2834.5,-3909.5,0,TU
3045.5,-3909,0,TU
3548,-3909,0,TU
3978,-3908.5,0,TU
3587,-3908.5,0,TU
2732,-3908,0,TU
3144.5,-3908,0,TU
3127.5,-3907,0,TU
3632,-3906.5,0,TU
3474,-3906.5,0,TU
4426,-3906.5,0,TU
4245,-3906,0,TU
4113.5,-3904.5,0,TU
3413,-3903,0,TU
2912,-3903,0,TU
3195.5,-3903,0,TU
2844,-3903,0,TU
4000.5,-3902.5,0,TU
3562.5,-3902.5,0,TU
3230,-3902,0,TU
3879,-3902,0,TU
3443,-3901,0,TU
4285,-3901,0,TU
2810.5,-3900,0,TU
2955.5,-3900,0,TU
4409.5,-3899,0,TU
3956.5,-3898.5,0,TU
3520,-3895,0,TU
2768.5,-3895,0,TU
4063.5,-3895,0,TU
3168,-3894,0,TU
2739.5,-3894,0,TU
3909,-3894,0,TU
3097,-3894,0,TU
3737.5,-3893,0,TU
3206,-3892.5,0,TU
3811.5,-3891.5,0,TU
4023.5,-3891.5,0,TU
2871,-3890.5,0,TU
3589.5,-3889.5,0,TU
3685.5,-3889.5,0,TU
3618,-3889.5,0,TU
4207.5,-3889,0,TU
3787,-3887,0,TU
3827.5,-3887,0,TU
3038,-3886,0,TU
3510.5,-3886,0,TU
3485,-3886,0,TU
3763.5,-3885,0,TU
3569,-3884,0,TU
2999.5,-3884,0,TU
2811.5,-3883.5,0,TU
3691.5,-3883.5,0,TU
3648.5,-3883,0,TU
3020.5,-3883,0,TU
2842,-3881,0,TU
3250.5,-3880.5,0,TU
3462.5,-3880.5,0,TU
2728,-3879.5,0,TU
3607,-3879,0,TU
2507.5,-3878.5,0,TU
4056.5,-3878,0,TU
4171,-3877.5,0,TU
4087.5,-3877.5,0,TU
4295,-3877,0,TU
3886,-3876.5,0,TU
4003,-3876.5,0,TU
4218,-3876,0,TU
3841.5,-3876,0,TU
3132,-3875,0,TU
4187.5,-3875,0,TU
2911,-3875,0,TU
3227,-3874,0,TU
3153,-3874,0,TU
3914.5,-3874,0,TU
4024.5,-3873,0,TU
2956,-3872.5,0,TU
3527.5,-3871.5,0,TU
3043,-3871,0,TU
3813,-3871,0,TU
2810,-3870.5,0,TU
3936,-3870,0,TU
3866,-3869.5,0,TU
3194.5,-3869.5,0,TU
2931.5,-3866.5,0,TU
2867.5,-3866,0,TU
4150.5,-3864.5,0,TU
3545,-3864,0,TU
4122.5,-3863.5,0,TU
3021.5,-3863.5,0,TU
4207.5,-3863,0,TU
3476,-3862.5,0,TU
2852,-3862.5,0,TU
3677.5,-3862,0,TU
4272.5,-3861.5,0,TU
3711.5,-3861,0,TU
2749.5,-3860.5,0,TU
3751.5,-3860.5,0,TU
2788.5,-3860,0,TU
3506.5,-3859,0,TU
3887,-3858,0,TU
4377,-3857.5,0,TU
4082,-3857,0,TU
3789.5,-3856.5,0,TU
4105,-3856,0,TU
3559.5,-3856,0,TU
3126.5,-3855.5,0,TU
3913,-3854.5,0,TU
2764.5,-3854.5,0,TU
4185.5,-3853.5,0,TU
4024,-3853.5,0,TU
3152.5,-3853,0,TU
4073.5,-3852.5,0,TU
3539.5,-3852,0,TU
3463.5,-3852,0,TU
2820,-3852,0,TU
3764,-3849,0,TU
2797,-3849,0,TU
3491,-3849,0,TU
3828.5,-3847.5,0,TU
4121,-3847.5,0,TU
3938.5,-3846.5,0,TU
3726,-3846,0,TU
3989,-3845.5,0,TU
2917,-3845.5,0,TU
4311,-3845.5,0,TU
4135.5,-3844.5,0,TU
4209,-3844.5,0,TU
4338,-3843.5,0,TU
2880.5,-3843,0,TU
3518.5,-3842.5,0,TU
2842,-3842,0,TU
2863,-3842,0,TU
2455.5,-3841,0,TU
3035,-3841,0,TU
3595,-3841,0,TU
4153.5,-3840.5,0,TU
2897.5,-3840,0,TU
2943.5,-3840,0,TU
3013,-3840,0,TU
3575,-3840,0,TU
3902,-3838,0,TU
3745.5,-3838,0,TU
3066,-3838,0,TU
4261,-3837.5,0,TU
2740.5,-3836,0,TU
4173,-3835.5,0,TU
3480.5,-3835,0,TU
2985,-3835,0,TU
4219.5,-3834,0,TU
3505.5,-3834,0,TU
3678.5,-3832.5,0,TU
4284,-3831.5,0,TU
3091,-3831,0,TU
3154.5,-3830.5,0,TU
2511,-3830,0,TU
2770,-3830,0,TU
3111,-3830,0,TU
3428.5,-3829.5,0,TU
3566,-3829,0,TU
2877,-3828.5,0,TU
3590,-3828,0,TU
3658.5,-3828,0,TU
3841.5,-3827.5,0,TU
2469.5,-3827,0,TU
4054,-3825,0,TU
4079,-3823.5,0,TU
3933.5,-3823.5,0,TU
2529.5,-3823.5,0,TU
3972.5,-3823.5,0,TU
4305.5,-3822,0,TU
4118.5,-3821,0,TU
3054.5,-3821,0,TU
3117.5,-3821,0,TU
2786,-3820.5,0,TU
2852,-3820.5,0,TU
3794.5,-3820.5,0,TU
3899,-3819.5,0,TU
2892,-3819,0,TU
3884,-3819,0,TU
4097.5,-3818.5,0,TU
2478,-3818,0,TU
2441.5,-3817.5,0,TU
4334.5,-3817.5,0,TU
3506,-3817.5,0,TU
3944.5,-3817,0,TU
3579.5,-3816,0,TU
3641,-3814.5,0,TU
3077,-3814.5,0,TU
3761.5,-3814,0,TU
3482.5,-3813.5,0,TU
2875.5,-3812.5,0,TU
4273,-3812.5,0,TU
3041.5,-3811.5,0,TU
3148.5,-3809.5,0,TU
3961,-3808,0,TU
4130,-3808,0,TU
3592,-3806.5,0,TU
3569.5,-3805.5,0,TU
3172,-3805.5,0,TU
2500.5,-3805.5,0,TU
4173,-3804.5,0,TU
4299,-3803.5,0,TU
3630.5,-3803.5,0,TU
2533.5,-3803,0,TU
3706,-3802.5,0,TU
3600,-3802.5,0,TU
3155.5,-3802,0,TU
3732,-3800.5,0,TU
3665,-3800.5,0,TU
3059,-3800,0,TU
3688.5,-3798,0,TU
2853.5,-3797.5,0,TU
4143,-3797.5,0,TU
4062.5,-3797,0,TU
2794,-3796.5,0,TU
2900,-3795,0,TU
4321.5,-3795,0,TU
3982.5,-3794.5,0,TU
4201,-3794.5,0,TU
4363.5,-3794,0,TU
4167,-3793,0,TU
2816.5,-3792.5,0,TU
3119.5,-3791.5,0,TU
3750,-3791.5,0,TU
3568.5,-3790,0,TU
2481.5,-3790,0,TU
4246.5,-3789,0,TU
2874.5,-3789,0,TU
2575.5,-3788.5,0,TU
2544,-3787,0,TU
3493.5,-3787,0,TU
3605.5,-3787,0,TU
3262.5,-3787,0,TU
4125.5,-3787,0,TU
2773,-3786.5,0,TU
2502.5,-3786,0,TU
2523,-3786,0,TU
3947.5,-3786,0,TU
3785.5,-3785.5,0,TU
3012,-3782.5,0,TU
3468,-3782,0,TU
3150.5,-3781.5,0,TU
3178.5,-3781,0,TU
3438,-3780.5,0,TU
3816.5,-3780,0,TU
3250,-3779.5,0,TU
3094,-3778,0,TU
3541.5,-3777.5,0,TU
4087.5,-3777,0,TU
3219.5,-3777,0,TU
3867.5,-3776.5,0,TU
3624,-3774,0,TU
2826.5,-3773,0,TU
4057,-3772.5,0,TU
2427.5,-3772.5,0,TU
3939.5,-3772.5,0,TU
3673,-3770.5,0,TU
3694.5,-3770,0,TU
3848.5,-3769,0,TU
3569.5,-3769,0,TU
3903,-3768.5,0,TU
3731.5,-3767,0,TU
2540.5,-3767,0,TU
3818,-3766.5,0,TU
3770.5,-3766.5,0,TU
3636.5,-3765,0,TU
2484,-3764.5,0,TU
3709,-3764.5,0,TU
3123,-3764.5,0,TU
2868.5,-3763,0,TU
3232,-3763,0,TU
2515.5,-3762,0,TU
3259,-3761.5,0,TU
2449,-3761.5,0,TU
4152.5,-3761,0,TU
4021,-3760.5,0,TU
3542.5,-3760,0,TU
3582.5,-3759.5,0,TU
4267.5,-3759,0,TU
3742.5,-3759,0,TU
2502.5,-3758.5,0,TU
4223,-3758,0,TU
3290.5,-3756.5,0,TU
3207,-3756.5,0,TU
3800,-3756.5,0,TU
2576,-3754.5,0,TU
3657.5,-3754.5,0,TU
2774,-3754.5,0,TU
3138,-3754,0,TU
4078.5,-3754,0,TU
3008,-3753.5,0,TU
3083.5,-3753.5,0,TU
4116,-3752.5,0,TU
2427,-3752.5,0,TU
4099.5,-3750.5,0,TU
3925,-3748.5,0,TU
2908.5,-3748.5,0,TU
4060,-3747.5,0,TU
2818,-3747,0,TU
4207.5,-3747,0,TU
3461.5,-3745.5,0,TU
3054.5,-3745,0,TU
3032,-3745,0,TU
3248.5,-3744.5,0,TU
3695,-3744.5,0,TU
2839,-3744,0,TU
4169.5,-3743.5,0,TU
4154,-3743,0,TU
3183,-3743,0,TU
2403.5,-3743,0,TU
2565,-3741.5,0,TU
3543,-3741,0,TU
3901,-3741,0,TU
3803.5,-3740.5,0,TU
2800.5,-3739.5,0,TU
4186.5,-3739.5,0,TU
3272,-3739.5,0,TU
3225.5,-3739,0,TU
2499.5,-3738.5,0,TU
2777.5,-3738,0,TU
3620.5,-3736.5,0,TU
4102.5,-3736.5,0,TU
2884.5,-3736,0,TU
3014,-3735,0,TU
2528.5,-3734,0,TU
3651,-3733,0,TU
3982,-3732.5,0,TU
2555.5,-3731,0,TU
3098.5,-3730,0,TU
3783,-3730,0,TU
2861.5,-3729.5,0,TU
3745,-3729.5,0,TU
4153,-3729.5,0,TU
2423.5,-3729,0,TU
4070,-3728.5,0,TU
2991.5,-3727.5,0,TU
2943.5,-3727,0,TU
3806,-3726,0,TU
3864,-3726,0,TU
2439,-3725.5,0,TU
2457.5,-3725,0,TU
2838.5,-3723.5,0,TU
3775,-3723,0,TU
3571,-3722.5,0,TU
2917.5,-3722,0,TU
2377.5,-3721,0,TU
3163.5,-3720.5,0,TU
3114.5,-3719.5,0,TU
2818.5,-3719.5,0,TU
3676.5,-3719.5,0,TU
4148.5,-3718.5,0,TU
2524.5,-3718,0,TU
2398,-3718,0,TU
3031.5,-3716,0,TU
3716,-3715.5,0,TU
2764.5,-3715.5,0,TU
2413.5,-3715,0,TU
3821,-3715,0,TU
2563,-3715,0,TU
3265.5,-3714.5,0,TU
3229.5,-3713.5,0,TU
3612.5,-3711,0,TU
4088,-3711,0,TU
3990,-3710.5,0,TU
3759,-3709.5,0,TU
3008,-3709.5,0,TU
2348.5,-3709,0,TU
3046.5,-3709,0,TU
4195.5,-3709,0,TU
3178.5,-3708.5,0,TU
2473,-3708.5,0,TU
3640,-3708,0,TU
3129,-3707,0,TU
3746.5,-3706.5,0,TU
3659.5,-3706.5,0,TU
3087,-3705.5,0,TU
3198.5,-3705.5,0,TU
3064,-3705,0,TU
4167.5,-3704.5,0,TU
3777.5,-3704,0,TU
3963.5,-3703.5,0,TU
2575,-3703.5,0,TU
3104.5,-3703,0,TU
3729,-3700.5,0,TU
2826.5,-3700,0,TU
3479,-3699,0,TU
4190.5,-3697.5,0,TU
2789.5,-3697.5,0,TU
3831,-3697.5,0,TU
3588.5,-3697,0,TU
2457,-3697,0,TU
4210,-3696,0,TU
2502,-3695.5,0,TU
2553,-3695,0,TU
3665.5,-3694.5,0,TU
3559,-3694.5,0,TU
2386,-3693.5,0,TU
3611.5,-3693.5,0,TU
2532,-3693,0,TU
3045,-3691.5,0,TU
2422.5,-3691.5,0,TU
2361,-3691.5,0,TU
3090.5,-3691,0,TU
2976.5,-3691,0,TU
4289.5,-3691,0,TU
4135.5,-3690.5,0,TU
2401,-3690,0,TU
4007.5,-3690,0,TU
3232.5,-3689.5,0,TU
3135.5,-3689.5,0,TU
3503,-3689.5,0,TU
3701.5,-3687.5,0,TU
2691,-3687.5,0,TU
4220.5,-3686.5,0,TU
3836.5,-3686,0,TU
4173.5,-3686,0,TU
2831,-3686,0,TU
2785,-3685.5,0,TU
3110,-3685.5,0,TU
2446,-3683,0,TU
3788,-3683,0,TU
2939,-3682.5,0,TU
3764,-3682.5,0,TU
2736,-3682,0,TU
3861,-3682,0,TU
3074.5,-3682,0,TU
2765.5,-3681,0,TU
4086,-3681,0,TU
2714,-3680.5,0,TU
2476,-3680.5,0,TU
4235,-3680,0,TU
2571,-3680,0,TU
3722.5,-3679.5,0,TU
3743,-3679.5,0,TU
3800,-3678.5,0,TU
3584.5,-3677,0,TU
3534.5,-3676,0,TU
3206.5,-3675.5,0,TU
3296.5,-3675,0,TU
3061.5,-3675,0,TU
2927.5,-3673.5,0,TU
3016.5,-3672,0,TU
2817,-3672,0,TU
2848,-3671.5,0,TU
2991,-3671,0,TU
3151,-3671,0,TU
2540,-3671,0,TU
4202.5,-3670.5,0,TU
3108,-3670,0,TU
3043,-3668.5,0,TU
3090,-3668.5,0,TU
3125.5,-3667,0,TU
2888,-3667,0,TU
2413,-3666,0,TU
3184.5,-3665.5,0,TU
2665.5,-3665,0,TU
4066,-3664.5,0,TU
2707,-3664,0,TU
3563,-3664,0,TU
3224,-3662.5,0,TU
2769.5,-3662.5,0,TU
2732.5,-3662,0,TU
2945,-3662,0,TU
4277,-3661,0,TU
2563,-3660.5,0,TU
3836.5,-3660.5,0,TU
4262.5,-3659.5,0,TU
3067,-3659,0,TU
4181.5,-3658.5,0,TU
3262.5,-3658.5,0,TU
3589,-3657.5,0,TU
3865.5,-3656.5,0,TU
2431,-3656,0,TU
2790,-3655,0,TU
3246,-3655,0,TU
4087.5,-3654.5,0,TU
2537.5,-3654.5,0,TU
2699.5,-3652,0,TU
3037.5,-3651.5,0,TU
3813.5,-3650.5,0,TU
3946,-3650,0,TU
2683.5,-3650,0,TU
3906.5,-3647,0,TU
3783.5,-3646.5,0,TU
3324.5,-3646,0,TU
3077,-3645.5,0,TU
4215.5,-3645.5,0,TU
3105,-3645,0,TU
3614.5,-3644.5,0,TU
2415,-3644,0,TU
2747,-3641,0,TU
2387,-3641,0,TU
3205,-3640.5,0,TU
4254.5,-3639.5,0,TU
2511.5,-3638.5,0,TU
2729.5,-3638.5,0,TU
3728.5,-3638.5,0,TU
3751.5,-3637.5,0,TU
2666.5,-3636.5,0,TU
3712.5,-3636,0,TU
4238.5,-3636,0,TU
2944,-3636,0,TU
4052,-3635.5,0,TU
3183,-3635.5,0,TU
3695.5,-3634,0,TU
3027,-3632.5,0,TU
2497,-3631.5,0,TU
3140,-3630.5,0,TU
3663.5,-3630.5,0,TU
4024,-3629.5,0,TU
2433.5,-3628.5,0,TU
3771,-3628.5,0,TU
2882,-3626.5,0,TU
3534.5,-3626,0,TU
4154,-3625.5,0,TU
3677,-3625.5,0,TU
3317.5,-3625.5,0,TU
3627.5,-3624,0,TU
2742.5,-3623.5,0,TU
2912.5,-3623,0,TU
3791,-3622.5,0,TU
3654.5,-3622.5,0,TU
2399,-3622,0,TU
3121,-3620.5,0,TU
4048.5,-3619.5,0,TU
2683,-3619.5,0,TU
2474.5,-3619.5,0,TU
3050.5,-3619.5,0,TU
2862.5,-3618.5,0,TU
2922,-3618.5,0,TU
3646,-3618.5,0,TU
4068.5,-3618.5,0,TU
2452,-3618,0,TU
2656.5,-3618,0,TU
3865.5,-3617.5,0,TU
3175,-3616,0,TU
2431,-3615.5,0,TU
3190,-3615,0,TU
3031,-3614.5,0,TU
3710.5,-3614,0,TU
3159.5,-3614,0,TU
3766,-3612.5,0,TU
3141,-3610.5,0,TU
2947.5,-3610.5,0,TU
2736,-3610.5,0,TU
4222,-3608.5,0,TU
3617,-3608.5,0,TU
3008,-3608,0,TU
3747.5,-3607,0,TU
3797.5,-3606.5,0,TU
3682.5,-3606.5,0,TU
3829,-3606.5,0,TU
3726.5,-3604,0,TU
2530,-3603.5,0,TU
3108.5,-3602,0,TU
3169.5,-3601.5,0,TU
2252,-3601,0,TU
3201.5,-3601,0,TU
3336.5,-3601,0,TU
3068,-3601,0,TU
3835,-3600.5,0,TU
4079,-3599.5,0,TU
2331.5,-3599,0,TU
2504.5,-3599,0,TU
3782,-3598.5,0,TU
3646,-3598,0,TU
2567,-3598,0,TU
3853,-3597.5,0,TU
4014.5,-3597.5,0,TU
3700,-3596.5,0,TU
2748,-3595.5,0,TU
3965.5,-3594.5,0,TU
2658,-3594,0,TU
3078,-3594,0,TU
2676,-3594,0,TU
2776,-3593.5,0,TU
2466,-3592.5,0,TU
2925,-3590.5,0,TU
2987,-3590.5,0,TU
3021,-3590.5,0,TU
3767.5,-3590.5,0,TU
3047,-3590.5,0,TU
3148.5,-3590,0,TU
3799.5,-3587.5,0,TU
2355.5,-3587.5,0,TU
3354,-3587.5,0,TU
3086.5,-3586.5,0,TU
2486,-3586,0,TU
3875.5,-3586,0,TU
2950,-3586,0,TU
3179.5,-3585.5,0,TU
2401.5,-3584,0,TU
3209.5,-3584,0,TU
2911,-3582.5,0,TU
2230,-3582,0,TU
2738,-3581,0,TU
3337.5,-3580.5,0,TU
2717.5,-3580,0,TU
3129,-3580,0,TU
3624,-3578.5,0,TU
3695,-3578,0,TU
3111,-3577.5,0,TU
4007,-3576.5,0,TU
3850,-3576.5,0,TU
2799.5,-3576,0,TU
3263,-3576,0,TU
3944,-3576,0,TU
2512,-3575,0,TU
2827.5,-3574,0,TU
2956,-3573.5,0,TU
3316,-3573.5,0,TU
3648.5,-3573.5,0,TU
2872.5,-3572,0,TU
3914,-3571.5,0,TU
3727,-3570,0,TU
2762.5,-3569.5,0,TU
2240.5,-3569.5,0,TU
2268.5,-3568.5,0,TU
2388,-3568,0,TU
2698.5,-3567.5,0,TU
3168,-3566,0,TU
2850.5,-3563,0,TU
2664.5,-3562.5,0,TU
4132.5,-3562.5,0,TU
4161,-3562,0,TU
2527,-3561.5,0,TU
3347,-3561.5,0,TU
2499,-3561,0,TU
2484.5,-3561,0,TU
3372.5,-3559,0,TU
2364,-3559,0,TU
3144,-3559,0,TU
2467.5,-3558,0,TU
3943.5,-3557.5,0,TU
2801.5,-3556.5,0,TU
2896,-3556,0,TU
3815.5,-3555.5,0,TU
2688,-3554.5,0,TU
3765.5,-3553.5,0,TU
3316.5,-3553,0,TU
2999,-3553,0,TU
2949.5,-3552.5,0,TU
4077.5,-3551.5,0,TU
3631,-3551,0,TU
3095.5,-3550,0,TU
4148.5,-3549.5,0,TU
2749.5,-3549.5,0,TU
2430.5,-3548.5,0,TU
3122,-3547,0,TU
3661.5,-3545.5,0,TU
2969,-3545,0,TU
2822.5,-3544.5,0,TU
2491,-3544.5,0,TU
2337.5,-3544,0,TU
2788.5,-3543.5,0,TU
3679,-3543.5,0,TU
3062,-3543,0,TU
3158.5,-3543,0,TU
4129,-3542.5,0,TU
2556.5,-3541,0,TU
3176,-3540,0,TU
2883,-3539,0,TU
3091.5,-3539,0,TU
3947.5,-3539,0,TU
3793.5,-3538.5,0,TU
2712.5,-3538.5,0,TU
2419,-3536.5,0,TU
2901.5,-3536,0,TU
3924,-3535,0,TU
2722.5,-3535,0,TU
3909,-3534,0,TU
3255.5,-3534,0,TU
3271,-3533.5,0,TU
3128,-3533.5,0,TU
4002,-3533.5,0,TU
2459.5,-3533,0,TU
4042.5,-3533,0,TU
3295.5,-3532.5,0,TU
2540.5,-3532.5,0,TU
2520.5,-3532,0,TU
2689.5,-3530.5,0,TU
3013,-3530,0,TU
2671,-3530,0,TU
3747,-3530,0,TU
2651.5,-3529.5,0,TU
2483.5,-3529.5,0,TU
2372,-3529,0,TU
2735.5,-3529,0,TU
2397.5,-3529,0,TU
2841,-3528,0,TU
3826,-3527,0,TU
3805,-3526,0,TU
2989.5,-3525,0,TU
2298,-3525,0,TU
3150.5,-3525,0,TU
2949.5,-3525,0,TU
2235,-3525,0,TU
2444.5,-3523.5,0,TU
2862.5,-3523,0,TU
3677,-3521.5,0,TU
3955,-3521.5,0,TU
3656.5,-3521.5,0,TU
3083,-3521,0,TU
3938,-3518.5,0,TU
2209,-3518,0,TU
3052.5,-3517.5,0,TU
3892,-3517,0,TU
2646.5,-3517,0,TU
2621,-3516,0,TU
2790.5,-3515.5,0,TU
2694.5,-3515,0,TU
2712.5,-3514,0,TU
2776,-3513.5,0,TU
2494,-3512.5,0,TU
3303,-3512.5,0,TU
2426.5,-3512,0,TU
3913.5,-3512,0,TU
3036.5,-3511,0,TU
2804.5,-3510.5,0,TU
3176,-3510,0,TU
2337.5,-3509,0,TU
3846.5,-3509,0,TU
3270,-3507.5,0,TU
3201,-3505,0,TU
3920.5,-3505,0,TU
3810.5,-3505,0,TU
3233,-3505,0,TU
2682,-3504.5,0,TU
2700,-3504.5,0,TU
2251,-3503.5,0,TU
3649.5,-3502.5,0,TU
2461,-3501,0,TU
2754.5,-3500.5,0,TU
3938.5,-3498,0,TU
3095,-3497,0,TU
2431.5,-3497,0,TU
2299.5,-3496,0,TU
2892,-3496,0,TU
3677.5,-3496,0,TU
2644.5,-3495.5,0,TU
3209,-3493.5,0,TU
2512,-3492.5,0,TU
3800.5,-3492,0,TU
3657.5,-3491,0,TU
3190.5,-3490.5,0,TU
3855,-3489.5,0,TU
4002,-3489,0,TU
3777,-3489,0,TU
3830,-3488.5,0,TU
2692.5,-3488.5,0,TU
2771,-3487.5,0,TU
2805.5,-3485,0,TU
3317.5,-3483,0,TU
2458,-3482.5,0,TU
2737.5,-3482.5,0,TU
3917.5,-3481.5,0,TU
2379.5,-3480.5,0,TU
2984.5,-3479.5,0,TU
2951,-3477.5,0,TU
3209,-3476.5,0,TU
2705,-3476.5,0,TU
2871,-3476.5,0,TU
2346,-3475,0,TU
3265.5,-3474.5,0,TU
3862.5,-3474,0,TU
3007.5,-3474,0,TU
3235,-3473.5,0,TU
3893,-3473,0,TU
2370.5,-3472.5,0,TU
3045.5,-3472.5,0,TU
3831,-3472.5,0,TU
2685.5,-3472,0,TU
2663,-3472,0,TU
2285.5,-3470,0,TU
2812,-3469,0,TU
2500,-3469,0,TU
3804,-3468,0,TU
2479,-3468,0,TU
2312.5,-3466,0,TU
2330,-3465,0,TU
2725.5,-3464.5,0,TU
2644,-3463,0,TU
2711,-3463,0,TU
2430,-3463,0,TU
3049.5,-3462.5,0,TU
2451.5,-3462.5,0,TU
3280.5,-3462,0,TU
4083,-3462,0,TU
3027,-3461.5,0,TU
3453,-3459,0,TU
2274,-3458.5,0,TU
3860.5,-3458,0,TU
2739.5,-3458,0,TU
3646,-3457,0,TU
2905,-3457,0,TU
2344,-3456.5,0,TU
3830,-3456.5,0,TU
2691,-3453.5,0,TU
2672,-3453,0,TU
2286.5,-3451,0,TU
2933.5,-3451,0,TU
2242,-3450,0,TU
2359,-3450,0,TU
2972,-3450,0,TU
3210,-3449.5,0,TU
4040,-3449,0,TU
2380.5,-3448.5,0,TU
3664,-3446.5,0,TU
3737,-3446,0,TU
4059,-3444.5,0,TU
3055.5,-3444,0,TU
3849,-3442,0,TU
2774,-3441.5,0,TU
2744,-3441.5,0,TU
2722.5,-3441,0,TU
2428,-3440.5,0,TU
3225.5,-3440,0,TU
3156,-3439.5,0,TU
2310.5,-3439,0,TU
3282.5,-3439,0,TU
2405.5,-3438.5,0,TU
2262.5,-3438,0,TU
3410.5,-3436.5,0,TU
3594.5,-3436,0,TU
2556,-3436,0,TU
3684.5,-3435.5,0,TU
3751.5,-3434.5,0,TU
2799,-3434,0,TU
3252,-3433,0,TU
2907.5,-3432.5,0,TU
2630.5,-3431.5,0,TU
2613,-3431,0,TU
3451,-3429,0,TU
2529,-3428,0,TU
2753.5,-3427,0,TU
3181.5,-3426,0,TU
3706.5,-3425,0,TU
2827,-3424.5,0,TU
3034,-3424.5,0,TU
3689.5,-3423.5,0,TU
2672.5,-3423.5,0,TU
2280.5,-3423,0,TU
2654.5,-3422.5,0,TU
3778.5,-3422,0,TU
3854,-3421,0,TU
3732.5,-3421,0,TU
2442.5,-3419,0,TU
3228.5,-3418.5,0,TU
3803,-3418.5,0,TU
2497,-3418.5,0,TU
3330.5,-3417,0,TU
2694.5,-3416.5,0,TU
3964.5,-3416,0,TU
3304,-3415,0,TU
3160,-3414.5,0,TU
3261,-3412.5,0,TU
3705.5,-3412.5,0,TU
2569,-3412,0,TU
2748,-3412,0,TU
3281.5,-3411.5,0,TU
2934,-3410.5,0,TU
3991.5,-3409.5,0,TU
3695.5,-3408.5,0,TU
3632,-3408.5,0,TU
3751.5,-3408.5,0,TU
3448,-3408,0,TU
3675.5,-3407.5,0,TU
3904.5,-3406,0,TU
2963,-3405.5,0,TU
2659,-3404.5,0,TU
3653,-3403.5,0,TU
2606.5,-3401,0,TU
2681.5,-3401,0,TU
2633.5,-3400.5,0,TU
3089.5,-3400,0,TU
3104,-3399.5,0,TU
2523.5,-3399.5,0,TU
2797.5,-3399.5,0,TU
2831.5,-3399.5,0,TU
2421,-3399,0,TU
3601.5,-3398.5,0,TU
3213.5,-3398,0,TU
3418,-3397.5,0,TU
2484.5,-3397.5,0,TU
3716.5,-3397.5,0,TU
3762,-3396.5,0,TU
3878.5,-3396.5,0,TU
2852,-3395.5,0,TU
2980.5,-3394.5,0,TU
3627,-3393,0,TU
3142,-3392.5,0,TU
3241.5,-3392.5,0,TU
3442,-3391,0,TU
2871.5,-3390.5,0,TU
3196,-3390.5,0,TU
3699,-3390.5,0,TU
2779,-3389.5,0,TU
2954.5,-3388,0,TU
3738.5,-3388,0,TU
2929,-3388,0,TU
3267,-3386.5,0,TU
2819.5,-3384.5,0,TU
3487.5,-3384,0,TU
2690,-3383,0,TU
3678.5,-3383,0,TU
3517,-3381.5,0,TU
2605,-3380.5,0,TU
3157,-3380,0,TU
3655,-3379.5,0,TU
2432,-3379,0,TU
3716,-3377.5,0,TU
3311,-3377.5,0,TU
3285,-3377,0,TU
3619,-3376.5,0,TU
3600.5,-3375.5,0,TU
2469.5,-3375.5,0,TU
3696.5,-3374.5,0,TU
3763.5,-3374.5,0,TU
3453,-3374,0,TU
3390.5,-3372,0,TU
3867,-3370,0,TU
3462,-3370,0,TU
2304,-3369,0,TU
2577.5,-3368.5,0,TU
2600,-3368,0,TU
3141,-3367,0,TU
2868,-3367,0,TU
3430.5,-3366,0,TU
2660,-3366,0,TU
3333,-3365.5,0,TU
3120.5,-3365.5,0,TU
3793,-3365,0,TU
2489.5,-3364.5,0,TU
3838.5,-3364.5,0,TU
3182.5,-3364,0,TU
3696.5,-3363.5,0,TU
3280.5,-3361,0,TU
3890,-3361,0,TU
3597.5,-3360.5,0,TU
2813,-3360,0,TU
3449.5,-3359.5,0,TU
3370,-3359.5,0,TU
3222.5,-3359.5,0,TU
3631,-3358.5,0,TU
2338,-3355.5,0,TU
3307.5,-3355,0,TU
3153.5,-3354.5,0,TU
3488.5,-3354.5,0,TU
3565.5,-3354.5,0,TU
3254.5,-3354,0,TU
3201.5,-3353.5,0,TU
3913,-3353,0,TU
3867,-3353,0,TU
2529.5,-3352.5,0,TU
3724,-3350,0,TU
3769.5,-3349.5,0,TU
2989,-3348.5,0,TU
2848,-3347.5,0,TU
3290,-3347,0,TU
2369.5,-3347,0,TU
3098,-3344,0,TU
2871.5,-3343,0,TU
3899.5,-3342.5,0,TU
3231,-3342,0,TU
2831,-3342,0,TU
2315.5,-3341.5,0,TU
3329,-3340,0,TU
3183.5,-3340,0,TU
3440,-3339.5,0,TU
2235,-3339,0,TU
3546.5,-3338,0,TU
3075.5,-3337.5,0,TU
3498,-3337,0,TU
2492,-3337,0,TU
3879.5,-3337,0,TU
2672.5,-3336,0,TU
2705,-3336,0,TU
3911.5,-3335,0,TU
3577,-3335,0,TU
2570.5,-3334.5,0,TU
2635.5,-3333,0,TU
2746,-3332,0,TU
3851.5,-3332,0,TU
2446,-3331.5,0,TU
2812,-3331,0,TU
3050,-3329.5,0,TU
3157.5,-3329,0,TU
3218,-3329,0,TU
3832.5,-3328.5,0,TU
3258,-3328.5,0,TU
2793,-3328,0,TU
2293.5,-3327.5,0,TU
2598.5,-3327.5,0,TU
3894,-3324.5,0,TU
3537.5,-3324,0,TU
3175.5,-3324,0,TU
3757,-3323,0,TU
3633,-3322.5,0,TU
2267,-3322,0,TU
3244,-3321.5,0,TU
3294.5,-3321.5,0,TU
3140.5,-3320.5,0,TU
3573,-3319.5,0,TU
2488.5,-3318.5,0,TU
2530.5,-3318.5,0,TU
2648.5,-3318,0,TU
2373,-3318,0,TU
3095.5,-3316,0,TU
2559.5,-3315.5,0,TU
3807,-3315.5,0,TU
3220.5,-3315.5,0,TU
2859,-3313.5,0,TU
2688,-3313.5,0,TU
3397,-3313.5,0,TU
2457.5,-3311.5,0,TU
2336.5,-3311.5,0,TU
3728.5,-3310.5,0,TU
2965.5,-3310,0,TU
3698,-3309.5,0,TU
2920,-3309.5,0,TU
3424,-3308.5,0,TU
3779,-3308,0,TU
3061.5,-3307,0,TU
3515,-3306.5,0,TU
2525,-3305.5,0,TU
3026.5,-3305.5,0,TU
2816,-3304.5,0,TU
2591.5,-3303.5,0,TU
2996,-3303.5,0,TU
3457,-3303,0,TU
3247.5,-3302,0,TU
3376,-3302,0,TU
3186,-3302,0,TU
2787,-3300.5,0,TU
2708,-3299.5,0,TU
3552,-3299.5,0,TU
2675.5,-3299.5,0,TU
2438.5,-3299,0,TU
2631.5,-3298.5,0,TU
2397,-3298.5,0,TU
3840.5,-3297.5,0,TU
3306.5,-3297.5,0,TU
3335,-3297,0,TU
2375,-3297,0,TU
2311.5,-3296.5,0,TU
2499,-3296.5,0,TU
3216,-3295,0,TU
2656,-3294,0,TU
2973.5,-3293.5,0,TU
3792,-3293.5,0,TU
2480.5,-3293.5,0,TU
3576,-3293,0,TU
2867,-3292.5,0,TU
3693.5,-3292.5,0,TU
2909,-3292,0,TU
2850.5,-3291.5,0,TU
3278.5,-3291,0,TU
3822,-3290.5,0,TU
3154,-3289.5,0,TU
2579.5,-3289.5,0,TU
2837.5,-3289,0,TU
3636.5,-3287,0,TU
2939,-3286.5,0,TU
2804.5,-3285,0,TU
3418.5,-3284,0,TU
3107.5,-3283.5,0,TU
2451.5,-3283.5,0,TU
2823.5,-3283.5,0,TU
2890,-3283.5,0,TU
3551.5,-3283,0,TU
3256.5,-3283,0,TU
2785.5,-3282.5,0,TU
2261,-3281.5,0,TU
2280.5,-3281.5,0,TU
2603.5,-3281.5,0,TU
2964,-3281.5,0,TU
3535.5,-3281,0,TU
3296.5,-3281,0,TU
3803,-3281,0,TU
2354.5,-3280.5,0,TU
3195,-3280.5,0,TU
2238,-3279.5,0,TU
3656,-3279,0,TU
2520,-3279,0,TU
3615,-3278.5,0,TU
3446,-3278.5,0,TU
2305,-3278,0,TU
2659.5,-3277,0,TU
3319.5,-3277,0,TU
2488.5,-3274,0,TU
3503,-3273,0,TU
2812,-3273,0,TU
2573.5,-3272.5,0,TU
2949.5,-3272,0,TU
3377.5,-3271.5,0,TU
2537.5,-3271.5,0,TU
3336.5,-3271.5,0,TU
2399.5,-3271,0,TU
3005,-3271,0,TU
2824.5,-3270.5,0,TU
3408.5,-3270,0,TU
3426.5,-3270,0,TU
3717.5,-3269.5,0,TU
2841,-3269.5,0,TU
2986.5,-3268.5,0,TU
3252.5,-3268,0,TU
3043.5,-3268,0,TU
3559,-3267.5,0,TU
3019.5,-3266.5,0,TU
3209.5,-3266.5,0,TU
2590.5,-3266.5,0,TU
3531,-3266,0,TU
2187.5,-3266,0,TU
2797,-3265.5,0,TU
3069.5,-3264,0,TU
3775,-3263,0,TU
2918.5,-3262.5,0,TU
3438,-3262,0,TU
3696,-3262,0,TU
3108.5,-3261.5,0,TU
3574,-3261.5,0,TU
3746.5,-3261.5,0,TU
3649,-3261,0,TU
3169,-3259.5,0,TU
3592.5,-3259.5,0,TU
2477.5,-3258.5,0,TU
2426,-3256.5,0,TU
2409.5,-3255.5,0,TU
2343,-3255.5,0,TU
3458,-3255.5,0,TU
2744,-3254,0,TU
2644,-3253.5,0,TU
3377,-3253.5,0,TU
2673,-3253,0,TU
2495.5,-3253,0,TU
3323.5,-3252.5,0,TU
2612.5,-3250.5,0,TU
2997,-3249.5,0,TU
3621.5,-3249,0,TU
3050,-3248.5,0,TU
2854,-3247.5,0,TU
3088,-3247,0,TU
2823,-3246.5,0,TU
3241.5,-3246.5,0,TU
2759,-3244.5,0,TU
3753,-3243.5,0,TU
3551,-3243.5,0,TU
3525.5,-3243,0,TU
3576,-3242.5,0,TU
2906,-3242.5,0,TU
3033.5,-3242.5,0,TU
3126,-3242.5,0,TU
2482,-3242,0,TU
3105.5,-3241.5,0,TU
3073.5,-3239.5,0,TU
3433,-3239.5,0,TU
2778.5,-3238.5,0,TU
2958.5,-3237.5,0,TU
3447.5,-3237,0,TU
3214,-3234.5,0,TU
3252.5,-3234,0,TU
3635,-3233.5,0,TU
3047.5,-3233.5,0,TU
2694.5,-3233.5,0,TU
3696,-3233,0,TU
2739.5,-3232.5,0,TU
2443,-3232,0,TU
2993,-3232,0,TU
2836.5,-3232,0,TU
2664,-3231.5,0,TU
3149,-3231,0,TU
3202.5,-3230.5,0,TU
3172,-3230,0,TU
3573.5,-3229.5,0,TU
2379.5,-3228.5,0,TU
2946.5,-3227.5,0,TU
3530.5,-3226,0,TU
2197,-3223.5,0,TU
3328,-3223,0,TU
3370.5,-3223,0,TU
2320,-3221.5,0,TU
3461,-3219.5,0,TU
2968.5,-3219.5,0,TU
3182.5,-3219,0,TU
1885,-3217.5,0,TU
3045.5,-3217.5,0,TU
3073,-3216.5,0,TU
2991.5,-3216.5,0,TU
2352,-3216,0,TU
3604.5,-3215,0,TU
2953,-3213.5,0,TU
3253,-3213,0,TU
3437.5,-3212.5,0,TU
3738.5,-3212.5,0,TU
3098,-3212,0,TU
3350.5,-3211,0,TU
2681,-3211,0,TU
2645,-3211,0,TU
2709,-3210,0,TU
3665.5,-3209,0,TU
3133.5,-3208.5,0,TU
2341.5,-3207,0,TU
3619.5,-3207,0,TU
2916,-3206.5,0,TU
2449.5,-3206.5,0,TU
2590.5,-3206.5,0,TU
3487,-3206,0,TU
3320,-3205.5,0,TU
3551,-3205.5,0,TU
3785,-3203.5,0,TU
2217,-3202.5,0,TU
3633.5,-3202.5,0,TU
2940.5,-3202.5,0,TU
3709,-3201.5,0,TU
3598.5,-3201.5,0,TU
3532.5,-3201.5,0,TU
2426,-3200,0,TU
2664.5,-3200,0,TU
3756.5,-3199.5,0,TU
3080.5,-3199.5,0,TU
2998.5,-3199,0,TU
2613.5,-3197,0,TU
3298,-3195.5,0,TU
2812,-3195,0,TU
2443,-3195,0,TU
2461.5,-3194.5,0,TU
3614,-3194.5,0,TU
2582,-3193.5,0,TU
2711,-3193,0,TU
3428,-3191.5,0,TU
2322.5,-3191,0,TU
2692.5,-3191,0,TU
2196,-3190.5,0,TU
3206,-3190,0,TU
2736,-3189.5,0,TU
3724.5,-3188.5,0,TU
3063,-3188.5,0,TU
3271,-3188.5,0,TU
3465.5,-3186.5,0,TU
2410,-3186,0,TU
3494,-3185,0,TU
3104,-3184.5,0,TU
1847,-3184,0,TU
3632.5,-3183.5,0,TU
2553.5,-3183,0,TU
2171.5,-3183,0,TU
3324.5,-3182.5,0,TU
3077,-3182,0,TU
3533.5,-3181.5,0,TU
2840,-3180,0,TU
2774.5,-3179.5,0,TU
2461.5,-3178,0,TU
3243.5,-3178,0,TU
3605.5,-3177.5,0,TU
2932.5,-3177,0,TU
2441.5,-3177,0,TU
3178.5,-3177,0,TU
2337.5,-3176.5,0,TU
2306.5,-3176.5,0,TU
2524.5,-3176,0,TU
2641,-3176,0,TU
2216.5,-3176,0,TU
2980.5,-3175,0,TU
2622,-3174,0,TU
2677,-3173.5,0,TU
3206,-3172.5,0,TU
3030,-3172.5,0,TU
3418.5,-3172,0,TU
3002.5,-3172,0,TU
1929,-3171.5,0,TU
3624.5,-3171,0,TU
2588.5,-3171,0,TU
2697.5,-3170.5,0,TU
3053.5,-3170.5,0,TU
2226.5,-3169.5,0,TU
3287.5,-3169,0,TU
2262.5,-3168,0,TU
2658.5,-3168,0,TU
1734.5,-3168,0,TU
3256,-3167.5,0,TU
2721.5,-3167,0,TU
3543,-3166,0,TU
3323,-3165.5,0,TU
3639,-3164.5,0,TU
3099,-3163.5,0,TU
2479,-3161.5,0,TU
1761,-3161.5,0,TU
2373.5,-3161,0,TU
2291.5,-3161,0,TU
3443.5,-3160.5,0,TU
2339,-3160,0,TU
3219.5,-3159,0,TU
1845,-3158.5,0,TU
2672,-3158,0,TU
2514,-3158,0,TU
2550,-3157,0,TU
3014,-3157,0,TU
3125,-3156.5,0,TU
2894,-3155.5,0,TU
1829,-3154.5,0,TU
2450,-3153,0,TU
3391,-3152.5,0,TU
2726.5,-3151.5,0,TU
3331,-3151.5,0,TU
2592,-3151.5,0,TU
2632.5,-3151,0,TU
3254,-3151,0,TU
3204,-3150,0,TU
3421,-3150,0,TU
2572,-3150,0,TU
2654,-3150,0,TU
2850,-3150,0,TU
3047,-3149.5,0,TU
3039.5,-3148.5,0,TU
3237,-3148.5,0,TU
2613.5,-3148,0,TU
3178.5,-3148,0,TU
2751,-3147,0,TU
2506.5,-3147,0,TU
2332,-3147,0,TU
2437.5,-3144.5,0,TU
2215,-3144.5,0,TU
3279,-3144,0,TU
2678,-3143.5,0,TU
3443.5,-3143.5,0,TU
2959,-3143,0,TU
3357.5,-3142.5,0,TU
3009,-3142,0,TU
3411,-3141.5,0,TU
2475,-3141.5,0,TU
3376.5,-3141.5,0,TU
2403,-3141,0,TU
1925.5,-3140,0,TU
2539.5,-3140,0,TU
3220.5,-3139.5,0,TU
2275.5,-3137.5,0,TU
2604,-3136,0,TU
2637.5,-3135.5,0,TU
3003.5,-3135,0,TU
3068,-3134.5,0,TU
1825,-3134,0,TU
2702.5,-3134,0,TU
2721.5,-3133.5,0,TU
3298,-3133.5,0,TU
2320.5,-3133.5,0,TU
2765.5,-3132.5,0,TU
3455.5,-3132.5,0,TU
3198.5,-3132,0,TU
2656,-3131,0,TU
3632.5,-3130.5,0,TU
2296.5,-3130,0,TU
3139,-3129.5,0,TU
2738.5,-3129,0,TU
3166.5,-3128,0,TU
3082,-3127.5,0,TU
2581.5,-3127,0,TU
3330.5,-3126.5,0,TU
3211,-3126,0,TU
3425.5,-3126,0,TU
1893.5,-3126,0,TU
3526.5,-3125.5,0,TU
3612.5,-3125,0,TU
2980,-3125,0,TU
3250.5,-3124.5,0,TU
3094.5,-3124,0,TU
2479.5,-3124,0,TU
2684,-3123,0,TU
3439,-3120.5,0,TU
2560,-3120,0,TU
2496.5,-3119,0,TU
3661.5,-3118.5,0,TU
3118.5,-3118,0,TU
2671.5,-3118,0,TU
3384.5,-3117.5,0,TU
2543,-3117.5,0,TU
3510.5,-3117.5,0,TU
3401,-3117,0,TU
2521.5,-3116.5,0,TU
3277,-3115.5,0,TU
2738.5,-3115,0,TU
2863,-3115,0,TU
3063,-3115,0,TU
2599,-3114,0,TU
2766.5,-3113,0,TU
3468.5,-3113,0,TU
2620.5,-3113,0,TU
3328,-3112.5,0,TU
3190.5,-3112,0,TU
2888,-3111.5,0,TU
2148.5,-3109.5,0,TU
3420.5,-3109,0,TU
2692,-3107.5,0,TU
1802,-3106.5,0,TU
2538,-3106.5,0,TU
2662.5,-3105.5,0,TU
2640,-3105.5,0,TU
3048.5,-3105,0,TU
1768.5,-3105,0,TU
2333,-3104.5,0,TU
3209.5,-3103.5,0,TU
3237.5,-3102.5,0,TU
3370.5,-3102,0,TU
2573,-3100.5,0,TU
3442,-3100,0,TU
3351,-3099.5,0,TU
3406.5,-3099,0,TU
2282,-3099,0,TU
1798.5,-3099,0,TU
3077.5,-3098.5,0,TU
2368.5,-3098,0,TU
3174.5,-3098,0,TU
3015,-3096.5,0,TU
3093.5,-3096.5,0,TU
3118,-3096.5,0,TU
3497.5,-3096,0,TU
2616.5,-3096,0,TU
2486,-3096,0,TU
1894.5,-3096,0,TU
3053.5,-3095.5,0,TU
2703,-3095,0,TU
2100.5,-3095,0,TU
3658.5,-3094.5,0,TU
3326.5,-3093.5,0,TU
3453,-3092.5,0,TU
2725.5,-3092,0,TU
2753.5,-3091.5,0,TU
2591,-3091,0,TU
2032,-3090.5,0,TU
2469.5,-3090,0,TU
2296,-3088,0,TU
2985,-3087.5,0,TU
3424,-3086.5,0,TU
2333,-3085.5,0,TU
3647,-3084.5,0,TU
2622.5,-3084,0,TU
3394.5,-3083.5,0,TU
3240.5,-3083,0,TU
1714,-3082.5,0,TU
3467.5,-3082,0,TU
1938,-3081.5,0,TU
3614,-3080.5,0,TU
3316,-3079,0,TU
2062,-3077,0,TU
2608,-3077,0,TU
3077,-3076.5,0,TU
2658,-3076.5,0,TU
2968,-3076,0,TU
1810.5,-3076,0,TU
1673.5,-3076,0,TU
2946,-3075.5,0,TU
3531,-3075,0,TU
3170.5,-3075,0,TU
3054,-3074.5,0,TU
3657.5,-3074,0,TU
3546,-3074,0,TU
1787.5,-3074,0,TU
3639.5,-3073.5,0,TU
2510.5,-3073,0,TU
2753.5,-3073,0,TU
1625,-3072.5,0,TU
3361,-3072,0,TU
3514.5,-3072,0,TU
2562,-3071.5,0,TU
3199,-3071.5,0,TU
3486.5,-3070.5,0,TU
2583.5,-3069.5,0,TU
2697,-3069,0,TU
3112.5,-3067.5,0,TU
2111.5,-3067.5,0,TU
3276.5,-3066.5,0,TU
2142.5,-3066.5,0,TU
3252,-3066.5,0,TU
1647,-3066,0,TU
3460.5,-3065,0,TU
3009.5,-3064.5,0,TU
2388,-3064,0,TU
2733.5,-3063.5,0,TU
3342,-3063.5,0,TU
1988,-3063,0,TU
2542.5,-3062,0,TU
1935.5,-3061.5,0,TU
3044,-3061.5,0,TU
2628.5,-3061,0,TU
2524,-3060.5,0,TU
1709.5,-3060,0,TU
3658.5,-3059.5,0,TU
3416.5,-3058.5,0,TU
2745.5,-3057.5,0,TU
2291.5,-3057,0,TU
3444,-3056.5,0,TU
2716,-3056,0,TU
2786,-3055.5,0,TU
1784.5,-3055.5,0,TU
3575.5,-3055.5,0,TU
2338.5,-3054.5,0,TU
2508.5,-3054,0,TU
2102.5,-3054,0,TU
1671,-3053,0,TU
2945,-3052,0,TU
3484,-3051.5,0,TU
1871,-3050.5,0,TU
2598,-3050.5,0,TU
3027.5,-3050.5,0,TU
3504.5,-3048.5,0,TU
3328.5,-3048.5,0,TU
3470.5,-3048,0,TU
2352.5,-3048,0,TU
1553.5,-3047.5,0,TU
2525,-3047,0,TU
1685.5,-3045.5,0,TU
2563.5,-3045.5,0,TU
3638.5,-3044,0,TU
3276.5,-3043.5,0,TU
3084.5,-3043,0,TU
3046.5,-3043,0,TU
2860.5,-3041.5,0,TU
1732.5,-3041.5,0,TU
3558,-3041.5,0,TU
2539.5,-3041,0,TU
1807.5,-3040.5,0,TU
2698,-3040.5,0,TU
1915.5,-3040,0,TU
1957.5,-3040,0,TU
2069.5,-3039.5,0,TU
2660.5,-3039,0,TU
1950,-3038.5,0,TU
1646.5,-3038.5,0,TU
3377.5,-3038,0,TU
2788,-3037.5,0,TU
2489.5,-3037.5,0,TU
2011.5,-3037,0,TU
3189.5,-3036.5,0,TU
3490.5,-3036.5,0,TU
1669.5,-3035.5,0,TU
3060,-3035,0,TU
3424,-3034.5,0,TU
2607.5,-3034.5,0,TU
2642.5,-3034,0,TU
3454.5,-3034,0,TU
1511,-3033.5,0,TU
3290.5,-3033.5,0,TU
2884,-3033.5,0,TU
3406,-3032.5,0,TU
3548,-3032.5,0,TU
1589.5,-3032.5,0,TU
3016,-3032,0,TU
2755.5,-3032,0,TU
1842.5,-3031.5,0,TU
2837.5,-3030.5,0,TU
1789,-3030.5,0,TU
2525,-3030,0,TU
1869.5,-3029.5,0,TU
2543.5,-3029,0,TU
2934,-3028.5,0,TU
2357,-3028,0,TU
2624.5,-3027.5,0,TU
2818,-3027,0,TU
3388.5,-3026.5,0,TU
3575,-3026.5,0,TU
3086,-3026.5,0,TU
1703,-3025.5,0,TU
2774.5,-3025.5,0,TU
2903,-3025.5,0,TU
1545.5,-3025.5,0,TU
2507.5,-3024,0,TU
3270.5,-3023.5,0,TU
3472,-3023.5,0,TU
3420,-3023,0,TU
1905,-3022.5,0,TU
1773,-3022,0,TU
2285,-3022,0,TU
3490,-3021.5,0,TU
1719.5,-3021,0,TU
1747,-3021,0,TU
2558.5,-3019.5,0,TU
1571.5,-3019.5,0,TU
3453,-3018.5,0,TU
2595,-3018.5,0,TU
1527,-3018,0,TU
2045.5,-3017.5,0,TU
2787,-3017,0,TU
2264,-3017,0,TU
3354,-3016.5,0,TU
2863,-3016,0,TU
3437,-3016,0,TU
3260,-3015,0,TU
3304,-3014.5,0,TU
2974,-3014.5,0,TU
3284,-3014,0,TU
2536,-3014,0,TU
2418.5,-3013.5,0,TU
3188,-3013.5,0,TU
2083.5,-3013,0,TU
1661,-3013,0,TU
3123,-3012,0,TU
3060,-3011.5,0,TU
3145.5,-3011,0,TU
2930,-3010,0,TU
2878.5,-3009.5,0,TU
2580.5,-3009,0,TU
3407,-3009,0,TU
3423.5,-3008.5,0,TU
3489.5,-3007.5,0,TU
2242.5,-3007,0,TU
2393.5,-3006.5,0,TU
2486,-3006,0,TU
1834,-3006,0,TU
2062.5,-3005.5,0,TU
3211,-3005.5,0,TU
3089.5,-3005,0,TU
2279,-3005,0,TU
2978.5,-3004.5,0,TU
3233,-3004.5,0,TU
2998.5,-3004,0,TU
3382.5,-3003.5,0,TU
1556.5,-3003,0,TU
2848,-3002.5,0,TU
3040,-3002.5,0,TU
2559,-3002,0,TU
2003.5,-3002,0,TU
1811.5,-3001.5,0,TU
1978,-3001,0,TU
2357.5,-3000.5,0,TU
3019,-3000,0,TU
2611.5,-3000,0,TU
2100.5,-3000,0,TU
2143,-2999,0,TU
3272,-2999,0,TU
3253.5,-2998.5,0,TU
3493,-2998.5,0,TU
2641,-2997.5,0,TU
3313,-2997.5,0,TU
1603,-2997.5,0,TU
2738.5,-2996.5,0,TU
2914.5,-2996.5,0,TU
3423,-2996.5,0,TU
2790.5,-2996,0,TU
3290,-2995.5,0,TU
1521,-2995,0,TU
2951.5,-2994.5,0,TU
2039,-2994.5,0,TU
1903.5,-2994.5,0,TU
1493.5,-2994,0,TU
2375,-2993.5,0,TU
2417,-2993.5,0,TU
2870,-2992,0,TU
3368,-2991,0,TU
3402,-2991,0,TU
3065.5,-2990.5,0,TU
2773,-2990,0,TU
2932,-2989.5,0,TU
2976.5,-2989,0,TU
2818.5,-2989,0,TU
3198,-2989,0,TU
2397.5,-2989,0,TU
2274,-2986,0,TU
3383,-2986,0,TU
2201,-2985,0,TU
2108.5,-2984.5,0,TU
3047.5,-2983.5,0,TU
3088.5,-2983.5,0,TU
1749.5,-2983,0,TU
2842.5,-2983,0,TU
2323,-2982,0,TU
2923,-2980.5,0,TU
3002.5,-2980,0,TU
3546.5,-2979,0,TU
2972,-2979,0,TU
1859.5,-2978.5,0,TU
1465,-2977.5,0,TU
2895.5,-2976.5,0,TU
2687.5,-2975,0,TU
2386.5,-2975,0,TU
3365.5,-2975,0,TU
3144.5,-2974,0,TU
3068,-2973,0,TU
2398.5,-2972.5,0,TU
2499,-2972.5,0,TU
3022,-2972,0,TU
2055,-2972,0,TU
2771,-2971,0,TU
2096.5,-2970.5,0,TU
1526.5,-2970.5,0,TU
2348.5,-2970,0,TU
2411.5,-2970,0,TU
2833,-2969.5,0,TU
2800,-2969,0,TU
3566,-2969,0,TU
2944,-2969,0,TU
2302,-2968.5,0,TU
3159.5,-2968.5,0,TU
1676.5,-2968.5,0,TU
2638,-2967.5,0,TU
2321.5,-2967,0,TU
2866,-2966.5,0,TU
1556.5,-2966.5,0,TU
1637.5,-2966.5,0,TU
1904,-2966,0,TU
3123,-2966,0,TU
2005.5,-2965.5,0,TU
2371.5,-2964.5,0,TU
1604,-2964,0,TU
2746,-2964,0,TU
2276,-2964,0,TU
2425.5,-2963,0,TU
2185,-2962,0,TU
3055,-2961.5,0,TU
1693,-2961,0,TU
2969,-2961,0,TU
3443,-2959,0,TU
2847,-2959,0,TU
3380.5,-2959,0,TU
2906,-2958.5,0,TU
3184.5,-2958,0,TU
3038,-2957.5,0,TU
2761,-2957,0,TU
2123.5,-2956,0,TU
1668.5,-2954.5,0,TU
3017.5,-2953.5,0,TU
2987,-2952.5,0,TU
3488.5,-2952.5,0,TU
3363.5,-2952.5,0,TU
1864.5,-2952.5,0,TU
3335,-2951,0,TU
1434,-2950,0,TU
3052.5,-2950,0,TU
2437.5,-2949.5,0,TU
2297.5,-2949.5,0,TU
2320,-2949,0,TU
1461,-2948.5,0,TU
2816,-2947,0,TU
1489.5,-2946.5,0,TU
2955.5,-2946,0,TU
2790.5,-2946,0,TU
2130,-2946,0,TU
2141,-2946,0,TU
3090,-2945.5,0,TU
1831,-2944.5,0,TU
3496.5,-2943.5,0,TU
1746,-2943.5,0,TU
2935.5,-2942.5,0,TU
2591,-2941.5,0,TU
1850.5,-2941,0,TU
2832,-2940,0,TU
1540,-2939.5,0,TU
2644,-2939.5,0,TU
1263.5,-2938,0,TU
3074.5,-2937.5,0,TU
3133,-2937.5,0,TU
2308.5,-2936.5,0,TU
2862,-2936.5,0,TU
2253.5,-2936.5,0,TU
2620,-2936.5,0,TU
3170,-2935.5,0,TU
2194,-2935,0,TU
1395,-2935,0,TU
3301.5,-2934.5,0,TU
1279,-2934.5,0,TU
2168,-2934,0,TU
2595.5,-2934,0,TU
1332,-2933.5,0,TU
3597.5,-2933.5,0,TU
3015,-2933,0,TU
3357.5,-2931.5,0,TU
1646,-2931,0,TU
2493,-2929,0,TU
2547.5,-2929,0,TU
2296.5,-2928,0,TU
1361.5,-2927.5,0,TU
3096.5,-2927,0,TU
2979.5,-2924.5,0,TU
3124.5,-2924,0,TU
1472.5,-2923,0,TU
1233,-2923,0,TU
3054,-2922.5,0,TU
2896,-2922,0,TU
3329.5,-2922,0,TU
1253.5,-2921.5,0,TU
2408,-2921.5,0,TU
2742,-2921,0,TU
2769.5,-2920.5,0,TU
1500,-2920.5,0,TU
1677.5,-2920.5,0,TU
3250,-2920.5,0,TU
3023.5,-2920,0,TU
2865.5,-2919,0,TU
2289.5,-2918.5,0,TU
3403,-2918,0,TU
2135.5,-2917.5,0,TU
1338.5,-2917.5,0,TU
1320,-2916.5,0,TU
1638,-2916,0,TU
1734.5,-2916,0,TU
1836,-2916,0,TU
2177.5,-2915,0,TU
3360.5,-2914.5,0,TU
2508.5,-2913.5,0,TU
2815,-2913,0,TU
1293,-2912,0,TU
3083,-2912,0,TU
2153.5,-2910,0,TU
2538,-2909.5,0,TU
2562.5,-2909,0,TU
1222.5,-2909,0,TU
1460,-2908.5,0,TU
1385,-2908.5,0,TU
1275,-2907.5,0,TU
3055,-2907,0,TU
2747,-2906,0,TU
2618,-2903.5,0,TU
3363.5,-2902.5,0,TU
2647.5,-2902.5,0,TU
2128.5,-2902,0,TU
1717.5,-2901.5,0,TU
3240,-2901.5,0,TU
2283,-2901.5,0,TU
2864,-2901.5,0,TU
1329.5,-2901,0,TU
3334,-2900.5,0,TU
1755.5,-2900.5,0,TU
1362,-2899,0,TU
1256,-2898,0,TU
3285,-2897.5,0,TU
2828,-2897,0,TU
2097.5,-2897,0,TU
3264,-2896.5,0,TU
1547,-2895.5,0,TU
1308.5,-2895,0,TU
1426.5,-2894.5,0,TU
2669.5,-2894.5,0,TU
1666,-2894,0,TU
2881.5,-2894,0,TU
3346.5,-2894,0,TU
2163,-2893.5,0,TU
2951,-2893,0,TU
1215.5,-2892.5,0,TU
2983.5,-2892.5,0,TU
1590.5,-2892.5,0,TU
3127,-2891.5,0,TU
3308,-2891,0,TU
2465.5,-2890.5,0,TU
2338.5,-2890,0,TU
2640,-2890,0,TU
3093.5,-2890,0,TU
3376.5,-2889.5,0,TU
2413.5,-2889.5,0,TU
1791,-2889.5,0,TU
3071.5,-2889,0,TU
3024,-2888.5,0,TU
2436,-2888.5,0,TU
2971,-2886.5,0,TU
3356.5,-2886.5,0,TU
2615,-2885.5,0,TU
3239,-2885.5,0,TU
2542.5,-2885.5,0,TU
2585.5,-2885,0,TU
3162.5,-2883,0,TU
1335.5,-2882,0,TU
3266,-2881.5,0,TU
3054,-2881.5,0,TU
1197.5,-2880.5,0,TU
3286.5,-2880.5,0,TU
3535,-2874.5,0,TU
2819.5,-2874,0,TU
2839.5,-2874,0,TU
1836.5,-2873.5,0,TU
2984,-2873,0,TU
2099.5,-2872.5,0,TU
2205.5,-2872.5,0,TU
1675,-2872.5,0,TU
1311.5,-2872,0,TU
2627,-2871.5,0,TU
3025.5,-2871,0,TU
3309.5,-2870,0,TU
1474.5,-2870,0,TU
2248.5,-2868.5,0,TU
3139,-2867,0,TU
1700.5,-2866.5,0,TU
3223.5,-2866,0,TU
2498,-2866,0,TU
2872,-2865,0,TU
2136,-2864.5,0,TU
1856,-2863.5,0,TU
1493.5,-2863.5,0,TU
3093.5,-2863,0,TU
2578,-2862.5,0,TU
2013,-2862,0,TU
2339,-2862,0,TU
3273,-2862,0,TU
3059,-2861,0,TU
1510.5,-2861,0,TU
2947.5,-2860.5,0,TU
3191,-2860.5,0,TU
1345.5,-2860,0,TU
2305,-2859.5,0,TU
2620.5,-2859,0,TU
3251.5,-2859,0,TU
3350,-2858.5,0,TU
3151,-2858,0,TU
2326.5,-2858,0,TU
2519,-2857.5,0,TU
1209.5,-2856.5,0,TU
2599.5,-2856.5,0,TU
2858.5,-2855.5,0,TU
2833,-2855,0,TU
2648,-2854.5,0,TU
2804,-2854.5,0,TU
2212,-2854,0,TU
2565.5,-2852.5,0,TU
3299.5,-2852.5,0,TU
1716.5,-2852.5,0,TU
2611.5,-2851.5,0,TU
3031.5,-2851,0,TU
2780.5,-2851,0,TU
3088,-2850.5,0,TU
1440.5,-2849.5,0,TU
2115,-2848,0,TU
3169.5,-2848,0,TU
1766.5,-2848,0,TU
2256,-2847.5,0,TU
2967,-2847.5,0,TU
3337,-2847,0,TU
2743,-2847,0,TU
2359,-2847,0,TU
2088.5,-2846.5,0,TU
2675.5,-2846.5,0,TU
2276.5,-2845.5,0,TU
2991,-2845.5,0,TU
2387.5,-2845,0,TU
1537.5,-2845,0,TU
2909,-2844.5,0,TU
1661.5,-2844.5,0,TU
1802.5,-2844,0,TU
3076.5,-2843.5,0,TU
1311,-2843.5,0,TU
2855.5,-2842,0,TU
3190.5,-2842,0,TU
2175,-2841.5,0,TU
3222,-2841.5,0,TU
3054,-2841,0,TU
1584.5,-2839.5,0,TU
1287,-2839,0,TU
2622.5,-2838,0,TU
1458,-2837.5,0,TU
3147,-2837.5,0,TU
2123.5,-2837,0,TU
3267,-2835.5,0,TU
3365.5,-2835,0,TU
2654,-2834.5,0,TU
1481,-2834.5,0,TU
3340.5,-2833,0,TU
3324.5,-2832.5,0,TU
3298,-2832.5,0,TU
1742,-2832,0,TU
2762.5,-2831.5,0,TU
1549.5,-2831.5,0,TU
2826.5,-2831,0,TU
3247,-2831,0,TU
1853,-2830.5,0,TU
2465,-2830.5,0,TU
3138.5,-2830,0,TU
1372.5,-2830,0,TU
1514.5,-2830,0,TU
1431,-2829.5,0,TU
3457,-2829.5,0,TU
2193,-2828,0,TU
3083,-2827.5,0,TU
2512.5,-2827.5,0,TU
2959.5,-2827.5,0,TU
2323,-2827,0,TU
1242.5,-2827,0,TU
3175,-2826.5,0,TU
2260.5,-2826.5,0,TU
1715,-2826.5,0,TU
3096,-2826,0,TU
2360.5,-2825.5,0,TU
1332.5,-2825.5,0,TU
1609.5,-2824.5,0,TU
2854.5,-2824.5,0,TU
3206,-2824,0,TU
2554.5,-2824,0,TU
3116,-2823.5,0,TU
1350,-2823.5,0,TU
2786.5,-2823,0,TU
1168.5,-2823,0,TU
2725,-2822.5,0,TU
1635.5,-2822.5,0,TU
3271.5,-2821.5,0,TU
2395,-2821,0,TU
2991.5,-2820.5,0,TU
1408,-2820,0,TU
1565,-2820,0,TU
3298.5,-2819.5,0,TU
3021,-2818.5,0,TU
1382,-2817.5,0,TU
2017.5,-2817,0,TU
3057,-2817,0,TU
1205,-2817,0,TU
3228,-2816,0,TU
2942.5,-2815,0,TU
1461,-2814.5,0,TU
1302.5,-2814,0,TU
1591,-2812.5,0,TU
2312,-2812,0,TU
3353,-2811.5,0,TU
2629,-2811,0,TU
2672.5,-2810.5,0,TU
3284.5,-2810.5,0,TU
3175,-2810.5,0,TU
2386,-2810.5,0,TU
2854,-2810,0,TU
1499,-2809.5,0,TU
3300.5,-2808,0,TU
2982,-2808,0,TU
2358.5,-2808,0,TU
3201,-2807.5,0,TU
2731.5,-2807.5,0,TU
2815.5,-2807,0,TU
1255.5,-2806.5,0,TU
2411,-2805.5,0,TU
3083.5,-2805.5,0,TU
2123,-2805,0,TU
3238.5,-2805,0,TU
3321.5,-2804.5,0,TU
2432,-2804.5,0,TU
1712.5,-2803,0,TU
2788.5,-2803,0,TU
3094.5,-2803,0,TU
1844,-2803,0,TU
1441,-2802,0,TU
1419,-2801,0,TU
1220.5,-2800.5,0,TU
3257.5,-2800.5,0,TU
3173,-2800,0,TU
2962.5,-2799,0,TU
2340.5,-2799,0,TU
2319,-2799,0,TU
1340.5,-2798.5,0,TU
3112.5,-2798,0,TU
2570.5,-2797.5,0,TU
1560.5,-2796.5,0,TU
2845,-2796.5,0,TU
1270,-2795.5,0,TU
2538,-2794,0,TU
1489,-2794,0,TU
3343,-2793.5,0,TU
1530,-2792.5,0,TU
1803.5,-2792.5,0,TU
1186.5,-2792.5,0,TU
1637,-2792,0,TU
3065.5,-2792,0,TU
2205.5,-2791.5,0,TU
3271,-2791.5,0,TU
3195.5,-2791,0,TU
2678.5,-2790,0,TU
2355,-2789,0,TU
3133,-2789,0,TU
2741,-2788,0,TU
3091.5,-2787,0,TU
3000.5,-2787,0,TU
3282,-2786,0,TU
1588.5,-2785.5,0,TU
2980.5,-2785,0,TU
1397,-2785,0,TU
3167,-2785,0,TU
2820,-2785,0,TU
2880,-2784.5,0,TU
3328,-2782,0,TU
1726.5,-2782,0,TU
2775.5,-2781,0,TU
1284.5,-2781,0,TU
3105,-2781,0,TU
2800,-2780.5,0,TU
1434.5,-2779.5,0,TU
2829.5,-2779.5,0,TU
1488,-2779.5,0,TU
2857,-2779,0,TU
2284,-2779,0,TU
3200.5,-2778.5,0,TU
2571,-2778.5,0,TU
2082.5,-2778.5,0,TU
2944,-2778.5,0,TU
2229.5,-2778.5,0,TU
1416.5,-2778,0,TU
3059,-2777.5,0,TU
1751.5,-2777,0,TU
3151.5,-2776.5,0,TU
3027,-2774.5,0,TU
3238.5,-2774,0,TU
3307.5,-2774,0,TU
1326.5,-2774,0,TU
1869.5,-2773.5,0,TU
2850,-2773,0,TU
1300.5,-2772,0,TU
3056,-2771,0,TU
3388.5,-2771,0,TU
2444.5,-2771,0,TU
1596,-2771,0,TU
2870.5,-2769,0,TU
2351,-2769,0,TU
1676.5,-2768.5,0,TU
1714,-2768,0,TU
2049,-2768,0,TU
3079.5,-2768,0,TU
1512,-2768,0,TU
2686,-2766.5,0,TU
3001,-2766,0,TU
3090.5,-2765.5,0,TU
1534,-2764.5,0,TU
1491,-2764,0,TU
2884.5,-2764,0,TU
1227,-2764,0,TU
2135,-2763.5,0,TU
2253,-2763.5,0,TU
2836.5,-2763,0,TU
3319,-2762.5,0,TU
1564,-2762.5,0,TU
3114,-2762,0,TU
3204,-2761,0,TU
2915,-2760.5,0,TU
2307,-2760.5,0,TU
3290,-2760,0,TU
2971.5,-2759,0,TU
1147,-2758.5,0,TU
1167.5,-2757,0,TU
2216.5,-2756.5,0,TU
1194.5,-2756.5,0,TU
1251,-2756,0,TU
2161,-2756,0,TU
1437,-2755,0,TU
2090,-2754,0,TU
2261,-2751,0,TU
2950.5,-2750.5,0,TU
2904,-2750.5,0,TU
1470.5,-2750,0,TU
3053,-2750,0,TU
3157.5,-2750,0,TU
2453,-2749.5,0,TU
3243,-2747,0,TU
2881,-2746.5,0,TU
1536,-2746.5,0,TU
3223.5,-2745.5,0,TU
1948,-2745.5,0,TU
1550.5,-2745,0,TU
1331,-2745,0,TU
3321,-2744.5,0,TU
1520,-2744.5,0,TU
2598,-2744,0,TU
1216,-2744,0,TU
3284,-2742,0,TU
3093,-2742,0,TU
1928,-2742,0,TU
1498.5,-2742,0,TU
1571,-2740.5,0,TU
1364,-2740,0,TU
2563.5,-2740,0,TU
1180.5,-2739,0,TU
1911.5,-2738.5,0,TU
2499,-2738.5,0,TU
3377.5,-2738,0,TU
2197.5,-2737.5,0,TU
1999,-2737,0,TU
2650,-2737,0,TU
3267.5,-2736.5,0,TU
2058,-2736.5,0,TU
3203,-2736.5,0,TU
3307.5,-2736.5,0,TU
1798.5,-2736.5,0,TU
2076.5,-2736,0,TU
2040,-2735,0,TU
2356,-2735,0,TU
3035,-2734,0,TU
3110.5,-2732.5,0,TU
2464,-2732.5,0,TU
2336.5,-2732,0,TU
1105.5,-2732,0,TU
1286,-2732,0,TU
2312.5,-2730.5,0,TU
1472.5,-2730,0,TU
2386,-2730,0,TU
1204.5,-2729.5,0,TU
2289.5,-2729,0,TU
2994.5,-2729,0,TU
3061,-2727.5,0,TU
1077,-2727.5,0,TU
1243.5,-2727,0,TU
2096.5,-2726.5,0,TU
2553.5,-2726.5,0,TU
1651,-2726.5,0,TU
3246.5,-2726,0,TU
3318,-2725.5,0,TU
1159,-2725.5,0,TU
1517.5,-2725,0,TU
2901,-2724,0,TU
2410,-2723,0,TU
2242.5,-2722.5,0,TU
2876,-2722,0,TU
2146.5,-2719.5,0,TU
1684,-2719.5,0,TU
2377.5,-2719.5,0,TU
2965,-2718.5,0,TU
2589.5,-2718,0,TU
1259.5,-2718,0,TU
1567,-2718,0,TU
1310.5,-2717.5,0,TU
1539,-2717.5,0,TU
1993,-2717.5,0,TU
1721,-2717.5,0,TU
1185,-2717,0,TU
3219,-2716,0,TU
2913.5,-2716,0,TU
2727.5,-2715.5,0,TU
2184,-2715,0,TU
3262,-2715,0,TU
3287,-2714.5,0,TU
1907.5,-2713.5,0,TU
2582,-2712.5,0,TU
2988,-2712.5,0,TU
2142.5,-2711,0,TU
2257.5,-2711,0,TU
1217,-2711,0,TU
1982.5,-2710,0,TU
1079.5,-2709.5,0,TU
1412.5,-2708,0,TU
1610,-2707.5,0,TU
2864,-2707.5,0,TU
1515,-2707,0,TU
3236,-2707,0,TU
3150.5,-2706,0,TU
1700,-2705.5,0,TU
2083,-2705,0,TU
2792.5,-2704.5,0,TU
2496.5,-2704,0,TU
2768,-2704,0,TU
3120.5,-2703.5,0,TU
2561,-2702.5,0,TU
2066,-2701,0,TU
2670.5,-2700,0,TU
1924.5,-2699,0,TU
3134,-2698.5,0,TU
2106,-2698.5,0,TU
2127.5,-2698.5,0,TU
1106.5,-2697.5,0,TU
3359.5,-2697.5,0,TU
2519,-2697.5,0,TU
3291.5,-2695,0,TU
1871,-2693.5,0,TU
1894,-2693.5,0,TU
3259,-2692,0,TU
1493.5,-2692,0,TU
1937,-2692,0,TU
2481,-2692,0,TU
1473.5,-2691.5,0,TU
1515.5,-2691,0,TU
2992,-2690.5,0,TU
3275,-2690.5,0,TU
1052,-2689.5,0,TU
2647,-2689,0,TU
2866.5,-2688,0,TU
1263,-2688,0,TU
1694,-2688,0,TU
2884.5,-2688,0,TU
2731,-2688,0,TU
2319,-2686.5,0,TU
1080.5,-2686.5,0,TU
1413,-2685.5,0,TU
2176.5,-2684,0,TU
1793.5,-2684,0,TU
1916,-2683.5,0,TU
2941,-2682.5,0,TU
1587.5,-2682,0,TU
3173,-2681.5,0,TU
2203.5,-2681.5,0,TU
3238.5,-2681,0,TU
3089.5,-2681,0,TU
2952,-2680,0,TU
2059,-2679,0,TU
2286.5,-2678.5,0,TU
1857,-2678,0,TU
2165.5,-2677.5,0,TU
1519,-2677.5,0,TU
1613.5,-2677,0,TU
1662,-2676,0,TU
2504,-2676,0,TU
2669,-2676,0,TU
1495.5,-2675.5,0,TU
1380,-2674,0,TU
1577.5,-2674,0,TU
1256.5,-2672.5,0,TU
2117,-2672.5,0,TU
1621.5,-2672,0,TU
3072,-2671.5,0,TU
3292,-2671,0,TU
2760,-2671,0,TU
2239,-2669.5,0,TU
3120.5,-2668.5,0,TU
2313.5,-2668,0,TU
2643.5,-2666,0,TU
2266,-2666,0,TU
2869,-2665.5,0,TU
3356.5,-2665.5,0,TU
2481,-2663.5,0,TU
2913,-2663.5,0,TU
3346.5,-2663.5,0,TU
3315,-2663,0,TU
3142,-2663,0,TU
2709.5,-2663,0,TU
1696.5,-2663,0,TU
3226.5,-2662.5,0,TU
3165,-2662,0,TU
2789.5,-2662,0,TU
1734.5,-2661.5,0,TU
2336,-2660.5,0,TU
1027.5,-2660,0,TU
1059,-2659.5,0,TU
2163.5,-2659.5,0,TU
1518,-2659,0,TU
2196,-2657.5,0,TU
1468.5,-2657.5,0,TU
1821.5,-2657.5,0,TU
2447,-2657.5,0,TU
1975.5,-2656.5,0,TU
1942.5,-2656.5,0,TU
2898.5,-2656,0,TU
2505.5,-2655.5,0,TU
1562.5,-2655.5,0,TU
2940,-2655,0,TU
2807,-2655,0,TU
2850.5,-2654.5,0,TU
1652.5,-2654,0,TU
2075,-2654,0,TU
2883.5,-2653,0,TU
2674.5,-2652.5,0,TU
2283,-2652.5,0,TU
1797,-2651.5,0,TU
2258.5,-2649.5,0,TU
2991,-2649,0,TU
1317.5,-2648.5,0,TU
2773.5,-2648.5,0,TU
3126.5,-2648,0,TU
3293.5,-2646,0,TU
2447.5,-2645,0,TU
3345.5,-2644.5,0,TU
1546.5,-2643.5,0,TU
3325.5,-2642.5,0,TU
3076,-2642,0,TU
1935,-2641,0,TU
1581.5,-2641,0,TU
2319,-2640.5,0,TU
1602,-2640,0,TU
2506,-2639,0,TU
1237,-2638,0,TU
1523.5,-2637.5,0,TU
1781.5,-2637,0,TU
3274,-2634,0,TU
1021,-2633.5,0,TU
2934.5,-2633.5,0,TU
3059,-2633,0,TU
3108.5,-2633,0,TU
1349.5,-2632.5,0,TU
2253,-2632.5,0,TU
1848.5,-2632.5,0,TU
1736.5,-2632,0,TU
2164.5,-2632,0,TU
1270,-2632,0,TU
2197,-2631.5,0,TU
1638.5,-2630.5,0,TU
2445.5,-2630,0,TU
1917,-2630,0,TU
1563.5,-2629.5,0,TU
3133,-2629,0,TU
1893,-2628,0,TU
1818,-2628,0,TU
1381.5,-2625,0,TU
2949.5,-2624,0,TU
1077,-2623,0,TU
1663,-2622.5,0,TU
2861.5,-2622.5,0,TU
2036,-2622,0,TU
1761.5,-2622,0,TU
3293.5,-2622,0,TU
1245,-2621.5,0,TU
1299,-2620,0,TU
2525.5,-2619.5,0,TU
2085,-2619.5,0,TU
3052.5,-2617.5,0,TU
2702,-2616,0,TU
1840,-2615.5,0,TU
1015,-2615,0,TU
2495,-2614.5,0,TU
3150.5,-2614.5,0,TU
1928,-2614,0,TU
2480,-2614,0,TU
2825.5,-2613.5,0,TU
1051,-2613,0,TU
1785.5,-2612.5,0,TU
2841.5,-2612,0,TU
2320,-2611.5,0,TU
3276.5,-2611,0,TU
2453,-2610,0,TU
3040.5,-2608.5,0,TU
2856,-2608,0,TU
2962,-2607.5,0,TU
2540.5,-2607,0,TU
1034.5,-2605.5,0,TU
1632,-2604.5,0,TU
1347.5,-2603.5,0,TU
1794.5,-2603.5,0,TU
1817.5,-2603,0,TU
2432.5,-2603,0,TU
1700,-2602.5,0,TU
3133.5,-2601.5,0,TU
2799.5,-2601,0,TU
2937.5,-2600.5,0,TU
2610.5,-2600.5,0,TU
3157,-2598.5,0,TU
1222.5,-2598,0,TU
1769,-2598,0,TU
2895,-2597.5,0,TU
1073.5,-2597.5,0,TU
2925.5,-2597.5,0,TU
2415,-2596.5,0,TU
2176.5,-2596.5,0,TU
1026,-2595.5,0,TU
3280.5,-2595,0,TU
1778.5,-2594.5,0,TU
1898.5,-2594,0,TU
3129.5,-2593,0,TU
909.5,-2593,0,TU
2113,-2592,0,TU
2830,-2591,0,TU
1824,-2590.5,0,TU
1940.5,-2590.5,0,TU
1799.5,-2590,0,TU
967.5,-2589.5,0,TU
3106.5,-2588,0,TU
2206.5,-2588,0,TU
1264.5,-2587,0,TU
1004.5,-2587,0,TU
2451,-2586,0,TU
2071,-2586,0,TU
3042,-2585.5,0,TU
2232.5,-2585,0,TU
2004.5,-2585,0,TU
1738.5,-2585,0,TU
2548.5,-2583.5,0,TU
1990.5,-2583,0,TU
2870.5,-2582.5,0,TU
1229.5,-2582,0,TU
2717,-2582,0,TU
2181,-2581,0,TU
1859.5,-2580,0,TU
2594,-2579.5,0,TU
2988,-2579.5,0,TU
3156,-2578,0,TU
1821.5,-2577.5,0,TU
3191.5,-2577,0,TU
1288.5,-2576.5,0,TU
2374,-2576,0,TU
2962.5,-2576,0,TU
1024.5,-2574.5,0,TU
1062.5,-2574,0,TU
1754.5,-2574,0,TU
3131.5,-2573.5,0,TU
2254.5,-2572.5,0,TU
1326,-2571.5,0,TU
1780,-2571,0,TU
2624.5,-2571,0,TU
938.5,-2570,0,TU
1266,-2569,0,TU
1989,-2568,0,TU
2903,-2567.5,0,TU
2528,-2566.5,0,TU
2420.5,-2566.5,0,TU
1835,-2565.5,0,TU
1802.5,-2565,0,TU
2185,-2564.5,0,TU
1169,-2563.5,0,TU
986,-2563.5,0,TU
1664,-2562,0,TU
2912,-2561,0,TU
3151.5,-2560,0,TU
968.5,-2560,0,TU
2989.5,-2560,0,TU
3011.5,-2559.5,0,TU
923,-2559.5,0,TU
3136,-2559,0,TU
1254,-2559,0,TU
1230.5,-2558.5,0,TU
2243,-2558.5,0,TU
1058,-2557,0,TU
2550.5,-2556.5,0,TU
1151.5,-2556,0,TU
3253,-2555,0,TU
865.5,-2555,0,TU
2965.5,-2551.5,0,TU
943,-2551.5,0,TU
2570.5,-2551.5,0,TU
1014.5,-2551,0,TU
888.5,-2550.5,0,TU
2873,-2550,0,TU
1611.5,-2550,0,TU
2260,-2550,0,TU
3244,-2550,0,TU
1321,-2549.5,0,TU
2826,-2549.5,0,TU
916.5,-2549.5,0,TU
1390.5,-2549,0,TU
2235.5,-2548.5,0,TU
1708.5,-2548.5,0,TU
1685.5,-2548,0,TU
2133,-2548,0,TU
1283,-2546.5,0,TU
2540.5,-2546.5,0,TU
1063.5,-2545,0,TU
1101.5,-2544,0,TU
2738,-2543.5,0,TU
2305,-2543,0,TU
1082,-2542.5,0,TU
1265.5,-2542.5,0,TU
997,-2542.5,0,TU
1369.5,-2542,0,TU
980,-2541.5,0,TU
2808,-2541.5,0,TU
2523,-2540.5,0,TU
2889,-2540.5,0,TU
2184,-2540.5,0,TU
1145,-2540.5,0,TU
3000,-2539.5,0,TU
1233.5,-2538.5,0,TU
1668,-2538.5,0,TU
1206.5,-2538.5,0,TU
2772.5,-2538,0,TU
1173,-2538,0,TU
2929,-2537,0,TU
2270,-2536,0,TU
1254.5,-2535.5,0,TU
2751,-2535.5,0,TU
904,-2535,0,TU
1751.5,-2535,0,TU
2855,-2534.5,0,TU
3225.5,-2534,0,TU
2340,-2534,0,TU
2451.5,-2534,0,TU
2971,-2532.5,0,TU
845.5,-2531.5,0,TU
1228.5,-2531,0,TU
2114,-2530,0,TU
821.5,-2530,0,TU
2507.5,-2530,0,TU
1197,-2528.5,0,TU
1603.5,-2528.5,0,TU
936.5,-2528,0,TU
2782.5,-2528,0,TU
1179.5,-2525,0,TU
2845,-2525,0,TU
1013.5,-2524,0,TU
1118,-2524,0,TU
1323.5,-2523.5,0,TU
1306,-2523,0,TU
2323,-2522.5,0,TU
2827.5,-2522,0,TU
2231,-2521.5,0,TU
1153,-2521,0,TU
900,-2520,0,TU
2269,-2520,0,TU
3145.5,-2519,0,TU
2079,-2519,0,TU
1097,-2518.5,0,TU
2715,-2517.5,0,TU
3112.5,-2517,0,TU
2872.5,-2517,0,TU
2496,-2516.5,0,TU
2948.5,-2516,0,TU
2292.5,-2515.5,0,TU
874,-2515,0,TU
1679.5,-2515,0,TU
3228.5,-2513.5,0,TU
3255,-2513.5,0,TU
2420,-2513,0,TU
1367,-2513,0,TU
2810.5,-2512.5,0,TU
958.5,-2512.5,0,TU
2252,-2511.5,0,TU
838.5,-2511.5,0,TU
1576,-2511.5,0,TU
993.5,-2511,0,TU
1178.5,-2509,0,TU
3040.5,-2509,0,TU
2155,-2508.5,0,TU
2792.5,-2508.5,0,TU
2694.5,-2507,0,TU
1012,-2506.5,0,TU
2312.5,-2505.5,0,TU
3075,-2505.5,0,TU
2935,-2505,0,TU
1249,-2503.5,0,TU
814,-2503.5,0,TU
2278.5,-2503.5,0,TU
2332,-2503.5,0,TU
1219,-2502.5,0,TU
2466.5,-2502,0,TU
2644.5,-2500,0,TU
2441,-2500,0,TU
1886,-2499.5,0,TU
2922,-2499,0,TU
2004,-2499,0,TU
2668,-2498.5,0,TU
1108.5,-2498,0,TU
2839,-2497.5,0,TU
1632,-2496.5,0,TU
961.5,-2496.5,0,TU
1907,-2495.5,0,TU
1362.5,-2494.5,0,TU
1206,-2493.5,0,TU
2490,-2493.5,0,TU
2982,-2492,0,TU
2411,-2491,0,TU
2508,-2491,0,TU
2750.5,-2491,0,TU
1576.5,-2490.5,0,TU
2715,-2490,0,TU
2796,-2490,0,TU
3001.5,-2489.5,0,TU
2045.5,-2489,0,TU
2820.5,-2489,0,TU
2260,-2488.5,0,TU
1724.5,-2488.5,0,TU
2212.5,-2487.5,0,TU
1872,-2487,0,TU
2393.5,-2486.5,0,TU
1257,-2485,0,TU
2614.5,-2485,0,TU
848,-2484,0,TU
1961.5,-2484,0,TU
1171.5,-2483,0,TU
2772,-2482.5,0,TU
1287.5,-2482.5,0,TU
2848.5,-2482,0,TU
2534,-2481.5,0,TU
2867.5,-2481.5,0,TU
2363.5,-2481,0,TU
820.5,-2481,0,TU
2964.5,-2480.5,0,TU
2744,-2480,0,TU
2448,-2479,0,TU
1321,-2478.5,0,TU
3091,-2477.5,0,TU
3219.5,-2477,0,TU
1376,-2476.5,0,TU
3023,-2475.5,0,TU
2568.5,-2474.5,0,TU
2726,-2474,0,TU
2507.5,-2474,0,TU
2476,-2473,0,TU
3190,-2473,0,TU
2122,-2473,0,TU
2071.5,-2472.5,0,TU
1206,-2472.5,0,TU
1893.5,-2472.5,0,TU
965.5,-2471.5,0,TU
2841,-2471,0,TU
2811.5,-2470.5,0,TU
3052,-2470.5,0,TU
1911.5,-2469.5,0,TU
2323,-2469.5,0,TU
1607.5,-2468.5,0,TU
1011.5,-2468,0,TU
1279.5,-2467.5,0,TU
2224,-2467.5,0,TU
3003,-2467.5,0,TU
3131,-2467,0,TU
2260.5,-2466.5,0,TU
2874,-2465.5,0,TU
2958.5,-2465.5,0,TU
2392.5,-2465,0,TU
2461,-2464,0,TU
2483,-2464,0,TU
2014,-2463.5,0,TU
1634,-2463.5,0,TU
1173.5,-2463,0,TU
3021.5,-2463,0,TU
1253.5,-2461.5,0,TU
2787,-2461.5,0,TU
2501,-2460,0,TU
3208,-2459.5,0,TU
3040.5,-2459.5,0,TU
2706.5,-2459,0,TU
2423.5,-2459,0,TU
2760,-2458,0,TU
2172.5,-2456,0,TU
2274.5,-2455.5,0,TU
3055,-2455,0,TU
2294,-2454.5,0,TU
3086.5,-2453.5,0,TU
2990,-2453,0,TU
2963.5,-2451.5,0,TU
3218.5,-2451.5,0,TU
2832.5,-2451,0,TU
2540,-2450,0,TU
2244.5,-2450,0,TU
2337.5,-2450,0,TU
2805,-2449.5,0,TU
2733.5,-2448,0,TU
1272.5,-2447.5,0,TU
2204.5,-2447,0,TU
1707,-2447,0,TU
3184.5,-2446.5,0,TU
2042.5,-2445,0,TU
1646.5,-2444.5,0,TU
2484.5,-2444,0,TU
1875,-2444,0,TU
2983,-2443.5,0,TU
3067.5,-2443.5,0,TU
3007.5,-2443.5,0,TU
2319,-2443,0,TU
3093.5,-2442,0,TU
2063,-2441.5,0,TU
1018,-2441.5,0,TU
3034,-2441,0,TU
2001,-2439,0,TU
1669.5,-2438.5,0,TU
3049.5,-2438,0,TU
2017.5,-2438,0,TU
3105.5,-2437,0,TU
2171,-2437,0,TU
1944.5,-2437,0,TU
744,-2437,0,TU
1968.5,-2436.5,0,TU
694,-2436.5,0,TU
2562,-2436,0,TU
1043,-2436,0,TU
2230,-2434,0,TU
2376,-2433,0,TU
1890,-2432.5,0,TU
2866,-2432,0,TU
2404.5,-2431.5,0,TU
2451,-2431,0,TU
2077,-2430.5,0,TU
2307,-2430,0,TU
2030,-2429,0,TU
3119.5,-2429,0,TU
1986,-2428,0,TU
1605,-2426,0,TU
2584.5,-2425.5,0,TU
3058,-2424.5,0,TU
2774,-2422.5,0,TU
2356.5,-2422,0,TU
1416,-2422,0,TU
1359.5,-2421.5,0,TU
2111.5,-2421,0,TU
3086.5,-2420,0,TU
2720.5,-2420,0,TU
2751.5,-2418,0,TU
2337.5,-2418,0,TU
782.5,-2417.5,0,TU
2835.5,-2416.5,0,TU
2199.5,-2415.5,0,TU
2338,-2414.5,0,TU
2169.5,-2414,0,TU
2289.5,-2414,0,TU
3068.5,-2412.5,0,TU
2263.5,-2412.5,0,TU
2970.5,-2412,0,TU
1156,-2411,0,TU
791.5,-2411,0,TU
754,-2411,0,TU
1779,-2411,0,TU
2372,-2411,0,TU
2135.5,-2410.5,0,TU
819,-2410,0,TU
1886,-2409,0,TU
2842,-2408.5,0,TU
2350,-2408.5,0,TU
663.5,-2406.5,0,TU
1410,-2405,0,TU
1545,-2405,0,TU
2545.5,-2404.5,0,TU
1972.5,-2404,0,TU
2312.5,-2404,0,TU
2867.5,-2403,0,TU
1317.5,-2402.5,0,TU
3111.5,-2402,0,TU
1916,-2402,0,TU
2890,-2401.5,0,TU
2758,-2401,0,TU
1575.5,-2400,0,TU
1594.5,-2400,0,TU
1692.5,-2399.5,0,TU
2987.5,-2399.5,0,TU
2574.5,-2398.5,0,TU
2326,-2398.5,0,TU
2963,-2397.5,0,TU
2276.5,-2397.5,0,TU
2194,-2395.5,0,TU
2856.5,-2393.5,0,TU
3132,-2393.5,0,TU
2348.5,-2393.5,0,TU
1392.5,-2392.5,0,TU
1653.5,-2389.5,0,TU
2146,-2389,0,TU
1817,-2388.5,0,TU
2116.5,-2388.5,0,TU
2002,-2388,0,TU
822.5,-2388,0,TU
2941,-2387,0,TU
2235,-2387,0,TU
3064.5,-2386,0,TU
2211,-2386,0,TU
1848.5,-2386,0,TU
1577.5,-2386,0,TU
2298.5,-2385.5,0,TU
1427.5,-2385,0,TU
2810.5,-2385,0,TU
1367.5,-2384,0,TU
2961,-2383.5,0,TU
3091.5,-2383,0,TU
1683,-2383,0,TU
2171,-2382.5,0,TU
1555.5,-2381.5,0,TU
2721,-2380.5,0,TU
1760.5,-2380,0,TU
2842.5,-2380,0,TU
2976,-2379.5,0,TU
845,-2379,0,TU
2330,-2379,0,TU
666.5,-2378,0,TU
703.5,-2377,0,TU
3042.5,-2377,0,TU
2687.5,-2376,0,TU
3077.5,-2376,0,TU
522.5,-2375.5,0,TU
2862.5,-2375,0,TU
2151,-2374,0,TU
724,-2373.5,0,TU
1728.5,-2373.5,0,TU
2041.5,-2373,0,TU
753,-2372,0,TU
1921,-2369,0,TU
827.5,-2367.5,0,TU
2308,-2367.5,0,TU
2278.5,-2367.5,0,TU
684.5,-2367,0,TU
1574,-2366.5,0,TU
3061,-2365.5,0,TU
1995.5,-2365.5,0,TU
2704.5,-2365,0,TU
1686,-2364.5,0,TU
1417.5,-2364.5,0,TU
2875,-2364.5,0,TU
2963,-2364.5,0,TU
2594,-2364,0,TU
2166,-2364,0,TU
2227.5,-2363,0,TU
1538.5,-2362.5,0,TU
2854.5,-2362,0,TU
2132,-2361,0,TU
2060,-2358,0,TU
2257,-2358,0,TU
3038,-2356.5,0,TU
850,-2355.5,0,TU
712,-2355.5,0,TU
2093.5,-2354,0,TU
2832,-2354,0,TU
2711.5,-2354,0,TU
1452.5,-2353.5,0,TU
1829,-2352,0,TU
2124,-2350.5,0,TU
2785,-2349.5,0,TU
2548,-2349,0,TU
1635.5,-2349,0,TU
3072.5,-2348.5,0,TU
2952.5,-2348.5,0,TU
699,-2348,0,TU
1571.5,-2346,0,TU
1983,-2345,0,TU
2245,-2345,0,TU
1927,-2345,0,TU
2724,-2344,0,TU
2752.5,-2344,0,TU
744.5,-2344,0,TU
1389.5,-2343.5,0,TU
2293.5,-2343.5,0,TU
2757,-2343.5,0,TU
1902.5,-2343.5,0,TU
2868.5,-2343,0,TU
672.5,-2343,0,TU
1666,-2342.5,0,TU
2442.5,-2342,0,TU
2802.5,-2341,0,TU
2162.5,-2340.5,0,TU
2588.5,-2339,0,TU
1944,-2338.5,0,TU
2829.5,-2338,0,TU
1421.5,-2337.5,0,TU
2213,-2337,0,TU
2026,-2337,0,TU
2781.5,-2335.5,0,TU
2097.5,-2335,0,TU
1889,-2333.5,0,TU
2235.5,-2333.5,0,TU
2886,-2331,0,TU
2199,-2331,0,TU
812.5,-2330.5,0,TU
2745,-2330,0,TU
2814,-2330,0,TU
537,-2329.5,0,TU
2123,-2329.5,0,TU
1826.5,-2329.5,0,TU
2960,-2329.5,0,TU
2917.5,-2329.5,0,TU
723.5,-2329,0,TU
2668.5,-2328.5,0,TU
2843.5,-2328,0,TU
853,-2326.5,0,TU
2003.5,-2326.5,0,TU
701,-2326.5,0,TU
2136.5,-2323.5,0,TU
2795,-2323,0,TU
2276.5,-2322,0,TU
2465.5,-2322,0,TU
2094.5,-2321.5,0,TU
674.5,-2319.5,0,TU
2044,-2319.5,0,TU
2870,-2319,0,TU
2573.5,-2318,0,TU
1800,-2318,0,TU
2719.5,-2317,0,TU
2822,-2317,0,TU
2248,-2316,0,TU
1945.5,-2316,0,TU
2968,-2315,0,TU
1753.5,-2314.5,0,TU
593.5,-2314,0,TU
2318.5,-2314,0,TU
2765,-2313,0,TU
1546.5,-2312,0,TU
2924.5,-2312,0,TU
2536.5,-2311.5,0,TU
2018.5,-2311.5,0,TU
2853,-2311,0,TU
1693.5,-2310.5,0,TU
622,-2310.5,0,TU
2112.5,-2310.5,0,TU
644,-2309,0,TU
2613.5,-2309,0,TU
2133.5,-2307.5,0,TU
2836.5,-2307,0,TU
827,-2307,0,TU
1469.5,-2307,0,TU
2558,-2306.5,0,TU
591,-2304.5,0,TU
2093,-2304.5,0,TU
2460,-2304,0,TU
671,-2303.5,0,TU
795,-2301,0,TU
699.5,-2301,0,TU
2229.5,-2301,0,TU
2168.5,-2300,0,TU
2201.5,-2300,0,TU
2883.5,-2298.5,0,TU
728,-2298,0,TU
2086,-2297.5,0,TU
2901.5,-2297,0,TU
2865.5,-2296.5,0,TU
2844.5,-2296.5,0,TU
2122,-2296,0,TU
574,-2296,0,TU
1912,-2296,0,TU
1854,-2293.5,0,TU
2741.5,-2293.5,0,TU
1787,-2291,0,TU
1827,-2291,0,TU
517,-2291,0,TU
683.5,-2291,0,TU
658.5,-2291,0,TU
803.5,-2289.5,0,TU
2478.5,-2289.5,0,TU
830.5,-2286.5,0,TU
2429,-2285,0,TU
2524,-2285,0,TU
1600.5,-2284.5,0,TU
2781,-2283.5,0,TU
2594,-2283.5,0,TU
2559,-2283,0,TU
2909,-2283,0,TU
1745,-2282.5,0,TU
2861,-2281,0,TU
2051.5,-2279,0,TU
595,-2277.5,0,TU
2837.5,-2276.5,0,TU
1538,-2275.5,0,TU
724.5,-2275,0,TU
2799,-2275,0,TU
2762,-2274,0,TU
2755.5,-2274,0,TU
2170.5,-2274,0,TU
668.5,-2273.5,0,TU
1839.5,-2273,0,TU
1803,-2272,0,TU
2895,-2272,0,TU
2824.5,-2271.5,0,TU
2473.5,-2271,0,TU
2220.5,-2271,0,TU
2120,-2270.5,0,TU
610,-2270,0,TU
1972.5,-2270,0,TU
2489.5,-2268,0,TU
2619,-2267.5,0,TU
528.5,-2267,0,TU
2005.5,-2266.5,0,TU
1725,-2266,0,TU
2090.5,-2265.5,0,TU
1890,-2265.5,0,TU
868.5,-2265,0,TU
2734.5,-2265,0,TU
694,-2264.5,0,TU
2456.5,-2264,0,TU
2232.5,-2264,0,TU
639,-2262.5,0,TU
2266.5,-2262.5,0,TU
719.5,-2261.5,0,TU
2522,-2261,0,TU
1569,-2260.5,0,TU
2155,-2260,0,TU
2924,-2259.5,0,TU
1840,-2259,0,TU
1792.5,-2259,0,TU
1704.5,-2258,0,TU
1904,-2254.5,0,TU
1758.5,-2253.5,0,TU
684,-2253.5,0,TU
1596.5,-2253.5,0,TU
1848.5,-2253,0,TU
2611.5,-2252.5,0,TU
2752,-2252,0,TU
1781,-2251.5,0,TU
833.5,-2250,0,TU
1814.5,-2250,0,TU
2768.5,-2249,0,TU
1996,-2249,0,TU
704,-2248.5,0,TU
2252,-2247.5,0,TU
673,-2246.5,0,TU
2400.5,-2245.5,0,TU
1539,-2244.5,0,TU
1877.5,-2244,0,TU
1972.5,-2243.5,0,TU
2857,-2242,0,TU
856,-2241,0,TU
2208.5,-2241,0,TU
2015.5,-2241,0,TU
2033.5,-2239.5,0,TU
2183,-2239.5,0,TU
1734,-2239,0,TU
2791.5,-2239,0,TU
2822,-2239,0,TU
2318.5,-2238.5,0,TU
1933,-2238,0,TU
1960,-2237,0,TU
2053,-2236.5,0,TU
1802,-2234.5,0,TU
1911,-2234,0,TU
736.5,-2232.5,0,TU
2234.5,-2232.5,0,TU
809.5,-2231.5,0,TU
1709,-2231,0,TU
1754,-2228.5,0,TU
1852.5,-2227.5,0,TU
2155.5,-2227,0,TU
1589,-2226.5,0,TU
2293.5,-2226,0,TU
2888,-2225.5,0,TU
1765.5,-2225,0,TU
2256,-2224,0,TU
2853,-2224,0,TU
2632.5,-2223.5,0,TU
2829,-2223,0,TU
1967,-2221.5,0,TU
1905.5,-2221,0,TU
589,-2220.5,0,TU
2327,-2219.5,0,TU
496.5,-2219,0,TU
625,-2217,0,TU
2654.5,-2217,0,TU
2196.5,-2216.5,0,TU
2276.5,-2216,0,TU
1684,-2215.5,0,TU
2355,-2214.5,0,TU
1799,-2213.5,0,TU
2890,-2211.5,0,TU
2064.5,-2209.5,0,TU
470,-2209,0,TU
2032.5,-2208,0,TU
1895,-2207,0,TU
2003.5,-2206.5,0,TU
666.5,-2204.5,0,TU
2587,-2204,0,TU
2126.5,-2203.5,0,TU
1972.5,-2203,0,TU
1949,-2202.5,0,TU
2872.5,-2202,0,TU
1994,-2201,0,TU
1922.5,-2200,0,TU
386,-2199.5,0,TU
539.5,-2199.5,0,TU
1725,-2198,0,TU
1695.5,-2198,0,TU
1855.5,-2196.5,0,TU
1633.5,-2196.5,0,TU
567.5,-2194,0,TU
1678,-2193,0,TU
426.5,-2193,0,TU
1770,-2191,0,TU
2188,-2187,0,TU
2526,-2186,0,TU
1539.5,-2186,0,TU
1960.5,-2185.5,0,TU
2403,-2185.5,0,TU
2780,-2185.5,0,TU
695,-2185,0,TU
1939,-2184.5,0,TU
1980.5,-2183.5,0,TU
446.5,-2183,0,TU
1872,-2180,0,TU
1854,-2179,0,TU
2309,-2178.5,0,TU
1444,-2178,0,TU
1838.5,-2178,0,TU
2102.5,-2177.5,0,TU
2294,-2177.5,0,TU
2327,-2175.5,0,TU
2695.5,-2175,0,TU
2617.5,-2174.5,0,TU
1888,-2174,0,TU
2483,-2174,0,TU
1695,-2173.5,0,TU
1960,-2172,0,TU
1774,-2172,0,TU
2014,-2170.5,0,TU
2274.5,-2170.5,0,TU
2551,-2169,0,TU
2125.5,-2169,0,TU
1825.5,-2168.5,0,TU
420.5,-2168.5,0,TU
1805,-2168.5,0,TU
2678.5,-2166.5,0,TU
1729,-2166,0,TU
452.5,-2165.5,0,TU
2150,-2165.5,0,TU
2591,-2165,0,TU
1990,-2165,0,TU
1445.5,-2161,0,TU
290,-2161,0,TU
1872.5,-2160.5,0,TU
1945,-2160.5,0,TU
2749.5,-2160.5,0,TU
2183.5,-2160,0,TU
2413.5,-2159.5,0,TU
1702.5,-2159.5,0,TU
409,-2158.5,0,TU
2662.5,-2157.5,0,TU
391,-2157,0,TU
1967,-2157,0,TU
665,-2157,0,TU
2454.5,-2156.5,0,TU
1558.5,-2156,0,TU
2534.5,-2155,0,TU
607.5,-2154.5,0,TU
517.5,-2153.5,0,TU
2368.5,-2153.5,0,TU
1719.5,-2153.5,0,TU
2290,-2153,0,TU
2203.5,-2152.5,0,TU
1768.5,-2152,0,TU
1840.5,-2151,0,TU
1796.5,-2150,0,TU
2246,-2150,0,TU
1500,-2148.5,0,TU
2332,-2148.5,0,TU
680.5,-2147,0,TU
707.5,-2147,0,TU
2469,-2146.5,0,TU
2574.5,-2145,0,TU
1580.5,-2145,0,TU
1850,-2144,0,TU
435,-2144,0,TU
1995,-2143.5,0,TU
2768.5,-2142.5,0,TU
1869,-2141,0,TU
1934,-2141,0,TU
380,-2140.5,0,TU
2603.5,-2139.5,0,TU
1912,-2139,0,TU
650.5,-2138.5,0,TU
1700.5,-2137.5,0,TU
2493.5,-2137.5,0,TU
2064,-2137,0,TU
1594,-2136,0,TU
1734.5,-2135,0,TU
557.5,-2134.5,0,TU
627,-2133.5,0,TU
1775.5,-2133,0,TU
469.5,-2132.5,0,TU
2033.5,-2132.5,0,TU
1756.5,-2131,0,TU
640.5,-2131,0,TU
669.5,-2131,0,TU
1972,-2130.5,0,TU
2235,-2130,0,TU
1619.5,-2129.5,0,TU
603.5,-2127.5,0,TU
1557.5,-2127.5,0,TU
2365,-2127.5,0,TU
1897,-2127,0,TU
341,-2126.5,0,TU
2455.5,-2126.5,0,TU
2192.5,-2126,0,TU
2741.5,-2125.5,0,TU
2332.5,-2125,0,TU
700.5,-2125,0,TU
2257.5,-2123.5,0,TU
1864,-2123.5,0,TU
593.5,-2123.5,0,TU
273.5,-2123,0,TU
2417.5,-2123,0,TU
1806.5,-2121,0,TU
1845,-2121,0,TU
2488,-2120.5,0,TU
1785,-2119,0,TU
1950.5,-2118.5,0,TU
1833.5,-2116,0,TU
569.5,-2115,0,TU
2693.5,-2115,0,TU
2092,-2115,0,TU
315,-2115,0,TU
2168.5,-2115,0,TU
617,-2115,0,TU
1876,-2114.5,0,TU
1922,-2113,0,TU
351,-2111.5,0,TU
655.5,-2111,0,TU
707,-2110.5,0,TU
590,-2110.5,0,TU
2139.5,-2110,0,TU
370,-2109.5,0,TU
1573,-2109.5,0,TU
2020.5,-2109.5,0,TU
541,-2109.5,0,TU
635,-2108,0,TU
2264,-2105,0,TU
463.5,-2104,0,TU
1972,-2102.5,0,TU
2336.5,-2101.5,0,TU
303,-2101.5,0,TU
749.5,-2100.5,0,TU
2232,-2100,0,TU
2484.5,-2099.5,0,TU
1945.5,-2099,0,TU
394,-2099,0,TU
2517,-2098.5,0,TU
2462.5,-2098.5,0,TU
613.5,-2098.5,0,TU
2577,-2098,0,TU
2105,-2097.5,0,TU
2312,-2096,0,TU
2368.5,-2095.5,0,TU
1592.5,-2095.5,0,TU
2132,-2095,0,TU
377,-2093.5,0,TU
339,-2093.5,0,TU
2286.5,-2093,0,TU
2089,-2092,0,TU
1917.5,-2091,0,TU
1899,-2090.5,0,TU
565.5,-2090.5,0,TU
2018,-2090,0,TU
1808.5,-2090,0,TU
2000,-2090,0,TU
485,-2089.5,0,TU
2379.5,-2089.5,0,TU
707,-2089,0,TU
2403,-2088.5,0,TU
273,-2088,0,TU
1708.5,-2088,0,TU
1872,-2088,0,TU
1849,-2087,0,TU
521.5,-2085,0,TU
2089,-2083,0,TU
2057.5,-2082,0,TU
726,-2081.5,0,TU
768.5,-2081,0,TU
2037,-2080,0,TU
2357,-2079.5,0,TU
364.5,-2079.5,0,TU
2260.5,-2078.5,0,TU
2170.5,-2078.5,0,TU
1894,-2078.5,0,TU
617.5,-2077.5,0,TU
295,-2077,0,TU
685.5,-2077,0,TU
2154.5,-2076,0,TU
639,-2076,0,TU
1830,-2075.5,0,TU
1647,-2075.5,0,TU
1790,-2075,0,TU
2282,-2075,0,TU
2483,-2075,0,TU
2334,-2075,0,TU
1564.5,-2074,0,TU
436,-2073.5,0,TU
1975.5,-2072.5,0,TU
2293.5,-2072.5,0,TU
396.5,-2071,0,TU
377,-2070.5,0,TU
2211.5,-2070,0,TU
1734,-2069.5,0,TU
2544.5,-2069.5,0,TU
2679.5,-2067,0,TU
2131,-2067,0,TU
341.5,-2066.5,0,TU
1990.5,-2066,0,TU
2310.5,-2066,0,TU
2503.5,-2066,0,TU
663.5,-2065,0,TU
1842,-2064.5,0,TU
705,-2064,0,TU
1859.5,-2064,0,TU
1813,-2063.5,0,TU
322.5,-2063,0,TU
732.5,-2063,0,TU
2277.5,-2061.5,0,TU
2644,-2060.5,0,TU
641,-2060.5,0,TU
2526,-2059.5,0,TU
1880,-2057.5,0,TU
2015.5,-2057.5,0,TU
2074,-2057.5,0,TU
1748,-2056,0,TU
303.5,-2055.5,0,TU
2101,-2055.5,0,TU
2150.5,-2054,0,TU
1906.5,-2054,0,TU
2053,-2054,0,TU
2397,-2053.5,0,TU
1710,-2053.5,0,TU
373,-2051.5,0,TU
2544.5,-2051,0,TU
2512.5,-2050.5,0,TU
2291.5,-2050,0,TU
427.5,-2049.5,0,TU
2122.5,-2049,0,TU
1826,-2048.5,0,TU
2177.5,-2048,0,TU
2228,-2047,0,TU
273,-2046.5,0,TU
465.5,-2046,0,TU
1881.5,-2045,0,TU
2027.5,-2044.5,0,TU
2041.5,-2042.5,0,TU
2564.5,-2042.5,0,TU
1984,-2042.5,0,TU
1802,-2041.5,0,TU
739,-2041,0,TU
2111.5,-2040.5,0,TU
347.5,-2039.5,0,TU
1916.5,-2038.5,0,TU
779,-2038.5,0,TU
544,-2038.5,0,TU
2416.5,-2038,0,TU
1590,-2037.5,0,TU
2087,-2037.5,0,TU
1784,-2037.5,0,TU
2276,-2036.5,0,TU
2068.5,-2036.5,0,TU
151,-2036,0,TU
2636,-2035.5,0,TU
1842,-2035,0,TU
1860.5,-2033.5,0,TU
386.5,-2033,0,TU
2145,-2032,0,TU
816.5,-2031,0,TU
303.5,-2031,0,TU
601.5,-2029.5,0,TU
2526.5,-2028.5,0,TU
631,-2027,0,TU
1714,-2026.5,0,TU
2338,-2025.5,0,TU
318.5,-2025,0,TU
2045.5,-2023.5,0,TU
1820,-2020.5,0,TU
340,-2020.5,0,TU
2029,-2020,0,TU
646,-2020,0,TU
1930.5,-2020,0,TU
261.5,-2019.5,0,TU
1903.5,-2019,0,TU
729,-2019,0,TU
2104.5,-2019,0,TU
1952.5,-2018.5,0,TU
154.5,-2018.5,0,TU
685.5,-2018.5,0,TU
1629,-2018.5,0,TU
1754.5,-2017.5,0,TU
2082.5,-2016.5,0,TU
1874,-2015,0,TU
1809.5,-2014.5,0,TU
545.5,-2014,0,TU
1980,-2014,0,TU
357,-2014,0,TU
769,-2013,0,TU
2564,-2013,0,TU
1651.5,-2012,0,TU
2311.5,-2011.5,0,TU
1786.5,-2010,0,TU
465.5,-2009.5,0,TU
384.5,-2009.5,0,TU
2454,-2008.5,0,TU
2047.5,-2005,0,TU
2066,-2005,0,TU
274.5,-2004.5,0,TU
2597,-2003.5,0,TU
2539,-2003,0,TU
727.5,-2003,0,TU
2569.5,-2001.5,0,TU
568.5,-2001.5,0,TU
2024,-1999,0,TU
253,-1998.5,0,TU
321.5,-1998.5,0,TU
704,-1997.5,0,TU
395,-1997.5,0,TU
1898.5,-1997.5,0,TU
1557,-1997,0,TU
236,-1996.5,0,TU
182,-1996.5,0,TU
286,-1995.5,0,TU
684.5,-1995.5,0,TU
2104,-1995,0,TU
457.5,-1994.5,0,TU
1856,-1994,0,TU
1692.5,-1994,0,TU
2077.5,-1993.5,0,TU
313,-1992.5,0,TU
1770,-1991,0,TU
2271,-1991,0,TU
743,-1991,0,TU
1986.5,-1990.5,0,TU
2532.5,-1989,0,TU
624,-1989,0,TU
267.5,-1988,0,TU
541,-1987,0,TU
1804.5,-1985,0,TU
1751.5,-1982.5,0,TU
2297.5,-1982.5,0,TU
425.5,-1982,0,TU
1824.5,-1981.5,0,TU
1725,-1981.5,0,TU
2046,-1981,0,TU
656,-1981,0,TU
1890,-1980,0,TU
530,-1979.5,0,TU
1660.5,-1979,0,TU
1854.5,-1977,0,TU
308.5,-1976,0,TU
1770.5,-1975.5,0,TU
506,-1975,0,TU
682.5,-1974.5,0,TU
2029,-1974,0,TU
2407.5,-1973.5,0,TU
737.5,-1973,0,TU
2357,-1972.5,0,TU
1952.5,-1972.5,0,TU
2519.5,-1971.5,0,TU
2545.5,-1971.5,0,TU
571.5,-1971,0,TU
354.5,-1971,0,TU
765.5,-1971,0,TU
2180.5,-1970.5,0,TU
259.5,-1968.5,0,TU
1980,-1968.5,0,TU
642,-1968,0,TU
314.5,-1967,0,TU
611.5,-1967,0,TU
2003.5,-1966.5,0,TU
162,-1966,0,TU
2158,-1966,0,TU
333,-1965,0,TU
1679,-1964.5,0,TU
221,-1964.5,0,TU
196.5,-1963,0,TU
520,-1960.5,0,TU
1787,-1960,0,TU
1902.5,-1959.5,0,TU
588.5,-1959.5,0,TU
411.5,-1958.5,0,TU
456.5,-1958,0,TU
1758.5,-1958,0,TU
2183,-1957.5,0,TU
496.5,-1957.5,0,TU
1938.5,-1957.5,0,TU
1826.5,-1957,0,TU
1840.5,-1956,0,TU
543,-1955,0,TU
287.5,-1953.5,0,TU
1812.5,-1953,0,TU
315,-1952.5,0,TU
1853,-1952,0,TU
2396,-1951.5,0,TU
2066,-1951,0,TU
1870.5,-1950.5,0,TU
739,-1949.5,0,TU
1691,-1949,0,TU
2231,-1948.5,0,TU
1794.5,-1946,0,TU
1975,-1946,0,TU
2018.5,-1946,0,TU
333,-1944,0,TU
275.5,-1943.5,0,TU
1743,-1943,0,TU
1568,-1942.5,0,TU
2203,-1942.5,0,TU
568.5,-1942,0,TU
682.5,-1942,0,TU
1996.5,-1941,0,TU
182,-1941,0,TU
2247.5,-1941,0,TU
1625,-1941,0,TU
1891,-1940,0,TU
549,-1939.5,0,TU
1776.5,-1937.5,0,TU
232.5,-1937,0,TU
1671,-1937,0,TU
1596,-1936,0,TU
594.5,-1934,0,TU
307,-1934,0,TU
168.5,-1934,0,TU
2293.5,-1934,0,TU
2271,-1933,0,TU
1832.5,-1932.5,0,TU
1929,-1932.5,0,TU
2231,-1932,0,TU
534,-1931.5,0,TU
2118.5,-1931,0,TU
1739,-1930,0,TU
2180.5,-1930,0,TU
1961.5,-1929,0,TU
510,-1928.5,0,TU
2007.5,-1928,0,TU
776.5,-1927.5,0,TU
662,-1927.5,0,TU
200.5,-1927,0,TU
331.5,-1926.5,0,TU
280.5,-1925.5,0,TU
1987.5,-1925,0,TU
-7,-1925,0,TU
447.5,-1925,0,TU
1857.5,-1924.5,0,TU
-90.5,-1923.5,0,TU
486.5,-1922,0,TU
2331,-1921.5,0,TU
2462.5,-1921,0,TU
1881.5,-1920.5,0,TU
1799,-1920,0,TU
178,-1920,0,TU
1832.5,-1919.5,0,TU
2059,-1919.5,0,TU
1686,-1919,0,TU
1773.5,-1918.5,0,TU
1813.5,-1918,0,TU
296,-1917.5,0,TU
-121,-1917,0,TU
414.5,-1917,0,TU
1659.5,-1916.5,0,TU
1624,-1916.5,0,TU
2028,-1914,0,TU
1908,-1914,0,TU
220.5,-1913.5,0,TU
262,-1913.5,0,TU
386,-1913,0,TU
765,-1912,0,TU
1941.5,-1910.5,0,TU
553.5,-1909.5,0,TU
11,-1909,0,TU
2250,-1908,0,TU
-15,-1908,0,TU
663,-1908,0,TU
574.5,-1907.5,0,TU
-74.5,-1907,0,TU
690.5,-1905.5,0,TU
-106.5,-1905,0,TU
1989.5,-1905,0,TU
1714,-1905,0,TU
330.5,-1903.5,0,TU
1961,-1903.5,0,TU
1596,-1903,0,TU
2283,-1903,0,TU
-128.5,-1902,0,TU
198.5,-1901,0,TU
1853.5,-1899.5,0,TU
247.5,-1899.5,0,TU
604.5,-1898.5,0,TU
1905.5,-1894.5,0,TU
1823,-1894,0,TU
448,-1892.5,0,TU
-95.5,-1890.5,0,TU
-113.5,-1890,0,TU
392.5,-1890,0,TU
1682.5,-1890,0,TU
663,-1889.5,0,TU
329,-1889.5,0,TU
622,-1889,0,TU
13.5,-1888.5,0,TU
1953.5,-1888.5,0,TU
1928.5,-1888,0,TU
-72,-1888,0,TU
2013.5,-1887.5,0,TU
-2.5,-1887.5,0,TU
1786,-1885.5,0,TU
1735.5,-1885.5,0,TU
576.5,-1885.5,0,TU
-133.5,-1885.5,0,TU
1971,-1885.5,0,TU
479,-1885,0,TU
2094,-1884,0,TU
1578.5,-1884,0,TU
214.5,-1881.5,0,TU
1989,-1879,0,TU
1887.5,-1878.5,0,TU
406,-1878.5,0,TU
187,-1878,0,TU
259.5,-1876.5,0,TU
303,-1876,0,TU
-112.5,-1875.5,0,TU
1844.5,-1875,0,TU
1722,-1875,0,TU
2291,-1874,0,TU
2383,-1874,0,TU
612.5,-1873.5,0,TU
459,-1873.5,0,TU
-67.5,-1872,0,TU
2176,-1872,0,TU
288,-1872,0,TU
-94,-1872,0,TU
1769.5,-1871.5,0,TU
330,-1871,0,TU
755,-1870.5,0,TU
638.5,-1870,0,TU
16,-1869.5,0,TU
2254.5,-1869,0,TU
-149.5,-1868,0,TU
240,-1868,0,TU
724.5,-1868,0,TU
2149.5,-1867.5,0,TU
1937.5,-1867,0,TU
218,-1867,0,TU
2218,-1866.5,0,TU
2280.5,-1865,0,TU
1907,-1864,0,TU
-16.5,-1863,0,TU
2093.5,-1862.5,0,TU
672.5,-1862,0,TU
1870,-1861.5,0,TU
2186.5,-1861.5,0,TU
595.5,-1861,0,TU
646,-1859.5,0,TU
1825,-1859,0,TU
473.5,-1858.5,0,TU
-121,-1858,0,TU
2073.5,-1856,0,TU
1997,-1855,0,TU
1704,-1854.5,0,TU
1859,-1853.5,0,TU
2335.5,-1853,0,TU
-77.5,-1852,0,TU
1932.5,-1851.5,0,TU
404,-1851,0,TU
-29,-1850.5,0,TU
1734,-1848,0,TU
18,-1848,0,TU
633,-1847,0,TU
-0.5,-1847,0,TU
1889.5,-1847,0,TU
329,-1845.5,0,TU
680,-1845.5,0,TU
2125,-1845.5,0,TU
1744,-1845.5,0,TU
1777,-1845,0,TU
219.5,-1844.5,0,TU
2365,-1844,0,TU
349,-1843.5,0,TU
1839.5,-1843.5,0,TU
1811,-1842.5,0,TU
-14.5,-1842.5,0,TU
239,-1842,0,TU
576,-1842,0,TU
652.5,-1840.5,0,TU
621.5,-1840,0,TU
-56.5,-1839,0,TU
368.5,-1837.5,0,TU
308.5,-1837.5,0,TU
-144,-1837.5,0,TU
717.5,-1834.5,0,TU
44,-1832,0,TU
672.5,-1831.5,0,TU
3,-1831.5,0,TU
2219.5,-1831.5,0,TU
1910.5,-1831,0,TU
2068.5,-1830.5,0,TU
479.5,-1830.5,0,TU
251,-1830,0,TU
1797.5,-1829.5,0,TU
1877.5,-1829.5,0,TU
-115,-1829,0,TU
-90,-1829,0,TU
2107,-1829,0,TU
2168.5,-1828.5,0,TU
2334.5,-1827.5,0,TU
409.5,-1826.5,0,TU
457.5,-1826,0,TU
1663.5,-1825.5,0,TU
588,-1825.5,0,TU
350,-1825.5,0,TU
330,-1823,0,TU
769,-1823,0,TU
-133,-1822,0,TU
503.5,-1822,0,TU
2153.5,-1820.5,0,TU
632.5,-1820,0,TU
49,-1819.5,0,TU
1847,-1819,0,TU
-72,-1818,0,TU
2033,-1818,0,TU
650,-1817.5,0,TU
1934.5,-1816.5,0,TU
738.5,-1816,0,TU
713.5,-1816,0,TU
432.5,-1814.5,0,TU
1955,-1814.5,0,TU
145,-1814,0,TU
326.5,-1813,0,TU
2136.5,-1812,0,TU
1742,-1811.5,0,TU
668.5,-1811,0,TU
1836,-1809.5,0,TU
281,-1808,0,TU
548,-1807,0,TU
517.5,-1806,0,TU
567,-1806,0,TU
1605,-1804.5,0,TU
350.5,-1804,0,TU
1774,-1804,0,TU
764,-1803.5,0,TU
688.5,-1801.5,0,TU
651,-1799.5,0,TU
744,-1798.5,0,TU
1797.5,-1798,0,TU
306,-1798,0,TU
1713,-1797.5,0,TU
1848.5,-1796.5,0,TU
423,-1796,0,TU
582.5,-1795.5,0,TU
671,-1794.5,0,TU
728,-1794.5,0,TU
1873,-1794,0,TU
325,-1793.5,0,TU
708,-1793,0,TU
1631,-1792,0,TU
2041,-1792,0,TU
1906,-1791.5,0,TU
1565.5,-1790.5,0,TU
-36.5,-1789,0,TU
1820.5,-1788,0,TU
251,-1786.5,0,TU
1956,-1786,0,TU
532.5,-1786,0,TU
635,-1785,0,TU
2221.5,-1785,0,TU
343,-1784.5,0,TU
771.5,-1784.5,0,TU
2114,-1783.5,0,TU
-253.5,-1783,0,TU
2024,-1782.5,0,TU
185.5,-1781.5,0,TU
2057.5,-1780.5,0,TU
457.5,-1780.5,0,TU
379.5,-1777,0,TU
67.5,-1777,0,TU
618.5,-1777,0,TU
428.5,-1777,0,TU
731.5,-1777,0,TU
577,-1775,0,TU
478,-1774.5,0,TU
665,-1774.5,0,TU
1857,-1774,0,TU
43.5,-1772,0,TU
2209.5,-1772,0,TU
1970,-1769.5,0,TU
197,-1768.5,0,TU
294,-1768.5,0,TU
146.5,-1768,0,TU
592,-1767.5,0,TU
1828,-1765.5,0,TU
271,-1765,0,TU
360,-1764.5,0,TU
323,-1763,0,TU
678.5,-1762.5,0,TU
1725,-1761.5,0,TU
1688,-1761.5,0,TU
454.5,-1761,0,TU
2192,-1760.5,0,TU
521,-1760,0,TU
245,-1760,0,TU
341,-1759.5,0,TU
565,-1759.5,0,TU
1934,-1759,0,TU
1905,-1759,0,TU
494,-1758,0,TU
1879.5,-1758,0,TU
2051,-1756,0,TU
413,-1756,0,TU
-275,-1753,0,TU
480,-1753,0,TU
707.5,-1750,0,TU
-167,-1749.5,0,TU
437,-1748,0,TU
587,-1748,0,TU
2019,-1748,0,TU
462,-1747.5,0,TU
1740,-1747.5,0,TU
1825.5,-1746,0,TU
626.5,-1744.5,0,TU
609,-1744,0,TU
512,-1744,0,TU
2170,-1743.5,0,TU
1974.5,-1743.5,0,TU
298,-1742.5,0,TU
543.5,-1742.5,0,TU
2092.5,-1742,0,TU
578,-1741,0,TU
165,-1740,0,TU
480.5,-1739,0,TU
201,-1738.5,0,TU
-231,-1738.5,0,TU
-149,-1737,0,TU
1995,-1736,0,TU
669.5,-1734.5,0,TU
636.5,-1734,0,TU
1883,-1734,0,TU
2197.5,-1733.5,0,TU
565.5,-1733,0,TU
591,-1731.5,0,TU
-189,-1731,0,TU
1707,-1730.5,0,TU
340.5,-1730,0,TU
275.5,-1730,0,TU
1941,-1729.5,0,TU
1747,-1729.5,0,TU
1841.5,-1729.5,0,TU
390.5,-1728.5,0,TU
-172.5,-1728,0,TU
762.5,-1727.5,0,TU
718,-1725.5,0,TU
325.5,-1724.5,0,TU
579,-1724,0,TU
498.5,-1724,0,TU
2013.5,-1722.5,0,TU
1908,-1722,0,TU
261.5,-1722,0,TU
1869.5,-1721,0,TU
544.5,-1720.5,0,TU
-215.5,-1720.5,0,TU
443.5,-1720,0,TU
-41,-1719.5,0,TU
300.5,-1719.5,0,TU
355.5,-1719,0,TU
689.5,-1719,0,TU
-59.5,-1718.5,0,TU
208,-1718.5,0,TU
1823,-1718,0,TU
475.5,-1718,0,TU
602,-1715.5,0,TU
796.5,-1715,0,TU
1450.5,-1714,0,TU
1013.5,-1714,0,TU
-196.5,-1713.5,0,TU
28,-1712,0,TU
1992.5,-1709.5,0,TU
2167.5,-1709.5,0,TU
1414,-1709.5,0,TU
-157.5,-1709,0,TU
2070.5,-1708.5,0,TU
97,-1707.5,0,TU
540,-1707.5,0,TU
1602,-1706.5,0,TU
-209,-1706.5,0,TU
839.5,-1706,0,TU
-228,-1705.5,0,TU
560.5,-1705.5,0,TU
732.5,-1705.5,0,TU
511.5,-1705.5,0,TU
2102,-1705,0,TU
1812.5,-1705,0,TU
929,-1704.5,0,TU
913,-1703,0,TU
480.5,-1702.5,0,TU
1460.5,-1702.5,0,TU
776.5,-1702.5,0,TU
342,-1701.5,0,TU
381,-1701,0,TU
-174.5,-1699.5,0,TU
-252.5,-1697.5,0,TU
324.5,-1697,0,TU
584.5,-1697,0,TU
1395.5,-1696.5,0,TU
1744,-1695.5,0,TU
255,-1695,0,TU
1628.5,-1695,0,TU
1514.5,-1694.5,0,TU
-13.5,-1694,0,TU
1546.5,-1694,0,TU
305,-1693.5,0,TU
1655,-1693,0,TU
1681.5,-1693,0,TU
1980,-1692.5,0,TU
667,-1692.5,0,TU
824.5,-1692.5,0,TU
352,-1692.5,0,TU
2044,-1692,0,TU
797.5,-1691.5,0,TU
275.5,-1691,0,TU
2133.5,-1690.5,0,TU
1788,-1690,0,TU
889.5,-1689,0,TU
2010.5,-1688.5,0,TU
763.5,-1687.5,0,TU
1804.5,-1687,0,TU
471.5,-1686.5,0,TU
-187,-1686.5,0,TU
299,-1686,0,TU
1827.5,-1684.5,0,TU
165,-1684.5,0,TU
1.5,-1682.5,0,TU
-203.5,-1681,0,TU
1852.5,-1680.5,0,TU
635,-1680,0,TU
601.5,-1680,0,TU
1460.5,-1680,0,TU
1761,-1679.5,0,TU
362,-1679.5,0,TU
805.5,-1678.5,0,TU
25.5,-1678.5,0,TU
784,-1678,0,TU
1774,-1678,0,TU
611,-1678,0,TU
91.5,-1678,0,TU
1002.5,-1677.5,0,TU
130,-1677.5,0,TU
195,-1676.5,0,TU
2025,-1676,0,TU
687.5,-1676,0,TU
170,-1675,0,TU
1626.5,-1675,0,TU
1386.5,-1675,0,TU
702.5,-1674.5,0,TU
1595,-1673.5,0,TU
-300,-1673.5,0,TU
1701.5,-1673,0,TU
518.5,-1672.5,0,TU
343.5,-1671,0,TU
1440.5,-1671,0,TU
917.5,-1670.5,0,TU
1668.5,-1670,0,TU
1506,-1669.5,0,TU
574,-1669.5,0,TU
245,-1669.5,0,TU
823,-1669,0,TU
751.5,-1668,0,TU
396,-1668,0,TU
279.5,-1668,0,TU
1532.5,-1667.5,0,TU
373.5,-1667.5,0,TU
2041.5,-1667,0,TU
2132,-1667,0,TU
670,-1666.5,0,TU
362,-1666,0,TU
266,-1665.5,0,TU
1944,-1665.5,0,TU
424,-1664.5,0,TU
1785,-1663.5,0,TU
765,-1663.5,0,TU
1565,-1662.5,0,TU
553.5,-1662.5,0,TU
646,-1662,0,TU
1909.5,-1661,0,TU
832.5,-1661,0,TU
719.5,-1661,0,TU
308,-1661,0,TU
485,-1660.5,0,TU
337.5,-1660.5,0,TU
1822.5,-1659,0,TU
498.5,-1659,0,TU
-271,-1658.5,0,TU
2107.5,-1658.5,0,TU
63,-1658,0,TU
1542,-1657,0,TU
235,-1656.5,0,TU
323.5,-1656.5,0,TU
684,-1655.5,0,TU
212,-1655.5,0,TU
159.5,-1655,0,TU
459.5,-1654.5,0,TU
603,-1654.5,0,TU
747.5,-1652.5,0,TU
22,-1652.5,0,TU
283,-1651.5,0,TU
1503.5,-1651.5,0,TU
1443,-1651,0,TU
1525.5,-1648,0,TU
514.5,-1647.5,0,TU
1858,-1647.5,0,TU
358,-1647.5,0,TU
388,-1647,0,TU
783.5,-1646.5,0,TU
371.5,-1646.5,0,TU
1735,-1646,0,TU
538.5,-1644.5,0,TU
1488,-1644.5,0,TU
1589.5,-1644,0,TU
353,-1644,0,TU
2093,-1643.5,0,TU
725,-1643.5,0,TU
422,-1643,0,TU
2057,-1642.5,0,TU
759,-1642,0,TU
1899.5,-1642,0,TU
409,-1642,0,TU
442,-1641.5,0,TU
1471.5,-1641,0,TU
804,-1640.5,0,TU
-13.5,-1639,0,TU
566.5,-1638.5,0,TU
480,-1637.5,0,TU
271.5,-1635.5,0,TU
122.5,-1635.5,0,TU
325.5,-1635,0,TU
633.5,-1635,0,TU
201,-1634.5,0,TU
1556,-1634.5,0,TU
-277,-1634,0,TU
1974,-1633,0,TU
697,-1632.5,0,TU
739.5,-1632,0,TU
-325.5,-1631.5,0,TU
15.5,-1631.5,0,TU
1837,-1631,0,TU
1499,-1631,0,TU
366,-1630.5,0,TU
-5.5,-1630,0,TU
1575.5,-1629.5,0,TU
384.5,-1629.5,0,TU
770,-1629.5,0,TU
2002.5,-1629.5,0,TU
790.5,-1629.5,0,TU
218.5,-1629,0,TU
671,-1628.5,0,TU
1440.5,-1628.5,0,TU
1534,-1628,0,TU
411.5,-1628,0,TU
1518,-1628,0,TU
889.5,-1627.5,0,TU
721,-1627,0,TU
994.5,-1626.5,0,TU
607.5,-1626,0,TU
-196.5,-1626,0,TU
753.5,-1625,0,TU
107.5,-1622.5,0,TU
237.5,-1620.5,0,TU
403,-1620,0,TU
311,-1620,0,TU
-291.5,-1619.5,0,TU
950.5,-1619,0,TU
1737,-1618,0,TU
1952,-1616.5,0,TU
403,-1616.5,0,TU
168,-1616,0,TU
781,-1616,0,TU
1559,-1615.5,0,TU
1507,-1615,0,TU
-242,-1613.5,0,TU
1742.5,-1612.5,0,TU
375.5,-1611,0,TU
738,-1610.5,0,TU
1717,-1610.5,0,TU
1071,-1610.5,0,TU
1679.5,-1610.5,0,TU
-323.5,-1610.5,0,TU
-142.5,-1610,0,TU
1090,-1610,0,TU
-439,-1609.5,0,TU
767,-1609,0,TU
1533,-1608.5,0,TU
1455.5,-1608.5,0,TU
502,-1607.5,0,TU
1549,-1607.5,0,TU
2024,-1607,0,TU
1516,-1607,0,TU
-225,-1605.5,0,TU
1797,-1605,0,TU
1634.5,-1604.5,0,TU
1107.5,-1604.5,0,TU
1569,-1604,0,TU
1476.5,-1604,0,TU
1866,-1604,0,TU
103.5,-1603.5,0,TU
365,-1603,0,TU
1503.5,-1603,0,TU
-199.5,-1602.5,0,TU
1591.5,-1602,0,TU
292.5,-1601.5,0,TU
133.5,-1601.5,0,TU
-256.5,-1601,0,TU
582,-1601,0,TU
1949,-1600.5,0,TU
798.5,-1600.5,0,TU
2080,-1600.5,0,TU
940.5,-1600,0,TU
1772.5,-1600,0,TU
1050.5,-1599.5,0,TU
614,-1599.5,0,TU
685.5,-1598,0,TU
967.5,-1597.5,0,TU
-23,-1596,0,TU
1522,-1594.5,0,TU
347.5,-1594.5,0,TU
-442,-1594,0,TU
-185,-1593,0,TU
1536,-1591.5,0,TU
555,-1590.5,0,TU
1918.5,-1590.5,0,TU
599,-1590,0,TU
1555,-1588.5,0,TU
1898.5,-1588.5,0,TU
1404,-1588,0,TU
-311.5,-1588,0,TU
905.5,-1587.5,0,TU
1481.5,-1586.5,0,TU
1592,-1585.5,0,TU
672,-1585.5,0,TU
-250,-1585,0,TU
1689,-1585,0,TU
1508.5,-1584,0,TU
1074,-1584,0,TU
1570.5,-1583.5,0,TU
2000,-1583,0,TU
1630.5,-1582.5,0,TU
1525,-1582,0,TU
800,-1582,0,TU
1656.5,-1582,0,TU
575,-1581,0,TU
341.5,-1581,0,TU
1614,-1580.5,0,TU
319,-1580,0,TU
-210.5,-1580,0,TU
618,-1579.5,0,TU
-430.5,-1579,0,TU
1045.5,-1578.5,0,TU
-160.5,-1578,0,TU
1729.5,-1576.5,0,TU
1779.5,-1576.5,0,TU
163.5,-1576.5,0,TU
436.5,-1576,0,TU
646,-1576,0,TU
857,-1575.5,0,TU
-184.5,-1574.5,0,TU
763,-1574,0,TU
-134.5,-1573.5,0,TU
1541.5,-1573.5,0,TU
182,-1573,0,TU
1918.5,-1571.5,0,TU
1504,-1570,0,TU
390,-1570,0,TU
1956,-1569.5,0,TU
993.5,-1568.5,0,TU
1632.5,-1568.5,0,TU
420,-1568,0,TU
-345,-1567.5,0,TU
203,-1567.5,0,TU
1558.5,-1567,0,TU
1426.5,-1564.5,0,TU
570.5,-1564.5,0,TU
791,-1564.5,0,TU
125,-1564.5,0,TU
148.5,-1563.5,0,TU
-219,-1563,0,TU
736,-1562,0,TU
1366.5,-1561.5,0,TU
1888.5,-1561.5,0,TU
233,-1561.5,0,TU
1934,-1561.5,0,TU
33.5,-1561.5,0,TU
1528.5,-1561,0,TU
2013.5,-1560.5,0,TU
587.5,-1560,0,TU
1.5,-1560,0,TU
1041.5,-1559.5,0,TU
1397,-1559,0,TU
626,-1559,0,TU
1803,-1558,0,TU
1683.5,-1558,0,TU
1740.5,-1556.5,0,TU
1693.5,-1556.5,0,TU
1390.5,-1555.5,0,TU
1825.5,-1555.5,0,TU
1785.5,-1553,0,TU
396,-1552.5,0,TU
-139,-1552.5,0,TU
1959,-1552,0,TU
179.5,-1552,0,TU
767,-1551,0,TU
952.5,-1551,0,TU
1083.5,-1551,0,TU
784,-1550.5,0,TU
108.5,-1550.5,0,TU
-268.5,-1549.5,0,TU
-168,-1549.5,0,TU
1719.5,-1548.5,0,TU
1759,-1548,0,TU
598,-1547.5,0,TU
189,-1547,0,TU
-193.5,-1547,0,TU
536,-1546.5,0,TU
1916,-1546,0,TU
250.5,-1545.5,0,TU
-280.5,-1543.5,0,TU
1605,-1543,0,TU
559.5,-1542.5,0,TU
416,-1542,0,TU
706.5,-1541.5,0,TU
135,-1541,0,TU
745.5,-1541,0,TU
1732.5,-1540.5,0,TU
664.5,-1539.5,0,TU
1054.5,-1539.5,0,TU
1418.5,-1539.5,0,TU
-343,-1537,0,TU
623,-1537,0,TU
1782.5,-1537,0,TU
678.5,-1536.5,0,TU
1967.5,-1536.5,0,TU
1866,-1536.5,0,TU
-205,-1536,0,TU
1095.5,-1535.5,0,TU
861,-1535,0,TU
1568.5,-1534.5,0,TU
1374.5,-1532.5,0,TU
318,-1532.5,0,TU
169.5,-1531.5,0,TU
284,-1531,0,TU
-302,-1530,0,TU
1750,-1529.5,0,TU
392,-1529,0,TU
2,-1529,0,TU
1645,-1529,0,TU
1396,-1529,0,TU
1616,-1529,0,TU
1731.5,-1528.5,0,TU
1837.5,-1527.5,0,TU
137,-1527,0,TU
1456,-1526,0,TU
-329.5,-1526,0,TU
1912,-1525.5,0,TU
-447.5,-1525,0,TU
1661,-1525,0,TU
108,-1524.5,0,TU
774.5,-1524,0,TU
1688,-1522,0,TU
1642.5,-1522,0,TU
815,-1521,0,TU
1879,-1521,0,TU
1551,-1521,0,TU
1710.5,-1520.5,0,TU
1775.5,-1520,0,TU
1440,-1520,0,TU
750.5,-1518.5,0,TU
-411,-1518.5,0,TU
422,-1517.5,0,TU
716,-1517,0,TU
1411.5,-1517,0,TU
1001.5,-1517,0,TU
787,-1517,0,TU
1803.5,-1516,0,TU
686,-1514.5,0,TU
1075.5,-1513.5,0,TU
1753.5,-1513.5,0,TU
-450.5,-1512.5,0,TU
1426.5,-1512,0,TU
623.5,-1512,0,TU
448.5,-1512,0,TU
389,-1511,0,TU
1738,-1510.5,0,TU
1484,-1510.5,0,TU
1843,-1510.5,0,TU
551,-1510,0,TU
1616.5,-1508.5,0,TU
372.5,-1508,0,TU
223,-1507.5,0,TU
1371.5,-1506.5,0,TU
727.5,-1506,0,TU
1517.5,-1505,0,TU
407,-1504.5,0,TU
103,-1504.5,0,TU
1909,-1504,0,TU
1463.5,-1503,0,TU
1531,-1503,0,TU
137.5,-1503,0,TU
1406.5,-1503,0,TU
962.5,-1502.5,0,TU
435,-1502.5,0,TU
942,-1502.5,0,TU
986.5,-1502.5,0,TU
787.5,-1502.5,0,TU
1875,-1501.5,0,TU
281.5,-1501.5,0,TU
1778.5,-1500.5,0,TU
740,-1500,0,TU
815,-1500,0,TU
-340.5,-1499.5,0,TU
1574,-1499.5,0,TU
1811,-1499.5,0,TU
-297,-1499.5,0,TU
-504,-1499,0,TU
691,-1498,0,TU
1105.5,-1497.5,0,TU
1634.5,-1496,0,TU
1596,-1496,0,TU
1002,-1496,0,TU
1791,-1495.5,0,TU
1737,-1495.5,0,TU
1716,-1495,0,TU
-192,-1495,0,TU
1758,-1495,0,TU
389,-1494.5,0,TU
-455.5,-1493.5,0,TU
716.5,-1493,0,TU
1555,-1492,0,TU
569.5,-1491.5,0,TU
-412,-1491,0,TU
465,-1491,0,TU
1846,-1490.5,0,TU
759.5,-1489.5,0,TU
406,-1486.5,0,TU
1857.5,-1485,0,TU
701,-1484.5,0,TU
658.5,-1484.5,0,TU
296,-1484,0,TU
540,-1484,0,TU
1500.5,-1483.5,0,TU
1521,-1482.5,0,TU
1589,-1482,0,TU
1381.5,-1482,0,TU
361.5,-1481.5,0,TU
740.5,-1481.5,0,TU
1481,-1481,0,TU
631,-1480,0,TU
1880,-1480,0,TU
1783.5,-1479.5,0,TU
1687,-1479.5,0,TU
-425,-1479,0,TU
-396.5,-1478,0,TU
852,-1478,0,TU
1796,-1477.5,0,TU
-209,-1477,0,TU
114.5,-1476.5,0,TU
683,-1476.5,0,TU
1407.5,-1476.5,0,TU
1813,-1476,0,TU
1468,-1476,0,TU
715,-1475.5,0,TU
71,-1475.5,0,TU
983.5,-1475.5,0,TU
388,-1474.5,0,TU
1449,-1474.5,0,TU
1571,-1474,0,TU
559,-1474,0,TU
1774.5,-1472.5,0,TU
1003,-1472.5,0,TU
1017.5,-1472.5,0,TU
1666.5,-1472.5,0,TU
1429,-1472.5,0,TU
1133.5,-1472,0,TU
1548.5,-1472,0,TU
1830.5,-1472,0,TU
-411,-1471.5,0,TU
1747,-1471,0,TU
704,-1470,0,TU
166.5,-1469.5,0,TU
-464,-1469.5,0,TU
-250.5,-1469,0,TU
730,-1468,0,TU
-310,-1468,0,TU
924.5,-1467.5,0,TU
-71.5,-1467.5,0,TU
138,-1465.5,0,TU
65,-1465.5,0,TU
959.5,-1465,0,TU
875,-1464.5,0,TU
670.5,-1462.5,0,TU
1589,-1462,0,TU
1523,-1461,0,TU
1540,-1460.5,0,TU
1729,-1460.5,0,TU
145.5,-1460,0,TU
1506,-1459.5,0,TU
1813.5,-1459,0,TU
-262,-1457,0,TU
1388,-1456.5,0,TU
637.5,-1456.5,0,TU
1073,-1456.5,0,TU
-410,-1456.5,0,TU
1830.5,-1456,0,TU
569,-1456,0,TU
738,-1455.5,0,TU
890,-1455,0,TU
985,-1455,0,TU
711,-1454.5,0,TU
-219,-1454,0,TU
-400,-1453,0,TU
1096,-1452.5,0,TU
1612,-1452,0,TU
692,-1452,0,TU
1789,-1451.5,0,TU
1480.5,-1451,0,TU
37.5,-1450.5,0,TU
1028,-1449,0,TU
-305.5,-1449,0,TU
1576.5,-1448.5,0,TU
753.5,-1448,0,TU
1439,-1446.5,0,TU
1503.5,-1446,0,TU
1529.5,-1445,0,TU
1821,-1443.5,0,TU
676,-1443,0,TU
-185.5,-1443,0,TU
65,-1442.5,0,TU
1044,-1441.5,0,TU
771.5,-1441,0,TU
805.5,-1440.5,0,TU
963,-1440.5,0,TU
-420,-1439,0,TU
1433,-1438,0,TU
1411,-1438,0,TU
1474,-1437.5,0,TU
1076,-1436,0,TU
708,-1436,0,TU
1556,-1435.5,0,TU
1006.5,-1435.5,0,TU
-165,-1435,0,TU
-206.5,-1434.5,0,TU
1620.5,-1434,0,TU
664,-1433.5,0,TU
1170.5,-1433.5,0,TU
730,-1433,0,TU
1509.5,-1432,0,TU
1493.5,-1431,0,TU
936,-1430.5,0,TU
983.5,-1429,0,TU
1740,-1428.5,0,TU
1661.5,-1426.5,0,TU
-12,-1426.5,0,TU
1758,-1425.5,0,TU
1052,-1425.5,0,TU
640,-1425,0,TU
-469,-1424.5,0,TU
1075.5,-1424,0,TU
1030,-1423,0,TU
1584.5,-1422,0,TU
683,-1421.5,0,TU
-526,-1421,0,TU
1792.5,-1421,0,TU
961.5,-1420.5,0,TU
158,-1419,0,TU
-448.5,-1418.5,0,TU
712.5,-1418,0,TU
1522.5,-1417.5,0,TU
1351,-1417,0,TU
82.5,-1415.5,0,TU
1084,-1415,0,TU
-486,-1414.5,0,TU
-252,-1413.5,0,TU
1472.5,-1411.5,0,TU
-406.5,-1411,0,TU
1451.5,-1410.5,0,TU
1418,-1409.5,0,TU
1596.5,-1409,0,TU
757.5,-1408.5,0,TU
800.5,-1408,0,TU
1102,-1408,0,TU
1068,-1407,0,TU
1430,-1406.5,0,TU
1035.5,-1406.5,0,TU
1690.5,-1405.5,0,TU
-515.5,-1405,0,TU
1292,-1404.5,0,TU
1509,-1404,0,TU
1670,-1402,0,TU
818.5,-1401.5,0,TU
222,-1401.5,0,TU
1494.5,-1399.5,0,TU
-542.5,-1396.5,0,TU
1278,-1395.5,0,TU
-505,-1394,0,TU
1000.5,-1394,0,TU
158.5,-1393.5,0,TU
954.5,-1392.5,0,TU
1362,-1392.5,0,TU
-525.5,-1392.5,0,TU
1524,-1392,0,TU
1684,-1387.5,0,TU
1654,-1387.5,0,TU
1433.5,-1385,0,TU
1471,-1385,0,TU
1698,-1384.5,0,TU
185.5,-1384.5,0,TU
1319.5,-1383,0,TU
1345.5,-1382,0,TU
1383.5,-1382,0,TU
982.5,-1382,0,TU
1174.5,-1379,0,TU
1255.5,-1379,0,TU
1460,-1378.5,0,TU
800,-1377.5,0,TU
1032,-1377.5,0,TU
1510.5,-1377.5,0,TU
-543,-1376.5,0,TU
1493,-1376,0,TU
1216.5,-1375,0,TU
-494,-1375,0,TU
-530,-1373,0,TU
1327,-1372.5,0,TU
828.5,-1371,0,TU
1370,-1369,0,TU
160.5,-1368,0,TU
1585,-1367,0,TU
1543.5,-1366.5,0,TU
65.5,-1365.5,0,TU
700.5,-1365,0,TU
1432.5,-1362.5,0,TU
1192,-1362,0,TU
676,-1362,0,TU
1479.5,-1361,0,TU
726,-1361,0,TU
-64,-1360,0,TU
34.5,-1358.5,0,TU
-377,-1358,0,TU
-538.5,-1357,0,TU
1537,-1356.5,0,TU
-90,-1356,0,TU
-559.5,-1356,0,TU
17,-1355,0,TU
1021.5,-1354.5,0,TU
1317,-1354.5,0,TU
1085.5,-1354,0,TU
1353,-1353.5,0,TU
-398,-1353,0,TU
1574,-1352.5,0,TU
1341.5,-1352,0,TU
1514,-1351.5,0,TU
988,-1351,0,TU
104.5,-1350,0,TU
685.5,-1350,0,TU
801.5,-1349,0,TU
-577,-1349,0,TU
83,-1348.5,0,TU
1490.5,-1347.5,0,TU
1253,-1346.5,0,TU
159.5,-1345.5,0,TU
1422.5,-1344.5,0,TU
656.5,-1344,0,TU
-407.5,-1343.5,0,TU
790.5,-1343.5,0,TU
1123.5,-1342.5,0,TU
1184,-1342,0,TU
-7,-1342,0,TU
670.5,-1341.5,0,TU
1372.5,-1341.5,0,TU
-549,-1341,0,TU
63,-1340.5,0,TU
-325,-1340.5,0,TU
748,-1340,0,TU
1266.5,-1340,0,TU
-524,-1339.5,0,TU
1294.5,-1338,0,TU
1083.5,-1337.5,0,TU
1158,-1337,0,TU
44.5,-1336.5,0,TU
764,-1335.5,0,TU
1334,-1334.5,0,TU
1131,-1334.5,0,TU
709.5,-1334.5,0,TU
1314,-1334.5,0,TU
924.5,-1334,0,TU
975,-1333.5,0,TU
-598.5,-1333,0,TU
726.5,-1332.5,0,TU
688.5,-1331.5,0,TU
1009.5,-1330.5,0,TU
-572,-1330,0,TU
1200,-1329.5,0,TU
122,-1329,0,TU
193.5,-1328,0,TU
1404.5,-1327.5,0,TU
73.5,-1327,0,TU
669,-1326.5,0,TU
-545,-1325.5,0,TU
-83.5,-1325,0,TU
1432,-1324.5,0,TU
1497.5,-1324.5,0,TU
895,-1324,0,TU
160,-1322.5,0,TU
93.5,-1322,0,TU
628.5,-1322,0,TU
1249.5,-1321.5,0,TU
717,-1321.5,0,TU
1219,-1321.5,0,TU
1465.5,-1321,0,TU
1336,-1320.5,0,TU
819.5,-1320.5,0,TU
698,-1320,0,TU
213,-1320,0,TU
1281,-1319.5,0,TU
1033,-1319,0,TU
16,-1318,0,TU
-408,-1318,0,TU
1140,-1317.5,0,TU
793.5,-1317.5,0,TU
661.5,-1316,0,TU
1303,-1316,0,TU
1080.5,-1315,0,TU
646.5,-1314.5,0,TU
859,-1314,0,TU
-238.5,-1314,0,TU
680,-1313.5,0,TU
-131.5,-1313,0,TU
-8.5,-1312.5,0,TU
-109,-1312.5,0,TU
764.5,-1312.5,0,TU
1448,-1312,0,TU
932.5,-1312,0,TU
1225.5,-1311,0,TU
1506.5,-1310.5,0,TU
73.5,-1310,0,TU
-390.5,-1309.5,0,TU
-607.5,-1308.5,0,TU
1199,-1308,0,TU
303,-1307.5,0,TU
1422.5,-1307.5,0,TU
1054.5,-1307.5,0,TU
-36,-1307,0,TU
1177.5,-1307,0,TU
702.5,-1306.5,0,TU
1522.5,-1306.5,0,TU
179.5,-1306,0,TU
-229,-1305,0,TU
1397.5,-1304.5,0,TU
947.5,-1304,0,TU
1157.5,-1303.5,0,TU
788,-1303,0,TU
-424,-1303,0,TU
-532,-1303,0,TU
-85.5,-1303,0,TU
524.5,-1302,0,TU
1333,-1302,0,TU
1491.5,-1302,0,TU
1268,-1301,0,TU
665,-1300.5,0,TU
204,-1300,0,TU
-147.5,-1300,0,TU
63,-1299,0,TU
1468.5,-1298.5,0,TU
1534,-1296.5,0,TU
1355.5,-1295.5,0,TU
-218.5,-1295,0,TU
1148,-1295,0,TU
1380,-1294.5,0,TU
228.5,-1294,0,TU
626.5,-1294,0,TU
720,-1293.5,0,TU
-99.5,-1292.5,0,TU
923.5,-1292,0,TU
39,-1291.5,0,TU
1449,-1290.5,0,TU
163,-1290,0,TU
209,-1289,0,TU
893.5,-1289,0,TU
-128.5,-1289,0,TU
1061.5,-1288.5,0,TU
130.5,-1288.5,0,TU
1226,-1286.5,0,TU
1411.5,-1286,0,TU
791,-1285.5,0,TU
831,-1285.5,0,TU
-733,-1285,0,TU
254,-1285,0,TU
-402,-1284.5,0,TU
1111.5,-1283.5,0,TU
12,-1283.5,0,TU
1435,-1282.5,0,TU
1480.5,-1282,0,TU
-4,-1281,0,TU
-85.5,-1280.5,0,TU
-28.5,-1280.5,0,TU
-423,-1277.5,0,TU
-226.5,-1277.5,0,TU
208.5,-1276.5,0,TU
1455.5,-1276.5,0,TU
1481,-1274.5,0,TU
1076.5,-1274.5,0,TU
988,-1274,0,TU
-582.5,-1273.5,0,TU
1038,-1272.5,0,TU
311.5,-1272.5,0,TU
956.5,-1271,0,TU
182,-1267.5,0,TU
1235.5,-1267,0,TU
799,-1266,0,TU
939.5,-1265.5,0,TU
20,-1264.5,0,TU
246.5,-1264,0,TU
227.5,-1263.5,0,TU
1131,-1263.5,0,TU
685,-1263.5,0,TU
706.5,-1261.5,0,TU
895,-1261.5,0,TU
-210,-1261,0,TU
329.5,-1260,0,TU
-123.5,-1260,0,TU
206,-1259,0,TU
1087.5,-1256.5,0,TU
1108.5,-1256,0,TU
737,-1256,0,TU
-261.5,-1255.5,0,TU
1406,-1254.5,0,TU
1172.5,-1254,0,TU
-318,-1254,0,TU
870.5,-1253.5,0,TU
1482,-1252.5,0,TU
-100,-1252.5,0,TU
-154,-1251.5,0,TU
267.5,-1251.5,0,TU
171.5,-1250.5,0,TU
123,-1250,0,TU
21.5,-1249,0,TU
-229.5,-1248,0,TU
40.5,-1247,0,TU
244,-1246.5,0,TU
221.5,-1245.5,0,TU
-579.5,-1245.5,0,TU
981,-1244,0,TU
465.5,-1244,0,TU
193,-1244,0,TU
1296,-1243,0,TU
-702,-1241,0,TU
700,-1240.5,0,TU
-3,-1240,0,TU
328,-1239,0,TU
-42,-1237.5,0,TU
725,-1237.5,0,TU
1235,-1236.5,0,TU
-177.5,-1236.5,0,TU
858,-1232.5,0,TU
1390.5,-1232,0,TU
1104,-1232,0,TU
262,-1230.5,0,TU
207.5,-1229.5,0,TU
1350.5,-1229.5,0,TU
638.5,-1229.5,0,TU
998.5,-1229.5,0,TU
240.5,-1228.5,0,TU
-746.5,-1228.5,0,TU
-6.5,-1228.5,0,TU
155.5,-1228,0,TU
462,-1227.5,0,TU
1425,-1226,0,TU
1051.5,-1225.5,0,TU
1254.5,-1224,0,TU
-373,-1224,0,TU
1214.5,-1223.5,0,TU
1078,-1223,0,TU
127.5,-1223,0,TU
-88.5,-1222.5,0,TU
177,-1222.5,0,TU
705.5,-1222.5,0,TU
55,-1222,0,TU
-714,-1222,0,TU
-124,-1222,0,TU
191,-1221.5,0,TU
-18,-1221.5,0,TU
225.5,-1220.5,0,TU
692.5,-1220,0,TU
-60.5,-1218.5,0,TU
1180,-1218,0,TU
277,-1216.5,0,TU
552,-1216.5,0,TU
-421.5,-1216,0,TU
647.5,-1215.5,0,TU
1204.5,-1215,0,TU
432,-1214.5,0,TU
512,-1214,0,TU
963.5,-1212.5,0,TU
245.5,-1211.5,0,TU
1122,-1211,0,TU
467,-1210.5,0,TU
138,-1209.5,0,TU
-79.5,-1209.5,0,TU
531,-1208.5,0,TU
-699.5,-1207.5,0,TU
-7,-1205,0,TU
-300.5,-1205,0,TU
635.5,-1203.5,0,TU
-447,-1203.5,0,TU
338,-1202.5,0,TU
1278.5,-1201.5,0,TU
569,-1200.5,0,TU
207,-1200.5,0,TU
1000,-1200,0,TU
-820,-1199.5,0,TU
-61.5,-1198,0,TU
947.5,-1198,0,TU
-649,-1197.5,0,TU
-157.5,-1197.5,0,TU
281,-1197,0,TU
15.5,-1197,0,TU
1183.5,-1196.5,0,TU
-744.5,-1195.5,0,TU
1167.5,-1195.5,0,TU
-124,-1195,0,TU
-82,-1193.5,0,TU
436,-1192.5,0,TU
1128.5,-1192,0,TU
-718,-1191.5,0,TU
1252.5,-1190,0,TU
603,-1189.5,0,TU
547,-1189,0,TU
103,-1188,0,TU
-696.5,-1188,0,TU
1205.5,-1188,0,TU
1311.5,-1186.5,0,TU
146.5,-1185.5,0,TU
246,-1185.5,0,TU
-133.5,-1185,0,TU
-803.5,-1185,0,TU
-556.5,-1185,0,TU
-450.5,-1184.5,0,TU
-19.5,-1184,0,TU
10,-1180.5,0,TU
-151.5,-1178.5,0,TU
-760,-1178,0,TU
335,-1178,0,TU
438.5,-1176,0,TU
566.5,-1176,0,TU
-788,-1175,0,TU
977,-1175,0,TU
-91,-1174.5,0,TU
612,-1173.5,0,TU
-454.5,-1173,0,TU
660,-1172.5,0,TU
-321,-1172,0,TU
1186.5,-1172,0,TU
699.5,-1172,0,TU
-255.5,-1171.5,0,TU
1339,-1170.5,0,TU
419,-1170,0,TU
273,-1170,0,TU
632,-1169.5,0,TU
-2.5,-1169,0,TU
450.5,-1167,0,TU
1311,-1166.5,0,TU
-475,-1166,0,TU
305,-1166,0,TU
-633,-1165,0,TU
115.5,-1165,0,TU
898,-1162,0,TU
-272,-1162,0,TU
16.5,-1161,0,TU
196.5,-1160.5,0,TU
-661,-1159,0,TU
1231,-1159,0,TU
984,-1158.5,0,TU
543.5,-1157.5,0,TU
602,-1157,0,TU
1263,-1157,0,TU
-322.5,-1156.5,0,TU
-455,-1155.5,0,TU
1065,-1155.5,0,TU
261,-1155,0,TU
369.5,-1155,0,TU
28.5,-1153.5,0,TU
-144.5,-1153,0,TU
-238,-1153,0,TU
429.5,-1152,0,TU
1099,-1152,0,TU
41,-1152,0,TU
185,-1151,0,TU
-352,-1150.5,0,TU
1197.5,-1149,0,TU
1280.5,-1149,0,TU
613,-1148,0,TU
576.5,-1147.5,0,TU
-43,-1147.5,0,TU
1247,-1147.5,0,TU
1018,-1146.5,0,TU
656.5,-1146.5,0,TU
809,-1144.5,0,TU
-264.5,-1144.5,0,TU
283,-1144,0,TU
459.5,-1144,0,TU
402,-1144,0,TU
-612,-1143.5,0,TU
-476,-1143,0,TU
488.5,-1143,0,TU
1112,-1143,0,TU
-655.5,-1142.5,0,TU
19.5,-1141.5,0,TU
855,-1141,0,TU
246,-1141,0,TU
-807,-1140.5,0,TU
-19,-1140.5,0,TU
0.5,-1140,0,TU
-635,-1138,0,TU
599,-1137,0,TU
-708,-1137,0,TU
-324.5,-1137,0,TU
627.5,-1136.5,0,TU
306,-1136.5,0,TU
359,-1136,0,TU
61.5,-1135,0,TU
35,-1133.5,0,TU
327.5,-1133.5,0,TU
424,-1133,0,TU
541.5,-1132,0,TU
-546,-1132,0,TU
1059.5,-1132,0,TU
451,-1129.5,0,TU
-793,-1129,0,TU
277.5,-1127.5,0,TU
-508,-1127.5,0,TU
1195,-1127.5,0,TU
53,-1127.5,0,TU
-34,-1127.5,0,TU
-481.5,-1126,0,TU
1093,-1125.5,0,TU
-456,-1125.5,0,TU
-683,-1124,0,TU
649,-1123.5,0,TU
517.5,-1123.5,0,TU
1217.5,-1123,0,TU
-288.5,-1122.5,0,TU
938.5,-1122,0,TU
-16.5,-1121.5,0,TU
1123,-1121,0,TU
678.5,-1120.5,0,TU
15.5,-1120,0,TU
-43.5,-1120,0,TU
255,-1119,0,TU
1072,-1118.5,0,TU
39.5,-1118,0,TU
896.5,-1116.5,0,TU
590,-1116,0,TU
117.5,-1116,0,TU
817.5,-1115,0,TU
444.5,-1114.5,0,TU
1227.5,-1114.5,0,TU
1140,-1114,0,TU
1192.5,-1113.5,0,TU
-115.5,-1113.5,0,TU
402.5,-1113,0,TU
199.5,-1112.5,0,TU
293,-1111,0,TU
-523,-1110.5,0,TU
170.5,-1110.5,0,TU
247,-1110,0,TU
-561.5,-1109.5,0,TU
-145,-1109.5,0,TU
838,-1109,0,TU
-247.5,-1109,0,TU
863.5,-1109,0,TU
-5.5,-1107,0,TU
58,-1106.5,0,TU
35,-1105.5,0,TU
149,-1105,0,TU
1158,-1104,0,TU
17.5,-1104,0,TU
227.5,-1104,0,TU
-499,-1102,0,TU
934.5,-1102,0,TU
-76,-1101,0,TU
679.5,-1101,0,TU
-795,-1100.5,0,TU
1174,-1100.5,0,TU
446.5,-1100.5,0,TU
915,-1099,0,TU
901,-1098,0,TU
274,-1097.5,0,TU
791,-1097,0,TU
-534,-1096.5,0,TU
332,-1095.5,0,TU
875.5,-1094,0,TU
1008,-1093.5,0,TU
641,-1093.5,0,TU
821,-1093,0,TU
-612.5,-1092,0,TU
304,-1092,0,TU
-5.5,-1092,0,TU
-724,-1091.5,0,TU
925,-1091,0,TU
-633,-1090.5,0,TU
553.5,-1090,0,TU
-438,-1089.5,0,TU
-457,-1089,0,TU
852,-1089,0,TU
38.5,-1089,0,TU
113.5,-1088.5,0,TU
-88.5,-1088.5,0,TU
-417.5,-1087.5,0,TU
1146,-1087,0,TU
-472,-1086,0,TU
892.5,-1086,0,TU
-237.5,-1086,0,TU
-544,-1085.5,0,TU
-769,-1085.5,0,TU
613,-1085,0,TU
683.5,-1084.5,0,TU
430,-1083.5,0,TU
4.5,-1083,0,TU
-408.5,-1083,0,TU
23.5,-1083,0,TU
1038.5,-1082.5,0,TU
708,-1081.5,0,TU
-639,-1081.5,0,TU
-559.5,-1081,0,TU
453,-1080,0,TU
588,-1080,0,TU
-493,-1079,0,TU
367,-1078.5,0,TU
-512,-1078.5,0,TU
-749.5,-1078,0,TU
-23,-1078,0,TU
211,-1077,0,TU
1129,-1076,0,TU
477.5,-1076,0,TU
247.5,-1075.5,0,TU
502,-1074.5,0,TU
64.5,-1074.5,0,TU
165.5,-1074.5,0,TU
227,-1073,0,TU
-526,-1073,0,TU
137.5,-1073,0,TU
637,-1072,0,TU
278.5,-1071,0,TU
-83.5,-1070,0,TU
-623,-1066.5,0,TU
199.5,-1066.5,0,TU
-104.5,-1066,0,TU
1147,-1065,0,TU
338.5,-1065,0,TU
-549.5,-1065,0,TU
-229,-1063.5,0,TU
28,-1063.5,0,TU
-285.5,-1063,0,TU
-721,-1062.5,0,TU
-587.5,-1061.5,0,TU
-208,-1060,0,TU
684.5,-1059,0,TU
395,-1058,0,TU
836.5,-1057.5,0,TU
657,-1057.5,0,TU
937.5,-1057.5,0,TU
-397.5,-1057,0,TU
819.5,-1057,0,TU
1102.5,-1056,0,TU
531,-1055.5,0,TU
155.5,-1055.5,0,TU
-529.5,-1054.5,0,TU
-97,-1054.5,0,TU
190.5,-1054,0,TU
715.5,-1054,0,TU
-5,-1054,0,TU
-771,-1054,0,TU
1040.5,-1053.5,0,TU
-802.5,-1053,0,TU
359,-1053,0,TU
808,-1052,0,TU
422.5,-1052,0,TU
-31.5,-1051.5,0,TU
377,-1050.5,0,TU
229,-1050.5,0,TU
597.5,-1050.5,0,TU
-465.5,-1050,0,TU
-701.5,-1050,0,TU
-996.5,-1049.5,0,TU
-269.5,-1049,0,TU
-734,-1049,0,TU
-304.5,-1048.5,0,TU
1129.5,-1048,0,TU
560,-1046.5,0,TU
162.5,-1044.5,0,TU
1114.5,-1043.5,0,TU
-245,-1043,0,TU
-216,-1043,0,TU
1073,-1041,0,TU
624,-1040.5,0,TU
644,-1040.5,0,TU
-383,-1039.5,0,TU
-289.5,-1039,0,TU
-190,-1038,0,TU
246,-1037,0,TU
326.5,-1036.5,0,TU
87,-1036,0,TU
-722.5,-1035.5,0,TU
829,-1035,0,TU
272,-1035,0,TU
1096,-1033,0,TU
900,-1033,0,TU
357,-1032.5,0,TU
-353.5,-1032.5,0,TU
663.5,-1032,0,TU
292,-1030.5,0,TU
57.5,-1029,0,TU
752.5,-1028.5,0,TU
1019,-1028.5,0,TU
-220.5,-1028.5,0,TU
1054,-1028,0,TU
-580,-1028,0,TU
440.5,-1028,0,TU
-268.5,-1028,0,TU
997,-1027.5,0,TU
208,-1026,0,TU
927.5,-1025.5,0,TU
181.5,-1025.5,0,TU
-457,-1025.5,0,TU
152,-1025.5,0,TU
-551,-1025,0,TU
-430.5,-1023.5,0,TU
267.5,-1023,0,TU
1033.5,-1022.5,0,TU
-607.5,-1022,0,TU
-1026,-1021.5,0,TU
-794.5,-1020,0,TU
1076,-1019,0,TU
391.5,-1019,0,TU
569,-1019,0,TU
835.5,-1018,0,TU
-681.5,-1018,0,TU
-845,-1017,0,TU
218,-1017,0,TU
177.5,-1015.5,0,TU
-880.5,-1015.5,0,TU
2.5,-1015,0,TU
431,-1014.5,0,TU
-563.5,-1014,0,TU
1015,-1013.5,0,TU
784,-1012.5,0,TU
401.5,-1012.5,0,TU
-408.5,-1012.5,0,TU
-534,-1012,0,TU
945,-1011.5,0,TU
79,-1011.5,0,TU
645,-1011,0,TU
978,-1011,0,TU
-825,-1010,0,TU
-997,-1009.5,0,TU
-217.5,-1009.5,0,TU
1045,-1009,0,TU
149,-1008.5,0,TU
289,-1008.5,0,TU
1021.5,-1007.5,0,TU
817.5,-1007.5,0,TU
-263,-1007,0,TU
766,-1006.5,0,TU
1058,-1005,0,TU
-579.5,-1004.5,0,TU
-551,-1004.5,0,TU
-499.5,-1004.5,0,TU
798,-1003.5,0,TU
-126.5,-1003,0,TU
-767.5,-1002,0,TU
302,-1001.5,0,TU
-148,-1001.5,0,TU
-434,-1001,0,TU
-603.5,-1000.5,0,TU
931.5,-1000,0,TU
-170.5,-999.5,0,TU
-981.5,-999.5,0,TU
-520,-998,0,TU
-960,-998,0,TU
48.5,-998,0,TU
742.5,-998,0,TU
168.5,-998,0,TU
-461,-996.5,0,TU
234,-996,0,TU
-490,-996,0,TU
265.5,-995.5,0,TU
984,-995,0,TU
598,-994.5,0,TU
1075,-994.5,0,TU
79,-994.5,0,TU
1041,-993,0,TU
425.5,-993,0,TU
631,-992.5,0,TU
-563.5,-992.5,0,TU
-797,-990.5,0,TU
-546.5,-990.5,0,TU
781,-989.5,0,TU
177,-989.5,0,TU
-1013.5,-989,0,TU
193.5,-989,0,TU
-1067,-989,0,TU
-994.5,-988.5,0,TU
-4.5,-988,0,TU
-676.5,-988,0,TU
12,-987.5,0,TU
811.5,-987,0,TU
152.5,-986.5,0,TU
354,-985.5,0,TU
-536,-985,0,TU
1004.5,-985,0,TU
-509,-984.5,0,TU
700,-984.5,0,TU
214.5,-984,0,TU
-116.5,-983.5,0,TU
405,-983,0,TU
443,-982.5,0,TU
-1052,-982,0,TU
-973.5,-980.5,0,TU
-826.5,-980.5,0,TU
267,-979,0,TU
-518.5,-978,0,TU
824.5,-977.5,0,TU
113,-977,0,TU
747,-977,0,TU
166,-975.5,0,TU
-598.5,-975.5,0,TU
1068,-975,0,TU
-1034.5,-975,0,TU
85,-975,0,TU
782.5,-975,0,TU
771,-974.5,0,TU
-391,-974.5,0,TU
-232.5,-974,0,TU
-208,-973.5,0,TU
955,-973,0,TU
144.5,-972,0,TU
-490,-969.5,0,TU
-314,-969.5,0,TU
-137,-969.5,0,TU
-986.5,-969,0,TU
-610,-968.5,0,TU
-4.5,-967.5,0,TU
-251.5,-967,0,TU
-631.5,-967,0,TU
-550.5,-967,0,TU
-1007.5,-966,0,TU
-952,-965.5,0,TU
-428.5,-965,0,TU
-447.5,-964.5,0,TU
1105,-962,0,TU
-839,-961.5,0,TU
-153.5,-961.5,0,TU
-651,-961.5,0,TU
28,-961.5,0,TU
-671.5,-959.5,0,TU
418,-959.5,0,TU
1019.5,-959.5,0,TU
-522.5,-957.5,0,TU
527.5,-957.5,0,TU
185.5,-956.5,0,TU
-711,-956.5,0,TU
646,-956.5,0,TU
-635,-956,0,TU
277.5,-955.5,0,TU
-165,-955,0,TU
-116,-955,0,TU
-977,-955,0,TU
-290.5,-955,0,TU
583.5,-953.5,0,TU
-921,-952,0,TU
-1098,-950.5,0,TU
140.5,-950,0,TU
-135,-949.5,0,TU
-240.5,-949,0,TU
-902,-948.5,0,TU
1087.5,-948,0,TU
215.5,-947,0,TU
-547,-947,0,TU
934.5,-945,0,TU
10.5,-944.5,0,TU
-871.5,-944,0,TU
167,-944,0,TU
-151.5,-943,0,TU
-273,-942.5,0,TU
-261.5,-941.5,0,TU
-604,-941.5,0,TU
909.5,-941,0,TU
513.5,-940,0,TU
-164.5,-940,0,TU
-1073,-939.5,0,TU
-1053.5,-939.5,0,TU
945.5,-939.5,0,TU
874.5,-937.5,0,TU
-1034.5,-936.5,0,TU
-297,-936.5,0,TU
76,-936.5,0,TU
-115.5,-935.5,0,TU
-238.5,-935.5,0,TU
129.5,-935.5,0,TU
892.5,-935,0,TU
-642,-934.5,0,TU
715.5,-933,0,TU
-622.5,-931,0,TU
325.5,-930.5,0,TU
118,-930,0,TU
584.5,-929.5,0,TU
785,-929.5,0,TU
-447.5,-929,0,TU
-980.5,-929,0,TU
145,-928.5,0,TU
56,-928.5,0,TU
-67.5,-928.5,0,TU
-348,-928,0,TU
-435,-928,0,TU
275,-927.5,0,TU
-1091,-926,0,TU
-813.5,-925,0,TU
-1022,-924.5,0,TU
-178.5,-924.5,0,TU
171.5,-924,0,TU
-488.5,-922.5,0,TU
-602,-922,0,TU
-324,-921.5,0,TU
809.5,-921.5,0,TU
526.5,-921.5,0,TU
-116.5,-921,0,TU
-264.5,-920.5,0,TU
1021,-919,0,TU
-790.5,-918.5,0,TU
258.5,-917.5,0,TU
933,-916.5,0,TU
-81.5,-916,0,TU
-52,-915.5,0,TU
770.5,-914.5,0,TU
481,-913,0,TU
-616.5,-912.5,0,TU
-32.5,-912,0,TU
-683,-911.5,0,TU
841.5,-911,0,TU
16.5,-911,0,TU
69,-910,0,TU
42.5,-908.5,0,TU
-887,-908,0,TU
790,-907.5,0,TU
433.5,-907.5,0,TU
-99,-907.5,0,TU
-334,-906,0,TU
-599.5,-906,0,TU
603,-906,0,TU
-364,-903.5,0,TU
-442,-903.5,0,TU
129.5,-900.5,0,TU
816,-900,0,TU
-3.5,-900,0,TU
-66,-898.5,0,TU
515,-898,0,TU
678.5,-897.5,0,TU
-711,-897,0,TU
-190.5,-896,0,TU
-913.5,-895.5,0,TU
395.5,-894,0,TU
430,-894,0,TU
493,-893.5,0,TU
71.5,-893,0,TU
-132,-892.5,0,TU
-588,-891.5,0,TU
-623,-890,0,TU
797,-888,0,TU
-1101,-887.5,0,TU
-935,-886.5,0,TU
-107.5,-885.5,0,TU
-954,-885,0,TU
-980.5,-883.5,0,TU
-332,-882.5,0,TU
-85.5,-882.5,0,TU
-1005,-881,0,TU
-164,-880,0,TU
-367.5,-877,0,TU
-600,-877,0,TU
-633,-876.5,0,TU
-116.5,-876.5,0,TU
415,-875.5,0,TU
760,-875,0,TU
-234.5,-874,0,TU
319,-870.5,0,TU
606,-870,0,TU
-679.5,-869.5,0,TU
-186.5,-869,0,TU
-1054.5,-869,0,TU
725,-868.5,0,TU
-143.5,-868,0,TU
-207.5,-868,0,TU
472.5,-868,0,TU
791,-868,0,TU
563,-867.5,0,TU
752,-867,0,TU
832.5,-866,0,TU
-1038.5,-865.5,0,TU
391.5,-865,0,TU
257,-865,0,TU
118,-864.5,0,TU
-908,-864.5,0,TU
-487.5,-864,0,TU
-1015.5,-864,0,TU
957,-864,0,TU
425.5,-863,0,TU
-977,-862,0,TU
-635,-861,0,TU
443.5,-861,0,TU
-611,-860,0,TU
-121.5,-860,0,TU
686.5,-860,0,TU
-730,-858.5,0,TU
451,-858.5,0,TU
-688.5,-858,0,TU
-963.5,-857,0,TU
-1000,-856.5,0,TU
-874.5,-856,0,TU
-379,-855,0,TU
781,-854.5,0,TU
-1099.5,-854.5,0,TU
-164,-853.5,0,TU
-707,-852.5,0,TU
427.5,-851.5,0,TU
-258,-851,0,TU
457,-851,0,TU
517,-850,0,TU
-842.5,-849.5,0,TU
182,-848,0,TU
-951,-848,0,TU
477.5,-848,0,TU
736,-848,0,TU
493,-846,0,TU
-747,-846,0,TU
419,-843.5,0,TU
-232,-841.5,0,TU
393,-840.5,0,TU
-1072.5,-839.5,0,TU
-144.5,-838,0,TU
440.5,-837.5,0,TU
-979,-835.5,0,TU
-370,-835,0,TU
-924,-833.5,0,TU
121,-833,0,TU
212,-833,0,TU
-550.5,-832,0,TU
-721,-832,0,TU
-491.5,-831.5,0,TU
-1007.5,-831,0,TU
-582.5,-830.5,0,TU
-605,-830,0,TU
-946,-829,0,TU
-321,-827.5,0,TU
-1112,-827.5,0,TU
257,-827.5,0,TU
-996,-827,0,TU
-1032,-825.5,0,TU
130.5,-823,0,TU
-360.5,-822,0,TU
840,-821.5,0,TU
-514.5,-819.5,0,TU
97,-819,0,TU
-543,-819,0,TU
-245,-818,0,TU
97.5,-817.5,0,TU
807,-817,0,TU
-543.5,-817,0,TU
661.5,-814.5,0,TU
38,-812.5,0,TU
627.5,-812.5,0,TU
-101.5,-812,0,TU
-565.5,-812,0,TU
-590,-811,0,TU
-984.5,-810.5,0,TU
829,-810,0,TU
-941.5,-810,0,TU
330,-810,0,TU
258,-807.5,0,TU
431.5,-807,0,TU
-914,-806,0,TU
-226,-806,0,TU
-259.5,-806,0,TU
-1008.5,-806,0,TU
-684.5,-806,0,TU
732.5,-805,0,TU
784,-804.5,0,TU
72,-804,0,TU
-632.5,-803.5,0,TU
-1069,-802,0,TU
-1024,-802,0,TU
348.5,-801.5,0,TU
-70.5,-797.5,0,TU
-951,-797.5,0,TU
-295.5,-797,0,TU
-969,-797,0,TU
159.5,-796.5,0,TU
-263,-796,0,TU
720,-795.5,0,TU
698,-795,0,TU
-887.5,-794.5,0,TU
680.5,-794.5,0,TU
506.5,-794.5,0,TU
632.5,-793.5,0,TU
-476,-793.5,0,TU
-1013,-792,0,TU
-1095,-791,0,TU
-1038.5,-790.5,0,TU
-148,-790.5,0,TU
231.5,-790,0,TU
-498,-789.5,0,TU
665,-789,0,TU
759.5,-789,0,TU
357,-787.5,0,TU
-545,-787,0,TU
179,-786.5,0,TU
49,-786.5,0,TU
-623.5,-785.5,0,TU
624.5,-785.5,0,TU
601.5,-785,0,TU
-980,-784.5,0,TU
-1000,-783.5,0,TU
-358,-783.5,0,TU
329,-783.5,0,TU
-582,-783,0,TU
127,-783,0,TU
-911.5,-782.5,0,TU
-1062,-781,0,TU
385.5,-781,0,TU
-932.5,-780.5,0,TU
-783.5,-780.5,0,TU
693.5,-780,0,TU
-331.5,-778,0,TU
532.5,-776.5,0,TU
718,-774.5,0,TU
-540.5,-773.5,0,TU
-465,-773,0,TU
46.5,-772.5,0,TU
99.5,-771.5,0,TU
-1183.5,-771.5,0,TU
460,-770.5,0,TU
-384.5,-770,0,TU
-1088,-769.5,0,TU
-1011.5,-769,0,TU
-561,-768.5,0,TU
180,-767,0,TU
-799,-767,0,TU
-903,-766.5,0,TU
-632,-766.5,0,TU
512,-766,0,TU
-355,-765.5,0,TU
-985.5,-765,0,TU
708,-765,0,TU
-486,-763,0,TU
69.5,-762.5,0,TU
-111,-762.5,0,TU
-502.5,-758,0,TU
425.5,-758,0,TU
-1063,-757.5,0,TU
550,-757,0,TU
-1200.5,-756.5,0,TU
470.5,-756,0,TU
-531,-755.5,0,TU
-456,-755,0,TU
-518.5,-755,0,TU
-337,-754.5,0,TU
-734,-754.5,0,TU
-544,-754,0,TU
-221,-753.5,0,TU
-582,-753,0,TU
-944,-751.5,0,TU
-248.5,-749.5,0,TU
-1128,-749.5,0,TU
-360,-747.5,0,TU
736,-746.5,0,TU
28.5,-745.5,0,TU
93.5,-744.5,0,TU
380,-744.5,0,TU
-967.5,-744.5,0,TU
-630.5,-744,0,TU
-345,-740.5,0,TU
59.5,-739.5,0,TU
-198.5,-739,0,TU
-554,-738.5,0,TU
-506.5,-738.5,0,TU
-488,-738,0,TU
-453.5,-738,0,TU
260,-738,0,TU
-370.5,-737,0,TU
-1028,-735.5,0,TU
-323,-735,0,TU
-9.5,-734.5,0,TU
-236,-734,0,TU
-1114.5,-734,0,TU
-528.5,-733.5,0,TU
438.5,-732.5,0,TU
-1090,-732.5,0,TU
-287.5,-730.5,0,TU
-991.5,-730.5,0,TU
-108,-728,0,TU
418,-727,0,TU
-336,-725,0,TU
-910.5,-723.5,0,TU
-679,-723.5,0,TU
523.5,-723.5,0,TU
126.5,-723,0,TU
-381,-723,0,TU
-360.5,-722.5,0,TU
-259.5,-721,0,TU
-627.5,-720.5,0,TU
-32.5,-719.5,0,TU
319,-719,0,TU
539,-718,0,TU
345.5,-717,0,TU
731.5,-716,0,TU
-449,-716,0,TU
240.5,-716,0,TU
-523.5,-715.5,0,TU
-191.5,-715,0,TU
155,-714.5,0,TU
-1054,-714,0,TU
-551,-711.5,0,TU
449.5,-710.5,0,TU
687.5,-710.5,0,TU
535,-710,0,TU
432,-709,0,TU
-577.5,-708.5,0,TU
-276,-707.5,0,TU
-505,-706.5,0,TU
-298,-706.5,0,TU
-204,-705.5,0,TU
516,-704.5,0,TU
-1020.5,-703.5,0,TU
-1098.5,-703,0,TU
-231,-702.5,0,TU
-517.5,-698.5,0,TU
229,-698.5,0,TU
616.5,-698,0,TU
-725,-697,0,TU
-1124.5,-696,0,TU
-1158.5,-695.5,0,TU
289,-695,0,TU
-1078.5,-695,0,TU
-863.5,-693.5,0,TU
-536.5,-693,0,TU
441,-692,0,TU
631.5,-691.5,0,TU
325,-690.5,0,TU
546,-689.5,0,TU
-745.5,-689.5,0,TU
650.5,-689,0,TU
-290.5,-688.5,0,TU
-628,-686.5,0,TU
482,-686,0,TU
-596.5,-684.5,0,TU
-393.5,-684,0,TU
-89.5,-682.5,0,TU
-705.5,-682.5,0,TU
-838,-682,0,TU
-765,-680.5,0,TU
-902,-679.5,0,TU
-1120,-678,0,TU
-427.5,-677,0,TU
-159,-677,0,TU
-814.5,-675.5,0,TU
-661.5,-674.5,0,TU
-1000,-673,0,TU
-1083.5,-673,0,TU
-737,-671,0,TU
-1201.5,-670.5,0,TU
-139.5,-670,0,TU
315.5,-670,0,TU
-779.5,-669.5,0,TU
-796.5,-669.5,0,TU
-71,-669.5,0,TU
351.5,-666,0,TU
-450,-664.5,0,TU
-1144,-663.5,0,TU
-1028.5,-662.5,0,TU
-319.5,-662,0,TU
-702,-661,0,TU
377.5,-660.5,0,TU
-1226.5,-659.5,0,TU
-750,-658,0,TU
-723,-656,0,TU
-140,-656,0,TU
-349,-655,0,TU
-914.5,-655,0,TU
-614,-654.5,0,TU
-81.5,-654,0,TU
127.5,-653.5,0,TU
-1164,-652.5,0,TU
-115.5,-652,0,TU
-254.5,-650,0,TU
-876,-650,0,TU
-961.5,-648.5,0,TU
-838,-648,0,TU
-459,-647.5,0,TU
-773,-647.5,0,TU
-580,-647.5,0,TU
-1142,-646.5,0,TU
105,-646,0,TU
-931,-645.5,0,TU
-785.5,-645.5,0,TU
-1075.5,-645,0,TU
429,-644,0,TU
-301,-643,0,TU
-700,-643,0,TU
-328,-643,0,TU
-1165,-642.5,0,TU
-1207,-642.5,0,TU
-545,-640.5,0,TU
448.5,-639.5,0,TU
-733,-637.5,0,TU
-894.5,-636.5,0,TU
-1185.5,-633.5,0,TU
-1104,-633,0,TU
-147,-631.5,0,TU
-755,-630.5,0,TU
-788.5,-630.5,0,TU
-122.5,-630,0,TU
-83,-629.5,0,TU
-963,-629,0,TU
-171,-629,0,TU
-344.5,-628.5,0,TU
-772.5,-628,0,TU
-353.5,-628,0,TU
-106,-627,0,TU
-246.5,-626,0,TU
-291,-624.5,0,TU
-504.5,-621.5,0,TU
-889,-621,0,TU
-1228.5,-620.5,0,TU
-686.5,-620.5,0,TU
-25,-620,0,TU
-1161,-620,0,TU
-735.5,-619.5,0,TU
369,-619,0,TU
-981.5,-618.5,0,TU
-1107,-618.5,0,TU
-1206,-618,0,TU
-54.5,-617.5,0,TU
247,-616.5,0,TU
1.5,-616,0,TU
-156,-615.5,0,TU
-1192.5,-615,0,TU
-323.5,-614.5,0,TU
-760,-614,0,TU
-128.5,-612.5,0,TU
-1175.5,-612,0,TU
-960.5,-611.5,0,TU
219.5,-611,0,TU
-194,-610,0,TU
414.5,-610,0,TU
-1018,-609,0,TU
-473.5,-608,0,TU
357.5,-607,0,TU
384,-606,0,TU
-996.5,-606,0,TU
-1241.5,-605,0,TU
-940.5,-605,0,TU
-167.5,-602.5,0,TU
-1303,-602.5,0,TU
-1106,-602,0,TU
-980.5,-601.5,0,TU
-353.5,-600.5,0,TU
279.5,-599.5,0,TU
-16,-599,0,TU
-767.5,-598,0,TU
-1123,-597,0,TU
-144,-597,0,TU
-1155.5,-597,0,TU
-1137,-596,0,TU
-1178,-595.5,0,TU
-746,-594,0,TU
-1193,-593,0,TU
-922.5,-592.5,0,TU
-1073.5,-592,0,TU
-1014,-591.5,0,TU
-246.5,-591,0,TU
-955.5,-589,0,TU
400.5,-588.5,0,TU
-1206,-588,0,TU
435.5,-587.5,0,TU
-216,-587,0,TU
-680.5,-585.5,0,TU
156.5,-584.5,0,TU
2.5,-584,0,TU
-54,-582.5,0,TU
-1243.5,-581.5,0,TU
360.5,-581,0,TU
122.5,-580,0,TU
-464.5,-579.5,0,TU
-308.5,-579.5,0,TU
-114,-579,0,TU
-142,-579,0,TU
-790,-579,0,TU
-492.5,-579,0,TU
-758,-577.5,0,TU
-613.5,-576.5,0,TU
-582,-575.5,0,TU
14.5,-574,0,TU
-170.5,-574,0,TU
-1142.5,-573,0,TU
-32.5,-572.5,0,TU
-1181,-572.5,0,TU
-391,-572,0,TU
-209.5,-572,0,TU
-1164.5,-572,0,TU
-1223,-572,0,TU
240,-571.5,0,TU
-1189.5,-570,0,TU
-1009.5,-569,0,TU
-256.5,-568.5,0,TU
-512.5,-567.5,0,TU
-1091.5,-563.5,0,TU
-1123.5,-563.5,0,TU
-758,-562.5,0,TU
265,-562,0,TU
-629,-560.5,0,TU
-175.5,-560.5,0,TU
-40.5,-560,0,TU
95.5,-559,0,TU
-303,-559,0,TU
-1212.5,-557,0,TU
-136,-556.5,0,TU
-525,-556,0,TU
-550,-555.5,0,TU
-783.5,-553.5,0,TU
-70,-553.5,0,TU
-1024,-553,0,TU
202,-552.5,0,TU
-812,-552,0,TU
-1253.5,-550,0,TU
-752.5,-549,0,TU
-147,-547.5,0,TU
-991.5,-547,0,TU
-1082,-546.5,0,TU
290,-546.5,0,TU
-1279,-546,0,TU
-925.5,-546,0,TU
-1227,-545,0,TU
-210,-544,0,TU
-672,-543.5,0,TU
-788,-543,0,TU
-1184.5,-541.5,0,TU
-1204,-541.5,0,TU
-828.5,-541,0,TU
-1158,-540.5,0,TU
-746,-540.5,0,TU
256,-540.5,0,TU
-261,-540.5,0,TU
-727,-539,0,TU
-1246,-535,0,TU
-500,-535,0,TU
-182.5,-532.5,0,TU
-877,-532.5,0,TU
147,-532,0,TU
-655.5,-529.5,0,TU
-943.5,-529,0,TU
234,-529,0,TU
-1098.5,-528.5,0,TU
-1209,-528.5,0,TU
-808,-528,0,TU
50.5,-527.5,0,TU
-467.5,-525.5,0,TU
-1119,-525.5,0,TU
-1151.5,-525,0,TU
-596,-524.5,0,TU
-749.5,-523.5,0,TU
-639,-522.5,0,TU
-279.5,-521.5,0,TU
-826.5,-521.5,0,TU
-684.5,-521,0,TU
-549,-519,0,TU
-208.5,-519,0,TU
-61.5,-518.5,0,TU
-1007.5,-518.5,0,TU
-286.5,-516.5,0,TU
-1074,-516.5,0,TU
-877,-516.5,0,TU
-1209,-516,0,TU
-335.5,-515.5,0,TU
-97.5,-515.5,0,TU
-249,-513,0,TU
-576,-512.5,0,TU
-1189.5,-512.5,0,TU
-732,-512.5,0,TU
-614,-511,0,TU
220,-510.5,0,TU
-810.5,-509.5,0,TU
-363.5,-509.5,0,TU
-652.5,-509.5,0,TU
-958,-509,0,TU
-1049.5,-509,0,TU
-75.5,-508,0,TU
-422.5,-507,0,TU
-628,-507,0,TU
-699.5,-506.5,0,TU
145.5,-506,0,TU
-863.5,-505,0,TU
-1097,-505,0,TU
-934,-504.5,0,TU
-838,-504.5,0,TU
-1246.5,-503.5,0,TU
-317.5,-502,0,TU
-1161.5,-501.5,0,TU
342,-500.5,0,TU
-968,-499,0,TU
-1268.5,-498.5,0,TU
196.5,-498.5,0,TU
-765.5,-497,0,TU
-845,-497,0,TU
-458,-496.5,0,TU
-1236.5,-496,0,TU
361,-495.5,0,TU
-1227.5,-495,0,TU
-549.5,-495,0,TU
-729,-494.5,0,TU
-335,-494.5,0,TU
-1205,-494,0,TU
274,-492.5,0,TU
-577.5,-492.5,0,TU
-405.5,-492,0,TU
299,-492,0,TU
-1171.5,-491,0,TU
-713,-490,0,TU
-747,-489.5,0,TU
-353.5,-489.5,0,TU
-49.5,-489.5,0,TU
-521,-489,0,TU
-884.5,-488.5,0,TU
-1109.5,-487.5,0,TU
-79,-487.5,0,TU
224,-487,0,TU
-998,-487,0,TU
100,-486.5,0,TU
67.5,-485.5,0,TU
240,-485.5,0,TU
-1038.5,-485,0,TU
-386,-484,0,TU
-1142.5,-482.5,0,TU
152.5,-482.5,0,TU
-365.5,-481.5,0,TU
-1264.5,-481,0,TU
-1128,-481,0,TU
-431,-480.5,0,TU
43,-480.5,0,TU
-488.5,-480.5,0,TU
-20,-478,0,TU
-571.5,-478,0,TU
-1223.5,-477.5,0,TU
205,-477,0,TU
-1090,-477,0,TU
-350.5,-476.5,0,TU
-1060,-475.5,0,TU
-332.5,-475.5,0,TU
-839.5,-475.5,0,TU
-600.5,-475,0,TU
-459.5,-474,0,TU
-1162,-474,0,TU
-1246,-474,0,TU
-859,-473.5,0,TU
-543.5,-473,0,TU
-293.5,-473,0,TU
-764.5,-473,0,TU
-619,-472.5,0,TU
-239.5,-472,0,TU
-1300.5,-471.5,0,TU
-1373,-471,0,TU
-273,-470.5,0,TU
-71,-470.5,0,TU
180,-470.5,0,TU
196,-470,0,TU
-104.5,-469.5,0,TU
61,-469,0,TU
-637,-469,0,TU
163.5,-465.5,0,TU
-1154,-465.5,0,TU
-198.5,-465,0,TU
257,-464.5,0,TU
281.5,-463.5,0,TU
-892.5,-463.5,0,TU
-420.5,-463.5,0,TU
100.5,-461.5,0,TU
-1133.5,-461,0,TU
-1193,-461,0,TU
-1238,-460.5,0,TU
-518.5,-460,0,TU
-1213,-460,0,TU
226,-460,0,TU
-27.5,-459.5,0,TU
-398.5,-459.5,0,TU
-44.5,-459,0,TU
-1268,-458.5,0,TU
-1079.5,-458,0,TU
-1031,-457.5,0,TU
-613.5,-457.5,0,TU
-63.5,-457,0,TU
-1105.5,-457,0,TU
-567.5,-457,0,TU
-1290.5,-455.5,0,TU
-800,-455.5,0,TU
-452,-454,0,TU
-1324,-452,0,TU
57,-452,0,TU
-650,-452,0,TU
-1227.5,-451.5,0,TU
-928.5,-451,0,TU
-906.5,-450.5,0,TU
-763.5,-450.5,0,TU
-1306.5,-450.5,0,TU
-428,-450,0,TU
121,-448.5,0,TU
2,-448.5,0,TU
-1061,-448,0,TU
-632,-448,0,TU
-834,-447.5,0,TU
21,-447.5,0,TU
-405.5,-447,0,TU
176,-447,0,TU
-81,-447,0,TU
-168,-446.5,0,TU
-1172,-445.5,0,TU
-103.5,-444.5,0,TU
-349,-444.5,0,TU
-1215.5,-442.5,0,TU
-498.5,-442.5,0,TU
-14.5,-441.5,0,TU
-233,-441,0,TU
-276,-440.5,0,TU
-1127,-440,0,TU
-53.5,-439.5,0,TU
411.5,-439.5,0,TU
-31,-439,0,TU
-256.5,-438.5,0,TU
100,-438,0,TU
-1282.5,-437.5,0,TU
-302,-437,0,TU
-122,-437,0,TU
-1255,-437,0,TU
-696.5,-436.5,0,TU
-885.5,-435,0,TU
-530.5,-435,0,TU
-998.5,-434.5,0,TU
-212.5,-433,0,TU
-917,-433,0,TU
-67.5,-433,0,TU
-1043,-432.5,0,TU
-684,-431,0,TU
-1081,-429.5,0,TU
-1025.5,-429.5,0,TU
-87,-429,0,TU
-431.5,-429,0,TU
-727.5,-428.5,0,TU
-1214.5,-428.5,0,TU
-809,-428.5,0,TU
-1003.5,-428.5,0,TU
-180.5,-428,0,TU
-1141,-427.5,0,TU
-41,-427,0,TU
-1237,-426.5,0,TU
-245.5,-425.5,0,TU
-105.5,-425,0,TU
-1348,-425,0,TU
-1166.5,-423.5,0,TU
-1255.5,-423,0,TU
-350.5,-423,0,TU
-404,-423,0,TU
-655.5,-422.5,0,TU
164,-422.5,0,TU
-55,-421,0,TU
-286,-421,0,TU
-962,-418,0,TU
-1280,-418,0,TU
-1053,-418,0,TU
-370.5,-417.5,0,TU
186,-417,0,TU
-1233,-417,0,TU
-24.5,-416,0,TU
-930.5,-415.5,0,TU
-1196.5,-415,0,TU
-319,-412.5,0,TU
-111,-412.5,0,TU
-160,-412,0,TU
-206.5,-411.5,0,TU
-532,-410,0,TU
-1411.5,-409.5,0,TU
-1140.5,-409,0,TU
-1172,-408.5,0,TU
-907.5,-408.5,0,TU
-559.5,-407,0,TU
-59.5,-406,0,TU
-40,-405,0,TU
-1026,-405,0,TU
104.5,-404,0,TU
-791.5,-402.5,0,TU
-812.5,-401.5,0,TU
-1219.5,-401.5,0,TU
-1004,-401,0,TU
-344,-400.5,0,TU
-89.5,-399.5,0,TU
-1390.5,-399.5,0,TU
-1433,-399.5,0,TU
-306,-398.5,0,TU
-11,-398,0,TU
-682.5,-397.5,0,TU
-1257.5,-395.5,0,TU
-270.5,-395,0,TU
-114.5,-394,0,TU
-472.5,-393,0,TU
-1371.5,-393,0,TU
-1333,-393,0,TU
-1045,-392.5,0,TU
-990,-392.5,0,TU
28.5,-392,0,TU
-1456.5,-392,0,TU
-1290,-392,0,TU
122,-390,0,TU
-1144,-389.5,0,TU
-1178,-388.5,0,TU
-134.5,-388.5,0,TU
-1195.5,-388.5,0,TU
-1217,-388,0,TU
-68,-388,0,TU
-1019,-388,0,TU
-1112,-386.5,0,TU
-673.5,-386,0,TU
-47,-385,0,TU
-1243,-385,0,TU
-1466.5,-383.5,0,TU
3.5,-381,0,TU
-1272.5,-380.5,0,TU
93,-380.5,0,TU
-800.5,-380.5,0,TU
-1159.5,-380,0,TU
-1387.5,-379.5,0,TU
16.5,-379.5,0,TU
216.5,-378,0,TU
-502.5,-378,0,TU
-525,-378,0,TU
-912,-378,0,TU
-1055.5,-378,0,TU
-952.5,-377.5,0,TU
-441.5,-377,0,TU
-1326,-376.5,0,TU
-820,-376,0,TU
-693,-374,0,TU
34.5,-374,0,TU
-1340,-373.5,0,TU
-633,-373,0,TU
-1201,-373,0,TU
-988,-372.5,0,TU
135,-372.5,0,TU
-1447,-372,0,TU
-780.5,-371.5,0,TU
-1374.5,-371.5,0,TU
-836,-370,0,TU
-410,-369.5,0,TU
-49,-369.5,0,TU
-655,-369,0,TU
-302,-369,0,TU
-1154.5,-368.5,0,TU
-1030.5,-368,0,TU
-962,-367.5,0,TU
-1178,-367.5,0,TU
-624,-367.5,0,TU
-792,-366,0,TU
-354,-366,0,TU
-388,-365,0,TU
-1547.5,-364.5,0,TU
-1422.5,-364,0,TU
-1281,-363.5,0,TU
-540.5,-363.5,0,TU
-1074,-362.5,0,TU
-1131,-362,0,TU
212,-361.5,0,TU
-279,-361,0,TU
-924.5,-361,0,TU
-907,-360,0,TU
197,-360,0,TU
-1168,-359,0,TU
-1404,-359,0,TU
-434,-357.5,0,TU
-741,-356.5,0,TU
-445,-356.5,0,TU
-1457.5,-356.5,0,TU
-1198.5,-355.5,0,TU
-1089.5,-354.5,0,TU
-667,-354.5,0,TU
-993,-354,0,TU
-92.5,-354,0,TU
-1014.5,-354,0,TU
-339.5,-353,0,TU
-416.5,-352.5,0,TU
10.5,-352,0,TU
-968,-351.5,0,TU
-1563.5,-349,0,TU
-1053.5,-348.5,0,TU
-1280.5,-348,0,TU
-1180,-347.5,0,TU
-1333,-347.5,0,TU
-581.5,-347.5,0,TU
-315,-346.5,0,TU
53,-346,0,TU
-46,-345.5,0,TU
-507,-345.5,0,TU
-1149,-344,0,TU
-1439.5,-343.5,0,TU
-811,-343,0,TU
-836,-343,0,TU
105,-342,0,TU
-106,-341,0,TU
-856,-341,0,TU
124.5,-340.5,0,TU
-456,-340.5,0,TU
-289.5,-340,0,TU
-1035,-339.5,0,TU
-1199.5,-338,0,TU
-433,-337.5,0,TU
-268.5,-337.5,0,TU
-921,-337,0,TU
-1410,-336.5,0,TU
-123,-334.5,0,TU
34,-334.5,0,TU
-1353.5,-334.5,0,TU
-1092,-334,0,TU
97,-332.5,0,TU
-1167.5,-332,0,TU
-1322.5,-329,0,TU
-1253,-328.5,0,TU
141.5,-328,0,TU
-959.5,-328,0,TU
-726.5,-327,0,TU
87,-327,0,TU
-751,-327,0,TU
57,-326.5,0,TU
-330.5,-326.5,0,TU
-702.5,-326,0,TU
126,-326,0,TU
-1610.5,-325.5,0,TU
-1026,-325.5,0,TU
-172.5,-325,0,TU
-940,-324.5,0,TU
-1485.5,-324,0,TU
-1563,-324,0,TU
-449.5,-323,0,TU
-1335,-322,0,TU
110.5,-321,0,TU
-1411.5,-320.5,0,TU
-1230.5,-320.5,0,TU
-820,-320.5,0,TU
-349.5,-320.5,0,TU
-1375.5,-320,0,TU
-995.5,-320,0,TU
-1106,-319.5,0,TU
-770.5,-318.5,0,TU
-1515.5,-318.5,0,TU
-839,-318.5,0,TU
-973,-317.5,0,TU
-913.5,-317,0,TU
-1180,-316.5,0,TU
-1081,-316.5,0,TU
-876.5,-316,0,TU
-427.5,-316,0,TU
-1300,-316,0,TU
-1435,-315.5,0,TU
-1589.5,-315,0,TU
-502.5,-315,0,TU
-592,-314.5,0,TU
-484.5,-314.5,0,TU
-454.5,-312,0,TU
-1276,-311,0,TU
-690,-310.5,0,TU
-442.5,-310.5,0,TU
97,-310.5,0,TU
-664.5,-310,0,TU
-372.5,-310,0,TU
-244.5,-309.5,0,TU
-316,-309.5,0,TU
-700.5,-309.5,0,TU
-1525.5,-309,0,TU
-1356.5,-308,0,TU
-1454,-306.5,0,TU
-756.5,-306.5,0,TU
-1250,-306.5,0,TU
-1336,-306,0,TU
72,-305.5,0,TU
-1477,-305.5,0,TU
-1320,-304.5,0,TU
-971.5,-303.5,0,TU
-1434,-303,0,TU
-471,-302,0,TU
-1294.5,-301.5,0,TU
-1571,-300.5,0,TU
-1500.5,-300,0,TU
-717,-299.5,0,TU
-486.5,-299,0,TU
-550.5,-298.5,0,TU
-844.5,-298,0,TU
-806.5,-296.5,0,TU
-71.5,-295.5,0,TU
-737.5,-295.5,0,TU
-1273.5,-294.5,0,TU
-169,-294.5,0,TU
-503.5,-294.5,0,TU
-36.5,-294,0,TU
-990.5,-293.5,0,TU
-580,-292,0,TU
-455.5,-291.5,0,TU
-881,-291.5,0,TU
-1286.5,-291,0,TU
-1340.5,-291,0,TU
-1514,-290.5,0,TU
-1306.5,-289,0,TU
-1431,-288.5,0,TU
-776.5,-288.5,0,TU
-754,-288,0,TU
-297,-288,0,TU
-526,-288,0,TU
-1447.5,-287.5,0,TU
-1462,-287,0,TU
-21,-286,0,TU
-1256,-285,0,TU
91,-284,0,TU
-1566,-282.5,0,TU
-1002,-282,0,TU
-543.5,-281,0,TU
-1615.5,-281,0,TU
-1133.5,-280.5,0,TU
-263,-279.5,0,TU
-120,-279.5,0,TU
-1486,-279.5,0,TU
-483.5,-279.5,0,TU
-1278.5,-279,0,TU
-226.5,-278.5,0,TU
-566.5,-278,0,TU
-1235.5,-277.5,0,TU
-286.5,-276.5,0,TU
-406.5,-275.5,0,TU
-648.5,-273.5,0,TU
100,-273.5,0,TU
-1318.5,-273.5,0,TU
-85,-273,0,TU
-331,-271.5,0,TU
-805,-271,0,TU
121.5,-271,0,TU
-757,-271,0,TU
-1436,-271,0,TU
-1415.5,-270.5,0,TU
-896.5,-270,0,TU
-780,-269.5,0,TU
-1294.5,-269.5,0,TU
-1337.5,-269,0,TU
-975,-268.5,0,TU
-515,-267,0,TU
-1504.5,-266.5,0,TU
-293.5,-265.5,0,TU
-1454.5,-265,0,TU
-1473.5,-264,0,TU
-544,-262,0,TU
-1532,-260.5,0,TU
-595,-260,0,TU
-1705.5,-260,0,TU
-60,-260,0,TU
-202,-258.5,0,TU
-568,-258.5,0,TU
-878,-258,0,TU
-730.5,-257,0,TU
-621,-256.5,0,TU
-112.5,-256,0,TU
-26.5,-255.5,0,TU
-397,-254.5,0,TU
62.5,-254.5,0,TU
-1163.5,-251,0,TU
-1460.5,-251,0,TU
-292.5,-249,0,TU
83,-248.5,0,TU
-417,-248.5,0,TU
-704.5,-248.5,0,TU
-1128,-248,0,TU
-848,-248,0,TU
-1493,-247.5,0,TU
-917,-245,0,TU
-375.5,-245,0,TU
-687.5,-244.5,0,TU
-787.5,-241,0,TU
-1716,-240,0,TU
-967.5,-238.5,0,TU
-59,-238,0,TU
-222.5,-238,0,TU
-1647,-236.5,0,TU
-1114,-236.5,0,TU
-743.5,-236,0,TU
-1011,-236,0,TU
-401.5,-233.5,0,TU
-1470,-233,0,TU
-1744,-233,0,TU
-1446.5,-232.5,0,TU
-1081,-230.5,0,TU
-894,-228.5,0,TU
-285.5,-228.5,0,TU
-610.5,-228,0,TU
-550.5,-225,0,TU
-1152,-225,0,TU
-173,-224.5,0,TU
-643,-224,0,TU
-1771,-224,0,TU
-1718.5,-223.5,0,TU
-1573.5,-223.5,0,TU
-267.5,-223,0,TU
-1552,-223,0,TU
-1127.5,-222.5,0,TU
-536.5,-221.5,0,TU
-776.5,-219,0,TU
-601.5,-218.5,0,TU
-720.5,-218,0,TU
-455.5,-218,0,TU
-583,-217.5,0,TU
-1518.5,-217,0,TU
-1073.5,-216.5,0,TU
-105,-214.5,0,TU
-503.5,-213.5,0,TU
-318,-213,0,TU
-1507,-211,0,TU
-766.5,-210.5,0,TU
-1743,-210,0,TU
-295.5,-209,0,TU
-948,-206.5,0,TU
-1594.5,-206,0,TU
-422.5,-204.5,0,TU
-165,-203.5,0,TU
-110,-203.5,0,TU
-60.5,-203,0,TU
14.5,-203,0,TU
-736,-202,0,TU
-907,-201.5,0,TU
-459.5,-201.5,0,TU
-669,-201.5,0,TU
-1006,-200.5,0,TU
-1645.5,-199,0,TU
-1713.5,-198.5,0,TU
-208.5,-198,0,TU
-314,-198,0,TU
-884,-197.5,0,TU
40.5,-197,0,TU
-569,-196.5,0,TU
-1127,-196,0,TU
-1035.5,-195,0,TU
-826.5,-194,0,TU
-1094,-192.5,0,TU
-1489.5,-192.5,0,TU
-1806.5,-192.5,0,TU
-632,-191.5,0,TU
-255,-189,0,TU
-723.5,-188,0,TU
-485.5,-186.5,0,TU
-1522,-185.5,0,TU
-457.5,-184.5,0,TU
-1166.5,-184.5,0,TU
-1846.5,-184.5,0,TU
-312.5,-183.5,0,TU
-277.5,-183,0,TU
-1737.5,-183,0,TU
-859,-182.5,0,TU
-1544.5,-181,0,TU
-1857.5,-180.5,0,TU
-1818.5,-180,0,TU
-650,-179,0,TU
-334,-177.5,0,TU
-679.5,-177,0,TU
-1618.5,-177,0,TU
-1135,-175,0,TU
-827.5,-174,0,TU
-1009,-174,0,TU
-1456.5,-174,0,TU
-162,-173.5,0,TU
-1690,-173,0,TU
-1044.5,-172.5,0,TU
-1711.5,-172.5,0,TU
-1655,-172,0,TU
-1499,-171.5,0,TU
-876.5,-170.5,0,TU
-736,-170,0,TU
-987,-169.5,0,TU
-312.5,-168.5,0,TU
-4,-167.5,0,TU
-1732,-166.5,0,TU
-1563,-166,0,TU
-1094,-165,0,TU
-895,-165,0,TU
-571.5,-164.5,0,TU
-1525,-164.5,0,TU
-1364.5,-164,0,TU
-948.5,-163,0,TU
-1670,-162,0,TU
-1389,-162,0,TU
-1626.5,-161.5,0,TU
-1025.5,-160.5,0,TU
-369,-160.5,0,TU
-298.5,-159.5,0,TU
-1749,-159,0,TU
-1461.5,-158,0,TU
-1070,-157,0,TU
-1576,-157,0,TU
-1856.5,-156.5,0,TU
-457.5,-156.5,0,TU
-1883,-156,0,TU
-1811.5,-155,0,TU
-278.5,-155,0,TU
-1142.5,-154.5,0,TU
-471,-154.5,0,TU
-317,-154.5,0,TU
-438.5,-153.5,0,TU
-392.5,-152.5,0,TU
-1369,-152,0,TU
-692,-151,0,TU
-1409.5,-151,0,TU
-1341.5,-151,0,TU
-822,-149.5,0,TU
-975,-149.5,0,TU
-1094,-149,0,TU
-1727.5,-149,0,TU
-1492,-148.5,0,TU
-929.5,-145.5,0,TU
-1170,-145,0,TU
-1599.5,-145,0,TU
-358,-145,0,TU
-1657.5,-145,0,TU
-1624,-145,0,TU
-425.5,-143.5,0,TU
-412,-143.5,0,TU
-519.5,-142,0,TU
-1129,-142,0,TU
-380.5,-142,0,TU
-1024,-141.5,0,TU
-1885.5,-139.5,0,TU
-1707.5,-139,0,TU
-1758.5,-136,0,TU
-307.5,-135.5,0,TU
-1475.5,-135,0,TU
-1388,-134.5,0,TU
-282.5,-134.5,0,TU
-441,-134,0,TU
-1369.5,-133,0,TU
-472.5,-132.5,0,TU
-1670.5,-131.5,0,TU
-264,-131.5,0,TU
-743,-131.5,0,TU
-455.5,-130.5,0,TU
-1908,-130,0,TU
-1449.5,-129.5,0,TU
-1009,-129,0,TU
-1792,-128,0,TU
-1596.5,-127.5,0,TU
-527,-127,0,TU
-827,-127,0,TU
-916,-127,0,TU
-894,-126.5,0,TU
-370.5,-126,0,TU
-862.5,-126,0,TU
-1812,-125,0,TU
-1919.5,-124.5,0,TU
-306,-124.5,0,TU
-1026.5,-124,0,TU
-1075,-124,0,TU
-1037.5,-123.5,0,TU
-810.5,-123.5,0,TU
-343.5,-123,0,TU
-1350.5,-123,0,TU
-1871.5,-123,0,TU
-184.5,-123,0,TU
-1654,-122,0,TU
-984.5,-121.5,0,TU
-1617.5,-121,0,TU
-932,-119,0,TU
-315.5,-118.5,0,TU
-1637,-118.5,0,TU
-1893,-118.5,0,TU
-1691,-118,0,TU
-597.5,-117.5,0,TU
-1725.5,-117.5,0,TU
-328,-116.5,0,TU
-497,-116,0,TU
-1840,-116,0,TU
-908,-115.5,0,TU
-1367,-115.5,0,TU
-1061,-114.5,0,TU
-363.5,-110.5,0,TU
-452,-109,0,TU
-884,-109,0,TU
-1088,-108.5,0,TU
-477.5,-108.5,0,TU
-382,-108.5,0,TU
-1406,-108,0,TU
-1164.5,-108,0,TU
-1909,-107.5,0,TU
-1791.5,-106.5,0,TU
-532,-105,0,TU
-1329,-105,0,TU
-277.5,-105,0,TU
-504,-105,0,TU
-1115,-102.5,0,TU
-329.5,-102.5,0,TU
-663,-102,0,TU
-253.5,-102,0,TU
-1880,-101.5,0,TU
-1753.5,-100.5,0,TU
-1854,-100.5,0,TU
-1729.5,-100,0,TU
-765.5,-100,0,TU
-311,-99.5,0,TU
-568.5,-99.5,0,TU
-918.5,-99,0,TU
-1424.5,-99,0,TU
-290.5,-98.5,0,TU
-345.5,-98.5,0,TU
-1601,-98,0,TU
-1041.5,-97,0,TU
-1247.5,-96.5,0,TU
-1836.5,-96,0,TU
-1936,-96,0,TU
-1566.5,-95,0,TU
-898,-94.5,0,TU
-1393.5,-94,0,TU
-363,-94,0,TU
-1790.5,-93.5,0,TU
-1644,-93.5,0,TU
-1681.5,-91,0,TU
-940,-90.5,0,TU
-335.5,-88,0,TU
-1922.5,-88,0,TU
-384,-88,0,TU
-539,-88,0,TU
-229,-87.5,0,TU
-321,-87.5,0,TU
-515.5,-87.5,0,TU
-1800,-87.5,0,TU
-1904,-87.5,0,TU
-1263,-87,0,TU
-781,-86.5,0,TU
-1877,-86.5,0,TU
-1951,-86,0,TU
-89.5,-86,0,TU
-297,-84.5,0,TU
-193.5,-84,0,TU
-1700.5,-83.5,0,TU
-1212,-83.5,0,TU
-403.5,-82.5,0,TU
-446,-82,0,TU
-1770.5,-82,0,TU
-852.5,-82,0,TU
-870,-80.5,0,TU
-1727,-80.5,0,TU
-1847,-78.5,0,TU
-1861,-78.5,0,TU
-254.5,-78,0,TU
-356.5,-77.5,0,TU
-1661.5,-77.5,0,TU
-1226.5,-77,0,TU
-899.5,-77,0,TU
-1540.5,-76.5,0,TU
-493.5,-76.5,0,TU
-1044,-75.5,0,TU
-1438.5,-74.5,0,TU
-1521,-74,0,TU
-1570,-70,0,TU
-992.5,-69.5,0,TU
-201.5,-68.5,0,TU
-1942,-68,0,TU
-1690.5,-67,0,TU
-1867.5,-66,0,TU
-1065.5,-66,0,TU
-1817.5,-66,0,TU
-1396.5,-65.5,0,TU
-1757,-65,0,TU
-523,-64.5,0,TU
-886.5,-63.5,0,TU
-1306,-61.5,0,TU
-2037.5,-61.5,0,TU
-1733,-61.5,0,TU
-1931.5,-61,0,TU
-967,-60.5,0,TU
-1282.5,-59.5,0,TU
-1255,-59.5,0,TU
-1010,-57,0,TU
-1885.5,-57,0,TU
-2004,-57,0,TU
-1322,-56.5,0,TU
-1795,-55.5,0,TU
-1053,-55.5,0,TU
-345,-54.5,0,TU
-394.5,-53.5,0,TU
-359.5,-53.5,0,TU
-1952,-53,0,TU
-1821,-53,0,TU
-864,-52.5,0,TU
-700,-52,0,TU
-1033,-50.5,0,TU
-1873,-50,0,TU
-1127.5,-49.5,0,TU
-1666.5,-49,0,TU
-976.5,-49,0,TU
-944,-48.5,0,TU
-1426.5,-48,0,TU
-1701.5,-47.5,0,TU
-481,-47,0,TU
-1851,-46,0,TU
-792,-45.5,0,TU
-1781,-45,0,TU
-1904.5,-42.5,0,TU
-1067,-42,0,TU
-1320,-41,0,TU
-1337,-40.5,0,TU
-450,-39.5,0,TU
-1253.5,-39.5,0,TU
-1756,-38.5,0,TU
-1820.5,-38.5,0,TU
-1770,-37,0,TU
-927,-37,0,TU
-715,-37,0,TU
-1934,-36,0,TU
-1845,-35.5,0,TU
-835,-34.5,0,TU
-2041,-34,0,TU
-1656,-34,0,TU
-963,-33,0,TU
-288,-33,0,TU
-590,-33,0,TU
-2001,-33,0,TU
-1727.5,-32,0,TU
-1958.5,-31.5,0,TU
-892,-31,0,TU
-1874,-29,0,TU
-750,-28.5,0,TU
-408.5,-28.5,0,TU
-629.5,-28,0,TU
-1810,-28,0,TU
-486,-27,0,TU
-1976.5,-26,0,TU
-721.5,-25.5,0,TU
-382,-25.5,0,TU
-345.5,-25,0,TU
-1322.5,-23,0,TU
-1299.5,-23,0,TU
-1912.5,-22,0,TU
-862.5,-22,0,TU
-658,-21.5,0,TU
-1269.5,-20,0,TU
-1835,-19,0,TU
-1240,-19,0,TU
-1411,-18,0,TU
-657.5,-17.5,0,TU
-949.5,-17.5,0,TU
-1065.5,-15.5,0,TU
-919,-15.5,0,TU
-461.5,-15,0,TU
-317.5,-12,0,TU
-1125,-12,0,TU
-1638,-11,0,TU
-771.5,-10.5,0,TU
-1780,-10,0,TU
-476,-10,0,TU
-588.5,-9,0,TU
-1920.5,-8.5,0,TU
-1082,-8,0,TU
-979.5,-7.5,0,TU
-1449,-7.5,0,TU
-1798.5,-7.5,0,TU
-1985.5,-7,0,TU
-1842.5,-6.5,0,TU
-1604.5,-5.5,0,TU
-1347.5,-4,0,TU
-2005.5,-3.5,0,TU
-2034,-3,0,TU
-616,-2,0,TU
-2122,-2,0,TU
-679.5,-0.5,0,TU
-1754.5,-0.5,0,TU
-1824,0,0,TU
-445,0.5,0,TU
-2063.5,1.5,0,TU
-337.5,1.5,0,TU
-899,2,0,TU
-1578.5,2,0,TU
-2096.5,3,0,TU
-489.5,3.5,0,TU
-787,4,0,TU
-1877,5,0,TU
-721.5,5,0,TU
-2175.5,5.5,0,TU
-1332,5.5,0,TU
-1302,8,0,TU
-477,9.5,0,TU
-514.5,11,0,TU
-2050,11.5,0,TU
-1941,11.5,0,TU
-820,12.5,0,TU
-1436.5,12.5,0,TU
-2021.5,13,0,TU
-1051.5,13,0,TU
-1488.5,14,0,TU
-1463.5,14,0,TU
-1974,14,0,TU
-688,14.5,0,TU
-620,15,0,TU
-438.5,15,0,TU
-1846,15.5,0,TU
-1266.5,16,0,TU
-1110.5,17,0,TU
-1348,18,0,TU
-1297,19.5,0,TU
-2132,20,0,TU
-971,21,0,TU
-1152.5,21,0,TU
-1069,22,0,TU
-1815,22.5,0,TU
-1996,23.5,0,TU
-1779.5,23.5,0,TU
-1495.5,23.5,0,TU
-1446,24,0,TU
-1543.5,24.5,0,TU
-1130.5,25,0,TU
-1737.5,25,0,TU
-341.5,25,0,TU
-432.5,26.5,0,TU
-2061.5,27,0,TU
-2082.5,27,0,TU
-2046,27.5,0,TU
-407.5,27.5,0,TU
-455.5,27.5,0,TU
-2037.5,28,0,TU
-596,29.5,0,TU
-520,30.5,0,TU
-581,31,0,TU
-1387,31.5,0,TU
-843.5,32.5,0,TU
-1028.5,33,0,TU
-560.5,34,0,TU
-782,34.5,0,TU
-1080,34.5,0,TU
-1309,35,0,TU
-482.5,35,0,TU
-957.5,35.5,0,TU
-367.5,35.5,0,TU
-539.5,36.5,0,TU
-2023.5,36.5,0,TU
-1911,36.5,0,TU
-641,37,0,TU
-503.5,38,0,TU
-2003.5,38,0,TU
-1003.5,38,0,TU
-1967,38.5,0,TU
-1853,38.5,0,TU
-885.5,39.5,0,TU
-910.5,39.5,0,TU
-1432.5,40,0,TU
-1758,40.5,0,TU
-1104.5,41,0,TU
-616.5,42,0,TU
-2083.5,42,0,TU
-1776,44,0,TU
-2216.5,44,0,TU
-1494,44,0,TU
-2109,45,0,TU
-931.5,45.5,0,TU
-2071,46,0,TU
-1297,47,0,TU
-1802,47.5,0,TU
-1894.5,47.5,0,TU
-1924,47.5,0,TU
-1460,47.5,0,TU
-1260,49,0,TU
-850,49.5,0,TU
-703.5,50,0,TU
-391,50.5,0,TU
-1946,51,0,TU
-2036,51.5,0,TU
-1979.5,51.5,0,TU
-588,51.5,0,TU
-488,52,0,TU
-1393,52.5,0,TU
-560.5,52.5,0,TU
-1723,52.5,0,TU
-431.5,53,0,TU
-460.5,53,0,TU
-760.5,53,0,TU
-962,54,0,TU
-1741,55,0,TU
-792.5,56,0,TU
-1834,56.5,0,TU
-1623,57.5,0,TU
-1869.5,57.5,0,TU
-1429.5,58,0,TU
-1674,58,0,TU
-2090,58.5,0,TU
-2015,58.5,0,TU
-2053,59,0,TU
-672,60.5,0,TU
-1353,61,0,TU
-352,61,0,TU
-531,61,0,TU
-692,62,0,TU
-1010,62,0,TU
-1854,62,0,TU
-2073,62,0,TU
-579,62.5,0,TU
-982.5,64,0,TU
-1713.5,64,0,TU
-1811,64.5,0,TU
-1402,65.5,0,TU
-816.5,66,0,TU
-1063,66,0,TU
-600,67.5,0,TU
-1196,68,0,TU
-1375,68,0,TU
-1601.5,68.5,0,TU
-547.5,68.5,0,TU
-1887,69,0,TU
-1963,69.5,0,TU
-1692,70.5,0,TU
-1764.5,71,0,TU
-1082.5,71,0,TU
-921.5,71.5,0,TU
-903,71.5,0,TU
-1269,72,0,TU
-767,72,0,TU
-570,72.5,0,TU
-504.5,72.5,0,TU
-854,73,0,TU
-1983,73,0,TU
-2176.5,73,0,TU
-1296,73.5,0,TU
-796.5,73.5,0,TU
-2041.5,73.5,0,TU
-2094.5,73.5,0,TU
-939,73.5,0,TU
-2144.5,74.5,0,TU
-1019.5,74.5,0,TU
-2014.5,76,0,TU
-2223,76,0,TU
-739.5,76.5,0,TU
-896,76.5,0,TU
-1910,77,0,TU
-1872.5,77.5,0,TU
-482.5,78,0,TU
-2115.5,78.5,0,TU
-827,78.5,0,TU
-1432.5,78.5,0,TU
-1739.5,79,0,TU
-1230,79,0,TU
-583.5,80.5,0,TU
-1997,80.5,0,TU
-1858,80.5,0,TU
-2080,83,0,TU
-1006.5,83,0,TU
-1841,84.5,0,TU
-1713,84.5,0,TU
-1390.5,84.5,0,TU
-556,85.5,0,TU
-963.5,86,0,TU
-2034,86.5,0,TU
-1407.5,86.5,0,TU
-1450,86.5,0,TU
-1356.5,87,0,TU
-1950.5,87,0,TU
-2060,87.5,0,TU
-1893.5,88,0,TU
-1373,89,0,TU
-517,90,0,TU
-1293,90,0,TU
-2203.5,91,0,TU
-1915.5,91,0,TU
-1331,91.5,0,TU
-1024,92,0,TU
-1044,92,0,TU
-1241.5,93,0,TU
-889.5,94,0,TU
-1934.5,94.5,0,TU
-545,94.5,0,TU
-1862.5,95,0,TU
-1415,95.5,0,TU
-1073,95.5,0,TU
-2013,96,0,TU
-2230,96.5,0,TU
-2099.5,96.5,0,TU
-1734,97,0,TU
-1344,97,0,TU
-1201.5,97,0,TU
-1693.5,97.5,0,TU
-1003.5,97.5,0,TU
-747.5,98,0,TU
-1974,98.5,0,TU
-1432,99,0,TU
-1589,99,0,TU
-450,99,0,TU
-1500,99,0,TU
-795,99.5,0,TU
-1248.5,99.5,0,TU
-672.5,100,0,TU
-1754,100.5,0,TU
-1294.5,101.5,0,TU
-1483,102,0,TU
-2171,102.5,0,TU
-979,102.5,0,TU
-1877.5,104.5,0,TU
-572,105,0,TU
-898,105.5,0,TU
-1269.5,106,0,TU
-1780.5,106,0,TU
-1373.5,106.5,0,TU
-830,107,0,TU
-1811.5,107.5,0,TU
-1035.5,107.5,0,TU
-766.5,108,0,TU
-1984.5,108,0,TU
-871.5,108.5,0,TU
-1887.5,109,0,TU
-2001.5,109,0,TU
-1450.5,109,0,TU
-2216.5,109.5,0,TU
-600.5,110,0,TU
-2138,110.5,0,TU
-1012.5,111.5,0,TU
-1903.5,112.5,0,TU
-508.5,113,0,TU
-2035.5,113,0,TU
-931.5,113,0,TU
-1343.5,113.5,0,TU
-1078,114,0,TU
-2239.5,115,0,TU
-1926,115,0,TU
-1427,115.5,0,TU
-2092.5,115.5,0,TU
-2058.5,116,0,TU
-530.5,116,0,TU
-1198.5,116,0,TU
-1737,117.5,0,TU
-1715,118,0,TU
-1951,119,0,TU
-1174,119.5,0,TU
-1696,119.5,0,TU
-993,120,0,TU
-2012.5,120,0,TU
-1674.5,121.5,0,TU
-1405.5,121.5,0,TU
-1298.5,122.5,0,TU
-1247.5,123,0,TU
-645.5,123,0,TU
-1145.5,124,0,TU
-1979.5,124.5,0,TU
-737.5,125.5,0,TU
-1237,126.5,0,TU
-1040.5,126.5,0,TU
-1331.5,126.5,0,TU
-1015.5,126.5,0,TU
-2223,127,0,TU
-459,127.5,0,TU
-1494.5,127.5,0,TU
-1223,127.5,0,TU
-621.5,128,0,TU
-1208.5,128,0,TU
-850.5,128,0,TU
-585,128,0,TU
-2253.5,128,0,TU
-2373,128.5,0,TU
-766,129,0,TU
-1909,129,0,TU
-1360,129.5,0,TU
-1743.5,129.5,0,TU
-708.5,130,0,TU
-1276.5,130.5,0,TU
-1532.5,131,0,TU
-608.5,131.5,0,TU
-1434.5,131.5,0,TU
-899,132,0,TU
-2104.5,132.5,0,TU
-1306,133,0,TU
-834,134,0,TU
-484,134.5,0,TU
-2210.5,134.5,0,TU
-660.5,134.5,0,TU
-1850,135,0,TU
-511.5,135,0,TU
-1787.5,135.5,0,TU
-1585.5,136.5,0,TU
-685.5,136.5,0,TU
-2040,137,0,TU
-441,137.5,0,TU
-1651,137.5,0,TU
-2312,138,0,TU
-1506,138.5,0,TU
-529,138.5,0,TU
-869,139,0,TU
-1184.5,139,0,TU
-1435.5,140,0,TU
-2019.5,140,0,TU
-1546.5,140,0,TU
-1874,140,0,TU
-937,140,0,TU
-1324.5,143,0,TU
-2265.5,143.5,0,TU
-2067.5,143.5,0,TU
-2125,143.5,0,TU
-2154,143.5,0,TU
-1123.5,143.5,0,TU
-911.5,144.5,0,TU
-1164,144.5,0,TU
-1635.5,145,0,TU
-676,145,0,TU
-1845.5,145,0,TU
-755.5,145.5,0,TU
-1816,146,0,TU
-721,146.5,0,TU
-703.5,146.5,0,TU
-642.5,147,0,TU
-1253,147,0,TU
-1697.5,147,0,TU
-1223.5,148,0,TU
-551.5,149.5,0,TU
-2360,150,0,TU
-1350.5,150,0,TU
-1392,150.5,0,TU
-1530.5,150.5,0,TU
-1730.5,150.5,0,TU
-1142.5,151,0,TU
-594.5,151.5,0,TU
-1109.5,152,0,TU
-1515.5,152,0,TU
-1493,152,0,TU
-770,152.5,0,TU
-1790,153,0,TU
-1206,153,0,TU
-1179.5,153.5,0,TU
-2195,155,0,TU
-516,155,0,TU
-2306.5,155.5,0,TU
-2329.5,156,0,TU
-2255,156,0,TU
-1234,156.5,0,TU
-739,157.5,0,TU
-2228.5,158,0,TU
-792.5,158,0,TU
-2213.5,159,0,TU
-1434,159,0,TU
-1776,159.5,0,TU
-2100.5,159.5,0,TU
-1972,160,0,TU
-672.5,160,0,TU
-1253,160,0,TU
-1342.5,160.5,0,TU
-882.5,161,0,TU
-759,161,0,TU
-1884.5,161.5,0,TU
-1832,161.5,0,TU
-1611.5,162,0,TU
-1301,162,0,TU
-1527.5,163,0,TU
-2131.5,163.5,0,TU
-2046.5,164,0,TU
-1469.5,164,0,TU
-1862,164.5,0,TU
-2117,164.5,0,TU
-2155.5,164.5,0,TU
-1268.5,165,0,TU
-1846,166,0,TU
-2241.5,166,0,TU
-1173.5,166.5,0,TU
-838,167.5,0,TU
-1807,168,0,TU
-426.5,168.5,0,TU
-992,169,0,TU
-1929.5,169,0,TU
-923.5,170,0,TU
-892,170.5,0,TU
-2197,171.5,0,TU
-2358,172,0,TU
-782,172,0,TU
-1322,172.5,0,TU
-2141.5,174,0,TU
-1244.5,174,0,TU
-1222.5,174,0,TU
-706.5,174,0,TU
-826.5,174.5,0,TU
-1484.5,174.5,0,TU
-1116.5,175,0,TU
-1151,175,0,TU
-1259,175,0,TU
-608,175.5,0,TU
-1380.5,176.5,0,TU
-2332,176.5,0,TU
-657,177,0,TU
-1797,177,0,TU
-2045,178,0,TU
-1047,178,0,TU
-676,179,0,TU
-2162,179.5,0,TU
-2004,180,0,TU
-1854.5,180.5,0,TU
-756.5,181,0,TU
-2366.5,181,0,TU
-2243,181.5,0,TU
-2257,181.5,0,TU
-1889.5,181.5,0,TU
-2271,181.5,0,TU
-2311,182,0,TU
-1404.5,182.5,0,TU
-1206,183.5,0,TU
-1969.5,184,0,TU
-2229,184.5,0,TU
-1240.5,186.5,0,TU
-1538.5,186.5,0,TU
-1223.5,187,0,TU
-1805.5,187.5,0,TU
-1008.5,188,0,TU
-1863,188.5,0,TU
-650,189,0,TU
-976.5,189,0,TU
-1834.5,189,0,TU
-1618,189.5,0,TU
-823,189.5,0,TU
-620,190,0,TU
-1169.5,190,0,TU
-927,190.5,0,TU
-2210.5,192,0,TU
-2289,192.5,0,TU
-682,192.5,0,TU
-2146,193,0,TU
-1501.5,193,0,TU
-2089,194,0,TU
-2342.5,194.5,0,TU
-1819,194.5,0,TU
-665,195,0,TU
-748.5,195,0,TU
-1089.5,195.5,0,TU
-701,196,0,TU
-1797,197,0,TU
-2193.5,197.5,0,TU
-1514.5,198.5,0,TU
-994,198.5,0,TU
-1530.5,199.5,0,TU
-1380,199.5,0,TU
-1483,199.5,0,TU
-638,200,0,TU
-531,200,0,TU
-1354.5,200.5,0,TU
-1848.5,201.5,0,TU
-2045.5,201.5,0,TU
-2122,202,0,TU
-1327.5,202.5,0,TU
-1712,202.5,0,TU
-974.5,203,0,TU
-2007.5,203.5,0,TU
-1611,203.5,0,TU
-2179,204,0,TU
-949.5,204.5,0,TU
-1077,205.5,0,TU
-817,205.5,0,TU
-1554,206,0,TU
-1008.5,206,0,TU
-2071,206.5,0,TU
-1985,206.5,0,TU
-1864,206.5,0,TU
-2036.5,206.5,0,TU
-867,207,0,TU
-574.5,207,0,TU
-2266,207,0,TU
-2365.5,208,0,TU
-2299.5,208,0,TU
-738,209.5,0,TU
-1584,209.5,0,TU
-645,210,0,TU
-2333.5,211,0,TU
-1829,211,0,TU
-2131.5,211,0,TU
-2024.5,211.5,0,TU
-2215.5,212,0,TU
-965,212,0,TU
-683,213,0,TU
-549,213.5,0,TU
-1759.5,214,0,TU
-602,214.5,0,TU
-836.5,214.5,0,TU
-1197.5,216,0,TU
-1802.5,216,0,TU
-1670.5,216,0,TU
-1931.5,216.5,0,TU
-1376.5,216.5,0,TU
-1301,217,0,TU
-661,217.5,0,TU
-1853,218.5,0,TU
-918,219,0,TU
-1343.5,219,0,TU
-997,219.5,0,TU
-1235.5,220,0,TU
-2331,220.5,0,TU
-2245.5,222,0,TU
-1053,222,0,TU
-811.5,222.5,0,TU
-1071,223,0,TU
-885,223.5,0,TU
-2162,223.5,0,TU
-767,224,0,TU
-1360,224.5,0,TU
-1014,225.5,0,TU
-1874,226,0,TU
-1213,226,0,TU
-2064.5,226.5,0,TU
-2359.5,227,0,TU
-975,228,0,TU
-1031,228.5,0,TU
-648,228.5,0,TU
-2497,229,0,TU
-2290,230,0,TU
-704.5,230.5,0,TU
-1537,231,0,TU
-896.5,231,0,TU
-1261.5,232.5,0,TU
-1887,233,0,TU
-2042.5,234,0,TU
-2001.5,234.5,0,TU
-1914.5,234.5,0,TU
-1671.5,235.5,0,TU
-2320,235.5,0,TU
-747.5,236.5,0,TU
-940.5,236.5,0,TU
-724,236.5,0,TU
-679,237,0,TU
-1704.5,237.5,0,TU
-2137.5,238.5,0,TU
-832,239,0,TU
-1035.5,240,0,TU
-1863.5,240,0,TU
-601,240,0,TU
-1756.5,241.5,0,TU
-1000.5,242,0,TU
-1513.5,242,0,TU
-1183.5,242,0,TU
-1779.5,243.5,0,TU
-579,244.5,0,TU
-912.5,245,0,TU
-1363,245,0,TU
-1461,245.5,0,TU
-1734.5,246,0,TU
-880,246,0,TU
-969,246,0,TU
-1979.5,246.5,0,TU
-860,246.5,0,TU
-1688.5,247,0,TU
-1336.5,247,0,TU
-2273.5,247,0,TU
-2291,247.5,0,TU
-1058.5,247.5,0,TU
-2121.5,248,0,TU
-1148.5,248.5,0,TU
-2055.5,249.5,0,TU
-1958,251,0,TU
-1196.5,251,0,TU
-2254.5,252,0,TU
-2453,253,0,TU
-2392,253.5,0,TU
-2164,254,0,TU
-1883.5,254,0,TU
-1207.5,254,0,TU
-1656.5,254,0,TU
-757.5,254,0,TU
-2367,255,0,TU
-1918,255,0,TU
-1082,255.5,0,TU
-2317.5,256,0,TU
-1431,256,0,TU
-2305,256.5,0,TU
-2488,257,0,TU
-2080,259.5,0,TU
-1005.5,259.5,0,TU
-1225.5,259.5,0,TU
-939,260.5,0,TU
-915,260.5,0,TU
-1128,260.5,0,TU
-735.5,261,0,TU
-1758,261,0,TU
-610,261.5,0,TU
-1676.5,261.5,0,TU
-1941,262,0,TU
-2191,262.5,0,TU
-644,264.5,0,TU
-1048.5,266.5,0,TU
-1491.5,267.5,0,TU
-1366.5,268,0,TU
-2503,268,0,TU
-970.5,268.5,0,TU
-585,269.5,0,TU
-661.5,269.5,0,TU
-681,270,0,TU
-946,271.5,0,TU
-2060,271.5,0,TU
-1070.5,272,0,TU
-1402,272,0,TU
-1143,272,0,TU
-1516.5,274,0,TU
-2166.5,274,0,TU
-2249.5,274.5,0,TU
-917,277.5,0,TU
-1438,278,0,TU
-2125.5,278,0,TU
-824,278,0,TU
-1685.5,278,0,TU
-2306,278.5,0,TU
-888,278.5,0,TU
-1717,279,0,TU
-1814,279,0,TU
-2002,280,0,TU
-721.5,280,0,TU
-1894.5,280.5,0,TU
-1349.5,281.5,0,TU
-1307.5,282,0,TU
-2480.5,282.5,0,TU
-2363.5,282.5,0,TU
-1532,282.5,0,TU
-1225.5,282.5,0,TU
-739,283,0,TU
-1384,283,0,TU
-1049,283,0,TU
-999,283,0,TU
-1498,283.5,0,TU
-837,283.5,0,TU
-1555,284,0,TU
-623.5,284,0,TU
-1778.5,284.5,0,TU
-851.5,284.5,0,TU
-866,285.5,0,TU
-1076.5,285.5,0,TU
-797,287.5,0,TU
-1295,288,0,TU
-762.5,288.5,0,TU
-972.5,288.5,0,TU
-1161.5,289,0,TU
-937,289.5,0,TU
-1254,289.5,0,TU
-1641.5,289.5,0,TU
-916.5,290,0,TU
-1135,291,0,TU
-2461.5,291,0,TU
-2526.5,292,0,TU
-2256,293.5,0,TU
-773.5,293.5,0,TU
-897.5,295.5,0,TU
-1694.5,296.5,0,TU
-674,296.5,0,TU
-819,297.5,0,TU
-1034.5,298.5,0,TU
-2219.5,299.5,0,TU
-2403.5,299.5,0,TU
-1883.5,300.5,0,TU
-1507,300.5,0,TU
-2155.5,301,0,TU
-1828,302,0,TU
-2001,302.5,0,TU
-1657,302.5,0,TU
-1677.5,303.5,0,TU
-2438.5,304,0,TU
-2324,304,0,TU
-705,304.5,0,TU
-808.5,304.5,0,TU
-2139.5,305,0,TU
-874.5,306.5,0,TU
-631,307.5,0,TU
-1540,307.5,0,TU
-827,307.5,0,TU
-1790.5,307.5,0,TU
-1760,308,0,TU
-846,308,0,TU
-2272,308.5,0,TU
-1460,309,0,TU
-1235.5,309.5,0,TU
-791.5,310.5,0,TU
-730.5,311,0,TU
-1095,311,0,TU
-922.5,311.5,0,TU
-1712.5,311.5,0,TU
-1427.5,312,0,TU
-1491,312,0,TU
-1209,312.5,0,TU
-1382.5,314,0,TU
-1276,314.5,0,TU
-1921.5,315,0,TU
-680.5,315,0,TU
-2023.5,315.5,0,TU
-1149,316,0,TU
-1725,316.5,0,TU
-2076.5,317,0,TU
-746,317,0,TU
-772.5,317.5,0,TU
-826,317.5,0,TU
-2243.5,318,0,TU
-1511,318.5,0,TU
-802,319.5,0,TU
-1773,320,0,TU
-1686.5,320,0,TU
-2218.5,320.5,0,TU
-1297,322,0,TU
-1657,322.5,0,TU
-2513.5,322.5,0,TU
-1122.5,322.5,0,TU
-1828.5,322.5,0,TU
-1881,322.5,0,TU
-2538,322.5,0,TU
-2308,324,0,TU
-893,326.5,0,TU
-2347.5,327.5,0,TU
-2148.5,327.5,0,TU
-2330.5,328.5,0,TU
-2478.5,329,0,TU
-787.5,329,0,TU
-2159.5,330,0,TU
-845.5,330,0,TU
-1109.5,330.5,0,TU
-1498.5,331,0,TU
-872,331.5,0,TU
-1721,331.5,0,TU
-2397.5,332.5,0,TU
-821,332.5,0,TU
-1134.5,333,0,TU
-1708.5,333,0,TU
-1781,334.5,0,TU
-767,334.5,0,TU
-2178.5,335.5,0,TU
-1070,336,0,TU
-916.5,337,0,TU
-1055.5,337,0,TU
-2276.5,337,0,TU
-1089.5,337.5,0,TU
-656,338,0,TU
-984.5,338,0,TU
-2003,338.5,0,TU
-1532,338.5,0,TU
-2525.5,341,0,TU
-1811.5,341,0,TU
-778,342,0,TU
-2312.5,342,0,TU
-2352.5,342.5,0,TU
-2219,343.5,0,TU
-1953,343.5,0,TU
-734,343.5,0,TU
-1153.5,343.5,0,TU
-1655.5,344,0,TU
-804,344.5,0,TU
-829.5,345,0,TU
-883.5,346.5,0,TU
-2564.5,347.5,0,TU
-1876,347.5,0,TU
-902,348,0,TU
-671,348.5,0,TU
-2466.5,349,0,TU
-1168.5,349,0,TU
-1910.5,349,0,TU
-1593.5,349,0,TU
-2164.5,349.5,0,TU
-2549.5,349.5,0,TU
-748,350,0,TU
-1255,350.5,0,TU
-698.5,350.5,0,TU
-2429.5,351.5,0,TU
-1857,352,0,TU
-1075.5,352.5,0,TU
-1765.5,352.5,0,TU
-1120.5,353,0,TU
-1038,353,0,TU
-2263.5,353.5,0,TU
-1549,353.5,0,TU
-1415,354,0,TU
-1492.5,354,0,TU
-1694,354.5,0,TU
-2530.5,354.5,0,TU
-1024.5,354.5,0,TU
-2404.5,356,0,TU
-1513.5,356.5,0,TU
-1729,357,0,TU
-1831.5,358.5,0,TU
-1453,358.5,0,TU
-1093.5,359,0,TU
-1144,359.5,0,TU
-1475.5,360,0,TU
-869.5,360.5,0,TU
-1371.5,361.5,0,TU
-2099.5,361.5,0,TU
-2366.5,362.5,0,TU
-780.5,362.5,0,TU
-1056.5,362.5,0,TU
-965,363,0,TU
-850.5,363,0,TU
-2272,364,0,TU
-805,364.5,0,TU
-888.5,364.5,0,TU
-1755.5,365,0,TU
-1213,365,0,TU
-1074.5,365.5,0,TU
-1670.5,367,0,TU
-2120.5,369.5,0,TU
-907,369.5,0,TU
-1118,370,0,TU
-1784,370,0,TU
-2208.5,370.5,0,TU
-1234.5,370.5,0,TU
-1394.5,370.5,0,TU
-1584,371,0,TU
-1291.5,371,0,TU
-1801.5,372,0,TU
-1652.5,372,0,TU
-1689,372.5,0,TU
-1011,372.5,0,TU
-1045.5,372.5,0,TU
-1350,375,0,TU
-1704.5,375,0,TU
-2554.5,375,0,TU
-741,375,0,TU
-2348.5,375.5,0,TU
-1026.5,375.5,0,TU
-858.5,376,0,TU
-2074,376,0,TU
-1434,377,0,TU
-765.5,377.5,0,TU
-1492,378.5,0,TU
-824,379,0,TU
-670.5,379,0,TU
-2565,379.5,0,TU
-2572,379.5,0,TU
-1091,380,0,TU
-926.5,380.5,0,TU
-1057,381,0,TU
-2500,382.5,0,TU
-1972,384,0,TU
-2109.5,384.5,0,TU
-2162,384.5,0,TU
-1145,385.5,0,TU
-2287,386,0,TU
-806.5,386.5,0,TU
-1794,386.5,0,TU
-1757.5,386.5,0,TU
-2126.5,387,0,TU
-779.5,387,0,TU
-2100.5,387,0,TU
-1738,387.5,0,TU
-903,388,0,TU
-2321.5,388.5,0,TU
-2205,388.5,0,TU
-2484.5,389.5,0,TU
-1077,390,0,TU
-715,390,0,TU
-2273,390.5,0,TU
-1175,390.5,0,TU
-964.5,391,0,TU
-1805,392,0,TU
-1837,392,0,TU
-2302.5,392,0,TU
-1593.5,392.5,0,TU
-1777,392.5,0,TU
-2054.5,392.5,0,TU
-881.5,393,0,TU
-2140.5,393.5,0,TU
-1416,393.5,0,TU
-2006.5,395,0,TU
-2398,395,0,TU
-2567,395,0,TU
-1116.5,395,0,TU
-2541.5,395.5,0,TU
-1455.5,395.5,0,TU
-1058,395.5,0,TU
-1384.5,397.5,0,TU
-1897,397.5,0,TU
-1095.5,398.5,0,TU
-1227,398.5,0,TU
-1136,399.5,0,TU
-996.5,400,0,TU
-2502,400.5,0,TU
-2553.5,400.5,0,TU
-1360,401,0,TU
-794,401.5,0,TU
-1709,401.5,0,TU
-903,402,0,TU
-2516.5,402,0,TU
-1486,402,0,TU
-1435.5,402,0,TU
-2461,403,0,TU
-2356.5,403.5,0,TU
-2529,404,0,TU
-1687,404.5,0,TU
-2578.5,405,0,TU
-2328.5,405.5,0,TU
-1510,405.5,0,TU
-1870.5,405.5,0,TU
-1039.5,405.5,0,TU
-742,406,0,TU
-1346,406,0,TU
-1783.5,406.5,0,TU
-2254,407,0,TU
-1716,407,0,TU
-721,407,0,TU
-1128,408,0,TU
-1462.5,408.5,0,TU
-2629.5,408.5,0,TU
-918,408.5,0,TU
-1149,409,0,TU
-1410.5,409.5,0,TU
-1738,410,0,TU
-2417.5,411,0,TU
-2221.5,411,0,TU
-840.5,411.5,0,TU
-2192.5,412.5,0,TU
-1758,413,0,TU
-1965,413,0,TU
-1077,413.5,0,TU
-2488,415,0,TU
-1107.5,416,0,TU
-2275,416.5,0,TU
-2618.5,416.5,0,TU
-2645.5,416.5,0,TU
-747,417,0,TU
-1833,417,0,TU
-810,417,0,TU
-2592.5,417,0,TU
-1798.5,417,0,TU
-792,418,0,TU
-771.5,418,0,TU
-2098.5,418.5,0,TU
-2057,420,0,TU
-2551.5,420.5,0,TU
-1782,421.5,0,TU
-2363.5,421.5,0,TU
-2531.5,422,0,TU
-2512,422.5,0,TU
-889,422.5,0,TU
-716,423,0,TU
-2243.5,423,0,TU
-1476.5,423,0,TU
-823,423.5,0,TU
-2177,424.5,0,TU
-1722.5,425.5,0,TU
-2141,425.5,0,TU
-1127.5,425.5,0,TU
-2084,426,0,TU
-1862,426.5,0,TU
-2256.5,427.5,0,TU
-1087.5,427.5,0,TU
-2231.5,428,0,TU
-1536.5,428.5,0,TU
-2055.5,429,0,TU
-2616.5,429.5,0,TU
-2110.5,429.5,0,TU
-903.5,430,0,TU
-2394,431,0,TU
-2492.5,431.5,0,TU
-2204,432,0,TU
-2286.5,433,0,TU
-1741.5,433.5,0,TU
-713.5,433.5,0,TU
-1409.5,434,0,TU
-2303,434,0,TU
-1374,435,0,TU
-2547,439,0,TU
-2696.5,439,0,TU
-920,439.5,0,TU
-2663.5,439.5,0,TU
-2319,440,0,TU
-794,440,0,TU
-1158,440.5,0,TU
-2128.5,441.5,0,TU
-1350,441.5,0,TU
-837,442,0,TU
-1118,442.5,0,TU
-2565,443,0,TU
-2527.5,443,0,TU
-2220.5,443,0,TU
-1852.5,443,0,TU
-2265.5,443.5,0,TU
-755,443.5,0,TU
-2357.5,444,0,TU
-2594.5,444.5,0,TU
-1096,444.5,0,TU
-2181,445.5,0,TU
-1880.5,445.5,0,TU
-2076,445.5,0,TU
-1137.5,445.5,0,TU
-2508,446,0,TU
-2049,447,0,TU
-1981.5,447.5,0,TU
-1997,447.5,0,TU
-1686,448,0,TU
-1367,448,0,TU
-1171.5,448.5,0,TU
-2240.5,448.5,0,TU
-808,451,0,TU
-2012.5,452.5,0,TU
-2036.5,452.5,0,TU
-2638,453.5,0,TU
-1523.5,454.5,0,TU
-1070.5,454.5,0,TU
-2533,455.5,0,TU
-722.5,456.5,0,TU
-945.5,457,0,TU
-2619,457.5,0,TU
-2492.5,458,0,TU
-2661.5,459,0,TU
-2316,459.5,0,TU
-1229.5,459.5,0,TU
-2143.5,459.5,0,TU
-1865,459.5,0,TU
-2286,460,0,TU
-1453.5,460,0,TU
-1483,460.5,0,TU
-2548,460.5,0,TU
-1710,461.5,0,TU
-1948,463,0,TU
-1159.5,463.5,0,TU
-760.5,464,0,TU
-2174,465,0,TU
-2125,465.5,0,TU
-2196.5,465.5,0,TU
-1971.5,466.5,0,TU
-2073,466.5,0,TU
-2045,469.5,0,TU
-2293.5,469.5,0,TU
-2680,469.5,0,TU
-1993,470,0,TU
-874,470.5,0,TU
-2022.5,470.5,0,TU
-1370,472,0,TU
-1290,472,0,TU
-2554.5,472.5,0,TU
-832.5,472.5,0,TU
-991,472.5,0,TU
-1192.5,473,0,TU
-967,474,0,TU
-1015.5,475.5,0,TU
-2236.5,477,0,TU
-1975.5,477.5,0,TU
-2322,478,0,TU
-2117.5,478.5,0,TU
-2704,478.5,0,TU
-1823.5,479,0,TU
-944,479,0,TU
-1151,480,0,TU
-1431,480,0,TU
-2065.5,480.5,0,TU
-1088,481,0,TU
-1703.5,481,0,TU
-1414,481.5,0,TU
-2582,481.5,0,TU
-1674.5,481.5,0,TU
-2655,482,0,TU
-868.5,482,0,TU
-1064.5,482.5,0,TU
-848,483,0,TU
-716.5,483.5,0,TU
-2472.5,483.5,0,TU
-1611.5,484,0,TU
-2373.5,484.5,0,TU
-1321.5,484.5,0,TU
-2347,485.5,0,TU
-2424.5,486,0,TU
-2610,486,0,TU
-2689,486,0,TU
-2295.5,487,0,TU
-2495,487.5,0,TU
-1990.5,488,0,TU
-1827.5,488.5,0,TU
-1216,488.5,0,TU
-1378.5,489,0,TU
-895.5,490,0,TU
-1041,490,0,TU
-2678,490.5,0,TU
-2625,492.5,0,TU
-2731,493,0,TU
-2709.5,493,0,TU
-765.5,497,0,TU
-2562.5,497,0,TU
-1915.5,497.5,0,TU
-1966.5,497.5,0,TU
-1237.5,498,0,TU
-1128,498,0,TU
-924.5,498.5,0,TU
-1985,498.5,0,TU
-2237.5,499.5,0,TU
-2061.5,500,0,TU
-2748,500,0,TU
-2694.5,501,0,TU
-2661,502,0,TU
-2640,503.5,0,TU
-2525.5,503.5,0,TU
-2727,504.5,0,TU
-2104.5,505.5,0,TU
-1439,506,0,TU
-2684.5,507.5,0,TU
-2434,508,0,TU
-2469.5,508,0,TU
-2035.5,508.5,0,TU
-956,511.5,0,TU
-2066,511.5,0,TU
-1412.5,511.5,0,TU
-2372,512,0,TU
-1991,512,0,TU
-1860.5,512.5,0,TU
-1033.5,513,0,TU
-2164,514.5,0,TU
-1091.5,514.5,0,TU
-761,515,0,TU
-2126.5,515.5,0,TU
-727,516,0,TU
-1536,517,0,TU
-2085,518,0,TU
-2754,518.5,0,TU
-1366.5,518.5,0,TU
-1783,519,0,TU
-2614,519.5,0,TU
-1455,521,0,TU
-1877,521.5,0,TU
-1918.5,521.5,0,TU
-1968,521.5,0,TU
-2054,522,0,TU
-2180,522,0,TU
-2027,522.5,0,TU
-2422.5,523.5,0,TU
-868,523.5,0,TU
-1396,524,0,TU
-1012,524.5,0,TU
-1050,524.5,0,TU
-2251,525,0,TU
-1938.5,525.5,0,TU
-1103,526.5,0,TU
-2140.5,527,0,TU
-1592,527.5,0,TU
-1163,528,0,TU
-2738,528,0,TU
-2593,529,0,TU
-823.5,529.5,0,TU
-2225.5,529.5,0,TU
-1985.5,530.5,0,TU
-1752,530.5,0,TU
-973,531,0,TU
-1790.5,531,0,TU
-1501.5,531,0,TU
-1131,531,0,TU
-2389,531.5,0,TU
-1841,531.5,0,TU
-1435.5,531.5,0,TU
-1260.5,533.5,0,TU
-995.5,534.5,0,TU
-752,537,0,TU
-2011,537.5,0,TU
-2751.5,538,0,TU
-1290,538.5,0,TU
-1020.5,538.5,0,TU
-2683,539,0,TU
-1327,539.5,0,TU
-2084.5,539.5,0,TU
-1415.5,542,0,TU
-2067.5,542.5,0,TU
-2046.5,542.5,0,TU
-2198,543,0,TU
-2427.5,544,0,TU
-1983,544,0,TU
-904,544.5,0,TU
-1213.5,545,0,TU
-2263,545,0,TU
-1817,545.5,0,TU
-1969.5,545.5,0,TU
-1108.5,546,0,TU
-1535.5,546,0,TU
-2024,546,0,TU
-2226,547.5,0,TU
-1038.5,548,0,TU
-1882,548,0,TU
-2324.5,548,0,TU
-2343.5,549.5,0,TU
-1125.5,550,0,TU
-874.5,550,0,TU
-2609.5,550,0,TU
-1172,551,0,TU
-979.5,551.5,0,TU
-2378.5,551.5,0,TU
-1573,551.5,0,TU
-1010,553,0,TU
-739.5,553.5,0,TU
-1797.5,554,0,TU
-2664,554.5,0,TU
-1287,557,0,TU
-1048.5,557.5,0,TU
-1151.5,558,0,TU
-2780.5,558,0,TU
-1962,558.5,0,TU
-1505,559,0,TU
-2004.5,560,0,TU
-2394.5,560.5,0,TU
-2019.5,561.5,0,TU
-2749,562.5,0,TU
-1129.5,562.5,0,TU
-765,562.5,0,TU
-1885.5,563,0,TU
-1319,563.5,0,TU
-2234,563.5,0,TU
-2038.5,564,0,TU
-1708,564.5,0,TU
-1945,564.5,0,TU
-961,564.5,0,TU
-2430.5,564.5,0,TU
-2200.5,564.5,0,TU
-2654.5,564.5,0,TU
-2586,565,0,TU
-1407,565.5,0,TU
-2602.5,567,0,TU
-1898.5,567,0,TU
-1068,567.5,0,TU
-2722.5,567.5,0,TU
-2073.5,567.5,0,TU
-2566,568,0,TU
-2680.5,568.5,0,TU
-1019,569.5,0,TU
-982,570,0,TU
-2327,570.5,0,TU
-1864.5,572.5,0,TU
-1169,574.5,0,TU
-1046.5,575,0,TU
-1142,576,0,TU
-2026,578.5,0,TU
-2543.5,578.5,0,TU
-1921,579,0,TU
-2189.5,579,0,TU
-2679,582.5,0,TU
-1124,584.5,0,TU
-1000.5,585,0,TU
-2735,586,0,TU
-2580,586.5,0,TU
-1815.5,587,0,TU
-866.5,587.5,0,TU
-1710.5,588,0,TU
-1103,589.5,0,TU
-2457,590.5,0,TU
-1309.5,592.5,0,TU
-2007,593,0,TU
-1144,594,0,TU
-981,594,0,TU
-2651,594.5,0,TU
-2522.5,595.5,0,TU
-2264.5,595.5,0,TU
-1167,596,0,TU
-1271.5,597.5,0,TU
-1897.5,597.5,0,TU
-1180,599,0,TU
-1845,601,0,TU
-2690.5,601,0,TU
-2446,603,0,TU
-2302,603.5,0,TU
-2535,604.5,0,TU
-2712,605,0,TU
-2831.5,606,0,TU
-2737.5,606,0,TU
-2109,606,0,TU
-1923,607.5,0,TU
-1869.5,608.5,0,TU
-1998,609.5,0,TU
-2468,611,0,TU
-934.5,611.5,0,TU
-856,612.5,0,TU
-1119,614,0,TU
-2418,616,0,TU
-1318.5,617.5,0,TU
-2699.5,618,0,TU
-2576.5,618,0,TU
-2223,618.5,0,TU
-1894.5,619,0,TU
-1952.5,619,0,TU
-2449,621.5,0,TU
-1525.5,623,0,TU
-2200,623.5,0,TU
-2399,623.5,0,TU
-2836,624,0,TU
-2556.5,624,0,TU
-2518.5,627,0,TU
-2734.5,627,0,TU
-2304,627.5,0,TU
-1623,628,0,TU
-1184,628.5,0,TU
-953.5,631,0,TU
-2615,631.5,0,TU
-1218,632,0,TU
-2780,632.5,0,TU
-2394.5,635.5,0,TU
-2764,636,0,TU
-2715,636,0,TU
-1018,636,0,TU
-1168,637,0,TU
-2748.5,637,0,TU
-2445,638,0,TU
-2488.5,638,0,TU
-2603.5,639.5,0,TU
-908.5,639.5,0,TU
-2220.5,641,0,TU
-2734.5,641,0,TU
-1237.5,641,0,TU
-1984,642,0,TU
-2859,642,0,TU
-2276,642.5,0,TU
-2822,642.5,0,TU
-2259.5,643.5,0,TU
-1132.5,644,0,TU
-1292,644.5,0,TU
-2575.5,645,0,TU
-2409,645,0,TU
-935.5,645,0,TU
-2843,646,0,TU
-2242,647.5,0,TU
-2562,649.5,0,TU
-2689,650,0,TU
-1544,650,0,TU
-2200,650.5,0,TU
-1050.5,650.5,0,TU
-2772,651,0,TU
-2727,651,0,TU
-953,652,0,TU
-2702,654,0,TU
-1266.5,656,0,TU
-1774,656.5,0,TU
-896.5,656.5,0,TU
-2483,657,0,TU
-1197,657.5,0,TU
-2150.5,658.5,0,TU
-2549,659,0,TU
-2716,659,0,TU
-2839.5,661.5,0,TU
-2252,661.5,0,TU
-986.5,662.5,0,TU
-2292,663,0,TU
-2173.5,663,0,TU
-2211.5,663,0,TU
-2444.5,663.5,0,TU
-940,663.5,0,TU
-965.5,664,0,TU
-2237.5,664.5,0,TU
-2798.5,664.5,0,TU
-2753,665,0,TU
-1107.5,665.5,0,TU
-2398.5,665.5,0,TU
-815,666.5,0,TU
-2315.5,667.5,0,TU
-2264,668.5,0,TU
-2282,668.5,0,TU
-2200,671,0,TU
-2612,672.5,0,TU
-2853.5,672.5,0,TU
-2834,674.5,0,TU
-1024.5,675,0,TU
-2884.5,675.5,0,TU
-2729,676,0,TU
-1250.5,677,0,TU
-2501.5,677.5,0,TU
-2423.5,677.5,0,TU
-2556.5,677.5,0,TU
-2785,678,0,TU
-2662.5,679,0,TU
-2382,682,0,TU
-2775,682.5,0,TU
-2229.5,683,0,TU
-2530,683,0,TU
-2701.5,683,0,TU
-2800.5,684.5,0,TU
-1537.5,685,0,TU
-1208,685.5,0,TU
-951,686,0,TU
-2160,686.5,0,TU
-1137,687,0,TU
-1181.5,687,0,TU
-1001,687,0,TU
-1811,687.5,0,TU
-2490.5,689.5,0,TU
-2759.5,690.5,0,TU
-808.5,691,0,TU
-1475.5,693.5,0,TU
-961.5,694,0,TU
-1268,694,0,TU
-1842,695.5,0,TU
-934,696,0,TU
-2651,697,0,TU
-2208,697,0,TU
-2180,699,0,TU
-2604,700,0,TU
-2688.5,700,0,TU
-1434,700.5,0,TU
-2279,702.5,0,TU
-1038,704,0,TU
-2784.5,706.5,0,TU
-1493.5,707,0,TU
-2227.5,707,0,TU
-1804.5,709,0,TU
-1201.5,709.5,0,TU
-2859.5,710,0,TU
-2498,710,0,TU
-2738,710.5,0,TU
-1214.5,710.5,0,TU
-989,711.5,0,TU
-1172.5,712,0,TU
-2303,712.5,0,TU
-1076.5,712.5,0,TU
-2912.5,712.5,0,TU
-2886.5,712.5,0,TU
-1009,712.5,0,TU
-2719,712.5,0,TU
-2841,713,0,TU
-2761,713,0,TU
-2823,714.5,0,TU
-2429,716,0,TU
-1115.5,717,0,TU
-2117,717.5,0,TU
-1057,718.5,0,TU
-1866.5,719,0,TU
-1040.5,719,0,TU
-958,719.5,0,TU
-1467,720,0,TU
-1261.5,722,0,TU
-2486.5,722,0,TU
-2528.5,723,0,TU
-2801,723.5,0,TU
-2226.5,723.5,0,TU
-2778.5,725,0,TU
-1356,726.5,0,TU
-2921,727,0,TU
-1834,728,0,TU
-2419.5,729.5,0,TU
-2353,729.5,0,TU
-1799,731,0,TU
-2319,731.5,0,TU
-2287.5,731.5,0,TU
-2659,731.5,0,TU
-1743,733.5,0,TU
-2751,735,0,TU
-2303,735,0,TU
-1026.5,736,0,TU
-881,737,0,TU
-977,737,0,TU
-1220,739,0,TU
-1194,739.5,0,TU
-2770.5,740,0,TU
-1135.5,741,0,TU
-2247,741.5,0,TU
-1882,741.5,0,TU
-1819,741.5,0,TU
-897.5,742,0,TU
-1397,742,0,TU
-2847,742,0,TU
-1055.5,742.5,0,TU
-1370.5,743.5,0,TU
-1164,744,0,TU
-1774,744,0,TU
-2426,744,0,TU
-2293.5,745.5,0,TU
-2228,745.5,0,TU
-2808,747,0,TU
-2798,747.5,0,TU
-1799,748.5,0,TU
-2826.5,748.5,0,TU
-2698.5,748.5,0,TU
-2764,749,0,TU
-1001.5,749.5,0,TU
-2269.5,749.5,0,TU
-2554,750,0,TU
-1442.5,753,0,TU
-1070,753,0,TU
-2674.5,753,0,TU
-1500.5,753,0,TU
-1192.5,753.5,0,TU
-1959.5,754.5,0,TU
-2194,754.5,0,TU
-1412,755.5,0,TU
-2131.5,755.5,0,TU
-1852,756,0,TU
-1584,756,0,TU
-2527,756.5,0,TU
-2602.5,757,0,TU
-2725.5,757.5,0,TU
-2292,757.5,0,TU
-2581,758,0,TU
-2430.5,758.5,0,TU
-2929.5,758.5,0,TU
-1829.5,759,0,TU
-2343,760,0,TU
-1028,760,0,TU
-1865.5,760.5,0,TU
-1359,761.5,0,TU
-2450.5,761.5,0,TU
-2888,762,0,TU
-2495.5,762.5,0,TU
-2773,762.5,0,TU
-1820,763,0,TU
-2556,763.5,0,TU
-897.5,765.5,0,TU
-2243,766,0,TU
-2278,766,0,TU
-2088,766.5,0,TU
-1171,767.5,0,TU
-1875.5,767.5,0,TU
-2570,767.5,0,TU
-2835,767.5,0,TU
-2656,767.5,0,TU
-1804,767.5,0,TU
-2805,768,0,TU
-1138.5,768,0,TU
-1786,768,0,TU
-1214.5,768.5,0,TU
-1620.5,769,0,TU
-2640.5,770,0,TU
-2625.5,770.5,0,TU
-2209,771,0,TU
-2444,771.5,0,TU
-905.5,771.5,0,TU
-1942,772,0,TU
-2288,772,0,TU
-2854,772.5,0,TU
-1759,772.5,0,TU
-2106,773.5,0,TU
-2518,773.5,0,TU
-1064.5,774,0,TU
-2539.5,775.5,0,TU
-2746.5,776.5,0,TU
-2596,778.5,0,TU
-2262.5,778.5,0,TU
-2774.5,780.5,0,TU
-1032,780.5,0,TU
-1854,781,0,TU
-1985.5,781.5,0,TU
-2784,781.5,0,TU
-2228.5,784,0,TU
-2833,784,0,TU
-2870,784.5,0,TU
-2813,784.5,0,TU
-2376.5,785,0,TU
-2204,785.5,0,TU
-2283,785.5,0,TU
-1231,785.5,0,TU
-1005,786,0,TU
-2889.5,786.5,0,TU
-962,787,0,TU
-2798.5,788.5,0,TU
-1949.5,790,0,TU
-2939.5,790,0,TU
-1579.5,790,0,TU
-2572.5,790,0,TU
-1141,790,0,TU
-2045.5,791,0,TU
-1052,791,0,TU
-1612,792,0,TU
-2075,792.5,0,TU
-1315,793,0,TU
-2853,793.5,0,TU
-2131,794,0,TU
-1166,794,0,TU
-1114.5,795.5,0,TU
-1886,796.5,0,TU
-2559,796.5,0,TU
-2758.5,796.5,0,TU
-2621,796.5,0,TU
-2915,800.5,0,TU
-2095.5,800.5,0,TU
-2232,801,0,TU
-1084.5,801.5,0,TU
-1975.5,802,0,TU
-920.5,802,0,TU
-2464,802,0,TU
-2696,802.5,0,TU
-2157,802.5,0,TU
-1338,802.5,0,TU
-2531.5,802.5,0,TU
-1857,803,0,TU
-2785.5,803.5,0,TU
-2456.5,803.5,0,TU
-2832,804,0,TU
-1935.5,804.5,0,TU
-2808.5,805,0,TU
-1250,805.5,0,TU
-2345,806,0,TU
-1962,806.5,0,TU
-2282,806.5,0,TU
-2635.5,807,0,TU
-2891.5,807,0,TU
-2718.5,807.5,0,TU
-2321,807.5,0,TU
-935.5,808,0,TU
-1218.5,808.5,0,TU
-959.5,809,0,TU
-2117.5,809.5,0,TU
-1906,809.5,0,TU
-2558.5,811,0,TU
-2856,811.5,0,TU
-2871,812,0,TU
-2173.5,812.5,0,TU
-991.5,812.5,0,TU
-2202.5,813.5,0,TU
-2259.5,813.5,0,TU
-1984,814.5,0,TU
-2957,814.5,0,TU
-2048.5,814.5,0,TU
-2378,816,0,TU
-1601.5,816.5,0,TU
-1477,816.5,0,TU
-2605.5,817.5,0,TU
-2657,817.5,0,TU
-2932,817.5,0,TU
-1580.5,818,0,TU
-2841.5,818.5,0,TU
-1122,819.5,0,TU
-2448,820,0,TU
-1926.5,821,0,TU
-2919,821.5,0,TU
-2813.5,821.5,0,TU
-2237,822,0,TU
-1001.5,822,0,TU
-2358,822.5,0,TU
-2903,823,0,TU
-953,823,0,TU
-1622,825,0,TU
-935,825,0,TU
-2885,825.5,0,TU
-2512.5,825.5,0,TU
-2865.5,825.5,0,TU
-2215,825.5,0,TU
-2315.5,827.5,0,TU
-1947,828,0,TU
-2340.5,828,0,TU
-2554,828.5,0,TU
-2385,829,0,TU
-1648,829,0,TU
-1276,829.5,0,TU
-1999.5,829.5,0,TU
-1219,830,0,TU
-2781,830.5,0,TU
-1548.5,831.5,0,TU
-2537,833,0,TU
-1564.5,833,0,TU
-1022,833.5,0,TU
-1529.5,834,0,TU
-2973,834,0,TU
-1085,835,0,TU
-2027,835,0,TU
-2226.5,836,0,TU
-1599,836.5,0,TU
-2846.5,837.5,0,TU
-1758.5,837.5,0,TU
-1969.5,837.5,0,TU
-2402,839,0,TU
-2704.5,839,0,TU
-1507.5,839,0,TU
-2913,839,0,TU
-2564,839.5,0,TU
-2637,840,0,TU
-946.5,841,0,TU
-1921.5,841.5,0,TU
-2466.5,843,0,TU
-2258.5,843,0,TU
-2415,844.5,0,TU
-2743.5,844.5,0,TU
-2378.5,845.5,0,TU
-2238,845.5,0,TU
-2815,847,0,TU
-1986,847.5,0,TU
-1213.5,848.5,0,TU
-2332.5,848.5,0,TU
-1091,849,0,TU
-2878.5,849,0,TU
-2515,849.5,0,TU
-1949.5,851.5,0,TU
-1579.5,851.5,0,TU
-2767.5,852,0,TU
-2020.5,853.5,0,TU
-2542,854,0,TU
-1994,855,0,TU
-2353,855,0,TU
-1121,855,0,TU
-2789.5,856,0,TU
-1649,858,0,TU
-2828.5,858.5,0,TU
-1021.5,858.5,0,TU
-2066,859.5,0,TU
-2892.5,860.5,0,TU
-2305.5,860.5,0,TU
-2866,861,0,TU
-1210,862.5,0,TU
-2247,863,0,TU
-1603.5,863,0,TU
-2565,864.5,0,TU
-2090,865,0,TU
-1001.5,865,0,TU
-2846.5,865.5,0,TU
-1514.5,868.5,0,TU
-1946.5,868.5,0,TU
-2460.5,869.5,0,TU
-1984.5,870,0,TU
-1042.5,871.5,0,TU
-2363.5,871.5,0,TU
-2442,871.5,0,TU
-2670,871.5,0,TU
-1023,872,0,TU
-2910.5,873,0,TU
-2529.5,873.5,0,TU
-2416.5,874.5,0,TU
-1122.5,875,0,TU
-2948,875,0,TU
-2740,877,0,TU
-2634,879,0,TU
-2481,879,0,TU
-1579.5,879,0,TU
-2019,879.5,0,TU
-2592.5,879.5,0,TU
-2556,880,0,TU
-1311,880.5,0,TU
-1164.5,880.5,0,TU
-2574,880.5,0,TU
-2995.5,882,0,TU
-1797.5,882,0,TU
-1005,882.5,0,TU
-2928,883.5,0,TU
-1904,884.5,0,TU
-1941.5,884.5,0,TU
-2096,886,0,TU
-2010.5,886.5,0,TU
-1990.5,887,0,TU
-1926.5,887.5,0,TU
-2306,887.5,0,TU
-1565,887.5,0,TU
-2543.5,888.5,0,TU
-2211.5,888.5,0,TU
-1051.5,889.5,0,TU
-2690.5,889.5,0,TU
-2854.5,890,0,TU
-2657,892.5,0,TU
-1184,893,0,TU
-2167,893.5,0,TU
-2884.5,893.5,0,TU
-2436.5,894,0,TU
-2730.5,894,0,TU
-2374,894,0,TU
-2289.5,894.5,0,TU
-1085.5,894.5,0,TU
-1065.5,897.5,0,TU
-1759.5,897.5,0,TU
-2340,899,0,TU
-1643.5,899.5,0,TU
-1602.5,899.5,0,TU
-2118,901,0,TU
-2561.5,901.5,0,TU
-1783.5,901.5,0,TU
-2173,901.5,0,TU
-2912,902,0,TU
-2215.5,904.5,0,TU
-2054,904.5,0,TU
-2195.5,905,0,TU
-2028,905,0,TU
-1255,905.5,0,TU
-2894,905.5,0,TU
-1968,906,0,TU
-2090.5,906.5,0,TU
-2615,906.5,0,TU
-2706,907.5,0,TU
-2639.5,907.5,0,TU
-1551,907.5,0,TU
-2068.5,909,0,TU
-2588,909.5,0,TU
-2038,909.5,0,TU
-2364.5,910,0,TU
-2302.5,911.5,0,TU
-1082.5,912,0,TU
-2778.5,912.5,0,TU
-1371,913.5,0,TU
-2670.5,915,0,TU
-2909.5,915,0,TU
-2502,917.5,0,TU
-1176,917.5,0,TU
-2937,918.5,0,TU
-1432,919.5,0,TU
-1883.5,920,0,TU
-1983.5,920.5,0,TU
-1282.5,921,0,TU
-1535.5,921,0,TU
-2289,921.5,0,TU
-2569,921.5,0,TU
-1410.5,922,0,TU
-2253,922.5,0,TU
-1794,923,0,TU
-2230,923,0,TU
-2862.5,923.5,0,TU
-2959,924,0,TU
-2367.5,924.5,0,TU
-1086,926.5,0,TU
-1234,926.5,0,TU
-2714.5,926.5,0,TU
-2392.5,927,0,TU
-1914,927,0,TU
-3018.5,927.5,0,TU
-1057,928.5,0,TU
-2527,928.5,0,TU
-1759.5,929,0,TU
-2350,929,0,TU
-2168,929.5,0,TU
-2327.5,930,0,TU
-2422,930.5,0,TU
-2878.5,930.5,0,TU
-2050,931.5,0,TU
-2043,932,0,TU
-2083,933,0,TU
-2615.5,933.5,0,TU
-1971,933.5,0,TU
-2309,934,0,TU
-2912,935,0,TU
-1163,936,0,TU
-2582.5,936,0,TU
-1613.5,936,0,TU
-1923.5,936.5,0,TU
-2889,937,0,TU
-3001,937.5,0,TU
-2461,937.5,0,TU
-1065.5,938.5,0,TU
-2223.5,938.5,0,TU
-1100.5,939.5,0,TU
-2776,941,0,TU
-2290.5,942,0,TU
-1937.5,943,0,TU
-2122.5,943,0,TU
-2346,943.5,0,TU
-2500,945,0,TU
-1671,945.5,0,TU
-2896.5,946.5,0,TU
-2237,947,0,TU
-2330.5,947,0,TU
-2183,947.5,0,TU
-1806,948.5,0,TU
-2624.5,949,0,TU
-2064.5,949,0,TU
-2658,949,0,TU
-1286,949.5,0,TU
-2964.5,950,0,TU
-2442,951,0,TU
-1201.5,951,0,TU
-3023.5,951.5,0,TU
-2799.5,952,0,TU
-1764,952,0,TU
-2873.5,952.5,0,TU
-2360,952.5,0,TU
-1562.5,953,0,TU
-2379.5,953,0,TU
-2419.5,953.5,0,TU
-2529,954,0,TU
-2162,955,0,TU
-2489.5,955,0,TU
-2576.5,955,0,TU
-1603.5,955,0,TU
-1429,956,0,TU
-1109,957,0,TU
-2204.5,958,0,TU
-2356.5,960.5,0,TU
-2338.5,960.5,0,TU
-1536.5,961,0,TU
-2221,962,0,TU
-1967.5,962.5,0,TU
-2049.5,963,0,TU
-2606.5,964.5,0,TU
-2670,964.5,0,TU
-1177.5,965,0,TU
-2244.5,965,0,TU
-3007.5,966,0,TU
-2476.5,966,0,TU
-2413.5,967,0,TU
-2937,968.5,0,TU
-1787,968.5,0,TU
-1073,968.5,0,TU
-2398,969,0,TU
-2694.5,969.5,0,TU
-2454.5,972.5,0,TU
-2545,972.5,0,TU
-1890,974.5,0,TU
-2653.5,975,0,TU
-2254,975.5,0,TU
-2302.5,975.5,0,TU
-1928.5,975.5,0,TU
-2991.5,976,0,TU
-1999.5,976.5,0,TU
-1322.5,978.5,0,TU
-1114,978.5,0,TU
-1974.5,980,0,TU
-2434,980.5,0,TU
-2888,981,0,TU
-2810,981.5,0,TU
-2043,982,0,TU
-2050.5,983,0,TU
-2867.5,983.5,0,TU
-2270.5,984,0,TU
-2670.5,984,0,TU
-1772,984,0,TU
-2224,984.5,0,TU
-2921.5,985.5,0,TU
-2342,988,0,TU
-2585.5,988,0,TU
-1544.5,988,0,TU
-2728,989.5,0,TU
-3047.5,990.5,0,TU
-3063,991.5,0,TU
-1219.5,992,0,TU
-2405.5,994.5,0,TU
-2206.5,995,0,TU
-2484.5,995.5,0,TU
-2949,995.5,0,TU
-1868,996,0,TU
-2846,997,0,TU
-3010.5,997.5,0,TU
-1179,1000,0,TU
-2896.5,1000,0,TU
-2707.5,1001.5,0,TU
-2150,1002,0,TU
-2922.5,1002,0,TU
-2869.5,1004.5,0,TU
-2961.5,1005,0,TU
-2256,1006,0,TU
-2279.5,1006.5,0,TU
-3042,1007,0,TU
-2793,1009,0,TU
-2230,1009.5,0,TU
-2929.5,1010,0,TU
-3017.5,1013,0,TU
-2817.5,1013,0,TU
-2730,1013,0,TU
-1542.5,1013.5,0,TU
-2199,1013.5,0,TU
-3068,1013.5,0,TU
-2428,1013.5,0,TU
-1939.5,1014.5,0,TU
-2767,1015.5,0,TU
-2872,1016.5,0,TU
-2856,1016.5,0,TU
-2295,1017,0,TU
-2889,1017.5,0,TU
-2404,1017.5,0,TU
-2655.5,1020,0,TU
-2256,1020,0,TU
-2373.5,1020,0,TU
-2840.5,1021.5,0,TU
-3080.5,1024.5,0,TU
-2800.5,1025.5,0,TU
-2628.5,1026.5,0,TU
-2158.5,1027.5,0,TU
-2548.5,1027.5,0,TU
-1202,1028,0,TU
-1178,1028,0,TU
-1222,1029,0,TU
-2724.5,1029,0,TU
-1133.5,1029.5,0,TU
-2894.5,1032,0,TU
-2299,1033,0,TU
-2600.5,1034,0,TU
-2319,1035,0,TU
-2412,1035,0,TU
-2820.5,1036,0,TU
-2806,1037,0,TU
-1947.5,1037.5,0,TU
-1291,1037.5,0,TU
-2202.5,1038,0,TU
-2873.5,1038.5,0,TU
-2225.5,1039.5,0,TU
-2475,1040,0,TU
-1254.5,1041,0,TU
-1974,1041,0,TU
-2574.5,1041,0,TU
-1829,1041.5,0,TU
-2398,1042,0,TU
-1872.5,1042.5,0,TU
-2902,1043.5,0,TU
-3098.5,1043.5,0,TU
-2685,1045,0,TU
-2742.5,1046,0,TU
-2505,1046,0,TU
-3071,1047,0,TU
-1202.5,1047.5,0,TU
-2786.5,1048,0,TU
-1380.5,1048.5,0,TU
-1863,1050.5,0,TU
-2924.5,1051,0,TU
-2811,1051.5,0,TU
-1598.5,1051.5,0,TU
-1918,1052,0,TU
-2952.5,1052.5,0,TU
-1988.5,1052.5,0,TU
-2881,1053,0,TU
-2971,1053,0,TU
-1162.5,1055,0,TU
-1840,1056,0,TU
-1900.5,1056.5,0,TU
-1938,1057,0,TU
-1397,1057.5,0,TU
-1814.5,1058.5,0,TU
-1223.5,1059,0,TU
-2555.5,1059.5,0,TU
-2219.5,1060,0,TU
-2631.5,1061.5,0,TU
-2720,1062,0,TU
-1956.5,1062,0,TU
-1978.5,1062,0,TU
-2946.5,1064,0,TU
-3099.5,1064,0,TU
-2585.5,1064.5,0,TU
-1306.5,1066,0,TU
-2788,1067.5,0,TU
-1194.5,1067.5,0,TU
-2663.5,1068,0,TU
-1417.5,1070,0,TU
-2800,1070.5,0,TU
-2690.5,1071.5,0,TU
-2078.5,1072,0,TU
-1377,1072.5,0,TU
-2761,1072.5,0,TU
-2744,1072.5,0,TU
-2851,1074.5,0,TU
-1340.5,1074.5,0,TU
-1569.5,1076.5,0,TU
-2887.5,1077.5,0,TU
-1925.5,1078.5,0,TU
-2775.5,1079.5,0,TU
-2461.5,1080,0,TU
-2237,1081,0,TU
-2484,1081,0,TU
-1856.5,1081.5,0,TU
-2066.5,1081.5,0,TU
-2786.5,1082.5,0,TU
-1196.5,1083.5,0,TU
-2977,1084,0,TU
-1811.5,1084.5,0,TU
-2509,1084.5,0,TU
-2953.5,1084.5,0,TU
-2800,1085,0,TU
-2928.5,1085,0,TU
-1318,1086,0,TU
-1954,1087,0,TU
-2902.5,1087.5,0,TU
-1184.5,1089,0,TU
-2037,1089,0,TU
-2561,1089,0,TU
-1505,1091.5,0,TU
-1305,1093,0,TU
-1371.5,1093,0,TU
-2813,1093,0,TU
-2874.5,1094,0,TU
-2763.5,1094,0,TU
-1705.5,1094.5,0,TU
-3006,1095,0,TU
-2775.5,1095.5,0,TU
-1408,1096,0,TU
-1978,1096,0,TU
-2512,1096.5,0,TU
-1925.5,1097,0,TU
-1201,1097.5,0,TU
-2533,1098.5,0,TU
-2582.5,1098.5,0,TU
-1232,1099,0,TU
-1845,1099.5,0,TU
-1251,1100,0,TU
-2791.5,1101,0,TU
-2833.5,1102,0,TU
-2479.5,1102.5,0,TU
-1294.5,1102.5,0,TU
-1439,1102.5,0,TU
-1217.5,1103,0,TU
-2182.5,1104,0,TU
-1326,1104.5,0,TU
-2460,1104.5,0,TU
-1474.5,1105.5,0,TU
-2729,1106,0,TU
-2753,1107,0,TU
-2047.5,1108.5,0,TU
-1359,1109,0,TU
-2201,1109,0,TU
-2231.5,1109,0,TU
-2556,1109.5,0,TU
-1389.5,1111,0,TU
-1254,1111.5,0,TU
-2772.5,1112.5,0,TU
-1811,1113,0,TU
-2869,1113.5,0,TU
-1647.5,1114.5,0,TU
-1963.5,1115.5,0,TU
-2894,1117,0,TU
-2944,1117.5,0,TU
-2911.5,1119,0,TU
-2289.5,1119,0,TU
-2384.5,1119.5,0,TU
-2151,1121,0,TU
-1983,1123,0,TU
-1792.5,1123.5,0,TU
-1412.5,1124.5,0,TU
-2827,1125,0,TU
-2964,1125,0,TU
-2675,1125.5,0,TU
-2928.5,1127,0,TU
-2493.5,1127,0,TU
-2405,1128,0,TU
-2989,1130.5,0,TU
-1816.5,1131,0,TU
-2813,1134.5,0,TU
-1684,1135.5,0,TU
-2434.5,1135.5,0,TU
-1761,1136.5,0,TU
-1385,1137,0,TU
-2946.5,1138,0,TU
-1854,1138,0,TU
-2761.5,1138.5,0,TU
-2896.5,1139.5,0,TU
-1253.5,1141,0,TU
-1653,1141,0,TU
-2981,1141.5,0,TU
-2282,1144,0,TU
-2717,1145,0,TU
-2221.5,1145,0,TU
-1353.5,1145.5,0,TU
-2923.5,1146,0,TU
-1797.5,1148,0,TU
-3109.5,1149,0,TU
-1519.5,1150,0,TU
-2663.5,1150,0,TU
-2479.5,1152,0,TU
-2962,1153,0,TU
-2308,1153,0,TU
-2808.5,1153.5,0,TU
-1956.5,1155,0,TU
-1420,1155.5,0,TU
-2707.5,1155.5,0,TU
-3120,1157.5,0,TU
-3079.5,1158.5,0,TU
-2827.5,1159,0,TU
-1673.5,1159.5,0,TU
-2489.5,1159.5,0,TU
-2785,1160.5,0,TU
-2286,1161,0,TU
-2466,1161,0,TU
-1339,1162,0,TU
-2624,1162.5,0,TU
-2750,1162.5,0,TU
-2937.5,1164,0,TU
-2511.5,1164.5,0,TU
-1446,1165,0,TU
-1461.5,1165.5,0,TU
-3100,1166,0,TU
-3004.5,1168,0,TU
-2014.5,1169,0,TU
-2644.5,1171,0,TU
-3109.5,1172.5,0,TU
-2324,1175,0,TU
-1932,1175,0,TU
-2761.5,1175,0,TU
-2536,1175.5,0,TU
-2375,1175.5,0,TU
-1695.5,1175.5,0,TU
-2720,1176,0,TU
-1311,1176,0,TU
-2453,1176.5,0,TU
-2486.5,1177.5,0,TU
-2570.5,1178,0,TU
-2912,1178,0,TU
-2847.5,1179.5,0,TU
-1342.5,1179.5,0,TU
-3139,1180,0,TU
-1391.5,1180.5,0,TU
-1874.5,1180.5,0,TU
-1286,1182,0,TU
-2806,1182.5,0,TU
-1793,1183,0,TU
-2098,1184.5,0,TU
-2276.5,1185,0,TU
-1830.5,1186,0,TU
-1461.5,1186,0,TU
-3004,1186.5,0,TU
-2672.5,1188,0,TU
-1325,1189.5,0,TU
-1671,1189.5,0,TU
-2979.5,1189.5,0,TU
-2964,1189.5,0,TU
-1362,1190,0,TU
-2940,1190,0,TU
-2779,1191.5,0,TU
-2732,1192.5,0,TU
-3125.5,1192.5,0,TU
-2849.5,1193,0,TU
-2836,1193.5,0,TU
-3030.5,1193.5,0,TU
-1752,1194,0,TU
-1929,1194.5,0,TU
-2193.5,1195,0,TU
-1280.5,1195.5,0,TU
-2341,1196,0,TU
-2044.5,1197.5,0,TU
-2907,1197.5,0,TU
-2821,1198,0,TU
-1336.5,1198.5,0,TU
-2605,1198.5,0,TU
-2926,1199,0,TU
-3110,1199,0,TU
-2294,1199,0,TU
-1599.5,1199,0,TU
-2873.5,1200.5,0,TU
-1635,1201,0,TU
-2518.5,1202,0,TU
-1544.5,1202,0,TU
-2796.5,1203,0,TU
-3135.5,1203.5,0,TU
-2064,1203.5,0,TU
-1920,1204,0,TU
-2375.5,1204.5,0,TU
-2708,1205,0,TU
-2433,1205.5,0,TU
-2781.5,1205.5,0,TU
-1888.5,1207,0,TU
-1303.5,1208,0,TU
-1458.5,1209,0,TU
-2096.5,1209.5,0,TU
-1406.5,1210,0,TU
-1957,1210.5,0,TU
-2380.5,1210.5,0,TU
-2893,1211,0,TU
-1667.5,1212.5,0,TU
-2979,1214,0,TU
-2500.5,1214,0,TU
-3122.5,1214,0,TU
-1341.5,1215.5,0,TU
-2948.5,1216,0,TU
-2691,1216,0,TU
-2810,1218,0,TU
-2322.5,1218,0,TU
-2772,1218,0,TU
-2539,1219,0,TU
-2182.5,1219.5,0,TU
-1316,1220.5,0,TU
-2038.5,1221,0,TU
-2472,1221,0,TU
-1609,1221.5,0,TU
-2409,1222.5,0,TU
-1893,1223,0,TU
-3096.5,1223.5,0,TU
-1563,1224.5,0,TU
-2259,1225,0,TU
-2796.5,1225,0,TU
-2888,1226,0,TU
-1473,1226.5,0,TU
-1413.5,1227.5,0,TU
-1769,1227.5,0,TU
-2970,1227.5,0,TU
-2280,1227.5,0,TU
-1914.5,1229.5,0,TU
-2430.5,1230.5,0,TU
-2294,1230.5,0,TU
-1392,1231.5,0,TU
-1596.5,1232.5,0,TU
-2381,1233,0,TU
-1355,1234,0,TU
-2519.5,1234.5,0,TU
-1579.5,1234.5,0,TU
-2873,1234.5,0,TU
-2940,1235,0,TU
-2898.5,1235,0,TU
-2963,1237,0,TU
-2447,1237.5,0,TU
-2681.5,1238,0,TU
-3117,1239,0,TU
-1377,1239.5,0,TU
-1339,1240,0,TU
-1496.5,1241.5,0,TU
-2053.5,1242,0,TU
-2538,1243,0,TU
-1535,1243,0,TU
-2671.5,1243,0,TU
-2555,1243.5,0,TU
-1445,1244,0,TU
-2274,1244,0,TU
-3085.5,1244.5,0,TU
-1612.5,1245,0,TU
-2098.5,1245.5,0,TU
-2389,1247.5,0,TU
-2472.5,1248,0,TU
-2574.5,1249,0,TU
-2830,1249.5,0,TU
-1409.5,1249.5,0,TU
-2500,1250.5,0,TU
-2026,1251,0,TU
-2311.5,1251.5,0,TU
-2740.5,1251.5,0,TU
-2964,1251.5,0,TU
-2605.5,1252,0,TU
-2765.5,1252.5,0,TU
-1553.5,1253,0,TU
-2639,1254,0,TU
-2859.5,1255,0,TU
-1330,1255.5,0,TU
-1860.5,1255.5,0,TU
-1389,1255.5,0,TU
-1879.5,1257,0,TU
-2166.5,1257.5,0,TU
-1957,1258,0,TU
-2932.5,1258,0,TU
-2951.5,1258,0,TU
-2999.5,1258.5,0,TU
-2435,1258.5,0,TU
-2290.5,1259,0,TU
-2419.5,1259,0,TU
-1990.5,1259.5,0,TU
-2362,1259.5,0,TU
-2460.5,1260.5,0,TU
-2873,1261,0,TU
-2802,1261.5,0,TU
-2403,1262.5,0,TU
-3116.5,1264,0,TU
-3085,1264.5,0,TU
-2521,1264.5,0,TU
-2673.5,1266.5,0,TU
-2895,1267,0,TU
-1614,1267.5,0,TU
-2384,1269,0,TU
-1572,1269.5,0,TU
-2825,1272.5,0,TU
-3056,1273,0,TU
-1494,1274,0,TU
-2599.5,1274.5,0,TU
-1389,1274.5,0,TU
-2365,1274.5,0,TU
-2217,1275,0,TU
-2538,1276,0,TU
-1981.5,1276,0,TU
-3080.5,1276.5,0,TU
-3109,1276.5,0,TU
-1546.5,1276.5,0,TU
-2865,1279,0,TU
-2010.5,1279.5,0,TU
-2972,1280.5,0,TU
-1593,1280.5,0,TU
-2946,1281.5,0,TU
-2268,1281.5,0,TU
-2288.5,1282.5,0,TU
-1425,1282.5,0,TU
-1657,1283,0,TU
-2882.5,1284,0,TU
-1621.5,1284.5,0,TU
-2097.5,1284.5,0,TU
-2444.5,1284.5,0,TU
-1992,1285,0,TU
-2585.5,1285,0,TU
-2641.5,1285.5,0,TU
-2469,1285.5,0,TU
-3087.5,1286,0,TU
-2568,1286,0,TU
-1688.5,1287,0,TU
-1523,1287,0,TU
-2618,1287.5,0,TU
-2677,1287.5,0,TU
-1791,1288,0,TU
-1563.5,1288.5,0,TU
-2785.5,1288.5,0,TU
-2490.5,1288.5,0,TU
-1980,1289.5,0,TU
-2831,1290,0,TU
-2771,1290.5,0,TU
-1960,1292,0,TU
-2926,1292.5,0,TU
-2808.5,1293.5,0,TU
-2870,1294,0,TU
-2362.5,1296.5,0,TU
-2667.5,1297,0,TU
-2857.5,1297,0,TU
-3067,1298,0,TU
-3039,1298,0,TU
-2601.5,1298.5,0,TU
-3107,1298.5,0,TU
-2979,1301.5,0,TU
-3084,1302.5,0,TU
-2751,1302.5,0,TU
-1488,1302.5,0,TU
-2891,1303,0,TU
-1617.5,1303,0,TU
-2942.5,1303,0,TU
-2260,1303,0,TU
-1989,1304,0,TU
-2702.5,1305,0,TU
-2644,1306.5,0,TU
-2721,1306.5,0,TU
-1864.5,1306.5,0,TU
-2845,1307.5,0,TU
-2909,1308,0,TU
-1972,1309,0,TU
-1592.5,1309.5,0,TU
-2869.5,1310,0,TU
-2822,1310.5,0,TU
-2577,1311,0,TU
-2924,1312,0,TU
-2346.5,1312,0,TU
-2452.5,1312.5,0,TU
-1568,1313,0,TU
-3079.5,1313,0,TU
-1948,1313.5,0,TU
-1661,1314,0,TU
-2493.5,1314.5,0,TU
-1465.5,1314.5,0,TU
-2619,1315.5,0,TU
-1904,1315.5,0,TU
-1539.5,1316,0,TU
-1939.5,1316,0,TU
-2475.5,1316,0,TU
-1617.5,1316.5,0,TU
-1701.5,1318,0,TU
-3098,1318,0,TU
-2534,1318,0,TU
-3054.5,1319,0,TU
-1519,1320,0,TU
-2850,1320.5,0,TU
-1989.5,1321,0,TU
-2779.5,1321.5,0,TU
-2521.5,1321.5,0,TU
-2599,1323,0,TU
-2641,1323.5,0,TU
-2682.5,1324.5,0,TU
-2938.5,1325,0,TU
-1486.5,1325.5,0,TU
-3152,1325.5,0,TU
-2418.5,1326,0,TU
-2950.5,1329,0,TU
-2377,1329,0,TU
-2909,1329,0,TU
-2716,1329.5,0,TU
-2865,1330,0,TU
-1619.5,1330,0,TU
-3006,1330.5,0,TU
-2448,1331,0,TU
-2662.5,1331.5,0,TU
-3082.5,1332,0,TU
-2359,1332.5,0,TU
-1642.5,1332.5,0,TU
-1373.5,1332.5,0,TU
-2216,1333,0,TU
-2023.5,1334,0,TU
-3064,1334,0,TU
-3105,1334,0,TU
-2762,1334,0,TU
-2147,1334,0,TU
-2394,1334.5,0,TU
-2567.5,1334.5,0,TU
-2552.5,1335.5,0,TU
-1928.5,1338,0,TU
-1597.5,1338.5,0,TU
-2702.5,1340.5,0,TU
-2342,1342,0,TU
-2120.5,1342.5,0,TU
-3043,1342.5,0,TU
-2897,1343,0,TU
-2840.5,1343,0,TU
-2879,1343,0,TU
-3027,1343.5,0,TU
-1434,1343.5,0,TU
-1990.5,1344.5,0,TU
-2614.5,1345.5,0,TU
-2682.5,1346,0,TU
-2577.5,1346.5,0,TU
-3160.5,1346.5,0,TU
-3116.5,1347,0,TU
-2644,1348.5,0,TU
-2851.5,1349,0,TU
-2728.5,1350,0,TU
-3080.5,1352,0,TU
-2413.5,1353,0,TU
-1624.5,1354,0,TU
-3065,1354.5,0,TU
-1750.5,1355,0,TU
-2541.5,1356.5,0,TU
-2485,1357.5,0,TU
-2863,1358,0,TU
-3096,1358,0,TU
-3164.5,1359.5,0,TU
-2967,1361,0,TU
-3006.5,1361,0,TU
-2888.5,1363.5,0,TU
-2560,1364,0,TU
-3042,1364.5,0,TU
-2658.5,1365,0,TU
-2732.5,1365.5,0,TU
-2921,1366.5,0,TU
-2989.5,1367,0,TU
-1603,1367,0,TU
-2909,1367.5,0,TU
-2581.5,1368,0,TU
-2053.5,1368,0,TU
-2616,1368.5,0,TU
-1656,1369.5,0,TU
-3062,1371,0,TU
-3087.5,1373,0,TU
-2505.5,1373.5,0,TU
-2786.5,1374.5,0,TU
-2130.5,1374.5,0,TU
-2433,1376,0,TU
-2861,1376.5,0,TU
-2941.5,1376.5,0,TU
-2047,1377.5,0,TU
-2408.5,1378.5,0,TU
-2982.5,1379.5,0,TU
-1996.5,1380,0,TU
-1408,1381.5,0,TU
-2558.5,1381.5,0,TU
-1796.5,1381.5,0,TU
-2883,1382.5,0,TU
-2389,1382.5,0,TU
-1435,1383.5,0,TU
-1719,1385,0,TU
-2808,1385.5,0,TU
-2693,1386,0,TU
-2329,1386.5,0,TU
-3030,1387,0,TU
-2173.5,1387.5,0,TU
-1690,1387.5,0,TU
-3054,1388,0,TU
-2734.5,1388.5,0,TU
-1555,1388.5,0,TU
-2595,1389,0,TU
-1970,1390,0,TU
-2671,1390.5,0,TU
-2621.5,1391,0,TU
-2103.5,1391.5,0,TU
-2751,1392.5,0,TU
-2917.5,1393,0,TU
-3011,1393.5,0,TU
-2277.5,1394,0,TU
-1442,1394,0,TU
-2718.5,1394.5,0,TU
-3080,1395.5,0,TU
-2434,1396,0,TU
-2494,1396,0,TU
-3045,1397,0,TU
-2943,1397,0,TU
-2838,1397,0,TU
-2410.5,1400,0,TU
-2021,1400,0,TU
-2872,1400.5,0,TU
-1474,1400.5,0,TU
-1562.5,1401.5,0,TU
-2658,1402.5,0,TU
-1788,1403.5,0,TU
-2982,1403.5,0,TU
-1392,1404,0,TU
-2564,1405.5,0,TU
-1414,1405.5,0,TU
-2754.5,1406,0,TU
-3060,1408.5,0,TU
-2415,1409,0,TU
-1823,1409.5,0,TU
-2446,1409.5,0,TU
-3088.5,1410,0,TU
-2536,1411,0,TU
-2777,1411,0,TU
-2080.5,1411.5,0,TU
-2730,1412.5,0,TU
-2388,1413.5,0,TU
-3024,1413.5,0,TU
-1984,1414,0,TU
-2918.5,1414.5,0,TU
-2813,1414.5,0,TU
-2703,1415,0,TU
-1940,1415.5,0,TU
-1427.5,1416.5,0,TU
-1560.5,1417.5,0,TU
-3047,1418.5,0,TU
-2492,1419.5,0,TU
-2842,1420,0,TU
-2964,1421,0,TU
-2326.5,1421,0,TU
-2014.5,1421.5,0,TU
-2949,1422,0,TU
-1997,1422,0,TU
-2569.5,1422,0,TU
-1583,1423,0,TU
-2675.5,1424,0,TU
-2616,1424.5,0,TU
-2645,1425,0,TU
-1440.5,1425,0,TU
-2800,1425.5,0,TU
-2032.5,1426.5,0,TU
-2605,1428.5,0,TU
-2826.5,1429,0,TU
-3003,1429.5,0,TU
-3068.5,1429.5,0,TU
-2592.5,1431,0,TU
-2130.5,1431.5,0,TU
-2919,1431.5,0,TU
-1409.5,1431.5,0,TU
-1947,1432,0,TU
-2269.5,1432,0,TU
-2859.5,1432,0,TU
-2417,1433,0,TU
-2053.5,1433,0,TU
-2536,1435.5,0,TU
-2656,1436.5,0,TU
-3018.5,1437.5,0,TU
-1572,1438.5,0,TU
-2360.5,1438.5,0,TU
-2984.5,1439.5,0,TU
-2685.5,1440.5,0,TU
-1456.5,1441,0,TU
-2705.5,1441,0,TU
-2017,1441.5,0,TU
-2789,1442,0,TU
-2316,1442,0,TU
-1833.5,1444,0,TU
-2343.5,1444,0,TU
-1647,1445,0,TU
-2036,1446,0,TU
-2894.5,1446.5,0,TU
-3079,1446.5,0,TU
-2303.5,1447.5,0,TU
-2554.5,1447.5,0,TU
-2812.5,1447.5,0,TU
-2457.5,1448.5,0,TU
-1433.5,1448.5,0,TU
-2673.5,1449.5,0,TU
-2586.5,1450.5,0,TU
-2522.5,1451.5,0,TU
-2489,1452,0,TU
-2750,1454.5,0,TU
-1955,1455,0,TU
-2322.5,1456,0,TU
-3055,1456,0,TU
-3017,1456,0,TU
-2717,1457,0,TU
-2656.5,1458,0,TU
-2798.5,1458,0,TU
-2693.5,1458,0,TU
-2979,1458,0,TU
-2009.5,1458,0,TU
-2757,1458,0,TU
-2054,1458.5,0,TU
-2246,1458.5,0,TU
-2871,1459,0,TU
-1857.5,1460.5,0,TU
-3931,1461,0,TU
-2080.5,1461,0,TU
-2902.5,1462,0,TU
-2564.5,1462,0,TU
-1545.5,1462,0,TU
-2033,1462.5,0,TU
-2998.5,1463,0,TU
-1531.5,1463,0,TU
-2335,1463.5,0,TU
-2442.5,1463.5,0,TU
-2822.5,1464,0,TU
-2545.5,1464,0,TU
-2603,1464.5,0,TU
-3965,1466,0,TU
-3920,1466.5,0,TU
-1975.5,1467,0,TU
-3038,1467,0,TU
-2100.5,1468,0,TU
-2969.5,1468.5,0,TU
-2409.5,1468.5,0,TU
-1437,1470,0,TU
-3900,1470,0,TU
-2318,1471.5,0,TU
-2642,1472.5,0,TU
-1743.5,1473,0,TU
-2889.5,1474.5,0,TU
-2926.5,1474.5,0,TU
-2798,1475.5,0,TU
-2036,1476,0,TU
-2532,1476.5,0,TU
-4075.5,1477.5,0,TU
-2112.5,1478.5,0,TU
-2579,1478.5,0,TU
-1684,1479,0,TU
-3930,1479.5,0,TU
-2509,1480.5,0,TU
-2369.5,1481,0,TU
-3014,1481.5,0,TU
-2774,1481.5,0,TU
-2553.5,1482,0,TU
-1981.5,1483,0,TU
-2335,1485,0,TU
-2389,1485.5,0,TU
-2984.5,1486.5,0,TU
-2438,1487,0,TU
-1790.5,1488,0,TU
-2710,1489.5,0,TU
-1491,1492,0,TU
-2832.5,1492,0,TU
-1444,1492.5,0,TU
-2810.5,1492.5,0,TU
-2406,1493.5,0,TU
-2566.5,1493.5,0,TU
-2959.5,1494,0,TU
-2886,1494,0,TU
-1527.5,1494.5,0,TU
-1704,1494.5,0,TU
-2032,1497,0,TU
-3918.5,1497,0,TU
-1591.5,1498,0,TU
-1846,1498,0,TU
-2206.5,1498.5,0,TU
-2428.5,1498.5,0,TU
-1991,1499,0,TU
-2521,1499,0,TU
-3872,1499,0,TU
-2344.5,1499.5,0,TU
-2902,1500.5,0,TU
-2652.5,1502,0,TU
-2496,1502.5,0,TU
-1862.5,1503.5,0,TU
-2397.5,1504.5,0,TU
-2416.5,1505,0,TU
-1438.5,1505.5,0,TU
-2778,1506,0,TU
-2313.5,1507.5,0,TU
-2469.5,1508,0,TU
-3004.5,1508,0,TU
-2986.5,1508.5,0,TU
-2447,1509,0,TU
-3980.5,1510.5,0,TU
-1706.5,1511,0,TU
-1676,1511.5,0,TU
-3018.5,1512.5,0,TU
-2796.5,1513.5,0,TU
-2819.5,1513.5,0,TU
-1805.5,1514,0,TU
-3850.5,1514,0,TU
-1847,1514,0,TU
-3960,1515,0,TU
-2356,1515,0,TU
-2614,1517.5,0,TU
-2529,1518.5,0,TU
-2890,1518.5,0,TU
-2061,1519,0,TU
-2983.5,1520,0,TU
-2867,1520,0,TU
-3806.5,1520.5,0,TU
-1984.5,1520.5,0,TU
-1434.5,1520.5,0,TU
-3972.5,1521,0,TU
-2653.5,1521,0,TU
-2430.5,1521.5,0,TU
-1835,1523,0,TU
-4057.5,1523,0,TU
-3871,1523,0,TU
-2247.5,1523.5,0,TU
-2566,1524,0,TU
-2642,1524,0,TU
-2774.5,1525.5,0,TU
-3893.5,1525.5,0,TU
-1872,1526,0,TU
-2900.5,1527,0,TU
-1493.5,1527,0,TU
-2267.5,1529,0,TU
-1692,1529.5,0,TU
-1714.5,1530.5,0,TU
-2801.5,1530.5,0,TU
-3831,1532,0,TU
-1727.5,1532.5,0,TU
-1854,1532.5,0,TU
-3978.5,1533.5,0,TU
-3758.5,1533.5,0,TU
-1512,1534.5,0,TU
-3846,1534.5,0,TU
-2355.5,1535,0,TU
-2463,1536.5,0,TU
-2764,1537.5,0,TU
-2376.5,1538.5,0,TU
-1822,1538.5,0,TU
-2856,1539,0,TU
-1432.5,1540,0,TU
-3823,1542,0,TU
-3960,1544.5,0,TU
-2484.5,1544.5,0,TU
-2740,1544.5,0,TU
-1847,1545,0,TU
-1737,1545.5,0,TU
-4001.5,1546,0,TU
-2405.5,1546,0,TU
-2980,1546.5,0,TU
-3905,1546.5,0,TU
-3976.5,1548,0,TU
-1703.5,1548.5,0,TU
-3739,1548.5,0,TU
-2517.5,1549.5,0,TU
-2031,1550.5,0,TU
-2659,1551,0,TU
-3665.5,1551.5,0,TU
-2478.5,1552.5,0,TU
-2281,1553.5,0,TU
-3678.5,1553.5,0,TU
-2463.5,1553.5,0,TU
-2567,1554.5,0,TU
-3636.5,1554.5,0,TU
-2687,1555.5,0,TU
-1686.5,1556.5,0,TU
-2328,1557,0,TU
-1842,1557.5,0,TU
-2451,1558,0,TU
-2367.5,1558,0,TU
-3923,1558,0,TU
-2886.5,1558,0,TU
-2225.5,1558.5,0,TU
-1866,1559,0,TU
-2748,1559,0,TU
-1501.5,1559.5,0,TU
-4234,1560.5,0,TU
-2531.5,1562,0,TU
-2593.5,1562,0,TU
-3972,1562.5,0,TU
-2709.5,1562.5,0,TU
-2387.5,1563.5,0,TU
-2483,1564,0,TU
-2782,1564.5,0,TU
-1430.5,1565,0,TU
-2809,1567,0,TU
-2749.5,1567,0,TU
-2627.5,1567,0,TU
-1695.5,1568.5,0,TU
-1717,1569,0,TU
-3780,1569,0,TU
-2968.5,1569,0,TU
-2423,1569,0,TU
-1877.5,1573,0,TU
-2551.5,1573.5,0,TU
-2471,1573.5,0,TU
-2958,1575,0,TU
-4167,1576,0,TU
-2398.5,1576,0,TU
-1682.5,1576.5,0,TU
-1465,1577.5,0,TU
-3981,1579,0,TU
-4282,1581,0,TU
-1536,1581,0,TU
-2892,1581.5,0,TU
-2520,1582,0,TU
-2457.5,1582,0,TU
-2574,1582.5,0,TU
-3750.5,1584,0,TU
-4224.5,1584.5,0,TU
-4061,1584.5,0,TU
-3875.5,1585,0,TU
-3678.5,1585,0,TU
-2518.5,1585.5,0,TU
-4279.5,1586,0,TU
-2727,1586.5,0,TU
-2385.5,1588,0,TU
-2463.5,1588,0,TU
-3660,1588.5,0,TU
-1875.5,1589,0,TU
-3773,1589,0,TU
-2005.5,1589,0,TU
-2245,1589.5,0,TU
-1488,1589.5,0,TU
-2441.5,1590.5,0,TU
-2764,1591,0,TU
-2849.5,1591,0,TU
-2717,1591,0,TU
-1893,1591.5,0,TU
-2786,1591.5,0,TU
-2496.5,1591.5,0,TU
-1523.5,1593,0,TU
-2646,1593.5,0,TU
-3973.5,1594,0,TU
-1698,1594.5,0,TU
-2539.5,1594.5,0,TU
-2601.5,1594.5,0,TU
-3794,1595,0,TU
-1673.5,1595,0,TU
-1856.5,1595,0,TU
-4160,1595.5,0,TU
-2874.5,1597,0,TU
-1656,1597,0,TU
-1779.5,1598,0,TU
-2352,1599,0,TU
-2947.5,1600,0,TU
-2477,1602,0,TU
-2401,1602,0,TU
-4127.5,1602,0,TU
-2686,1602.5,0,TU
-2207.5,1603,0,TU
-3658,1603.5,0,TU
-2704,1604,0,TU
-4221,1604.5,0,TU
-2848,1606,0,TU
-2241,1606.5,0,TU
-1970,1606.5,0,TU
-1876.5,1607,0,TU
-2547.5,1607,0,TU
-2774.5,1607.5,0,TU
-1854.5,1607.5,0,TU
-4095.5,1609,0,TU
-3945.5,1609.5,0,TU
-2486,1609.5,0,TU
-2455.5,1610,0,TU
-2826,1610.5,0,TU
-2005.5,1611,0,TU
-1733.5,1612.5,0,TU
-1552,1613,0,TU
-2246,1613.5,0,TU
-3558.5,1613.5,0,TU
-2719,1613.5,0,TU
-2336.5,1614.5,0,TU
-2375,1614.5,0,TU
-2586.5,1615,0,TU
-1836.5,1615.5,0,TU
-2903,1617,0,TU
-4137,1618,0,TU
-1538.5,1618,0,TU
-2318.5,1619,0,TU
-1660.5,1620,0,TU
-1972,1621,0,TU
-4233.5,1621,0,TU
-2687,1622,0,TU
-4165,1622,0,TU
-4203.5,1622.5,0,TU
-2667,1622.5,0,TU
-4261,1623,0,TU
-2872.5,1623.5,0,TU
-1677,1623.5,0,TU
-1869,1625,0,TU
-2848,1625.5,0,TU
-2264,1625.5,0,TU
-3646,1626,0,TU
-1854,1626,0,TU
-2399.5,1626,0,TU
-1715.5,1627,0,TU
-2004,1627,0,TU
-1986,1627.5,0,TU
-2570,1627.5,0,TU
-1912,1628,0,TU
-3889,1629.5,0,TU
-2369.5,1630.5,0,TU
-4185,1631,0,TU
-1789,1631,0,TU
-2013,1631.5,0,TU
-2644,1631.5,0,TU
-1561,1633,0,TU
-2205,1633.5,0,TU
-2419,1634,0,TU
-1517,1634,0,TU
-2488,1635,0,TU
-3667,1635.5,0,TU
-4136.5,1636,0,TU
-3939.5,1636.5,0,TU
-3982,1636.5,0,TU
-2587,1638,0,TU
-4007,1638.5,0,TU
-1538.5,1638.5,0,TU
-2692,1638.5,0,TU
-4235.5,1639,0,TU
-3712.5,1640,0,TU
-3689.5,1641,0,TU
-2872,1641,0,TU
-2542,1641.5,0,TU
-4272.5,1642,0,TU
-2438,1642,0,TU
-2461,1642,0,TU
-2826.5,1642.5,0,TU
-2266.5,1643.5,0,TU
-2216.5,1644,0,TU
-4251,1644,0,TU
-2666.5,1644.5,0,TU
-1921,1645,0,TU
-3917,1647,0,TU
-4086,1647,0,TU
-3593,1649,0,TU
-4296,1649,0,TU
-1536.5,1649,0,TU
-1516.5,1650,0,TU
-3935.5,1650.5,0,TU
-2298,1650.5,0,TU
-2848.5,1651,0,TU
-4236,1652.5,0,TU
-2552,1653,0,TU
-2055,1653.5,0,TU
-2737,1654.5,0,TU
-1739,1655,0,TU
-2372,1655.5,0,TU
-3964.5,1655.5,0,TU
-1789.5,1656,0,TU
-2810,1656,0,TU
-4213.5,1657,0,TU
-4157,1657,0,TU
-2757.5,1659.5,0,TU
-2125.5,1660.5,0,TU
-2865,1662,0,TU
-2106.5,1663,0,TU
-1881,1664,0,TU
-4309.5,1664.5,0,TU
-2290.5,1664.5,0,TU
-1544.5,1665.5,0,TU
-2447.5,1665.5,0,TU
-2503,1666.5,0,TU
-1506,1668,0,TU
-2538,1668,0,TU
-2022,1668,0,TU
-2414.5,1668,0,TU
-2812.5,1669,0,TU
-4254,1670.5,0,TU
-4205.5,1670.5,0,TU
-2825.5,1670.5,0,TU
-2382.5,1671,0,TU
-1555,1671,0,TU
-3877.5,1672.5,0,TU
-2683,1673.5,0,TU
-4165.5,1674.5,0,TU
-4231,1675,0,TU
-1733,1675.5,0,TU
-4294.5,1676,0,TU
-1800,1676,0,TU
-1529,1676.5,0,TU
-2095,1676.5,0,TU
-2676.5,1677,0,TU
-4187,1677,0,TU
-1671.5,1677,0,TU
-4259.5,1677.5,0,TU
-2790,1678,0,TU
-4285,1678.5,0,TU
-1654,1679,0,TU
-1576.5,1680.5,0,TU
-1974,1681,0,TU
-2865.5,1681,0,TU
-2293.5,1681.5,0,TU
-2118.5,1685,0,TU
-2771.5,1686,0,TU
-2002,1686,0,TU
-2560,1686.5,0,TU
-2745,1686.5,0,TU
-3676.5,1686.5,0,TU
-2509.5,1687.5,0,TU
-2539,1687.5,0,TU
-2267.5,1687.5,0,TU
-4309.5,1688,0,TU
-2451.5,1688,0,TU
-2801,1688,0,TU
-2816,1688,0,TU
-2658,1689,0,TU
-4162,1690,0,TU
-3985,1691,0,TU
-1537,1692,0,TU
-2309,1692.5,0,TU
-2522.5,1693,0,TU
-2468,1693.5,0,TU
-1745.5,1694,0,TU
-2401,1695.5,0,TU
-3731,1696,0,TU
-2822,1696,0,TU
-1592.5,1696,0,TU
-4092,1696.5,0,TU
-2289.5,1697.5,0,TU
-2549,1697.5,0,TU
-1497.5,1698,0,TU
-2567,1698,0,TU
-1937.5,1698,0,TU
-2375,1699,0,TU
-3933,1699,0,TU
-3958,1700.5,0,TU
-1575.5,1700.5,0,TU
-1619,1701,0,TU
-1767,1702.5,0,TU
-4245.5,1703,0,TU
-2678.5,1703.5,0,TU
-4267.5,1703.5,0,TU
-2337.5,1704,0,TU
-2533.5,1705,0,TU
-1697.5,1706.5,0,TU
-2432.5,1706.5,0,TU
-3803,1707,0,TU
-2264.5,1707.5,0,TU
-3942,1707.5,0,TU
-2316.5,1710,0,TU
-1534.5,1712,0,TU
-2031.5,1712.5,0,TU
-2554.5,1712.5,0,TU
-3653,1713,0,TU
-4291.5,1713.5,0,TU
-2571.5,1714,0,TU
-3986.5,1714.5,0,TU
-2624.5,1715,0,TU
-2368.5,1715.5,0,TU
-1708.5,1716.5,0,TU
-2411.5,1717.5,0,TU
-3911,1718,0,TU
-2003.5,1718,0,TU
-1763.5,1718.5,0,TU
-2390.5,1719,0,TU
-3756.5,1719.5,0,TU
-4256,1721,0,TU
-2683.5,1725.5,0,TU
-3934,1727,0,TU
-2435.5,1727.5,0,TU
-3669,1727.5,0,TU
-1581,1729.5,0,TU
-4276.5,1731.5,0,TU
-4101,1732.5,0,TU
-3952.5,1732.5,0,TU
-2135,1733,0,TU
-2110.5,1733,0,TU
-4241,1733,0,TU
-2492,1734,0,TU
-2440,1734,0,TU
-1720.5,1734.5,0,TU
-2462.5,1735,0,TU
-2408.5,1735,0,TU
-1927.5,1736.5,0,TU
-1754,1737,0,TU
-2370.5,1737.5,0,TU
-3980.5,1738,0,TU
-2604.5,1738,0,TU
-1988,1738,0,TU
-3686,1738.5,0,TU
-4075,1739,0,TU
-1737.5,1741.5,0,TU
-1593.5,1741.5,0,TU
-2389,1742,0,TU
-4357,1742.5,0,TU
-3927,1743.5,0,TU
-2420,1743.5,0,TU
-2558,1744,0,TU
-1773,1744,0,TU
-4283,1744.5,0,TU
-2697.5,1744.5,0,TU
-4332.5,1744.5,0,TU
-1569.5,1745.5,0,TU
-2246.5,1746.5,0,TU
-3812.5,1746.5,0,TU
-2628,1747,0,TU
-4250.5,1747.5,0,TU
-3698.5,1747.5,0,TU
-1731,1747.5,0,TU
-2508.5,1748.5,0,TU
-3543.5,1748.5,0,TU
-2579,1749.5,0,TU
-2482.5,1750.5,0,TU
-2163.5,1753.5,0,TU
-2461.5,1754.5,0,TU
-3920.5,1756,0,TU
-2221.5,1757.5,0,TU
-2553,1758.5,0,TU
-2524.5,1758.5,0,TU
-3906,1759,0,TU
-3417.5,1759,0,TU
-2494.5,1759,0,TU
-2430,1759.5,0,TU
-3952,1759.5,0,TU
-4232,1760.5,0,TU
-4280.5,1765.5,0,TU
-2044.5,1766,0,TU
-3892,1767,0,TU
-2285,1767,0,TU
-3468,1767,0,TU
-2386.5,1767.5,0,TU
-2373,1768,0,TU
-2477.5,1768,0,TU
-3982.5,1768,0,TU
-1717.5,1768,0,TU
-4432,1768,0,TU
-2250,1768.5,0,TU
-4248.5,1768.5,0,TU
-3809,1769,0,TU
-3499.5,1769.5,0,TU
-2547.5,1769.5,0,TU
-1764.5,1769.5,0,TU
-3606.5,1770.5,0,TU
-3524.5,1772,0,TU
-3854.5,1772.5,0,TU
-3671.5,1773,0,TU
-2588.5,1774.5,0,TU
-2529.5,1774.5,0,TU
-1971.5,1775,0,TU
-3418,1775.5,0,TU
-4270,1775.5,0,TU
-1737,1776.5,0,TU
-2050.5,1777,0,TU
-2351.5,1778.5,0,TU
-3764.5,1779.5,0,TU
-2420,1780.5,0,TU
-2460.5,1782,0,TU
-1700.5,1782.5,0,TU
-2504.5,1783,0,TU
-4286,1783,0,TU
-3453.5,1783.5,0,TU
-4308.5,1783.5,0,TU
-4241,1785,0,TU
-2082.5,1786.5,0,TU
-2305.5,1787,0,TU
-4470,1787.5,0,TU
-4169.5,1788,0,TU
-3637,1788.5,0,TU
-2479,1789,0,TU
-2233,1789,0,TU
-3838.5,1789,0,TU
-2187,1790,0,TU
-4367.5,1790,0,TU
-3734,1790.5,0,TU
-2602,1790.5,0,TU
-4453.5,1791.5,0,TU
-3409,1791.5,0,TU
-2212.5,1792,0,TU
-3705,1792,0,TU
-3726,1792.5,0,TU
-2588,1792.5,0,TU
-2568,1792.5,0,TU
-1748.5,1794,0,TU
-2547.5,1794,0,TU
-2526,1794.5,0,TU
-4486.5,1794.5,0,TU
-2289.5,1795,0,TU
-4338,1795.5,0,TU
-3868.5,1797,0,TU
-2274.5,1797.5,0,TU
-4144.5,1797.5,0,TU
-4259,1798,0,TU
-2089.5,1798,0,TU
-2133,1798.5,0,TU
-4184,1799.5,0,TU
-4297,1800,0,TU
-2427,1800.5,0,TU
-3676,1800.5,0,TU
-1945,1801.5,0,TU
-2257,1802.5,0,TU
-3435.5,1802.5,0,TU
-1757,1803,0,TU
-3895.5,1803.5,0,TU
-3985.5,1803.5,0,TU
-4240,1804.5,0,TU
-3411,1805.5,0,TU
-2402,1805.5,0,TU
-4223.5,1806.5,0,TU
-3946.5,1806.5,0,TU
-3630,1806.5,0,TU
-1970.5,1806.5,0,TU
-3652,1807,0,TU
-2053.5,1808.5,0,TU
-2304,1809.5,0,TU
-2565,1810,0,TU
-1734.5,1811,0,TU
-1693,1811.5,0,TU
-3469,1812,0,TU
-4473,1812.5,0,TU
-4453,1813.5,0,TU
-2171.5,1813.5,0,TU
-3714,1813.5,0,TU
-3840.5,1814,0,TU
-4496.5,1814.5,0,TU
-2153.5,1815.5,0,TU
-2031,1816,0,TU
-2491,1816,0,TU
-2579,1816.5,0,TU
-3585,1818,0,TU
-1883,1818.5,0,TU
-2215.5,1819,0,TU
-4299,1819.5,0,TU
-3525,1819.5,0,TU
-1702,1819.5,0,TU
-4008.5,1819.5,0,TU
-2276,1820,0,TU
-3670,1820,0,TU
-1721,1820,0,TU
-4353,1820.5,0,TU
-2018.5,1821,0,TU
-3734.5,1822,0,TU
-4253,1822,0,TU
-3411.5,1822,0,TU
-2439,1822,0,TU
-2479,1822,0,TU
-1666.5,1822,0,TU
-3915.5,1822.5,0,TU
-3957.5,1822.5,0,TU
-2538.5,1822.5,0,TU
-4381.5,1823.5,0,TU
-2603,1824,0,TU
-3338,1824.5,0,TU
-3484.5,1825.5,0,TU
-2191.5,1825.5,0,TU
-2337,1826,0,TU
-4202.5,1826,0,TU
-4275.5,1826,0,TU
-2405.5,1826,0,TU
-1913,1826,0,TU
-2314,1828,0,TU
-1969.5,1829,0,TU
-2091,1830,0,TU
-1951.5,1830,0,TU
-4425.5,1831.5,0,TU
-4221,1832,0,TU
-2561.5,1832.5,0,TU
-4177,1832.5,0,TU
-4142,1833.5,0,TU
-2293,1834,0,TU
-2217,1835.5,0,TU
-2250,1835.5,0,TU
-3971.5,1835.5,0,TU
-3642.5,1835.5,0,TU
-4266,1836,0,TU
-4513.5,1836,0,TU
-3801,1836,0,TU
-2129.5,1836,0,TU
-2177.5,1836,0,TU
-3910.5,1836.5,0,TU
-3727.5,1837,0,TU
-2360,1837,0,TU
-1721.5,1838,0,TU
-2427,1839,0,TU
-4168.5,1839.5,0,TU
-4456,1839.5,0,TU
-2376,1839.5,0,TU
-4247,1840,0,TU
-3669,1841.5,0,TU
-2583,1842.5,0,TU
-1610.5,1842.5,0,TU
-3682,1843.5,0,TU
-1894,1844.5,0,TU
-2012,1844.5,0,TU
-4032.5,1845.5,0,TU
-2155,1847,0,TU
-2445,1847,0,TU
-2236.5,1847.5,0,TU
-3757.5,1848,0,TU
-1856.5,1848,0,TU
-2467.5,1848.5,0,TU
-3705.5,1848.5,0,TU
-3786,1849.5,0,TU
-1988,1850,0,TU
-1792.5,1850,0,TU
-4435,1850.5,0,TU
-4268.5,1851,0,TU
-3545,1851.5,0,TU
-2278.5,1851.5,0,TU
-3614,1851.5,0,TU
-2483,1851.5,0,TU
-3726.5,1852,0,TU
-2592.5,1852,0,TU
-4296.5,1852.5,0,TU
-4219,1853,0,TU
-4191.5,1853,0,TU
-3502,1853,0,TU
-4357.5,1853,0,TU
-3522.5,1853,0,TU
-4387.5,1853.5,0,TU
-3641,1853.5,0,TU
-4125,1853.5,0,TU
-4462.5,1853.5,0,TU
-1968,1854,0,TU
-1947,1855,0,TU
-4474,1857,0,TU
-1810,1857.5,0,TU
-3652,1857.5,0,TU
-4149.5,1858.5,0,TU
-4259.5,1858.5,0,TU
-3739.5,1858.5,0,TU
-1885.5,1859.5,0,TU
-2442.5,1859.5,0,TU
-2423.5,1859.5,0,TU
-3481,1860.5,0,TU
-2356.5,1860.5,0,TU
-2183,1860.5,0,TU
-4235,1863.5,0,TU
-4112.5,1863.5,0,TU
-2496,1864,0,TU
-4062,1864.5,0,TU
-2020,1864.5,0,TU
-3715.5,1864.5,0,TU
-4088,1865,0,TU
-1612,1865.5,0,TU
-3690.5,1865.5,0,TU
-3566,1866,0,TU
-2200,1866.5,0,TU
-1866.5,1867,0,TU
-3642.5,1867,0,TU
-1998,1867,0,TU
-4278,1867.5,0,TU
-3314.5,1867.5,0,TU
-2244,1867.5,0,TU
-3624.5,1868,0,TU
-2065,1868.5,0,TU
-2344.5,1869,0,TU
-4539.5,1869.5,0,TU
-3788,1869.5,0,TU
-3600,1870,0,TU
-2042,1870.5,0,TU
-2521,1871.5,0,TU
-3801,1871.5,0,TU
-2084.5,1872.5,0,TU
-4507,1873.5,0,TU
-4372,1874.5,0,TU
-4251,1875,0,TU
-3436,1875.5,0,TU
-2101,1875.5,0,TU
-3827,1876,0,TU
-4344.5,1876,0,TU
-4160.5,1876.5,0,TU
-2487,1879.5,0,TU
-3814,1880.5,0,TU
-3664,1881.5,0,TU
-3699,1882,0,TU
-3549,1882,0,TU
-3752,1882.5,0,TU
-1822.5,1883,0,TU
-4132,1884,0,TU
-3391.5,1884,0,TU
-2003.5,1884,0,TU
-3862,1886,0,TU
-4460.5,1886.5,0,TU
-4102.5,1886.5,0,TU
-3733.5,1887,0,TU
-3270.5,1887,0,TU
-2470.5,1887.5,0,TU
-1853,1889,0,TU
-4566,1889,0,TU
-4280,1889,0,TU
-3615,1890,0,TU
-2238,1890,0,TU
-4234,1891.5,0,TU
-3799,1892,0,TU
-4262,1892.5,0,TU
-2260.5,1893,0,TU
-4079,1893.5,0,TU
-2167.5,1894,0,TU
-4331.5,1895,0,TU
-2304.5,1895,0,TU
-4442,1895.5,0,TU
-1808.5,1896,0,TU
-2023.5,1896,0,TU
-3884,1896.5,0,TU
-3593.5,1897.5,0,TU
-4359.5,1897.5,0,TU
-3904,1898,0,TU
-2377,1899,0,TU
-3499,1899.5,0,TU
-3402,1900.5,0,TU
-4289,1901,0,TU
-2227,1901,0,TU
-3540.5,1902,0,TU
-4581,1902,0,TU
-3861.5,1903,0,TU
-4513.5,1903,0,TU
-3250,1904.5,0,TU
-4051.5,1905.5,0,TU
-4558.5,1906,0,TU
-4370,1906,0,TU
-2443,1907,0,TU
-2058,1907.5,0,TU
-4399.5,1907.5,0,TU
-3781,1908,0,TU
-3640,1908,0,TU
-2294,1908.5,0,TU
-2268,1911.5,0,TU
-4104.5,1911.5,0,TU
-4128,1911.5,0,TU
-4225,1912,0,TU
-4084,1913,0,TU
-2360,1913.5,0,TU
-4594,1913.5,0,TU
-2011.5,1914.5,0,TU
-3983,1914.5,0,TU
-4413.5,1916,0,TU
-4574,1916,0,TU
-4258.5,1917,0,TU
-3417.5,1918,0,TU
-3385.5,1919,0,TU
-2234,1920,0,TU
-3566.5,1920.5,0,TU
-4282,1921.5,0,TU
-3452,1921.5,0,TU
-3485,1922,0,TU
-1729.5,1922,0,TU
-2192,1922.5,0,TU
-4375.5,1923,0,TU
-3878,1923.5,0,TU
-3588,1924,0,TU
-3899,1925,0,TU
-3510.5,1926,0,TU
-2164.5,1927,0,TU
-1997.5,1927,0,TU
-1904,1927.5,0,TU
-3549.5,1928.5,0,TU
-4575.5,1928.5,0,TU
-2281.5,1929.5,0,TU
-4543.5,1930.5,0,TU
-3623.5,1931,0,TU
-4258,1931.5,0,TU
-2371,1932,0,TU
-3367.5,1932,0,TU
-4489.5,1933,0,TU
-2405.5,1933.5,0,TU
-3392.5,1935.5,0,TU
-2383.5,1936.5,0,TU
-4233,1936.5,0,TU
-4468,1937,0,TU
-3860,1938,0,TU
-4518.5,1940,0,TU
-4106.5,1942.5,0,TU
-4560.5,1943,0,TU
-3413,1943,0,TU
-3247,1943.5,0,TU
-4384,1947,0,TU
-3351,1947.5,0,TU
-1774,1948,0,TU
-2222.5,1948,0,TU
-4576,1948.5,0,TU
-4423.5,1948.5,0,TU
-4029.5,1949,0,TU
-3881,1949.5,0,TU
-3295.5,1949.5,0,TU
-2309.5,1950.5,0,TU
-3318,1950.5,0,TU
-3368.5,1951.5,0,TU
-1946.5,1952,0,TU
-4403.5,1952,0,TU
-4541,1952,0,TU
-2240,1953,0,TU
-2264.5,1953.5,0,TU
-3197,1953.5,0,TU
-1992.5,1954,0,TU
-4246,1954,0,TU
-1903.5,1954.5,0,TU
-2206,1955.5,0,TU
-3467,1956,0,TU
-3656.5,1957,0,TU
-4209,1957.5,0,TU
-1744,1958,0,TU
-4449,1959,0,TU
-4590,1959,0,TU
-2385.5,1960,0,TU
-3558,1960,0,TU
-2179.5,1960.5,0,TU
-1711.5,1961.5,0,TU
-3385,1962.5,0,TU
-1888,1963.5,0,TU
-3538,1965,0,TU
-4569,1965.5,0,TU
-4071.5,1965.5,0,TU
-3432.5,1965.5,0,TU
-2326,1965.5,0,TU
-1970.5,1965.5,0,TU
-4460.5,1966,0,TU
-4038,1966.5,0,TU
-4527.5,1966.5,0,TU
-3361.5,1968.5,0,TU
-3995.5,1969.5,0,TU
-3341,1969.5,0,TU
-4243,1970,0,TU
-4115.5,1970,0,TU
-4425,1972,0,TU
-4541.5,1973,0,TU
-1942.5,1973.5,0,TU
-4186.5,1973.5,0,TU
-4554,1974.5,0,TU
-3683,1974.5,0,TU
-4102.5,1975.5,0,TU
-3645,1975.5,0,TU
-1917.5,1976.5,0,TU
-3611.5,1977,0,TU
-4472,1977,0,TU
-2257,1977.5,0,TU
-4023,1978,0,TU
-4308.5,1978,0,TU
-1725.5,1979,0,TU
-1893.5,1979.5,0,TU
-4079.5,1980.5,0,TU
-4341.5,1980.5,0,TU
-3305,1981,0,TU
-4411,1981,0,TU
-4586.5,1982,0,TU
-4533,1982.5,0,TU
-1962.5,1982.5,0,TU
-3874.5,1983,0,TU
-2235,1983,0,TU
-3923,1983.5,0,TU
-1823.5,1984,0,TU
-4177,1984,0,TU
-3896.5,1984.5,0,TU
-2340,1984.5,0,TU
-4366.5,1985.5,0,TU
-1850.5,1985.5,0,TU
-3324.5,1985.5,0,TU
-2183.5,1986,0,TU
-3543,1986.5,0,TU
-1872,1987.5,0,TU
-4042,1989,0,TU
-3390,1989.5,0,TU
-1778.5,1990,0,TU
-4449,1991,0,TU
-4514,1991.5,0,TU
-3358.5,1992,0,TU
-3928,1992,0,TU
-4128.5,1992,0,TU
-2268,1992,0,TU
-3464,1992.5,0,TU
-3433.5,1993.5,0,TU
-4432,1993.5,0,TU
-2246,1994,0,TU
-1895.5,1995,0,TU
-4494.5,1995,0,TU
-4570,1995,0,TU
-4061.5,1995.5,0,TU
-3215,1996.5,0,TU
-1729,1997.5,0,TU
-3284.5,1997.5,0,TU
-2354,1998,0,TU
-3841,1998.5,0,TU
-4480.5,1999.5,0,TU
-1749,2000,0,TU
-4536,2000,0,TU
-3620,2000.5,0,TU
-3248.5,2001.5,0,TU
-4254.5,2002,0,TU
-4594,2002.5,0,TU
-4014.5,2003,0,TU
-4358,2003,0,TU
-4092,2003.5,0,TU
-4383,2004,0,TU
-2060.5,2006,0,TU
-3811.5,2006,0,TU
-4412.5,2006.5,0,TU
-3655,2006.5,0,TU
-4307.5,2007.5,0,TU
-4170,2008,0,TU
-1908,2009,0,TU
-4077.5,2009.5,0,TU
-2267.5,2009.5,0,TU
-4445,2009.5,0,TU
-4190.5,2010,0,TU
-2288.5,2011,0,TU
-3788.5,2011.5,0,TU
-2242,2012,0,TU
-1786.5,2012.5,0,TU
-3328.5,2012.5,0,TU
-3364,2013,0,TU
-1732,2013.5,0,TU
-4579,2014,0,TU
-2158.5,2014.5,0,TU
-1809,2015,0,TU
-4043.5,2016.5,0,TU
-2178,2017.5,0,TU
-4557.5,2017.5,0,TU
-4066,2018.5,0,TU
-3536,2019.5,0,TU
-2059.5,2019.5,0,TU
-4458,2020,0,TU
-4256,2020.5,0,TU
-1770.5,2021.5,0,TU
-3484.5,2021.5,0,TU
-4200,2022,0,TU
-3436,2022,0,TU
-2271.5,2023,0,TU
-4545.5,2025,0,TU
-2015,2025,0,TU
-4320.5,2025,0,TU
-3854.5,2025,0,TU
-3397.5,2027,0,TU
-1743,2027.5,0,TU
-2123,2028,0,TU
-1942.5,2028,0,TU
-4123,2028.5,0,TU
-3806.5,2029.5,0,TU
-1849,2029.5,0,TU
-4340,2029.5,0,TU
-2246,2029.5,0,TU
-4478.5,2030,0,TU
-1714.5,2030,0,TU
-4006,2030,0,TU
-3970.5,2031,0,TU
-4591.5,2031.5,0,TU
-1894.5,2032,0,TU
-2194.5,2032.5,0,TU
-4565.5,2033,0,TU
-3832.5,2034,0,TU
-4374,2035,0,TU
-2003.5,2035,0,TU
-3877.5,2037.5,0,TU
-1962.5,2039,0,TU
-3283.5,2040.5,0,TU
-4539.5,2041,0,TU
-3256.5,2041,0,TU
-3509,2042,0,TU
-4310,2042,0,TU
-2150.5,2042.5,0,TU
-2865.5,2043,0,TU
-4266.5,2044.5,0,TU
-2262,2044.5,0,TU
-3672,2045.5,0,TU
-3615,2045.5,0,TU
-1991.5,2046.5,0,TU
-1734,2046.5,0,TU
-4511,2046.5,0,TU
-1768.5,2047.5,0,TU
-2307,2049,0,TU
-2193,2049.5,0,TU
-1702.5,2050,0,TU
-4331.5,2050,0,TU
-3857.5,2050,0,TU
-3147,2050,0,TU
-4300.5,2051,0,TU
-2132.5,2052.5,0,TU
-3832.5,2053.5,0,TU
-2113.5,2053.5,0,TU
-4564,2054,0,TU
-1847,2054.5,0,TU
-4011,2055.5,0,TU
-1715.5,2056,0,TU
-1685.5,2057,0,TU
-3908,2057,0,TU
-4598.5,2057.5,0,TU
-4400.5,2058.5,0,TU
-2172,2059,0,TU
-4471,2059.5,0,TU
-4535.5,2060.5,0,TU
-4247,2060.5,0,TU
-1983,2062,0,TU
-3331,2063,0,TU
-1792.5,2063,0,TU
-3230.5,2063,0,TU
-1754.5,2064,0,TU
-4445,2064.5,0,TU
-4582.5,2065,0,TU
-2153,2065,0,TU
-4131.5,2066.5,0,TU
-4387.5,2067,0,TU
-1719,2068.5,0,TU
-2082,2069.5,0,TU
-4416.5,2071,0,TU
-4497.5,2071,0,TU
-2277,2073.5,0,TU
-3769,2073.5,0,TU
-3265,2074,0,TU
-1971,2074,0,TU
-4429.5,2074,0,TU
-4539.5,2074.5,0,TU
-4558.5,2075.5,0,TU
-3971,2075.5,0,TU
-3650,2077,0,TU
-2057.5,2078,0,TU
-3592,2078,0,TU
-3834.5,2080.5,0,TU
-1638,2081,0,TU
-1753.5,2081.5,0,TU
-4477.5,2083.5,0,TU
-4004,2084,0,TU
-2218,2084,0,TU
-4399.5,2084.5,0,TU
-2024,2085,0,TU
-3699,2085.5,0,TU
-4192.5,2086,0,TU
-1720.5,2086,0,TU
-4165.5,2086,0,TU
-2159.5,2087,0,TU
-4090.5,2087.5,0,TU
-1945,2088,0,TU
-3804.5,2089.5,0,TU
-4384,2090,0,TU
-1605.5,2090,0,TU
-3285.5,2091,0,TU
-1861,2091,0,TU
-4510,2091.5,0,TU
-2265.5,2093,0,TU
-3884,2094,0,TU
-3856,2094,0,TU
-2006,2094.5,0,TU
-4123,2095,0,TU
-3633,2095,0,TU
-2135.5,2095,0,TU
-4288.5,2095.5,0,TU
-4583,2096.5,0,TU
-3772,2097,0,TU
-4413.5,2098.5,0,TU
-3237.5,2099,0,TU
-4212.5,2099.5,0,TU
-1881.5,2100,0,TU
-4032.5,2100,0,TU
-4604.5,2100.5,0,TU
-2104,2100.5,0,TU
-3158,2101.5,0,TU
-1742.5,2103.5,0,TU
-4438,2103.5,0,TU
-2181,2103.5,0,TU
-2157,2105.5,0,TU
-3551.5,2109.5,0,TU
-4191,2109.5,0,TU
-3314.5,2109.5,0,TU
-3584,2111,0,TU
-3400.5,2111,0,TU
-3759,2111.5,0,TU
-1690,2112.5,0,TU
-3601.5,2112.5,0,TU
-3789,2114.5,0,TU
-3619,2116.5,0,TU
-4404,2117,0,TU
-4544,2117,0,TU
-2243,2117,0,TU
-4274.5,2118,0,TU
-3441,2118.5,0,TU
-4568.5,2118.5,0,TU
-3661,2119.5,0,TU
-4437,2120.5,0,TU
-3967,2121,0,TU
-3640,2121,0,TU
-2144,2123,0,TU
-4773,2125,0,TU
-4579,2125.5,0,TU
-4517.5,2125.5,0,TU
-4826,2125.5,0,TU
-3325,2125.5,0,TU
-4805.5,2125.5,0,TU
-4843,2126.5,0,TU
-4418.5,2126.5,0,TU
-3287.5,2127,0,TU
-4180,2127,0,TU
-2054,2127.5,0,TU
-1672,2128.5,0,TU
-1737.5,2128.5,0,TU
-4040.5,2128.5,0,TU
-2097.5,2129,0,TU
-1825.5,2129,0,TU
-4563,2129,0,TU
-4204,2129.5,0,TU
-1597.5,2129.5,0,TU
-1898.5,2130,0,TU
-3857,2130,0,TU
-4152.5,2131,0,TU
-1646,2133.5,0,TU
-2241.5,2134.5,0,TU
-4261.5,2135.5,0,TU
-1849.5,2136.5,0,TU
-3817,2138,0,TU
-4434,2139,0,TU
-3979,2139.5,0,TU
-1872.5,2139.5,0,TU
-3332,2140,0,TU
-3362.5,2140.5,0,TU
-2066.5,2140.5,0,TU
-3724.5,2140.5,0,TU
-1626,2141,0,TU
-4016.5,2141,0,TU
-4405.5,2142,0,TU
-3310.5,2142.5,0,TU
-2692.5,2143,0,TU
-2227,2143,0,TU
-4819,2143.5,0,TU
-3995.5,2143.5,0,TU
-4190.5,2144,0,TU
-1954.5,2144.5,0,TU
-3912.5,2145,0,TU
-1709.5,2151,0,TU
-4052,2151.5,0,TU
-4560,2152,0,TU
-4086,2153,0,TU
-4531,2153,0,TU
-4034,2153.5,0,TU
-2014.5,2153.5,0,TU
-3293,2154,0,TU
-1990,2154.5,0,TU
-2719,2154.5,0,TU
-4172,2154.5,0,TU
-1656,2155,0,TU
-1968.5,2155,0,TU
-3508,2155,0,TU
-1607,2155,0,TU
-3268,2157.5,0,TU
-1887,2158,0,TU
-4209,2159,0,TU
-4352.5,2159,0,TU
-1837,2159,0,TU
-3461.5,2159.5,0,TU
-4810.5,2160.5,0,TU
-4189,2160.5,0,TU
-3005,2161,0,TU
-4413,2161.5,0,TU
-4309.5,2163,0,TU
-4155.5,2163,0,TU
-1753.5,2163,0,TU
-3440.5,2163,0,TU
-4268.5,2164,0,TU
-4568.5,2164.5,0,TU
-1778.5,2165,0,TU
-4440.5,2166.5,0,TU
-4747,2166.5,0,TU
-4370.5,2166.5,0,TU
-2878.5,2167,0,TU
-3556.5,2167,0,TU
-2916,2167,0,TU
-4455,2168,0,TU
-3491.5,2169,0,TU
-4843.5,2169,0,TU
-3910,2169.5,0,TU
-3800.5,2169.5,0,TU
-2063,2171.5,0,TU
-3327.5,2172,0,TU
-4482,2173,0,TU
-1897,2173.5,0,TU
-1648.5,2173.5,0,TU
-4002,2174,0,TU
-4100.5,2174.5,0,TU
-2846.5,2174.5,0,TU
-2666.5,2175,0,TU
-4046.5,2175,0,TU
-4724.5,2175.5,0,TU
-2703,2176,0,TU
-1675.5,2176,0,TU
-3889.5,2176.5,0,TU
-1710,2177.5,0,TU
-3927,2179,0,TU
-3769.5,2180,0,TU
-1999.5,2181.5,0,TU
-4799,2181.5,0,TU
-1644.5,2182.5,0,TU
-1627,2182.5,0,TU
-3307.5,2183,0,TU
-3283.5,2183,0,TU
-4417,2183,0,TU
-3321,2185.5,0,TU
-4571,2186,0,TU
-4375,2186.5,0,TU
-2677.5,2186.5,0,TU
-1798.5,2187,0,TU
-1662,2187,0,TU
-1776.5,2187.5,0,TU
-2045,2188.5,0,TU
-2163.5,2188.5,0,TU
-1832.5,2191,0,TU
-4509,2191.5,0,TU
-3644.5,2193,0,TU
-2064.5,2194,0,TU
-1610.5,2194,0,TU
-3401.5,2194.5,0,TU
-4022.5,2196,0,TU
-1648,2196.5,0,TU
-4444.5,2197.5,0,TU
-4464,2197.5,0,TU
-3846,2198.5,0,TU
-3299.5,2200.5,0,TU
-1846.5,2203,0,TU
-4569.5,2203.5,0,TU
-1777.5,2203.5,0,TU
-4416,2204.5,0,TU
-2857,2205,0,TU
-2159,2205.5,0,TU
-4251,2205.5,0,TU
-1909,2207,0,TU
-4743.5,2207,0,TU
-1628.5,2207.5,0,TU
-3315.5,2208,0,TU
-4602.5,2208.5,0,TU
-4179,2208.5,0,TU
-4229,2209,0,TU
-1887,2210,0,TU
-4114.5,2210.5,0,TU
-4510,2210.5,0,TU
-2811,2211,0,TU
-4275.5,2211,0,TU
-1746,2211,0,TU
-2017,2211.5,0,TU
-4290.5,2212.5,0,TU
-1681,2212.5,0,TU
-1654.5,2213.5,0,TU
-3097,2214,0,TU
-3527,2214.5,0,TU
-3374.5,2215,0,TU
-4379.5,2215,0,TU
-4456.5,2217,0,TU
-2091,2217,0,TU
-1777,2218,0,TU
-3896.5,2218.5,0,TU
-4318,2219,0,TU
-1872.5,2219,0,TU
-3267,2220.5,0,TU
-4476.5,2220.5,0,TU
-3296,2221.5,0,TU
-2175.5,2221.5,0,TU
-3337.5,2221.5,0,TU
-4243.5,2221.5,0,TU
-3395.5,2222.5,0,TU
-3633.5,2222.5,0,TU
-3048.5,2222.5,0,TU
-4403.5,2224,0,TU
-4329,2224,0,TU
-2115.5,2224.5,0,TU
-3728,2224.5,0,TU
-4595,2224.5,0,TU
-4192.5,2227,0,TU
-2077.5,2227,0,TU
-3836,2227,0,TU
-3479,2227.5,0,TU
-2164.5,2229,0,TU
-3988,2229,0,TU
-4504,2229.5,0,TU
-1791,2229.5,0,TU
-2800,2231,0,TU
-1879.5,2231,0,TU
-4100.5,2231,0,TU
-2766.5,2232,0,TU
-1766.5,2233.5,0,TU
-4168.5,2235,0,TU
-4045,2236,0,TU
-4565.5,2236,0,TU
-4271,2237,0,TU
-4127.5,2237,0,TU
-1749,2237,0,TU
-1910,2237.5,0,TU
-4602.5,2238,0,TU
-3487.5,2239,0,TU
-3076.5,2239,0,TU
-4454.5,2239.5,0,TU
-4221.5,2241,0,TU
-2093,2241.5,0,TU
-3288.5,2242,0,TU
-4063.5,2243,0,TU
-3818,2243.5,0,TU
-4249.5,2244,0,TU
-4015.5,2245,0,TU
-3182.5,2245.5,0,TU
-1659.5,2245.5,0,TU
-4482,2246.5,0,TU
-2778,2246.5,0,TU
-4363,2246.5,0,TU
-4571.5,2247,0,TU
-3305,2247.5,0,TU
-3714,2247.5,0,TU
-1877,2248,0,TU
-1681.5,2248,0,TU
-1800.5,2248,0,TU
-4412.5,2248.5,0,TU
-4379.5,2249,0,TU
-3025,2249,0,TU
-2657.5,2249.5,0,TU
-4184.5,2249.5,0,TU
-4596.5,2249.5,0,TU
-3884,2251.5,0,TU
-3214,2252.5,0,TU
-3333.5,2252.5,0,TU
-4151,2253,0,TU
-3783,2254.5,0,TU
-3758.5,2255,0,TU
-2791,2255,0,TU
-4534.5,2255,0,TU
-3344.5,2256,0,TU
-2814.5,2258,0,TU
-4209.5,2258.5,0,TU
-3359.5,2259,0,TU
-3370.5,2260,0,TU
-1945,2260,0,TU
-3216.5,2260,0,TU
-4186,2260.5,0,TU
-4605,2261,0,TU
-1614.5,2262,0,TU
-4588.5,2262.5,0,TU
-3101,2263,0,TU
-2077,2263,0,TU
-3856,2263,0,TU
-4242.5,2263,0,TU
-3007.5,2263.5,0,TU
-1915.5,2265,0,TU
-2793.5,2266.5,0,TU
-3281,2266.5,0,TU
-4564.5,2268.5,0,TU
-3957.5,2268.5,0,TU
-4362.5,2269,0,TU
-4516,2269.5,0,TU
-2741.5,2270,0,TU
-4729,2271,0,TU
-2819,2271,0,TU
-1780.5,2272,0,TU
-3551.5,2272.5,0,TU
-3027,2272.5,0,TU
-2765,2273.5,0,TU
-3328.5,2274.5,0,TU
-3251.5,2275.5,0,TU
-4223,2276,0,TU
-3371,2276,0,TU
-4538,2276,0,TU
-3761,2276.5,0,TU
-4313.5,2276.5,0,TU
-3928.5,2277.5,0,TU
-2779.5,2278,0,TU
-1979.5,2278.5,0,TU
-4374,2279,0,TU
-4154.5,2279,0,TU
-2692,2279,0,TU
-3272,2279,0,TU
-2830,2281,0,TU
-3818.5,2281,0,TU
-4606,2281.5,0,TU
-4595,2281.5,0,TU
-4454,2281.5,0,TU
-4429.5,2282,0,TU
-1796,2282.5,0,TU
-4189.5,2283,0,TU
-4756.5,2283.5,0,TU
-3299,2284,0,TU
-3000.5,2285,0,TU
-4527.5,2286,0,TU
-2800,2286.5,0,TU
-4578.5,2288,0,TU
-3211,2288,0,TU
-4555,2289.5,0,TU
-4480,2290.5,0,TU
-4792.5,2290.5,0,TU
-4160.5,2292,0,TU
-3113,2293,0,TU
-3133.5,2293,0,TU
-3923.5,2295,0,TU
-3384.5,2296,0,TU
-1658,2296.5,0,TU
-4771.5,2296.5,0,TU
-4724.5,2297,0,TU
-3236,2298.5,0,TU
-3865.5,2299,0,TU
-2990,2299.5,0,TU
-3908,2300,0,TU
-3654.5,2300.5,0,TU
-3890,2301,0,TU
-3553.5,2301,0,TU
-2745,2301.5,0,TU
-3747,2301.5,0,TU
-3315,2302,0,TU
-2772,2302,0,TU
-2758.5,2302,0,TU
-4437.5,2304,0,TU
-1773.5,2304.5,0,TU
-2728.5,2304.5,0,TU
-2975.5,2305,0,TU
-4525,2305,0,TU
-4193,2305.5,0,TU
-4612,2305.5,0,TU
-4815,2306,0,TU
-3640.5,2306.5,0,TU
-4469.5,2306.5,0,TU
-3461.5,2307.5,0,TU
-4219,2307.5,0,TU
-2711.5,2309,0,TU
-3856,2309.5,0,TU
-4447.5,2310,0,TU
-3147.5,2311,0,TU
-4759.5,2311.5,0,TU
-3349,2312,0,TU
-4735,2312,0,TU
-3379,2312,0,TU
-2863.5,2313.5,0,TU
-4168.5,2314,0,TU
-2946.5,2314,0,TU
-1672,2314.5,0,TU
-3009,2315,0,TU
-4541.5,2315,0,TU
-3801.5,2315.5,0,TU
-3611,2315.5,0,TU
-4792.5,2317,0,TU
-3106.5,2317,0,TU
-4479.5,2317.5,0,TU
-4584,2318,0,TU
-4775.5,2319,0,TU
-4561,2319,0,TU
-4502.5,2319.5,0,TU
-4751.5,2320,0,TU
-4638.5,2321.5,0,TU
-4410.5,2321.5,0,TU
-4189.5,2323.5,0,TU
-3939,2324,0,TU
-4267,2325.5,0,TU
-2742,2326.5,0,TU
-3893.5,2327,0,TU
-3468.5,2327.5,0,TU
-3861.5,2327.5,0,TU
-4238,2328,0,TU
-4311,2328.5,0,TU
-3417,2329,0,TU
-3620,2329.5,0,TU
-4608,2329.5,0,TU
-4796.5,2330,0,TU
-2770,2330,0,TU
-4463.5,2331,0,TU
-4144,2331.5,0,TU
-4528.5,2331.5,0,TU
-3443.5,2332.5,0,TU
-4741,2332.5,0,TU
-4780.5,2333.5,0,TU
-3111,2333.5,0,TU
-3091.5,2334,0,TU
-4764.5,2334.5,0,TU
-4214.5,2335.5,0,TU
-3227.5,2335.5,0,TU
-3181,2336,0,TU
-3123,2337,0,TU
-3885.5,2337.5,0,TU
-2972.5,2338.5,0,TU
-4180,2339,0,TU
-2724.5,2339,0,TU
-4450,2340,0,TU
-4618,2340.5,0,TU
-4593.5,2341,0,TU
-3749,2341.5,0,TU
-4567.5,2341.5,0,TU
-4487,2342.5,0,TU
-3200,2343.5,0,TU
-4811,2344,0,TU
-4004,2344,0,TU
-4277,2344.5,0,TU
-4373,2346,0,TU
-2953,2346.5,0,TU
-3853,2347,0,TU
-3094,2348.5,0,TU
-3474,2349,0,TU
-4642,2349,0,TU
-3607.5,2350.5,0,TU
-4434.5,2350.5,0,TU
-4412,2351.5,0,TU
-4655,2352,0,TU
-3768.5,2352.5,0,TU
-4528.5,2353.5,0,TU
-3577.5,2354,0,TU
-3345,2355,0,TU
-4287.5,2355,0,TU
-3900.5,2356,0,TU
-4629,2356,0,TU
-4461.5,2356.5,0,TU
-2987,2356.5,0,TU
-3638,2357.5,0,TU
-4793,2357.5,0,TU
-4446.5,2357.5,0,TU
-3003.5,2358,0,TU
-2938.5,2358.5,0,TU
-3869,2358.5,0,TU
-3077.5,2359,0,TU
-4558,2359,0,TU
-4767.5,2360,0,TU
-3952,2360.5,0,TU
-2693,2362,0,TU
-3518,2364.5,0,TU
-4538.5,2364.5,0,TU
-4415.5,2365,0,TU
-3392.5,2365.5,0,TU
-4747,2365.5,0,TU
-4609.5,2365.5,0,TU
-4037.5,2366,0,TU
-4788.5,2366.5,0,TU
-4580.5,2367,0,TU
-4501.5,2368.5,0,TU
-2725.5,2369,0,TU
-4374.5,2369,0,TU
-2840,2370.5,0,TU
-4327.5,2370.5,0,TU
-2923,2371,0,TU
-4077.5,2373,0,TU
-4353.5,2373.5,0,TU
-3116.5,2374,0,TU
-4298.5,2374.5,0,TU
-4430.5,2375.5,0,TU
-4556.5,2377,0,TU
-3891.5,2378.5,0,TU
-2977,2378.5,0,TU
-4628.5,2380.5,0,TU
-3421,2380.5,0,TU
-2900,2381,0,TU
-2700,2381,0,TU
-3861,2381.5,0,TU
-4820.5,2382,0,TU
-4771,2382.5,0,TU
-4389,2383.5,0,TU
-3230.5,2383.5,0,TU
-4224,2383.5,0,TU
-3126.5,2383.5,0,TU
-4344,2384,0,TU
-2866,2385,0,TU
-3570.5,2385.5,0,TU
-4369,2387,0,TU
-4488,2387.5,0,TU
-4586,2388,0,TU
-3999,2388.5,0,TU
-3508.5,2389,0,TU
-4206.5,2389,0,TU
-4506,2390,0,TU
-2993,2391.5,0,TU
-4313.5,2392.5,0,TU
-4664.5,2393,0,TU
-3550.5,2393.5,0,TU
-4642,2393.5,0,TU
-4129.5,2393.5,0,TU
-3495,2395,0,TU
-3593.5,2395.5,0,TU
-3089,2396.5,0,TU
-4552.5,2396.5,0,TU
-3107,2397,0,TU
-3894,2397.5,0,TU
-2977.5,2399.5,0,TU
-3237,2400,0,TU
-2933,2400,0,TU
-3570.5,2401.5,0,TU
-4529.5,2402,0,TU
-2831.5,2403,0,TU
-3011,2404.5,0,TU
-4582,2406,0,TU
-2894,2406.5,0,TU
-3906.5,2407,0,TU
-4772,2407,0,TU
-3998,2408,0,TU
-3246,2408.5,0,TU
-3472.5,2409,0,TU
-4301.5,2409,0,TU
-2708,2409,0,TU
-4645,2410.5,0,TU
-2695,2411,0,TU
-3599.5,2411,0,TU
-3395.5,2412,0,TU
-4497.5,2412.5,0,TU
-4534.5,2413,0,TU
-4426,2413,0,TU
-2719,2414,0,TU
-4328.5,2414.5,0,TU
-3589,2415,0,TU
-3506.5,2417,0,TU
-4379,2417,0,TU
-2982.5,2418,0,TU
-4459,2420.5,0,TU
-3031.5,2420.5,0,TU
-3692,2421,0,TU
-4202.5,2422.5,0,TU
-4666,2422.5,0,TU
-3857,2423,0,TU
-2642,2424,0,TU
-4165.5,2424.5,0,TU
-3970.5,2425,0,TU
-4295,2426.5,0,TU
-3653.5,2427,0,TU
-4367,2427,0,TU
-3376,2428,0,TU
-2685,2428,0,TU
-3827,2428.5,0,TU
-3457,2429,0,TU
-4488,2429,0,TU
-3080,2429,0,TU
-4544,2431,0,TU
-4350,2431,0,TU
-3896,2431.5,0,TU
-2715.5,2431.5,0,TU
-2705,2432.5,0,TU
-3524.5,2432.5,0,TU
-3867.5,2434,0,TU
-4152.5,2434.5,0,TU
-3728.5,2435,0,TU
-3580.5,2435,0,TU
-2976.5,2435.5,0,TU
-3681.5,2436,0,TU
-2943,2438,0,TU
-3016,2438,0,TU
-4206.5,2441,0,TU
-4002,2441.5,0,TU
-4684.5,2441.5,0,TU
-3904,2445,0,TU
-3832,2445,0,TU
-3645.5,2445.5,0,TU
-4026.5,2446,0,TU
-3620,2446.5,0,TU
-4703,2446.5,0,TU
-4234,2447.5,0,TU
-3403.5,2448,0,TU
-3095.5,2449,0,TU
-2707.5,2449.5,0,TU
-3446,2450.5,0,TU
-4485,2451.5,0,TU
-3179,2452,0,TU
-4320,2453.5,0,TU
-2975.5,2456.5,0,TU
-3267,2456.5,0,TU
-2818.5,2458,0,TU
-3077,2458,0,TU
-3539.5,2458.5,0,TU
-2922.5,2458.5,0,TU
-3563.5,2461.5,0,TU
-4367,2463.5,0,TU
-4169,2463.5,0,TU
-2872.5,2463.5,0,TU
-3432.5,2463.5,0,TU
-3685.5,2464.5,0,TU
-3229,2466,0,TU
-3292,2467.5,0,TU
-3035.5,2467.5,0,TU
-3840.5,2467.5,0,TU
-3718,2468,0,TU
-3173.5,2469,0,TU
-3869,2470,0,TU
-3212,2470.5,0,TU
-3815.5,2471.5,0,TU
-2961,2472,0,TU
-3968,2473,0,TU
-4201.5,2473,0,TU
-3188.5,2474.5,0,TU
-3417,2475,0,TU
-3748.5,2476,0,TU
-3049.5,2476,0,TU
-3695,2476.5,0,TU
-4477.5,2478,0,TU
-3128,2478,0,TU
-4054.5,2478.5,0,TU
-4352,2479.5,0,TU
-3327.5,2481.5,0,TU
-4197,2482,0,TU
-3515.5,2483,0,TU
-2854,2483.5,0,TU
-3076.5,2483.5,0,TU
-3445,2483.5,0,TU
-4449,2483.5,0,TU
-2971.5,2484.5,0,TU
-3110,2485,0,TU
-3167,2485.5,0,TU
-4117.5,2486,0,TU
-3946.5,2486.5,0,TU
-3475,2487,0,TU
-3095.5,2487,0,TU
-3545.5,2487.5,0,TU
-3565.5,2490,0,TU
-3677,2490.5,0,TU
-4338,2492.5,0,TU
-3452,2492.5,0,TU
-4399.5,2493,0,TU
-4310,2493,0,TU
-3117,2494.5,0,TU
-4515.5,2495,0,TU
-3138.5,2495,0,TU
-3712,2495.5,0,TU
-4368.5,2497.5,0,TU
-4265,2498,0,TU
-4083.5,2498.5,0,TU
-3870,2499,0,TU
-3801.5,2500,0,TU
-4455,2501.5,0,TU
-4143,2502,0,TU
-2717.5,2502,0,TU
-4188,2502.5,0,TU
-4213,2503,0,TU
-3083,2504,0,TU
-4430,2504,0,TU
-3898.5,2504.5,0,TU
-4492,2505,0,TU
-3436,2506,0,TU
-3466.5,2506.5,0,TU
-3105.5,2507,0,TU
-4515,2510,0,TU
-2960.5,2511.5,0,TU
-4386,2512,0,TU
-4162,2513.5,0,TU
-4471.5,2514.5,0,TU
-3125.5,2515,0,TU
-4399.5,2515.5,0,TU
-4115.5,2516,0,TU
-2922,2516.5,0,TU
-4453,2516.5,0,TU
-4329,2516.5,0,TU
-4498,2517,0,TU
-2714,2519,0,TU
-3848.5,2519,0,TU
-4311.5,2520.5,0,TU
-3367.5,2521,0,TU
-4369.5,2521.5,0,TU
-3434,2522.5,0,TU
-4583.5,2523.5,0,TU
-3822.5,2523.5,0,TU
-3620,2524,0,TU
-4201,2524.5,0,TU
-4535,2526,0,TU
-4139,2526.5,0,TU
-3579.5,2526.5,0,TU
-4175.5,2527.5,0,TU
-2939.5,2527.5,0,TU
-3883,2528,0,TU
-4327,2528,0,TU
-2725.5,2528.5,0,TU
-3255,2529,0,TU
-3379.5,2529,0,TU
-3595.5,2530,0,TU
-4277,2530.5,0,TU
-3471.5,2531.5,0,TU
-3530,2532,0,TU
-4125.5,2532.5,0,TU
-3737,2532.5,0,TU
-4242.5,2534.5,0,TU
-3671,2536,0,TU
-4379.5,2537.5,0,TU
-4002.5,2537.5,0,TU
-3396.5,2538,0,TU
-4712.5,2538,0,TU
-3446.5,2540,0,TU
-4517,2541,0,TU
-4160,2541,0,TU
-4358.5,2541.5,0,TU
-3555,2542.5,0,TU
-4106.5,2543,0,TU
-3459,2543,0,TU
-3965.5,2544.5,0,TU
-4138.5,2544.5,0,TU
-3076,2545.5,0,TU
-4557.5,2546,0,TU
-4530,2546.5,0,TU
-4408.5,2548.5,0,TU
-4016.5,2549.5,0,TU
-3493.5,2550,0,TU
-3175.5,2550,0,TU
-2563.5,2550,0,TU
-4386.5,2551,0,TU
-3464,2551.5,0,TU
-3675.5,2552,0,TU
-4324.5,2552,0,TU
-4493,2553.5,0,TU
-3980.5,2556.5,0,TU
-3362,2556.5,0,TU
-4134,2557,0,TU
-4578,2557.5,0,TU
-2937,2558.5,0,TU
-3994.5,2559,0,TU
-4333,2560,0,TU
-4077,2560,0,TU
-4491,2560.5,0,TU
-4101.5,2560.5,0,TU
-3781.5,2563,0,TU
-4236.5,2563,0,TU
-4017.5,2564,0,TU
-3325,2564,0,TU
-2678.5,2564.5,0,TU
-3071.5,2567.5,0,TU
-3502,2569,0,TU
-3823,2570,0,TU
-3808,2571.5,0,TU
-4478,2571.5,0,TU
-2984,2573,0,TU
-4383,2574,0,TU
-3469,2574,0,TU
-2955,2574.5,0,TU
-3284,2575,0,TU
-2675.5,2575.5,0,TU
-3634,2577.5,0,TU
-3667,2577.5,0,TU
-3167,2578,0,TU
-3890.5,2578.5,0,TU
-4603,2579,0,TU
-4144,2580,0,TU
-4579,2585,0,TU
-3479.5,2586,0,TU
-3783.5,2588.5,0,TU
-3494.5,2588.5,0,TU
-3917.5,2589,0,TU
-4104.5,2590.5,0,TU
-4479.5,2590.5,0,TU
-3176,2590.5,0,TU
-4289,2591,0,TU
-3896.5,2592,0,TU
-4554,2592,0,TU
-3814,2593.5,0,TU
-2713.5,2595.5,0,TU
-2679,2595.5,0,TU
-3331.5,2596,0,TU
-4153,2596.5,0,TU
-3352,2597.5,0,TU
-4226,2598,0,TU
-3702.5,2599,0,TU
-4396.5,2600.5,0,TU
-2686,2602.5,0,TU
-4253,2602.5,0,TU
-3222,2603,0,TU
-4567.5,2604,0,TU
-4629,2605,0,TU
-3476,2606,0,TU
-4210.5,2606.5,0,TU
-4607.5,2607,0,TU
-4410,2609.5,0,TU
-2730.5,2610,0,TU
-3992,2610,0,TU
-3774,2610.5,0,TU
-3897.5,2611.5,0,TU
-3733.5,2612,0,TU
-3917.5,2614.5,0,TU
-3690.5,2614.5,0,TU
-4531,2615,0,TU
-4159,2615,0,TU
-4488,2615,0,TU
-3802.5,2615,0,TU
-4428.5,2616.5,0,TU
-4546,2616.5,0,TU
-4568.5,2620,0,TU
-4099.5,2621,0,TU
-4131.5,2621.5,0,TU
-3949,2623,0,TU
-3006,2624,0,TU
-4069,2624.5,0,TU
-2894,2625,0,TU
-3520,2625,0,TU
-3978.5,2625.5,0,TU
-2677.5,2626,0,TU
-4639.5,2627,0,TU
-2923,2627.5,0,TU
-3155.5,2627.5,0,TU
-3377.5,2634,0,TU
-2726,2634,0,TU
-3349,2634.5,0,TU
-3335,2635.5,0,TU
-3551,2635.5,0,TU
-4607,2637.5,0,TU
-3919,2638,0,TU
-4582.5,2638,0,TU
-3520,2638.5,0,TU
-3081,2639.5,0,TU
-3965,2642,0,TU
-4620,2642.5,0,TU
-3391.5,2644.5,0,TU
-3733.5,2644.5,0,TU
-4154,2644.5,0,TU
-4554,2645.5,0,TU
-4014,2645.5,0,TU
-4132,2648,0,TU
-4357.5,2648,0,TU
-3814.5,2648,0,TU
-4326,2648,0,TU
-4181,2649.5,0,TU
-4059.5,2649.5,0,TU
-3579,2650,0,TU
-4652.5,2651,0,TU
-3337,2654,0,TU
-3555.5,2656,0,TU
-3687.5,2656.5,0,TU
-2878.5,2658,0,TU
-4275.5,2660.5,0,TU
-3571.5,2660.5,0,TU
-4589,2661,0,TU
-3115,2662,0,TU
-3168,2662,0,TU
-3407,2663,0,TU
-3722,2663.5,0,TU
-3074.5,2664.5,0,TU
-4336.5,2665,0,TU
-3211,2665.5,0,TU
-4000.5,2665.5,0,TU
-3351,2666,0,TU
-4553,2666,0,TU
-3596.5,2668,0,TU
-3959.5,2668,0,TU
-4507,2668.5,0,TU
-2850,2668.5,0,TU
-4617.5,2669,0,TU
-3142,2669,0,TU
-4296,2670,0,TU
-3660.5,2672.5,0,TU
-3420,2674,0,TU
-3186.5,2675,0,TU
-3627,2676.5,0,TU
-2836.5,2676.5,0,TU
-3556.5,2676.5,0,TU
-3328,2677,0,TU
-4037,2678,0,TU
-4476.5,2678.5,0,TU
-3932,2679,0,TU
-4083.5,2680,0,TU
-4162,2680,0,TU
-4594.5,2680,0,TU
-4622,2680.5,0,TU
-3283.5,2680.5,0,TU
-3354.5,2681,0,TU
-4313,2681,0,TU
-4579,2681.5,0,TU
-4743.5,2681.5,0,TU
-3066.5,2681.5,0,TU
-4336,2683,0,TU
-2864,2684,0,TU
-4270.5,2684.5,0,TU
-3264.5,2685,0,TU
-2890.5,2685.5,0,TU
-3105,2685.5,0,TU
-4566,2686,0,TU
-4405.5,2686.5,0,TU
-3632.5,2687,0,TU
-3963,2688,0,TU
-3467.5,2689.5,0,TU
-3570,2690,0,TU
-4043.5,2690,0,TU
-3145,2691,0,TU
-4004,2691.5,0,TU
-4122.5,2692.5,0,TU
-4447.5,2693.5,0,TU
-3691,2694.5,0,TU
-4644.5,2695,0,TU
-4389,2695.5,0,TU
-3592.5,2695.5,0,TU
-2879.5,2696.5,0,TU
-3729.5,2696.5,0,TU
-4280.5,2696.5,0,TU
-4297.5,2697,0,TU
-3080,2697.5,0,TU
-4669,2697.5,0,TU
-4398,2699,0,TU
-3119.5,2699.5,0,TU
-3221.5,2700,0,TU
-4627.5,2700,0,TU
-4472,2701,0,TU
-4535.5,2701.5,0,TU
-2850.5,2702.5,0,TU
-3060.5,2702.5,0,TU
-3189,2703,0,TU
-4170.5,2703.5,0,TU
-3363.5,2703.5,0,TU
-3156,2704,0,TU
-3268,2704.5,0,TU
-4093.5,2705,0,TU
-3312,2705,0,TU
-3700,2705.5,0,TU
-4333,2705.5,0,TU
-3180,2707,0,TU
-4607,2707.5,0,TU
-4074,2708,0,TU
-4718.5,2708,0,TU
-3099.5,2708,0,TU
-3939.5,2709,0,TU
-3054.5,2711,0,TU
-2823,2713.5,0,TU
-3705,2713.5,0,TU
-3080.5,2714,0,TU
-4711.5,2714.5,0,TU
-3459,2715.5,0,TU
-3597.5,2715.5,0,TU
-4661,2716,0,TU
-4311,2716.5,0,TU
-4496,2716.5,0,TU
-4275.5,2716.5,0,TU
-4471,2717,0,TU
-4135.5,2717.5,0,TU
-2877,2718.5,0,TU
-3635.5,2718.5,0,TU
-4066,2721,0,TU
-3772.5,2722,0,TU
-3174,2722.5,0,TU
-4434.5,2723,0,TU
-3749.5,2723.5,0,TU
-4539.5,2725,0,TU
-4422.5,2725,0,TU
-3329.5,2725.5,0,TU
-4758,2725.5,0,TU
-3552,2727,0,TU
-3218.5,2727.5,0,TU
-3726.5,2728.5,0,TU
-3295.5,2729.5,0,TU
-4497,2730,0,TU
-3361.5,2731,0,TU
-4639,2731,0,TU
-3943,2731.5,0,TU
-2838,2732,0,TU
-4243.5,2732,0,TU
-3907.5,2732.5,0,TU
-4008.5,2732.5,0,TU
-4662,2733,0,TU
-3037,2733,0,TU
-3187.5,2733,0,TU
-4467,2734.5,0,TU
-3926,2734.5,0,TU
-3517,2735,0,TU
-3976,2736,0,TU
-3398,2736,0,TU
-4289.5,2737.5,0,TU
-3088,2737.5,0,TU
-4576,2738,0,TU
-4436.5,2739,0,TU
-3707.5,2740,0,TU
-4721,2740,0,TU
-3879,2740.5,0,TU
-2957,2741,0,TU
-3343,2741.5,0,TU
-4681.5,2742,0,TU
-4533,2745,0,TU
-4396,2745,0,TU
-3163,2746,0,TU
-4182.5,2746.5,0,TU
-4485.5,2747,0,TU
-3479,2747.5,0,TU
-4694.5,2748.5,0,TU
-4597.5,2748.5,0,TU
-4620.5,2749.5,0,TU
-3677.5,2749.5,0,TU
-4152.5,2750,0,TU
-4281,2752.5,0,TU
-4042.5,2753,0,TU
-3306,2753.5,0,TU
-3945.5,2755,0,TU
-3218,2755.5,0,TU
-3144.5,2757,0,TU
-3585.5,2757,0,TU
-3648.5,2757.5,0,TU
-4127.5,2757.5,0,TU
-4586.5,2758,0,TU
-4063,2761,0,TU
-3608,2761.5,0,TU
-4369,2762,0,TU
-4417,2762,0,TU
-3243,2762,0,TU
-4022.5,2762.5,0,TU
-3461,2763,0,TU
-4527.5,2765.5,0,TU
-2935.5,2765.5,0,TU
-4299.5,2766,0,TU
-3966,2766,0,TU
-4357,2767,0,TU
-3992,2767,0,TU
-4330.5,2768.5,0,TU
-4464,2770.5,0,TU
-3447,2772,0,TU
-4283,2772,0,TU
-4257.5,2772,0,TU
-4384,2772.5,0,TU
-4488.5,2773,0,TU
-4311,2773,0,TU
-3290,2774,0,TU
-3489,2776.5,0,TU
-4588.5,2776.5,0,TU
-3189,2777,0,TU
-3515,2777.5,0,TU
-4539.5,2780,0,TU
-3418,2780,0,TU
-3642.5,2781,0,TU
-4294,2781.5,0,TU
-2964.5,2784,0,TU
-4410.5,2784.5,0,TU
-3313,2785,0,TU
-4268,2785.5,0,TU
-3946,2787,0,TU
-4144.5,2788,0,TU
-4714.5,2788.5,0,TU
-4693.5,2788.5,0,TU
-4228,2789,0,TU
-4325.5,2789.5,0,TU
-4474.5,2790,0,TU
-3248,2790.5,0,TU
-4309,2790.5,0,TU
-4120,2790.5,0,TU
-4176.5,2790.5,0,TU
-3125.5,2790.5,0,TU
-3456,2792,0,TU
-3986.5,2792,0,TU
-3566,2792.5,0,TU
-4643.5,2794,0,TU
-2944.5,2795,0,TU
-4090,2795,0,TU
-3198,2795.5,0,TU
-2843,2796,0,TU
-4332.5,2796.5,0,TU
-4279.5,2798.5,0,TU
-3957,2799.5,0,TU
-4257.5,2799.5,0,TU
-4522,2800,0,TU
-3391.5,2800.5,0,TU
-4035.5,2802.5,0,TU
-4390,2803,0,TU
-4361.5,2803,0,TU
-3871.5,2804.5,0,TU
-4222.5,2807,0,TU
-2622,2807.5,0,TU
-4302.5,2808.5,0,TU
-2954,2810.5,0,TU
-2843.5,2812.5,0,TU
-3844,2813,0,TU
-4538.5,2814.5,0,TU
-4421.5,2815,0,TU
-3995,2815,0,TU
-4467,2815.5,0,TU
-3489.5,2815.5,0,TU
-4579.5,2815.5,0,TU
-3458,2817.5,0,TU
-3210.5,2818,0,TU
-4144,2819.5,0,TU
-3590.5,2820,0,TU
-3891,2820.5,0,TU
-4245,2820.5,0,TU
-4198,2821,0,TU
-4794.5,2821,0,TU
-3637,2821.5,0,TU
-3266,2822,0,TU
-2962,2822,0,TU
-4268.5,2823,0,TU
-3970,2824,0,TU
-3560,2825,0,TU
-2939,2825.5,0,TU
-4350.5,2826.5,0,TU
-4301,2827.5,0,TU
-3949.5,2827.5,0,TU
-2809.5,2827.5,0,TU
-4373.5,2828.5,0,TU
-4486.5,2828.5,0,TU
-3184,2829.5,0,TU
-4589.5,2830.5,0,TU
-4122,2832.5,0,TU
-4221.5,2833,0,TU
-2634,2833,0,TU
-4553.5,2833.5,0,TU
-3903.5,2833.5,0,TU
-2834.5,2833.5,0,TU
-3928.5,2834,0,TU
-2967,2834,0,TU
-4638.5,2835,0,TU
-4458.5,2835.5,0,TU
-4422,2835.5,0,TU
-4154,2836,0,TU
-4093,2836,0,TU
-4655,2836.5,0,TU
-3984.5,2836.5,0,TU
-3408,2836.5,0,TU
-4007.5,2837,0,TU
-3233.5,2838,0,TU
-4384,2839.5,0,TU
-4047,2840.5,0,TU
-4240,2840.5,0,TU
-2991.5,2841,0,TU
-4024,2841,0,TU
-4350.5,2842.5,0,TU
-4448,2843.5,0,TU
-4607,2843.5,0,TU
-4577,2846.5,0,TU
-3565.5,2847.5,0,TU
-3962,2848.5,0,TU
-2977,2849,0,TU
-2950,2849.5,0,TU
-4556,2850,0,TU
-4530.5,2850.5,0,TU
-3942,2851.5,0,TU
-4593.5,2853.5,0,TU
-4313.5,2854.5,0,TU
-3257,2854.5,0,TU
-3556,2855,0,TU
-4341,2856,0,TU
-4619,2857,0,TU
-4193,2857,0,TU
-3189.5,2858.5,0,TU
-4153,2858.5,0,TU
-4362.5,2859.5,0,TU
-4510.5,2860,0,TU
-4426.5,2861,0,TU
-3282,2861,0,TU
-3815.5,2862,0,TU
-4473.5,2862,0,TU
-3986.5,2862,0,TU
-4406,2862.5,0,TU
-4033.5,2862.5,0,TU
-3888,2863,0,TU
-3964,2865,0,TU
-4448.5,2865.5,0,TU
-4180,2866,0,TU
-4017,2866.5,0,TU
-4107.5,2868,0,TU
-4391,2869,0,TU
-4681,2869.5,0,TU
-3786.5,2869.5,0,TU
-3950.5,2870,0,TU
-4542,2871,0,TU
-2761,2873,0,TU
-4227,2873.5,0,TU
-4051.5,2873.5,0,TU
-4005,2874,0,TU
-2976.5,2874,0,TU
-3574.5,2874.5,0,TU
-4840,2874.5,0,TU
-4153,2875.5,0,TU
-4353,2876.5,0,TU
-3540.5,2877.5,0,TU
-3597.5,2878,0,TU
-4035,2878.5,0,TU
-2941,2878.5,0,TU
-3886.5,2878.5,0,TU
-4488.5,2880,0,TU
-3932,2881,0,TU
-4601,2881.5,0,TU
-4081,2881.5,0,TU
-3142,2882,0,TU
-4377.5,2882.5,0,TU
-3552,2884.5,0,TU
-4131.5,2885.5,0,TU
-3455,2885.5,0,TU
-3179,2885.5,0,TU
-3967.5,2886,0,TU
-4824.5,2886.5,0,TU
-4109.5,2888.5,0,TU
-3898,2888.5,0,TU
-4622.5,2890.5,0,TU
-4092.5,2890.5,0,TU
-2930.5,2892,0,TU
-4462.5,2892.5,0,TU
-4422.5,2892.5,0,TU
-3867.5,2892.5,0,TU
-4173,2893,0,TU
-3805.5,2893.5,0,TU
-3955.5,2894.5,0,TU
-4151,2894.5,0,TU
-4031.5,2897.5,0,TU
-4802,2898,0,TU
-4354.5,2898,0,TU
-3610.5,2898.5,0,TU
-3927,2898.5,0,TU
-4717.5,2899,0,TU
-4573.5,2899,0,TU
-2987.5,2901,0,TU
-2926,2902.5,0,TU
-4308.5,2902.5,0,TU
-2956,2903,0,TU
-4003,2903.5,0,TU
-4637,2903.5,0,TU
-4140.5,2905.5,0,TU
-4411,2905.5,0,TU
-3857.5,2906,0,TU
-4369,2906,0,TU
-4328.5,2906,0,TU
-2894,2907.5,0,TU
-4118,2908,0,TU
-3405.5,2908,0,TU
-2861.5,2909,0,TU
-4169.5,2909,0,TU
-3104.5,2910,0,TU
-3880,2911,0,TU
-2849,2912.5,0,TU
-4404.5,2913,0,TU
-4088.5,2913.5,0,TU
-4542.5,2914,0,TU
-3964.5,2914.5,0,TU
-3982.5,2915,0,TU
-4789.5,2916.5,0,TU
-4821,2917,0,TU
-4676.5,2917,0,TU
-3451,2918,0,TU
-2926,2919,0,TU
-3944.5,2919.5,0,TU
-4574,2921,0,TU
-2985,2921.5,0,TU
-4138.5,2922,0,TU
-4708,2922.5,0,TU
-4381.5,2922.5,0,TU
-4349,2922.5,0,TU
-4659,2923,0,TU
-4775.5,2925,0,TU
-4155,2925,0,TU
-4306,2926,0,TU
-4118.5,2926,0,TU
-3364.5,2926,0,TU
-3475.5,2929,0,TU
-4363,2929.5,0,TU
-4602,2930,0,TU
-4446.5,2931.5,0,TU
-4644.5,2931.5,0,TU
-3797.5,2933,0,TU
-3818,2933,0,TU
-3328,2933.5,0,TU
-3454.5,2934.5,0,TU
-3660.5,2936,0,TU
-3704.5,2936.5,0,TU
-4731,2939,0,TU
-2848.5,2939.5,0,TU
-4770.5,2940,0,TU
-3441,2940,0,TU
-4405.5,2940.5,0,TU
-2912.5,2940.5,0,TU
-4029.5,2941.5,0,TU
-4567.5,2942.5,0,TU
-4801,2943,0,TU
-2973.5,2943,0,TU
-3342.5,2943,0,TU
-4551,2943.5,0,TU
-3397,2943.5,0,TU
-4852.5,2944.5,0,TU
-3971.5,2946.5,0,TU
-4817.5,2947.5,0,TU
-3774.5,2948,0,TU
-3688.5,2948.5,0,TU
-4504,2948.5,0,TU
-4839,2949.5,0,TU
-3894,2949.5,0,TU
-3951,2950,0,TU
-4444,2950,0,TU
-4150,2951,0,TU
-4739.5,2952,0,TU
-4531,2952.5,0,TU
-3364.5,2952.5,0,TU
-3922,2953,0,TU
-3618,2953.5,0,TU
-4289,2953.5,0,TU
-3864,2954.5,0,TU
-4131,2956.5,0,TU
-3645,2957.5,0,TU
-3413.5,2958,0,TU
-4602,2958.5,0,TU
-3827.5,2959.5,0,TU
-4119,2960,0,TU
-3272.5,2960,0,TU
-4494.5,2961,0,TU
-2883,2962,0,TU
-4367,2963,0,TU
-3450,2963.5,0,TU
-3039.5,2963.5,0,TU
-4823.5,2964,0,TU
-2749,2964.5,0,TU
-4644.5,2964.5,0,TU
-3352.5,2965,0,TU
-4394,2966,0,TU
-2857,2968,0,TU
-4470,2968.5,0,TU
-4350,2968.5,0,TU
-3786.5,2969,0,TU
-3082,2969.5,0,TU
-4081,2969.5,0,TU
-4445.5,2970.5,0,TU
-3432.5,2971,0,TU
-3763,2971.5,0,TU
-3985,2972,0,TU
-3550.5,2972.5,0,TU
-4839.5,2973.5,0,TU
-4322,2974.5,0,TU
-3652.5,2976,0,TU
-3346.5,2976.5,0,TU
-2919.5,2978,0,TU
-4606.5,2978.5,0,TU
-3031.5,2979.5,0,TU
-3697.5,2979.5,0,TU
-4028.5,2979.5,0,TU
-3812.5,2979.5,0,TU
-3956.5,2981,0,TU
-4745.5,2981.5,0,TU
-4117.5,2981.5,0,TU
-4499,2981.5,0,TU
-2867,2981.5,0,TU
-4569,2982,0,TU
-4810,2982,0,TU
-3901,2982.5,0,TU
-4293,2984,0,TU
-4527,2984.5,0,TU
-4844.5,2984.5,0,TU
-3438.5,2985.5,0,TU
-3061.5,2985.5,0,TU
-4047.5,2986.5,0,TU
-4313,2987.5,0,TU
-4779.5,2987.5,0,TU
-4479,2988.5,0,TU
-2980,2988.5,0,TU
-4267,2989.5,0,TU
-2878.5,2990,0,TU
-3550,2991,0,TU
-4012.5,2991,0,TU
-4410.5,2992,0,TU
-3933,2992.5,0,TU
-4561.5,2994,0,TU
-3861.5,2995.5,0,TU
-3825.5,2997,0,TU
-3370.5,2997,0,TU
-4534.5,2998,0,TU
-3396,2998.5,0,TU
-3671.5,2999,0,TU
-4833,2999.5,0,TU
-3646,2999.5,0,TU
-4147,2999.5,0,TU
-4616,3000,0,TU
-2746,3000.5,0,TU
-4110,3000.5,0,TU
-4446,3001.5,0,TU
-3728,3002.5,0,TU
-4763,3002.5,0,TU
-4694,3002.5,0,TU
-4589.5,3002.5,0,TU
-3528,3004,0,TU
-3625,3004,0,TU
-4741.5,3005.5,0,TU
-3379,3005.5,0,TU
-3102,3006.5,0,TU
-4177,3007.5,0,TU
-3992.5,3008,0,TU
-3735,3008.5,0,TU
-4083.5,3009,0,TU
-3069.5,3009,0,TU
-3960,3009.5,0,TU
-4374.5,3009.5,0,TU
-3709.5,3010.5,0,TU
-4033.5,3011,0,TU
-3438,3012,0,TU
-4013,3012,0,TU
-4057,3012.5,0,TU
-3598.5,3014.5,0,TU
-3552.5,3015.5,0,TU
-2832.5,3015.5,0,TU
-4574,3016.5,0,TU
-4146,3016.5,0,TU
-4406.5,3016.5,0,TU
-4281,3017,0,TU
-4753,3017.5,0,TU
-2743.5,3017.5,0,TU
-3762.5,3018,0,TU
-3801,3018.5,0,TU
-3411,3019,0,TU
-3460.5,3019,0,TU
-4774,3019.5,0,TU
-4670.5,3020,0,TU
-4435.5,3020.5,0,TU
-4483.5,3021,0,TU
-3696,3024,0,TU
-3314.5,3024,0,TU
-4600.5,3024.5,0,TU
-2820,3025,0,TU
-4501.5,3026,0,TU
-4798,3026,0,TU
-3781,3026,0,TU
-3731,3027,0,TU
-4838,3027.5,0,TU
-3392.5,3028.5,0,TU
-4052.5,3029.5,0,TU
-4156.5,3029.5,0,TU
-3625.5,3030,0,TU
-3376.5,3031.5,0,TU
-3435,3032.5,0,TU
-3105.5,3033,0,TU
-4028.5,3034,0,TU
-4749,3035,0,TU
-4169,3036,0,TU
-4001,3036.5,0,TU
-4526,3038,0,TU
-3593.5,3038.5,0,TU
-4774.5,3039,0,TU
-4468.5,3039,0,TU
-3277,3039.5,0,TU
-3720.5,3040,0,TU
-2820,3043.5,0,TU
-3773.5,3044,0,TU
-4670.5,3044,0,TU
-3879,3045,0,TU
-4295.5,3045.5,0,TU
-3629,3045.5,0,TU
-4633,3045.5,0,TU
-3988.5,3046,0,TU
-3841,3046.5,0,TU
-4126.5,3047,0,TU
-3369,3047.5,0,TU
-3900,3049,0,TU
-3861,3050,0,TU
-3219,3050,0,TU
-4500,3051,0,TU
-3819,3051,0,TU
-4611,3051.5,0,TU
-3084.5,3052.5,0,TU
-4142,3053,0,TU
-3724.5,3053,0,TU
-2748.5,3053.5,0,TU
-3411.5,3054,0,TU
-4157,3054.5,0,TU
-4756.5,3055,0,TU
-4029,3055.5,0,TU
-4403,3056,0,TU
-4738.5,3056.5,0,TU
-3754.5,3056.5,0,TU
-3924,3057,0,TU
-4641,3057,0,TU
-3120,3057.5,0,TU
-3975.5,3058,0,TU
-4119,3058.5,0,TU
-3656,3059.5,0,TU
-3276,3060.5,0,TU
-4670.5,3061,0,TU
-4836.5,3061.5,0,TU
-3041.5,3062,0,TU
-4080.5,3062.5,0,TU
-4791.5,3063.5,0,TU
-3591,3063.5,0,TU
-4767,3066.5,0,TU
-4005.5,3066.5,0,TU
-4724.5,3066.5,0,TU
-3423,3067,0,TU
-3092,3067,0,TU
-3550.5,3068.5,0,TU
-2810.5,3068.5,0,TU
-4478.5,3069,0,TU
-3524.5,3069.5,0,TU
-3504.5,3071,0,TU
-4528,3072,0,TU
-4660,3073,0,TU
-3640,3073,0,TU
-3467,3073,0,TU
-4701,3073.5,0,TU
-4506.5,3074,0,TU
-3581.5,3074,0,TU
-4161,3074.5,0,TU
-3967,3075.5,0,TU
-3768,3076.5,0,TU
-3616,3077.5,0,TU
-3107.5,3077.5,0,TU
-3933.5,3077.5,0,TU
-4606.5,3078,0,TU
-4684.5,3078.5,0,TU
-3989,3078.5,0,TU
-4236.5,3080,0,TU
-3483,3081,0,TU
-4397,3081,0,TU
-4435,3081.5,0,TU
-4465.5,3081.5,0,TU
-3671.5,3081.5,0,TU
-4631.5,3082.5,0,TU
-4277,3082.5,0,TU
-4107.5,3083,0,TU
-3716.5,3083.5,0,TU
-4841.5,3083.5,0,TU
-4332,3085,0,TU
-4377,3085.5,0,TU
-4728.5,3085.5,0,TU
-3385,3086,0,TU
-4766.5,3086.5,0,TU
-3864,3086.5,0,TU
-3649,3089.5,0,TU
-4645,3090,0,TU
-3261,3090,0,TU
-4154.5,3091,0,TU
-4664,3091,0,TU
-3039.5,3091.5,0,TU
-4367,3092.5,0,TU
-3185,3093.5,0,TU
-3627.5,3094,0,TU
-4299.5,3094.5,0,TU
-4604.5,3095,0,TU
-3846,3095.5,0,TU
-4205,3096.5,0,TU
-4685.5,3096.5,0,TU
-4563.5,3096.5,0,TU
-4177.5,3097,0,TU
-3464,3097.5,0,TU
-4083,3097.5,0,TU
-4623.5,3097.5,0,TU
-3494.5,3098,0,TU
-3539.5,3099,0,TU
-3029.5,3099,0,TU
-3003.5,3099,0,TU
-3508.5,3100,0,TU
-4577.5,3100.5,0,TU
-4725,3100.5,0,TU
-3419,3100.5,0,TU
-3670.5,3101,0,TU
-4409.5,3101,0,TU
-3055,3101.5,0,TU
-4244.5,3103,0,TU
-3567.5,3103.5,0,TU
-3658.5,3103.5,0,TU
-3978,3104.5,0,TU
-3107,3104.5,0,TU
-4357.5,3104.5,0,TU
-4875.5,3104.5,0,TU
-4652,3105.5,0,TU
-3699,3106,0,TU
-4612.5,3106.5,0,TU
-3767,3107.5,0,TU
-3719,3107.5,0,TU
-3814,3108,0,TU
-4707,3108,0,TU
-4593.5,3108.5,0,TU
-4683.5,3108.5,0,TU
-3684,3109,0,TU
-3255,3109.5,0,TU
-4051,3111,0,TU
-4328.5,3113,0,TU
-3521,3114,0,TU
-3638,3114,0,TU
-3675,3115,0,TU
-4126,3116,0,TU
-2847.5,3116.5,0,TU
-3997.5,3116.5,0,TU
-3654.5,3116.5,0,TU
-3844,3117,0,TU
-3465.5,3117,0,TU
-4816,3118.5,0,TU
-4438,3119,0,TU
-4793.5,3119.5,0,TU
-3387.5,3121,0,TU
-4613.5,3121,0,TU
-4723.5,3122,0,TU
-3614,3122.5,0,TU
-4751.5,3123.5,0,TU
-4879,3123.5,0,TU
-3750.5,3124.5,0,TU
-2889,3124.5,0,TU
-4058,3125.5,0,TU
-4863.5,3126,0,TU
-4706.5,3126,0,TU
-3804,3126.5,0,TU
-4507.5,3126.5,0,TU
-4345.5,3128,0,TU
-4829,3129,0,TU
-4647.5,3129.5,0,TU
-4588.5,3129.5,0,TU
-3461.5,3129.5,0,TU
-3535,3130,0,TU
-3672,3130,0,TU
-4332,3131.5,0,TU
-3504,3132,0,TU
-4677.5,3133,0,TU
-3727,3133.5,0,TU
-3445.5,3133.5,0,TU
-3837.5,3133.5,0,TU
-3706.5,3134.5,0,TU
-4461.5,3136,0,TU
-3634.5,3136,0,TU
-3652.5,3136,0,TU
-3473,3137.5,0,TU
-4882,3138,0,TU
-3868,3138.5,0,TU
-4326.5,3138.5,0,TU
-4858,3138.5,0,TU
-2808.5,3139,0,TU
-3431.5,3139,0,TU
-4042,3140.5,0,TU
-3186.5,3141,0,TU
-4789.5,3141,0,TU
-4180.5,3144,0,TU
-4293,3144.5,0,TU
-3741.5,3144.5,0,TU
-4066,3145.5,0,TU
-4380,3145.5,0,TU
-3618,3146,0,TU
-4602.5,3146,0,TU
-4814.5,3148.5,0,TU
-4768,3149,0,TU
-4621,3149.5,0,TU
-3660.5,3149.5,0,TU
-4696,3151,0,TU
-3892.5,3151,0,TU
-4647,3152,0,TU
-3502.5,3152,0,TU
-3416.5,3152.5,0,TU
-3376,3153,0,TU
-4362.5,3153,0,TU
-2821.5,3153.5,0,TU
-3545.5,3154,0,TU
-3839.5,3154.5,0,TU
-4721,3154.5,0,TU
-4634,3155.5,0,TU
-3982.5,3157,0,TU
-4851.5,3158.5,0,TU
-3406,3159,0,TU
-4783.5,3159,0,TU
-3519,3159.5,0,TU
-2964,3159.5,0,TU
-3795,3160,0,TU
-3175.5,3160.5,0,TU
-4671.5,3160.5,0,TU
-4346,3161,0,TU
-3010,3162,0,TU
-4931.5,3162,0,TU
-3476.5,3163,0,TU
-4661.5,3163.5,0,TU
-4140.5,3163.5,0,TU
-4469.5,3163.5,0,TU
-3155,3164,0,TU
-4532,3167.5,0,TU
-3660.5,3168,0,TU
-3035,3168,0,TU
-4062,3169,0,TU
-4613,3171,0,TU
-3498.5,3171,0,TU
-3440,3172.5,0,TU
-3978,3173,0,TU
-4642.5,3173.5,0,TU
-4819.5,3173.5,0,TU
-4722,3174,0,TU
-4559.5,3174.5,0,TU
-4795.5,3175,0,TU
-3271,3175.5,0,TU
-3719,3175.5,0,TU
-3963,3176,0,TU
-3377,3177,0,TU
-3812.5,3177,0,TU
-4581.5,3177.5,0,TU
-2836,3178,0,TU
-4923,3179,0,TU
-3841,3179,0,TU
-4360.5,3179.5,0,TU
-3784.5,3180.5,0,TU
-4379,3181,0,TU
-4333.5,3181.5,0,TU
-3939,3181.5,0,TU
-3123.5,3182,0,TU
-4415.5,3183.5,0,TU
-3510.5,3183.5,0,TU
-3554,3185.5,0,TU
-4375.5,3186,0,TU
-3399,3186.5,0,TU
-3091,3186.5,0,TU
-4606,3187,0,TU
-3542,3188,0,TU
-2998,3188,0,TU
-3962,3188,0,TU
-3739,3188.5,0,TU
-4629.5,3190,0,TU
-4655.5,3190,0,TU
-3145,3190,0,TU
-4470,3190.5,0,TU
-3374,3191,0,TU
-4083.5,3191,0,TU
-3888.5,3191,0,TU
-4907,3191,0,TU
-3755,3192,0,TU
-3841,3192,0,TU
-3983.5,3192,0,TU
-4027,3194.5,0,TU
-4794.5,3194.5,0,TU
-4541,3196,0,TU
-4868,3197,0,TU
-3777.5,3198,0,TU
-2971.5,3198,0,TU
-3521.5,3198.5,0,TU
-3448.5,3198.5,0,TU
-4709,3199.5,0,TU
-4930,3200,0,TU
-4104.5,3200,0,TU
-3727.5,3201,0,TU
-3354.5,3201,0,TU
-3703.5,3201,0,TU
-3804.5,3201.5,0,TU
-3496,3203,0,TU
-4613,3204,0,TU
-3381,3204.5,0,TU
-3565.5,3204.5,0,TU
-4661,3205,0,TU
-4582,3205,0,TU
-3008,3206,0,TU
-4779.5,3206,0,TU
-3951.5,3206,0,TU
-3252.5,3207,0,TU
-3750.5,3207,0,TU
-4159.5,3208.5,0,TU
-4888.5,3210,0,TU
-3975.5,3210,0,TU
-3128,3210.5,0,TU
-4602,3210.5,0,TU
-3099,3211,0,TU
-4070,3211,0,TU
-4677.5,3211.5,0,TU
-3428,3211.5,0,TU
-3733,3212.5,0,TU
-3237,3213,0,TU
-4637.5,3215.5,0,TU
-4905,3215.5,0,TU
-4770.5,3216,0,TU
-3273.5,3216,0,TU
-3213,3216,0,TU
-3771.5,3218,0,TU
-4805.5,3218.5,0,TU
-2956.5,3219,0,TU
-4941,3219.5,0,TU
-4252,3220.5,0,TU
-4379.5,3221.5,0,TU
-4048.5,3223,0,TU
-3103.5,3223.5,0,TU
-3523,3224,0,TU
-3282.5,3224,0,TU
-4584,3225,0,TU
-4690.5,3227,0,TU
-3758,3229,0,TU
-4615,3229,0,TU
-3719,3230,0,TU
-3080,3230,0,TU
-3991.5,3230.5,0,TU
-2985.5,3231,0,TU
-4328,3231,0,TU
-3423,3231.5,0,TU
-3142,3231.5,0,TU
-3448.5,3232,0,TU
-4826,3233.5,0,TU
-3256,3233.5,0,TU
-4791,3234,0,TU
-3818,3235,0,TU
-2883,3235.5,0,TU
-3902.5,3236,0,TU
-4034,3236,0,TU
-3114,3237,0,TU
-4581,3237.5,0,TU
-4075.5,3238,0,TU
-4843.5,3238.5,0,TU
-4762,3238.5,0,TU
-3733.5,3240,0,TU
-4917.5,3241,0,TU
-4149.5,3242,0,TU
-4314,3242.5,0,TU
-4609,3243,0,TU
-4726.5,3243.5,0,TU
-4661.5,3243.5,0,TU
-3232,3243.5,0,TU
-4002.5,3244,0,TU
-4289.5,3245.5,0,TU
-4495.5,3246,0,TU
-2858,3246.5,0,TU
-4201,3246.5,0,TU
-3286.5,3247,0,TU
-3439,3247,0,TU
-4361,3247.5,0,TU
-4804.5,3248,0,TU
-3776,3248,0,TU
-2946,3248.5,0,TU
-2966,3249,0,TU
-3309.5,3249,0,TU
-4696.5,3251,0,TU
-4091.5,3251,0,TU
-4817,3252.5,0,TU
-4541.5,3253.5,0,TU
-3419,3253.5,0,TU
-4509.5,3254,0,TU
-3675.5,3255,0,TU
-3748,3255.5,0,TU
-4833,3255.5,0,TU
-4471.5,3257,0,TU
-4755.5,3257.5,0,TU
-3077.5,3258,0,TU
-4576.5,3258,0,TU
-3401,3258.5,0,TU
-4381,3259.5,0,TU
-2995,3260,0,TU
-4680.5,3261,0,TU
-4786,3262,0,TU
-4559.5,3263,0,TU
-4066.5,3263,0,TU
-3640.5,3263,0,TU
-3265.5,3263.5,0,TU
-4420.5,3264,0,TU
-3240.5,3265,0,TU
-4047,3265,0,TU
-3105,3265.5,0,TU
-3321.5,3266,0,TU
-4727.5,3266.5,0,TU
-4847,3266.5,0,TU
-4696,3267,0,TU
-3372,3267.5,0,TU
-3128,3267.5,0,TU
-4601,3267.5,0,TU
-4876,3268.5,0,TU
-3433.5,3268.5,0,TU
-4631,3268.5,0,TU
-3294.5,3268.5,0,TU
-4815.5,3268.5,0,TU
-2870,3269,0,TU
-4297.5,3269,0,TU
-3759,3269,0,TU
-4342.5,3269.5,0,TU
-4829,3270,0,TU
-3776,3270,0,TU
-4326,3270,0,TU
-4026,3270.5,0,TU
-4656.5,3270.5,0,TU
-3885,3271.5,0,TU
-3084,3271.5,0,TU
-4802.5,3271.5,0,TU
-4427.5,3273,0,TU
-4907.5,3273.5,0,TU
-3873.5,3273.5,0,TU
-3399.5,3273.5,0,TU
-3981,3274,0,TU
-4577,3274.5,0,TU
-4051.5,3275,0,TU
-3849.5,3276.5,0,TU
-4084,3277,0,TU
-4143,3277.5,0,TU
-4384.5,3278.5,0,TU
-3804,3278.5,0,TU
-4749.5,3279,0,TU
-4368,3279.5,0,TU
-4350.5,3281.5,0,TU
-4537.5,3282.5,0,TU
-3459.5,3282.5,0,TU
-3772,3283,0,TU
-3117.5,3284,0,TU
-4015.5,3284,0,TU
-4669.5,3284.5,0,TU
-4780,3285,0,TU
-3713,3285,0,TU
-4711.5,3285.5,0,TU
-4816.5,3286,0,TU
-2872,3286,0,TU
-3094,3286.5,0,TU
-3130,3288,0,TU
-3293,3288,0,TU
-3063.5,3289,0,TU
-4189.5,3290,0,TU
-4879,3290.5,0,TU
-3156.5,3291,0,TU
-4596,3291.5,0,TU
-4557,3291.5,0,TU
-4132.5,3291.5,0,TU
-4925,3292.5,0,TU
-3264.5,3292.5,0,TU
-3556,3293,0,TU
-4405,3293,0,TU
-4477.5,3293,0,TU
-3827.5,3293.5,0,TU
-3400,3294,0,TU
-4640.5,3294.5,0,TU
-4053,3295,0,TU
-4112,3295,0,TU
-4510,3295,0,TU
-3114,3295.5,0,TU
-3940,3295.5,0,TU
-4323,3296,0,TU
-4575.5,3296,0,TU
-4823.5,3296,0,TU
-3842.5,3296.5,0,TU
-4800,3297,0,TU
-3873.5,3297.5,0,TU
-4081,3297.5,0,TU
-3133,3297.5,0,TU
-4375.5,3297.5,0,TU
-5027,3298.5,0,TU
-4743.5,3298.5,0,TU
-2859.5,3299,0,TU
-3770,3300.5,0,TU
-3361.5,3300.5,0,TU
-3220,3301,0,TU
-3244.5,3301,0,TU
-4147.5,3301.5,0,TU
-4720.5,3302.5,0,TU
-3744.5,3302.5,0,TU
-3683,3302.5,0,TU
-4129.5,3303,0,TU
-3415.5,3303,0,TU
-2949,3303.5,0,TU
-3000,3304.5,0,TU
-4890.5,3305,0,TU
-4652.5,3307.5,0,TU
-3808,3307.5,0,TU
-4671.5,3308,0,TU
-3446,3309,0,TU
-4516,3310.5,0,TU
-4211.5,3310.5,0,TU
-3079.5,3311,0,TU
-4007.5,3311.5,0,TU
-4344,3311.5,0,TU
-4912,3311.5,0,TU
-4183,3312,0,TU
-3326.5,3312,0,TU
-3572,3312.5,0,TU
-2875,3313,0,TU
-4036.5,3313,0,TU
-4109,3313.5,0,TU
-4487,3313.5,0,TU
-4467,3314,0,TU
-4935,3314.5,0,TU
-4074,3314.5,0,TU
-3349,3315,0,TU
-4397.5,3316,0,TU
-4845.5,3317,0,TU
-4870,3318,0,TU
-3187,3318,0,TU
-3130.5,3318.5,0,TU
-4446,3319.5,0,TU
-4427.5,3320,0,TU
-3938.5,3321,0,TU
-3959.5,3321.5,0,TU
-4829,3323.5,0,TU
-4264,3323.5,0,TU
-3064.5,3324,0,TU
-3531.5,3324,0,TU
-4707.5,3324,0,TU
-4539,3324.5,0,TU
-3773,3325,0,TU
-4649.5,3325.5,0,TU
-2970,3325.5,0,TU
-4622,3325.5,0,TU
-4513.5,3326,0,TU
-3029,3326.5,0,TU
-3749.5,3327.5,0,TU
-3888.5,3328,0,TU
-3647.5,3328.5,0,TU
-4946,3329,0,TU
-3562.5,3329,0,TU
-3585.5,3329.5,0,TU
-4901,3331,0,TU
-3412.5,3331.5,0,TU
-3163,3333,0,TU
-3229,3335,0,TU
-4194.5,3335.5,0,TU
-4289.5,3335.5,0,TU
-4467.5,3336.5,0,TU
-4917,3337,0,TU
-5036,3337,0,TU
-3195,3337.5,0,TU
-4996,3337.5,0,TU
-3043,3337.5,0,TU
-3694,3337.5,0,TU
-4446,3337.5,0,TU
-3621.5,3338,0,TU
-4341,3338,0,TU
-4057,3338.5,0,TU
-3361,3338.5,0,TU
-4498,3339.5,0,TU
-4026.5,3340,0,TU
-4690,3340.5,0,TU
-3783.5,3341,0,TU
-4970.5,3341,0,TU
-3385.5,3341.5,0,TU
-3340,3342.5,0,TU
-3427.5,3343,0,TU
-4804.5,3344,0,TU
-3773.5,3344,0,TU
-4568,3344.5,0,TU
-4528.5,3346,0,TU
-3269.5,3346.5,0,TU
-4778.5,3346.5,0,TU
-3016,3347.5,0,TU
-4482.5,3348.5,0,TU
-3975.5,3348.5,0,TU
-3054.5,3348.5,0,TU
-4014,3349.5,0,TU
-3244.5,3350,0,TU
-3448.5,3351,0,TU
-2951,3352,0,TU
-4304,3354.5,0,TU
-4790,3355,0,TU
-3418.5,3356,0,TU
-4346,3358,0,TU
-4997,3359,0,TU
-3522.5,3359.5,0,TU
-4503,3359.5,0,TU
-3766.5,3360,0,TU
-4316.5,3361,0,TU
-4463.5,3361,0,TU
-3401.5,3361.5,0,TU
-4483,3361.5,0,TU
-3364.5,3361.5,0,TU
-3951,3363,0,TU
-3471,3364,0,TU
-3385,3365,0,TU
-3810,3365,0,TU
-3432.5,3365.5,0,TU
-3735.5,3366.5,0,TU
-4976,3367,0,TU
-4398.5,3367,0,TU
-3782,3367.5,0,TU
-4186,3367.5,0,TU
-4594,3367.5,0,TU
-4810.5,3369.5,0,TU
-3017,3369.5,0,TU
-2991,3369.5,0,TU
-4555,3370.5,0,TU
-3586.5,3370.5,0,TU
-4763.5,3371,0,TU
-4361,3371,0,TU
-4788,3371,0,TU
-4526,3371.5,0,TU
-4056,3373,0,TU
-3704.5,3373.5,0,TU
-4682.5,3373.5,0,TU
-3414.5,3374,0,TU
-3721,3374,0,TU
-3760,3375.5,0,TU
-3300.5,3377,0,TU
-2981,3377,0,TU
-4138.5,3377.5,0,TU
-4087.5,3378.5,0,TU
-3330,3379,0,TU
-3368.5,3380,0,TU
-4335.5,3380.5,0,TU
-4309,3380.5,0,TU
-4468.5,3381,0,TU
-4913.5,3381.5,0,TU
-4163.5,3381.5,0,TU
-3054,3382,0,TU
-4573.5,3382.5,0,TU
-3623,3383,0,TU
-4201,3384,0,TU
-3425,3385,0,TU
-3805,3385.5,0,TU
-4874,3386.5,0,TU
-4892,3389,0,TU
-5015,3389,0,TU
-3881,3390,0,TU
-4016,3391,0,TU
-4991,3391.5,0,TU
-3464.5,3392,0,TU
-4787,3392.5,0,TU
-4683.5,3393,0,TU
-3736,3393.5,0,TU
-3788.5,3394,0,TU
-3755.5,3395,0,TU
-4120,3395,0,TU
-4399.5,3395.5,0,TU
-4734.5,3396,0,TU
-4708,3396,0,TU
-3967.5,3396,0,TU
-4298,3397.5,0,TU
-4234.5,3397.5,0,TU
-4594,3398.5,0,TU
-4955,3399,0,TU
-4770.5,3399,0,TU
-3995.5,3402,0,TU
-3259.5,3402,0,TU
-4548,3402.5,0,TU
-4908,3402.5,0,TU
-4352.5,3402.5,0,TU
-3484,3403,0,TU
-3403.5,3404.5,0,TU
-3023.5,3404.5,0,TU
-5102,3405,0,TU
-5004.5,3405,0,TU
-3184.5,3405.5,0,TU
-3430.5,3406,0,TU
-5050.5,3406,0,TU
-3040,3407,0,TU
-5020,3407,0,TU
-4984.5,3408.5,0,TU
-4883,3409.5,0,TU
-4630.5,3409.5,0,TU
-4749.5,3410,0,TU
-4101,3410.5,0,TU
-4262,3413,0,TU
-3325,3414,0,TU
-3941.5,3414,0,TU
-3862.5,3414.5,0,TU
-4955.5,3415,0,TU
-4911.5,3416,0,TU
-4602.5,3416,0,TU
-4496.5,3417,0,TU
-3967,3417.5,0,TU
-4540,3417.5,0,TU
-4243,3417.5,0,TU
-4681.5,3418,0,TU
-3808,3418.5,0,TU
-3146,3419,0,TU
-5074,3420,0,TU
-3784,3420.5,0,TU
-4707.5,3420.5,0,TU
-4877.5,3421,0,TU
-4520,3422,0,TU
-3704,3422,0,TU
-3509.5,3422,0,TU
-4468.5,3422,0,TU
-4219,3422.5,0,TU
-3173.5,3423,0,TU
-4791,3424,0,TU
-3614,3424,0,TU
-4119,3424,0,TU
-3907.5,3424.5,0,TU
-3064,3424.5,0,TU
-4477.5,3425,0,TU
-3880,3425.5,0,TU
-4335.5,3425.5,0,TU
-4185.5,3425.5,0,TU
-4425,3426.5,0,TU
-4720.5,3427.5,0,TU
-4359,3428.5,0,TU
-4765.5,3428.5,0,TU
-4509,3429,0,TU
-3334.5,3429.5,0,TU
-5102,3430.5,0,TU
-4976,3431,0,TU
-4897.5,3431,0,TU
-3011,3431,0,TU
-4385.5,3431.5,0,TU
-4926,3432,0,TU
-5005.5,3432,0,TU
-4637.5,3432,0,TU
-3814.5,3432.5,0,TU
-3542.5,3433,0,TU
-3411.5,3433,0,TU
-3370.5,3433,0,TU
-4941,3433.5,0,TU
-3763.5,3434,0,TU
-3981.5,3434,0,TU
-4743,3434,0,TU
-4683,3434.5,0,TU
-4954.5,3435,0,TU
-4596.5,3435.5,0,TU
-4615.5,3435.5,0,TU
-4658.5,3435.5,0,TU
-3224.5,3437,0,TU
-3483,3437,0,TU
-3288.5,3440.5,0,TU
-4912,3441,0,TU
-3156,3441,0,TU
-3516,3441.5,0,TU
-3745.5,3441.5,0,TU
-4499,3442,0,TU
-4703.5,3442.5,0,TU
-3796.5,3444,0,TU
-3136.5,3444.5,0,TU
-4373,3445,0,TU
-3592,3445.5,0,TU
-3441,3447,0,TU
-4736,3447.5,0,TU
-3387.5,3448,0,TU
-4978.5,3448.5,0,TU
-3184.5,3449,0,TU
-4824.5,3449,0,TU
-4177.5,3450.5,0,TU
-3410.5,3451,0,TU
-3773.5,3451,0,TU
-4956,3451,0,TU
-4237.5,3452.5,0,TU
-3069,3453,0,TU
-3812,3453.5,0,TU
-3250,3454,0,TU
-3324.5,3454,0,TU
-4471.5,3454,0,TU
-4325.5,3455,0,TU
-4938.5,3455.5,0,TU
-4715.5,3455.5,0,TU
-4894.5,3456,0,TU
-3706,3456,0,TU
-4924.5,3457.5,0,TU
-4348,3458,0,TU
-4427.5,3458,0,TU
-4698,3458,0,TU
-4796.5,3460.5,0,TU
-4551.5,3460.5,0,TU
-4761,3461,0,TU
-3509,3462,0,TU
-3797,3462.5,0,TU
-3488,3463,0,TU
-5041,3464,0,TU
-3564,3465,0,TU
-4735,3465,0,TU
-3400,3465,0,TU
-4136.5,3466,0,TU
-4529.5,3469.5,0,TU
-3164,3469.5,0,TU
-3270.5,3469.5,0,TU
-3593,3470,0,TU
-3140.5,3471,0,TU
-4096.5,3471,0,TU
-3186,3471,0,TU
-4907,3471.5,0,TU
-4783,3472.5,0,TU
-4579.5,3473,0,TU
-4319.5,3475,0,TU
-3422.5,3475,0,TU
-4429,3475,0,TU
-3452.5,3476.5,0,TU
-4337,3476.5,0,TU
-4505,3476.5,0,TU
-3304.5,3477.5,0,TU
-3381.5,3478.5,0,TU
-3654.5,3478.5,0,TU
-3405.5,3478.5,0,TU
-4372,3478.5,0,TU
-3240.5,3479.5,0,TU
-4150,3479.5,0,TU
-3476,3480.5,0,TU
-5126,3480.5,0,TU
-4822.5,3481,0,TU
-4112,3481.5,0,TU
-4496,3481.5,0,TU
-3798,3481.5,0,TU
-5106,3482.5,0,TU
-4273,3482.5,0,TU
-3694,3482.5,0,TU
-3617,3484,0,TU
-4629.5,3485.5,0,TU
-3544.5,3485.5,0,TU
-3522,3486,0,TU
-4735,3487,0,TU
-4604,3487,0,TU
-4588,3487,0,TU
-4351.5,3487,0,TU
-4090.5,3488.5,0,TU
-5029.5,3488.5,0,TU
-4162,3489.5,0,TU
-4917,3489.5,0,TU
-4659,3490.5,0,TU
-4305,3493,0,TU
-3665,3494.5,0,TU
-3498.5,3495,0,TU
-4035,3495,0,TU
-4325,3495.5,0,TU
-3713.5,3496.5,0,TU
-4507,3498,0,TU
-4529.5,3498.5,0,TU
-3594,3499,0,TU
-4079,3499,0,TU
-3568,3500,0,TU
-4609,3500,0,TU
-3403,3500.5,0,TU
-4547.5,3500.5,0,TU
-4172,3502,0,TU
-4346.5,3503.5,0,TU
-3244,3503.5,0,TU
-4100.5,3503.5,0,TU
-4711,3503.5,0,TU
-4622.5,3504,0,TU
-3772.5,3504.5,0,TU
-4646.5,3504.5,0,TU
-4134.5,3504.5,0,TU
-4229.5,3505.5,0,TU
-4735,3506,0,TU
-3681.5,3507,0,TU
-3801.5,3507.5,0,TU
-3973,3509.5,0,TU
-3215.5,3509.5,0,TU
-5010,3509.5,0,TU
-4299,3509.5,0,TU
-4057,3510.5,0,TU
-3725,3511.5,0,TU
-4974.5,3512,0,TU
-4481.5,3512,0,TU
-4899,3513.5,0,TU
-4746.5,3513.5,0,TU
-4360.5,3513.5,0,TU
-4315.5,3514.5,0,TU
-5034.5,3515,0,TU
-4921,3515.5,0,TU
-3542.5,3516,0,TU
-4508,3517.5,0,TU
-3441,3517.5,0,TU
-4329,3518.5,0,TU
-5127.5,3519,0,TU
-3993.5,3519.5,0,TU
-3572,3520.5,0,TU
-3506.5,3521,0,TU
-5048,3521.5,0,TU
-4642.5,3522,0,TU
-4087,3522.5,0,TU
-5076.5,3523.5,0,TU
-4271.5,3523.5,0,TU
-3251.5,3525,0,TU
-4044.5,3525.5,0,TU
-4718.5,3526,0,TU
-5099.5,3526.5,0,TU
-3283.5,3526.5,0,TU
-4483.5,3526.5,0,TU
-4130,3527,0,TU
-4688,3527,0,TU
-4347,3527.5,0,TU
-4079.5,3528,0,TU
-4108.5,3528,0,TU
-3325.5,3529.5,0,TU
-4617,3529.5,0,TU
-4200,3530,0,TU
-4535,3531,0,TU
-4325,3532.5,0,TU
-3411,3532.5,0,TU
-3738.5,3533.5,0,TU
-4251,3534,0,TU
-3530.5,3534,0,TU
-4765.5,3534,0,TU
-3619.5,3534.5,0,TU
-4961.5,3535,0,TU
-4018,3536,0,TU
-3505,3536.5,0,TU
-4298,3537.5,0,TU
-4511,3537.5,0,TU
-3865,3538,0,TU
-4221.5,3538.5,0,TU
-4920,3539,0,TU
-4475.5,3539.5,0,TU
-3767,3540,0,TU
-3826,3540.5,0,TU
-3801,3540.5,0,TU
-4383,3543,0,TU
-5153,3543,0,TU
-4446.5,3543.5,0,TU
-4751.5,3544,0,TU
-4721.5,3544.5,0,TU
-4099,3545,0,TU
-4074.5,3545.5,0,TU
-4340.5,3547,0,TU
-4936,3547.5,0,TU
-4052,3548,0,TU
-4952.5,3549,0,TU
-4689.5,3549.5,0,TU
-4411.5,3549.5,0,TU
-3991,3550.5,0,TU
-4833,3551.5,0,TU
-5168.5,3551.5,0,TU
-3348,3552,0,TU
-4313,3552.5,0,TU
-4038.5,3553.5,0,TU
-4873,3554,0,TU
-4344,3555,0,TU
-4483.5,3555,0,TU
-4613.5,3558,0,TU
-3710.5,3558.5,0,TU
-3622.5,3558.5,0,TU
-3745.5,3559,0,TU
-4318,3559.5,0,TU
-4709,3560,0,TU
-4977,3560,0,TU
-4516,3560,0,TU
-3961.5,3560,0,TU
-4586.5,3560.5,0,TU
-4181,3561,0,TU
-3869.5,3562.5,0,TU
-4230.5,3563,0,TU
-3929.5,3564,0,TU
-4908,3564.5,0,TU
-4013.5,3565,0,TU
-5133,3566,0,TU
-3764.5,3566.5,0,TU
-5153,3567,0,TU
-3517.5,3567.5,0,TU
-4380.5,3568,0,TU
-4746.5,3568.5,0,TU
-5044.5,3569,0,TU
-4724,3569,0,TU
-4089.5,3570.5,0,TU
-5106,3571,0,TU
-4447.5,3571,0,TU
-4394.5,3572.5,0,TU
-3984,3572.5,0,TU
-4789,3572.5,0,TU
-4157,3573,0,TU
-4693.5,3573,0,TU
-4941.5,3573,0,TU
-4846,3575,0,TU
-4067.5,3575.5,0,TU
-4865.5,3577.5,0,TU
-4768.5,3578,0,TU
-4428,3580,0,TU
-4485,3580,0,TU
-4018.5,3580.5,0,TU
-4823,3581,0,TU
-3760,3583,0,TU
-4112,3584,0,TU
-3781.5,3587,0,TU
-4045,3587.5,0,TU
-3917.5,3587.5,0,TU
-4910,3588.5,0,TU
-4449,3588.5,0,TU
-3995.5,3589.5,0,TU
-5114,3590.5,0,TU
-4082,3590.5,0,TU
-4411,3593,0,TU
-4144.5,3593,0,TU
-5038.5,3593.5,0,TU
-4377,3593.5,0,TU
-4471.5,3594.5,0,TU
-4208,3595.5,0,TU
-4932,3596,0,TU
-3672,3596.5,0,TU
-4029,3597,0,TU
-4698.5,3598,0,TU
-4949,3599,0,TU
-5149,3599.5,0,TU
-4397,3599.5,0,TU
-4842.5,3600.5,0,TU
-5054,3602,0,TU
-4523,3602.5,0,TU
-4683.5,3602.5,0,TU
-4181.5,3603,0,TU
-4811.5,3603.5,0,TU
-3240,3604,0,TU
-4435.5,3606,0,TU
-4771,3606.5,0,TU
-4359.5,3607,0,TU
-4968.5,3609,0,TU
-3707,3610,0,TU
-3653.5,3611,0,TU
-4914,3611.5,0,TU
-5013.5,3612,0,TU
-4117,3612.5,0,TU
-4715,3612.5,0,TU
-3960,3613.5,0,TU
-4075,3615,0,TU
-4883,3616,0,TU
-3779.5,3616,0,TU
-4564.5,3616,0,TU
-3885.5,3616.5,0,TU
-5165,3616.5,0,TU
-4417.5,3618.5,0,TU
-4471.5,3618.5,0,TU
-5194.5,3621.5,0,TU
-4394.5,3622.5,0,TU
-5134.5,3623,0,TU
-4355,3623,0,TU
-4031,3623,0,TU
-4830,3623.5,0,TU
-4069.5,3625,0,TU
-3510,3626.5,0,TU
-3795,3627,0,TU
-4659,3628,0,TU
-4819,3628,0,TU
-4698,3628.5,0,TU
-3878,3629.5,0,TU
-3815,3630,0,TU
-4841,3630.5,0,TU
-4732,3631,0,TU
-4327.5,3631,0,TU
-4714.5,3631.5,0,TU
-3844.5,3632.5,0,TU
-4855,3633.5,0,TU
-4499,3633.5,0,TU
-5049,3634,0,TU
-5025.5,3634.5,0,TU
-4984.5,3635,0,TU
-4474.5,3636,0,TU
-4044.5,3636,0,TU
-4084.5,3637,0,TU
-5095.5,3637,0,TU
-3764,3637.5,0,TU
-5164.5,3638.5,0,TU
-4870.5,3638.5,0,TU
-4526.5,3639.5,0,TU
-3667,3640,0,TU
-4805,3641.5,0,TU
-5001.5,3642,0,TU
-4120,3642,0,TU
-4703.5,3643.5,0,TU
-4026.5,3644.5,0,TU
-4335,3644.5,0,TU
-3546.5,3644.5,0,TU
-4410.5,3645,0,TU
-3783.5,3645,0,TU
-4365.5,3647,0,TU
-4459.5,3649,0,TU
-3799,3649,0,TU
-3613,3649.5,0,TU
-4971,3650,0,TU
-4724.5,3651,0,TU
-3876,3651,0,TU
-4061.5,3652,0,TU
-5131.5,3652,0,TU
-3505.5,3652,0,TU
-4750,3653.5,0,TU
-4816.5,3654,0,TU
-5046.5,3654,0,TU
-3813,3654.5,0,TU
-4769,3654.5,0,TU
-4659.5,3654.5,0,TU
-4841.5,3655,0,TU
-4909.5,3657,0,TU
-5013,3658,0,TU
-3559,3658,0,TU
-3746.5,3658.5,0,TU
-4603.5,3659,0,TU
-3828.5,3659.5,0,TU
-4154.5,3659.5,0,TU
-3688.5,3661,0,TU
-4701,3662,0,TU
-4074,3663,0,TU
-5207,3665,0,TU
-4262.5,3665.5,0,TU
-5161,3668,0,TU
-4646.5,3668,0,TU
-4734.5,3670,0,TU
-4666.5,3671,0,TU
-4676,3673,0,TU
-4551.5,3674,0,TU
-4776,3675.5,0,TU
-4023.5,3675.5,0,TU
-5040,3675.5,0,TU
-4796.5,3677,0,TU
-3788.5,3677,0,TU
-4061.5,3679,0,TU
-3753.5,3679.5,0,TU
-4046.5,3680.5,0,TU
-3617.5,3680.5,0,TU
-4882,3682,0,TU
-3527,3682.5,0,TU
-4818.5,3682.5,0,TU
-4423.5,3683,0,TU
-4726.5,3686,0,TU
-4078,3689,0,TU
-3490.5,3689.5,0,TU
-5013,3691,0,TU
-3778.5,3694,0,TU
-4005,3694.5,0,TU
-4060,3695.5,0,TU
-3644,3695.5,0,TU
-4855.5,3696,0,TU
-4334.5,3696.5,0,TU
-4981,3697,0,TU
-4017,3697.5,0,TU
-4740.5,3697.5,0,TU
-4901,3698.5,0,TU
-3465,3699,0,TU
-5156,3699,0,TU
-4034.5,3699.5,0,TU
-3853.5,3700.5,0,TU
-4795,3701.5,0,TU
-3607,3701.5,0,TU
-4406,3701.5,0,TU
-4186.5,3702.5,0,TU
-3799,3704,0,TU
-4651,3705,0,TU
-4117.5,3706,0,TU
-5034.5,3706.5,0,TU
-4630,3706.5,0,TU
-3759.5,3706.5,0,TU
-4230.5,3708,0,TU
-4354.5,3712,0,TU
-4496.5,3713,0,TU
-4320,3713.5,0,TU
-3521.5,3714.5,0,TU
-3554,3718.5,0,TU
-4653.5,3718.5,0,TU
-4822,3718.5,0,TU
-4049,3719,0,TU
-4892.5,3719.5,0,TU
-4011,3721,0,TU
-4638,3721,0,TU
-3473,3721,0,TU
-4851.5,3721,0,TU
-4623,3721.5,0,TU
-4770,3722.5,0,TU
-4784.5,3724,0,TU
-4130,3724.5,0,TU
-4596,3725,0,TU
-4176,3726.5,0,TU
-3753,3727.5,0,TU
-4075.5,3727.5,0,TU
-4985,3728,0,TU
-4692.5,3728.5,0,TU
-3510,3729,0,TU
-4330,3729,0,TU
-4157,3729.5,0,TU
-4303,3730,0,TU
-4670,3730.5,0,TU
-4574.5,3731,0,TU
-4754,3731,0,TU
-3816.5,3731,0,TU
-4871,3731,0,TU
-4141,3732.5,0,TU
-4800.5,3734,0,TU
-4820,3734.5,0,TU
-4650,3734.5,0,TU
-4199,3735,0,TU
-4267,3735,0,TU
-3786.5,3736.5,0,TU
-4228.5,3736.5,0,TU
-4387.5,3736.5,0,TU
-4111,3737,0,TU
-3838,3738,0,TU
-3806.5,3738.5,0,TU
-4479,3739.5,0,TU
-3860,3740,0,TU
-4354,3740,0,TU
-4942.5,3740,0,TU
-3478,3740.5,0,TU
-4789.5,3740.5,0,TU
-4775.5,3740.5,0,TU
-4042,3741,0,TU
-4628.5,3741.5,0,TU
-3361.5,3742,0,TU
-4315.5,3742.5,0,TU
-3989.5,3743.5,0,TU
-3495,3744,0,TU
-4012,3744.5,0,TU
-4207,3744.5,0,TU
-3629,3744.5,0,TU
-4837,3745.5,0,TU
-3608.5,3747,0,TU
-3281.5,3747,0,TU
-4336.5,3747.5,0,TU
-4863.5,3748.5,0,TU
-4804,3750,0,TU
-4593,3750.5,0,TU
-4760,3751,0,TU
-4165.5,3752.5,0,TU
-4570,3753,0,TU
-3711,3753.5,0,TU
-4790.5,3756,0,TU
-4694.5,3757.5,0,TU
-4726.5,3758.5,0,TU
-3551.5,3759,0,TU
-3837.5,3759,0,TU
-3799.5,3759.5,0,TU
-3816,3759.5,0,TU
-4289.5,3760,0,TU
-4209,3762,0,TU
-4677,3762,0,TU
-4778,3762,0,TU
-4565,3763.5,0,TU
-4053.5,3763.5,0,TU
-4253.5,3763.5,0,TU
-5066,3764,0,TU
-4473.5,3764,0,TU
-4330,3766,0,TU
-3479,3766.5,0,TU
-4834.5,3767,0,TU
-4304.5,3767,0,TU
-4357.5,3767.5,0,TU
-4620,3767.5,0,TU
-4755,3768.5,0,TU
-4599.5,3769,0,TU
-4584,3772,0,TU
-3367,3775,0,TU
-4960,3775.5,0,TU
-4135.5,3776.5,0,TU
-4508,3777,0,TU
-4934,3777,0,TU
-4166,3777.5,0,TU
-4048.5,3777.5,0,TU
-4416.5,3779.5,0,TU
-5075,3780,0,TU
-4999,3780.5,0,TU
-4071,3781,0,TU
-4818.5,3781,0,TU
-3411,3781.5,0,TU
-3281,3782.5,0,TU
-4477.5,3783,0,TU
-3380.5,3783,0,TU
-3718,3784,0,TU
-3498.5,3784.5,0,TU
-4973.5,3784.5,0,TU
-4700.5,3785,0,TU
-4423,3788,0,TU
-5105.5,3788.5,0,TU
-4463.5,3789.5,0,TU
-4684.5,3789.5,0,TU
-4525,3789.5,0,TU
-3772,3789.5,0,TU
-4488.5,3790,0,TU
-4283.5,3790,0,TU
-4915.5,3791.5,0,TU
-3915.5,3793,0,TU
-4645.5,3793,0,TU
-4669,3793.5,0,TU
-4782,3793.5,0,TU
-3751.5,3794,0,TU
-4758,3794.5,0,TU
-4125.5,3794.5,0,TU
-4565,3794.5,0,TU
-4866,3796,0,TU
-5129,3796,0,TU
-3386,3796.5,0,TU
-3643,3797,0,TU
-3446.5,3798,0,TU
-3549.5,3800,0,TU
-4308,3800,0,TU
-4742.5,3800.5,0,TU
-3468.5,3801,0,TU
-5098,3804.5,0,TU
-3611.5,3804.5,0,TU
-4446.5,3806,0,TU
-4965.5,3808,0,TU
-4473,3808,0,TU
-3797.5,3809,0,TU
-3748,3809.5,0,TU
-4848,3810,0,TU
-3992,3811,0,TU
-3495.5,3813,0,TU
-4183.5,3815.5,0,TU
-4495,3816,0,TU
-4989.5,3817,0,TU
-5084.5,3817,0,TU
-3409.5,3817.5,0,TU
-3375.5,3820,0,TU
-4784.5,3820,0,TU
-5104.5,3821,0,TU
-3911,3821,0,TU
-4548,3821.5,0,TU
-4769.5,3822,0,TU
-5145.5,3822.5,0,TU
-4635.5,3824,0,TU
-4390.5,3824,0,TU
-5130,3825.5,0,TU
-3429.5,3827.5,0,TU
-4965,3828.5,0,TU
-4652,3829.5,0,TU
-4165,3830.5,0,TU
-4239.5,3831,0,TU
-5000.5,3832,0,TU
-4350.5,3832.5,0,TU
-3811,3832.5,0,TU
-4749.5,3833.5,0,TU
-4285,3835,0,TU
-4476,3838,0,TU
-5070.5,3839.5,0,TU
-4943.5,3840,0,TU
-4712.5,3840,0,TU
-5124,3840.5,0,TU
-3721.5,3840.5,0,TU
-4312,3840.5,0,TU
-4107.5,3841,0,TU
-4218,3842,0,TU
-4199,3842,0,TU
-4958.5,3843,0,TU
-3685,3843,0,TU
-4606,3843.5,0,TU
-3774,3844,0,TU
-4656,3844,0,TU
-4133.5,3844,0,TU
-4502,3844.5,0,TU
-4750.5,3845.5,0,TU
-4584.5,3846.5,0,TU
-4633,3847.5,0,TU
-3955,3847.5,0,TU
-4062,3850.5,0,TU
-5092.5,3852,0,TU
-3913.5,3852.5,0,TU
-3556.5,3853.5,0,TU
-4946.5,3857.5,0,TU
-3523,3857.5,0,TU
-3649,3857.5,0,TU
-4163,3858,0,TU
-3810.5,3858.5,0,TU
-4963,3860,0,TU
-3787,3861,0,TU
-4488.5,3861,0,TU
-4747,3861.5,0,TU
-4349,3862,0,TU
-4452.5,3862,0,TU
-4205,3863,0,TU
-4644,3864,0,TU
-3538,3865,0,TU
-4987.5,3865,0,TU
-4623.5,3866,0,TU
-3927,3867.5,0,TU
-3887.5,3867.5,0,TU
-4928,3868,0,TU
-5126,3868,0,TU
-4093,3868,0,TU
-4607,3868.5,0,TU
-4399.5,3870,0,TU
-4946.5,3871,0,TU
-4962.5,3872,0,TU
-4304.5,3872,0,TU
-5078,3872.5,0,TU
-5143.5,3873,0,TU
-4722.5,3874.5,0,TU
-4704.5,3875.5,0,TU
-3552,3876,0,TU
-3674.5,3876,0,TU
-4333,3876,0,TU
-4593.5,3876.5,0,TU
-5104.5,3876.5,0,TU
-4651.5,3877,0,TU
-5064.5,3877,0,TU
-3866,3878,0,TU
-4163.5,3878.5,0,TU
-4434.5,3879.5,0,TU
-4217,3879.5,0,TU
-4835.5,3880,0,TU
-4743.5,3880.5,0,TU
-3945.5,3881,0,TU
-4962.5,3883.5,0,TU
-4812.5,3884,0,TU
-4615,3884.5,0,TU
-4406.5,3885.5,0,TU
-4527,3888.5,0,TU
-3392.5,3888.5,0,TU
-4363,3890.5,0,TU
-3535,3891,0,TU
-4387.5,3891.5,0,TU
-5152,3893,0,TU
-4302.5,3894,0,TU
-4196.5,3894,0,TU
-3781.5,3894.5,0,TU
-4343,3896,0,TU
-5124.5,3897.5,0,TU
-4959,3897.5,0,TU
-4734,3898.5,0,TU
-4643.5,3898.5,0,TU
-4322,3899,0,TU
-4933.5,3899,0,TU
-3514.5,3900.5,0,TU
-3332,3901,0,TU
-4420,3901,0,TU
-3667.5,3903,0,TU
-3903.5,3904,0,TU
-5161,3904.5,0,TU
-4285,3905.5,0,TU
-5074,3907,0,TU
-5046,3908.5,0,TU
-4068.5,3909,0,TU
-4161,3909.5,0,TU
-3720,3909.5,0,TU
-4370,3910.5,0,TU
-3926,3911.5,0,TU
-4626.5,3911.5,0,TU
-3503,3913.5,0,TU
-4244,3913.5,0,TU
-3473,3916,0,TU
-4308.5,3916.5,0,TU
-4639,3917,0,TU
-4950,3917.5,0,TU
-4772.5,3919.5,0,TU
-5020,3919.5,0,TU
-4399.5,3920,0,TU
-3349,3920.5,0,TU
-3445,3921.5,0,TU
-4977,3921.5,0,TU
-4058.5,3922,0,TU
-5076,3926,0,TU
-4832.5,3927.5,0,TU
-4173,3928,0,TU
-5054.5,3930,0,TU
-5102,3934.5,0,TU
-4373.5,3936,0,TU
-3900.5,3936.5,0,TU
-4330,3940.5,0,TU
-3495,3945,0,TU
-4301.5,3945.5,0,TU
-4857.5,3946.5,0,TU
-5119.5,3946.5,0,TU
-3953,3947,0,TU
-3872,3947,0,TU
-4255.5,3948,0,TU
-5145,3949,0,TU
-5066,3949.5,0,TU
-3623.5,3949.5,0,TU
-4759.5,3952,0,TU
-3519,3952.5,0,TU
-3996,3954.5,0,TU
-4194,3955.5,0,TU
-3911.5,3956,0,TU
-3900,3957,0,TU
-4350,3957.5,0,TU
-3657.5,3957.5,0,TU
-4804.5,3957.5,0,TU
-4622.5,3958,0,TU
-3933.5,3960,0,TU
-4499.5,3960.5,0,TU
-5104,3961.5,0,TU
-4860.5,3964,0,TU
-4029,3965.5,0,TU
-4054.5,3965.5,0,TU
-5158,3966.5,0,TU
-5028,3967,0,TU
-5128.5,3967.5,0,TU
-4130.5,3968,0,TU
-3530,3968.5,0,TU
-4262,3970,0,TU
-3952,3970,0,TU
-4696.5,3972.5,0,TU
-3472,3973,0,TU
-4325.5,3974,0,TU
-3585.5,3974.5,0,TU
-4285.5,3977,0,TU
-4786.5,3977,0,TU
-3682.5,3978.5,0,TU
-4808.5,3979,0,TU
-5093,3980,0,TU
-4406.5,3981.5,0,TU
-4851.5,3981.5,0,TU
-4832,3983.5,0,TU
-4873.5,3984,0,TU
-3643,3986,0,TU
-3947.5,3988.5,0,TU
-4055.5,3988.5,0,TU
-4905,3989,0,TU
-4301,3989,0,TU
-5055,3990,0,TU
-3688.5,3990.5,0,TU
-4020.5,3990.5,0,TU
-4690.5,3992,0,TU
-5138,3992.5,0,TU
-4382.5,3994,0,TU
-5098,3995,0,TU
-5010.5,3996,0,TU
-4730.5,3998.5,0,TU
-3870.5,4000.5,0,TU
-4608,4003,0,TU
-4332,4003.5,0,TU
-4809,4003.5,0,TU
-3950,4005.5,0,TU
-4674,4006.5,0,TU
-3504,4006.5,0,TU
-4346.5,4009,0,TU
-5126.5,4009,0,TU
-4593.5,4011.5,0,TU
-4780.5,4011.5,0,TU
-5105,4012,0,TU
-5046,4012,0,TU
-5075,4012.5,0,TU
-5096.5,4013.5,0,TU
-3906,4015,0,TU
-4845.5,4018.5,0,TU
-4691,4019.5,0,TU
-3762,4020.5,0,TU
-4303,4020.5,0,TU
-3937.5,4020.5,0,TU
-4366.5,4023,0,TU
-4613,4024,0,TU
-3873,4026.5,0,TU
-4639,4028,0,TU
-4821,4029,0,TU
-3734.5,4029.5,0,TU
-4711,4029.5,0,TU
-4799,4030,0,TU
-4155,4030,0,TU
-4968,4031,0,TU
-4180.5,4031,0,TU
-5121,4031,0,TU
-4598,4031.5,0,TU
-5090,4031.5,0,TU
-5037.5,4032.5,0,TU
-4763.5,4032.5,0,TU
-5063.5,4032.5,0,TU
-3913,4034.5,0,TU
-4868,4037.5,0,TU
-4674.5,4038,0,TU
-4078,4038,0,TU
-3941.5,4039,0,TU
-4656,4039.5,0,TU
-3521.5,4040,0,TU
-4630.5,4045.5,0,TU
-5109,4045.5,0,TU
-4700,4047,0,TU
-4820,4047.5,0,TU
-4983.5,4048.5,0,TU
-4835.5,4049.5,0,TU
-5078,4051,0,TU
-4321.5,4052,0,TU
-5055,4052.5,0,TU
-4364.5,4052.5,0,TU
-3917.5,4054,0,TU
-4031,4054.5,0,TU
-4660,4054.5,0,TU
-3724.5,4055,0,TU
-5009.5,4056,0,TU
-5126,4057,0,TU
-5154,4058,0,TU
-4798,4059,0,TU
-4291,4060,0,TU
-4641,4061,0,TU
-5031,4062,0,TU
-3875.5,4063.5,0,TU
-4132,4064,0,TU
-4778,4066.5,0,TU
-4412.5,4067,0,TU
-3909.5,4071,0,TU
-4995,4072,0,TU
-5055,4072,0,TU
-5095,4072.5,0,TU
-4162.5,4074.5,0,TU
-4817.5,4075.5,0,TU
-3671.5,4076.5,0,TU
-4622,4077,0,TU
-3705.5,4077,0,TU
-4933,4077,0,TU
-4749.5,4078,0,TU
-4975,4079,0,TU
-3741,4080,0,TU
-4103,4080,0,TU
-3724.5,4081,0,TU
-4655,4081.5,0,TU
-4397,4084,0,TU
-4124.5,4084.5,0,TU
-4303.5,4086,0,TU
-5132,4086,0,TU
-3837,4086,0,TU
-4279,4086.5,0,TU
-3907.5,4087.5,0,TU
-4383.5,4090,0,TU
-4363.5,4090.5,0,TU
-3886,4092,0,TU
-4341.5,4093.5,0,TU
-3568.5,4094.5,0,TU
-3719,4094.5,0,TU
-4316,4094.5,0,TU
-5114,4095.5,0,TU
-4641.5,4095.5,0,TU
-4176,4096.5,0,TU
-4649,4101,0,TU
-4725,4101,0,TU
-5042,4101.5,0,TU
-5020,4102.5,0,TU
-3686.5,4104,0,TU
-4253,4104,0,TU
-4108,4104.5,0,TU
-4769.5,4104.5,0,TU
-5132,4105,0,TU
-4429.5,4105.5,0,TU
-3998.5,4107,0,TU
-3971,4107,0,TU
-3728,4107,0,TU
-4906,4112,0,TU
-4565.5,4112.5,0,TU
-3751,4114,0,TU
-4867.5,4114.5,0,TU
-4393,4117,0,TU
-3703.5,4117,0,TU
-4140.5,4117.5,0,TU
-5076,4117.5,0,TU
-3823.5,4118,0,TU
-3928,4119,0,TU
-4743.5,4119.5,0,TU
-4726,4120,0,TU
-3899.5,4121.5,0,TU
-3955,4123.5,0,TU
-3996.5,4124,0,TU
-3734.5,4124,0,TU
-4543.5,4124.5,0,TU
-4176,4125,0,TU
-4116,4127,0,TU
-4090,4127,0,TU
-4371,4128,0,TU
-3766,4128.5,0,TU
-4045,4130,0,TU
-3577.5,4132,0,TU
-3803,4133.5,0,TU
-4511,4134.5,0,TU
-5089.5,4135,0,TU
-4346,4135,0,TU
-4314.5,4135.5,0,TU
-4394,4137,0,TU
-4939,4139,0,TU
-3692.5,4140.5,0,TU
-4851,4142.5,0,TU
-4201,4143.5,0,TU
-3642,4144,0,TU
-4826,4144.5,0,TU
-4803.5,4145.5,0,TU
-4029.5,4147,0,TU
-3929.5,4147.5,0,TU
-5092.5,4147.5,0,TU
-4900,4148.5,0,TU
-4174,4149,0,TU
-3670.5,4150.5,0,TU
-3715.5,4151,0,TU
-4582,4151.5,0,TU
-3754.5,4152.5,0,TU
-4743.5,4153.5,0,TU
-4685.5,4156,0,TU
-4892.5,4158.5,0,TU
-4331.5,4158.5,0,TU
-4875,4160.5,0,TU
-4700.5,4161,0,TU
-3588.5,4161.5,0,TU
-4566.5,4162,0,TU
-3840.5,4163,0,TU
-4803,4163,0,TU
-4231,4164.5,0,TU
-4078,4165,0,TU
-4916,4165.5,0,TU
-4050,4167,0,TU
-4862.5,4168.5,0,TU
-4819.5,4168.5,0,TU
-4669,4170,0,TU
-4609.5,4170.5,0,TU
-4258.5,4170.5,0,TU
-4689.5,4171,0,TU
-3774.5,4171,0,TU
-4409.5,4171.5,0,TU
-4347.5,4172,0,TU
-4147.5,4172.5,0,TU
-4551.5,4173,0,TU
-4200.5,4173.5,0,TU
-4754.5,4174.5,0,TU
-4717.5,4177,0,TU
-3873,4177,0,TU
-4637.5,4180,0,TU
-4594,4181,0,TU
-3762.5,4181.5,0,TU
-3743.5,4182.5,0,TU
-4045.5,4183.5,0,TU
-4876,4184.5,0,TU
-4903,4184.5,0,TU
-4320,4185,0,TU
-4427,4185.5,0,TU
-4783.5,4187.5,0,TU
-4812.5,4188,0,TU
-3717,4189,0,TU
-4083.5,4190,0,TU
-4356.5,4190.5,0,TU
-3671,4190.5,0,TU
-4122,4192,0,TU
-4186,4192,0,TU
-4768,4192,0,TU
-4258.5,4194,0,TU
-4934,4195.5,0,TU
-4301,4196.5,0,TU
-4501,4197,0,TU
-4774,4204,0,TU
-3689.5,4204,0,TU
-4428.5,4204.5,0,TU
-5040,4206,0,TU
-4811.5,4209,0,TU
-4908.5,4209,0,TU
-4380.5,4211.5,0,TU
-4057.5,4212.5,0,TU
-4026,4214.5,0,TU
-4218,4215,0,TU
-4150.5,4217,0,TU
-4480,4220.5,0,TU
-5056,4221,0,TU
-4923,4224,0,TU
-4810,4225,0,TU
-4256.5,4228.5,0,TU
-3734,4229,0,TU
-5025,4230,0,TU
-4711,4230.5,0,TU
-4205.5,4233,0,TU
-4266,4234,0,TU
-4044.5,4235,0,TU
-4622,4235,0,TU
-4150.5,4237.5,0,TU
-4826,4238.5,0,TU
-3704.5,4238.5,0,TU
-4702,4239,0,TU
-5009,4240.5,0,TU
-4928,4241.5,0,TU
-4540,4242,0,TU
-4019.5,4242,0,TU
-4606,4245.5,0,TU
-4950,4246,0,TU
-5051.5,4246,0,TU
-4729.5,4246.5,0,TU
-4408,4247,0,TU
-4222.5,4247.5,0,TU
-4760,4248,0,TU
-4199,4249.5,0,TU
-4142.5,4250.5,0,TU
-3675,4253,0,TU
-4176,4254,0,TU
-4894,4254,0,TU
-4714.5,4254.5,0,TU
-4653,4255.5,0,TU
-3844,4258,0,TU
-4549.5,4259,0,TU
-4836,4259,0,TU
-4268.5,4261,0,TU
-3702,4261.5,0,TU
-4019.5,4264,0,TU
-4696,4264.5,0,TU
-3615,4265,0,TU
-4211.5,4265.5,0,TU
-4398,4265.5,0,TU
-4043,4268.5,0,TU
-4807.5,4269.5,0,TU
-4975,4269.5,0,TU
-5047,4269.5,0,TU
-4932,4270.5,0,TU
-4321.5,4271.5,0,TU
-4068,4271.5,0,TU
-4197,4273.5,0,TU
-4839,4274.5,0,TU
-4222,4276,0,TU
-3768.5,4276.5,0,TU
-4177.5,4278.5,0,TU
-4947.5,4281.5,0,TU
-4023.5,4282,0,TU
-4909.5,4282,0,TU
-4368.5,4282.5,0,TU
-4302,4283,0,TU
-4240,4286.5,0,TU
-3563.5,4289,0,TU
-3989,4289,0,TU
-3848.5,4290,0,TU
-4856.5,4292.5,0,TU
-4397,4293.5,0,TU
-4209,4294.5,0,TU
-4041.5,4296,0,TU
-4186,4297.5,0,TU
-4830.5,4298.5,0,TU
-3635.5,4298.5,0,TU
-3693,4300,0,TU
-4742,4301,0,TU
-4153,4301.5,0,TU
-5028.5,4302,0,TU
-3811,4302,0,TU
-3751.5,4302,0,TU
-5058,4303,0,TU
-4178,4303,0,TU
-4021,4304,0,TU
-4870,4304,0,TU
-4754.5,4304,0,TU
-4639.5,4305,0,TU
-4456,4307.5,0,TU
-4201.5,4307.5,0,TU
-4316.5,4309.5,0,TU
-4382.5,4310,0,TU
-4049.5,4310.5,0,TU
-4008,4312,0,TU
-4691,4312.5,0,TU
-4794,4313.5,0,TU
-4241.5,4314,0,TU
-4771,4316,0,TU
-3975.5,4316,0,TU
-4217.5,4316.5,0,TU
-3549,4316.5,0,TU
-4996,4320.5,0,TU
-3678.5,4321.5,0,TU
-4026,4322.5,0,TU
-5068,4323.5,0,TU
-3575,4325.5,0,TU
-3759.5,4325.5,0,TU
-4201.5,4326.5,0,TU
-5028,4327,0,TU
-3997.5,4327.5,0,TU
-3639,4328,0,TU
-4175,4329,0,TU
-4456,4329.5,0,TU
-4238.5,4330,0,TU
-4011.5,4330.5,0,TU
-4053.5,4332,0,TU
-4123.5,4332,0,TU
-3543,4332.5,0,TU
-3606.5,4333,0,TU
-4705.5,4333,0,TU
-4467,4333.5,0,TU
-4207,4333.5,0,TU
-4387,4335,0,TU
-4251,4336.5,0,TU
-3692,4337.5,0,TU
-5054,4337.5,0,TU
-4748.5,4338,0,TU
-3655,4339.5,0,TU
-4273.5,4340,0,TU
-4094.5,4341,0,TU
-4780.5,4341.5,0,TU
-4291.5,4342,0,TU
-4026.5,4342,0,TU
-4075,4342.5,0,TU
-4221,4343,0,TU
-3560,4344.5,0,TU
-4405,4345,0,TU
-4600,4345,0,TU
-4050,4347.5,0,TU
-4787.5,4349,0,TU
-3985.5,4349,0,TU
-4681.5,4349,0,TU
-4459.5,4349.5,0,TU
-4200.5,4350,0,TU
-4443,4350,0,TU
-4297.5,4351,0,TU
-4010,4351.5,0,TU
-4958.5,4353,0,TU
-4068,4353.5,0,TU
-4164.5,4354,0,TU
-4493.5,4356,0,TU
-4106.5,4357,0,TU
-5057,4357.5,0,TU
-4473.5,4358,0,TU
-4346.5,4359.5,0,TU
-4984,4362,0,TU
-4510.5,4362,0,TU
-4207.5,4363,0,TU
-4675.5,4363,0,TU
-5014,4364,0,TU
-4660,4365.5,0,TU
-3633.5,4365.5,0,TU
-4914.5,4366,0,TU
-5038,4367,0,TU
-4434.5,4368,0,TU
-4880.5,4369,0,TU
-4055,4369,0,TU
-4321,4370.5,0,TU
-4632.5,4371.5,0,TU
-4270.5,4372,0,TU
-3903.5,4372.5,0,TU
-4016.5,4373.5,0,TU
-4452,4374,0,TU
-4996,4374,0,TU
-3566,4374.5,0,TU
-4070.5,4374.5,0,TU
-3939,4374.5,0,TU
-3699.5,4375.5,0,TU
-3959,4375.5,0,TU
-4126,4375.5,0,TU
-3620,4376.5,0,TU
-4191,4377,0,TU
-5060.5,4377.5,0,TU
-4516,4377.5,0,TU
-4590,4378,0,TU
-4960.5,4379,0,TU
-4565.5,4379,0,TU
-4370,4379,0,TU
-4904,4379.5,0,TU
-4091.5,4380,0,TU
-3982,4382.5,0,TU
-4771.5,4383,0,TU
-4348,4384,0,TU
-4987.5,4384,0,TU
-3825.5,4385,0,TU
-4006,4385.5,0,TU
-4746.5,4387,0,TU
-4430.5,4387,0,TU
-4668.5,4388,0,TU
-4409.5,4389,0,TU
-4043.5,4392,0,TU
-4475,4392,0,TU
-5017,4392.5,0,TU
-4790,4393.5,0,TU
-4950.5,4393.5,0,TU
-5042.5,4396,0,TU
-4338,4397.5,0,TU
-4321,4398,0,TU
-4804.5,4400,0,TU
-4547,4401.5,0,TU
-4099.5,4402,0,TU
-5069,4403,0,TU
-4184.5,4403.5,0,TU
-4737.5,4406,0,TU
-3833.5,4406.5,0,TU
-4905,4407,0,TU
-4302.5,4409.5,0,TU
-4403.5,4410.5,0,TU
-4148.5,4412.5,0,TU
-4265,4412.5,0,TU
-4372,4412.5,0,TU
-4558,4412.5,0,TU
-4115.5,4413.5,0,TU
-4699.5,4414,0,TU
-4481.5,4414,0,TU
-3945.5,4416.5,0,TU
-4174,4416.5,0,TU
-4464.5,4416.5,0,TU
-5046.5,4417.5,0,TU
-4625,4417.5,0,TU
-4445,4420.5,0,TU
-3895.5,4421,0,TU
-4083,4422,0,TU
-4727.5,4422.5,0,TU
-4811.5,4423,0,TU
-3696,4424.5,0,TU
-4992.5,4426.5,0,TU
-5018.5,4428,0,TU
-3864.5,4429.5,0,TU
-4136,4432,0,TU
-4572.5,4434,0,TU
-4803,4434.5,0,TU
-4395.5,4434.5,0,TU
-4939.5,4437.5,0,TU
-4662.5,4438.5,0,TU
-5005.5,4438.5,0,TU
-4621.5,4438.5,0,TU
-4097,4439.5,0,TU
-3909,4440,0,TU
-3674.5,4440.5,0,TU
-4482,4442,0,TU
-4708.5,4442.5,0,TU
-4828.5,4443,0,TU
-4040,4443.5,0,TU
-4498,4444,0,TU
-4978,4445.5,0,TU
-4820,4447,0,TU
-4512.5,4447.5,0,TU
-3694,4451,0,TU
-4450,4451.5,0,TU
-4629.5,4451.5,0,TU
-5017,4452,0,TU
-4761,4452.5,0,TU
-4077,4452.5,0,TU
-4352,4454,0,TU
-4781.5,4454,0,TU
-4273,4454.5,0,TU
-4801.5,4455,0,TU
-4538,4457.5,0,TU
-4684.5,4458,0,TU
-4365.5,4459,0,TU
-4938.5,4460,0,TU
-4995.5,4460.5,0,TU
-3843,4460.5,0,TU
-4516.5,4461,0,TU
-4568.5,4461.5,0,TU
-4617.5,4462,0,TU
-4318,4463,0,TU
-4239.5,4464,0,TU
-3759,4464.5,0,TU
-5067.5,4464.5,0,TU
-3693,4465,0,TU
-4663,4467,0,TU
-4387.5,4467,0,TU
-5018.5,4467.5,0,TU
-3651,4470.5,0,TU
-5048,4471,0,TU
-3740.5,4471.5,0,TU
-3775,4472,0,TU
-4895,4472.5,0,TU
-4939.5,4472.5,0,TU
-4786.5,4473,0,TU
-4129.5,4473,0,TU
-3664.5,4473.5,0,TU
-4077.5,4473.5,0,TU
-3891,4474,0,TU
-4972,4474,0,TU
-4369.5,4475.5,0,TU
-4730,4475.5,0,TU
-4531.5,4476,0,TU
-4632,4476.5,0,TU
-3715.5,4477,0,TU
-4858,4479,0,TU
-4401,4481,0,TU
-4914,4481.5,0,TU
-4872,4481.5,0,TU
-4679.5,4482,0,TU
-4346.5,4484,0,TU
-4594.5,4484.5,0,TU
-4499.5,4485,0,TU
-4809.5,4486.5,0,TU
-4136.5,4488.5,0,TU
-4974.5,4488.5,0,TU
-4943.5,4488.5,0,TU
-4046.5,4488.5,0,TU
-4833,4488.5,0,TU
-4677,4489,0,TU
-4782,4489.5,0,TU
-4956,4489.5,0,TU
-5044,4494.5,0,TU
-5018,4495.5,0,TU
-4015,4495.5,0,TU
-3809,4497,0,TU
-4087,4497.5,0,TU
-4897.5,4498,0,TU
-3975.5,4498.5,0,TU
-4753.5,4499,0,TU
-4544,4499.5,0,TU
-4932.5,4500,0,TU
-4822,4501,0,TU
-3653,4501.5,0,TU
-4792.5,4503,0,TU
-4109,4503,0,TU
-3864.5,4503.5,0,TU
-3759,4505.5,0,TU
-4159.5,4505.5,0,TU
-4307,4506,0,TU
-4854,4507,0,TU
-4419.5,4509,0,TU
-4337,4509,0,TU
-4501.5,4509.5,0,TU
-4197.5,4511,0,TU
-3675.5,4511,0,TU
-4362,4512,0,TU
-4994.5,4512,0,TU
-4736,4512.5,0,TU
-4773,4512.5,0,TU
-4441.5,4514,0,TU
-4518.5,4514.5,0,TU
-4049.5,4514.5,0,TU
-4812,4514.5,0,TU
-4548.5,4516.5,0,TU
-4863,4517,0,TU
-4880,4517,0,TU
-4826.5,4517.5,0,TU
-4138.5,4518,0,TU
-3588,4519,0,TU
-4976,4520.5,0,TU
-5042.5,4523,0,TU
-4162.5,4523,0,TU
-3784,4524.5,0,TU
-3742.5,4524.5,0,TU
-4767,4525,0,TU
-4713,4525,0,TU
-3652.5,4526.5,0,TU
-4911.5,4527,0,TU
-4014,4527.5,0,TU
-5012.5,4529.5,0,TU
-4245,4531,0,TU
-4476,4531.5,0,TU
-4146.5,4532,0,TU
-4545,4533,0,TU
-4042,4533,0,TU
-4654,4534.5,0,TU
-3823.5,4535,0,TU
-4694.5,4535.5,0,TU
-4891,4536,0,TU
-3866,4536,0,TU
-3682.5,4537.5,0,TU
-4864,4537.5,0,TU
-4113.5,4539,0,TU
-4563,4541,0,TU
-4767.5,4541.5,0,TU
-4748,4542,0,TU
-4087,4542,0,TU
-4730,4543.5,0,TU
-3711,4543.5,0,TU
-4511.5,4543.5,0,TU
-4134,4544.5,0,TU
-3798,4544.5,0,TU
-3658,4548,0,TU
-5040,4548,0,TU
-3835,4548,0,TU
-4485,4548.5,0,TU
-4450,4551.5,0,TU
-5054,4553,0,TU
-4582.5,4553.5,0,TU
-3640,4554.5,0,TU
-4776,4555.5,0,TU
-3782.5,4555.5,0,TU
-4470.5,4556,0,TU
-3579,4556.5,0,TU
-4541.5,4557,0,TU
-5019.5,4558,0,TU
-3559,4558.5,0,TU
-4721.5,4558.5,0,TU
-3749,4559,0,TU
-4962.5,4559,0,TU
-4234,4559.5,0,TU
-4652,4561,0,TU
-3882.5,4561.5,0,TU
-4041,4563,0,TU
-4071.5,4564.5,0,TU
-3975,4564.5,0,TU
-3849,4565,0,TU
-4843.5,4566,0,TU
-4426.5,4567.5,0,TU
-4098.5,4567.5,0,TU
-4761.5,4568,0,TU
-4137.5,4569.5,0,TU
-3664,4569.5,0,TU
-4688,4569.5,0,TU
-4808,4569.5,0,TU
-3538,4570.5,0,TU
-3511.5,4573,0,TU
-4557.5,4573.5,0,TU
-4504.5,4575.5,0,TU
-4667.5,4579,0,TU
-3790.5,4580,0,TU
-4447,4580.5,0,TU
-3752,4581,0,TU
-4128.5,4582.5,0,TU
-4583.5,4582.5,0,TU
-4352,4582.5,0,TU
-3575.5,4584.5,0,TU
-4223,4584.5,0,TU
-4244.5,4586,0,TU
-4704,4588.5,0,TU
-4719.5,4589,0,TU
-4270,4590.5,0,TU
-3558,4595,0,TU
-3797,4598,0,TU
-4731,4598,0,TU
-4689,4598.5,0,TU
-3506,4599,0,TU
-4593.5,4600,0,TU
-3529,4600,0,TU
-4430,4601.5,0,TU
-4510,4602,0,TU
-4174.5,4603,0,TU
-4140.5,4603.5,0,TU
-4407.5,4604,0,TU
-3850.5,4604,0,TU
-4116,4605,0,TU
-4445,4608.5,0,TU
-4749.5,4609.5,0,TU
-4357.5,4612,0,TU
-4467.5,4613.5,0,TU
-4313.5,4614.5,0,TU
-4708,4615.5,0,TU
-4585,4616,0,TU
-4634.5,4617.5,0,TU
-4390,4621.5,0,TU
-4026,4623,0,TU
-4734.5,4624,0,TU
-3700,4627,0,TU
-4328.5,4632,0,TU
-4359,4633.5,0,TU
-3965.5,4633.5,0,TU
-3855,4634,0,TU
-4129,4634.5,0,TU
-3739,4636.5,0,TU
-4637,4636.5,0,TU
-4038.5,4637,0,TU
-4205,4637,0,TU
-4607.5,4637.5,0,TU
-4673.5,4637.5,0,TU
-4461,4639.5,0,TU
-4416.5,4640.5,0,TU
-3654.5,4641.5,0,TU
-3690,4642.5,0,TU
-4012.5,4643.5,0,TU
-4183.5,4643.5,0,TU
-4659.5,4643.5,0,TU
-4582,4644.5,0,TU
-4397.5,4646,0,TU
-4342,4647.5,0,TU
-4147,4649,0,TU
-4163,4649.5,0,TU
-4370.5,4650.5,0,TU
-4256.5,4651,0,TU
-4745.5,4652.5,0,TU
-4451,4652.5,0,TU
-3839.5,4653,0,TU
-3818.5,4653,0,TU
-4425.5,4654.5,0,TU
-4645,4655.5,0,TU
-3862,4657,0,TU
-4043.5,4657.5,0,TU
-4626.5,4658,0,TU
-4437.5,4658.5,0,TU
-4725,4661,0,TU
-4073.5,4662,0,TU
-4052,4663.5,0,TU
-4170,4663.5,0,TU
-3649,4665.5,0,TU
-4381.5,4666.5,0,TU
-4405.5,4666.5,0,TU
-4088.5,4666.5,0,TU
-4360,4666.5,0,TU
-4148.5,4668.5,0,TU
-4009,4669,0,TU
-3828.5,4669,0,TU
-4109.5,4669.5,0,TU
-3844,4670.5,0,TU
-4181,4670.5,0,TU
-4464.5,4671.5,0,TU
-4599.5,4672,0,TU
-4339.5,4673.5,0,TU
-3755,4674.5,0,TU
-3863.5,4674.5,0,TU
-4425,4676.5,0,TU
-4028.5,4677,0,TU
-4315.5,4677,0,TU
-4755,4678,0,TU
-4693.5,4678.5,0,TU
-4724.5,4679,0,TU
-4247.5,4679.5,0,TU
-3811,4680.5,0,TU
-3903,4681,0,TU
-4474.5,4682,0,TU
-4057.5,4682,0,TU
-4779.5,4684.5,0,TU
-4672,4685.5,0,TU
-4162,4686.5,0,TU
-4134.5,4686.5,0,TU
-4198,4688.5,0,TU
-3828,4689.5,0,TU
-4415.5,4690,0,TU
-4386,4691,0,TU
-4178,4691,0,TU
-4238,4692,0,TU
-4085,4692.5,0,TU
-4716.5,4694.5,0,TU
-4221,4695.5,0,TU
-3887,4696.5,0,TU
-3950,4698,0,TU
-4748.5,4699,0,TU
-4017,4699,0,TU
-4063.5,4701,0,TU
-3984,4702,0,TU
-4147.5,4703,0,TU
-4304,4703,0,TU
-4038.5,4703,0,TU
-3845.5,4703.5,0,TU
-4170,4703.5,0,TU
-3820.5,4704,0,TU
-3653,4705.5,0,TU
-4443,4706,0,TU
-3959,4707,0,TU
-3908,4708,0,TU
-4388.5,4709.5,0,TU
-4784,4709.5,0,TU
-3925.5,4710,0,TU
-4183,4711,0,TU
-4649.5,4711,0,TU
-4910.5,4712,0,TU
-4164,4712,0,TU
-4763.5,4712,0,TU
-4591.5,4713,0,TU
-4126,4713.5,0,TU
-4736.5,4714.5,0,TU
-4205.5,4715,0,TU
-4567.5,4716,0,TU
-4696.5,4720.5,0,TU
-4791.5,4723,0,TU
-3668.5,4723.5,0,TU
-4802,4726.5,0,TU
-4241,4727.5,0,TU
-3964.5,4727.5,0,TU
-3877.5,4727.5,0,TU
-4140.5,4730.5,0,TU
-4392,4730.5,0,TU
-3901.5,4732,0,TU
-4206,4732.5,0,TU
-4108.5,4733.5,0,TU
-4864,4733.5,0,TU
-4183,4734.5,0,TU
-3924.5,4735.5,0,TU
-3863.5,4736,0,TU
-3624.5,4736.5,0,TU
-4162.5,4738,0,TU
-3648.5,4739,0,TU
-4691,4740,0,TU
-4231,4741.5,0,TU
-3847,4742,0,TU
-3949.5,4742,0,TU
-4758,4745,0,TU
-4538.5,4746,0,TU
-4059.5,4747.5,0,TU
-3966,4748,0,TU
-4114,4748,0,TU
-4705,4750,0,TU
-4974.5,4752,0,TU
-4852,4753,0,TU
-4228,4753,0,TU
-4728,4753.5,0,TU
-4091.5,4755.5,0,TU
-4204,4757,0,TU
-4180.5,4759.5,0,TU
-4692,4760.5,0,TU
-4120.5,4762.5,0,TU
-4147.5,4763.5,0,TU
-4167,4769.5,0,TU
-3844.5,4771,0,TU
-4218,4772,0,TU
-3964,4772,0,TU
-4627,4772.5,0,TU
-3907.5,4773,0,TU
-3761.5,4773,0,TU
-4724,4773.5,0,TU
-4135,4774,0,TU
-4055.5,4774.5,0,TU
-4495,4775,0,TU
-4242.5,4775,0,TU
-4193,4775.5,0,TU
-3707,4776.5,0,TU
-4336.5,4781.5,0,TU
-3888.5,4781.5,0,TU
-4741,4781.5,0,TU
-4097.5,4782,0,TU
-4084.5,4782.5,0,TU
-4697.5,4783.5,0,TU
-4800.5,4784,0,TU
-4066,4784,0,TU
-4741,4785,0,TU
-4153,4786,0,TU
-4533,4787,0,TU
-4383.5,4787,0,TU
-3735.5,4788,0,TU
-4206.5,4788.5,0,TU
-4002.5,4789,0,TU
-4113.5,4789,0,TU
-3760,4789.5,0,TU
-4759.5,4790,0,TU
-4189,4790.5,0,TU
-4516,4792,0,TU
-4226.5,4792.5,0,TU
-4048,4794,0,TU
-3787.5,4795.5,0,TU
-4123.5,4796.5,0,TU
-4168.5,4799,0,TU
-3863,4799.5,0,TU
-4491,4800,0,TU
-4077,4802.5,0,TU
-4148.5,4804,0,TU
-4318,4804,0,TU
-4338.5,4804,0,TU
-4557,4804.5,0,TU
-3738,4805,0,TU
-3708,4805,0,TU
-4351,4805.5,0,TU
-4845.5,4806,0,TU
-4874,4807,0,TU
-3724.5,4807.5,0,TU
-4181,4809,0,TU
-4400,4810.5,0,TU
-4093,4811.5,0,TU
-3664,4811.5,0,TU
-4215,4812,0,TU
-4758,4812.5,0,TU
-4786,4812.5,0,TU
-4902,4813.5,0,TU
-3761.5,4814,0,TU
-4121,4814.5,0,TU
-4569,4814.5,0,TU
-4426.5,4816,0,TU
-4828,4817,0,TU
-3897,4817.5,0,TU
-4771.5,4818.5,0,TU
-3939.5,4819,0,TU
-3868.5,4819.5,0,TU
-4408,4820,0,TU
-4732.5,4820,0,TU
-4229,4821.5,0,TU
-4059.5,4822.5,0,TU
-3692.5,4824,0,TU
-4469.5,4826.5,0,TU
-4859.5,4827,0,TU
-4539,4827.5,0,TU
-4122,4828.5,0,TU
-4384.5,4829,0,TU
-4146,4829.5,0,TU
-4324,4829.5,0,TU
-3638.5,4830,0,TU
-3674.5,4830,0,TU
-4105,4830.5,0,TU
-4762.5,4832,0,TU
-4947.5,4832.5,0,TU
-4969,4833,0,TU
-4345.5,4833,0,TU
-3746.5,4834,0,TU
-4040.5,4834,0,TU
-4303.5,4834,0,TU
-3810.5,4834.5,0,TU
-4090,4834.5,0,TU
-4923,4835,0,TU
-3726,4837,0,TU
-3659.5,4838,0,TU
-4587,4838.5,0,TU
-4076,4838.5,0,TU
-3711,4839,0,TU
-4055,4840,0,TU
-4218.5,4840.5,0,TU
-4936.5,4840.5,0,TU
-4788,4841,0,TU
-4901.5,4841,0,TU
-4851,4842.5,0,TU
-4807.5,4844.5,0,TU
-4192,4845.5,0,TU
-3844,4847,0,TU
-4876,4849,0,TU
-4397,4849.5,0,TU
-4479.5,4850.5,0,TU
-3733.5,4850.5,0,TU
-4171.5,4851,0,TU
-3694.5,4851.5,0,TU
-4440,4852,0,TU
-4528,4853.5,0,TU
-4775,4854.5,0,TU
-4333.5,4855,0,TU
-4075,4855,0,TU
-4305.5,4855.5,0,TU
-3643,4855.5,0,TU
-3747.5,4855.5,0,TU
-3718,4855.5,0,TU
-4794.5,4856,0,TU
-4721.5,4856.5,0,TU
-3681.5,4857,0,TU
-4136,4857,0,TU
-4955,4857.5,0,TU
-4752,4857.5,0,TU
-3813.5,4858,0,TU
-4283.5,4858.5,0,TU
-4248.5,4858.5,0,TU
-4938,4858.5,0,TU
-4216.5,4860,0,TU
-4844.5,4860.5,0,TU
-4922.5,4861,0,TU
-4192.5,4861,0,TU
-4824.5,4861.5,0,TU
-4579,4861.5,0,TU
-3861.5,4862,0,TU
-3891,4862,0,TU
-3613.5,4863,0,TU
-4542.5,4863.5,0,TU
-4158.5,4864,0,TU
-3704,4865,0,TU
-4118,4866,0,TU
-4089,4866.5,0,TU
-4780,4866.5,0,TU
-3939,4867.5,0,TU
-4224,4869.5,0,TU
-4054.5,4870,0,TU
-3733.5,4870.5,0,TU
-4029,4871,0,TU
-4910,4871.5,0,TU
-4822,4873,0,TU
-4313.5,4873,0,TU
-4243,4874,0,TU
-4042,4874.5,0,TU
-4181.5,4874.5,0,TU
-3989.5,4875,0,TU
-3909,4875,0,TU
-4939,4875.5,0,TU
-4113.5,4878.5,0,TU
-4206,4880.5,0,TU
-4927.5,4881,0,TU
-3635.5,4881.5,0,TU
-3692.5,4882,0,TU
-4173,4883,0,TU
-4778.5,4883,0,TU
-4525.5,4883,0,TU
-3734.5,4883.5,0,TU
-4156.5,4884,0,TU
-4803.5,4884.5,0,TU
-3830.5,4886.5,0,TU
-4230.5,4886.5,0,TU
-4187.5,4888,0,TU
-3891,4888.5,0,TU
-3749,4888.5,0,TU
-4136.5,4889.5,0,TU
-3795,4890,0,TU
-4825.5,4892.5,0,TU
-4910,4893,0,TU
-3933,4893.5,0,TU
-4474,4893.5,0,TU
-4205,4894,0,TU
-4782.5,4897,0,TU
-3884,4897.5,0,TU
-4012,4900,0,TU
-4102,4900.5,0,TU
-3860.5,4901.5,0,TU
-3915.5,4904,0,TU
-4163,4905.5,0,TU
-3840,4906,0,TU
-4432,4906.5,0,TU
-4228,4907.5,0,TU
-3694.5,4907.5,0,TU
-4550,4908,0,TU
-3753,4910,0,TU
-3813.5,4910,0,TU
-3986.5,4911.5,0,TU
-3727,4911.5,0,TU
-3881,4913.5,0,TU
-3777,4917,0,TU
-4828.5,4918,0,TU
-3617,4918,0,TU
-4777.5,4918.5,0,TU
-4196,4919.5,0,TU
-4789.5,4919.5,0,TU
-4292.5,4920.5,0,TU
-4180,4922.5,0,TU
-3888.5,4923,0,TU
-4010,4923.5,0,TU
-3599.5,4924,0,TU
-3650,4925,0,TU
-4217.5,4925,0,TU
-3703.5,4925,0,TU
-3915,4926.5,0,TU
-4028.5,4927.5,0,TU
-3759,4927.5,0,TU
-4553,4928,0,TU
-4419.5,4929,0,TU
-4483.5,4929,0,TU
-3671.5,4929.5,0,TU
-3797,4931,0,TU
-4153.5,4932.5,0,TU
-4841,4933.5,0,TU
-4768.5,4935,0,TU
-3863.5,4935.5,0,TU
-3928.5,4935.5,0,TU
-3691.5,4938.5,0,TU
-3722,4940.5,0,TU
-3768,4942,0,TU
-4453,4942,0,TU
-4787,4944,0,TU
-3897,4944,0,TU
-4539,4944,0,TU
-4757,4946,0,TU
-4797.5,4948.5,0,TU
-4504.5,4948.5,0,TU
-3841,4949,0,TU
-4832.5,4949,0,TU
-3946,4950,0,TU
-4427,4950,0,TU
-4256,4950.5,0,TU
-3781,4951,0,TU
-3753,4954.5,0,TU
-3809.5,4954.5,0,TU
-3732.5,4957,0,TU
-3764,4960,0,TU
-4011.5,4961.5,0,TU
-4179,4963.5,0,TU
-3785.5,4964.5,0,TU
-4216,4966.5,0,TU
-3855,4967.5,0,TU
-4196.5,4967.5,0,TU
-4237.5,4968,0,TU
-4477,4968.5,0,TU
-3769,4969.5,0,TU
-4154,4970,0,TU
-4514.5,4970,0,TU
-4827,4970,0,TU
-4071.5,4975,0,TU
-4126.5,4977,0,TU
-4547.5,4977,0,TU
-4504.5,4978.5,0,TU
-3903.5,4979,0,TU
-4811,4979.5,0,TU
-3800,4981,0,TU
-4842,4983,0,TU
-4165.5,4984,0,TU
-3764,4985,0,TU
-4196.5,4985,0,TU
-3786,4985.5,0,TU
-4548.5,4987,0,TU
-3730,4990.5,0,TU
-3714,4992,0,TU
-4439.5,4992.5,0,TU
-3809.5,4993.5,0,TU
-4526,4994,0,TU
-3695,4994,0,TU
-4506.5,4994.5,0,TU
-4779.5,4995,0,TU
-4293,4997,0,TU
-4455.5,4998,0,TU
-3850,4998.5,0,TU
-4494,5000,0,TU
-3983,5000,0,TU
-4470,5000.5,0,TU
-4813.5,5001,0,TU
-4755.5,5001,0,TU
-3891,5003,0,TU
-4184.5,5003.5,0,TU
-4265.5,5003.5,0,TU
-3755.5,5004.5,0,TU
-4231,5005.5,0,TU
-4447,5008.5,0,TU
-3823.5,5009.5,0,TU
-4429,5009.5,0,TU
-4319,5010,0,TU
-4069,5010,0,TU
-4129.5,5010.5,0,TU
-4248.5,5013,0,TU
-4177,5015.5,0,TU
-4511,5017.5,0,TU
-3717.5,5018.5,0,TU
-4553.5,5019.5,0,TU
-4458.5,5020,0,TU
-3777,5021,0,TU
-3800.5,5021.5,0,TU
-4758.5,5023,0,TU
-4733,5023,0,TU
-4478,5027,0,TU
-4166.5,5028,0,TU
-3746,5028.5,0,TU
-4149,5031,0,TU
-4085,5033,0,TU
-4776.5,5035.5,0,TU
-3818,5035.5,0,TU
-4809,5036,0,TU
-4743.5,5037,0,TU
-4496.5,5037,0,TU
-4099.5,5038,0,TU
-4460.5,5040,0,TU
-4199.5,5040,0,TU
-4248,5040.5,0,TU
-4004,5042,0,TU
-3860.5,5043,0,TU
-4139,5048,0,TU
-3944,5048.5,0,TU
-4797.5,5051,0,TU
-3769,5052,0,TU
-4506.5,5053,0,TU
-4269.5,5053,0,TU
-4562.5,5053.5,0,TU
-4126.5,5056.5,0,TU
-4243.5,5059,0,TU
-3757,5059.5,0,TU
-4087.5,5062,0,TU
-4112.5,5062,0,TU
-4046.5,5062.5,0,TU
-3957.5,5065.5,0,TU
-4461,5066,0,TU
-3808,5066.5,0,TU
-3884.5,5068.5,0,TU
-4104,5073,0,TU
-4524,5073,0,TU
-4467,5073.5,0,TU
-4130,5074,0,TU
-4072.5,5074,0,TU
-4496.5,5075.5,0,TU
-4302,5077.5,0,TU
-4545.5,5077.5,0,TU
-3846,5078,0,TU
-4267.5,5078,0,TU
-4093.5,5080,0,TU
-4244,5080.5,0,TU
-4601.5,5081.5,0,TU
-4569.5,5082.5,0,TU
-4488,5085,0,TU
-4433,5085.5,0,TU
-4002,5088,0,TU
-4041,5090,0,TU
-4177.5,5093,0,TU
-4151,5094.5,0,TU
-4102.5,5097.5,0,TU
-4470.5,5100,0,TU
-4275.5,5104.5,0,TU
-4255,5105,0,TU
-4530.5,5107,0,TU
-4373.5,5107,0,TU
-4305,5108.5,0,TU
-4564,5109.5,0,TU
-4053,5109.5,0,TU
-3941,5112,0,TU
-4429,5112.5,0,TU
-4460.5,5113,0,TU
-4107,5116.5,0,TU
-4021.5,5117.5,0,TU
-3916.5,5118.5,0,TU
-4286,5119.5,0,TU
-4319.5,5121.5,0,TU
-4153,5122,0,TU
-3830,5130,0,TU
-4134,5130,0,TU
-4269.5,5133,0,TU
-4242.5,5133,0,TU
-4110,5136.5,0,TU
-4550.5,5137,0,TU
-3912,5140,0,TU
-3937.5,5140,0,TU
-4084.5,5140.5,0,TU
-4294,5141,0,TU
-4508.5,5142.5,0,TU
-4120,5145,0,TU
-4159.5,5145,0,TU
-4483.5,5147.5,0,TU
-4434,5149.5,0,TU
-4096,5152.5,0,TU
-3884,5156,0,TU
-4140,5157,0,TU
-4123.5,5160.5,0,TU
-4547.5,5162,0,TU
-3914,5163,0,TU
-3976,5171.5,0,TU
-3872,5174.5,0,TU
-4143,5175,0,TU
-4049,5177.5,0,TU
-4009.5,5179.5,0,TU
-4508,5180.5,0,TU
-4244.5,5181.5,0,TU
-4432,5182.5,0,TU
-4536.5,5183.5,0,TU
-4096.5,5190.5,0,TU
-4140.5,5191,0,TU
-3988,5191,0,TU
-4563,5191,0,TU
-3898.5,5193,0,TU
-3952.5,5193,0,TU
-4190,5199.5,0,TU
-4477.5,5201.5,0,TU
-4446.5,5203.5,0,TU
-3966.5,5206.5,0,TU
-4155,5210.5,0,TU
-3901.5,5211,0,TU
-4237,5211.5,0,TU
-4260,5214.5,0,TU
-4509.5,5215,0,TU
-3949.5,5216,0,TU
-3928.5,5217,0,TU
-4727,5218.5,0,TU
-4000.5,5220,0,TU
-4051.5,5223.5,0,TU
-4486,5225.5,0,TU
-3978,5226,0,TU
-4519.5,5228.5,0,TU
-4186.5,5229,0,TU
-4555,5233,0,TU
-4152,5236,0,TU
-4718.5,5237,0,TU
-3946.5,5239,0,TU
-3988.5,5241.5,0,TU
-3912.5,5244.5,0,TU
-4250,5247,0,TU
-4184.5,5249,0,TU
-4739.5,5249.5,0,TU
-4030.5,5249.5,0,TU
-4521.5,5250,0,TU
-4044.5,5250,0,TU
-3926.5,5250.5,0,TU
-4006.5,5251.5,0,TU
-4541.5,5252,0,TU
-3963.5,5254,0,TU
-4155,5254,0,TU
-4078.5,5254.5,0,TU
-4506.5,5256.5,0,TU
-4481.5,5257.5,0,TU
-4018,5265.5,0,TU
-3992,5267,0,TU
-4524,5274,0,TU
-4036.5,5274.5,0,TU
-4464.5,5275,0,TU
-4247.5,5279.5,0,TU
-4498,5283.5,0,TU
-3962,5285.5,0,TU
-4066,5292.5,0,TU
-4224.5,5292.5,0,TU
-4022.5,5293,0,TU
-4016,5302,0,TU
-3992,5305,0,TU
-4729,5307,0,TU
-4060.5,5310,0,TU
-4039,5314,0,TU
-3976.5,5314.5,0,TU
-3995.5,5316.5,0,TU
-4230,5317,0,TU
-4299,5317,0,TU
-4214,5319,0,TU
-4271.5,5329.5,0,TU
-4098,5332,0,TU
-4238,5334.5,0,TU
-4058,5335,0,TU
-4012.5,5337.5,0,TU
-4032.5,5339.5,0,TU
-4072.5,5343,0,TU
-4289,5346,0,TU
-4156.5,5348.5,0,TU
-4125.5,5354.5,0,TU
-4305.5,5359.5,0,TU
-4179,5367,0,TU
-4007,5373,0,TU
-4213,5373.5,0,TU
-4133.5,5384.5,0,TU
-4260.5,5385.5,0,TU
-4222.5,5388.5,0,TU
-4094,5389,0,TU
-4286,5396,0,TU
-4111,5397.5,0,TU
-4140,5407,0,TU
-4126,5410.5,0,TU
-4154,5414,0,TU
-4094.5,5418,0,TU
-4270,5421,0,TU
-4126.5,5429,0,TU
-4109.5,5438,0,TU
-4103.5,5448,0,TU
-4126.5,5452.5,0,TU
-4227.5,5468.5,0,TU
-4254.5,5481.5,0,TU
-4131.5,5485.5,0,TU
-4214.5,5502.5,0,TU
-4152.5,5506.5,0,TU
-4192,5540.5,0,TU
-4225.5,5565.5,0,TU
5168.5,-5410,0,Mph_TU
5178,-5380.5,0,Mph_TU
5173.5,-5342.5,0,Mph_TU
5167.5,-5321.5,0,Mph_TU
5164.5,-5303,0,Mph_TU
5185.5,-5294.5,0,Mph_TU
5246,-5193.5,0,Mph_TU
5205,-5194.5,0,Mph_TU
5281,-5188.5,0,Mph_TU
5167.5,-5184.5,0,Mph_TU
5286.5,-5173.5,0,Mph_TU
5263.5,-5154.5,0,Mph_TU
5271.5,-5124,0,Mph_TU
5163.5,-5128.5,0,Mph_TU
5296,-5114,0,Mph_TU
5187.5,-5097,0,Mph_TU
5253.5,-5047.5,0,Mph_TU
5259,-5023.5,0,Mph_TU
5255.5,-5001,0,Mph_TU
5216.5,-4997,0,Mph_TU
5198.5,-4977,0,Mph_TU
5238,-4983,0,Mph_TU
5235.5,-4960,0,Mph_TU
5256,-4957.5,0,Mph_TU
5203,-4944,0,Mph_TU
5238.5,-4935,0,Mph_TU
5210,-4917.5,0,Mph_TU
5183.5,-4881.5,0,Mph_TU
4533.5,-4008,0,Mph_TU
4565,-4012.5,0,Mph_TU
4470.5,-4002,0,Mph_TU
4417,-4000.5,0,Mph_TU
4387.5,-4001,0,Mph_TU
4479,-3986,0,Mph_TU
4523.5,-3985,0,Mph_TU
4361,-3985,0,Mph_TU
4491.5,-3966.5,0,Mph_TU
4430,-3946,0,Mph_TU
4390,-3923.5,0,Mph_TU
4373,-3923,0,Mph_TU
4483.5,-3918.5,0,Mph_TU
4461,-3919.5,0,Mph_TU
4364.5,-3898.5,0,Mph_TU
4446.5,-3898.5,0,Mph_TU
4401.5,-3892,0,Mph_TU
4394.5,-3876.5,0,Mph_TU
4453,-3878,0,Mph_TU
4394.5,-3846,0,Mph_TU
4381.5,-3829.5,0,Mph_TU
4363,-3817,0,Mph_TU
4388,-3806.5,0,Mph_TU
4844,-5569.5,0,Mph_TU
4842,-5554.5,0,Mph_TU
5068.5,-5551,0,Mph_TU
4851.5,-5529.5,0,Mph_TU
5030.5,-5544.5,0,Mph_TU
4882,-5523.5,0,Mph_TU
4948,-5515.5,0,Mph_TU
5037.5,-5522.5,0,Mph_TU
4744.5,-5517,0,Mph_TU
4761,-5512.5,0,Mph_TU
5044.5,-5499.5,0,Mph_TU
4951.5,-5497,0,Mph_TU
4987.5,-5492,0,Mph_TU
4765.5,-5490,0,Mph_TU
5152,-5479,0,Mph_TU
4646.5,-5476,0,Mph_TU
4681,-5478.5,0,Mph_TU
5121,-5450.5,0,Mph_TU
5146.5,-5440,0,Mph_TU
5156,-5436.5,0,Mph_TU
4909,-5424.5,0,Mph_TU
4625.5,-5359,0,Mph_TU
4515,-5316.5,0,Mph_TU
4711,-5304.5,0,Mph_TU
4542,-5311,0,Mph_TU
4738,-5304.5,0,Mph_TU
4681.5,-5303,0,Mph_TU
4564,-5290,0,Mph_TU
4532,-5282,0,Mph_TU
4986.5,-5283,0,Mph_TU
5012,-5278,0,Mph_TU
5064.5,-5254,0,Mph_TU
4800,-5242.5,0,Mph_TU
4454.5,-5237,0,Mph_TU
4486.5,-5225,0,Mph_TU
4816,-5231.5,0,Mph_TU
5068.5,-5220,0,Mph_TU
4454,-5217,0,Mph_TU
5061.5,-5208.5,0,Mph_TU
4513,-5214.5,0,Mph_TU
4545.5,-5218.5,0,Mph_TU
4461,-5192.5,0,Mph_TU
4522,-5198,0,Mph_TU
4548.5,-5193.5,0,Mph_TU
5141.5,-5194,0,Mph_TU
5051,-5196.5,0,Mph_TU
5118.5,-5185,0,Mph_TU
5066,-5180,0,Mph_TU
4613.5,-5178,0,Mph_TU
4384,-5178.5,0,Mph_TU
5116.5,-5165,0,Mph_TU
5037,-5172,0,Mph_TU
4954,-5170.5,0,Mph_TU
4987,-5164,0,Mph_TU
4505.5,-5160,0,Mph_TU
5055.5,-5164.5,0,Mph_TU
4382.5,-5155.5,0,Mph_TU
5093,-5146.5,0,Mph_TU
5059.5,-5150.5,0,Mph_TU
5113,-5144.5,0,Mph_TU
4955.5,-5144,0,Mph_TU
4472,-5148.5,0,Mph_TU
5131.5,-5139,0,Mph_TU
4920.5,-5139,0,Mph_TU
5075.5,-5130.5,0,Mph_TU
5032.5,-5138,0,Mph_TU
4952,-5122,0,Mph_TU
4451.5,-5133.5,0,Mph_TU
4526.5,-5124.5,0,Mph_TU
5139,-5118.5,0,Mph_TU
4487.5,-5122.5,0,Mph_TU
5117,-5123,0,Mph_TU
4929.5,-5118.5,0,Mph_TU
4460.5,-5110,0,Mph_TU
4518,-5110.5,0,Mph_TU
4446,-5108.5,0,Mph_TU
4557.5,-5094,0,Mph_TU
4537.5,-5094,0,Mph_TU
4581,-5086.5,0,Mph_TU
4533,-5080.5,0,Mph_TU
4772,-5076.5,0,Mph_TU
5024.5,-5063.5,0,Mph_TU
4588.5,-5031.5,0,Mph_TU
4623,-5041,0,Mph_TU
5140.5,-5017,0,Mph_TU
5003.5,-5002.5,0,Mph_TU
4723.5,-5007.5,0,Mph_TU
4982,-4997,0,Mph_TU
4607,-4987,0,Mph_TU
4416.5,-4961,0,Mph_TU
4606,-4963,0,Mph_TU
4373,-4959,0,Mph_TU
4431.5,-4924,0,Mph_TU
4976.5,-4887,0,Mph_TU
4445.5,-4882.5,0,Mph_TU
5008,-4878,0,Mph_TU
4722.5,-4875.5,0,Mph_TU
4473.5,-4859.5,0,Mph_TU
4424,-4872.5,0,Mph_TU
5082.5,-4868.5,0,Mph_TU
4398,-4869,0,Mph_TU
4361.5,-4853.5,0,Mph_TU
5074.5,-4851.5,0,Mph_TU
4384,-4837,0,Mph_TU
4984,-4829.5,0,Mph_TU
4120.5,-4787.5,0,Mph_TU
4097.5,-4695.5,0,Mph_TU
4152,-4696,0,Mph_TU
4298.5,-4687,0,Mph_TU
4153.5,-4669,0,Mph_TU
4135.5,-4650.5,0,Mph_TU
4279,-4639.5,0,Mph_TU
4265.5,-4628,0,Mph_TU
4200.5,-4632.5,0,Mph_TU
4140,-4620,0,Mph_TU
4340,-4615.5,0,Mph_TU
4170.5,-4614,0,Mph_TU
4139,-4596,0,Mph_TU
3558,-4594.5,0,Mph_TU
4138,-4571.5,0,Mph_TU
4107,-4568.5,0,Mph_TU
4205,-4563.5,0,Mph_TU
4116,-4543.5,0,Mph_TU
4229.5,-4553.5,0,Mph_TU
4079,-4551.5,0,Mph_TU
4150,-4547.5,0,Mph_TU
4176,-4544.5,0,Mph_TU
4248.5,-4525.5,0,Mph_TU
4313.5,-4521.5,0,Mph_TU
4234.5,-4500.5,0,Mph_TU
4145.5,-4504.5,0,Mph_TU
4305.5,-4490,0,Mph_TU
4111.5,-4499.5,0,Mph_TU
4222.5,-4478.5,0,Mph_TU
4155.5,-4452.5,0,Mph_TU
4197,-4446.5,0,Mph_TU
4137.5,-4426.5,0,Mph_TU
3894,-4415.5,0,Mph_TU
3925.5,-4404,0,Mph_TU
3790,-4355.5,0,Mph_TU
4031.5,-4338.5,0,Mph_TU
3999,-4334,0,Mph_TU
3813,-4317.5,0,Mph_TU
3926,-4305.5,0,Mph_TU
3954,-4294,0,Mph_TU
3896.5,-4292,0,Mph_TU
3798.5,-4297,0,Mph_TU
4356,-4279,0,Mph_TU
3998,-4277,0,Mph_TU
3924.5,-4267.5,0,Mph_TU
3768.5,-4262,0,Mph_TU
3812,-4258.5,0,Mph_TU
3783.5,-4255.5,0,Mph_TU
3903.5,-4257,0,Mph_TU
3830.5,-4253.5,0,Mph_TU
3788.5,-4234.5,0,Mph_TU
3912.5,-4225,0,Mph_TU
3980,-4216,0,Mph_TU
4004,-4223,0,Mph_TU
4027.5,-4222.5,0,Mph_TU
3797,-4223.5,0,Mph_TU
4268,-4214,0,Mph_TU
3786,-4210,0,Mph_TU
3777.5,-4195.5,0,Mph_TU
3800,-4184,0,Mph_TU
3904.5,-4187.5,0,Mph_TU
4040.5,-4183,0,Mph_TU
3756,-4161,0,Mph_TU
4022,-4173,0,Mph_TU
4240,-4154.5,0,Mph_TU
4190,-4173.5,0,Mph_TU
3869.5,-4152,0,Mph_TU
3944.5,-4156.5,0,Mph_TU
4333,-4143.5,0,Mph_TU
4088.5,-4142.5,0,Mph_TU
4123,-4150,0,Mph_TU
3729.5,-4142,0,Mph_TU
3812,-4147,0,Mph_TU
3769,-4134.5,0,Mph_TU
4325.5,-4116,0,Mph_TU
3700.5,-4116.5,0,Mph_TU
4199.5,-4118,0,Mph_TU
3802,-4109.5,0,Mph_TU
3965.5,-4103,0,Mph_TU
3899,-4108,0,Mph_TU
3844,-4100,0,Mph_TU
4291,-4096.5,0,Mph_TU
4346.5,-4101.5,0,Mph_TU
3658,-4097,0,Mph_TU
3873.5,-4100.5,0,Mph_TU
4136.5,-4091,0,Mph_TU
4071.5,-4089,0,Mph_TU
3793,-4088.5,0,Mph_TU
4075,-4072.5,0,Mph_TU
3712,-4077,0,Mph_TU
3750.5,-4072.5,0,Mph_TU
3774.5,-4056,0,Mph_TU
3856,-4057,0,Mph_TU
3842.5,-4053.5,0,Mph_TU
3894,-4050,0,Mph_TU
4287.5,-4050,0,Mph_TU
4071,-4040,0,Mph_TU
3873,-4049.5,0,Mph_TU
3830,-4046,0,Mph_TU
3809.5,-4041.5,0,Mph_TU
4352.5,-4036.5,0,Mph_TU
4270,-4031,0,Mph_TU
3953.5,-4034.5,0,Mph_TU
4222,-4038,0,Mph_TU
3779.5,-4027.5,0,Mph_TU
4052,-4020.5,0,Mph_TU
3637,-4021.5,0,Mph_TU
4335,-5157,0,Mph_TU
4128,-5090,0,Mph_TU
4164,-5070,0,Mph_TU
4120,-5077,0,Mph_TU
4135.5,-5047,0,Mph_TU
4239,-5054,0,Mph_TU
4225.5,-5046.5,0,Mph_TU
4098.5,-5048,0,Mph_TU
4280.5,-5041.5,0,Mph_TU
4090,-5038,0,Mph_TU
4217.5,-5016,0,Mph_TU
4274,-4994.5,0,Mph_TU
4325,-4998,0,Mph_TU
4302.5,-4987.5,0,Mph_TU
4222.5,-4971,0,Mph_TU
4327.5,-4961,0,Mph_TU
4301.5,-4956,0,Mph_TU
4352.5,-4955,0,Mph_TU
4149,-4906.5,0,Mph_TU
4230,-4858,0,Mph_TU
4144,-4860.5,0,Mph_TU
4207,-4845,0,Mph_TU
4053,-4838,0,Mph_TU
3525.5,-4624,0,Mph_TU
3524.5,-4591,0,Mph_TU
3396,-4570.5,0,Mph_TU
3459,-4568.5,0,Mph_TU
3407,-4547.5,0,Mph_TU
3556.5,-4540.5,0,Mph_TU
3373,-4522,0,Mph_TU
3296.5,-4522,0,Mph_TU
3339,-4469,0,Mph_TU
3264,-4467,0,Mph_TU
3281.5,-4462.5,0,Mph_TU
3320,-4422.5,0,Mph_TU
3222.5,-4397,0,Mph_TU
3358,-4365,0,Mph_TU
3305,-4303.5,0,Mph_TU
3275,-4305,0,Mph_TU
3251,-4313.5,0,Mph_TU
3334.5,-4273,0,Mph_TU
3416,-4273.5,0,Mph_TU
3251,-4243,0,Mph_TU
3340.5,-4234.5,0,Mph_TU
2913,-4224,0,Mph_TU
2938,-4225.5,0,Mph_TU
3327.5,-4212,0,Mph_TU
2956.5,-4214,0,Mph_TU
3395,-4206.5,0,Mph_TU
3325.5,-4173.5,0,Mph_TU
3347,-4161.5,0,Mph_TU
2884.5,-4155.5,0,Mph_TU
2974,-4165.5,0,Mph_TU
2932,-4152.5,0,Mph_TU
2812,-4148.5,0,Mph_TU
2922,-4149.5,0,Mph_TU
2828,-4149.5,0,Mph_TU
2797.5,-4131,0,Mph_TU
3301.5,-4124,0,Mph_TU
3328,-4113,0,Mph_TU
2807.5,-4109,0,Mph_TU
2909.5,-4117.5,0,Mph_TU
2866,-4104,0,Mph_TU
3345,-4102,0,Mph_TU
2931,-4070,0,Mph_TU
2958.5,-4072.5,0,Mph_TU
2968,-4069.5,0,Mph_TU
2786,-4060,0,Mph_TU
2853,-4052,0,Mph_TU
3097,-4052.5,0,Mph_TU
2983,-4043.5,0,Mph_TU
3076,-4034,0,Mph_TU
3542,-4034,0,Mph_TU
3035.5,-4031.5,0,Mph_TU
3493,-4023,0,Mph_TU
3052.5,-4024.5,0,Mph_TU
2848,-4021,0,Mph_TU
3309,-4021.5,0,Mph_TU
2826.5,-4020,0,Mph_TU
1912,-3223,0,Mph_TU
4551,-4815,0,Mph_TU
4844,-4810,0,Mph_TU
5141,-4791,0,Mph_TU
5006,-4776.5,0,Mph_TU
5050,-4772,0,Mph_TU
5032.5,-4772,0,Mph_TU
4798.5,-4757,0,Mph_TU
5086,-4754.5,0,Mph_TU
5032.5,-4758,0,Mph_TU
5044,-4750.5,0,Mph_TU
5126.5,-4741.5,0,Mph_TU
5076.5,-4740.5,0,Mph_TU
4882,-4739.5,0,Mph_TU
5101.5,-4735,0,Mph_TU
4434.5,-4727.5,0,Mph_TU
4873.5,-4727,0,Mph_TU
5076,-4718,0,Mph_TU
5097,-4710,0,Mph_TU
4855,-4708.5,0,Mph_TU
4422.5,-4699.5,0,Mph_TU
4591.5,-4699.5,0,Mph_TU
5085.5,-4686.5,0,Mph_TU
4786.5,-4686,0,Mph_TU
4544.5,-4687.5,0,Mph_TU
4574,-4682,0,Mph_TU
5082,-4667,0,Mph_TU
4971,-4668.5,0,Mph_TU
4367.5,-4648.5,0,Mph_TU
5071.5,-4657.5,0,Mph_TU
4819,-4646.5,0,Mph_TU
4862,-4646,0,Mph_TU
4449.5,-4635,0,Mph_TU
4500,-4636,0,Mph_TU
5075.5,-4636.5,0,Mph_TU
4874,-4630,0,Mph_TU
4386.5,-4622,0,Mph_TU
4383.5,-4608.5,0,Mph_TU
4796.5,-4588,0,Mph_TU
4403,-4596,0,Mph_TU
4902,-4594.5,0,Mph_TU
4394,-4571,0,Mph_TU
4424,-4576,0,Mph_TU
5002,-4572,0,Mph_TU
4870.5,-4563.5,0,Mph_TU
5012,-4547,0,Mph_TU
5001,-4540.5,0,Mph_TU
4875,-4535,0,Mph_TU
4800,-4542,0,Mph_TU
4986,-4535,0,Mph_TU
4831.5,-4515.5,0,Mph_TU
4874,-4517.5,0,Mph_TU
4901,-4512,0,Mph_TU
4443.5,-4486.5,0,Mph_TU
4482.5,-4482,0,Mph_TU
4726,-4487,0,Mph_TU
4753.5,-4478.5,0,Mph_TU
4911,-4479.5,0,Mph_TU
4932.5,-4474.5,0,Mph_TU
4742,-4451,0,Mph_TU
4809,-4445.5,0,Mph_TU
4831.5,-4449,0,Mph_TU
4794,-4408.5,0,Mph_TU
4870.5,-4395.5,0,Mph_TU
4780,-4399.5,0,Mph_TU
4750.5,-4398,0,Mph_TU
4721,-4386,0,Mph_TU
4840,-4376.5,0,Mph_TU
4843,-4358,0,Mph_TU
4800,-4362,0,Mph_TU
4733,-4352,0,Mph_TU
4787.5,-4331.5,0,Mph_TU
4749,-4333.5,0,Mph_TU
4712,-4333,0,Mph_TU
4823,-4315,0,Mph_TU
4597,-4316,0,Mph_TU
4713.5,-4304,0,Mph_TU
4681,-4306.5,0,Mph_TU
4625.5,-4300,0,Mph_TU
4487,-4293.5,0,Mph_TU
4755.5,-4282.5,0,Mph_TU
4800,-4289.5,0,Mph_TU
4677.5,-4273,0,Mph_TU
4721.5,-4281.5,0,Mph_TU
4652.5,-4274,0,Mph_TU
4794,-4272.5,0,Mph_TU
4558.5,-4270.5,0,Mph_TU
4400.5,-4254,0,Mph_TU
4361.5,-4248.5,0,Mph_TU
4769.5,-4249.5,0,Mph_TU
4386.5,-4231.5,0,Mph_TU
4421,-4229,0,Mph_TU
4741,-4221.5,0,Mph_TU
4476.5,-4219.5,0,Mph_TU
4628,-4210,0,Mph_TU
4616.5,-4197,0,Mph_TU
4647,-4210,0,Mph_TU
4543,-4200,0,Mph_TU
4465.5,-4187.5,0,Mph_TU
4561,-4197,0,Mph_TU
4682.5,-4186.5,0,Mph_TU
4661,-4189.5,0,Mph_TU
4696,-4181,0,Mph_TU
4400.5,-4174,0,Mph_TU
4663,-4162.5,0,Mph_TU
4383,-4170,0,Mph_TU
4424,-4164.5,0,Mph_TU
4523,-4162.5,0,Mph_TU
4651,-4154.5,0,Mph_TU
4643,-4142,0,Mph_TU
4633,-4136,0,Mph_TU
4632.5,-4117,0,Mph_TU
4464.5,-4120.5,0,Mph_TU
4492,-4116.5,0,Mph_TU
4371,-4089.5,0,Mph_TU
4394.5,-4093.5,0,Mph_TU
4420.5,-4094.5,0,Mph_TU
4370,-4053.5,0,Mph_TU
4471.5,-4043,0,Mph_TU
4565.5,-4040.5,0,Mph_TU
4587.5,-4037,0,Mph_TU
4515.5,-4029.5,0,Mph_TU
4556.5,-4029,0,Mph_TU
4545.5,-4026,0,Mph_TU
4570,-4018.5,0,Mph_TU
1074,-2653.5,0,Mph_TU
1145,-2607.5,0,Mph_TU
981,-2606,0,Mph_TU
953,-2605,0,Mph_TU
924.5,-2588,0,Mph_TU
954.5,-2583,0,Mph_TU
980.5,-2581.5,0,Mph_TU
1026.5,-2559,0,Mph_TU
1043,-2560,0,Mph_TU
1036.5,-2546,0,Mph_TU
810.5,-2541.5,0,Mph_TU
1044,-2526,0,Mph_TU
1023,-2531,0,Mph_TU
1123,-2540.5,0,Mph_TU
780,-2530,0,Mph_TU
797.5,-2516.5,0,Mph_TU
1063.5,-2510,0,Mph_TU
1141,-2505.5,0,Mph_TU
1083,-2496,0,Mph_TU
784.5,-2485.5,0,Mph_TU
1040,-2481,0,Mph_TU
838,-2448.5,0,Mph_TU
3640.5,-4017.5,0,Mph_TU
3946,-4013,0,Mph_TU
4193.5,-4006,0,Mph_TU
3683,-4002,0,Mph_TU
3939.5,-4001,0,Mph_TU
3898,-3990,0,Mph_TU
3755.5,-3996,0,Mph_TU
4264.5,-3987.5,0,Mph_TU
4134,-3981.5,0,Mph_TU
3581.5,-3988,0,Mph_TU
3658,-3985,0,Mph_TU
3727,-3979.5,0,Mph_TU
3640.5,-3980.5,0,Mph_TU
3955.5,-3978.5,0,Mph_TU
3837.5,-3975,0,Mph_TU
4292.5,-3973,0,Mph_TU
4266.5,-3966.5,0,Mph_TU
4342,-3969,0,Mph_TU
3937.5,-3959.5,0,Mph_TU
3611.5,-3960,0,Mph_TU
3864,-3965,0,Mph_TU
3789.5,-3948.5,0,Mph_TU
3969,-3958,0,Mph_TU
3824,-3966.5,0,Mph_TU
4245.5,-3942.5,0,Mph_TU
3590.5,-3941,0,Mph_TU
3666.5,-3930.5,0,Mph_TU
3705.5,-3930,0,Mph_TU
4019.5,-3946.5,0,Mph_TU
4178.5,-3940,0,Mph_TU
3963,-3937,0,Mph_TU
4206.5,-3938.5,0,Mph_TU
4284.5,-3936.5,0,Mph_TU
3992,-3936,0,Mph_TU
3572,-3936.5,0,Mph_TU
4161.5,-3923,0,Mph_TU
4354,-3927,0,Mph_TU
3858,-3920.5,0,Mph_TU
4034.5,-3927.5,0,Mph_TU
3727,-3918,0,Mph_TU
4052,-3918.5,0,Mph_TU
3761.5,-3921,0,Mph_TU
4032.5,-3909,0,Mph_TU
4344.5,-3914,0,Mph_TU
4315,-3915.5,0,Mph_TU
4209.5,-3910,0,Mph_TU
3768,-3904.5,0,Mph_TU
4186.5,-3902,0,Mph_TU
3663,-3895.5,0,Mph_TU
4316,-3883.5,0,Mph_TU
4346.5,-3889,0,Mph_TU
4088,-3894.5,0,Mph_TU
4235.5,-3885.5,0,Mph_TU
4176,-3894.5,0,Mph_TU
3985,-3888,0,Mph_TU
4109.5,-3886,0,Mph_TU
4145,-3889,0,Mph_TU
3635.5,-3869,0,Mph_TU
3721.5,-3884,0,Mph_TU
3985.5,-3870,0,Mph_TU
4313,-3861,0,Mph_TU
4228.5,-3858.5,0,Mph_TU
3692,-3848,0,Mph_TU
4241.5,-3837,0,Mph_TU
4354,-3832.5,0,Mph_TU
3621,-3837,0,Mph_TU
4319.5,-3833,0,Mph_TU
3765,-3831.5,0,Mph_TU
4194,-3832.5,0,Mph_TU
4139,-3824.5,0,Mph_TU
4178.5,-3818,0,Mph_TU
3736,-3823,0,Mph_TU
4215,-3817,0,Mph_TU
4160,-3820,0,Mph_TU
3914,-3811,0,Mph_TU
4280.5,-3793,0,Mph_TU
3815,-3798.5,0,Mph_TU
4227,-3784,0,Mph_TU
4299.5,-3786.5,0,Mph_TU
4272,-3774,0,Mph_TU
4118.5,-3762,0,Mph_TU
4030.5,-3776.5,0,Mph_TU
4298,-3771.5,0,Mph_TU
4317.5,-3759.5,0,Mph_TU
3993,-3759,0,Mph_TU
4294,-3754,0,Mph_TU
4041.5,-3763,0,Mph_TU
4339.5,-3748.5,0,Mph_TU
3940.5,-3737.5,0,Mph_TU
3968,-3748,0,Mph_TU
4286,-3749,0,Mph_TU
4273,-3741,0,Mph_TU
4235.5,-3743,0,Mph_TU
4216,-3727.5,0,Mph_TU
3925.5,-3722.5,0,Mph_TU
4198,-3726,0,Mph_TU
3897.5,-3722,0,Mph_TU
3964,-3723.5,0,Mph_TU
4099.5,-3721.5,0,Mph_TU
4299,-3726.5,0,Mph_TU
3704,-3720,0,Mph_TU
3846,-3719,0,Mph_TU
4227,-3709,0,Mph_TU
4253.5,-3714.5,0,Mph_TU
4116.5,-3718,0,Mph_TU
3806.5,-3711,0,Mph_TU
4026.5,-3711.5,0,Mph_TU
4290.5,-3707,0,Mph_TU
4059,-3706,0,Mph_TU
3942,-3698.5,0,Mph_TU
4032.5,-3690.5,0,Mph_TU
3960,-3679.5,0,Mph_TU
4270.5,-3696,0,Mph_TU
3984,-3674.5,0,Mph_TU
4247.5,-3690.5,0,Mph_TU
4279,-3682.5,0,Mph_TU
3685,-3682,0,Mph_TU
4049.5,-3669,0,Mph_TU
4258,-3676,0,Mph_TU
3663.5,-3671.5,0,Mph_TU
4218,-3669.5,0,Mph_TU
4006,-3660.5,0,Mph_TU
4026,-3657.5,0,Mph_TU
4241.5,-3665.5,0,Mph_TU
4155.5,-3659.5,0,Mph_TU
3699.5,-3658,0,Mph_TU
3664,-3647,0,Mph_TU
4141.5,-3653.5,0,Mph_TU
4108,-3647,0,Mph_TU
3878.5,-3634.5,0,Mph_TU
3933,-3640.5,0,Mph_TU
3810.5,-3625,0,Mph_TU
3918.5,-3617.5,0,Mph_TU
4200,-3626.5,0,Mph_TU
4165,-3609,0,Mph_TU
4109.5,-3611,0,Mph_TU
4188.5,-3603.5,0,Mph_TU
3915.5,-3600,0,Mph_TU
4105,-3587,0,Mph_TU
3749.5,-3581.5,0,Mph_TU
4053.5,-3594,0,Mph_TU
4172,-3583.5,0,Mph_TU
3668.5,-3583.5,0,Mph_TU
3910,-3587,0,Mph_TU
4147,-3588,0,Mph_TU
4037,-3577.5,0,Mph_TU
3792.5,-3572,0,Mph_TU
3972.5,-3566.5,0,Mph_TU
4113.5,-3570.5,0,Mph_TU
3686,-3565.5,0,Mph_TU
3760,-3568,0,Mph_TU
4059.5,-3549,0,Mph_TU
4026,-3560.5,0,Mph_TU
4007,-3559,0,Mph_TU
3842,-3547.5,0,Mph_TU
4097,-3553,0,Mph_TU
3701,-3537,0,Mph_TU
3875.5,-3540,0,Mph_TU
3860,-3526.5,0,Mph_TU
4087.5,-3524.5,0,Mph_TU
3696.5,-3522.5,0,Mph_TU
4113.5,-3526,0,Mph_TU
3734,-3510,0,Mph_TU
3995.5,-3512.5,0,Mph_TU
3695.5,-3505,0,Mph_TU
3960,-3505,0,Mph_TU
3892.5,-3496.5,0,Mph_TU
3697,-3485,0,Mph_TU
3974.5,-3486,0,Mph_TU
3810,-3484,0,Mph_TU
3945,-3473.5,0,Mph_TU
3661.5,-3475,0,Mph_TU
3726,-3474,0,Mph_TU
4027,-3481,0,Mph_TU
4052.5,-3475.5,0,Mph_TU
3989.5,-3457,0,Mph_TU
3689,-3462.5,0,Mph_TU
3965,-3460,0,Mph_TU
4011.5,-3459.5,0,Mph_TU
3805.5,-3453,0,Mph_TU
4014.5,-3446,0,Mph_TU
3925.5,-3446.5,0,Mph_TU
3807,-3430,0,Mph_TU
3953.5,-3432.5,0,Mph_TU
3832.5,-3427.5,0,Mph_TU
3917.5,-3430,0,Mph_TU
4012.5,-3426,0,Mph_TU
3793,-3399,0,Mph_TU
3844,-3396,0,Mph_TU
3813.5,-3394,0,Mph_TU
3920.5,-3390.5,0,Mph_TU
3769,-3390,0,Mph_TU
3852,-3387.5,0,Mph_TU
3942.5,-3382.5,0,Mph_TU
3893,-3377.5,0,Mph_TU
3578,-3373.5,0,Mph_TU
3652,-3361.5,0,Mph_TU
3917.5,-3363,0,Mph_TU
3683.5,-3349.5,0,Mph_TU
3611.5,-3350.5,0,Mph_TU
3590,-3348,0,Mph_TU
3598.5,-3335,0,Mph_TU
3730,-3340,0,Mph_TU
3614,-3334,0,Mph_TU
3614,-3311,0,Mph_TU
3848.5,-3307,0,Mph_TU
3871.5,-3305.5,0,Mph_TU
3637.5,-3305.5,0,Mph_TU
3665,-3300.5,0,Mph_TU
3754.5,-3290,0,Mph_TU
3605,-3290.5,0,Mph_TU
3864,-3290,0,Mph_TU
3849.5,-3266.5,0,Mph_TU
3827.5,-3261,0,Mph_TU
3655,-3243,0,Mph_TU
3836,-3239.5,0,Mph_TU
3769.5,-3235.5,0,Mph_TU
3779,-3233.5,0,Mph_TU
3801,-3237.5,0,Mph_TU
3612,-3232,0,Mph_TU
3661.5,-3231.5,0,Mph_TU
3677.5,-3242,0,Mph_TU
3642.5,-3221.5,0,Mph_TU
3740.5,-3233.5,0,Mph_TU
3710,-3230.5,0,Mph_TU
3711,-3215.5,0,Mph_TU
3578,-3216.5,0,Mph_TU
3730.5,-3201.5,0,Mph_TU
3648,-3199,0,Mph_TU
3581,-3193,0,Mph_TU
3571.5,-3175.5,0,Mph_TU
3697.5,-3193,0,Mph_TU
3664.5,-3183,0,Mph_TU
3648,-3176.5,0,Mph_TU
3682.5,-3185.5,0,Mph_TU
3683.5,-3161.5,0,Mph_TU
3706,-3172,0,Mph_TU
3723,-3166.5,0,Mph_TU
3663,-3159,0,Mph_TU
3597,-3152,0,Mph_TU
3623,-3149,0,Mph_TU
3705,-3149,0,Mph_TU
3649.5,-3157,0,Mph_TU
3651,-3143,0,Mph_TU
3666,-3135.5,0,Mph_TU
3697.5,-3135.5,0,Mph_TU
3648,-3132.5,0,Mph_TU
3572.5,-3134,0,Mph_TU
3684.5,-3123,0,Mph_TU
3639.5,-3105.5,0,Mph_TU
3598,-3111.5,0,Mph_TU
3629.5,-3094.5,0,Mph_TU
3582.5,-3086,0,Mph_TU
3558,-3091,0,Mph_TU
3569.5,-3065.5,0,Mph_TU
3621,-3057.5,0,Mph_TU
3595,-3042.5,0,Mph_TU
3629.5,-3017,0,Mph_TU
3598.5,-3015.5,0,Mph_TU
3566,-2925.5,0,Mph_TU
3584.5,-2916.5,0,Mph_TU
3567,-2901,0,Mph_TU
2722,-3919.5,0,Mph_TU
2501.5,-3856.5,0,Mph_TU
2503,-3841,0,Mph_TU
2745,-3805,0,Mph_TU
2428.5,-3791.5,0,Mph_TU
2457,-3793,0,Mph_TU
2468,-3771.5,0,Mph_TU
2490,-3726,0,Mph_TU
2437,-3705.5,0,Mph_TU
2513.5,-3670.5,0,Mph_TU
2466.5,-3659.5,0,Mph_TU
2754,-3655.5,0,Mph_TU
2552,-3643,0,Mph_TU
2711.5,-3641.5,0,Mph_TU
2460,-3639.5,0,Mph_TU
2536.5,-3628.5,0,Mph_TU
2419.5,-3599.5,0,Mph_TU
2698.5,-3595,0,Mph_TU
2418,-3572.5,0,Mph_TU
2540.5,-3584.5,0,Mph_TU
2443,-3581.5,0,Mph_TU
2557.5,-3561.5,0,Mph_TU
2504.5,-3541.5,0,Mph_TU
2755.5,-3517,0,Mph_TU
2314.5,-3504.5,0,Mph_TU
2395,-3496,0,Mph_TU
2730,-3502.5,0,Mph_TU
2666.5,-3495,0,Mph_TU
2713,-3494.5,0,Mph_TU
2747,-3471.5,0,Mph_TU
2699,-3436.5,0,Mph_TU
2463.5,-3435,0,Mph_TU
2329,-3438.5,0,Mph_TU
2351,-3426.5,0,Mph_TU
2660.5,-3436.5,0,Mph_TU
2587.5,-3434,0,Mph_TU
2595.5,-3415.5,0,Mph_TU
2317.5,-3417,0,Mph_TU
2718,-3404,0,Mph_TU
2748.5,-3366.5,0,Mph_TU
2691,-3358.5,0,Mph_TU
2618,-3345,0,Mph_TU
2735.5,-3352.5,0,Mph_TU
2321.5,-3321.5,0,Mph_TU
2750.5,-3296.5,0,Mph_TU
2192.5,-3284,0,Mph_TU
2216,-3284.5,0,Mph_TU
2223.5,-3261.5,0,Mph_TU
2714,-3266.5,0,Mph_TU
2262,-3257.5,0,Mph_TU
2261.5,-3238,0,Mph_TU
2649.5,-3239.5,0,Mph_TU
2721.5,-3241.5,0,Mph_TU
2628.5,-3227.5,0,Mph_TU
2426,-3224,0,Mph_TU
2721.5,-3225,0,Mph_TU
2295,-3220,0,Mph_TU
2801.5,-4014.5,0,Mph_TU
2825.5,-4009.5,0,Mph_TU
3019.5,-4010.5,0,Mph_TU
2920,-4006.5,0,Mph_TU
3289,-3994.5,0,Mph_TU
3103.5,-3996,0,Mph_TU
3079,-3993,0,Mph_TU
3149,-3996,0,Mph_TU
3252,-3988.5,0,Mph_TU
2954,-3996,0,Mph_TU
2773,-3988.5,0,Mph_TU
3184,-3973,0,Mph_TU
2823.5,-3985.5,0,Mph_TU
2988.5,-3981.5,0,Mph_TU
2821.5,-3964.5,0,Mph_TU
2804.5,-3958.5,0,Mph_TU
3490,-3952,0,Mph_TU
3466.5,-3949.5,0,Mph_TU
3009.5,-3946,0,Mph_TU
3513,-3939,0,Mph_TU
3551,-3938.5,0,Mph_TU
3439.5,-3932,0,Mph_TU
2788,-3889.5,0,Mph_TU
2975,-3881,0,Mph_TU
3146,-3891,0,Mph_TU
3065,-3892,0,Mph_TU
3116.5,-3886,0,Mph_TU
3551.5,-3882.5,0,Mph_TU
3069.5,-3872.5,0,Mph_TU
2891,-3875,0,Mph_TU
2771.5,-3863,0,Mph_TU
3110,-3866,0,Mph_TU
3074,-3866,0,Mph_TU
3219,-3853,0,Mph_TU
3052.5,-3856.5,0,Mph_TU
3092,-3864.5,0,Mph_TU
2906,-3857,0,Mph_TU
3106.5,-3846,0,Mph_TU
2917.5,-3828.5,0,Mph_TU
3450,-3828,0,Mph_TU
3545.5,-3823,0,Mph_TU
3523.5,-3831,0,Mph_TU
3189,-3830.5,0,Mph_TU
3025.5,-3819,0,Mph_TU
3529,-3817,0,Mph_TU
3271,-3813.5,0,Mph_TU
2915,-3805,0,Mph_TU
3197,-3804,0,Mph_TU
3230.5,-3807.5,0,Mph_TU
3508,-3797,0,Mph_TU
3535,-3798.5,0,Mph_TU
3550,-3801.5,0,Mph_TU
3033,-3786,0,Mph_TU
3495,-3750,0,Mph_TU
2962.5,-3734.5,0,Mph_TU
2794.5,-3713.5,0,Mph_TU
2903.5,-3700.5,0,Mph_TU
2940.5,-3698.5,0,Mph_TU
3263,-3688.5,0,Mph_TU
3002.5,-3694,0,Mph_TU
3066,-3693.5,0,Mph_TU
3033,-3684,0,Mph_TU
2899,-3675.5,0,Mph_TU
3288,-3651.5,0,Mph_TU
2923,-3652.5,0,Mph_TU
3236.5,-3634.5,0,Mph_TU
2824,-3643.5,0,Mph_TU
2767.5,-3638.5,0,Mph_TU
2795.5,-3640,0,Mph_TU
2912.5,-3640.5,0,Mph_TU
3260,-3632.5,0,Mph_TU
3075,-3630.5,0,Mph_TU
3299,-3636,0,Mph_TU
3163.5,-3632.5,0,Mph_TU
3208.5,-3616.5,0,Mph_TU
3302.5,-3598,0,Mph_TU
2834.5,-3595.5,0,Mph_TU
2797,-3600,0,Mph_TU
2813.5,-3581.5,0,Mph_TU
3286,-3573.5,0,Mph_TU
3159.5,-3575,0,Mph_TU
3012.5,-3569.5,0,Mph_TU
3244.5,-3554,0,Mph_TU
3027,-3550.5,0,Mph_TU
2923.5,-3550.5,0,Mph_TU
3194.5,-3547,0,Mph_TU
3325.5,-3522,0,Mph_TU
3048.5,-3537.5,0,Mph_TU
3196.5,-3525,0,Mph_TU
2922.5,-3510,0,Mph_TU
2889.5,-3518,0,Mph_TU
2994.5,-3507,0,Mph_TU
3152,-3502.5,0,Mph_TU
3065,-3479.5,0,Mph_TU
3014,-3496.5,0,Mph_TU
3278.5,-3493,0,Mph_TU
3035.5,-3489.5,0,Mph_TU
3167,-3491,0,Mph_TU
3172,-3473,0,Mph_TU
2981.5,-3473,0,Mph_TU
2766,-3467,0,Mph_TU
2837.5,-3455.5,0,Mph_TU
3182,-3442,0,Mph_TU
3375,-3445.5,0,Mph_TU
2960.5,-3426,0,Mph_TU
2930.5,-3423.5,0,Mph_TU
2901.5,-3418.5,0,Mph_TU
2991.5,-3413.5,0,Mph_TU
3422,-3423,0,Mph_TU
3133.5,-3418,0,Mph_TU
3026,-3411,0,Mph_TU
3120,-3400.5,0,Mph_TU
3024.5,-3387,0,Mph_TU
3067,-3385,0,Mph_TU
3551,-3388.5,0,Mph_TU
2969.5,-3379.5,0,Mph_TU
3115,-3380.5,0,Mph_TU
2763,-3371,0,Mph_TU
3003,-3370.5,0,Mph_TU
3096.5,-3365.5,0,Mph_TU
2786,-3370.5,0,Mph_TU
2981.5,-3367,0,Mph_TU
3534.5,-3360.5,0,Mph_TU
2961.5,-3352,0,Mph_TU
3554.5,-3360,0,Mph_TU
2892.5,-3357.5,0,Mph_TU
2787,-3350,0,Mph_TU
3467.5,-3333,0,Mph_TU
3130.5,-3345.5,0,Mph_TU
3047,-3346.5,0,Mph_TU
2769,-3333.5,0,Mph_TU
3279.5,-3334.5,0,Mph_TU
3521,-3340,0,Mph_TU
3198,-3327,0,Mph_TU
3319.5,-3332,0,Mph_TU
3275,-3317.5,0,Mph_TU
3325,-3315.5,0,Mph_TU
2828,-3311.5,0,Mph_TU
3067,-3291,0,Mph_TU
3471.5,-3287,0,Mph_TU
3398,-3282,0,Mph_TU
2770,-3274.5,0,Mph_TU
3487,-3276,0,Mph_TU
3288,-3261.5,0,Mph_TU
2865,-3270.5,0,Mph_TU
3412.5,-3244,0,Mph_TU
3403,-3255.5,0,Mph_TU
2776,-3250.5,0,Mph_TU
3506.5,-3251.5,0,Mph_TU
3270.5,-3243.5,0,Mph_TU
3485.5,-3246.5,0,Mph_TU
2800.5,-3240.5,0,Mph_TU
2862.5,-3233.5,0,Mph_TU
3014,-3233.5,0,Mph_TU
3231,-3234.5,0,Mph_TU
3477,-3236.5,0,Mph_TU
3380,-3232,0,Mph_TU
3421,-3226,0,Mph_TU
3496,-3230,0,Mph_TU
2922,-3225,0,Mph_TU
3032.5,-3219.5,0,Mph_TU
3051,-3220,0,Mph_TU
1832,-3217.5,0,Mph_TU
1920.5,-3188.5,0,Mph_TU
1902,-3183.5,0,Mph_TU
1883,-3181.5,0,Mph_TU
1873,-3157,0,Mph_TU
1812,-3152.5,0,Mph_TU
1860,-3125.5,0,Mph_TU
1804,-3132.5,0,Mph_TU
1910,-3127.5,0,Mph_TU
1831,-3127,0,Mph_TU
1848,-3101,0,Mph_TU
1756.5,-3075.5,0,Mph_TU
1911,-3067,0,Mph_TU
1849.5,-3066,0,Mph_TU
1882.5,-3063,0,Mph_TU
1953.5,-3068.5,0,Mph_TU
1830,-3051.5,0,Mph_TU
1710,-3042.5,0,Mph_TU
1822.5,-3037.5,0,Mph_TU
1867,-3015.5,0,Mph_TU
1877.5,-2998.5,0,Mph_TU
1736,-2991.5,0,Mph_TU
1687,-3004,0,Mph_TU
1711,-2995,0,Mph_TU
1702.5,-2971.5,0,Mph_TU
1808.5,-2976,0,Mph_TU
1820.5,-2952,0,Mph_TU
1358,-2954,0,Mph_TU
1893.5,-2943,0,Mph_TU
1717,-2943,0,Mph_TU
1308,-2945.5,0,Mph_TU
1688,-2934,0,Mph_TU
1583.5,-2931.5,0,Mph_TU
1553.5,-2928.5,0,Mph_TU
1932.5,-2925.5,0,Mph_TU
1599.5,-2915,0,Mph_TU
1402,-2909,0,Mph_TU
1483,-2899.5,0,Mph_TU
1242.5,-2892,0,Mph_TU
1498,-2889.5,0,Mph_TU
1706.5,-2888.5,0,Mph_TU
1293.5,-2885,0,Mph_TU
1519,-2892,0,Mph_TU
1235.5,-2868.5,0,Mph_TU
1532.5,-2874.5,0,Mph_TU
1271,-2867.5,0,Mph_TU
1552,-2866.5,0,Mph_TU
1652,-2868.5,0,Mph_TU
1575,-2862,0,Mph_TU
1916,-2857,0,Mph_TU
1687.5,-2856.5,0,Mph_TU
1805,-2860.5,0,Mph_TU
1872.5,-2856.5,0,Mph_TU
1229.5,-2847.5,0,Mph_TU
1826.5,-2854.5,0,Mph_TU
1695.5,-2849.5,0,Mph_TU
1688.5,-2828.5,0,Mph_TU
1833,-2833,0,Mph_TU
1665,-2825.5,0,Mph_TU
1795,-2822,0,Mph_TU
1829.5,-2811,0,Mph_TU
1662,-2803.5,0,Mph_TU
1242,-2797.5,0,Mph_TU
1390,-2801,0,Mph_TU
1610.5,-2799,0,Mph_TU
1757.5,-2798,0,Mph_TU
1452.5,-2789,0,Mph_TU
1471.5,-2794,0,Mph_TU
1615,-2777.5,0,Mph_TU
1696.5,-2769.5,0,Mph_TU
1355.5,-2766,0,Mph_TU
1601.5,-2753.5,0,Mph_TU
1379,-2754,0,Mph_TU
1881.5,-2726,0,Mph_TU
1620,-2721,0,Mph_TU
1498.5,-2724,0,Mph_TU
1352.5,-2720.5,0,Mph_TU
1374.5,-2715,0,Mph_TU
1415,-2728.5,0,Mph_TU
1854,-2720,0,Mph_TU
1754.5,-2719.5,0,Mph_TU
1345.5,-2709,0,Mph_TU
1451.5,-2704.5,0,Mph_TU
1327,-2707,0,Mph_TU
1954.5,-2699,0,Mph_TU
1747.5,-2691.5,0,Mph_TU
1313,-2693.5,0,Mph_TU
1360.5,-2683.5,0,Mph_TU
1335,-2681.5,0,Mph_TU
1556,-2690.5,0,Mph_TU
1310,-2679,0,Mph_TU
1889.5,-2667.5,0,Mph_TU
1946,-2679,0,Mph_TU
1643.5,-2678,0,Mph_TU
1218,-2665,0,Mph_TU
1544.5,-2673,0,Mph_TU
1920,-2663.5,0,Mph_TU
1493,-2661,0,Mph_TU
1857.5,-2651.5,0,Mph_TU
1345,-2649.5,0,Mph_TU
1626.5,-2633.5,0,Mph_TU
1289,-2648.5,0,Mph_TU
1371.5,-2648.5,0,Mph_TU
1804,-2622,0,Mph_TU
1328.5,-2620.5,0,Mph_TU
1690,-2610.5,0,Mph_TU
1663,-2602.5,0,Mph_TU
1849,-2595,0,Mph_TU
1886.5,-2586,0,Mph_TU
1666.5,-2589.5,0,Mph_TU
1698.5,-2574.5,0,Mph_TU
1942,-2551.5,0,Mph_TU
1198,-2562.5,0,Mph_TU
1758,-2557,0,Mph_TU
1355.5,-2560,0,Mph_TU
1782,-2541,0,Mph_TU
1340,-2541,0,Mph_TU
1299,-2539.5,0,Mph_TU
1835.5,-2530,0,Mph_TU
1702.5,-2530,0,Mph_TU
1353,-2528.5,0,Mph_TU
1330.5,-2505,0,Mph_TU
1740.5,-2511.5,0,Mph_TU
1167,-2513.5,0,Mph_TU
1199,-2509,0,Mph_TU
1286,-2508.5,0,Mph_TU
1931,-2493.5,0,Mph_TU
1767,-2489.5,0,Mph_TU
1864,-2474,0,Mph_TU
1656.5,-2471,0,Mph_TU
1696,-2464,0,Mph_TU
1925,-2452,0,Mph_TU
1225,-2443.5,0,Mph_TU
1204.5,-2447.5,0,Mph_TU
1294.5,-2449,0,Mph_TU
1835,-2446.5,0,Mph_TU
1183.5,-2441,0,Mph_TU
1582.5,-2448.5,0,Mph_TU
1625,-2434,0,Mph_TU
1164,-2437.5,0,Mph_TU
1796,-2437.5,0,Mph_TU
1269.5,-2424.5,0,Mph_TU
1717,-2423,0,Mph_TU
1565,-2424.5,0,Mph_TU
1849,-2419.5,0,Mph_TU
1307.5,-2421,0,Mph_TU
2759.5,-3212,0,Mph_TU
2870,-3215.5,0,Mph_TU
3508,-3210.5,0,Mph_TU
3411.5,-3205,0,Mph_TU
3019,-3207,0,Mph_TU
3518.5,-3202.5,0,Mph_TU
3051.5,-3205,0,Mph_TU
3449,-3193,0,Mph_TU
2874.5,-3188,0,Mph_TU
3402,-3185.5,0,Mph_TU
2962.5,-3182,0,Mph_TU
3046,-3190.5,0,Mph_TU
3376.5,-3189,0,Mph_TU
3027.5,-3195,0,Mph_TU
3014,-3182.5,0,Mph_TU
3438.5,-3176,0,Mph_TU
3484.5,-3165.5,0,Mph_TU
3076,-3161.5,0,Mph_TU
3303.5,-3159,0,Mph_TU
2920,-3156.5,0,Mph_TU
2775,-3150.5,0,Mph_TU
3517,-3152,0,Mph_TU
3065.5,-3148,0,Mph_TU
2818.5,-3154,0,Mph_TU
2807,-3136.5,0,Mph_TU
2895,-3131.5,0,Mph_TU
3036,-3132,0,Mph_TU
2844,-3128,0,Mph_TU
3350.5,-3133.5,0,Mph_TU
3483,-3128.5,0,Mph_TU
3226,-3126,0,Mph_TU
2960.5,-3109,0,Mph_TU
3358,-3116.5,0,Mph_TU
3019,-3115,0,Mph_TU
2835.5,-3113,0,Mph_TU
2932.5,-3118,0,Mph_TU
3535,-3107.5,0,Mph_TU
2921.5,-3109.5,0,Mph_TU
2790.5,-3101.5,0,Mph_TU
2847.5,-3093,0,Mph_TU
2945.5,-3100.5,0,Mph_TU
2912.5,-3089,0,Mph_TU
3028.5,-3080,0,Mph_TU
2780,-3077,0,Mph_TU
2862.5,-3074,0,Mph_TU
2807,-3067.5,0,Mph_TU
3094.5,-3060,0,Mph_TU
3299.5,-3059,0,Mph_TU
2918,-3049.5,0,Mph_TU
2985.5,-3056,0,Mph_TU
3230,-3057,0,Mph_TU
3081,-3056,0,Mph_TU
3264,-3050.5,0,Mph_TU
2974,-3039.5,0,Mph_TU
3253,-3034,0,Mph_TU
2958,-3030.5,0,Mph_TU
3218.5,-3031,0,Mph_TU
2808,-3028,0,Mph_TU
3238,-3021,0,Mph_TU
3533,-3021.5,0,Mph_TU
2820.5,-3014.5,0,Mph_TU
3518,-3006,0,Mph_TU
3162.5,-3009,0,Mph_TU
3548,-3004,0,Mph_TU
3451.5,-2999,0,Mph_TU
3475,-3000.5,0,Mph_TU
2893.5,-2999.5,0,Mph_TU
3238.5,-2985.5,0,Mph_TU
3346.5,-2994.5,0,Mph_TU
3532,-2983.5,0,Mph_TU
3553.5,-2989.5,0,Mph_TU
3331,-2985,0,Mph_TU
3434.5,-2971,0,Mph_TU
3483,-2985.5,0,Mph_TU
3470.5,-2980.5,0,Mph_TU
3494,-2977,0,Mph_TU
3269,-2970.5,0,Mph_TU
3406,-2965.5,0,Mph_TU
3454.5,-2974.5,0,Mph_TU
2797.5,-2981.5,0,Mph_TU
3293.5,-2973.5,0,Mph_TU
3512,-2970,0,Mph_TU
3339.5,-2970,0,Mph_TU
3206,-2964.5,0,Mph_TU
3479,-2959.5,0,Mph_TU
3394,-2955.5,0,Mph_TU
3254.5,-2963.5,0,Mph_TU
3465.5,-2960,0,Mph_TU
3546.5,-2964.5,0,Mph_TU
3452.5,-2946.5,0,Mph_TU
3239,-2953.5,0,Mph_TU
3266,-2944,0,Mph_TU
3287.5,-2950.5,0,Mph_TU
3226,-2934,0,Mph_TU
2767,-2935,0,Mph_TU
3273.5,-2928.5,0,Mph_TU
3530.5,-2917.5,0,Mph_TU
3273.5,-2913.5,0,Mph_TU
3311.5,-2908.5,0,Mph_TU
3328.5,-2877,0,Mph_TU
2845,-2883.5,0,Mph_TU
3507.5,-2874.5,0,Mph_TU
2782.5,-2874.5,0,Mph_TU
2760.5,-2865.5,0,Mph_TU
2757,-2848.5,0,Mph_TU
3420,-2832.5,0,Mph_TU
2761.5,-2794.5,0,Mph_TU
2889.5,-2808,0,Mph_TU
3301.5,-2791,0,Mph_TU
2910,-2790,0,Mph_TU
2962.5,-2781.5,0,Mph_TU
3363.5,-2770,0,Mph_TU
2805,-2758.5,0,Mph_TU
2824.5,-2749.5,0,Mph_TU
3347,-2754.5,0,Mph_TU
3137.5,-2754,0,Mph_TU
2857,-2746.5,0,Mph_TU
3336,-2752.5,0,Mph_TU
3176.5,-2743,0,Mph_TU
2928.5,-2737.5,0,Mph_TU
2820.5,-2735,0,Mph_TU
2821,-2712,0,Mph_TU
3088,-2706.5,0,Mph_TU
3354.5,-2718.5,0,Mph_TU
3318,-2694,0,Mph_TU
2915.5,-2695,0,Mph_TU
2826,-2685.5,0,Mph_TU
3338.5,-2690.5,0,Mph_TU
3046.5,-2680,0,Mph_TU
3325,-2679,0,Mph_TU
2792.5,-2679.5,0,Mph_TU
2972,-2681.5,0,Mph_TU
3002,-2660,0,Mph_TU
3272,-2664.5,0,Mph_TU
3332.5,-2665.5,0,Mph_TU
3198,-2657.5,0,Mph_TU
2965,-2649,0,Mph_TU
3149.5,-2642.5,0,Mph_TU
2897,-2630.5,0,Mph_TU
2870,-2640.5,0,Mph_TU
3157.5,-2630.5,0,Mph_TU
3325,-2626.5,0,Mph_TU
3178,-2630.5,0,Mph_TU
3132,-2618,0,Mph_TU
3182.5,-2617.5,0,Mph_TU
2760,-2612,0,Mph_TU
3017.5,-2602,0,Mph_TU
3081,-2613.5,0,Mph_TU
3198.5,-2604,0,Mph_TU
2995,-2596,0,Mph_TU
3058,-2601.5,0,Mph_TU
3080,-2585,0,Mph_TU
3057,-2583.5,0,Mph_TU
2854,-2579,0,Mph_TU
3264,-2591,0,Mph_TU
2778.5,-2580.5,0,Mph_TU
2824.5,-2572,0,Mph_TU
3250.5,-2572,0,Mph_TU
3172,-2562.5,0,Mph_TU
2767,-2564.5,0,Mph_TU
2846,-2560,0,Mph_TU
3109,-2559,0,Mph_TU
2940,-2556,0,Mph_TU
3132,-2543.5,0,Mph_TU
3046.5,-2551,0,Mph_TU
3257,-2533.5,0,Mph_TU
3114,-2534,0,Mph_TU
3044.5,-2527.5,0,Mph_TU
2906.5,-2525,0,Mph_TU
3077.5,-2528.5,0,Mph_TU
3007.5,-2516.5,0,Mph_TU
2974,-2511,0,Mph_TU
2768,-2507.5,0,Mph_TU
2843.5,-2508.5,0,Mph_TU
2866.5,-2503.5,0,Mph_TU
2953.5,-2498.5,0,Mph_TU
3028.5,-2501,0,Mph_TU
3257,-2487.5,0,Mph_TU
2898.5,-2481,0,Mph_TU
3127,-2494.5,0,Mph_TU
3176.5,-2491,0,Mph_TU
3056,-2484,0,Mph_TU
2929.5,-2469.5,0,Mph_TU
3069.5,-2471,0,Mph_TU
2917.5,-2440.5,0,Mph_TU
2940,-2444.5,0,Mph_TU
2806.5,-2434.5,0,Mph_TU
2956,-2426.5,0,Mph_TU
3146,-2425,0,Mph_TU
2729.5,-3216.5,0,Mph_TU
2740.5,-3209,0,Mph_TU
2301.5,-3202.5,0,Mph_TU
2657,-3182.5,0,Mph_TU
2287.5,-3178.5,0,Mph_TU
2187,-3158.5,0,Mph_TU
2748,-3164,0,Mph_TU
2238,-3145.5,0,Mph_TU
2454.5,-3124.5,0,Mph_TU
2422,-3125,0,Mph_TU
2340.5,-3126,0,Mph_TU
1992.5,-3124.5,0,Mph_TU
2184.5,-3122.5,0,Mph_TU
2043,-3115,0,Mph_TU
2515.5,-3094,0,Mph_TU
2681.5,-3088,0,Mph_TU
2428.5,-3087.5,0,Mph_TU
2539,-3079,0,Mph_TU
2037,-3061,0,Mph_TU
2161.5,-3061,0,Mph_TU
2467,-3061.5,0,Mph_TU
2314,-3061.5,0,Mph_TU
2258,-3059,0,Mph_TU
2414,-3061.5,0,Mph_TU
2188,-3054,0,Mph_TU
2427.5,-3050,0,Mph_TU
2455,-3047,0,Mph_TU
2014.5,-3052.5,0,Mph_TU
2034,-3042.5,0,Mph_TU
2493.5,-3053.5,0,Mph_TU
2209,-3043.5,0,Mph_TU
2508.5,-3040,0,Mph_TU
2730.5,-3034.5,0,Mph_TU
1979.5,-3035,0,Mph_TU
2287.5,-3034,0,Mph_TU
2388.5,-3030.5,0,Mph_TU
2725,-3015,0,Mph_TU
2473,-3015.5,0,Mph_TU
2450,-3013.5,0,Mph_TU
2694.5,-3016,0,Mph_TU
2195,-3019,0,Mph_TU
2302.5,-3011.5,0,Mph_TU
2327.5,-3016,0,Mph_TU
2014.5,-3013,0,Mph_TU
2510.5,-2987,0,Mph_TU
2531.5,-2995.5,0,Mph_TU
2553.5,-2983.5,0,Mph_TU
2591,-2984,0,Mph_TU
2133,-2988.5,0,Mph_TU
2656,-2981,0,Mph_TU
2128.5,-2973,0,Mph_TU
2448.5,-2972,0,Mph_TU
2601.5,-2962,0,Mph_TU
1992,-2950,0,Mph_TU
2160,-2969,0,Mph_TU
2573,-2960.5,0,Mph_TU
2394.5,-2950.5,0,Mph_TU
2226,-2945,0,Mph_TU
2474,-2958.5,0,Mph_TU
2074.5,-2948,0,Mph_TU
2106,-2945,0,Mph_TU
2158,-2942,0,Mph_TU
2563,-2944,0,Mph_TU
2460,-2932,0,Mph_TU
2421.5,-2933.5,0,Mph_TU
2330.5,-2936,0,Mph_TU
2719.5,-2927.5,0,Mph_TU
2749.5,-2941,0,Mph_TU
2444.5,-2926,0,Mph_TU
2663,-2930,0,Mph_TU
2342.5,-2920.5,0,Mph_TU
2032.5,-2921.5,0,Mph_TU
2607,-2913.5,0,Mph_TU
2102,-2916.5,0,Mph_TU
2048.5,-2909.5,0,Mph_TU
2086,-2912,0,Mph_TU
2687.5,-2898,0,Mph_TU
2069,-2899.5,0,Mph_TU
2184,-2886,0,Mph_TU
2242.5,-2891,0,Mph_TU
2398.5,-2893,0,Mph_TU
2263,-2882.5,0,Mph_TU
2748,-2879,0,Mph_TU
2660,-2875,0,Mph_TU
2609.5,-2878.5,0,Mph_TU
2298,-2880,0,Mph_TU
2559,-2867.5,0,Mph_TU
2268.5,-2867,0,Mph_TU
2407,-2864,0,Mph_TU
2532.5,-2861.5,0,Mph_TU
2755,-2859,0,Mph_TU
2363.5,-2871.5,0,Mph_TU
2286,-2848,0,Mph_TU
2236,-2853,0,Mph_TU
2310.5,-2840,0,Mph_TU
2418.5,-2842.5,0,Mph_TU
2588,-2834,0,Mph_TU
2720.5,-2847,0,Mph_TU
2479.5,-2840.5,0,Mph_TU
2437.5,-2835.5,0,Mph_TU
2613.5,-2822.5,0,Mph_TU
2649.5,-2822.5,0,Mph_TU
2495.5,-2814,0,Mph_TU
2451.5,-2812.5,0,Mph_TU
2481.5,-2793,0,Mph_TU
2597.5,-2806.5,0,Mph_TU
2280.5,-2811.5,0,Mph_TU
2451.5,-2794,0,Mph_TU
2656,-2777.5,0,Mph_TU
2397.5,-2787.5,0,Mph_TU
2313.5,-2783.5,0,Mph_TU
2631,-2774.5,0,Mph_TU
2258.5,-2788,0,Mph_TU
2754,-2779.5,0,Mph_TU
2391.5,-2778,0,Mph_TU
2333.5,-2771.5,0,Mph_TU
2364.5,-2767.5,0,Mph_TU
2521.5,-2756,0,Mph_TU
2542,-2756.5,0,Mph_TU
2680.5,-2749,0,Mph_TU
2403.5,-2748.5,0,Mph_TU
2379.5,-2749,0,Mph_TU
2668,-2737.5,0,Mph_TU
2111.5,-2742,0,Mph_TU
2627.5,-2743,0,Mph_TU
2695,-2731.5,0,Mph_TU
2525.5,-2728,0,Mph_TU
2741,-2739.5,0,Mph_TU
2611,-2717.5,0,Mph_TU
2627,-2719,0,Mph_TU
2641.5,-2722.5,0,Mph_TU
2019,-2717,0,Mph_TU
2118,-2719.5,0,Mph_TU
2466,-2702,0,Mph_TU
2047,-2707.5,0,Mph_TU
2314.5,-2709.5,0,Mph_TU
2537,-2702.5,0,Mph_TU
2645.5,-2702.5,0,Mph_TU
2365.5,-2694,0,Mph_TU
2332.5,-2696,0,Mph_TU
2150,-2690,0,Mph_TU
2251,-2691,0,Mph_TU
2617,-2680.5,0,Mph_TU
2040,-2689.5,0,Mph_TU
2569,-2674,0,Mph_TU
2001,-2680.5,0,Mph_TU
2435.5,-2682.5,0,Mph_TU
2355.5,-2673.5,0,Mph_TU
2031.5,-2671.5,0,Mph_TU
2135.5,-2667.5,0,Mph_TU
2052.5,-2657,0,Mph_TU
2360.5,-2655.5,0,Mph_TU
2556,-2653,0,Mph_TU
2390.5,-2660,0,Mph_TU
2008,-2650,0,Mph_TU
2415,-2650,0,Mph_TU
2530.5,-2653,0,Mph_TU
2220,-2635.5,0,Mph_TU
2352,-2636.5,0,Mph_TU
1994,-2630,0,Mph_TU
1968.5,-2629,0,Mph_TU
2085.5,-2645,0,Mph_TU
2059.5,-2628.5,0,Mph_TU
2692,-2635.5,0,Mph_TU
2399,-2626.5,0,Mph_TU
2572.5,-2624.5,0,Mph_TU
2365,-2626,0,Mph_TU
2017,-2625,0,Mph_TU
2103,-2626.5,0,Mph_TU
2595.5,-2618.5,0,Mph_TU
2338,-2610,0,Mph_TU
2062,-2612,0,Mph_TU
2741,-2619.5,0,Mph_TU
2186,-2610.5,0,Mph_TU
2001.5,-2611.5,0,Mph_TU
2249,-2609,0,Mph_TU
2365,-2596,0,Mph_TU
1997.5,-2601,0,Mph_TU
2499,-2591.5,0,Mph_TU
2322,-2582.5,0,Mph_TU
2743.5,-2578,0,Mph_TU
2278.5,-2582.5,0,Mph_TU
2093.5,-2580.5,0,Mph_TU
2498,-2561,0,Mph_TU
2018,-2572.5,0,Mph_TU
2580.5,-2566.5,0,Mph_TU
2608.5,-2548,0,Mph_TU
2278,-2554.5,0,Mph_TU
2005.5,-2551,0,Mph_TU
2397.5,-2548.5,0,Mph_TU
2353,-2552,0,Mph_TU
2208,-2539.5,0,Mph_TU
2719.5,-2542.5,0,Mph_TU
2367.5,-2530.5,0,Mph_TU
2056,-2528.5,0,Mph_TU
2575,-2522.5,0,Mph_TU
1999,-2521.5,0,Mph_TU
2359,-2504,0,Mph_TU
2525.5,-2514,0,Mph_TU
2620.5,-2518.5,0,Mph_TU
2033,-2515.5,0,Mph_TU
2563.5,-2512.5,0,Mph_TU
2307.5,-2492.5,0,Mph_TU
2023,-2490,0,Mph_TU
2689,-2481.5,0,Mph_TU
2163,-2479,0,Mph_TU
2139,-2484.5,0,Mph_TU
2285,-2479.5,0,Mph_TU
2244.5,-2480,0,Mph_TU
2435.5,-2478,0,Mph_TU
2033.5,-2467.5,0,Mph_TU
2096,-2472.5,0,Mph_TU
1980,-2457.5,0,Mph_TU
2368.5,-2455.5,0,Mph_TU
2143.5,-2439.5,0,Mph_TU
2187.5,-2443.5,0,Mph_TU
2349.5,-2441,0,Mph_TU
2200.5,-2421,0,Mph_TU
2472.5,-2420,0,Mph_TU
2248,-2423,0,Mph_TU
315.5,-2156.5,0,Mph_TU
292.5,-2147,0,Mph_TU
326.5,-2139,0,Mph_TU
299,-2126,0,Mph_TU
205,-2070,0,Mph_TU
179,-2057,0,Mph_TU
160,-2045.5,0,Mph_TU
180.5,-2030,0,Mph_TU
273,-2025,0,Mph_TU
241.5,-2019.5,0,Mph_TU
211.5,-2004.5,0,Mph_TU
235,-1974.5,0,Mph_TU
205,-1986,0,Mph_TU
173,-1981,0,Mph_TU
278.5,-1971,0,Mph_TU
340,-1981,0,Mph_TU
295.5,-1970,0,Mph_TU
247.5,-1954.5,0,Mph_TU
250.5,-1941,0,Mph_TU
264,-1938.5,0,Mph_TU
298,-1901.5,0,Mph_TU
-24.5,-1885,0,Mph_TU
1.5,-1866.5,0,Mph_TU
22.5,-1823,0,Mph_TU
-8.5,-1805,0,Mph_TU
209.5,-1815.5,0,Mph_TU
175.5,-1810,0,Mph_TU
45.5,-1805,0,Mph_TU
158,-1798.5,0,Mph_TU
27.5,-1799,0,Mph_TU
-233,-1796.5,0,Mph_TU
-258,-1766,0,Mph_TU
-23,-1745.5,0,Mph_TU
175.5,-1751,0,Mph_TU
334.5,-1747,0,Mph_TU
-256,-1744.5,0,Mph_TU
314,-1744.5,0,Mph_TU
-305,-1731,0,Mph_TU
-215,-1743,0,Mph_TU
-285,-1731.5,0,Mph_TU
153.5,-1719.5,0,Mph_TU
179.5,-1727.5,0,Mph_TU
-238.5,-1723,0,Mph_TU
-268.5,-1718.5,0,Mph_TU
-201,-1733.5,0,Mph_TU
-294,-1718,0,Mph_TU
190.5,-1709.5,0,Mph_TU
-306.5,-1702.5,0,Mph_TU
-282.5,-1708.5,0,Mph_TU
3.5,-1711.5,0,Mph_TU
-193,-1701.5,0,Mph_TU
-281,-1691,0,Mph_TU
202.5,-1693.5,0,Mph_TU
-220,-1689,0,Mph_TU
116,-1695,0,Mph_TU
-238.5,-1684.5,0,Mph_TU
-68,-1678,0,Mph_TU
215,-1680.5,0,Mph_TU
-94,-1673,0,Mph_TU
-262.5,-1670.5,0,Mph_TU
111,-1665,0,Mph_TU
-231,-1664.5,0,Mph_TU
-210,-1664.5,0,Mph_TU
136,-1660.5,0,Mph_TU
-296,-1651,0,Mph_TU
-11.5,-1660.5,0,Mph_TU
188.5,-1649.5,0,Mph_TU
87.5,-1649.5,0,Mph_TU
-66,-1651.5,0,Mph_TU
-124.5,-1637,0,Mph_TU
-254.5,-1631,0,Mph_TU
159,-1627.5,0,Mph_TU
-107,-1620,0,Mph_TU
803.5,-2399,0,Mph_TU
848,-2404.5,0,Mph_TU
784.5,-2380.5,0,Mph_TU
769.5,-2375,0,Mph_TU
902.5,-2389.5,0,Mph_TU
901,-2360,0,Mph_TU
815.5,-2345,0,Mph_TU
1048,-2349,0,Mph_TU
769.5,-2309.5,0,Mph_TU
1032,-2313.5,0,Mph_TU
911,-2304.5,0,Mph_TU
1005.5,-2301,0,Mph_TU
701,-2284,0,Mph_TU
747.5,-2275.5,0,Mph_TU
648.5,-2228.5,0,Mph_TU
715.5,-2202,0,Mph_TU
461.5,-2190.5,0,Mph_TU
645,-2181,0,Mph_TU
395,-2180,0,Mph_TU
940,-2172.5,0,Mph_TU
373,-2165,0,Mph_TU
483.5,-2158.5,0,Mph_TU
401,-2127,0,Mph_TU
371.5,-2125.5,0,Mph_TU
674,-2118,0,Mph_TU
779.5,-2111.5,0,Mph_TU
683,-2100.5,0,Mph_TU
448,-2097,0,Mph_TU
581,-2085.5,0,Mph_TU
419.5,-2096,0,Mph_TU
664,-2084.5,0,Mph_TU
544.5,-2083,0,Mph_TU
419.5,-2068.5,0,Mph_TU
680,-2051,0,Mph_TU
403,-2042.5,0,Mph_TU
659,-2045.5,0,Mph_TU
419,-2006,0,Mph_TU
602,-2005,0,Mph_TU
666.5,-2005.5,0,Mph_TU
817.5,-1988,0,Mph_TU
720,-1980,0,Mph_TU
375.5,-1971,0,Mph_TU
626,-1941,0,Mph_TU
527,-1947.5,0,Mph_TU
383.5,-1936,0,Mph_TU
654.5,-1947.5,0,Mph_TU
621,-1920,0,Mph_TU
712.5,-1912,0,Mph_TU
462.5,-1913,0,Mph_TU
736.5,-1910.5,0,Mph_TU
636,-1902,0,Mph_TU
437.5,-1872.5,0,Mph_TU
541.5,-1853,0,Mph_TU
711,-1856,0,Mph_TU
614.5,-1824,0,Mph_TU
758,-1751,0,Mph_TU
933.5,-1728,0,Mph_TU
699.5,-1696,0,Mph_TU
946,-1694,0,Mph_TU
719,-1688,0,Mph_TU
970.5,-1681.5,0,Mph_TU
865,-1669.5,0,Mph_TU
788,-1663,0,Mph_TU
811,-1654.5,0,Mph_TU
853.5,-1649,0,Mph_TU
958.5,-1650.5,0,Mph_TU
1052,-1639.5,0,Mph_TU
973,-1626.5,0,Mph_TU
1102.5,-1636.5,0,Mph_TU
806,-1624,0,Mph_TU
1920.5,-2415.5,0,Mph_TU
1746,-2406.5,0,Mph_TU
1713.5,-2391,0,Mph_TU
1935,-2386.5,0,Mph_TU
1788.5,-2386,0,Mph_TU
1891,-2377,0,Mph_TU
1855.5,-2354,0,Mph_TU
1269.5,-2359.5,0,Mph_TU
1515.5,-2341,0,Mph_TU
1698,-2345,0,Mph_TU
1867,-2345,0,Mph_TU
1446,-2337.5,0,Mph_TU
1269.5,-2335,0,Mph_TU
1297,-2328.5,0,Mph_TU
1772.5,-2324,0,Mph_TU
1918.5,-2311,0,Mph_TU
1879,-2304.5,0,Mph_TU
1899,-2314,0,Mph_TU
1844.5,-2313,0,Mph_TU
1812.5,-2290,0,Mph_TU
1437,-2287,0,Mph_TU
1404,-2284.5,0,Mph_TU
1377,-2265.5,0,Mph_TU
1676.5,-2260,0,Mph_TU
1320,-2229,0,Mph_TU
1863.5,-2219.5,0,Mph_TU
1657.5,-2221.5,0,Mph_TU
1530.5,-2213.5,0,Mph_TU
1438,-2211,0,Mph_TU
1245.5,-2199.5,0,Mph_TU
1879.5,-2202.5,0,Mph_TU
1666,-2186.5,0,Mph_TU
1476.5,-2182.5,0,Mph_TU
1407.5,-2164.5,0,Mph_TU
1921,-2169,0,Mph_TU
1895,-2157.5,0,Mph_TU
1655,-2150,0,Mph_TU
1681.5,-2150,0,Mph_TU
1491,-2130,0,Mph_TU
1508.5,-2108,0,Mph_TU
1848.5,-2099,0,Mph_TU
1950,-2084,0,Mph_TU
1394,-2069,0,Mph_TU
1525,-2067,0,Mph_TU
1882,-2031.5,0,Mph_TU
1604.5,-2009.5,0,Mph_TU
1581,-2001.5,0,Mph_TU
1621,-2002.5,0,Mph_TU
1537.5,-1995,0,Mph_TU
1569,-1999,0,Mph_TU
1720.5,-1996,0,Mph_TU
1625,-1986,0,Mph_TU
1787,-1978,0,Mph_TU
1567.5,-1971.5,0,Mph_TU
1629,-1959.5,0,Mph_TU
1541.5,-1958.5,0,Mph_TU
1652,-1941,0,Mph_TU
1540.5,-1934.5,0,Mph_TU
1709.5,-1926.5,0,Mph_TU
1553,-1909.5,0,Mph_TU
1530.5,-1906,0,Mph_TU
1740.5,-1902.5,0,Mph_TU
1622.5,-1886.5,0,Mph_TU
1458,-1887,0,Mph_TU
1649,-1885,0,Mph_TU
1676,-1863,0,Mph_TU
1649.5,-1857.5,0,Mph_TU
1521,-1854,0,Mph_TU
1540,-1813,0,Mph_TU
1670,-1786.5,0,Mph_TU
1516.5,-1784,0,Mph_TU
1549.5,-1775.5,0,Mph_TU
1485.5,-1784.5,0,Mph_TU
1865,-1763,0,Mph_TU
1635,-1756.5,0,Mph_TU
1696,-1773.5,0,Mph_TU
1664,-1752.5,0,Mph_TU
1488.5,-1753.5,0,Mph_TU
1705.5,-1748,0,Mph_TU
1682,-1742.5,0,Mph_TU
1649.5,-1727,0,Mph_TU
1670.5,-1722.5,0,Mph_TU
1686,-1721.5,0,Mph_TU
1702,-1701.5,0,Mph_TU
1498,-1708.5,0,Mph_TU
1949.5,-1711.5,0,Mph_TU
1779,-1710,0,Mph_TU
1889,-1695.5,0,Mph_TU
1915.5,-1695,0,Mph_TU
1863.5,-1691.5,0,Mph_TU
1429.5,-1682.5,0,Mph_TU
1479.5,-1675.5,0,Mph_TU
1618,-1646,0,Mph_TU
1644.5,-1651.5,0,Mph_TU
1943.5,-1640.5,0,Mph_TU
1605,-1619.5,0,Mph_TU
1821.5,-1622.5,0,Mph_TU
1486.5,-1618,0,Mph_TU
2512.5,-2408,0,Mph_TU
2235,-2412,0,Mph_TU
2094,-2402.5,0,Mph_TU
2327.5,-2412,0,Mph_TU
2007,-2409.5,0,Mph_TU
2714,-2411,0,Mph_TU
2215.5,-2408.5,0,Mph_TU
2479.5,-2404.5,0,Mph_TU
2681,-2400.5,0,Mph_TU
2526.5,-2397.5,0,Mph_TU
2435,-2395.5,0,Mph_TU
2045,-2395.5,0,Mph_TU
2087.5,-2388,0,Mph_TU
1957.5,-2378,0,Mph_TU
2198,-2369.5,0,Mph_TU
2370,-2374,0,Mph_TU
2025.5,-2365,0,Mph_TU
2529.5,-2370,0,Mph_TU
2340,-2369,0,Mph_TU
2470,-2372,0,Mph_TU
2013.5,-2354,0,Mph_TU
2244,-2365,0,Mph_TU
2333.5,-2349,0,Mph_TU
2376.5,-2350,0,Mph_TU
2471.5,-2342,0,Mph_TU
2312.5,-2341,0,Mph_TU
2326,-2333.5,0,Mph_TU
2700,-2329.5,0,Mph_TU
1979,-2316.5,0,Mph_TU
2521,-2322.5,0,Mph_TU
2636,-2321.5,0,Mph_TU
2602,-2316.5,0,Mph_TU
2634.5,-2303.5,0,Mph_TU
2632,-2282.5,0,Mph_TU
2031.5,-2284.5,0,Mph_TU
2021.5,-2274.5,0,Mph_TU
2706,-2263.5,0,Mph_TU
2688.5,-2257,0,Mph_TU
2047,-2254,0,Mph_TU
2587.5,-2255.5,0,Mph_TU
2304,-2257,0,Mph_TU
2079,-2236,0,Mph_TU
2628,-2238.5,0,Mph_TU
2730.5,-2229,0,Mph_TU
2007.5,-2223,0,Mph_TU
2033.5,-2221.5,0,Mph_TU
2745.5,-2219.5,0,Mph_TU
2536,-2204,0,Mph_TU
2290,-2195,0,Mph_TU
2257,-2189.5,0,Mph_TU
2004,-2183.5,0,Mph_TU
2570,-2186.5,0,Mph_TU
2037.5,-2176,0,Mph_TU
2237.5,-2176.5,0,Mph_TU
2643,-2159.5,0,Mph_TU
2163.5,-2146.5,0,Mph_TU
2726.5,-2161,0,Mph_TU
2439.5,-2156,0,Mph_TU
2503,-2155.5,0,Mph_TU
2521.5,-2153.5,0,Mph_TU
2614.5,-2145.5,0,Mph_TU
2085,-2150.5,0,Mph_TU
2443.5,-2117.5,0,Mph_TU
2211.5,-2120.5,0,Mph_TU
2605,-2119,0,Mph_TU
2292,-2108.5,0,Mph_TU
2200.5,-2094,0,Mph_TU
2452.5,-2082,0,Mph_TU
2702,-2078,0,Mph_TU
2182.5,-2069.5,0,Mph_TU
2530.5,-2081.5,0,Mph_TU
2444.5,-2064.5,0,Mph_TU
2579,-2053.5,0,Mph_TU
2255.5,-2041,0,Mph_TU
2186.5,-2031.5,0,Mph_TU
2211,-2028,0,Mph_TU
2346.5,-2041,0,Mph_TU
2311,-2035.5,0,Mph_TU
2241.5,-2019.5,0,Mph_TU
2126.5,-2014.5,0,Mph_TU
2514,-2024.5,0,Mph_TU
2381,-2019,0,Mph_TU
2409.5,-2015,0,Mph_TU
2088.5,-1980.5,0,Mph_TU
2187,-1989.5,0,Mph_TU
2211.5,-1972,0,Mph_TU
2377.5,-1982.5,0,Mph_TU
2448,-1968.5,0,Mph_TU
2482,-1961,0,Mph_TU
2529,-1945.5,0,Mph_TU
2501,-1951,0,Mph_TU
2348,-1946.5,0,Mph_TU
2443.5,-1944,0,Mph_TU
2372,-1934.5,0,Mph_TU
2322.5,-1941,0,Mph_TU
2356.5,-1912.5,0,Mph_TU
2435,-1917.5,0,Mph_TU
2206,-1918.5,0,Mph_TU
2146,-1885.5,0,Mph_TU
2332,-1876.5,0,Mph_TU
2369,-1860,0,Mph_TU
2411,-1859,0,Mph_TU
2246.5,-1849,0,Mph_TU
2299,-1832.5,0,Mph_TU
2316.5,-1817.5,0,Mph_TU
2202.5,-1815.5,0,Mph_TU
2339.5,-1807,0,Mph_TU
2299,-1802,0,Mph_TU
2181.5,-1794,0,Mph_TU
2323,-1796,0,Mph_TU
2156,-1791.5,0,Mph_TU
1995.5,-1788.5,0,Mph_TU
2252,-1783,0,Mph_TU
2078.5,-1790.5,0,Mph_TU
2278,-1778,0,Mph_TU
2084.5,-1769.5,0,Mph_TU
2083.5,-1749.5,0,Mph_TU
2125,-1744.5,0,Mph_TU
2150.5,-1736,0,Mph_TU
2120.5,-1717.5,0,Mph_TU
2180,-1720.5,0,Mph_TU
2208,-1727.5,0,Mph_TU
2137,-1723,0,Mph_TU
2155,-1696.5,0,Mph_TU
2007.5,-1668.5,0,Mph_TU
2073.5,-1667.5,0,Mph_TU
2096.5,-1673,0,Mph_TU
3010.5,-2417.5,0,Mph_TU
2810.5,-2415,0,Mph_TU
3041,-2414,0,Mph_TU
2869,-2385,0,Mph_TU
2905,-2381,0,Mph_TU
3111.5,-2378.5,0,Mph_TU
2881.5,-2378,0,Mph_TU
2988.5,-2366,0,Mph_TU
2836,-2377.5,0,Mph_TU
2897,-2362,0,Mph_TU
2757,-2369,0,Mph_TU
2782,-2367.5,0,Mph_TU
2806.5,-2363,0,Mph_TU
2846,-2354.5,0,Mph_TU
3002,-2332,0,Mph_TU
3020,-2325,0,Mph_TU
2788,-2312,0,Mph_TU
2805,-2298,0,Mph_TU
2822,-2298,0,Mph_TU
2950,-2293,0,Mph_TU
2933,-2285,0,Mph_TU
2928,-2272,0,Mph_TU
2861,-2263,0,Mph_TU
2888.5,-2256,0,Mph_TU
2871,-2249,0,Mph_TU
2910,-2246,0,Mph_TU
2921.5,-2239,0,Mph_TU
2777.5,-2228,0,Mph_TU
2881.5,-2237.5,0,Mph_TU
2871.5,-2228.5,0,Mph_TU
2905,-2226.5,0,Mph_TU
2855.5,-2210,0,Mph_TU
2763,-2166,0,Mph_TU
2791,-2155.5,0,Mph_TU
-453,-1572.5,0,Mph_TU
-486,-1469,0,Mph_TU
-445,-1460.5,0,Mph_TU
-489.5,-1446.5,0,Mph_TU
-506.5,-1418.5,0,Mph_TU
-457,-1407.5,0,Mph_TU
-455.5,-1391.5,0,Mph_TU
-478.5,-1384.5,0,Mph_TU
-458,-1364,0,Mph_TU
-514,-1374,0,Mph_TU
-555,-1369.5,0,Mph_TU
-520,-1357.5,0,Mph_TU
-495.5,-1345.5,0,Mph_TU
-505.5,-1321.5,0,Mph_TU
-591,-1312,0,Mph_TU
-445.5,-1309.5,0,Mph_TU
-497,-1289,0,Mph_TU
-560,-1293,0,Mph_TU
-589,-1285,0,Mph_TU
-448,-1273.5,0,Mph_TU
-561.5,-1272,0,Mph_TU
-561.5,-1248.5,0,Mph_TU
-553.5,-1231.5,0,Mph_TU
-578,-1198,0,Mph_TU
-505,-1208,0,Mph_TU
-612,-1195.5,0,Mph_TU
-663.5,-1175.5,0,Mph_TU
-585,-1164.5,0,Mph_TU
-507,-1175,0,Mph_TU
-531,-1159.5,0,Mph_TU
-506,-1155,0,Mph_TU
-488,-1165,0,Mph_TU
-606,-1161,0,Mph_TU
-491.5,-1143,0,Mph_TU
-855,-1138.5,0,Mph_TU
-831,-1135.5,0,Mph_TU
-449.5,-1134.5,0,Mph_TU
-591.5,-1133.5,0,Mph_TU
-618.5,-1113.5,0,Mph_TU
-581.5,-1124,0,Mph_TU
-475.5,-1114,0,Mph_TU
-639,-1109.5,0,Mph_TU
-447,-1111,0,Mph_TU
-586,-1099.5,0,Mph_TU
-579,-1072.5,0,Mph_TU
-456.5,-1066.5,0,Mph_TU
-841.5,-1061,0,Mph_TU
-746,-1047.5,0,Mph_TU
-625.5,-1043,0,Mph_TU
-552,-1047,0,Mph_TU
-579,-1044.5,0,Mph_TU
-530.5,-1033,0,Mph_TU
-982,-1026,0,Mph_TU
-756.5,-1019,0,Mph_TU
-508,-1027,0,Mph_TU
-1005,-1019.5,0,Mph_TU
-484,-1020,0,Mph_TU
-781,-987.5,0,Mph_TU
-592,-986.5,0,Mph_TU
-476,-979,0,Mph_TU
-915,-984,0,Mph_TU
-718.5,-982,0,Mph_TU
-460,-967.5,0,Mph_TU
-691,-973,0,Mph_TU
-777.5,-964,0,Mph_TU
-802.5,-965,0,Mph_TU
-749,-955.5,0,Mph_TU
-506,-954,0,Mph_TU
-1031,-950,0,Mph_TU
-933,-950,0,Mph_TU
-788.5,-946.5,0,Mph_TU
-488,-949,0,Mph_TU
-1004.5,-939,0,Mph_TU
-812,-949.5,0,Mph_TU
-688.5,-942.5,0,Mph_TU
-512,-934.5,0,Mph_TU
-622,-947,0,Mph_TU
-831,-935,0,Mph_TU
-940,-935.5,0,Mph_TU
-576,-932.5,0,Mph_TU
-537.5,-926.5,0,Mph_TU
-726,-926.5,0,Mph_TU
-553.5,-923.5,0,Mph_TU
-650.5,-917,0,Mph_TU
-1048,-903,0,Mph_TU
-733,-909.5,0,Mph_TU
-632,-908,0,Mph_TU
-488,-895.5,0,Mph_TU
-744.5,-895.5,0,Mph_TU
-681,-888,0,Mph_TU
-1033.5,-888,0,Mph_TU
-721.5,-879,0,Mph_TU
-750.5,-876.5,0,Mph_TU
-701,-875.5,0,Mph_TU
-459,-865,0,Mph_TU
-659,-860,0,Mph_TU
-513.5,-861.5,0,Mph_TU
-588,-861,0,Mph_TU
-1034,-845.5,0,Mph_TU
-573,-853,0,Mph_TU
-634,-837.5,0,Mph_TU
-554,-848.5,0,Mph_TU
-770,-827.5,0,Mph_TU
-100.5,-1617.5,0,Mph_TU
-68,-1606.5,0,Mph_TU
-354,-1612,0,Mph_TU
-168,-1603.5,0,Mph_TU
-340.5,-1592.5,0,Mph_TU
-136.5,-1591,0,Mph_TU
-106.5,-1586.5,0,Mph_TU
-277.5,-1574,0,Mph_TU
-237,-1559.5,0,Mph_TU
-258.5,-1563,0,Mph_TU
-423.5,-1545,0,Mph_TU
-222.5,-1548,0,Mph_TU
-303.5,-1552.5,0,Mph_TU
-98,-1547.5,0,Mph_TU
-241,-1529,0,Mph_TU
207.5,-1541.5,0,Mph_TU
-268.5,-1524.5,0,Mph_TU
227.5,-1531,0,Mph_TU
-172.5,-1531.5,0,Mph_TU
-426.5,-1521.5,0,Mph_TU
197.5,-1519,0,Mph_TU
242,-1519.5,0,Mph_TU
264,-1531,0,Mph_TU
-120.5,-1514.5,0,Mph_TU
345,-1529,0,Mph_TU
-345.5,-1514.5,0,Mph_TU
-176,-1506.5,0,Mph_TU
-314,-1518.5,0,Mph_TU
-216.5,-1515.5,0,Mph_TU
-270.5,-1513,0,Mph_TU
-397,-1513,0,Mph_TU
257.5,-1503.5,0,Mph_TU
337,-1490.5,0,Mph_TU
-282.5,-1498,0,Mph_TU
-220.5,-1501,0,Mph_TU
-262.5,-1489,0,Mph_TU
85,-1486.5,0,Mph_TU
232,-1481.5,0,Mph_TU
-215.5,-1492,0,Mph_TU
263.5,-1477,0,Mph_TU
-442,-1476.5,0,Mph_TU
-286.5,-1478.5,0,Mph_TU
-232.5,-1467.5,0,Mph_TU
-182.5,-1467,0,Mph_TU
272,-1461.5,0,Mph_TU
-136.5,-1464.5,0,Mph_TU
296,-1455.5,0,Mph_TU
114.5,-1447.5,0,Mph_TU
316,-1459.5,0,Mph_TU
-284,-1456,0,Mph_TU
-443,-1459,0,Mph_TU
-197,-1460.5,0,Mph_TU
85,-1456.5,0,Mph_TU
124.5,-1460.5,0,Mph_TU
-159.5,-1464,0,Mph_TU
-94,-1457,0,Mph_TU
-150.5,-1440,0,Mph_TU
144.5,-1441,0,Mph_TU
10.5,-1448,0,Mph_TU
168,-1430.5,0,Mph_TU
94,-1434,0,Mph_TU
-80,-1434,0,Mph_TU
279,-1414.5,0,Mph_TU
-433.5,-1417,0,Mph_TU
-395.5,-1419.5,0,Mph_TU
-63,-1420.5,0,Mph_TU
-41,-1418,0,Mph_TU
138.5,-1405.5,0,Mph_TU
96.5,-1399,0,Mph_TU
62,-1391,0,Mph_TU
-426,-1392.5,0,Mph_TU
-406.5,-1383.5,0,Mph_TU
-381,-1388.5,0,Mph_TU
113,-1389,0,Mph_TU
283,-1366,0,Mph_TU
-424,-1367.5,0,Mph_TU
121,-1360.5,0,Mph_TU
-349,-1358.5,0,Mph_TU
-242.5,-1365,0,Mph_TU
-435,-1344,0,Mph_TU
-362,-1348,0,Mph_TU
-240,-1333.5,0,Mph_TU
319.5,-1337,0,Mph_TU
-435.5,-1319.5,0,Mph_TU
329.5,-1317.5,0,Mph_TU
134,-1302,0,Mph_TU
104.5,-1298.5,0,Mph_TU
-400.5,-1300.5,0,Mph_TU
329.5,-1297,0,Mph_TU
87,-1293,0,Mph_TU
119.5,-1274,0,Mph_TU
343,-1275,0,Mph_TU
87,-1268,0,Mph_TU
-300.5,-1269.5,0,Mph_TU
30,-1274.5,0,Mph_TU
65.5,-1256.5,0,Mph_TU
48.5,-1262,0,Mph_TU
93,-1247,0,Mph_TU
346,-1254,0,Mph_TU
155,-1250.5,0,Mph_TU
128.5,-1246,0,Mph_TU
-307,-1232,0,Mph_TU
16,-1225.5,0,Mph_TU
337,-1222,0,Mph_TU
311,-1224,0,Mph_TU
-38.5,-1200,0,Mph_TU
173,-1196,0,Mph_TU
-25,-1200,0,Mph_TU
34,-1206.5,0,Mph_TU
57,-1190.5,0,Mph_TU
36.5,-1178,0,Mph_TU
138.5,-1174,0,Mph_TU
91,-1174.5,0,Mph_TU
223,-1164.5,0,Mph_TU
-33,-1164.5,0,Mph_TU
79.5,-1172,0,Mph_TU
165.5,-1168,0,Mph_TU
63,-1159.5,0,Mph_TU
135.5,-1160.5,0,Mph_TU
-3.5,-1155,0,Mph_TU
95.5,-1158.5,0,Mph_TU
156.5,-1155.5,0,Mph_TU
83.5,-1149.5,0,Mph_TU
230,-1149,0,Mph_TU
129,-1135,0,Mph_TU
-74.5,-1151.5,0,Mph_TU
102.5,-1133,0,Mph_TU
153.5,-1131.5,0,Mph_TU
-416.5,-1132,0,Mph_TU
80,-1130,0,Mph_TU
-317.5,-1125.5,0,Mph_TU
87,-1113,0,Mph_TU
-327.5,-1101,0,Mph_TU
-301,-1113.5,0,Mph_TU
138,-1101,0,Mph_TU
-253.5,-1094,0,Mph_TU
-304.5,-1091.5,0,Mph_TU
200,-1093.5,0,Mph_TU
-339.5,-1094,0,Mph_TU
66,-1094.5,0,Mph_TU
-216,-1082.5,0,Mph_TU
-342.5,-1069.5,0,Mph_TU
311.5,-1072.5,0,Mph_TU
-298.5,-1071.5,0,Mph_TU
-324,-1074.5,0,Mph_TU
-248.5,-1068,0,Mph_TU
-328.5,-1048.5,0,Mph_TU
119.5,-1045.5,0,Mph_TU
297.5,-1041,0,Mph_TU
68,-1051,0,Mph_TU
-433,-1048.5,0,Mph_TU
-406.5,-1037,0,Mph_TU
-308.5,-1024,0,Mph_TU
109.5,-1020.5,0,Mph_TU
248.5,-1009.5,0,Mph_TU
356,-1012,0,Mph_TU
189.5,-1005,0,Mph_TU
-226.5,-1005,0,Mph_TU
130,-1003,0,Mph_TU
107,-996.5,0,Mph_TU
-271,-983,0,Mph_TU
-162.5,-978.5,0,Mph_TU
297,-978.5,0,Mph_TU
119.5,-968,0,Mph_TU
101,-965.5,0,Mph_TU
-184.5,-973,0,Mph_TU
317.5,-957.5,0,Mph_TU
-376,-953,0,Mph_TU
-272.5,-958,0,Mph_TU
-353.5,-952.5,0,Mph_TU
-191,-951,0,Mph_TU
-341,-953,0,Mph_TU
68,-958.5,0,Mph_TU
-314,-947.5,0,Mph_TU
-331.5,-946,0,Mph_TU
42.5,-944.5,0,Mph_TU
-361.5,-937,0,Mph_TU
-141.5,-932,0,Mph_TU
-284.5,-930.5,0,Mph_TU
-4,-927,0,Mph_TU
-230,-922,0,Mph_TU
-155,-918.5,0,Mph_TU
-194.5,-922,0,Mph_TU
100,-919.5,0,Mph_TU
-16,-917,0,Mph_TU
135.5,-913,0,Mph_TU
-140,-914,0,Mph_TU
-222.5,-910,0,Mph_TU
167.5,-905,0,Mph_TU
-114,-909,0,Mph_TU
-26.5,-895,0,Mph_TU
-47.5,-893.5,0,Mph_TU
-155,-898,0,Mph_TU
-324.5,-897.5,0,Mph_TU
-289.5,-896.5,0,Mph_TU
98.5,-892,0,Mph_TU
261.5,-888,0,Mph_TU
-309.5,-880.5,0,Mph_TU
-281,-874.5,0,Mph_TU
291.5,-880.5,0,Mph_TU
-410.5,-867,0,Mph_TU
-328,-867.5,0,Mph_TU
84.5,-861.5,0,Mph_TU
225.5,-855.5,0,Mph_TU
-336,-847.5,0,Mph_TU
294,-843.5,0,Mph_TU
332.5,-838.5,0,Mph_TU
702,-1607,0,Mph_TU
997,-1608,0,Mph_TU
429.5,-1609.5,0,Mph_TU
1018,-1606.5,0,Mph_TU
431,-1590.5,0,Mph_TU
726,-1577,0,Mph_TU
978.5,-1586,0,Mph_TU
392,-1593.5,0,Mph_TU
875.5,-1587.5,0,Mph_TU
1099.5,-1582,0,Mph_TU
366.5,-1577.5,0,Mph_TU
479.5,-1570,0,Mph_TU
453.5,-1582.5,0,Mph_TU
913.5,-1560.5,0,Mph_TU
679.5,-1564,0,Mph_TU
451.5,-1556.5,0,Mph_TU
427,-1552.5,0,Mph_TU
445.5,-1540.5,0,Mph_TU
1029,-1539,0,Mph_TU
495,-1527.5,0,Mph_TU
1148,-1528,0,Mph_TU
459.5,-1527,0,Mph_TU
368.5,-1528,0,Mph_TU
513,-1519,0,Mph_TU
533.5,-1514,0,Mph_TU
582.5,-1510.5,0,Mph_TU
1036,-1501,0,Mph_TU
363,-1497.5,0,Mph_TU
428,-1487.5,0,Mph_TU
447,-1477.5,0,Mph_TU
418.5,-1469,0,Mph_TU
1036.5,-1472.5,0,Mph_TU
1090.5,-1480,0,Mph_TU
469,-1469.5,0,Mph_TU
1065,-1477.5,0,Mph_TU
1050,-1467,0,Mph_TU
373.5,-1454,0,Mph_TU
1013,-1458.5,0,Mph_TU
467.5,-1444.5,0,Mph_TU
1066,-1446,0,Mph_TU
446.5,-1434,0,Mph_TU
468,-1416,0,Mph_TU
1001.5,-1410.5,0,Mph_TU
694.5,-1389.5,0,Mph_TU
1074.5,-1386.5,0,Mph_TU
882.5,-1377.5,0,Mph_TU
760,-1376.5,0,Mph_TU
664,-1385,0,Mph_TU
1059.5,-1374.5,0,Mph_TU
969,-1363.5,0,Mph_TU
644.5,-1373,0,Mph_TU
1003.5,-1370,0,Mph_TU
898.5,-1360.5,0,Mph_TU
942,-1365,0,Mph_TU
1080.5,-1365.5,0,Mph_TU
1112,-1354,0,Mph_TU
1050.5,-1352,0,Mph_TU
634,-1355.5,0,Mph_TU
860,-1352,0,Mph_TU
929.5,-1359.5,0,Mph_TU
360.5,-1340.5,0,Mph_TU
702,-1342,0,Mph_TU
504,-1324,0,Mph_TU
468.5,-1315.5,0,Mph_TU
435.5,-1325,0,Mph_TU
444.5,-1301,0,Mph_TU
488,-1298,0,Mph_TU
977,-1307.5,0,Mph_TU
810.5,-1295.5,0,Mph_TU
553,-1292,0,Mph_TU
769.5,-1292.5,0,Mph_TU
357,-1286.5,0,Mph_TU
678,-1287.5,0,Mph_TU
967,-1293,0,Mph_TU
760,-1280.5,0,Mph_TU
992.5,-1292.5,0,Mph_TU
732,-1288,0,Mph_TU
1153.5,-1269.5,0,Mph_TU
453.5,-1270.5,0,Mph_TU
655,-1276,0,Mph_TU
927.5,-1261.5,0,Mph_TU
437.5,-1261.5,0,Mph_TU
485.5,-1263.5,0,Mph_TU
912,-1256.5,0,Mph_TU
1061.5,-1256.5,0,Mph_TU
653.5,-1248.5,0,Mph_TU
1038.5,-1248.5,0,Mph_TU
918,-1235.5,0,Mph_TU
892.5,-1234.5,0,Mph_TU
1019.5,-1238.5,0,Mph_TU
438,-1237,0,Mph_TU
549.5,-1241,0,Mph_TU
950.5,-1240.5,0,Mph_TU
487.5,-1215.5,0,Mph_TU
929,-1232.5,0,Mph_TU
970.5,-1229,0,Mph_TU
668,-1229.5,0,Mph_TU
938.5,-1222.5,0,Mph_TU
364,-1221,0,Mph_TU
729.5,-1216.5,0,Mph_TU
445.5,-1212,0,Mph_TU
591.5,-1210.5,0,Mph_TU
677.5,-1200,0,Mph_TU
750.5,-1207.5,0,Mph_TU
409,-1209,0,Mph_TU
981,-1192.5,0,Mph_TU
407,-1181.5,0,Mph_TU
591.5,-1172.5,0,Mph_TU
951,-1171,0,Mph_TU
1095.5,-1179,0,Mph_TU
1131,-1175,0,Mph_TU
401.5,-1166.5,0,Mph_TU
525.5,-1161.5,0,Mph_TU
1127.5,-1150.5,0,Mph_TU
844,-1151,0,Mph_TU
824,-1150,0,Mph_TU
1152.5,-1137.5,0,Mph_TU
1048.5,-1115.5,0,Mph_TU
782,-1123.5,0,Mph_TU
911,-1122.5,0,Mph_TU
700.5,-1112.5,0,Mph_TU
660.5,-1099.5,0,Mph_TU
584.5,-1091.5,0,Mph_TU
520.5,-1091,0,Mph_TU
475,-1095.5,0,Mph_TU
1103,-1083.5,0,Mph_TU
662.5,-1077,0,Mph_TU
926.5,-1073.5,0,Mph_TU
1074.5,-1071,0,Mph_TU
1154,-1044.5,0,Mph_TU
685,-1030.5,0,Mph_TU
1016.5,-1047.5,0,Mph_TU
960,-1040,0,Mph_TU
797,-1037,0,Mph_TU
1145.5,-1025,0,Mph_TU
537,-1018,0,Mph_TU
1116.5,-1018.5,0,Mph_TU
1102.5,-997.5,0,Mph_TU
903.5,-998.5,0,Mph_TU
664,-992.5,0,Mph_TU
565,-1000.5,0,Mph_TU
1127.5,-998,0,Mph_TU
950.5,-991.5,0,Mph_TU
570,-980,0,Mph_TU
853.5,-980.5,0,Mph_TU
928.5,-983.5,0,Mph_TU
1121.5,-986,0,Mph_TU
1047,-976,0,Mph_TU
1110,-980,0,Mph_TU
1084,-978.5,0,Mph_TU
1126.5,-974,0,Mph_TU
797.5,-974.5,0,Mph_TU
913.5,-968.5,0,Mph_TU
812,-964.5,0,Mph_TU
709,-966,0,Mph_TU
1078,-958.5,0,Mph_TU
735,-961,0,Mph_TU
777.5,-954.5,0,Mph_TU
761.5,-960,0,Mph_TU
605,-957,0,Mph_TU
751,-952,0,Mph_TU
563,-943.5,0,Mph_TU
808.5,-946.5,0,Mph_TU
794,-940,0,Mph_TU
615.5,-935.5,0,Mph_TU
757,-930.5,0,Mph_TU
964.5,-923,0,Mph_TU
915.5,-919,0,Mph_TU
887.5,-908.5,0,Mph_TU
983,-906,0,Mph_TU
921,-896,0,Mph_TU
965,-892,0,Mph_TU
523.5,-881.5,0,Mph_TU
874,-873,0,Mph_TU
812,-861,0,Mph_TU
630.5,-860.5,0,Mph_TU
851.5,-865.5,0,Mph_TU
848,-841,0,Mph_TU
764,-845,0,Mph_TU
785.5,-839,0,Mph_TU
471,-828,0,Mph_TU
733,-825,0,Mph_TU
518,-824.5,0,Mph_TU
690,-832.5,0,Mph_TU
758,-821.5,0,Mph_TU
711,-818,0,Mph_TU
1581,-1612.5,0,Mph_TU
1651,-1617,0,Mph_TU
1896.5,-1599.5,0,Mph_TU
1610,-1607,0,Mph_TU
1804.5,-1591,0,Mph_TU
1827.5,-1593.5,0,Mph_TU
1711,-1573.5,0,Mph_TU
1760,-1588.5,0,Mph_TU
1843,-1574.5,0,Mph_TU
1588,-1570.5,0,Mph_TU
1758,-1576.5,0,Mph_TU
1460,-1575,0,Mph_TU
1485.5,-1569,0,Mph_TU
1646.5,-1555,0,Mph_TU
1491,-1556,0,Mph_TU
1469.5,-1544,0,Mph_TU
1675,-1538,0,Mph_TU
1512.5,-1550.5,0,Mph_TU
1394.5,-1543,0,Mph_TU
1507.5,-1529.5,0,Mph_TU
1531.5,-1531,0,Mph_TU
1512.5,-1517.5,0,Mph_TU
1385.5,-1506.5,0,Mph_TU
1828.5,-1496,0,Mph_TU
1614,-1480.5,0,Mph_TU
1448,-1491,0,Mph_TU
1537.5,-1486.5,0,Mph_TU
1707.5,-1482.5,0,Mph_TU
1639.5,-1478.5,0,Mph_TU
1559,-1459.5,0,Mph_TU
1458,-1448,0,Mph_TU
1460,-1442,0,Mph_TU
1394.5,-1435.5,0,Mph_TU
1674,-1443,0,Mph_TU
1699.5,-1439.5,0,Mph_TU
1724.5,-1430,0,Mph_TU
1477.5,-1422.5,0,Mph_TU
1421,-1421,0,Mph_TU
1556.5,-1422,0,Mph_TU
1540.5,-1425,0,Mph_TU
1715,-1416,0,Mph_TU
1394,-1402,0,Mph_TU
1167.5,-1415.5,0,Mph_TU
1501,-1416.5,0,Mph_TU
1687.5,-1419.5,0,Mph_TU
1623,-1404,0,Mph_TU
1781,-1409.5,0,Mph_TU
1567,-1399,0,Mph_TU
1543.5,-1396,0,Mph_TU
1710.5,-1403.5,0,Mph_TU
1409.5,-1390.5,0,Mph_TU
1230.5,-1390,0,Mph_TU
1720.5,-1390.5,0,Mph_TU
1738,-1390.5,0,Mph_TU
1675,-1376,0,Mph_TU
1405,-1367,0,Mph_TU
1681.5,-1365.5,0,Mph_TU
1656.5,-1353.5,0,Mph_TU
1638.5,-1344.5,0,Mph_TU
1530,-1333.5,0,Mph_TU
1606.5,-1338.5,0,Mph_TU
1444.5,-1336,0,Mph_TU
1575,-1332,0,Mph_TU
1472.5,-1333,0,Mph_TU
1550,-1326.5,0,Mph_TU
1575,-1314.5,0,Mph_TU
1601.5,-1316,0,Mph_TU
1315.5,-1306.5,0,Mph_TU
1296.5,-1294,0,Mph_TU
1245,-1294.5,0,Mph_TU
1328,-1285,0,Mph_TU
1272,-1277.5,0,Mph_TU
1194,-1272,0,Mph_TU
1305,-1274,0,Mph_TU
1388,-1274.5,0,Mph_TU
1291,-1270.5,0,Mph_TU
1338,-1257.5,0,Mph_TU
1522.5,-1276.5,0,Mph_TU
1273.5,-1249.5,0,Mph_TU
1307.5,-1231,0,Mph_TU
1448,-1230,0,Mph_TU
1304,-1207.5,0,Mph_TU
1309,-1199,0,Mph_TU
1338,-1194,0,Mph_TU
1357.5,-1197.5,0,Mph_TU
1379,-1193,0,Mph_TU
1362,-1181,0,Mph_TU
1277,-1132,0,Mph_TU
1301,-1136,0,Mph_TU
1251.5,-1120.5,0,Mph_TU
1297.5,-1117.5,0,Mph_TU
1265.5,-1103.5,0,Mph_TU
1208.5,-1100,0,Mph_TU
1185,-1085.5,0,Mph_TU
1230.5,-1093.5,0,Mph_TU
1218,-1071.5,0,Mph_TU
1168,-1060.5,0,Mph_TU
1990,-1602.5,0,Mph_TU
2060,-1599.5,0,Mph_TU
-1307.5,-635.5,0,Mph_TU
-1299,-510,0,Mph_TU
-1250,-452,0,Mph_TU
-1347.5,-452.5,0,Mph_TU
-1323.5,-428.5,0,Mph_TU
-1369,-415.5,0,Mph_TU
-1328.5,-410,0,Mph_TU
-1312,-413,0,Mph_TU
-1347,-403,0,Mph_TU
-1314.5,-388,0,Mph_TU
-1351,-386.5,0,Mph_TU
-1428.5,-377,0,Mph_TU
-1355.5,-368,0,Mph_TU
-1337.5,-363,0,Mph_TU
-1314,-354.5,0,Mph_TU
-1378.5,-355.5,0,Mph_TU
-1357.5,-352,0,Mph_TU
-1530.5,-346,0,Mph_TU
-1255,-349,0,Mph_TU
-1384,-343.5,0,Mph_TU
-1303,-340,0,Mph_TU
-1282,-328.5,0,Mph_TU
-1387.5,-313,0,Mph_TU
-1414.5,-303.5,0,Mph_TU
-1401,-284,0,Mph_TU
-1535.5,-284.5,0,Mph_TU
-1367,-273.5,0,Mph_TU
-1273,-264,0,Mph_TU
-1259.5,-251.5,0,Mph_TU
-1394.5,-249,0,Mph_TU
-1324.5,-254,0,Mph_TU
-1564.5,-251,0,Mph_TU
-1526.5,-226.5,0,Mph_TU
-1793,-216.5,0,Mph_TU
-1813,-217,0,Mph_TU
-1766,-200,0,Mph_TU
-1556,-192.5,0,Mph_TU
-1595,-178.5,0,Mph_TU
-1411,-172,0,Mph_TU
-1597,-161,0,Mph_TU
-1551.5,-158.5,0,Mph_TU
-1444,-158,0,Mph_TU
-1687.5,-141.5,0,Mph_TU
-1544,-129,0,Mph_TU
-1398,-122,0,Mph_TU
-1770,-127,0,Mph_TU
-1565,-128.5,0,Mph_TU
-1581,-122,0,Mph_TU
-1768,-100,0,Mph_TU
-1359.5,-94.5,0,Mph_TU
-1369.5,-91.5,0,Mph_TU
-1554,-93,0,Mph_TU
-1826.5,-89,0,Mph_TU
-1411.5,-75.5,0,Mph_TU
-1972.5,-65.5,0,Mph_TU
-1371,-74,0,Mph_TU
-1907,-63.5,0,Mph_TU
-1840.5,-69.5,0,Mph_TU
-1783,-67,0,Mph_TU
-1337,-65,0,Mph_TU
-1765.5,-70.5,0,Mph_TU
-1372.5,-57,0,Mph_TU
-1395,-32,0,Mph_TU
-1360,-38.5,0,Mph_TU
-1447,-34,0,Mph_TU
-1337.5,-20.5,0,Mph_TU
-523,-804.5,0,Mph_TU
-556.5,-796,0,Mph_TU
-453,-790,0,Mph_TU
-597.5,-788,0,Mph_TU
-750,-776,0,Mph_TU
-940,-772.5,0,Mph_TU
-509.5,-777,0,Mph_TU
-959.5,-769.5,0,Mph_TU
-473,-756,0,Mph_TU
-863,-749.5,0,Mph_TU
-894.5,-745,0,Mph_TU
-1079,-747,0,Mph_TU
-1187,-740,0,Mph_TU
-800,-728.5,0,Mph_TU
-766,-731,0,Mph_TU
-851,-740,0,Mph_TU
-833,-733.5,0,Mph_TU
-470,-719,0,Mph_TU
-506,-724.5,0,Mph_TU
-1134.5,-722.5,0,Mph_TU
-495.5,-720.5,0,Mph_TU
-1062.5,-724.5,0,Mph_TU
-1110.5,-714.5,0,Mph_TU
-477.5,-707.5,0,Mph_TU
-849,-711.5,0,Mph_TU
-1072.5,-707.5,0,Mph_TU
-1035,-705.5,0,Mph_TU
-821,-707,0,Mph_TU
-1039,-689,0,Mph_TU
-489,-684,0,Mph_TU
-975.5,-698,0,Mph_TU
-1063.5,-682.5,0,Mph_TU
-1022.5,-684,0,Mph_TU
-1098.5,-679.5,0,Mph_TU
-455,-685.5,0,Mph_TU
-983.5,-680,0,Mph_TU
-523,-669,0,Mph_TU
-998.5,-650.5,0,Mph_TU
-888.5,-664.5,0,Mph_TU
-510.5,-655.5,0,Mph_TU
-487.5,-650,0,Mph_TU
-813,-635,0,Mph_TU
-1033.5,-639.5,0,Mph_TU
-610.5,-625.5,0,Mph_TU
-645,-622,0,Mph_TU
-1009.5,-628,0,Mph_TU
-1028.5,-619.5,0,Mph_TU
-839,-619,0,Mph_TU
-787,-608.5,0,Mph_TU
-1044,-612.5,0,Mph_TU
-1134,-618,0,Mph_TU
-1071.5,-612,0,Mph_TU
-868.5,-612,0,Mph_TU
-1102,-594.5,0,Mph_TU
-856,-589.5,0,Mph_TU
-1224,-591.5,0,Mph_TU
-884,-587.5,0,Mph_TU
-970,-580.5,0,Mph_TU
-832.5,-591,0,Mph_TU
-654.5,-573,0,Mph_TU
-841,-573.5,0,Mph_TU
-901,-568.5,0,Mph_TU
-467,-561,0,Mph_TU
-962,-554,0,Mph_TU
-1242.5,-559,0,Mph_TU
-838.5,-557,0,Mph_TU
-883,-551,0,Mph_TU
-858.5,-545.5,0,Mph_TU
-706,-550,0,Mph_TU
-610,-543.5,0,Mph_TU
-903,-543,0,Mph_TU
-634,-540,0,Mph_TU
-525,-533,0,Mph_TU
-1110.5,-537.5,0,Mph_TU
-1041.5,-544,0,Mph_TU
-909.5,-528,0,Mph_TU
-771.5,-521.5,0,Mph_TU
-789,-502.5,0,Mph_TU
-754.5,-513.5,0,Mph_TU
-779.5,-511.5,0,Mph_TU
-912,-497.5,0,Mph_TU
-1130,-500.5,0,Mph_TU
-665,-497.5,0,Mph_TU
-505.5,-503,0,Mph_TU
-814,-496,0,Mph_TU
-596,-486.5,0,Mph_TU
-641,-499.5,0,Mph_TU
-637,-484.5,0,Mph_TU
-949.5,-480,0,Mph_TU
-975.5,-481.5,0,Mph_TU
-696,-481,0,Mph_TU
-943.5,-470,0,Mph_TU
-727,-474,0,Mph_TU
-1205,-473.5,0,Mph_TU
-1184,-469.5,0,Mph_TU
-884,-464.5,0,Mph_TU
-686.5,-464.5,0,Mph_TU
-715,-455,0,Mph_TU
-548,-446,0,Mph_TU
-864,-442.5,0,Mph_TU
-1195.5,-440.5,0,Mph_TU
-1234.5,-443.5,0,Mph_TU
-1148,-442,0,Mph_TU
-946.5,-441,0,Mph_TU
-755.5,-445.5,0,Mph_TU
-1107,-437,0,Mph_TU
-1088.5,-437,0,Mph_TU
-616,-432.5,0,Mph_TU
-978,-435,0,Mph_TU
-956,-437.5,0,Mph_TU
-845,-435.5,0,Mph_TU
-755.5,-406,0,Mph_TU
-1071,-417,0,Mph_TU
-694.5,-408.5,0,Mph_TU
-1048,-410.5,0,Mph_TU
-848,-407,0,Mph_TU
-629.5,-405.5,0,Mph_TU
-734,-406.5,0,Mph_TU
-834.5,-402,0,Mph_TU
-1110,-406.5,0,Mph_TU
-720.5,-387.5,0,Mph_TU
-760.5,-402.5,0,Mph_TU
-655.5,-393.5,0,Mph_TU
-875,-390,0,Mph_TU
-760,-396,0,Mph_TU
-777.5,-390,0,Mph_TU
-903,-395.5,0,Mph_TU
-764.5,-376.5,0,Mph_TU
-480,-368.5,0,Mph_TU
-1107.5,-365,0,Mph_TU
-863,-365,0,Mph_TU
-585.5,-377,0,Mph_TU
-462.5,-362,0,Mph_TU
-892,-351,0,Mph_TU
-758.5,-354,0,Mph_TU
-799,-350.5,0,Mph_TU
-704,-350,0,Mph_TU
-781,-347.5,0,Mph_TU
-1221.5,-344.5,0,Mph_TU
-875,-340,0,Mph_TU
-979,-335.5,0,Mph_TU
-852,-327.5,0,Mph_TU
-541.5,-329.5,0,Mph_TU
-473.5,-332,0,Mph_TU
-796.5,-322,0,Mph_TU
-1057.5,-316,0,Mph_TU
-1127.5,-313.5,0,Mph_TU
-947,-298.5,0,Mph_TU
-787.5,-307,0,Mph_TU
-518.5,-313.5,0,Mph_TU
-1075,-296.5,0,Mph_TU
-1033,-287.5,0,Mph_TU
-701.5,-285,0,Mph_TU
-1106.5,-281,0,Mph_TU
-964.5,-285,0,Mph_TU
-624.5,-295,0,Mph_TU
-1086.5,-290,0,Mph_TU
-918.5,-282,0,Mph_TU
-1086.5,-266,0,Mph_TU
-1060.5,-261,0,Mph_TU
-489.5,-262,0,Mph_TU
-504.5,-255.5,0,Mph_TU
-463.5,-251.5,0,Mph_TU
-578,-233,0,Mph_TU
-767,-239,0,Mph_TU
-663,-232,0,Mph_TU
-694,-217,0,Mph_TU
-804.5,-220,0,Mph_TU
-839,-215.5,0,Mph_TU
-748,-211.5,0,Mph_TU
-476.5,-208,0,Mph_TU
-596.5,-194.5,0,Mph_TU
-701,-190.5,0,Mph_TU
-854.5,-198,0,Mph_TU
-1066,-186.5,0,Mph_TU
-792.5,-194,0,Mph_TU
-606.5,-176.5,0,Mph_TU
-504,-181.5,0,Mph_TU
-779.5,-181,0,Mph_TU
-806,-170.5,0,Mph_TU
-631,-158,0,Mph_TU
-443.5,-157.5,0,Mph_TU
-661.5,-157.5,0,Mph_TU
-1056,-162,0,Mph_TU
-786,-150,0,Mph_TU
-865.5,-153.5,0,Mph_TU
-1051,-149,0,Mph_TU
-893,-145.5,0,Mph_TU
-1077.5,-138.5,0,Mph_TU
-788,-133.5,0,Mph_TU
-1059,-136.5,0,Mph_TU
-1116,-137.5,0,Mph_TU
-489,-142,0,Mph_TU
-1097,-133,0,Mph_TU
-542.5,-119,0,Mph_TU
-958,-113.5,0,Mph_TU
-794,-109,0,Mph_TU
-633,-100.5,0,Mph_TU
-820,-97.5,0,Mph_TU
-806,-89,0,Mph_TU
-1081.5,-85,0,Mph_TU
-1024.5,-83,0,Mph_TU
-650.5,-79.5,0,Mph_TU
-652.5,-61.5,0,Mph_TU
-800,-67,0,Mph_TU
-933.5,-69.5,0,Mph_TU
-1090,-63,0,Mph_TU
-957.5,-72,0,Mph_TU
-1101.5,-59,0,Mph_TU
-897,-53.5,0,Mph_TU
-670,-47.5,0,Mph_TU
-924,-49,0,Mph_TU
-522,-40.5,0,Mph_TU
-988,-25.5,0,Mph_TU
-1046.5,-28.5,0,Mph_TU
-564.5,-40,0,Mph_TU
-604.5,-27,0,Mph_TU
-572.5,-20,0,Mph_TU
301,-811.5,0,Mph_TU
117.5,-804.5,0,Mph_TU
-356.5,-809.5,0,Mph_TU
215.5,-800,0,Mph_TU
282.5,-792,0,Mph_TU
-337.5,-800,0,Mph_TU
-317.5,-801.5,0,Mph_TU
252,-778,0,Mph_TU
-276,-792,0,Mph_TU
194.5,-786.5,0,Mph_TU
-78.5,-775.5,0,Mph_TU
-246.5,-779,0,Mph_TU
19,-783,0,Mph_TU
-131,-771.5,0,Mph_TU
-311.5,-778,0,Mph_TU
-221.5,-782.5,0,Mph_TU
-283.5,-764.5,0,Mph_TU
-266,-764,0,Mph_TU
-91.5,-765.5,0,Mph_TU
-26.5,-770.5,0,Mph_TU
147.5,-768.5,0,Mph_TU
331,-762,0,Mph_TU
166,-761,0,Mph_TU
-373,-771.5,0,Mph_TU
-311.5,-753.5,0,Mph_TU
-186,-753.5,0,Mph_TU
-57.5,-749,0,Mph_TU
229.5,-746.5,0,Mph_TU
-34,-741,0,Mph_TU
-301,-733,0,Mph_TU
89,-717,0,Mph_TU
28,-713.5,0,Mph_TU
197,-728.5,0,Mph_TU
-138,-724.5,0,Mph_TU
-330,-706,0,Mph_TU
67,-717.5,0,Mph_TU
-349,-709,0,Mph_TU
50,-714.5,0,Mph_TU
266.5,-707.5,0,Mph_TU
2.5,-698.5,0,Mph_TU
-365.5,-702.5,0,Mph_TU
191.5,-694.5,0,Mph_TU
63.5,-695,0,Mph_TU
-160,-699.5,0,Mph_TU
-132.5,-693,0,Mph_TU
-269,-684,0,Mph_TU
-317.5,-689,0,Mph_TU
-24.5,-689,0,Mph_TU
117.5,-687.5,0,Mph_TU
-294.5,-676.5,0,Mph_TU
337.5,-681,0,Mph_TU
-410.5,-672.5,0,Mph_TU
-115.5,-674.5,0,Mph_TU
-337.5,-679,0,Mph_TU
-354.5,-672.5,0,Mph_TU
233.5,-658.5,0,Mph_TU
-290.5,-656.5,0,Mph_TU
-154,-657,0,Mph_TU
-174.5,-657,0,Mph_TU
-205.5,-654,0,Mph_TU
208,-650,0,Mph_TU
-135,-645.5,0,Mph_TU
144,-639.5,0,Mph_TU
-192,-639.5,0,Mph_TU
186.5,-636,0,Mph_TU
-370.5,-631,0,Mph_TU
-271,-619.5,0,Mph_TU
99.5,-620,0,Mph_TU
57.5,-621,0,Mph_TU
207.5,-615.5,0,Mph_TU
-88.5,-614.5,0,Mph_TU
-237,-612.5,0,Mph_TU
-290,-604,0,Mph_TU
74,-600,0,Mph_TU
-36,-604,0,Mph_TU
-89,-591,0,Mph_TU
-419,-596.5,0,Mph_TU
244,-585.5,0,Mph_TU
-15,-584,0,Mph_TU
212,-584.5,0,Mph_TU
-78.5,-571.5,0,Mph_TU
207,-561.5,0,Mph_TU
324,-570.5,0,Mph_TU
-11,-563,0,Mph_TU
238.5,-551,0,Mph_TU
-96,-546.5,0,Mph_TU
196,-540.5,0,Mph_TU
-60.5,-543,0,Mph_TU
-130.5,-531.5,0,Mph_TU
-50,-531,0,Mph_TU
264.5,-523,0,Mph_TU
344,-529.5,0,Mph_TU
96,-528,0,Mph_TU
-314.5,-522.5,0,Mph_TU
-114.5,-521,0,Mph_TU
179.5,-520.5,0,Mph_TU
-152.5,-518,0,Mph_TU
-31.5,-518.5,0,Mph_TU
-183,-508.5,0,Mph_TU
86,-513.5,0,Mph_TU
-206.5,-501,0,Mph_TU
-107,-496.5,0,Mph_TU
315.5,-500,0,Mph_TU
260.5,-499,0,Mph_TU
-228,-500,0,Mph_TU
-175.5,-495,0,Mph_TU
239.5,-500.5,0,Mph_TU
-291,-493.5,0,Mph_TU
-257,-483.5,0,Mph_TU
-313.5,-481,0,Mph_TU
307.5,-466.5,0,Mph_TU
-156.5,-472.5,0,Mph_TU
339.5,-478,0,Mph_TU
-182.5,-472,0,Mph_TU
241,-472,0,Mph_TU
328.5,-467.5,0,Mph_TU
-225,-463,0,Mph_TU
-353,-461.5,0,Mph_TU
74.5,-458,0,Mph_TU
207,-454,0,Mph_TU
-324,-456.5,0,Mph_TU
193,-456,0,Mph_TU
339,-446.5,0,Mph_TU
-302,-451.5,0,Mph_TU
275,-448,0,Mph_TU
254,-448,0,Mph_TU
313.5,-442,0,Mph_TU
240.5,-427,0,Mph_TU
203.5,-430,0,Mph_TU
277.5,-425,0,Mph_TU
39.5,-428.5,0,Mph_TU
64.5,-422,0,Mph_TU
-7.5,-421.5,0,Mph_TU
102,-418,0,Mph_TU
-71,-415,0,Mph_TU
249,-405.5,0,Mph_TU
-413.5,-401,0,Mph_TU
281.5,-399,0,Mph_TU
143,-398.5,0,Mph_TU
207,-395,0,Mph_TU
173,-380,0,Mph_TU
59.5,-380.5,0,Mph_TU
-396.5,-389,0,Mph_TU
-16,-365,0,Mph_TU
79,-379,0,Mph_TU
245,-378,0,Mph_TU
292,-374,0,Mph_TU
263,-367,0,Mph_TU
101.5,-364.5,0,Mph_TU
54,-363.5,0,Mph_TU
122.5,-359,0,Mph_TU
23,-350,0,Mph_TU
230,-359,0,Mph_TU
-376.5,-356.5,0,Mph_TU
246.5,-342,0,Mph_TU
149,-352,0,Mph_TU
-174,-351,0,Mph_TU
-393.5,-341,0,Mph_TU
222.5,-341.5,0,Mph_TU
-138,-341,0,Mph_TU
-406,-328.5,0,Mph_TU
195.5,-337,0,Mph_TU
-158.5,-340.5,0,Mph_TU
158.5,-328.5,0,Mph_TU
228.5,-325,0,Mph_TU
-287.5,-316.5,0,Mph_TU
218.5,-317,0,Mph_TU
23,-319,0,Mph_TU
190,-310,0,Mph_TU
-44.5,-319.5,0,Mph_TU
-193.5,-315,0,Mph_TU
61.5,-314,0,Mph_TU
199,-299,0,Mph_TU
124.5,-312,0,Mph_TU
-27.5,-314,0,Mph_TU
32,-299.5,0,Mph_TU
-406.5,-302.5,0,Mph_TU
-214.5,-311.5,0,Mph_TU
136,-306,0,Mph_TU
161.5,-302,0,Mph_TU
107.5,-296,0,Mph_TU
152,-295,0,Mph_TU
84,-297.5,0,Mph_TU
-435.5,-282.5,0,Mph_TU
-419.5,-295,0,Mph_TU
130,-290,0,Mph_TU
-206,-290.5,0,Mph_TU
43,-279,0,Mph_TU
72.5,-282,0,Mph_TU
5,-275,0,Mph_TU
163.5,-265.5,0,Mph_TU
-190,-254.5,0,Mph_TU
-250.5,-253,0,Mph_TU
-435.5,-249.5,0,Mph_TU
-313.5,-253.5,0,Mph_TU
-150.5,-249.5,0,Mph_TU
112.5,-252.5,0,Mph_TU
-169.5,-252,0,Mph_TU
99.5,-235,0,Mph_TU
-318.5,-235.5,0,Mph_TU
-96.5,-240.5,0,Mph_TU
-130.5,-235,0,Mph_TU
-367,-230,0,Mph_TU
-67,-230.5,0,Mph_TU
128.5,-232.5,0,Mph_TU
-435.5,-225,0,Mph_TU
-338,-226,0,Mph_TU
-98.5,-224.5,0,Mph_TU
102.5,-216.5,0,Mph_TU
-79.5,-204.5,0,Mph_TU
-143.5,-219.5,0,Mph_TU
-397,-207.5,0,Mph_TU
-128,-210.5,0,Mph_TU
-366,-202.5,0,Mph_TU
-145.5,-198.5,0,Mph_TU
-435,-193.5,0,Mph_TU
-128.5,-194.5,0,Mph_TU
-89,-187.5,0,Mph_TU
-106.5,-179,0,Mph_TU
-373,-177.5,0,Mph_TU
-120,-171,0,Mph_TU
-297,-179.5,0,Mph_TU
-202,-170.5,0,Mph_TU
-442.5,-171,0,Mph_TU
-186,-173,0,Mph_TU
-137.5,-168.5,0,Mph_TU
-406.5,-162,0,Mph_TU
-144.5,-146.5,0,Mph_TU
-182,-145,0,Mph_TU
-79,-143.5,0,Mph_TU
-253,-148,0,Mph_TU
-119.5,-145.5,0,Mph_TU
-221.5,-139,0,Mph_TU
-159,-112.5,0,Mph_TU
-394,-124.5,0,Mph_TU
-101.5,-122,0,Mph_TU
-130,-117,0,Mph_TU
-211.5,-105,0,Mph_TU
-117.5,-85,0,Mph_TU
-328,-76,0,Mph_TU
-315,-72,0,Mph_TU
-346.5,-66.5,0,Mph_TU
-304,-52.5,0,Mph_TU
-261,-52.5,0,Mph_TU
-220,-50.5,0,Mph_TU
-266.5,-41,0,Mph_TU
-335,-41.5,0,Mph_TU
711,-817.5,0,Mph_TU
686.5,-814,0,Mph_TU
460,-808.5,0,Mph_TU
608,-809,0,Mph_TU
470.5,-801.5,0,Mph_TU
647,-808,0,Mph_TU
578.5,-798.5,0,Mph_TU
784,-783,0,Mph_TU
653.5,-777.5,0,Mph_TU
598,-760,0,Mph_TU
554.5,-782,0,Mph_TU
571.5,-770,0,Mph_TU
625,-769,0,Mph_TU
674,-761.5,0,Mph_TU
639,-768.5,0,Mph_TU
371,-763,0,Mph_TU
582.5,-759.5,0,Mph_TU
691,-755.5,0,Mph_TU
660.5,-736.5,0,Mph_TU
574.5,-749.5,0,Mph_TU
635,-752,0,Mph_TU
701.5,-742,0,Mph_TU
511.5,-744.5,0,Mph_TU
612,-743.5,0,Mph_TU
539,-735.5,0,Mph_TU
476,-743.5,0,Mph_TU
524,-736.5,0,Mph_TU
630,-728,0,Mph_TU
569,-726,0,Mph_TU
499,-727,0,Mph_TU
671.5,-726,0,Mph_TU
556,-716.5,0,Mph_TU
705.5,-714.5,0,Mph_TU
394.5,-718,0,Mph_TU
489,-707.5,0,Mph_TU
402,-694,0,Mph_TU
467.5,-703.5,0,Mph_TU
719,-700.5,0,Mph_TU
663.5,-705.5,0,Mph_TU
578.5,-690.5,0,Mph_TU
503.5,-682.5,0,Mph_TU
423.5,-679.5,0,Mph_TU
526.5,-680,0,Mph_TU
450,-676.5,0,Mph_TU
474.5,-670.5,0,Mph_TU
473,-649.5,0,Mph_TU
481.5,-619,0,Mph_TU
455,-625.5,0,Mph_TU
421,-625.5,0,Mph_TU
406,-566,0,Mph_TU
376.5,-564,0,Mph_TU
427,-566.5,0,Mph_TU
430.5,-551.5,0,Mph_TU
359,-466,0,Mph_TU
370.5,-439,0,Mph_TU
384.5,-423,0,Mph_TU
371.5,-403,0,Mph_TU
-2906,753.5,0,Mph_TU
-2166.5,128.5,0,Mph_TU
-2393,140.5,0,Mph_TU
-2397,156,0,Mph_TU
-2082,146.5,0,Mph_TU
-2178,154.5,0,Mph_TU
-2416,173.5,0,Mph_TU
-2078.5,170.5,0,Mph_TU
-2107.5,171.5,0,Mph_TU
-2283.5,164,0,Mph_TU
-2182.5,174,0,Mph_TU
-2395.5,175,0,Mph_TU
-2211,178,0,Mph_TU
-2118.5,185,0,Mph_TU
-2400,199,0,Mph_TU
-2382,206,0,Mph_TU
-2305,223.5,0,Mph_TU
-2397,228,0,Mph_TU
-2102.5,229.5,0,Mph_TU
-2083.5,237.5,0,Mph_TU
-2339,249,0,Mph_TU
-2346.5,260,0,Mph_TU
-2279,274,0,Mph_TU
-2075.5,287,0,Mph_TU
-2287.5,295,0,Mph_TU
-2506.5,292,0,Mph_TU
-2186,299.5,0,Mph_TU
-2485,308,0,Mph_TU
-2194.5,307.5,0,Mph_TU
-2499.5,313,0,Mph_TU
-2450.5,322,0,Mph_TU
-2288.5,321,0,Mph_TU
-2122,329.5,0,Mph_TU
-2499.5,337,0,Mph_TU
-2196.5,337.5,0,Mph_TU
-2435.5,332,0,Mph_TU
-2297.5,337.5,0,Mph_TU
-2485,353.5,0,Mph_TU
-2449.5,364.5,0,Mph_TU
-2330.5,350.5,0,Mph_TU
-2296,362,0,Mph_TU
-2233,353,0,Mph_TU
-2134.5,357.5,0,Mph_TU
-2504.5,365,0,Mph_TU
-2313.5,365.5,0,Mph_TU
-2150,365,0,Mph_TU
-2333,369.5,0,Mph_TU
-2253,363,0,Mph_TU
-2167.5,363,0,Mph_TU
-2526.5,378,0,Mph_TU
-2232.5,382.5,0,Mph_TU
-2176.5,377,0,Mph_TU
-2418,379,0,Mph_TU
-2249.5,389.5,0,Mph_TU
-2391.5,381.5,0,Mph_TU
-2183,381,0,Mph_TU
-2169,403.5,0,Mph_TU
-2239,407.5,0,Mph_TU
-2566.5,419,0,Mph_TU
-2317.5,425.5,0,Mph_TU
-2462,425,0,Mph_TU
-2162,431.5,0,Mph_TU
-2721,447,0,Mph_TU
-2197.5,444.5,0,Mph_TU
-2155,448,0,Mph_TU
-2380,460.5,0,Mph_TU
-2353,463.5,0,Mph_TU
-2162,470,0,Mph_TU
-2208,477,0,Mph_TU
-2528,482,0,Mph_TU
-2260,489.5,0,Mph_TU
-2050.5,489.5,0,Mph_TU
-2275,487.5,0,Mph_TU
-2212.5,494.5,0,Mph_TU
-2326,507.5,0,Mph_TU
-2298,510,0,Mph_TU
-2509.5,503,0,Mph_TU
-2538.5,507,0,Mph_TU
-2482.5,510,0,Mph_TU
-2209.5,510.5,0,Mph_TU
-2704.5,521,0,Mph_TU
-2276.5,527,0,Mph_TU
-2677,526,0,Mph_TU
-2494.5,517.5,0,Mph_TU
-2462,522,0,Mph_TU
-2521,522,0,Mph_TU
-2656.5,517.5,0,Mph_TU
-2720,525,0,Mph_TU
-2642.5,523.5,0,Mph_TU
-2552.5,531,0,Mph_TU
-2310.5,541.5,0,Mph_TU
-2449.5,533.5,0,Mph_TU
-2501,539,0,Mph_TU
-2650.5,534,0,Mph_TU
-2627,542.5,0,Mph_TU
-2484.5,536,0,Mph_TU
-2534.5,534,0,Mph_TU
-2523.5,541.5,0,Mph_TU
-2693,550,0,Mph_TU
-2460.5,554.5,0,Mph_TU
-2446.5,551.5,0,Mph_TU
-2725.5,549.5,0,Mph_TU
-2550,549,0,Mph_TU
-2489,559.5,0,Mph_TU
-2645,551,0,Mph_TU
-2499.5,555.5,0,Mph_TU
-2523,558.5,0,Mph_TU
-2364,558.5,0,Mph_TU
-2534.5,562.5,0,Mph_TU
-2631,566.5,0,Mph_TU
-2704,565.5,0,Mph_TU
-2463.5,575.5,0,Mph_TU
-2405,579,0,Mph_TU
-2795,587,0,Mph_TU
-2513.5,579,0,Mph_TU
-2772,590.5,0,Mph_TU
-2603.5,589.5,0,Mph_TU
-2433,587,0,Mph_TU
-2483.5,590,0,Mph_TU
-2221.5,593,0,Mph_TU
-2351,589.5,0,Mph_TU
-2628,593,0,Mph_TU
-2323,587,0,Mph_TU
-2500,602,0,Mph_TU
-2334,615,0,Mph_TU
-2671,603.5,0,Mph_TU
-2636,604.5,0,Mph_TU
-2598,606.5,0,Mph_TU
-2240.5,603.5,0,Mph_TU
-2478.5,617.5,0,Mph_TU
-2051.5,607.5,0,Mph_TU
-2613,611.5,0,Mph_TU
-2508.5,613.5,0,Mph_TU
-2260,618.5,0,Mph_TU
-2652,620,0,Mph_TU
-2670,628,0,Mph_TU
-2538,624.5,0,Mph_TU
-2350,626,0,Mph_TU
-2640,634,0,Mph_TU
-2681.5,632.5,0,Mph_TU
-2501.5,629,0,Mph_TU
-2373.5,624,0,Mph_TU
-2244,630.5,0,Mph_TU
-2799.5,631.5,0,Mph_TU
-2511.5,641,0,Mph_TU
-2380.5,639,0,Mph_TU
-2306.5,645.5,0,Mph_TU
-2368.5,650,0,Mph_TU
-2524,647.5,0,Mph_TU
-2529,664.5,0,Mph_TU
-2801.5,655.5,0,Mph_TU
-2625.5,656.5,0,Mph_TU
-2226,657,0,Mph_TU
-2506.5,659,0,Mph_TU
-2351.5,660,0,Mph_TU
-2780,663.5,0,Mph_TU
-2370.5,667,0,Mph_TU
-2479.5,669.5,0,Mph_TU
-2460.5,671,0,Mph_TU
-2818,690,0,Mph_TU
-2448,689,0,Mph_TU
-2252.5,684.5,0,Mph_TU
-2575,688.5,0,Mph_TU
-2742.5,686,0,Mph_TU
-2465,685.5,0,Mph_TU
-2360,692.5,0,Mph_TU
-2596.5,681,0,Mph_TU
-2409.5,695.5,0,Mph_TU
-2469.5,700.5,0,Mph_TU
-2548,708,0,Mph_TU
-2515.5,713.5,0,Mph_TU
-2258,713.5,0,Mph_TU
-2455,716.5,0,Mph_TU
-2396.5,708,0,Mph_TU
-2268.5,725.5,0,Mph_TU
-2595.5,730,0,Mph_TU
-2396,726.5,0,Mph_TU
-2454,738,0,Mph_TU
-2725,734,0,Mph_TU
-2554.5,732.5,0,Mph_TU
-2475,746.5,0,Mph_TU
-2389.5,742,0,Mph_TU
-2327.5,737,0,Mph_TU
-2747,750,0,Mph_TU
-2596.5,750,0,Mph_TU
-2620,746,0,Mph_TU
-2409,751,0,Mph_TU
-2390.5,763.5,0,Mph_TU
-2419.5,762,0,Mph_TU
-2308.5,779,0,Mph_TU
-2332,776,0,Mph_TU
-2238,776,0,Mph_TU
-2696,776,0,Mph_TU
-2423,775.5,0,Mph_TU
-1356.5,-14,0,Mph_TU
-1321,-7.5,0,Mph_TU
-1381,3,0,Mph_TU
-1411.5,9,0,Mph_TU
-1364.5,4,0,Mph_TU
-1344.5,41,0,Mph_TU
-1532,56,0,Mph_TU
-1318,52,0,Mph_TU
-1469.5,62.5,0,Mph_TU
-1508,71.5,0,Mph_TU
-1320.5,67.5,0,Mph_TU
-1490.5,76,0,Mph_TU
-1578,70,0,Mph_TU
-1802,80,0,Mph_TU
-1546.5,80,0,Mph_TU
-1312,88.5,0,Mph_TU
-1472,93,0,Mph_TU
-1821,94,0,Mph_TU
-1802,96.5,0,Mph_TU
-1849.5,100,0,Mph_TU
-1548.5,106.5,0,Mph_TU
-1833,108,0,Mph_TU
-1849.5,118.5,0,Mph_TU
-1515,106.5,0,Mph_TU
-1653,108.5,0,Mph_TU
-1810,125,0,Mph_TU
-1886,120.5,0,Mph_TU
-1380,131.5,0,Mph_TU
-1918.5,136.5,0,Mph_TU
-1864.5,127.5,0,Mph_TU
-1997.5,141.5,0,Mph_TU
-1944.5,137,0,Mph_TU
-1894.5,139.5,0,Mph_TU
-1971.5,135,0,Mph_TU
-1479,130,0,Mph_TU
-1464,135.5,0,Mph_TU
-1962.5,152.5,0,Mph_TU
-1279,153.5,0,Mph_TU
-1458,159.5,0,Mph_TU
-1993,160.5,0,Mph_TU
-1951.5,168.5,0,Mph_TU
-1650,167,0,Mph_TU
-1756,160,0,Mph_TU
-1289.5,174.5,0,Mph_TU
-1733,174.5,0,Mph_TU
-1555.5,170,0,Mph_TU
-1436.5,176.5,0,Mph_TU
-1510,170.5,0,Mph_TU
-1348.5,178.5,0,Mph_TU
-1451,190.5,0,Mph_TU
-1641.5,194,0,Mph_TU
-1272.5,197,0,Mph_TU
-1718,189.5,0,Mph_TU
-1880.5,200,0,Mph_TU
-1762.5,194.5,0,Mph_TU
-1666,192,0,Mph_TU
-1405,206.5,0,Mph_TU
-1739.5,203,0,Mph_TU
-1247,200,0,Mph_TU
-1780.5,199,0,Mph_TU
-1668.5,203,0,Mph_TU
-1901,209.5,0,Mph_TU
-1693.5,205.5,0,Mph_TU
-1638.5,222.5,0,Mph_TU
-1520,215.5,0,Mph_TU
-1456,217.5,0,Mph_TU
-1329.5,224.5,0,Mph_TU
-1783.5,224.5,0,Mph_TU
-1747,222.5,0,Mph_TU
-1832.5,227,0,Mph_TU
-1390,232.5,0,Mph_TU
-1427,231,0,Mph_TU
-1848.5,236.5,0,Mph_TU
-1647.5,235.5,0,Mph_TU
-1375,232.5,0,Mph_TU
-2025.5,238.5,0,Mph_TU
-1818,238.5,0,Mph_TU
-1798.5,238.5,0,Mph_TU
-1403.5,243,0,Mph_TU
-1550.5,247,0,Mph_TU
-1830,248.5,0,Mph_TU
-1314,253,0,Mph_TU
-1254.5,263,0,Mph_TU
-2015.5,263,0,Mph_TU
-1860,260.5,0,Mph_TU
-1384,257.5,0,Mph_TU
-1793.5,263.5,0,Mph_TU
-1843,263.5,0,Mph_TU
-1825,273.5,0,Mph_TU
-1855,286,0,Mph_TU
-1665,282.5,0,Mph_TU
-1751,289.5,0,Mph_TU
-1954.5,294,0,Mph_TU
-1731.5,287,0,Mph_TU
-1975.5,301.5,0,Mph_TU
-1737,307,0,Mph_TU
-1252.5,313.5,0,Mph_TU
-1746,325.5,0,Mph_TU
-1451.5,330.5,0,Mph_TU
-1668.5,336.5,0,Mph_TU
-1473.5,341,0,Mph_TU
-1747.5,349,0,Mph_TU
-1782,351,0,Mph_TU
-1801.5,348,0,Mph_TU
-1958,369,0,Mph_TU
-1990,363,0,Mph_TU
-1999,375.5,0,Mph_TU
-1815.5,420,0,Mph_TU
-1933,418.5,0,Mph_TU
-1993.5,424.5,0,Mph_TU
-2038,427.5,0,Mph_TU
-1759,444,0,Mph_TU
-1422,441.5,0,Mph_TU
-1791,445.5,0,Mph_TU
-1726.5,450,0,Mph_TU
-1832.5,435.5,0,Mph_TU
-2021,441,0,Mph_TU
-1831,456.5,0,Mph_TU
-1758.5,469.5,0,Mph_TU
-2012,475.5,0,Mph_TU
-1796.5,467,0,Mph_TU
-1882,480.5,0,Mph_TU
-2029.5,491,0,Mph_TU
-1769.5,483.5,0,Mph_TU
-1860.5,485,0,Mph_TU
-1791.5,486.5,0,Mph_TU
-1810,494.5,0,Mph_TU
-1756,494,0,Mph_TU
-1834,495,0,Mph_TU
-2011.5,496.5,0,Mph_TU
-1746.5,500.5,0,Mph_TU
-1774.5,503,0,Mph_TU
-1283,506.5,0,Mph_TU
-1793,507.5,0,Mph_TU
-2013.5,512,0,Mph_TU
-1809.5,519.5,0,Mph_TU
-1830,522,0,Mph_TU
-2003,528.5,0,Mph_TU
-1852,545.5,0,Mph_TU
-1977,570,0,Mph_TU
-1784.5,570.5,0,Mph_TU
-2026,607.5,0,Mph_TU
-1910,641,0,Mph_TU
-1785,670,0,Mph_TU
-1752.5,674,0,Mph_TU
-1764,705.5,0,Mph_TU
-1782,715.5,0,Mph_TU
-1560.5,711.5,0,Mph_TU
-1429.5,726.5,0,Mph_TU
-1550.5,733.5,0,Mph_TU
-1461.5,746,0,Mph_TU
-1484.5,736.5,0,Mph_TU
-1565,757.5,0,Mph_TU
-1527,756,0,Mph_TU
-1479.5,758,0,Mph_TU
-1546.5,758,0,Mph_TU
-1437,762,0,Mph_TU
-1470,780.5,0,Mph_TU
-1906,768.5,0,Mph_TU
-1550,782,0,Mph_TU
-1006,-17.5,0,Mph_TU
-503.5,-16.5,0,Mph_TU
-536,-10,0,Mph_TU
-1025.5,-5,0,Mph_TU
-557.5,-14,0,Mph_TU
-743.5,-0.5,0,Mph_TU
-845,-0.5,0,Mph_TU
-636.5,-3.5,0,Mph_TU
-594.5,-0.5,0,Mph_TU
-567,-2,0,Mph_TU
-878.5,8,0,Mph_TU
-533.5,10,0,Mph_TU
-570.5,16,0,Mph_TU
-714,31,0,Mph_TU
-1056.5,43,0,Mph_TU
-821,39,0,Mph_TU
-727.5,52.5,0,Mph_TU
-1028.5,56.5,0,Mph_TU
-743.5,52,0,Mph_TU
-718,76,0,Mph_TU
-1037.5,70,0,Mph_TU
-654.5,68.5,0,Mph_TU
-876,72,0,Mph_TU
-607,80.5,0,Mph_TU
-863.5,82,0,Mph_TU
-846,91,0,Mph_TU
-653.5,94.5,0,Mph_TU
-588.5,94,0,Mph_TU
-696.5,105,0,Mph_TU
-617,97.5,0,Mph_TU
-851.5,108,0,Mph_TU
-714.5,105.5,0,Mph_TU
-742,114,0,Mph_TU
-565.5,129.5,0,Mph_TU
-879.5,131.5,0,Mph_TU
-796,129,0,Mph_TU
-1019.5,146.5,0,Mph_TU
-850,157,0,Mph_TU
-687.5,156.5,0,Mph_TU
-995,153.5,0,Mph_TU
-1190.5,169.5,0,Mph_TU
-1014,166.5,0,Mph_TU
-643.5,169,0,Mph_TU
-1027,175,0,Mph_TU
-961,167,0,Mph_TU
-851,196,0,Mph_TU
-1108.5,189,0,Mph_TU
-957,190.5,0,Mph_TU
-1188.5,198,0,Mph_TU
-519.5,186,0,Mph_TU
-1035.5,203,0,Mph_TU
-806,191.5,0,Mph_TU
-782.5,194,0,Mph_TU
-1203.5,198.5,0,Mph_TU
-501,194,0,Mph_TU
-1157.5,209,0,Mph_TU
-1227,200.5,0,Mph_TU
-1129,202.5,0,Mph_TU
-893,204.5,0,Mph_TU
-927,213,0,Mph_TU
-512,220,0,Mph_TU
-793,214,0,Mph_TU
-1112,224,0,Mph_TU
-624,223.5,0,Mph_TU
-1095,231,0,Mph_TU
-785.5,248,0,Mph_TU
-1168.5,230,0,Mph_TU
-1198.5,230.5,0,Mph_TU
-1241.5,238,0,Mph_TU
-810,252.5,0,Mph_TU
-1175,269.5,0,Mph_TU
-761.5,274,0,Mph_TU
-952.5,293.5,0,Mph_TU
-968,311.5,0,Mph_TU
-941.5,308,0,Mph_TU
-1074.5,307.5,0,Mph_TU
-1039.5,311,0,Mph_TU
-999.5,314,0,Mph_TU
-1033,322.5,0,Mph_TU
-940.5,338,0,Mph_TU
-1027,333.5,0,Mph_TU
-1219.5,341.5,0,Mph_TU
-947.5,350,0,Mph_TU
-996.5,354,0,Mph_TU
-840.5,350.5,0,Mph_TU
-859.5,345,0,Mph_TU
-1012.5,352,0,Mph_TU
-1193.5,357.5,0,Mph_TU
-1171.5,367.5,0,Mph_TU
-834.5,369.5,0,Mph_TU
-1202,396.5,0,Mph_TU
-849.5,393,0,Mph_TU
-1191.5,410.5,0,Mph_TU
-1174,412,0,Mph_TU
-1061.5,426.5,0,Mph_TU
-1037.5,431,0,Mph_TU
-947,429,0,Mph_TU
-1071,440.5,0,Mph_TU
-1050.5,448,0,Mph_TU
-905,448.5,0,Mph_TU
-874,443,0,Mph_TU
-1034.5,455,0,Mph_TU
-908.5,468.5,0,Mph_TU
-821.5,493,0,Mph_TU
-1063.5,507.5,0,Mph_TU
-898.5,513.5,0,Mph_TU
-922,528,0,Mph_TU
-782,542.5,0,Mph_TU
-809.5,548.5,0,Mph_TU
-1076,546.5,0,Mph_TU
-1097,553.5,0,Mph_TU
-1056.5,545.5,0,Mph_TU
-1228,564.5,0,Mph_TU
-1103,568.5,0,Mph_TU
-1031,589.5,0,Mph_TU
-956,588,0,Mph_TU
-1206,606.5,0,Mph_TU
-980.5,615.5,0,Mph_TU
-957,607,0,Mph_TU
-1155,614.5,0,Mph_TU
-1034,623.5,0,Mph_TU
-1146.5,634.5,0,Mph_TU
-983,639.5,0,Mph_TU
-858.5,636.5,0,Mph_TU
-993,663,0,Mph_TU
-1017.5,658.5,0,Mph_TU
-1162.5,668,0,Mph_TU
-910.5,675.5,0,Mph_TU
-1057.5,678,0,Mph_TU
-831.5,695,0,Mph_TU
-852.5,690.5,0,Mph_TU
-983,698,0,Mph_TU
-902.5,699.5,0,Mph_TU
-857.5,711,0,Mph_TU
-910.5,719,0,Mph_TU
-947.5,737.5,0,Mph_TU
-988,728,0,Mph_TU
-1153.5,729,0,Mph_TU
-861,744,0,Mph_TU
-977.5,760.5,0,Mph_TU
-940.5,755.5,0,Mph_TU
-4117.5,1501.5,0,Mph_TU
-3970,1490,0,Mph_TU
-3946,1503,0,Mph_TU
-4003.5,1505,0,Mph_TU
-3828,1510,0,Mph_TU
-3927,1518,0,Mph_TU
-3781.5,1530,0,Mph_TU
-3951,1528,0,Mph_TU
-3938,1538.5,0,Mph_TU
-3708.5,1538,0,Mph_TU
-3782.5,1552.5,0,Mph_TU
-3806.5,1559.5,0,Mph_TU
-3700.5,1563,0,Mph_TU
-3834,1565.5,0,Mph_TU
-4263,1561,0,Mph_TU
-3650.5,1572,0,Mph_TU
-3791.5,1582,0,Mph_TU
-3923.5,1577.5,0,Mph_TU
-2868.5,834,0,Mph_TU
-2988,922.5,0,Mph_TU
-2921,948,0,Mph_TU
-2911.5,968.5,0,Mph_TU
-3023.5,975,0,Mph_TU
-2902.5,987,0,Mph_TU
-3032.5,995.5,0,Mph_TU
-2957,1028.5,0,Mph_TU
-2854.5,1038.5,0,Mph_TU
-2923,1027.5,0,Mph_TU
-2948.5,1041,0,Mph_TU
-3088,1073,0,Mph_TU
-2958.5,1092,0,Mph_TU
-2991.5,1091,0,Mph_TU
-2923,1102,0,Mph_TU
-2977.5,1103.5,0,Mph_TU
-2943.5,1104.5,0,Mph_TU
-2993.5,1108,0,Mph_TU
-2843.5,1121,0,Mph_TU
-2863.5,1131.5,0,Mph_TU
-2903,1163.5,0,Mph_TU
-2978.5,1165.5,0,Mph_TU
-3129.5,1170.5,0,Mph_TU
-2950.5,1169.5,0,Mph_TU
-2886,1165.5,0,Mph_TU
-2881.5,1179.5,0,Mph_TU
-3116.5,1181,0,Mph_TU
-2867.5,1180,0,Mph_TU
-3092.5,1185.5,0,Mph_TU
-2886,1193,0,Mph_TU
-3086,1199,0,Mph_TU
-2846,1213.5,0,Mph_TU
-2868,1215.5,0,Mph_TU
-3021,1223.5,0,Mph_TU
-2998.5,1228.5,0,Mph_TU
-2844.5,1238.5,0,Mph_TU
-2980.5,1242.5,0,Mph_TU
-2910.5,1250,0,Mph_TU
-2917.5,1280,0,Mph_TU
-2845.5,1279.5,0,Mph_TU
-2884.5,1328.5,0,Mph_TU
-2942.5,1357.5,0,Mph_TU
-2961,1395,0,Mph_TU
-2850,1385.5,0,Mph_TU
-2941.5,1413.5,0,Mph_TU
-2886.5,1418,0,Mph_TU
-2990.5,1416,0,Mph_TU
-2854,1420,0,Mph_TU
-3018,1421,0,Mph_TU
-2950.5,1442.5,0,Mph_TU
-3041.5,1439.5,0,Mph_TU
-2927,1448,0,Mph_TU
-2846.5,1450,0,Mph_TU
-2848.5,1471,0,Mph_TU
-2921,1500.5,0,Mph_TU
-2852.5,1496.5,0,Mph_TU
-2921,1540,0,Mph_TU
-2854.5,1570.5,0,Mph_TU
-2923.5,1571,0,Mph_TU
-3629.5,1574,0,Mph_TU
-3612.5,1577,0,Mph_TU
-2499.5,786.5,0,Mph_TU
-2420,790,0,Mph_TU
-2552.5,784,0,Mph_TU
-2401.5,792.5,0,Mph_TU
-2595,798,0,Mph_TU
-2581,797.5,0,Mph_TU
-2360.5,794.5,0,Mph_TU
-2497,808,0,Mph_TU
-2404,816,0,Mph_TU
-2061,834.5,0,Mph_TU
-2424.5,828.5,0,Mph_TU
-2610,844.5,0,Mph_TU
-2587,847.5,0,Mph_TU
-2210,847,0,Mph_TU
-2434.5,852.5,0,Mph_TU
-2399.5,864.5,0,Mph_TU
-2324,864.5,0,Mph_TU
-2380.5,869,0,Mph_TU
-2613.5,875,0,Mph_TU
-2500,871,0,Mph_TU
-2285,865.5,0,Mph_TU
-2207,868,0,Mph_TU
-2044.5,870.5,0,Mph_TU
-2222.5,871.5,0,Mph_TU
-2243.5,878,0,Mph_TU
-2063.5,885.5,0,Mph_TU
-2267.5,886,0,Mph_TU
-2772.5,889.5,0,Mph_TU
-2526,895.5,0,Mph_TU
-2255,901.5,0,Mph_TU
-2754.5,906.5,0,Mph_TU
-2550.5,924,0,Mph_TU
-2227.5,906.5,0,Mph_TU
-2738,915,0,Mph_TU
-2206.5,920.5,0,Mph_TU
-2840,933.5,0,Mph_TU
-2735,941,0,Mph_TU
-2701.5,940.5,0,Mph_TU
-2273,935.5,0,Mph_TU
-2253,943.5,0,Mph_TU
-2200.5,937.5,0,Mph_TU
-2637.5,946.5,0,Mph_TU
-2087,959,0,Mph_TU
-2307,955.5,0,Mph_TU
-2781,963.5,0,Mph_TU
-2281,963.5,0,Mph_TU
-2130.5,962,0,Mph_TU
-2189.5,970.5,0,Mph_TU
-2634.5,980,0,Mph_TU
-2325,974.5,0,Mph_TU
-2765,969,0,Mph_TU
-2115.5,969.5,0,Mph_TU
-2098.5,974,0,Mph_TU
-2356,978,0,Mph_TU
-2118,996.5,0,Mph_TU
-2715,978.5,0,Mph_TU
-2135,995,0,Mph_TU
-2159.5,982.5,0,Mph_TU
-2748.5,987,0,Mph_TU
-2656.5,1002,0,Mph_TU
-2687,991,0,Mph_TU
-2098,1001,0,Mph_TU
-2311,992.5,0,Mph_TU
-2188,994,0,Mph_TU
-2383.5,995,0,Mph_TU
-2777,994,0,Mph_TU
-2088.5,1002.5,0,Mph_TU
-2055.5,997,0,Mph_TU
-2352,1004,0,Mph_TU
-2318,1010.5,0,Mph_TU
-2830.5,996,0,Mph_TU
-2173.5,1016,0,Mph_TU
-2698.5,1016.5,0,Mph_TU
-2605.5,1003,0,Mph_TU
-2220.5,1009,0,Mph_TU
-2245,1020.5,0,Mph_TU
-2134,1027,0,Mph_TU
-2062.5,1026.5,0,Mph_TU
-2271,1031.5,0,Mph_TU
-2088.5,1029,0,Mph_TU
-2050,1030,0,Mph_TU
-2834.5,1034,0,Mph_TU
-2235.5,1026.5,0,Mph_TU
-2352.5,1034,0,Mph_TU
-2756.5,1033,0,Mph_TU
-2383,1030,0,Mph_TU
-2773,1032,0,Mph_TU
-2788,1034,0,Mph_TU
-2245.5,1037,0,Mph_TU
-2371,1049.5,0,Mph_TU
-2768,1050.5,0,Mph_TU
-2610,1054.5,0,Mph_TU
-2257.5,1053,0,Mph_TU
-2062.5,1052.5,0,Mph_TU
-2300,1061.5,0,Mph_TU
-2409.5,1056.5,0,Mph_TU
-2442.5,1049.5,0,Mph_TU
-2381.5,1070.5,0,Mph_TU
-2414.5,1068.5,0,Mph_TU
-2259.5,1075,0,Mph_TU
-2437,1078,0,Mph_TU
-2822,1075,0,Mph_TU
-2642,1077.5,0,Mph_TU
-2600,1091.5,0,Mph_TU
-2100.5,1072,0,Mph_TU
-2533,1080,0,Mph_TU
-2725.5,1083,0,Mph_TU
-2707,1088.5,0,Mph_TU
-2102.5,1083.5,0,Mph_TU
-2647,1096,0,Mph_TU
-2628,1097,0,Mph_TU
-2323.5,1094.5,0,Mph_TU
-2432.5,1099,0,Mph_TU
-2139.5,1089.5,0,Mph_TU
-2117,1106,0,Mph_TU
-2354.5,1099,0,Mph_TU
-2158.5,1105.5,0,Mph_TU
-2090.5,1107,0,Mph_TU
-2807.5,1119,0,Mph_TU
-2132.5,1124.5,0,Mph_TU
-2652.5,1117.5,0,Mph_TU
-2067,1118,0,Mph_TU
-2356.5,1125,0,Mph_TU
-2454.5,1122,0,Mph_TU
-2722.5,1119.5,0,Mph_TU
-2529.5,1118,0,Mph_TU
-2044,1127.5,0,Mph_TU
-2096.5,1129,0,Mph_TU
-2483.5,1127,0,Mph_TU
-2576.5,1130.5,0,Mph_TU
-2551.5,1132.5,0,Mph_TU
-2518,1121.5,0,Mph_TU
-2777,1131,0,Mph_TU
-2592,1129,0,Mph_TU
-2508,1131.5,0,Mph_TU
-2535,1142.5,0,Mph_TU
-2144.5,1146,0,Mph_TU
-2735.5,1140.5,0,Mph_TU
-2837.5,1144,0,Mph_TU
-2358,1150,0,Mph_TU
-2056,1154.5,0,Mph_TU
-2599.5,1141.5,0,Mph_TU
-2168.5,1143.5,0,Mph_TU
-2200,1150.5,0,Mph_TU
-2173,1165.5,0,Mph_TU
-2237,1165.5,0,Mph_TU
-2407,1160,0,Mph_TU
-2267.5,1158.5,0,Mph_TU
-2839,1172.5,0,Mph_TU
-2592,1169,0,Mph_TU
-2689,1171.5,0,Mph_TU
-2413,1177,0,Mph_TU
-2193,1179,0,Mph_TU
-2644,1197,0,Mph_TU
-2417,1191,0,Mph_TU
-2478,1198,0,Mph_TU
-2542.5,1199,0,Mph_TU
-2752.5,1205.5,0,Mph_TU
-2824,1218,0,Mph_TU
-2140.5,1216,0,Mph_TU
-2560.5,1215.5,0,Mph_TU
-2733,1221,0,Mph_TU
-2613,1222.5,0,Mph_TU
-2749.5,1226.5,0,Mph_TU
-2575.5,1224,0,Mph_TU
-2074,1238.5,0,Mph_TU
-2843,1238.5,0,Mph_TU
-2777,1234,0,Mph_TU
-2595,1237.5,0,Mph_TU
-2795,1249.5,0,Mph_TU
-2707.5,1243,0,Mph_TU
-2209.5,1247.5,0,Mph_TU
-2187,1258.5,0,Mph_TU
-2068,1265.5,0,Mph_TU
-2697,1269.5,0,Mph_TU
-2046,1274,0,Mph_TU
-2733.5,1276,0,Mph_TU
-2650,1294.5,0,Mph_TU
-2228.5,1301.5,0,Mph_TU
-2686.5,1299,0,Mph_TU
-2127,1299,0,Mph_TU
-2513.5,1301,0,Mph_TU
-2076,1305.5,0,Mph_TU
-2566,1318.5,0,Mph_TU
-2098,1315,0,Mph_TU
-2741.5,1331,0,Mph_TU
-2502,1336.5,0,Mph_TU
-2530.5,1340,0,Mph_TU
-2098.5,1337.5,0,Mph_TU
-2827.5,1339.5,0,Mph_TU
-2086.5,1346,0,Mph_TU
-2803,1341.5,0,Mph_TU
-2068,1350.5,0,Mph_TU
-2208.5,1360,0,Mph_TU
-2827,1371,0,Mph_TU
-2541,1390.5,0,Mph_TU
-2642.5,1385.5,0,Mph_TU
-2506,1397.5,0,Mph_TU
-2045.5,1395,0,Mph_TU
-2640,1407,0,Mph_TU
-2047.5,1409.5,0,Mph_TU
-2740.5,1428.5,0,Mph_TU
-2540.5,1425,0,Mph_TU
-2833,1449.5,0,Mph_TU
-2639.5,1449.5,0,Mph_TU
-2099.5,1447,0,Mph_TU
-2572,1450,0,Mph_TU
-2773,1452.5,0,Mph_TU
-2375.5,1456.5,0,Mph_TU
-2283.5,1460.5,0,Mph_TU
-2584.5,1470,0,Mph_TU
-2303,1471.5,0,Mph_TU
-2675.5,1467.5,0,Mph_TU
-2353.5,1468.5,0,Mph_TU
-2062,1471,0,Mph_TU
-2687,1485,0,Mph_TU
-2266.5,1472,0,Mph_TU
-2654.5,1479.5,0,Mph_TU
-2215,1471,0,Mph_TU
-2081.5,1483,0,Mph_TU
-2538.5,1489.5,0,Mph_TU
-2244,1479,0,Mph_TU
-2228.5,1481.5,0,Mph_TU
-2047,1492.5,0,Mph_TU
-2468,1482.5,0,Mph_TU
-2174,1490.5,0,Mph_TU
-2138,1496,0,Mph_TU
-2061,1493.5,0,Mph_TU
-2787,1493.5,0,Mph_TU
-2082.5,1500.5,0,Mph_TU
-2310,1492,0,Mph_TU
-2269,1501.5,0,Mph_TU
-2237.5,1496.5,0,Mph_TU
-2676,1500.5,0,Mph_TU
-2117.5,1510.5,0,Mph_TU
-2383,1510.5,0,Mph_TU
-2683.5,1511.5,0,Mph_TU
-2136,1514,0,Mph_TU
-2066.5,1513,0,Mph_TU
-2288.5,1513.5,0,Mph_TU
-2222,1520,0,Mph_TU
-2696.5,1522,0,Mph_TU
-2404,1520.5,0,Mph_TU
-2323.5,1526.5,0,Mph_TU
-2498,1526,0,Mph_TU
-2385.5,1530,0,Mph_TU
-2058,1545.5,0,Mph_TU
-2712,1540.5,0,Mph_TU
-2821,1546,0,Mph_TU
-2612.5,1549.5,0,Mph_TU
-2426.5,1546,0,Mph_TU
-2088,1552.5,0,Mph_TU
-2204.5,1548,0,Mph_TU
-2500,1564.5,0,Mph_TU
-2346.5,1560.5,0,Mph_TU
-2046.5,1568.5,0,Mph_TU
-2665.5,1575.5,0,Mph_TU
-2195.5,1575,0,Mph_TU
-2256.5,1569.5,0,Mph_TU
-2289.5,1578.5,0,Mph_TU
-2766,1576.5,0,Mph_TU
-1549,794,0,Mph_TU
-2006,801.5,0,Mph_TU
-2019.5,808,0,Mph_TU
-1404,817,0,Mph_TU
-1485,854.5,0,Mph_TU
-2034.5,861,0,Mph_TU
-1401,862.5,0,Mph_TU
-1433,875,0,Mph_TU
-2040,884,0,Mph_TU
-1475,881.5,0,Mph_TU
-1504.5,888,0,Mph_TU
-1969.5,882.5,0,Mph_TU
-1950,888,0,Mph_TU
-1442,889,0,Mph_TU
-1995.5,908.5,0,Mph_TU
-1941.5,911,0,Mph_TU
-1453,930,0,Mph_TU
-2025.5,938.5,0,Mph_TU
-2004.5,941.5,0,Mph_TU
-1400.5,958,0,Mph_TU
-1978,946.5,0,Mph_TU
-1949.5,973.5,0,Mph_TU
-2019,976,0,Mph_TU
-1271.5,976,0,Mph_TU
-1255,992.5,0,Mph_TU
-2004,997,0,Mph_TU
-2034.5,1005,0,Mph_TU
-1257,1010.5,0,Mph_TU
-1575,1013,0,Mph_TU
-2008,1015,0,Mph_TU
-1346,1019.5,0,Mph_TU
-1317,1023,0,Mph_TU
-1980.5,1014,0,Mph_TU
-1299,1024,0,Mph_TU
-1359.5,1030.5,0,Mph_TU
-1392.5,1025.5,0,Mph_TU
-2018,1036,0,Mph_TU
-1990,1035,0,Mph_TU
-1409,1035,0,Mph_TU
-1761,1044.5,0,Mph_TU
-2002,1045.5,0,Mph_TU
-1474.5,1051,0,Mph_TU
-2002.5,1070,0,Mph_TU
-1246.5,1067.5,0,Mph_TU
-1881,1092.5,0,Mph_TU
-1923,1110.5,0,Mph_TU
-1279,1114.5,0,Mph_TU
-1903,1116,0,Mph_TU
-2007,1115.5,0,Mph_TU
-1873.5,1127,0,Mph_TU
-2019,1126.5,0,Mph_TU
-1482,1140,0,Mph_TU
-1446,1138,0,Mph_TU
-2024,1148.5,0,Mph_TU
-1402,1156,0,Mph_TU
-1372,1161.5,0,Mph_TU
-2039.5,1174.5,0,Mph_TU
-1986,1167,0,Mph_TU
-1292,1164.5,0,Mph_TU
-1419.5,1176.5,0,Mph_TU
-1383,1193.5,0,Mph_TU
-1435.5,1187,0,Mph_TU
-1413,1188.5,0,Mph_TU
-1975,1203,0,Mph_TU
-1428.5,1202.5,0,Mph_TU
-2024,1197.5,0,Mph_TU
-2000,1198.5,0,Mph_TU
-1878,1199.5,0,Mph_TU
-1937,1207.5,0,Mph_TU
-2004,1210.5,0,Mph_TU
-1905,1202.5,0,Mph_TU
-1864.5,1216,0,Mph_TU
-1362.5,1216.5,0,Mph_TU
-2023,1215.5,0,Mph_TU
-2020.5,1234.5,0,Mph_TU
-1886,1236,0,Mph_TU
-2001,1241.5,0,Mph_TU
-1943.5,1241.5,0,Mph_TU
-1985.5,1239.5,0,Mph_TU
-1574,1249.5,0,Mph_TU
-1918,1251,0,Mph_TU
-1900.5,1257,0,Mph_TU
-1356.5,1261,0,Mph_TU
-1589.5,1258.5,0,Mph_TU
-1971.5,1258.5,0,Mph_TU
-1417.5,1266.5,0,Mph_TU
-1458.5,1264.5,0,Mph_TU
-1925,1278.5,0,Mph_TU
-1439.5,1270,0,Mph_TU
-2042.5,1274.5,0,Mph_TU
-1886,1273.5,0,Mph_TU
-1946,1278,0,Mph_TU
-1463.5,1286,0,Mph_TU
-1444,1285,0,Mph_TU
-1400.5,1289.5,0,Mph_TU
-1828.5,1295.5,0,Mph_TU
-2027,1292,0,Mph_TU
-1444.5,1309,0,Mph_TU
-1411,1307.5,0,Mph_TU
-1796.5,1303.5,0,Mph_TU
-2004.5,1310.5,0,Mph_TU
-1887,1303,0,Mph_TU
-2023,1316,0,Mph_TU
-1801.5,1329.5,0,Mph_TU
-1833.5,1329.5,0,Mph_TU
-1559,1319,0,Mph_TU
-1918.5,1320.5,0,Mph_TU
-1431.5,1320.5,0,Mph_TU
-1418.5,1328.5,0,Mph_TU
-1400.5,1330,0,Mph_TU
-1973.5,1333,0,Mph_TU
-1492.5,1335,0,Mph_TU
-1563,1349,0,Mph_TU
-1944,1349,0,Mph_TU
-1527.5,1344,0,Mph_TU
-1588.5,1343.5,0,Mph_TU
-1542.5,1349.5,0,Mph_TU
-1455,1337,0,Mph_TU
-1799.5,1349.5,0,Mph_TU
-1403.5,1350,0,Mph_TU
-2012.5,1349.5,0,Mph_TU
-1959.5,1347.5,0,Mph_TU
-1977.5,1355,0,Mph_TU
-1916.5,1355,0,Mph_TU
-1387.5,1357,0,Mph_TU
-1453,1361,0,Mph_TU
-1858.5,1357.5,0,Mph_TU
-2040,1363.5,0,Mph_TU
-2024,1362,0,Mph_TU
-1574,1367.5,0,Mph_TU
-1961.5,1369,0,Mph_TU
-1392,1382,0,Mph_TU
-1915,1382,0,Mph_TU
-1496.5,1373,0,Mph_TU
-1471.5,1373.5,0,Mph_TU
-1945,1387,0,Mph_TU
-1819,1375,0,Mph_TU
-1889.5,1377.5,0,Mph_TU
-1930.5,1387,0,Mph_TU
-1848.5,1396,0,Mph_TU
-1879.5,1399,0,Mph_TU
-1529.5,1398,0,Mph_TU
-1604.5,1413.5,0,Mph_TU
-1918.5,1404,0,Mph_TU
-1501.5,1409.5,0,Mph_TU
-1447.5,1409.5,0,Mph_TU
-1910.5,1417.5,0,Mph_TU
-1536,1413.5,0,Mph_TU
-1884,1422.5,0,Mph_TU
-1474.5,1419,0,Mph_TU
-1691,1426.5,0,Mph_TU
-1458,1417,0,Mph_TU
-1541.5,1435.5,0,Mph_TU
-1634,1430.5,0,Mph_TU
-1713.5,1433.5,0,Mph_TU
-1985,1435,0,Mph_TU
-1905.5,1436.5,0,Mph_TU
-1484,1438.5,0,Mph_TU
-1928,1444,0,Mph_TU
-1875.5,1445,0,Mph_TU
-1522,1435,0,Mph_TU
-1678.5,1446.5,0,Mph_TU
-1509.5,1440.5,0,Mph_TU
-1973.5,1447.5,0,Mph_TU
-1907.5,1459.5,0,Mph_TU
-1762,1453,0,Mph_TU
-1599,1454.5,0,Mph_TU
-1993,1451,0,Mph_TU
-1482.5,1453.5,0,Mph_TU
-1561.5,1461.5,0,Mph_TU
-1653,1465,0,Mph_TU
-1628.5,1461,0,Mph_TU
-1458,1470,0,Mph_TU
-1942.5,1467,0,Mph_TU
-1510.5,1468.5,0,Mph_TU
-1997.5,1464.5,0,Mph_TU
-1585,1474,0,Mph_TU
-2015,1478,0,Mph_TU
-1725.5,1467,0,Mph_TU
-1418.5,1477,0,Mph_TU
-1480,1482.5,0,Mph_TU
-1630,1479.5,0,Mph_TU
-1921,1479.5,0,Mph_TU
-1947,1485,0,Mph_TU
-1726,1492.5,0,Mph_TU
-1913.5,1491,0,Mph_TU
-1811,1486,0,Mph_TU
-1758,1497.5,0,Mph_TU
-1829,1487,0,Mph_TU
-1941,1500,0,Mph_TU
-1772.5,1500.5,0,Mph_TU
-1817.5,1507,0,Mph_TU
-1498,1503,0,Mph_TU
-1579.5,1506,0,Mph_TU
-1924.5,1509,0,Mph_TU
-1894.5,1503.5,0,Mph_TU
-1960,1511.5,0,Mph_TU
-1740,1518,0,Mph_TU
-1554.5,1510,0,Mph_TU
-2025,1513.5,0,Mph_TU
-1947,1522.5,0,Mph_TU
-1916,1517.5,0,Mph_TU
-1785.5,1529,0,Mph_TU
-1605,1521,0,Mph_TU
-1886.5,1524,0,Mph_TU
-1897,1532.5,0,Mph_TU
-1468,1528.5,0,Mph_TU
-2028,1529.5,0,Mph_TU
-1571.5,1535,0,Mph_TU
-1923.5,1535,0,Mph_TU
-2005.5,1544,0,Mph_TU
-1661,1538.5,0,Mph_TU
-1987,1539.5,0,Mph_TU
-1939,1551,0,Mph_TU
-1610.5,1546.5,0,Mph_TU
-1531.5,1546,0,Mph_TU
-1788,1562.5,0,Mph_TU
-1573.5,1548,0,Mph_TU
-1755.5,1547.5,0,Mph_TU
-1818.5,1554,0,Mph_TU
-1995.5,1568,0,Mph_TU
-1970.5,1555.5,0,Mph_TU
-1952,1559.5,0,Mph_TU
-1576.5,1562.5,0,Mph_TU
-1914.5,1568,0,Mph_TU
-1667.5,1566.5,0,Mph_TU
-1750.5,1570,0,Mph_TU
-1534,1562.5,0,Mph_TU
-1549,1559.5,0,Mph_TU
-1935,1574.5,0,Mph_TU
-2019,1578.5,0,Mph_TU
-1817,1574.5,0,Mph_TU
-1778,1574,0,Mph_TU
-1841.5,1572,0,Mph_TU
-1645,1568.5,0,Mph_TU
-1554.5,1578.5,0,Mph_TU
-895.5,788,0,Mph_TU
-1201.5,792,0,Mph_TU
-1160.5,818,0,Mph_TU
-1196.5,812,0,Mph_TU
-1177,813.5,0,Mph_TU
-1143,825.5,0,Mph_TU
-1042,817.5,0,Mph_TU
-1184,826,0,Mph_TU
-977,833,0,Mph_TU
-1126.5,845.5,0,Mph_TU
-1058,848,0,Mph_TU
-970.5,848.5,0,Mph_TU
-1182.5,854,0,Mph_TU
-1089.5,876,0,Mph_TU
-1168,868.5,0,Mph_TU
-1217,889,0,Mph_TU
-1193.5,873,0,Mph_TU
-1139.5,884.5,0,Mph_TU
-1025,905.5,0,Mph_TU
-1116,898,0,Mph_TU
-983,893,0,Mph_TU
-1002.5,898,0,Mph_TU
-1157,900,0,Mph_TU
-1100.5,909,0,Mph_TU
-1043.5,910.5,0,Mph_TU
-1097,915.5,0,Mph_TU
-1120.5,923.5,0,Mph_TU
-1133.5,936,0,Mph_TU
-1145.5,966.5,0,Mph_TU
-1159,989.5,0,Mph_TU
-1107.5,1005,0,Mph_TU
-1235,1002.5,0,Mph_TU
-1185,1045,0,Mph_TU
-1226,1083.5,0,Mph_TU
-1208.5,1110,0,Mph_TU
-1227,1114.5,0,Mph_TU
-4460.5,1767.5,0,Mph_TU
-4537.5,1842.5,0,Mph_TU
-4490.5,1855.5,0,Mph_TU
-4550,1847.5,0,Mph_TU
-4563,1860.5,0,Mph_TU
-4579.5,1872.5,0,Mph_TU
-4586,1886,0,Mph_TU
-4547,1887,0,Mph_TU
-4541,1903.5,0,Mph_TU
-4459,1924,0,Mph_TU
-4590,1942.5,0,Mph_TU
-4499.5,1960,0,Mph_TU
-4524,2018,0,Mph_TU
-4519.5,2073,0,Mph_TU
-4565,2090,0,Mph_TU
-4538.5,2092.5,0,Mph_TU
-4455.5,2106.5,0,Mph_TU
-4565,2103,0,Mph_TU
-4519.5,2108.5,0,Mph_TU
-4495.5,2112.5,0,Mph_TU
-4602,2120.5,0,Mph_TU
-4499.5,2132.5,0,Mph_TU
-4483.5,2137,0,Mph_TU
-4514.5,2144.5,0,Mph_TU
-4762.5,2149.5,0,Mph_TU
-4511,2162,0,Mph_TU
-4604.5,2159,0,Mph_TU
-4486.5,2163,0,Mph_TU
-4765,2177,0,Mph_TU
-4731.5,2186.5,0,Mph_TU
-4489.5,2192,0,Mph_TU
-4596.5,2196,0,Mph_TU
-4719,2205,0,Mph_TU
-4718.5,2227,0,Mph_TU
-4703,2241,0,Mph_TU
-4724,2246.5,0,Mph_TU
-4707.5,2266,0,Mph_TU
-4491,2273.5,0,Mph_TU
-4681.5,2275,0,Mph_TU
-4444,2261.5,0,Mph_TU
-4712.5,2283,0,Mph_TU
-4674,2291,0,Mph_TU
-4663,2303.5,0,Mph_TU
-4699,2311.5,0,Mph_TU
-4651.5,2317,0,Mph_TU
-4715.5,2324,0,Mph_TU
-4673.5,2318,0,Mph_TU
-4671.5,2336.5,0,Mph_TU
-4753.5,2340.5,0,Mph_TU
-4504.5,2342.5,0,Mph_TU
-4725,2357,0,Mph_TU
-4476.5,2359,0,Mph_TU
-4669,2359.5,0,Mph_TU
-4689,2361.5,0,Mph_TU
-4493,2358,0,Mph_TU
-4455.5,2378,0,Mph_TU
-3945,1582.5,0,Mph_TU
-3837.5,1591.5,0,Mph_TU
-4015,1590,0,Mph_TU
-3904.5,1582.5,0,Mph_TU
-3913,1604.5,0,Mph_TU
-3736.5,1600.5,0,Mph_TU
-3763.5,1613.5,0,Mph_TU
-3806,1601,0,Mph_TU
-3782,1611,0,Mph_TU
-3972.5,1625,0,Mph_TU
-3801,1625,0,Mph_TU
-3745,1632,0,Mph_TU
-3782,1623,0,Mph_TU
-3824.5,1626,0,Mph_TU
-3719,1621,0,Mph_TU
-3701.5,1625.5,0,Mph_TU
-3778.5,1640,0,Mph_TU
-3648.5,1648.5,0,Mph_TU
-3803.5,1652,0,Mph_TU
-3729.5,1663,0,Mph_TU
-3643.5,1657,0,Mph_TU
-3791,1664,0,Mph_TU
-3690,1672,0,Mph_TU
-3922.5,1678,0,Mph_TU
-3742,1681,0,Mph_TU
-3646,1686,0,Mph_TU
-3872,1690.5,0,Mph_TU
-3770.5,1689,0,Mph_TU
-4127.5,1708,0,Mph_TU
-4184,1707.5,0,Mph_TU
-3760,1705,0,Mph_TU
-4072,1713,0,Mph_TU
-3833,1723,0,Mph_TU
-3784,1722,0,Mph_TU
-3764,1736.5,0,Mph_TU
-3736,1730.5,0,Mph_TU
-3645.5,1742.5,0,Mph_TU
-4317,1734,0,Mph_TU
-3778,1744.5,0,Mph_TU
-3715.5,1737.5,0,Mph_TU
-3735,1760.5,0,Mph_TU
-4302.5,1755,0,Mph_TU
-3957,1766.5,0,Mph_TU
-3832,1764.5,0,Mph_TU
-3788.5,1763.5,0,Mph_TU
-4321.5,1774,0,Mph_TU
-3710.5,1768.5,0,Mph_TU
-3691.5,1768.5,0,Mph_TU
-4007,1769,0,Mph_TU
-3800,1782.5,0,Mph_TU
-4337,1781,0,Mph_TU
-3882.5,1774,0,Mph_TU
-3972.5,1783,0,Mph_TU
-3686.5,1780,0,Mph_TU
-3818.5,1787.5,0,Mph_TU
-3916.5,1787,0,Mph_TU
-3944.5,1788.5,0,Mph_TU
-3654.5,1794,0,Mph_TU
-3792.5,1804.5,0,Mph_TU
-4277.5,1809,0,Mph_TU
-4317,1827,0,Mph_TU
-3703,1832.5,0,Mph_TU
-3913.5,1856.5,0,Mph_TU
-4325,1848.5,0,Mph_TU
-4412.5,1857,0,Mph_TU
-3888,1862.5,0,Mph_TU
-4327,1864,0,Mph_TU
-4431,1872,0,Mph_TU
-3846,1869.5,0,Mph_TU
-3926.5,1876,0,Mph_TU
-4396.5,1875.5,0,Mph_TU
-3715.5,1887,0,Mph_TU
-3819.5,1907.5,0,Mph_TU
-3843.5,1908,0,Mph_TU
-4427,1906.5,0,Mph_TU
-4150,1914.5,0,Mph_TU
-3707.5,1922.5,0,Mph_TU
-4436.5,1919.5,0,Mph_TU
-4018.5,1922,0,Mph_TU
-4210,1925.5,0,Mph_TU
-3832,1947.5,0,Mph_TU
-4273,1945,0,Mph_TU
-3793,1942,0,Mph_TU
-3698,1954,0,Mph_TU
-3667.5,1949,0,Mph_TU
-4307.5,1945.5,0,Mph_TU
-3802,1955,0,Mph_TU
-4282,1949,0,Mph_TU
-4131.5,1956.5,0,Mph_TU
-3722,1959,0,Mph_TU
-3745.5,1964.5,0,Mph_TU
-4155,1966,0,Mph_TU
-4264,1972.5,0,Mph_TU
-4283.5,1970,0,Mph_TU
-3727,1981,0,Mph_TU
-4390,1984,0,Mph_TU
-3702.5,1982.5,0,Mph_TU
-4149,1993,0,Mph_TU
-4283.5,1997.5,0,Mph_TU
-3796.5,1979,0,Mph_TU
-4229,1992,0,Mph_TU
-3743.5,2002,0,Mph_TU
-3709,2005,0,Mph_TU
-3677,2001.5,0,Mph_TU
-4098.5,2017.5,0,Mph_TU
-4297.5,2003,0,Mph_TU
-4334,2009.5,0,Mph_TU
-3688,2019,0,Mph_TU
-4352.5,2026,0,Mph_TU
-4299,2027,0,Mph_TU
-4402,2039,0,Mph_TU
-3805,2051.5,0,Mph_TU
-4428,2050,0,Mph_TU
-4359.5,2055.5,0,Mph_TU
-4190.5,2060,0,Mph_TU
-3808,2072,0,Mph_TU
-3852.5,2067,0,Mph_TU
-3905.5,2080.5,0,Mph_TU
-3880,2067.5,0,Mph_TU
-4217,2075.5,0,Mph_TU
-4359,2090,0,Mph_TU
-4440.5,2087.5,0,Mph_TU
-4257.5,2094.5,0,Mph_TU
-3731.5,2108.5,0,Mph_TU
-3691.5,2120,0,Mph_TU
-4312,2125.5,0,Mph_TU
-3776,2147,0,Mph_TU
-4135.5,2145.5,0,Mph_TU
-4322.5,2153.5,0,Mph_TU
-3730.5,2160.5,0,Mph_TU
-3767,2159,0,Mph_TU
-4120,2164,0,Mph_TU
-4142,2165.5,0,Mph_TU
-4186.5,2173.5,0,Mph_TU
-4165,2182.5,0,Mph_TU
-3823.5,2176.5,0,Mph_TU
-4250.5,2171.5,0,Mph_TU
-4141,2185.5,0,Mph_TU
-3724,2187.5,0,Mph_TU
-4288.5,2179,0,Mph_TU
-4332.5,2189,0,Mph_TU
-4307,2183,0,Mph_TU
-4184.5,2187.5,0,Mph_TU
-4208.5,2199,0,Mph_TU
-3988.5,2194,0,Mph_TU
-3800,2200.5,0,Mph_TU
-3770,2204,0,Mph_TU
-4309,2201.5,0,Mph_TU
-3784.5,2225,0,Mph_TU
-4081,2215.5,0,Mph_TU
-3804,2227,0,Mph_TU
-4355,2224,0,Mph_TU
-3763.5,2230,0,Mph_TU
-3737,2260,0,Mph_TU
-4336.5,2261.5,0,Mph_TU
-3927.5,2259.5,0,Mph_TU
-3828,2263.5,0,Mph_TU
-4441,2266,0,Mph_TU
-3994.5,2266.5,0,Mph_TU
-4400.5,2283.5,0,Mph_TU
-4054.5,2278,0,Mph_TU
-3995.5,2299,0,Mph_TU
-3955,2299.5,0,Mph_TU
-3781.5,2290.5,0,Mph_TU
-4313,2308,0,Mph_TU
-4417.5,2301,0,Mph_TU
-4036,2312.5,0,Mph_TU
-4297,2312.5,0,Mph_TU
-4355.5,2324,0,Mph_TU
-3919.5,2336.5,0,Mph_TU
-4416,2332.5,0,Mph_TU
-4291.5,2333.5,0,Mph_TU
-4313.5,2343.5,0,Mph_TU
-4253,2347,0,Mph_TU
-3730,2351.5,0,Mph_TU
-4204,2351,0,Mph_TU
-4153.5,2356,0,Mph_TU
-3702.5,2361,0,Mph_TU
-4183.5,2370.5,0,Mph_TU
-4204,2368,0,Mph_TU
-3631,1595,0,Mph_TU
-2926,1624,0,Mph_TU
-3628,1638.5,0,Mph_TU
-3614,1655,0,Mph_TU
-2893.5,1658,0,Mph_TU
-3629,1666.5,0,Mph_TU
-3619.5,1683,0,Mph_TU
-3619.5,1702.5,0,Mph_TU
-3500,1700,0,Mph_TU
-3432.5,1705.5,0,Mph_TU
-3483.5,1718.5,0,Mph_TU
-3564.5,1728,0,Mph_TU
-3434.5,1722.5,0,Mph_TU
-3423.5,1729.5,0,Mph_TU
-3610.5,1798,0,Mph_TU
-3635,1819,0,Mph_TU
-3611.5,1823,0,Mph_TU
-3425,1839,0,Mph_TU
-3624.5,1835.5,0,Mph_TU
-3603.5,1843,0,Mph_TU
-3389,1848.5,0,Mph_TU
-3579,1855,0,Mph_TU
-3356.5,1854.5,0,Mph_TU
-3334.5,1872,0,Mph_TU
-3349,1886.5,0,Mph_TU
-3289.5,1894.5,0,Mph_TU
-3370,1903.5,0,Mph_TU
-3617,1910,0,Mph_TU
-3276,1913,0,Mph_TU
-3240,1919,0,Mph_TU
-3345.5,1913.5,0,Mph_TU
-3608,1923,0,Mph_TU
-3356.5,1928,0,Mph_TU
-3223,1931.5,0,Mph_TU
-3328,1926,0,Mph_TU
-3270.5,1941.5,0,Mph_TU
-3546.5,1940.5,0,Mph_TU
-3235,1952,0,Mph_TU
-3616.5,1952.5,0,Mph_TU
-3336,1952,0,Mph_TU
-3216.5,1961,0,Mph_TU
-3506.5,1953.5,0,Mph_TU
-3226,1974.5,0,Mph_TU
-3521.5,1978,0,Mph_TU
-3492,1983.5,0,Mph_TU
-3234,1985,0,Mph_TU
-3627.5,2011,0,Mph_TU
-3566,2008.5,0,Mph_TU
-3413,2010.5,0,Mph_TU
-3459,2018.5,0,Mph_TU
-3510.5,2015,0,Mph_TU
-3220.5,2029,0,Mph_TU
-3587.5,2018,0,Mph_TU
-3339,2034,0,Mph_TU
-3486.5,2059.5,0,Mph_TU
-3524.5,2050,0,Mph_TU
-3304,2056,0,Mph_TU
-3514.5,2072,0,Mph_TU
-3456,2064,0,Mph_TU
-3345.5,2070.5,0,Mph_TU
-3221.5,2080,0,Mph_TU
-3434.5,2092,0,Mph_TU
-3337,2103,0,Mph_TU
-3359.5,2097,0,Mph_TU
-3134,2097,0,Mph_TU
-3382,2092,0,Mph_TU
-3310,2091.5,0,Mph_TU
-3537.5,2099.5,0,Mph_TU
-3387.5,2099,0,Mph_TU
-3507,2108.5,0,Mph_TU
-3117.5,2108.5,0,Mph_TU
-3569,2119,0,Mph_TU
-3371.5,2126.5,0,Mph_TU
-3412.5,2124,0,Mph_TU
-3498.5,2119,0,Mph_TU
-3221,2115,0,Mph_TU
-3467.5,2124.5,0,Mph_TU
-3537.5,2132.5,0,Mph_TU
-3142,2126,0,Mph_TU
-3487,2130,0,Mph_TU
-3220,2143,0,Mph_TU
-3120.5,2135,0,Mph_TU
-3513.5,2135,0,Mph_TU
-3450,2136.5,0,Mph_TU
-3638.5,2150.5,0,Mph_TU
-3428.5,2142,0,Mph_TU
-3184.5,2137.5,0,Mph_TU
-3607.5,2148.5,0,Mph_TU
-3149,2139,0,Mph_TU
-3342.5,2151.5,0,Mph_TU
-3526.5,2147,0,Mph_TU
-3169.5,2142,0,Mph_TU
-3406,2153.5,0,Mph_TU
-3130.5,2157.5,0,Mph_TU
-3159,2154,0,Mph_TU
-3185,2161,0,Mph_TU
-3527.5,2165.5,0,Mph_TU
-3157,2167,0,Mph_TU
-3426.5,2185,0,Mph_TU
-3160,2189,0,Mph_TU
-3251,2179,0,Mph_TU
-3193,2187.5,0,Mph_TU
-3512,2182,0,Mph_TU
-3219,2190,0,Mph_TU
-3079,2192,0,Mph_TU
-3534.5,2197.5,0,Mph_TU
-3245.5,2196.5,0,Mph_TU
-3471,2191.5,0,Mph_TU
-3360,2191.5,0,Mph_TU
-3441,2198.5,0,Mph_TU
-3164,2206,0,Mph_TU
-3050.5,2199.5,0,Mph_TU
-3336,2201.5,0,Mph_TU
-3493,2205.5,0,Mph_TU
-3463,2222,0,Mph_TU
-3353.5,2220.5,0,Mph_TU
-3440,2232.5,0,Mph_TU
-3155.5,2236,0,Mph_TU
-3210,2228.5,0,Mph_TU
-3418,2231.5,0,Mph_TU
-3334,2230.5,0,Mph_TU
-3523.5,2246.5,0,Mph_TU
-3261,2248.5,0,Mph_TU
-3044,2250.5,0,Mph_TU
-3238.5,2244.5,0,Mph_TU
-3495,2261.5,0,Mph_TU
-3123.5,2248,0,Mph_TU
-3077,2264.5,0,Mph_TU
-3402.5,2267.5,0,Mph_TU
-3636,2266.5,0,Mph_TU
-3461,2264.5,0,Mph_TU
-3122,2267,0,Mph_TU
-3230.5,2271.5,0,Mph_TU
-3444,2273.5,0,Mph_TU
-3608,2273.5,0,Mph_TU
-3527.5,2287,0,Mph_TU
-3085.5,2287.5,0,Mph_TU
-3423,2284.5,0,Mph_TU
-3156,2280,0,Mph_TU
-3409.5,2300.5,0,Mph_TU
-3067.5,2299.5,0,Mph_TU
-3196.5,2298.5,0,Mph_TU
-3430,2299,0,Mph_TU
-2875,2293,0,Mph_TU
-3609.5,2299,0,Mph_TU
-3440.5,2306,0,Mph_TU
-3075.5,2318.5,0,Mph_TU
-3171.5,2309.5,0,Mph_TU
-3161.5,2327.5,0,Mph_TU
-2986.5,2331.5,0,Mph_TU
-3025,2335,0,Mph_TU
-3512.5,2339,0,Mph_TU
-3155,2347,0,Mph_TU
-3553,2341.5,0,Mph_TU
-3139,2352,0,Mph_TU
-3030,2355.5,0,Mph_TU
-3063.5,2356,0,Mph_TU
-3110,2353.5,0,Mph_TU
-3041,2366.5,0,Mph_TU
-2967.5,2358.5,0,Mph_TU
-3099,2362,0,Mph_TU
-2958,2367,0,Mph_TU
-3594,2376,0,Mph_TU
-3552.5,2372,0,Mph_TU
-2743.5,1583,0,Mph_TU
-2100.5,1592,0,Mph_TU
-2287,1598,0,Mph_TU
-2055,1603,0,Mph_TU
-2747,1609.5,0,Mph_TU
-2576.5,1601,0,Mph_TU
-2139.5,1603,0,Mph_TU
-2561.5,1605.5,0,Mph_TU
-2182.5,1597,0,Mph_TU
-2509.5,1607,0,Mph_TU
-2661.5,1602.5,0,Mph_TU
-2150.5,1611.5,0,Mph_TU
-2097.5,1622.5,0,Mph_TU
-2179,1610.5,0,Mph_TU
-2060,1614.5,0,Mph_TU
-2282.5,1615,0,Mph_TU
-2531.5,1614.5,0,Mph_TU
-2772,1623,0,Mph_TU
-2439.5,1617.5,0,Mph_TU
-2069.5,1626.5,0,Mph_TU
-2707,1630,0,Mph_TU
-2797,1623,0,Mph_TU
-2536.5,1631,0,Mph_TU
-2185,1627.5,0,Mph_TU
-2169.5,1627.5,0,Mph_TU
-2353,1629.5,0,Mph_TU
-2299.5,1628,0,Mph_TU
-2281.5,1632,0,Mph_TU
-2516,1639,0,Mph_TU
-2147,1640,0,Mph_TU
-2247.5,1643,0,Mph_TU
-2312,1639,0,Mph_TU
-2057,1638.5,0,Mph_TU
-2176.5,1639.5,0,Mph_TU
-2797.5,1648.5,0,Mph_TU
-2330,1645.5,0,Mph_TU
-2346,1647,0,Mph_TU
-2266.5,1660.5,0,Mph_TU
-2167,1653,0,Mph_TU
-2775.5,1652.5,0,Mph_TU
-2184,1648.5,0,Mph_TU
-2315,1659,0,Mph_TU
-2682,1655.5,0,Mph_TU
-2198.5,1655,0,Mph_TU
-2156.5,1662,0,Mph_TU
-2337,1662.5,0,Mph_TU
-2352.5,1661.5,0,Mph_TU
-2586.5,1660,0,Mph_TU
-2707.5,1670.5,0,Mph_TU
-2205,1677,0,Mph_TU
-2178,1676,0,Mph_TU
-2226.5,1668.5,0,Mph_TU
-2148.5,1673,0,Mph_TU
-2562,1669,0,Mph_TU
-2057,1678,0,Mph_TU
-2321,1675.5,0,Mph_TU
-2837.5,1679.5,0,Mph_TU
-2351.5,1676,0,Mph_TU
-2590,1677.5,0,Mph_TU
-2231,1690,0,Mph_TU
-2729,1689,0,Mph_TU
-2085.5,1680,0,Mph_TU
-2489.5,1694,0,Mph_TU
-2070,1681.5,0,Mph_TU
-2354,1692,0,Mph_TU
-2059,1698.5,0,Mph_TU
-2595,1699,0,Mph_TU
-2440,1699.5,0,Mph_TU
-2090,1704,0,Mph_TU
-2244.5,1701.5,0,Mph_TU
-2502,1714.5,0,Mph_TU
-2142,1700,0,Mph_TU
-2120,1704,0,Mph_TU
-2278,1717.5,0,Mph_TU
-2098,1715.5,0,Mph_TU
-2354.5,1718.5,0,Mph_TU
-2064.5,1728.5,0,Mph_TU
-2546,1721,0,Mph_TU
-2161.5,1718,0,Mph_TU
-2526.5,1721.5,0,Mph_TU
-2600,1717,0,Mph_TU
-2180.5,1718,0,Mph_TU
-2734.5,1720.5,0,Mph_TU
-2303.5,1728.5,0,Mph_TU
-2573.5,1724.5,0,Mph_TU
-2080,1740,0,Mph_TU
-2248,1727.5,0,Mph_TU
-2720,1731,0,Mph_TU
-2218,1729.5,0,Mph_TU
-2539.5,1742.5,0,Mph_TU
-2752.5,1734.5,0,Mph_TU
-2319,1753,0,Mph_TU
-2674,1746,0,Mph_TU
-2290,1751,0,Mph_TU
-2605.5,1760,0,Mph_TU
-2101.5,1757,0,Mph_TU
-2664,1755.5,0,Mph_TU
-2589,1757,0,Mph_TU
-2066.5,1759.5,0,Mph_TU
-2400.5,1769,0,Mph_TU
-2643.5,1768.5,0,Mph_TU
-2443,1775.5,0,Mph_TU
-2508,1769,0,Mph_TU
-2563.5,1775,0,Mph_TU
-2329,1774.5,0,Mph_TU
-2491.5,1775,0,Mph_TU
-2629,1787,0,Mph_TU
-2616.5,1793,0,Mph_TU
-2367,1795.5,0,Mph_TU
-2653.5,1796.5,0,Mph_TU
-2498.5,1795.5,0,Mph_TU
-2458,1813,0,Mph_TU
-2523,1817.5,0,Mph_TU
-2365,1817.5,0,Mph_TU
-2509.5,1818.5,0,Mph_TU
-2499,1835.5,0,Mph_TU
-2540,1842.5,0,Mph_TU
-2525,1847,0,Mph_TU
-2396.5,1847.5,0,Mph_TU
-2076,1844.5,0,Mph_TU
-2554.5,1854.5,0,Mph_TU
-2412.5,1851,0,Mph_TU
-2324,1862,0,Mph_TU
-2213,1862,0,Mph_TU
-2294.5,1870,0,Mph_TU
-2373,1871,0,Mph_TU
-2283,1867.5,0,Mph_TU
-2535,1870.5,0,Mph_TU
-2452,1869,0,Mph_TU
-2560.5,1880,0,Mph_TU
-2418,1877,0,Mph_TU
-2394,1875.5,0,Mph_TU
-2517.5,1886.5,0,Mph_TU
-2332.5,1894.5,0,Mph_TU
-2452,1894.5,0,Mph_TU
-2141,1886,0,Mph_TU
-2411,1892,0,Mph_TU
-2391,1902,0,Mph_TU
-2124,1901.5,0,Mph_TU
-2096,1911.5,0,Mph_TU
-2415,1907.5,0,Mph_TU
-2151,1916,0,Mph_TU
-2338,1912.5,0,Mph_TU
-2128,1920.5,0,Mph_TU
-2084.5,1916,0,Mph_TU
-2338.5,1940,0,Mph_TU
-2304.5,1928,0,Mph_TU
-2087.5,1941.5,0,Mph_TU
-2285.5,1948,0,Mph_TU
-2160.5,1947,0,Mph_TU
-2063.5,1943,0,Mph_TU
-2069,1966.5,0,Mph_TU
-2155,1973.5,0,Mph_TU
-2278,1969.5,0,Mph_TU
-2208.5,1983.5,0,Mph_TU
-2294,1978.5,0,Mph_TU
-2062,1984,0,Mph_TU
-2220,1995.5,0,Mph_TU
-2136,1981,0,Mph_TU
-2100.5,1984,0,Mph_TU
-2320,2001,0,Mph_TU
-2293,1999,0,Mph_TU
-2166,2000,0,Mph_TU
-2137,2001,0,Mph_TU
-2100.5,2002.5,0,Mph_TU
-2201.5,2011.5,0,Mph_TU
-2142,2016.5,0,Mph_TU
-2090,2013.5,0,Mph_TU
-2072,2016.5,0,Mph_TU
-2097,2032.5,0,Mph_TU
-2301.5,2028.5,0,Mph_TU
-2051.5,2044,0,Mph_TU
-2086.5,2044.5,0,Mph_TU
-2066.5,2053,0,Mph_TU
-2262,2059,0,Mph_TU
-2103,2060.5,0,Mph_TU
-2801.5,2068.5,0,Mph_TU
-2209,2064.5,0,Mph_TU
-2243.5,2064,0,Mph_TU
-2118.5,2068.5,0,Mph_TU
-2252.5,2078,0,Mph_TU
-2187.5,2080.5,0,Mph_TU
-2129.5,2084.5,0,Mph_TU
-2105.5,2080,0,Mph_TU
-2090,2083,0,Mph_TU
-2047.5,2091.5,0,Mph_TU
-2237,2092,0,Mph_TU
-2073.5,2095.5,0,Mph_TU
-2067,2105.5,0,Mph_TU
-2192.5,2113.5,0,Mph_TU
-2734,2124.5,0,Mph_TU
-2216,2117.5,0,Mph_TU
-2199.5,2149,0,Mph_TU
-2163,2143,0,Mph_TU
-2094,2155,0,Mph_TU
-2213,2159.5,0,Mph_TU
-2140.5,2162,0,Mph_TU
-2230.5,2161.5,0,Mph_TU
-2119.5,2160,0,Mph_TU
-2101,2167.5,0,Mph_TU
-2217.5,2185.5,0,Mph_TU
-2119.5,2182,0,Mph_TU
-2805,2179,0,Mph_TU
-2095,2185.5,0,Mph_TU
-2090.5,2194,0,Mph_TU
-2184,2196,0,Mph_TU
-2068.5,2200.5,0,Mph_TU
-2208.5,2198.5,0,Mph_TU
-2128.5,2200,0,Mph_TU
-2199,2226.5,0,Mph_TU
-2132,2224.5,0,Mph_TU
-2139,2250,0,Mph_TU
-2064.5,2256,0,Mph_TU
-2700.5,2250,0,Mph_TU
-2093.5,2270.5,0,Mph_TU
-2816,2305,0,Mph_TU
-2794,2311.5,0,Mph_TU
-2699.5,2302,0,Mph_TU
-2688.5,2310.5,0,Mph_TU
-2705.5,2325,0,Mph_TU
-2682.5,2325.5,0,Mph_TU
-2674,2347,0,Mph_TU
-2692,2347.5,0,Mph_TU
-2652.5,2345,0,Mph_TU
-2634.5,2345,0,Mph_TU
-2641.5,2373.5,0,Mph_TU
-2663,2366,0,Mph_TU
-1579.5,1591,0,Mph_TU
-1958.5,1586,0,Mph_TU
-1938,1587,0,Mph_TU
-1637,1583,0,Mph_TU
-1429,1594,0,Mph_TU
-1832.5,1590.5,0,Mph_TU
-1547,1595,0,Mph_TU
-1941.5,1605,0,Mph_TU
-1813,1597.5,0,Mph_TU
-1617,1605,0,Mph_TU
-1561,1608.5,0,Mph_TU
-1903.5,1601.5,0,Mph_TU
-1683,1605,0,Mph_TU
-1635,1612.5,0,Mph_TU
-1519.5,1616,0,Mph_TU
-1931.5,1610.5,0,Mph_TU
-1791.5,1610,0,Mph_TU
-2035,1618.5,0,Mph_TU
-1692.5,1619.5,0,Mph_TU
-1761.5,1615,0,Mph_TU
-1814.5,1619,0,Mph_TU
-1889,1623,0,Mph_TU
-1577,1619,0,Mph_TU
-1594.5,1618.5,0,Mph_TU
-1801,1621.5,0,Mph_TU
-1828,1637.5,0,Mph_TU
-1632.5,1644,0,Mph_TU
-2032.5,1634,0,Mph_TU
-1759,1653,0,Mph_TU
-1567,1643,0,Mph_TU
-1685.5,1648.5,0,Mph_TU
-1582,1643,0,Mph_TU
-1893,1643.5,0,Mph_TU
-2009,1650.5,0,Mph_TU
-1948,1650.5,0,Mph_TU
-1853.5,1653.5,0,Mph_TU
-1722.5,1651,0,Mph_TU
-1701,1658,0,Mph_TU
-1829,1659,0,Mph_TU
-1586,1657.5,0,Mph_TU
-1901.5,1671.5,0,Mph_TU
-1924.5,1673.5,0,Mph_TU
-1990.5,1661,0,Mph_TU
-1772,1673,0,Mph_TU
-1841.5,1684.5,0,Mph_TU
-1599,1675.5,0,Mph_TU
-1820,1687,0,Mph_TU
-1748.5,1678,0,Mph_TU
-1609.5,1683,0,Mph_TU
-1632,1678,0,Mph_TU
-2035.5,1685.5,0,Mph_TU
-1727,1695.5,0,Mph_TU
-1649.5,1693,0,Mph_TU
-1557,1697,0,Mph_TU
-2019,1693.5,0,Mph_TU
-1685,1701,0,Mph_TU
-1798,1712,0,Mph_TU
-1663,1714,0,Mph_TU
-1918,1705.5,0,Mph_TU
-1981,1704.5,0,Mph_TU
-1900.5,1705.5,0,Mph_TU
-1564.5,1714.5,0,Mph_TU
-1745,1712,0,Mph_TU
-1641,1724.5,0,Mph_TU
-1727.5,1717.5,0,Mph_TU
-1597,1716.5,0,Mph_TU
-1971,1728,0,Mph_TU
-1906.5,1729,0,Mph_TU
-1685.5,1732.5,0,Mph_TU
-1872.5,1721.5,0,Mph_TU
-1831,1729,0,Mph_TU
-1624.5,1728.5,0,Mph_TU
-2032.5,1755,0,Mph_TU
-2017.5,1737,0,Mph_TU
-1901.5,1746.5,0,Mph_TU
-1616,1742,0,Mph_TU
-1805,1741.5,0,Mph_TU
-1877.5,1750,0,Mph_TU
-1998.5,1758.5,0,Mph_TU
-1689,1754.5,0,Mph_TU
-1796,1765.5,0,Mph_TU
-1658.5,1752.5,0,Mph_TU
-1825,1761,0,Mph_TU
-1661.5,1777,0,Mph_TU
-1633,1765,0,Mph_TU
-1689,1768,0,Mph_TU
-1601,1769,0,Mph_TU
-1877.5,1779.5,0,Mph_TU
-1622,1776.5,0,Mph_TU
-1784,1778.5,0,Mph_TU
-1681,1779,0,Mph_TU
-1825,1784,0,Mph_TU
-1653.5,1792,0,Mph_TU
-1632,1794,0,Mph_TU
-1782.5,1809.5,0,Mph_TU
-1651.5,1798,0,Mph_TU
-1603.5,1796.5,0,Mph_TU
-1684.5,1798,0,Mph_TU
-1589.5,1799,0,Mph_TU
-2009.5,1801.5,0,Mph_TU
-1628.5,1808.5,0,Mph_TU
-1985,1809.5,0,Mph_TU
-1770.5,1821.5,0,Mph_TU
-1826.5,1816,0,Mph_TU
-1627.5,1831.5,0,Mph_TU
-1601.5,1821.5,0,Mph_TU
-1761,1829.5,0,Mph_TU
-1653,1835,0,Mph_TU
-1746,1832.5,0,Mph_TU
-1840.5,1845.5,0,Mph_TU
-1669,1849,0,Mph_TU
-1748.5,1844.5,0,Mph_TU
-1919.5,1853,0,Mph_TU
-1731.5,1863.5,0,Mph_TU
-1940,1869.5,0,Mph_TU
-1761.5,1868.5,0,Mph_TU
-1911,1871.5,0,Mph_TU
-1972.5,1878,0,Mph_TU
-1788,1882.5,0,Mph_TU
-1973,1895.5,0,Mph_TU
-1758.5,1898.5,0,Mph_TU
-1681,1890,0,Mph_TU
-1628.5,1895,0,Mph_TU
-1993.5,1895.5,0,Mph_TU
-1696,1899,0,Mph_TU
-1906,1900,0,Mph_TU
-1976.5,1916.5,0,Mph_TU
-1889,1911.5,0,Mph_TU
-1866,1910.5,0,Mph_TU
-1810.5,1922.5,0,Mph_TU
-1677,1922.5,0,Mph_TU
-1678,1941,0,Mph_TU
-1706.5,1934.5,0,Mph_TU
-1737.5,1946.5,0,Mph_TU
-1690.5,1960.5,0,Mph_TU
-1664.5,1979.5,0,Mph_TU
-2019.5,1982,0,Mph_TU
-1942,1995.5,0,Mph_TU
-2035,1991.5,0,Mph_TU
-1971,1997,0,Mph_TU
-2002,2001.5,0,Mph_TU
-1671.5,2002.5,0,Mph_TU
-1649.5,2007,0,Mph_TU
-1623.5,2020.5,0,Mph_TU
-2038,2025,0,Mph_TU
-1615.5,2046,0,Mph_TU
-2031,2050.5,0,Mph_TU
-1880.5,2048.5,0,Mph_TU
-1642,2050,0,Mph_TU
-1965.5,2050,0,Mph_TU
-1658.5,2048.5,0,Mph_TU
-1937,2062,0,Mph_TU
-1837,2070,0,Mph_TU
-1659,2075.5,0,Mph_TU
-1808,2082,0,Mph_TU
-1793,2094.5,0,Mph_TU
-1629.5,2097,0,Mph_TU
-1768.5,2097,0,Mph_TU
-1780,2107,0,Mph_TU
-1774,2129,0,Mph_TU
-1740,2154,0,Mph_TU
-1679.5,2159.5,0,Mph_TU
-1623,2163,0,Mph_TU
-1597.5,2170.5,0,Mph_TU
-2025.5,2174,0,Mph_TU
-1613.5,2175,0,Mph_TU
-1721.5,2191,0,Mph_TU
-1581,2185.5,0,Mph_TU
-1598.5,2185.5,0,Mph_TU
-1754.5,2191,0,Mph_TU
-1896.5,2193.5,0,Mph_TU
-1604.5,2207,0,Mph_TU
-1955,2200.5,0,Mph_TU
-1595,2214.5,0,Mph_TU
-1981.5,2217,0,Mph_TU
-1836,2226,0,Mph_TU
-1640.5,2233.5,0,Mph_TU
-1967,2230,0,Mph_TU
-1700,2221,0,Mph_TU
-1722.5,2236.5,0,Mph_TU
-1600.5,2242,0,Mph_TU
-2040.5,2246.5,0,Mph_TU
-2002.5,2241,0,Mph_TU
-1697.5,2253.5,0,Mph_TU
-1764,2256,0,Mph_TU
-1896.5,2268.5,0,Mph_TU
-1870,2267.5,0,Mph_TU
-2019,2261.5,0,Mph_TU
-1834,2269.5,0,Mph_TU
-1997,2270.5,0,Mph_TU
-1743,2272,0,Mph_TU
-1863,2282.5,0,Mph_TU
-2020,2286.5,0,Mph_TU
-1909.5,2287.5,0,Mph_TU
-1929.5,2287.5,0,Mph_TU
-1825.5,2289,0,Mph_TU
-1692.5,2294,0,Mph_TU
-1806,2292,0,Mph_TU
-1737,2299,0,Mph_TU
-1717,2300,0,Mph_TU
-1693,2321,0,Mph_TU
-4692,2398,0,Mph_TU
-4558,2418.5,0,Mph_TU
-4693.5,2421,0,Mph_TU
-4514,2424,0,Mph_TU
-4720,2417,0,Mph_TU
-4750,2423.5,0,Mph_TU
-4590,2429.5,0,Mph_TU
-4566,2441,0,Mph_TU
-4529.5,2434,0,Mph_TU
-4605,2440,0,Mph_TU
-4465,2440,0,Mph_TU
-4524,2452.5,0,Mph_TU
-4449,2465.5,0,Mph_TU
-4496.5,2469.5,0,Mph_TU
-4518.5,2473.5,0,Mph_TU
-4630,2472.5,0,Mph_TU
-4497,2484.5,0,Mph_TU
-4715,2491.5,0,Mph_TU
-4663.5,2481,0,Mph_TU
-4617,2494,0,Mph_TU
-4693,2489,0,Mph_TU
-4670,2491.5,0,Mph_TU
-4639,2504.5,0,Mph_TU
-4472.5,2495,0,Mph_TU
-4571.5,2501,0,Mph_TU
-4530.5,2498,0,Mph_TU
-4658,2510.5,0,Mph_TU
-4697,2515.5,0,Mph_TU
-4675,2511,0,Mph_TU
-4551,2517,0,Mph_TU
-4654,2526.5,0,Mph_TU
-4669,2536,0,Mph_TU
-4605,2525,0,Mph_TU
-4634.5,2529,0,Mph_TU
-4459,2533.5,0,Mph_TU
-4680.5,2547,0,Mph_TU
-4636,2549.5,0,Mph_TU
-4449.5,2545.5,0,Mph_TU
-4542.5,2564.5,0,Mph_TU
-4516.5,2559,0,Mph_TU
-4453.5,2565.5,0,Mph_TU
-4607.5,2558,0,Mph_TU
-4563.5,2572,0,Mph_TU
-4457,2580.5,0,Mph_TU
-4501,2578.5,0,Mph_TU
-4622.5,2583.5,0,Mph_TU
-4537.5,2590.5,0,Mph_TU
-4507.5,2599,0,Mph_TU
-4473,2614.5,0,Mph_TU
-4655.5,2597.5,0,Mph_TU
-4593,2601,0,Mph_TU
-4445.5,2602,0,Mph_TU
-4697,2619,0,Mph_TU
-4595.5,2615,0,Mph_TU
-4667,2618,0,Mph_TU
-4452,2625.5,0,Mph_TU
-4677,2635,0,Mph_TU
-4704.5,2679.5,0,Mph_TU
-4539.5,2684,0,Mph_TU
-4731.5,2699,0,Mph_TU
-4520.5,2702,0,Mph_TU
-4592,2698,0,Mph_TU
-4689.5,2701.5,0,Mph_TU
-4492,2702,0,Mph_TU
-4555.5,2703,0,Mph_TU
-4506.5,2708,0,Mph_TU
-4580,2702.5,0,Mph_TU
-4575,2719.5,0,Mph_TU
-4701.5,2726.5,0,Mph_TU
-4638,2751,0,Mph_TU
-4663.5,2756,0,Mph_TU
-4452.5,2754,0,Mph_TU
-4561.5,2759,0,Mph_TU
-4755.5,2751.5,0,Mph_TU
-4508,2752,0,Mph_TU
-4724,2755,0,Mph_TU
-4749.5,2772,0,Mph_TU
-4697.5,2769,0,Mph_TU
-4784.5,2773,0,Mph_TU
-4502.5,2769.5,0,Mph_TU
-4726.5,2779,0,Mph_TU
-4554.5,2785.5,0,Mph_TU
-4505.5,2785.5,0,Mph_TU
-4579,2785,0,Mph_TU
-4661.5,2799,0,Mph_TU
-4746.5,2801.5,0,Mph_TU
-4794,2794,0,Mph_TU
-4688.5,2807,0,Mph_TU
-4577.5,2803,0,Mph_TU
-4499.5,2809.5,0,Mph_TU
-4707,2811,0,Mph_TU
-4457.5,2802.5,0,Mph_TU
-4723.5,2815.5,0,Mph_TU
-4680,2817.5,0,Mph_TU
-4607.5,2812,0,Mph_TU
-4619,2826,0,Mph_TU
-4769,2827.5,0,Mph_TU
-4675.5,2840,0,Mph_TU
-4807.5,2841,0,Mph_TU
-4775,2858,0,Mph_TU
-4819,2860,0,Mph_TU
-4565,2874.5,0,Mph_TU
-4587,2867,0,Mph_TU
-4722.5,2873.5,0,Mph_TU
-4798.5,2876,0,Mph_TU
-4753.5,2890.5,0,Mph_TU
-4663.5,2893,0,Mph_TU
-4513,2900,0,Mph_TU
-4474.5,2908.5,0,Mph_TU
-4739.5,2918,0,Mph_TU
-4516,2931.5,0,Mph_TU
-4618,2946,0,Mph_TU
-4466.5,2948.5,0,Mph_TU
-4577.5,2953.5,0,Mph_TU
-4724.5,3008.5,0,Mph_TU
-4648.5,3012,0,Mph_TU
-4556.5,3022.5,0,Mph_TU
-4535.5,3033.5,0,Mph_TU
-4710.5,3040,0,Mph_TU
-4735,3036,0,Mph_TU
-4568,3046,0,Mph_TU
-4693.5,3039,0,Mph_TU
-4591,3048,0,Mph_TU
-4684.5,3056.5,0,Mph_TU
-4660.5,3051,0,Mph_TU
-4571,3063,0,Mph_TU
-4589,3067,0,Mph_TU
-4557,3078,0,Mph_TU
-4877,3079.5,0,Mph_TU
-4581,3081.5,0,Mph_TU
-4529.5,3100.5,0,Mph_TU
-4465.5,3102.5,0,Mph_TU
-4846,3123.5,0,Mph_TU
-4934.5,3118.5,0,Mph_TU
-4466.5,3121.5,0,Mph_TU
-4566,3131,0,Mph_TU
-4771.5,3124.5,0,Mph_TU
-4557,3135.5,0,Mph_TU
-4983,3176,0,Mph_TU
-4754,3173,0,Mph_TU
-4778.5,3181.5,0,Mph_TU
-4769,3176.5,0,Mph_TU
-4436.5,2391.5,0,Mph_TU
-3870.5,2395.5,0,Mph_TU
-4020.5,2397.5,0,Mph_TU
-3828.5,2401,0,Mph_TU
-3856,2400,0,Mph_TU
-3875.5,2411,0,Mph_TU
-4029.5,2414,0,Mph_TU
-3843.5,2423.5,0,Mph_TU
-4406,2423.5,0,Mph_TU
-4390.5,2427,0,Mph_TU
-4421,2428.5,0,Mph_TU
-4039.5,2432.5,0,Mph_TU
-4093,2427.5,0,Mph_TU
-4428,2434.5,0,Mph_TU
-4067,2435,0,Mph_TU
-4111.5,2439.5,0,Mph_TU
-3704,2445.5,0,Mph_TU
-4424.5,2449,0,Mph_TU
-4274,2454,0,Mph_TU
-4145.5,2456,0,Mph_TU
-3661,2467,0,Mph_TU
-4424.5,2465.5,0,Mph_TU
-4235,2479.5,0,Mph_TU
-4154.5,2483,0,Mph_TU
-4130,2481.5,0,Mph_TU
-3643.5,2486,0,Mph_TU
-4174.5,2488,0,Mph_TU
-3660,2513,0,Mph_TU
-4035,2517,0,Mph_TU
-4294,2506,0,Mph_TU
-4420,2520.5,0,Mph_TU
-3974.5,2522.5,0,Mph_TU
-4438.5,2527.5,0,Mph_TU
-4398,2537,0,Mph_TU
-4428,2541,0,Mph_TU
-3646,2547.5,0,Mph_TU
-3942,2540,0,Mph_TU
-4390.5,2544,0,Mph_TU
-3895.5,2547.5,0,Mph_TU
-3808.5,2546.5,0,Mph_TU
-4426,2561,0,Mph_TU
-4362,2566,0,Mph_TU
-3940,2567,0,Mph_TU
-3843,2564,0,Mph_TU
-3714,2560.5,0,Mph_TU
-3682.5,2560.5,0,Mph_TU
-4050.5,2574,0,Mph_TU
-3987,2585.5,0,Mph_TU
-4022.5,2586.5,0,Mph_TU
-4390.5,2587,0,Mph_TU
-4425,2590.5,0,Mph_TU
-3749.5,2588.5,0,Mph_TU
-3656,2603,0,Mph_TU
-3876,2602,0,Mph_TU
-3727,2597,0,Mph_TU
-4372,2605,0,Mph_TU
-3943,2610,0,Mph_TU
-3751.5,2613,0,Mph_TU
-3647,2626.5,0,Mph_TU
-4281,2618,0,Mph_TU
-4303.5,2620,0,Mph_TU
-4390,2620.5,0,Mph_TU
-4019,2613.5,0,Mph_TU
-4184,2615,0,Mph_TU
-4432.5,2636,0,Mph_TU
-4403,2634.5,0,Mph_TU
-3898.5,2635.5,0,Mph_TU
-3716,2627.5,0,Mph_TU
-4010,2631.5,0,Mph_TU
-4169.5,2633.5,0,Mph_TU
-3994,2632,0,Mph_TU
-3943,2653.5,0,Mph_TU
-3919.5,2660,0,Mph_TU
-4413.5,2663,0,Mph_TU
-3886.5,2661.5,0,Mph_TU
-4372.5,2661.5,0,Mph_TU
-3705,2672,0,Mph_TU
-4380.5,2679.5,0,Mph_TU
-3877.5,2682,0,Mph_TU
-3907,2688,0,Mph_TU
-4356.5,2696,0,Mph_TU
-4423,2684,0,Mph_TU
-4062.5,2689.5,0,Mph_TU
-3881,2705,0,Mph_TU
-3953.5,2700.5,0,Mph_TU
-4375.5,2699,0,Mph_TU
-4367.5,2714.5,0,Mph_TU
-4418.5,2704,0,Mph_TU
-3894.5,2715.5,0,Mph_TU
-4031,2721.5,0,Mph_TU
-4395,2722,0,Mph_TU
-4338.5,2731,0,Mph_TU
-4370.5,2734.5,0,Mph_TU
-3659.5,2727.5,0,Mph_TU
-4312.5,2735,0,Mph_TU
-4311.5,2752.5,0,Mph_TU
-3894,2760,0,Mph_TU
-3922.5,2763.5,0,Mph_TU
-3891,2774.5,0,Mph_TU
-3928,2778.5,0,Mph_TU
-3885.5,2785,0,Mph_TU
-3929,2808,0,Mph_TU
-3899.5,2801,0,Mph_TU
-4328,2822,0,Mph_TU
-3907.5,2813,0,Mph_TU
-3857,2832,0,Mph_TU
-3876,2836,0,Mph_TU
-3909,2855,0,Mph_TU
-3860,2863.5,0,Mph_TU
-4320,2867.5,0,Mph_TU
-4130,2865.5,0,Mph_TU
-4329,2880.5,0,Mph_TU
-3836,2877,0,Mph_TU
-4341.5,2894.5,0,Mph_TU
-4283,2893.5,0,Mph_TU
-3827,2900,0,Mph_TU
-3795,2908.5,0,Mph_TU
-4207.5,2918.5,0,Mph_TU
-3887,2920,0,Mph_TU
-3919.5,2911.5,0,Mph_TU
-4256.5,2918,0,Mph_TU
-3776,2923,0,Mph_TU
-3852,2924.5,0,Mph_TU
-3906.5,2927,0,Mph_TU
-4177,2938,0,Mph_TU
-4305.5,2950,0,Mph_TU
-4429,2958.5,0,Mph_TU
-4030.5,2964,0,Mph_TU
-3743,2976.5,0,Mph_TU
-3681.5,2973.5,0,Mph_TU
-4407,2977.5,0,Mph_TU
-3713.5,2986,0,Mph_TU
-4348.5,3002.5,0,Mph_TU
-3691,3004.5,0,Mph_TU
-4200,3005,0,Mph_TU
-3659.5,3017,0,Mph_TU
-4103.5,3025,0,Mph_TU
-4359.5,3026,0,Mph_TU
-4208.5,3022.5,0,Mph_TU
-4198.5,3039,0,Mph_TU
-3667.5,3031.5,0,Mph_TU
-4128.5,3029,0,Mph_TU
-3683.5,3038.5,0,Mph_TU
-3701.5,3046,0,Mph_TU
-4341.5,3057.5,0,Mph_TU
-4187,3060,0,Mph_TU
-4365.5,3051.5,0,Mph_TU
-3679,3057.5,0,Mph_TU
-4233.5,3053.5,0,Mph_TU
-4101,3059,0,Mph_TU
-4373.5,3065,0,Mph_TU
-3734.5,3081.5,0,Mph_TU
-4021,3079.5,0,Mph_TU
-4412.5,3075.5,0,Mph_TU
-3694.5,3079,0,Mph_TU
-4033.5,3080.5,0,Mph_TU
-4052,3080.5,0,Mph_TU
-4002,3099,0,Mph_TU
-3734,3097,0,Mph_TU
-4063.5,3101,0,Mph_TU
-4033,3108.5,0,Mph_TU
-4429.5,3112.5,0,Mph_TU
-4397.5,3116,0,Mph_TU
-4095.5,3111.5,0,Mph_TU
-4368.5,3130,0,Mph_TU
-4184.5,3114,0,Mph_TU
-4298.5,3122.5,0,Mph_TU
-3993,3138.5,0,Mph_TU
-4214,3131.5,0,Mph_TU
-4263,3130,0,Mph_TU
-3767.5,3147,0,Mph_TU
-3807.5,3140,0,Mph_TU
-3778.5,3147,0,Mph_TU
-4207,3157,0,Mph_TU
-4012.5,3160.5,0,Mph_TU
-4306,3160,0,Mph_TU
-4321,3167,0,Mph_TU
-4242,3162.5,0,Mph_TU
-4166,3168,0,Mph_TU
-3685.5,3162,0,Mph_TU
-3644.5,3172.5,0,Mph_TU
-3181,2387.5,0,Mph_TU
-2960,2392.5,0,Mph_TU
-3530,2393,0,Mph_TU
-3366.5,2390.5,0,Mph_TU
-3202.5,2407,0,Mph_TU
-3164,2408.5,0,Mph_TU
-3142,2406,0,Mph_TU
-3619,2403,0,Mph_TU
-3116,2410,0,Mph_TU
-3554.5,2419.5,0,Mph_TU
-3311.5,2407,0,Mph_TU
-3428,2420,0,Mph_TU
-3132,2414.5,0,Mph_TU
-3264,2419,0,Mph_TU
-3235.5,2433,0,Mph_TU
-3142.5,2426,0,Mph_TU
-3114,2433,0,Mph_TU
-2915.5,2427.5,0,Mph_TU
-3314.5,2442,0,Mph_TU
-3291.5,2438,0,Mph_TU
-3342,2442,0,Mph_TU
-3118.5,2447.5,0,Mph_TU
-3229,2448,0,Mph_TU
-3376,2455.5,0,Mph_TU
-3149,2442.5,0,Mph_TU
-2855.5,2442.5,0,Mph_TU
-3594,2451,0,Mph_TU
-3155.5,2464,0,Mph_TU
-3521.5,2455.5,0,Mph_TU
-3027,2457.5,0,Mph_TU
-3118.5,2464.5,0,Mph_TU
-3607,2475,0,Mph_TU
-3578,2468,0,Mph_TU
-3506.5,2468.5,0,Mph_TU
-2893,2470,0,Mph_TU
-3406,2485,0,Mph_TU
-3014.5,2492,0,Mph_TU
-3371,2488,0,Mph_TU
-3395.5,2489,0,Mph_TU
-2913,2493.5,0,Mph_TU
-2992.5,2504,0,Mph_TU
-3422,2497,0,Mph_TU
-3580,2499,0,Mph_TU
-3622,2506,0,Mph_TU
-3641.5,2509.5,0,Mph_TU
-3390,2514.5,0,Mph_TU
-3061,2514,0,Mph_TU
-3556.5,2513.5,0,Mph_TU
-3419,2521,0,Mph_TU
-3155,2513,0,Mph_TU
-3094,2522.5,0,Mph_TU
-2884,2511.5,0,Mph_TU
-3125.5,2522.5,0,Mph_TU
-3460.5,2523,0,Mph_TU
-3406,2529,0,Mph_TU
-2873,2531,0,Mph_TU
-3154.5,2539.5,0,Mph_TU
-3054,2543,0,Mph_TU
-3122,2548,0,Mph_TU
-3433,2548,0,Mph_TU
-3097.5,2554,0,Mph_TU
-3273,2544,0,Mph_TU
-3384.5,2554,0,Mph_TU
-3605,2555,0,Mph_TU
-3410.5,2553.5,0,Mph_TU
-3153.5,2556,0,Mph_TU
-3137,2574,0,Mph_TU
-3414.5,2577,0,Mph_TU
-3030,2579.5,0,Mph_TU
-3609.5,2588.5,0,Mph_TU
-3526,2575.5,0,Mph_TU
-3548.5,2572.5,0,Mph_TU
-3571,2579.5,0,Mph_TU
-2993.5,2583.5,0,Mph_TU
-3510,2601,0,Mph_TU
-3540,2600.5,0,Mph_TU
-3558,2600,0,Mph_TU
-2979.5,2597,0,Mph_TU
-3457.5,2596.5,0,Mph_TU
-3608.5,2608,0,Mph_TU
-3527.5,2604,0,Mph_TU
-3376,2597.5,0,Mph_TU
-3418,2605.5,0,Mph_TU
-3582.5,2601.5,0,Mph_TU
-2980,2627,0,Mph_TU
-3553,2618,0,Mph_TU
-3187,2627,0,Mph_TU
-3080,2613.5,0,Mph_TU
-3370,2619,0,Mph_TU
-3486.5,2635.5,0,Mph_TU
-3506.5,2620,0,Mph_TU
-3095.5,2628.5,0,Mph_TU
-3411,2626.5,0,Mph_TU
-3058,2638,0,Mph_TU
-3112.5,2629.5,0,Mph_TU
-3581.5,2630.5,0,Mph_TU
-3634.5,2644,0,Mph_TU
-3538.5,2642.5,0,Mph_TU
-3601.5,2638.5,0,Mph_TU
-3088.5,2655,0,Mph_TU
-3533.5,2661,0,Mph_TU
-3508.5,2669.5,0,Mph_TU
-2901.5,2657,0,Mph_TU
-3612.5,2658.5,0,Mph_TU
-3479.5,2671.5,0,Mph_TU
-3251,2664.5,0,Mph_TU
-2969.5,2670.5,0,Mph_TU
-2906.5,2677.5,0,Mph_TU
-3241.5,2690,0,Mph_TU
-2999,2701,0,Mph_TU
-2980,2697.5,0,Mph_TU
-3243.5,2706,0,Mph_TU
-3135.5,2711.5,0,Mph_TU
-3226.5,2719,0,Mph_TU
-3120.5,2728,0,Mph_TU
-3469,2725,0,Mph_TU
-3251,2725.5,0,Mph_TU
-2848.5,2736,0,Mph_TU
-2976,2724,0,Mph_TU
-3498,2731,0,Mph_TU
-3145,2731,0,Mph_TU
-3107,2743,0,Mph_TU
-3015.5,2726.5,0,Mph_TU
-3613,2737.5,0,Mph_TU
-3269.5,2728,0,Mph_TU
-3056.5,2752,0,Mph_TU
-2986.5,2741.5,0,Mph_TU
-3185.5,2749.5,0,Mph_TU
-3084,2762,0,Mph_TU
-3551.5,2759.5,0,Mph_TU
-3510.5,2759.5,0,Mph_TU
-3262.5,2757.5,0,Mph_TU
-3016.5,2768.5,0,Mph_TU
-2963.5,2765,0,Mph_TU
-3560,2767.5,0,Mph_TU
-2985.5,2767,0,Mph_TU
-3609.5,2776,0,Mph_TU
-3042.5,2787,0,Mph_TU
-3280,2792.5,0,Mph_TU
-2987.5,2801.5,0,Mph_TU
-3526,2791,0,Mph_TU
-3493,2798.5,0,Mph_TU
-3095.5,2802.5,0,Mph_TU
-3532.5,2818,0,Mph_TU
-3500.5,2841,0,Mph_TU
-3364.5,2826,0,Mph_TU
-2861,2820,0,Mph_TU
-3289,2832.5,0,Mph_TU
-2922.5,2832.5,0,Mph_TU
-2860,2847.5,0,Mph_TU
-3538.5,2837.5,0,Mph_TU
-2901,2857.5,0,Mph_TU
-3526,2855.5,0,Mph_TU
-2934.5,2863,0,Mph_TU
-3233,2862,0,Mph_TU
-3484.5,2877.5,0,Mph_TU
-3398.5,2866.5,0,Mph_TU
-2845,2881,0,Mph_TU
-3362.5,2873.5,0,Mph_TU
-3255.5,2885,0,Mph_TU
-3403.5,2887.5,0,Mph_TU
-3184.5,2910.5,0,Mph_TU
-3564,2911,0,Mph_TU
-3436,2901,0,Mph_TU
-3423,2920.5,0,Mph_TU
-3554.5,2931,0,Mph_TU
-3413,2929.5,0,Mph_TU
-3057.5,2943,0,Mph_TU
-2873,2943,0,Mph_TU
-3516,2954.5,0,Mph_TU
-3469,2957,0,Mph_TU
-3320,2953,0,Mph_TU
-3375,2963,0,Mph_TU
-3322.5,2982,0,Mph_TU
-3464,2982.5,0,Mph_TU
-3310.5,2983,0,Mph_TU
-3413.5,2992,0,Mph_TU
-3458,2998.5,0,Mph_TU
-3291.5,3006.5,0,Mph_TU
-3348.5,3012.5,0,Mph_TU
-3148,3012.5,0,Mph_TU
-3510,3015,0,Mph_TU
-3352,3032.5,0,Mph_TU
-3479.5,3053,0,Mph_TU
-3355.5,3062,0,Mph_TU
-3442.5,3081,0,Mph_TU
-3275,3077.5,0,Mph_TU
-3319.5,3087,0,Mph_TU
-3289.5,3085,0,Mph_TU
-3214.5,3074.5,0,Mph_TU
-3224,3111.5,0,Mph_TU
-2898.5,3108.5,0,Mph_TU
-2924,3107.5,0,Mph_TU
-3417.5,3127,0,Mph_TU
-2871,3128,0,Mph_TU
-2881.5,3123,0,Mph_TU
-2917,3136.5,0,Mph_TU
-2844.5,3144.5,0,Mph_TU
-2945,3139.5,0,Mph_TU
-2905.5,3163,0,Mph_TU
-2925,3165,0,Mph_TU
-2886.5,3162.5,0,Mph_TU
-2867,3158.5,0,Mph_TU
-3611,3175,0,Mph_TU
-2864.5,3177,0,Mph_TU
-3234.5,3165.5,0,Mph_TU
-3532,3174.5,0,Mph_TU
-2663.5,2393.5,0,Mph_TU
-2622,2393,0,Mph_TU
-2678,2406.5,0,Mph_TU
-2663.5,2436,0,Mph_TU
-2582,2447,0,Mph_TU
-2690,2444.5,0,Mph_TU
-2676.5,2439,0,Mph_TU
-2651.5,2446.5,0,Mph_TU
-2628.5,2441.5,0,Mph_TU
-2629,2462.5,0,Mph_TU
-2600.5,2462.5,0,Mph_TU
-2707,2476,0,Mph_TU
-2594,2498.5,0,Mph_TU
-2596.5,2517.5,0,Mph_TU
-2616,2516,0,Mph_TU
-2663,2528,0,Mph_TU
-2588,2534,0,Mph_TU
-2711,2554.5,0,Mph_TU
-2671.5,2552.5,0,Mph_TU
-2730.5,2560.5,0,Mph_TU
-2586,2557.5,0,Mph_TU
-2638,2555,0,Mph_TU
-2700.5,2563.5,0,Mph_TU
-2643.5,2572.5,0,Mph_TU
-2584.5,2587,0,Mph_TU
-2655.5,2576,0,Mph_TU
-2648,2597.5,0,Mph_TU
-2562,2623.5,0,Mph_TU
-2696,2628,0,Mph_TU
-2643,2621.5,0,Mph_TU
-2609,2626,0,Mph_TU
-2658.5,2631,0,Mph_TU
-2680,2641,0,Mph_TU
-2665.5,2653,0,Mph_TU
-2591,2644.5,0,Mph_TU
-2573.5,2653.5,0,Mph_TU
-2552,2673,0,Mph_TU
-2585,2678.5,0,Mph_TU
-2614,2717.5,0,Mph_TU
-2639.5,2721.5,0,Mph_TU
-2652,2724.5,0,Mph_TU
-2622,2734,0,Mph_TU
-2614,2765,0,Mph_TU
-2826.5,2809,0,Mph_TU
-2802.5,2809,0,Mph_TU
-2785,2844,0,Mph_TU
-2807.5,2844.5,0,Mph_TU
-2754.5,2841.5,0,Mph_TU
-2809,2866.5,0,Mph_TU
-2830,2864,0,Mph_TU
-2834.5,2881,0,Mph_TU
-2779,2917.5,0,Mph_TU
-2823.5,2923.5,0,Mph_TU
-2820.5,2956.5,0,Mph_TU
-2780.5,2969,0,Mph_TU
-2817,2980,0,Mph_TU
-2775,2994,0,Mph_TU
-2784,3015,0,Mph_TU
-2776.5,3047,0,Mph_TU
-2771,3120,0,Mph_TU
-2801,3170.5,0,Mph_TU
-4511.5,3186.5,0,Mph_TU
-4731.5,3201.5,0,Mph_TU
-4507,3212.5,0,Mph_TU
-4740.5,3221.5,0,Mph_TU
-4500.5,3224,0,Mph_TU
-4469,3230.5,0,Mph_TU
-4453,3271,0,Mph_TU
-4710,3263,0,Mph_TU
-4845.5,3284,0,Mph_TU
-4495,3279,0,Mph_TU
-4463,3285,0,Mph_TU
-4772,3294,0,Mph_TU
-4456,3299,0,Mph_TU
-4695.5,3303.5,0,Mph_TU
-4746.5,3329,0,Mph_TU
-4885.5,3323,0,Mph_TU
-4779.5,3325,0,Mph_TU
-4720.5,3327,0,Mph_TU
-4810,3327,0,Mph_TU
-4882.5,3347,0,Mph_TU
-4722.5,3340.5,0,Mph_TU
-5086,3346.5,0,Mph_TU
-4836.5,3353.5,0,Mph_TU
-4948.5,3345.5,0,Mph_TU
-4820,3347,0,Mph_TU
-4923.5,3354.5,0,Mph_TU
-5017.5,3355.5,0,Mph_TU
-4907,3363,0,Mph_TU
-4723.5,3355.5,0,Mph_TU
-4956,3360.5,0,Mph_TU
-4865,3363,0,Mph_TU
-4936,3364.5,0,Mph_TU
-4489.5,3380.5,0,Mph_TU
-4999.5,3375.5,0,Mph_TU
-4724.5,3374,0,Mph_TU
-4951.5,3380.5,0,Mph_TU
-4514.5,3387,0,Mph_TU
-4701,3372,0,Mph_TU
-4927.5,3384.5,0,Mph_TU
-4972,3395,0,Mph_TU
-4653,3391.5,0,Mph_TU
-4938,3393,0,Mph_TU
-4930,3410,0,Mph_TU
-4672,3411.5,0,Mph_TU
-4452.5,3409,0,Mph_TU
-4967,3420.5,0,Mph_TU
-4572.5,3429.5,0,Mph_TU
-5033.5,3445,0,Mph_TU
-4515.5,3451,0,Mph_TU
-4678,3459.5,0,Mph_TU
-4627,3457.5,0,Mph_TU
-4655,3459,0,Mph_TU
-4845.5,3465.5,0,Mph_TU
-4999.5,3461.5,0,Mph_TU
-4975,3469,0,Mph_TU
-4952.5,3474.5,0,Mph_TU
-4694,3478.5,0,Mph_TU
-4931.5,3478,0,Mph_TU
-4882.5,3480.5,0,Mph_TU
-4762.5,3489.5,0,Mph_TU
-4993.5,3492,0,Mph_TU
-4447.5,3492,0,Mph_TU
-4970.5,3493.5,0,Mph_TU
-4480.5,3496,0,Mph_TU
-4952.5,3510.5,0,Mph_TU
-4574.5,3502.5,0,Mph_TU
-4814.5,3498.5,0,Mph_TU
-4593.5,3508,0,Mph_TU
-4443.5,3513,0,Mph_TU
-4849.5,3513.5,0,Mph_TU
-4767,3515.5,0,Mph_TU
-4996.5,3520.5,0,Mph_TU
-4807.5,3525.5,0,Mph_TU
-4576,3517.5,0,Mph_TU
-4605.5,3520.5,0,Mph_TU
-4883.5,3528.5,0,Mph_TU
-4983.5,3529,0,Mph_TU
-4585.5,3534,0,Mph_TU
-4831.5,3532.5,0,Mph_TU
-4659.5,3532,0,Mph_TU
-4631.5,3546.5,0,Mph_TU
-5047,3549,0,Mph_TU
-4648,3563,0,Mph_TU
-4817,3567.5,0,Mph_TU
-4660,3568.5,0,Mph_TU
-4893.5,3581,0,Mph_TU
-4664,3585,0,Mph_TU
-5002.5,3586,0,Mph_TU
-4749,3581,0,Mph_TU
-4588,3582,0,Mph_TU
-5137.5,3591,0,Mph_TU
-4729,3587,0,Mph_TU
-5078.5,3592.5,0,Mph_TU
-4627,3593.5,0,Mph_TU
-4589,3602.5,0,Mph_TU
-4749.5,3594.5,0,Mph_TU
-4722.5,3598,0,Mph_TU
-5169.5,3591.5,0,Mph_TU
-5105.5,3600,0,Mph_TU
-4664.5,3611.5,0,Mph_TU
-4634,3622.5,0,Mph_TU
-5074,3622.5,0,Mph_TU
-4749,3620.5,0,Mph_TU
-4849,3613,0,Mph_TU
-4685.5,3626.5,0,Mph_TU
-4726.5,3621,0,Mph_TU
-4915.5,3639.5,0,Mph_TU
-4794.5,3622,0,Mph_TU
-4764.5,3635,0,Mph_TU
-4889.5,3651,0,Mph_TU
-5214,3653.5,0,Mph_TU
-4790.5,3643,0,Mph_TU
-4679,3647.5,0,Mph_TU
-5109.5,3661,0,Mph_TU
-4683,3655.5,0,Mph_TU
-4578,3656.5,0,Mph_TU
-4788,3659.5,0,Mph_TU
-4803.5,3656,0,Mph_TU
-4982.5,3658,0,Mph_TU
-4875.5,3661,0,Mph_TU
-5091.5,3671,0,Mph_TU
-4854.5,3665.5,0,Mph_TU
-5186,3662,0,Mph_TU
-4995.5,3669.5,0,Mph_TU
-4901.5,3679,0,Mph_TU
-4858,3678,0,Mph_TU
-4691,3681.5,0,Mph_TU
-4971.5,3674.5,0,Mph_TU
-4838,3692,0,Mph_TU
-4634,3673.5,0,Mph_TU
-5187,3684.5,0,Mph_TU
-5216,3693.5,0,Mph_TU
-4997.5,3692,0,Mph_TU
-4604.5,3692.5,0,Mph_TU
-4870.5,3686,0,Mph_TU
-4775.5,3692.5,0,Mph_TU
-4954,3692.5,0,Mph_TU
-4674,3690.5,0,Mph_TU
-4646.5,3690.5,0,Mph_TU
-4927,3701.5,0,Mph_TU
-4711.5,3699,0,Mph_TU
-4886,3702,0,Mph_TU
-4871.5,3705,0,Mph_TU
-5232.5,3702,0,Mph_TU
-5176.5,3712.5,0,Mph_TU
-4694.5,3702,0,Mph_TU
-4814.5,3704.5,0,Mph_TU
-4753.5,3706.5,0,Mph_TU
-4676.5,3708,0,Mph_TU
-4720.5,3715.5,0,Mph_TU
-4801,3720,0,Mph_TU
-5124.5,3720,0,Mph_TU
-4899.5,3742.5,0,Mph_TU
-5174.5,3732,0,Mph_TU
-5205.5,3734,0,Mph_TU
-4741,3733,0,Mph_TU
-5193.5,3748,0,Mph_TU
-5081,3752.5,0,Mph_TU
-4742.5,3755,0,Mph_TU
-5158.5,3755,0,Mph_TU
-5182.5,3759,0,Mph_TU
-4635.5,3760,0,Mph_TU
-4809.5,3765.5,0,Mph_TU
-4655.5,3760,0,Mph_TU
-4532,3759,0,Mph_TU
-5038,3769.5,0,Mph_TU
-4542,3773,0,Mph_TU
-4786.5,3776,0,Mph_TU
-5050,3789.5,0,Mph_TU
-5079.5,3798.5,0,Mph_TU
-4550.5,3789,0,Mph_TU
-4719,3795,0,Mph_TU
-4940.5,3802.5,0,Mph_TU
-5008.5,3801.5,0,Mph_TU
-4825.5,3803.5,0,Mph_TU
-4607,3798.5,0,Mph_TU
-4626.5,3808.5,0,Mph_TU
-5042,3818,0,Mph_TU
-4586.5,3816,0,Mph_TU
-4732,3829.5,0,Mph_TU
-4705,3816,0,Mph_TU
-4954.5,3820,0,Mph_TU
-4596.5,3824.5,0,Mph_TU
-4930,3824,0,Mph_TU
-4818.5,3836.5,0,Mph_TU
-4685,3825,0,Mph_TU
-4918.5,3843.5,0,Mph_TU
-4680,3840.5,0,Mph_TU
-4699.5,3851,0,Mph_TU
-5156.5,3850.5,0,Mph_TU
-4670,3859.5,0,Mph_TU
-5164.5,3874.5,0,Mph_TU
-4583,3867.5,0,Mph_TU
-4688.5,3880,0,Mph_TU
-4671,3889,0,Mph_TU
-4635,3884,0,Mph_TU
-4763.5,3884.5,0,Mph_TU
-4593,3895.5,0,Mph_TU
-4581.5,3891.5,0,Mph_TU
-4614.5,3902.5,0,Mph_TU
-5207.5,3909,0,Mph_TU
-5183,3906.5,0,Mph_TU
-4716.5,3907.5,0,Mph_TU
-4756.5,3914.5,0,Mph_TU
-4662,3906.5,0,Mph_TU
-5135.5,3913.5,0,Mph_TU
-5208,3925.5,0,Mph_TU
-4736,3921.5,0,Mph_TU
-5096.5,3917,0,Mph_TU
-4658,3927,0,Mph_TU
-4913.5,3934.5,0,Mph_TU
-5123,3923,0,Mph_TU
-5166,3929.5,0,Mph_TU
-4592.5,3931.5,0,Mph_TU
-5226,3932,0,Mph_TU
-4706,3936,0,Mph_TU
-4563.5,3941.5,0,Mph_TU
-4940,3944.5,0,Mph_TU
-5172,3945,0,Mph_TU
-5092,3948,0,Mph_TU
-4470,3945,0,Mph_TU
-5222.5,3953.5,0,Mph_TU
-4922.5,3958,0,Mph_TU
-5034,3948.5,0,Mph_TU
-4738,3951,0,Mph_TU
-4887.5,3957.5,0,Mph_TU
-5177.5,3964,0,Mph_TU
-4962.5,3956.5,0,Mph_TU
-4771.5,3960,0,Mph_TU
-4652,3961.5,0,Mph_TU
-4595.5,3958.5,0,Mph_TU
-5053.5,3964.5,0,Mph_TU
-5080.5,3970.5,0,Mph_TU
-5212.5,3975,0,Mph_TU
-4461,3976.5,0,Mph_TU
-5063,3971.5,0,Mph_TU
-4586.5,3978,0,Mph_TU
-4835.5,3974.5,0,Mph_TU
-4671.5,3981,0,Mph_TU
-4144,3189,0,Mph_TU
-3663.5,3193,0,Mph_TU
-4131.5,3201.5,0,Mph_TU
-4050,3199,0,Mph_TU
-3869.5,3205,0,Mph_TU
-3913,3207.5,0,Mph_TU
-4007.5,3205,0,Mph_TU
-4083.5,3205.5,0,Mph_TU
-4223.5,3202.5,0,Mph_TU
-3942.5,3217,0,Mph_TU
-4315,3206,0,Mph_TU
-4121.5,3215.5,0,Mph_TU
-4100.5,3221,0,Mph_TU
-4025,3219,0,Mph_TU
-3855.5,3224,0,Mph_TU
-3657,3217,0,Mph_TU
-3835.5,3219.5,0,Mph_TU
-3806,3216.5,0,Mph_TU
-4281.5,3226.5,0,Mph_TU
-4226.5,3237.5,0,Mph_TU
-3793.5,3230.5,0,Mph_TU
-4402.5,3234,0,Mph_TU
-4014,3248.5,0,Mph_TU
-4436,3250,0,Mph_TU
-3844.5,3253,0,Mph_TU
-3796,3256,0,Mph_TU
-4401.5,3259.5,0,Mph_TU
-3811,3254.5,0,Mph_TU
-3703,3264,0,Mph_TU
-3826.5,3268,0,Mph_TU
-4108.5,3272,0,Mph_TU
-4410,3280,0,Mph_TU
-4051.5,3282,0,Mph_TU
-4301.5,3293.5,0,Mph_TU
-3790.5,3297,0,Mph_TU
-3987,3301,0,Mph_TU
-4101,3302.5,0,Mph_TU
-4367.5,3313,0,Mph_TU
-3723,3309.5,0,Mph_TU
-4439,3304.5,0,Mph_TU
-3837.5,3318.5,0,Mph_TU
-4161.5,3322,0,Mph_TU
-3701.5,3317.5,0,Mph_TU
-4406.5,3323,0,Mph_TU
-4313.5,3319,0,Mph_TU
-3786,3319.5,0,Mph_TU
-4138,3318.5,0,Mph_TU
-3865.5,3324,0,Mph_TU
-3843.5,3328,0,Mph_TU
-4119.5,3329,0,Mph_TU
-3987,3323,0,Mph_TU
-3812,3340,0,Mph_TU
-4137,3335.5,0,Mph_TU
-3917,3340,0,Mph_TU
-4096,3339.5,0,Mph_TU
-3939.5,3347.5,0,Mph_TU
-3794.5,3343.5,0,Mph_TU
-3743.5,3343.5,0,Mph_TU
-4263,3351,0,Mph_TU
-4071.5,3346.5,0,Mph_TU
-3883.5,3357.5,0,Mph_TU
-4129.5,3354.5,0,Mph_TU
-3648,3353.5,0,Mph_TU
-4216.5,3352,0,Mph_TU
-3690,3372,0,Mph_TU
-3668.5,3362,0,Mph_TU
-4080.5,3365.5,0,Mph_TU
-4240.5,3366.5,0,Mph_TU
-4106,3370.5,0,Mph_TU
-4431.5,3379,0,Mph_TU
-3712.5,3402.5,0,Mph_TU
-4182,3400,0,Mph_TU
-4379.5,3399.5,0,Mph_TU
-4434.5,3405.5,0,Mph_TU
-3759.5,3414.5,0,Mph_TU
-3683.5,3426,0,Mph_TU
-3653.5,3430,0,Mph_TU
-4133.5,3435.5,0,Mph_TU
-3671.5,3448,0,Mph_TU
-4070.5,3457.5,0,Mph_TU
-4100.5,3444,0,Mph_TU
-3680,3461.5,0,Mph_TU
-3653.5,3454,0,Mph_TU
-3838,3455.5,0,Mph_TU
-4109.5,3458.5,0,Mph_TU
-3645.5,3461,0,Mph_TU
-4299,3473,0,Mph_TU
-3839.5,3495.5,0,Mph_TU
-4120,3495,0,Mph_TU
-4418,3503,0,Mph_TU
-3650.5,3509.5,0,Mph_TU
-3831,3506.5,0,Mph_TU
-4371.5,3525,0,Mph_TU
-4232.5,3534,0,Mph_TU
-4170,3534.5,0,Mph_TU
-4372.5,3537.5,0,Mph_TU
-4408,3536.5,0,Mph_TU
-4359.5,3565.5,0,Mph_TU
-3819.5,3568,0,Mph_TU
-4337,3574.5,0,Mph_TU
-3732.5,3587.5,0,Mph_TU
-4323.5,3589.5,0,Mph_TU
-4360,3584.5,0,Mph_TU
-4306,3594,0,Mph_TU
-3758.5,3600.5,0,Mph_TU
-4295,3606,0,Mph_TU
-3807,3602.5,0,Mph_TU
-3795.5,3614.5,0,Mph_TU
-3858,3612.5,0,Mph_TU
-3759.5,3621,0,Mph_TU
-4379.5,3628,0,Mph_TU
-3644,3633.5,0,Mph_TU
-3728,3631.5,0,Mph_TU
-3997,3634,0,Mph_TU
-3752,3632.5,0,Mph_TU
-4436,3640.5,0,Mph_TU
-4345,3661.5,0,Mph_TU
-4315,3657,0,Mph_TU
-4325,3681.5,0,Mph_TU
-3698.5,3683.5,0,Mph_TU
-4297,3684,0,Mph_TU
-4277,3676,0,Mph_TU
-4280,3704,0,Mph_TU
-3744.5,3701.5,0,Mph_TU
-4260,3706.5,0,Mph_TU
-3831,3712.5,0,Mph_TU
-3776,3723.5,0,Mph_TU
-3983.5,3712.5,0,Mph_TU
-3949,3719.5,0,Mph_TU
-4246.5,3732,0,Mph_TU
-4099,3731.5,0,Mph_TU
-3995,3731.5,0,Mph_TU
-3972.5,3738,0,Mph_TU
-3952.5,3743.5,0,Mph_TU
-4124.5,3745,0,Mph_TU
-3753.5,3762,0,Mph_TU
-3741.5,3748.5,0,Mph_TU
-3780,3753.5,0,Mph_TU
-3978.5,3765.5,0,Mph_TU
-3783.5,3767.5,0,Mph_TU
-4031.5,3770,0,Mph_TU
-4015,3777.5,0,Mph_TU
-3696,3783.5,0,Mph_TU
-4316,3778.5,0,Mph_TU
-3950.5,3775,0,Mph_TU
-3986.5,3795,0,Mph_TU
-4045.5,3792,0,Mph_TU
-4010.5,3796,0,Mph_TU
-3959,3808.5,0,Mph_TU
-4270.5,3801,0,Mph_TU
-4429,3806.5,0,Mph_TU
-4018.5,3811.5,0,Mph_TU
-4047.5,3809,0,Mph_TU
-3837.5,3821,0,Mph_TU
-4052.5,3834,0,Mph_TU
-4031,3826.5,0,Mph_TU
-3988.5,3825.5,0,Mph_TU
-4011,3830,0,Mph_TU
-3932,3826.5,0,Mph_TU
-3897,3829.5,0,Mph_TU
-3744,3840,0,Mph_TU
-4403,3840,0,Mph_TU
-4026,3845,0,Mph_TU
-3995.5,3845.5,0,Mph_TU
-4090,3840,0,Mph_TU
-4079,3848.5,0,Mph_TU
-4017.5,3865,0,Mph_TU
-3994.5,3871,0,Mph_TU
-4038,3862.5,0,Mph_TU
-3711.5,3861,0,Mph_TU
-4379,3867,0,Mph_TU
-3699.5,3863,0,Mph_TU
-4057.5,3872,0,Mph_TU
-4034.5,3883,0,Mph_TU
-3722.5,3875.5,0,Mph_TU
-3972,3872.5,0,Mph_TU
-3713,3890,0,Mph_TU
-3963,3911.5,0,Mph_TU
-3693.5,3906.5,0,Mph_TU
-4191,3917.5,0,Mph_TU
-4033.5,3924,0,Mph_TU
-4227.5,3939.5,0,Mph_TU
-4056.5,3945.5,0,Mph_TU
-4118.5,3958.5,0,Mph_TU
-3881.5,3970,0,Mph_TU
-4149,3959.5,0,Mph_TU
-3913.5,3980,0,Mph_TU
-3524,3185.5,0,Mph_TU
-2934.5,3194,0,Mph_TU
-3410,3193,0,Mph_TU
-2914.5,3196,0,Mph_TU
-3537,3201,0,Mph_TU
-3045,3194.5,0,Mph_TU
-3426.5,3201.5,0,Mph_TU
-3079,3199,0,Mph_TU
-2902.5,3208.5,0,Mph_TU
-3586.5,3210.5,0,Mph_TU
-3402.5,3214.5,0,Mph_TU
-3553.5,3213,0,Mph_TU
-3053,3213.5,0,Mph_TU
-3627.5,3215,0,Mph_TU
-3564,3224.5,0,Mph_TU
-3584.5,3226,0,Mph_TU
-3546,3228,0,Mph_TU
-3311.5,3221.5,0,Mph_TU
-3473.5,3227.5,0,Mph_TU
-3019,3234,0,Mph_TU
-3627,3227.5,0,Mph_TU
-3601.5,3227.5,0,Mph_TU
-3059,3240.5,0,Mph_TU
-3376,3241.5,0,Mph_TU
-3402,3237.5,0,Mph_TU
-3535,3247.5,0,Mph_TU
-3625,3251.5,0,Mph_TU
-3503,3247.5,0,Mph_TU
-3464,3261,0,Mph_TU
-3602,3265,0,Mph_TU
-3554.5,3267.5,0,Mph_TU
-3619.5,3275.5,0,Mph_TU
-3633.5,3296,0,Mph_TU
-2904,3284.5,0,Mph_TU
-3536,3290,0,Mph_TU
-3612.5,3299.5,0,Mph_TU
-3373,3294,0,Mph_TU
-3429.5,3295.5,0,Mph_TU
-3477,3301,0,Mph_TU
-3542.5,3308.5,0,Mph_TU
-3112.5,3308,0,Mph_TU
-3600,3306.5,0,Mph_TU
-3395,3311.5,0,Mph_TU
-2897.5,3321,0,Mph_TU
-3461.5,3316,0,Mph_TU
-3381,3318.5,0,Mph_TU
-2921.5,3311.5,0,Mph_TU
-3255,3316.5,0,Mph_TU
-3106,3325,0,Mph_TU
-3098.5,3333.5,0,Mph_TU
-3302,3326.5,0,Mph_TU
-2903,3330,0,Mph_TU
-3274,3328.5,0,Mph_TU
-3484.5,3335,0,Mph_TU
-3131.5,3341.5,0,Mph_TU
-3440,3330.5,0,Mph_TU
-3145.5,3335.5,0,Mph_TU
-2992,3338.5,0,Mph_TU
-3545.5,3334,0,Mph_TU
-2925,3339,0,Mph_TU
-3079,3351,0,Mph_TU
-3570.5,3343,0,Mph_TU
-3588.5,3343,0,Mph_TU
-3546.5,3363,0,Mph_TU
-3208,3354,0,Mph_TU
-3561.5,3364.5,0,Mph_TU
-2923,3368.5,0,Mph_TU
-3603.5,3372,0,Mph_TU
-3189,3377,0,Mph_TU
-3106.5,3363,0,Mph_TU
-3255.5,3375,0,Mph_TU
-3565,3382,0,Mph_TU
-3137,3381.5,0,Mph_TU
-3118,3380,0,Mph_TU
-3097,3381,0,Mph_TU
-2956,3384.5,0,Mph_TU
-3091,3393.5,0,Mph_TU
-3041,3385,0,Mph_TU
-3351.5,3400.5,0,Mph_TU
-3381,3400,0,Mph_TU
-2977,3398.5,0,Mph_TU
-3063,3405.5,0,Mph_TU
-3510.5,3396.5,0,Mph_TU
-2994,3402.5,0,Mph_TU
-2970.5,3418.5,0,Mph_TU
-3007.5,3402,0,Mph_TU
-3358.5,3424,0,Mph_TU
-3200.5,3419.5,0,Mph_TU
-3459.5,3439.5,0,Mph_TU
-3557.5,3443.5,0,Mph_TU
-3424,3460,0,Mph_TU
-3540.5,3465.5,0,Mph_TU
-3621,3464.5,0,Mph_TU
-3636,3485,0,Mph_TU
-3624.5,3516,0,Mph_TU
-3471,3508,0,Mph_TU
-3473,3533,0,Mph_TU
-3552.5,3533.5,0,Mph_TU
-3597,3535.5,0,Mph_TU
-3578,3540,0,Mph_TU
-3210,3542,0,Mph_TU
-3597.5,3553,0,Mph_TU
-3566,3563.5,0,Mph_TU
-3397.5,3550,0,Mph_TU
-3546.5,3562,0,Mph_TU
-3488,3564.5,0,Mph_TU
-3383,3577.5,0,Mph_TU
-3603.5,3569.5,0,Mph_TU
-3196,3577,0,Mph_TU
-3602.5,3596.5,0,Mph_TU
-3569.5,3604,0,Mph_TU
-3508.5,3600,0,Mph_TU
-3349.5,3618.5,0,Mph_TU
-3472.5,3632,0,Mph_TU
-3348,3647,0,Mph_TU
-3347.5,3683.5,0,Mph_TU
-3327,3695,0,Mph_TU
-3443,3727.5,0,Mph_TU
-3400.5,3731.5,0,Mph_TU
-3589.5,3752,0,Mph_TU
-3518,3764,0,Mph_TU
-3501,3766.5,0,Mph_TU
-3503,3840,0,Mph_TU
-3607,3964,0,Mph_TU
-4627,3983,0,Mph_TU
-4501.5,3983.5,0,Mph_TU
-5109.5,3985,0,Mph_TU
-4770.5,3989.5,0,Mph_TU
-4465,3987,0,Mph_TU
-5078.5,3987.5,0,Mph_TU
-4793.5,3988,0,Mph_TU
-4877.5,3995,0,Mph_TU
-4754.5,3997.5,0,Mph_TU
-4653,3999,0,Mph_TU
-5185,4005.5,0,Mph_TU
-4633,4005,0,Mph_TU
-4462,4007,0,Mph_TU
-5078,3999,0,Mph_TU
-4976.5,3996.5,0,Mph_TU
-4625,4009.5,0,Mph_TU
-4733.5,4014.5,0,Mph_TU
-4982.5,4025.5,0,Mph_TU
-4659,4019.5,0,Mph_TU
-4717,4020,0,Mph_TU
-5010.5,4031,0,Mph_TU
-4940.5,4031,0,Mph_TU
-4480.5,4033.5,0,Mph_TU
-5176.5,4028,0,Mph_TU
-4736.5,4027,0,Mph_TU
-4721.5,4039,0,Mph_TU
-4770,4045.5,0,Mph_TU
-4600,4049,0,Mph_TU
-4576,4049,0,Mph_TU
-4737,4048,0,Mph_TU
-4717.5,4064.5,0,Mph_TU
-4618.5,4054.5,0,Mph_TU
-5148.5,4064.5,0,Mph_TU
-4750,4060.5,0,Mph_TU
-4733,4069,0,Mph_TU
-4588,4075,0,Mph_TU
-5076,4078,0,Mph_TU
-4661.5,4064,0,Mph_TU
-5124,4072,0,Mph_TU
-4683.5,4069,0,Mph_TU
-4635.5,4082,0,Mph_TU
-4888.5,4082,0,Mph_TU
-4855.5,4085,0,Mph_TU
-5051.5,4090,0,Mph_TU
-4737,4098.5,0,Mph_TU
-4952.5,4100.5,0,Mph_TU
-4624,4100,0,Mph_TU
-4674.5,4097,0,Mph_TU
-4603,4096.5,0,Mph_TU
-4918.5,4092.5,0,Mph_TU
-4821,4106.5,0,Mph_TU
-4702.5,4097.5,0,Mph_TU
-4889.5,4102,0,Mph_TU
-4967,4109,0,Mph_TU
-4940,4107,0,Mph_TU
-5057.5,4109.5,0,Mph_TU
-4598,4112.5,0,Mph_TU
-4934,4114.5,0,Mph_TU
-4673,4119,0,Mph_TU
-4976.5,4122.5,0,Mph_TU
-4645.5,4126,0,Mph_TU
-5104,4115,0,Mph_TU
-4727.5,4129,0,Mph_TU
-4692.5,4133.5,0,Mph_TU
-4611.5,4136.5,0,Mph_TU
-5043,4137,0,Mph_TU
-4907.5,4134,0,Mph_TU
-5068,4138.5,0,Mph_TU
-4668.5,4140,0,Mph_TU
-4717,4146.5,0,Mph_TU
-4705,4150,0,Mph_TU
-4928.5,4155,0,Mph_TU
-4668,4155.5,0,Mph_TU
-4984.5,4159.5,0,Mph_TU
-4650,4160.5,0,Mph_TU
-4627,4159,0,Mph_TU
-4781,4160.5,0,Mph_TU
-4976,4183.5,0,Mph_TU
-4837.5,4177,0,Mph_TU
-4693.5,4185.5,0,Mph_TU
-4661,4190.5,0,Mph_TU
-4863.5,4198,0,Mph_TU
-4570,4188.5,0,Mph_TU
-4628,4193,0,Mph_TU
-4839.5,4198,0,Mph_TU
-4545.5,4197.5,0,Mph_TU
-4883.5,4205,0,Mph_TU
-4587,4207.5,0,Mph_TU
-4675.5,4203,0,Mph_TU
-4650.5,4199.5,0,Mph_TU
-4691,4207,0,Mph_TU
-4737.5,4201,0,Mph_TU
-4707.5,4203.5,0,Mph_TU
-4950.5,4211,0,Mph_TU
-4718,4207.5,0,Mph_TU
-4649,4214.5,0,Mph_TU
-4565,4213,0,Mph_TU
-4617.5,4207.5,0,Mph_TU
-4777.5,4220,0,Mph_TU
-4553,4224.5,0,Mph_TU
-4877,4223,0,Mph_TU
-4839.5,4220,0,Mph_TU
-4727.5,4223,0,Mph_TU
-4675.5,4229.5,0,Mph_TU
-4597.5,4223,0,Mph_TU
-4898,4226.5,0,Mph_TU
-4743.5,4229,0,Mph_TU
-4786,4243.5,0,Mph_TU
-4847.5,4243,0,Mph_TU
-4687.5,4234,0,Mph_TU
-4970.5,4234,0,Mph_TU
-4647,4240.5,0,Mph_TU
-4636.5,4239,0,Mph_TU
-4870.5,4237,0,Mph_TU
-4812.5,4241.5,0,Mph_TU
-4803.5,4241.5,0,Mph_TU
-4887.5,4244.5,0,Mph_TU
-4864,4245.5,0,Mph_TU
-4684,4253,0,Mph_TU
-4737.5,4257.5,0,Mph_TU
-5030,4260.5,0,Mph_TU
-5009,4265.5,0,Mph_TU
-4867.5,4272.5,0,Mph_TU
-4725,4268.5,0,Mph_TU
-4890.5,4278,0,Mph_TU
-4707,4277,0,Mph_TU
-5022.5,4287,0,Mph_TU
-4671,4278,0,Mph_TU
-4737,4280.5,0,Mph_TU
-4647,4279.5,0,Mph_TU
-4601,4290,0,Mph_TU
-4694,4292,0,Mph_TU
-4924,4291.5,0,Mph_TU
-4717,4293,0,Mph_TU
-4898.5,4299,0,Mph_TU
-4673,4304.5,0,Mph_TU
-4655,4317.5,0,Mph_TU
-4884,4315,0,Mph_TU
-4727,4312,0,Mph_TU
-4715.5,4318,0,Mph_TU
-4587,4317,0,Mph_TU
-4924.5,4314,0,Mph_TU
-4678,4325.5,0,Mph_TU
-4819.5,4330,0,Mph_TU
-4879,4333.5,0,Mph_TU
-4942,4331.5,0,Mph_TU
-4920.5,4340,0,Mph_TU
-5010,4341.5,0,Mph_TU
-4900.5,4348,0,Mph_TU
-4545,4341,0,Mph_TU
-4989,4343,0,Mph_TU
-5036,4355.5,0,Mph_TU
-4871.5,4347,0,Mph_TU
-4840,4355,0,Mph_TU
-4815,4357.5,0,Mph_TU
-5002.5,4359.5,0,Mph_TU
-4707,4369,0,Mph_TU
-4620.5,4361.5,0,Mph_TU
-4938,4367.5,0,Mph_TU
-4739,4362.5,0,Mph_TU
-4786,4371.5,0,Mph_TU
-4859,4378.5,0,Mph_TU
-4807,4376.5,0,Mph_TU
-4851.5,4386,0,Mph_TU
-4752.5,4371,0,Mph_TU
-4535.5,4381,0,Mph_TU
-4497.5,4387.5,0,Mph_TU
-4829.5,4389,0,Mph_TU
-4886,4391,0,Mph_TU
-4729.5,4387.5,0,Mph_TU
-4609.5,4390,0,Mph_TU
-5003.5,4387,0,Mph_TU
-4620.5,4398,0,Mph_TU
-4918.5,4388,0,Mph_TU
-4644.5,4400.5,0,Mph_TU
-4591.5,4399,0,Mph_TU
-4757.5,4402.5,0,Mph_TU
-4995.5,4407,0,Mph_TU
-4662,4408.5,0,Mph_TU
-4970,4410,0,Mph_TU
-4689,4399,0,Mph_TU
-4935.5,4404,0,Mph_TU
-4841.5,4412,0,Mph_TU
-4959,4413.5,0,Mph_TU
-4576,4408.5,0,Mph_TU
-5024.5,4417,0,Mph_TU
-4592.5,4417.5,0,Mph_TU
-4767.5,4423.5,0,Mph_TU
-4747,4436.5,0,Mph_TU
-4783.5,4422.5,0,Mph_TU
-4852,4433,0,Mph_TU
-4877.5,4442,0,Mph_TU
-4596,4452.5,0,Mph_TU
-4856,4454,0,Mph_TU
-4558.5,4466,0,Mph_TU
-5040.5,4463.5,0,Mph_TU
-4488.5,4464.5,0,Mph_TU
-4802.5,4470.5,0,Mph_TU
-4829.5,4471,0,Mph_TU
-4709.5,4472,0,Mph_TU
-4695,4470.5,0,Mph_TU
-4646.5,4491.5,0,Mph_TU
-5063,4489.5,0,Mph_TU
-4486,4490.5,0,Mph_TU
-4703.5,4491,0,Mph_TU
-4600,4511,0,Mph_TU
-4675,4509,0,Mph_TU
-4919.5,4507.5,0,Mph_TU
-4879.5,4503,0,Mph_TU
-4944.5,4509,0,Mph_TU
-4469.5,4504,0,Mph_TU
-4704,4509.5,0,Mph_TU
-4899,4519,0,Mph_TU
-4595.5,4520,0,Mph_TU
-4785.5,4526,0,Mph_TU
-4840.5,4532,0,Mph_TU
-4807.5,4540,0,Mph_TU
-4634.5,4526,0,Mph_TU
-4600.5,4549,0,Mph_TU
-4629,4549.5,0,Mph_TU
-4711.5,4547,0,Mph_TU
-4713,4565.5,0,Mph_TU
-4742,4571,0,Mph_TU
-4731,4579.5,0,Mph_TU
-4467.5,4584.5,0,Mph_TU
-4753.5,4590,0,Mph_TU
-4772,4591,0,Mph_TU
-4786.5,4612.5,0,Mph_TU
-4691,4627,0,Mph_TU
-4539.5,4626.5,0,Mph_TU
-4769,4623,0,Mph_TU
-4553.5,4666,0,Mph_TU
-4655.5,4674.5,0,Mph_TU
-4524.5,4672.5,0,Mph_TU
-4626.5,4693.5,0,Mph_TU
-4733.5,4736,0,Mph_TU
-4708.5,4724,0,Mph_TU
-4672,4724,0,Mph_TU
-4610,4732.5,0,Mph_TU
-4640.5,4736.5,0,Mph_TU
-4505.5,4730.5,0,Mph_TU
-4717.5,4742,0,Mph_TU
-4560,4735,0,Mph_TU
-4670,4746,0,Mph_TU
-4803.5,4754,0,Mph_TU
-4497.5,4752.5,0,Mph_TU
-4556,4762,0,Mph_TU
-4674.5,4771.5,0,Mph_TU
-4575.5,4762,0,Mph_TU
-4532.5,4762,0,Mph_TU
-4517,4758,0,Mph_TU
-4861.5,4772.5,0,Mph_TU
-4822.5,4780.5,0,Mph_TU
-4475.5,4781,0,Mph_TU
-4157,3986.5,0,Mph_TU
-3654.5,3984,0,Mph_TU
-4132,3989,0,Mph_TU
-4113,4003.5,0,Mph_TU
-3763.5,4001.5,0,Mph_TU
-4150,4007,0,Mph_TU
-3739,4007,0,Mph_TU
-4134.5,4024.5,0,Mph_TU
-3993.5,4020,0,Mph_TU
-3960.5,4025.5,0,Mph_TU
-4122,4033.5,0,Mph_TU
-4014,4038.5,0,Mph_TU
-3775,4031.5,0,Mph_TU
-3983,4047.5,0,Mph_TU
-3997.5,4052,0,Mph_TU
-3950,4055,0,Mph_TU
-3771,4060.5,0,Mph_TU
-3745.5,4054.5,0,Mph_TU
-3796.5,4074.5,0,Mph_TU
-4224,4077,0,Mph_TU
-3968,4069.5,0,Mph_TU
-4081,4077.5,0,Mph_TU
-4021.5,4084,0,Mph_TU
-3987.5,4081,0,Mph_TU
-3949,4085.5,0,Mph_TU
-3923,4090,0,Mph_TU
-3866.5,4096,0,Mph_TU
-4085,4093.5,0,Mph_TU
-3931,4095.5,0,Mph_TU
-4026,4112,0,Mph_TU
-3808,4095,0,Mph_TU
-3903,4102,0,Mph_TU
-3879.5,4107,0,Mph_TU
-4278,4118.5,0,Mph_TU
-3891,4113,0,Mph_TU
-3870.5,4124,0,Mph_TU
-4060.5,4126,0,Mph_TU
-3909,4136,0,Mph_TU
-4064.5,4134.5,0,Mph_TU
-3885.5,4146,0,Mph_TU
-3994.5,4148,0,Mph_TU
-4061,4152,0,Mph_TU
-4006,4161,0,Mph_TU
-4014.5,4173,0,Mph_TU
-4011.5,4195,0,Mph_TU
-4091,4203,0,Mph_TU
-4105.5,4219.5,0,Mph_TU
-4191,4215.5,0,Mph_TU
-4171.5,4219.5,0,Mph_TU
-3959.5,4223,0,Mph_TU
-4127.5,4223.5,0,Mph_TU
-3986,4234.5,0,Mph_TU
-3801,4228.5,0,Mph_TU
-4178.5,4235,0,Mph_TU
-3771.5,4242.5,0,Mph_TU
-3811.5,4252,0,Mph_TU
-3896.5,4250,0,Mph_TU
-3797,4259,0,Mph_TU
-3874.5,4255,0,Mph_TU
-3731.5,4263.5,0,Mph_TU
-3754.5,4266,0,Mph_TU
-4122.5,4271.5,0,Mph_TU
-3787.5,4278.5,0,Mph_TU
-3727,4279.5,0,Mph_TU
-4152.5,4275,0,Mph_TU
-3698,4282.5,0,Mph_TU
-3667,4288,0,Mph_TU
-3792,4301,0,Mph_TU
-3770,4299.5,0,Mph_TU
-3800.5,4324.5,0,Mph_TU
-4442,4327,0,Mph_TU
-4085.5,4320,0,Mph_TU
-3783.5,4326.5,0,Mph_TU
-4325,4335,0,Mph_TU
-3765.5,4350.5,0,Mph_TU
-4425.5,4344,0,Mph_TU
-3960,4341.5,0,Mph_TU
-4351,4340.5,0,Mph_TU
-4315,4345,0,Mph_TU
-3936.5,4347,0,Mph_TU
-4333,4351.5,0,Mph_TU
-4033.5,4365,0,Mph_TU
-3797,4356.5,0,Mph_TU
-4228,4365,0,Mph_TU
-4256,4366,0,Mph_TU
-4367.5,4350.5,0,Mph_TU
-4085.5,4360.5,0,Mph_TU
-4414.5,4369.5,0,Mph_TU
-4395.5,4368,0,Mph_TU
-4297.5,4381.5,0,Mph_TU
-3667,4382,0,Mph_TU
-4380.5,4386.5,0,Mph_TU
-3867,4396.5,0,Mph_TU
-4206.5,4411.5,0,Mph_TU
-4230,4409,0,Mph_TU
-4318,4423.5,0,Mph_TU
-4426,4426.5,0,Mph_TU
-4186,4433.5,0,Mph_TU
-3737,4429.5,0,Mph_TU
-3757.5,4435.5,0,Mph_TU
-3852,4435.5,0,Mph_TU
-4410.5,4440.5,0,Mph_TU
-3781.5,4439.5,0,Mph_TU
-4433.5,4451.5,0,Mph_TU
-4031.5,4456,0,Mph_TU
-4403.5,4458,0,Mph_TU
-3668.5,4463.5,0,Mph_TU
-4012,4471,0,Mph_TU
-4443,4475.5,0,Mph_TU
-4420,4468,0,Mph_TU
-4168,4474,0,Mph_TU
-4419.5,4488.5,0,Mph_TU
-4376.5,4497.5,0,Mph_TU
-3916,4490,0,Mph_TU
-4201.5,4484,0,Mph_TU
-4184,4503,0,Mph_TU
-4135,4503.5,0,Mph_TU
-4266,4515.5,0,Mph_TU
-3763,4530,0,Mph_TU
-4211.5,4535.5,0,Mph_TU
-4324.5,4537,0,Mph_TU
-4184,4542,0,Mph_TU
-4163.5,4539.5,0,Mph_TU
-4157,4556,0,Mph_TU
-3737,4545.5,0,Mph_TU
-4174.5,4551.5,0,Mph_TU
-4262,4557,0,Mph_TU
-4370,4569.5,0,Mph_TU
-4273,4572,0,Mph_TU
-3696,4575,0,Mph_TU
-4107.5,4574.5,0,Mph_TU
-4082.5,4593.5,0,Mph_TU
-4293.5,4588.5,0,Mph_TU
-4204.5,4597.5,0,Mph_TU
-3757,4607.5,0,Mph_TU
-4256,4605.5,0,Mph_TU
-3778,4602.5,0,Mph_TU
-3679.5,4607.5,0,Mph_TU
-3663,4604,0,Mph_TU
-3795,4612,0,Mph_TU
-3721.5,4609.5,0,Mph_TU
-4101,4626.5,0,Mph_TU
-4160,4619,0,Mph_TU
-4254,4626,0,Mph_TU
-4428.5,4632,0,Mph_TU
-3796.5,4644,0,Mph_TU
-3717,4641.5,0,Mph_TU
-3874.5,4645.5,0,Mph_TU
-4066.5,4639,0,Mph_TU
-3783.5,4665,0,Mph_TU
-4142.5,4678.5,0,Mph_TU
-3868.5,4691.5,0,Mph_TU
-4109,4691.5,0,Mph_TU
-4333,4699.5,0,Mph_TU
-3795.5,4705.5,0,Mph_TU
-4361,4719,0,Mph_TU
-3769,4712.5,0,Mph_TU
-3737.5,4709.5,0,Mph_TU
-3759,4724.5,0,Mph_TU
-3720,4714,0,Mph_TU
-4100.5,4717,0,Mph_TU
-4332.5,4726.5,0,Mph_TU
-3824,4745,0,Mph_TU
-4033,4733,0,Mph_TU
-3736,4727.5,0,Mph_TU
-3698,4735,0,Mph_TU
-4346.5,4740,0,Mph_TU
-3804,4743.5,0,Mph_TU
-3722,4741.5,0,Mph_TU
-3741,4742,0,Mph_TU
-4430.5,4748.5,0,Mph_TU
-3982.5,4740.5,0,Mph_TU
-3786,4748.5,0,Mph_TU
-3748.5,4762,0,Mph_TU
-4413,4760.5,0,Mph_TU
-3720,4757,0,Mph_TU
-4379.5,4760.5,0,Mph_TU
-3796,4767.5,0,Mph_TU
-3622.5,3986.5,0,Mph_TU
-3597.5,3992.5,0,Mph_TU
-3567,3997,0,Mph_TU
-3635.5,4001.5,0,Mph_TU
-3630.5,4026,0,Mph_TU
-3619.5,4344.5,0,Mph_TU
-3588,4373.5,0,Mph_TU
-3606.5,4393.5,0,Mph_TU
-3611,4439,0,Mph_TU
-3610,4459.5,0,Mph_TU
-3588,4478.5,0,Mph_TU
-3620,4470,0,Mph_TU
-3634.5,4481.5,0,Mph_TU
-3607.5,4498,0,Mph_TU
-3621.5,4523.5,0,Mph_TU
-3605,4548,0,Mph_TU
-3531.5,4555,0,Mph_TU
-3587.5,4575,0,Mph_TU
-3622.5,4572.5,0,Mph_TU
-3604,4573.5,0,Mph_TU
-3641.5,4584,0,Mph_TU
-3597,4599,0,Mph_TU
-3607.5,4599.5,0,Mph_TU
-3640,4613,0,Mph_TU
-3621.5,4614,0,Mph_TU
-4565.5,4786.5,0,Mph_TU
-4649.5,4789,0,Mph_TU
-4458,4787.5,0,Mph_TU
-4613.5,4803.5,0,Mph_TU
-4817,4806,0,Mph_TU
-4482,4817,0,Mph_TU
-4457.5,4810,0,Mph_TU
-4590.5,4808,0,Mph_TU
-4814.5,4828.5,0,Mph_TU
-4667.5,4823,0,Mph_TU
-4799.5,4828,0,Mph_TU
-4833.5,4834.5,0,Mph_TU
-4453.5,4839.5,0,Mph_TU
-4822,4844,0,Mph_TU
-4883.5,4865,0,Mph_TU
-4494,4857.5,0,Mph_TU
-4463.5,4864,0,Mph_TU
-4806.5,4860.5,0,Mph_TU
-4552.5,4886,0,Mph_TU
-4913.5,4910.5,0,Mph_TU
-4758,4906.5,0,Mph_TU
-4803.5,4918.5,0,Mph_TU
-4902,4922.5,0,Mph_TU
-4790,4976.5,0,Mph_TU
-4456.5,4979.5,0,Mph_TU
-4527.5,5028.5,0,Mph_TU
-4523,5096,0,Mph_TU
-4501.5,5102.5,0,Mph_TU
-4492,5113,0,Mph_TU
-4460,5147.5,0,Mph_TU
-4567,5211.5,0,Mph_TU
-4382.5,4809.5,0,Mph_TU
-4367,4823.5,0,Mph_TU
-3742,4816.5,0,Mph_TU
-3718,4822.5,0,Mph_TU
-4186,4828.5,0,Mph_TU
-4130,4838.5,0,Mph_TU
-4109.5,4850.5,0,Mph_TU
-4428,4863,0,Mph_TU
-4066,4883,0,Mph_TU
-3662.5,4882.5,0,Mph_TU
-3772.5,4888,0,Mph_TU
-3670.5,4900.5,0,Mph_TU
-4070,4905,0,Mph_TU
-4036.5,4901.5,0,Mph_TU
-3765,4898.5,0,Mph_TU
-3845,4921.5,0,Mph_TU
-4145.5,4921,0,Mph_TU
-4118,4923.5,0,Mph_TU
-3744.5,4931.5,0,Mph_TU
-4206.5,4947,0,Mph_TU
-3707.5,4949,0,Mph_TU
-3664.5,4950.5,0,Mph_TU
-3682.5,4960,0,Mph_TU
-3653.5,4963,0,Mph_TU
-4414,4958.5,0,Mph_TU
-4283,4960,0,Mph_TU
-3667,4972,0,Mph_TU
-4438.5,4973.5,0,Mph_TU
-4402,4979.5,0,Mph_TU
-3818,4976,0,Mph_TU
-4415.5,4997.5,0,Mph_TU
-4366,4989,0,Mph_TU
-4271,4985,0,Mph_TU
-3682.5,4988.5,0,Mph_TU
-4023,5016.5,0,Mph_TU
-4436.5,5027,0,Mph_TU
-4042,5025,0,Mph_TU
-4443,5042.5,0,Mph_TU
-4393.5,5042.5,0,Mph_TU
-4429.5,5054.5,0,Mph_TU
-4296,5050.5,0,Mph_TU
-4375.5,5052.5,0,Mph_TU
-4395.5,5066,0,Mph_TU
-4355,5066,0,Mph_TU
-4411.5,5079,0,Mph_TU
-4371.5,5079.5,0,Mph_TU
-4395.5,5088,0,Mph_TU
-3869.5,5091.5,0,Mph_TU
-3775,5093,0,Mph_TU
-3858.5,5110,0,Mph_TU
-4434.5,5128,0,Mph_TU
-4054.5,5137,0,Mph_TU
-4039,5142,0,Mph_TU
-4069.5,5144.5,0,Mph_TU
-4020,5155.5,0,Mph_TU
-4276.5,5167,0,Mph_TU
-4185.5,5162.5,0,Mph_TU
-4310.5,5164,0,Mph_TU
-4106,5168,0,Mph_TU
-4265,5193,0,Mph_TU
-4289.5,5223,0,Mph_TU
-3905,5224,0,Mph_TU
-4260,5236,0,Mph_TU
-3960,5236.5,0,Mph_TU
-4051,5263.5,0,Mph_TU
-3933.5,5276,0,Mph_TU
-3951.5,5279,0,Mph_TU
-3988.5,5279,0,Mph_TU
-4161,5276.5,0,Mph_TU
-4169.5,5294,0,Mph_TU
-3968,5299.5,0,Mph_TU
-4153,5302,0,Mph_TU
-4254,5307,0,Mph_TU
-4130,5304,0,Mph_TU
-4262.5,5315.5,0,Mph_TU
-4157.5,5321.5,0,Mph_TU
-4014,5319.5,0,Mph_TU
-4185,5323,0,Mph_TU
-3973,5330.5,0,Mph_TU
-3988.5,5344.5,0,Mph_TU
-4139,5336,0,Mph_TU
-4176.5,5341.5,0,Mph_TU
-4213.5,5345,0,Mph_TU
-4004.5,5347.5,0,Mph_TU
-4026,5364.5,0,Mph_TU
-4147.5,5364.5,0,Mph_TU
-4085,5370.5,0,Mph_TU
-4061,5367.5,0,Mph_TU
-4118.5,5373.5,0,Mph_TU
-4165,5388,0,Mph_TU
-4169.5,5425.5,0,Mph_TU
-4088,5436,0,Mph_TU
-4126.5,5474.5,0,Mph_TU
-4167.5,5540.5,0,Mph_TU
-4228,5584,0,Mph_TU
