x,y,z,type
-743.5,-2814.25,0,Tcell
119.5,783.25,0,Tcell
614.5,-1022.25,0,Tcell
598.5,-1016.25,0,Tcell
1400,1292.25,0,Tcell
1222,1474.75,0,Tcell
98.5,1633.75,0,Tcell
486,-194.25,0,Tcell
585,-172.25,0,Tcell
-119,880.25,0,Tcell
-103.5,915.75,0,Tcell
729,88.25,0,Tcell
282.5,1009.75,0,Tcell
-907.5,-2946.25,0,TU
-888,-2942.25,0,TU
-927.5,-2934.25,0,TU
-907,-2931.75,0,TU
-965.5,-2923.25,0,TU
-950,-2918.25,0,TU
-928.5,-2917.25,0,TU
-906.5,-2916.75,0,TU
-864.5,-2913.75,0,TU
-971.5,-2911.25,0,TU
-877,-2901.75,0,TU
-892.5,-2901.25,0,TU
-988.5,-2893.25,0,TU
-1003,-2887.75,0,TU
-974.5,-2883.75,0,TU
-820.5,-2877.75,0,TU
-885.5,-2875.75,0,TU
-952.5,-2872.25,0,TU
-1004,-2871.75,0,TU
-968.5,-2866.25,0,TU
-930.5,-2865.75,0,TU
-791,-2862.75,0,TU
-963.5,-2847.25,0,TU
-870,-2827.75,0,TU
-914,-2811.75,0,TU
-784,-2807.75,0,TU
-936,-2806.75,0,TU
-1053,-2803.75,0,TU
-1029.5,-2800.25,0,TU
-904.5,-2798.75,0,TU
-744.5,-2797.25,0,TU
-676,-2794.75,0,TU
-693,-2794.75,0,TU
-929.5,-2793.75,0,TU
-772,-2793.75,0,TU
-883.5,-2792.75,0,TU
-968,-2785.75,0,TU
-720.5,-2784.75,0,TU
-837,-2782.75,0,TU
-854,-2780.75,0,TU
-781,-2780.25,0,TU
-660,-2778.25,0,TU
-815,-2777.75,0,TU
-1032,-2776.75,0,TU
-943.5,-2773.25,0,TU
-787,-2772.75,0,TU
-921,-2765.75,0,TU
-723,-2764.75,0,TU
-830,-2763.75,0,TU
-809,-2761.75,0,TU
-995,-2758.25,0,TU
-984.5,-2754.75,0,TU
-854,-2752.25,0,TU
-706.5,-2747.75,0,TU
-1025,-2745.75,0,TU
-812.5,-2742.25,0,TU
-905,-2739.75,0,TU
-771.5,-2738.75,0,TU
-964,-2738.25,0,TU
-673.5,-2735.75,0,TU
-689,-2731.75,0,TU
-985.5,-2730.75,0,TU
-922,-2729.75,0,TU
-858,-2729.25,0,TU
-1002,-2725.25,0,TU
-959,-2721.75,0,TU
-685.5,-2715.75,0,TU
-967.5,-2709.25,0,TU
-872,-2707.25,0,TU
-935,-2706.25,0,TU
-689.5,-2702.75,0,TU
-999.5,-2698.25,0,TU
-776.5,-2694.25,0,TU
-957,-2690.25,0,TU
-727,-2688.25,0,TU
-705.5,-2684.25,0,TU
-990,-2682.75,0,TU
-755,-2681.25,0,TU
-599.5,-2674.25,0,TU
-546.5,-2671.25,0,TU
-692.5,-2667.75,0,TU
-871,-2666.75,0,TU
-767.5,-2656.75,0,TU
-530,-2655.25,0,TU
-698,-2651.75,0,TU
-822.5,-2647.75,0,TU
-843,-2647.25,0,TU
-758,-2644.75,0,TU
-737.5,-2643.25,0,TU
-1086,-2642.75,0,TU
-780,-2641.25,0,TU
-856.5,-2635.25,0,TU
-596,-2634.75,0,TU
-982.5,-2631.75,0,TU
-683.5,-2626.75,0,TU
-664,-2623.75,0,TU
-752,-2623.75,0,TU
-1034.5,-2613.75,0,TU
-816.5,-2611.75,0,TU
-981,-2602.75,0,TU
-498,-2602.25,0,TU
-905.5,-2596.25,0,TU
-1028.5,-2596.25,0,TU
-1072.5,-2594.75,0,TU
-987,-2594.25,0,TU
-570,-2593.25,0,TU
-937.5,-2592.25,0,TU
-755,-2578.25,0,TU
-507,-2577.25,0,TU
-1054.5,-2572.75,0,TU
-847.5,-2566.25,0,TU
-707.5,-2564.25,0,TU
-1078.5,-2550.75,0,TU
-963,-2548.75,0,TU
-996,-2543.25,0,TU
-533,-2541.75,0,TU
-774.5,-2539.75,0,TU
-842,-2539.25,0,TU
-955,-2533.25,0,TU
-1092.5,-2532.75,0,TU
-932.5,-2531.75,0,TU
-1055.5,-2530.25,0,TU
-520.5,-2526.75,0,TU
-823.5,-2523.25,0,TU
-899,-2522.25,0,TU
-945.5,-2521.75,0,TU
-694.5,-2517.25,0,TU
-503,-2515.25,0,TU
-965.5,-2512.75,0,TU
-1059,-2507.25,0,TU
-934,-2506.25,0,TU
-1028.5,-2503.75,0,TU
-592,-2500.75,0,TU
-953,-2497.25,0,TU
-1077,-2495.25,0,TU
-1049.5,-2492.75,0,TU
-986.5,-2492.25,0,TU
-931,-2488.25,0,TU
-956.5,-2486.75,0,TU
-1032.5,-2481.75,0,TU
-883,-2477.75,0,TU
-960.5,-2473.25,0,TU
-653.5,-2465.75,0,TU
-942,-2465.25,0,TU
-1097.5,-2464.25,0,TU
-963.5,-2459.75,0,TU
-718.5,-2457.75,0,TU
-396,-2451.25,0,TU
-633,-2448.25,0,TU
-907,-2435.75,0,TU
-747,-2435.75,0,TU
-563.5,-2415.25,0,TU
-721,-2414.75,0,TU
-462,-2411.75,0,TU
-402,-2408.75,0,TU
-770.5,-2403.75,0,TU
-733,-2403.25,0,TU
-591,-2392.25,0,TU
-647,-2387.25,0,TU
-473.5,-2385.75,0,TU
-731.5,-2376.75,0,TU
-653,-2366.25,0,TU
-575,-2359.25,0,TU
-552,-2355.25,0,TU
-595,-2353.25,0,TU
-713.5,-2350.25,0,TU
-700.5,-2328.25,0,TU
-723,-2325.25,0,TU
-561,-2313.75,0,TU
-723.5,-2310.75,0,TU
-581.5,-2308.75,0,TU
-699.5,-2308.75,0,TU
-574.5,-2297.75,0,TU
-737,-2293.25,0,TU
-779,-2282.25,0,TU
-585.5,-2278.25,0,TU
-576,-2269.25,0,TU
-592.5,-2264.75,0,TU
-655.5,-2254.75,0,TU
-677.5,-2254.75,0,TU
-784,-2252.25,0,TU
-592.5,-2244.75,0,TU
-714.5,-2240.25,0,TU
-607,-2239.75,0,TU
-554,-2238.75,0,TU
-618.5,-2234.75,0,TU
-738.5,-2234.25,0,TU
-492,-2217.75,0,TU
-690,-2213.75,0,TU
-834,-2213.25,0,TU
-802.5,-2212.75,0,TU
-594,-2204.75,0,TU
-676,-2202.75,0,TU
-1151.5,-2196.25,0,TU
-546,-2190.25,0,TU
-924,-2188.25,0,TU
-570.5,-2187.75,0,TU
-1142,-2186.25,0,TU
-835.5,-2184.25,0,TU
-493.5,-2182.75,0,TU
-517,-2181.75,0,TU
-645,-2176.75,0,TU
-760,-2176.25,0,TU
-802,-2172.25,0,TU
-867.5,-2171.25,0,TU
-779,-2168.75,0,TU
-1054.5,-2168.75,0,TU
-593.5,-2168.75,0,TU
-577,-2163.25,0,TU
-1165,-2161.75,0,TU
-832.5,-2160.75,0,TU
-921,-2160.75,0,TU
-552.5,-2160.25,0,TU
-895,-2155.75,0,TU
-793.5,-2153.75,0,TU
-1189.5,-2153.25,0,TU
-810.5,-2147.75,0,TU
-641.5,-2146.75,0,TU
-621.5,-2145.25,0,TU
-1179,-2140.25,0,TU
-923.5,-2140.25,0,TU
-743,-2136.25,0,TU
-803.5,-2129.75,0,TU
-940,-2128.25,0,TU
-959,-2126.25,0,TU
-570,-2123.25,0,TU
-827,-2120.75,0,TU
-891.5,-2120.25,0,TU
-919,-2117.75,0,TU
-474,-2112.75,0,TU
-1188,-2111.75,0,TU
-1155.5,-2111.25,0,TU
-685,-2097.25,0,TU
-738.5,-2094.75,0,TU
-753.5,-2093.25,0,TU
-660.5,-2089.25,0,TU
-1090,-2088.75,0,TU
-1075.5,-2080.75,0,TU
-917,-2076.75,0,TU
-892,-2076.25,0,TU
-1158.5,-2075.75,0,TU
-948,-2070.75,0,TU
-724.5,-2069.75,0,TU
-1161,-2054.25,0,TU
-899,-2052.75,0,TU
-733,-2052.25,0,TU
-1026.5,-2050.25,0,TU
-1133,-2049.25,0,TU
-1079.5,-2043.75,0,TU
-554.5,-2036.75,0,TU
-1119.5,-2035.25,0,TU
-869.5,-2034.75,0,TU
-799,-2034.25,0,TU
-850,-2033.75,0,TU
-756,-2028.75,0,TU
-602,-2024.75,0,TU
-831.5,-2022.75,0,TU
-788,-2014.75,0,TU
-1122,-2014.25,0,TU
-1023.5,-2013.75,0,TU
-830.5,-1999.75,0,TU
-477.5,-1998.25,0,TU
-1111,-1996.25,0,TU
-1126.5,-1991.75,0,TU
-1144.5,-1987.75,0,TU
-1035.5,-1986.75,0,TU
-539,-1984.25,0,TU
-1180.5,-1984.25,0,TU
-777.5,-1981.75,0,TU
-735,-1964.75,0,TU
-1023.5,-1959.75,0,TU
-1144,-1955.75,0,TU
-1270.5,-1952.25,0,TU
-1169,-1950.25,0,TU
-1079.5,-1944.75,0,TU
-1103,-1943.25,0,TU
-446.5,-1935.75,0,TU
-1233,-1935.25,0,TU
-551,-1934.25,0,TU
-1120.5,-1933.75,0,TU
-468.5,-1931.25,0,TU
-1194.5,-1930.75,0,TU
-1074.5,-1930.75,0,TU
-1167,-1920.25,0,TU
-570.5,-1913.75,0,TU
-1095.5,-1912.25,0,TU
-805,-1910.25,0,TU
-983,-1907.25,0,TU
-479,-1903.75,0,TU
-1115,-1901.25,0,TU
-602,-1897.25,0,TU
-999,-1895.25,0,TU
-1261.5,-1893.75,0,TU
-978,-1889.25,0,TU
-1097.5,-1888.75,0,TU
-631,-1887.75,0,TU
-1063.5,-1882.25,0,TU
-400.5,-1878.25,0,TU
-604.5,-1877.75,0,TU
-1083,-1872.25,0,TU
-419.5,-1871.75,0,TU
-990,-1859.25,0,TU
-1122,-1858.75,0,TU
-1151.5,-1856.25,0,TU
-1278.5,-1852.25,0,TU
-1232.5,-1851.75,0,TU
-655.5,-1848.75,0,TU
-1179,-1844.25,0,TU
-1103,-1842.75,0,TU
-1123.5,-1838.25,0,TU
-896.5,-1835.75,0,TU
-1148.5,-1828.25,0,TU
-1124.5,-1818.75,0,TU
-1188.5,-1817.25,0,TU
-1227.5,-1813.75,0,TU
-907,-1813.25,0,TU
-1110,-1812.75,0,TU
-1225.5,-1787.75,0,TU
-1122.5,-1783.75,0,TU
-1027.5,-1781.75,0,TU
-1263,-1779.25,0,TU
-892,-1777.25,0,TU
-1014.5,-1775.25,0,TU
-1159.5,-1769.75,0,TU
-1177.5,-1766.25,0,TU
-1217.5,-1763.25,0,TU
-1231,-1762.25,0,TU
-892.5,-1759.75,0,TU
-1088,-1759.25,0,TU
-442,-1755.75,0,TU
-1058,-1746.75,0,TU
-939,-1744.25,0,TU
-1024,-1732.25,0,TU
-1231.5,-1728.25,0,TU
-904,-1726.75,0,TU
-1266,-1723.75,0,TU
-1087.5,-1721.75,0,TU
-1295,-1721.25,0,TU
-1053.5,-1718.25,0,TU
-956.5,-1715.25,0,TU
-1265.5,-1706.75,0,TU
-1280.5,-1704.25,0,TU
-716,-1702.75,0,TU
-901.5,-1699.75,0,TU
-626.5,-1689.75,0,TU
-698,-1685.75,0,TU
-509,-1681.75,0,TU
-1051,-1680.75,0,TU
-987,-1677.25,0,TU
-1179,-1677.25,0,TU
-803,-1675.75,0,TU
-445,-1670.75,0,TU
-412.5,-1665.25,0,TU
-994,-1659.75,0,TU
-452.5,-1648.75,0,TU
-788.5,-1648.75,0,TU
-423,-1641.75,0,TU
-503.5,-1636.75,0,TU
-698,-1633.25,0,TU
-1051.5,-1630.75,0,TU
-1029,-1617.75,0,TU
-439,-1603.75,0,TU
-1187.5,-1602.75,0,TU
-525.5,-1589.25,0,TU
-720.5,-1587.75,0,TU
-746,-1582.75,0,TU
-600.5,-1572.75,0,TU
-1197.5,-1570.75,0,TU
-924.5,-1567.75,0,TU
-1233.5,-1555.75,0,TU
-1197.5,-1555.75,0,TU
-620.5,-1549.25,0,TU
-1248.5,-1544.25,0,TU
-1102,-1541.75,0,TU
-1041.5,-1539.75,0,TU
-1152,-1529.75,0,TU
-1187,-1519.25,0,TU
-1114,-1518.75,0,TU
-765,-1503.25,0,TU
-1143.5,-1494.25,0,TU
-1123.5,-1489.75,0,TU
-740.5,-1489.75,0,TU
-1015.5,-1484.25,0,TU
-670.5,-1483.75,0,TU
-763.5,-1476.75,0,TU
-1118,-1475.25,0,TU
-1140,-1473.75,0,TU
-1032,-1471.75,0,TU
-1009.5,-1453.75,0,TU
-641,-1452.25,0,TU
-620.5,-1451.75,0,TU
-1040.5,-1450.75,0,TU
-964,-1429.25,0,TU
-1023,-1426.25,0,TU
-825,-1419.75,0,TU
-1103,-1413.25,0,TU
-781.5,-1406.75,0,TU
-1064.5,-1406.75,0,TU
-802,-1390.75,0,TU
-559.5,-1381.75,0,TU
-560.5,-1359.75,0,TU
-989,-1357.75,0,TU
-964.5,-1357.75,0,TU
-743.5,-1354.75,0,TU
-588,-1354.75,0,TU
-761,-1354.75,0,TU
-634.5,-1350.75,0,TU
-1105.5,-1350.25,0,TU
-750,-1336.75,0,TU
-574,-1333.75,0,TU
-872.5,-1330.25,0,TU
-498.5,-1325.25,0,TU
-1027,-1325.25,0,TU
-1064.5,-1320.25,0,TU
-863.5,-1319.25,0,TU
-718,-1318.25,0,TU
-1075.5,-1307.75,0,TU
-905.5,-1306.25,0,TU
-922,-1306.25,0,TU
-1045.5,-1305.75,0,TU
-866,-1304.75,0,TU
-655,-1300.75,0,TU
-781,-1298.75,0,TU
-971,-1298.25,0,TU
-469,-1295.75,0,TU
-1014.5,-1295.25,0,TU
-492.5,-1291.75,0,TU
-585,-1290.25,0,TU
-308,-1285.75,0,TU
-751.5,-1283.25,0,TU
-871,-1281.75,0,TU
-1059.5,-1277.25,0,TU
-798,-1276.25,0,TU
-412,-1274.25,0,TU
-397.5,-1264.25,0,TU
-1060.5,-1263.25,0,TU
-606.5,-1260.75,0,TU
-647,-1254.75,0,TU
-665.5,-1254.75,0,TU
-795,-1253.75,0,TU
-633.5,-1253.25,0,TU
-766.5,-1253.25,0,TU
-668,-1244.25,0,TU
-1066,-1240.25,0,TU
-1034,-1237.75,0,TU
-904,-1236.25,0,TU
-499,-1234.25,0,TU
-564.5,-1228.75,0,TU
-804.5,-1218.25,0,TU
-675.5,-1218.25,0,TU
-1076,-1212.25,0,TU
-583.5,-1209.25,0,TU
-609,-1208.75,0,TU
-680.5,-1189.25,0,TU
-479.5,-1188.75,0,TU
-656.5,-1167.75,0,TU
-995,-1166.75,0,TU
-639,-1161.75,0,TU
-490.5,-1159.25,0,TU
-557,-1154.75,0,TU
-574.5,-1152.75,0,TU
-748.5,-1144.75,0,TU
-547.5,-1143.75,0,TU
-1039,-1138.75,0,TU
-1296,-1138.75,0,TU
-486,-1138.25,0,TU
-572.5,-1134.75,0,TU
-902.5,-1127.75,0,TU
-575,-1120.25,0,TU
-763.5,-1118.25,0,TU
-1033,-1117.75,0,TU
-718,-1113.75,0,TU
-561,-1094.75,0,TU
-1360,-1090.75,0,TU
-1005,-1088.75,0,TU
-1086.5,-1080.75,0,TU
-583,-1080.25,0,TU
-858.5,-1077.25,0,TU
-1249.5,-1077.25,0,TU
-562.5,-1070.75,0,TU
-604,-1070.75,0,TU
-1350.5,-1065.75,0,TU
-1106,-1063.75,0,TU
-170,-1055.25,0,TU
-766.5,-1055.25,0,TU
-576,-1051.75,0,TU
-1221.5,-1050.25,0,TU
-1075.5,-1048.25,0,TU
-903,-1046.25,0,TU
-657,-1043.25,0,TU
-590.5,-1039.25,0,TU
-1083,-1036.25,0,TU
-668.5,-1034.25,0,TU
-692,-1030.75,0,TU
-1258.5,-1029.75,0,TU
-995.5,-1028.75,0,TU
-1345,-1028.25,0,TU
-1104.5,-1027.25,0,TU
-1124,-1025.25,0,TU
-1023,-1023.25,0,TU
-121.5,-1022.75,0,TU
-563,-1022.25,0,TU
-586.5,-1020.75,0,TU
-686.5,-1020.75,0,TU
-73.5,-1020.75,0,TU
-97.5,-1020.25,0,TU
-655.5,-1014.75,0,TU
-974,-1013.25,0,TU
-1098.5,-1012.25,0,TU
-1126,-1011.75,0,TU
-1079.5,-1011.25,0,TU
-156,-1007.25,0,TU
-677,-1007.25,0,TU
-1217.5,-1001.25,0,TU
-478.5,-998.75,0,TU
-781,-995.25,0,TU
-821,-994.75,0,TU
-1137.5,-993.25,0,TU
-1125,-992.75,0,TU
-1291,-991.75,0,TU
-599.5,-991.25,0,TU
-161.5,-989.25,0,TU
-667.5,-989.25,0,TU
-394,-988.75,0,TU
-856,-987.75,0,TU
-800,-984.75,0,TU
-1005,-984.25,0,TU
-1014.5,-981.75,0,TU
-108.5,-980.75,0,TU
-1308,-979.75,0,TU
-496.5,-968.25,0,TU
-519.5,-967.25,0,TU
-860.5,-967.25,0,TU
-160,-966.75,0,TU
-781.5,-964.25,0,TU
-530.5,-963.75,0,TU
-800.5,-962.25,0,TU
-480.5,-962.25,0,TU
-96.5,-955.75,0,TU
-911,-953.75,0,TU
-635,-951.25,0,TU
-505,-950.75,0,TU
-1324.5,-950.25,0,TU
-475.5,-949.25,0,TU
-1128,-946.25,0,TU
-1310,-945.25,0,TU
-379.5,-945.25,0,TU
-454.5,-941.75,0,TU
-1202.5,-940.75,0,TU
-558.5,-939.25,0,TU
-42.5,-938.75,0,TU
-141.5,-937.25,0,TU
-527.5,-936.75,0,TU
-176.5,-936.75,0,TU
-1126,-934.25,0,TU
-57.5,-931.75,0,TU
-80,-923.75,0,TU
-617,-922.25,0,TU
-535.5,-910.75,0,TU
-146.5,-910.25,0,TU
-87.5,-909.75,0,TU
-240.5,-909.25,0,TU
-60.5,-895.75,0,TU
-1129,-892.75,0,TU
-1038.5,-890.75,0,TU
-1160,-890.75,0,TU
-690.5,-884.25,0,TU
-731.5,-882.75,0,TU
-664,-877.75,0,TU
-392,-873.25,0,TU
-679.5,-871.75,0,TU
-1172,-869.25,0,TU
-567.5,-869.25,0,TU
-311.5,-868.75,0,TU
-1038.5,-867.25,0,TU
-193.5,-867.25,0,TU
-753.5,-865.75,0,TU
-101,-864.75,0,TU
-59.5,-860.25,0,TU
-698.5,-854.25,0,TU
-722,-848.75,0,TU
-565,-846.75,0,TU
-82,-845.75,0,TU
-1030,-841.75,0,TU
-1053,-837.75,0,TU
-584,-825.75,0,TU
-812,-825.25,0,TU
-31,-820.25,0,TU
-528.5,-818.25,0,TU
-598,-811.75,0,TU
-69.5,-811.25,0,TU
-556,-807.25,0,TU
-633,-805.25,0,TU
-200.5,-804.75,0,TU
-53.5,-804.25,0,TU
-32,-803.25,0,TU
-189,-800.25,0,TU
-223,-797.75,0,TU
-108,-797.75,0,TU
-1351.5,-795.75,0,TU
-613.5,-786.75,0,TU
-1108.5,-776.75,0,TU
-978.5,-748.25,0,TU
-1053.5,-747.25,0,TU
-1036,-744.25,0,TU
-570,-743.25,0,TU
-590.5,-741.75,0,TU
-697.5,-739.75,0,TU
-628.5,-737.75,0,TU
-666.5,-736.25,0,TU
-457,-733.25,0,TU
-886,-727.25,0,TU
-647.5,-724.75,0,TU
-296.5,-717.75,0,TU
-404,-712.75,0,TU
-268.5,-712.25,0,TU
-1033.5,-709.75,0,TU
-111,-708.75,0,TU
-97.5,-703.75,0,TU
-908.5,-702.75,0,TU
-253.5,-699.75,0,TU
-285.5,-698.75,0,TU
-1396,-698.25,0,TU
-410,-697.75,0,TU
-898,-693.75,0,TU
-312,-692.75,0,TU
-1391.5,-691.25,0,TU
-177.5,-690.25,0,TU
-1266,-688.75,0,TU
-109,-688.75,0,TU
-217,-687.25,0,TU
-653.5,-686.25,0,TU
-676.5,-684.75,0,TU
-912.5,-681.25,0,TU
-305,-680.25,0,TU
-68,-680.25,0,TU
-658.5,-679.75,0,TU
-265.5,-675.25,0,TU
-379,-674.75,0,TU
-797.5,-674.25,0,TU
-1275.5,-673.75,0,TU
-86,-668.75,0,TU
-127,-667.25,0,TU
-215,-660.75,0,TU
-687,-660.25,0,TU
-308.5,-657.75,0,TU
-924,-656.25,0,TU
-73.5,-654.75,0,TU
-248,-649.75,0,TU
-383.5,-647.25,0,TU
-709.5,-646.75,0,TU
-970.5,-646.75,0,TU
-132.5,-640.75,0,TU
-449,-637.75,0,TU
-216,-637.25,0,TU
-934,-636.25,0,TU
-545.5,-634.25,0,TU
-270,-633.75,0,TU
-171,-632.75,0,TU
-481,-631.75,0,TU
-241,-631.75,0,TU
-88.5,-631.75,0,TU
-151,-631.75,0,TU
-767.5,-630.75,0,TU
-425,-626.75,0,TU
-693.5,-623.75,0,TU
-398,-622.75,0,TU
-640.5,-622.25,0,TU
-709,-621.75,0,TU
-1165.5,-618.75,0,TU
-57.5,-618.75,0,TU
-560,-617.75,0,TU
-1027.5,-617.25,0,TU
-1376.5,-617.25,0,TU
-629.5,-612.25,0,TU
-84,-610.75,0,TU
-744,-610.25,0,TU
-1395,-608.25,0,TU
-47,-607.25,0,TU
-204.5,-606.25,0,TU
-132,-605.75,0,TU
-719.5,-604.25,0,TU
-920,-601.75,0,TU
-959.5,-599.75,0,TU
-1035,-598.75,0,TU
-541,-598.25,0,TU
-508.5,-594.75,0,TU
-1179.5,-593.75,0,TU
-574,-590.75,0,TU
-710,-590.25,0,TU
-118.5,-584.25,0,TU
-1161,-581.75,0,TU
-1412.5,-580.25,0,TU
-680.5,-579.25,0,TU
-534.5,-577.75,0,TU
-77,-577.75,0,TU
-944.5,-577.25,0,TU
-965,-577.25,0,TU
-892,-575.75,0,TU
-70,-575.25,0,TU
-493,-573.75,0,TU
-1139,-572.75,0,TU
-923,-572.25,0,TU
-725.5,-570.75,0,TU
-19,-563.75,0,TU
-467,-562.75,0,TU
-695.5,-560.75,0,TU
-66,-559.25,0,TU
-909.5,-556.75,0,TU
-83,-553.75,0,TU
-714,-549.75,0,TU
-781.5,-548.25,0,TU
-1215,-548.25,0,TU
-379.5,-543.75,0,TU
-977,-543.75,0,TU
-689.5,-542.25,0,TU
-359.5,-537.25,0,TU
-897.5,-537.25,0,TU
-156.5,-529.75,0,TU
-894,-525.25,0,TU
-700,-517.75,0,TU
-1235,-511.75,0,TU
33.5,-499.75,0,TU
-1348,-487.75,0,TU
-487,-487.75,0,TU
-1273,-484.75,0,TU
-638.5,-480.75,0,TU
-609.5,-479.25,0,TU
-931,-476.75,0,TU
-1363.5,-470.75,0,TU
-1424.5,-468.75,0,TU
-918.5,-464.25,0,TU
-633,-464.25,0,TU
-443,-462.75,0,TU
-497,-462.75,0,TU
-1290.5,-458.75,0,TU
-650,-457.25,0,TU
-612,-456.75,0,TU
-1349,-456.25,0,TU
-1307.5,-453.75,0,TU
-634,-442.25,0,TU
-1306,-438.25,0,TU
-1340,-435.25,0,TU
-898,-427.25,0,TU
-960,-426.75,0,TU
-612,-425.75,0,TU
-1329.5,-425.25,0,TU
-848.5,-423.75,0,TU
-1306.5,-423.25,0,TU
-657.5,-422.25,0,TU
-628,-421.25,0,TU
-520.5,-419.25,0,TU
-973.5,-416.25,0,TU
-1368.5,-415.25,0,TU
-1316.5,-410.75,0,TU
-528,-403.25,0,TU
-1257.5,-401.75,0,TU
-678,-400.75,0,TU
-923.5,-400.25,0,TU
-898,-396.75,0,TU
-516,-394.75,0,TU
-884,-393.75,0,TU
-1345,-393.25,0,TU
6.5,-393.25,0,TU
-1332,-391.25,0,TU
-1313,-390.25,0,TU
-542.5,-389.75,0,TU
-287.5,-388.25,0,TU
-1430.5,-382.25,0,TU
-191.5,-378.75,0,TU
-1259,-378.25,0,TU
-1299,-376.25,0,TU
-1326,-373.25,0,TU
2,-373.25,0,TU
-1353.5,-372.25,0,TU
-585.5,-372.25,0,TU
-259,-369.75,0,TU
-1428,-364.75,0,TU
-1305,-363.75,0,TU
-1186.5,-362.75,0,TU
-1332.5,-361.75,0,TU
47,-356.25,0,TU
-138,-350.25,0,TU
-682.5,-349.75,0,TU
-597.5,-348.25,0,TU
-699,-348.25,0,TU
-655,-348.25,0,TU
-482,-346.75,0,TU
-1324,-344.75,0,TU
-1362,-341.25,0,TU
-446.5,-339.25,0,TU
-115.5,-337.25,0,TU
-160.5,-336.25,0,TU
-1187,-330.25,0,TU
-398.5,-327.25,0,TU
-174,-326.25,0,TU
-476.5,-326.25,0,TU
-340,-321.25,0,TU
-368,-320.75,0,TU
-484.5,-319.75,0,TU
-1359.5,-318.75,0,TU
-595,-315.25,0,TU
-1209.5,-312.75,0,TU
-1377,-310.75,0,TU
-704,-307.75,0,TU
-369.5,-298.75,0,TU
-169.5,-296.75,0,TU
-1344.5,-295.25,0,TU
-1219,-294.25,0,TU
-472.5,-293.25,0,TU
-407.5,-291.25,0,TU
-620.5,-289.75,0,TU
-487,-286.75,0,TU
-322.5,-285.25,0,TU
-135,-281.75,0,TU
-1343.5,-280.75,0,TU
-669.5,-279.25,0,TU
-1227,-275.75,0,TU
-1413,-274.25,0,TU
-703.5,-271.75,0,TU
-725.5,-268.25,0,TU
-95,-262.75,0,TU
-1257.5,-260.75,0,TU
-1430.5,-251.75,0,TU
-1233.5,-243.25,0,TU
-719,-242.75,0,TU
-1308,-237.75,0,TU
-200.5,-236.25,0,TU
-387,-233.75,0,TU
-1330.5,-233.25,0,TU
-99,-230.75,0,TU
-155,-228.25,0,TU
-143,-227.25,0,TU
-1216.5,-223.75,0,TU
-716,-223.25,0,TU
-1280,-223.25,0,TU
-1267.5,-222.75,0,TU
-527.5,-222.75,0,TU
-1294.5,-220.25,0,TU
-264.5,-219.25,0,TU
-1244.5,-216.75,0,TU
-1316,-202.75,0,TU
-117.5,-202.75,0,TU
13.5,-198.25,0,TU
-559.5,-194.75,0,TU
-1240,-188.25,0,TU
-214.5,-187.75,0,TU
-248.5,-187.25,0,TU
-14.5,-178.75,0,TU
19,-177.75,0,TU
-568.5,-175.75,0,TU
-158.5,-173.75,0,TU
-103,-164.25,0,TU
-362,-161.75,0,TU
-7,-155.25,0,TU
1038,-152.25,0,TU
-59.5,-152.25,0,TU
-535,-150.25,0,TU
-94,-148.25,0,TU
-1289.5,-148.25,0,TU
-608.5,-145.75,0,TU
-0.5,-141.25,0,TU
-214,-140.25,0,TU
-260.5,-139.75,0,TU
1035.5,-135.25,0,TU
-381.5,-123.75,0,TU
-533.5,-121.25,0,TU
-79,-119.75,0,TU
7.5,-118.25,0,TU
68,-104.75,0,TU
79,-94.25,0,TU
-145,-91.25,0,TU
-211,-88.75,0,TU
-232.5,-86.75,0,TU
1051.5,-82.25,0,TU
-167.5,-75.25,0,TU
-538.5,-69.75,0,TU
-179.5,-65.25,0,TU
66.5,-63.75,0,TU
-365,-63.75,0,TU
-560.5,-63.75,0,TU
-197.5,-63.25,0,TU
-718,-62.75,0,TU
-224.5,-61.75,0,TU
1066,-60.25,0,TU
-578,-57.75,0,TU
67,-49.25,0,TU
-365.5,-45.25,0,TU
-709,-43.75,0,TU
1061.5,-38.25,0,TU
-222,-30.25,0,TU
-145,-20.75,0,TU
-206.5,-18.75,0,TU
-181.5,-18.25,0,TU
62,-14.25,0,TU
-635,-9.25,0,TU
83.5,-6.75,0,TU
-595.5,-2.75,0,TU
-555,-2.25,0,TU
-452.5,1.25,0,TU
-189.5,2.25,0,TU
-116.5,7.75,0,TU
85.5,19.75,0,TU
-706.5,26.25,0,TU
117,28.25,0,TU
-723,29.25,0,TU
90.5,36.25,0,TU
121,40.75,0,TU
-702,40.75,0,TU
-569,44.25,0,TU
-1000.5,44.75,0,TU
-606,46.25,0,TU
-686,46.25,0,TU
110,46.75,0,TU
-643.5,55.25,0,TU
-705,56.25,0,TU
-961,59.75,0,TU
-980.5,61.25,0,TU
90.5,61.75,0,TU
63.5,72.75,0,TU
-693,73.25,0,TU
-141.5,75.25,0,TU
27,77.75,0,TU
-290,78.25,0,TU
-159,79.25,0,TU
-564,79.75,0,TU
-190,80.25,0,TU
-184.5,93.75,0,TU
-588.5,97.25,0,TU
27,102.25,0,TU
-332.5,103.25,0,TU
74.5,105.75,0,TU
-192.5,105.75,0,TU
1148,108.75,0,TU
-534,109.25,0,TU
-659.5,111.75,0,TU
1094,112.25,0,TU
18.5,115.75,0,TU
43.5,116.25,0,TU
-24,117.25,0,TU
-264.5,117.75,0,TU
-502,118.25,0,TU
-159.5,126.75,0,TU
-140,128.75,0,TU
-189,129.25,0,TU
7,130.25,0,TU
-227,132.25,0,TU
-517,133.25,0,TU
-167.5,140.25,0,TU
-325.5,141.75,0,TU
-18.5,142.25,0,TU
-388.5,144.25,0,TU
-254,144.75,0,TU
-621.5,145.75,0,TU
1109,145.75,0,TU
54,146.75,0,TU
1077.5,147.25,0,TU
-227,148.25,0,TU
-518.5,149.75,0,TU
-381,151.25,0,TU
63,157.25,0,TU
-8,159.75,0,TU
-456,160.25,0,TU
-671,162.75,0,TU
-111.5,163.25,0,TU
-165,164.75,0,TU
-273.5,167.25,0,TU
-35,167.25,0,TU
-198.5,168.75,0,TU
1060,169.25,0,TU
-639,171.75,0,TU
119.5,174.75,0,TU
-448.5,174.75,0,TU
-14,175.25,0,TU
44,175.75,0,TU
-180.5,177.75,0,TU
-424.5,180.25,0,TU
-622,181.25,0,TU
1028,182.25,0,TU
1047.5,184.75,0,TU
23,187.75,0,TU
-479.5,188.75,0,TU
-195,189.75,0,TU
-305.5,190.25,0,TU
-22,191.25,0,TU
-717,194.25,0,TU
-33.5,195.25,0,TU
-453,195.25,0,TU
-1027,198.25,0,TU
-638.5,199.25,0,TU
-287,200.75,0,TU
1084,201.75,0,TU
-485.5,202.25,0,TU
-325,204.75,0,TU
-996.5,205.25,0,TU
109.5,205.25,0,TU
-58.5,205.25,0,TU
995.5,205.75,0,TU
1040,207.75,0,TU
-224.5,210.25,0,TU
-145,210.25,0,TU
-197.5,211.75,0,TU
-553.5,214.75,0,TU
-459.5,214.75,0,TU
-245,216.25,0,TU
-949,217.25,0,TU
-493,220.25,0,TU
-1030.5,221.75,0,TU
-1051,224.25,0,TU
-476.5,226.25,0,TU
-179,228.25,0,TU
129,230.75,0,TU
-154.5,230.75,0,TU
-1085,231.25,0,TU
76.5,232.75,0,TU
-574.5,237.25,0,TU
-30.5,237.25,0,TU
-942,238.75,0,TU
-489,245.25,0,TU
60.5,246.75,0,TU
1041.5,247.75,0,TU
-196,248.75,0,TU
-47,249.75,0,TU
-1013.5,252.75,0,TU
71,254.25,0,TU
-233.5,254.75,0,TU
-468,256.25,0,TU
-1157.5,256.75,0,TU
-1106,256.75,0,TU
179,257.25,0,TU
44.5,258.25,0,TU
192,259.25,0,TU
-635,261.25,0,TU
-141,261.75,0,TU
-202.5,263.75,0,TU
-1041,264.25,0,TU
87.5,264.75,0,TU
-27.5,264.75,0,TU
-48.5,267.25,0,TU
60.5,268.25,0,TU
145.5,268.75,0,TU
1005.5,273.25,0,TU
193.5,274.25,0,TU
-925,275.75,0,TU
42,276.75,0,TU
-558,276.75,0,TU
-664,277.25,0,TU
-636.5,277.75,0,TU
-190.5,278.75,0,TU
86.5,279.75,0,TU
-732,281.75,0,TU
-619.5,281.75,0,TU
-178,282.25,0,TU
-214,283.25,0,TU
238.5,287.25,0,TU
-145,288.25,0,TU
148.5,288.75,0,TU
-254,290.25,0,TU
-304,290.25,0,TU
73.5,290.75,0,TU
-920.5,291.75,0,TU
-32.5,292.75,0,TU
9,292.75,0,TU
181.5,293.25,0,TU
-92.5,293.75,0,TU
-181,295.75,0,TU
204,296.75,0,TU
-203,297.25,0,TU
259.5,299.25,0,TU
-742,299.75,0,TU
246,301.75,0,TU
139,302.75,0,TU
-127,302.75,0,TU
998.5,303.25,0,TU
-760,303.25,0,TU
47,303.75,0,TU
-942,304.25,0,TU
-678,307.25,0,TU
-1001.5,308.75,0,TU
-912.5,310.25,0,TU
-233,311.25,0,TU
-102.5,311.25,0,TU
-160.5,312.25,0,TU
-928.5,313.75,0,TU
-144.5,313.75,0,TU
-1124,315.75,0,TU
10.5,316.75,0,TU
-466.5,318.25,0,TU
95.5,318.75,0,TU
-1148,318.75,0,TU
-511,318.75,0,TU
-21.5,319.75,0,TU
-10.5,321.25,0,TU
-182.5,323.25,0,TU
67.5,325.25,0,TU
-606,326.25,0,TU
-957,326.75,0,TU
-746.5,327.25,0,TU
-125,327.25,0,TU
-91.5,327.75,0,TU
-911.5,330.75,0,TU
-228.5,332.75,0,TU
-1157.5,336.75,0,TU
-880.5,336.75,0,TU
241.5,340.25,0,TU
-277.5,340.75,0,TU
-120,345.75,0,TU
265,347.75,0,TU
54.5,347.75,0,TU
-734,348.75,0,TU
1011,354.25,0,TU
288.5,355.25,0,TU
114,358.75,0,TU
244,361.75,0,TU
1101.5,366.25,0,TU
43.5,368.75,0,TU
-982.5,375.75,0,TU
-101,375.75,0,TU
-1169,376.25,0,TU
-148.5,378.75,0,TU
257,378.75,0,TU
283,380.75,0,TU
-1133,383.75,0,TU
1248.5,385.25,0,TU
-285,386.25,0,TU
-440,386.75,0,TU
-774.5,388.25,0,TU
-121,388.75,0,TU
-1011,389.25,0,TU
233,389.75,0,TU
120,390.75,0,TU
-964,394.25,0,TU
-99,396.75,0,TU
-164.5,397.25,0,TU
-198.5,397.25,0,TU
-143.5,398.25,0,TU
281.5,398.75,0,TU
-613,400.25,0,TU
-885,400.75,0,TU
-704.5,401.75,0,TU
303.5,402.75,0,TU
-1113.5,404.25,0,TU
1225,406.75,0,TU
-1147,408.25,0,TU
-109.5,409.75,0,TU
1067.5,410.25,0,TU
-1169,410.75,0,TU
227.5,410.75,0,TU
1141,412.25,0,TU
106,412.75,0,TU
131,417.75,0,TU
1111.5,417.75,0,TU
-1085.5,422.75,0,TU
-121.5,425.25,0,TU
-682,427.75,0,TU
1239,429.25,0,TU
1124.5,429.75,0,TU
-607.5,432.75,0,TU
-654.5,433.75,0,TU
-917.5,435.75,0,TU
295,437.75,0,TU
-1071,438.75,0,TU
-587,439.75,0,TU
-95.5,441.25,0,TU
-708.5,441.75,0,TU
-128,443.25,0,TU
-727.5,443.25,0,TU
134.5,443.75,0,TU
-866,445.75,0,TU
-800.5,445.75,0,TU
-983,445.75,0,TU
-221.5,446.25,0,TU
-531,446.75,0,TU
247,447.75,0,TU
-447.5,447.75,0,TU
-21.5,449.25,0,TU
-1125.5,449.25,0,TU
-1092,449.75,0,TU
-826.5,450.75,0,TU
288.5,452.25,0,TU
-601,452.75,0,TU
-277,453.25,0,TU
-199.5,453.75,0,TU
-547,453.75,0,TU
-1250.5,454.75,0,TU
331,454.75,0,TU
311.5,455.25,0,TU
-641.5,455.75,0,TU
-436,456.25,0,TU
60.5,456.25,0,TU
-1205,457.75,0,TU
-718.5,457.75,0,TU
-12,458.25,0,TU
-309,458.25,0,TU
-1230,459.75,0,TU
21,460.75,0,TU
1023,461.25,0,TU
-63.5,464.25,0,TU
-125.5,464.75,0,TU
333.5,466.75,0,TU
-83,467.25,0,TU
295.5,467.25,0,TU
-1243,469.25,0,TU
-1056,470.25,0,TU
-94,470.25,0,TU
-3,471.25,0,TU
-709.5,471.25,0,TU
-168.5,472.25,0,TU
-464,472.25,0,TU
1064,472.75,0,TU
257.5,473.25,0,TU
1124,473.75,0,TU
-971.5,476.25,0,TU
9,477.75,0,TU
-789,480.25,0,TU
54,480.25,0,TU
-801.5,480.75,0,TU
112,480.75,0,TU
-11.5,481.25,0,TU
278.5,482.75,0,TU
-200.5,482.75,0,TU
-858,486.25,0,TU
-837.5,487.25,0,TU
-156,487.75,0,TU
-464.5,487.75,0,TU
1197.5,488.75,0,TU
-90,489.75,0,TU
313,490.25,0,TU
8,491.25,0,TU
272.5,494.25,0,TU
247.5,495.25,0,TU
1083.5,498.25,0,TU
-1221,499.25,0,TU
-337,499.75,0,TU
-1032.5,500.25,0,TU
-967.5,500.75,0,TU
-434,502.75,0,TU
-481.5,503.25,0,TU
109,504.25,0,TU
-132,504.75,0,TU
-83,507.75,0,TU
-847,508.25,0,TU
-760,508.75,0,TU
28,510.25,0,TU
-517.5,510.75,0,TU
-18,511.25,0,TU
1205,511.25,0,TU
-730,511.75,0,TU
-196.5,515.25,0,TU
-809.5,516.25,0,TU
-426,516.75,0,TU
1243.5,518.75,0,TU
-452,520.25,0,TU
-478.5,520.75,0,TU
991,521.75,0,TU
334.5,523.25,0,TU
109.5,524.75,0,TU
-16.5,525.75,0,TU
75,526.25,0,TU
-221.5,528.75,0,TU
-348,529.25,0,TU
1213.5,529.75,0,TU
-428,530.75,0,TU
-1233.5,531.25,0,TU
-836,531.25,0,TU
-663,532.25,0,TU
-472.5,532.75,0,TU
-760,534.25,0,TU
319,536.25,0,TU
-198.5,538.75,0,TU
-749,541.25,0,TU
-865,541.25,0,TU
-957.5,543.25,0,TU
-1181,544.25,0,TU
-24,545.25,0,TU
1227.5,548.75,0,TU
-671,550.25,0,TU
-639.5,551.75,0,TU
-1172.5,554.25,0,TU
-1237.5,554.75,0,TU
1011,558.25,0,TU
1146.5,559.75,0,TU
328.5,561.25,0,TU
-735,562.75,0,TU
-642,566.25,0,TU
1276,567.75,0,TU
-392,568.25,0,TU
-1084.5,568.75,0,TU
314.5,570.25,0,TU
1085,570.75,0,TU
-612,572.25,0,TU
115,572.25,0,TU
1114.5,573.75,0,TU
-675.5,573.75,0,TU
342,574.75,0,TU
287,574.75,0,TU
250,576.75,0,TU
-594.5,579.75,0,TU
1102.5,580.75,0,TU
-648.5,582.25,0,TU
-576.5,583.25,0,TU
354,584.25,0,TU
1085.5,586.25,0,TU
107.5,586.25,0,TU
268.5,587.25,0,TU
374.5,587.75,0,TU
-621.5,589.25,0,TU
331,589.75,0,TU
-378,591.75,0,TU
-697.5,593.75,0,TU
131.5,593.75,0,TU
-90.5,594.75,0,TU
-642,598.25,0,TU
1279.5,598.25,0,TU
1178.5,598.25,0,TU
-23,598.75,0,TU
281,599.25,0,TU
58,600.25,0,TU
-137.5,600.25,0,TU
-413,600.75,0,TU
-625,601.75,0,TU
-733.5,602.75,0,TU
-546.5,602.75,0,TU
-1158,603.25,0,TU
304.5,603.75,0,TU
-705,605.75,0,TU
-769.5,605.75,0,TU
-992.5,606.75,0,TU
98.5,606.75,0,TU
-391,607.25,0,TU
-648.5,611.75,0,TU
-746,612.75,0,TU
337.5,612.75,0,TU
-1165.5,613.25,0,TU
-964,614.75,0,TU
-661,615.25,0,TU
-102.5,616.25,0,TU
-452.5,619.75,0,TU
-60,622.25,0,TU
287.5,623.75,0,TU
-628.5,625.75,0,TU
-135.5,626.25,0,TU
1314.5,627.25,0,TU
-654,627.75,0,TU
-804,628.25,0,TU
-602.5,628.25,0,TU
-113.5,629.75,0,TU
-433.5,629.75,0,TU
1052.5,631.25,0,TU
-377.5,632.75,0,TU
-459,634.75,0,TU
1292,636.25,0,TU
-413,637.75,0,TU
-978.5,638.25,0,TU
-549,638.75,0,TU
-1122.5,639.75,0,TU
-953,641.25,0,TU
-1062,642.75,0,TU
319,644.25,0,TU
-635.5,644.25,0,TU
-612,644.75,0,TU
-687.5,645.25,0,TU
-779.5,645.75,0,TU
-590.5,645.75,0,TU
1269,645.75,0,TU
279.5,649.25,0,TU
-1165.5,652.75,0,TU
-107.5,653.25,0,TU
-657,654.75,0,TU
301,657.75,0,TU
-514,658.25,0,TU
-893.5,660.25,0,TU
-240.5,661.25,0,TU
-1142.5,662.75,0,TU
5.5,664.25,0,TU
-1125.5,666.75,0,TU
-1162.5,667.25,0,TU
-781,667.75,0,TU
51,669.25,0,TU
-290.5,670.25,0,TU
-953,670.25,0,TU
-209,670.75,0,TU
-464.5,674.25,0,TU
-760.5,675.75,0,TU
-1046,676.25,0,TU
-903,678.75,0,TU
-228,679.25,0,TU
-38,680.25,0,TU
-256,686.75,0,TU
-18,686.75,0,TU
104.5,689.75,0,TU
-1208,691.25,0,TU
-741.5,691.25,0,TU
20.5,691.25,0,TU
312,693.25,0,TU
-759,693.25,0,TU
177.5,694.25,0,TU
-429.5,695.75,0,TU
-731.5,698.75,0,TU
-246,701.75,0,TU
122,702.75,0,TU
-224,702.75,0,TU
-944,705.75,0,TU
-773,705.75,0,TU
-412.5,710.75,0,TU
35.5,712.75,0,TU
-589,713.75,0,TU
102.5,716.25,0,TU
-399,721.25,0,TU
269.5,724.25,0,TU
-440.5,724.75,0,TU
383,733.75,0,TU
6,736.75,0,TU
-674.5,738.25,0,TU
-380,738.25,0,TU
-1156.5,740.75,0,TU
1069,741.75,0,TU
-348.5,742.25,0,TU
-279,746.75,0,TU
-398,747.25,0,TU
-262.5,747.75,0,TU
17.5,748.25,0,TU
39,750.25,0,TU
-435.5,753.25,0,TU
-8,754.25,0,TU
-535.5,758.75,0,TU
363,760.25,0,TU
388,760.25,0,TU
-381,760.75,0,TU
125.5,761.25,0,TU
15,771.75,0,TU
-269.5,774.75,0,TU
-614.5,775.75,0,TU
248,777.75,0,TU
-377,781.25,0,TU
-345,784.75,0,TU
-596.5,785.25,0,TU
1043.5,787.25,0,TU
-315.5,788.25,0,TU
-617.5,790.25,0,TU
-433.5,790.75,0,TU
115.5,791.75,0,TU
-1161,791.75,0,TU
-455,792.75,0,TU
-561.5,796.25,0,TU
191,797.25,0,TU
-307.5,804.25,0,TU
135.5,807.25,0,TU
-292,808.25,0,TU
102.5,809.75,0,TU
-767.5,812.25,0,TU
-267.5,813.75,0,TU
-383.5,814.25,0,TU
1049,818.25,0,TU
1071,821.25,0,TU
-352.5,822.75,0,TU
415.5,824.75,0,TU
-460,827.75,0,TU
-294,828.25,0,TU
104,830.25,0,TU
129.5,830.25,0,TU
397.5,836.25,0,TU
62.5,836.75,0,TU
1009.5,838.25,0,TU
-266,838.25,0,TU
-286.5,843.25,0,TU
677.5,844.75,0,TU
140.5,845.25,0,TU
-310.5,845.75,0,TU
-445,845.75,0,TU
-202.5,845.75,0,TU
-744,853.25,0,TU
1005.5,854.75,0,TU
-919.5,855.75,0,TU
-275.5,860.25,0,TU
180,860.25,0,TU
695,862.75,0,TU
733,863.25,0,TU
1035,866.75,0,TU
146.5,867.75,0,TU
-611,868.75,0,TU
110,869.75,0,TU
-900.5,870.25,0,TU
-80.5,870.75,0,TU
74.5,870.75,0,TU
-750.5,872.25,0,TU
125,876.25,0,TU
1020,876.75,0,TU
-290,877.75,0,TU
696,880.75,0,TU
-760.5,881.25,0,TU
1332.5,882.25,0,TU
-134,883.75,0,TU
149,886.25,0,TU
-206,890.25,0,TU
328,895.25,0,TU
-748.5,897.25,0,TU
-232,898.25,0,TU
-636.5,898.75,0,TU
706,899.25,0,TU
385.5,900.75,0,TU
-593.5,902.75,0,TU
120.5,903.25,0,TU
780,903.25,0,TU
-262.5,904.25,0,TU
1060.5,908.75,0,TU
-1047,909.25,0,TU
-565.5,910.75,0,TU
-1015,911.75,0,TU
-92.5,911.75,0,TU
-659.5,912.25,0,TU
-118.5,914.75,0,TU
-241,915.75,0,TU
1308,915.75,0,TU
-146,918.75,0,TU
-66,920.25,0,TU
-630.5,921.75,0,TU
978,922.75,0,TU
149,924.25,0,TU
-270.5,928.25,0,TU
-854.5,929.25,0,TU
780.5,929.75,0,TU
701,930.25,0,TU
-1022,930.75,0,TU
585.5,931.25,0,TU
177,931.75,0,TU
-105,933.25,0,TU
-60,934.25,0,TU
-898.5,935.25,0,TU
-240,935.75,0,TU
190,936.75,0,TU
-645.5,939.75,0,TU
44.5,940.25,0,TU
-800,941.75,0,TU
-696.5,941.75,0,TU
638,942.25,0,TU
-1014,942.75,0,TU
-744,943.75,0,TU
1325,944.75,0,TU
-293,945.75,0,TU
-774.5,946.75,0,TU
1314,946.75,0,TU
-944.5,947.25,0,TU
-1036,947.75,0,TU
948,947.75,0,TU
-970,948.75,0,TU
772.5,950.75,0,TU
362.5,951.25,0,TU
-713,951.75,0,TU
-1002,952.75,0,TU
-860.5,953.75,0,TU
719.5,954.75,0,TU
13,956.75,0,TU
-232.5,957.75,0,TU
343.5,960.25,0,TU
265.5,961.25,0,TU
95.5,961.75,0,TU
740.5,962.75,0,TU
-1045,962.75,0,TU
382,962.75,0,TU
781,964.75,0,TU
-74.5,965.75,0,TU
-896.5,965.75,0,TU
-105,967.75,0,TU
1281,969.75,0,TU
-26,970.75,0,TU
-695.5,973.25,0,TU
-650,973.25,0,TU
349,977.25,0,TU
-823,977.25,0,TU
365,978.75,0,TU
391,980.25,0,TU
-788.5,980.75,0,TU
620,981.75,0,TU
-916,982.25,0,TU
-862,982.25,0,TU
-216.5,983.75,0,TU
-703.5,984.25,0,TU
815,984.25,0,TU
-83,984.25,0,TU
-946.5,985.25,0,TU
597,987.25,0,TU
772,988.25,0,TU
-831,989.25,0,TU
-103,992.25,0,TU
90.5,992.75,0,TU
694,993.75,0,TU
359.5,994.25,0,TU
-869,994.75,0,TU
386.5,996.75,0,TU
-845.5,999.25,0,TU
-226,999.75,0,TU
-32,1000.25,0,TU
1302.5,1000.25,0,TU
-902.5,1001.25,0,TU
-119.5,1001.75,0,TU
1253,1003.25,0,TU
668.5,1003.75,0,TU
568,1003.75,0,TU
-933.5,1004.25,0,TU
999.5,1005.75,0,TU
1033,1008.25,0,TU
636,1009.25,0,TU
-906.5,1013.75,0,TU
-946,1016.75,0,TU
-71,1018.75,0,TU
-891.5,1020.25,0,TU
-1011,1020.25,0,TU
-805,1021.25,0,TU
928,1021.75,0,TU
-232,1022.75,0,TU
1239,1023.75,0,TU
1306,1025.75,0,TU
1036.5,1026.25,0,TU
-80.5,1027.75,0,TU
-982.5,1028.25,0,TU
-101,1028.25,0,TU
74.5,1028.25,0,TU
-160.5,1029.75,0,TU
-124.5,1029.75,0,TU
591,1032.25,0,TU
617,1032.75,0,TU
684,1036.75,0,TU
-201.5,1037.75,0,TU
645,1038.75,0,TU
663,1043.75,0,TU
-238,1045.25,0,TU
-988,1045.25,0,TU
-962,1046.25,0,TU
975,1048.75,0,TU
-122,1049.25,0,TU
-934,1050.25,0,TU
181.5,1051.25,0,TU
-18.5,1053.75,0,TU
216.5,1055.25,0,TU
-88.5,1056.25,0,TU
424,1057.25,0,TU
636.5,1057.75,0,TU
392.5,1059.75,0,TU
694.5,1060.75,0,TU
-52,1061.25,0,TU
-243.5,1063.25,0,TU
-203,1066.75,0,TU
1290.5,1069.25,0,TU
1014,1072.25,0,TU
1034.5,1073.25,0,TU
682,1073.75,0,TU
385,1075.25,0,TU
949,1075.25,0,TU
-157,1075.25,0,TU
-128,1078.25,0,TU
-276,1079.25,0,TU
-63,1079.75,0,TU
1208.5,1083.25,0,TU
-205,1085.25,0,TU
-896.5,1087.25,0,TU
-232,1087.75,0,TU
934,1088.75,0,TU
1048,1093.25,0,TU
-140,1093.75,0,TU
732,1095.25,0,TU
381,1095.75,0,TU
680.5,1095.75,0,TU
-874.5,1096.75,0,TU
-67.5,1099.25,0,TU
12,1103.75,0,TU
-851,1107.25,0,TU
-131.5,1109.25,0,TU
389.5,1109.75,0,TU
-193.5,1110.75,0,TU
-886.5,1111.75,0,TU
955,1113.75,0,TU
-214,1115.25,0,TU
-1032.5,1115.75,0,TU
-86.5,1118.25,0,TU
1218,1119.25,0,TU
977.5,1120.25,0,TU
-64,1122.75,0,TU
26,1125.75,0,TU
936,1126.75,0,TU
-133,1127.75,0,TU
1245.5,1127.75,0,TU
2,1127.75,0,TU
-883.5,1130.75,0,TU
352,1130.75,0,TU
441.5,1131.25,0,TU
958,1138.75,0,TU
370.5,1140.25,0,TU
1263,1141.75,0,TU
-82,1143.25,0,TU
133.5,1144.25,0,TU
-873.5,1145.75,0,TU
-55.5,1146.25,0,TU
1236,1148.25,0,TU
83,1151.25,0,TU
791,1151.75,0,TU
951.5,1152.75,0,TU
-896,1153.75,0,TU
-922.5,1154.75,0,TU
738,1156.25,0,TU
34.5,1157.75,0,TU
1293,1157.75,0,TU
1024.5,1159.75,0,TU
774.5,1161.25,0,TU
936,1163.75,0,TU
143.5,1163.75,0,TU
381.5,1164.75,0,TU
424,1168.25,0,TU
684.5,1168.75,0,TU
5.5,1173.25,0,TU
441.5,1173.25,0,TU
1003.5,1173.75,0,TU
1237.5,1175.25,0,TU
81.5,1178.75,0,TU
54.5,1179.25,0,TU
1037.5,1180.75,0,TU
-50.5,1181.25,0,TU
192,1182.25,0,TU
907.5,1182.25,0,TU
24,1182.75,0,TU
750.5,1182.75,0,TU
-906.5,1184.25,0,TU
-877.5,1184.25,0,TU
796.5,1185.75,0,TU
1261,1186.75,0,TU
435.5,1187.25,0,TU
453,1187.75,0,TU
-96.5,1187.75,0,TU
1028,1188.75,0,TU
-912.5,1189.25,0,TU
107,1189.25,0,TU
227.5,1190.25,0,TU
768.5,1190.75,0,TU
935.5,1193.25,0,TU
1291.5,1197.25,0,TU
444.5,1199.25,0,TU
-134,1202.25,0,TU
469.5,1202.25,0,TU
430.5,1203.25,0,TU
952.5,1205.75,0,TU
-151,1206.75,0,TU
-87.5,1206.75,0,TU
977.5,1207.25,0,TU
886.5,1208.25,0,TU
930,1211.75,0,TU
831,1213.25,0,TU
853,1216.25,0,TU
1281.5,1216.75,0,TU
293.5,1217.75,0,TU
439,1220.25,0,TU
-87.5,1221.75,0,TU
-863.5,1223.25,0,TU
831.5,1230.25,0,TU
-934.5,1232.75,0,TU
-902,1234.75,0,TU
1023,1234.75,0,TU
57,1235.25,0,TU
923.5,1235.25,0,TU
942.5,1238.75,0,TU
322,1239.25,0,TU
420.5,1239.25,0,TU
197,1239.75,0,TU
958.5,1240.75,0,TU
834.5,1241.25,0,TU
243.5,1242.75,0,TU
851.5,1255.25,0,TU
1020.5,1255.75,0,TU
-870.5,1256.25,0,TU
927,1256.25,0,TU
1352.5,1262.75,0,TU
75.5,1262.75,0,TU
160,1263.75,0,TU
-123,1265.75,0,TU
46.5,1265.75,0,TU
960,1265.75,0,TU
829.5,1267.75,0,TU
-2,1270.25,0,TU
498,1270.75,0,TU
748,1272.75,0,TU
998,1272.75,0,TU
399,1272.75,0,TU
-842.5,1273.75,0,TU
980,1274.75,0,TU
129.5,1276.25,0,TU
927.5,1276.75,0,TU
377.5,1276.75,0,TU
1040,1276.75,0,TU
-899.5,1277.75,0,TU
239,1278.25,0,TU
906,1280.25,0,TU
948,1284.25,0,TU
780.5,1284.25,0,TU
-6.5,1284.75,0,TU
-919,1287.75,0,TU
150.5,1288.25,0,TU
-865,1289.25,0,TU
-944,1290.25,0,TU
72,1291.25,0,TU
423.5,1294.75,0,TU
403,1298.75,0,TU
196.5,1299.25,0,TU
-880.5,1303.25,0,TU
721.5,1307.75,0,TU
928.5,1308.25,0,TU
-11.5,1309.75,0,TU
405,1310.25,0,TU
186,1311.25,0,TU
-898,1314.75,0,TU
-1051.5,1318.25,0,TU
773.5,1318.25,0,TU
-881,1319.75,0,TU
-858.5,1319.75,0,TU
514.5,1321.75,0,TU
424,1323.25,0,TU
-1015,1323.75,0,TU
702,1324.75,0,TU
343.5,1326.25,0,TU
-23,1326.75,0,TU
399,1329.25,0,TU
227.5,1331.25,0,TU
198,1332.75,0,TU
-1032.5,1334.75,0,TU
519.5,1336.75,0,TU
-882,1337.25,0,TU
1098,1338.25,0,TU
803,1339.25,0,TU
257.5,1339.75,0,TU
1011.5,1340.25,0,TU
433,1341.75,0,TU
1029.5,1342.75,0,TU
1042.5,1342.75,0,TU
321,1343.25,0,TU
1359,1343.75,0,TU
342.5,1346.25,0,TU
37,1346.75,0,TU
1416.5,1347.75,0,TU
-34.5,1348.75,0,TU
-11.5,1349.25,0,TU
232.5,1349.75,0,TU
977,1349.75,0,TU
1353.5,1350.25,0,TU
1060.5,1350.25,0,TU
998.5,1351.75,0,TU
788.5,1352.25,0,TU
740,1353.75,0,TU
1020.5,1361.25,0,TU
-980,1363.75,0,TU
266.5,1366.75,0,TU
-996,1368.25,0,TU
250.5,1368.25,0,TU
1375.5,1369.25,0,TU
343.5,1369.75,0,TU
420,1370.75,0,TU
1349.5,1370.75,0,TU
-962.5,1374.25,0,TU
984.5,1374.25,0,TU
215.5,1375.75,0,TU
943.5,1376.25,0,TU
1041.5,1378.25,0,TU
97,1379.25,0,TU
-74,1382.25,0,TU
429.5,1383.75,0,TU
1427,1387.25,0,TU
1083.5,1390.25,0,TU
916,1391.25,0,TU
-925.5,1391.25,0,TU
208,1394.25,0,TU
336,1395.75,0,TU
1055.5,1396.25,0,TU
941.5,1397.75,0,TU
46.5,1398.75,0,TU
930,1400.75,0,TU
1408.5,1401.25,0,TU
996,1405.75,0,TU
240,1406.25,0,TU
967,1407.75,0,TU
759,1408.75,0,TU
1049.5,1412.25,0,TU
795.5,1413.25,0,TU
226,1415.25,0,TU
639.5,1417.25,0,TU
615,1419.75,0,TU
1356,1422.75,0,TU
1425,1428.25,0,TU
1060,1428.25,0,TU
841,1429.75,0,TU
45.5,1430.75,0,TU
999,1430.75,0,TU
414.5,1430.75,0,TU
759.5,1432.25,0,TU
-956.5,1433.75,0,TU
1077.5,1433.75,0,TU
621,1437.25,0,TU
1423.5,1439.25,0,TU
958,1439.25,0,TU
1347,1440.75,0,TU
988,1442.75,0,TU
7,1444.75,0,TU
1014,1445.75,0,TU
58,1445.75,0,TU
25.5,1447.25,0,TU
798.5,1450.25,0,TU
1055,1452.75,0,TU
769,1453.25,0,TU
64,1454.75,0,TU
-957.5,1458.25,0,TU
631.5,1458.75,0,TU
953,1458.75,0,TU
883.5,1459.25,0,TU
560,1462.25,0,TU
779,1463.75,0,TU
216,1464.25,0,TU
402,1464.75,0,TU
1066.5,1464.75,0,TU
585.5,1467.25,0,TU
-4.5,1468.75,0,TU
1357.5,1471.25,0,TU
907,1472.25,0,TU
1351.5,1475.75,0,TU
897,1475.75,0,TU
920.5,1477.75,0,TU
747,1479.75,0,TU
-160.5,1481.25,0,TU
160.5,1481.75,0,TU
639,1481.75,0,TU
-948.5,1482.75,0,TU
430.5,1483.25,0,TU
178,1483.75,0,TU
964,1483.75,0,TU
391,1484.75,0,TU
-186,1484.75,0,TU
-147.5,1485.25,0,TU
236,1485.75,0,TU
575.5,1486.25,0,TU
1041.5,1487.25,0,TU
695.5,1487.75,0,TU
1421.5,1488.25,0,TU
1364.5,1491.25,0,TU
664,1491.75,0,TU
989,1493.75,0,TU
1062.5,1494.25,0,TU
31,1495.25,0,TU
1403.5,1497.25,0,TU
645.5,1497.75,0,TU
-140.5,1499.25,0,TU
-159,1499.75,0,TU
189,1501.75,0,TU
850,1502.75,0,TU
364.5,1503.75,0,TU
254.5,1504.75,0,TU
889.5,1506.75,0,TU
532,1506.75,0,TU
573,1508.75,0,TU
639.5,1510.75,0,TU
872.5,1511.25,0,TU
-143,1513.25,0,TU
433.5,1514.75,0,TU
559.5,1517.75,0,TU
779,1520.75,0,TU
295,1525.25,0,TU
1058,1531.75,0,TU
800,1532.25,0,TU
654,1536.25,0,TU
33.5,1544.75,0,TU
981.5,1545.25,0,TU
905.5,1549.25,0,TU
791.5,1550.75,0,TU
667,1556.25,0,TU
-83.5,1556.75,0,TU
1065,1558.75,0,TU
703,1561.25,0,TU
1034,1567.25,0,TU
268.5,1569.25,0,TU
48.5,1569.75,0,TU
616.5,1571.75,0,TU
715.5,1572.75,0,TU
242,1574.25,0,TU
-151.5,1575.25,0,TU
649,1575.25,0,TU
690.5,1577.75,0,TU
669,1578.75,0,TU
918.5,1580.75,0,TU
407,1581.75,0,TU
812.5,1583.25,0,TU
372,1583.75,0,TU
1087,1583.75,0,TU
-143.5,1584.25,0,TU
769.5,1586.75,0,TU
1032.5,1586.75,0,TU
1060,1588.75,0,TU
444.5,1589.25,0,TU
299,1590.25,0,TU
843.5,1592.75,0,TU
-113.5,1592.75,0,TU
954.5,1596.75,0,TU
61,1600.75,0,TU
1072.5,1602.25,0,TU
1091,1602.75,0,TU
-133.5,1606.25,0,TU
-157,1606.75,0,TU
709,1607.75,0,TU
920.5,1607.75,0,TU
1043.5,1610.25,0,TU
582,1612.75,0,TU
433.5,1614.25,0,TU
-119,1614.75,0,TU
320,1614.75,0,TU
342,1615.25,0,TU
759.5,1615.75,0,TU
813.5,1616.25,0,TU
1100,1616.25,0,TU
-82.5,1620.75,0,TU
73,1623.75,0,TU
936,1623.75,0,TU
963,1624.25,0,TU
1078,1624.25,0,TU
672.5,1624.25,0,TU
461,1624.75,0,TU
640.5,1628.75,0,TU
359,1628.75,0,TU
782.5,1630.75,0,TU
-94,1636.25,0,TU
892.5,1636.75,0,TU
1059.5,1637.75,0,TU
442.5,1638.75,0,TU
495.5,1640.75,0,TU
976.5,1641.75,0,TU
675,1647.25,0,TU
104,1648.25,0,TU
1091.5,1648.75,0,TU
875.5,1649.75,0,TU
800,1656.25,0,TU
848.5,1658.75,0,TU
829,1660.75,0,TU
571,1662.25,0,TU
1062,1663.25,0,TU
259,1663.75,0,TU
860.5,1664.25,0,TU
952.5,1664.25,0,TU
232,1665.25,0,TU
980.5,1665.75,0,TU
159.5,1668.25,0,TU
483,1670.25,0,TU
901,1670.25,0,TU
1090,1671.25,0,TU
1105,1672.25,0,TU
501,1672.75,0,TU
590.5,1672.75,0,TU
454.5,1673.25,0,TU
962.5,1673.75,0,TU
346.5,1677.75,0,TU
707.5,1678.75,0,TU
810.5,1680.25,0,TU
624.5,1682.25,0,TU
854,1684.25,0,TU
886.5,1685.25,0,TU
102,1685.25,0,TU
1039.5,1689.25,0,TU
608,1690.25,0,TU
663,1691.25,0,TU
584.5,1693.75,0,TU
1079.5,1693.75,0,TU
998,1698.25,0,TU
378.5,1698.25,0,TU
1017.5,1699.25,0,TU
806,1699.75,0,TU
837.5,1700.25,0,TU
821.5,1705.75,0,TU
854,1706.25,0,TU
982.5,1706.25,0,TU
88.5,1707.75,0,TU
301.5,1708.25,0,TU
883,1709.25,0,TU
907.5,1717.25,0,TU
715,1717.75,0,TU
66,1719.25,0,TU
97,1723.75,0,TU
1084,1724.25,0,TU
1142.5,1724.25,0,TU
368,1726.75,0,TU
1054.5,1726.75,0,TU
645.5,1729.25,0,TU
665.5,1730.25,0,TU
327,1734.75,0,TU
995,1736.25,0,TU
706.5,1738.25,0,TU
609.5,1739.75,0,TU
678.5,1743.25,0,TU
106,1745.25,0,TU
924.5,1747.25,0,TU
1040.5,1750.25,0,TU
795,1756.25,0,TU
263.5,1759.25,0,TU
588.5,1763.75,0,TU
848,1765.25,0,TU
757,1765.75,0,TU
316.5,1766.25,0,TU
627.5,1768.75,0,TU
602,1769.25,0,TU
551,1769.75,0,TU
1074,1771.75,0,TU
803,1773.25,0,TU
128.5,1775.25,0,TU
703.5,1779.25,0,TU
654.5,1779.75,0,TU
1087.5,1784.25,0,TU
1070.5,1784.75,0,TU
1400.5,1791.75,0,TU
119.5,1793.25,0,TU
715,1793.75,0,TU
1058.5,1795.75,0,TU
796,1802.75,0,TU
462.5,1809.25,0,TU
703,1818.75,0,TU
95.5,1819.75,0,TU
1037.5,1821.75,0,TU
1431.5,1824.25,0,TU
964.5,1825.25,0,TU
1019,1825.25,0,TU
119.5,1827.75,0,TU
406,1829.75,0,TU
267,1830.25,0,TU
551,1834.25,0,TU
517,1836.75,0,TU
485,1837.75,0,TU
87.5,1841.25,0,TU
829.5,1846.75,0,TU
440.5,1852.25,0,TU
1012,1858.75,0,TU
995,1860.75,0,TU
974.5,1860.75,0,TU
1405.5,1864.25,0,TU
412.5,1864.75,0,TU
1043,1871.25,0,TU
679.5,1873.25,0,TU
1419.5,1876.25,0,TU
102.5,1878.25,0,TU
1375.5,1878.25,0,TU
716.5,1879.75,0,TU
596,1881.25,0,TU
748,1881.25,0,TU
152,1881.75,0,TU
614.5,1882.75,0,TU
965.5,1882.75,0,TU
140,1885.75,0,TU
238.5,1892.75,0,TU
873,1893.25,0,TU
114.5,1898.75,0,TU
602,1898.75,0,TU
617,1899.75,0,TU
1356.5,1899.75,0,TU
1388.5,1901.25,0,TU
998,1902.25,0,TU
769.5,1903.25,0,TU
657.5,1904.25,0,TU
687,1905.75,0,TU
194,1906.75,0,TU
400.5,1909.25,0,TU
417.5,1913.75,0,TU
954,1914.75,0,TU
1085,1915.25,0,TU
168,1915.75,0,TU
756.5,1916.75,0,TU
1419,1917.75,0,TU
812.5,1918.25,0,TU
1080,1928.25,0,TU
1384,1929.25,0,TU
333,1929.75,0,TU
684.5,1932.25,0,TU
668,1933.25,0,TU
586.5,1933.25,0,TU
404.5,1934.75,0,TU
143,1935.25,0,TU
771,1936.25,0,TU
261.5,1936.75,0,TU
967,1937.75,0,TU
1106.5,1941.75,0,TU
1067,1946.75,0,TU
786.5,1947.75,0,TU
419,1948.75,0,TU
470.5,1949.25,0,TU
813,1957.25,0,TU
932.5,1959.25,0,TU
717.5,1962.75,0,TU
664,1964.75,0,TU
632,1965.75,0,TU
686,1966.25,0,TU
478,1967.25,0,TU
786,1969.25,0,TU
423,1972.25,0,TU
1076,1973.75,0,TU
951.5,1975.75,0,TU
704.5,1977.75,0,TU
214,1978.75,0,TU
381,1978.75,0,TU
675.5,1979.75,0,TU
365,1980.75,0,TU
460,1981.25,0,TU
750.5,1982.25,0,TU
805,1985.25,0,TU
770.5,1985.75,0,TU
1012,1986.75,0,TU
661.5,1986.75,0,TU
828,1989.75,0,TU
561,1991.75,0,TU
688,1992.25,0,TU
1096.5,1992.75,0,TU
484,1993.25,0,TU
364,1994.75,0,TU
740,1996.25,0,TU
729,1996.25,0,TU
513.5,1999.25,0,TU
706.5,2000.75,0,TU
779,2001.25,0,TU
1063.5,2001.25,0,TU
1025.5,2001.75,0,TU
920,2002.25,0,TU
212,2002.75,0,TU
808,2003.75,0,TU
679,2005.75,0,TU
354.5,2008.75,0,TU
642.5,2009.75,0,TU
695,2013.75,0,TU
1039.5,2013.75,0,TU
469.5,2015.75,0,TU
1121,2016.25,0,TU
662,2016.25,0,TU
1066.5,2017.25,0,TU
986.5,2018.75,0,TU
793.5,2019.75,0,TU
707.5,2019.75,0,TU
937,2020.25,0,TU
812,2020.75,0,TU
1079.5,2021.75,0,TU
437.5,2023.75,0,TU
566.5,2024.75,0,TU
968.5,2025.75,0,TU
508,2026.75,0,TU
680.5,2027.75,0,TU
1132,2029.25,0,TU
1018.5,2030.75,0,TU
627,2031.75,0,TU
654.5,2033.75,0,TU
1104,2034.75,0,TU
896,2036.75,0,TU
960.5,2041.25,0,TU
1141,2043.25,0,TU
333,2047.75,0,TU
990,2048.25,0,TU
1128.5,2048.75,0,TU
1054.5,2048.75,0,TU
854,2051.25,0,TU
253,2051.25,0,TU
823,2052.25,0,TU
267.5,2054.75,0,TU
637.5,2055.75,0,TU
243,2056.25,0,TU
504,2056.25,0,TU
942,2056.75,0,TU
592,2059.75,0,TU
433,2062.75,0,TU
1118,2063.25,0,TU
290,2064.25,0,TU
1095,2064.75,0,TU
803,2065.25,0,TU
209,2066.75,0,TU
267.5,2070.75,0,TU
911,2072.75,0,TU
162,2074.75,0,TU
910,2077.25,0,TU
842,2077.75,0,TU
993,2078.25,0,TU
769.5,2082.25,0,TU
959.5,2082.75,0,TU
1062,2082.75,0,TU
924,2082.75,0,TU
1163.5,2082.75,0,TU
936.5,2082.75,0,TU
273.5,2084.75,0,TU
256,2085.25,0,TU
1091,2086.25,0,TU
967,2087.75,0,TU
735,2087.75,0,TU
982,2091.75,0,TU
809,2096.25,0,TU
1072.5,2098.75,0,TU
1185,2101.25,0,TU
580.5,2101.75,0,TU
870.5,2102.75,0,TU
632,2104.25,0,TU
764,2105.25,0,TU
729.5,2106.25,0,TU
1088.5,2114.25,0,TU
790,2114.25,0,TU
1157,2116.75,0,TU
1113,2117.75,0,TU
925.5,2119.75,0,TU
403.5,2120.25,0,TU
731.5,2120.25,0,TU
1069.5,2120.25,0,TU
878.5,2121.25,0,TU
958.5,2122.25,0,TU
714,2122.25,0,TU
1180,2128.25,0,TU
572.5,2130.75,0,TU
438,2131.75,0,TU
247,2133.25,0,TU
598,2134.25,0,TU
321,2138.75,0,TU
721,2140.75,0,TU
704.5,2140.75,0,TU
406,2141.75,0,TU
739,2141.75,0,TU
230.5,2142.25,0,TU
1104.5,2143.25,0,TU
1032.5,2143.75,0,TU
862.5,2144.75,0,TU
765.5,2146.25,0,TU
347.5,2150.25,0,TU
564,2150.75,0,TU
1054,2151.25,0,TU
1070.5,2152.25,0,TU
1154.5,2153.75,0,TU
717.5,2156.25,0,TU
938,2156.25,0,TU
199.5,2157.75,0,TU
308.5,2158.25,0,TU
574.5,2163.75,0,TU
1005,2163.75,0,TU
364,2169.25,0,TU
1031.5,2169.25,0,TU
682.5,2169.75,0,TU
623,2171.25,0,TU
949,2175.25,0,TU
1217,2176.25,0,TU
385.5,2178.25,0,TU
644.5,2179.25,0,TU
199.5,2183.25,0,TU
1192.5,2183.25,0,TU
1224.5,2184.75,0,TU
1040,2186.25,0,TU
757.5,2188.25,0,TU
726.5,2189.75,0,TU
488.5,2189.75,0,TU
1176,2191.75,0,TU
313,2192.25,0,TU
1146,2192.75,0,TU
1018.5,2194.75,0,TU
350,2194.75,0,TU
956,2194.75,0,TU
571,2197.25,0,TU
612.5,2198.75,0,TU
993,2200.75,0,TU
371.5,2201.75,0,TU
1207,2207.75,0,TU
1040.5,2207.75,0,TU
816.5,2210.25,0,TU
637.5,2210.75,0,TU
431.5,2218.25,0,TU
1054,2218.75,0,TU
748,2223.25,0,TU
722,2224.25,0,TU
1077,2224.75,0,TU
332.5,2226.25,0,TU
665,2226.25,0,TU
688,2232.75,0,TU
1173.5,2236.75,0,TU
807.5,2242.25,0,TU
776,2243.75,0,TU
412.5,2244.25,0,TU
1118,2249.25,0,TU
998.5,2252.25,0,TU
367.5,2253.25,0,TU
703,2253.25,0,TU
1037,2253.75,0,TU
461,2255.25,0,TU
755.5,2255.25,0,TU
956.5,2258.25,0,TU
647,2259.75,0,TU
986,2261.25,0,TU
206,2261.75,0,TU
822.5,2264.25,0,TU
619.5,2271.25,0,TU
1159,2272.75,0,TU
142.5,2278.25,0,TU
801,2279.25,0,TU
952.5,2280.75,0,TU
786,2281.75,0,TU
298.5,2287.25,0,TU
982,2287.75,0,TU
1168,2287.75,0,TU
600,2289.25,0,TU
769,2289.75,0,TU
1000,2292.25,0,TU
817.5,2293.25,0,TU
226.5,2294.25,0,TU
585.5,2295.25,0,TU
244.5,2296.25,0,TU
1014.5,2301.25,0,TU
376,2301.25,0,TU
919,2301.75,0,TU
858,2304.25,0,TU
967,2306.25,0,TU
698.5,2308.25,0,TU
1044,2308.75,0,TU
569,2311.75,0,TU
182.5,2312.25,0,TU
592,2313.25,0,TU
820,2315.75,0,TU
194.5,2318.25,0,TU
1072,2318.25,0,TU
129,2319.25,0,TU
996.5,2319.75,0,TU
237,2321.75,0,TU
611.5,2321.75,0,TU
851.5,2323.75,0,TU
1031.5,2325.75,0,TU
555,2326.25,0,TU
588.5,2327.75,0,TU
975.5,2327.75,0,TU
1011.5,2329.75,0,TU
302.5,2329.75,0,TU
188.5,2333.25,0,TU
779,2343.25,0,TU
291.5,2344.25,0,TU
1026.5,2348.25,0,TU
496,2348.25,0,TU
1072.5,2350.25,0,TU
1091,2355.75,0,TU
1128,2357.75,0,TU
801.5,2360.75,0,TU
432,2362.75,0,TU
1005,2364.25,0,TU
860.5,2366.75,0,TU
560,2368.75,0,TU
200.5,2374.75,0,TU
808.5,2376.75,0,TU
987.5,2377.25,0,TU
287,2379.75,0,TU
824.5,2382.25,0,TU
400.5,2383.25,0,TU
637.5,2383.25,0,TU
497.5,2383.75,0,TU
462,2384.25,0,TU
132.5,2384.75,0,TU
866.5,2386.75,0,TU
978,2387.25,0,TU
1122,2387.25,0,TU
774.5,2388.25,0,TU
272.5,2389.75,0,TU
959,2391.25,0,TU
225,2396.25,0,TU
872,2397.25,0,TU
133.5,2398.75,0,TU
1033,2402.25,0,TU
1129.5,2407.75,0,TU
373,2407.75,0,TU
643.5,2410.25,0,TU
784.5,2410.25,0,TU
971.5,2412.75,0,TU
330,2413.25,0,TU
538,2414.25,0,TU
471,2419.25,0,TU
613.5,2420.75,0,TU
492,2427.25,0,TU
410.5,2427.75,0,TU
880,2429.25,0,TU
891.5,2429.25,0,TU
349,2432.25,0,TU
956.5,2432.75,0,TU
517,2433.75,0,TU
324,2436.75,0,TU
1108.5,2439.25,0,TU
535,2440.75,0,TU
997.5,2442.25,0,TU
478.5,2442.25,0,TU
1135.5,2444.75,0,TU
963,2446.75,0,TU
1151,2447.75,0,TU
883,2448.25,0,TU
1082.5,2449.25,0,TU
348,2450.75,0,TU
214.5,2452.75,0,TU
751,2453.25,0,TU
457,2453.75,0,TU
619.5,2453.75,0,TU
779,2457.25,0,TU
903.5,2457.75,0,TU
317,2461.25,0,TU
499,2461.75,0,TU
980.5,2464.25,0,TU
1122,2466.75,0,TU
160,2467.75,0,TU
1010.5,2468.75,0,TU
186,2468.75,0,TU
339.5,2468.75,0,TU
626,2473.25,0,TU
956,2475.75,0,TU
650,2476.25,0,TU
732,2477.75,0,TU
1071,2478.25,0,TU
755.5,2481.25,0,TU
988,2482.25,0,TU
586,2484.75,0,TU
791,2486.25,0,TU
1084.5,2487.25,0,TU
326,2488.25,0,TU
616,2492.75,0,TU
725.5,2493.25,0,TU
772.5,2495.25,0,TU
642.5,2498.75,0,TU
670.5,2499.25,0,TU
1053,2502.25,0,TU
957.5,2510.75,0,TU
597.5,2513.75,0,TU
980,2513.75,0,TU
330.5,2516.25,0,TU
515.5,2518.75,0,TU
616.5,2527.75,0,TU
718.5,2527.75,0,TU
474.5,2530.75,0,TU
995,2533.75,0,TU
696.5,2534.25,0,TU
596.5,2536.75,0,TU
1055.5,2540.75,0,TU
1101,2543.75,0,TU
1025.5,2544.75,0,TU
634.5,2544.75,0,TU
494,2547.75,0,TU
1002,2549.25,0,TU
371.5,2549.75,0,TU
1112.5,2549.75,0,TU
612.5,2551.75,0,TU
1042,2553.25,0,TU
1015.5,2553.75,0,TU
710.5,2555.75,0,TU
679,2557.25,0,TU
323,2558.75,0,TU
746.5,2560.75,0,TU
347,2561.25,0,TU
382.5,2561.75,0,TU
1033.5,2563.25,0,TU
933.5,2565.25,0,TU
355.5,2568.75,0,TU
691.5,2571.75,0,TU
1111,2572.25,0,TU
528.5,2575.25,0,TU
1036,2576.25,0,TU
725,2583.25,0,TU
359,2585.25,0,TU
935,2586.75,0,TU
995,2587.75,0,TU
646,2587.75,0,TU
738.5,2588.75,0,TU
924,2591.25,0,TU
1010.5,2591.75,0,TU
451.5,2599.75,0,TU
907.5,2600.25,0,TU
746,2601.75,0,TU
605.5,2605.75,0,TU
965,2607.25,0,TU
998,2608.75,0,TU
494,2608.75,0,TU
762,2610.75,0,TU
571.5,2613.25,0,TU
631,2615.25,0,TU
616,2617.25,0,TU
926,2620.25,0,TU
489,2624.75,0,TU
885.5,2626.25,0,TU
1072,2626.75,0,TU
939,2628.25,0,TU
542.5,2628.25,0,TU
708,2628.75,0,TU
1043,2629.25,0,TU
861.5,2631.25,0,TU
619,2633.25,0,TU
476,2634.25,0,TU
524.5,2634.25,0,TU
773,2641.25,0,TU
863,2648.25,0,TU
1007.5,2650.75,0,TU
881,2653.75,0,TU
484,2656.75,0,TU
686.5,2656.75,0,TU
1033.5,2657.25,0,TU
755.5,2658.75,0,TU
543,2659.25,0,TU
513,2663.25,0,TU
740.5,2673.25,0,TU
871,2674.25,0,TU
707.5,2674.75,0,TU
486,2676.25,0,TU
1039.5,2676.25,0,TU
914.5,2676.75,0,TU
683,2682.25,0,TU
787.5,2685.75,0,TU
827.5,2686.75,0,TU
503.5,2687.25,0,TU
939.5,2688.75,0,TU
1042.5,2691.25,0,TU
542,2693.75,0,TU
520.5,2695.75,0,TU
673.5,2701.25,0,TU
1066,2706.25,0,TU
508.5,2710.25,0,TU
860,2710.75,0,TU
799.5,2713.75,0,TU
927.5,2713.75,0,TU
550.5,2714.75,0,TU
528,2715.75,0,TU
737.5,2716.25,0,TU
629.5,2717.25,0,TU
470.5,2719.75,0,TU
610.5,2724.25,0,TU
1043.5,2724.25,0,TU
1082,2727.25,0,TU
731,2730.75,0,TU
926.5,2731.25,0,TU
910,2732.25,0,TU
1077,2734.75,0,TU
892,2735.25,0,TU
965.5,2736.75,0,TU
943.5,2736.75,0,TU
868,2737.25,0,TU
1038.5,2738.75,0,TU
694.5,2744.25,0,TU
819,2748.25,0,TU
916,2752.25,0,TU
534.5,2752.75,0,TU
554,2754.25,0,TU
688.5,2757.25,0,TU
991.5,2760.75,0,TU
955,2763.25,0,TU
862,2763.75,0,TU
830.5,2764.25,0,TU
733.5,2765.25,0,TU
936,2765.75,0,TU
1058,2769.75,0,TU
535.5,2772.25,0,TU
1101.5,2772.25,0,TU
1085.5,2772.25,0,TU
970,2774.75,0,TU
910.5,2775.25,0,TU
907,2776.25,0,TU
1117.5,2776.25,0,TU
632,2776.75,0,TU
654,2778.25,0,TU
1041,2785.75,0,TU
1011.5,2789.25,0,TU
518.5,2789.75,0,TU
809.5,2790.25,0,TU
837,2790.25,0,TU
645.5,2792.75,0,TU
1114,2792.75,0,TU
1072,2796.25,0,TU
1025.5,2797.25,0,TU
660,2799.75,0,TU
705,2799.75,0,TU
513,2799.75,0,TU
498,2800.75,0,TU
1095,2802.25,0,TU
784,2804.75,0,TU
572.5,2808.75,0,TU
553.5,2810.75,0,TU
1112,2812.75,0,TU
802,2813.75,0,TU
1070,2816.25,0,TU
679.5,2816.75,0,TU
526.5,2817.75,0,TU
841,2818.25,0,TU
823.5,2818.25,0,TU
502,2821.75,0,TU
902.5,2826.25,0,TU
865,2827.75,0,TU
1093,2830.25,0,TU
666,2830.75,0,TU
1101,2835.75,0,TU
952,2838.75,0,TU
978.5,2842.25,0,TU
698,2844.75,0,TU
962,2852.25,0,TU
855,2856.25,0,TU
990.5,2860.25,0,TU
578.5,2863.25,0,TU
934,2864.75,0,TU
951.5,2869.75,0,TU
542.5,2871.25,0,TU
888,2872.75,0,TU
559.5,2885.25,0,TU
652.5,2890.75,0,TU
851.5,2892.75,0,TU
1030,2903.75,0,TU
829.5,2912.75,0,TU
881.5,2913.25,0,TU
970,2914.25,0,TU
857.5,2920.75,0,TU
951,2931.75,0,TU
867.5,2935.25,0,TU
1011,2939.75,0,TU
-684.5,-2771.25,0,Mph_TU
-611,-2692.25,0,Mph_TU
-681,-2678.25,0,Mph_TU
-571.5,-2676.25,0,Mph_TU
-628,-2663.75,0,Mph_TU
-571,-2661.25,0,Mph_TU
-556,-2650.75,0,Mph_TU
-592.5,-2655.75,0,Mph_TU
-636,-2642.75,0,Mph_TU
-611.5,-2644.25,0,Mph_TU
-574.5,-2639.25,0,Mph_TU
-539.5,-2640.25,0,Mph_TU
-550.5,-2629.75,0,Mph_TU
-651.5,-2636.75,0,Mph_TU
-619,-2619.75,0,Mph_TU
-606.5,-2625.75,0,Mph_TU
-539,-2615.75,0,Mph_TU
-580,-2614.75,0,Mph_TU
-638,-2606.25,0,Mph_TU
-598.5,-2606.75,0,Mph_TU
-561.5,-2610.75,0,Mph_TU
-479,-2598.25,0,Mph_TU
-674.5,-2593.75,0,Mph_TU
-519.5,-2600.25,0,Mph_TU
-544,-2596.25,0,Mph_TU
-615,-2597.25,0,Mph_TU
-621,-2576.75,0,Mph_TU
-592.5,-2585.25,0,Mph_TU
-573,-2581.75,0,Mph_TU
-540,-2573.75,0,Mph_TU
-490,-2570.25,0,Mph_TU
-578,-2575.75,0,Mph_TU
-658,-2564.25,0,Mph_TU
-600.5,-2567.25,0,Mph_TU
-634,-2569.25,0,Mph_TU
-577,-2558.75,0,Mph_TU
-684.5,-2564.25,0,Mph_TU
-484.5,-2548.75,0,Mph_TU
-634,-2542.25,0,Mph_TU
-673.5,-2544.75,0,Mph_TU
-588.5,-2531.75,0,Mph_TU
-491.5,-2534.25,0,Mph_TU
-541,-2520.25,0,Mph_TU
-473.5,-2517.25,0,Mph_TU
-563,-2515.75,0,Mph_TU
-519,-2496.25,0,Mph_TU
-481.5,-2498.25,0,Mph_TU
-536.5,-2484.75,0,Mph_TU
-505,-2492.75,0,Mph_TU
-664,-2500.25,0,Mph_TU
-447.5,-2491.25,0,Mph_TU
-581.5,-2489.25,0,Mph_TU
-493.5,-2472.75,0,Mph_TU
-608.5,-2487.25,0,Mph_TU
-558.5,-2486.75,0,Mph_TU
-429.5,-2470.75,0,Mph_TU
-669,-2477.75,0,Mph_TU
-473.5,-2479.75,0,Mph_TU
-575,-2473.75,0,Mph_TU
-638,-2478.75,0,Mph_TU
-595,-2460.75,0,Mph_TU
-454.5,-2469.75,0,Mph_TU
-557,-2467.25,0,Mph_TU
-614,-2461.75,0,Mph_TU
-571,-2445.25,0,Mph_TU
-541.5,-2457.75,0,Mph_TU
-672.5,-2456.25,0,Mph_TU
-449.5,-2447.75,0,Mph_TU
-639.5,-2458.25,0,Mph_TU
-469.5,-2457.75,0,Mph_TU
-657,-2439.25,0,Mph_TU
-545.5,-2439.75,0,Mph_TU
-497.5,-2442.75,0,Mph_TU
-587.5,-2442.25,0,Mph_TU
-471.5,-2439.75,0,Mph_TU
-529,-2432.25,0,Mph_TU
-607.5,-2438.25,0,Mph_TU
-629,-2423.25,0,Mph_TU
-584,-2424.75,0,Mph_TU
-403,-2431.25,0,Mph_TU
-481,-2424.75,0,Mph_TU
-603,-2412.25,0,Mph_TU
-573.5,-2403.75,0,Mph_TU
-494,-2405.75,0,Mph_TU
-620.5,-2396.25,0,Mph_TU
-491.5,-2380.25,0,Mph_TU
-621.5,-2379.75,0,Mph_TU
-595.5,-2376.25,0,Mph_TU
-661.5,-2345.75,0,Mph_TU
-632,-2343.25,0,Mph_TU
-565.5,-2344.75,0,Mph_TU
-672,-2342.25,0,Mph_TU
-589.5,-2328.25,0,Mph_TU
-620.5,-2324.25,0,Mph_TU
-686.5,-2310.75,0,Mph_TU
-659,-2301.25,0,Mph_TU
-600,-2309.75,0,Mph_TU
-624,-2297.25,0,Mph_TU
-599.5,-2289.25,0,Mph_TU
-600.5,-2276.25,0,Mph_TU
-623.5,-2273.75,0,Mph_TU
-618.5,-2259.25,0,Mph_TU
-641.5,-2248.25,0,Mph_TU
-671,-2233.25,0,Mph_TU
-645,-2225.25,0,Mph_TU
-647,-2213.25,0,Mph_TU
-674,-2218.75,0,Mph_TU
-619,-2211.25,0,Mph_TU
-636,-2206.25,0,Mph_TU
-650.5,-2188.25,0,Mph_TU
-870.5,-2972.25,0,Mph_TU
-857.5,-2950.75,0,Mph_TU
-842.5,-2958.25,0,Mph_TU
-870.5,-2933.75,0,Mph_TU
-887,-2918.75,0,Mph_TU
-950.5,-2896.75,0,Mph_TU
-855.5,-2898.25,0,Mph_TU
-931.5,-2899.25,0,Mph_TU
-918.5,-2893.75,0,Mph_TU
-823,-2898.75,0,Mph_TU
-842.5,-2893.75,0,Mph_TU
-910.5,-2870.75,0,Mph_TU
-1018,-2861.25,0,Mph_TU
-844.5,-2854.75,0,Mph_TU
-818.5,-2855.25,0,Mph_TU
-989,-2850.75,0,Mph_TU
-905,-2849.25,0,Mph_TU
-943,-2850.25,0,Mph_TU
-814,-2847.75,0,Mph_TU
-925.5,-2844.75,0,Mph_TU
-939.5,-2832.75,0,Mph_TU
-818,-2823.25,0,Mph_TU
-970,-2819.75,0,Mph_TU
-911,-2832.25,0,Mph_TU
-778.5,-2827.75,0,Mph_TU
-894.5,-2829.25,0,Mph_TU
-942,-2819.75,0,Mph_TU
-852.5,-2820.25,0,Mph_TU
-885,-2814.75,0,Mph_TU
-978,-2812.75,0,Mph_TU
-1007,-2810.75,0,Mph_TU
-846.5,-2799.25,0,Mph_TU
-814.5,-2797.75,0,Mph_TU
-1012,-2784.75,0,Mph_TU
-996,-2779.75,0,Mph_TU
-1022,-2773.75,0,Mph_TU
-879.5,-2769.75,0,Mph_TU
-751.5,-2764.75,0,Mph_TU
-841,-2747.75,0,Mph_TU
-872,-2754.25,0,Mph_TU
-794,-2739.25,0,Mph_TU
-744.5,-2735.75,0,Mph_TU
-713.5,-2733.75,0,Mph_TU
-945,-2733.75,0,Mph_TU
-1023.5,-2724.25,0,Mph_TU
-798.5,-2714.75,0,Mph_TU
-982,-2704.75,0,Mph_TU
-724,-2707.75,0,Mph_TU
-1027,-2700.25,0,Mph_TU
-699,-2705.75,0,Mph_TU
-911,-2700.25,0,Mph_TU
-1012,-2698.25,0,Mph_TU
-828.5,-2708.25,0,Mph_TU
-758,-2706.25,0,Mph_TU
-796,-2693.75,0,Mph_TU
-742,-2693.75,0,Mph_TU
-845,-2688.25,0,Mph_TU
-1028.5,-2685.75,0,Mph_TU
-875,-2690.25,0,Mph_TU
-931.5,-2684.75,0,Mph_TU
-829,-2679.25,0,Mph_TU
-778,-2667.75,0,Mph_TU
-800,-2668.25,0,Mph_TU
-929.5,-2669.75,0,Mph_TU
-1023.5,-2658.75,0,Mph_TU
-827.5,-2667.25,0,Mph_TU
-988.5,-2660.25,0,Mph_TU
-715.5,-2663.25,0,Mph_TU
-736.5,-2662.25,0,Mph_TU
-800,-2647.75,0,Mph_TU
-869.5,-2642.75,0,Mph_TU
-939,-2644.75,0,Mph_TU
-716.5,-2630.25,0,Mph_TU
-963,-2627.75,0,Mph_TU
-910,-2637.75,0,Mph_TU
-794.5,-2629.25,0,Mph_TU
-834.5,-2616.75,0,Mph_TU
-1005,-2624.75,0,Mph_TU
-945.5,-2617.75,0,Mph_TU
-778.5,-2620.25,0,Mph_TU
-857,-2615.75,0,Mph_TU
-925,-2621.75,0,Mph_TU
-904.5,-2616.25,0,Mph_TU
-1028,-2616.25,0,Mph_TU
-928.5,-2603.25,0,Mph_TU
-800,-2597.25,0,Mph_TU
-761.5,-2602.25,0,Mph_TU
-1009.5,-2599.25,0,Mph_TU
-778,-2595.75,0,Mph_TU
-965.5,-2594.75,0,Mph_TU
-948,-2586.25,0,Mph_TU
-890,-2593.75,0,Mph_TU
-773.5,-2588.75,0,Mph_TU
-918,-2584.75,0,Mph_TU
-1014.5,-2575.25,0,Mph_TU
-972.5,-2579.75,0,Mph_TU
-1036,-2570.75,0,Mph_TU
-956,-2575.25,0,Mph_TU
-903.5,-2571.25,0,Mph_TU
-931.5,-2575.75,0,Mph_TU
-993,-2568.75,0,Mph_TU
-914.5,-2566.75,0,Mph_TU
-941,-2558.75,0,Mph_TU
-971,-2559.25,0,Mph_TU
-1061.5,-2554.25,0,Mph_TU
-819,-2558.75,0,Mph_TU
-703.5,-2546.25,0,Mph_TU
-910,-2542.75,0,Mph_TU
-974.5,-2527.25,0,Mph_TU
-776,-2519.75,0,Mph_TU
-1084.5,-2518.75,0,Mph_TU
-797,-2518.75,0,Mph_TU
-742.5,-2521.25,0,Mph_TU
-922,-2514.75,0,Mph_TU
-1097.5,-2505.25,0,Mph_TU
-735,-2498.75,0,Mph_TU
-914,-2500.75,0,Mph_TU
-972,-2490.75,0,Mph_TU
-1104.5,-2487.75,0,Mph_TU
-790.5,-2487.25,0,Mph_TU
-727,-2481.75,0,Mph_TU
-773,-2479.75,0,Mph_TU
-694,-2482.25,0,Mph_TU
-1057.5,-2470.75,0,Mph_TU
-1078,-2472.75,0,Mph_TU
-1026,-2464.25,0,Mph_TU
-693.5,-2460.75,0,Mph_TU
-1071.5,-2454.75,0,Mph_TU
-715.5,-2434.75,0,Mph_TU
-746,-2341.25,0,Mph_TU
-713.5,-2290.75,0,Mph_TU
-700.5,-2293.75,0,Mph_TU
-728.5,-2287.25,0,Mph_TU
-692.5,-2274.25,0,Mph_TU
-717.5,-2274.25,0,Mph_TU
-733.5,-2269.25,0,Mph_TU
-707.5,-2256.25,0,Mph_TU
-737.5,-2253.75,0,Mph_TU
-694.5,-2246.75,0,Mph_TU
-902,-2200.25,0,Mph_TU
-790.5,-2187.25,0,Mph_TU
-619,-2184.25,0,Mph_TU
-529.5,-2159.25,0,Mph_TU
-641.5,-2163.75,0,Mph_TU
-509,-2157.75,0,Mph_TU
-493,-2160.25,0,Mph_TU
-484,-2150.25,0,Mph_TU
-483.5,-2128.75,0,Mph_TU
-572.5,-2135.25,0,Mph_TU
-684,-2121.25,0,Mph_TU
-570.5,-2107.75,0,Mph_TU
-661.5,-2110.75,0,Mph_TU
-493,-2102.25,0,Mph_TU
-476.5,-2097.75,0,Mph_TU
-584,-2084.25,0,Mph_TU
-561,-2088.25,0,Mph_TU
-491.5,-2087.75,0,Mph_TU
-628,-2092.75,0,Mph_TU
-677,-2088.75,0,Mph_TU
-492,-2054.25,0,Mph_TU
-473,-2063.25,0,Mph_TU
-571,-2052.25,0,Mph_TU
-612,-2052.75,0,Mph_TU
-459.5,-2049.25,0,Mph_TU
-467,-2033.25,0,Mph_TU
-447,-2034.25,0,Mph_TU
-535,-2026.75,0,Mph_TU
-490,-2029.25,0,Mph_TU
-518,-2024.75,0,Mph_TU
-555.5,-2022.25,0,Mph_TU
-497,-2012.75,0,Mph_TU
-617,-2013.25,0,Mph_TU
-453,-2008.75,0,Mph_TU
-475,-2012.75,0,Mph_TU
-593.5,-2009.75,0,Mph_TU
-547.5,-2002.75,0,Mph_TU
-617,-1997.75,0,Mph_TU
-610.5,-1979.25,0,Mph_TU
-576.5,-2000.25,0,Mph_TU
-558.5,-1994.75,0,Mph_TU
-524.5,-1988.75,0,Mph_TU
-485,-1991.75,0,Mph_TU
-584,-1972.75,0,Mph_TU
-545.5,-1973.75,0,Mph_TU
-556.5,-1966.75,0,Mph_TU
-476.5,-1963.75,0,Mph_TU
-674,-1944.25,0,Mph_TU
-582.5,-1937.25,0,Mph_TU
-602,-1927.25,0,Mph_TU
-425.5,-1911.75,0,Mph_TU
-631.5,-1916.75,0,Mph_TU
-544,-1902.25,0,Mph_TU
-449.5,-1911.75,0,Mph_TU
-656.5,-1906.25,0,Mph_TU
-578.5,-1898.75,0,Mph_TU
-444,-1890.75,0,Mph_TU
-460,-1894.25,0,Mph_TU
-531,-1895.25,0,Mph_TU
-417.5,-1891.25,0,Mph_TU
-677,-1890.75,0,Mph_TU
-631,-1868.25,0,Mph_TU
-654,-1879.75,0,Mph_TU
-461,-1870.25,0,Mph_TU
-659.5,-1866.25,0,Mph_TU
-430,-1859.75,0,Mph_TU
-609.5,-1852.25,0,Mph_TU
-403,-1854.75,0,Mph_TU
-391.5,-1841.25,0,Mph_TU
-445,-1849.25,0,Mph_TU
-473.5,-1846.25,0,Mph_TU
-414,-1833.25,0,Mph_TU
-511.5,-1841.75,0,Mph_TU
-427,-1823.25,0,Mph_TU
-587,-1833.75,0,Mph_TU
-555,-1834.75,0,Mph_TU
-650.5,-1826.75,0,Mph_TU
-455,-1825.75,0,Mph_TU
-633,-1809.75,0,Mph_TU
-550,-1822.75,0,Mph_TU
-479,-1821.25,0,Mph_TU
-602.5,-1819.25,0,Mph_TU
-521,-1825.25,0,Mph_TU
-390,-1802.75,0,Mph_TU
-478.5,-1807.25,0,Mph_TU
-453,-1804.25,0,Mph_TU
-616,-1803.75,0,Mph_TU
-518.5,-1801.75,0,Mph_TU
-537.5,-1805.25,0,Mph_TU
-495,-1801.25,0,Mph_TU
-587.5,-1793.25,0,Mph_TU
-556,-1781.25,0,Mph_TU
-476,-1787.25,0,Mph_TU
-443,-1785.75,0,Mph_TU
-525.5,-1783.75,0,Mph_TU
-678.5,-1783.75,0,Mph_TU
-544,-1764.25,0,Mph_TU
-466,-1764.75,0,Mph_TU
-687,-1752.75,0,Mph_TU
-661.5,-1758.25,0,Mph_TU
-522.5,-1760.75,0,Mph_TU
-500,-1760.75,0,Mph_TU
-417.5,-1757.75,0,Mph_TU
-624.5,-1758.75,0,Mph_TU
-584.5,-1754.75,0,Mph_TU
-466.5,-1744.25,0,Mph_TU
-539,-1740.75,0,Mph_TU
-644.5,-1744.75,0,Mph_TU
-609.5,-1748.25,0,Mph_TU
-427.5,-1735.75,0,Mph_TU
-500.5,-1732.75,0,Mph_TU
-627.5,-1725.75,0,Mph_TU
-394.5,-1735.75,0,Mph_TU
-661,-1735.25,0,Mph_TU
-455.5,-1734.75,0,Mph_TU
-571.5,-1735.75,0,Mph_TU
-600,-1720.25,0,Mph_TU
-380.5,-1725.25,0,Mph_TU
-525,-1720.75,0,Mph_TU
-557.5,-1717.75,0,Mph_TU
-539.5,-1721.25,0,Mph_TU
-436.5,-1716.75,0,Mph_TU
-661,-1722.75,0,Mph_TU
-647.5,-1718.75,0,Mph_TU
-466.5,-1719.75,0,Mph_TU
-374.5,-1706.75,0,Mph_TU
-583.5,-1700.25,0,Mph_TU
-664.5,-1707.25,0,Mph_TU
-640.5,-1703.25,0,Mph_TU
-449,-1699.75,0,Mph_TU
-678.5,-1700.25,0,Mph_TU
-484,-1707.25,0,Mph_TU
-534.5,-1702.75,0,Mph_TU
-562.5,-1683.75,0,Mph_TU
-666.5,-1689.25,0,Mph_TU
-650,-1687.25,0,Mph_TU
-536,-1685.25,0,Mph_TU
-381,-1691.25,0,Mph_TU
-411.5,-1694.25,0,Mph_TU
-478.5,-1680.75,0,Mph_TU
-606.5,-1679.25,0,Mph_TU
-678.5,-1674.75,0,Mph_TU
-491.5,-1671.25,0,Mph_TU
-532,-1669.75,0,Mph_TU
-658,-1659.75,0,Mph_TU
-594,-1651.75,0,Mph_TU
-477,-1633.25,0,Mph_TU
-443,-1637.25,0,Mph_TU
-646,-1634.75,0,Mph_TU
-623,-1634.75,0,Mph_TU
-674,-1624.25,0,Mph_TU
-573,-1627.75,0,Mph_TU
-433.5,-1623.75,0,Mph_TU
-456,-1619.25,0,Mph_TU
-659,-1616.75,0,Mph_TU
-686.5,-1606.75,0,Mph_TU
-638.5,-1605.75,0,Mph_TU
-580,-1601.25,0,Mph_TU
-649,-1597.25,0,Mph_TU
-497,-1589.25,0,Mph_TU
-672.5,-1593.25,0,Mph_TU
-681.5,-1585.25,0,Mph_TU
-649,-1566.75,0,Mph_TU
-475.5,-1578.25,0,Mph_TU
-689.5,-1565.75,0,Mph_TU
-675.5,-1564.75,0,Mph_TU
-609,-1562.75,0,Mph_TU
-463.5,-1560.75,0,Mph_TU
-642.5,-1530.25,0,Mph_TU
-627.5,-1516.25,0,Mph_TU
-680.5,-1513.25,0,Mph_TU
-646.5,-1507.25,0,Mph_TU
-663.5,-1510.75,0,Mph_TU
-648.5,-1493.25,0,Mph_TU
-625.5,-1495.25,0,Mph_TU
-617.5,-1477.75,0,Mph_TU
-633,-1479.25,0,Mph_TU
-647,-1469.25,0,Mph_TU
-670.5,-1452.25,0,Mph_TU
-650.5,-1411.75,0,Mph_TU
1022,-134.25,0,Mph_TU
1053.5,-127.25,0,Mph_TU
1074,-79.25,0,Mph_TU
1088.5,-49.75,0,Mph_TU
1106,51.25,0,Mph_TU
1089,56.75,0,Mph_TU
1133.5,56.25,0,Mph_TU
1131.5,90.75,0,Mph_TU
1127.5,120.25,0,Mph_TU
1148.5,138.25,0,Mph_TU
1117.5,128.25,0,Mph_TU
1087.5,158.75,0,Mph_TU
1137.5,163.25,0,Mph_TU
1062.5,156.75,0,Mph_TU
1164.5,166.25,0,Mph_TU
1115,176.75,0,Mph_TU
1154,181.25,0,Mph_TU
1125.5,202.25,0,Mph_TU
1067.5,196.75,0,Mph_TU
1147.5,209.75,0,Mph_TU
-901.5,-2182.25,0,Mph_TU
-884,-2172.75,0,Mph_TU
-1082,-2157.25,0,Mph_TU
-774,-2144.75,0,Mph_TU
-885,-2139.25,0,Mph_TU
-1157,-2133.75,0,Mph_TU
-1182.5,-2124.75,0,Mph_TU
-1145.5,-2118.75,0,Mph_TU
-1168,-2110.25,0,Mph_TU
-1120.5,-2114.75,0,Mph_TU
-1143.5,-2100.25,0,Mph_TU
-935.5,-2089.75,0,Mph_TU
-1169,-2094.75,0,Mph_TU
-1153,-2089.25,0,Mph_TU
-1201.5,-2089.75,0,Mph_TU
-1123.5,-2084.75,0,Mph_TU
-717,-2089.75,0,Mph_TU
-1176.5,-2085.25,0,Mph_TU
-1187,-2074.75,0,Mph_TU
-737.5,-2069.75,0,Mph_TU
-1180,-2054.75,0,Mph_TU
-722,-2058.25,0,Mph_TU
-1108,-2050.25,0,Mph_TU
-1148,-2045.25,0,Mph_TU
-880,-2044.25,0,Mph_TU
-718,-2044.75,0,Mph_TU
-905,-2037.75,0,Mph_TU
-1157,-2033.75,0,Mph_TU
-694.5,-2025.25,0,Mph_TU
-778,-2031.75,0,Mph_TU
-1095,-2025.75,0,Mph_TU
-719,-2022.75,0,Mph_TU
-1154,-2020.75,0,Mph_TU
-867.5,-2015.75,0,Mph_TU
-846.5,-2019.25,0,Mph_TU
-1080,-2001.75,0,Mph_TU
-755.5,-2002.25,0,Mph_TU
-740.5,-1992.25,0,Mph_TU
-1163,-2005.25,0,Mph_TU
-854.5,-1997.75,0,Mph_TU
-814.5,-1988.25,0,Mph_TU
-714,-1993.25,0,Mph_TU
-821,-1977.75,0,Mph_TU
-1077.5,-1974.25,0,Mph_TU
-1016,-1973.75,0,Mph_TU
-789,-1966.25,0,Mph_TU
-713.5,-1966.75,0,Mph_TU
-822,-1951.25,0,Mph_TU
-691.5,-1964.25,0,Mph_TU
-1201,-1959.75,0,Mph_TU
-1120.5,-1956.75,0,Mph_TU
-708.5,-1947.75,0,Mph_TU
-793.5,-1947.75,0,Mph_TU
-991.5,-1941.25,0,Mph_TU
-1023,-1940.25,0,Mph_TU
-811.5,-1940.75,0,Mph_TU
-1298.5,-1942.75,0,Mph_TU
-778,-1933.75,0,Mph_TU
-739,-1934.25,0,Mph_TU
-716.5,-1926.75,0,Mph_TU
-802,-1929.75,0,Mph_TU
-690.5,-1925.25,0,Mph_TU
-1007.5,-1921.25,0,Mph_TU
-1285,-1928.25,0,Mph_TU
-1041.5,-1914.75,0,Mph_TU
-1303.5,-1916.75,0,Mph_TU
-1126.5,-1910.25,0,Mph_TU
-759.5,-1917.75,0,Mph_TU
-1060,-1898.75,0,Mph_TU
-1294.5,-1906.25,0,Mph_TU
-1082,-1892.75,0,Mph_TU
-734.5,-1892.25,0,Mph_TU
-697.5,-1894.25,0,Mph_TU
-1296.5,-1882.25,0,Mph_TU
-767,-1878.75,0,Mph_TU
-1188.5,-1883.25,0,Mph_TU
-1004,-1878.25,0,Mph_TU
-961.5,-1865.25,0,Mph_TU
-709.5,-1876.75,0,Mph_TU
-1109.5,-1866.75,0,Mph_TU
-1158.5,-1879.75,0,Mph_TU
-1254.5,-1871.75,0,Mph_TU
-1224.5,-1873.25,0,Mph_TU
-1285.5,-1868.75,0,Mph_TU
-1072,-1856.25,0,Mph_TU
-731.5,-1862.75,0,Mph_TU
-915,-1857.25,0,Mph_TU
-783.5,-1845.75,0,Mph_TU
-993.5,-1844.75,0,Mph_TU
-722.5,-1849.25,0,Mph_TU
-1286,-1843.75,0,Mph_TU
-700.5,-1845.75,0,Mph_TU
-1136,-1839.25,0,Mph_TU
-1023.5,-1845.25,0,Mph_TU
-737.5,-1837.75,0,Mph_TU
-923,-1837.75,0,Mph_TU
-726.5,-1829.75,0,Mph_TU
-1010.5,-1834.75,0,Mph_TU
-1033,-1830.75,0,Mph_TU
-988.5,-1825.25,0,Mph_TU
-1169,-1819.75,0,Mph_TU
-697.5,-1822.75,0,Mph_TU
-1093,-1822.25,0,Mph_TU
-1011.5,-1821.25,0,Mph_TU
-934.5,-1816.75,0,Mph_TU
-712,-1796.75,0,Mph_TU
-1001.5,-1811.75,0,Mph_TU
-1035,-1812.25,0,Mph_TU
-1104.5,-1801.25,0,Mph_TU
-894,-1796.25,0,Mph_TU
-1085.5,-1792.75,0,Mph_TU
-1065,-1801.75,0,Mph_TU
-1026,-1797.25,0,Mph_TU
-917.5,-1788.25,0,Mph_TU
-987.5,-1788.25,0,Mph_TU
-782.5,-1805.25,0,Mph_TU
-738,-1791.75,0,Mph_TU
-938.5,-1795.75,0,Mph_TU
-772,-1790.25,0,Mph_TU
-702.5,-1787.25,0,Mph_TU
-802,-1773.25,0,Mph_TU
-1208.5,-1778.75,0,Mph_TU
-935,-1776.75,0,Mph_TU
-740,-1774.75,0,Mph_TU
-1037.5,-1773.75,0,Mph_TU
-1064,-1772.75,0,Mph_TU
-704,-1769.75,0,Mph_TU
-748,-1766.75,0,Mph_TU
-1107,-1761.75,0,Mph_TU
-949,-1770.25,0,Mph_TU
-790,-1760.25,0,Mph_TU
-1003,-1758.75,0,Mph_TU
-762.5,-1762.25,0,Mph_TU
-1193.5,-1760.75,0,Mph_TU
-975.5,-1752.75,0,Mph_TU
-911,-1755.25,0,Mph_TU
-1158.5,-1746.25,0,Mph_TU
-1081,-1741.25,0,Mph_TU
-786.5,-1747.25,0,Mph_TU
-1184.5,-1740.75,0,Mph_TU
-1206,-1749.75,0,Mph_TU
-711.5,-1746.25,0,Mph_TU
-764,-1738.25,0,Mph_TU
-1216.5,-1742.75,0,Mph_TU
-1104.5,-1738.25,0,Mph_TU
-891.5,-1741.25,0,Mph_TU
-1049,-1740.25,0,Mph_TU
-1160,-1731.25,0,Mph_TU
-709,-1726.25,0,Mph_TU
-1198.5,-1726.25,0,Mph_TU
-1137.5,-1731.25,0,Mph_TU
-1120.5,-1726.75,0,Mph_TU
-774.5,-1718.75,0,Mph_TU
-1063.5,-1725.25,0,Mph_TU
-877,-1723.75,0,Mph_TU
-1015.5,-1716.75,0,Mph_TU
-1141,-1717.25,0,Mph_TU
-1240.5,-1706.25,0,Mph_TU
-821,-1711.25,0,Mph_TU
-1208,-1705.75,0,Mph_TU
-1159,-1711.75,0,Mph_TU
-1107.5,-1705.25,0,Mph_TU
-792.5,-1712.75,0,Mph_TU
-1177.5,-1707.75,0,Mph_TU
-1301.5,-1702.25,0,Mph_TU
-1130,-1696.75,0,Mph_TU
-1017,-1695.75,0,Mph_TU
-977,-1700.75,0,Mph_TU
-1155,-1688.75,0,Mph_TU
-1002.5,-1693.25,0,Mph_TU
-757.5,-1682.75,0,Mph_TU
-893.5,-1693.25,0,Mph_TU
-868,-1693.75,0,Mph_TU
-1246,-1680.25,0,Mph_TU
-1207.5,-1675.75,0,Mph_TU
-1146,-1676.75,0,Mph_TU
-1118.5,-1678.75,0,Mph_TU
-768.5,-1671.25,0,Mph_TU
-848,-1672.25,0,Mph_TU
-1236,-1661.25,0,Mph_TU
-1223.5,-1668.75,0,Mph_TU
-1181,-1646.25,0,Mph_TU
-1128,-1660.75,0,Mph_TU
-887.5,-1662.75,0,Mph_TU
-857.5,-1662.25,0,Mph_TU
-816.5,-1648.75,0,Mph_TU
-1211.5,-1641.25,0,Mph_TU
-899.5,-1652.75,0,Mph_TU
-759,-1646.75,0,Mph_TU
-1064,-1654.25,0,Mph_TU
-1223,-1644.25,0,Mph_TU
-1134,-1646.25,0,Mph_TU
-1041.5,-1650.25,0,Mph_TU
-862,-1641.25,0,Mph_TU
-825.5,-1638.75,0,Mph_TU
-843,-1637.75,0,Mph_TU
-885,-1630.75,0,Mph_TU
-1025.5,-1641.25,0,Mph_TU
-920,-1636.25,0,Mph_TU
-1067,-1631.75,0,Mph_TU
-775,-1628.75,0,Mph_TU
-729,-1628.75,0,Mph_TU
-753.5,-1630.75,0,Mph_TU
-859,-1621.75,0,Mph_TU
-911,-1611.25,0,Mph_TU
-758,-1609.25,0,Mph_TU
-959.5,-1607.75,0,Mph_TU
-1008,-1606.25,0,Mph_TU
-862.5,-1599.25,0,Mph_TU
-976,-1586.75,0,Mph_TU
-880.5,-1597.25,0,Mph_TU
-836.5,-1591.25,0,Mph_TU
-783.5,-1600.25,0,Mph_TU
-736,-1600.25,0,Mph_TU
-1226.5,-1598.25,0,Mph_TU
-1025,-1597.25,0,Mph_TU
-934.5,-1597.75,0,Mph_TU
-694,-1582.25,0,Mph_TU
-990.5,-1578.75,0,Mph_TU
-1016,-1578.25,0,Mph_TU
-1019.5,-1552.25,0,Mph_TU
-707.5,-1564.75,0,Mph_TU
-763.5,-1573.75,0,Mph_TU
-1238.5,-1569.25,0,Mph_TU
-795.5,-1575.25,0,Mph_TU
-1213,-1567.25,0,Mph_TU
-731,-1566.75,0,Mph_TU
-817,-1565.75,0,Mph_TU
-997,-1564.75,0,Mph_TU
-749.5,-1556.25,0,Mph_TU
-782.5,-1553.75,0,Mph_TU
-879,-1557.25,0,Mph_TU
-1219,-1547.25,0,Mph_TU
-994.5,-1542.25,0,Mph_TU
-860.5,-1549.75,0,Mph_TU
-973,-1541.75,0,Mph_TU
-823,-1535.25,0,Mph_TU
-780,-1534.75,0,Mph_TU
-1270,-1536.25,0,Mph_TU
-1001.5,-1535.25,0,Mph_TU
-893.5,-1533.75,0,Mph_TU
-1203.5,-1535.25,0,Mph_TU
-1168,-1526.25,0,Mph_TU
-726.5,-1539.25,0,Mph_TU
-753.5,-1532.25,0,Mph_TU
-942,-1537.25,0,Mph_TU
-1039,-1520.75,0,Mph_TU
-854.5,-1520.25,0,Mph_TU
-699.5,-1531.25,0,Mph_TU
-1003.5,-1521.25,0,Mph_TU
-881.5,-1514.25,0,Mph_TU
-1229.5,-1526.75,0,Mph_TU
-732,-1511.75,0,Mph_TU
-1197.5,-1508.25,0,Mph_TU
-756.5,-1515.25,0,Mph_TU
-1218,-1509.75,0,Mph_TU
-1249,-1511.25,0,Mph_TU
-694.5,-1502.25,0,Mph_TU
-993,-1491.25,0,Mph_TU
-1022,-1495.25,0,Mph_TU
-929,-1503.25,0,Mph_TU
-1226,-1503.25,0,Mph_TU
-1190,-1499.75,0,Mph_TU
-1047,-1501.25,0,Mph_TU
-741,-1503.25,0,Mph_TU
-1233.5,-1492.25,0,Mph_TU
-724.5,-1490.75,0,Mph_TU
-1249.5,-1487.75,0,Mph_TU
-695.5,-1480.25,0,Mph_TU
-957,-1482.25,0,Mph_TU
-802.5,-1483.75,0,Mph_TU
-845,-1475.25,0,Mph_TU
-1248,-1478.75,0,Mph_TU
-718.5,-1480.25,0,Mph_TU
-899.5,-1475.25,0,Mph_TU
-734.5,-1473.25,0,Mph_TU
-713.5,-1460.75,0,Mph_TU
-751.5,-1459.25,0,Mph_TU
-969,-1456.75,0,Mph_TU
-691.5,-1452.25,0,Mph_TU
-793,-1455.75,0,Mph_TU
-732,-1451.25,0,Mph_TU
-828,-1454.75,0,Mph_TU
-703,-1437.25,0,Mph_TU
-1066.5,-1439.25,0,Mph_TU
-922,-1442.75,0,Mph_TU
-791,-1434.75,0,Mph_TU
-757,-1432.25,0,Mph_TU
-1044,-1421.75,0,Mph_TU
-1091,-1431.25,0,Mph_TU
-910,-1418.25,0,Mph_TU
-1084.5,-1417.75,0,Mph_TU
-734,-1412.75,0,Mph_TU
-1024,-1405.75,0,Mph_TU
-863,-1400.75,0,Mph_TU
-704.5,-1404.75,0,Mph_TU
-1081,-1390.75,0,Mph_TU
-897,-1394.25,0,Mph_TU
-828.5,-1398.25,0,Mph_TU
-959.5,-1402.25,0,Mph_TU
-927.5,-1387.25,0,Mph_TU
1159,216.75,0,Mph_TU
1182,218.25,0,Mph_TU
1062.5,220.75,0,Mph_TU
1096,231.25,0,Mph_TU
1079,224.75,0,Mph_TU
1171.5,233.25,0,Mph_TU
1046.5,236.75,0,Mph_TU
1071,234.75,0,Mph_TU
1078,254.25,0,Mph_TU
995.5,248.75,0,Mph_TU
1026.5,249.25,0,Mph_TU
1012,254.25,0,Mph_TU
1032.5,267.75,0,Mph_TU
1085.5,277.75,0,Mph_TU
1059.5,272.25,0,Mph_TU
1048.5,288.75,0,Mph_TU
1114.5,278.75,0,Mph_TU
1016.5,287.25,0,Mph_TU
1049,304.75,0,Mph_TU
1012,313.25,0,Mph_TU
1043,320.75,0,Mph_TU
1108.5,333.25,0,Mph_TU
1046.5,354.75,0,Mph_TU
1020,340.75,0,Mph_TU
1093.5,351.75,0,Mph_TU
1102.5,388.25,0,Mph_TU
1202.5,404.75,0,Mph_TU
1107.5,404.25,0,Mph_TU
1090.5,412.75,0,Mph_TU
1087.5,432.25,0,Mph_TU
1032,427.25,0,Mph_TU
1064.5,444.75,0,Mph_TU
1088.5,453.25,0,Mph_TU
1037.5,456.25,0,Mph_TU
1050.5,442.75,0,Mph_TU
1125,456.75,0,Mph_TU
1225.5,459.75,0,Mph_TU
1180.5,467.25,0,Mph_TU
1224,487.25,0,Mph_TU
1107.5,475.25,0,Mph_TU
1172.5,489.25,0,Mph_TU
1045,496.25,0,Mph_TU
1115,499.75,0,Mph_TU
1068,508.25,0,Mph_TU
1022,491.75,0,Mph_TU
1242,493.25,0,Mph_TU
1265,504.75,0,Mph_TU
1140,504.75,0,Mph_TU
1176.5,514.25,0,Mph_TU
1034.5,517.25,0,Mph_TU
1156.5,512.75,0,Mph_TU
1009.5,516.75,0,Mph_TU
1026.5,537.25,0,Mph_TU
1246.5,541.25,0,Mph_TU
999.5,540.75,0,Mph_TU
1119,534.25,0,Mph_TU
1039,545.25,0,Mph_TU
1098,543.25,0,Mph_TU
1200.5,545.75,0,Mph_TU
1080.5,545.75,0,Mph_TU
1027.5,553.75,0,Mph_TU
1106,555.25,0,Mph_TU
1051.5,554.25,0,Mph_TU
1200.5,568.75,0,Mph_TU
1229.5,563.25,0,Mph_TU
1253,566.75,0,Mph_TU
1182.5,571.75,0,Mph_TU
1227.5,589.25,0,Mph_TU
1236.5,577.25,0,Mph_TU
1212,587.25,0,Mph_TU
1056.5,588.75,0,Mph_TU
1254,595.75,0,Mph_TU
1086,598.75,0,Mph_TU
1259,616.75,0,Mph_TU
1071,615.25,0,Mph_TU
1336.5,643.25,0,Mph_TU
1243,646.25,0,Mph_TU
1282.5,668.75,0,Mph_TU
1255.5,668.75,0,Mph_TU
1046.5,757.25,0,Mph_TU
1055,769.25,0,Mph_TU
1052,796.25,0,Mph_TU
1036,804.75,0,Mph_TU
1031.5,834.25,0,Mph_TU
1058,832.25,0,Mph_TU
1009,893.25,0,Mph_TU
987,897.75,0,Mph_TU
1358,897.75,0,Mph_TU
1321,915.75,0,Mph_TU
1350,913.25,0,Mph_TU
1343.5,929.25,0,Mph_TU
983.5,955.25,0,Mph_TU
1008.5,961.75,0,Mph_TU
1036,961.75,0,Mph_TU
956,975.75,0,Mph_TU
996.5,973.25,0,Mph_TU
979.5,978.75,0,Mph_TU
1045.5,984.75,0,Mph_TU
1027.5,989.75,0,Mph_TU
997,989.25,0,Mph_TU
945,993.75,0,Mph_TU
964,1008.75,0,Mph_TU
1261.5,1012.25,0,Mph_TU
990.5,1010.25,0,Mph_TU
943.5,1015.25,0,Mph_TU
1273,1028.25,0,Mph_TU
973,1024.25,0,Mph_TU
1229,1038.75,0,Mph_TU
1291,1043.25,0,Mph_TU
949.5,1052.75,0,Mph_TU
1265,1054.75,0,Mph_TU
1247,1063.25,0,Mph_TU
1223.5,1080.75,0,Mph_TU
1264,1086.25,0,Mph_TU
1283,1081.75,0,Mph_TU
970,1083.75,0,Mph_TU
1242,1084.75,0,Mph_TU
1021.5,1096.25,0,Mph_TU
1243.5,1105.25,0,Mph_TU
1205.5,1110.75,0,Mph_TU
1011.5,1116.25,0,Mph_TU
1203.5,1139.75,0,Mph_TU
1282,1147.75,0,Mph_TU
1330,1163.75,0,Mph_TU
985,1158.25,0,Mph_TU
1252,1162.25,0,Mph_TU
1225,1154.75,0,Mph_TU
1308.5,1153.75,0,Mph_TU
1273,1167.25,0,Mph_TU
1280.5,1172.75,0,Mph_TU
1298.5,1174.25,0,Mph_TU
954,1180.75,0,Mph_TU
1312,1187.25,0,Mph_TU
1320.5,1202.75,0,Mph_TU
1362.5,1217.25,0,Mph_TU
1336.5,1210.25,0,Mph_TU
1305.5,1212.25,0,Mph_TU
956.5,1220.75,0,Mph_TU
1305.5,1226.25,0,Mph_TU
1282,1235.75,0,Mph_TU
998.5,1229.25,0,Mph_TU
1326,1234.75,0,Mph_TU
1350,1237.75,0,Mph_TU
1362.5,1250.75,0,Mph_TU
1312,1254.75,0,Mph_TU
1339.5,1258.75,0,Mph_TU
1020.5,1281.75,0,Mph_TU
1352.5,1278.75,0,Mph_TU
1347,1297.25,0,Mph_TU
1320.5,1287.25,0,Mph_TU
1049,1298.25,0,Mph_TU
1323,1309.25,0,Mph_TU
1065.5,1315.25,0,Mph_TU
1008.5,1314.25,0,Mph_TU
1033,1323.75,0,Mph_TU
1334,1331.25,0,Mph_TU
1356.5,1324.75,0,Mph_TU
984.5,1330.75,0,Mph_TU
1397,1362.25,0,Mph_TU
927.5,1354.25,0,Mph_TU
958,1351.25,0,Mph_TU
1333,1356.25,0,Mph_TU
1039.5,1358.75,0,Mph_TU
1421.5,1369.75,0,Mph_TU
1006.5,1379.75,0,Mph_TU
1063,1377.25,0,Mph_TU
1333,1372.75,0,Mph_TU
965.5,1379.75,0,Mph_TU
1025.5,1381.25,0,Mph_TU
1358.5,1385.75,0,Mph_TU
1335.5,1387.25,0,Mph_TU
1326.5,1401.75,0,Mph_TU
1030,1404.75,0,Mph_TU
1355,1405.75,0,Mph_TU
1014.5,1419.75,0,Mph_TU
1038,1432.75,0,Mph_TU
1070.5,1443.75,0,Mph_TU
1404,1443.25,0,Mph_TU
1385.5,1446.75,0,Mph_TU
1376,1456.25,0,Mph_TU
1037.5,1456.25,0,Mph_TU
1423,1466.25,0,Mph_TU
967.5,1460.75,0,Mph_TU
1402,1465.75,0,Mph_TU
1025.5,1466.25,0,Mph_TU
992.5,1471.75,0,Mph_TU
934,1475.75,0,Mph_TU
1003.5,1474.25,0,Mph_TU
1021.5,1481.25,0,Mph_TU
1009,1492.25,0,Mph_TU
954.5,1505.75,0,Mph_TU
1005,1520.25,0,Mph_TU
1046,1511.75,0,Mph_TU
944,1530.25,0,Mph_TU
976.5,1523.25,0,Mph_TU
1033.5,1541.25,0,Mph_TU
933,1553.25,0,Mph_TU
960.5,1554.75,0,Mph_TU
1025.5,1615.75,0,Mph_TU
1051,1672.25,0,Mph_TU
982.5,1678.75,0,Mph_TU
1053.5,1697.25,0,Mph_TU
1060,1705.75,0,Mph_TU
1099,1725.25,0,Mph_TU
1001,1761.25,0,Mph_TU
1028.5,1764.75,0,Mph_TU
1415,1769.25,0,Mph_TU
1430,1800.75,0,Mph_TU
1007.5,1807.75,0,Mph_TU
1400,1810.75,0,Mph_TU
1049,1814.25,0,Mph_TU
-677.5,-1367.75,0,Mph_TU
-653.5,-1357.25,0,Mph_TU
-628,-1340.75,0,Mph_TU
-674.5,-1342.25,0,Mph_TU
-660.5,-1329.75,0,Mph_TU
-522,-1337.75,0,Mph_TU
-613,-1337.25,0,Mph_TU
-594.5,-1331.75,0,Mph_TU
-546.5,-1326.25,0,Mph_TU
-619,-1319.75,0,Mph_TU
-639,-1314.25,0,Mph_TU
-576.5,-1315.75,0,Mph_TU
-603,-1314.75,0,Mph_TU
-622.5,-1296.75,0,Mph_TU
-688,-1293.25,0,Mph_TU
-671,-1296.25,0,Mph_TU
-621,-1278.25,0,Mph_TU
-322,-1279.75,0,Mph_TU
-650,-1279.75,0,Mph_TU
-663,-1273.75,0,Mph_TU
-309.5,-1262.75,0,Mph_TU
-686.5,-1268.25,0,Mph_TU
-639.5,-1268.25,0,Mph_TU
-331.5,-1257.75,0,Mph_TU
-377.5,-1237.75,0,Mph_TU
-358.5,-1247.25,0,Mph_TU
-406.5,-1237.25,0,Mph_TU
-347,-1235.75,0,Mph_TU
-330.5,-1231.75,0,Mph_TU
-425.5,-1228.25,0,Mph_TU
-540,-1219.75,0,Mph_TU
-365.5,-1210.75,0,Mph_TU
-555.5,-1200.75,0,Mph_TU
-681.5,-1204.25,0,Mph_TU
-576,-1194.75,0,Mph_TU
-606.5,-1185.75,0,Mph_TU
-584,-1176.75,0,Mph_TU
-457,-1178.75,0,Mph_TU
-685.5,-1172.75,0,Mph_TU
-672,-1170.25,0,Mph_TU
-574.5,-1169.25,0,Mph_TU
-607.5,-1156.25,0,Mph_TU
-534,-1165.25,0,Mph_TU
-672.5,-1150.75,0,Mph_TU
-458,-1156.75,0,Mph_TU
-624.5,-1153.25,0,Mph_TU
-516.5,-1157.75,0,Mph_TU
-460.5,-1136.25,0,Mph_TU
-532,-1135.75,0,Mph_TU
-609.5,-1142.25,0,Mph_TU
-367.5,-1138.75,0,Mph_TU
-505,-1131.75,0,Mph_TU
-648.5,-1129.25,0,Mph_TU
-683.5,-1121.25,0,Mph_TU
-620.5,-1127.25,0,Mph_TU
-665,-1123.25,0,Mph_TU
-545.5,-1117.25,0,Mph_TU
-609.5,-1121.75,0,Mph_TU
-658.5,-1111.75,0,Mph_TU
-641,-1109.75,0,Mph_TU
-591.5,-1100.75,0,Mph_TU
-636.5,-1101.75,0,Mph_TU
-614.5,-1100.75,0,Mph_TU
-653.5,-1085.25,0,Mph_TU
-618.5,-1082.25,0,Mph_TU
-113.5,-1075.75,0,Mph_TU
-151,-1057.25,0,Mph_TU
-116,-1057.25,0,Mph_TU
-636,-1063.25,0,Mph_TU
-658.5,-1060.75,0,Mph_TU
-622,-1054.25,0,Mph_TU
-544,-1054.25,0,Mph_TU
-171,-1033.75,0,Mph_TU
-686.5,-1040.25,0,Mph_TU
-619,-1026.75,0,Mph_TU
-497.5,-1033.75,0,Mph_TU
-638.5,-1026.25,0,Mph_TU
-470.5,-1031.25,0,Mph_TU
-135,-1018.75,0,Mph_TU
-624,-1011.75,0,Mph_TU
-501.5,-1002.75,0,Mph_TU
-119,-991.25,0,Mph_TU
-631,-995.25,0,Mph_TU
-689,-983.25,0,Mph_TU
-641,-985.75,0,Mph_TU
-484,-983.25,0,Mph_TU
-557,-983.75,0,Mph_TU
-73,-979.75,0,Mph_TU
-672.5,-969.25,0,Mph_TU
-516,-981.75,0,Mph_TU
-137.5,-964.75,0,Mph_TU
-663.5,-958.75,0,Mph_TU
-597.5,-965.25,0,Mph_TU
-642,-965.75,0,Mph_TU
-119,-952.25,0,Mph_TU
-553,-958.75,0,Mph_TU
-610.5,-952.75,0,Mph_TU
-69.5,-947.25,0,Mph_TU
-153.5,-949.25,0,Mph_TU
-125.5,-943.75,0,Mph_TU
-578.5,-942.75,0,Mph_TU
-601.5,-938.25,0,Mph_TU
-544.5,-931.75,0,Mph_TU
-503,-933.75,0,Mph_TU
-425.5,-926.25,0,Mph_TU
-481,-921.75,0,Mph_TU
-156.5,-926.75,0,Mph_TU
-516.5,-910.75,0,Mph_TU
-573,-921.75,0,Mph_TU
-553,-915.75,0,Mph_TU
-495.5,-915.75,0,Mph_TU
-118,-912.75,0,Mph_TU
-600,-910.25,0,Mph_TU
-585,-902.75,0,Mph_TU
-559,-910.75,0,Mph_TU
-491.5,-898.75,0,Mph_TU
-166.5,-897.25,0,Mph_TU
-683.5,-899.75,0,Mph_TU
-425.5,-888.75,0,Mph_TU
-560,-891.25,0,Mph_TU
-509,-890.25,0,Mph_TU
-181,-887.25,0,Mph_TU
-474.5,-888.25,0,Mph_TU
-121,-884.25,0,Mph_TU
-93.5,-886.75,0,Mph_TU
-348,-890.25,0,Mph_TU
-485.5,-875.75,0,Mph_TU
-437,-874.25,0,Mph_TU
-75,-875.75,0,Mph_TU
-552,-869.25,0,Mph_TU
-367.5,-873.75,0,Mph_TU
-334.5,-866.25,0,Mph_TU
-647.5,-872.25,0,Mph_TU
-588.5,-868.75,0,Mph_TU
-347.5,-857.25,0,Mph_TU
-673,-855.25,0,Mph_TU
-505,-853.75,0,Mph_TU
-443,-850.25,0,Mph_TU
-381.5,-852.25,0,Mph_TU
-595.5,-855.75,0,Mph_TU
-638,-853.75,0,Mph_TU
-313,-848.25,0,Mph_TU
-160,-850.25,0,Mph_TU
-650,-838.75,0,Mph_TU
-192,-837.75,0,Mph_TU
-370,-837.75,0,Mph_TU
-666,-841.25,0,Mph_TU
-414.5,-841.25,0,Mph_TU
-684.5,-838.75,0,Mph_TU
-609.5,-837.75,0,Mph_TU
-562.5,-819.25,0,Mph_TU
-616,-818.75,0,Mph_TU
-128,-821.25,0,Mph_TU
-649,-818.25,0,Mph_TU
-684,-816.75,0,Mph_TU
-666,-817.75,0,Mph_TU
-124.5,-803.25,0,Mph_TU
-413.5,-809.25,0,Mph_TU
-165.5,-806.75,0,Mph_TU
-449.5,-805.25,0,Mph_TU
-675.5,-788.75,0,Mph_TU
-646,-791.75,0,Mph_TU
-373,-797.25,0,Mph_TU
-406.5,-782.75,0,Mph_TU
-429,-777.75,0,Mph_TU
-591,-774.25,0,Mph_TU
-646,-767.25,0,Mph_TU
-623.5,-771.75,0,Mph_TU
-670,-757.75,0,Mph_TU
-615,-752.75,0,Mph_TU
-585,-757.75,0,Mph_TU
-678.5,-727.75,0,Mph_TU
-120.5,-714.25,0,Mph_TU
-416,-722.25,0,Mph_TU
-670.5,-707.25,0,Mph_TU
-348,-697.75,0,Mph_TU
-147,-688.75,0,Mph_TU
-265,-688.25,0,Mph_TU
-237,-695.75,0,Mph_TU
-547.5,-679.75,0,Mph_TU
-284.5,-667.25,0,Mph_TU
-239,-675.75,0,Mph_TU
-346,-667.25,0,Mph_TU
-247.5,-671.25,0,Mph_TU
-67,-662.25,0,Mph_TU
-402.5,-668.25,0,Mph_TU
-266.5,-658.75,0,Mph_TU
-665.5,-662.25,0,Mph_TU
-232,-653.25,0,Mph_TU
-193,-640.75,0,Mph_TU
-35.5,-642.25,0,Mph_TU
-65,-640.75,0,Mph_TU
-375.5,-630.75,0,Mph_TU
-327,-630.75,0,Mph_TU
-346,-619.75,0,Mph_TU
-424.5,-606.75,0,Mph_TU
-362,-603.25,0,Mph_TU
-283,-609.75,0,Mph_TU
-397,-594.75,0,Mph_TU
-548,-603.75,0,Mph_TU
-560,-599.25,0,Mph_TU
-260.5,-603.25,0,Mph_TU
-165,-589.25,0,Mph_TU
-828,1016.25,0,Mph_TU
-923.5,1014.75,0,Mph_TU
-822,1024.25,0,Mph_TU
-962,1019.25,0,Mph_TU
-908,1035.25,0,Mph_TU
-816.5,1036.75,0,Mph_TU
-954,1047.25,0,Mph_TU
-880.5,1040.75,0,Mph_TU
-921,1039.75,0,Mph_TU
-912,1048.25,0,Mph_TU
-805.5,1049.25,0,Mph_TU
-827,1047.75,0,Mph_TU
-837,1055.75,0,Mph_TU
-807,1063.25,0,Mph_TU
-919.5,1069.75,0,Mph_TU
-897.5,1071.75,0,Mph_TU
-876.5,1072.75,0,Mph_TU
-822.5,1085.25,0,Mph_TU
-862.5,1075.25,0,Mph_TU
-842,1071.25,0,Mph_TU
-801,1079.25,0,Mph_TU
-789.5,1090.25,0,Mph_TU
-932,1094.25,0,Mph_TU
-1021,1099.25,0,Mph_TU
-965,1089.25,0,Mph_TU
-849,1094.75,0,Mph_TU
-808.5,1096.75,0,Mph_TU
-906,1109.75,0,Mph_TU
-827,1111.25,0,Mph_TU
-1001,1115.75,0,Mph_TU
-959,1114.25,0,Mph_TU
-999.5,1130.75,0,Mph_TU
-976,1118.25,0,Mph_TU
-916.5,1120.75,0,Mph_TU
-1016,1129.75,0,Mph_TU
-971,1136.75,0,Mph_TU
-929,1133.75,0,Mph_TU
-1030.5,1135.25,0,Mph_TU
-906,1136.25,0,Mph_TU
-945.5,1146.25,0,Mph_TU
-1030.5,1157.25,0,Mph_TU
-975.5,1153.75,0,Mph_TU
-1000.5,1166.25,0,Mph_TU
-957,1158.25,0,Mph_TU
-1023,1164.75,0,Mph_TU
-983,1161.25,0,Mph_TU
-958,1176.75,0,Mph_TU
-986.5,1180.25,0,Mph_TU
-1013,1183.75,0,Mph_TU
-1036.5,1181.75,0,Mph_TU
-949,1187.75,0,Mph_TU
-976.5,1192.25,0,Mph_TU
-1035.5,1205.75,0,Mph_TU
-993,1199.25,0,Mph_TU
-1009.5,1203.75,0,Mph_TU
-918.5,1201.75,0,Mph_TU
-970.5,1206.25,0,Mph_TU
-978.5,1221.25,0,Mph_TU
-965.5,1213.75,0,Mph_TU
-1005,1225.25,0,Mph_TU
-1039,1221.25,0,Mph_TU
-949,1213.75,0,Mph_TU
-917.5,1222.75,0,Mph_TU
-948.5,1227.25,0,Mph_TU
-871.5,1232.75,0,Mph_TU
-968.5,1241.75,0,Mph_TU
-956,1249.75,0,Mph_TU
-890.5,1251.75,0,Mph_TU
-927,1258.25,0,Mph_TU
-1024,1264.75,0,Mph_TU
-952,1269.75,0,Mph_TU
-978,1265.75,0,Mph_TU
-884.5,1274.75,0,Mph_TU
-865,1269.75,0,Mph_TU
-939.5,1278.25,0,Mph_TU
-959,1289.25,0,Mph_TU
-1012,1288.25,0,Mph_TU
-978.5,1286.25,0,Mph_TU
-854.5,1295.75,0,Mph_TU
-897,1298.25,0,Mph_TU
-975,1303.25,0,Mph_TU
-989,1301.25,0,Mph_TU
-949,1308.75,0,Mph_TU
-1006.5,1312.75,0,Mph_TU
-987,1317.75,0,Mph_TU
-964,1330.75,0,Mph_TU
-935.5,1320.25,0,Mph_TU
-915,1325.25,0,Mph_TU
-989,1336.75,0,Mph_TU
-931.5,1330.25,0,Mph_TU
-945.5,1344.75,0,Mph_TU
-1055,1345.25,0,Mph_TU
-1041,1350.25,0,Mph_TU
-1016,1357.25,0,Mph_TU
-1050.5,1355.25,0,Mph_TU
-1057,1371.25,0,Mph_TU
-1043,1365.75,0,Mph_TU
-1037.5,1379.75,0,Mph_TU
-1010,1378.75,0,Mph_TU
-992,1395.25,0,Mph_TU
-1028.5,1392.25,0,Mph_TU
-973.5,1400.25,0,Mph_TU
-962.5,1409.75,0,Mph_TU
-1058.5,1398.75,0,Mph_TU
-940,1399.75,0,Mph_TU
-1007.5,1408.75,0,Mph_TU
-1022,1413.75,0,Mph_TU
-989.5,1417.75,0,Mph_TU
-937.5,1420.25,0,Mph_TU
-1050,1424.25,0,Mph_TU
-991.5,1435.25,0,Mph_TU
-1042.5,1447.25,0,Mph_TU
-1011.5,1448.75,0,Mph_TU
-998,1452.25,0,Mph_TU
-982.5,1462.25,0,Mph_TU
-1024,1457.25,0,Mph_TU
-993.5,1471.75,0,Mph_TU
-1019,1485.75,0,Mph_TU
-959,1474.25,0,Mph_TU
-997,1497.75,0,Mph_TU
-1033.5,1491.75,0,Mph_TU
-958,1495.75,0,Mph_TU
-1059,-1384.75,0,Mph_TU
-1087,-1378.75,0,Mph_TU
-888.5,-1376.75,0,Mph_TU
-825,-1367.75,0,Mph_TU
-800.5,-1366.25,0,Mph_TU
-708.5,-1371.25,0,Mph_TU
-743,-1377.25,0,Mph_TU
-761,-1374.75,0,Mph_TU
-906,-1368.25,0,Mph_TU
-924,-1359.75,0,Mph_TU
-883,-1358.25,0,Mph_TU
-1094,-1357.25,0,Mph_TU
-1076,-1349.25,0,Mph_TU
-1107,-1362.25,0,Mph_TU
-708.5,-1352.75,0,Mph_TU
-782.5,-1358.75,0,Mph_TU
-722,-1353.25,0,Mph_TU
-724,-1333.75,0,Mph_TU
-772,-1342.75,0,Mph_TU
-894.5,-1341.75,0,Mph_TU
-943.5,-1348.25,0,Mph_TU
-910,-1332.25,0,Mph_TU
-926.5,-1337.75,0,Mph_TU
-956.5,-1329.25,0,Mph_TU
-758.5,-1324.25,0,Mph_TU
-891.5,-1311.75,0,Mph_TU
-933,-1314.25,0,Mph_TU
-775.5,-1318.75,0,Mph_TU
-821.5,-1312.75,0,Mph_TU
-705.5,-1312.25,0,Mph_TU
-955,-1310.25,0,Mph_TU
-746,-1308.75,0,Mph_TU
-962.5,-1300.25,0,Mph_TU
-763,-1295.25,0,Mph_TU
-807,-1301.75,0,Mph_TU
-949,-1283.25,0,Mph_TU
-928,-1285.25,0,Mph_TU
-987,-1297.25,0,Mph_TU
-1032,-1274.75,0,Mph_TU
-731.5,-1286.25,0,Mph_TU
-960.5,-1273.25,0,Mph_TU
-916,-1280.75,0,Mph_TU
-721.5,-1283.75,0,Mph_TU
-976.5,-1262.25,0,Mph_TU
-768.5,-1273.25,0,Mph_TU
-719.5,-1269.25,0,Mph_TU
-815,-1262.75,0,Mph_TU
-697.5,-1266.25,0,Mph_TU
-924.5,-1250.75,0,Mph_TU
-855,-1251.75,0,Mph_TU
-749.5,-1252.25,0,Mph_TU
-698,-1245.75,0,Mph_TU
-733.5,-1239.75,0,Mph_TU
-711,-1240.75,0,Mph_TU
-792,-1232.75,0,Mph_TU
-761,-1223.75,0,Mph_TU
-833.5,-1238.25,0,Mph_TU
-1005.5,-1227.25,0,Mph_TU
-965.5,-1231.75,0,Mph_TU
-939,-1225.75,0,Mph_TU
-852.5,-1218.75,0,Mph_TU
-722,-1225.75,0,Mph_TU
-922,-1221.25,0,Mph_TU
-695.5,-1225.25,0,Mph_TU
-900,-1215.25,0,Mph_TU
-873,-1219.75,0,Mph_TU
-951,-1216.75,0,Mph_TU
-1023.5,-1201.75,0,Mph_TU
-829.5,-1211.25,0,Mph_TU
-775,-1208.75,0,Mph_TU
-717.5,-1208.25,0,Mph_TU
-934,-1204.25,0,Mph_TU
-795.5,-1206.75,0,Mph_TU
-694.5,-1199.25,0,Mph_TU
-966,-1205.25,0,Mph_TU
-736.5,-1195.25,0,Mph_TU
-854.5,-1193.75,0,Mph_TU
-713,-1187.75,0,Mph_TU
-804,-1182.25,0,Mph_TU
-934,-1189.75,0,Mph_TU
-965,-1188.75,0,Mph_TU
-987.5,-1195.75,0,Mph_TU
-753,-1188.75,0,Mph_TU
-956,-1168.75,0,Mph_TU
-707.5,-1172.75,0,Mph_TU
-846.5,-1174.25,0,Mph_TU
-926,-1166.25,0,Mph_TU
-865.5,-1167.75,0,Mph_TU
-696,-1158.75,0,Mph_TU
-839.5,-1159.25,0,Mph_TU
-877,-1154.25,0,Mph_TU
-1319.5,-1136.25,0,Mph_TU
-904.5,-1150.75,0,Mph_TU
-857,-1134.75,0,Mph_TU
-933,-1144.75,0,Mph_TU
-724,-1142.75,0,Mph_TU
-693.5,-1137.25,0,Mph_TU
-769.5,-1146.75,0,Mph_TU
-829.5,-1146.25,0,Mph_TU
-800,-1144.25,0,Mph_TU
-956.5,-1127.75,0,Mph_TU
-928.5,-1128.25,0,Mph_TU
-827,-1124.75,0,Mph_TU
-806.5,-1125.75,0,Mph_TU
-1287.5,-1119.25,0,Mph_TU
-741,-1119.75,0,Mph_TU
-1315,-1119.25,0,Mph_TU
-939,-1116.25,0,Mph_TU
-1068.5,-1121.75,0,Mph_TU
-785,-1122.25,0,Mph_TU
-979.5,-1117.75,0,Mph_TU
-880,-1120.25,0,Mph_TU
-862.5,-1107.25,0,Mph_TU
-1247.5,-1110.25,0,Mph_TU
-804,-1116.25,0,Mph_TU
-1001.5,-1116.75,0,Mph_TU
-909,-1106.25,0,Mph_TU
-1054.5,-1108.25,0,Mph_TU
-1037.5,-1110.75,0,Mph_TU
-761.5,-1104.75,0,Mph_TU
-1304,-1104.25,0,Mph_TU
-799.5,-1093.75,0,Mph_TU
-740,-1098.25,0,Mph_TU
-887,-1101.25,0,Mph_TU
-807.5,-1101.75,0,Mph_TU
-1346.5,-1102.25,0,Mph_TU
-1325,-1097.25,0,Mph_TU
-716.5,-1097.25,0,Mph_TU
-1024.5,-1101.75,0,Mph_TU
-902,-1090.75,0,Mph_TU
-841.5,-1098.25,0,Mph_TU
-819,-1098.75,0,Mph_TU
-1310.5,-1089.25,0,Mph_TU
-1035,-1085.25,0,Mph_TU
-780,-1094.25,0,Mph_TU
-1285,-1088.25,0,Mph_TU
-1058,-1078.75,0,Mph_TU
-762.5,-1090.25,0,Mph_TU
-926,-1089.75,0,Mph_TU
-828,-1089.75,0,Mph_TU
-1340.5,-1084.25,0,Mph_TU
-948,-1082.75,0,Mph_TU
-885,-1083.75,0,Mph_TU
-705.5,-1083.25,0,Mph_TU
-735.5,-1072.75,0,Mph_TU
-791.5,-1077.25,0,Mph_TU
-1323,-1071.75,0,Mph_TU
-967,-1081.75,0,Mph_TU
-1283.5,-1067.75,0,Mph_TU
-1088,-1069.75,0,Mph_TU
-1369,-1070.75,0,Mph_TU
-819.5,-1064.75,0,Mph_TU
-1219,-1073.75,0,Mph_TU
-726,-1055.25,0,Mph_TU
-1006,-1056.75,0,Mph_TU
-865.5,-1055.75,0,Mph_TU
-916.5,-1066.75,0,Mph_TU
-786.5,-1057.25,0,Mph_TU
-1027,-1057.75,0,Mph_TU
-964,-1055.75,0,Mph_TU
-948.5,-1057.75,0,Mph_TU
-801,-1052.25,0,Mph_TU
-693.5,-1053.25,0,Mph_TU
-1336.5,-1051.25,0,Mph_TU
-929.5,-1043.25,0,Mph_TU
-1311.5,-1057.75,0,Mph_TU
-1265.5,-1052.75,0,Mph_TU
-991,-1051.75,0,Mph_TU
-1232,-1044.75,0,Mph_TU
-1351.5,-1043.75,0,Mph_TU
-1116.5,-1038.75,0,Mph_TU
-824.5,-1040.75,0,Mph_TU
-1330,-1038.25,0,Mph_TU
-1312,-1036.75,0,Mph_TU
-966,-1034.75,0,Mph_TU
-946,-1029.75,0,Mph_TU
-892.5,-1025.25,0,Mph_TU
-845,-1030.75,0,Mph_TU
-926,-1029.25,0,Mph_TU
-1278,-1026.25,0,Mph_TU
-959.5,-1019.75,0,Mph_TU
-1315.5,-1011.75,0,Mph_TU
-1281.5,-1018.25,0,Mph_TU
-914.5,-1013.75,0,Mph_TU
-1244.5,-1012.25,0,Mph_TU
-802,-1020.75,0,Mph_TU
-869.5,-1022.25,0,Mph_TU
-1003,-1007.25,0,Mph_TU
-1232.5,-1008.75,0,Mph_TU
-769.5,-1013.75,0,Mph_TU
-714,-1007.75,0,Mph_TU
-936.5,-1003.25,0,Mph_TU
-860,-1008.75,0,Mph_TU
-963.5,-997.25,0,Mph_TU
-740,-1004.75,0,Mph_TU
-1241,-991.25,0,Mph_TU
-977.5,-992.25,0,Mph_TU
-1103.5,-981.25,0,Mph_TU
-877.5,-996.25,0,Mph_TU
-724.5,-991.75,0,Mph_TU
-1077.5,-988.25,0,Mph_TU
-891,-977.75,0,Mph_TU
-737.5,-985.25,0,Mph_TU
-703.5,-986.75,0,Mph_TU
-947.5,-975.75,0,Mph_TU
-1211,-976.75,0,Mph_TU
-1060,-978.25,0,Mph_TU
-770.5,-984.25,0,Mph_TU
-1227,-966.75,0,Mph_TU
-978,-970.75,0,Mph_TU
-747,-967.25,0,Mph_TU
-1251,-979.25,0,Mph_TU
-1125.5,-974.75,0,Mph_TU
-729.5,-967.25,0,Mph_TU
-714.5,-966.25,0,Mph_TU
-1283,-968.25,0,Mph_TU
-1030,-971.75,0,Mph_TU
-987,-963.25,0,Mph_TU
-694.5,-968.25,0,Mph_TU
-764,-957.75,0,Mph_TU
-1073.5,-953.25,0,Mph_TU
-1300,-962.25,0,Mph_TU
-1251.5,-965.75,0,Mph_TU
-1003,-957.75,0,Mph_TU
-1130,-957.75,0,Mph_TU
-1101,-953.25,0,Mph_TU
-1233.5,-947.25,0,Mph_TU
-698.5,-948.75,0,Mph_TU
-1288,-946.25,0,Mph_TU
-1034,-936.25,0,Mph_TU
-1247.5,-937.25,0,Mph_TU
-1179,-936.25,0,Mph_TU
-1108,-944.25,0,Mph_TU
-1018,-941.75,0,Mph_TU
-718.5,-940.25,0,Mph_TU
-995,-934.75,0,Mph_TU
-1212.5,-928.25,0,Mph_TU
-761.5,-924.75,0,Mph_TU
-1291.5,-920.25,0,Mph_TU
-875.5,-921.75,0,Mph_TU
-787.5,-922.75,0,Mph_TU
-1190,-916.25,0,Mph_TU
-725,-925.75,0,Mph_TU
-1106.5,-914.75,0,Mph_TU
-1086,-914.25,0,Mph_TU
-1272.5,-918.25,0,Mph_TU
-1034,-915.25,0,Mph_TU
-773.5,-912.25,0,Mph_TU
-699,-919.75,0,Mph_TU
-1153.5,-915.25,0,Mph_TU
-811.5,-908.25,0,Mph_TU
-1228.5,-916.75,0,Mph_TU
-833,-907.25,0,Mph_TU
-933.5,-915.25,0,Mph_TU
-848,-917.25,0,Mph_TU
-1315.5,-912.75,0,Mph_TU
-1256,-918.75,0,Mph_TU
-1206,-904.25,0,Mph_TU
-1045,-912.75,0,Mph_TU
-721,-911.25,0,Mph_TU
-1241,-906.25,0,Mph_TU
-1075.5,-894.75,0,Mph_TU
-851,-891.75,0,Mph_TU
-795,-899.25,0,Mph_TU
-719,-900.75,0,Mph_TU
-758.5,-891.75,0,Mph_TU
-1228,-890.25,0,Mph_TU
-1297.5,-891.25,0,Mph_TU
-1207,-887.75,0,Mph_TU
-782,-881.75,0,Mph_TU
-1247.5,-883.25,0,Mph_TU
-1272.5,-882.75,0,Mph_TU
-709,-884.75,0,Mph_TU
-1327,-881.75,0,Mph_TU
-1056.5,-880.25,0,Mph_TU
-1171,-882.25,0,Mph_TU
-1143.5,-872.75,0,Mph_TU
-904,-875.75,0,Mph_TU
-1297,-868.25,0,Mph_TU
-1118,-874.75,0,Mph_TU
-987.5,-868.25,0,Mph_TU
-1289,-863.75,0,Mph_TU
-1232,-870.25,0,Mph_TU
-1256.5,-870.25,0,Mph_TU
-1316.5,-866.25,0,Mph_TU
-864.5,-871.25,0,Mph_TU
-1197.5,-864.75,0,Mph_TU
-1070,-867.25,0,Mph_TU
-1281.5,-851.75,0,Mph_TU
-1243,-847.75,0,Mph_TU
-1130,-853.75,0,Mph_TU
-1021.5,-863.75,0,Mph_TU
-1321.5,-855.25,0,Mph_TU
-1256,-854.75,0,Mph_TU
-915.5,-856.75,0,Mph_TU
-950,-853.25,0,Mph_TU
-873.5,-853.25,0,Mph_TU
-1068.5,-841.75,0,Mph_TU
-1175,-850.75,0,Mph_TU
-1003.5,-853.25,0,Mph_TU
-837,-849.25,0,Mph_TU
-971.5,-842.75,0,Mph_TU
-1216,-839.25,0,Mph_TU
-942,-839.75,0,Mph_TU
-1317,-835.25,0,Mph_TU
-1098.5,-843.75,0,Mph_TU
-873,-836.25,0,Mph_TU
-1266.5,-830.75,0,Mph_TU
-1185.5,-835.75,0,Mph_TU
-699,-833.25,0,Mph_TU
-1228,-827.25,0,Mph_TU
-1144,-829.25,0,Mph_TU
-849.5,-827.75,0,Mph_TU
-931,-828.25,0,Mph_TU
-1007.5,-822.25,0,Mph_TU
-1077,-825.25,0,Mph_TU
-984.5,-831.25,0,Mph_TU
-1171.5,-822.25,0,Mph_TU
-889.5,-829.75,0,Mph_TU
-725.5,-827.75,0,Mph_TU
-908.5,-821.75,0,Mph_TU
-707,-821.25,0,Mph_TU
-1329,-818.25,0,Mph_TU
-1030,-816.25,0,Mph_TU
-988,-807.75,0,Mph_TU
-872.5,-811.75,0,Mph_TU
-1094.5,-813.25,0,Mph_TU
-788,-817.75,0,Mph_TU
-1151.5,-809.25,0,Mph_TU
-1233.5,-800.75,0,Mph_TU
-739.5,-816.75,0,Mph_TU
-1189,-812.25,0,Mph_TU
-943,-816.75,0,Mph_TU
-842,-815.25,0,Mph_TU
-965,-814.25,0,Mph_TU
-925,-801.25,0,Mph_TU
-1051,-806.25,0,Mph_TU
-692.5,-795.75,0,Mph_TU
-1267,-799.25,0,Mph_TU
-856.5,-806.25,0,Mph_TU
-889.5,-804.75,0,Mph_TU
-835,-798.75,0,Mph_TU
-715,-801.25,0,Mph_TU
-1200.5,-790.75,0,Mph_TU
-944.5,-800.25,0,Mph_TU
-808,-796.75,0,Mph_TU
-737.5,-792.25,0,Mph_TU
-904,-793.25,0,Mph_TU
-998,-792.25,0,Mph_TU
-855.5,-785.25,0,Mph_TU
-950.5,-787.25,0,Mph_TU
-878,-788.25,0,Mph_TU
-789,-782.25,0,Mph_TU
-1336,-783.75,0,Mph_TU
-1084.5,-787.25,0,Mph_TU
-1163,-776.75,0,Mph_TU
-1123,-785.25,0,Mph_TU
-814,-783.25,0,Mph_TU
-713.5,-783.75,0,Mph_TU
-1065,-779.25,0,Mph_TU
-958,-769.75,0,Mph_TU
-905,-775.75,0,Mph_TU
-1274,-769.75,0,Mph_TU
-997,-767.25,0,Mph_TU
-1355.5,-774.25,0,Mph_TU
-815.5,-759.25,0,Mph_TU
-871.5,-759.25,0,Mph_TU
-737,-772.25,0,Mph_TU
-707.5,-765.75,0,Mph_TU
-1335.5,-761.75,0,Mph_TU
-916.5,-758.75,0,Mph_TU
-1363,-743.75,0,Mph_TU
-732,-755.25,0,Mph_TU
-1222.5,-765.25,0,Mph_TU
-1110.5,-758.25,0,Mph_TU
-1013.5,-756.75,0,Mph_TU
-847.5,-750.25,0,Mph_TU
-1269,-746.75,0,Mph_TU
-957.5,-741.75,0,Mph_TU
-1239,-756.25,0,Mph_TU
-866.5,-745.75,0,Mph_TU
-1214.5,-742.75,0,Mph_TU
-1137,-746.75,0,Mph_TU
-1336,-735.25,0,Mph_TU
-889.5,-746.25,0,Mph_TU
-986.5,-736.75,0,Mph_TU
-1251,-734.75,0,Mph_TU
-903.5,-738.25,0,Mph_TU
-1173.5,-736.75,0,Mph_TU
-1010.5,-728.75,0,Mph_TU
-929,-733.75,0,Mph_TU
-761.5,-741.25,0,Mph_TU
-834,-733.75,0,Mph_TU
-1233,-720.25,0,Mph_TU
-857.5,-716.75,0,Mph_TU
-735,-730.75,0,Mph_TU
-1150.5,-713.75,0,Mph_TU
-1207,-714.75,0,Mph_TU
-904.5,-721.75,0,Mph_TU
-917,-709.75,0,Mph_TU
-760,-708.75,0,Mph_TU
-937.5,-712.25,0,Mph_TU
-805.5,-716.25,0,Mph_TU
-1256.5,-711.75,0,Mph_TU
-1370,-713.25,0,Mph_TU
-1185.5,-703.75,0,Mph_TU
-993.5,-712.25,0,Mph_TU
-891,-710.25,0,Mph_TU
-1167,-702.25,0,Mph_TU
-738.5,-697.25,0,Mph_TU
-1286.5,-710.25,0,Mph_TU
-782,-711.25,0,Mph_TU
-875.5,-707.25,0,Mph_TU
-700,-696.25,0,Mph_TU
-982,-710.75,0,Mph_TU
-1331.5,-699.25,0,Mph_TU
-963.5,-698.75,0,Mph_TU
-1363.5,-699.75,0,Mph_TU
-1224.5,-690.25,0,Mph_TU
-995,-690.75,0,Mph_TU
-771,-688.75,0,Mph_TU
-868,-696.25,0,Mph_TU
-1379,-680.75,0,Mph_TU
-1350.5,-678.75,0,Mph_TU
-843.5,-683.25,0,Mph_TU
-1292,-681.75,0,Mph_TU
-1261.5,-672.75,0,Mph_TU
-1003.5,-670.75,0,Mph_TU
-869.5,-673.25,0,Mph_TU
-888.5,-677.25,0,Mph_TU
-991.5,-675.25,0,Mph_TU
-973.5,-672.25,0,Mph_TU
-739,-669.25,0,Mph_TU
-1217.5,-667.75,0,Mph_TU
-1392,-658.25,0,Mph_TU
-1235,-668.25,0,Mph_TU
-886,-666.75,0,Mph_TU
-918,-667.75,0,Mph_TU
-1197,-666.75,0,Mph_TU
-1223,-646.25,0,Mph_TU
-975,-659.25,0,Mph_TU
-1367.5,-657.75,0,Mph_TU
-1282.5,-658.75,0,Mph_TU
-988,-649.25,0,Mph_TU
-722.5,-656.75,0,Mph_TU
-1301.5,-655.75,0,Mph_TU
-814,-655.25,0,Mph_TU
-1243.5,-654.75,0,Mph_TU
-1324,-648.25,0,Mph_TU
-891,-652.25,0,Mph_TU
-780.5,-651.75,0,Mph_TU
-1286,-644.75,0,Mph_TU
-1194.5,-646.75,0,Mph_TU
-1007,-648.25,0,Mph_TU
-938.5,-648.75,0,Mph_TU
-1266.5,-638.75,0,Mph_TU
-957,-645.25,0,Mph_TU
-897,-634.75,0,Mph_TU
-885.5,-643.75,0,Mph_TU
-797,-643.25,0,Mph_TU
-1369,-638.75,0,Mph_TU
-1158,-644.25,0,Mph_TU
-863.5,-640.25,0,Mph_TU
-832,-643.25,0,Mph_TU
-1241.5,-639.25,0,Mph_TU
-1349.5,-636.75,0,Mph_TU
-743.5,-642.25,0,Mph_TU
-1016,-632.25,0,Mph_TU
-759,-644.75,0,Mph_TU
-989,-629.25,0,Mph_TU
-1257,-629.25,0,Mph_TU
-974,-630.25,0,Mph_TU
-805,-631.25,0,Mph_TU
-1185.5,-634.75,0,Mph_TU
-732,-631.75,0,Mph_TU
-914,-635.75,0,Mph_TU
-1304.5,-622.25,0,Mph_TU
-1237,-620.75,0,Mph_TU
-1194.5,-624.75,0,Mph_TU
-784.5,-618.25,0,Mph_TU
-927,-622.25,0,Mph_TU
-835,-618.25,0,Mph_TU
-859.5,-619.75,0,Mph_TU
-911,-620.25,0,Mph_TU
-1006.5,-615.25,0,Mph_TU
-1178.5,-611.75,0,Mph_TU
-945,-607.25,0,Mph_TU
-881,-611.25,0,Mph_TU
-1017,-612.75,0,Mph_TU
-763.5,-611.75,0,Mph_TU
-801,-611.75,0,Mph_TU
-1222,-610.75,0,Mph_TU
-900.5,-607.25,0,Mph_TU
-992,-608.75,0,Mph_TU
-1194.5,-601.25,0,Mph_TU
-816,-597.25,0,Mph_TU
-867.5,-600.25,0,Mph_TU
-1306.5,-603.25,0,Mph_TU
-1239.5,-586.75,0,Mph_TU
-1211,-602.75,0,Mph_TU
-839.5,-594.75,0,Mph_TU
-772.5,-596.25,0,Mph_TU
-1361.5,-588.25,0,Mph_TU
-885.5,-593.75,0,Mph_TU
-802,-594.25,0,Mph_TU
-781,-591.25,0,Mph_TU
-754,-592.25,0,Mph_TU
-900,-591.75,0,Mph_TU
-1272,-591.25,0,Mph_TU
125.5,198.25,0,Mph_TU
-385,1016.75,0,Mph_TU
-268,1023.75,0,Mph_TU
-22,1024.25,0,Mph_TU
-139.5,1022.25,0,Mph_TU
40.5,1036.75,0,Mph_TU
-44.5,1040.75,0,Mph_TU
-139.5,1041.25,0,Mph_TU
-213.5,1053.75,0,Mph_TU
55.5,1057.75,0,Mph_TU
84,1052.75,0,Mph_TU
-323,1048.25,0,Mph_TU
-142.5,1058.75,0,Mph_TU
79.5,1063.75,0,Mph_TU
-113,1066.25,0,Mph_TU
-286.5,1060.75,0,Mph_TU
-265,1061.75,0,Mph_TU
-91,1078.25,0,Mph_TU
-11,1082.25,0,Mph_TU
-252,1075.25,0,Mph_TU
-107,1087.75,0,Mph_TU
93,1086.25,0,Mph_TU
-270,1096.25,0,Mph_TU
71,1097.75,0,Mph_TU
-91,1103.25,0,Mph_TU
59.5,1113.25,0,Mph_TU
-109,1118.75,0,Mph_TU
107,1124.75,0,Mph_TU
-15.5,1129.25,0,Mph_TU
-104.5,1144.25,0,Mph_TU
-129,1144.25,0,Mph_TU
7,1146.75,0,Mph_TU
-119,1154.75,0,Mph_TU
-93.5,1166.75,0,Mph_TU
93,1188.75,0,Mph_TU
-34,1193.75,0,Mph_TU
30.5,1203.25,0,Mph_TU
-112.5,1204.25,0,Mph_TU
93.5,1216.25,0,Mph_TU
-66,1223.75,0,Mph_TU
12.5,1219.75,0,Mph_TU
-136.5,1226.25,0,Mph_TU
40,1225.75,0,Mph_TU
-108,1236.25,0,Mph_TU
-129.5,1238.75,0,Mph_TU
12,1250.75,0,Mph_TU
-1,1254.75,0,Mph_TU
-107,1247.75,0,Mph_TU
31.5,1256.75,0,Mph_TU
-85,1259.25,0,Mph_TU
-57.5,1268.25,0,Mph_TU
-104.5,1268.25,0,Mph_TU
-25.5,1267.75,0,Mph_TU
-111.5,1271.25,0,Mph_TU
-74.5,1280.75,0,Mph_TU
-94,1289.25,0,Mph_TU
-110.5,1288.75,0,Mph_TU
40,1289.75,0,Mph_TU
4.5,1289.75,0,Mph_TU
-34,1296.25,0,Mph_TU
-72.5,1302.75,0,Mph_TU
13,1313.75,0,Mph_TU
-89.5,1319.25,0,Mph_TU
-62.5,1319.75,0,Mph_TU
88.5,1318.25,0,Mph_TU
109.5,1338.75,0,Mph_TU
46.5,1362.75,0,Mph_TU
6,1350.25,0,Mph_TU
-24.5,1366.75,0,Mph_TU
3.5,1373.25,0,Mph_TU
-22.5,1385.75,0,Mph_TU
90,1406.75,0,Mph_TU
64.5,1414.25,0,Mph_TU
98,1428.75,0,Mph_TU
93,1448.25,0,Mph_TU
-158,1464.75,0,Mph_TU
100,1467.75,0,Mph_TU
98.5,1500.75,0,Mph_TU
69,1508.75,0,Mph_TU
45,1500.25,0,Mph_TU
-123.5,1507.25,0,Mph_TU
90.5,1520.75,0,Mph_TU
-128,1521.25,0,Mph_TU
109,1535.25,0,Mph_TU
46.5,1527.25,0,Mph_TU
-147,1531.75,0,Mph_TU
-114.5,1534.75,0,Mph_TU
51,1545.75,0,Mph_TU
77.5,1554.75,0,Mph_TU
37.5,1566.25,0,Mph_TU
-128.5,1574.75,0,Mph_TU
105.5,1587.25,0,Mph_TU
71,1588.25,0,Mph_TU
81,1596.75,0,Mph_TU
104,1608.25,0,Mph_TU
84.5,1628.25,0,Mph_TU
-980,218.25,0,Mph_TU
-1002,226.75,0,Mph_TU
-968,244.25,0,Mph_TU
-1003.5,244.25,0,Mph_TU
-1068.5,244.25,0,Mph_TU
-972.5,262.75,0,Mph_TU
-933,257.75,0,Mph_TU
-1075,262.75,0,Mph_TU
-1083.5,279.75,0,Mph_TU
-992,274.75,0,Mph_TU
-736.5,272.25,0,Mph_TU
-707,270.25,0,Mph_TU
-1018,281.25,0,Mph_TU
-1193,284.25,0,Mph_TU
-1137,271.25,0,Mph_TU
-1158.5,282.25,0,Mph_TU
-714,288.75,0,Mph_TU
-1093,286.25,0,Mph_TU
-1109,283.75,0,Mph_TU
-1127,294.25,0,Mph_TU
-958.5,280.25,0,Mph_TU
-937,282.75,0,Mph_TU
-1146.5,300.75,0,Mph_TU
-1000,293.25,0,Mph_TU
-1171,300.25,0,Mph_TU
-964.5,300.75,0,Mph_TU
-1105,306.25,0,Mph_TU
-1085,306.75,0,Mph_TU
-1187.5,315.25,0,Mph_TU
-722.5,318.25,0,Mph_TU
-1165,320.25,0,Mph_TU
-1214.5,313.75,0,Mph_TU
-1102,330.75,0,Mph_TU
-1128.5,340.75,0,Mph_TU
-1032,322.25,0,Mph_TU
-1007.5,320.75,0,Mph_TU
-1080,327.75,0,Mph_TU
-933.5,331.25,0,Mph_TU
-984.5,328.25,0,Mph_TU
-1000.5,332.25,0,Mph_TU
-1023.5,339.75,0,Mph_TU
-1113,346.75,0,Mph_TU
-946,341.25,0,Mph_TU
-895.5,352.25,0,Mph_TU
-980,351.25,0,Mph_TU
-930,351.25,0,Mph_TU
-880.5,347.25,0,Mph_TU
-1001,354.25,0,Mph_TU
-964,359.25,0,Mph_TU
-913.5,352.25,0,Mph_TU
-1073,346.25,0,Mph_TU
-946,356.75,0,Mph_TU
-1013,361.25,0,Mph_TU
-1044,361.75,0,Mph_TU
-895.5,375.25,0,Mph_TU
-1138,366.75,0,Mph_TU
-937.5,377.25,0,Mph_TU
-913.5,370.25,0,Mph_TU
-1075,383.75,0,Mph_TU
-741.5,379.75,0,Mph_TU
-1033.5,373.75,0,Mph_TU
-695.5,373.75,0,Mph_TU
-976.5,383.75,0,Mph_TU
-717.5,380.75,0,Mph_TU
-1153.5,385.25,0,Mph_TU
-829.5,386.75,0,Mph_TU
-939,391.75,0,Mph_TU
-1109,384.75,0,Mph_TU
-991,401.75,0,Mph_TU
-1027.5,401.75,0,Mph_TU
-1198.5,403.25,0,Mph_TU
-1132.5,412.25,0,Mph_TU
-967.5,412.25,0,Mph_TU
-945,421.75,0,Mph_TU
-914.5,410.75,0,Mph_TU
-881.5,421.75,0,Mph_TU
-1120,422.25,0,Mph_TU
-928.5,422.25,0,Mph_TU
-1041,420.75,0,Mph_TU
-977.5,432.25,0,Mph_TU
-907,438.25,0,Mph_TU
-846,433.25,0,Mph_TU
-1206.5,435.75,0,Mph_TU
-1109.5,440.75,0,Mph_TU
-1006.5,433.75,0,Mph_TU
-1043.5,447.25,0,Mph_TU
-1025,438.25,0,Mph_TU
-883,452.75,0,Mph_TU
-768.5,444.25,0,Mph_TU
-949,455.25,0,Mph_TU
-1168,449.25,0,Mph_TU
-1190.5,450.25,0,Mph_TU
-737,456.25,0,Mph_TU
-1077,454.25,0,Mph_TU
-1013,456.25,0,Mph_TU
-750.5,446.75,0,Mph_TU
-904.5,462.25,0,Mph_TU
-853,462.75,0,Mph_TU
-1128,463.75,0,Mph_TU
-1105,465.25,0,Mph_TU
-770,465.75,0,Mph_TU
-1146.5,466.75,0,Mph_TU
-1086,468.75,0,Mph_TU
-1027,470.25,0,Mph_TU
-788,465.25,0,Mph_TU
-753.5,466.75,0,Mph_TU
-725,472.25,0,Mph_TU
-1003,477.25,0,Mph_TU
-809.5,468.75,0,Mph_TU
-1119,481.75,0,Mph_TU
-899,478.75,0,Mph_TU
-1220,476.25,0,Mph_TU
-1197.5,479.25,0,Mph_TU
-741,478.25,0,Mph_TU
-991.5,490.75,0,Mph_TU
-766.5,482.75,0,Mph_TU
-1101,489.25,0,Mph_TU
-942.5,477.25,0,Mph_TU
-916.5,492.75,0,Mph_TU
-819.5,486.75,0,Mph_TU
-709.5,489.75,0,Mph_TU
-1168,484.75,0,Mph_TU
-749.5,493.25,0,Mph_TU
-728,489.25,0,Mph_TU
-879,494.25,0,Mph_TU
-902,500.75,0,Mph_TU
-1187,492.75,0,Mph_TU
-1073.5,501.25,0,Mph_TU
-942,501.25,0,Mph_TU
-811,499.75,0,Mph_TU
-1203.5,506.75,0,Mph_TU
-1175.5,502.75,0,Mph_TU
-1097.5,518.25,0,Mph_TU
-924,516.25,0,Mph_TU
-1183.5,523.75,0,Mph_TU
-981.5,528.25,0,Mph_TU
-1213,521.75,0,Mph_TU
-920,529.25,0,Mph_TU
-967.5,532.25,0,Mph_TU
-1137.5,530.75,0,Mph_TU
-1209,537.75,0,Mph_TU
-939,543.25,0,Mph_TU
-1214.5,556.75,0,Mph_TU
-1134,556.25,0,Mph_TU
-977.5,558.25,0,Mph_TU
-1082,544.75,0,Mph_TU
-1059,553.75,0,Mph_TU
-1203,572.25,0,Mph_TU
-992,566.75,0,Mph_TU
-1145.5,569.25,0,Mph_TU
-980,582.75,0,Mph_TU
-1161,576.75,0,Mph_TU
-1053,584.25,0,Mph_TU
-1245.5,578.25,0,Mph_TU
-1100,584.75,0,Mph_TU
-1218.5,589.75,0,Mph_TU
-1079.5,600.75,0,Mph_TU
-1029.5,605.75,0,Mph_TU
-967,600.25,0,Mph_TU
-1242.5,601.25,0,Mph_TU
-955.5,607.25,0,Mph_TU
-1202.5,605.75,0,Mph_TU
-1055,611.75,0,Mph_TU
-790,609.75,0,Mph_TU
-1037.5,625.25,0,Mph_TU
-1220.5,615.75,0,Mph_TU
-1069.5,617.25,0,Mph_TU
-1181,611.25,0,Mph_TU
-770,620.25,0,Mph_TU
-1206,620.25,0,Mph_TU
-721,625.25,0,Mph_TU
-787.5,629.75,0,Mph_TU
-1145.5,622.25,0,Mph_TU
-1182.5,623.75,0,Mph_TU
-1000.5,629.75,0,Mph_TU
-1185,648.25,0,Mph_TU
-749.5,640.25,0,Mph_TU
-1174,635.75,0,Mph_TU
-1158.5,637.75,0,Mph_TU
-1201.5,650.75,0,Mph_TU
-728,641.75,0,Mph_TU
-1148,645.75,0,Mph_TU
-1026.5,649.25,0,Mph_TU
-758,654.75,0,Mph_TU
-699,648.75,0,Mph_TU
-990.5,654.25,0,Mph_TU
-866,649.25,0,Mph_TU
-1042,655.25,0,Mph_TU
-730,653.75,0,Mph_TU
-1013,668.25,0,Mph_TU
-1197.5,671.75,0,Mph_TU
-1032.5,670.25,0,Mph_TU
-1000.5,680.25,0,Mph_TU
-924.5,668.75,0,Mph_TU
-881.5,674.25,0,Mph_TU
-742.5,668.75,0,Mph_TU
-716.5,676.25,0,Mph_TU
-979.5,675.25,0,Mph_TU
-1143,679.25,0,Mph_TU
-690.5,674.25,0,Mph_TU
-1178,679.25,0,Mph_TU
-1175,696.75,0,Mph_TU
-1032.5,696.75,0,Mph_TU
-968.5,691.25,0,Mph_TU
-1133,699.75,0,Mph_TU
-707,695.25,0,Mph_TU
-1158,705.75,0,Mph_TU
-962,711.25,0,Mph_TU
-728.5,710.75,0,Mph_TU
-1128.5,718.25,0,Mph_TU
-713.5,716.25,0,Mph_TU
-1093,720.25,0,Mph_TU
-1069,710.75,0,Mph_TU
-1026.5,720.25,0,Mph_TU
-1044.5,722.75,0,Mph_TU
-1075.5,737.25,0,Mph_TU
-1199,731.75,0,Mph_TU
-1177.5,732.75,0,Mph_TU
-1030,739.25,0,Mph_TU
-1054,739.25,0,Mph_TU
-719,738.75,0,Mph_TU
-983,740.25,0,Mph_TU
-1091,762.75,0,Mph_TU
-1026,744.25,0,Mph_TU
-1002,748.25,0,Mph_TU
-1187,759.25,0,Mph_TU
-751.5,752.75,0,Mph_TU
-1172.5,750.75,0,Mph_TU
-1132.5,755.25,0,Mph_TU
-1051,760.75,0,Mph_TU
-1118,759.25,0,Mph_TU
-730,765.25,0,Mph_TU
-1025.5,769.25,0,Mph_TU
-1014.5,764.75,0,Mph_TU
-1154.5,767.75,0,Mph_TU
-692.5,764.75,0,Mph_TU
-713.5,761.25,0,Mph_TU
-1047.5,780.75,0,Mph_TU
-1119,778.25,0,Mph_TU
-1180.5,784.25,0,Mph_TU
-764,781.25,0,Mph_TU
-725,787.25,0,Mph_TU
-1001.5,785.25,0,Mph_TU
-1135.5,791.25,0,Mph_TU
-1029,794.25,0,Mph_TU
-963,787.25,0,Mph_TU
-1119,796.25,0,Mph_TU
-1016,803.25,0,Mph_TU
-1049,805.75,0,Mph_TU
-955,796.75,0,Mph_TU
-923,800.25,0,Mph_TU
-744.5,801.75,0,Mph_TU
-723,816.75,0,Mph_TU
-992,804.25,0,Mph_TU
-1083,803.75,0,Mph_TU
-1108.5,811.25,0,Mph_TU
-1119,820.75,0,Mph_TU
-1149.5,824.75,0,Mph_TU
-1020,827.75,0,Mph_TU
-953.5,818.75,0,Mph_TU
-933.5,831.25,0,Mph_TU
-982,818.75,0,Mph_TU
-755.5,828.75,0,Mph_TU
-1080.5,832.25,0,Mph_TU
-1001.5,834.75,0,Mph_TU
-961,840.75,0,Mph_TU
-736,835.75,0,Mph_TU
-1099,840.75,0,Mph_TU
-988,850.25,0,Mph_TU
-925.5,842.75,0,Mph_TU
-718,844.25,0,Mph_TU
-1015.5,849.25,0,Mph_TU
-944,857.75,0,Mph_TU
-1079,860.25,0,Mph_TU
-1097.5,857.75,0,Mph_TU
-1036,852.75,0,Mph_TU
-971,865.75,0,Mph_TU
-706.5,856.25,0,Mph_TU
-730,870.25,0,Mph_TU
-1002.5,870.25,0,Mph_TU
-928.5,871.25,0,Mph_TU
-984.5,883.25,0,Mph_TU
-1042,880.25,0,Mph_TU
-697.5,874.25,0,Mph_TU
-1022,876.75,0,Mph_TU
-1059.5,872.75,0,Mph_TU
-918,883.25,0,Mph_TU
-707.5,881.25,0,Mph_TU
-1077.5,887.25,0,Mph_TU
-891,879.25,0,Mph_TU
-938.5,891.75,0,Mph_TU
-1012.5,893.25,0,Mph_TU
-699.5,907.25,0,Mph_TU
-724.5,896.25,0,Mph_TU
-910.5,896.25,0,Mph_TU
-888,895.75,0,Mph_TU
-1063,898.25,0,Mph_TU
-908,907.25,0,Mph_TU
-1070.5,910.75,0,Mph_TU
-969.5,913.25,0,Mph_TU
-881,912.25,0,Mph_TU
-1044.5,926.25,0,Mph_TU
-1066,928.75,0,Mph_TU
-925,940.25,0,Mph_TU
-1063,947.25,0,Mph_TU
-787.5,958.25,0,Mph_TU
-772.5,967.75,0,Mph_TU
-920,964.25,0,Mph_TU
-1029,961.75,0,Mph_TU
-843.5,967.75,0,Mph_TU
-966.5,976.75,0,Mph_TU
-990.5,982.75,0,Mph_TU
-1009.5,998.25,0,Mph_TU
-979.5,1001.25,0,Mph_TU
-792.5,1010.25,0,Mph_TU
-987,1012.25,0,Mph_TU
224,270.25,0,Mph_TU
166,278.75,0,Mph_TU
127.5,273.75,0,Mph_TU
125,296.75,0,Mph_TU
170.5,298.75,0,Mph_TU
159.5,320.75,0,Mph_TU
242.5,318.25,0,Mph_TU
135.5,326.75,0,Mph_TU
190.5,326.25,0,Mph_TU
219.5,329.25,0,Mph_TU
205.5,348.75,0,Mph_TU
142,350.75,0,Mph_TU
181.5,348.25,0,Mph_TU
228.5,354.25,0,Mph_TU
191.5,359.25,0,Mph_TU
172.5,354.25,0,Mph_TU
146,370.75,0,Mph_TU
203,376.25,0,Mph_TU
223,368.75,0,Mph_TU
178,374.25,0,Mph_TU
236,375.75,0,Mph_TU
167.5,390.75,0,Mph_TU
214,394.75,0,Mph_TU
191.5,399.25,0,Mph_TU
165,424.25,0,Mph_TU
202.5,412.75,0,Mph_TU
297,418.75,0,Mph_TU
190,425.75,0,Mph_TU
258.5,420.25,0,Mph_TU
279.5,425.25,0,Mph_TU
213,425.25,0,Mph_TU
232,433.75,0,Mph_TU
204.5,447.75,0,Mph_TU
137.5,479.75,0,Mph_TU
287.5,481.25,0,Mph_TU
166,486.25,0,Mph_TU
237,484.25,0,Mph_TU
208.5,493.75,0,Mph_TU
179.5,497.75,0,Mph_TU
138.5,502.75,0,Mph_TU
265,515.75,0,Mph_TU
121.5,514.75,0,Mph_TU
314.5,515.75,0,Mph_TU
154,529.25,0,Mph_TU
246,524.25,0,Mph_TU
142,538.25,0,Mph_TU
214.5,539.25,0,Mph_TU
119,548.25,0,Mph_TU
239,549.25,0,Mph_TU
260,555.25,0,Mph_TU
191.5,559.75,0,Mph_TU
225,575.25,0,Mph_TU
145.5,575.25,0,Mph_TU
174,587.75,0,Mph_TU
310.5,595.25,0,Mph_TU
243,605.25,0,Mph_TU
138.5,609.75,0,Mph_TU
358,608.75,0,Mph_TU
241.5,621.75,0,Mph_TU
170.5,617.75,0,Mph_TU
197,621.75,0,Mph_TU
218.5,626.75,0,Mph_TU
270.5,628.25,0,Mph_TU
161,639.25,0,Mph_TU
240,632.75,0,Mph_TU
112,637.75,0,Mph_TU
132,645.25,0,Mph_TU
150.5,649.75,0,Mph_TU
239,650.25,0,Mph_TU
199,652.25,0,Mph_TU
331,661.75,0,Mph_TU
218,662.75,0,Mph_TU
240.5,666.75,0,Mph_TU
259.5,657.75,0,Mph_TU
274.5,677.25,0,Mph_TU
200,668.75,0,Mph_TU
180,666.25,0,Mph_TU
213,687.75,0,Mph_TU
303,684.25,0,Mph_TU
255.5,684.25,0,Mph_TU
338.5,697.75,0,Mph_TU
204.5,685.75,0,Mph_TU
242,692.25,0,Mph_TU
152,701.25,0,Mph_TU
254.5,713.25,0,Mph_TU
204.5,715.25,0,Mph_TU
229,712.75,0,Mph_TU
182.5,721.75,0,Mph_TU
130,736.75,0,Mph_TU
229,745.25,0,Mph_TU
175,752.25,0,Mph_TU
204.5,758.75,0,Mph_TU
299,760.25,0,Mph_TU
195.5,770.75,0,Mph_TU
324.5,763.25,0,Mph_TU
167,774.25,0,Mph_TU
334,773.75,0,Mph_TU
358,783.75,0,Mph_TU
383.5,785.75,0,Mph_TU
310.5,782.25,0,Mph_TU
396.5,802.75,0,Mph_TU
299.5,794.25,0,Mph_TU
161.5,794.75,0,Mph_TU
256,801.75,0,Mph_TU
319,811.75,0,Mph_TU
341,798.75,0,Mph_TU
284,806.25,0,Mph_TU
370.5,814.25,0,Mph_TU
198.5,813.75,0,Mph_TU
244,815.75,0,Mph_TU
158,809.75,0,Mph_TU
347.5,817.25,0,Mph_TU
176,821.25,0,Mph_TU
296,821.75,0,Mph_TU
154,826.75,0,Mph_TU
378,826.75,0,Mph_TU
402,824.25,0,Mph_TU
252.5,837.25,0,Mph_TU
718.5,839.25,0,Mph_TU
299,842.25,0,Mph_TU
385.5,844.75,0,Mph_TU
203,854.75,0,Mph_TU
158.5,854.75,0,Mph_TU
344.5,846.25,0,Mph_TU
241,856.75,0,Mph_TU
267,848.25,0,Mph_TU
283.5,851.25,0,Mph_TU
369,863.75,0,Mph_TU
300,870.25,0,Mph_TU
388,873.75,0,Mph_TU
328.5,864.75,0,Mph_TU
714,868.75,0,Mph_TU
281,875.75,0,Mph_TU
261.5,884.75,0,Mph_TU
352,888.25,0,Mph_TU
229.5,886.75,0,Mph_TU
221.5,894.25,0,Mph_TU
163.5,892.75,0,Mph_TU
191,900.25,0,Mph_TU
660,911.25,0,Mph_TU
303,899.25,0,Mph_TU
599.5,904.75,0,Mph_TU
170,902.75,0,Mph_TU
146,907.75,0,Mph_TU
202.5,907.25,0,Mph_TU
296,916.75,0,Mph_TU
631.5,904.25,0,Mph_TU
612.5,911.25,0,Mph_TU
226,914.75,0,Mph_TU
347.5,918.25,0,Mph_TU
589.5,916.25,0,Mph_TU
685,913.75,0,Mph_TU
270.5,921.75,0,Mph_TU
327.5,922.75,0,Mph_TU
210,923.75,0,Mph_TU
241.5,923.25,0,Mph_TU
623,924.75,0,Mph_TU
603,926.75,0,Mph_TU
639.5,926.25,0,Mph_TU
343.5,937.75,0,Mph_TU
607,948.25,0,Mph_TU
141,944.25,0,Mph_TU
221,948.25,0,Mph_TU
277,945.25,0,Mph_TU
691,956.75,0,Mph_TU
318,948.75,0,Mph_TU
284,959.75,0,Mph_TU
297.5,958.75,0,Mph_TU
577.5,967.25,0,Mph_TU
309.5,976.25,0,Mph_TU
624.5,964.25,0,Mph_TU
802.5,963.75,0,Mph_TU
238,975.75,0,Mph_TU
718.5,971.25,0,Mph_TU
133,967.25,0,Mph_TU
656.5,968.25,0,Mph_TU
214,979.25,0,Mph_TU
325.5,978.25,0,Mph_TU
167,980.25,0,Mph_TU
256.5,979.25,0,Mph_TU
282.5,983.75,0,Mph_TU
131,991.75,0,Mph_TU
794,993.25,0,Mph_TU
176,982.75,0,Mph_TU
335.5,991.25,0,Mph_TU
630.5,988.25,0,Mph_TU
189,979.25,0,Mph_TU
662,985.25,0,Mph_TU
207,999.25,0,Mph_TU
271,997.25,0,Mph_TU
173,1006.25,0,Mph_TU
231.5,1010.75,0,Mph_TU
643,1002.25,0,Mph_TU
401,1008.25,0,Mph_TU
249,1013.25,0,Mph_TU
591.5,1011.25,0,Mph_TU
374.5,1012.75,0,Mph_TU
107.5,2302.75,0,Mph_TU
299,1014.75,0,Mph_TU
272.5,1021.25,0,Mph_TU
691.5,1017.25,0,Mph_TU
186.5,1026.25,0,Mph_TU
357,1030.25,0,Mph_TU
140,1032.75,0,Mph_TU
119,1021.25,0,Mph_TU
165.5,1033.75,0,Mph_TU
221.5,1031.25,0,Mph_TU
153,1029.75,0,Mph_TU
264.5,1045.25,0,Mph_TU
404,1040.75,0,Mph_TU
118,1044.75,0,Mph_TU
154.5,1054.75,0,Mph_TU
606,1062.25,0,Mph_TU
236.5,1063.25,0,Mph_TU
254.5,1054.75,0,Mph_TU
830,1064.25,0,Mph_TU
179,1077.75,0,Mph_TU
711.5,1070.75,0,Mph_TU
717,1078.75,0,Mph_TU
657,1086.75,0,Mph_TU
707,1093.25,0,Mph_TU
830.5,1088.25,0,Mph_TU
221.5,1088.25,0,Mph_TU
245,1099.25,0,Mph_TU
195.5,1099.25,0,Mph_TU
312.5,1102.75,0,Mph_TU
288.5,1099.75,0,Mph_TU
740.5,1115.75,0,Mph_TU
885,1105.25,0,Mph_TU
861,1101.25,0,Mph_TU
712,1116.75,0,Mph_TU
154.5,1105.25,0,Mph_TU
357.5,1109.25,0,Mph_TU
369.5,1108.75,0,Mph_TU
893,1125.75,0,Mph_TU
173.5,1119.75,0,Mph_TU
866,1125.25,0,Mph_TU
136.5,1119.25,0,Mph_TU
152.5,1127.25,0,Mph_TU
397.5,1121.25,0,Mph_TU
857,1143.75,0,Mph_TU
205.5,1133.75,0,Mph_TU
340,1138.25,0,Mph_TU
896.5,1140.75,0,Mph_TU
400,1146.25,0,Mph_TU
169.5,1144.25,0,Mph_TU
221,1150.25,0,Mph_TU
353,1151.25,0,Mph_TU
202,1161.25,0,Mph_TU
183,1156.25,0,Mph_TU
400,1174.25,0,Mph_TU
171.5,1170.25,0,Mph_TU
273,1166.25,0,Mph_TU
348.5,1175.25,0,Mph_TU
119.5,1169.75,0,Mph_TU
239.5,1172.25,0,Mph_TU
788,1177.25,0,Mph_TU
159,1195.25,0,Mph_TU
136,1188.75,0,Mph_TU
374.5,1185.75,0,Mph_TU
282,1185.75,0,Mph_TU
394,1192.25,0,Mph_TU
417,1195.25,0,Mph_TU
179,1206.75,0,Mph_TU
124,1200.75,0,Mph_TU
293,1197.75,0,Mph_TU
773.5,1208.25,0,Mph_TU
374,1210.75,0,Mph_TU
396.5,1209.25,0,Mph_TU
801,1201.25,0,Mph_TU
322.5,1204.75,0,Mph_TU
257.5,1204.75,0,Mph_TU
140,1216.25,0,Mph_TU
278.5,1210.75,0,Mph_TU
416,1216.25,0,Mph_TU
799.5,1217.25,0,Mph_TU
115,1222.75,0,Mph_TU
244,1219.25,0,Mph_TU
275.5,1231.25,0,Mph_TU
312.5,1229.25,0,Mph_TU
397.5,1236.25,0,Mph_TU
170,1244.75,0,Mph_TU
259,1254.25,0,Mph_TU
213,1236.25,0,Mph_TU
117,1242.25,0,Mph_TU
231,1241.25,0,Mph_TU
797,1255.75,0,Mph_TU
288,1252.25,0,Mph_TU
366,1246.25,0,Mph_TU
343,1261.75,0,Mph_TU
404,1260.75,0,Mph_TU
311.5,1260.75,0,Mph_TU
211,1257.75,0,Mph_TU
111.5,1258.25,0,Mph_TU
187,1260.25,0,Mph_TU
226,1263.75,0,Mph_TU
143,1255.75,0,Mph_TU
307.5,1269.25,0,Mph_TU
245,1265.25,0,Mph_TU
197,1271.25,0,Mph_TU
285.5,1270.25,0,Mph_TU
366.5,1277.75,0,Mph_TU
875,1279.75,0,Mph_TU
184,1280.75,0,Mph_TU
262.5,1276.25,0,Mph_TU
790,1267.25,0,Mph_TU
856,1285.25,0,Mph_TU
253,1289.25,0,Mph_TU
293.5,1295.25,0,Mph_TU
218.5,1297.25,0,Mph_TU
274.5,1289.75,0,Mph_TU
317,1284.75,0,Mph_TU
524,1292.75,0,Mph_TU
495,1295.25,0,Mph_TU
900.5,1300.75,0,Mph_TU
242,1302.25,0,Mph_TU
131.5,1300.75,0,Mph_TU
166.5,1299.25,0,Mph_TU
380.5,1303.75,0,Mph_TU
827.5,1307.75,0,Mph_TU
310.5,1308.25,0,Mph_TU
856,1314.25,0,Mph_TU
152,1324.75,0,Mph_TU
330,1313.75,0,Mph_TU
120,1316.75,0,Mph_TU
172.5,1324.25,0,Mph_TU
356,1314.25,0,Mph_TU
739,1321.75,0,Mph_TU
845,1334.25,0,Mph_TU
315.5,1328.75,0,Mph_TU
293,1339.75,0,Mph_TU
362.5,1332.25,0,Mph_TU
378,1342.25,0,Mph_TU
412.5,1341.75,0,Mph_TU
877.5,1347.25,0,Mph_TU
402,1366.25,0,Mph_TU
191.5,1360.75,0,Mph_TU
290,1365.25,0,Mph_TU
764.5,1360.25,0,Mph_TU
359.5,1356.75,0,Mph_TU
130.5,1368.75,0,Mph_TU
212,1363.25,0,Mph_TU
235,1370.25,0,Mph_TU
725.5,1369.25,0,Mph_TU
779,1373.75,0,Mph_TU
804.5,1380.75,0,Mph_TU
744,1382.25,0,Mph_TU
254,1395.75,0,Mph_TU
279,1381.75,0,Mph_TU
459,1381.25,0,Mph_TU
196.5,1385.75,0,Mph_TU
364.5,1383.75,0,Mph_TU
905,1384.75,0,Mph_TU
230.5,1393.25,0,Mph_TU
421,1396.75,0,Mph_TU
779,1394.25,0,Mph_TU
837,1395.25,0,Mph_TU
278.5,1405.75,0,Mph_TU
349,1416.75,0,Mph_TU
117,1417.25,0,Mph_TU
734,1412.25,0,Mph_TU
844.5,1413.25,0,Mph_TU
727.5,1420.25,0,Mph_TU
288,1434.75,0,Mph_TU
701.5,1420.25,0,Mph_TU
783.5,1429.25,0,Mph_TU
266,1437.25,0,Mph_TU
312,1427.75,0,Mph_TU
716.5,1437.75,0,Mph_TU
236,1441.25,0,Mph_TU
392,1442.75,0,Mph_TU
320,1443.75,0,Mph_TU
158.5,1449.25,0,Mph_TU
216,1445.75,0,Mph_TU
192,1443.75,0,Mph_TU
297.5,1460.25,0,Mph_TU
334,1460.75,0,Mph_TU
608.5,1452.75,0,Mph_TU
688,1457.25,0,Mph_TU
255,1469.75,0,Mph_TU
199.5,1461.75,0,Mph_TU
232,1460.75,0,Mph_TU
131,1466.75,0,Mph_TU
196.5,1482.25,0,Mph_TU
181,1470.25,0,Mph_TU
353.5,1469.25,0,Mph_TU
414.5,1471.75,0,Mph_TU
776.5,1479.75,0,Mph_TU
877.5,1479.75,0,Mph_TU
618.5,1483.25,0,Mph_TU
295,1484.25,0,Mph_TU
599,1476.75,0,Mph_TU
219.5,1492.25,0,Mph_TU
548.5,1486.25,0,Mph_TU
135.5,1498.25,0,Mph_TU
597,1499.75,0,Mph_TU
284.5,1502.25,0,Mph_TU
174,1510.75,0,Mph_TU
126,1509.25,0,Mph_TU
659.5,1510.75,0,Mph_TU
405,1522.75,0,Mph_TU
587,1530.75,0,Mph_TU
160.5,1529.75,0,Mph_TU
272,1522.75,0,Mph_TU
137.5,1531.75,0,Mph_TU
251.5,1527.25,0,Mph_TU
626,1529.25,0,Mph_TU
428.5,1539.75,0,Mph_TU
276,1537.25,0,Mph_TU
246,1542.75,0,Mph_TU
179.5,1541.25,0,Mph_TU
614.5,1544.75,0,Mph_TU
214.5,1552.25,0,Mph_TU
638,1549.25,0,Mph_TU
170.5,1563.75,0,Mph_TU
558.5,1558.25,0,Mph_TU
374.5,1555.25,0,Mph_TU
349,1560.25,0,Mph_TU
130.5,1571.75,0,Mph_TU
791,1578.25,0,Mph_TU
670,1597.75,0,Mph_TU
591,1589.25,0,Mph_TU
351.5,1597.75,0,Mph_TU
787.5,1601.25,0,Mph_TU
730.5,1592.25,0,Mph_TU
137.5,1606.75,0,Mph_TU
416,1609.75,0,Mph_TU
614.5,1599.75,0,Mph_TU
687,1618.25,0,Mph_TU
388,1617.25,0,Mph_TU
213,1603.25,0,Mph_TU
119.5,1612.75,0,Mph_TU
729.5,1617.75,0,Mph_TU
292,1615.25,0,Mph_TU
617.5,1619.25,0,Mph_TU
345,1625.75,0,Mph_TU
276,1621.75,0,Mph_TU
214,1630.25,0,Mph_TU
118,1629.75,0,Mph_TU
305,1633.25,0,Mph_TU
615.5,1641.25,0,Mph_TU
594.5,1632.75,0,Mph_TU
762,1640.25,0,Mph_TU
565,1634.25,0,Mph_TU
324,1640.75,0,Mph_TU
155.5,1638.75,0,Mph_TU
583.5,1640.25,0,Mph_TU
843.5,1636.75,0,Mph_TU
267.5,1650.75,0,Mph_TU
206,1648.25,0,Mph_TU
601.5,1647.25,0,Mph_TU
226,1648.25,0,Mph_TU
295,1653.25,0,Mph_TU
637.5,1658.75,0,Mph_TU
317.5,1664.25,0,Mph_TU
667.5,1658.75,0,Mph_TU
193,1652.75,0,Mph_TU
611,1663.25,0,Mph_TU
593,1657.75,0,Mph_TU
129,1662.25,0,Mph_TU
212,1667.75,0,Mph_TU
272,1680.75,0,Mph_TU
768,1671.25,0,Mph_TU
299.5,1677.75,0,Mph_TU
190.5,1680.75,0,Mph_TU
251,1673.75,0,Mph_TU
790.5,1683.75,0,Mph_TU
161,1678.25,0,Mph_TU
650,1685.75,0,Mph_TU
135.5,1679.25,0,Mph_TU
831.5,1684.75,0,Mph_TU
208,1693.75,0,Mph_TU
465,1696.75,0,Mph_TU
174,1698.25,0,Mph_TU
389,1682.25,0,Mph_TU
493.5,1693.25,0,Mph_TU
144.5,1700.75,0,Mph_TU
240.5,1698.25,0,Mph_TU
121,1697.75,0,Mph_TU
266.5,1698.75,0,Mph_TU
246.5,1707.25,0,Mph_TU
278,1715.75,0,Mph_TU
484.5,1719.25,0,Mph_TU
616,1710.25,0,Mph_TU
659.5,1709.25,0,Mph_TU
733.5,1711.75,0,Mph_TU
698,1708.25,0,Mph_TU
147,1720.25,0,Mph_TU
226.5,1724.25,0,Mph_TU
403.5,1713.75,0,Mph_TU
840.5,1718.25,0,Mph_TU
267.5,1724.25,0,Mph_TU
778,1719.75,0,Mph_TU
186.5,1719.75,0,Mph_TU
132,1726.25,0,Mph_TU
747,1724.75,0,Mph_TU
883,1736.75,0,Mph_TU
202.5,1728.25,0,Mph_TU
857,1729.75,0,Mph_TU
389.5,1737.75,0,Mph_TU
616.5,1733.75,0,Mph_TU
902,1743.75,0,Mph_TU
837.5,1739.75,0,Mph_TU
784.5,1738.25,0,Mph_TU
132.5,1745.25,0,Mph_TU
587,1735.75,0,Mph_TU
876,1748.75,0,Mph_TU
634.5,1749.25,0,Mph_TU
189,1766.75,0,Mph_TU
857.5,1754.25,0,Mph_TU
296.5,1755.75,0,Mph_TU
507,1753.75,0,Mph_TU
551,1746.25,0,Mph_TU
571.5,1750.75,0,Mph_TU
388.5,1767.25,0,Mph_TU
153.5,1760.75,0,Mph_TU
782,1777.75,0,Mph_TU
684.5,1781.75,0,Mph_TU
216,1791.25,0,Mph_TU
865.5,1776.75,0,Mph_TU
626.5,1782.75,0,Mph_TU
567,1786.75,0,Mph_TU
266.5,1790.75,0,Mph_TU
460.5,1789.25,0,Mph_TU
533,1796.75,0,Mph_TU
178.5,1786.75,0,Mph_TU
850.5,1792.75,0,Mph_TU
873,1790.25,0,Mph_TU
171,1794.75,0,Mph_TU
193.5,1810.75,0,Mph_TU
264,1805.75,0,Mph_TU
487.5,1806.75,0,Mph_TU
162.5,1809.25,0,Mph_TU
642,1812.25,0,Mph_TU
876,1812.25,0,Mph_TU
-383,-579.75,0,Mph_TU
-552,-574.25,0,Mph_TU
-510,-579.75,0,Mph_TU
-280.5,-571.25,0,Mph_TU
-171,-569.25,0,Mph_TU
-578,-565.75,0,Mph_TU
-481.5,-571.75,0,Mph_TU
-251,-563.75,0,Mph_TU
-215,-566.75,0,Mph_TU
-538,-555.75,0,Mph_TU
10.5,-554.75,0,Mph_TU
-205,-553.25,0,Mph_TU
-511,-562.25,0,Mph_TU
36.5,-560.25,0,Mph_TU
-43.5,-552.75,0,Mph_TU
23,-558.25,0,Mph_TU
-568.5,-548.25,0,Mph_TU
-316,-558.75,0,Mph_TU
-2.5,-538.25,0,Mph_TU
-588,-541.75,0,Mph_TU
-522,-539.25,0,Mph_TU
-187,-535.75,0,Mph_TU
-490.5,-536.25,0,Mph_TU
-261,-545.75,0,Mph_TU
-32,-547.25,0,Mph_TU
-503.5,-540.25,0,Mph_TU
-231.5,-545.25,0,Mph_TU
-167,-534.25,0,Mph_TU
-457,-527.25,0,Mph_TU
-75,-530.25,0,Mph_TU
-680.5,-538.25,0,Mph_TU
-595,-528.75,0,Mph_TU
-320.5,-528.25,0,Mph_TU
-396,-535.25,0,Mph_TU
-19.5,-530.25,0,Mph_TU
-538.5,-528.25,0,Mph_TU
-266.5,-519.75,0,Mph_TU
-240,-530.25,0,Mph_TU
-131,-533.25,0,Mph_TU
-106,-536.25,0,Mph_TU
-28.5,-522.25,0,Mph_TU
-290,-521.75,0,Mph_TU
-336,-516.75,0,Mph_TU
-489.5,-510.25,0,Mph_TU
-212,-519.75,0,Mph_TU
-246,-512.25,0,Mph_TU
-447,-507.25,0,Mph_TU
-112,-511.75,0,Mph_TU
-55.5,-513.75,0,Mph_TU
-362.5,-510.25,0,Mph_TU
-540,-507.25,0,Mph_TU
-324,-504.25,0,Mph_TU
-238.5,-504.75,0,Mph_TU
-592.5,-504.75,0,Mph_TU
-88,-494.75,0,Mph_TU
-369,-491.25,0,Mph_TU
-181,-496.75,0,Mph_TU
-564.5,-502.25,0,Mph_TU
-510,-503.75,0,Mph_TU
-404,-495.25,0,Mph_TU
-205.5,-498.75,0,Mph_TU
-222,-494.75,0,Mph_TU
-116,-496.25,0,Mph_TU
-531,-487.75,0,Mph_TU
-348.5,-489.25,0,Mph_TU
-310.5,-487.25,0,Mph_TU
-134.5,-482.25,0,Mph_TU
-247.5,-482.75,0,Mph_TU
-579,-480.75,0,Mph_TU
-335.5,-484.75,0,Mph_TU
-548.5,-481.75,0,Mph_TU
-559,-481.25,0,Mph_TU
-513.5,-471.25,0,Mph_TU
-215,-480.25,0,Mph_TU
-202,-469.25,0,Mph_TU
33.5,-474.75,0,Mph_TU
-477.5,-465.75,0,Mph_TU
-229,-462.25,0,Mph_TU
-172,-468.25,0,Mph_TU
-592,-458.25,0,Mph_TU
-523,-460.75,0,Mph_TU
-565,-463.25,0,Mph_TU
-537,-462.25,0,Mph_TU
-330,-447.75,0,Mph_TU
-174,-447.75,0,Mph_TU
-564,-446.75,0,Mph_TU
-526,-440.75,0,Mph_TU
-213.5,-435.25,0,Mph_TU
-363.5,-444.75,0,Mph_TU
-197,-438.75,0,Mph_TU
-601,-436.75,0,Mph_TU
-544.5,-426.25,0,Mph_TU
-441.5,-432.75,0,Mph_TU
-572,-427.75,0,Mph_TU
-101,-437.75,0,Mph_TU
-670,-429.75,0,Mph_TU
-173.5,-422.25,0,Mph_TU
-103.5,-415.75,0,Mph_TU
-551.5,-415.75,0,Mph_TU
-320,-413.25,0,Mph_TU
-586,-419.75,0,Mph_TU
-605,-408.75,0,Mph_TU
9,-416.25,0,Mph_TU
-385.5,-417.25,0,Mph_TU
-247,-416.75,0,Mph_TU
-160,-406.25,0,Mph_TU
-643,-414.75,0,Mph_TU
-493,-406.25,0,Mph_TU
-567.5,-407.75,0,Mph_TU
-209.5,-402.25,0,Mph_TU
-652,-404.25,0,Mph_TU
-624.5,-398.25,0,Mph_TU
-579.5,-399.25,0,Mph_TU
-406,-401.75,0,Mph_TU
-371.5,-404.25,0,Mph_TU
-239,-389.75,0,Mph_TU
-178.5,-386.75,0,Mph_TU
-653,-391.25,0,Mph_TU
-256,-393.75,0,Mph_TU
-607,-385.25,0,Mph_TU
-564,-389.75,0,Mph_TU
-213,-376.75,0,Mph_TU
-373.5,-378.75,0,Mph_TU
-630,-380.75,0,Mph_TU
-302,-378.75,0,Mph_TU
-653.5,-373.25,0,Mph_TU
-619.5,-359.25,0,Mph_TU
-550.5,-363.25,0,Mph_TU
-225,-366.25,0,Mph_TU
-154.5,-370.25,0,Mph_TU
-458,-369.75,0,Mph_TU
-233,-359.25,0,Mph_TU
-422,-363.75,0,Mph_TU
-339,-371.75,0,Mph_TU
-493.5,-362.75,0,Mph_TU
-689,-360.25,0,Mph_TU
-387,-352.25,0,Mph_TU
-645.5,-357.75,0,Mph_TU
-364.5,-350.25,0,Mph_TU
-302,-353.75,0,Mph_TU
-278,-349.75,0,Mph_TU
-245,-349.75,0,Mph_TU
-344,-350.25,0,Mph_TU
-195.5,-354.25,0,Mph_TU
-323,-355.25,0,Mph_TU
-630,-332.25,0,Mph_TU
36,-349.75,0,Mph_TU
-70,-344.25,0,Mph_TU
-255,-341.25,0,Mph_TU
-201.5,-327.25,0,Mph_TU
-674,-334.75,0,Mph_TU
-302,-334.75,0,Mph_TU
-686.5,-323.75,0,Mph_TU
-316.5,-332.75,0,Mph_TU
-265,-326.75,0,Mph_TU
-547,-329.75,0,Mph_TU
-574.5,-333.25,0,Mph_TU
-287,-325.75,0,Mph_TU
-657.5,-317.25,0,Mph_TU
36.5,-325.25,0,Mph_TU
-516,-323.25,0,Mph_TU
-304,-322.75,0,Mph_TU
-129.5,-321.75,0,Mph_TU
-59,-317.25,0,Mph_TU
-221,-318.75,0,Mph_TU
-255.5,-319.25,0,Mph_TU
-192,-310.25,0,Mph_TU
34.5,-309.25,0,Mph_TU
-276.5,-300.75,0,Mph_TU
-302,-301.25,0,Mph_TU
-248,-304.25,0,Mph_TU
-330,-303.25,0,Mph_TU
57.5,-298.25,0,Mph_TU
-572.5,-292.75,0,Mph_TU
-437.5,-298.25,0,Mph_TU
-150.5,-295.25,0,Mph_TU
-129,-300.75,0,Mph_TU
-288,-288.75,0,Mph_TU
37.5,-284.75,0,Mph_TU
72.5,-284.25,0,Mph_TU
-394,-276.75,0,Mph_TU
-250.5,-281.25,0,Mph_TU
-365,-284.75,0,Mph_TU
-5.5,-283.75,0,Mph_TU
-273.5,-267.25,0,Mph_TU
-203.5,-277.25,0,Mph_TU
-343.5,-272.25,0,Mph_TU
-597.5,-269.75,0,Mph_TU
-309,-274.25,0,Mph_TU
63,-262.25,0,Mph_TU
-624.5,-269.75,0,Mph_TU
-513,-270.25,0,Mph_TU
-642.5,-269.25,0,Mph_TU
-377.5,-262.75,0,Mph_TU
-294.5,-263.75,0,Mph_TU
-247.5,-257.25,0,Mph_TU
-9.5,-253.25,0,Mph_TU
-481.5,-261.25,0,Mph_TU
-315.5,-260.75,0,Mph_TU
-133,-258.75,0,Mph_TU
-659.5,-256.75,0,Mph_TU
-328.5,-260.25,0,Mph_TU
-674.5,-255.25,0,Mph_TU
-630.5,-247.75,0,Mph_TU
-561,-253.25,0,Mph_TU
-605,-239.25,0,Mph_TU
-329.5,-241.75,0,Mph_TU
-653.5,-234.25,0,Mph_TU
-589,-239.75,0,Mph_TU
-472,-240.25,0,Mph_TU
-568,-235.75,0,Mph_TU
-672.5,-233.75,0,Mph_TU
-633,-231.75,0,Mph_TU
-122.5,-228.25,0,Mph_TU
-360,-227.25,0,Mph_TU
-414,-235.25,0,Mph_TU
-457,-223.75,0,Mph_TU
-9.5,-218.75,0,Mph_TU
-369,-214.25,0,Mph_TU
-333.5,-212.75,0,Mph_TU
-570.5,-214.25,0,Mph_TU
-594,-214.75,0,Mph_TU
-666.5,-208.25,0,Mph_TU
-637.5,-207.75,0,Mph_TU
-406.5,-212.75,0,Mph_TU
60.5,-209.75,0,Mph_TU
-320,-207.25,0,Mph_TU
15.5,-217.75,0,Mph_TU
-24.5,-200.75,0,Mph_TU
-375,-204.75,0,Mph_TU
-584.5,-199.25,0,Mph_TU
-453,-202.75,0,Mph_TU
-307.5,-199.75,0,Mph_TU
-283,-203.25,0,Mph_TU
-412,-193.25,0,Mph_TU
-266.5,-193.75,0,Mph_TU
-384,-184.75,0,Mph_TU
-684,-186.25,0,Mph_TU
-623,-193.75,0,Mph_TU
-665,-188.75,0,Mph_TU
-436,-188.75,0,Mph_TU
-288.5,-193.25,0,Mph_TU
-649.5,-186.25,0,Mph_TU
-465,-184.75,0,Mph_TU
-363,-185.25,0,Mph_TU
-274,-172.75,0,Mph_TU
-294,-170.75,0,Mph_TU
-632.5,-163.75,0,Mph_TU
-478.5,-172.25,0,Mph_TU
-669.5,-168.75,0,Mph_TU
-596,-181.75,0,Mph_TU
-613.5,-177.75,0,Mph_TU
-653,-168.25,0,Mph_TU
-240.5,-166.25,0,Mph_TU
-583.5,-163.25,0,Mph_TU
-441,-160.75,0,Mph_TU
-606.5,-159.75,0,Mph_TU
-558.5,-152.25,0,Mph_TU
-326,-164.25,0,Mph_TU
63.5,-165.75,0,Mph_TU
25,-153.25,0,Mph_TU
-451.5,-145.25,0,Mph_TU
-270.5,-152.25,0,Mph_TU
-586.5,-133.75,0,Mph_TU
-653,-150.75,0,Mph_TU
-242,-142.75,0,Mph_TU
-571,-138.75,0,Mph_TU
-337.5,-137.75,0,Mph_TU
57.5,-151.75,0,Mph_TU
-622.5,-146.25,0,Mph_TU
-289,-144.75,0,Mph_TU
-685,-146.25,0,Mph_TU
-272.5,-139.25,0,Mph_TU
35.5,-138.75,0,Mph_TU
-352,-129.75,0,Mph_TU
-615.5,-129.25,0,Mph_TU
-551,-132.75,0,Mph_TU
-647.5,-132.25,0,Mph_TU
-253,-126.75,0,Mph_TU
62,-121.75,0,Mph_TU
-603,-130.25,0,Mph_TU
28,-121.75,0,Mph_TU
-296,-124.75,0,Mph_TU
43.5,-126.75,0,Mph_TU
-681.5,-124.25,0,Mph_TU
-275.5,-124.75,0,Mph_TU
-230,-118.25,0,Mph_TU
-664.5,-111.75,0,Mph_TU
-413,-124.25,0,Mph_TU
-596.5,-106.75,0,Mph_TU
-356.5,-122.25,0,Mph_TU
-265,-118.25,0,Mph_TU
-556,-113.75,0,Mph_TU
-632.5,-103.75,0,Mph_TU
-646.5,-105.25,0,Mph_TU
-270.5,-108.25,0,Mph_TU
-353,-91.25,0,Mph_TU
-247,-100.75,0,Mph_TU
-289,-95.75,0,Mph_TU
-385,-98.75,0,Mph_TU
-552.5,-92.25,0,Mph_TU
-402.5,-92.75,0,Mph_TU
-622.5,-83.75,0,Mph_TU
-421.5,-91.25,0,Mph_TU
-277.5,-84.25,0,Mph_TU
-387,-77.25,0,Mph_TU
-259,-79.75,0,Mph_TU
-243.5,-80.75,0,Mph_TU
22.5,-77.75,0,Mph_TU
-133.5,-73.25,0,Mph_TU
-8,-78.75,0,Mph_TU
-579,-80.75,0,Mph_TU
-18.5,-59.25,0,Mph_TU
-104,-66.75,0,Mph_TU
-54,-61.25,0,Mph_TU
-85.5,-56.75,0,Mph_TU
-658.5,-67.75,0,Mph_TU
-312,-54.25,0,Mph_TU
-600.5,-54.75,0,Mph_TU
-543.5,-44.75,0,Mph_TU
-412.5,-49.75,0,Mph_TU
-120.5,-50.25,0,Mph_TU
32,-58.75,0,Mph_TU
-280,-50.25,0,Mph_TU
-659,-50.25,0,Mph_TU
-138,-46.75,0,Mph_TU
46,-52.25,0,Mph_TU
-389.5,-49.25,0,Mph_TU
-215,-44.75,0,Mph_TU
-181,-43.25,0,Mph_TU
-253,-42.75,0,Mph_TU
-277,-27.75,0,Mph_TU
-238.5,-47.75,0,Mph_TU
29,-40.25,0,Mph_TU
-38.5,-33.75,0,Mph_TU
11,-32.25,0,Mph_TU
-670,-17.75,0,Mph_TU
-401,-33.25,0,Mph_TU
-654.5,-33.25,0,Mph_TU
44.5,-31.25,0,Mph_TU
-369,-29.75,0,Mph_TU
-642.5,-28.75,0,Mph_TU
28,-18.25,0,Mph_TU
-383.5,-18.25,0,Mph_TU
-594.5,-19.75,0,Mph_TU
-404.5,-8.75,0,Mph_TU
-370.5,-9.75,0,Mph_TU
-357.5,-2.25,0,Mph_TU
-47,-3.75,0,Mph_TU
-674,7.25,0,Mph_TU
-12,-5.75,0,Mph_TU
52.5,9.75,0,Mph_TU
34,24.75,0,Mph_TU
-577,11.25,0,Mph_TU
-347,20.75,0,Mph_TU
-583,16.25,0,Mph_TU
-14.5,20.25,0,Mph_TU
-621.5,20.75,0,Mph_TU
-39,31.75,0,Mph_TU
-593.5,28.75,0,Mph_TU
71.5,26.25,0,Mph_TU
13,26.75,0,Mph_TU
-320,23.25,0,Mph_TU
-358,45.75,0,Mph_TU
-2,45.25,0,Mph_TU
-284.5,24.25,0,Mph_TU
-290.5,39.25,0,Mph_TU
-635,36.75,0,Mph_TU
-589.5,41.75,0,Mph_TU
63,43.75,0,Mph_TU
-622,48.25,0,Mph_TU
-325.5,57.75,0,Mph_TU
-603,63.75,0,Mph_TU
-623.5,70.75,0,Mph_TU
-572.5,70.75,0,Mph_TU
-472,68.25,0,Mph_TU
-342,76.25,0,Mph_TU
-648,81.75,0,Mph_TU
-615,89.25,0,Mph_TU
-57,88.25,0,Mph_TU
-495,88.75,0,Mph_TU
6.5,92.25,0,Mph_TU
54,89.75,0,Mph_TU
-561.5,105.75,0,Mph_TU
-287.5,111.25,0,Mph_TU
-244.5,107.75,0,Mph_TU
-481.5,103.75,0,Mph_TU
-176.5,109.75,0,Mph_TU
-517,109.25,0,Mph_TU
-171.5,120.25,0,Mph_TU
-396,121.25,0,Mph_TU
67.5,125.25,0,Mph_TU
24,142.75,0,Mph_TU
-532,131.75,0,Mph_TU
-418,139.25,0,Mph_TU
81,133.25,0,Mph_TU
-184,148.25,0,Mph_TU
-207,150.75,0,Mph_TU
-428.5,148.75,0,Mph_TU
85.5,163.75,0,Mph_TU
-229,171.75,0,Mph_TU
-497.5,175.75,0,Mph_TU
-245.5,172.25,0,Mph_TU
-604.5,164.75,0,Mph_TU
-523.5,180.25,0,Mph_TU
-586,170.25,0,Mph_TU
-552.5,170.75,0,Mph_TU
-576,190.25,0,Mph_TU
-220,191.25,0,Mph_TU
-610.5,187.75,0,Mph_TU
54,189.25,0,Mph_TU
96,195.25,0,Mph_TU
1.5,183.75,0,Mph_TU
-503.5,187.75,0,Mph_TU
-550,196.75,0,Mph_TU
74.5,193.25,0,Mph_TU
-601,198.75,0,Mph_TU
-626,204.25,0,Mph_TU
-513.5,205.75,0,Mph_TU
-240.5,202.75,0,Mph_TU
-684.5,205.75,0,Mph_TU
-6,207.75,0,Mph_TU
18,206.25,0,Mph_TU
-656,205.75,0,Mph_TU
-585.5,212.75,0,Mph_TU
-263.5,212.75,0,Mph_TU
-18.5,208.25,0,Mph_TU
-1234,-585.25,0,Mph_TU
-1386,-582.25,0,Mph_TU
-1303,-580.75,0,Mph_TU
-1255.5,-581.25,0,Mph_TU
-871,-580.75,0,Mph_TU
-1339.5,-584.75,0,Mph_TU
-1227.5,-576.75,0,Mph_TU
-767.5,-574.75,0,Mph_TU
-1405,-573.25,0,Mph_TU
-1207.5,-573.25,0,Mph_TU
-747,-556.75,0,Mph_TU
-701,-570.25,0,Mph_TU
-841,-565.75,0,Mph_TU
-943,-558.25,0,Mph_TU
-966,-560.25,0,Mph_TU
-714,-561.75,0,Mph_TU
-1402.5,-552.75,0,Mph_TU
-1293.5,-558.25,0,Mph_TU
-830,-549.25,0,Mph_TU
-983,-551.25,0,Mph_TU
-803,-555.25,0,Mph_TU
-932.5,-539.25,0,Mph_TU
-1267.5,-543.25,0,Mph_TU
-888,-550.25,0,Mph_TU
-756.5,-541.75,0,Mph_TU
-1385.5,-541.75,0,Mph_TU
-867.5,-544.75,0,Mph_TU
-1314.5,-546.25,0,Mph_TU
-957,-534.25,0,Mph_TU
-1297.5,-531.25,0,Mph_TU
-1253,-538.75,0,Mph_TU
-916,-528.25,0,Mph_TU
-723.5,-528.75,0,Mph_TU
-1410.5,-524.25,0,Mph_TU
-792.5,-529.25,0,Mph_TU
-764,-528.75,0,Mph_TU
-812.5,-523.25,0,Mph_TU
-780,-520.25,0,Mph_TU
-879.5,-520.75,0,Mph_TU
-1261,-512.25,0,Mph_TU
-1304.5,-519.25,0,Mph_TU
-862.5,-516.75,0,Mph_TU
-801.5,-504.75,0,Mph_TU
-765,-515.75,0,Mph_TU
-912.5,-508.75,0,Mph_TU
-888.5,-506.75,0,Mph_TU
-746,-504.75,0,Mph_TU
-1337,-509.75,0,Mph_TU
-865.5,-500.75,0,Mph_TU
-934,-501.75,0,Mph_TU
-775.5,-496.25,0,Mph_TU
-1408,-503.25,0,Mph_TU
-1314.5,-494.25,0,Mph_TU
-1293.5,-490.75,0,Mph_TU
-1377,-498.25,0,Mph_TU
-949,-494.25,0,Mph_TU
-905,-492.25,0,Mph_TU
-1413.5,-487.75,0,Mph_TU
-888,-482.75,0,Mph_TU
-846,-491.75,0,Mph_TU
-1335,-479.75,0,Mph_TU
-914.5,-481.25,0,Mph_TU
-1391.5,-485.75,0,Mph_TU
-765,-478.75,0,Mph_TU
-864,-464.75,0,Mph_TU
-1377.5,-466.25,0,Mph_TU
-1320,-462.25,0,Mph_TU
-833.5,-463.25,0,Mph_TU
-1396.5,-463.25,0,Mph_TU
-880.5,-458.25,0,Mph_TU
-897,-457.25,0,Mph_TU
-1409,-444.75,0,Mph_TU
-791,-456.25,0,Mph_TU
-905.5,-449.75,0,Mph_TU
-817.5,-447.75,0,Mph_TU
-935,-443.25,0,Mph_TU
-917,-443.25,0,Mph_TU
-1384,-430.75,0,Mph_TU
-1286,-422.25,0,Mph_TU
-937.5,-422.75,0,Mph_TU
-872.5,-423.25,0,Mph_TU
-918,-415.75,0,Mph_TU
-1351,-407.75,0,Mph_TU
-1292,-403.75,0,Mph_TU
-1330,-400.75,0,Mph_TU
-862,-394.25,0,Mph_TU
-1287.5,-390.25,0,Mph_TU
-1234,-379.75,0,Mph_TU
-1215,-369.25,0,Mph_TU
-1284.5,-362.25,0,Mph_TU
-1248,-356.25,0,Mph_TU
-1225,-357.25,0,Mph_TU
-1270,-348.25,0,Mph_TU
-1203,-349.75,0,Mph_TU
-1350.5,-344.25,0,Mph_TU
-1422,-345.75,0,Mph_TU
-1307,-340.25,0,Mph_TU
-1220,-340.75,0,Mph_TU
-1392.5,-342.75,0,Mph_TU
-1410.5,-336.25,0,Mph_TU
-1287.5,-330.25,0,Mph_TU
-1231.5,-325.25,0,Mph_TU
-1201,-327.25,0,Mph_TU
-1264.5,-325.25,0,Mph_TU
-1302,-328.25,0,Mph_TU
-1422,-319.75,0,Mph_TU
-1388,-325.25,0,Mph_TU
-1339,-324.75,0,Mph_TU
-1319.5,-320.75,0,Mph_TU
-1251,-321.75,0,Mph_TU
-1298,-314.75,0,Mph_TU
-1335,-308.25,0,Mph_TU
-1276.5,-306.75,0,Mph_TU
-1321.5,-299.25,0,Mph_TU
-1302.5,-298.25,0,Mph_TU
-1282.5,-286.25,0,Mph_TU
-1431.5,-288.25,0,Mph_TU
-1254,-287.75,0,Mph_TU
-1302,-265.25,0,Mph_TU
-1419.5,-263.25,0,Mph_TU
-1243,-253.75,0,Mph_TU
-701.5,-242.25,0,Mph_TU
-1257,-232.25,0,Mph_TU
-702.5,-222.25,0,Mph_TU
-691,-214.75,0,Mph_TU
-1317.5,-216.25,0,Mph_TU
-1197,-197.25,0,Mph_TU
-710.5,-204.75,0,Mph_TU
-1242,-206.75,0,Mph_TU
-1220,-193.25,0,Mph_TU
-1280,-193.25,0,Mph_TU
-696,-180.25,0,Mph_TU
-1242.5,-173.75,0,Mph_TU
-1211.5,-168.75,0,Mph_TU
-1196.5,-152.75,0,Mph_TU
-1218,-146.75,0,Mph_TU
-698.5,-139.75,0,Mph_TU
-1228,-130.75,0,Mph_TU
-1212,-120.75,0,Mph_TU
-706,-120.25,0,Mph_TU
-1248.5,-130.75,0,Mph_TU
-693,-108.25,0,Mph_TU
-1142.5,-39.25,0,Mph_TU
-1117,-12.75,0,Mph_TU
-701,-0.75,0,Mph_TU
-715.5,39.25,0,Mph_TU
-990.5,48.25,0,Mph_TU
-967.5,46.25,0,Mph_TU
-692,91.25,0,Mph_TU
-986,204.25,0,Mph_TU
-959,206.25,0,Mph_TU
44.5,216.75,0,Mph_TU
15,232.75,0,Mph_TU
-620,230.25,0,Mph_TU
-306,227.25,0,Mph_TU
-274,228.25,0,Mph_TU
-530,227.25,0,Mph_TU
-229,230.25,0,Mph_TU
-16.5,225.75,0,Mph_TU
-594,235.75,0,Mph_TU
-208,236.75,0,Mph_TU
-293.5,233.75,0,Mph_TU
-142,231.25,0,Mph_TU
-548.5,256.25,0,Mph_TU
60,233.75,0,Mph_TU
38,250.25,0,Mph_TU
-510,238.75,0,Mph_TU
-275,244.25,0,Mph_TU
-6,248.25,0,Mph_TU
88,244.25,0,Mph_TU
-647,243.75,0,Mph_TU
-305,253.25,0,Mph_TU
-497,257.25,0,Mph_TU
-178.5,256.75,0,Mph_TU
-607.5,255.25,0,Mph_TU
-517,259.25,0,Mph_TU
-282.5,262.75,0,Mph_TU
-164,255.75,0,Mph_TU
-591.5,257.25,0,Mph_TU
7.5,266.25,0,Mph_TU
-574,260.25,0,Mph_TU
-492,269.25,0,Mph_TU
-157.5,268.25,0,Mph_TU
-171,269.75,0,Mph_TU
-606,275.75,0,Mph_TU
-591,276.25,0,Mph_TU
-524.5,270.25,0,Mph_TU
-10,280.75,0,Mph_TU
-572.5,282.25,0,Mph_TU
-21,276.25,0,Mph_TU
-274,278.75,0,Mph_TU
-164.5,287.75,0,Mph_TU
-237,287.25,0,Mph_TU
-524.5,295.25,0,Mph_TU
-595,294.25,0,Mph_TU
-635.5,293.75,0,Mph_TU
-663,297.25,0,Mph_TU
-646,301.25,0,Mph_TU
-622.5,299.25,0,Mph_TU
-10,300.75,0,Mph_TU
-564,302.75,0,Mph_TU
-519.5,308.25,0,Mph_TU
-272.5,305.75,0,Mph_TU
-609,301.75,0,Mph_TU
-246.5,306.75,0,Mph_TU
-212.5,314.25,0,Mph_TU
-46,320.75,0,Mph_TU
-633.5,308.25,0,Mph_TU
-597,311.75,0,Mph_TU
-265.5,320.75,0,Mph_TU
-652,318.25,0,Mph_TU
-623,313.75,0,Mph_TU
-120,316.75,0,Mph_TU
-636.5,321.75,0,Mph_TU
-560.5,332.75,0,Mph_TU
-595,341.25,0,Mph_TU
-623.5,334.75,0,Mph_TU
27,324.25,0,Mph_TU
-105.5,333.75,0,Mph_TU
-644.5,346.25,0,Mph_TU
-688.5,339.25,0,Mph_TU
-255.5,339.75,0,Mph_TU
-504.5,336.25,0,Mph_TU
7,340.25,0,Mph_TU
-145,344.75,0,Mph_TU
-567.5,356.25,0,Mph_TU
-507.5,349.25,0,Mph_TU
-175.5,350.75,0,Mph_TU
-19.5,345.25,0,Mph_TU
-680.5,364.75,0,Mph_TU
-265.5,351.75,0,Mph_TU
-234.5,364.25,0,Mph_TU
-105.5,355.25,0,Mph_TU
-34,359.25,0,Mph_TU
10.5,366.75,0,Mph_TU
-14,367.75,0,Mph_TU
-541.5,353.25,0,Mph_TU
-635,358.25,0,Mph_TU
-139.5,361.75,0,Mph_TU
-270.5,369.25,0,Mph_TU
-120,369.25,0,Mph_TU
-518.5,377.25,0,Mph_TU
-633,374.75,0,Mph_TU
-253,382.25,0,Mph_TU
-590,385.75,0,Mph_TU
-552,384.25,0,Mph_TU
-460.5,378.75,0,Mph_TU
-676.5,394.25,0,Mph_TU
-215.5,385.75,0,Mph_TU
-514.5,395.75,0,Mph_TU
-419,410.25,0,Mph_TU
-529,411.75,0,Mph_TU
-644,400.25,0,Mph_TU
-75.5,412.25,0,Mph_TU
-452.5,413.25,0,Mph_TU
-127,400.75,0,Mph_TU
-247.5,409.75,0,Mph_TU
-183,409.75,0,Mph_TU
-640.5,420.75,0,Mph_TU
-499,413.25,0,Mph_TU
-153,428.25,0,Mph_TU
84,416.25,0,Mph_TU
-474,411.25,0,Mph_TU
-510.5,440.25,0,Mph_TU
16,429.75,0,Mph_TU
-488.5,429.25,0,Mph_TU
-448.5,431.25,0,Mph_TU
-471,430.75,0,Mph_TU
-547,431.25,0,Mph_TU
-271,429.75,0,Mph_TU
-113,437.75,0,Mph_TU
-631,437.25,0,Mph_TU
-487,453.75,0,Mph_TU
-238.5,444.75,0,Mph_TU
-468.5,448.75,0,Mph_TU
-303,446.75,0,Mph_TU
-615.5,449.25,0,Mph_TU
-2.5,448.25,0,Mph_TU
98.5,451.75,0,Mph_TU
69.5,452.25,0,Mph_TU
-510.5,466.25,0,Mph_TU
40.5,459.75,0,Mph_TU
-260,460.75,0,Mph_TU
8.5,462.75,0,Mph_TU
-234,467.75,0,Mph_TU
-252.5,479.75,0,Mph_TU
-220,465.75,0,Mph_TU
-624.5,470.75,0,Mph_TU
-304,480.75,0,Mph_TU
85.5,481.75,0,Mph_TU
-230.5,493.25,0,Mph_TU
-288,494.25,0,Mph_TU
33.5,484.25,0,Mph_TU
-115,501.75,0,Mph_TU
-446,494.75,0,Mph_TU
-266,504.25,0,Mph_TU
54,497.75,0,Mph_TU
81,502.25,0,Mph_TU
-499.5,504.75,0,Mph_TU
-471.5,499.75,0,Mph_TU
9.5,511.25,0,Mph_TU
54,512.75,0,Mph_TU
90,523.75,0,Mph_TU
-316,520.75,0,Mph_TU
-440.5,528.25,0,Mph_TU
35.5,530.25,0,Mph_TU
-268,524.25,0,Mph_TU
-238.5,526.25,0,Mph_TU
55,537.25,0,Mph_TU
-123.5,537.75,0,Mph_TU
-173,534.25,0,Mph_TU
-646,534.25,0,Mph_TU
-620.5,541.75,0,Mph_TU
-460,536.25,0,Mph_TU
-269.5,542.25,0,Mph_TU
-7,551.75,0,Mph_TU
-242,551.25,0,Mph_TU
-206,551.25,0,Mph_TU
-231,551.75,0,Mph_TU
-453.5,555.25,0,Mph_TU
-138,560.25,0,Mph_TU
-41,548.75,0,Mph_TU
-326,559.75,0,Mph_TU
-255.5,568.75,0,Mph_TU
-79,554.75,0,Mph_TU
-629,569.75,0,Mph_TU
-282,566.25,0,Mph_TU
-365.5,563.25,0,Mph_TU
-300.5,571.75,0,Mph_TU
-38,571.25,0,Mph_TU
-70,573.75,0,Mph_TU
-97.5,574.25,0,Mph_TU
-554,582.75,0,Mph_TU
-283,589.75,0,Mph_TU
-451.5,581.75,0,Mph_TU
-62.5,588.75,0,Mph_TU
-313.5,590.75,0,Mph_TU
-195,595.75,0,Mph_TU
42,593.25,0,Mph_TU
-670.5,595.75,0,Mph_TU
-335.5,594.25,0,Mph_TU
-475,591.75,0,Mph_TU
-166.5,597.75,0,Mph_TU
-47,599.25,0,Mph_TU
-77.5,603.25,0,Mph_TU
74.5,606.25,0,Mph_TU
-454.5,600.25,0,Mph_TU
-435,599.25,0,Mph_TU
-345.5,612.75,0,Mph_TU
-477,625.75,0,Mph_TU
-314,622.25,0,Mph_TU
-371.5,610.75,0,Mph_TU
-291,612.75,0,Mph_TU
-606,611.75,0,Mph_TU
-677,620.25,0,Mph_TU
-35.5,625.25,0,Mph_TU
-586.5,622.75,0,Mph_TU
-499,618.75,0,Mph_TU
-7,628.25,0,Mph_TU
-687,627.25,0,Mph_TU
-287,640.25,0,Mph_TU
-578.5,637.75,0,Mph_TU
-447,643.25,0,Mph_TU
-502.5,643.75,0,Mph_TU
-319,646.25,0,Mph_TU
-36.5,650.25,0,Mph_TU
-266.5,643.75,0,Mph_TU
-202,651.25,0,Mph_TU
-672.5,661.25,0,Mph_TU
-606.5,669.25,0,Mph_TU
75.5,655.25,0,Mph_TU
-231.5,651.25,0,Mph_TU
-681,668.25,0,Mph_TU
-429.5,663.75,0,Mph_TU
-379.5,663.25,0,Mph_TU
-310.5,669.75,0,Mph_TU
-271,674.25,0,Mph_TU
-320,679.25,0,Mph_TU
-398,676.25,0,Mph_TU
-680,707.25,0,Mph_TU
-361.5,686.75,0,Mph_TU
-393,701.25,0,Mph_TU
-299.5,700.25,0,Mph_TU
82,699.25,0,Mph_TU
-317,710.25,0,Mph_TU
-278,710.75,0,Mph_TU
-255.5,718.25,0,Mph_TU
-229,721.25,0,Mph_TU
13.5,720.75,0,Mph_TU
69,711.75,0,Mph_TU
-629,717.75,0,Mph_TU
-368.5,716.25,0,Mph_TU
-282.5,722.25,0,Mph_TU
82,734.25,0,Mph_TU
55,727.25,0,Mph_TU
109,734.75,0,Mph_TU
-352.5,724.75,0,Mph_TU
-300,742.25,0,Mph_TU
-649.5,741.25,0,Mph_TU
-429,735.25,0,Mph_TU
-319,738.25,0,Mph_TU
-620.5,747.25,0,Mph_TU
-286.5,750.25,0,Mph_TU
-333,745.75,0,Mph_TU
-405,754.75,0,Mph_TU
-298,764.25,0,Mph_TU
-334.5,763.75,0,Mph_TU
-242.5,760.75,0,Mph_TU
-604.5,757.75,0,Mph_TU
-219,761.75,0,Mph_TU
-635.5,776.25,0,Mph_TU
-232.5,788.25,0,Mph_TU
-286,786.75,0,Mph_TU
-605,791.25,0,Mph_TU
-643.5,791.75,0,Mph_TU
-603.5,808.25,0,Mph_TU
-632,807.75,0,Mph_TU
-342.5,815.75,0,Mph_TU
-621,812.25,0,Mph_TU
-609.5,828.75,0,Mph_TU
-644,821.75,0,Mph_TU
-200,825.25,0,Mph_TU
-229,831.25,0,Mph_TU
-345.5,839.25,0,Mph_TU
-614.5,844.25,0,Mph_TU
-641,852.25,0,Mph_TU
-243,842.75,0,Mph_TU
-222.5,866.75,0,Mph_TU
-686.5,854.25,0,Mph_TU
-256.5,871.25,0,Mph_TU
-648,869.75,0,Mph_TU
-10,875.75,0,Mph_TU
-662.5,882.75,0,Mph_TU
-685.5,879.25,0,Mph_TU
-685,906.75,0,Mph_TU
-289.5,906.75,0,Mph_TU
-2.5,908.25,0,Mph_TU
-28,917.25,0,Mph_TU
-677.5,935.75,0,Mph_TU
-52,959.75,0,Mph_TU
60.5,962.75,0,Mph_TU
-678,964.25,0,Mph_TU
-260.5,959.75,0,Mph_TU
-5,964.75,0,Mph_TU
36,974.75,0,Mph_TU
68.5,975.75,0,Mph_TU
-268.5,968.25,0,Mph_TU
-51,980.75,0,Mph_TU
-249.5,977.75,0,Mph_TU
-273,988.75,0,Mph_TU
-9,1004.75,0,Mph_TU
-245,1001.75,0,Mph_TU
-282,1013.75,0,Mph_TU
-54,1004.25,0,Mph_TU
220.5,1818.25,0,Mph_TU
582,1816.25,0,Mph_TU
742,1819.25,0,Mph_TU
182,1824.25,0,Mph_TU
237,1828.75,0,Mph_TU
765.5,1830.75,0,Mph_TU
147.5,1842.75,0,Mph_TU
175.5,1836.25,0,Mph_TU
777,1838.25,0,Mph_TU
302.5,1841.75,0,Mph_TU
204,1848.25,0,Mph_TU
879.5,1850.25,0,Mph_TU
267,1856.75,0,Mph_TU
180.5,1851.25,0,Mph_TU
229.5,1853.25,0,Mph_TU
158,1852.25,0,Mph_TU
773.5,1869.75,0,Mph_TU
700,1859.25,0,Mph_TU
547.5,1871.75,0,Mph_TU
171.5,1875.75,0,Mph_TU
193,1873.25,0,Mph_TU
584,1861.75,0,Mph_TU
614,1863.25,0,Mph_TU
218.5,1878.25,0,Mph_TU
389,1870.75,0,Mph_TU
251.5,1874.25,0,Mph_TU
570.5,1873.75,0,Mph_TU
411,1884.25,0,Mph_TU
436.5,1883.25,0,Mph_TU
215.5,1897.75,0,Mph_TU
114,1880.25,0,Mph_TU
644,1883.25,0,Mph_TU
822.5,1892.25,0,Mph_TU
351,1892.25,0,Mph_TU
181.5,1899.25,0,Mph_TU
380.5,1906.75,0,Mph_TU
244,1903.25,0,Mph_TU
273.5,1902.75,0,Mph_TU
489.5,1898.25,0,Mph_TU
560.5,1910.25,0,Mph_TU
591.5,1906.25,0,Mph_TU
134,1910.75,0,Mph_TU
436,1918.25,0,Mph_TU
153.5,1917.75,0,Mph_TU
634.5,1921.25,0,Mph_TU
788.5,1911.25,0,Mph_TU
250.5,1911.75,0,Mph_TU
480,1920.25,0,Mph_TU
182.5,1916.75,0,Mph_TU
740.5,1920.75,0,Mph_TU
411.5,1920.75,0,Mph_TU
237.5,1924.75,0,Mph_TU
212,1926.75,0,Mph_TU
369.5,1928.75,0,Mph_TU
243,1937.75,0,Mph_TU
283,1939.25,0,Mph_TU
446.5,1940.25,0,Mph_TU
181.5,1945.25,0,Mph_TU
161.5,1942.25,0,Mph_TU
205.5,1940.75,0,Mph_TU
358,1953.75,0,Mph_TU
394,1959.75,0,Mph_TU
217,1949.25,0,Mph_TU
168,1957.25,0,Mph_TU
242.5,1960.75,0,Mph_TU
377,1959.75,0,Mph_TU
195,1966.25,0,Mph_TU
231,1973.75,0,Mph_TU
331.5,1983.75,0,Mph_TU
190,1991.75,0,Mph_TU
435.5,1983.25,0,Mph_TU
241.5,1996.75,0,Mph_TU
629.5,2005.25,0,Mph_TU
266,2000.75,0,Mph_TU
230.5,2003.75,0,Mph_TU
907,1998.25,0,Mph_TU
597.5,2010.75,0,Mph_TU
186.5,2013.75,0,Mph_TU
726.5,2021.25,0,Mph_TU
249,2022.75,0,Mph_TU
223.5,2020.75,0,Mph_TU
207.5,2022.25,0,Mph_TU
765,2016.25,0,Mph_TU
325.5,2019.25,0,Mph_TU
824.5,2025.25,0,Mph_TU
360,2028.25,0,Mph_TU
785.5,2033.75,0,Mph_TU
189.5,2031.75,0,Mph_TU
476.5,2047.75,0,Mph_TU
759.5,2034.75,0,Mph_TU
283.5,2033.75,0,Mph_TU
219.5,2047.25,0,Mph_TU
241.5,2039.25,0,Mph_TU
257,2037.75,0,Mph_TU
794,2045.75,0,Mph_TU
706.5,2043.75,0,Mph_TU
176,2041.75,0,Mph_TU
202,2045.25,0,Mph_TU
759.5,2057.75,0,Mph_TU
165.5,2050.75,0,Mph_TU
687.5,2063.25,0,Mph_TU
729,2057.25,0,Mph_TU
188,2073.25,0,Mph_TU
780,2065.25,0,Mph_TU
598.5,2076.25,0,Mph_TU
861.5,2071.75,0,Mph_TU
889,2073.75,0,Mph_TU
311.5,2073.25,0,Mph_TU
222,2073.75,0,Mph_TU
637.5,2080.75,0,Mph_TU
301,2086.25,0,Mph_TU
795,2086.75,0,Mph_TU
235,2083.75,0,Mph_TU
325.5,2081.75,0,Mph_TU
876.5,2084.75,0,Mph_TU
163.5,2094.25,0,Mph_TU
213.5,2087.25,0,Mph_TU
862.5,2086.75,0,Mph_TU
824.5,2082.75,0,Mph_TU
332.5,2096.25,0,Mph_TU
284,2104.25,0,Mph_TU
182.5,2101.25,0,Mph_TU
246.5,2097.75,0,Mph_TU
839.5,2106.75,0,Mph_TU
220,2107.75,0,Mph_TU
896,2105.25,0,Mph_TU
706.5,2094.75,0,Mph_TU
745.5,2104.25,0,Mph_TU
268.5,2119.75,0,Mph_TU
290.5,2126.75,0,Mph_TU
643,2124.25,0,Mph_TU
693,2112.75,0,Mph_TU
445.5,2117.25,0,Mph_TU
669.5,2117.25,0,Mph_TU
508,2122.75,0,Mph_TU
619,2121.75,0,Mph_TU
473.5,2126.75,0,Mph_TU
617.5,2134.25,0,Mph_TU
692,2133.75,0,Mph_TU
184.5,2131.25,0,Mph_TU
668.5,2136.75,0,Mph_TU
367,2130.75,0,Mph_TU
486.5,2142.75,0,Mph_TU
627.5,2146.75,0,Mph_TU
656.5,2142.75,0,Mph_TU
377,2153.25,0,Mph_TU
687.5,2153.75,0,Mph_TU
274.5,2158.75,0,Mph_TU
656.5,2159.25,0,Mph_TU
399.5,2160.75,0,Mph_TU
491,2164.75,0,Mph_TU
703.5,2165.25,0,Mph_TU
230,2171.25,0,Mph_TU
847,2169.25,0,Mph_TU
666.5,2169.25,0,Mph_TU
727.5,2171.75,0,Mph_TU
906,2180.25,0,Mph_TU
264.5,2176.75,0,Mph_TU
571.5,2176.75,0,Mph_TU
691.5,2190.75,0,Mph_TU
407.5,2179.75,0,Mph_TU
347.5,2179.25,0,Mph_TU
601,2180.75,0,Mph_TU
665,2190.75,0,Mph_TU
224,2181.25,0,Mph_TU
269,2190.75,0,Mph_TU
709,2193.75,0,Mph_TU
331.5,2195.25,0,Mph_TU
393,2205.25,0,Mph_TU
415,2197.25,0,Mph_TU
228.5,2198.75,0,Mph_TU
204.5,2201.25,0,Mph_TU
744,2198.25,0,Mph_TU
597.5,2202.25,0,Mph_TU
260,2212.25,0,Mph_TU
298.5,2207.25,0,Mph_TU
578,2216.75,0,Mph_TU
358,2217.25,0,Mph_TU
452,2210.25,0,Mph_TU
656.5,2212.75,0,Mph_TU
283.5,2216.25,0,Mph_TU
433.5,2203.75,0,Mph_TU
227.5,2217.75,0,Mph_TU
601.5,2221.75,0,Mph_TU
199,2229.75,0,Mph_TU
406.5,2222.25,0,Mph_TU
239,2228.75,0,Mph_TU
788,2220.75,0,Mph_TU
628,2230.25,0,Mph_TU
710,2232.25,0,Mph_TU
266,2240.25,0,Mph_TU
210.5,2242.75,0,Mph_TU
441.5,2241.25,0,Mph_TU
592,2256.75,0,Mph_TU
230.5,2251.25,0,Mph_TU
317,2248.25,0,Mph_TU
425,2259.75,0,Mph_TU
671.5,2254.75,0,Mph_TU
246,2252.25,0,Mph_TU
340.5,2255.25,0,Mph_TU
264.5,2257.75,0,Mph_TU
227,2270.75,0,Mph_TU
696.5,2269.75,0,Mph_TU
242.5,2269.75,0,Mph_TU
179.5,2270.75,0,Mph_TU
341,2279.75,0,Mph_TU
299.5,2261.75,0,Mph_TU
362,2269.25,0,Mph_TU
657.5,2273.75,0,Mph_TU
676,2289.25,0,Mph_TU
256,2277.25,0,Mph_TU
276.5,2274.75,0,Mph_TU
750,2282.75,0,Mph_TU
452.5,2283.25,0,Mph_TU
724,2274.25,0,Mph_TU
364.5,2284.75,0,Mph_TU
648.5,2289.75,0,Mph_TU
217,2286.25,0,Mph_TU
431.5,2292.75,0,Mph_TU
191.5,2290.75,0,Mph_TU
263,2297.75,0,Mph_TU
286,2298.75,0,Mph_TU
161,2296.25,0,Mph_TU
627,2296.75,0,Mph_TU
722,2300.75,0,Mph_TU
314.5,2304.75,0,Mph_TU
792,2311.25,0,Mph_TU
214,2317.25,0,Mph_TU
163,2317.75,0,Mph_TU
630.5,2310.25,0,Mph_TU
537,2309.75,0,Mph_TU
651,2312.75,0,Mph_TU
528,2328.75,0,Mph_TU
113,2325.75,0,Mph_TU
496.5,2318.25,0,Mph_TU
624,2332.75,0,Mph_TU
834.5,2330.25,0,Mph_TU
150,2326.25,0,Mph_TU
659,2327.25,0,Mph_TU
866,2332.75,0,Mph_TU
511.5,2333.25,0,Mph_TU
647,2339.25,0,Mph_TU
843,2335.25,0,Mph_TU
901,2339.75,0,Mph_TU
166.5,2350.75,0,Mph_TU
199,2351.25,0,Mph_TU
525.5,2351.75,0,Mph_TU
580,2354.25,0,Mph_TU
626.5,2357.75,0,Mph_TU
314,2363.75,0,Mph_TU
457.5,2361.75,0,Mph_TU
166,2383.75,0,Mph_TU
890.5,2369.75,0,Mph_TU
222.5,2371.75,0,Mph_TU
537.5,2386.75,0,Mph_TU
240,2377.75,0,Mph_TU
312.5,2383.25,0,Mph_TU
158,2392.75,0,Mph_TU
597,2388.25,0,Mph_TU
338.5,2400.25,0,Mph_TU
199,2398.75,0,Mph_TU
556,2397.75,0,Mph_TU
572.5,2399.25,0,Mph_TU
893,2400.75,0,Mph_TU
312.5,2405.75,0,Mph_TU
393.5,2422.25,0,Mph_TU
515.5,2402.75,0,Mph_TU
149.5,2420.25,0,Mph_TU
630,2412.75,0,Mph_TU
574.5,2429.75,0,Mph_TU
759.5,2420.25,0,Mph_TU
554,2420.75,0,Mph_TU
590,2423.75,0,Mph_TU
159.5,2429.75,0,Mph_TU
450.5,2429.75,0,Mph_TU
205.5,2427.75,0,Mph_TU
545,2433.25,0,Mph_TU
330.5,2427.75,0,Mph_TU
598.5,2435.25,0,Mph_TU
741.5,2436.75,0,Mph_TU
182,2442.75,0,Mph_TU
524,2458.25,0,Mph_TU
600.5,2452.75,0,Mph_TU
482,2457.25,0,Mph_TU
543.5,2457.75,0,Mph_TU
161.5,2455.75,0,Mph_TU
432,2456.75,0,Mph_TU
596.5,2466.25,0,Mph_TU
530.5,2477.25,0,Mph_TU
434.5,2478.25,0,Mph_TU
777.5,2481.75,0,Mph_TU
510,2488.75,0,Mph_TU
541.5,2490.75,0,Mph_TU
589,2511.25,0,Mph_TU
788.5,2511.75,0,Mph_TU
752,2514.25,0,Mph_TU
616.5,2508.75,0,Mph_TU
533,2510.25,0,Mph_TU
540,2516.75,0,Mph_TU
491,2514.25,0,Mph_TU
564,2517.25,0,Mph_TU
640.5,2523.75,0,Mph_TU
694,2520.25,0,Mph_TU
664,2522.25,0,Mph_TU
795.5,2529.25,0,Mph_TU
355.5,2526.25,0,Mph_TU
586.5,2546.75,0,Mph_TU
675,2537.75,0,Mph_TU
549,2545.25,0,Mph_TU
531.5,2547.75,0,Mph_TU
655,2551.25,0,Mph_TU
738.5,2540.75,0,Mph_TU
567,2562.25,0,Mph_TU
506,2560.25,0,Mph_TU
618.5,2571.25,0,Mph_TU
486.5,2570.75,0,Mph_TU
708,2581.25,0,Mph_TU
583.5,2582.75,0,Mph_TU
486,2590.25,0,Mph_TU
683.5,2589.25,0,Mph_TU
568,2593.75,0,Mph_TU
624,2586.25,0,Mph_TU
529.5,2603.25,0,Mph_TU
663,2595.25,0,Mph_TU
710.5,2600.25,0,Mph_TU
624.5,2598.25,0,Mph_TU
643.5,2602.75,0,Mph_TU
581.5,2608.25,0,Mph_TU
685.5,2614.25,0,Mph_TU
708.5,2611.75,0,Mph_TU
1068.5,1826.25,0,Mph_TU
1412.5,1825.25,0,Mph_TU
1049,1819.25,0,Mph_TU
1363,1834.75,0,Mph_TU
993,1835.25,0,Mph_TU
1384.5,1826.75,0,Mph_TU
1031,1840.25,0,Mph_TU
1390,1852.75,0,Mph_TU
1375.5,1847.75,0,Mph_TU
1341.5,1868.75,0,Mph_TU
1369,1863.75,0,Mph_TU
971.5,1870.75,0,Mph_TU
1026.5,1888.75,0,Mph_TU
1070,1875.25,0,Mph_TU
1387,1877.75,0,Mph_TU
1360.5,1879.75,0,Mph_TU
1401,1882.75,0,Mph_TU
1372,1897.25,0,Mph_TU
1008.5,1893.25,0,Mph_TU
1066,1918.25,0,Mph_TU
924.5,1910.25,0,Mph_TU
1087,1940.25,0,Mph_TU
989.5,1942.25,0,Mph_TU
1007,1936.75,0,Mph_TU
1027,1941.25,0,Mph_TU
1093,1950.75,0,Mph_TU
1013.5,1957.25,0,Mph_TU
1011.5,1969.75,0,Mph_TU
1043.5,1972.75,0,Mph_TU
984.5,1973.25,0,Mph_TU
984,1988.75,0,Mph_TU
966,1994.25,0,Mph_TU
945,2001.75,0,Mph_TU
1104.5,2012.25,0,Mph_TU
1006,2010.25,0,Mph_TU
1052.5,2019.25,0,Mph_TU
1117.5,2033.25,0,Mph_TU
1062,2037.75,0,Mph_TU
1093.5,2038.75,0,Mph_TU
1036.5,2045.25,0,Mph_TU
924.5,2045.25,0,Mph_TU
1080,2044.75,0,Mph_TU
1016,2059.25,0,Mph_TU
1074.5,2065.75,0,Mph_TU
969,2062.25,0,Mph_TU
1004.5,2070.75,0,Mph_TU
1038.5,2069.75,0,Mph_TU
1031,2086.75,0,Mph_TU
982.5,2113.25,0,Mph_TU
1215,2126.25,0,Mph_TU
1062.5,2125.25,0,Mph_TU
970.5,2148.75,0,Mph_TU
995.5,2142.25,0,Mph_TU
1195,2162.25,0,Mph_TU
1111.5,2165.75,0,Mph_TU
1084.5,2170.25,0,Mph_TU
982.5,2168.25,0,Mph_TU
911,2175.25,0,Mph_TU
1141,2173.75,0,Mph_TU
1058,2181.75,0,Mph_TU
1086,2203.75,0,Mph_TU
1189,2219.75,0,Mph_TU
1153.5,2212.25,0,Mph_TU
1133,2230.25,0,Mph_TU
1152,2237.75,0,Mph_TU
1180,2262.25,0,Mph_TU
930,2261.25,0,Mph_TU
1097.5,2281.25,0,Mph_TU
1129,2287.75,0,Mph_TU
933,2293.25,0,Mph_TU
1089,2308.25,0,Mph_TU
981.5,2344.75,0,Mph_TU
1152.5,2335.75,0,Mph_TU
1155.5,2356.75,0,Mph_TU
1029.5,2380.25,0,Mph_TU
922,2401.25,0,Mph_TU
947,2415.75,0,Mph_TU
1142,2422.75,0,Mph_TU
988.5,2426.75,0,Mph_TU
1048.5,2428.25,0,Mph_TU
1073,2428.25,0,Mph_TU
1027,2433.25,0,Mph_TU
1006.5,2445.25,0,Mph_TU
924.5,2455.25,0,Mph_TU
1032.5,2459.75,0,Mph_TU
998,2469.25,0,Mph_TU
1033.5,2485.25,0,Mph_TU
970.5,2496.25,0,Mph_TU
1009.5,2503.25,0,Mph_TU
1001.5,2510.75,0,Mph_TU
1026.5,2508.25,0,Mph_TU
1032,2528.25,0,Mph_TU
1054.5,2522.25,0,Mph_TU
933,2539.75,0,Mph_TU
976,2537.75,0,Mph_TU
1012,2535.25,0,Mph_TU
991,2558.25,0,Mph_TU
969,2572.75,0,Mph_TU
1004,2567.25,0,Mph_TU
1020.5,2576.75,0,Mph_TU
985,2582.25,0,Mph_TU
952.5,2593.25,0,Mph_TU
978,2600.25,0,Mph_TU
1022,2604.25,0,Mph_TU
660.5,2617.25,0,Mph_TU
652.5,2625.25,0,Mph_TU
499.5,2635.25,0,Mph_TU
556.5,2637.25,0,Mph_TU
580.5,2637.25,0,Mph_TU
636,2653.25,0,Mph_TU
598.5,2646.25,0,Mph_TU
905.5,2656.25,0,Mph_TU
574.5,2661.25,0,Mph_TU
650.5,2668.25,0,Mph_TU
896,2675.25,0,Mph_TU
601,2676.75,0,Mph_TU
805,2677.75,0,Mph_TU
571,2679.25,0,Mph_TU
523.5,2680.75,0,Mph_TU
748.5,2688.75,0,Mph_TU
767.5,2682.75,0,Mph_TU
875,2688.75,0,Mph_TU
484,2693.25,0,Mph_TU
576,2693.25,0,Mph_TU
624,2694.75,0,Mph_TU
903,2705.75,0,Mph_TU
699.5,2703.75,0,Mph_TU
744.5,2706.25,0,Mph_TU
767.5,2708.75,0,Mph_TU
568,2712.75,0,Mph_TU
591.5,2711.75,0,Mph_TU
879,2712.75,0,Mph_TU
485.5,2716.25,0,Mph_TU
784,2721.25,0,Mph_TU
688,2725.75,0,Mph_TU
798.5,2739.25,0,Mph_TU
596.5,2744.25,0,Mph_TU
624.5,2732.25,0,Mph_TU
527.5,2739.25,0,Mph_TU
573,2736.75,0,Mph_TU
619.5,2748.75,0,Mph_TU
490.5,2749.75,0,Mph_TU
646,2747.75,0,Mph_TU
713.5,2760.75,0,Mph_TU
577,2754.25,0,Mph_TU
882,2756.75,0,Mph_TU
466.5,2768.25,0,Mph_TU
751,2768.75,0,Mph_TU
609,2769.25,0,Mph_TU
664,2760.75,0,Mph_TU
506.5,2769.75,0,Mph_TU
683.5,2786.25,0,Mph_TU
586.5,2779.25,0,Mph_TU
601.5,2778.75,0,Mph_TU
570.5,2780.25,0,Mph_TU
553,2784.75,0,Mph_TU
780,2789.25,0,Mph_TU
612,2789.25,0,Mph_TU
595,2794.25,0,Mph_TU
631.5,2790.25,0,Mph_TU
570,2792.75,0,Mph_TU
535,2799.25,0,Mph_TU
744.5,2797.75,0,Mph_TU
634,2806.25,0,Mph_TU
617.5,2805.75,0,Mph_TU
726,2802.25,0,Mph_TU
592.5,2810.75,0,Mph_TU
654,2822.75,0,Mph_TU
751.5,2816.25,0,Mph_TU
862,2808.25,0,Mph_TU
705,2819.75,0,Mph_TU
615.5,2822.75,0,Mph_TU
542.5,2826.25,0,Mph_TU
722.5,2835.75,0,Mph_TU
597.5,2835.25,0,Mph_TU
577,2835.25,0,Mph_TU
742.5,2841.75,0,Mph_TU
559.5,2842.75,0,Mph_TU
537,2840.75,0,Mph_TU
625,2841.25,0,Mph_TU
753,2852.25,0,Mph_TU
531.5,2852.25,0,Mph_TU
591,2847.25,0,Mph_TU
666,2861.75,0,Mph_TU
885,2849.75,0,Mph_TU
621,2856.75,0,Mph_TU
594,2868.75,0,Mph_TU
612,2876.25,0,Mph_TU
768.5,2878.25,0,Mph_TU
864,2883.25,0,Mph_TU
612,2898.75,0,Mph_TU
749,2894.25,0,Mph_TU
885,2940.25,0,Mph_TU
978,2620.75,0,Mph_TU
1011.5,2620.75,0,Mph_TU
1001.5,2633.75,0,Mph_TU
957,2630.75,0,Mph_TU
975,2643.25,0,Mph_TU
951.5,2639.25,0,Mph_TU
1034,2633.75,0,Mph_TU
921.5,2642.25,0,Mph_TU
934,2646.25,0,Mph_TU
921,2654.75,0,Mph_TU
952.5,2660.75,0,Mph_TU
997.5,2667.25,0,Mph_TU
928,2669.75,0,Mph_TU
972,2667.25,0,Mph_TU
985,2684.75,0,Mph_TU
1011,2680.25,0,Mph_TU
952,2680.75,0,Mph_TU
960,2691.25,0,Mph_TU
916,2695.75,0,Mph_TU
1040.5,2705.25,0,Mph_TU
942.5,2705.75,0,Mph_TU
992,2706.25,0,Mph_TU
973,2717.25,0,Mph_TU
952,2714.75,0,Mph_TU
1012,2707.75,0,Mph_TU
1026.5,2721.25,0,Mph_TU
999,2727.25,0,Mph_TU
1058.5,2728.25,0,Mph_TU
1019,2739.25,0,Mph_TU
1055.5,2742.75,0,Mph_TU
1034.5,2754.25,0,Mph_TU
1072,2750.75,0,Mph_TU
974,2752.75,0,Mph_TU
1021.5,2764.25,0,Mph_TU
925,2775.75,0,Mph_TU
956.5,2782.75,0,Mph_TU
935.5,2790.75,0,Mph_TU
988.5,2792.25,0,Mph_TU
971.5,2792.25,0,Mph_TU
919,2798.75,0,Mph_TU
951,2804.25,0,Mph_TU
1003.5,2816.25,0,Mph_TU
974,2820.25,0,Mph_TU
923.5,2822.25,0,Mph_TU
1024.5,2820.75,0,Mph_TU
949.5,2818.75,0,Mph_TU
984,2825.75,0,Mph_TU
1001.5,2838.75,0,Mph_TU
911.5,2851.75,0,Mph_TU
1064,2846.25,0,Mph_TU
933,2847.25,0,Mph_TU
972.5,2870.25,0,Mph_TU
1030.5,2862.75,0,Mph_TU
1021,2879.25,0,Mph_TU
957,2893.75,0,Mph_TU
929,2903.25,0,Mph_TU
995.5,2898.75,0,Mph_TU
987.5,2972.25,0,Mph_TU
