x,y,z,type
-1915.5,-1856.25,0,Tcell
-1928,-1768.25,0,Tcell
-1640,-1713.75,0,Tcell
-3513.5,-2870.25,0,Tcell
-3516.5,-2744.25,0,Tcell
-3148.5,-2669.25,0,Tcell
-3104,-2637.25,0,Tcell
-3747.5,-2987.25,0,Tcell
-3777,-2932.75,0,Tcell
-2543,-2136.75,0,Tcell
-2531.5,-2118.25,0,Tcell
-2202.5,-2015.75,0,Tcell
-2233,-1987.25,0,Tcell
-2120.5,-1966.25,0,Tcell
-2883.5,-1809.25,0,Tcell
-2614,-1787.75,0,Tcell
-3813,-2284.75,0,Tcell
-3818,-2267.25,0,Tcell
-4156.5,-1936.25,0,Tcell
619,-128.25,0,Tcell
-3537.5,-1619.25,0,Tcell
-3530.5,-1556.75,0,Tcell
-2974.5,-1276.25,0,Tcell
-3170,-2471.75,0,Tcell
-3204,-2443.25,0,Tcell
-3104.5,-2414.25,0,Tcell
-3260,-2281.75,0,Tcell
-2966.5,-2203.25,0,Tcell
-2978,-2185.25,0,Tcell
-3110,-2108.25,0,Tcell
-3295.5,-2081.25,0,Tcell
-3098,-1892.25,0,Tcell
-3084,-1889.25,0,Tcell
-1622.5,-1702.75,0,Tcell
-1829.5,-1700.25,0,Tcell
-1833,-1687.75,0,Tcell
-1517.5,-1687.25,0,Tcell
-1457.5,-1595.75,0,Tcell
-1476,-1597.75,0,Tcell
-1727,-1464.75,0,Tcell
-1353.5,-1400.75,0,Tcell
-1330,-1373.25,0,Tcell
-1372,-1354.75,0,Tcell
-135,-476.25,0,Tcell
-74.5,-437.25,0,Tcell
-80.5,-427.25,0,Tcell
-493,-405.25,0,Tcell
244.5,-368.75,0,Tcell
80,-343.25,0,Tcell
-15.5,-338.75,0,Tcell
126,-335.75,0,Tcell
-1931,-772.75,0,Tcell
-1753,-758.25,0,Tcell
-1515,-734.25,0,Tcell
-1486,-684.75,0,Tcell
-1213.5,-491.75,0,Tcell
-518.5,-455.25,0,Tcell
-625.5,-409.25,0,Tcell
-605.5,-396.25,0,Tcell
-1313.5,11.25,0,Tcell
-658,41.25,0,Tcell
-338.5,138.75,0,Tcell
725.5,254.75,0,Tcell
777.5,303.75,0,Tcell
760.5,378.75,0,Tcell
1059,390.25,0,Tcell
826,443.75,0,Tcell
1564.5,444.75,0,Tcell
3580.5,1671.75,0,Tcell
3474,2484.75,0,Tcell
3493.5,2481.25,0,Tcell
3428,2487.75,0,Tcell
3443.5,2497.75,0,Tcell
3495.5,2494.25,0,Tcell
3510,2505.25,0,Tcell
3412,2509.25,0,Tcell
3234.5,2517.25,0,Tcell
3337.5,2518.25,0,Tcell
3316.5,2521.25,0,Tcell
3107,2570.75,0,Tcell
3554,2588.75,0,Tcell
3551,2615.75,0,Tcell
3378,2625.25,0,Tcell
3314.5,2631.75,0,Tcell
3406,2632.75,0,Tcell
3468.5,2643.75,0,Tcell
3298,2668.75,0,Tcell
3493,2734.75,0,Tcell
3318,2791.25,0,Tcell
3330.5,2816.25,0,Tcell
3919,2505.75,0,Tcell
3691,2521.75,0,Tcell
3558.5,2855.25,0,Tcell
2440.5,2086.75,0,Tcell
2709,2169.75,0,Tcell
3587,1693.75,0,Tcell
3638.5,1833.75,0,Tcell
3808,1939.25,0,Tcell
3653,1980.75,0,Tcell
3634.5,1982.75,0,Tcell
3636.5,1995.25,0,Tcell
3629.5,2031.25,0,Tcell
3631,2060.75,0,Tcell
3628.5,2095.75,0,Tcell
3750.5,2183.75,0,Tcell
3626,2190.25,0,Tcell
3664,2234.75,0,Tcell
3644,2432.25,0,Tcell
3643.5,2446.25,0,Tcell
2906.5,1440.75,0,Tcell
3404,1554.75,0,Tcell
3168.5,1662.25,0,Tcell
2500.5,975.25,0,Tcell
2741,1288.75,0,Tcell
2747.5,1298.25,0,Tcell
2845.5,1726.25,0,Tcell
3419.5,1759.25,0,Tcell
2857.5,1774.25,0,Tcell
2856.5,1817.25,0,Tcell
3399.5,1846.75,0,Tcell
3370.5,1924.25,0,Tcell
3296,2033.75,0,Tcell
3391,2100.75,0,Tcell
3058,2102.25,0,Tcell
2772,2114.75,0,Tcell
3435.5,2118.25,0,Tcell
2768.5,2131.75,0,Tcell
3457.5,2144.25,0,Tcell
3048.5,2174.75,0,Tcell
3436,2240.25,0,Tcell
2823,2293.25,0,Tcell
3419,2315.25,0,Tcell
3269,2359.75,0,Tcell
3356.5,2407.25,0,Tcell
3421.5,2436.25,0,Tcell
3390,2440.25,0,Tcell
-3919.5,-2830.25,0,TU
-3935.5,-2811.75,0,TU
-3768.5,-2807.25,0,TU
-3952,-2800.75,0,TU
-3723.5,-2796.75,0,TU
-3701.5,-2791.75,0,TU
-3934,-2789.75,0,TU
-3848.5,-2788.25,0,TU
-3791.5,-2785.75,0,TU
-3725.5,-2784.75,0,TU
-3773,-2783.25,0,TU
-3760,-2780.75,0,TU
-3737.5,-2778.25,0,TU
-3919.5,-2770.75,0,TU
-3965,-2768.25,0,TU
-3941.5,-2766.75,0,TU
-3856,-2765.25,0,TU
-3712.5,-2759.25,0,TU
-3685,-2758.25,0,TU
-3775.5,-2756.75,0,TU
-3637.5,-2754.25,0,TU
-3750.5,-2752.75,0,TU
-3667,-2751.25,0,TU
-3858,-2748.75,0,TU
-3727,-2748.25,0,TU
-3701.5,-2747.75,0,TU
-3944,-2745.25,0,TU
-3751.5,-2740.75,0,TU
-3635,-2738.25,0,TU
-3675.5,-2734.75,0,TU
-3764.5,-2733.25,0,TU
-3993.5,-2730.25,0,TU
-3788.5,-2730.25,0,TU
-3965,-2729.75,0,TU
-3692,-2725.25,0,TU
-3618.5,-2721.75,0,TU
-4021.5,-2718.75,0,TU
-3650.5,-2718.25,0,TU
-3758.5,-2717.75,0,TU
-3675,-2717.25,0,TU
-3639.5,-2714.25,0,TU
-3709,-2713.25,0,TU
-3733.5,-2711.75,0,TU
-3788,-2708.25,0,TU
-3755.5,-2702.25,0,TU
-3613,-2702.25,0,TU
-3671.5,-2701.75,0,TU
-3519,-2697.75,0,TU
-3769.5,-2695.75,0,TU
-3648.5,-2695.25,0,TU
-3503.5,-2688.75,0,TU
-3621.5,-2686.75,0,TU
-3682,-2684.25,0,TU
-3749.5,-2684.25,0,TU
-4027.5,-2682.75,0,TU
-3924,-2682.25,0,TU
-3781.5,-2680.75,0,TU
-3719.5,-2680.25,0,TU
-3574.5,-2679.75,0,TU
-3450,-2679.75,0,TU
-3861,-2679.25,0,TU
-3825.5,-2678.25,0,TU
-3489,-2677.75,0,TU
-3885,-2674.75,0,TU
-3475.5,-2674.75,0,TU
-3957.5,-2674.25,0,TU
-3547,-2670.75,0,TU
-3637.5,-2668.75,0,TU
-3600,-2667.25,0,TU
-3621,-2663.75,0,TU
-3561,-2659.25,0,TU
-3464.5,-2659.25,0,TU
-3818.5,-2657.75,0,TU
-3586.5,-2656.75,0,TU
-3649,-2654.25,0,TU
-3744,-2651.75,0,TU
-3501.5,-2651.25,0,TU
-3954.5,-2649.25,0,TU
-3704.5,-2647.75,0,TU
-3725.5,-2645.75,0,TU
-3975.5,-2645.25,0,TU
-3867.5,-2644.25,0,TU
-4045,-2641.75,0,TU
-3815,-2641.75,0,TU
-3427,-2634.75,0,TU
-3584.5,-2633.75,0,TU
-3563,-2629.75,0,TU
-4041,-2627.75,0,TU
-3842.5,-2624.75,0,TU
-3706.5,-2624.75,0,TU
-3790.5,-2622.25,0,TU
-3818.5,-2620.25,0,TU
-3973,-2618.25,0,TU
-3511.5,-2615.25,0,TU
-3403,-2610.25,0,TU
-4018,-2609.75,0,TU
-3875.5,-2609.75,0,TU
-3629,-2609.75,0,TU
-3726.5,-2608.25,0,TU
-4053.5,-2607.25,0,TU
-3706,-2606.75,0,TU
-3492,-2605.75,0,TU
-3550.5,-2602.75,0,TU
-3743.5,-2601.25,0,TU
-3473,-2592.75,0,TU
-3807,-2590.75,0,TU
-3571.5,-2588.75,0,TU
-4003.5,-2586.75,0,TU
-3726,-2585.75,0,TU
-3740,-2582.75,0,TU
-3489.5,-2582.25,0,TU
-3408,-2581.25,0,TU
-3678.5,-2579.25,0,TU
-4036,-2578.75,0,TU
-3594.5,-2576.75,0,TU
-3777,-2574.75,0,TU
-3449.5,-2574.25,0,TU
-3966,-2572.75,0,TU
-3549.5,-2572.25,0,TU
-3694,-2569.75,0,TU
-3470,-2569.75,0,TU
-3716.5,-2568.75,0,TU
-3574.5,-2563.25,0,TU
-3744.5,-2560.75,0,TU
-3423,-2556.75,0,TU
-4015,-2554.75,0,TU
-4074.5,-2554.25,0,TU
-3354.5,-2554.25,0,TU
-3667,-2552.75,0,TU
-3550.5,-2550.75,0,TU
-3714.5,-2549.25,0,TU
-3781,-2548.75,0,TU
-3819.5,-2546.75,0,TU
-3485.5,-2544.75,0,TU
-3588.5,-2543.25,0,TU
-4048,-2542.25,0,TU
-3695.5,-2542.25,0,TU
-3446.5,-2540.25,0,TU
-3735,-2540.25,0,TU
-3378.5,-2537.75,0,TU
-4077.5,-2537.25,0,TU
-3401,-2533.75,0,TU
-3760.5,-2530.25,0,TU
-3561.5,-2530.25,0,TU
-3619.5,-2528.75,0,TU
-3650.5,-2528.75,0,TU
-3474.5,-2528.25,0,TU
-3785.5,-2527.25,0,TU
-4080.5,-2526.75,0,TU
-3719.5,-2525.75,0,TU
-3448,-2525.25,0,TU
-3349,-2524.75,0,TU
-3808,-2524.75,0,TU
-3897.5,-2524.25,0,TU
-3426.5,-2520.75,0,TU
-3493.5,-2520.25,0,TU
-3638.5,-2516.25,0,TU
-3325,-2516.25,0,TU
-3871.5,-2515.25,0,TU
-3615.5,-2512.25,0,TU
-4077,-2507.25,0,TU
-3621,-2506.75,0,TU
-3695.5,-2506.25,0,TU
-3408,-2504.75,0,TU
-3477.5,-2502.75,0,TU
-3940,-2502.75,0,TU
-3560,-2501.75,0,TU
-3672.5,-2501.25,0,TU
-3303,-2500.75,0,TU
-3576,-2500.75,0,TU
-3901.5,-2500.25,0,TU
-3878,-2498.75,0,TU
-3462,-2495.25,0,TU
-3976,-2494.25,0,TU
-3778.5,-2494.25,0,TU
-3351.5,-2490.75,0,TU
-3279,-2490.25,0,TU
-3316,-2489.75,0,TU
-3638.5,-2487.25,0,TU
-3749.5,-2486.75,0,TU
-3888.5,-2486.25,0,TU
-3596,-2485.25,0,TU
-4089,-2485.25,0,TU
-4065.5,-2485.25,0,TU
-3912.5,-2481.25,0,TU
-3431,-2481.25,0,TU
-3404,-2480.25,0,TU
-3943.5,-2479.75,0,TU
-3798.5,-2479.25,0,TU
-3661.5,-2477.25,0,TU
-3579.5,-2476.75,0,TU
-3489.5,-2476.75,0,TU
-3775.5,-2474.25,0,TU
-3566.5,-2473.25,0,TU
-3471,-2473.25,0,TU
-4042.5,-2472.25,0,TU
-3380,-2468.75,0,TU
-3822.5,-2468.25,0,TU
-3288,-2467.75,0,TU
-3980,-2467.25,0,TU
-3754,-2465.75,0,TU
-4089,-2465.25,0,TU
-3479,-2463.25,0,TU
-3704.5,-2463.25,0,TU
-3556.5,-2461.75,0,TU
-4074,-2461.25,0,TU
-3781.5,-2460.25,0,TU
-3403,-2459.75,0,TU
-3456.5,-2458.25,0,TU
-3647.5,-2458.25,0,TU
-4011.5,-2457.75,0,TU
-3578.5,-2457.25,0,TU
-4051.5,-2455.75,0,TU
-3923,-2454.25,0,TU
-3350,-2454.25,0,TU
-3520,-2453.75,0,TU
-4115,-2451.75,0,TU
-3510,-2449.75,0,TU
-3985.5,-2448.25,0,TU
-4069.5,-2447.25,0,TU
-3369.5,-2444.25,0,TU
-3755,-2442.75,0,TU
-3214,-2442.75,0,TU
-3291.5,-2441.75,0,TU
-3533.5,-2439.75,0,TU
-3787.5,-2439.25,0,TU
-4014,-2438.25,0,TU
-3319,-2436.75,0,TU
-3904,-2436.25,0,TU
-3575.5,-2435.75,0,TU
-3280.5,-2435.25,0,TU
-3797.5,-2434.25,0,TU
-3559,-2434.25,0,TU
-4061,-2433.75,0,TU
-3384.5,-2433.25,0,TU
-3258.5,-2432.75,0,TU
-3983,-2430.25,0,TU
-4032.5,-2429.25,0,TU
-3669.5,-2428.75,0,TU
-3622.5,-2428.75,0,TU
-4004,-2427.75,0,TU
-3810.5,-2427.75,0,TU
-3500,-2427.25,0,TU
-3351,-2426.25,0,TU
-3762.5,-2425.75,0,TU
-3520,-2424.75,0,TU
-3679.5,-2423.25,0,TU
-3540,-2422.75,0,TU
-3190,-2419.25,0,TU
-4017,-2417.25,0,TU
-4076,-2413.75,0,TU
-3375,-2413.25,0,TU
-3993.5,-2412.75,0,TU
-4104.5,-2412.25,0,TU
-3701.5,-2411.25,0,TU
-3747,-2408.75,0,TU
-3642,-2405.75,0,TU
-3258.5,-2403.75,0,TU
-3286,-2402.25,0,TU
-3762,-2401.25,0,TU
-3668.5,-2400.25,0,TU
-3858.5,-2399.75,0,TU
-3334.5,-2397.75,0,TU
-3900.5,-2397.25,0,TU
-4030,-2397.25,0,TU
-3833,-2397.25,0,TU
-3203.5,-2395.25,0,TU
-3808,-2395.25,0,TU
-3406,-2393.75,0,TU
-4015,-2393.25,0,TU
-4061,-2391.75,0,TU
-3709.5,-2389.75,0,TU
-3955,-2389.25,0,TU
-3678.5,-2388.75,0,TU
-3187,-2387.75,0,TU
-3885.5,-2385.75,0,TU
-4004.5,-2383.25,0,TU
-3862.5,-2382.25,0,TU
-3209,-2373.75,0,TU
-3158,-2373.25,0,TU
-3379.5,-2372.75,0,TU
-3173,-2372.75,0,TU
-3534,-2372.75,0,TU
-3966,-2371.75,0,TU
-3343.5,-2370.75,0,TU
-3701,-2369.25,0,TU
-3809,-2367.25,0,TU
-3675,-2367.25,0,TU
-3973.5,-2365.75,0,TU
-3515.5,-2365.25,0,TU
-3467.5,-2364.75,0,TU
-4021.5,-2363.75,0,TU
-3625.5,-2363.75,0,TU
-3544,-2363.25,0,TU
-3876,-2361.75,0,TU
-4000,-2360.75,0,TU
-3649,-2360.25,0,TU
-3314,-2358.75,0,TU
-3143,-2358.75,0,TU
-4065,-2358.25,0,TU
-3785.5,-2358.25,0,TU
-3936.5,-2357.75,0,TU
-3857,-2356.75,0,TU
-3831,-2353.25,0,TU
-3363,-2351.75,0,TU
-3983.5,-2350.25,0,TU
-3847.5,-2349.75,0,TU
-3722,-2349.75,0,TU
-3776,-2346.25,0,TU
-3751,-2344.25,0,TU
-3453,-2339.75,0,TU
-3803.5,-2339.75,0,TU
-3672,-2339.75,0,TU
-3516,-2339.25,0,TU
-3698,-2333.75,0,TU
-3984,-2332.75,0,TU
-3536,-2332.25,0,TU
-3825,-2330.75,0,TU
-3689,-2330.75,0,TU
-3495,-2328.75,0,TU
-4099,-2328.25,0,TU
-3621.5,-2327.25,0,TU
-3568,-2326.75,0,TU
-3115.5,-2326.75,0,TU
-3214.5,-2325.75,0,TU
-3157.5,-2324.25,0,TU
-4121.5,-2322.25,0,TU
-3522.5,-2320.75,0,TU
-3736,-2317.75,0,TU
-3347.5,-2315.75,0,TU
-3976,-2314.25,0,TU
-3786.5,-2314.25,0,TU
-3713,-2313.75,0,TU
-3646.5,-2312.25,0,TU
-3962,-2310.25,0,TU
-3581.5,-2309.75,0,TU
-3420,-2306.25,0,TU
-3326.5,-2305.75,0,TU
-3936,-2305.75,0,TU
-4028.5,-2304.25,0,TU
-3677,-2303.75,0,TU
-3555.5,-2303.25,0,TU
-3694.5,-2301.75,0,TU
-4127.5,-2301.75,0,TU
-4073,-2299.75,0,TU
-3950.5,-2297.25,0,TU
-3810,-2295.75,0,TU
-3838,-2295.75,0,TU
-3904.5,-2294.75,0,TU
-3359.5,-2293.75,0,TU
-3744.5,-2293.25,0,TU
-3346,-2292.25,0,TU
-3713.5,-2289.25,0,TU
-3926.5,-2289.25,0,TU
-4019.5,-2288.75,0,TU
-4107,-2287.75,0,TU
-3580,-2287.75,0,TU
-3984.5,-2286.25,0,TU
-3396,-2284.75,0,TU
-3891,-2281.25,0,TU
-3065,-2278.75,0,TU
-3647.5,-2278.75,0,TU
-3426.5,-2277.25,0,TU
-3086,-2277.25,0,TU
-3102.5,-2276.75,0,TU
-3945,-2276.25,0,TU
-3973,-2275.75,0,TU
-3337,-2274.75,0,TU
-3076.5,-2264.25,0,TU
-3863.5,-2264.25,0,TU
-3833,-2263.25,0,TU
-3932,-2261.25,0,TU
-3609.5,-2261.25,0,TU
-3948.5,-2259.25,0,TU
-3902,-2257.75,0,TU
-3156,-2257.25,0,TU
-3089.5,-2256.75,0,TU
-3970.5,-2254.25,0,TU
-4108.5,-2253.75,0,TU
-3128.5,-2253.75,0,TU
-3426.5,-2252.75,0,TU
-3791.5,-2252.25,0,TU
-3458.5,-2250.75,0,TU
-3323,-2250.25,0,TU
-3823.5,-2249.75,0,TU
-3855,-2248.25,0,TU
-3755.5,-2245.75,0,TU
-4007.5,-2245.25,0,TU
-3734,-2244.75,0,TU
-3811.5,-2243.25,0,TU
-3103.5,-2243.25,0,TU
-3085,-2241.75,0,TU
-3429.5,-2241.25,0,TU
-3885,-2241.25,0,TU
-3600.5,-2238.25,0,TU
-3951,-2237.75,0,TU
-3066.5,-2237.25,0,TU
-3371.5,-2232.75,0,TU
-3162.5,-2231.25,0,TU
-3789.5,-2227.75,0,TU
-4109,-2227.25,0,TU
-3723.5,-2225.25,0,TU
-3755.5,-2223.25,0,TU
-3318,-2223.25,0,TU
-3096,-2222.75,0,TU
-3138.5,-2222.25,0,TU
-3891,-2219.25,0,TU
-3588.5,-2216.75,0,TU
-3917.5,-2215.25,0,TU
-3766.5,-2214.25,0,TU
-3329,-2213.25,0,TU
-3949.5,-2210.75,0,TU
-3881,-2209.75,0,TU
-3787.5,-2208.75,0,TU
-3859,-2207.75,0,TU
-3742,-2205.25,0,TU
-3350.5,-2204.75,0,TU
-3390,-2204.25,0,TU
-3671,-2203.25,0,TU
-3714.5,-2199.75,0,TU
-3495,-2198.25,0,TU
-3141.5,-2197.75,0,TU
-3803,-2195.25,0,TU
-3768.5,-2193.25,0,TU
-3473,-2192.75,0,TU
-3758.5,-2191.75,0,TU
-3531,-2190.75,0,TU
-3425.5,-2190.25,0,TU
-3697,-2186.25,0,TU
-4023,-2186.25,0,TU
-3983,-2185.25,0,TU
-3738,-2184.75,0,TU
-3184,-2184.25,0,TU
-3690,-2183.25,0,TU
-3895,-2181.75,0,TU
-3443.5,-2180.75,0,TU
-3213,-2178.75,0,TU
-3502.5,-2178.25,0,TU
-3766.5,-2176.75,0,TU
-3793.5,-2173.75,0,TU
-3515,-2169.75,0,TU
-3230,-2168.25,0,TU
-3483.5,-2167.25,0,TU
-3993,-2165.25,0,TU
-3756.5,-2164.25,0,TU
-4002,-2163.25,0,TU
-3972.5,-2162.25,0,TU
-3467,-2162.25,0,TU
-3153.5,-2160.75,0,TU
-3008.5,-2160.25,0,TU
-3497,-2159.25,0,TU
-3557.5,-2159.25,0,TU
-3120.5,-2155.25,0,TU
-3195.5,-2154.75,0,TU
-3139,-2154.25,0,TU
-3311,-2153.25,0,TU
-3179.5,-2151.25,0,TU
-3944,-2150.75,0,TU
-3737,-2148.75,0,TU
-3520,-2147.25,0,TU
-3497.5,-2146.75,0,TU
-4004.5,-2146.25,0,TU
-3159,-2143.25,0,TU
-3966.5,-2143.25,0,TU
-3215.5,-2142.75,0,TU
-3464,-2142.25,0,TU
-3770,-2138.25,0,TU
-2999,-2136.25,0,TU
-3487,-2135.25,0,TU
-3240,-2133.25,0,TU
-3109.5,-2126.75,0,TU
-3179.5,-2126.75,0,TU
-3211,-2125.75,0,TU
-3167,-2125.25,0,TU
-3144.5,-2124.75,0,TU
-3523.5,-2124.75,0,TU
-3740,-2120.25,0,TU
-2827,-2118.25,0,TU
-3567.5,-2117.75,0,TU
-3156,-2117.25,0,TU
-3712,-2116.25,0,TU
-3227,-2113.75,0,TU
-3133.5,-2113.25,0,TU
-3178.5,-2109.25,0,TU
-3021,-2107.75,0,TU
-3245,-2103.75,0,TU
-3216.5,-2103.25,0,TU
-3763,-2102.75,0,TU
-3414,-2098.75,0,TU
-3111,-2098.75,0,TU
-2829.5,-2095.75,0,TU
-3781,-2094.75,0,TU
-3721.5,-2093.25,0,TU
-3435.5,-2092.25,0,TU
-3250,-2087.25,0,TU
-3694.5,-2086.25,0,TU
-3222,-2085.75,0,TU
-3092,-2082.25,0,TU
-3729,-2081.75,0,TU
-2901,-2079.25,0,TU
-3233.5,-2073.25,0,TU
-2846,-2072.75,0,TU
-2752.5,-2072.25,0,TU
-3652.5,-2071.25,0,TU
-2998.5,-2070.25,0,TU
-3036.5,-2070.25,0,TU
-3370.5,-2069.75,0,TU
-2964.5,-2069.75,0,TU
-3575,-2068.25,0,TU
-3260.5,-2065.25,0,TU
-3390.5,-2063.75,0,TU
-3054.5,-2061.25,0,TU
-3014,-2060.25,0,TU
-3219,-2059.25,0,TU
-3705.5,-2059.25,0,TU
-2813.5,-2057.75,0,TU
-3681.5,-2055.25,0,TU
-3406,-2051.75,0,TU
-3035.5,-2050.75,0,TU
-3437.5,-2049.25,0,TU
-3599.5,-2048.75,0,TU
-3230.5,-2047.75,0,TU
-3569.5,-2047.25,0,TU
-3714,-2046.25,0,TU
-2737.5,-2045.75,0,TU
-3253.5,-2044.25,0,TU
-2664.5,-2042.75,0,TU
-3375,-2041.75,0,TU
-3102,-2041.75,0,TU
-3610.5,-2038.25,0,TU
-3507.5,-2036.25,0,TU
-3640,-2035.75,0,TU
-2742,-2035.25,0,TU
-3154,-2033.25,0,TU
-2692.5,-2032.25,0,TU
-2637,-2031.25,0,TU
-3410,-2030.75,0,TU
-3592.5,-2029.25,0,TU
-3238,-2027.75,0,TU
-3555,-2027.75,0,TU
-3570.5,-2025.75,0,TU
-3215.5,-2025.25,0,TU
-2983.5,-2024.25,0,TU
-3716,-2024.25,0,TU
-3692,-2023.75,0,TU
-2957,-2023.75,0,TU
-2663.5,-2021.25,0,TU
-3381.5,-2021.25,0,TU
-2894.5,-2019.75,0,TU
-2885.5,-2019.75,0,TU
-3430.5,-2019.75,0,TU
-3250.5,-2018.75,0,TU
-3628.5,-2018.25,0,TU
-2802,-2015.75,0,TU
-3137.5,-2014.75,0,TU
-3281,-2014.75,0,TU
-2644,-2014.25,0,TU
-3609,-2014.25,0,TU
-3439,-2013.75,0,TU
-3401,-2010.25,0,TU
-2699.5,-2009.25,0,TU
-2593,-2008.75,0,TU
-2865.5,-2008.25,0,TU
-3364,-2008.25,0,TU
-3560.5,-2007.25,0,TU
-3220,-2006.25,0,TU
-2614,-2005.25,0,TU
-2764.5,-2004.25,0,TU
-2682.5,-2003.75,0,TU
-3062,-2003.25,0,TU
-2797.5,-1998.25,0,TU
-2565,-1998.25,0,TU
-2640,-1996.75,0,TU
-3422,-1995.25,0,TU
-3235,-1994.25,0,TU
-3262.5,-1993.75,0,TU
-2542.5,-1993.25,0,TU
-3088,-1986.25,0,TU
-2764,-1985.75,0,TU
-2820,-1983.75,0,TU
-2918,-1982.75,0,TU
-3174,-1981.75,0,TU
-3324,-1981.25,0,TU
-2802,-1980.25,0,TU
-3258,-1977.75,0,TU
-2884,-1977.25,0,TU
-2665,-1976.75,0,TU
-2697,-1976.75,0,TU
-2834.5,-1974.75,0,TU
-2632.5,-1974.25,0,TU
-2568,-1970.75,0,TU
-3386.5,-1969.75,0,TU
-2734.5,-1965.75,0,TU
-3298,-1962.75,0,TU
-3325.5,-1959.25,0,TU
-3201,-1949.75,0,TU
-2668.5,-1949.75,0,TU
-3333,-1948.25,0,TU
-2907,-1947.25,0,TU
-3301,-1946.25,0,TU
-3083.5,-1945.75,0,TU
-2552.5,-1943.25,0,TU
-3170,-1943.25,0,TU
-3282.5,-1942.75,0,TU
-2640,-1942.25,0,TU
-2776,-1939.75,0,TU
-2745,-1939.25,0,TU
-2885.5,-1937.75,0,TU
-2581,-1936.25,0,TU
-3318.5,-1934.75,0,TU
-2664,-1934.25,0,TU
-3128,-1934.25,0,TU
-2808,-1932.75,0,TU
-3099,-1929.75,0,TU
-3297.5,-1929.25,0,TU
-2717.5,-1928.25,0,TU
-2493,-1922.25,0,TU
-3284,-1921.75,0,TU
-3336,-1921.25,0,TU
-3119.5,-1920.75,0,TU
-3216.5,-1920.75,0,TU
-3317.5,-1916.75,0,TU
-2592,-1915.75,0,TU
-2941,-1914.25,0,TU
-2801,-1911.75,0,TU
-2565,-1911.75,0,TU
-3300.5,-1910.25,0,TU
-2481.5,-1909.75,0,TU
-2788,-1908.25,0,TU
-2552,-1904.75,0,TU
-3151.5,-1902.75,0,TU
-2756.5,-1900.25,0,TU
-3191,-1899.75,0,TU
-3320,-1896.75,0,TU
-2663,-1896.25,0,TU
-2891,-1896.25,0,TU
-3258,-1895.75,0,TU
-2592.5,-1895.75,0,TU
-3283,-1895.25,0,TU
-3169,-1894.25,0,TU
-3224,-1892.75,0,TU
-3302,-1892.75,0,TU
-2851,-1892.25,0,TU
-2720,-1890.75,0,TU
-2558,-1890.25,0,TU
-2476.5,-1889.25,0,TU
-2610.5,-1888.75,0,TU
-2772,-1887.25,0,TU
-2874.5,-1886.25,0,TU
-2422,-1885.75,0,TU
-2995.5,-1883.25,0,TU
-2937.5,-1882.25,0,TU
-2494,-1880.75,0,TU
-2693.5,-1879.75,0,TU
-2455.5,-1877.75,0,TU
-3199,-1877.75,0,TU
-2542.5,-1876.75,0,TU
-2858,-1874.75,0,TU
-2482.5,-1873.75,0,TU
-3271.5,-1873.25,0,TU
-2404.5,-1872.25,0,TU
-3020,-1872.25,0,TU
-3080.5,-1870.75,0,TU
-2503,-1869.75,0,TU
-3303.5,-1868.75,0,TU
-2431.5,-1866.75,0,TU
-3154.5,-1866.75,0,TU
-2615.5,-1865.25,0,TU
-2393,-1864.75,0,TU
-2570,-1864.75,0,TU
-3223.5,-1864.75,0,TU
-2461,-1861.75,0,TU
-2990,-1857.75,0,TU
-2809.5,-1856.75,0,TU
-2781,-1856.25,0,TU
-3278,-1855.75,0,TU
-2482.5,-1854.75,0,TU
-3065,-1853.25,0,TU
-2853.5,-1853.25,0,TU
-2384.5,-1849.75,0,TU
-2499,-1847.75,0,TU
-3310.5,-1847.25,0,TU
-2441,-1846.25,0,TU
-2891.5,-1844.75,0,TU
-2471,-1843.75,0,TU
-3239.5,-1840.75,0,TU
-3115.5,-1840.25,0,TU
-2858.5,-1839.75,0,TU
-3201,-1839.75,0,TU
-3076.5,-1839.25,0,TU
-2797,-1837.75,0,TU
-3285.5,-1836.25,0,TU
-2412.5,-1835.25,0,TU
-2458.5,-1832.75,0,TU
-2781,-1832.25,0,TU
-2486,-1831.75,0,TU
-2815.5,-1824.25,0,TU
-3087.5,-1820.75,0,TU
-2419.5,-1820.75,0,TU
-2919,-1819.75,0,TU
-2485,-1817.25,0,TU
-3291,-1816.75,0,TU
-3239.5,-1810.75,0,TU
-3203,-1809.25,0,TU
-2851.5,-1806.25,0,TU
-2824.5,-1805.25,0,TU
-2462.5,-1805.25,0,TU
-2515.5,-1801.75,0,TU
-2876.5,-1789.25,0,TU
-2464.5,-1788.75,0,TU
-2898.5,-1787.25,0,TU
-3058,-1786.25,0,TU
-2487,-1784.25,0,TU
-2337,-1783.75,0,TU
-2760.5,-1781.25,0,TU
-3201.5,-1778.25,0,TU
-2938.5,-1777.75,0,TU
-3232,-1777.25,0,TU
-2350,-1776.75,0,TU
-2855,-1772.75,0,TU
-3214,-1767.25,0,TU
-2327,-1767.25,0,TU
-3171,-1767.25,0,TU
-2272,-1763.75,0,TU
-3188.5,-1761.75,0,TU
-2533,-1759.25,0,TU
-2831.5,-1755.25,0,TU
-2343,-1754.75,0,TU
-2763.5,-1754.75,0,TU
-2370.5,-1751.25,0,TU
-2787,-1750.75,0,TU
-3227,-1745.75,0,TU
-2809,-1744.75,0,TU
-2874.5,-1743.25,0,TU
-2743,-1740.75,0,TU
-2395,-1740.25,0,TU
-2229.5,-1737.75,0,TU
-2894,-1734.75,0,TU
-3197,-1734.75,0,TU
-3172.5,-1733.25,0,TU
-2523,-1731.75,0,TU
-2330,-1730.75,0,TU
-2759.5,-1730.25,0,TU
-2679.5,-1729.25,0,TU
-2785,-1728.25,0,TU
-2828.5,-1725.75,0,TU
-2235,-1722.75,0,TU
-2196.5,-1721.75,0,TU
-3237.5,-1720.25,0,TU
-2627,-1718.75,0,TU
-3213.5,-1718.25,0,TU
-2735.5,-1717.25,0,TU
-2876,-1715.75,0,TU
-2828,-1715.25,0,TU
-2600.5,-1714.75,0,TU
-3009,-1714.25,0,TU
-2166.5,-1713.25,0,TU
-2186.5,-1713.25,0,TU
-2375.5,-1711.25,0,TU
-2655,-1711.25,0,TU
-2389,-1709.75,0,TU
-2488.5,-1709.25,0,TU
-2700.5,-1707.75,0,TU
-2422,-1707.25,0,TU
-2818.5,-1706.25,0,TU
-2769,-1704.75,0,TU
-2619.5,-1702.75,0,TU
-2174,-1701.75,0,TU
-3086,-1699.25,0,TU
-3219.5,-1699.25,0,TU
-2644,-1697.75,0,TU
-2403.5,-1697.75,0,TU
-2235.5,-1695.75,0,TU
-3030,-1695.25,0,TU
-2519,-1694.25,0,TU
-3193,-1692.75,0,TU
-2433.5,-1691.75,0,TU
-2476,-1691.25,0,TU
-3164,-1690.75,0,TU
-2808.5,-1690.25,0,TU
-2249.5,-1688.75,0,TU
-2412,-1688.25,0,TU
-2830.5,-1686.75,0,TU
-3230,-1684.25,0,TU
-2551,-1682.75,0,TU
-3134,-1681.75,0,TU
-2638.5,-1680.25,0,TU
-3205.5,-1679.75,0,TU
-3218.5,-1679.25,0,TU
-2614.5,-1677.75,0,TU
-3034,-1675.25,0,TU
-2440,-1674.75,0,TU
-3151,-1674.75,0,TU
-2379.5,-1673.75,0,TU
-2806,-1666.75,0,TU
-3092.5,-1666.75,0,TU
-2498.5,-1664.75,0,TU
-2314,-1664.75,0,TU
-2559,-1662.25,0,TU
-2836.5,-1662.25,0,TU
-2415,-1659.75,0,TU
-2577,-1659.75,0,TU
-2689,-1657.75,0,TU
-3197.5,-1657.25,0,TU
-3139,-1656.75,0,TU
-2451.5,-1656.25,0,TU
-3224.5,-1656.25,0,TU
-2110.5,-1654.75,0,TU
-2963,-1654.25,0,TU
-3003,-1653.25,0,TU
-2239,-1653.25,0,TU
-2964,-1651.25,0,TU
-2717,-1651.25,0,TU
-2763.5,-1650.25,0,TU
-2553.5,-1647.25,0,TU
-2241.5,-1647.25,0,TU
-2737,-1646.25,0,TU
-2816.5,-1645.25,0,TU
-2990.5,-1644.75,0,TU
-3184.5,-1643.75,0,TU
-3087.5,-1641.75,0,TU
-2658.5,-1641.75,0,TU
-2446.5,-1641.25,0,TU
-2496,-1637.75,0,TU
-3213,-1637.25,0,TU
-2623,-1636.75,0,TU
-2519,-1635.75,0,TU
-2115,-1635.25,0,TU
-2543.5,-1633.75,0,TU
-3035.5,-1633.25,0,TU
-2242.5,-1632.75,0,TU
-3229,-1631.75,0,TU
-2425,-1631.25,0,TU
-2834.5,-1629.75,0,TU
-2808,-1629.75,0,TU
-2716.5,-1628.75,0,TU
-2373.5,-1627.25,0,TU
-2059,-1626.75,0,TU
-3154.5,-1626.75,0,TU
-3065.5,-1626.25,0,TU
-3854,-1626.25,0,TU
-3367,-1625.75,0,TU
-2169.5,-1625.25,0,TU
-3816,-1622.75,0,TU
-3130.5,-1622.75,0,TU
-3172,-1621.25,0,TU
-3887.5,-1619.75,0,TU
-2139.5,-1619.75,0,TU
-2197.5,-1619.75,0,TU
-2508,-1617.75,0,TU
-3262,-1615.25,0,TU
-2843.5,-1615.25,0,TU
-3296,-1615.25,0,TU
-2082.5,-1614.75,0,TU
-1920,-1614.75,0,TU
-2994.5,-1613.75,0,TU
-2446.5,-1613.25,0,TU
-2240.5,-1613.25,0,TU
-3787.5,-1613.25,0,TU
-2487,-1612.75,0,TU
-3086.5,-1611.25,0,TU
-2335.5,-1610.75,0,TU
-2649.5,-1610.25,0,TU
-3386,-1610.25,0,TU
-2784,-1610.25,0,TU
-2864.5,-1609.25,0,TU
-1881.5,-1608.75,0,TU
-3359,-1608.75,0,TU
-3339.5,-1607.75,0,TU
-2520,-1607.25,0,TU
-2462.5,-1606.75,0,TU
-2805,-1605.75,0,TU
-2069.5,-1605.25,0,TU
-3226.5,-1605.25,0,TU
-2719,-1604.75,0,TU
-3120,-1604.75,0,TU
-3182.5,-1604.75,0,TU
-3412,-1604.75,0,TU
-2930.5,-1604.75,0,TU
-3017.5,-1604.25,0,TU
-3289.5,-1603.25,0,TU
-3867,-1602.25,0,TU
-2585,-1600.75,0,TU
-3910.5,-1600.75,0,TU
-3776.5,-1598.75,0,TU
-3041.5,-1597.75,0,TU
-3401,-1596.75,0,TU
-3804.5,-1596.25,0,TU
-2378,-1595.75,0,TU
-2822.5,-1595.75,0,TU
-2063.5,-1595.75,0,TU
-2449,-1595.25,0,TU
-3347.5,-1595.25,0,TU
-2810,-1594.25,0,TU
-2428,-1593.75,0,TU
-3315.5,-1593.75,0,TU
-3365,-1593.75,0,TU
-2128.5,-1593.25,0,TU
-2887.5,-1590.75,0,TU
-3139.5,-1590.75,0,TU
-3853,-1590.75,0,TU
-3156.5,-1590.75,0,TU
-3884,-1589.75,0,TU
-2847,-1589.25,0,TU
-3264.5,-1588.75,0,TU
-3195,-1588.75,0,TU
-2396.5,-1587.75,0,TU
-2104.5,-1587.25,0,TU
-2280,-1586.75,0,TU
-2529,-1586.75,0,TU
-1855,-1585.75,0,TU
-3435.5,-1584.75,0,TU
-2414,-1584.75,0,TU
-2165,-1583.75,0,TU
-3334.5,-1582.25,0,TU
-3772.5,-1581.75,0,TU
-2088,-1581.25,0,TU
-3791.5,-1581.25,0,TU
-2139.5,-1581.25,0,TU
-2347,-1581.25,0,TU
-3230.5,-1580.25,0,TU
-2070.5,-1580.25,0,TU
-2722.5,-1579.75,0,TU
-2986.5,-1579.25,0,TU
-2925,-1577.75,0,TU
-3291,-1576.75,0,TU
-3908,-1576.75,0,TU
-2609.5,-1575.75,0,TU
-3366.5,-1575.75,0,TU
-3812.5,-1575.25,0,TU
-2187,-1574.75,0,TU
-3401,-1573.25,0,TU
-3750,-1572.75,0,TU
-2294,-1571.75,0,TU
-3217,-1571.75,0,TU
-1852,-1571.75,0,TU
-2647,-1571.75,0,TU
-2573,-1571.25,0,TU
-3200.5,-1570.75,0,TU
-3179.5,-1570.25,0,TU
-2116.5,-1570.25,0,TU
-2423.5,-1569.25,0,TU
-3156,-1569.25,0,TU
-2842.5,-1568.75,0,TU
-2867,-1568.25,0,TU
-2450.5,-1567.25,0,TU
-2251.5,-1566.75,0,TU
-3881.5,-1565.75,0,TU
-3381.5,-1564.75,0,TU
-2584.5,-1564.25,0,TU
-3428.5,-1563.75,0,TU
-3306.5,-1563.25,0,TU
-1832.5,-1562.25,0,TU
-2220,-1561.75,0,TU
-3338,-1560.75,0,TU
-3724.5,-1559.75,0,TU
-3675,-1558.25,0,TU
-2943.5,-1558.25,0,TU
-2618.5,-1558.25,0,TU
-2550,-1558.25,0,TU
-3443,-1558.25,0,TU
-2756.5,-1556.75,0,TU
-3864.5,-1556.25,0,TU
-3656.5,-1554.75,0,TU
-1940.5,-1554.25,0,TU
-2139,-1553.75,0,TU
-2063.5,-1553.25,0,TU
-3693,-1552.75,0,TU
-3357,-1551.75,0,TU
-2655,-1551.25,0,TU
-3019.5,-1549.75,0,TU
-3271.5,-1547.75,0,TU
-3766.5,-1546.75,0,TU
-3094,-1546.75,0,TU
-2860,-1544.75,0,TU
-3327.5,-1544.75,0,TU
-3170.5,-1544.75,0,TU
-2914.5,-1544.75,0,TU
-2112.5,-1544.25,0,TU
-2069,-1543.25,0,TU
-3069,-1542.75,0,TU
-3244.5,-1542.75,0,TU
-2202,-1542.25,0,TU
-3806.5,-1542.25,0,TU
-1800.5,-1542.25,0,TU
-2150,-1541.75,0,TU
-2933.5,-1541.25,0,TU
-3154.5,-1541.25,0,TU
-2519.5,-1540.75,0,TU
-2592.5,-1540.75,0,TU
-3210,-1540.75,0,TU
-3124,-1540.25,0,TU
-3681.5,-1540.25,0,TU
-2847.5,-1540.25,0,TU
-1784.5,-1539.75,0,TU
-3604,-1539.25,0,TU
-3037,-1539.25,0,TU
-3911,-1539.25,0,TU
-2735.5,-1538.75,0,TU
-2881.5,-1538.75,0,TU
-1847.5,-1538.25,0,TU
-1925,-1537.75,0,TU
-2975.5,-1537.25,0,TU
-2306,-1537.25,0,TU
-2542.5,-1536.25,0,TU
-2262,-1536.25,0,TU
-3228,-1535.25,0,TU
-2232,-1535.25,0,TU
-2491.5,-1535.25,0,TU
-2571,-1535.25,0,TU
-2337,-1534.75,0,TU
-3891.5,-1534.75,0,TU
-3732.5,-1533.75,0,TU
-3476.5,-1533.25,0,TU
-3289.5,-1532.75,0,TU
-3634,-1531.25,0,TU
-3589,-1530.75,0,TU
-2191,-1529.25,0,TU
-2822.5,-1527.75,0,TU
-2791.5,-1526.75,0,TU
-3432.5,-1526.75,0,TU
-2124,-1526.25,0,TU
-3368.5,-1525.75,0,TU
-1900,-1525.25,0,TU
-3857,-1525.25,0,TU
-3687,-1525.25,0,TU
-3880.5,-1523.75,0,TU
-3318.5,-1522.25,0,TU
-3294,-1521.75,0,TU
-2850.5,-1521.75,0,TU
-2755,-1521.25,0,TU
-2526,-1520.75,0,TU
-3803,-1520.75,0,TU
-3411.5,-1520.25,0,TU
-3776,-1519.75,0,TU
-3474,-1519.75,0,TU
-2438,-1519.75,0,TU
-2403,-1519.75,0,TU
-3757,-1519.25,0,TU
-2688,-1519.25,0,TU
-3067,-1519.25,0,TU
-3939,-1518.75,0,TU
-3149,-1518.75,0,TU
-3266,-1518.75,0,TU
-2940,-1518.75,0,TU
-2909,-1518.25,0,TU
-2564.5,-1518.25,0,TU
-2262.5,-1517.75,0,TU
-1846,-1516.75,0,TU
-2966,-1516.25,0,TU
-3342.5,-1515.75,0,TU
-3727.5,-1513.25,0,TU
-2837,-1513.25,0,TU
-3603,-1513.25,0,TU
-3036.5,-1513.25,0,TU
-1941,-1512.75,0,TU
-3622,-1512.75,0,TU
-2338,-1512.25,0,TU
-2543.5,-1511.75,0,TU
-2134,-1510.25,0,TU
-3198,-1510.25,0,TU
-3303.5,-1509.75,0,TU
-1896.5,-1509.75,0,TU
-3913,-1508.75,0,TU
-2573.5,-1508.25,0,TU
-2806.5,-1507.75,0,TU
-2304,-1507.25,0,TU
-2502,-1507.25,0,TU
-3595.5,-1506.75,0,TU
-3123.5,-1506.75,0,TU
-2515,-1506.75,0,TU
-2478.5,-1505.75,0,TU
-3672,-1505.75,0,TU
-2884.5,-1504.75,0,TU
-2554.5,-1504.75,0,TU
-2189.5,-1504.75,0,TU
-2771.5,-1504.75,0,TU
-1691.5,-1503.75,0,TU
-2242.5,-1502.25,0,TU
-3711,-1502.25,0,TU
-3470.5,-1501.25,0,TU
-3580.5,-1500.25,0,TU
-2594.5,-1498.75,0,TU
-3774.5,-1498.25,0,TU
-2938,-1497.75,0,TU
-3840,-1497.75,0,TU
-2863,-1497.75,0,TU
-2811,-1497.25,0,TU
-2165.5,-1496.25,0,TU
-1935.5,-1496.25,0,TU
-2431.5,-1496.25,0,TU
-3949.5,-1495.75,0,TU
-2502,-1494.75,0,TU
-2528,-1494.25,0,TU
-2569,-1493.75,0,TU
-1702,-1493.25,0,TU
-1948.5,-1493.25,0,TU
-2689.5,-1492.25,0,TU
-2057.5,-1492.25,0,TU
-2896.5,-1490.75,0,TU
-3488.5,-1490.25,0,TU
-3386,-1489.75,0,TU
-2820.5,-1489.25,0,TU
-3311.5,-1487.25,0,TU
-3206,-1487.25,0,TU
-3884,-1487.25,0,TU
-3083,-1486.75,0,TU
-2320,-1486.75,0,TU
-2548,-1486.25,0,TU
-1874,-1486.25,0,TU
-3729.5,-1484.75,0,TU
-2399.5,-1484.75,0,TU
-3623,-1484.25,0,TU
-1771,-1483.75,0,TU
-3654.5,-1482.25,0,TU
-3687.5,-1482.25,0,TU
-3294,-1482.25,0,TU
-3035,-1481.25,0,TU
-2771,-1481.25,0,TU
-1904,-1481.25,0,TU
-3771.5,-1480.25,0,TU
-3748,-1479.25,0,TU
-2750.5,-1479.25,0,TU
-2931.5,-1478.75,0,TU
-3599.5,-1478.75,0,TU
-2557.5,-1478.25,0,TU
-2313.5,-1478.25,0,TU
-2348,-1478.25,0,TU
-2375.5,-1477.75,0,TU
-1920.5,-1476.75,0,TU
-2067.5,-1476.25,0,TU
-3854.5,-1475.25,0,TU
-3052,-1475.25,0,TU
-1664,-1475.25,0,TU
-2813.5,-1474.75,0,TU
-2086.5,-1474.25,0,TU
-3384.5,-1473.75,0,TU
-3528,-1473.25,0,TU
-2520,-1472.25,0,TU
-3835,-1471.75,0,TU
-3362,-1471.75,0,TU
-3014.5,-1471.25,0,TU
-3586,-1470.75,0,TU
-2943,-1470.25,0,TU
-2489,-1470.25,0,TU
-3658,-1470.25,0,TU
-2400,-1469.75,0,TU
-2305,-1469.25,0,TU
-3094.5,-1467.75,0,TU
-1943,-1467.25,0,TU
-2434,-1466.75,0,TU
-2607.5,-1466.75,0,TU
-3285.5,-1466.25,0,TU
-2890.5,-1465.75,0,TU
-2579.5,-1465.75,0,TU
-1961.5,-1465.75,0,TU
-1654,-1465.25,0,TU
-2477,-1465.25,0,TU
-2061,-1464.75,0,TU
-2737,-1464.25,0,TU
-3746,-1463.25,0,TU
-1865.5,-1463.25,0,TU
-3116.5,-1463.25,0,TU
-2787.5,-1462.75,0,TU
-2233.5,-1462.75,0,TU
-3548,-1461.75,0,TU
-2869,-1460.75,0,TU
-3211,-1460.75,0,TU
-2777,-1460.25,0,TU
-3874.5,-1459.75,0,TU
-3498.5,-1459.25,0,TU
-3622,-1458.75,0,TU
-2076.5,-1457.75,0,TU
-2834,-1457.75,0,TU
-2555.5,-1457.25,0,TU
-3803,-1457.25,0,TU
-2901.5,-1456.75,0,TU
-1843,-1456.25,0,TU
-2923,-1455.75,0,TU
-3388,-1455.75,0,TU
-2273.5,-1455.25,0,TU
-3356.5,-1454.75,0,TU
-2802,-1453.25,0,TU
-1899.5,-1453.25,0,TU
-3315,-1452.75,0,TU
-3273,-1452.75,0,TU
-2758,-1452.75,0,TU
-2860.5,-1452.25,0,TU
-2718.5,-1452.25,0,TU
-3029,-1451.75,0,TU
-3068.5,-1451.75,0,TU
-3534,-1451.75,0,TU
-2056,-1451.75,0,TU
-1822.5,-1450.75,0,TU
-1634.5,-1450.25,0,TU
-1675,-1450.25,0,TU
-2437.5,-1450.25,0,TU
-1657,-1449.75,0,TU
-2096,-1449.75,0,TU
-3228,-1449.25,0,TU
-1945.5,-1449.25,0,TU
-2656.5,-1449.25,0,TU
-3669,-1448.75,0,TU
-3138,-1448.75,0,TU
-2294.5,-1448.75,0,TU
-3596,-1447.25,0,TU
-2384,-1446.75,0,TU
-2891.5,-1445.75,0,TU
-3191,-1445.25,0,TU
-1760,-1445.25,0,TU
-2943,-1444.75,0,TU
-3566,-1444.75,0,TU
-2345.5,-1443.75,0,TU
-3085.5,-1443.75,0,TU
-2754.5,-1442.75,0,TU
-1609,-1442.75,0,TU
-3734.5,-1442.75,0,TU
-1876.5,-1442.25,0,TU
-3016,-1441.75,0,TU
-3288.5,-1441.25,0,TU
-1592,-1440.25,0,TU
-2308.5,-1436.75,0,TU
-3254.5,-1436.25,0,TU
-1654.5,-1436.25,0,TU
-1783.5,-1436.25,0,TU
-2780,-1435.25,0,TU
-2515.5,-1435.25,0,TU
-3349,-1435.25,0,TU
-2161.5,-1434.75,0,TU
-3519.5,-1434.25,0,TU
-2255,-1433.75,0,TU
-2448,-1433.75,0,TU
-2841.5,-1433.75,0,TU
-1618,-1433.25,0,TU
-1800.5,-1432.75,0,TU
-2236.5,-1432.25,0,TU
-2330,-1432.25,0,TU
-1846,-1431.25,0,TU
-3043.5,-1430.75,0,TU
-2891.5,-1430.75,0,TU
-3381,-1430.75,0,TU
-3757,-1430.25,0,TU
-3113.5,-1430.25,0,TU
-3003,-1429.75,0,TU
-2208,-1429.75,0,TU
-3203.5,-1429.25,0,TU
-2862,-1429.25,0,TU
-3311,-1428.75,0,TU
-2279,-1427.25,0,TU
-2587.5,-1427.25,0,TU
-1545,-1426.75,0,TU
-1638,-1426.25,0,TU
-1869,-1425.25,0,TU
-2658.5,-1425.25,0,TU
-1734,-1424.25,0,TU
-2080,-1424.25,0,TU
-2609.5,-1423.75,0,TU
-2053.5,-1422.75,0,TU
-3590.5,-1422.25,0,TU
-1750,-1421.75,0,TU
-1899.5,-1421.75,0,TU
-2564.5,-1421.75,0,TU
-3844.5,-1421.75,0,TU
-2801,-1420.75,0,TU
-2955.5,-1419.75,0,TU
-3324,-1419.25,0,TU
-1819,-1419.25,0,TU
-3768,-1419.25,0,TU
-2541.5,-1418.75,0,TU
-3303,-1418.25,0,TU
-2497,-1418.25,0,TU
-2735,-1417.75,0,TU
-2924.5,-1417.25,0,TU
-3780,-1417.25,0,TU
-3670,-1416.25,0,TU
-1762.5,-1416.25,0,TU
-1926.5,-1416.25,0,TU
-2261.5,-1415.75,0,TU
-2890,-1415.25,0,TU
-3069.5,-1415.25,0,TU
-1677,-1414.25,0,TU
-3180,-1414.25,0,TU
-3217,-1413.75,0,TU
-2287,-1413.25,0,TU
-2376,-1412.75,0,TU
-1648,-1412.75,0,TU
-2478.5,-1411.75,0,TU
-3615.5,-1411.75,0,TU
-1560,-1410.75,0,TU
-3034,-1410.75,0,TU
-2761.5,-1410.25,0,TU
-3654.5,-1409.75,0,TU
-1905,-1408.75,0,TU
-2997,-1407.75,0,TU
-3726.5,-1407.75,0,TU
-2633,-1407.75,0,TU
-1479.5,-1407.25,0,TU
-3352,-1406.75,0,TU
-2716.5,-1406.25,0,TU
-2306.5,-1405.75,0,TU
-2979.5,-1405.75,0,TU
-3282,-1405.25,0,TU
-2328,-1405.25,0,TU
-3808.5,-1404.75,0,TU
-2577.5,-1404.25,0,TU
-3311,-1404.25,0,TU
-1840,-1403.75,0,TU
-1458.5,-1403.75,0,TU
-2233,-1403.25,0,TU
-1871,-1402.75,0,TU
-2735.5,-1402.75,0,TU
-1586.5,-1402.25,0,TU
-1665.5,-1401.75,0,TU
-1809.5,-1401.75,0,TU
-3104.5,-1401.75,0,TU
-3590.5,-1401.25,0,TU
-2440,-1400.75,0,TU
-2910.5,-1400.25,0,TU
-1529,-1399.75,0,TU
-2700,-1399.75,0,TU
-2094.5,-1399.25,0,TU
-2855,-1398.25,0,TU
-2269,-1397.75,0,TU
-2751.5,-1397.75,0,TU
-1767.5,-1397.75,0,TU
-2469.5,-1397.25,0,TU
-3753.5,-1397.25,0,TU
-3636.5,-1397.25,0,TU
-3782.5,-1396.75,0,TU
-1789.5,-1396.75,0,TU
-1683.5,-1396.75,0,TU
-3241,-1394.75,0,TU
-2949.5,-1394.75,0,TU
-2176.5,-1394.25,0,TU
-1643,-1392.75,0,TU
-2931.5,-1392.25,0,TU
-2334,-1390.75,0,TU
-1700.5,-1390.25,0,TU
-1659,-1390.25,0,TU
-3186.5,-1389.75,0,TU
-3822,-1389.25,0,TU
-3847.5,-1388.75,0,TU
-2670.5,-1388.75,0,TU
-2881.5,-1388.25,0,TU
-3722,-1388.25,0,TU
-2648.5,-1388.25,0,TU
-1730.5,-1385.75,0,TU
-2297.5,-1385.75,0,TU
-1449.5,-1385.25,0,TU
-2599,-1384.75,0,TU
-2385,-1384.75,0,TU
-2906,-1384.25,0,TU
-2359,-1383.75,0,TU
-2970,-1383.25,0,TU
-2736.5,-1383.25,0,TU
-1922,-1382.75,0,TU
-3201.5,-1382.25,0,TU
-3685.5,-1382.25,0,TU
-3866,-1381.25,0,TU
-3074.5,-1379.75,0,TU
-1856,-1379.75,0,TU
-3304.5,-1379.25,0,TU
-3230.5,-1378.75,0,TU
-2538.5,-1378.75,0,TU
-3401.5,-1378.75,0,TU
-2503,-1377.75,0,TU
-3709,-1377.25,0,TU
-1833,-1376.75,0,TU
-1669.5,-1375.75,0,TU
-3027.5,-1375.75,0,TU
-3670.5,-1373.75,0,TU
-1556,-1373.25,0,TU
-2253.5,-1372.75,0,TU
-1635,-1372.25,0,TU
-1604,-1371.75,0,TU
-2377,-1371.75,0,TU
-2276,-1371.75,0,TU
-1530.5,-1370.25,0,TU
-2683,-1370.25,0,TU
-1760,-1369.75,0,TU
-3038.5,-1369.75,0,TU
-1931.5,-1369.75,0,TU
-2584,-1369.25,0,TU
-3096.5,-1369.25,0,TU
-2149,-1368.75,0,TU
-2943.5,-1367.75,0,TU
-3556,-1367.25,0,TU
-3835,-1367.25,0,TU
-2981.5,-1365.75,0,TU
-3586,-1365.75,0,TU
-2560.5,-1365.75,0,TU
-3647,-1365.75,0,TU
-3760.5,-1365.25,0,TU
-1700,-1364.75,0,TU
-2841,-1364.25,0,TU
-3361,-1363.25,0,TU
-1917.5,-1362.25,0,TU
-3057,-1362.25,0,TU
-2391.5,-1361.75,0,TU
-2170.5,-1361.75,0,TU
-2864.5,-1361.75,0,TU
-2711,-1361.75,0,TU
-2195,-1360.75,0,TU
-1730.5,-1360.75,0,TU
-3178.5,-1360.75,0,TU
-2293,-1359.75,0,TU
-1445,-1358.25,0,TU
-2080,-1358.25,0,TU
-3157,-1358.25,0,TU
-1929,-1357.25,0,TU
-3122,-1357.25,0,TU
-2318,-1357.25,0,TU
-2735.5,-1356.25,0,TU
-2336.5,-1355.75,0,TU
-1650,-1355.75,0,TU
-3201,-1354.75,0,TU
-1359,-1354.75,0,TU
-1679.5,-1354.75,0,TU
-1821,-1354.25,0,TU
-1543.5,-1353.75,0,TU
-3536.5,-1353.75,0,TU
-1789,-1353.75,0,TU
-2959,-1352.25,0,TU
-3337,-1351.25,0,TU
-3395,-1351.25,0,TU
-2301,-1350.75,0,TU
-1841,-1350.25,0,TU
-2365,-1349.75,0,TU
-2771,-1349.25,0,TU
-1696.5,-1349.25,0,TU
-1585.5,-1348.75,0,TU
-1351,-1346.75,0,TU
-3224,-1346.75,0,TU
-3698.5,-1346.75,0,TU
-3577.5,-1346.25,0,TU
-2052,-1346.25,0,TU
-1913.5,-1345.75,0,TU
-3248.5,-1345.75,0,TU
-3517.5,-1345.75,0,TU
-1715.5,-1345.75,0,TU
-2142.5,-1345.25,0,TU
-3083.5,-1344.75,0,TU
-1936,-1344.25,0,TU
-1757,-1343.75,0,TU
-1428.5,-1343.75,0,TU
-3366,-1343.25,0,TU
-2276.5,-1342.75,0,TU
-2668,-1342.25,0,TU
-1737,-1342.25,0,TU
-1385.5,-1342.25,0,TU
-3749,-1341.75,0,TU
-2396.5,-1341.75,0,TU
-1891,-1341.25,0,TU
-2415.5,-1340.25,0,TU
-3677.5,-1339.75,0,TU
-2252,-1338.75,0,TU
-3003,-1337.75,0,TU
-3632.5,-1336.75,0,TU
-3417.5,-1336.25,0,TU
-1470,-1335.75,0,TU
-3298.5,-1335.75,0,TU
-2068.5,-1335.25,0,TU
-2782,-1333.25,0,TU
-3722,-1332.75,0,TU
-1330,-1332.25,0,TU
-1928,-1331.75,0,TU
-3338.5,-1331.25,0,TU
-2886.5,-1331.25,0,TU
-2088,-1329.75,0,TU
-2184,-1329.25,0,TU
-3729.5,-1329.25,0,TU
-1590.5,-1329.25,0,TU
-3658.5,-1329.25,0,TU
-2801,-1328.75,0,TU
-3258.5,-1328.25,0,TU
-1723,-1328.25,0,TU
-1879.5,-1327.75,0,TU
-1679,-1327.75,0,TU
-1443,-1327.75,0,TU
-2311.5,-1327.25,0,TU
-2140,-1327.25,0,TU
-1797,-1327.25,0,TU
-1550.5,-1327.25,0,TU
-2375.5,-1327.25,0,TU
-1644,-1326.75,0,TU
-2845,-1326.75,0,TU
-2935.5,-1326.75,0,TU
-3392,-1326.25,0,TU
-2964.5,-1326.25,0,TU
-2099,-1325.75,0,TU
-3747,-1325.75,0,TU
-1664.5,-1325.25,0,TU
-2567,-1324.75,0,TU
-1911,-1323.75,0,TU
-2814.5,-1322.25,0,TU
-2269.5,-1320.75,0,TU
-3234,-1320.25,0,TU
-2906,-1320.25,0,TU
-3315,-1319.75,0,TU
-1618.5,-1319.75,0,TU
-3286,-1319.25,0,TU
-1421.5,-1319.25,0,TU
-3056,-1318.75,0,TU
-3367.5,-1318.25,0,TU
-3146,-1318.25,0,TU
-3171,-1318.25,0,TU
-1700,-1316.75,0,TU
-1640.5,-1316.25,0,TU
-1297,-1316.25,0,TU
-3529,-1315.25,0,TU
-2114.5,-1315.25,0,TU
-1288.5,-1314.75,0,TU
-2236,-1314.75,0,TU
-1573,-1314.25,0,TU
-1500,-1314.25,0,TU
-3003.5,-1314.25,0,TU
-2415.5,-1313.25,0,TU
-1857,-1312.25,0,TU
-3267,-1311.25,0,TU
-1323,-1311.25,0,TU
-1803.5,-1310.75,0,TU
-3412,-1310.75,0,TU
-3345.5,-1310.25,0,TU
-2854,-1309.75,0,TU
-3038.5,-1309.75,0,TU
-3184,-1309.75,0,TU
-2054,-1309.25,0,TU
-1937.5,-1307.75,0,TU
-1319.5,-1307.25,0,TU
-3585,-1307.25,0,TU
-3497,-1307.25,0,TU
-2505,-1307.25,0,TU
-3732.5,-1306.75,0,TU
-2137.5,-1306.75,0,TU
-2342,-1305.75,0,TU
-2876.5,-1305.75,0,TU
-2969,-1305.75,0,TU
-2086,-1305.25,0,TU
-2940,-1304.25,0,TU
-1307.5,-1303.25,0,TU
-3672.5,-1302.75,0,TU
-3544,-1302.25,0,TU
-3597.5,-1300.75,0,TU
-3638,-1300.75,0,TU
-3199.5,-1300.75,0,TU
-1904,-1300.25,0,TU
-2810,-1300.25,0,TU
-3003.5,-1300.25,0,TU
-3478,-1299.25,0,TU
-3571,-1299.25,0,TU
-1764.5,-1298.75,0,TU
-2546,-1298.75,0,TU
-3387,-1298.25,0,TU
-3271,-1298.25,0,TU
-1512,-1297.25,0,TU
-3163,-1297.25,0,TU
-2159.5,-1297.25,0,TU
-1565,-1296.75,0,TU
-1736,-1296.75,0,TU
-2728,-1296.75,0,TU
-1432.5,-1296.25,0,TU
-2104.5,-1295.25,0,TU
-1546,-1295.25,0,TU
-1534.5,-1295.25,0,TU
-2186.5,-1292.25,0,TU
-1291.5,-1291.25,0,TU
-1492.5,-1291.25,0,TU
-2045,-1290.75,0,TU
-1790.5,-1290.25,0,TU
-2771,-1289.75,0,TU
-3364,-1288.75,0,TU
-2835,-1288.75,0,TU
-1819,-1288.75,0,TU
-1264.5,-1288.75,0,TU
-2268,-1288.25,0,TU
-1325.5,-1288.25,0,TU
-3290,-1288.25,0,TU
-3114,-1287.75,0,TU
-3019.5,-1287.75,0,TU
-2520,-1287.75,0,TU
-1642.5,-1287.75,0,TU
-1930,-1287.75,0,TU
-2566.5,-1285.75,0,TU
-3510.5,-1285.25,0,TU
-2122,-1284.25,0,TU
-2957,-1283.25,0,TU
-3147.5,-1283.25,0,TU
-3189.5,-1283.25,0,TU
-3213.5,-1283.25,0,TU
-2477.5,-1283.25,0,TU
-1944,-1282.75,0,TU
-1472,-1282.75,0,TU
-2867.5,-1282.25,0,TU
-2447,-1281.75,0,TU
-2417,-1281.75,0,TU
-2229,-1281.25,0,TU
-3253,-1280.75,0,TU
-3275.5,-1280.25,0,TU
-1384,-1280.25,0,TU
-3637.5,-1279.25,0,TU
-3531,-1279.25,0,TU
-2813.5,-1278.75,0,TU
-1844.5,-1278.75,0,TU
-2923.5,-1277.75,0,TU
-3401,-1277.75,0,TU
-2950,-1277.75,0,TU
-1498.5,-1277.25,0,TU
-1564,-1277.25,0,TU
-2089,-1277.25,0,TU
-1629,-1275.75,0,TU
-2141,-1275.25,0,TU
-1248.5,-1274.75,0,TU
-1340,-1274.25,0,TU
-1891,-1273.75,0,TU
-2248.5,-1272.75,0,TU
-2021,-1271.75,0,TU
-1644,-1271.25,0,TU
-1584,-1270.75,0,TU
-1315,-1270.25,0,TU
-3183,-1269.75,0,TU
-3632,-1269.25,0,TU
-1699.5,-1268.25,0,TU
-3297.5,-1268.25,0,TU
-3515.5,-1267.75,0,TU
-1751,-1267.25,0,TU
-2430.5,-1266.75,0,TU
-3065.5,-1266.75,0,TU
-1660.5,-1266.25,0,TU
-3259,-1265.75,0,TU
-1814,-1264.75,0,TU
-3457.5,-1264.75,0,TU
-3101,-1264.25,0,TU
-1918.5,-1264.25,0,TU
-3203.5,-1263.25,0,TU
-2705.5,-1263.25,0,TU
-1407,-1262.75,0,TU
-1278,-1262.25,0,TU
-1513,-1262.25,0,TU
-1679.5,-1261.75,0,TU
-2736.5,-1261.25,0,TU
-3172,-1260.25,0,TU
-2488,-1260.25,0,TU
-3026,-1259.75,0,TU
-1934,-1259.25,0,TU
-2894.5,-1259.25,0,TU
-2521.5,-1259.25,0,TU
-3529.5,-1258.75,0,TU
-3394,-1255.75,0,TU
-3277,-1255.25,0,TU
-3305,-1255.25,0,TU
-1768,-1254.75,0,TU
-1532.5,-1253.25,0,TU
-1230.5,-1253.25,0,TU
-1552.5,-1252.25,0,TU
-1587,-1252.25,0,TU
-3433.5,-1251.75,0,TU
-2440.5,-1251.25,0,TU
-2462.5,-1251.25,0,TU
-1571.5,-1250.75,0,TU
-1920,-1250.25,0,TU
-1835.5,-1250.25,0,TU
-1344.5,-1249.75,0,TU
-2082.5,-1249.75,0,TU
-3224,-1249.25,0,TU
-1737,-1249.25,0,TU
-3237.5,-1248.75,0,TU
-3139,-1248.25,0,TU
-3552,-1247.75,0,TU
-2915.5,-1247.75,0,TU
-3589,-1247.25,0,TU
-1706,-1246.25,0,TU
-3382.5,-1245.25,0,TU
-1208,-1245.25,0,TU
-3261,-1245.25,0,TU
-2021.5,-1244.75,0,TU
-3648,-1244.25,0,TU
-3085,-1244.25,0,TU
-1315,-1244.25,0,TU
-3508,-1243.25,0,TU
-3211,-1241.75,0,TU
-1269.5,-1240.75,0,TU
-2930.5,-1240.75,0,TU
-3606,-1240.25,0,TU
-3288,-1239.75,0,TU
-1793,-1239.75,0,TU
-1402,-1239.25,0,TU
-3538.5,-1239.25,0,TU
-3033,-1239.25,0,TU
-2664.5,-1237.75,0,TU
-3061,-1237.25,0,TU
-3366,-1237.25,0,TU
-1503,-1237.25,0,TU
-1596.5,-1236.75,0,TU
-2060,-1235.75,0,TU
-3164,-1234.75,0,TU
-1910.5,-1233.75,0,TU
-3564.5,-1232.25,0,TU
-2880.5,-1231.75,0,TU
-3199.5,-1231.25,0,TU
-1872,-1231.25,0,TU
-1885,-1231.25,0,TU
-2143,-1230.75,0,TU
-2214.5,-1230.75,0,TU
-1287.5,-1230.25,0,TU
-2709.5,-1229.75,0,TU
-2904.5,-1229.75,0,TU
-3396.5,-1229.75,0,TU
-3428.5,-1228.75,0,TU
-1927.5,-1228.75,0,TU
-2405.5,-1228.75,0,TU
-2437.5,-1228.75,0,TU
-3308.5,-1228.75,0,TU
-1142.5,-1228.25,0,TU
-2240.5,-1228.25,0,TU
-1654.5,-1227.75,0,TU
-1687,-1227.75,0,TU
-2191,-1226.75,0,TU
-2483,-1225.25,0,TU
-1389,-1224.75,0,TU
-1128.5,-1224.25,0,TU
-3543,-1223.75,0,TU
-1842,-1223.25,0,TU
-2632.5,-1223.25,0,TU
-3264.5,-1223.25,0,TU
-1604,-1222.75,0,TU
-2922,-1222.25,0,TU
-3238.5,-1222.25,0,TU
-1090.5,-1221.75,0,TU
-1107.5,-1221.75,0,TU
-2801,-1221.75,0,TU
-1066,-1221.75,0,TU
-2166.5,-1221.25,0,TU
-1705.5,-1220.75,0,TU
-3358.5,-1219.75,0,TU
-2060.5,-1217.75,0,TU
-2011,-1217.25,0,TU
-2092,-1216.25,0,TU
-3376,-1216.25,0,TU
-2931,-1216.25,0,TU
-3656.5,-1215.75,0,TU
-1925.5,-1215.25,0,TU
-1212,-1215.25,0,TU
-3021.5,-1214.25,0,TU
-1873,-1212.25,0,TU
-1678,-1211.75,0,TU
-2320,-1211.75,0,TU
-2025,-1211.25,0,TU
-1059,-1209.75,0,TU
-2902.5,-1208.75,0,TU
-1797.5,-1208.25,0,TU
-3297,-1208.25,0,TU
-3539,-1207.75,0,TU
-2707.5,-1207.25,0,TU
-3204,-1207.25,0,TU
-1296,-1207.25,0,TU
-3611.5,-1206.75,0,TU
-2958,-1206.75,0,TU
-3356,-1205.75,0,TU
-3627.5,-1205.25,0,TU
-1122.5,-1204.75,0,TU
-3406.5,-1204.75,0,TU
-2663,-1203.75,0,TU
-2037.5,-1203.25,0,TU
-3502,-1203.25,0,TU
-3523.5,-1202.75,0,TU
-2999,-1202.75,0,TU
-2677,-1202.25,0,TU
-2343,-1202.25,0,TU
-1220,-1201.75,0,TU
-1258,-1201.75,0,TU
-1441.5,-1201.75,0,TU
-3268,-1201.25,0,TU
-1239,-1201.25,0,TU
-3224,-1200.75,0,TU
-3587.5,-1200.75,0,TU
-2647,-1200.25,0,TU
-3437.5,-1198.75,0,TU
-2299,-1198.25,0,TU
-3071,-1197.75,0,TU
-1876,-1196.75,0,TU
-3373.5,-1196.75,0,TU
-3192,-1196.25,0,TU
-3036,-1196.25,0,TU
-2625,-1196.25,0,TU
-2005.5,-1196.25,0,TU
-3493.5,-1194.75,0,TU
-1103.5,-1193.75,0,TU
-2194.5,-1193.75,0,TU
-2319,-1193.75,0,TU
-3257.5,-1193.25,0,TU
-2064,-1192.75,0,TU
-1838.5,-1192.75,0,TU
-3160.5,-1192.25,0,TU
-1169.5,-1191.25,0,TU
-2939.5,-1190.75,0,TU
-3307.5,-1189.75,0,TU
-1259,-1188.75,0,TU
-2923,-1188.75,0,TU
-1858.5,-1188.25,0,TU
-3128,-1187.25,0,TU
-2709,-1186.75,0,TU
-3577.5,-1186.75,0,TU
-2032,-1186.25,0,TU
-2406,-1186.25,0,TU
-2090.5,-1185.75,0,TU
-1803.5,-1185.75,0,TU
-1603.5,-1184.75,0,TU
-3320,-1183.75,0,TU
-3357.5,-1183.75,0,TU
-2010,-1183.75,0,TU
-3520.5,-1183.25,0,TU
-2900,-1183.25,0,TU
-2484,-1183.25,0,TU
-2266.5,-1182.75,0,TU
-3235.5,-1181.25,0,TU
-2298.5,-1180.75,0,TU
-2446.5,-1180.25,0,TU
-2816.5,-1179.75,0,TU
-2734.5,-1178.75,0,TU
-2428,-1177.25,0,TU
-3248,-1176.25,0,TU
-3480,-1176.25,0,TU
-2322,-1175.75,0,TU
-1221,-1175.75,0,TU
-2657,-1175.25,0,TU
-2039,-1174.75,0,TU
-3113,-1174.25,0,TU
-3089,-1174.25,0,TU
-3568,-1174.25,0,TU
-3458.5,-1173.25,0,TU
-3537.5,-1172.75,0,TU
-3182,-1172.75,0,TU
-1833.5,-1172.75,0,TU
-1203,-1172.75,0,TU
-1852.5,-1172.25,0,TU
-3214.5,-1172.25,0,TU
-3152,-1171.75,0,TU
-3266.5,-1171.75,0,TU
-3011,-1170.25,0,TU
-3318.5,-1169.75,0,TU
-2768.5,-1169.25,0,TU
-1286,-1168.25,0,TU
-1895,-1167.25,0,TU
-2348,-1166.75,0,TU
-1722.5,-1166.25,0,TU
-2011.5,-1165.75,0,TU
-2387.5,-1165.25,0,TU
-1256,-1165.25,0,TU
-2919.5,-1165.25,0,TU
-3513.5,-1165.25,0,TU
-2045.5,-1163.75,0,TU
-1858.5,-1163.25,0,TU
-2416.5,-1163.25,0,TU
-3337,-1162.25,0,TU
-2294.5,-1162.25,0,TU
-1185.5,-1162.25,0,TU
-2982.5,-1161.75,0,TU
-3482.5,-1160.75,0,TU
-2026.5,-1159.75,0,TU
-3195,-1159.25,0,TU
-2497,-1157.75,0,TU
-2958,-1157.25,0,TU
-1273.5,-1154.75,0,TU
-2938,-1154.75,0,TU
-1037,-1154.25,0,TU
-2270.5,-1154.25,0,TU
-1458.5,-1154.25,0,TU
-2590,-1153.75,0,TU
-2321,-1153.25,0,TU
-3358,-1152.75,0,TU
-3009.5,-1152.25,0,TU
-2912.5,-1151.75,0,TU
-2879.5,-1151.75,0,TU
-2067,-1151.25,0,TU
-3247,-1151.25,0,TU
-1680,-1150.75,0,TU
-2157.5,-1150.75,0,TU
-1645,-1150.25,0,TU
-1011.5,-1150.25,0,TU
-3140,-1150.25,0,TU
-3279.5,-1149.25,0,TU
-1617,-1148.75,0,TU
-2096,-1147.75,0,TU
-1109,-1147.75,0,TU
-3109,-1147.25,0,TU
-2769,-1146.75,0,TU
-1324,-1146.75,0,TU
-2709,-1146.25,0,TU
-2562,-1146.25,0,TU
-3382.5,-1145.75,0,TU
-3459,-1145.75,0,TU
-2006,-1145.25,0,TU
-1808,-1145.25,0,TU
-1344,-1143.75,0,TU
-1379,-1143.25,0,TU
-2742,-1142.75,0,TU
-1485.5,-1142.75,0,TU
-1506.5,-1141.75,0,TU
-2868.5,-1141.75,0,TU
-2230,-1141.25,0,TU
-2684,-1140.25,0,TU
-2021.5,-1140.25,0,TU
-2528,-1139.75,0,TU
-3514.5,-1138.75,0,TU
-2419,-1138.25,0,TU
-3179.5,-1137.25,0,TU
-2649.5,-1137.25,0,TU
-3208.5,-1137.25,0,TU
-2966.5,-1136.25,0,TU
-1876,-1134.75,0,TU
-1851,-1134.75,0,TU
-1539.5,-1134.25,0,TU
-1748,-1132.75,0,TU
-2853,-1132.75,0,TU
-2773,-1132.25,0,TU
-1794,-1131.25,0,TU
-1585.5,-1130.25,0,TU
-1226.5,-1129.75,0,TU
-2487.5,-1129.25,0,TU
-2804.5,-1128.25,0,TU
-2884,-1127.25,0,TU
-3247,-1126.25,0,TU
-2094,-1126.25,0,TU
-2587,-1125.75,0,TU
-2050.5,-1124.75,0,TU
-2738,-1124.75,0,TU
-2431.5,-1124.75,0,TU
-2296,-1124.25,0,TU
-1780.5,-1124.25,0,TU
-3282,-1124.25,0,TU
-2256,-1123.25,0,TU
-2505,-1122.75,0,TU
-1318.5,-1121.25,0,TU
-1763,-1120.75,0,TU
-2825.5,-1120.75,0,TU
-2161.5,-1120.25,0,TU
-3118.5,-1120.25,0,TU
-2703.5,-1120.25,0,TU
-1606.5,-1119.75,0,TU
-3012,-1119.25,0,TU
-2072,-1119.25,0,TU
-2864.5,-1118.25,0,TU
-1998.5,-1117.75,0,TU
-2015,-1117.25,0,TU
-2105.5,-1116.25,0,TU
-3214.5,-1116.25,0,TU
-3186,-1115.25,0,TU
-1268,-1115.25,0,TU
-2191,-1114.75,0,TU
-3037.5,-1114.75,0,TU
-3379,-1113.75,0,TU
-1295,-1112.75,0,TU
-2850,-1110.75,0,TU
-2020.5,-1108.75,0,TU
-2537.5,-1108.25,0,TU
-1366.5,-1108.25,0,TU
-3393.5,-1107.75,0,TU
-1796.5,-1107.75,0,TU
-1821,-1107.75,0,TU
-2766.5,-1107.25,0,TU
-3052,-1107.25,0,TU
-2730,-1106.25,0,TU
-2892.5,-1105.25,0,TU
-2581.5,-1104.75,0,TU
-3110,-1104.25,0,TU
-2891,-1104.25,0,TU
-999.5,-1103.25,0,TU
-3085,-1102.25,0,TU
-2676.5,-1101.25,0,TU
-1293.5,-1100.75,0,TU
-3167,-1100.75,0,TU
-3261,-1100.25,0,TU
-1529,-1100.25,0,TU
-2306.5,-1100.25,0,TU
-2942,-1099.75,0,TU
-2031,-1098.25,0,TU
-2573,-1098.25,0,TU
-1333,-1097.75,0,TU
-2553,-1096.75,0,TU
-2212.5,-1096.75,0,TU
-2644,-1096.25,0,TU
-3227.5,-1095.75,0,TU
-2804,-1095.25,0,TU
-1656.5,-1094.75,0,TU
-1687,-1094.75,0,TU
-2105.5,-1094.25,0,TU
-1547.5,-1093.75,0,TU
-2084.5,-1093.25,0,TU
-2515.5,-1092.25,0,TU
-2146.5,-1092.25,0,TU
-3017.5,-1092.25,0,TU
-2122,-1091.25,0,TU
-2825.5,-1090.75,0,TU
-1502.5,-1090.25,0,TU
-2273.5,-1089.75,0,TU
-1996,-1089.25,0,TU
-1801,-1088.75,0,TU
-3046.5,-1087.75,0,TU
-1627.5,-1087.75,0,TU
-2872,-1087.25,0,TU
-3286,-1086.75,0,TU
-3193,-1085.75,0,TU
-2325.5,-1085.25,0,TU
-3072,-1084.75,0,TU
-3118,-1084.75,0,TU
-2167,-1083.75,0,TU
-2534.5,-1082.75,0,TU
-1586.5,-1082.25,0,TU
-1778.5,-1082.25,0,TU
-2848.5,-1082.25,0,TU
-2186.5,-1082.25,0,TU
-1556,-1081.75,0,TU
-1130.5,-1081.25,0,TU
-2727,-1080.75,0,TU
-1282.5,-1079.25,0,TU
-1706.5,-1077.75,0,TU
-2002,-1077.25,0,TU
-1822,-1076.25,0,TU
-1342,-1075.75,0,TU
-2760.5,-1075.25,0,TU
-2052.5,-1074.75,0,TU
-2509,-1074.75,0,TU
-2572.5,-1074.25,0,TU
-3184.5,-1073.75,0,TU
-2037.5,-1073.75,0,TU
-2661.5,-1072.25,0,TU
-1680,-1070.75,0,TU
-1304.5,-1070.25,0,TU
-1518,-1070.25,0,TU
-1979,-1069.25,0,TU
-1069,-1068.75,0,TU
-1323.5,-1067.25,0,TU
-1571.5,-1065.75,0,TU
-2017,-1065.25,0,TU
-3116,-1064.75,0,TU
-3239,-1063.75,0,TU
-2735,-1063.75,0,TU
-1260.5,-1063.75,0,TU
-2176.5,-1062.75,0,TU
-1038.5,-1062.25,0,TU
-3190.5,-1061.75,0,TU
-3131.5,-1061.75,0,TU
-1874,-1061.25,0,TU
-2097,-1061.25,0,TU
-2337.5,-1061.25,0,TU
-1924.5,-1061.25,0,TU
-3168.5,-1060.75,0,TU
-2207.5,-1060.25,0,TU
-1284,-1059.75,0,TU
-3149.5,-1059.75,0,TU
-2700.5,-1059.25,0,TU
-1846,-1059.25,0,TU
-3070,-1056.75,0,TU
-1469.5,-1056.25,0,TU
-1982,-1055.25,0,TU
-2277,-1055.25,0,TU
-2046.5,-1054.75,0,TU
-2930.5,-1054.75,0,TU
-1532,-1054.25,0,TU
-1553,-1054.25,0,TU
-1677,-1053.25,0,TU
-2637.5,-1052.25,0,TU
-1224.5,-1051.75,0,TU
-2545,-1051.25,0,TU
-2809.5,-1049.25,0,TU
-2303,-1048.75,0,TU
-3296,-1047.25,0,TU
-2772,-1047.25,0,TU
-1710,-1047.25,0,TU
-2187.5,-1046.75,0,TU
-1691.5,-1046.25,0,TU
-2748.5,-1044.75,0,TU
-1997,-1044.75,0,TU
-2729,-1044.25,0,TU
-3143.5,-1044.25,0,TU
-2166.5,-1043.75,0,TU
-3175,-1043.75,0,TU
-1528.5,-1043.75,0,TU
-2108,-1043.75,0,TU
-3100,-1043.25,0,TU
-3194,-1042.75,0,TU
-1052.5,-1042.25,0,TU
-2442.5,-1041.75,0,TU
-2139.5,-1041.25,0,TU
-1811,-1040.25,0,TU
-2034,-1040.25,0,TU
-2826.5,-1039.75,0,TU
-1328.5,-1039.25,0,TU
-3214,-1037.75,0,TU
-2854.5,-1037.75,0,TU
-2282.5,-1037.25,0,TU
-1887,-1036.75,0,TU
-3244,-1036.25,0,TU
-3120.5,-1035.75,0,TU
-2208,-1035.75,0,TU
-2942,-1034.75,0,TU
-2020,-1033.75,0,TU
-2194,-1033.75,0,TU
-1452,-1033.25,0,TU
-2272.5,-1031.25,0,TU
-1475.5,-1031.25,0,TU
-1846,-1029.75,0,TU
-1990.5,-1029.25,0,TU
-1028,-1029.25,0,TU
-1059.5,-1027.25,0,TU
-1226.5,-1027.25,0,TU
-1863.5,-1026.75,0,TU
-2916.5,-1025.75,0,TU
-996.5,-1025.25,0,TU
-3267.5,-1025.25,0,TU
-2308.5,-1024.75,0,TU
-1695,-1024.75,0,TU
-3080.5,-1024.75,0,TU
-1383,-1024.75,0,TU
-2892,-1024.75,0,TU
-1486.5,-1024.25,0,TU
-2686.5,-1024.25,0,TU
-2878,-1024.25,0,TU
-2399,-1024.25,0,TU
-2861.5,-1023.25,0,TU
-2817,-1022.75,0,TU
-2142.5,-1022.25,0,TU
-3231.5,-1021.75,0,TU
-3056.5,-1021.75,0,TU
-2182,-1020.75,0,TU
-3137.5,-1020.75,0,TU
-1774.5,-1020.25,0,TU
-1314,-1020.25,0,TU
-1834.5,-1019.25,0,TU
-3248.5,-1018.25,0,TU
-2279.5,-1018.25,0,TU
-1635,-1017.25,0,TU
-2792,-1016.75,0,TU
-1495.5,-1016.25,0,TU
-2657,-1016.25,0,TU
-2048,-1015.75,0,TU
-3170,-1015.75,0,TU
-2068.5,-1015.25,0,TU
-2210,-1014.25,0,TU
-2747,-1013.75,0,TU
-2724,-1013.25,0,TU
-1218.5,-1011.75,0,TU
-2355.5,-1011.75,0,TU
-3150,-1011.25,0,TU
-3207.5,-1010.75,0,TU
-1154.5,-1010.75,0,TU
-3191,-1010.25,0,TU
-3092,-1009.75,0,TU
-2021,-1008.75,0,TU
-1401,-1008.25,0,TU
-2829.5,-1008.25,0,TU
-2326,-1007.75,0,TU
-1812,-1005.75,0,TU
-1992.5,-1005.25,0,TU
-1958.5,-1004.75,0,TU
-2849,-1003.25,0,TU
-3231.5,-1003.25,0,TU
-2284.5,-1001.75,0,TU
-1026,-1001.75,0,TU
-1076.5,-1000.75,0,TU
-2880.5,-1000.25,0,TU
-2808.5,-999.75,0,TU
-1521.5,-999.75,0,TU
-2301,-999.25,0,TU
-2678.5,-998.75,0,TU
-1498,-998.75,0,TU
-2628.5,-997.25,0,TU
-2094,-997.25,0,TU
-2084.5,-996.75,0,TU
-3251.5,-996.75,0,TU
-1467.5,-995.75,0,TU
-2573.5,-995.75,0,TU
-3039.5,-995.75,0,TU
-3001,-994.25,0,TU
-3203.5,-994.25,0,TU
-2145.5,-994.25,0,TU
-2118.5,-994.25,0,TU
-1189.5,-993.75,0,TU
-1583,-993.25,0,TU
-1488.5,-992.25,0,TU
-3224.5,-991.75,0,TU
-2133,-991.25,0,TU
-3075.5,-991.25,0,TU
-1362.5,-991.25,0,TU
-2537.5,-989.75,0,TU
-2259.5,-989.75,0,TU
-3282.5,-989.25,0,TU
-2771.5,-989.25,0,TU
-2494.5,-987.75,0,TU
-2913.5,-987.25,0,TU
-3100.5,-987.25,0,TU
-1555.5,-987.25,0,TU
-2166,-985.75,0,TU
-985.5,-985.75,0,TU
-2719.5,-984.75,0,TU
-2360,-984.25,0,TU
-1341,-984.25,0,TU
-1633.5,-983.75,0,TU
-1002,-983.25,0,TU
-2313.5,-981.75,0,TU
-1609,-981.25,0,TU
-2885,-980.25,0,TU
-2290.5,-979.25,0,TU
-2812,-979.25,0,TU
-3265.5,-978.75,0,TU
-3183,-977.75,0,TU
-2967.5,-976.75,0,TU
-3238.5,-975.75,0,TU
-2061,-975.75,0,TU
-3046.5,-975.75,0,TU
-3207,-975.25,0,TU
-1489.5,-974.75,0,TU
-1936,-974.75,0,TU
-2992,-974.75,0,TU
-3019.5,-973.75,0,TU
-1319,-973.75,0,TU
-2105.5,-973.75,0,TU
-2569,-973.25,0,TU
-1888,-972.25,0,TU
-2003.5,-971.25,0,TU
-1670.5,-970.25,0,TU
-1515.5,-969.75,0,TU
-2775.5,-969.75,0,TU
-3100.5,-968.75,0,TU
-2131.5,-968.25,0,TU
-1866,-967.75,0,TU
-3064,-967.25,0,TU
-2878.5,-967.25,0,TU
-1589,-966.75,0,TU
-1303.5,-966.75,0,TU
-3085.5,-966.75,0,TU
-2154,-966.25,0,TU
-1192,-966.25,0,TU
-1814.5,-966.25,0,TU
-3204,-965.25,0,TU
-2090,-964.75,0,TU
-1173,-964.25,0,TU
-1952.5,-963.75,0,TU
-1109.5,-963.25,0,TU
-2992.5,-963.25,0,TU
-3121,-963.25,0,TU
-2269,-962.75,0,TU
-2319.5,-961.75,0,TU
-2404.5,-961.75,0,TU
-1217.5,-961.75,0,TU
-1549,-961.25,0,TU
-1569.5,-961.25,0,TU
-1407,-961.25,0,TU
-2292.5,-960.75,0,TU
-1917.5,-960.25,0,TU
-2980.5,-959.75,0,TU
-3254.5,-959.75,0,TU
-1744.5,-959.25,0,TU
-2590.5,-957.25,0,TU
-3006,-956.75,0,TU
-3040.5,-955.75,0,TU
-1875,-955.75,0,TU
-2052.5,-955.25,0,TU
-2303.5,-955.25,0,TU
-2802.5,-954.75,0,TU
-2379,-954.25,0,TU
-1472.5,-954.25,0,TU
-1719.5,-952.75,0,TU
-2777,-952.25,0,TU
-3173,-952.25,0,TU
-2565.5,-951.75,0,TU
-1010.5,-950.75,0,TU
-1420.5,-950.25,0,TU
-2351,-949.75,0,TU
-1773.5,-949.75,0,TU
-2958,-949.25,0,TU
-1500,-949.25,0,TU
-3205,-948.75,0,TU
-2098,-947.75,0,TU
-3066.5,-947.25,0,TU
-2546.5,-946.75,0,TU
-2932,-946.75,0,TU
-3237.5,-946.75,0,TU
-2150.5,-946.75,0,TU
-2889.5,-945.75,0,TU
-1945.5,-945.25,0,TU
-1661,-943.75,0,TU
-2332,-941.75,0,TU
-1520.5,-941.25,0,TU
-1038.5,-941.25,0,TU
-1251.5,-941.25,0,TU
-3029.5,-940.75,0,TU
-1292.5,-940.25,0,TU
-1369.5,-938.25,0,TU
-2905,-937.75,0,TU
-854,-937.25,0,TU
-3104.5,-936.75,0,TU
-2973.5,-936.25,0,TU
-1903,-936.25,0,TU
-1180,-935.75,0,TU
-2575.5,-935.75,0,TU
-1684,-935.75,0,TU
-1981.5,-934.75,0,TU
-1649,-934.25,0,TU
-2426,-933.75,0,TU
-2755.5,-933.75,0,TU
-2158.5,-933.25,0,TU
-2289,-932.75,0,TU
-1308.5,-932.75,0,TU
-2998,-932.75,0,TU
-2804,-931.25,0,TU
-2688.5,-930.75,0,TU
-803.5,-930.25,0,TU
-3022.5,-929.75,0,TU
-2889,-929.75,0,TU
-1434.5,-929.75,0,TU
-1962.5,-928.25,0,TU
-1480,-927.25,0,TU
-1937,-927.25,0,TU
-2950,-927.25,0,TU
-3181,-926.75,0,TU
-1528,-925.25,0,TU
-2095,-925.25,0,TU
-1211,-924.75,0,TU
-1676,-920.75,0,TU
-1707,-920.75,0,TU
-3147,-920.75,0,TU
-1467.5,-919.75,0,TU
-2932,-919.25,0,TU
-1877.5,-918.75,0,TU
-2465.5,-918.25,0,TU
-1823,-918.25,0,TU
-2143.5,-918.25,0,TU
-1977,-916.75,0,TU
-2114,-916.25,0,TU
-764,-913.75,0,TU
-2132.5,-913.75,0,TU
-1336,-913.25,0,TU
-2791,-913.25,0,TU
-2171.5,-912.75,0,TU
-1963,-912.25,0,TU
-1030,-910.75,0,TU
-1644,-910.25,0,TU
-1947,-910.25,0,TU
-1926.5,-910.25,0,TU
-3181.5,-909.75,0,TU
-2967,-908.75,0,TU
-1275.5,-908.75,0,TU
-1799,-908.25,0,TU
-3163.5,-908.25,0,TU
-2990.5,-908.25,0,TU
-2731,-906.75,0,TU
-3006,-905.75,0,TU
-2707.5,-905.75,0,TU
-3021,-905.25,0,TU
-1218,-904.25,0,TU
-1480,-903.25,0,TU
-1538,-903.25,0,TU
-2152.5,-902.75,0,TU
-791.5,-902.25,0,TU
-2064,-902.25,0,TU
-1881,-902.25,0,TU
-1320,-901.75,0,TU
-1047.5,-901.75,0,TU
-2676.5,-900.25,0,TU
-1424.5,-900.25,0,TU
-3052.5,-900.25,0,TU
-1978.5,-900.25,0,TU
-2094,-899.25,0,TU
-1250.5,-898.25,0,TU
-1118,-898.25,0,TU
-1908.5,-897.25,0,TU
-2290.5,-895.75,0,TU
-2770.5,-894.75,0,TU
-1969,-893.75,0,TU
-1954,-893.75,0,TU
-1932.5,-892.25,0,TU
-2121.5,-891.25,0,TU
-694,-889.75,0,TU
-2908.5,-889.75,0,TU
-1075,-889.25,0,TU
-1386,-889.25,0,TU
-2169.5,-889.25,0,TU
-2611,-889.25,0,TU
-1861.5,-888.75,0,TU
-2647,-887.75,0,TU
-1894.5,-886.25,0,TU
-2792.5,-886.25,0,TU
-3109,-885.25,0,TU
-1437.5,-884.25,0,TU
-3137.5,-882.75,0,TU
-2494.5,-881.75,0,TU
-2143,-881.75,0,TU
-3045.5,-881.75,0,TU
-2090.5,-881.75,0,TU
-1804,-881.75,0,TU
-932.5,-880.25,0,TU
-2925.5,-880.25,0,TU
-1548,-880.25,0,TU
-1966.5,-879.75,0,TU
-1711.5,-879.75,0,TU
-631.5,-878.75,0,TU
-1584,-878.75,0,TU
-905,-878.25,0,TU
-1648.5,-878.25,0,TU
-1329.5,-877.25,0,TU
-827.5,-876.75,0,TU
-1271,-876.75,0,TU
-3023,-876.75,0,TU
-1415.5,-876.75,0,TU
-2242,-875.75,0,TU
-1299,-875.75,0,TU
-566.5,-873.25,0,TU
-2195.5,-873.25,0,TU
-786,-871.75,0,TU
-2103,-870.75,0,TU
-1324,-870.25,0,TU
-749,-870.25,0,TU
-1478,-869.75,0,TU
-2153,-868.75,0,TU
-1944.5,-868.25,0,TU
-957.5,-867.75,0,TU
-1146,-867.75,0,TU
-1857.5,-867.25,0,TU
-1548.5,-866.75,0,TU
-2120,-866.75,0,TU
-2697.5,-866.75,0,TU
-1894,-866.25,0,TU
-1305.5,-862.25,0,TU
-1527.5,-862.25,0,TU
-1727,-862.25,0,TU
-1877,-861.75,0,TU
-1070,-861.75,0,TU
-1278.5,-860.75,0,TU
-1123.5,-860.25,0,TU
-1973.5,-859.75,0,TU
-580,-859.75,0,TU
-2090.5,-859.75,0,TU
-1836,-859.25,0,TU
-1108.5,-859.25,0,TU
-2608.5,-859.25,0,TU
-1381,-857.75,0,TU
-2640.5,-857.75,0,TU
-1910,-857.25,0,TU
-2330,-856.75,0,TU
-2282.5,-856.25,0,TU
-3087.5,-855.75,0,TU
-616,-855.25,0,TU
-1097,-854.75,0,TU
-2258.5,-853.75,0,TU
-869.5,-852.25,0,TU
-2790,-851.75,0,TU
-3049,-851.25,0,TU
-2280.5,-850.25,0,TU
-1922.5,-849.75,0,TU
-2089,-848.75,0,TU
-2792,-848.25,0,TU
-1555,-848.25,0,TU
-1288,-847.75,0,TU
-1330.5,-846.25,0,TU
-1674.5,-845.75,0,TU
-2356.5,-845.25,0,TU
-2707.5,-845.25,0,TU
-3152.5,-844.75,0,TU
-1946.5,-844.75,0,TU
-1379,-844.25,0,TU
-1973.5,-841.75,0,TU
-1726,-841.25,0,TU
-1580.5,-841.25,0,TU
-682.5,-840.75,0,TU
-3004.5,-840.75,0,TU
-714.5,-839.75,0,TU
-1522,-839.25,0,TU
-1233.5,-838.25,0,TU
-2161,-836.75,0,TU
-1063.5,-835.25,0,TU
-2810.5,-835.25,0,TU
-1902.5,-834.75,0,TU
-775.5,-834.25,0,TU
-1740.5,-833.25,0,TU
-2128,-832.75,0,TU
-2145,-831.75,0,TU
-2724.5,-830.75,0,TU
-2831,-830.25,0,TU
-1940,-830.25,0,TU
-2101.5,-829.75,0,TU
-653,-829.25,0,TU
-1700,-828.75,0,TU
-2639.5,-827.25,0,TU
-2678,-826.75,0,TU
-2088.5,-826.25,0,TU
-2796.5,-826.25,0,TU
-1415,-825.25,0,TU
-1514,-824.75,0,TU
-2597,-824.25,0,TU
-1681,-822.75,0,TU
-1358,-822.25,0,TU
-880,-822.25,0,TU
-1386,-821.75,0,TU
-2846.5,-821.75,0,TU
-1956.5,-820.75,0,TU
-1583.5,-820.25,0,TU
-754.5,-820.25,0,TU
-1280,-819.25,0,TU
-1564,-818.75,0,TU
-2583,-818.25,0,TU
-1118,-818.25,0,TU
-2923.5,-817.25,0,TU
-2179,-817.25,0,TU
-2283,-814.75,0,TU
-1662,-814.75,0,TU
-712.5,-814.25,0,TU
-1225.5,-813.75,0,TU
-2809.5,-813.25,0,TU
-1928.5,-813.25,0,TU
-570.5,-811.25,0,TU
-1528,-810.75,0,TU
-1215.5,-810.25,0,TU
-2734.5,-809.75,0,TU
-625,-809.25,0,TU
-2965.5,-809.25,0,TU
-2098.5,-808.75,0,TU
-2262,-808.25,0,TU
-2805,-807.25,0,TU
-1751,-806.75,0,TU
-963.5,-806.75,0,TU
-3038,-806.25,0,TU
-2945,-806.25,0,TU
-1184,-805.25,0,TU
-2166.5,-805.25,0,TU
-1720,-804.75,0,TU
-1907,-804.25,0,TU
-2992,-803.75,0,TU
-2138.5,-802.25,0,TU
-1313.5,-801.25,0,TU
-1688,-800.25,0,TU
-652.5,-800.25,0,TU
-2647,-799.75,0,TU
-1372.5,-798.75,0,TU
-549.5,-798.75,0,TU
-2119,-798.25,0,TU
-1583,-798.25,0,TU
-1247.5,-797.75,0,TU
-2337.5,-797.25,0,TU
-2676,-797.25,0,TU
-1654,-796.25,0,TU
-2302.5,-796.25,0,TU
-3024,-795.75,0,TU
-1948,-795.25,0,TU
-1851,-792.75,0,TU
-2797,-792.25,0,TU
-2093.5,-792.25,0,TU
-1802,-791.75,0,TU
-2593.5,-791.25,0,TU
-907,-790.75,0,TU
-1232.5,-789.75,0,TU
-997.5,-789.25,0,TU
-765.5,-789.25,0,TU
-2154.5,-789.25,0,TU
-1549,-788.25,0,TU
-508,-786.75,0,TU
-620,-785.25,0,TU
-1523.5,-784.75,0,TU
-2575,-784.25,0,TU
-658,-784.25,0,TU
-1879.5,-783.75,0,TU
-1500.5,-782.75,0,TU
-1826,-782.25,0,TU
-1293,-781.75,0,TU
-1741.5,-780.75,0,TU
-2736,-780.75,0,TU
-2268.5,-780.25,0,TU
-1913,-779.75,0,TU
-1992,-779.75,0,TU
-1223.5,-778.75,0,TU
-2126.5,-776.25,0,TU
-2761,-775.75,0,TU
-2310,-775.75,0,TU
-516,-774.25,0,TU
-676.5,-772.75,0,TU
-1539,-771.25,0,TU
-2165.5,-771.25,0,TU
-1756,-770.75,0,TU
-2103.5,-768.75,0,TU
-1519,-766.75,0,TU
-2191.5,-766.75,0,TU
-2330.5,-766.25,0,TU
-1566.5,-766.25,0,TU
-1771.5,-766.25,0,TU
-2721,-765.75,0,TU
-590,-765.75,0,TU
-2687,-765.75,0,TU
-2144.5,-765.25,0,TU
-2005.5,-763.75,0,TU
-2345.5,-761.25,0,TU
-1468,-761.25,0,TU
-1845.5,-760.75,0,TU
-1916.5,-760.75,0,TU
-1967,-760.25,0,TU
-1716.5,-758.25,0,TU
-722,-758.25,0,TU
-2632,-757.75,0,TU
-1210.5,-757.25,0,TU
-753,-756.25,0,TU
-1427.5,-754.75,0,TU
-2084.5,-754.25,0,TU
-1540.5,-753.75,0,TU
-1342,-752.75,0,TU
-1302.5,-752.25,0,TU
-1795.5,-752.25,0,TU
-1928,-751.75,0,TU
-2112.5,-751.75,0,TU
-566,-751.75,0,TU
-2362.5,-751.25,0,TU
-1743,-750.25,0,TU
-1759.5,-747.75,0,TU
-1505,-746.25,0,TU
-602,-745.75,0,TU
-1241,-745.25,0,TU
-2370,-744.25,0,TU
-2729.5,-744.25,0,TU
-2604,-744.25,0,TU
-952.5,-743.75,0,TU
-2757,-743.75,0,TU
-2135.5,-743.25,0,TU
-2094.5,-743.25,0,TU
-2151,-742.75,0,TU
-2112,-739.75,0,TU
-1811.5,-739.75,0,TU
-1651,-739.75,0,TU
-2074.5,-737.75,0,TU
-668.5,-737.25,0,TU
-1953,-736.75,0,TU
-1496,-736.25,0,TU
-2354,-735.75,0,TU
-2637,-735.25,0,TU
-1975,-734.25,0,TU
-1781.5,-734.25,0,TU
-1691,-733.75,0,TU
-2449,-733.25,0,TU
-770.5,-733.25,0,TU
-1476.5,-732.75,0,TU
-2148,-732.75,0,TU
-2379.5,-732.25,0,TU
-2330,-731.75,0,TU
-1447,-730.25,0,TU
-1175.5,-729.75,0,TU
-2425,-728.75,0,TU
-557,-728.75,0,TU
-1332.5,-728.25,0,TU
-1303.5,-727.75,0,TU
-726,-726.75,0,TU
-1758,-726.25,0,TU
-1212.5,-726.25,0,TU
-493.5,-726.25,0,TU
-2099,-725.75,0,TU
-746,-725.25,0,TU
-698,-724.75,0,TU
-621,-724.75,0,TU
-1731,-722.75,0,TU
-596.5,-722.25,0,TU
-531.5,-722.25,0,TU
-1126,-721.25,0,TU
-1633.5,-721.25,0,TU
-2125,-721.25,0,TU
-2145,-720.75,0,TU
-1750,-720.75,0,TU
-2460,-719.75,0,TU
-574,-719.25,0,TU
-2796.5,-718.75,0,TU
-1923,-717.75,0,TU
-2596.5,-717.75,0,TU
-1256.5,-716.75,0,TU
-2103.5,-716.75,0,TU
-1679,-716.25,0,TU
-1282,-716.25,0,TU
-1342,-715.75,0,TU
-1050.5,-714.75,0,TU
-1301,-714.25,0,TU
-2368.5,-714.25,0,TU
-2722.5,-713.75,0,TU
-1168.5,-713.25,0,TU
-1715.5,-712.75,0,TU
-1946,-712.75,0,TU
-543.5,-712.25,0,TU
-1666,-711.25,0,TU
-763,-710.75,0,TU
-2575.5,-709.75,0,TU
-2625.5,-709.75,0,TU
-1319.5,-709.25,0,TU
-1535.5,-708.25,0,TU
-2151,-707.25,0,TU
-2469.5,-706.75,0,TU
-1192.5,-705.25,0,TU
-2070,-705.25,0,TU
-1987,-705.25,0,TU
-1352.5,-704.25,0,TU
-2249,-703.75,0,TU
-737.5,-703.25,0,TU
-478,-702.75,0,TU
-2340.5,-702.75,0,TU
-1650,-702.25,0,TU
-2388.5,-700.75,0,TU
-1553,-700.25,0,TU
-494.5,-700.25,0,TU
-642.5,-698.75,0,TU
-1111,-698.25,0,TU
-2416,-696.75,0,TU
-2708,-695.75,0,TU
-782.5,-695.25,0,TU
-1745.5,-694.75,0,TU
-838,-694.75,0,TU
-927,-694.25,0,TU
-1207,-694.25,0,TU
-2455,-693.25,0,TU
-1706,-692.75,0,TU
-1304.5,-692.75,0,TU
-1338,-692.75,0,TU
-2210,-692.25,0,TU
-539.5,-691.25,0,TU
-2081,-691.25,0,TU
-1329,-690.75,0,TU
-1144,-689.75,0,TU
-2167.5,-689.75,0,TU
-1926.5,-689.75,0,TU
-2131.5,-688.25,0,TU
-1515.5,-688.25,0,TU
-1413,-688.25,0,TU
-1535,-687.75,0,TU
-591.5,-686.75,0,TU
-480.5,-686.75,0,TU
-1257,-685.75,0,TU
-1176,-685.25,0,TU
-2330.5,-685.25,0,TU
-2367.5,-685.25,0,TU
-1768.5,-684.75,0,TU
-2153,-683.25,0,TU
-2219.5,-682.75,0,TU
-1903,-682.25,0,TU
-1938,-682.25,0,TU
-2579,-681.25,0,TU
-2176.5,-680.25,0,TU
-1486,-680.25,0,TU
-2102.5,-680.25,0,TU
-844.5,-679.75,0,TU
-1404.5,-679.75,0,TU
-1048,-679.25,0,TU
-808,-679.25,0,TU
-1554,-678.25,0,TU
-1859.5,-678.25,0,TU
-515.5,-678.25,0,TU
-1446.5,-677.75,0,TU
-865.5,-677.75,0,TU
-707,-677.25,0,TU
-1376,-676.75,0,TU
-454.5,-675.25,0,TU
-2346.5,-674.25,0,TU
-1697.5,-673.75,0,TU
-1127,-673.75,0,TU
-1655.5,-673.75,0,TU
-2247.5,-672.75,0,TU
-981,-672.75,0,TU
-2661.5,-672.25,0,TU
-1393,-672.25,0,TU
-1099,-671.25,0,TU
-1880,-670.75,0,TU
-2436,-670.25,0,TU
-2384,-668.75,0,TU
-823.5,-668.25,0,TU
-2575,-667.75,0,TU
-478,-666.25,0,TU
-1315,-665.75,0,TU
-1157,-665.25,0,TU
-1424.5,-663.25,0,TU
-1926.5,-663.25,0,TU
-415.5,-663.25,0,TU
-1756,-663.25,0,TU
-2115.5,-662.75,0,TU
-1984,-662.25,0,TU
-1535,-661.75,0,TU
-2073.5,-661.25,0,TU
-1021.5,-659.25,0,TU
-2327.5,-658.75,0,TU
-2147.5,-658.75,0,TU
-2417,-658.25,0,TU
-1553.5,-657.75,0,TU
-2202.5,-657.25,0,TU
-457,-656.25,0,TU
-828.5,-655.75,0,TU
-1402,-655.25,0,TU
-936.5,-654.75,0,TU
-1853.5,-654.75,0,TU
-1772,-654.25,0,TU
-1827.5,-653.25,0,TU
-1786,-650.75,0,TU
-1939.5,-650.25,0,TU
-428,-649.75,0,TU
-2407,-649.25,0,TU
-1232.5,-649.25,0,TU
-723,-647.75,0,TU
-2079.5,-647.25,0,TU
-2308.5,-647.25,0,TU
-883,-646.25,0,TU
-1381,-646.25,0,TU
-923.5,-645.75,0,TU
-1264.5,-645.25,0,TU
-1518,-645.25,0,TU
-678,-645.25,0,TU
-1364,-645.25,0,TU
-2231,-644.75,0,TU
-1009.5,-644.75,0,TU
-565,-643.75,0,TU
-2123.5,-643.25,0,TU
-2574,-643.25,0,TU
-1754.5,-639.75,0,TU
-2106,-638.25,0,TU
-1834.5,-637.75,0,TU
-2167,-637.25,0,TU
-1909.5,-636.75,0,TU
-1857,-635.75,0,TU
-1395,-634.75,0,TU
-2766,-634.75,0,TU
-2213.5,-633.75,0,TU
-2722.5,-633.25,0,TU
-1435,-632.75,0,TU
-1413.5,-632.25,0,TU
-1552,-632.25,0,TU
-1375.5,-631.25,0,TU
-1282.5,-630.25,0,TU
-1793.5,-630.25,0,TU
-418,-629.25,0,TU
-469,-629.25,0,TU
-904,-628.75,0,TU
-1521,-628.75,0,TU
-1012.5,-628.75,0,TU
-2139.5,-627.75,0,TU
-2294.5,-627.25,0,TU
-1960,-627.25,0,TU
-1872.5,-626.25,0,TU
-1770.5,-624.75,0,TU
-2658,-623.75,0,TU
-1251.5,-622.75,0,TU
-1085.5,-620.75,0,TU
-1809,-620.75,0,TU
-2084,-620.75,0,TU
-445.5,-620.25,0,TU
-1226.5,-620.25,0,TU
-566.5,-617.75,0,TU
-1833,-617.25,0,TU
-2676.5,-617.25,0,TU
-2071,-617.25,0,TU
-664.5,-616.25,0,TU
-2398,-615.75,0,TU
-1381,-615.75,0,TU
-1336,-615.25,0,TU
-1232.5,-614.75,0,TU
-499.5,-614.25,0,TU
-1266.5,-614.25,0,TU
-1543,-613.75,0,TU
-694,-613.75,0,TU
-390.5,-613.25,0,TU
-2650.5,-612.75,0,TU
-1698.5,-611.75,0,TU
-1042,-611.25,0,TU
-2038.5,-610.75,0,TU
-1937,-610.25,0,TU
-1824.5,-609.25,0,TU
-1871,-608.75,0,TU
-1401.5,-607.25,0,TU
-883.5,-607.25,0,TU
-552,-607.25,0,TU
-476,-606.75,0,TU
-1287,-605.25,0,TU
-627.5,-605.25,0,TU
-409,-605.25,0,TU
-1857.5,-604.75,0,TU
-425,-604.75,0,TU
-655.5,-604.25,0,TU
-1522,-602.25,0,TU
-1066.5,-601.75,0,TU
-1250.5,-600.75,0,TU
-2571,-599.25,0,TU
-940,-599.25,0,TU
-1953,-598.75,0,TU
-1805.5,-598.75,0,TU
-456,-598.75,0,TU
-1984.5,-598.25,0,TU
-1232.5,-597.25,0,TU
-1370.5,-596.75,0,TU
-1007.5,-595.75,0,TU
-375,-595.25,0,TU
-1304,-595.25,0,TU
-1442,-595.25,0,TU
-719.5,-593.75,0,TU
-2536,-592.75,0,TU
-402,-591.25,0,TU
-2435,-591.25,0,TU
-1271,-590.25,0,TU
-471.5,-589.75,0,TU
-1842.5,-588.75,0,TU
-2503,-588.25,0,TU
-1493.5,-587.25,0,TU
-638,-586.75,0,TU
-2079,-586.25,0,TU
-1334.5,-586.25,0,TU
-2182,-586.25,0,TU
-2209,-585.75,0,TU
-365,-585.25,0,TU
-666,-584.75,0,TU
-881.5,-583.75,0,TU
-1806.5,-582.75,0,TU
-1252,-581.25,0,TU
-1697,-581.25,0,TU
-1221.5,-578.25,0,TU
-406.5,-578.25,0,TU
-2519.5,-578.25,0,TU
-995,-577.25,0,TU
-1960.5,-576.75,0,TU
-548,-576.25,0,TU
-910.5,-575.75,0,TU
-1763,-575.75,0,TU
-446,-575.25,0,TU
-1796.5,-575.25,0,TU
-1717.5,-574.75,0,TU
-1517.5,-573.25,0,TU
-2242.5,-572.75,0,TU
-1295,-572.75,0,TU
-774,-572.75,0,TU
-1462,-572.75,0,TU
-1902,-572.25,0,TU
-1482.5,-571.25,0,TU
-501,-570.75,0,TU
-1374.5,-570.25,0,TU
-429.5,-570.25,0,TU
-1637.5,-569.75,0,TU
-741,-568.75,0,TU
-937.5,-568.75,0,TU
-2067.5,-568.75,0,TU
-2493.5,-568.25,0,TU
-2165.5,-567.75,0,TU
-613,-567.75,0,TU
-1422,-567.25,0,TU
-1935.5,-566.75,0,TU
-2438.5,-563.75,0,TU
-2315,-562.75,0,TU
-460.5,-561.75,0,TU
-978.5,-561.75,0,TU
-1445,-561.75,0,TU
-1285.5,-560.25,0,TU
-2292.5,-560.25,0,TU
-1958,-559.75,0,TU
-483,-559.25,0,TU
-2184.5,-558.25,0,TU
-402.5,-557.75,0,TU
-904.5,-557.25,0,TU
-2040,-557.25,0,TU
-1314.5,-556.75,0,TU
-2334,-556.75,0,TU
-878.5,-555.25,0,TU
-372,-555.25,0,TU
-864.5,-555.25,0,TU
-712,-555.25,0,TU
-2257.5,-555.25,0,TU
-2214.5,-554.75,0,TU
-2475.5,-553.25,0,TU
-2427.5,-552.75,0,TU
-1927.5,-552.75,0,TU
-1477,-551.75,0,TU
-1730.5,-551.25,0,TU
-644,-550.25,0,TU
-1768.5,-549.25,0,TU
-405,-548.75,0,TU
-1244.5,-548.25,0,TU
-1515,-546.75,0,TU
-1077.5,-546.25,0,TU
-1268.5,-545.75,0,TU
-504.5,-544.25,0,TU
-436.5,-544.25,0,TU
-1304,-543.75,0,TU
-2086,-543.25,0,TU
-466,-542.25,0,TU
-1286,-542.25,0,TU
-1910,-541.75,0,TU
-531.5,-539.75,0,TU
-1702,-539.75,0,TU
-2206,-538.75,0,TU
-347.5,-538.75,0,TU
-874,-538.25,0,TU
-1326.5,-537.75,0,TU
-1954.5,-536.75,0,TU
-455,-536.75,0,TU
-486.5,-535.75,0,TU
-1671,-535.25,0,TU
-2199,-532.25,0,TU
-428,-530.25,0,TU
-746.5,-529.75,0,TU
-1289,-529.75,0,TU
-2235,-529.25,0,TU
-621.5,-529.25,0,TU
-2053.5,-528.25,0,TU
-2469,-527.25,0,TU
-2294,-526.75,0,TU
-1306,-526.25,0,TU
-2272.5,-525.75,0,TU
-1272.5,-525.25,0,TU
-2255,-524.75,0,TU
-1630.5,-524.25,0,TU
-1646.5,-524.25,0,TU
-1333,-522.75,0,TU
-1971.5,-522.25,0,TU
-2026,-521.75,0,TU
-402,-521.75,0,TU
-443.5,-521.25,0,TU
-1089.5,-520.25,0,TU
-2179,-519.75,0,TU
-1259,-519.75,0,TU
-1993,-519.25,0,TU
-869.5,-518.75,0,TU
-466,-518.25,0,TU
-714.5,-515.75,0,TU
-365.5,-515.25,0,TU
-1376,-514.25,0,TU
-2307.5,-513.75,0,TU
-851,-513.75,0,TU
-1417,-513.25,0,TU
-1553.5,-513.25,0,TU
-1705.5,-511.25,0,TU
-1927.5,-511.25,0,TU
-2333.5,-511.25,0,TU
-2230.5,-509.75,0,TU
-1278.5,-508.75,0,TU
-1678.5,-508.25,0,TU
-1299,-506.75,0,TU
-1623.5,-506.75,0,TU
-1650.5,-506.25,0,TU
-840,-505.75,0,TU
-1600.5,-505.25,0,TU
-1243,-504.75,0,TU
-1433.5,-502.75,0,TU
-1347.5,-501.75,0,TU
-495,-500.75,0,TU
-889,-500.25,0,TU
-1393,-499.75,0,TU
-637,-498.75,0,TU
-450.5,-498.25,0,TU
-421,-497.75,0,TU
-337.5,-497.75,0,TU
-1556,-497.75,0,TU
-1365.5,-497.25,0,TU
-1657,-496.25,0,TU
-1331,-495.25,0,TU
-472.5,-495.25,0,TU
-2291,-494.25,0,TU
-1575.5,-493.25,0,TU
-793.5,-492.25,0,TU
-1094,-491.75,0,TU
-439.5,-491.25,0,TU
-309.5,-489.75,0,TU
-356.5,-488.25,0,TU
-1966,-488.25,0,TU
-2184.5,-487.75,0,TU
-2221.5,-487.25,0,TU
-2276.5,-487.25,0,TU
-1360,-486.75,0,TU
-862,-486.75,0,TU
-740,-485.75,0,TU
-1706,-485.75,0,TU
-843.5,-485.25,0,TU
-1672.5,-485.25,0,TU
-2315.5,-483.75,0,TU
-1270.5,-483.75,0,TU
-1530,-482.25,0,TU
-1380.5,-482.25,0,TU
-1249,-481.75,0,TU
-1408.5,-481.25,0,TU
-1429,-479.75,0,TU
-650.5,-479.25,0,TU
-700.5,-479.25,0,TU
-778.5,-479.25,0,TU
-1294.5,-479.25,0,TU
-1290,-478.75,0,TU
-830.5,-477.75,0,TU
-1556,-477.25,0,TU
-2054.5,-477.25,0,TU
-923,-477.25,0,TU
-901,-476.75,0,TU
-1462.5,-476.75,0,TU
-1071,-476.75,0,TU
-1002.5,-474.75,0,TU
-1642.5,-473.25,0,TU
-1391.5,-472.25,0,TU
-1694,-472.25,0,TU
-586.5,-471.75,0,TU
-760.5,-470.75,0,TU
-1344,-469.75,0,TU
-2085.5,-467.25,0,TU
-1762.5,-466.25,0,TU
-2235.5,-466.25,0,TU
-2185.5,-465.75,0,TU
-882.5,-465.25,0,TU
-380.5,-465.25,0,TU
-634.5,-465.25,0,TU
-1091,-464.25,0,TU
-1486.5,-464.25,0,TU
-350.5,-464.25,0,TU
-546.5,-464.25,0,TU
-1369,-463.75,0,TU
-473,-463.25,0,TU
-617,-462.75,0,TU
-1421,-462.75,0,TU
-804,-461.75,0,TU
-847,-461.25,0,TU
-1668.5,-461.25,0,TU
-1268,-460.25,0,TU
-1547,-459.25,0,TU
-2192.5,-459.25,0,TU
-1515,-458.75,0,TU
-1111,-456.75,0,TU
-1385.5,-456.25,0,TU
-1571.5,-456.25,0,TU
-336,-455.75,0,TU
-587.5,-454.75,0,TU
-1525,-453.25,0,TU
-1353,-452.25,0,TU
-1131.5,-452.25,0,TU
-670.5,-451.75,0,TU
-558.5,-449.25,0,TU
-1432.5,-448.75,0,TU
-371,-448.25,0,TU
-1145,-448.25,0,TU
-1401,-447.75,0,TU
-289.5,-447.25,0,TU
-639,-446.75,0,TU
-344,-445.75,0,TU
-1610.5,-445.75,0,TU
-743,-443.75,0,TU
-2202,-443.75,0,TU
-1939.5,-441.25,0,TU
-1066,-440.25,0,TU
-1480,-439.75,0,TU
-607,-439.25,0,TU
-1033,-439.25,0,TU
-1574.5,-438.25,0,TU
-1546,-437.75,0,TU
-1374,-437.25,0,TU
-1096.5,-435.75,0,TU
-1468,-435.75,0,TU
-625,-435.75,0,TU
-1614.5,-432.75,0,TU
-270,-430.75,0,TU
-396,-430.25,0,TU
-2190.5,-430.25,0,TU
-654.5,-428.75,0,TU
-1516,-428.25,0,TU
-1135,-427.75,0,TU
-2161,-426.75,0,TU
-1392,-426.75,0,TU
-1762,-426.25,0,TU
-1628,-426.25,0,TU
-597,-425.75,0,TU
-574,-425.25,0,TU
-1429,-424.75,0,TU
-360.5,-424.75,0,TU
-1555.5,-424.25,0,TU
-624,-423.75,0,TU
-817,-422.75,0,TU
-671.5,-422.25,0,TU
-1532,-422.25,0,TU
-1022,-422.25,0,TU
-1576.5,-421.25,0,TU
-404.5,-419.25,0,TU
-769.5,-419.25,0,TU
-610.5,-417.25,0,TU
-644.5,-416.75,0,TU
-246,-416.75,0,TU
-1162.5,-416.75,0,TU
-793,-414.75,0,TU
-1397,-412.25,0,TU
-905.5,-411.25,0,TU
-1539.5,-408.75,0,TU
-756.5,-407.25,0,TU
-529.5,-407.25,0,TU
-579.5,-406.75,0,TU
-433,-406.25,0,TU
-802.5,-402.75,0,TU
-1125,-402.75,0,TU
-379,-400.25,0,TU
-777.5,-399.75,0,TU
-1427,-398.75,0,TU
-166,-398.25,0,TU
-292,-398.25,0,TU
-449.5,-396.75,0,TU
-743.5,-396.75,0,TU
-614.5,-396.25,0,TU
-718.5,-395.75,0,TU
-594.5,-394.25,0,TU
-264,-393.25,0,TU
-574,-393.25,0,TU
-1020,-390.75,0,TU
-392,-389.75,0,TU
-280,-389.25,0,TU
-1670,-388.25,0,TU
-1166,-388.25,0,TU
-858,-388.25,0,TU
-529,-388.25,0,TU
-823.5,-387.75,0,TU
-1127.5,-386.75,0,TU
-318.5,-386.25,0,TU
-243.5,-385.75,0,TU
-145.5,-385.25,0,TU
-767.5,-384.75,0,TU
-1407.5,-384.75,0,TU
-1445.5,-382.25,0,TU
-626.5,-381.25,0,TU
-908.5,-381.25,0,TU
-709,-379.75,0,TU
-1706.5,-379.75,0,TU
-1011,-377.75,0,TU
-551.5,-377.75,0,TU
-850,-371.25,0,TU
-582,-370.75,0,TU
-877,-370.25,0,TU
-167,-370.25,0,TU
-1143,-369.75,0,TU
-1487,-369.75,0,TU
-531,-369.75,0,TU
-1357,-369.25,0,TU
-1388.5,-367.75,0,TU
-733.5,-364.25,0,TU
-715,-364.25,0,TU
-606,-361.25,0,TU
-905,-361.25,0,TU
-749.5,-360.25,0,TU
-1664,-360.25,0,TU
-942,-359.25,0,TU
-830,-358.75,0,TU
-118,-358.25,0,TU
-1412.5,-357.25,0,TU
-1114.5,-356.25,0,TU
-519.5,-355.25,0,TU
-192.5,-355.25,0,TU
-507.5,-355.25,0,TU
-296.5,-354.75,0,TU
-336.5,-352.25,0,TU
-2165.5,-352.25,0,TU
-2184.5,-351.75,0,TU
-531.5,-349.75,0,TU
-1657,-349.25,0,TU
-574.5,-348.75,0,TU
-1804,-348.25,0,TU
-1135.5,-347.25,0,TU
-549,-346.75,0,TU
-405,-346.75,0,TU
-216,-346.25,0,TU
-1638,-343.75,0,TU
-304.5,-343.75,0,TU
-1391,-342.25,0,TU
-1150.5,-340.75,0,TU
-1686,-340.25,0,TU
-553,-332.75,0,TU
-1468.5,-331.75,0,TU
-1490.5,-331.25,0,TU
-105,-331.25,0,TU
-1668.5,-330.25,0,TU
-2171.5,-327.25,0,TU
-571,-326.25,0,TU
-526,-323.25,0,TU
-50.5,-320.25,0,TU
-555,-319.75,0,TU
-302,-319.75,0,TU
-871,-318.75,0,TU
-90,-317.25,0,TU
-732,-317.25,0,TU
-388.5,-316.25,0,TU
-847.5,-315.25,0,TU
-936.5,-314.25,0,TU
-332.5,-313.25,0,TU
-1794.5,-313.25,0,TU
-1772,-310.75,0,TU
-585.5,-310.25,0,TU
-976,-308.75,0,TU
-824,-305.75,0,TU
-1742.5,-305.25,0,TU
-1128.5,-304.25,0,TU
-292.5,-302.75,0,TU
-1713,-301.75,0,TU
-102,-301.75,0,TU
-139,-301.25,0,TU
-314.5,-299.75,0,TU
-70.5,-298.25,0,TU
-244.5,-297.75,0,TU
-1765,-297.75,0,TU
-541.5,-296.75,0,TU
-847,-294.25,0,TU
-1111.5,-294.25,0,TU
-164,-294.25,0,TU
9,-292.25,0,TU
-272,-292.25,0,TU
-872,-291.75,0,TU
-1325,-291.25,0,TU
-1376,-290.25,0,TU
-1794,-290.25,0,TU
-782,-288.25,0,TU
-215,-287.75,0,TU
-702,-284.75,0,TU
-233.5,-284.75,0,TU
-824,-284.25,0,TU
-1149,-283.25,0,TU
-1442.5,-282.75,0,TU
-1729,-281.75,0,TU
-287.5,-279.75,0,TU
-95,-277.75,0,TU
37.5,-277.75,0,TU
-126,-276.25,0,TU
-65.5,-276.25,0,TU
6.5,-274.25,0,TU
-182,-272.75,0,TU
-846.5,-272.75,0,TU
-682.5,-272.25,0,TU
-1404.5,-271.75,0,TU
-747.5,-271.75,0,TU
-729,-271.75,0,TU
-1331,-271.25,0,TU
-155.5,-271.25,0,TU
-1115,-270.25,0,TU
-1136.5,-266.75,0,TU
-699,-266.25,0,TU
-1382,-265.75,0,TU
-328,-265.25,0,TU
-401,-264.75,0,TU
-834.5,-261.75,0,TU
-1790.5,-260.75,0,TU
-1452,-260.25,0,TU
-702.5,-259.75,0,TU
70.5,-259.25,0,TU
-161,-258.25,0,TU
-779.5,-258.25,0,TU
-1375.5,-257.25,0,TU
-199.5,-256.25,0,TU
-87,-255.25,0,TU
-1355.5,-254.25,0,TU
-105,-254.25,0,TU
-1336.5,-253.25,0,TU
-683.5,-252.75,0,TU
32.5,-252.75,0,TU
-384,-250.25,0,TU
-1127.5,-249.75,0,TU
-187.5,-249.25,0,TU
-5,-248.75,0,TU
-1317,-247.25,0,TU
-732,-247.25,0,TU
-1466.5,-247.25,0,TU
-530,-246.25,0,TU
-1497.5,-244.75,0,TU
-803,-240.25,0,TU
-358,-240.25,0,TU
-551,-239.75,0,TU
-37,-238.25,0,TU
-1518.5,-237.75,0,TU
-705.5,-237.75,0,TU
-87,-237.75,0,TU
-1475,-236.75,0,TU
-144,-234.75,0,TU
-824.5,-234.75,0,TU
-268,-234.25,0,TU
-1445,-231.25,0,TU
-94,-231.25,0,TU
-165.5,-230.75,0,TU
-329,-230.25,0,TU
-413,-229.75,0,TU
-555,-229.75,0,TU
-721,-227.75,0,TU
-1130,-227.25,0,TU
-1159,-226.25,0,TU
-1401.5,-225.75,0,TU
-679,-225.25,0,TU
-740,-224.75,0,TU
-185,-223.75,0,TU
-1175,-223.75,0,TU
-1326,-222.75,0,TU
-1369,-221.75,0,TU
-131.5,-221.25,0,TU
-583.5,-220.75,0,TU
-1293,-220.25,0,TU
-1280.5,-219.25,0,TU
-1310.5,-218.75,0,TU
-6,-217.75,0,TU
-1436.5,-216.75,0,TU
-970,-216.25,0,TU
39,-215.75,0,TU
-703.5,-215.25,0,TU
-1497.5,-215.25,0,TU
27,-214.25,0,TU
-238,-213.75,0,TU
-799,-211.75,0,TU
-44.5,-211.25,0,TU
-421,-210.75,0,TU
-776,-210.75,0,TU
-196.5,-210.75,0,TU
-489,-210.25,0,TU
-1460.5,-210.25,0,TU
-731,-209.75,0,TU
-24,-209.75,0,TU
-97,-209.25,0,TU
92.5,-208.75,0,TU
-1073,-208.25,0,TU
-1407,-208.25,0,TU
-448.5,-207.75,0,TU
-216,-206.25,0,TU
14.5,-205.25,0,TU
307,-204.25,0,TU
-1482,-204.25,0,TU
-1555,-203.75,0,TU
-76.5,-203.25,0,TU
-463,-201.75,0,TU
-807.5,-201.75,0,TU
-251,-201.75,0,TU
-665,-201.25,0,TU
-428.5,-201.25,0,TU
-682.5,-200.75,0,TU
-1101,-200.75,0,TU
-333.5,-200.75,0,TU
-522,-200.25,0,TU
-1504,-200.25,0,TU
-985,-199.75,0,TU
-33.5,-199.25,0,TU
271.5,-198.75,0,TU
-170,-197.75,0,TU
-1326.5,-196.75,0,TU
-1297.5,-194.75,0,TU
-818.5,-194.75,0,TU
-556.5,-193.75,0,TU
-11,-193.25,0,TU
-1441.5,-193.25,0,TU
-233.5,-192.75,0,TU
-749.5,-192.25,0,TU
-55.5,-192.25,0,TU
-1138.5,-192.25,0,TU
-949,-191.25,0,TU
-1372.5,-187.75,0,TU
-654,-187.25,0,TU
-1413,-187.25,0,TU
303,-186.25,0,TU
123,-185.25,0,TU
-423,-184.75,0,TU
-120.5,-182.75,0,TU
-246.5,-181.75,0,TU
56.5,-181.75,0,TU
-1269,-181.75,0,TU
-69,-180.25,0,TU
-196,-180.25,0,TU
-35.5,-180.25,0,TU
-388,-179.75,0,TU
-1517,-179.25,0,TU
-786.5,-178.25,0,TU
-1287,-178.25,0,TU
391.5,-177.75,0,TU
-2.5,-177.75,0,TU
-522,-177.75,0,TU
-1107.5,-175.25,0,TU
278.5,-174.75,0,TU
-237.5,-174.25,0,TU
244.5,-174.25,0,TU
-97.5,-173.75,0,TU
-1498.5,-173.25,0,TU
-1385,-171.75,0,TU
-996,-171.25,0,TU
-1330.5,-171.25,0,TU
-433,-170.75,0,TU
-1076,-170.75,0,TU
-1307.5,-169.75,0,TU
-402,-169.75,0,TU
-819.5,-169.75,0,TU
151.5,-168.75,0,TU
-1404,-168.75,0,TU
-1474.5,-168.75,0,TU
-216,-168.25,0,TU
114.5,-167.75,0,TU
48,-167.75,0,TU
224,-167.25,0,TU
-1568,-166.25,0,TU
-371.5,-165.75,0,TU
714,-162.75,0,TU
400.5,-161.75,0,TU
-1286.5,-161.75,0,TU
204.5,-161.75,0,TU
-1015,-161.25,0,TU
-637,-160.75,0,TU
-974.5,-160.75,0,TU
-1362,-159.25,0,TU
-345.5,-159.25,0,TU
-849,-158.25,0,TU
65.5,-157.25,0,TU
-1125.5,-156.25,0,TU
-1161,-155.75,0,TU
-664,-155.75,0,TU
-1195,-154.75,0,TU
36,-154.25,0,TU
-1523.5,-152.75,0,TU
180,-152.25,0,TU
269.5,-151.75,0,TU
133,-151.25,0,TU
-410,-151.25,0,TU
793,-150.75,0,TU
-519.5,-149.75,0,TU
699.5,-149.75,0,TU
-552.5,-148.75,0,TU
304,-147.75,0,TU
-608,-147.75,0,TU
-80.5,-147.75,0,TU
-1415,-146.25,0,TU
-1287.5,-145.25,0,TU
-1391.5,-145.25,0,TU
14,-144.75,0,TU
116.5,-144.25,0,TU
-1078.5,-143.25,0,TU
-796.5,-142.25,0,TU
-394,-141.75,0,TU
-39.5,-141.75,0,TU
-422.5,-141.25,0,TU
-2,-140.75,0,TU
-1322,-140.75,0,TU
-683.5,-140.75,0,TU
156,-140.25,0,TU
-319,-139.75,0,TU
-1571.5,-139.25,0,TU
240.5,-138.75,0,TU
-224.5,-137.25,0,TU
-1371.5,-136.75,0,TU
396,-136.75,0,TU
193,-135.75,0,TU
-1442.5,-134.25,0,TU
767.5,-133.75,0,TU
-576.5,-132.75,0,TU
-375.5,-132.75,0,TU
729.5,-132.25,0,TU
-1122,-131.25,0,TU
60.5,-130.75,0,TU
85.5,-130.25,0,TU
-1517.5,-130.25,0,TU
-1638,-129.75,0,TU
-1486.5,-127.75,0,TU
207.5,-127.25,0,TU
707.5,-126.75,0,TU
-487.5,-126.75,0,TU
848.5,-126.25,0,TU
-611,-126.25,0,TU
-651,-125.75,0,TU
-14.5,-125.75,0,TU
-174,-125.25,0,TU
-1694.5,-125.25,0,TU
-1705,-124.75,0,TU
307,-124.25,0,TU
-532.5,-123.25,0,TU
-1170,-122.75,0,TU
95.5,-122.75,0,TU
-636.5,-122.75,0,TU
-139.5,-122.25,0,TU
325.5,-121.25,0,TU
274.5,-121.25,0,TU
-772,-119.25,0,TU
-390.5,-118.75,0,TU
-927,-118.25,0,TU
21.5,-118.25,0,TU
406,-117.75,0,TU
-1004,-117.25,0,TU
149.5,-116.75,0,TU
727.5,-116.25,0,TU
-1477,-116.25,0,TU
774,-115.75,0,TU
-957.5,-115.25,0,TU
623.5,-113.75,0,TU
-1328,-113.75,0,TU
-239.5,-113.75,0,TU
695,-113.25,0,TU
-788,-112.75,0,TU
-1293,-111.75,0,TU
817,-111.75,0,TU
-58.5,-111.25,0,TU
-975.5,-111.25,0,TU
793,-110.25,0,TU
-1708.5,-110.25,0,TU
-1198.5,-109.25,0,TU
-899.5,-108.75,0,TU
-985.5,-107.75,0,TU
-1085,-107.25,0,TU
-325.5,-106.75,0,TU
116.5,-106.75,0,TU
-749,-106.25,0,TU
166.5,-106.25,0,TU
848.5,-105.75,0,TU
-872.5,-105.25,0,TU
-474,-105.25,0,TU
243,-104.75,0,TU
634.5,-103.75,0,TU
-820,-103.25,0,TU
678,-101.75,0,TU
-373.5,-101.25,0,TU
603,-100.75,0,TU
-1417,-100.75,0,TU
-164,-99.25,0,TU
-1731,-98.75,0,TU
-1692,-97.25,0,TU
294,-96.25,0,TU
-997.5,-96.25,0,TU
-1509.5,-95.75,0,TU
-120,-95.75,0,TU
-1477,-94.25,0,TU
-935.5,-93.75,0,TU
315.5,-93.25,0,TU
-1232.5,-93.25,0,TU
-1068.5,-92.75,0,TU
-1105,-91.75,0,TU
273.5,-91.75,0,TU
-772,-91.25,0,TU
-336.5,-89.75,0,TU
-146,-89.75,0,TU
-49,-88.25,0,TU
-737,-88.25,0,TU
-1473,-87.75,0,TU
-1712.5,-87.25,0,TU
153.5,-86.75,0,TU
791,-86.25,0,TU
-789.5,-85.75,0,TU
-112,-84.75,0,TU
-1085,-84.25,0,TU
0,-83.75,0,TU
259,-83.75,0,TU
361.5,-82.75,0,TU
-228,-82.25,0,TU
-1590,-82.25,0,TU
-473,-82.25,0,TU
-708,-81.75,0,TU
-83,-81.25,0,TU
601.5,-81.25,0,TU
-314,-81.25,0,TU
-986,-79.25,0,TU
-948,-79.25,0,TU
-168.5,-78.25,0,TU
630.5,-77.75,0,TU
-255.5,-77.25,0,TU
-205.5,-77.25,0,TU
-1450,-75.75,0,TU
36.5,-74.75,0,TU
347,-74.25,0,TU
317.5,-73.75,0,TU
-1228,-73.75,0,TU
-99,-73.25,0,TU
-54,-70.75,0,TU
-1083.5,-70.75,0,TU
-356,-70.75,0,TU
250,-69.75,0,TU
-429,-68.25,0,TU
-477,-68.25,0,TU
-732,-67.75,0,TU
-299,-67.75,0,TU
-1672,-66.75,0,TU
827,-66.25,0,TU
-1702,-64.75,0,TU
614,-64.25,0,TU
-995.5,-63.25,0,TU
-788.5,-62.75,0,TU
2,-62.25,0,TU
376.5,-61.75,0,TU
-1287,-61.25,0,TU
-75.5,-61.25,0,TU
-327,-60.75,0,TU
298,-59.75,0,TU
-1473,-59.75,0,TU
646.5,-58.75,0,TU
-284,-58.25,0,TU
-1404.5,-57.25,0,TU
-1552.5,-56.75,0,TU
-266,-56.75,0,TU
-58,-56.75,0,TU
-371.5,-56.75,0,TU
158.5,-56.25,0,TU
-1058.5,-56.25,0,TU
-36.5,-56.25,0,TU
-1253,-55.75,0,TU
406,-55.25,0,TU
186.5,-54.75,0,TU
-459.5,-54.25,0,TU
277.5,-53.75,0,TU
-905.5,-52.75,0,TU
858,-52.25,0,TU
-1516,-51.25,0,TU
-1213.5,-51.25,0,TU
-1243,-49.25,0,TU
-1452.5,-48.75,0,TU
-698,-48.25,0,TU
310,-48.25,0,TU
813.5,-47.75,0,TU
744.5,-46.75,0,TU
-1086,-44.75,0,TU
-1434.5,-44.25,0,TU
721,-44.25,0,TU
551,-43.75,0,TU
122.5,-43.25,0,TU
-97,-42.75,0,TU
380,-41.75,0,TU
-668.5,-41.25,0,TU
-931.5,-40.75,0,TU
875.5,-39.25,0,TU
650,-39.25,0,TU
240.5,-38.25,0,TU
-892,-38.25,0,TU
156,-37.75,0,TU
344.5,-37.75,0,TU
-44,-37.25,0,TU
-1358.5,-36.75,0,TU
-1259.5,-36.75,0,TU
-1169,-35.75,0,TU
-682.5,-35.25,0,TU
-925.5,-34.75,0,TU
-69.5,-34.75,0,TU
373,-34.25,0,TU
-1495.5,-33.75,0,TU
629,-33.75,0,TU
-1330.5,-33.25,0,TU
177,-33.25,0,TU
-273.5,-32.75,0,TU
-1000,-31.75,0,TU
-1399.5,-31.25,0,TU
103.5,-31.25,0,TU
-1223.5,-31.25,0,TU
693.5,-29.25,0,TU
-1468.5,-29.25,0,TU
-238.5,-27.75,0,TU
-1062.5,-24.75,0,TU
-1115.5,-24.75,0,TU
-97.5,-24.25,0,TU
789,-24.25,0,TU
-1183,-23.75,0,TU
-1087.5,-22.75,0,TU
-954.5,-21.75,0,TU
-729.5,-21.75,0,TU
-698,-20.75,0,TU
-853.5,-19.75,0,TU
891,-18.75,0,TU
264.5,-18.75,0,TU
365.5,-17.75,0,TU
393.5,-16.25,0,TU
73,-15.75,0,TU
-638,-15.25,0,TU
120.5,-14.25,0,TU
-578,-13.75,0,TU
-1354.5,-11.25,0,TU
344,-10.75,0,TU
-1397,-10.75,0,TU
-921.5,-10.25,0,TU
-1222.5,-9.75,0,TU
-672,-9.75,0,TU
-1247.5,-8.75,0,TU
381,-8.25,0,TU
55,-7.75,0,TU
368.5,-5.75,0,TU
-1293,-4.25,0,TU
-1105.5,-3.75,0,TU
-1020,-3.75,0,TU
-1427,-2.75,0,TU
181,-1.25,0,TU
-1071.5,-1.25,0,TU
892.5,0.75,0,TU
-1531.5,1.75,0,TU
-1281,1.75,0,TU
-548,2.25,0,TU
-1360,2.75,0,TU
-1467,2.75,0,TU
-757,2.75,0,TU
150,3.75,0,TU
346,3.75,0,TU
-1380,4.25,0,TU
-626,4.75,0,TU
31.5,5.25,0,TU
373,5.25,0,TU
-1253.5,5.75,0,TU
-734,6.25,0,TU
736,7.25,0,TU
-702.5,7.25,0,TU
-867,9.75,0,TU
119,9.75,0,TU
-1222.5,10.25,0,TU
-1404,10.75,0,TU
-657,10.75,0,TU
-1297,11.25,0,TU
-263.5,12.25,0,TU
250.5,13.75,0,TU
326,14.25,0,TU
-1344,17.75,0,TU
170.5,17.75,0,TU
532,21.25,0,TU
-992,21.25,0,TU
-1394,21.75,0,TU
351.5,22.25,0,TU
-1305,22.75,0,TU
760.5,23.25,0,TU
-1208,23.25,0,TU
315.5,24.25,0,TU
220.5,25.25,0,TU
-1254.5,25.25,0,TU
-1286.5,25.25,0,TU
-1360.5,28.75,0,TU
89.5,29.25,0,TU
692,29.75,0,TU
160,31.25,0,TU
-1474.5,31.25,0,TU
302.5,31.75,0,TU
741.5,32.75,0,TU
768.5,33.25,0,TU
-213,33.75,0,TU
-1456.5,37.75,0,TU
-1322.5,39.75,0,TU
565.5,41.25,0,TU
520,43.75,0,TU
537.5,44.25,0,TU
-1278.5,44.25,0,TU
245,44.75,0,TU
332.5,44.75,0,TU
-1390,45.25,0,TU
71,45.75,0,TU
-870.5,46.25,0,TU
-735,48.25,0,TU
356,49.75,0,TU
579.5,50.25,0,TU
23.5,50.25,0,TU
-687,50.75,0,TU
-1091,52.25,0,TU
-1297,53.25,0,TU
-1216.5,55.75,0,TU
-1127,57.25,0,TU
-228.5,58.25,0,TU
-715.5,60.25,0,TU
324.5,61.75,0,TU
283.5,62.25,0,TU
759,62.75,0,TU
-1394.5,65.25,0,TU
312,67.75,0,TU
135.5,68.25,0,TU
-689,69.25,0,TU
178,69.25,0,TU
-23,70.25,0,TU
-960,70.75,0,TU
682.5,71.75,0,TU
-1183.5,73.75,0,TU
-1051.5,76.25,0,TU
-899,77.25,0,TU
-984.5,78.75,0,TU
903,79.25,0,TU
-495.5,82.25,0,TU
-483.5,82.75,0,TU
301.5,83.25,0,TU
-1025.5,83.25,0,TU
742,85.75,0,TU
659,86.75,0,TU
276,88.25,0,TU
341,89.25,0,TU
-1266,91.25,0,TU
-1083,91.75,0,TU
-669.5,92.25,0,TU
-704.5,93.25,0,TU
605,94.75,0,TU
-1215,94.75,0,TU
-1029.5,95.25,0,TU
166,97.25,0,TU
1148.5,99.25,0,TU
1102,99.75,0,TU
-929.5,99.75,0,TU
515.5,100.75,0,TU
306,102.25,0,TU
723,102.75,0,TU
537.5,102.75,0,TU
894.5,104.75,0,TU
-1053.5,104.75,0,TU
-664,108.75,0,TU
-896,109.25,0,TU
1057.5,112.75,0,TU
1096,113.25,0,TU
752.5,114.25,0,TU
-964,114.75,0,TU
273,121.25,0,TU
837.5,121.75,0,TU
-1034.5,122.75,0,TU
321.5,125.75,0,TU
300,125.75,0,TU
-1013.5,127.75,0,TU
1182,127.75,0,TU
-856.5,128.75,0,TU
757,129.25,0,TU
-1082.5,131.75,0,TU
1218.5,135.25,0,TU
1143,135.75,0,TU
-1190,141.25,0,TU
-1139.5,141.75,0,TU
899.5,141.75,0,TU
-834,144.25,0,TU
-1032.5,151.75,0,TU
1192,152.25,0,TU
647.5,152.75,0,TU
956.5,152.75,0,TU
824.5,155.25,0,TU
779,155.75,0,TU
1168.5,161.75,0,TU
-67.5,162.75,0,TU
1129,165.25,0,TU
889,171.25,0,TU
-298,171.25,0,TU
-31.5,172.25,0,TU
679,173.25,0,TU
816.5,174.75,0,TU
1120,177.25,0,TU
711.5,180.25,0,TU
790,181.75,0,TU
1182.5,185.75,0,TU
-63,186.25,0,TU
1105,187.75,0,TU
-1132,187.75,0,TU
636,188.25,0,TU
819.5,189.75,0,TU
-1022,189.75,0,TU
76,190.25,0,TU
1230,190.25,0,TU
-136.5,190.75,0,TU
954.5,192.25,0,TU
853,193.25,0,TU
-478,193.75,0,TU
-932,195.75,0,TU
-521.5,197.75,0,TU
-825.5,201.25,0,TU
998.5,204.75,0,TU
1127.5,206.25,0,TU
-82,206.75,0,TU
857.5,207.75,0,TU
-511.5,209.75,0,TU
1156,211.25,0,TU
-50.5,211.75,0,TU
876,212.75,0,TU
1240.5,213.75,0,TU
-495.5,215.75,0,TU
73.5,215.75,0,TU
1278,215.75,0,TU
-917.5,215.75,0,TU
1309.5,222.25,0,TU
2.5,223.25,0,TU
1016,223.75,0,TU
-943,223.75,0,TU
852.5,224.75,0,TU
-469.5,224.75,0,TU
-160.5,225.75,0,TU
-641,225.75,0,TU
1231.5,231.25,0,TU
-906.5,231.25,0,TU
-266,231.75,0,TU
-811,233.75,0,TU
140,236.25,0,TU
-332,239.25,0,TU
-44.5,243.75,0,TU
-246.5,245.75,0,TU
1341.5,245.75,0,TU
-353,246.25,0,TU
-469,246.25,0,TU
1314,248.75,0,TU
989.5,249.75,0,TU
-609,250.25,0,TU
-581.5,250.75,0,TU
-932,252.25,0,TU
-525.5,252.25,0,TU
1015.5,255.25,0,TU
187.5,255.75,0,TU
1353,257.75,0,TU
1371.5,259.25,0,TU
1252,259.75,0,TU
137.5,260.75,0,TU
-298,263.25,0,TU
433,263.25,0,TU
-456.5,269.25,0,TU
-434.5,269.25,0,TU
-613,269.75,0,TU
-225.5,271.25,0,TU
-514.5,271.25,0,TU
1409.5,272.75,0,TU
2,274.25,0,TU
-960.5,275.25,0,TU
-575,275.75,0,TU
-494,276.25,0,TU
-26.5,276.75,0,TU
595,276.75,0,TU
1268.5,277.25,0,TU
-337.5,277.25,0,TU
-595.5,277.75,0,TU
1352,278.75,0,TU
-556.5,279.25,0,TU
1423.5,279.75,0,TU
-192.5,280.25,0,TU
241.5,282.25,0,TU
1374,282.75,0,TU
1400,283.25,0,TU
456.5,283.25,0,TU
-635,284.25,0,TU
1224.5,285.75,0,TU
272.5,287.75,0,TU
1323,288.75,0,TU
1446.5,289.25,0,TU
-937.5,289.75,0,TU
-661,290.75,0,TU
1387.5,291.25,0,TU
423.5,291.25,0,TU
388,292.75,0,TU
-420.5,293.75,0,TU
1349.5,293.75,0,TU
-608,296.25,0,TU
1407,297.75,0,TU
1287.5,299.75,0,TU
481,300.75,0,TU
276.5,304.25,0,TU
407.5,304.25,0,TU
1385,306.25,0,TU
674,306.25,0,TU
1422,307.75,0,TU
-202,309.25,0,TU
233.5,309.75,0,TU
1366,310.25,0,TU
1469,310.75,0,TU
-266.5,312.75,0,TU
423.5,313.25,0,TU
1307,313.25,0,TU
-906,314.25,0,TU
1326.5,315.25,0,TU
710,315.25,0,TU
1488.5,315.75,0,TU
-430,317.25,0,TU
303.5,317.75,0,TU
-297,318.25,0,TU
250.5,318.75,0,TU
1459,320.75,0,TU
1349,321.25,0,TU
-542.5,322.25,0,TU
792.5,322.25,0,TU
-895.5,322.75,0,TU
1402.5,326.25,0,TU
1432,326.25,0,TU
1377.5,326.75,0,TU
-9,327.25,0,TU
820,327.75,0,TU
752,328.75,0,TU
-453,329.25,0,TU
-210.5,330.75,0,TU
405.5,330.75,0,TU
108.5,330.75,0,TU
1502.5,331.25,0,TU
68.5,331.75,0,TU
1041,334.75,0,TU
1335.5,336.75,0,TU
-476,337.25,0,TU
431.5,337.25,0,TU
-531.5,339.25,0,TU
-261.5,340.25,0,TU
471.5,340.75,0,TU
1320.5,342.25,0,TU
1371,342.75,0,TU
-654.5,342.75,0,TU
-191,343.25,0,TU
359,343.75,0,TU
1514,344.75,0,TU
1443.5,346.75,0,TU
1487,347.25,0,TU
270.5,349.75,0,TU
-592.5,350.25,0,TU
-293.5,350.25,0,TU
-566.5,352.75,0,TU
803,353.25,0,TU
1387.5,354.75,0,TU
67.5,354.75,0,TU
386,357.25,0,TU
1469.5,359.75,0,TU
-643.5,359.75,0,TU
1342.5,360.25,0,TU
-476,360.25,0,TU
1053.5,361.25,0,TU
-508,361.25,0,TU
1012.5,362.25,0,TU
-764,363.75,0,TU
1504,364.25,0,TU
254.5,364.75,0,TU
-196.5,366.75,0,TU
-6,368.25,0,TU
209.5,368.75,0,TU
807.5,369.75,0,TU
301,369.75,0,TU
-551.5,369.75,0,TU
-592.5,369.75,0,TU
-626.5,370.25,0,TU
329.5,371.75,0,TU
379.5,371.75,0,TU
984,372.75,0,TU
1526.5,374.25,0,TU
749,375.75,0,TU
1321,377.75,0,TU
-486.5,377.75,0,TU
1543,379.25,0,TU
67.5,380.25,0,TU
1031.5,380.75,0,TU
631,381.75,0,TU
-344.5,382.25,0,TU
-668.5,382.75,0,TU
-642.5,383.25,0,TU
1385,383.75,0,TU
-574.5,383.75,0,TU
-747,383.75,0,TU
-498.5,384.75,0,TU
-192,385.25,0,TU
366.5,386.25,0,TU
222.5,386.75,0,TU
1006.5,388.25,0,TU
-588,388.75,0,TU
969.5,389.25,0,TU
900.5,390.25,0,TU
280.5,390.75,0,TU
1044.5,391.25,0,TU
-308.5,391.25,0,TU
1458.5,393.25,0,TU
702.5,393.25,0,TU
-692.5,394.25,0,TU
1429.5,394.25,0,TU
1061.5,394.25,0,TU
820,395.25,0,TU
949.5,395.25,0,TU
1507,395.75,0,TU
-553,395.75,0,TU
417.5,395.75,0,TU
-10.5,396.25,0,TU
792,396.75,0,TU
-627,396.75,0,TU
258,398.25,0,TU
685.5,398.75,0,TU
-609.5,399.25,0,TU
1489,399.25,0,TU
736.5,399.75,0,TU
502,399.75,0,TU
353,402.75,0,TU
-197,405.25,0,TU
-32.5,406.25,0,TU
395,406.25,0,TU
229,406.25,0,TU
-765,407.25,0,TU
14,407.75,0,TU
630.5,409.25,0,TU
-598,410.25,0,TU
-642,412.25,0,TU
1465.5,413.75,0,TU
-143,414.25,0,TU
-680.5,414.75,0,TU
-347.5,416.25,0,TU
-569,416.75,0,TU
512,418.75,0,TU
-330,419.75,0,TU
-9,420.25,0,TU
602.5,420.25,0,TU
551.5,420.25,0,TU
-185,421.75,0,TU
491,422.25,0,TU
1488,422.75,0,TU
257,424.75,0,TU
305.5,424.75,0,TU
-287.5,425.75,0,TU
-550.5,426.25,0,TU
1447,427.25,0,TU
-526,428.75,0,TU
-314,429.25,0,TU
-639,429.25,0,TU
-171,429.75,0,TU
-151,429.75,0,TU
687,433.25,0,TU
551,437.25,0,TU
-26.5,437.25,0,TU
12.5,438.25,0,TU
1304.5,440.75,0,TU
1349.5,440.75,0,TU
-270,440.75,0,TU
1286.5,441.25,0,TU
493.5,441.75,0,TU
711,442.25,0,TU
280,442.25,0,TU
639,442.75,0,TU
-218.5,442.75,0,TU
530.5,443.25,0,TU
447,443.25,0,TU
668.5,445.75,0,TU
-678,445.75,0,TU
-192.5,445.75,0,TU
-162,446.25,0,TU
1376,448.25,0,TU
1501,450.75,0,TU
1011,452.75,0,TU
254,453.25,0,TU
-245.5,453.75,0,TU
1254,454.75,0,TU
554.5,455.75,0,TU
-1,458.25,0,TU
-191.5,459.75,0,TU
107.5,460.25,0,TU
-646.5,461.25,0,TU
499.5,461.75,0,TU
650.5,463.75,0,TU
1764.5,464.75,0,TU
949,465.75,0,TU
572.5,466.25,0,TU
-266.5,468.25,0,TU
215.5,468.75,0,TU
229,469.25,0,TU
688,470.25,0,TU
-578.5,470.25,0,TU
292,473.75,0,TU
428,473.75,0,TU
592.5,473.75,0,TU
58,473.75,0,TU
247.5,474.75,0,TU
-393.5,474.75,0,TU
263.5,474.75,0,TU
185.5,475.75,0,TU
1499,476.25,0,TU
997,476.25,0,TU
209.5,477.75,0,TU
303.5,478.25,0,TU
510,479.25,0,TU
100,479.75,0,TU
-176,479.75,0,TU
545,482.75,0,TU
1295.5,482.75,0,TU
1746,482.75,0,TU
2.5,483.75,0,TU
1019,484.25,0,TU
840.5,485.75,0,TU
-286,486.75,0,TU
346.5,490.75,0,TU
1379.5,491.75,0,TU
20,492.25,0,TU
-317,494.25,0,TU
699,495.75,0,TU
232.5,496.25,0,TU
276.5,496.25,0,TU
57,496.25,0,TU
1320.5,496.25,0,TU
110.5,496.75,0,TU
309,497.25,0,TU
1042.5,499.25,0,TU
334.5,499.75,0,TU
1005,500.75,0,TU
571,502.75,0,TU
976,503.75,0,TU
94.5,503.75,0,TU
2,506.75,0,TU
549.5,507.25,0,TU
1336.5,507.75,0,TU
320.5,508.25,0,TU
1316.5,508.75,0,TU
949,509.25,0,TU
-546.5,512.25,0,TU
-398.5,513.75,0,TU
1421,513.75,0,TU
-317,515.25,0,TU
-291,517.25,0,TU
361,517.75,0,TU
19.5,518.75,0,TU
1295,518.75,0,TU
497,518.75,0,TU
1807,519.75,0,TU
1753.5,520.25,0,TU
987,521.75,0,TU
869,523.25,0,TU
915,523.75,0,TU
1022.5,526.25,0,TU
1054,526.25,0,TU
307,528.25,0,TU
309.5,529.25,0,TU
68,529.25,0,TU
1329.5,529.25,0,TU
689,531.25,0,TU
942.5,531.75,0,TU
854,532.25,0,TU
335.5,532.75,0,TU
-260.5,533.75,0,TU
564.5,534.75,0,TU
141.5,534.75,0,TU
1868.5,535.75,0,TU
1282,536.75,0,TU
1844,539.75,0,TU
1062,540.25,0,TU
5,540.75,0,TU
1896.5,540.75,0,TU
995,541.25,0,TU
1806.5,541.75,0,TU
1083.5,542.25,0,TU
581.5,542.75,0,TU
30,542.75,0,TU
163.5,545.25,0,TU
1876.5,545.25,0,TU
1913,546.75,0,TU
927,548.25,0,TU
532.5,549.75,0,TU
817.5,550.75,0,TU
-300,551.75,0,TU
1900.5,552.25,0,TU
1828,552.25,0,TU
1856.5,552.75,0,TU
699.5,553.25,0,TU
854,553.75,0,TU
1048,554.25,0,TU
1809.5,554.25,0,TU
506.5,554.75,0,TU
128.5,556.25,0,TU
153,559.75,0,TU
-340,563.25,0,TU
1296,564.25,0,TU
552.5,564.25,0,TU
79.5,564.75,0,TU
1312,564.75,0,TU
1858,565.25,0,TU
1876.5,566.75,0,TU
1924.5,567.25,0,TU
600,568.75,0,TU
792,569.25,0,TU
162.5,570.75,0,TU
932.5,574.25,0,TU
1897.5,576.25,0,TU
758,576.25,0,TU
837,578.75,0,TU
1382,578.75,0,TU
568,580.25,0,TU
135.5,582.25,0,TU
1865.5,582.25,0,TU
96.5,583.25,0,TU
153.5,585.25,0,TU
125.5,585.75,0,TU
72,586.75,0,TU
1309.5,589.25,0,TU
890,590.25,0,TU
-216.5,591.25,0,TU
589,591.75,0,TU
-80.5,592.25,0,TU
105.5,594.75,0,TU
813.5,594.75,0,TU
1854,596.75,0,TU
1911,597.75,0,TU
1936.5,602.25,0,TU
-101,603.25,0,TU
743,604.25,0,TU
161,605.75,0,TU
20.5,605.75,0,TU
140,608.25,0,TU
1334.5,608.75,0,TU
-64,609.75,0,TU
689,611.25,0,TU
1,611.25,0,TU
1900,613.75,0,TU
-11.5,613.75,0,TU
-313.5,615.25,0,TU
821,619.25,0,TU
124.5,619.25,0,TU
1962,619.25,0,TU
38.5,619.25,0,TU
56.5,620.25,0,TU
1407,620.25,0,TU
93,620.75,0,TU
-210.5,621.75,0,TU
1834,622.75,0,TU
1880.5,625.25,0,TU
734.5,626.75,0,TU
164,626.75,0,TU
20,626.75,0,TU
704.5,630.75,0,TU
1309,630.75,0,TU
-9.5,633.75,0,TU
540,634.75,0,TU
48,634.75,0,TU
109,635.75,0,TU
1940.5,636.75,0,TU
571,637.25,0,TU
874,637.75,0,TU
-322,638.25,0,TU
842.5,641.25,0,TU
1815,641.25,0,TU
823.5,643.25,0,TU
449.5,645.25,0,TU
174,645.25,0,TU
1839.5,646.25,0,TU
-265,646.75,0,TU
1289,648.75,0,TU
21.5,649.25,0,TU
126.5,651.75,0,TU
-290.5,653.75,0,TU
47.5,654.25,0,TU
-6.5,654.25,0,TU
671.5,654.25,0,TU
1909.5,655.25,0,TU
162,655.75,0,TU
734,656.25,0,TU
1922,658.75,0,TU
189.5,659.25,0,TU
639.5,660.25,0,TU
1801,661.25,0,TU
1889,663.25,0,TU
1339.5,665.75,0,TU
-200,666.75,0,TU
534.5,668.25,0,TU
1945,671.75,0,TU
8,671.75,0,TU
1821.5,672.25,0,TU
155.5,673.75,0,TU
462,674.75,0,TU
752.5,675.25,0,TU
27.5,675.25,0,TU
1527.5,676.25,0,TU
-213.5,676.75,0,TU
1368,678.75,0,TU
695.5,683.25,0,TU
197.5,683.75,0,TU
795,684.25,0,TU
1920.5,684.75,0,TU
176.5,686.75,0,TU
1864,688.25,0,TU
-38,688.75,0,TU
568.5,689.25,0,TU
76,689.25,0,TU
-197.5,691.75,0,TU
538.5,693.25,0,TU
201.5,694.25,0,TU
-13,695.75,0,TU
1536,695.75,0,TU
-228.5,696.25,0,TU
1377,697.25,0,TU
9,697.75,0,TU
1342.5,698.25,0,TU
147.5,700.75,0,TU
836.5,702.75,0,TU
1911.5,704.75,0,TU
1267,707.25,0,TU
537.5,710.75,0,TU
700,710.75,0,TU
1525.5,713.25,0,TU
-76,714.25,0,TU
1880,714.25,0,TU
1369.5,715.75,0,TU
-4,716.25,0,TU
-24,717.25,0,TU
1283.5,717.25,0,TU
1805.5,717.75,0,TU
111,718.25,0,TU
676.5,719.75,0,TU
1851.5,722.75,0,TU
714,723.25,0,TU
528,723.75,0,TU
1902.5,724.25,0,TU
797,724.75,0,TU
1307,725.25,0,TU
1351,725.75,0,TU
1830.5,725.75,0,TU
1248.5,727.75,0,TU
1873,729.25,0,TU
2227.5,733.75,0,TU
735,734.75,0,TU
508,736.25,0,TU
1103.5,739.25,0,TU
1264.5,739.75,0,TU
93,740.25,0,TU
-91,742.75,0,TU
121.5,743.25,0,TU
1345,743.75,0,TU
1149.5,743.75,0,TU
2245,744.25,0,TU
1894,745.25,0,TU
63,745.75,0,TU
1805.5,745.75,0,TU
-2,745.75,0,TU
20.5,745.75,0,TU
1129,746.25,0,TU
1284,746.25,0,TU
1080,746.75,0,TU
1453,747.25,0,TU
1856,747.75,0,TU
45.5,748.75,0,TU
524.5,748.75,0,TU
1381.5,749.25,0,TU
67.5,749.75,0,TU
6.5,750.25,0,TU
1854,751.25,0,TU
1831,751.25,0,TU
193,758.25,0,TU
1816,758.75,0,TU
1430,759.25,0,TU
760.5,760.25,0,TU
738,760.75,0,TU
827.5,761.25,0,TU
1146.5,761.75,0,TU
1872,763.75,0,TU
1333,764.25,0,TU
21,765.75,0,TU
549.5,766.75,0,TU
689,768.25,0,TU
75.5,769.75,0,TU
1839.5,769.75,0,TU
1370.5,770.25,0,TU
1449,771.25,0,TU
760.5,773.25,0,TU
1415.5,774.25,0,TU
1815.5,774.75,0,TU
46,775.25,0,TU
114.5,775.25,0,TU
784.5,775.25,0,TU
1349,777.75,0,TU
1323,778.25,0,TU
17.5,779.75,0,TU
1481.5,781.75,0,TU
529.5,781.75,0,TU
185,782.25,0,TU
1464.5,783.25,0,TU
2292,784.75,0,TU
1830.5,786.25,0,TU
1863,787.25,0,TU
1197.5,788.75,0,TU
1359.5,788.75,0,TU
823,788.75,0,TU
38.5,789.25,0,TU
1384,790.25,0,TU
750,791.25,0,TU
779,792.75,0,TU
1518.5,793.75,0,TU
799.5,794.75,0,TU
1339,796.25,0,TU
101,797.25,0,TU
1442.5,797.25,0,TU
72,797.25,0,TU
1181,797.75,0,TU
1297.5,798.25,0,TU
1373,803.25,0,TU
766,804.75,0,TU
846,806.25,0,TU
184,807.25,0,TU
1350.5,808.75,0,TU
1309.5,808.75,0,TU
86,810.75,0,TU
164,811.25,0,TU
121.5,812.25,0,TU
1392,812.25,0,TU
816,813.25,0,TU
571.5,814.75,0,TU
1955,815.25,0,TU
2304,818.75,0,TU
1211,821.75,0,TU
1976.5,824.25,0,TU
1439.5,825.25,0,TU
2322.5,827.25,0,TU
1374.5,827.25,0,TU
832,828.25,0,TU
1161.5,828.25,0,TU
1328,829.75,0,TU
1192,829.75,0,TU
794,830.25,0,TU
1935.5,830.75,0,TU
1346.5,832.25,0,TU
601.5,833.25,0,TU
184.5,834.75,0,TU
102,834.75,0,TU
1359,835.25,0,TU
1452.5,835.25,0,TU
1303.5,835.25,0,TU
207.5,835.25,0,TU
765,835.75,0,TU
1960.5,836.75,0,TU
1988,837.25,0,TU
753,838.25,0,TU
1099,838.75,0,TU
1886,839.25,0,TU
1391,839.75,0,TU
462,840.25,0,TU
1278.5,840.75,0,TU
1191,843.25,0,TU
1245.5,845.25,0,TU
821,846.25,0,TU
1925,846.75,0,TU
1370.5,848.25,0,TU
1941.5,849.75,0,TU
1441.5,850.25,0,TU
2003,850.25,0,TU
1496,850.75,0,TU
1398.5,852.25,0,TU
1164,852.75,0,TU
610,854.25,0,TU
1538.5,854.25,0,TU
584.5,854.25,0,TU
1139,855.75,0,TU
1916.5,855.75,0,TU
208,856.25,0,TU
403.5,857.25,0,TU
1209.5,857.75,0,TU
1360.5,861.75,0,TU
1428,862.25,0,TU
422.5,864.25,0,TU
1955,864.25,0,TU
1417,864.25,0,TU
217.5,865.25,0,TU
790.5,865.75,0,TU
1172.5,865.75,0,TU
1114.5,867.75,0,TU
1584.5,868.25,0,TU
1321.5,870.75,0,TU
1548.5,870.75,0,TU
2025,871.25,0,TU
1098,871.75,0,TU
1993.5,873.25,0,TU
2050.5,873.75,0,TU
511.5,874.75,0,TU
2013.5,874.75,0,TU
1565,875.25,0,TU
1890,878.75,0,TU
1391,879.75,0,TU
1375,880.25,0,TU
1348.5,880.75,0,TU
647,881.75,0,TU
676.5,882.25,0,TU
1360,882.25,0,TU
1934.5,882.25,0,TU
1909.5,884.25,0,TU
1126,884.25,0,TU
2033,887.75,0,TU
1211,887.75,0,TU
1107.5,889.75,0,TU
577.5,890.75,0,TU
1428.5,892.75,0,TU
530.5,893.75,0,TU
1603,893.75,0,TU
2005.5,894.25,0,TU
1381,895.25,0,TU
1313,895.25,0,TU
796.5,896.25,0,TU
1172,896.75,0,TU
1580.5,897.75,0,TU
552.5,899.25,0,TU
1545.5,899.25,0,TU
496.5,899.75,0,TU
1452.5,901.75,0,TU
2033.5,902.25,0,TU
1338,902.75,0,TU
538,903.25,0,TU
1360.5,905.25,0,TU
576,907.25,0,TU
1231.5,907.75,0,TU
839.5,911.25,0,TU
564.5,913.25,0,TU
518,915.25,0,TU
815,915.75,0,TU
1398.5,915.75,0,TU
1607,915.75,0,TU
466.5,915.75,0,TU
1565.5,916.75,0,TU
607.5,918.75,0,TU
1380.5,919.25,0,TU
1413,920.25,0,TU
794.5,923.25,0,TU
547.5,923.25,0,TU
2039.5,925.25,0,TU
2311,926.25,0,TU
2025.5,927.25,0,TU
839,927.75,0,TU
577.5,928.25,0,TU
1510.5,928.25,0,TU
458.5,929.75,0,TU
1425,932.75,0,TU
1574.5,932.75,0,TU
1996.5,933.75,0,TU
1607,933.75,0,TU
1361,935.75,0,TU
1244,935.75,0,TU
595,939.75,0,TU
811,940.75,0,TU
686,942.25,0,TU
2248,945.75,0,TU
616.5,946.75,0,TU
1923,948.75,0,TU
569,950.75,0,TU
841.5,953.25,0,TU
1237.5,953.75,0,TU
1345.5,954.25,0,TU
1390.5,954.25,0,TU
712,954.25,0,TU
671.5,954.25,0,TU
1987.5,954.75,0,TU
2019,955.25,0,TU
1414.5,955.25,0,TU
2303.5,955.75,0,TU
801.5,957.75,0,TU
544,958.25,0,TU
1602,959.75,0,TU
1574,961.25,0,TU
1447.5,967.75,0,TU
616,968.75,0,TU
1397.5,968.75,0,TU
2201,969.25,0,TU
1967,970.25,0,TU
1131.5,971.25,0,TU
643.5,972.75,0,TU
1608,979.25,0,TU
796.5,980.75,0,TU
2165.5,981.25,0,TU
1416.5,981.75,0,TU
572.5,982.75,0,TU
667,983.25,0,TU
2311,984.75,0,TU
712.5,985.25,0,TU
2031,985.75,0,TU
2136.5,985.75,0,TU
2272.5,986.25,0,TU
539,988.25,0,TU
758.5,988.25,0,TU
2229.5,989.75,0,TU
1253.5,989.75,0,TU
1585,990.25,0,TU
1615.5,993.75,0,TU
811.5,995.25,0,TU
2207.5,996.75,0,TU
680.5,998.75,0,TU
631,998.75,0,TU
1443.5,1000.25,0,TU
588,1000.75,0,TU
657,1001.25,0,TU
1462,1001.25,0,TU
1177.5,1002.75,0,TU
900,1003.25,0,TU
701,1003.75,0,TU
1262.5,1005.75,0,TU
2032,1007.75,0,TU
879.5,1007.75,0,TU
1483.5,1008.75,0,TU
1410.5,1012.25,0,TU
621,1013.25,0,TU
1965,1013.25,0,TU
563,1014.25,0,TU
2191.5,1014.75,0,TU
1232.5,1015.75,0,TU
2176.5,1018.25,0,TU
1130.5,1018.75,0,TU
1643.5,1018.75,0,TU
1284,1019.25,0,TU
1848,1019.25,0,TU
764,1020.25,0,TU
2063.5,1020.25,0,TU
1586,1020.25,0,TU
1980.5,1020.75,0,TU
1267,1020.75,0,TU
1157.5,1020.75,0,TU
1630,1021.75,0,TU
1391,1022.75,0,TU
824.5,1022.75,0,TU
1184,1023.25,0,TU
1069,1025.75,0,TU
1968.5,1026.25,0,TU
2227.5,1028.75,0,TU
2020.5,1029.25,0,TU
1482.5,1029.25,0,TU
1219,1029.75,0,TU
1247.5,1029.75,0,TU
2041.5,1029.75,0,TU
866,1030.75,0,TU
600,1030.75,0,TU
653,1031.75,0,TU
576,1032.25,0,TU
530,1032.75,0,TU
897,1033.25,0,TU
546.5,1033.75,0,TU
803.5,1036.25,0,TU
1197,1036.75,0,TU
1119.5,1038.75,0,TU
1494.5,1039.75,0,TU
1539.5,1041.75,0,TU
561.5,1041.75,0,TU
1447.5,1043.25,0,TU
857,1043.75,0,TU
2013.5,1043.75,0,TU
1849.5,1045.25,0,TU
1285,1045.75,0,TU
1076,1047.25,0,TU
1387,1047.75,0,TU
2108.5,1047.75,0,TU
1920,1048.25,0,TU
2217,1048.25,0,TU
2181.5,1048.75,0,TU
1468.5,1048.75,0,TU
1608.5,1049.25,0,TU
1968.5,1049.25,0,TU
884.5,1050.25,0,TU
756,1051.25,0,TU
1588.5,1051.25,0,TU
2623.5,1051.75,0,TU
1261,1052.25,0,TU
1511.5,1052.25,0,TU
1236,1053.75,0,TU
1301,1054.25,0,TU
2040,1054.75,0,TU
906.5,1054.75,0,TU
1940.5,1056.75,0,TU
620,1057.25,0,TU
1619,1058.25,0,TU
1640.5,1058.75,0,TU
1168.5,1059.25,0,TU
1354,1059.75,0,TU
2634,1062.25,0,TU
2148,1062.25,0,TU
1825.5,1062.75,0,TU
724,1063.75,0,TU
2080.5,1063.75,0,TU
1469,1064.25,0,TU
1487.5,1064.25,0,TU
1080.5,1064.75,0,TU
634.5,1065.75,0,TU
909,1066.75,0,TU
1546.5,1067.25,0,TU
1653,1068.25,0,TU
1383.5,1068.25,0,TU
2099,1068.25,0,TU
1247,1070.25,0,TU
650.5,1070.75,0,TU
1279,1070.75,0,TU
785,1071.75,0,TU
2196.5,1071.75,0,TU
1443.5,1072.75,0,TU
815.5,1073.25,0,TU
2047,1074.25,0,TU
1594.5,1075.75,0,TU
1313.5,1075.75,0,TU
1954,1075.75,0,TU
1984,1076.25,0,TU
1231,1076.25,0,TU
1612,1076.25,0,TU
926.5,1079.25,0,TU
2111,1080.75,0,TU
2155,1081.75,0,TU
1478,1083.75,0,TU
2064,1083.75,0,TU
1118,1083.75,0,TU
829,1085.25,0,TU
2083.5,1086.25,0,TU
1539.5,1086.25,0,TU
642.5,1086.75,0,TU
1167,1087.25,0,TU
2282,1087.75,0,TU
1460,1088.75,0,TU
2637,1089.75,0,TU
1096.5,1090.25,0,TU
1995,1091.25,0,TU
2122.5,1092.75,0,TU
1302,1093.75,0,TU
1974,1093.75,0,TU
1954.5,1094.25,0,TU
1285,1098.75,0,TU
944,1099.75,0,TU
638.5,1100.25,0,TU
1874.5,1100.75,0,TU
1935.5,1102.75,0,TU
2041,1104.25,0,TU
2317.5,1104.25,0,TU
1519.5,1105.25,0,TU
2318.5,1105.25,0,TU
2111.5,1106.75,0,TU
1624,1107.75,0,TU
929,1110.25,0,TU
1161.5,1110.25,0,TU
1997.5,1111.25,0,TU
1817.5,1111.75,0,TU
972.5,1113.75,0,TU
997.5,1116.75,0,TU
909,1117.25,0,TU
1855.5,1118.25,0,TU
1984.5,1119.25,0,TU
954.5,1119.25,0,TU
1964.5,1119.75,0,TU
644.5,1120.75,0,TU
1205.5,1122.75,0,TU
1143.5,1123.25,0,TU
2266.5,1123.75,0,TU
1893,1123.75,0,TU
1183,1124.75,0,TU
1937.5,1124.75,0,TU
867.5,1127.25,0,TU
2594.5,1127.25,0,TU
2331,1127.75,0,TU
973,1128.25,0,TU
2331,1129.25,0,TU
2089,1129.75,0,TU
2308,1131.75,0,TU
1114.5,1131.75,0,TU
2313,1131.75,0,TU
1030,1132.25,0,TU
2019,1132.75,0,TU
1153,1134.75,0,TU
2270,1135.25,0,TU
2065,1135.75,0,TU
1820,1135.75,0,TU
896,1135.75,0,TU
829.5,1136.25,0,TU
1988.5,1136.75,0,TU
2121,1138.75,0,TU
1909.5,1139.25,0,TU
1875.5,1139.25,0,TU
814,1140.25,0,TU
2174,1141.25,0,TU
914.5,1142.75,0,TU
936,1143.25,0,TU
2611,1143.75,0,TU
2209,1144.25,0,TU
2639.5,1144.75,0,TU
2104.5,1145.75,0,TU
2275.5,1146.25,0,TU
705,1146.75,0,TU
1901.5,1146.75,0,TU
2028.5,1148.25,0,TU
735.5,1148.25,0,TU
2126.5,1148.75,0,TU
2302.5,1149.25,0,TU
750.5,1149.75,0,TU
965.5,1150.25,0,TU
773,1150.25,0,TU
2303.5,1150.75,0,TU
684,1150.75,0,TU
2273.5,1150.75,0,TU
1839.5,1151.25,0,TU
2092.5,1153.25,0,TU
1994.5,1153.75,0,TU
2154,1153.75,0,TU
1925,1154.25,0,TU
2011,1155.25,0,TU
726.5,1155.25,0,TU
2050,1156.25,0,TU
1954,1156.25,0,TU
909,1156.25,0,TU
1980,1158.25,0,TU
883.5,1158.75,0,TU
1027.5,1158.75,0,TU
2558.5,1159.75,0,TU
1803.5,1162.75,0,TU
2179.5,1163.25,0,TU
948.5,1163.75,0,TU
1824.5,1164.25,0,TU
1847.5,1167.25,0,TU
837,1168.25,0,TU
2578.5,1168.25,0,TU
2606,1170.25,0,TU
2328,1171.25,0,TU
2326.5,1171.25,0,TU
1907.5,1171.25,0,TU
745.5,1172.25,0,TU
788,1172.25,0,TU
1957.5,1174.25,0,TU
762,1174.75,0,TU
2448,1175.25,0,TU
727,1175.75,0,TU
866,1176.75,0,TU
1908,1176.75,0,TU
2022,1177.75,0,TU
1999,1178.75,0,TU
2035,1178.75,0,TU
911,1180.75,0,TU
1883.5,1181.25,0,TU
1856,1181.25,0,TU
1979,1182.25,0,TU
834,1183.25,0,TU
943,1184.25,0,TU
1805.5,1184.25,0,TU
887.5,1184.75,0,TU
1605,1185.25,0,TU
1833,1187.75,0,TU
998.5,1187.75,0,TU
734.5,1189.75,0,TU
906.5,1189.75,0,TU
2261,1190.75,0,TU
2261,1190.75,0,TU
2618,1191.25,0,TU
2291.5,1193.25,0,TU
2290.5,1193.25,0,TU
1897.5,1194.75,0,TU
2492,1195.25,0,TU
1917.5,1197.25,0,TU
2421,1197.75,0,TU
2362,1198.75,0,TU
1594,1206.25,0,TU
2472.5,1210.75,0,TU
2309.5,1214.75,0,TU
2541.5,1217.75,0,TU
2361.5,1218.75,0,TU
1943,1219.25,0,TU
2303.5,1220.25,0,TU
2567.5,1224.25,0,TU
2240,1225.75,0,TU
2596.5,1227.25,0,TU
1985.5,1227.75,0,TU
2379,1229.75,0,TU
1585.5,1230.25,0,TU
2356,1231.75,0,TU
2213.5,1234.75,0,TU
1927.5,1237.75,0,TU
2319.5,1239.25,0,TU
1595,1241.25,0,TU
2296,1241.75,0,TU
1961.5,1245.25,0,TU
2402.5,1247.25,0,TU
2337.5,1248.75,0,TU
2267.5,1248.75,0,TU
2267.5,1249.25,0,TU
1934.5,1250.25,0,TU
1614.5,1250.75,0,TU
1516.5,1251.75,0,TU
2224,1252.75,0,TU
2388,1257.75,0,TU
2361,1258.75,0,TU
2313.5,1261.75,0,TU
2129.5,1262.25,0,TU
1592,1264.25,0,TU
2240,1265.25,0,TU
2980.5,1266.25,0,TU
2021,1267.75,0,TU
1648,1269.25,0,TU
1516,1269.75,0,TU
1614.5,1270.75,0,TU
2372,1271.25,0,TU
2307.5,1276.25,0,TU
1497,1276.75,0,TU
2403,1278.25,0,TU
1526,1279.25,0,TU
2475,1293.25,0,TU
1508,1295.25,0,TU
2433.5,1298.25,0,TU
1535,1298.25,0,TU
1486,1298.75,0,TU
2331,1300.25,0,TU
2495.5,1303.25,0,TU
2191,1303.75,0,TU
2136.5,1303.75,0,TU
2031,1307.25,0,TU
2970.5,1310.25,0,TU
3001.5,1312.75,0,TU
1493.5,1312.75,0,TU
1542,1315.25,0,TU
2312.5,1315.25,0,TU
2454.5,1318.75,0,TU
2009.5,1320.75,0,TU
1554.5,1320.75,0,TU
2093.5,1323.25,0,TU
2059,1323.75,0,TU
2231.5,1323.75,0,TU
1504,1324.75,0,TU
2141,1325.25,0,TU
2475.5,1325.75,0,TU
2235.5,1328.75,0,TU
2120,1329.25,0,TU
2961,1329.25,0,TU
1534,1329.75,0,TU
2165.5,1330.75,0,TU
1703,1331.75,0,TU
2088,1331.75,0,TU
2989.5,1332.75,0,TU
1682.5,1334.75,0,TU
3004.5,1340.75,0,TU
2216.5,1341.75,0,TU
2215.5,1345.25,0,TU
1508.5,1348.25,0,TU
2066,1351.25,0,TU
2179,1352.25,0,TU
1537.5,1353.75,0,TU
2206,1354.25,0,TU
2206,1355.25,0,TU
2129.5,1357.25,0,TU
2154.5,1358.25,0,TU
2107.5,1358.75,0,TU
2089.5,1359.75,0,TU
3013,1363.75,0,TU
2252,1367.75,0,TU
2070.5,1368.25,0,TU
2195.5,1368.75,0,TU
2196.5,1374.75,0,TU
2617.5,1375.75,0,TU
2136,1377.75,0,TU
1768,1383.75,0,TU
2687.5,1386.25,0,TU
2165.5,1387.75,0,TU
1812,1388.25,0,TU
2088.5,1388.75,0,TU
2276,1388.75,0,TU
2664,1389.75,0,TU
1747,1390.75,0,TU
2034,1391.25,0,TU
2596,1393.25,0,TU
2163.5,1394.25,0,TU
1776.5,1397.75,0,TU
2102.5,1398.75,0,TU
2623.5,1401.25,0,TU
1801,1402.25,0,TU
2148,1404.75,0,TU
2682,1406.25,0,TU
2056,1411.75,0,TU
1818.5,1415.75,0,TU
2695,1419.25,0,TU
1834.5,1420.25,0,TU
1782,1420.25,0,TU
2316.5,1421.25,0,TU
1764,1421.75,0,TU
2075.5,1422.25,0,TU
2599.5,1422.75,0,TU
2095.5,1422.75,0,TU
2628.5,1423.25,0,TU
2657,1428.25,0,TU
1802,1433.75,0,TU
2289.5,1435.75,0,TU
1749.5,1435.75,0,TU
2061,1436.75,0,TU
1817,1438.75,0,TU
2199,1438.75,0,TU
2676,1440.25,0,TU
2738.5,1441.25,0,TU
1840,1444.75,0,TU
2631,1445.75,0,TU
1784,1446.75,0,TU
2191.5,1452.25,0,TU
2614.5,1455.75,0,TU
1733,1460.25,0,TU
1799,1461.25,0,TU
2754,1461.75,0,TU
2293.5,1467.75,0,TU
1837,1468.25,0,TU
2588.5,1470.25,0,TU
2213,1470.25,0,TU
1721,1474.75,0,TU
1760,1480.25,0,TU
1839,1480.75,0,TU
2757.5,1481.25,0,TU
2304.5,1481.25,0,TU
2274,1481.75,0,TU
2061.5,1487.75,0,TU
2061.5,1487.75,0,TU
1739,1492.25,0,TU
1832.5,1492.75,0,TU
2733,1493.25,0,TU
2571,1493.75,0,TU
1878,1494.25,0,TU
2597.5,1496.25,0,TU
1807,1497.25,0,TU
2298,1498.25,0,TU
2106,1498.75,0,TU
2274,1499.25,0,TU
2108,1499.25,0,TU
2205.5,1499.25,0,TU
1863.5,1500.75,0,TU
2560,1503.25,0,TU
2317.5,1504.75,0,TU
2052,1507.75,0,TU
2052.5,1507.75,0,TU
2261.5,1509.75,0,TU
2228.5,1509.75,0,TU
1844.5,1510.25,0,TU
3201.5,1513.75,0,TU
1818.5,1514.75,0,TU
1790.5,1516.75,0,TU
1756.5,1517.75,0,TU
2079,1519.75,0,TU
2078.5,1519.75,0,TU
2731.5,1520.75,0,TU
2190,1521.25,0,TU
2287,1521.25,0,TU
1737,1521.75,0,TU
1881.5,1529.75,0,TU
2742.5,1530.25,0,TU
1769.5,1530.75,0,TU
1851,1533.25,0,TU
2570,1534.25,0,TU
2226,1535.25,0,TU
1828.5,1538.25,0,TU
2547,1538.75,0,TU
2242,1540.25,0,TU
3210,1542.75,0,TU
2744,1544.75,0,TU
2190.5,1547.75,0,TU
1822,1547.75,0,TU
2093.5,1549.75,0,TU
2006.5,1549.75,0,TU
2057,1552.75,0,TU
2365,1553.75,0,TU
2760.5,1555.75,0,TU
2059,1555.75,0,TU
2836.5,1559.25,0,TU
3176.5,1561.25,0,TU
2580,1563.25,0,TU
2027.5,1565.75,0,TU
2234.5,1566.25,0,TU
1871,1569.25,0,TU
2743.5,1570.75,0,TU
2844,1571.25,0,TU
2052,1574.75,0,TU
2052,1575.25,0,TU
2200,1575.25,0,TU
1829.5,1575.75,0,TU
2351,1576.75,0,TU
2826,1579.75,0,TU
2713.5,1580.25,0,TU
2863.5,1582.25,0,TU
2087.5,1586.75,0,TU
2606,1587.75,0,TU
2654,1588.75,0,TU
2366,1589.25,0,TU
2671,1592.25,0,TU
2696.5,1592.25,0,TU
2842.5,1594.25,0,TU
1867,1595.75,0,TU
2400.5,1598.25,0,TU
3339.5,1599.75,0,TU
2736,1599.75,0,TU
2205,1601.75,0,TU
2813,1601.75,0,TU
3165.5,1602.75,0,TU
2838.5,1603.75,0,TU
2367.5,1603.75,0,TU
2586,1604.25,0,TU
3184.5,1604.75,0,TU
2037,1605.25,0,TU
2777,1605.75,0,TU
1850,1612.75,0,TU
2078,1615.25,0,TU
1840,1616.75,0,TU
2828,1617.25,0,TU
1825,1618.25,0,TU
2601.5,1619.25,0,TU
3177,1620.25,0,TU
2840,1623.25,0,TU
2303,1623.25,0,TU
2371.5,1623.75,0,TU
2061,1625.25,0,TU
3328.5,1627.25,0,TU
3403,1627.25,0,TU
3219.5,1627.75,0,TU
3198,1628.75,0,TU
2889,1629.25,0,TU
2864,1632.75,0,TU
2639,1633.75,0,TU
2404.5,1634.75,0,TU
3365,1636.25,0,TU
2086,1636.25,0,TU
3168.5,1637.25,0,TU
2874.5,1638.25,0,TU
2794.5,1639.25,0,TU
2815.5,1639.25,0,TU
3425.5,1639.75,0,TU
2845,1641.25,0,TU
2372.5,1642.25,0,TU
2054,1643.25,0,TU
2600.5,1645.25,0,TU
3185.5,1650.75,0,TU
2894.5,1650.75,0,TU
2778.5,1654.75,0,TU
3206.5,1655.75,0,TU
2072,1656.25,0,TU
2418,1656.25,0,TU
2626.5,1656.25,0,TU
3358.5,1657.25,0,TU
2005.5,1664.25,0,TU
2038,1664.25,0,TU
2445,1664.75,0,TU
3261,1666.25,0,TU
2080.5,1668.25,0,TU
2894.5,1670.25,0,TU
2018.5,1670.75,0,TU
2340.5,1672.25,0,TU
3242,1678.75,0,TU
3220.5,1679.25,0,TU
2409.5,1683.75,0,TU
2884,1683.75,0,TU
3378.5,1683.75,0,TU
3351.5,1683.75,0,TU
2064.5,1686.25,0,TU
3191.5,1688.75,0,TU
2775.5,1689.25,0,TU
2861,1690.25,0,TU
2844.5,1692.75,0,TU
2444.5,1693.75,0,TU
2019,1694.25,0,TU
2762,1700.25,0,TU
2694.5,1701.75,0,TU
2316,1702.75,0,TU
3383,1703.25,0,TU
2049.5,1704.75,0,TU
2420.5,1706.75,0,TU
3356,1707.25,0,TU
2871.5,1707.75,0,TU
2076.5,1708.75,0,TU
3480,1709.25,0,TU
2618,1709.75,0,TU
2569.5,1711.25,0,TU
2463,1712.75,0,TU
2890.5,1712.75,0,TU
2751.5,1716.25,0,TU
2705,1718.75,0,TU
2825,1720.25,0,TU
3347,1720.25,0,TU
2723.5,1720.75,0,TU
2768.5,1723.25,0,TU
2455,1724.25,0,TU
3336,1726.25,0,TU
2909.5,1726.75,0,TU
2657,1729.75,0,TU
2689,1729.75,0,TU
2051.5,1736.75,0,TU
2938,1738.75,0,TU
2425.5,1741.75,0,TU
2794,1742.25,0,TU
2346,1745.25,0,TU
2710,1745.25,0,TU
2900,1745.75,0,TU
2606.5,1746.75,0,TU
2314,1747.75,0,TU
3342.5,1748.25,0,TU
2945.5,1748.75,0,TU
3400.5,1749.25,0,TU
2773.5,1750.25,0,TU
2873.5,1750.75,0,TU
2673.5,1751.75,0,TU
3314.5,1752.75,0,TU
2466.5,1753.75,0,TU
2974.5,1757.25,0,TU
3382,1762.25,0,TU
2636.5,1764.25,0,TU
3264,1764.75,0,TU
2503,1765.25,0,TU
2612,1765.75,0,TU
2367.5,1770.25,0,TU
2764,1771.25,0,TU
2984.5,1771.25,0,TU
2943.5,1772.25,0,TU
2693.5,1773.25,0,TU
2402,1773.75,0,TU
2345,1775.75,0,TU
2318,1777.25,0,TU
2963.5,1778.75,0,TU
2669.5,1782.25,0,TU
3621,1782.25,0,TU
2789,1784.75,0,TU
3554,1794.75,0,TU
2985.5,1797.25,0,TU
2941,1797.75,0,TU
2750.5,1798.75,0,TU
2633,1798.75,0,TU
2372,1800.25,0,TU
2691.5,1802.75,0,TU
1999.5,1802.75,0,TU
3633.5,1804.25,0,TU
2408.5,1804.25,0,TU
2782,1806.75,0,TU
3413.5,1808.25,0,TU
2762,1810.75,0,TU
2797.5,1811.75,0,TU
3263.5,1812.75,0,TU
3036,1822.25,0,TU
2403.5,1824.25,0,TU
3619.5,1824.75,0,TU
3028.5,1831.25,0,TU
3009.5,1832.75,0,TU
2736.5,1836.25,0,TU
3053,1838.75,0,TU
2891.5,1840.75,0,TU
2398.5,1843.25,0,TU
2519,1843.25,0,TU
2795.5,1845.75,0,TU
3030,1847.25,0,TU
3004,1848.25,0,TU
2437,1849.25,0,TU
2769,1850.25,0,TU
2861,1853.75,0,TU
3607,1854.75,0,TU
3577,1855.25,0,TU
3064.5,1855.75,0,TU
2409.5,1856.75,0,TU
3033.5,1859.25,0,TU
2629,1859.25,0,TU
2766,1860.75,0,TU
2558,1861.25,0,TU
2873,1862.75,0,TU
2914,1865.25,0,TU
2887,1867.25,0,TU
2589,1868.25,0,TU
3371.5,1870.25,0,TU
3001,1872.75,0,TU
2701,1872.75,0,TU
2747,1873.25,0,TU
2720.5,1873.75,0,TU
2680,1875.75,0,TU
3080,1876.75,0,TU
3650.5,1876.75,0,TU
2545.5,1877.25,0,TU
3662.5,1880.75,0,TU
2392.5,1881.25,0,TU
2872.5,1883.25,0,TU
2776.5,1883.25,0,TU
2733,1884.25,0,TU
2905.5,1885.25,0,TU
2583,1886.25,0,TU
3383,1886.25,0,TU
3415.5,1887.25,0,TU
2565.5,1889.75,0,TU
3357,1889.75,0,TU
2855.5,1891.75,0,TU
3122.5,1892.25,0,TU
2451,1892.25,0,TU
2537,1893.75,0,TU
2423.5,1895.75,0,TU
3113,1896.25,0,TU
2754,1896.75,0,TU
3669,1897.75,0,TU
2581.5,1898.25,0,TU
3598.5,1900.25,0,TU
2886,1900.75,0,TU
2605.5,1903.25,0,TU
2873,1904.75,0,TU
2904,1906.75,0,TU
2716,1907.25,0,TU
3696,1907.25,0,TU
3106,1907.25,0,TU
2389,1907.25,0,TU
2405,1907.75,0,TU
3146.5,1908.75,0,TU
2861.5,1912.25,0,TU
2578,1912.25,0,TU
2560,1912.75,0,TU
2493,1913.75,0,TU
2750.5,1914.75,0,TU
2443,1914.75,0,TU
2813,1916.75,0,TU
2841.5,1925.25,0,TU
2912.5,1925.25,0,TU
2547,1926.25,0,TU
2888,1929.25,0,TU
3017.5,1930.75,0,TU
2592,1931.75,0,TU
3625,1932.25,0,TU
2571.5,1932.75,0,TU
2535,1941.75,0,TU
2475.5,1944.75,0,TU
2511.5,1945.25,0,TU
2494.5,1945.75,0,TU
2725.5,1946.25,0,TU
2391.5,1946.75,0,TU
2563.5,1947.25,0,TU
3152,1948.75,0,TU
2535.5,1949.25,0,TU
3689,1951.25,0,TU
2439.5,1954.75,0,TU
2407,1959.25,0,TU
2459.5,1961.75,0,TU
2540,1962.25,0,TU
2524,1963.25,0,TU
2386,1963.75,0,TU
2424,1964.25,0,TU
2702.5,1965.75,0,TU
3655,1966.75,0,TU
3612,1972.25,0,TU
3673.5,1972.75,0,TU
3107,1972.75,0,TU
2370.5,1975.25,0,TU
2571.5,1975.75,0,TU
2441.5,1977.25,0,TU
2505.5,1980.25,0,TU
2468.5,1980.75,0,TU
3689,1982.25,0,TU
2411.5,1982.75,0,TU
2386,1983.75,0,TU
2537.5,1984.25,0,TU
3000,1984.75,0,TU
2659,1988.25,0,TU
3612,1988.25,0,TU
3316,1989.25,0,TU
2830.5,1989.75,0,TU
2432.5,1991.25,0,TU
2409.5,1992.25,0,TU
3135.5,1992.75,0,TU
2456,1996.25,0,TU
3316,1998.75,0,TU
3150,1998.75,0,TU
3622,1999.25,0,TU
3605.5,2000.75,0,TU
2671.5,2001.25,0,TU
2560.5,2002.25,0,TU
2398,2003.75,0,TU
2372,2008.75,0,TU
3462,2010.75,0,TU
2590.5,2011.75,0,TU
2420.5,2015.25,0,TU
2458,2016.25,0,TU
3063.5,2016.75,0,TU
2742,2017.75,0,TU
2714.5,2018.75,0,TU
3517.5,2020.25,0,TU
3312,2020.25,0,TU
3332,2020.75,0,TU
3498,2022.25,0,TU
3540.5,2023.25,0,TU
2667,2026.75,0,TU
2975,2027.25,0,TU
2510,2028.25,0,TU
3613,2028.75,0,TU
2638,2030.25,0,TU
2557.5,2030.75,0,TU
2726.5,2034.75,0,TU
2366,2035.25,0,TU
2748.5,2037.75,0,TU
2993,2039.25,0,TU
2675,2039.25,0,TU
3802,2042.75,0,TU
3621.5,2047.25,0,TU
2958,2048.25,0,TU
3515,2050.75,0,TU
2507,2051.25,0,TU
3838,2051.25,0,TU
2665,2052.25,0,TU
2362.5,2052.25,0,TU
3814.5,2053.25,0,TU
2610.5,2054.25,0,TU
3405,2054.75,0,TU
2722,2055.75,0,TU
2493.5,2055.75,0,TU
2640.5,2057.75,0,TU
3618,2059.75,0,TU
3093.5,2060.25,0,TU
2749,2060.25,0,TU
2538,2060.75,0,TU
3453,2060.75,0,TU
3861.5,2061.75,0,TU
3876.5,2062.75,0,TU
3828,2064.75,0,TU
3788,2065.75,0,TU
2556.5,2067.25,0,TU
3001.5,2067.75,0,TU
2986.5,2068.25,0,TU
2969,2071.75,0,TU
3440.5,2072.25,0,TU
2758,2076.25,0,TU
2374,2076.25,0,TU
3802.5,2076.25,0,TU
2625.5,2076.75,0,TU
2580.5,2077.25,0,TU
3849.5,2077.75,0,TU
3904.5,2077.75,0,TU
2528,2078.75,0,TU
2655,2082.25,0,TU
3834.5,2082.75,0,TU
2989.5,2089.25,0,TU
3090,2089.75,0,TU
2775,2090.75,0,TU
2550.5,2091.25,0,TU
2710,2092.25,0,TU
2530,2093.25,0,TU
3880,2095.25,0,TU
2372,2096.25,0,TU
2745,2096.75,0,TU
2616.5,2097.75,0,TU
2955.5,2101.25,0,TU
3842.5,2104.75,0,TU
3355.5,2105.25,0,TU
3810,2106.25,0,TU
3867.5,2106.75,0,TU
2524.5,2108.75,0,TU
3792.5,2109.75,0,TU
3914,2112.25,0,TU
3398.5,2116.75,0,TU
2677,2117.25,0,TU
3449,2118.25,0,TU
2490.5,2118.75,0,TU
2967,2119.25,0,TU
3829.5,2122.75,0,TU
2638,2124.25,0,TU
3802.5,2126.75,0,TU
2544.5,2129.25,0,TU
2448,2130.25,0,TU
3098.5,2131.75,0,TU
3318.5,2134.25,0,TU
2746.5,2135.75,0,TU
2432,2138.25,0,TU
3909.5,2141.75,0,TU
3072.5,2142.75,0,TU
3809.5,2143.75,0,TU
2598,2144.75,0,TU
3628.5,2145.75,0,TU
3455.5,2145.75,0,TU
2528,2148.25,0,TU
3799,2150.25,0,TU
3368.5,2151.25,0,TU
3648.5,2152.75,0,TU
3936.5,2157.75,0,TU
3097.5,2158.25,0,TU
3323.5,2160.25,0,TU
2451,2161.75,0,TU
3832.5,2162.25,0,TU
2577.5,2163.25,0,TU
3248,2163.75,0,TU
3344,2164.25,0,TU
2416.5,2164.25,0,TU
3517.5,2164.25,0,TU
3893.5,2165.25,0,TU
2428,2165.75,0,TU
2626,2166.75,0,TU
3994.5,2166.75,0,TU
3601,2167.25,0,TU
3816,2170.25,0,TU
3496.5,2170.75,0,TU
3657.5,2173.75,0,TU
2722.5,2174.25,0,TU
4049.5,2176.75,0,TU
2994,2177.75,0,TU
3442.5,2181.75,0,TU
3935,2185.25,0,TU
2611.5,2187.25,0,TU
2895.5,2187.75,0,TU
3979.5,2188.25,0,TU
3945.5,2188.75,0,TU
3531,2189.25,0,TU
2632.5,2189.25,0,TU
3608.5,2189.75,0,TU
2470,2192.25,0,TU
3995.5,2193.75,0,TU
3636,2194.25,0,TU
3964,2195.25,0,TU
3356.5,2195.75,0,TU
2595.5,2196.25,0,TU
3504.5,2196.25,0,TU
3829,2197.25,0,TU
4040,2199.25,0,TU
2428,2201.25,0,TU
3850.5,2201.25,0,TU
2502,2203.75,0,TU
2988.5,2205.25,0,TU
2955.5,2206.25,0,TU
3601,2207.75,0,TU
3881.5,2208.25,0,TU
3024.5,2208.75,0,TU
2614.5,2212.75,0,TU
2459,2214.75,0,TU
3985,2215.25,0,TU
3950.5,2215.75,0,TU
3627.5,2216.25,0,TU
3654.5,2216.75,0,TU
2582.5,2217.25,0,TU
2515,2217.75,0,TU
3392.5,2218.25,0,TU
3895,2218.75,0,TU
2496,2224.25,0,TU
3327.5,2224.75,0,TU
3544.5,2225.25,0,TU
2597,2225.25,0,TU
3407.5,2227.25,0,TU
2476.5,2229.25,0,TU
3858.5,2229.25,0,TU
2540,2231.25,0,TU
3837,2234.25,0,TU
2460,2234.25,0,TU
3956,2235.25,0,TU
2496.5,2238.75,0,TU
2513.5,2238.75,0,TU
2615.5,2239.25,0,TU
3438,2240.25,0,TU
3281.5,2244.25,0,TU
2586.5,2244.25,0,TU
3980.5,2247.75,0,TU
3945,2248.75,0,TU
4075,2248.75,0,TU
3892,2249.75,0,TU
3651,2249.75,0,TU
3988,2252.25,0,TU
2532,2252.25,0,TU
3414,2253.75,0,TU
3919.5,2255.75,0,TU
3393.5,2256.25,0,TU
3871,2257.25,0,TU
2601.5,2257.75,0,TU
3434.5,2259.25,0,TU
3586.5,2262.25,0,TU
3625.5,2263.25,0,TU
3665,2263.25,0,TU
3306.5,2263.75,0,TU
2622.5,2264.25,0,TU
3217.5,2265.25,0,TU
2973.5,2265.75,0,TU
3857.5,2265.75,0,TU
3650,2265.75,0,TU
3335.5,2266.25,0,TU
3922.5,2267.75,0,TU
3833,2269.25,0,TU
3989.5,2270.25,0,TU
3179,2270.25,0,TU
3961,2271.25,0,TU
3534,2274.25,0,TU
2560,2274.75,0,TU
2952.5,2275.75,0,TU
3599,2275.75,0,TU
3430.5,2281.75,0,TU
4113.5,2286.25,0,TU
2973,2288.75,0,TU
3922,2289.25,0,TU
3659,2289.75,0,TU
4132.5,2290.25,0,TU
2994,2290.75,0,TU
3234,2291.25,0,TU
3628.5,2294.75,0,TU
3834.5,2294.75,0,TU
3587,2298.25,0,TU
3849,2299.75,0,TU
4095,2299.75,0,TU
2708.5,2302.25,0,TU
2572.5,2304.25,0,TU
3958.5,2304.75,0,TU
3935,2306.25,0,TU
3703.5,2306.25,0,TU
3862.5,2308.75,0,TU
3581,2309.25,0,TU
2604,2309.75,0,TU
3217.5,2310.75,0,TU
3556,2311.75,0,TU
2669,2312.25,0,TU
3691.5,2312.25,0,TU
3537.5,2313.75,0,TU
2654,2317.25,0,TU
2727,2319.25,0,TU
3378.5,2319.75,0,TU
3137,2321.25,0,TU
3948.5,2323.75,0,TU
3207.5,2324.25,0,TU
2632.5,2324.25,0,TU
2680,2324.25,0,TU
4112,2324.75,0,TU
3515,2325.25,0,TU
3903,2325.75,0,TU
2717.5,2326.75,0,TU
3579,2327.25,0,TU
3727,2327.75,0,TU
3709.5,2331.25,0,TU
3684.5,2334.25,0,TU
2658,2334.25,0,TU
2759.5,2334.75,0,TU
3395,2334.75,0,TU
3177.5,2335.25,0,TU
3559.5,2336.75,0,TU
3631.5,2337.25,0,TU
3797.5,2337.75,0,TU
3758.5,2338.75,0,TU
3261.5,2339.25,0,TU
2617,2340.75,0,TU
3371.5,2343.75,0,TU
3612.5,2346.25,0,TU
4098.5,2346.25,0,TU
4113,2346.75,0,TU
2777.5,2347.25,0,TU
3932,2347.25,0,TU
2952,2347.25,0,TU
4128,2348.25,0,TU
3818,2348.75,0,TU
3520.5,2349.25,0,TU
3402.5,2349.75,0,TU
3086,2351.25,0,TU
2725,2351.75,0,TU
3629.5,2351.75,0,TU
3272,2352.25,0,TU
2657,2352.25,0,TU
3288,2352.75,0,TU
3240.5,2352.75,0,TU
3302.5,2352.75,0,TU
2976,2352.75,0,TU
2628.5,2353.25,0,TU
2755.5,2353.25,0,TU
3212,2353.75,0,TU
3873,2354.25,0,TU
3153.5,2357.25,0,TU
3496.5,2358.75,0,TU
3107.5,2359.75,0,TU
3381,2359.75,0,TU
3412,2360.25,0,TU
4140,2360.75,0,TU
3328.5,2361.25,0,TU
2734,2361.25,0,TU
3182,2362.75,0,TU
4101,2363.25,0,TU
3266,2366.25,0,TU
3529,2366.75,0,TU
2638.5,2367.75,0,TU
3298.5,2368.75,0,TU
2664.5,2370.25,0,TU
2760.5,2370.75,0,TU
3805.5,2372.25,0,TU
3642.5,2372.75,0,TU
3963.5,2373.25,0,TU
4129.5,2377.25,0,TU
3361,2377.75,0,TU
4153.5,2380.25,0,TU
4099.5,2382.75,0,TU
2653,2384.75,0,TU
3307,2386.25,0,TU
3617,2386.75,0,TU
3583.5,2387.25,0,TU
3083.5,2388.25,0,TU
3831,2388.25,0,TU
3509,2389.75,0,TU
3207,2390.25,0,TU
3372.5,2390.75,0,TU
4125,2391.25,0,TU
3402.5,2392.75,0,TU
3532,2396.25,0,TU
3016.5,2397.75,0,TU
3233,2398.25,0,TU
3099,2398.25,0,TU
3388.5,2399.75,0,TU
2718,2400.75,0,TU
4078,2403.25,0,TU
2633,2403.25,0,TU
3328,2403.25,0,TU
2995,2404.25,0,TU
4111.5,2404.75,0,TU
2973,2405.25,0,TU
3619.5,2405.25,0,TU
4094,2405.25,0,TU
2951.5,2405.75,0,TU
3476,2408.25,0,TU
2677,2408.75,0,TU
3035,2409.25,0,TU
3586.5,2411.75,0,TU
3894.5,2412.25,0,TU
2660.5,2412.25,0,TU
3507.5,2413.75,0,TU
3459,2413.75,0,TU
4118,2416.75,0,TU
3878.5,2416.75,0,TU
3858,2416.75,0,TU
2750,2420.75,0,TU
2768.5,2421.25,0,TU
3246,2423.75,0,TU
3293.5,2425.25,0,TU
4104.5,2426.75,0,TU
3617.5,2427.75,0,TU
3425,2427.75,0,TU
2723,2428.75,0,TU
4122.5,2428.75,0,TU
3952,2429.75,0,TU
3595.5,2432.25,0,TU
3454,2432.75,0,TU
3887.5,2433.25,0,TU
4072.5,2436.25,0,TU
3919.5,2436.75,0,TU
3860,2437.25,0,TU
3269.5,2437.75,0,TU
3554.5,2437.75,0,TU
4096,2438.25,0,TU
3234.5,2439.25,0,TU
3955.5,2442.25,0,TU
3531.5,2442.75,0,TU
2965.5,2443.25,0,TU
3110.5,2443.75,0,TU
2987.5,2445.25,0,TU
3573,2447.25,0,TU
3927.5,2449.25,0,TU
3076,2449.75,0,TU
3944.5,2450.25,0,TU
3020.5,2451.25,0,TU
3502,2451.75,0,TU
3603,2454.25,0,TU
4067.5,2454.75,0,TU
4085,2456.75,0,TU
3913.5,2459.25,0,TU
3431,2460.75,0,TU
3407,2465.75,0,TU
3572,2468.75,0,TU
3252.5,2469.75,0,TU
3115,2471.75,0,TU
3606.5,2480.25,0,TU
2772,2480.75,0,TU
3540,2481.25,0,TU
3027,2482.75,0,TU
3448,2483.75,0,TU
3092.5,2483.75,0,TU
2748,2487.75,0,TU
3424,2491.75,0,TU
2759,2497.25,0,TU
2777,2498.75,0,TU
3169,2499.75,0,TU
3409.5,2503.25,0,TU
3091.5,2504.25,0,TU
3334.5,2508.25,0,TU
3359.5,2509.75,0,TU
3115.5,2510.25,0,TU
3382,2511.25,0,TU
3507.5,2511.75,0,TU
3580,2512.25,0,TU
3428.5,2512.75,0,TU
3447,2513.25,0,TU
3461.5,2514.75,0,TU
3219,2516.75,0,TU
3085,2518.75,0,TU
3048,2518.75,0,TU
3490.5,2522.75,0,TU
3033.5,2528.25,0,TU
3106,2528.75,0,TU
3183.5,2528.75,0,TU
3350,2529.25,0,TU
3160,2529.25,0,TU
3196,2529.75,0,TU
3579.5,2531.25,0,TU
3264.5,2532.25,0,TU
3328,2534.25,0,TU
3079.5,2536.75,0,TU
3142,2536.75,0,TU
3443,2536.75,0,TU
3408.5,2537.75,0,TU
3485,2540.75,0,TU
3343.5,2541.75,0,TU
3369,2542.25,0,TU
3212,2543.25,0,TU
3473,2544.75,0,TU
3453.5,2546.75,0,TU
3137.5,2548.25,0,TU
3317,2548.75,0,TU
3254,2554.25,0,TU
3398.5,2554.25,0,TU
3339.5,2557.25,0,TU
3136.5,2562.25,0,TU
3293.5,2563.25,0,TU
3388.5,2563.25,0,TU
3456.5,2563.75,0,TU
3086.5,2565.25,0,TU
3171.5,2567.75,0,TU
3545,2568.25,0,TU
3014,2569.25,0,TU
3041,2573.25,0,TU
3386,2576.75,0,TU
3210,2577.75,0,TU
3190.5,2581.25,0,TU
3455,2582.75,0,TU
3124,2583.25,0,TU
3411,2584.75,0,TU
3475,2585.75,0,TU
3274,2586.25,0,TU
3238,2587.75,0,TU
3439.5,2588.75,0,TU
3549,2592.25,0,TU
3031,2594.25,0,TU
3048,2595.75,0,TU
3397.5,2596.75,0,TU
4143.5,2598.25,0,TU
4098,2599.25,0,TU
3558.5,2599.75,0,TU
3132,2600.25,0,TU
3457.5,2600.75,0,TU
3533.5,2601.75,0,TU
3158.5,2602.25,0,TU
3504.5,2602.25,0,TU
3487,2602.75,0,TU
3210,2603.25,0,TU
3472.5,2604.75,0,TU
3261.5,2607.25,0,TU
3111,2609.25,0,TU
4133,2612.75,0,TU
3287,2613.75,0,TU
3403,2616.75,0,TU
3421,2616.75,0,TU
4054.5,2618.75,0,TU
3500.5,2618.75,0,TU
3454.5,2622.25,0,TU
4146,2622.75,0,TU
3477.5,2623.25,0,TU
3437,2626.75,0,TU
3206,2626.75,0,TU
3310.5,2627.75,0,TU
3259,2627.75,0,TU
3335,2629.75,0,TU
3156.5,2629.75,0,TU
3372,2633.25,0,TU
3351.5,2633.25,0,TU
3546.5,2635.75,0,TU
4122.5,2636.25,0,TU
3105,2637.25,0,TU
3191,2638.25,0,TU
3245.5,2638.25,0,TU
4057.5,2644.75,0,TU
3302,2645.75,0,TU
4156.5,2646.75,0,TU
3322,2647.25,0,TU
3429,2651.75,0,TU
3288.5,2652.25,0,TU
3347,2652.75,0,TU
3491,2653.25,0,TU
3233,2655.75,0,TU
4131.5,2656.75,0,TU
3533.5,2658.25,0,TU
4036.5,2658.25,0,TU
3197,2661.25,0,TU
3252,2661.75,0,TU
3569,2662.75,0,TU
4144.5,2664.75,0,TU
3265.5,2665.75,0,TU
3316.5,2667.75,0,TU
3286.5,2674.25,0,TU
3406,2674.25,0,TU
4046,2674.75,0,TU
4076.5,2678.25,0,TU
3429,2678.75,0,TU
4057,2679.25,0,TU
3517.5,2679.25,0,TU
3569.5,2679.75,0,TU
4141.5,2685.25,0,TU
3303,2685.25,0,TU
4020,2686.25,0,TU
3377.5,2687.25,0,TU
3503,2688.25,0,TU
3218,2688.25,0,TU
3331,2688.25,0,TU
3438.5,2690.75,0,TU
3488.5,2691.25,0,TU
3410.5,2696.25,0,TU
4032,2697.75,0,TU
3513.5,2701.75,0,TU
3318,2702.25,0,TU
3556.5,2703.25,0,TU
3474,2705.25,0,TU
3285,2707.25,0,TU
3440,2709.25,0,TU
4105.5,2709.25,0,TU
3343,2720.25,0,TU
4086.5,2723.75,0,TU
3522,2726.25,0,TU
3542.5,2727.75,0,TU
3432.5,2727.75,0,TU
3322.5,2734.75,0,TU
3418,2736.75,0,TU
3301.5,2737.25,0,TU
3448.5,2740.25,0,TU
3279.5,2745.75,0,TU
3524,2750.25,0,TU
3460,2754.75,0,TU
3411.5,2758.75,0,TU
3307.5,2763.25,0,TU
3384.5,2765.25,0,TU
3984,2767.25,0,TU
3504,2772.25,0,TU
4001.5,2772.25,0,TU
3458.5,2777.25,0,TU
3445,2777.75,0,TU
4023,2780.25,0,TU
3476.5,2780.75,0,TU
3342.5,2781.75,0,TU
3491.5,2781.75,0,TU
3416.5,2783.25,0,TU
3381,2786.75,0,TU
3513.5,2788.75,0,TU
4030,2790.75,0,TU
3321.5,2792.25,0,TU
3948.5,2792.75,0,TU
3363,2794.75,0,TU
3475.5,2796.25,0,TU
3503.5,2797.75,0,TU
3493,2798.75,0,TU
3347,2805.75,0,TU
3954.5,2806.25,0,TU
3523,2811.75,0,TU
3464,2814.25,0,TU
3336.5,2816.75,0,TU
3433.5,2819.25,0,TU
3507.5,2821.25,0,TU
3901.5,2824.25,0,TU
3489,2824.75,0,TU
3417.5,2825.25,0,TU
3995.5,2827.25,0,TU
3590.5,2829.75,0,TU
3467.5,2835.25,0,TU
3879,2837.25,0,TU
3621.5,2837.75,0,TU
3582.5,2846.25,0,TU
3632.5,2847.75,0,TU
3913,2850.75,0,TU
3516,2853.75,0,TU
3489.5,2854.25,0,TU
3602,2860.75,0,TU
3623.5,2862.25,0,TU
3585.5,2862.25,0,TU
3646.5,2864.25,0,TU
3488.5,2869.75,0,TU
3553.5,2871.25,0,TU
3614,2871.75,0,TU
3598.5,2876.25,0,TU
3511,2876.75,0,TU
3582,2878.25,0,TU
3638,2881.75,0,TU
3531.5,2883.25,0,TU
3617.5,2891.75,0,TU
3593.5,2892.75,0,TU
3642,2903.25,0,TU
3543,2904.25,0,TU
3596,2913.25,0,TU
3615.5,2916.25,0,TU
3634,2940.25,0,TU
3763.5,2942.75,0,TU
3593,2943.25,0,TU
3613.5,2944.75,0,TU
3641,2949.75,0,TU
3674.5,2955.75,0,TU
3749,2960.25,0,TU
3702.5,2982.75,0,TU
3681.5,2987.25,0,TU
-3656.5,-2744.25,0,Mph_TU
-3470.5,-2727.75,0,Mph_TU
-3490,-2717.75,0,Mph_TU
-3481,-2704.75,0,Mph_TU
-3461,-2711.75,0,Mph_TU
-3689.5,-2705.75,0,Mph_TU
-3558.5,-2687.25,0,Mph_TU
-3648.5,-2677.75,0,Mph_TU
-3686,-2645.75,0,Mph_TU
-3634.5,-2637.75,0,Mph_TU
-3654.5,-2584.25,0,Mph_TU
-3623,-2569.75,0,Mph_TU
-3648,-2562.75,0,Mph_TU
-3636,-2552.25,0,Mph_TU
-3619,-2544.25,0,Mph_TU
-3675.5,-2527.75,0,Mph_TU
-3601.5,-2529.75,0,Mph_TU
-3441.5,-2500.75,0,Mph_TU
-3597.5,-2506.25,0,Mph_TU
-3655.5,-2496.75,0,Mph_TU
-3390,-2495.25,0,Mph_TU
-3610,-2477.75,0,Mph_TU
-3549,-2472.75,0,Mph_TU
-3359.5,-2479.25,0,Mph_TU
-3422.5,-2467.25,0,Mph_TU
-3623,-2460.25,0,Mph_TU
-3334,-2470.25,0,Mph_TU
-3322,-2463.75,0,Mph_TU
-3664.5,-2451.75,0,Mph_TU
-3310.5,-2457.75,0,Mph_TU
-3418.5,-2451.75,0,Mph_TU
-3881,-2767.75,0,Mph_TU
-3909,-2755.75,0,Mph_TU
-3922.5,-2735.75,0,Mph_TU
-3857,-2731.75,0,Mph_TU
-3862.5,-2709.75,0,Mph_TU
-3717.5,-2703.75,0,Mph_TU
-3996.5,-2691.75,0,Mph_TU
-3699,-2683.75,0,Mph_TU
-3702,-2587.75,0,Mph_TU
-3974.5,-2588.75,0,Mph_TU
-3882.5,-2568.75,0,Mph_TU
-3855,-2572.75,0,Mph_TU
-3849,-2550.25,0,Mph_TU
-3882,-2537.25,0,Mph_TU
-3954,-2530.25,0,Mph_TU
-3921,-2541.25,0,Mph_TU
-3847,-2524.75,0,Mph_TU
-3829.5,-2517.75,0,Mph_TU
-3921,-2524.75,0,Mph_TU
-3785.5,-2510.25,0,Mph_TU
-3921,-2498.25,0,Mph_TU
-3964.5,-2504.75,0,Mph_TU
-3865,-2478.75,0,Mph_TU
-3936,-2470.75,0,Mph_TU
-3891,-2472.25,0,Mph_TU
-3910.5,-2456.75,0,Mph_TU
-3874,-2456.25,0,Mph_TU
-3854.5,-2454.25,0,Mph_TU
-3890.5,-2449.25,0,Mph_TU
-3874.5,-2450.25,0,Mph_TU
-3856,-2450.75,0,Mph_TU
-3940,-2442.25,0,Mph_TU
-3835,-2443.75,0,Mph_TU
-3841,-2418.25,0,Mph_TU
-3803.5,-2407.25,0,Mph_TU
-3784.5,-2404.25,0,Mph_TU
-3954.5,-2412.25,0,Mph_TU
-3978,-2402.25,0,Mph_TU
-3985.5,-2374.75,0,Mph_TU
-3764,-2320.75,0,Mph_TU
-3716.5,-2330.75,0,Mph_TU
-3999.5,-2310.25,0,Mph_TU
-3763.5,-2254.75,0,Mph_TU
-4038,-2243.75,0,Mph_TU
-2810,-2110.75,0,Mph_TU
-2798.5,-2084.75,0,Mph_TU
-2821,-2032.75,0,Mph_TU
-2829,-2014.25,0,Mph_TU
-2657,-1993.25,0,Mph_TU
-2747,-1992.75,0,Mph_TU
-2766,-1967.25,0,Mph_TU
-2671.5,-1958.75,0,Mph_TU
-2720.5,-1956.25,0,Mph_TU
-2851.5,-1946.25,0,Mph_TU
-2692,-1927.75,0,Mph_TU
-2798.5,-1936.25,0,Mph_TU
-2742,-1904.25,0,Mph_TU
-2663.5,-1922.25,0,Mph_TU
-2659,-1916.25,0,Mph_TU
-2775,-1914.75,0,Mph_TU
-2625,-1900.75,0,Mph_TU
-2854,-1907.25,0,Mph_TU
-2803.5,-1887.75,0,Mph_TU
-2580,-1882.75,0,Mph_TU
-2788,-1881.25,0,Mph_TU
-2676,-1883.75,0,Mph_TU
-2539.5,-1856.75,0,Mph_TU
-2411,-1864.75,0,Mph_TU
-2688,-1855.25,0,Mph_TU
-2656.5,-1859.25,0,Mph_TU
-2410,-1852.75,0,Mph_TU
-2587.5,-1836.25,0,Mph_TU
-2665.5,-1831.75,0,Mph_TU
-2401.5,-1836.25,0,Mph_TU
-2654.5,-1821.25,0,Mph_TU
-2879,-1816.75,0,Mph_TU
-2760,-1818.25,0,Mph_TU
-2777,-1803.75,0,Mph_TU
-2634,-1802.25,0,Mph_TU
-2437.5,-1791.25,0,Mph_TU
-2381.5,-1794.25,0,Mph_TU
-2563,-1799.25,0,Mph_TU
-2668,-1791.25,0,Mph_TU
-2416.5,-1784.75,0,Mph_TU
-2540,-1790.75,0,Mph_TU
-2791,-1779.75,0,Mph_TU
-2644.5,-1781.75,0,Mph_TU
-2862.5,-1779.25,0,Mph_TU
-2829,-1775.75,0,Mph_TU
-2736,-1774.25,0,Mph_TU
-2645,-1755.75,0,Mph_TU
-2557.5,-1761.75,0,Mph_TU
-2292,-1751.25,0,Mph_TU
-2433.5,-1744.75,0,Mph_TU
-2322,-1743.75,0,Mph_TU
-2859.5,-1730.25,0,Mph_TU
-2301,-1723.75,0,Mph_TU
-2508.5,-1724.75,0,Mph_TU
-2423.5,-1722.25,0,Mph_TU
-2337.5,-1714.75,0,Mph_TU
-2518.5,-1710.75,0,Mph_TU
-2739,-1698.75,0,Mph_TU
-2845,-1697.75,0,Mph_TU
-2280.5,-1695.75,0,Mph_TU
-2386.5,-1686.75,0,Mph_TU
-2853,-1675.75,0,Mph_TU
-2715.5,-1676.25,0,Mph_TU
-2382.5,-1662.75,0,Mph_TU
-2343,-1655.75,0,Mph_TU
-3796,-1378.75,0,Mph_TU
-3848,-1362.75,0,Mph_TU
-3717.5,-1356.25,0,Mph_TU
-3735.5,-1358.25,0,Mph_TU
-1272.5,-1278.75,0,Mph_TU
-1257.5,-1255.25,0,Mph_TU
-1252.5,-1224.25,0,Mph_TU
-1275.5,-1201.25,0,Mph_TU
-1202,-1198.75,0,Mph_TU
-1077,-1202.75,0,Mph_TU
-1048.5,-1178.25,0,Mph_TU
-1075,-1184.75,0,Mph_TU
-1236.5,-1173.75,0,Mph_TU
-1075.5,-1159.75,0,Mph_TU
-1101,-1167.25,0,Mph_TU
-1228.5,-1155.75,0,Mph_TU
-1194.5,-1143.75,0,Mph_TU
-1137,-1129.75,0,Mph_TU
-1156,-1132.75,0,Mph_TU
-1184,-1124.25,0,Mph_TU
-1189.5,-1102.75,0,Mph_TU
-1172,-1092.75,0,Mph_TU
-1267,-1091.75,0,Mph_TU
-1199,-1055.75,0,Mph_TU
-1013.5,-1044.75,0,Mph_TU
-1250,-1037.25,0,Mph_TU
-1201,-1020.75,0,Mph_TU
-1175.5,-1019.25,0,Mph_TU
-1247,-1009.75,0,Mph_TU
-1155,-981.25,0,Mph_TU
-1229.5,-978.75,0,Mph_TU
-1031,-975.25,0,Mph_TU
-828,-942.25,0,Mph_TU
-840.5,-912.25,0,Mph_TU
-665.5,-894.75,0,Mph_TU
-1237.5,-893.25,0,Mph_TU
-644.5,-901.25,0,Mph_TU
-875.5,-892.25,0,Mph_TU
-850.5,-886.75,0,Mph_TU
-649.5,-876.25,0,Mph_TU
-852,-853.25,0,Mph_TU
-711,-866.25,0,Mph_TU
-3066,-847.75,0,Mph_TU
-3126,-830.25,0,Mph_TU
-3075,-823.25,0,Mph_TU
-3059,-819.75,0,Mph_TU
-3035,-830.25,0,Mph_TU
-3668,-2449.25,0,Mph_TU
-3309,-2450.75,0,Mph_TU
-3416.5,-2446.25,0,Mph_TU
-3341.5,-2449.75,0,Mph_TU
-3237,-2434.75,0,Mph_TU
-3214,-2420.25,0,Mph_TU
-3448.5,-2413.25,0,Mph_TU
-3329.5,-2410.25,0,Mph_TU
-3421.5,-2420.75,0,Mph_TU
-3528,-2402.75,0,Mph_TU
-3201,-2408.75,0,Mph_TU
-3226.5,-2400.25,0,Mph_TU
-3443.5,-2383.75,0,Mph_TU
-3350,-2392.75,0,Mph_TU
-3302,-2393.75,0,Mph_TU
-3251.5,-2380.25,0,Mph_TU
-3320,-2386.25,0,Mph_TU
-3285,-2370.25,0,Mph_TU
-3210,-2357.75,0,Mph_TU
-3497.5,-2362.25,0,Mph_TU
-3388,-2352.75,0,Mph_TU
-3340,-2345.75,0,Mph_TU
-3536,-2351.25,0,Mph_TU
-3479.5,-2340.25,0,Mph_TU
-3220.5,-2345.75,0,Mph_TU
-3372.5,-2334.25,0,Mph_TU
-3314,-2338.75,0,Mph_TU
-3151,-2341.25,0,Mph_TU
-3649.5,-2331.75,0,Mph_TU
-3133.5,-2324.25,0,Mph_TU
-3427.5,-2328.75,0,Mph_TU
-3108.5,-2319.75,0,Mph_TU
-3312,-2314.25,0,Mph_TU
-3374,-2298.75,0,Mph_TU
-3104.5,-2298.25,0,Mph_TU
-3081.5,-2289.25,0,Mph_TU
-3140,-2286.75,0,Mph_TU
-3054.5,-2266.25,0,Mph_TU
-3402,-2250.25,0,Mph_TU
-3064.5,-2256.25,0,Mph_TU
-3045,-2245.75,0,Mph_TU
-3343.5,-2241.75,0,Mph_TU
-3301,-2232.25,0,Mph_TU
-3680.5,-2225.25,0,Mph_TU
-3104,-2205.25,0,Mph_TU
-3076,-2201.75,0,Mph_TU
-3335,-2185.75,0,Mph_TU
-3082.5,-2171.25,0,Mph_TU
-3321,-2181.25,0,Mph_TU
-3331.5,-2152.25,0,Mph_TU
-3286.5,-2156.25,0,Mph_TU
-3266,-2135.75,0,Mph_TU
-3011,-2125.75,0,Mph_TU
-3047,-2105.25,0,Mph_TU
-3058,-2084.75,0,Mph_TU
-3352,-2078.75,0,Mph_TU
-3075,-2051.75,0,Mph_TU
-3329.5,-2045.25,0,Mph_TU
-3049.5,-2035.25,0,Mph_TU
-2971,-2047.25,0,Mph_TU
-3547,-2050.25,0,Mph_TU
-3302,-2039.75,0,Mph_TU
-3024.5,-2030.25,0,Mph_TU
-3534.5,-2033.25,0,Mph_TU
-3479.5,-2043.25,0,Mph_TU
-3159,-2013.75,0,Mph_TU
-3328,-2009.75,0,Mph_TU
-3009,-2021.75,0,Mph_TU
-3544.5,-2014.25,0,Mph_TU
-2913.5,-2012.25,0,Mph_TU
-3386.5,-2000.25,0,Mph_TU
-3121.5,-2002.75,0,Mph_TU
-2993,-1993.75,0,Mph_TU
-3139,-1984.25,0,Mph_TU
-3294,-1986.75,0,Mph_TU
-3106.5,-1990.75,0,Mph_TU
-3404.5,-1983.75,0,Mph_TU
-3024.5,-1992.25,0,Mph_TU
-3027,-1965.75,0,Mph_TU
-3189,-1965.75,0,Mph_TU
-3277.5,-1961.25,0,Mph_TU
-3357.5,-1945.75,0,Mph_TU
-3186.5,-1920.25,0,Mph_TU
-3084,-1888.75,0,Mph_TU
-3048,-1867.25,0,Mph_TU
-2919,-1874.75,0,Mph_TU
-2920,-1844.75,0,Mph_TU
-2957,-1839.25,0,Mph_TU
-2911,-1827.75,0,Mph_TU
-2947.5,-1821.25,0,Mph_TU
-2897,-1812.75,0,Mph_TU
-2933.5,-1805.25,0,Mph_TU
-2908,-1798.25,0,Mph_TU
-3152,-1781.25,0,Mph_TU
-3137,-1750.25,0,Mph_TU
-2928.5,-1741.75,0,Mph_TU
-2929,-1714.75,0,Mph_TU
-3026,-1723.25,0,Mph_TU
-2984.5,-1714.25,0,Mph_TU
-3053,-1709.75,0,Mph_TU
-2921,-1700.25,0,Mph_TU
-3008,-1677.25,0,Mph_TU
378.5,-213.75,0,Mph_TU
761,-180.75,0,Mph_TU
329,-183.75,0,Mph_TU
730,-168.25,0,Mph_TU
315,-152.25,0,Mph_TU
746,-159.75,0,Mph_TU
723,-148.75,0,Mph_TU
365.5,-149.75,0,Mph_TU
332.5,-141.25,0,Mph_TU
383,-114.25,0,Mph_TU
350,-122.75,0,Mph_TU
326,-107.75,0,Mph_TU
347,-100.75,0,Mph_TU
372.5,-102.75,0,Mph_TU
385.5,-86.25,0,Mph_TU
850,-82.25,0,Mph_TU
656.5,-72.75,0,Mph_TU
637,-55.25,0,Mph_TU
317,-53.25,0,Mph_TU
347.5,-54.25,0,Mph_TU
-2767.5,-843.75,0,Mph_TU
-2773.5,-821.75,0,Mph_TU
-2705.5,-808.75,0,Mph_TU
-2773.5,-784.75,0,Mph_TU
-2394,-737.75,0,Mph_TU
-2656,-716.75,0,Mph_TU
-2763,-678.75,0,Mph_TU
-2628.5,-663.25,0,Mph_TU
-2777.5,-653.25,0,Mph_TU
-2730,-656.75,0,Mph_TU
-2700.5,-645.25,0,Mph_TU
-2661.5,-641.75,0,Mph_TU
-2562,-615.75,0,Mph_TU
-2591,-623.75,0,Mph_TU
-2616,-618.25,0,Mph_TU
-2635.5,-623.75,0,Mph_TU
-2171.5,-597.75,0,Mph_TU
-2119,-561.75,0,Mph_TU
-2101,-553.75,0,Mph_TU
-2264.5,-473.75,0,Mph_TU
-2235.5,-415.25,0,Mph_TU
-2221.5,-400.25,0,Mph_TU
-2199.5,-398.75,0,Mph_TU
-2236.5,-382.25,0,Mph_TU
-2088.5,-1636.75,0,Mph_TU
-2090.5,-1609.25,0,Mph_TU
-1873.5,-1582.25,0,Mph_TU
-2067.5,-1570.25,0,Mph_TU
-1820,-1532.25,0,Mph_TU
-2078,-1537.75,0,Mph_TU
-2091,-1526.25,0,Mph_TU
-1809.5,-1513.75,0,Mph_TU
-1779,-1517.25,0,Mph_TU
-1791,-1492.25,0,Mph_TU
-2087.5,-1492.25,0,Mph_TU
-1720.5,-1490.25,0,Mph_TU
-1686,-1479.25,0,Mph_TU
-1714,-1465.75,0,Mph_TU
-1760.5,-1462.25,0,Mph_TU
-1700.5,-1448.75,0,Mph_TU
-1787,-1456.25,0,Mph_TU
-1726,-1437.75,0,Mph_TU
-1760,-1432.75,0,Mph_TU
-1580,-1425.25,0,Mph_TU
-1777.5,-1421.25,0,Mph_TU
-1700.5,-1417.25,0,Mph_TU
-1617,-1412.25,0,Mph_TU
-1723.5,-1403.75,0,Mph_TU
-1745.5,-1402.75,0,Mph_TU
-1641,-1400.25,0,Mph_TU
-1615,-1397.75,0,Mph_TU
-1563,-1392.75,0,Mph_TU
-1536.5,-1386.75,0,Mph_TU
-1746,-1383.25,0,Mph_TU
-1469.5,-1376.75,0,Mph_TU
-1576,-1371.75,0,Mph_TU
-1724,-1376.25,0,Mph_TU
-1332.5,-1366.75,0,Mph_TU
-1688.5,-1376.25,0,Mph_TU
-1350.5,-1365.75,0,Mph_TU
-1890.5,-1365.75,0,Mph_TU
-1479,-1358.25,0,Mph_TU
-1560.5,-1351.75,0,Mph_TU
-1457,-1349.75,0,Mph_TU
-1313,-1350.25,0,Mph_TU
-1525,-1345.25,0,Mph_TU
-1339,-1346.75,0,Mph_TU
-1323.5,-1343.75,0,Mph_TU
-1402.5,-1344.25,0,Mph_TU
-1393,-1319.75,0,Mph_TU
-1476,-1312.75,0,Mph_TU
-1634.5,-1297.25,0,Mph_TU
-1373.5,-1297.25,0,Mph_TU
-1302.5,-1278.75,0,Mph_TU
-1401.5,-1285.25,0,Mph_TU
-1362,-1269.75,0,Mph_TU
-2042.5,-1271.75,0,Mph_TU
-1610.5,-1267.25,0,Mph_TU
-2063,-1260.25,0,Mph_TU
-1633.5,-1261.75,0,Mph_TU
-1376,-1249.25,0,Mph_TU
-2042.5,-1252.75,0,Mph_TU
-1633.5,-1243.25,0,Mph_TU
-1611,-1244.75,0,Mph_TU
-1461,-1244.25,0,Mph_TU
-1357,-1237.25,0,Mph_TU
-2028.5,-1231.25,0,Mph_TU
-1559.5,-1229.75,0,Mph_TU
-1625,-1221.25,0,Mph_TU
-1522,-1217.75,0,Mph_TU
-1573,-1225.75,0,Mph_TU
-1447,-1225.25,0,Mph_TU
-1750,-1210.75,0,Mph_TU
-1571.5,-1206.75,0,Mph_TU
-1593.5,-1207.75,0,Mph_TU
-2002.5,-1208.25,0,Mph_TU
-1469,-1202.75,0,Mph_TU
-1617,-1199.25,0,Mph_TU
-2018.5,-1199.75,0,Mph_TU
-1579,-1194.25,0,Mph_TU
-1296,-1191.75,0,Mph_TU
-1665,-1188.25,0,Mph_TU
-1334.5,-1183.75,0,Mph_TU
-1637.5,-1182.25,0,Mph_TU
-1311,-1188.25,0,Mph_TU
-1381.5,-1179.25,0,Mph_TU
-1584,-1174.25,0,Mph_TU
-1492,-1172.75,0,Mph_TU
-1310,-1153.25,0,Mph_TU
-1353.5,-1151.75,0,Mph_TU
-2041.5,-1145.75,0,Mph_TU
-1577,-1141.75,0,Mph_TU
-2035,-1130.75,0,Mph_TU
-1633.5,-1121.25,0,Mph_TU
-1521,-1128.75,0,Mph_TU
-1348.5,-1122.75,0,Mph_TU
-1403,-1123.25,0,Mph_TU
-1781,-1103.75,0,Mph_TU
-1594,-1102.75,0,Mph_TU
-1398,-1091.75,0,Mph_TU
-1764,-1095.75,0,Mph_TU
-1745.5,-1096.25,0,Mph_TU
-1616,-1074.75,0,Mph_TU
-1742,-1061.75,0,Mph_TU
-1297.5,-1057.75,0,Mph_TU
-1346,-1047.75,0,Mph_TU
-1745.5,-1041.25,0,Mph_TU
-2009.5,-1019.25,0,Mph_TU
-1975.5,-1019.75,0,Mph_TU
-1436.5,-1010.75,0,Mph_TU
-1951.5,-991.25,0,Mph_TU
-1613,-1002.25,0,Mph_TU
-1447.5,-984.75,0,Mph_TU
-1705,-961.25,0,Mph_TU
-1354,-951.25,0,Mph_TU
-1388.5,-941.25,0,Mph_TU
-1870,-942.25,0,Mph_TU
-1747,-927.75,0,Mph_TU
-1405.5,-932.25,0,Mph_TU
-1722,-910.25,0,Mph_TU
-1413,-917.75,0,Mph_TU
-2078,-915.25,0,Mph_TU
-1671,-901.75,0,Mph_TU
-1453,-866.25,0,Mph_TU
-469,-741.75,0,Mph_TU
-449.5,-721.75,0,Mph_TU
-474,-729.75,0,Mph_TU
-475.5,-714.75,0,Mph_TU
-462,-702.25,0,Mph_TU
-452,-690.25,0,Mph_TU
-403,-674.25,0,Mph_TU
-430,-679.25,0,Mph_TU
-435,-663.25,0,Mph_TU
-404.5,-641.75,0,Mph_TU
-385,-621.25,0,Mph_TU
-491.5,-590.25,0,Mph_TU
-473,-571.75,0,Mph_TU
-381,-569.25,0,Mph_TU
-402,-491.25,0,Mph_TU
-374.5,-487.25,0,Mph_TU
-388.5,-490.25,0,Mph_TU
-326.5,-488.25,0,Mph_TU
-299,-474.25,0,Mph_TU
-405.5,-466.75,0,Mph_TU
-362.5,-470.75,0,Mph_TU
-315.5,-467.25,0,Mph_TU
-287.5,-462.25,0,Mph_TU
-450.5,-454.75,0,Mph_TU
-272.5,-452.75,0,Mph_TU
-402,-450.25,0,Mph_TU
-342,-432.25,0,Mph_TU
-305.5,-445.75,0,Mph_TU
-321.5,-436.75,0,Mph_TU
-440.5,-439.25,0,Mph_TU
-306.5,-424.75,0,Mph_TU
-289,-423.25,0,Mph_TU
-263.5,-416.25,0,Mph_TU
-368,-412.25,0,Mph_TU
-345.5,-394.25,0,Mph_TU
-465,-403.75,0,Mph_TU
-412.5,-388.25,0,Mph_TU
-372,-376.75,0,Mph_TU
-398,-368.75,0,Mph_TU
-418.5,-324.25,0,Mph_TU
-222.5,-330.75,0,Mph_TU
-367.5,-322.25,0,Mph_TU
-277.5,-325.75,0,Mph_TU
-265,-310.75,0,Mph_TU
-27.5,-296.75,0,Mph_TU
-7.5,-291.25,0,Mph_TU
-192,-300.75,0,Mph_TU
-254.5,-281.25,0,Mph_TU
-384.5,-281.25,0,Mph_TU
-412.5,-282.75,0,Mph_TU
-260,-262.25,0,Mph_TU
-359.5,-270.75,0,Mph_TU
-69,-261.75,0,Mph_TU
-227,-252.75,0,Mph_TU
-416.5,-258.25,0,Mph_TU
61,-244.25,0,Mph_TU
-69,-242.25,0,Mph_TU
32.5,-238.75,0,Mph_TU
88,-237.25,0,Mph_TU
-67,-217.25,0,Mph_TU
299.5,-224.75,0,Mph_TU
-105,-223.75,0,Mph_TU
-261.5,-215.75,0,Mph_TU
280.5,-210.75,0,Mph_TU
-373.5,-205.75,0,Mph_TU
247,-205.75,0,Mph_TU
-268,-190.25,0,Mph_TU
35,-188.75,0,Mph_TU
-93.5,-192.25,0,Mph_TU
287.5,-186.75,0,Mph_TU
-260.5,-161.25,0,Mph_TU
307,-165.75,0,Mph_TU
9,-162.75,0,Mph_TU
-93,-161.75,0,Mph_TU
286.5,-155.25,0,Mph_TU
-62.5,-156.75,0,Mph_TU
-463.5,-150.75,0,Mph_TU
-443.5,-151.75,0,Mph_TU
-358,-141.25,0,Mph_TU
-202,-133.25,0,Mph_TU
-475.5,-137.25,0,Mph_TU
-99,-136.25,0,Mph_TU
-67.5,-134.25,0,Mph_TU
-438.5,-134.75,0,Mph_TU
-46,-124.25,0,Mph_TU
-294,-125.25,0,Mph_TU
128,-122.25,0,Mph_TU
-431.5,-116.25,0,Mph_TU
-345.5,-110.75,0,Mph_TU
198.5,-98.25,0,Mph_TU
89,-98.75,0,Mph_TU
-433,-87.25,0,Mph_TU
-391.5,-78.25,0,Mph_TU
280,-72.25,0,Mph_TU
-382.5,-56.75,0,Mph_TU
-16,-59.75,0,Mph_TU
-3339.5,-1628.25,0,Mph_TU
-2898.5,-1629.25,0,Mph_TU
-3323.5,-1622.75,0,Mph_TU
-3054,-1605.75,0,Mph_TU
-2983,-1554.75,0,Mph_TU
-2903,-1549.75,0,Mph_TU
-3390.5,-1533.75,0,Mph_TU
-3592,-1439.25,0,Mph_TU
-3685.5,-1440.25,0,Mph_TU
-3090.5,-1428.75,0,Mph_TU
-3559,-1415.75,0,Mph_TU
-3526.5,-1411.25,0,Mph_TU
-3564.5,-1388.25,0,Mph_TU
-3322.5,-1364.25,0,Mph_TU
-3124.5,-1334.25,0,Mph_TU
-3110.5,-1315.75,0,Mph_TU
-3092.5,-1294.75,0,Mph_TU
-3657.5,-1272.25,0,Mph_TU
-3435,-1279.75,0,Mph_TU
-3621.5,-1244.25,0,Mph_TU
-3583,-1218.25,0,Mph_TU
-3523,-1220.75,0,Mph_TU
-3610.5,-1217.25,0,Mph_TU
-3558,-1212.75,0,Mph_TU
-3569,-1206.25,0,Mph_TU
-3547.5,-1201.25,0,Mph_TU
-3561,-1195.75,0,Mph_TU
-3552,-1185.75,0,Mph_TU
-2928,-1179.75,0,Mph_TU
-3442.5,-1172.25,0,Mph_TU
-3424,-1166.25,0,Mph_TU
-3444.5,-1151.25,0,Mph_TU
-3399,-1153.75,0,Mph_TU
-2997,-1135.25,0,Mph_TU
-3029.5,-1062.25,0,Mph_TU
-3300,-1018.25,0,Mph_TU
-2968,-1027.75,0,Mph_TU
-3278.5,-1014.75,0,Mph_TU
-3207.5,-924.25,0,Mph_TU
-2902,-904.25,0,Mph_TU
-3196,-907.75,0,Mph_TU
-3073.5,-902.25,0,Mph_TU
-3179,-883.25,0,Mph_TU
-2977.5,-877.25,0,Mph_TU
-2948.5,-872.75,0,Mph_TU
-3065,-872.25,0,Mph_TU
-3109,-865.75,0,Mph_TU
-1552.5,-814.25,0,Mph_TU
-1466.5,-785.75,0,Mph_TU
-1715,-733.75,0,Mph_TU
-1978.5,-626.25,0,Mph_TU
-1989.5,-589.75,0,Mph_TU
-1638,-540.25,0,Mph_TU
-1318,-517.25,0,Mph_TU
-1754,-277.25,0,Mph_TU
-2343.5,-1650.25,0,Mph_TU
-2401,-1642.75,0,Mph_TU
-2381,-1641.25,0,Mph_TU
-2870.5,-1630.75,0,Mph_TU
-2107.5,-1618.75,0,Mph_TU
-2309.5,-1618.75,0,Mph_TU
-2693,-1612.25,0,Mph_TU
-2410.5,-1613.75,0,Mph_TU
-2102,-1600.75,0,Mph_TU
-2495.5,-1586.25,0,Mph_TU
-2308.5,-1579.75,0,Mph_TU
-2281.5,-1557.25,0,Mph_TU
-2677,-1540.25,0,Mph_TU
-2157,-1515.75,0,Mph_TU
-2093.5,-1505.25,0,Mph_TU
-2638.5,-1507.25,0,Mph_TU
-2121.5,-1489.75,0,Mph_TU
-2107,-1489.25,0,Mph_TU
-2135.5,-1477.75,0,Mph_TU
-2281.5,-1482.75,0,Mph_TU
-2111,-1472.25,0,Mph_TU
-2102.5,-1439.75,0,Mph_TU
-2734.5,-1431.75,0,Mph_TU
-2132.5,-1431.25,0,Mph_TU
-2826,-1419.75,0,Mph_TU
-2113.5,-1419.75,0,Mph_TU
-2129,-1401.25,0,Mph_TU
-2120,-1360.25,0,Mph_TU
-2555.5,-1256.75,0,Mph_TU
-2523.5,-1240.25,0,Mph_TU
-2556.5,-1202.75,0,Mph_TU
-2767.5,-1067.75,0,Mph_TU
-2425,-1035.25,0,Mph_TU
-2706,-1017.75,0,Mph_TU
-2581,-889.25,0,Mph_TU
-922,-837.75,0,Mph_TU
-699.5,-802.75,0,Mph_TU
-866.5,-789.75,0,Mph_TU
-1164,-760.25,0,Mph_TU
-517,-710.25,0,Mph_TU
-594,-706.25,0,Mph_TU
-614.5,-682.25,0,Mph_TU
-587,-679.75,0,Mph_TU
-635.5,-663.25,0,Mph_TU
-554,-662.25,0,Mph_TU
-590,-651.75,0,Mph_TU
-516,-645.25,0,Mph_TU
-595,-629.75,0,Mph_TU
-635.5,-625.25,0,Mph_TU
-533.5,-609.25,0,Mph_TU
-583,-569.25,0,Mph_TU
-515,-518.75,0,Mph_TU
-533.5,-507.75,0,Mph_TU
-816,-492.25,0,Mph_TU
-780,-440.25,0,Mph_TU
-626,-409.25,0,Mph_TU
-642,-398.75,0,Mph_TU
-882.5,-391.75,0,Mph_TU
-561,-365.75,0,Mph_TU
-494.5,-341.25,0,Mph_TU
-892.5,-341.75,0,Mph_TU
-808.5,-271.75,0,Mph_TU
-510,-258.25,0,Mph_TU
-504.5,-223.25,0,Mph_TU
-965,-83.75,0,Mph_TU
-687.5,-83.25,0,Mph_TU
-1150,-64.25,0,Mph_TU
-1169,-58.75,0,Mph_TU
-642.5,-50.25,0,Mph_TU
-646,-37.25,0,Mph_TU
-1271,-20.25,0,Mph_TU
-602,27.75,0,Mph_TU
-1075.5,66.25,0,Mph_TU
-602,87.25,0,Mph_TU
-1030,176.25,0,Mph_TU
-607,371.75,0,Mph_TU
-529,393.25,0,Mph_TU
-538,465.75,0,Mph_TU
853.5,-41.75,0,Mph_TU
819.5,-26.75,0,Mph_TU
318,-28.25,0,Mph_TU
709,-31.75,0,Mph_TU
839.5,-23.75,0,Mph_TU
846,-12.25,0,Mph_TU
871.5,5.25,0,Mph_TU
762.5,4.25,0,Mph_TU
861.5,27.75,0,Mph_TU
842,18.25,0,Mph_TU
901.5,25.25,0,Mph_TU
886,47.75,0,Mph_TU
809.5,74.25,0,Mph_TU
519,69.25,0,Mph_TU
876.5,77.25,0,Mph_TU
835.5,84.25,0,Mph_TU
869.5,84.25,0,Mph_TU
528,81.75,0,Mph_TU
793.5,94.75,0,Mph_TU
862,102.75,0,Mph_TU
859,124.75,0,Mph_TU
892.5,122.75,0,Mph_TU
1101.5,134.75,0,Mph_TU
1031,142.75,0,Mph_TU
1071.5,145.75,0,Mph_TU
1099.5,165.75,0,Mph_TU
624,281.25,0,Mph_TU
1009,334.25,0,Mph_TU
973.5,350.75,0,Mph_TU
656.5,416.25,0,Mph_TU
919,430.25,0,Mph_TU
741,538.25,0,Mph_TU
720,544.75,0,Mph_TU
803.5,636.75,0,Mph_TU
720.5,686.25,0,Mph_TU
733.5,702.25,0,Mph_TU
758,710.25,0,Mph_TU
-309,-42.75,0,Mph_TU
282,39.75,0,Mph_TU
154.5,75.25,0,Mph_TU
-298,207.75,0,Mph_TU
-365.5,353.25,0,Mph_TU
286.5,463.25,0,Mph_TU
-228.5,493.75,0,Mph_TU
1161,120.25,0,Mph_TU
1142.5,161.75,0,Mph_TU
1231,164.25,0,Mph_TU
1273,185.75,0,Mph_TU
1290,203.25,0,Mph_TU
1309.5,204.75,0,Mph_TU
1390,268.75,0,Mph_TU
1335.5,399.75,0,Mph_TU
1372.5,420.25,0,Mph_TU
1352,424.25,0,Mph_TU
1329.5,431.75,0,Mph_TU
1266,429.25,0,Mph_TU
1276.5,449.25,0,Mph_TU
1360,459.25,0,Mph_TU
1284.5,469.75,0,Mph_TU
1772,471.75,0,Mph_TU
1765.5,495.25,0,Mph_TU
1298,492.75,0,Mph_TU
1314,539.75,0,Mph_TU
1459.5,559.25,0,Mph_TU
1327,557.25,0,Mph_TU
1487.5,561.25,0,Mph_TU
1276.5,562.75,0,Mph_TU
1431,581.75,0,Mph_TU
1340,585.75,0,Mph_TU
1454,590.25,0,Mph_TU
1497,589.25,0,Mph_TU
1475.5,606.75,0,Mph_TU
1440.5,624.25,0,Mph_TU
1379,621.25,0,Mph_TU
1473,633.75,0,Mph_TU
1350,644.75,0,Mph_TU
1472,648.75,0,Mph_TU
1456,660.25,0,Mph_TU
1482.5,652.75,0,Mph_TU
1369.5,657.75,0,Mph_TU
1507,657.25,0,Mph_TU
1399,670.75,0,Mph_TU
1488,679.75,0,Mph_TU
1443,679.25,0,Mph_TU
1467,687.25,0,Mph_TU
1504,686.25,0,Mph_TU
1423.5,681.25,0,Mph_TU
1513,692.75,0,Mph_TU
1423,706.25,0,Mph_TU
1406.5,709.75,0,Mph_TU
1386.5,716.25,0,Mph_TU
1436.5,715.75,0,Mph_TU
1413.5,731.75,0,Mph_TU
1465,725.25,0,Mph_TU
1404,744.25,0,Mph_TU
1428,738.75,0,Mph_TU
1874,746.25,0,Mph_TU
1949.5,583.75,0,Mph_TU
197,814.75,0,Mph_TU
220.5,813.75,0,Mph_TU
135,823.25,0,Mph_TU
158.5,836.75,0,Mph_TU
193,846.25,0,Mph_TU
176,851.25,0,Mph_TU
706,751.75,0,Mph_TU
466,882.25,0,Mph_TU
724.5,945.75,0,Mph_TU
698.5,1035.75,0,Mph_TU
577,1046.75,0,Mph_TU
597,1055.75,0,Mph_TU
606,1079.25,0,Mph_TU
1011.5,1138.75,0,Mph_TU
989,1145.25,0,Mph_TU
1402,762.75,0,Mph_TU
1403.5,785.25,0,Mph_TU
1498.5,783.25,0,Mph_TU
1403,798.25,0,Mph_TU
1481,811.75,0,Mph_TU
1502.5,819.75,0,Mph_TU
1467.5,849.25,0,Mph_TU
1904.5,838.25,0,Mph_TU
1895,857.25,0,Mph_TU
1452,872.75,0,Mph_TU
1401,875.25,0,Mph_TU
1630,881.25,0,Mph_TU
1402.5,895.75,0,Mph_TU
1488.5,900.75,0,Mph_TU
1538,924.75,0,Mph_TU
1492.5,923.25,0,Mph_TU
1444.5,940.75,0,Mph_TU
1423,958.25,0,Mph_TU
1809.5,1029.25,0,Mph_TU
1642,1080.75,0,Mph_TU
1612,1090.25,0,Mph_TU
1796,1131.25,0,Mph_TU
1837.5,1137.25,0,Mph_TU
1552.5,1339.25,0,Mph_TU
1805.5,1477.25,0,Mph_TU
2063,830.25,0,Mph_TU
2077,848.25,0,Mph_TU
1954,1053.75,0,Mph_TU
2260.5,1100.75,0,Mph_TU
2137,1108.25,0,Mph_TU
2088.5,1110.25,0,Mph_TU
2118,1124.25,0,Mph_TU
1991.5,1274.25,0,Mph_TU
2009,1288.75,0,Mph_TU
2100.5,1298.75,0,Mph_TU
2030,1334.25,0,Mph_TU
2064.5,1388.75,0,Mph_TU
2160.5,1449.25,0,Mph_TU
1802,1555.75,0,Mph_TU
1791,1570.75,0,Mph_TU
2008,1588.75,0,Mph_TU
3535.5,2531.25,0,Mph_IM
3505.5,2541.25,0,Mph_IM
3533.5,2548.25,0,Mph_IM
3425,2564.75,0,Mph_IM
3496,2559.75,0,Mph_IM
3155.5,2556.75,0,Mph_IM
3520,2568.25,0,Mph_IM
3346,2576.75,0,Mph_IM
3483,2573.25,0,Mph_IM
3127.5,2571.75,0,Mph_IM
3369,2573.75,0,Mph_IM
3149,2578.75,0,Mph_IM
3506.5,2579.25,0,Mph_IM
3104.5,2583.25,0,Mph_IM
3324,2577.75,0,Mph_IM
3175,2587.25,0,Mph_IM
3333,2599.75,0,Mph_IM
3386.5,2592.25,0,Mph_IM
3515.5,2593.75,0,Mph_IM
3377,2611.75,0,Mph_IM
3180,2605.75,0,Mph_IM
3154.5,2612.75,0,Mph_IM
3199.5,2611.75,0,Mph_IM
3346.5,2612.75,0,Mph_IM
3511,2626.25,0,Mph_IM
3527.5,2627.25,0,Mph_IM
3501,2641.25,0,Mph_IM
3218,2640.25,0,Mph_IM
3517.5,2652.25,0,Mph_IM
3448,2648.25,0,Mph_IM
3445,2658.25,0,Mph_IM
3410.5,2659.25,0,Mph_IM
3471.5,2655.25,0,Mph_IM
3216.5,2664.75,0,Mph_IM
3383,2658.25,0,Mph_IM
3347,2679.25,0,Mph_IM
3484.5,2673.75,0,Mph_IM
3460.5,2669.25,0,Mph_IM
3392.5,2681.75,0,Mph_IM
3457,2684.75,0,Mph_IM
3536,2698.75,0,Mph_IM
3498,2706.75,0,Mph_IM
3479,2727.75,0,Mph_IM
3502.5,2724.75,0,Mph_IM
3491.5,2739.25,0,Mph_IM
3501.5,2747.75,0,Mph_IM
3343.5,2756.75,0,Mph_IM
3487,2759.25,0,Mph_IM
3434,2772.75,0,Mph_IM
3463,2789.75,0,Mph_IM
3527,2834.75,0,Mph_IM
3563,2829.25,0,Mph_IM
3441.5,2829.75,0,Mph_IM
3454,2839.75,0,Mph_IM
3538,2860.75,0,Mph_IM
3568,2539.75,0,Mph_IM
4116.5,2612.75,0,Mph_IM
4094,2610.75,0,Mph_IM
4102,2632.75,0,Mph_IM
4078,2627.25,0,Mph_IM
3568,2636.25,0,Mph_IM
4087.5,2650.25,0,Mph_IM
4105,2663.25,0,Mph_IM
4078.5,2663.75,0,Mph_IM
4097.5,2674.25,0,Mph_IM
4121.5,2674.25,0,Mph_IM
4104.5,2684.25,0,Mph_IM
4126,2691.25,0,Mph_IM
4066,2706.75,0,Mph_IM
3589,2697.75,0,Mph_IM
4091.5,2698.75,0,Mph_IM
4131,2710.25,0,Mph_IM
4043,2717.75,0,Mph_IM
3924.5,2802.75,0,Mph_IM
3567,2831.25,0,Mph_IM
3921.5,2832.25,0,Mph_IM
3955,2835.75,0,Mph_IM
3604.5,2841.25,0,Mph_IM
3892.5,2845.75,0,Mph_IM
3903.5,2874.75,0,Mph_IM
3569.5,1779.25,0,Mph_IM
3575.5,1811.75,0,Mph_IM
3609,1801.25,0,Mph_IM
3645.5,1829.75,0,Mph_IM
3596,1824.25,0,Mph_IM
3631,1840.25,0,Mph_IM
3583,1841.75,0,Mph_IM
3634.5,1858.75,0,Mph_IM
3634.5,1874.25,0,Mph_IM
3615,1892.25,0,Mph_IM
3679,1888.25,0,Mph_IM
3644,1893.75,0,Mph_IM
3638,1908.75,0,Mph_IM
3662,1912.25,0,Mph_IM
3674.5,1908.25,0,Mph_IM
3691.5,1930.25,0,Mph_IM
3659,1925.25,0,Mph_IM
3654,1943.25,0,Mph_IM
3642.5,1985.25,0,Mph_IM
3675.5,1997.25,0,Mph_IM
3630.5,2014.25,0,Mph_IM
3642.5,2029.25,0,Mph_IM
3858,2130.75,0,Mph_IM
3877,2132.75,0,Mph_IM
3929,2149.25,0,Mph_IM
3983,2159.75,0,Mph_IM
3860.5,2161.75,0,Mph_IM
3640,2171.25,0,Mph_IM
3629,2177.25,0,Mph_IM
3657.5,2197.25,0,Mph_IM
3597.5,2226.75,0,Mph_IM
3823,2219.75,0,Mph_IM
3975,2226.75,0,Mph_IM
3628,2231.75,0,Mph_IM
3918.5,2227.75,0,Mph_IM
3652,2237.75,0,Mph_IM
4029.5,2233.75,0,Mph_IM
4096.5,2249.25,0,Mph_IM
4110.5,2262.75,0,Mph_IM
3626.5,2252.75,0,Mph_IM
3614,2272.25,0,Mph_IM
4062.5,2272.75,0,Mph_IM
3645,2274.25,0,Mph_IM
3673.5,2282.25,0,Mph_IM
3875,2280.75,0,Mph_IM
3864,2290.75,0,Mph_IM
3897.5,2295.75,0,Mph_IM
3881.5,2316.75,0,Mph_IM
3653,2317.25,0,Mph_IM
4125.5,2312.75,0,Mph_IM
3626,2318.25,0,Mph_IM
3669,2321.75,0,Mph_IM
3923,2320.25,0,Mph_IM
3967.5,2330.75,0,Mph_IM
3911,2346.25,0,Mph_IM
3954,2344.25,0,Mph_IM
3578.5,2343.25,0,Mph_IM
3593.5,2345.25,0,Mph_IM
3801,2358.75,0,Mph_IM
3947.5,2359.75,0,Mph_IM
3642,2358.25,0,Mph_IM
3593.5,2373.25,0,Mph_IM
3615,2369.25,0,Mph_IM
3838.5,2370.25,0,Mph_IM
3933.5,2379.25,0,Mph_IM
3821,2380.75,0,Mph_IM
3860.5,2386.75,0,Mph_IM
3898.5,2372.75,0,Mph_IM
3629,2387.25,0,Mph_IM
3872.5,2386.75,0,Mph_IM
4049.5,2388.25,0,Mph_IM
4070,2380.75,0,Mph_IM
3897.5,2392.75,0,Mph_IM
3596,2401.75,0,Mph_IM
3954.5,2400.75,0,Mph_IM
3926.5,2397.25,0,Mph_IM
3969.5,2407.75,0,Mph_IM
4061,2409.75,0,Mph_IM
3934.5,2420.75,0,Mph_IM
4079,2421.75,0,Mph_IM
3966,2426.75,0,Mph_IM
3938,2436.75,0,Mph_IM
3901,2444.25,0,Mph_IM
3586.5,2454.75,0,Mph_IM
3958.5,2460.25,0,Mph_IM
3584.5,2482.75,0,Mph_IM
3182.5,1521.75,0,Mph_IM
3185,1531.75,0,Mph_IM
3198.5,1556.25,0,Mph_IM
3369.5,1608.75,0,Mph_IM
2811.5,1619.75,0,Mph_IM
3453,1657.75,0,Mph_IM
3426.5,1661.75,0,Mph_IM
2808.5,1667.25,0,Mph_IM
2840,1662.75,0,Mph_IM
2870.5,1664.25,0,Mph_IM
3270,1660.25,0,Mph_IM
3217.5,1661.75,0,Mph_IM
2819,1681.75,0,Mph_IM
3200,1675.75,0,Mph_IM
2844,1679.25,0,Mph_IM
3215.5,1690.75,0,Mph_IM
2788.5,1704.75,0,Mph_IM
2908,1699.25,0,Mph_IM
2388,1734.75,0,Mph_IM
2754.5,1745.25,0,Mph_IM
2734.5,1752.25,0,Mph_IM
2745,1766.25,0,Mph_IM
2719,1777.75,0,Mph_IM
2729,1795.25,0,Mph_IM
2432,1826.75,0,Mph_IM
2494.5,1850.25,0,Mph_IM
2657,1854.75,0,Mph_IM
2646,1884.25,0,Mph_IM
2664,1883.75,0,Mph_IM
2628,1890.25,0,Mph_IM
2681,1913.75,0,Mph_IM
2729.5,1917.75,0,Mph_IM
2424.5,1927.25,0,Mph_IM
2639,1935.25,0,Mph_IM
2746.5,1948.25,0,Mph_IM
2706.5,2006.75,0,Mph_IM
2692.5,2028.75,0,Mph_IM
2711,2041.25,0,Mph_IM
2692.5,2047.25,0,Mph_IM
2393.5,2054.75,0,Mph_IM
2689,2057.25,0,Mph_IM
2702.5,2069.75,0,Mph_IM
2724.5,2075.75,0,Mph_IM
2416,2068.25,0,Mph_IM
2681.5,2071.75,0,Mph_IM
2406,2101.25,0,Mph_IM
2695.5,2085.25,0,Mph_IM
2430,2087.25,0,Mph_IM
2677,2086.75,0,Mph_IM
2659.5,2092.25,0,Mph_IM
2728,2097.25,0,Mph_IM
2637.5,2099.75,0,Mph_IM
2587,2102.75,0,Mph_IM
2686,2107.25,0,Mph_IM
2752,2106.75,0,Mph_IM
2567.5,2111.75,0,Mph_IM
2655,2104.25,0,Mph_IM
2717.5,2110.75,0,Mph_IM
2600,2109.75,0,Mph_IM
2651,2117.75,0,Mph_IM
2520,2116.75,0,Mph_IM
2666,2131.25,0,Mph_IM
2413.5,2124.25,0,Mph_IM
2689,2137.25,0,Mph_IM
2505,2135.75,0,Mph_IM
2708,2140.75,0,Mph_IM
2627.5,2134.75,0,Mph_IM
2732,2135.25,0,Mph_IM
2644.5,2144.25,0,Mph_IM
2615.5,2151.75,0,Mph_IM
2549.5,2155.25,0,Mph_IM
2637,2157.75,0,Mph_IM
2614,2169.25,0,Mph_IM
2539,2176.25,0,Mph_IM
2588,2180.75,0,Mph_IM
2652.5,2167.75,0,Mph_IM
2524,2182.75,0,Mph_IM
2652,2206.75,0,Mph_IM
2672,2199.25,0,Mph_IM
2511,2192.25,0,Mph_IM
2726.5,2201.25,0,Mph_IM
2539.5,2200.75,0,Mph_IM
2488.5,2201.25,0,Mph_IM
2701,2216.25,0,Mph_IM
2562,2214.25,0,Mph_IM
2533,2223.75,0,Mph_IM
2549,2221.25,0,Mph_IM
2730,2229.25,0,Mph_IM
2558.5,2235.75,0,Mph_IM
2745.5,2232.75,0,Mph_IM
2716.5,2249.75,0,Mph_IM
2481.5,2254.75,0,Mph_IM
2659,2246.75,0,Mph_IM
2634,2255.25,0,Mph_IM
2559.5,2256.25,0,Mph_IM
2506.5,2272.75,0,Mph_IM
2686.5,2252.25,0,Mph_IM
2653.5,2268.75,0,Mph_IM
2708.5,2273.25,0,Mph_IM
2669,2261.75,0,Mph_IM
2736.5,2274.25,0,Mph_IM
2684,2268.75,0,Mph_IM
2619.5,2279.75,0,Mph_IM
2597,2280.75,0,Mph_IM
2680.5,2294.75,0,Mph_IM
2583,2285.25,0,Mph_IM
2652,2294.25,0,Mph_IM
2546.5,2291.25,0,Mph_IM
2638,2298.25,0,Mph_IM
2742,2303.75,0,Mph_IM
2618,2300.25,0,Mph_IM
2590,2309.25,0,Mph_IM
2765.5,2308.75,0,Mph_IM
2558,2325.25,0,Mph_IM
2764,2319.25,0,Mph_IM
2577.5,2321.75,0,Mph_IM
2593.5,2329.75,0,Mph_IM
2610.5,2331.75,0,Mph_IM
2564,2341.25,0,Mph_IM
2585.5,2341.25,0,Mph_IM
2640,2337.25,0,Mph_IM
2677,2347.25,0,Mph_IM
2699,2353.75,0,Mph_IM
2743,2391.25,0,Mph_IM
2754.5,2400.25,0,Mph_IM
2766,2447.25,0,Mph_IM
2697,2437.75,0,Mph_IM
2743.5,2447.25,0,Mph_IM
2717.5,2448.75,0,Mph_IM
2723,2459.25,0,Mph_IM
2747.5,2466.25,0,Mph_IM
2730.5,2473.25,0,Mph_IM
2414,987.75,0,Mph_IM
2578.5,1145.25,0,Mph_IM
2558.5,1179.25,0,Mph_IM
2529,1182.75,0,Mph_IM
2590.5,1195.25,0,Mph_IM
2573,1185.25,0,Mph_IM
2565,1203.75,0,Mph_IM
2449,1216.25,0,Mph_IM
2560,1253.75,0,Mph_IM
2469.5,1265.75,0,Mph_IM
2445,1283.75,0,Mph_IM
2465.5,1308.75,0,Mph_IM
2450,1306.75,0,Mph_IM
2161,1449.25,0,Mph_IM
2707,1452.25,0,Mph_IM
2724,1468.75,0,Mph_IM
2740.5,1475.75,0,Mph_IM
2576.5,1513.75,0,Mph_IM
2657,1506.75,0,Mph_IM
2595,1531.75,0,Mph_IM
2656.5,1536.25,0,Mph_IM
2262,1551.75,0,Mph_IM
2276,1548.25,0,Mph_IM
2294.5,1557.25,0,Mph_IM
1998.5,1565.25,0,Mph_IM
2013.5,1562.25,0,Mph_IM
2383.5,1571.25,0,Mph_IM
2012,1588.25,0,Mph_IM
2314.5,1579.75,0,Mph_IM
2614.5,1572.75,0,Mph_IM
2635.5,1574.75,0,Mph_IM
2003,1596.25,0,Mph_IM
2638.5,1606.75,0,Mph_IM
2021,1622.25,0,Mph_IM
2714.5,1658.75,0,Mph_IM
2594,1720.25,0,Mph_IM
3355,1742.75,0,Mph_IM
3375.5,1742.25,0,Mph_IM
3365,1758.25,0,Mph_IM
3372,1776.75,0,Mph_IM
3392.5,1774.75,0,Mph_IM
3348,1775.25,0,Mph_IM
3405,1783.75,0,Mph_IM
3261,1784.25,0,Mph_IM
3310,1787.75,0,Mph_IM
3332,1794.75,0,Mph_IM
3358,1806.25,0,Mph_IM
3256.5,1799.25,0,Mph_IM
3545,1815.75,0,Mph_IM
3394,1815.25,0,Mph_IM
3268,1825.25,0,Mph_IM
3529.5,1840.25,0,Mph_IM
3292.5,1833.25,0,Mph_IM
2840.5,1838.75,0,Mph_IM
3308,1843.25,0,Mph_IM
3051.5,1850.75,0,Mph_IM
3397,1853.25,0,Mph_IM
3429.5,1851.75,0,Mph_IM
3270,1862.25,0,Mph_IM
3333,1850.75,0,Mph_IM
3284.5,1860.25,0,Mph_IM
3300,1860.25,0,Mph_IM
3552,1855.25,0,Mph_IM
3418,1864.75,0,Mph_IM
3047.5,1870.25,0,Mph_IM
3313,1874.75,0,Mph_IM
3340.5,1876.25,0,Mph_IM
3530,1869.25,0,Mph_IM
3032.5,1873.75,0,Mph_IM
3466.5,1882.25,0,Mph_IM
3281,1884.25,0,Mph_IM
3437,1883.75,0,Mph_IM
3453,1883.25,0,Mph_IM
3009,1894.25,0,Mph_IM
3037.5,1896.75,0,Mph_IM
2814,1883.25,0,Mph_IM
3517,1900.25,0,Mph_IM
2783,1911.25,0,Mph_IM
2842,1901.25,0,Mph_IM
3294.5,1908.75,0,Mph_IM
3055,1926.75,0,Mph_IM
2857,1932.25,0,Mph_IM
3467.5,1929.75,0,Mph_IM
3262,1923.75,0,Mph_IM
3534,1941.25,0,Mph_IM
3277.5,1935.25,0,Mph_IM
2865.5,1952.25,0,Mph_IM
3461,1957.75,0,Mph_IM
3518,1958.25,0,Mph_IM
2961,1959.25,0,Mph_IM
2862.5,1970.75,0,Mph_IM
3470.5,1966.25,0,Mph_IM
3484.5,1973.75,0,Mph_IM
3508.5,1980.25,0,Mph_IM
3035,1972.25,0,Mph_IM
3461.5,1995.25,0,Mph_IM
3538.5,1979.75,0,Mph_IM
2864.5,1988.25,0,Mph_IM
3119.5,1994.25,0,Mph_IM
3538,1993.75,0,Mph_IM
3029,1999.75,0,Mph_IM
3484,2000.75,0,Mph_IM
3522.5,1997.25,0,Mph_IM
3506.5,2002.75,0,Mph_IM
3106.5,1998.75,0,Mph_IM
3203.5,2010.25,0,Mph_IM
2865.5,2020.25,0,Mph_IM
3155.5,2006.75,0,Mph_IM
2832.5,2021.25,0,Mph_IM
3104,2020.75,0,Mph_IM
3479.5,2028.75,0,Mph_IM
2878,2026.25,0,Mph_IM
3022.5,2022.75,0,Mph_IM
3179,2038.75,0,Mph_IM
3150.5,2031.75,0,Mph_IM
3025,2042.75,0,Mph_IM
2830,2038.75,0,Mph_IM
3326,2041.25,0,Mph_IM
3126.5,2041.75,0,Mph_IM
3218,2047.25,0,Mph_IM
3151,2047.75,0,Mph_IM
3308.5,2047.25,0,Mph_IM
3191,2051.25,0,Mph_IM
3432,2056.25,0,Mph_IM
3171,2065.25,0,Mph_IM
3021.5,2069.25,0,Mph_IM
3057.5,2065.25,0,Mph_IM
3130,2070.75,0,Mph_IM
2836.5,2072.25,0,Mph_IM
3147.5,2076.75,0,Mph_IM
2793.5,2083.25,0,Mph_IM
3115.5,2081.25,0,Mph_IM
3189,2079.75,0,Mph_IM
3035.5,2079.25,0,Mph_IM
3422.5,2088.75,0,Mph_IM
3454.5,2089.25,0,Mph_IM
3507.5,2090.75,0,Mph_IM
3064.5,2099.75,0,Mph_IM
3228.5,2090.25,0,Mph_IM
3148,2105.75,0,Mph_IM
3007,2100.25,0,Mph_IM
3196.5,2093.75,0,Mph_IM
3332,2115.25,0,Mph_IM
3040.5,2104.75,0,Mph_IM
2853,2100.75,0,Mph_IM
3116.5,2117.25,0,Mph_IM
2890,2102.75,0,Mph_IM
3021.5,2109.25,0,Mph_IM
3186,2109.75,0,Mph_IM
2914.5,2115.25,0,Mph_IM
3206,2120.25,0,Mph_IM
2855,2122.75,0,Mph_IM
3056.5,2123.75,0,Mph_IM
3168.5,2125.25,0,Mph_IM
3012.5,2133.75,0,Mph_IM
2992,2127.25,0,Mph_IM
2882.5,2131.75,0,Mph_IM
2849,2132.75,0,Mph_IM
3026.5,2139.75,0,Mph_IM
2960,2128.75,0,Mph_IM
3438.5,2127.75,0,Mph_IM
2834,2138.75,0,Mph_IM
2930,2127.25,0,Mph_IM
2915,2137.25,0,Mph_IM
3220,2143.75,0,Mph_IM
2892.5,2142.75,0,Mph_IM
3191,2144.75,0,Mph_IM
3513.5,2133.25,0,Mph_IM
3047.5,2144.75,0,Mph_IM
2813.5,2138.75,0,Mph_IM
2932.5,2159.75,0,Mph_IM
3119.5,2152.75,0,Mph_IM
2967,2161.25,0,Mph_IM
3407.5,2157.25,0,Mph_IM
3031,2158.25,0,Mph_IM
2893.5,2156.75,0,Mph_IM
3054.5,2159.75,0,Mph_IM
2829.5,2166.25,0,Mph_IM
3143.5,2164.25,0,Mph_IM
3229.5,2163.25,0,Mph_IM
2913,2173.75,0,Mph_IM
3101.5,2176.75,0,Mph_IM
3073.5,2171.25,0,Mph_IM
3045,2178.75,0,Mph_IM
3095,2193.25,0,Mph_IM
3319,2189.25,0,Mph_IM
2896,2176.75,0,Mph_IM
3067,2197.75,0,Mph_IM
3044.5,2191.75,0,Mph_IM
3141.5,2197.75,0,Mph_IM
3391.5,2195.75,0,Mph_IM
3037.5,2204.25,0,Mph_IM
3054.5,2214.25,0,Mph_IM
3299,2210.25,0,Mph_IM
3141.5,2220.75,0,Mph_IM
3285.5,2211.75,0,Mph_IM
3154.5,2226.25,0,Mph_IM
3242,2224.75,0,Mph_IM
3115.5,2224.75,0,Mph_IM
3174,2224.75,0,Mph_IM
3426,2217.25,0,Mph_IM
3192.5,2227.75,0,Mph_IM
3108,2248.25,0,Mph_IM
3258.5,2248.75,0,Mph_IM
3543.5,2247.75,0,Mph_IM
3229.5,2246.75,0,Mph_IM
3044.5,2264.75,0,Mph_IM
3085.5,2252.75,0,Mph_IM
3284.5,2263.25,0,Mph_IM
3362,2265.25,0,Mph_IM
3018.5,2266.75,0,Mph_IM
3061.5,2268.25,0,Mph_IM
3111.5,2278.75,0,Mph_IM
3134.5,2263.75,0,Mph_IM
3079,2272.75,0,Mph_IM
3094,2280.75,0,Mph_IM
3259,2275.25,0,Mph_IM
3142.5,2295.25,0,Mph_IM
2961.5,2302.75,0,Mph_IM
3274,2300.25,0,Mph_IM
3112.5,2306.25,0,Mph_IM
3248.5,2319.75,0,Mph_IM
3289,2321.25,0,Mph_IM
3115,2335.75,0,Mph_IM
3160.5,2326.25,0,Mph_IM
3233.5,2340.25,0,Mph_IM
3058.5,2343.25,0,Mph_IM
3137,2354.25,0,Mph_IM
3349,2341.75,0,Mph_IM
3563,2367.75,0,Mph_IM
3509.5,2370.25,0,Mph_IM
3232.5,2374.75,0,Mph_IM
3283.5,2376.75,0,Mph_IM
3340,2374.75,0,Mph_IM
3483,2382.75,0,Mph_IM
3285.5,2387.75,0,Mph_IM
3332.5,2387.75,0,Mph_IM
3489,2397.25,0,Mph_IM
3183,2388.75,0,Mph_IM
3566,2400.75,0,Mph_IM
3149,2401.25,0,Mph_IM
3346,2400.25,0,Mph_IM
3293.5,2404.25,0,Mph_IM
3203,2412.25,0,Mph_IM
3362.5,2404.25,0,Mph_IM
3188,2413.75,0,Mph_IM
3173.5,2419.75,0,Mph_IM
3311,2421.25,0,Mph_IM
3219,2418.75,0,Mph_IM
3345.5,2422.25,0,Mph_IM
3394,2421.25,0,Mph_IM
3367.5,2424.75,0,Mph_IM
3471,2427.25,0,Mph_IM
3010.5,2428.75,0,Mph_IM
3411,2422.25,0,Mph_IM
3342,2437.25,0,Mph_IM
3386,2437.75,0,Mph_IM
3295,2442.75,0,Mph_IM
3366,2448.25,0,Mph_IM
3215,2447.75,0,Mph_IM
3312.5,2460.25,0,Mph_IM
3238,2459.25,0,Mph_IM
3289,2458.25,0,Mph_IM
3357,2470.25,0,Mph_IM
3389.5,2454.75,0,Mph_IM
3456,2460.75,0,Mph_IM
3331.5,2467.25,0,Mph_IM
3420.5,2464.25,0,Mph_IM
3209,2473.25,0,Mph_IM
3278.5,2470.25,0,Mph_IM
3381,2467.75,0,Mph_IM
2995,2475.25,0,Mph_IM
3384,2476.75,0,Mph_IM
3283.5,2480.75,0,Mph_IM
3304,2478.25,0,Mph_IM
3303,2498.25,0,Mph_IM
3461.5,2490.25,0,Mph_IM
2792.5,2505.75,0,Mph_IM
3375,2501.75,0,Mph_IM
3541.5,2512.25,0,Mph_IM
3314.5,2509.25,0,Mph_IM
3302,2526.25,0,Mph_IM
3527,2513.75,0,Mph_IM
3398,2521.75,0,Mph_IM
