x,y,z,type
-721.25,2495.25,0,Tcell
-693.75,2523.25,0,Tcell
-611.25,2850.25,0,Tcell
537.75,2676.25,0,Tcell
597.75,3077.75,0,Tcell
-233.75,-358.25,0,Tcell
-271.25,-162.25,0,Tcell
-291.75,227.25,0,Tcell
-100.75,849.25,0,Tcell
-160.75,1068.25,0,Tcell
-310.75,1268.75,0,Tcell
-288.75,1322.75,0,Tcell
-561.75,2257.25,0,Tcell
-543.75,2269.75,0,Tcell
-571.75,2273.75,0,Tcell
267.25,-241.25,0,Tcell
91.75,-92.25,0,Tcell
60.75,385.25,0,Tcell
730.25,925.25,0,Tcell
292.75,-1489.75,0,Tcell
148.75,-1450.25,0,Tcell
2220.75,-3339.25,0,Tcell
2208.25,-3292.75,0,Tcell
2096.25,-3232.25,0,Tcell
2123.25,-3197.25,0,Tcell
941.25,-3784.75,0,Tcell
761.25,-3658.25,0,Tcell
826.75,-3625.25,0,Tcell
1154.25,-3480.25,0,Tcell
1175.25,-3439.25,0,Tcell
1178.25,-2030.75,0,Tcell
861.75,-2018.25,0,Tcell
1191.75,-1854.25,0,Tcell
501.25,-1749.75,0,Tcell
1057.25,-1505.75,0,Tcell
1061.25,-1487.25,0,Tcell
1030.25,-1440.75,0,Tcell
1049.75,-1437.25,0,Tcell
1758.25,-3711.75,0,Tcell
1310.75,-3689.75,0,Tcell
1549.25,-3580.75,0,Tcell
1486.25,-3535.25,0,Tcell
1879.75,-3519.75,0,Tcell
1469.75,-3481.25,0,Tcell
1917.25,-3460.25,0,Tcell
1993.75,-3320.75,0,Tcell
1939.75,-3306.25,0,Tcell
1951.75,-3275.75,0,Tcell
1975.75,-3246.25,0,Tcell
2059.25,-3206.75,0,Tcell
2059.25,-3169.75,0,Tcell
1895.75,-3168.75,0,Tcell
1896.25,-3147.75,0,Tcell
1592.25,-3133.25,0,Tcell
1888.25,-3131.75,0,Tcell
1852.75,-3128.25,0,Tcell
1850.25,-3079.25,0,Tcell
1980.25,-3074.25,0,Tcell
1914.75,-3056.75,0,Tcell
1797.25,-3011.75,0,Tcell
1759.75,-3008.25,0,Tcell
812.25,-2812.75,0,Tcell
798.75,-2800.75,0,Tcell
775.25,-2802.25,0,Tcell
723.75,-2711.25,0,Tcell
1178.75,-2468.75,0,Tcell
1287.25,-2252.25,0,Tcell
994.75,-1393.25,0,Tcell
904.25,-1176.25,0,Tcell
875.25,-1113.75,0,Tcell
895.75,-1091.75,0,Tcell
836.75,-1070.25,0,Tcell
784.75,-945.75,0,Tcell
767.25,-938.75,0,Tcell
803.75,-928.75,0,Tcell
771.25,-915.25,0,Tcell
806.75,-905.75,0,Tcell
784.25,-899.75,0,Tcell
75.75,-1170.25,0,Tcell
339.75,-1043.75,0,Tcell
335.75,-1026.75,0,Tcell
370.25,-1014.75,0,Tcell
190.75,-819.25,0,Tcell
161.25,-817.75,0,Tcell
1809.75,-3005.75,0,Tcell
1856.75,-2986.75,0,Tcell
1784.25,-2978.75,0,Tcell
1771.75,-2971.75,0,Tcell
1801.25,-2948.75,0,Tcell
1763.25,-2925.25,0,Tcell
1634.25,-2921.25,0,Tcell
1734.75,-2919.25,0,Tcell
1301.75,-2542.75,0,Tcell
1371.75,-2501.75,0,Tcell
1380.75,-2469.75,0,Tcell
1310.75,-2313.75,0,Tcell
1870.75,-2906.75,0,TU
1929.25,-2887.25,0,TU
1914.75,-2874.25,0,TU
1964.25,-2863.75,0,TU
1902.25,-2841.75,0,TU
1939.75,-2839.25,0,TU
1611.75,-2836.25,0,TU
1975.75,-2835.25,0,TU
1889.25,-2827.25,0,TU
1928.75,-2818.75,0,TU
1971.25,-2814.75,0,TU
1565.75,-2809.75,0,TU
1912.25,-2808.75,0,TU
1527.25,-2807.25,0,TU
2011.25,-2804.25,0,TU
1766.25,-2800.75,0,TU
1832.75,-2800.25,0,TU
1643.25,-2792.25,0,TU
1966.75,-2788.75,0,TU
1912.75,-2788.25,0,TU
1884.75,-2786.75,0,TU
1995.75,-2778.75,0,TU
2056.75,-2764.25,0,TU
1934.75,-2763.25,0,TU
1988.25,-2763.25,0,TU
1790.25,-2757.25,0,TU
1969.25,-2756.25,0,TU
1768.75,-2751.25,0,TU
1628.25,-2746.75,0,TU
1802.25,-2742.75,0,TU
1688.25,-2741.25,0,TU
2060.75,-2737.25,0,TU
1969.75,-2734.75,0,TU
2146.25,-2733.25,0,TU
1662.25,-2729.25,0,TU
2046.75,-2724.75,0,TU
2093.75,-2724.25,0,TU
2166.75,-2723.25,0,TU
1540.75,-2719.25,0,TU
2031.25,-2717.75,0,TU
1376.75,-2714.75,0,TU
1631.25,-2714.25,0,TU
1996.25,-2713.25,0,TU
1968.25,-2713.25,0,TU
1840.75,-2713.25,0,TU
1788.25,-2709.75,0,TU
2140.25,-2703.25,0,TU
1573.25,-2703.25,0,TU
1931.75,-2700.75,0,TU
2196.25,-2690.75,0,TU
1300.75,-2690.25,0,TU
2098.75,-2690.25,0,TU
2010.75,-2689.75,0,TU
1514.25,-2681.75,0,TU
1201.25,-2679.75,0,TU
1885.75,-2677.75,0,TU
1417.75,-2667.25,0,TU
2050.75,-2661.75,0,TU
2191.25,-2661.75,0,TU
1457.75,-2658.75,0,TU
1122.25,-2656.25,0,TU
1545.25,-2654.75,0,TU
1487.25,-2652.25,0,TU
1942.25,-2651.75,0,TU
2153.75,-2650.75,0,TU
1252.75,-2647.75,0,TU
1108.75,-2643.25,0,TU
984.75,-2641.25,0,TU
2171.25,-2639.75,0,TU
1844.75,-2639.25,0,TU
1232.75,-2639.25,0,TU
1618.75,-2635.25,0,TU
1477.75,-2631.75,0,TU
1913.25,-2631.75,0,TU
2052.75,-2624.75,0,TU
1814.75,-2624.25,0,TU
1860.75,-2615.25,0,TU
2245.25,-2613.75,0,TU
1466.25,-2611.75,0,TU
1106.25,-2611.25,0,TU
1503.25,-2605.25,0,TU
1029.25,-2601.75,0,TU
2235.25,-2601.75,0,TU
1186.75,-2599.75,0,TU
1479.25,-2598.75,0,TU
2198.25,-2592.75,0,TU
1019.75,-2591.25,0,TU
1082.25,-2587.75,0,TU
982.75,-2586.25,0,TU
1555.75,-2583.75,0,TU
1051.75,-2581.75,0,TU
1032.75,-2580.25,0,TU
878.75,-2579.75,0,TU
1218.75,-2578.75,0,TU
2064.75,-2577.75,0,TU
1694.25,-2576.75,0,TU
1281.75,-2575.75,0,TU
1978.75,-2574.75,0,TU
1424.75,-2566.75,0,TU
2017.75,-2565.75,0,TU
2251.25,-2564.25,0,TU
2046.25,-2564.25,0,TU
880.75,-2564.25,0,TU
945.75,-2560.25,0,TU
1322.75,-2559.75,0,TU
1571.75,-2558.25,0,TU
1991.75,-2554.75,0,TU
1876.25,-2554.25,0,TU
978.75,-2551.75,0,TU
2088.75,-2551.75,0,TU
2166.75,-2551.25,0,TU
1085.75,-2548.75,0,TU
2108.25,-2547.75,0,TU
1686.25,-2546.25,0,TU
1490.25,-2543.75,0,TU
1593.75,-2542.75,0,TU
1190.25,-2542.75,0,TU
1049.25,-2542.75,0,TU
1256.25,-2542.25,0,TU
1500.25,-2540.75,0,TU
846.75,-2537.25,0,TU
1876.25,-2534.25,0,TU
1447.75,-2532.25,0,TU
2237.25,-2532.25,0,TU
1320.75,-2531.25,0,TU
766.25,-2531.25,0,TU
2265.25,-2529.75,0,TU
1072.25,-2529.25,0,TU
913.25,-2528.75,0,TU
1991.25,-2528.75,0,TU
2157.25,-2527.75,0,TU
1239.75,-2526.75,0,TU
1907.25,-2526.25,0,TU
828.75,-2525.25,0,TU
1284.75,-2525.25,0,TU
2210.75,-2521.25,0,TU
1695.75,-2520.75,0,TU
1858.75,-2520.25,0,TU
1185.75,-2517.75,0,TU
975.75,-2511.75,0,TU
1250.75,-2509.75,0,TU
1992.25,-2509.25,0,TU
822.75,-2509.25,0,TU
2183.25,-2507.75,0,TU
1538.75,-2507.25,0,TU
2048.75,-2505.75,0,TU
904.25,-2504.75,0,TU
1480.25,-2499.25,0,TU
1640.75,-2498.75,0,TU
1696.25,-2498.25,0,TU
964.75,-2494.25,0,TU
1659.25,-2493.25,0,TU
1679.75,-2492.75,0,TU
1995.75,-2489.25,0,TU
789.75,-2489.25,0,TU
2007.75,-2487.25,0,TU
980.25,-2486.75,0,TU
2133.25,-2486.25,0,TU
766.25,-2485.75,0,TU
945.75,-2484.75,0,TU
1325.25,-2482.25,0,TU
2025.25,-2481.75,0,TU
1875.25,-2481.75,0,TU
945.75,-2480.25,0,TU
2015.75,-2479.25,0,TU
1852.75,-2478.75,0,TU
758.25,-2478.25,0,TU
1207.75,-2477.75,0,TU
1617.75,-2476.75,0,TU
1644.75,-2475.25,0,TU
920.25,-2473.75,0,TU
745.75,-2471.25,0,TU
969.75,-2466.25,0,TU
1219.25,-2463.75,0,TU
2231.75,-2462.25,0,TU
1488.25,-2461.75,0,TU
706.25,-2458.75,0,TU
860.25,-2455.75,0,TU
1346.25,-2451.75,0,TU
1944.25,-2449.75,0,TU
1244.75,-2448.25,0,TU
2145.25,-2446.25,0,TU
2044.25,-2441.75,0,TU
999.75,-2438.25,0,TU
1322.25,-2437.25,0,TU
979.75,-2436.25,0,TU
634.25,-2436.25,0,TU
2020.75,-2433.75,0,TU
2166.75,-2432.25,0,TU
837.75,-2431.25,0,TU
871.75,-2430.25,0,TU
1156.75,-2429.75,0,TU
955.25,-2428.25,0,TU
882.25,-2425.75,0,TU
1090.25,-2424.25,0,TU
714.75,-2424.25,0,TU
2111.75,-2423.25,0,TU
796.75,-2422.25,0,TU
1502.25,-2421.25,0,TU
1998.75,-2420.25,0,TU
1350.25,-2419.25,0,TU
1392.25,-2417.25,0,TU
2045.25,-2416.75,0,TU
1371.25,-2412.75,0,TU
1425.25,-2411.25,0,TU
1276.25,-2407.75,0,TU
1968.25,-2407.25,0,TU
656.25,-2404.25,0,TU
1037.75,-2400.75,0,TU
1989.25,-2400.25,0,TU
2108.25,-2397.25,0,TU
1893.25,-2396.75,0,TU
2008.75,-2393.25,0,TU
802.25,-2393.25,0,TU
623.75,-2389.75,0,TU
1440.25,-2389.25,0,TU
1142.75,-2389.25,0,TU
2040.25,-2386.25,0,TU
1927.25,-2384.75,0,TU
714.75,-2383.25,0,TU
757.25,-2380.75,0,TU
2057.75,-2379.75,0,TU
1124.75,-2375.25,0,TU
862.75,-2375.25,0,TU
1282.75,-2371.75,0,TU
1175.75,-2370.25,0,TU
1260.25,-2369.25,0,TU
1096.75,-2365.25,0,TU
620.75,-2364.75,0,TU
1586.25,-2364.25,0,TU
814.75,-2362.75,0,TU
1121.75,-2361.75,0,TU
910.25,-2361.25,0,TU
1082.25,-2355.75,0,TU
1496.75,-2351.75,0,TU
610.25,-2349.25,0,TU
1278.75,-2348.75,0,TU
1877.75,-2348.25,0,TU
1721.75,-2347.25,0,TU
1762.25,-2345.75,0,TU
1254.25,-2345.25,0,TU
2029.25,-2344.75,0,TU
1329.75,-2344.25,0,TU
1516.75,-2343.25,0,TU
804.75,-2342.75,0,TU
2132.25,-2341.25,0,TU
908.75,-2340.75,0,TU
2100.75,-2339.75,0,TU
1273.75,-2339.25,0,TU
1071.25,-2339.25,0,TU
723.75,-2330.75,0,TU
2064.75,-2327.25,0,TU
2146.75,-2325.75,0,TU
1099.25,-2324.75,0,TU
847.25,-2322.25,0,TU
1832.75,-2320.25,0,TU
1525.25,-2319.25,0,TU
1651.75,-2318.75,0,TU
1132.75,-2317.75,0,TU
1075.25,-2317.75,0,TU
2091.25,-2312.25,0,TU
2123.25,-2311.75,0,TU
972.75,-2310.75,0,TU
2156.75,-2307.75,0,TU
1368.75,-2306.25,0,TU
1095.25,-2300.75,0,TU
1799.25,-2299.25,0,TU
1519.75,-2296.25,0,TU
2035.25,-2295.25,0,TU
976.75,-2292.75,0,TU
1177.25,-2291.75,0,TU
2065.25,-2288.75,0,TU
1565.75,-2287.75,0,TU
2172.75,-2285.75,0,TU
574.25,-2285.25,0,TU
461.25,-2284.75,0,TU
2146.75,-2282.25,0,TU
1269.25,-2282.25,0,TU
394.75,-2281.75,0,TU
1291.25,-2279.25,0,TU
954.75,-2279.25,0,TU
1108.25,-2277.25,0,TU
2098.25,-2276.75,0,TU
970.25,-2276.75,0,TU
1926.75,-2274.25,0,TU
1823.75,-2273.75,0,TU
317.25,-2272.25,0,TU
1196.75,-2268.25,0,TU
551.25,-2266.75,0,TU
1027.25,-2263.25,0,TU
1362.75,-2261.75,0,TU
1127.75,-2260.75,0,TU
1987.25,-2259.25,0,TU
420.25,-2259.25,0,TU
2028.75,-2258.25,0,TU
977.25,-2257.75,0,TU
470.25,-2256.25,0,TU
1542.75,-2254.75,0,TU
767.75,-2252.75,0,TU
1797.75,-2245.75,0,TU
959.75,-2241.75,0,TU
1823.25,-2241.75,0,TU
425.75,-2240.75,0,TU
376.75,-2237.25,0,TU
557.25,-2237.25,0,TU
2059.75,-2234.75,0,TU
1061.25,-2233.75,0,TU
937.75,-2232.75,0,TU
2077.25,-2231.75,0,TU
525.25,-2231.75,0,TU
1259.25,-2231.25,0,TU
410.75,-2230.25,0,TU
879.25,-2229.75,0,TU
1288.75,-2229.75,0,TU
242.25,-2226.75,0,TU
2102.25,-2225.75,0,TU
1665.25,-2225.75,0,TU
1860.75,-2225.25,0,TU
457.25,-2224.25,0,TU
557.75,-2223.25,0,TU
1987.25,-2222.75,0,TU
864.75,-2216.75,0,TU
1919.75,-2215.75,0,TU
1292.75,-2212.25,0,TU
933.75,-2212.25,0,TU
826.75,-2212.25,0,TU
2126.75,-2212.25,0,TU
463.75,-2209.25,0,TU
960.75,-2208.25,0,TU
1760.25,-2208.25,0,TU
2090.75,-2206.25,0,TU
320.25,-2203.25,0,TU
1179.25,-2198.25,0,TU
289.75,-2197.25,0,TU
1120.75,-2196.25,0,TU
207.75,-2194.75,0,TU
1824.25,-2193.75,0,TU
1876.75,-2192.75,0,TU
1862.25,-2192.25,0,TU
904.25,-2191.75,0,TU
466.25,-2189.25,0,TU
589.25,-2186.75,0,TU
1100.75,-2186.25,0,TU
327.25,-2178.25,0,TU
1753.75,-2178.25,0,TU
308.25,-2178.25,0,TU
525.25,-2176.25,0,TU
551.25,-2171.75,0,TU
1998.75,-2170.75,0,TU
281.75,-2170.75,0,TU
351.75,-2170.25,0,TU
1815.75,-2169.75,0,TU
1476.75,-2167.25,0,TU
1039.25,-2166.25,0,TU
1984.25,-2165.25,0,TU
1116.75,-2163.25,0,TU
779.75,-2163.25,0,TU
2088.75,-2161.25,0,TU
464.75,-2158.75,0,TU
2034.75,-2158.25,0,TU
363.75,-2155.25,0,TU
310.75,-2153.75,0,TU
245.75,-2151.25,0,TU
497.25,-2144.75,0,TU
288.75,-2143.25,0,TU
1794.75,-2143.25,0,TU
1196.75,-2140.25,0,TU
448.75,-2135.25,0,TU
326.75,-2135.25,0,TU
1460.75,-2132.25,0,TU
576.25,-2131.75,0,TU
1642.75,-2129.25,0,TU
1089.75,-2128.25,0,TU
2036.25,-2127.25,0,TU
1792.75,-2122.25,0,TU
308.25,-2121.75,0,TU
156.75,-2121.25,0,TU
277.25,-2118.75,0,TU
334.75,-2114.75,0,TU
995.75,-2111.75,0,TU
431.75,-2108.75,0,TU
1247.75,-2108.75,0,TU
1817.25,-2107.75,0,TU
1454.25,-2102.75,0,TU
2009.25,-2100.75,0,TU
1108.25,-2099.25,0,TU
229.75,-2093.75,0,TU
1843.25,-2093.75,0,TU
206.75,-2090.75,0,TU
1788.25,-2090.25,0,TU
423.75,-2088.25,0,TU
381.25,-2086.25,0,TU
2041.75,-2085.25,0,TU
520.25,-2082.75,0,TU
1700.75,-2082.25,0,TU
167.75,-2080.25,0,TU
290.25,-2076.75,0,TU
367.25,-2071.25,0,TU
1870.25,-2071.25,0,TU
1902.25,-2068.75,0,TU
946.75,-2065.75,0,TU
1114.75,-2061.75,0,TU
68.25,-2060.25,0,TU
742.75,-2055.25,0,TU
271.75,-2053.25,0,TU
1980.75,-2052.75,0,TU
2003.25,-2051.75,0,TU
1701.25,-2051.75,0,TU
1874.25,-2048.25,0,TU
93.75,-2046.75,0,TU
1924.25,-2042.75,0,TU
517.25,-2042.75,0,TU
1954.25,-2040.25,0,TU
755.75,-2036.25,0,TU
1843.75,-2035.25,0,TU
1978.25,-2035.25,0,TU
6.75,-2033.75,0,TU
119.75,-2033.25,0,TU
1946.25,-2031.75,0,TU
915.25,-2028.25,0,TU
550.75,-2027.25,0,TU
1869.75,-2024.75,0,TU
1141.25,-2024.25,0,TU
1375.75,-2022.25,0,TU
321.25,-2021.75,0,TU
1903.75,-2019.75,0,TU
1000.25,-2016.25,0,TU
1928.25,-2014.25,0,TU
249.25,-2013.75,0,TU
130.75,-2012.75,0,TU
904.25,-2011.75,0,TU
1785.25,-2010.75,0,TU
1174.75,-2010.25,0,TU
339.75,-2008.75,0,TU
88.75,-2002.75,0,TU
756.75,-2000.75,0,TU
1038.25,-2000.75,0,TU
294.75,-1999.75,0,TU
259.25,-1999.25,0,TU
1945.75,-1998.25,0,TU
1150.25,-1996.25,0,TU
354.75,-1993.25,0,TU
484.25,-1991.75,0,TU
1422.25,-1990.75,0,TU
632.75,-1980.75,0,TU
380.75,-1980.25,0,TU
1088.75,-1973.25,0,TU
130.25,-1971.25,0,TU
989.75,-1970.25,0,TU
1969.25,-1966.75,0,TU
611.25,-1963.25,0,TU
167.25,-1962.25,0,TU
1936.75,-1959.25,0,TU
640.25,-1951.25,0,TU
939.25,-1949.25,0,TU
722.75,-1947.75,0,TU
1124.75,-1945.25,0,TU
77.75,-1940.25,0,TU
922.75,-1940.25,0,TU
1078.75,-1939.75,0,TU
1026.75,-1939.25,0,TU
887.25,-1938.25,0,TU
320.75,-1934.75,0,TU
1932.75,-1932.25,0,TU
1046.25,-1931.75,0,TU
203.75,-1931.25,0,TU
1691.75,-1930.25,0,TU
355.75,-1930.25,0,TU
169.25,-1929.25,0,TU
1108.75,-1928.75,0,TU
532.25,-1922.75,0,TU
1134.25,-1919.25,0,TU
1184.25,-1915.75,0,TU
1084.75,-1915.75,0,TU
287.75,-1915.75,0,TU
101.25,-1915.75,0,TU
809.25,-1915.25,0,TU
1679.75,-1914.25,0,TU
1846.75,-1910.75,0,TU
1149.75,-1910.25,0,TU
328.75,-1905.25,0,TU
1703.75,-1904.75,0,TU
49.75,-1904.75,0,TU
112.25,-1899.25,0,TU
441.75,-1897.25,0,TU
1651.75,-1896.25,0,TU
862.25,-1889.25,0,TU
820.75,-1887.25,0,TU
538.75,-1885.75,0,TU
146.75,-1880.75,0,TU
1012.25,-1880.25,0,TU
1606.25,-1880.25,0,TU
1514.75,-1878.75,0,TU
1658.25,-1877.75,0,TU
601.25,-1876.25,0,TU
1227.25,-1875.25,0,TU
644.75,-1871.25,0,TU
1164.75,-1868.75,0,TU
840.25,-1868.25,0,TU
220.75,-1867.25,0,TU
925.25,-1863.25,0,TU
1737.75,-1861.75,0,TU
140.25,-1859.75,0,TU
772.25,-1858.75,0,TU
160.75,-1851.75,0,TU
611.75,-1850.75,0,TU
-89.25,-1850.25,0,TU
585.75,-1849.75,0,TU
1171.75,-1847.25,0,TU
102.75,-1846.25,0,TU
877.75,-1842.25,0,TU
1494.75,-1838.75,0,TU
138.25,-1837.75,0,TU
1220.75,-1836.25,0,TU
185.25,-1836.25,0,TU
418.75,-1835.75,0,TU
1143.75,-1834.75,0,TU
-58.25,-1834.25,0,TU
898.75,-1833.75,0,TU
783.25,-1833.25,0,TU
996.75,-1832.25,0,TU
966.25,-1832.25,0,TU
1188.25,-1829.25,0,TU
1735.75,-1828.75,0,TU
1167.25,-1827.25,0,TU
1683.25,-1826.75,0,TU
89.25,-1822.75,0,TU
1597.75,-1821.75,0,TU
789.25,-1819.25,0,TU
1225.25,-1817.75,0,TU
427.25,-1816.75,0,TU
1633.75,-1815.75,0,TU
806.25,-1813.25,0,TU
667.25,-1811.75,0,TU
1138.75,-1809.75,0,TU
1817.25,-1809.25,0,TU
160.25,-1809.25,0,TU
1081.25,-1808.75,0,TU
976.25,-1807.75,0,TU
752.75,-1805.25,0,TU
291.75,-1803.25,0,TU
1055.25,-1802.75,0,TU
648.25,-1802.25,0,TU
99.75,-1801.25,0,TU
1187.25,-1799.75,0,TU
140.75,-1799.25,0,TU
777.75,-1797.75,0,TU
1164.25,-1796.25,0,TU
1032.25,-1796.25,0,TU
416.25,-1787.75,0,TU
638.75,-1783.25,0,TU
1011.75,-1783.25,0,TU
1680.75,-1782.75,0,TU
1760.75,-1778.25,0,TU
1635.75,-1775.75,0,TU
931.25,-1774.75,0,TU
525.75,-1771.25,0,TU
307.25,-1771.25,0,TU
1166.25,-1767.75,0,TU
24.25,-1767.25,0,TU
1130.25,-1766.25,0,TU
174.75,-1761.25,0,TU
1411.75,-1761.25,0,TU
512.25,-1760.75,0,TU
1684.75,-1759.25,0,TU
1471.75,-1758.75,0,TU
465.75,-1758.25,0,TU
41.25,-1756.25,0,TU
221.25,-1753.25,0,TU
326.25,-1752.75,0,TU
1762.75,-1750.75,0,TU
831.25,-1750.75,0,TU
199.25,-1750.25,0,TU
-68.75,-1748.75,0,TU
1501.75,-1748.25,0,TU
1110.25,-1746.75,0,TU
261.75,-1745.75,0,TU
288.25,-1744.75,0,TU
-101.75,-1743.25,0,TU
508.25,-1741.75,0,TU
1450.75,-1741.25,0,TU
1693.75,-1737.25,0,TU
578.25,-1736.25,0,TU
1618.75,-1736.25,0,TU
915.75,-1736.25,0,TU
26.75,-1735.75,0,TU
648.75,-1733.25,0,TU
1419.75,-1732.75,0,TU
122.25,-1731.75,0,TU
213.25,-1728.25,0,TU
1.25,-1727.25,0,TU
1773.25,-1727.25,0,TU
1517.25,-1724.75,0,TU
-250.25,-1723.25,0,TU
1198.75,-1723.25,0,TU
176.25,-1721.25,0,TU
1734.25,-1720.75,0,TU
569.75,-1718.25,0,TU
1428.75,-1716.25,0,TU
43.25,-1715.25,0,TU
268.25,-1713.75,0,TU
105.75,-1713.25,0,TU
682.25,-1713.25,0,TU
619.25,-1712.25,0,TU
70.75,-1711.25,0,TU
238.25,-1711.25,0,TU
-108.75,-1710.25,0,TU
981.25,-1709.75,0,TU
664.75,-1706.25,0,TU
866.25,-1706.25,0,TU
1412.25,-1705.25,0,TU
1691.25,-1705.25,0,TU
-187.75,-1704.25,0,TU
1765.75,-1702.25,0,TU
1322.75,-1701.75,0,TU
56.75,-1699.75,0,TU
-271.25,-1697.25,0,TU
850.75,-1694.25,0,TU
1449.75,-1693.25,0,TU
97.75,-1693.25,0,TU
1642.25,-1690.75,0,TU
-157.25,-1687.25,0,TU
335.25,-1684.75,0,TU
368.25,-1684.75,0,TU
879.25,-1684.75,0,TU
1535.25,-1684.25,0,TU
1255.75,-1682.75,0,TU
397.25,-1682.25,0,TU
-7.75,-1681.75,0,TU
-10.25,-1679.75,0,TU
1254.25,-1679.75,0,TU
-60.75,-1678.75,0,TU
1413.75,-1678.75,0,TU
582.75,-1678.25,0,TU
226.25,-1671.75,0,TU
-94.25,-1671.75,0,TU
-283.25,-1671.75,0,TU
197.75,-1671.25,0,TU
462.75,-1668.75,0,TU
642.25,-1667.25,0,TU
-320.25,-1665.75,0,TU
1592.25,-1663.75,0,TU
3.75,-1662.75,0,TU
293.25,-1662.75,0,TU
1637.75,-1659.75,0,TU
1609.75,-1658.75,0,TU
764.25,-1656.25,0,TU
-321.25,-1650.25,0,TU
187.75,-1648.25,0,TU
436.75,-1647.75,0,TU
401.25,-1646.25,0,TU
68.75,-1642.25,0,TU
795.75,-1640.25,0,TU
-143.25,-1637.75,0,TU
1689.75,-1634.25,0,TU
1248.25,-1634.25,0,TU
890.25,-1628.75,0,TU
1000.25,-1626.75,0,TU
1657.75,-1625.25,0,TU
-193.75,-1620.25,0,TU
-302.25,-1619.25,0,TU
-221.75,-1618.25,0,TU
411.75,-1616.75,0,TU
53.75,-1616.25,0,TU
834.75,-1614.75,0,TU
704.25,-1609.75,0,TU
1323.25,-1602.75,0,TU
66.25,-1601.25,0,TU
35.75,-1600.25,0,TU
1237.25,-1599.75,0,TU
-195.25,-1596.25,0,TU
-44.75,-1596.25,0,TU
506.25,-1590.75,0,TU
421.75,-1590.25,0,TU
842.25,-1590.25,0,TU
1256.75,-1589.25,0,TU
-130.75,-1588.25,0,TU
-352.75,-1587.75,0,TU
26.25,-1587.25,0,TU
1297.25,-1586.75,0,TU
899.25,-1580.25,0,TU
-207.25,-1579.25,0,TU
779.75,-1579.25,0,TU
1159.25,-1578.75,0,TU
329.25,-1577.75,0,TU
1265.75,-1576.75,0,TU
-144.25,-1575.75,0,TU
40.75,-1574.25,0,TU
946.75,-1566.25,0,TU
93.25,-1565.25,0,TU
647.75,-1565.25,0,TU
366.25,-1563.25,0,TU
1585.25,-1563.25,0,TU
348.75,-1562.25,0,TU
808.25,-1560.25,0,TU
509.75,-1560.25,0,TU
-213.75,-1560.25,0,TU
789.25,-1557.75,0,TU
638.75,-1550.25,0,TU
168.75,-1549.75,0,TU
16.75,-1548.25,0,TU
396.25,-1547.25,0,TU
1164.25,-1544.75,0,TU
141.75,-1543.75,0,TU
211.75,-1543.25,0,TU
121.25,-1541.75,0,TU
519.75,-1540.25,0,TU
658.75,-1537.25,0,TU
-149.25,-1535.25,0,TU
99.25,-1534.25,0,TU
153.75,-1531.25,0,TU
715.25,-1527.25,0,TU
746.75,-1526.75,0,TU
645.25,-1526.25,0,TU
476.75,-1524.25,0,TU
537.75,-1524.25,0,TU
-129.75,-1522.25,0,TU
516.25,-1517.75,0,TU
-425.25,-1515.25,0,TU
-261.75,-1515.25,0,TU
419.25,-1513.75,0,TU
1589.25,-1513.25,0,TU
161.25,-1513.25,0,TU
1623.75,-1512.75,0,TU
114.75,-1512.25,0,TU
1176.25,-1511.25,0,TU
1335.75,-1510.25,0,TU
640.75,-1509.25,0,TU
445.75,-1509.25,0,TU
130.25,-1507.75,0,TU
548.25,-1506.75,0,TU
461.25,-1504.75,0,TU
475.75,-1501.25,0,TU
728.75,-1500.75,0,TU
-327.25,-1500.75,0,TU
390.25,-1499.75,0,TU
517.75,-1499.25,0,TU
-233.25,-1497.25,0,TU
755.75,-1495.25,0,TU
704.25,-1495.25,0,TU
1331.75,-1494.75,0,TU
-264.75,-1492.75,0,TU
533.25,-1492.25,0,TU
424.25,-1489.25,0,TU
591.75,-1489.25,0,TU
-376.25,-1488.75,0,TU
28.25,-1488.75,0,TU
1375.75,-1488.25,0,TU
85.75,-1488.25,0,TU
273.25,-1487.25,0,TU
1425.25,-1484.25,0,TU
577.25,-1482.75,0,TU
-135.25,-1479.75,0,TU
787.25,-1476.75,0,TU
1276.25,-1475.25,0,TU
770.25,-1475.25,0,TU
691.25,-1473.75,0,TU
614.25,-1471.75,0,TU
-459.25,-1471.75,0,TU
635.75,-1470.75,0,TU
713.75,-1470.25,0,TU
1187.75,-1469.25,0,TU
354.25,-1464.75,0,TU
-251.75,-1464.75,0,TU
586.25,-1463.25,0,TU
819.25,-1462.75,0,TU
-232.75,-1462.75,0,TU
649.75,-1460.75,0,TU
764.25,-1460.75,0,TU
-348.25,-1460.25,0,TU
-143.25,-1458.75,0,TU
1296.75,-1458.25,0,TU
21.75,-1457.25,0,TU
-51.25,-1455.75,0,TU
-481.25,-1455.75,0,TU
-265.25,-1454.75,0,TU
1268.25,-1451.75,0,TU
-286.25,-1450.25,0,TU
555.25,-1448.75,0,TU
-5.25,-1446.75,0,TU
-214.75,-1446.25,0,TU
-242.75,-1445.75,0,TU
-382.75,-1445.25,0,TU
418.75,-1443.75,0,TU
-172.25,-1443.25,0,TU
1384.25,-1443.25,0,TU
650.75,-1442.75,0,TU
-429.25,-1440.75,0,TU
1411.25,-1439.75,0,TU
-24.75,-1437.75,0,TU
117.75,-1437.75,0,TU
-259.75,-1435.25,0,TU
1517.25,-1435.25,0,TU
675.75,-1434.75,0,TU
480.75,-1433.75,0,TU
638.25,-1433.25,0,TU
694.25,-1431.75,0,TU
610.25,-1429.75,0,TU
11.25,-1429.75,0,TU
32.75,-1427.75,0,TU
157.25,-1426.75,0,TU
449.25,-1424.75,0,TU
181.75,-1424.75,0,TU
-308.75,-1424.75,0,TU
-234.75,-1424.25,0,TU
-56.75,-1424.25,0,TU
-214.25,-1422.25,0,TU
73.75,-1422.25,0,TU
625.25,-1421.75,0,TU
422.75,-1421.75,0,TU
259.25,-1421.75,0,TU
336.75,-1421.25,0,TU
661.25,-1419.75,0,TU
-153.75,-1419.75,0,TU
508.25,-1418.75,0,TU
314.75,-1417.75,0,TU
94.25,-1417.25,0,TU
-498.75,-1416.75,0,TU
644.25,-1416.25,0,TU
-259.25,-1414.25,0,TU
-418.25,-1412.25,0,TU
533.25,-1410.25,0,TU
470.25,-1409.75,0,TU
-127.75,-1409.25,0,TU
-25.25,-1407.75,0,TU
13.75,-1406.75,0,TU
1331.75,-1404.75,0,TU
-292.25,-1404.75,0,TU
-237.75,-1404.25,0,TU
-380.25,-1403.75,0,TU
378.25,-1402.75,0,TU
-56.25,-1402.75,0,TU
80.75,-1401.25,0,TU
-485.25,-1400.25,0,TU
130.25,-1400.25,0,TU
719.75,-1400.25,0,TU
-321.75,-1399.25,0,TU
160.25,-1398.25,0,TU
665.75,-1397.75,0,TU
-210.25,-1396.75,0,TU
27.25,-1396.25,0,TU
-275.25,-1395.75,0,TU
-402.75,-1392.75,0,TU
-261.75,-1392.75,0,TU
264.25,-1391.25,0,TU
-341.75,-1388.75,0,TU
-378.25,-1387.25,0,TU
-237.25,-1386.75,0,TU
-261.25,-1381.25,0,TU
-56.25,-1380.75,0,TU
631.25,-1380.75,0,TU
47.75,-1378.75,0,TU
-373.75,-1377.25,0,TU
-321.25,-1375.25,0,TU
277.75,-1371.75,0,TU
612.75,-1371.75,0,TU
362.25,-1370.75,0,TU
1402.75,-1370.25,0,TU
574.75,-1369.75,0,TU
-154.75,-1369.25,0,TU
393.75,-1367.25,0,TU
1447.25,-1365.25,0,TU
1469.75,-1365.25,0,TU
244.75,-1365.25,0,TU
676.75,-1363.75,0,TU
1353.25,-1362.25,0,TU
-342.75,-1362.25,0,TU
-42.25,-1360.25,0,TU
-189.75,-1359.25,0,TU
-172.25,-1358.25,0,TU
708.25,-1357.75,0,TU
-357.25,-1356.75,0,TU
478.75,-1356.75,0,TU
23.75,-1355.75,0,TU
-271.25,-1354.25,0,TU
-422.75,-1352.75,0,TU
283.25,-1352.25,0,TU
1330.25,-1351.75,0,TU
-134.25,-1351.75,0,TU
-248.25,-1351.75,0,TU
515.75,-1350.25,0,TU
-559.25,-1349.75,0,TU
-519.25,-1349.25,0,TU
454.75,-1348.75,0,TU
-498.75,-1348.25,0,TU
-382.75,-1346.75,0,TU
216.75,-1346.75,0,TU
339.25,-1346.25,0,TU
364.25,-1345.25,0,TU
302.75,-1344.25,0,TU
-214.75,-1344.25,0,TU
320.25,-1342.75,0,TU
413.25,-1342.25,0,TU
196.75,-1341.25,0,TU
229.25,-1338.75,0,TU
1423.75,-1336.75,0,TU
169.75,-1336.25,0,TU
-410.25,-1333.75,0,TU
-511.25,-1332.75,0,TU
-432.75,-1332.25,0,TU
-76.75,-1330.75,0,TU
-292.75,-1330.75,0,TU
479.75,-1330.25,0,TU
-128.75,-1329.75,0,TU
-21.25,-1328.75,0,TU
-325.75,-1323.25,0,TU
-202.75,-1323.25,0,TU
-53.75,-1319.25,0,TU
200.75,-1319.25,0,TU
228.75,-1317.25,0,TU
480.25,-1316.25,0,TU
-225.25,-1313.25,0,TU
-550.25,-1312.25,0,TU
-87.25,-1310.25,0,TU
-574.25,-1310.25,0,TU
319.75,-1308.75,0,TU
-302.75,-1307.75,0,TU
1353.25,-1305.75,0,TU
209.25,-1303.25,0,TU
655.75,-1301.75,0,TU
508.25,-1301.75,0,TU
543.75,-1300.75,0,TU
-124.25,-1300.75,0,TU
233.25,-1298.75,0,TU
-99.75,-1298.25,0,TU
261.75,-1297.75,0,TU
497.25,-1296.75,0,TU
-580.25,-1294.75,0,TU
682.25,-1293.75,0,TU
-272.75,-1292.75,0,TU
-75.25,-1291.75,0,TU
1422.25,-1289.25,0,TU
188.25,-1286.25,0,TU
306.75,-1286.25,0,TU
-377.25,-1285.75,0,TU
216.25,-1285.25,0,TU
329.75,-1284.75,0,TU
237.75,-1284.75,0,TU
-88.75,-1283.75,0,TU
-295.75,-1281.25,0,TU
485.25,-1280.75,0,TU
-330.25,-1280.25,0,TU
274.75,-1276.75,0,TU
-588.75,-1276.75,0,TU
291.75,-1275.25,0,TU
685.75,-1271.75,0,TU
256.25,-1270.75,0,TU
-403.25,-1266.25,0,TU
230.75,-1266.25,0,TU
-554.75,-1265.25,0,TU
15.75,-1264.75,0,TU
-302.75,-1264.25,0,TU
-230.25,-1261.75,0,TU
319.25,-1259.75,0,TU
656.25,-1257.75,0,TU
-431.75,-1252.75,0,TU
-370.25,-1250.75,0,TU
-127.25,-1248.75,0,TU
-320.25,-1247.75,0,TU
-351.25,-1246.25,0,TU
-13.75,-1245.75,0,TU
-504.75,-1242.25,0,TU
-387.75,-1239.25,0,TU
-415.25,-1237.75,0,TU
-562.75,-1236.75,0,TU
-615.25,-1234.75,0,TU
-100.75,-1234.25,0,TU
-239.25,-1232.75,0,TU
409.75,-1231.25,0,TU
-186.75,-1230.25,0,TU
238.25,-1230.25,0,TU
-462.75,-1228.25,0,TU
-585.25,-1225.75,0,TU
192.25,-1222.75,0,TU
305.75,-1221.75,0,TU
613.25,-1221.75,0,TU
574.25,-1219.75,0,TU
589.75,-1219.25,0,TU
101.25,-1216.25,0,TU
-567.75,-1215.25,0,TU
-339.25,-1215.25,0,TU
-244.75,-1210.75,0,TU
203.75,-1210.25,0,TU
-26.75,-1209.75,0,TU
-611.75,-1209.25,0,TU
290.75,-1208.75,0,TU
-593.25,-1207.75,0,TU
-266.75,-1204.75,0,TU
-549.75,-1204.75,0,TU
-207.75,-1204.25,0,TU
401.75,-1201.75,0,TU
-39.75,-1201.25,0,TU
-128.75,-1194.75,0,TU
187.75,-1192.25,0,TU
633.75,-1191.25,0,TU
-403.75,-1189.75,0,TU
314.75,-1189.25,0,TU
-533.25,-1186.75,0,TU
123.75,-1183.25,0,TU
422.25,-1180.25,0,TU
215.75,-1177.75,0,TU
335.75,-1171.75,0,TU
-591.75,-1170.25,0,TU
45.75,-1162.25,0,TU
427.25,-1155.75,0,TU
322.25,-1155.25,0,TU
-322.75,-1154.75,0,TU
1174.25,-1152.75,0,TU
349.25,-1149.75,0,TU
-254.75,-1148.25,0,TU
-202.75,-1145.75,0,TU
318.25,-1144.75,0,TU
-373.25,-1142.25,0,TU
439.25,-1141.75,0,TU
-156.75,-1141.25,0,TU
339.75,-1140.25,0,TU
-68.25,-1136.75,0,TU
395.75,-1135.75,0,TU
-351.25,-1135.25,0,TU
-287.25,-1134.75,0,TU
-727.75,-1132.25,0,TU
410.25,-1132.25,0,TU
219.75,-1130.25,0,TU
304.25,-1130.25,0,TU
-91.25,-1128.75,0,TU
-49.25,-1128.25,0,TU
156.25,-1128.25,0,TU
243.75,-1127.75,0,TU
324.75,-1124.25,0,TU
125.25,-1123.25,0,TU
182.25,-1122.75,0,TU
414.25,-1121.75,0,TU
307.75,-1119.25,0,TU
200.25,-1118.75,0,TU
-37.25,-1118.25,0,TU
-107.75,-1116.75,0,TU
151.75,-1111.75,0,TU
256.75,-1108.25,0,TU
38.75,-1107.75,0,TU
129.25,-1107.25,0,TU
208.25,-1106.25,0,TU
328.25,-1105.25,0,TU
225.75,-1104.25,0,TU
-64.25,-1103.75,0,TU
-102.25,-1102.75,0,TU
448.25,-1099.75,0,TU
298.75,-1097.25,0,TU
-81.75,-1094.25,0,TU
425.75,-1092.75,0,TU
141.75,-1092.25,0,TU
-363.75,-1086.75,0,TU
216.75,-1081.75,0,TU
-58.75,-1081.75,0,TU
-261.75,-1081.75,0,TU
-166.25,-1079.75,0,TU
-404.25,-1078.25,0,TU
1020.25,-1077.75,0,TU
419.25,-1074.75,0,TU
-653.75,-1074.25,0,TU
298.75,-1074.25,0,TU
-598.75,-1072.25,0,TU
-95.75,-1070.75,0,TU
-343.25,-1070.25,0,TU
-428.25,-1067.75,0,TU
5.25,-1064.75,0,TU
322.25,-1063.75,0,TU
-184.75,-1056.25,0,TU
-462.75,-1055.25,0,TU
296.75,-1053.75,0,TU
382.75,-1052.75,0,TU
-729.75,-1052.25,0,TU
339.75,-1052.25,0,TU
-258.75,-1048.25,0,TU
400.25,-1047.25,0,TU
1051.25,-1046.25,0,TU
-336.75,-1045.25,0,TU
311.75,-1039.75,0,TU
287.25,-1037.75,0,TU
-39.25,-1037.25,0,TU
386.25,-1035.25,0,TU
327.25,-1033.25,0,TU
346.75,-1031.75,0,TU
-761.75,-1028.75,0,TU
29.75,-1027.25,0,TU
367.75,-1022.75,0,TU
392.25,-1021.25,0,TU
318.25,-1019.25,0,TU
-9.25,-1015.25,0,TU
-403.75,-1012.75,0,TU
-377.75,-1011.25,0,TU
82.75,-1010.75,0,TU
-84.75,-1004.75,0,TU
26.75,-1001.75,0,TU
-195.25,-1000.75,0,TU
-110.25,-1000.25,0,TU
-370.75,-999.25,0,TU
390.75,-997.75,0,TU
-180.75,-993.25,0,TU
-439.75,-987.75,0,TU
399.75,-981.75,0,TU
-1.75,-979.25,0,TU
-492.25,-974.25,0,TU
-720.25,-973.75,0,TU
298.75,-959.75,0,TU
-828.75,-955.75,0,TU
-84.25,-952.25,0,TU
-58.75,-944.25,0,TU
-838.75,-943.75,0,TU
-870.25,-941.25,0,TU
-344.25,-938.25,0,TU
-770.75,-937.25,0,TU
314.75,-936.75,0,TU
-498.25,-933.25,0,TU
-117.25,-929.75,0,TU
341.25,-929.75,0,TU
-79.25,-928.25,0,TU
-258.25,-926.75,0,TU
93.75,-922.75,0,TU
-156.25,-920.25,0,TU
314.75,-920.25,0,TU
1044.75,-919.25,0,TU
-303.25,-917.75,0,TU
250.75,-917.75,0,TU
-828.25,-916.25,0,TU
-230.75,-914.75,0,TU
359.25,-913.75,0,TU
-76.75,-913.25,0,TU
179.75,-911.75,0,TU
-39.75,-906.25,0,TU
-267.25,-902.25,0,TU
71.25,-901.75,0,TU
-790.25,-901.75,0,TU
-326.75,-900.25,0,TU
336.25,-898.25,0,TU
1.25,-896.75,0,TU
-858.25,-895.75,0,TU
-306.25,-894.75,0,TU
-576.25,-893.25,0,TU
216.25,-890.25,0,TU
-281.75,-888.25,0,TU
247.25,-887.75,0,TU
124.25,-886.75,0,TU
-28.75,-886.25,0,TU
-328.25,-884.25,0,TU
192.25,-881.25,0,TU
-46.25,-878.75,0,TU
299.25,-874.75,0,TU
-404.75,-872.75,0,TU
-304.75,-872.25,0,TU
-70.75,-868.75,0,TU
-660.75,-867.75,0,TU
317.75,-867.25,0,TU
-328.75,-865.75,0,TU
-354.25,-865.75,0,TU
-245.75,-860.75,0,TU
276.25,-860.25,0,TU
-266.75,-857.25,0,TU
213.75,-856.25,0,TU
163.25,-852.25,0,TU
-657.75,-851.75,0,TU
-153.25,-850.25,0,TU
-55.75,-849.75,0,TU
-473.25,-848.25,0,TU
-587.75,-846.75,0,TU
-26.25,-845.75,0,TU
135.25,-844.25,0,TU
-396.25,-843.25,0,TU
-189.75,-842.25,0,TU
-441.75,-840.75,0,TU
-76.25,-839.75,0,TU
-864.75,-838.75,0,TU
199.25,-838.25,0,TU
-704.25,-833.75,0,TU
108.25,-833.25,0,TU
240.75,-828.25,0,TU
-95.75,-825.75,0,TU
-526.75,-824.75,0,TU
-622.75,-824.25,0,TU
179.75,-821.75,0,TU
-279.25,-821.25,0,TU
-584.25,-820.75,0,TU
-61.25,-819.75,0,TU
-161.75,-819.25,0,TU
-48.75,-817.75,0,TU
160.75,-817.25,0,TU
-472.75,-816.75,0,TU
-792.75,-816.25,0,TU
-537.75,-815.25,0,TU
-650.25,-814.75,0,TU
-24.75,-814.25,0,TU
-843.75,-813.25,0,TU
-81.25,-811.25,0,TU
207.75,-807.25,0,TU
109.25,-805.25,0,TU
-438.75,-801.25,0,TU
-523.75,-800.75,0,TU
-306.75,-800.25,0,TU
-252.75,-799.75,0,TU
96.75,-799.25,0,TU
58.25,-797.25,0,TU
-576.25,-797.25,0,TU
-627.25,-795.25,0,TU
-484.75,-792.75,0,TU
-172.25,-792.25,0,TU
-546.75,-791.25,0,TU
-36.25,-790.75,0,TU
-707.75,-790.75,0,TU
234.25,-788.75,0,TU
-336.25,-784.25,0,TU
-514.25,-783.25,0,TU
-740.75,-782.25,0,TU
-52.75,-781.25,0,TU
-16.75,-780.25,0,TU
108.25,-778.25,0,TU
-600.25,-776.75,0,TU
193.75,-776.25,0,TU
-178.75,-775.75,0,TU
-382.25,-773.75,0,TU
-365.25,-769.25,0,TU
-199.25,-766.25,0,TU
-635.75,-763.75,0,TU
-660.25,-762.25,0,TU
240.75,-761.25,0,TU
110.75,-761.25,0,TU
-600.75,-756.75,0,TU
-280.25,-752.75,0,TU
-690.25,-750.75,0,TU
-133.75,-749.75,0,TU
-153.75,-746.75,0,TU
-653.25,-739.75,0,TU
-13.75,-738.75,0,TU
632.75,-735.25,0,TU
722.25,-732.25,0,TU
101.75,-727.75,0,TU
-276.25,-726.75,0,TU
-406.75,-726.25,0,TU
-339.75,-725.25,0,TU
-166.25,-723.25,0,TU
-492.25,-721.75,0,TU
-266.25,-719.25,0,TU
-442.25,-717.75,0,TU
-74.25,-710.25,0,TU
699.75,-706.25,0,TU
-3.75,-706.25,0,TU
50.25,-706.25,0,TU
-314.25,-695.75,0,TU
36.75,-689.25,0,TU
71.75,-688.25,0,TU
-6.25,-681.75,0,TU
127.25,-679.75,0,TU
-251.25,-679.25,0,TU
-450.75,-670.25,0,TU
15.25,-669.75,0,TU
40.75,-656.75,0,TU
920.75,-650.25,0,TU
-853.75,-648.75,0,TU
-371.75,-643.25,0,TU
-323.75,-641.75,0,TU
-253.75,-629.75,0,TU
115.25,-625.25,0,TU
-85.25,-624.75,0,TU
-178.25,-621.75,0,TU
89.75,-620.25,0,TU
-336.25,-620.25,0,TU
-50.25,-618.25,0,TU
11.25,-606.75,0,TU
110.75,-601.25,0,TU
-572.75,-601.25,0,TU
73.25,-599.25,0,TU
-227.25,-595.25,0,TU
-12.25,-593.75,0,TU
-204.25,-588.75,0,TU
-667.25,-587.75,0,TU
77.25,-581.75,0,TU
-45.75,-578.25,0,TU
-11.75,-577.25,0,TU
-129.25,-576.75,0,TU
-867.75,-574.75,0,TU
-559.25,-574.25,0,TU
-519.25,-570.75,0,TU
-709.75,-563.75,0,TU
-675.75,-563.25,0,TU
735.75,-560.75,0,TU
-305.75,-558.75,0,TU
-336.75,-555.25,0,TU
-553.75,-552.25,0,TU
-752.75,-546.75,0,TU
-81.25,-544.25,0,TU
-671.75,-543.75,0,TU
-693.25,-538.75,0,TU
-288.75,-537.75,0,TU
-275.75,-537.75,0,TU
-100.75,-536.75,0,TU
-556.25,-534.25,0,TU
705.75,-531.25,0,TU
173.25,-530.25,0,TU
-304.25,-530.25,0,TU
563.75,-525.75,0,TU
-770.75,-521.25,0,TU
-558.75,-518.25,0,TU
-708.25,-515.75,0,TU
521.75,-515.25,0,TU
-316.75,-513.25,0,TU
-205.75,-508.25,0,TU
-184.25,-504.25,0,TU
-231.25,-501.25,0,TU
-149.25,-500.75,0,TU
-338.75,-498.75,0,TU
-584.75,-495.75,0,TU
4.25,-493.25,0,TU
-606.75,-492.25,0,TU
-568.75,-492.25,0,TU
-321.75,-487.25,0,TU
-170.75,-487.25,0,TU
-538.75,-485.75,0,TU
-345.75,-480.75,0,TU
-371.25,-479.75,0,TU
-491.75,-479.75,0,TU
-236.75,-478.25,0,TU
-704.25,-477.25,0,TU
35.75,-476.75,0,TU
525.25,-476.25,0,TU
-291.25,-474.25,0,TU
-85.25,-470.75,0,TU
-58.25,-469.75,0,TU
482.75,-465.75,0,TU
-201.25,-463.75,0,TU
18.25,-460.25,0,TU
-610.75,-459.25,0,TU
-310.25,-458.25,0,TU
-171.25,-457.75,0,TU
-796.25,-457.25,0,TU
-538.25,-456.75,0,TU
45.25,-454.75,0,TU
-205.75,-452.25,0,TU
-603.25,-449.25,0,TU
-166.75,-448.75,0,TU
-91.75,-448.25,0,TU
-882.75,-446.25,0,TU
-273.75,-445.25,0,TU
-352.25,-445.25,0,TU
-450.75,-444.75,0,TU
-573.75,-444.25,0,TU
24.25,-437.25,0,TU
-530.25,-436.25,0,TU
49.25,-435.25,0,TU
-196.25,-434.75,0,TU
76.75,-433.75,0,TU
-399.75,-433.25,0,TU
4.75,-432.25,0,TU
-688.75,-431.25,0,TU
-348.75,-431.25,0,TU
-325.25,-430.25,0,TU
-719.25,-430.25,0,TU
-605.25,-428.75,0,TU
-223.25,-427.75,0,TU
-882.75,-426.25,0,TU
-546.25,-423.25,0,TU
-75.25,-422.75,0,TU
-62.25,-420.25,0,TU
472.25,-418.75,0,TU
57.75,-414.25,0,TU
-796.75,-414.25,0,TU
-165.25,-413.75,0,TU
-351.25,-411.25,0,TU
17.75,-411.25,0,TU
-727.75,-410.75,0,TU
3.75,-409.25,0,TU
-448.75,-404.25,0,TU
-195.25,-404.25,0,TU
37.75,-403.25,0,TU
-134.75,-402.75,0,TU
-289.25,-399.25,0,TU
-748.75,-398.25,0,TU
-209.75,-396.75,0,TU
-667.75,-396.25,0,TU
-464.75,-393.25,0,TU
-320.75,-392.75,0,TU
-763.75,-391.75,0,TU
-672.75,-385.75,0,TU
-224.75,-382.25,0,TU
-302.25,-375.75,0,TU
-601.75,-375.75,0,TU
-147.25,-375.75,0,TU
-198.75,-375.25,0,TU
-533.25,-374.25,0,TU
-627.25,-367.25,0,TU
-729.25,-364.25,0,TU
-423.75,-362.25,0,TU
-760.75,-361.75,0,TU
-328.25,-360.75,0,TU
-237.75,-358.75,0,TU
-300.25,-357.75,0,TU
-124.75,-353.25,0,TU
-460.75,-352.25,0,TU
70.25,-351.75,0,TU
-713.75,-349.75,0,TU
-541.25,-349.25,0,TU
-272.75,-344.25,0,TU
-154.25,-342.75,0,TU
-613.75,-339.25,0,TU
-78.75,-338.25,0,TU
-97.75,-327.25,0,TU
-59.25,-325.25,0,TU
-789.75,-324.75,0,TU
-264.25,-322.75,0,TU
-80.75,-320.25,0,TU
-615.25,-314.25,0,TU
-807.25,-310.75,0,TU
-669.75,-310.25,0,TU
-51.75,-308.25,0,TU
-302.25,-306.25,0,TU
-288.75,-306.25,0,TU
564.25,-305.25,0,TU
-90.75,-303.25,0,TU
-636.75,-302.25,0,TU
-587.75,-301.25,0,TU
-278.25,-300.25,0,TU
-819.75,-295.25,0,TU
-425.25,-289.75,0,TU
-335.75,-288.25,0,TU
-555.75,-286.75,0,TU
-51.25,-286.75,0,TU
-798.75,-286.75,0,TU
-713.75,-277.75,0,TU
-18.75,-276.75,0,TU
-341.75,-271.25,0,TU
614.75,-269.25,0,TU
-417.25,-268.75,0,TU
-822.25,-268.75,0,TU
-936.25,-264.25,0,TU
-740.75,-262.25,0,TU
-962.75,-261.75,0,TU
-653.75,-257.75,0,TU
-440.75,-255.75,0,TU
-627.75,-251.25,0,TU
-543.25,-250.75,0,TU
-401.75,-249.75,0,TU
-510.25,-248.75,0,TU
-315.75,-246.75,0,TU
-732.25,-244.75,0,TU
-356.75,-240.75,0,TU
-151.75,-239.25,0,TU
-437.25,-234.75,0,TU
-138.25,-232.25,0,TU
-767.25,-228.75,0,TU
-339.25,-228.25,0,TU
-400.25,-224.75,0,TU
-130.25,-223.25,0,TU
106.75,-221.75,0,TU
-182.75,-208.25,0,TU
-636.25,-207.75,0,TU
-597.25,-206.75,0,TU
-778.75,-204.75,0,TU
-149.25,-204.25,0,TU
-125.25,-203.75,0,TU
-371.75,-200.75,0,TU
-444.75,-200.25,0,TU
-270.75,-196.75,0,TU
-397.75,-193.75,0,TU
43.75,-191.25,0,TU
-597.25,-189.75,0,TU
-763.75,-188.25,0,TU
-317.25,-186.25,0,TU
-717.25,-185.75,0,TU
-790.75,-185.25,0,TU
-823.25,-184.75,0,TU
-124.25,-184.75,0,TU
-700.75,-183.75,0,TU
-100.25,-183.75,0,TU
-534.25,-179.75,0,TU
-660.75,-179.25,0,TU
596.25,-179.25,0,TU
-465.75,-177.25,0,TU
314.25,-174.25,0,TU
-557.75,-173.75,0,TU
-86.25,-170.75,0,TU
-739.25,-169.75,0,TU
-67.25,-168.75,0,TU
-591.75,-168.75,0,TU
-679.25,-167.25,0,TU
-213.75,-164.25,0,TU
-122.25,-159.75,0,TU
-641.25,-158.25,0,TU
-617.75,-157.75,0,TU
-773.75,-157.25,0,TU
-406.75,-151.25,0,TU
-428.75,-148.25,0,TU
-590.25,-143.75,0,TU
-562.25,-143.25,0,TU
-272.25,-143.25,0,TU
-98.75,-143.25,0,TU
-487.75,-143.25,0,TU
-369.25,-140.75,0,TU
-213.75,-139.25,0,TU
-244.75,-137.75,0,TU
-123.25,-134.25,0,TU
-646.75,-127.75,0,TU
-1002.75,-127.75,0,TU
-685.25,-127.25,0,TU
-964.25,-125.75,0,TU
-472.75,-125.75,0,TU
-723.25,-124.25,0,TU
-777.75,-120.75,0,TU
-113.25,-120.75,0,TU
-233.75,-119.75,0,TU
-515.25,-118.75,0,TU
-91.75,-114.75,0,TU
-211.75,-112.75,0,TU
-134.75,-110.25,0,TU
402.25,-107.25,0,TU
-116.25,-107.25,0,TU
-705.75,-101.75,0,TU
-992.25,-101.75,0,TU
523.75,-100.25,0,TU
-236.25,-94.75,0,TU
-1215.75,-92.25,0,TU
-46.25,-90.25,0,TU
-656.25,-89.75,0,TU
-477.75,-88.75,0,TU
-620.75,-88.25,0,TU
-170.25,-87.25,0,TU
-105.75,-85.25,0,TU
-218.25,-82.25,0,TU
-120.25,-82.25,0,TU
423.75,-81.75,0,TU
-582.75,-80.75,0,TU
-178.25,-79.75,0,TU
-1047.25,-79.25,0,TU
-505.25,-78.75,0,TU
-77.75,-77.75,0,TU
-1198.25,-76.75,0,TU
-564.75,-76.75,0,TU
-1108.25,-74.25,0,TU
-352.25,-72.75,0,TU
-1081.75,-72.25,0,TU
-939.75,-69.75,0,TU
-881.75,-68.25,0,TU
-692.75,-67.75,0,TU
-640.25,-66.75,0,TU
-963.25,-66.75,0,TU
-912.75,-65.75,0,TU
-613.75,-64.25,0,TU
-722.75,-63.75,0,TU
-1019.75,-62.25,0,TU
-987.25,-62.25,0,TU
-827.75,-62.25,0,TU
-330.25,-61.25,0,TU
-411.25,-60.25,0,TU
-551.25,-55.75,0,TU
-852.75,-55.25,0,TU
-1240.25,-53.75,0,TU
-364.75,-52.75,0,TU
-396.25,-51.25,0,TU
-1164.75,-49.25,0,TU
-1035.75,-46.75,0,TU
-942.75,-45.75,0,TU
-918.25,-44.25,0,TU
-345.75,-44.25,0,TU
-763.25,-42.25,0,TU
-325.25,-41.75,0,TU
-1185.25,-41.25,0,TU
-879.75,-40.25,0,TU
45.75,-38.75,0,TU
-1136.25,-37.25,0,TU
-370.25,-36.25,0,TU
-1215.75,-34.75,0,TU
-246.75,-32.75,0,TU
-291.75,-31.25,0,TU
-584.25,-31.25,0,TU
-955.75,-30.75,0,TU
-392.25,-30.75,0,TU
-846.25,-28.25,0,TU
-1147.25,-27.75,0,TU
-887.75,-27.25,0,TU
-522.25,-23.25,0,TU
-1055.25,-22.75,0,TU
-1019.75,-21.75,0,TU
-353.75,-20.75,0,TU
-1072.75,-19.25,0,TU
-767.75,-18.75,0,TU
-628.75,-17.75,0,TU
-1241.75,-16.25,0,TU
-1294.25,-16.25,0,TU
-35.75,-15.75,0,TU
-1093.25,-13.25,0,TU
-941.75,-11.25,0,TU
-571.25,-10.75,0,TU
-458.75,-10.75,0,TU
-610.75,-10.25,0,TU
292.75,-10.25,0,TU
-379.75,-9.25,0,TU
-909.25,-5.25,0,TU
98.25,-4.25,0,TU
-537.75,-3.25,0,TU
-839.75,-3.25,0,TU
-921.25,-2.75,0,TU
127.75,-2.75,0,TU
-591.75,-2.75,0,TU
-884.25,-2.25,0,TU
-1043.25,1.75,0,TU
-734.75,3.75,0,TU
-797.75,4.25,0,TU
-410.25,4.75,0,TU
-1009.25,5.75,0,TU
-431.75,7.25,0,TU
-248.75,7.75,0,TU
-617.25,8.25,0,TU
-589.75,11.25,0,TU
-494.25,12.25,0,TU
-836.75,12.25,0,TU
-1105.25,13.75,0,TU
-1288.25,13.75,0,TU
-1177.25,14.75,0,TU
-769.75,14.75,0,TU
-1056.25,15.75,0,TU
-942.25,16.25,0,TU
-635.25,17.25,0,TU
-273.25,18.25,0,TU
-995.25,18.25,0,TU
-544.25,18.75,0,TU
-905.25,20.25,0,TU
607.25,20.75,0,TU
-652.25,23.25,0,TU
-1034.25,25.25,0,TU
-455.25,26.25,0,TU
-1070.25,26.75,0,TU
-1235.25,27.25,0,TU
-377.75,28.25,0,TU
-1006.75,28.25,0,TU
-1287.75,34.75,0,TU
-418.75,35.75,0,TU
-990.75,36.25,0,TU
-305.75,36.25,0,TU
-876.25,36.75,0,TU
-854.75,39.75,0,TU
-477.25,43.25,0,TU
-328.25,44.25,0,TU
-834.75,44.75,0,TU
-812.25,45.25,0,TU
-1070.75,48.25,0,TU
-1351.75,48.25,0,TU
-727.75,49.25,0,TU
-1103.75,49.75,0,TU
439.25,49.75,0,TU
-343.25,52.25,0,TU
-1031.75,52.75,0,TU
-375.75,52.75,0,TU
-229.75,53.25,0,TU
-483.25,56.25,0,TU
-862.75,57.25,0,TU
-561.75,58.25,0,TU
-839.25,59.75,0,TU
418.25,62.25,0,TU
133.25,66.25,0,TU
-1357.75,67.75,0,TU
-366.25,70.75,0,TU
-548.25,72.75,0,TU
-1267.75,74.75,0,TU
-848.25,75.75,0,TU
-818.75,75.75,0,TU
-947.75,78.75,0,TU
-1341.75,80.25,0,TU
-604.25,80.25,0,TU
-584.25,81.25,0,TU
-1003.25,81.25,0,TU
-881.75,81.75,0,TU
-345.75,81.75,0,TU
-973.25,82.25,0,TU
507.25,82.75,0,TU
-319.75,82.75,0,TU
-743.75,83.25,0,TU
-641.75,90.25,0,TU
-219.75,90.25,0,TU
-304.75,91.25,0,TU
-230.75,92.75,0,TU
-192.75,92.75,0,TU
-815.25,98.25,0,TU
-791.75,99.25,0,TU
-869.75,100.75,0,TU
-315.75,102.25,0,TU
-269.25,102.25,0,TU
304.75,102.75,0,TU
-1268.75,103.25,0,TU
-984.75,107.75,0,TU
-1012.25,109.25,0,TU
93.75,109.75,0,TU
205.75,110.25,0,TU
-754.75,110.75,0,TU
-340.75,111.25,0,TU
-1249.75,112.25,0,TU
-668.25,112.75,0,TU
-1096.25,112.75,0,TU
-517.25,112.75,0,TU
-954.25,113.25,0,TU
-638.75,114.75,0,TU
-832.25,115.25,0,TU
-1199.75,115.75,0,TU
-1291.25,116.25,0,TU
-1386.75,117.25,0,TU
-901.25,120.75,0,TU
-217.25,120.75,0,TU
-1226.25,126.75,0,TU
-849.75,127.25,0,TU
-267.75,128.25,0,TU
-1101.75,129.25,0,TU
-1327.25,130.75,0,TU
-242.25,131.75,0,TU
-738.75,132.25,0,TU
-1347.75,132.25,0,TU
-1073.25,133.25,0,TU
-516.75,138.75,0,TU
-1266.75,138.75,0,TU
-1188.75,139.25,0,TU
-627.25,139.75,0,TU
-486.25,139.75,0,TU
-787.75,141.75,0,TU
-1432.25,142.25,0,TU
-748.75,144.75,0,TU
265.25,145.25,0,TU
500.75,145.75,0,TU
-1097.75,145.75,0,TU
-357.25,147.75,0,TU
-973.75,148.75,0,TU
-614.75,149.75,0,TU
-1153.25,151.75,0,TU
-651.25,152.75,0,TU
-1244.75,154.75,0,TU
-698.25,156.25,0,TU
-893.75,156.75,0,TU
-723.75,157.25,0,TU
-805.75,157.25,0,TU
-769.25,158.25,0,TU
-497.75,159.75,0,TU
-875.75,160.25,0,TU
-745.75,160.25,0,TU
-639.25,161.25,0,TU
-1353.25,161.75,0,TU
-522.25,162.25,0,TU
-1319.75,163.75,0,TU
-681.75,164.25,0,TU
338.25,165.25,0,TU
-620.25,167.75,0,TU
-783.25,168.75,0,TU
-867.75,170.75,0,TU
-493.75,171.25,0,TU
-544.75,172.75,0,TU
-1127.25,173.25,0,TU
-295.75,175.25,0,TU
-1011.75,177.25,0,TU
-1361.75,177.75,0,TU
-798.75,178.75,0,TU
-1333.25,178.75,0,TU
-963.75,179.25,0,TU
-640.75,180.25,0,TU
-853.25,180.75,0,TU
-991.25,183.25,0,TU
-670.75,184.25,0,TU
355.75,184.25,0,TU
549.75,189.75,0,TU
-529.75,192.25,0,TU
-1050.75,192.75,0,TU
-839.75,193.25,0,TU
-16.25,193.25,0,TU
-1403.25,193.75,0,TU
-1140.25,194.25,0,TU
-762.25,194.75,0,TU
-1375.25,195.75,0,TU
-1339.25,196.25,0,TU
-35.25,197.75,0,TU
-980.25,197.75,0,TU
-1424.75,197.75,0,TU
-685.75,199.25,0,TU
-1085.25,202.75,0,TU
-1309.25,204.25,0,TU
-888.25,205.25,0,TU
-1485.25,205.75,0,TU
517.75,205.75,0,TU
-976.25,210.75,0,TU
-772.25,212.25,0,TU
-578.25,212.75,0,TU
-938.75,215.75,0,TU
-360.75,215.75,0,TU
-1063.25,217.25,0,TU
-1385.25,217.25,0,TU
-1147.75,217.75,0,TU
-1177.25,218.25,0,TU
72.75,218.25,0,TU
-1359.75,218.75,0,TU
-696.25,220.25,0,TU
-1269.25,225.25,0,TU
-1376.25,225.75,0,TU
-439.25,226.25,0,TU
-506.75,228.25,0,TU
-652.75,228.25,0,TU
546.25,229.25,0,TU
-585.75,229.75,0,TU
-985.25,230.25,0,TU
-516.75,230.25,0,TU
-1305.75,230.75,0,TU
-893.75,231.75,0,TU
-1432.75,232.25,0,TU
-1092.75,232.25,0,TU
-1051.25,234.25,0,TU
459.25,240.25,0,TU
-1367.25,240.25,0,TU
-1380.25,240.75,0,TU
-1220.25,242.25,0,TU
-746.25,243.75,0,TU
-1347.75,244.25,0,TU
-525.25,246.25,0,TU
-905.75,248.25,0,TU
-969.75,248.75,0,TU
-1103.75,250.25,0,TU
-1444.25,251.75,0,TU
-428.75,252.75,0,TU
-1078.75,253.25,0,TU
-567.25,254.25,0,TU
-761.25,254.75,0,TU
-991.75,255.25,0,TU
-1057.75,257.75,0,TU
-953.25,260.25,0,TU
-1359.75,260.25,0,TU
-1313.25,260.75,0,TU
207.75,262.25,0,TU
154.25,263.75,0,TU
248.25,268.75,0,TU
-1035.75,268.75,0,TU
-773.25,269.75,0,TU
-662.75,270.75,0,TU
-525.75,277.25,0,TU
-493.25,277.75,0,TU
-1209.75,278.25,0,TU
-997.75,278.75,0,TU
-1060.25,281.25,0,TU
-1177.75,282.25,0,TU
-446.75,284.75,0,TU
-1096.75,285.75,0,TU
-879.75,286.75,0,TU
-1219.75,288.25,0,TU
-775.25,288.75,0,TU
-487.25,289.25,0,TU
393.75,289.75,0,TU
308.25,290.25,0,TU
-1383.75,290.75,0,TU
448.25,291.25,0,TU
-981.25,291.25,0,TU
100.75,294.25,0,TU
382.75,297.75,0,TU
-861.75,301.75,0,TU
-904.25,301.75,0,TU
-516.75,302.25,0,TU
-1332.75,303.75,0,TU
-1188.25,307.75,0,TU
-933.75,310.75,0,TU
469.75,312.75,0,TU
-757.75,313.25,0,TU
-914.25,316.25,0,TU
-518.25,318.25,0,TU
441.25,318.75,0,TU
251.25,319.75,0,TU
-680.25,322.75,0,TU
-1108.25,323.75,0,TU
493.75,325.25,0,TU
-972.75,327.25,0,TU
-1004.75,327.75,0,TU
-524.75,329.25,0,TU
-1206.25,335.75,0,TU
-904.75,338.25,0,TU
-1330.75,339.75,0,TU
-798.25,343.25,0,TU
-1247.75,343.25,0,TU
-932.25,345.25,0,TU
-541.25,345.75,0,TU
-622.75,348.25,0,TU
-1350.75,349.75,0,TU
453.25,351.25,0,TU
-1024.75,351.25,0,TU
-1175.25,353.25,0,TU
499.75,353.25,0,TU
-561.75,353.75,0,TU
-496.25,353.75,0,TU
-1202.25,355.25,0,TU
-1228.75,357.25,0,TU
-1300.75,358.75,0,TU
-471.75,361.75,0,TU
-1154.25,362.25,0,TU
-981.25,363.25,0,TU
-1055.25,365.25,0,TU
-1205.25,365.75,0,TU
-1371.75,366.25,0,TU
-944.25,366.25,0,TU
-820.75,369.25,0,TU
-1339.75,369.75,0,TU
-1110.75,369.75,0,TU
-629.75,375.75,0,TU
-574.75,377.75,0,TU
-551.75,379.75,0,TU
-805.75,386.25,0,TU
-917.75,387.25,0,TU
-1334.75,388.75,0,TU
-988.75,395.25,0,TU
-601.25,395.25,0,TU
-788.25,396.75,0,TU
-1362.25,399.75,0,TU
-759.25,400.25,0,TU
-1308.75,400.25,0,TU
-724.75,409.25,0,TU
-1321.75,409.75,0,TU
-557.75,412.25,0,TU
-1338.75,412.25,0,TU
-1297.75,413.25,0,TU
-1153.25,414.25,0,TU
-449.75,414.75,0,TU
-1023.75,416.25,0,TU
-1252.25,419.25,0,TU
-1229.75,420.25,0,TU
-1128.25,420.75,0,TU
-486.25,423.75,0,TU
-1281.75,425.75,0,TU
-1314.25,429.75,0,TU
-1185.25,429.75,0,TU
-517.75,430.25,0,TU
-984.75,431.25,0,TU
-1238.75,433.75,0,TU
-1217.25,435.25,0,TU
-1349.75,442.75,0,TU
-1030.25,443.25,0,TU
-1067.25,446.75,0,TU
-1162.75,449.75,0,TU
-1246.75,451.25,0,TU
-1268.25,452.75,0,TU
-1118.25,454.75,0,TU
-1220.25,460.25,0,TU
-1151.25,460.25,0,TU
-1051.25,461.75,0,TU
-1311.25,462.25,0,TU
-1424.25,463.25,0,TU
-1029.25,464.75,0,TU
-676.25,466.75,0,TU
-512.25,467.25,0,TU
-729.75,469.75,0,TU
-1283.75,470.25,0,TU
-612.25,475.75,0,TU
-841.25,477.25,0,TU
-1235.25,478.25,0,TU
-777.25,485.75,0,TU
-942.75,491.75,0,TU
-925.25,497.25,0,TU
-1014.25,497.75,0,TU
-795.75,499.75,0,TU
-1115.75,500.25,0,TU
-1223.25,505.25,0,TU
-995.75,505.25,0,TU
-913.25,505.75,0,TU
-962.75,505.75,0,TU
-1140.75,505.75,0,TU
-716.25,508.25,0,TU
-573.75,510.75,0,TU
-1163.75,511.25,0,TU
-1089.25,517.75,0,TU
-652.25,517.75,0,TU
-628.75,519.75,0,TU
-604.75,521.75,0,TU
-949.75,526.25,0,TU
-1116.25,528.75,0,TU
-765.25,528.75,0,TU
-1440.75,532.75,0,TU
-577.75,534.75,0,TU
-666.75,537.25,0,TU
-1134.25,542.25,0,TU
-1312.75,545.75,0,TU
-619.25,546.25,0,TU
-897.25,549.25,0,TU
-1194.25,550.25,0,TU
-967.75,550.75,0,TU
-946.75,550.75,0,TU
-1282.75,551.25,0,TU
-644.75,553.25,0,TU
-776.25,553.75,0,TU
-1155.75,553.75,0,TU
-853.25,555.75,0,TU
-1110.25,557.25,0,TU
-1000.75,558.25,0,TU
-1356.25,559.25,0,TU
-1094.25,560.75,0,TU
-697.25,568.25,0,TU
-629.25,569.75,0,TU
-647.75,572.25,0,TU
-1143.25,573.25,0,TU
-968.75,582.25,0,TU
-1305.75,582.75,0,TU
-1123.25,586.25,0,TU
-1332.75,587.75,0,TU
-1053.75,590.25,0,TU
-1085.75,594.25,0,TU
-1365.25,594.75,0,TU
-877.25,596.25,0,TU
-1415.25,597.25,0,TU
-830.25,598.25,0,TU
-1488.75,598.75,0,TU
-622.25,601.75,0,TU
-529.75,605.75,0,TU
-854.75,607.25,0,TU
-1316.75,607.25,0,TU
-1193.25,608.75,0,TU
-1286.75,610.75,0,TU
-1215.25,611.75,0,TU
-557.25,612.75,0,TU
-1431.25,613.75,0,TU
-1117.75,615.25,0,TU
-711.75,618.75,0,TU
-1376.75,619.25,0,TU
-910.75,632.75,0,TU
-690.25,633.75,0,TU
-530.25,634.75,0,TU
-865.25,634.75,0,TU
-1366.25,637.75,0,TU
-1482.75,639.25,0,TU
-982.75,640.25,0,TU
-1444.75,640.75,0,TU
-1388.25,644.25,0,TU
-626.75,649.75,0,TU
-538.25,651.25,0,TU
-952.25,652.75,0,TU
-1463.75,653.75,0,TU
-710.25,660.75,0,TU
-1005.75,665.25,0,TU
-512.75,666.25,0,TU
-1400.25,668.75,0,TU
-546.75,669.25,0,TU
-1220.25,674.75,0,TU
-730.75,677.75,0,TU
-620.25,681.25,0,TU
-785.25,690.25,0,TU
-911.75,693.25,0,TU
-686.75,699.25,0,TU
-1524.25,705.25,0,TU
-1552.75,707.25,0,TU
-590.75,711.75,0,TU
-549.75,717.25,0,TU
-776.75,718.25,0,TU
-614.75,720.25,0,TU
-898.25,727.25,0,TU
-783.75,733.25,0,TU
-964.25,737.25,0,TU
-1363.25,756.25,0,TU
-553.75,756.75,0,TU
-647.25,760.25,0,TU
-1345.25,769.75,0,TU
-871.75,770.75,0,TU
-1323.75,771.75,0,TU
-700.25,777.75,0,TU
-1361.25,780.25,0,TU
-802.25,781.25,0,TU
-767.75,784.75,0,TU
-673.25,794.25,0,TU
-550.25,802.25,0,TU
-1369.25,802.25,0,TU
-876.75,802.75,0,TU
-1315.75,805.25,0,TU
-819.75,812.25,0,TU
-1507.75,812.75,0,TU
-1293.75,814.75,0,TU
-576.25,825.25,0,TU
-1042.75,825.75,0,TU
-785.75,825.75,0,TU
-1449.75,830.25,0,TU
-559.25,830.75,0,TU
-817.25,833.75,0,TU
-616.75,837.75,0,TU
-843.25,840.75,0,TU
-881.75,841.75,0,TU
-1258.25,844.25,0,TU
-798.75,847.25,0,TU
-555.75,850.25,0,TU
-1350.75,850.75,0,TU
-578.75,857.25,0,TU
-1465.75,857.25,0,TU
-1020.25,869.25,0,TU
-1500.75,869.75,0,TU
-1452.75,871.75,0,TU
-731.75,876.25,0,TU
-1294.25,876.25,0,TU
-617.25,877.25,0,TU
-1338.75,878.25,0,TU
-1038.25,881.25,0,TU
-1401.75,881.75,0,TU
-576.25,887.25,0,TU
-627.25,900.75,0,TU
-732.25,903.75,0,TU
-1049.75,905.75,0,TU
-602.25,908.25,0,TU
-1024.75,910.75,0,TU
-998.75,912.75,0,TU
-632.75,913.25,0,TU
-817.75,917.75,0,TU
-947.25,925.25,0,TU
-1366.75,930.25,0,TU
-1346.25,934.75,0,TU
-630.25,938.25,0,TU
-734.75,938.75,0,TU
-720.75,939.25,0,TU
-1213.75,949.75,0,TU
-1178.75,954.75,0,TU
-1309.75,955.75,0,TU
-842.25,956.25,0,TU
-1468.75,958.75,0,TU
-1264.25,959.75,0,TU
-1384.25,964.75,0,TU
-732.75,967.25,0,TU
-1003.25,970.75,0,TU
-1365.25,970.75,0,TU
-1425.75,973.25,0,TU
-1448.25,974.75,0,TU
-1305.25,975.25,0,TU
-1392.75,986.25,0,TU
-1177.75,987.25,0,TU
-869.25,989.75,0,TU
-1221.25,991.25,0,TU
-1334.25,991.75,0,TU
-950.75,992.25,0,TU
-1410.25,995.25,0,TU
-1148.75,995.25,0,TU
-1378.25,1001.75,0,TU
-1425.25,1005.25,0,TU
-1358.25,1011.25,0,TU
-1440.75,1014.75,0,TU
-1310.75,1015.25,0,TU
-975.75,1016.25,0,TU
-1204.25,1022.25,0,TU
-787.25,1025.75,0,TU
-1060.25,1027.25,0,TU
-1442.25,1040.25,0,TU
-1273.75,1041.75,0,TU
-991.75,1045.75,0,TU
-1178.75,1046.75,0,TU
-1370.75,1049.75,0,TU
-919.25,1057.25,0,TU
-1416.75,1065.25,0,TU
-1285.75,1069.75,0,TU
-1135.25,1070.75,0,TU
-1355.25,1078.25,0,TU
-1250.75,1078.75,0,TU
-1029.25,1079.25,0,TU
-1433.75,1079.75,0,TU
-710.25,1082.75,0,TU
-1273.75,1085.25,0,TU
-1119.75,1093.25,0,TU
-1078.75,1094.75,0,TU
-1356.75,1096.25,0,TU
-845.25,1101.75,0,TU
-1310.25,1113.75,0,TU
-1040.75,1114.25,0,TU
-1363.25,1123.75,0,TU
-1066.25,1125.25,0,TU
-1338.75,1130.25,0,TU
-919.75,1130.25,0,TU
-1375.75,1134.75,0,TU
-1046.75,1139.25,0,TU
-1027.25,1142.75,0,TU
-997.75,1145.25,0,TU
-867.25,1146.75,0,TU
-908.25,1149.75,0,TU
-1371.25,1153.75,0,TU
-1324.75,1155.75,0,TU
-1939.75,1156.25,0,TU
-813.75,1158.75,0,TU
-1203.25,1163.25,0,TU
-961.75,1163.25,0,TU
-1951.75,1169.25,0,TU
-1307.25,1171.25,0,TU
-1389.75,1174.75,0,TU
-1223.75,1175.25,0,TU
-902.75,1182.25,0,TU
-881.75,1183.25,0,TU
-1503.75,1188.25,0,TU
-828.75,1194.25,0,TU
-1209.25,1195.75,0,TU
-1126.25,1196.75,0,TU
-994.25,1198.75,0,TU
-1344.25,1199.75,0,TU
-884.25,1206.25,0,TU
-1284.75,1208.25,0,TU
-1420.75,1210.75,0,TU
-1454.75,1211.25,0,TU
-1086.25,1211.25,0,TU
-1331.25,1213.25,0,TU
-1118.75,1213.25,0,TU
-922.25,1216.25,0,TU
-987.75,1221.25,0,TU
-1312.25,1224.25,0,TU
-889.75,1224.75,0,TU
-1221.25,1229.25,0,TU
-1337.75,1237.75,0,TU
-915.25,1239.75,0,TU
-1282.75,1240.75,0,TU
-1141.25,1242.25,0,TU
-1103.75,1251.25,0,TU
-1380.75,1252.25,0,TU
-993.25,1253.25,0,TU
-1353.75,1253.75,0,TU
-916.75,1256.25,0,TU
-959.75,1256.25,0,TU
-1471.75,1258.25,0,TU
-1309.25,1260.75,0,TU
-1596.25,1266.75,0,TU
-1537.25,1267.75,0,TU
-1254.75,1271.25,0,TU
-1387.75,1272.75,0,TU
-939.25,1274.25,0,TU
-1486.25,1275.75,0,TU
-1407.75,1276.25,0,TU
-1504.25,1276.25,0,TU
-919.75,1277.25,0,TU
-1441.75,1280.25,0,TU
-966.75,1281.25,0,TU
-1157.25,1282.25,0,TU
-1578.75,1284.75,0,TU
-1127.25,1287.25,0,TU
-1359.75,1287.75,0,TU
-984.75,1290.25,0,TU
-1109.25,1294.75,0,TU
-1054.25,1298.75,0,TU
-951.25,1299.25,0,TU
-1448.75,1300.75,0,TU
-1562.25,1303.25,0,TU
-907.25,1303.25,0,TU
-1422.75,1303.25,0,TU
-1165.25,1303.25,0,TU
-1092.25,1305.75,0,TU
-1502.25,1314.75,0,TU
-1396.25,1317.75,0,TU
-1201.25,1319.75,0,TU
-1469.25,1322.75,0,TU
-1313.25,1327.25,0,TU
-1436.25,1330.25,0,TU
-1259.25,1337.25,0,TU
-1140.25,1339.25,0,TU
-1010.25,1339.75,0,TU
-1501.25,1340.25,0,TU
-1332.25,1354.75,0,TU
-1124.75,1357.25,0,TU
-1209.75,1357.25,0,TU
-1401.25,1359.75,0,TU
-1500.25,1362.75,0,TU
-1369.75,1364.75,0,TU
-1442.75,1365.25,0,TU
-1542.25,1370.25,0,TU
-1013.75,1370.25,0,TU
-1478.75,1377.25,0,TU
-993.25,1381.25,0,TU
-1108.25,1381.25,0,TU
-1144.75,1381.75,0,TU
-1408.75,1385.75,0,TU
-1230.75,1387.25,0,TU
-1071.75,1387.75,0,TU
-1193.25,1392.25,0,TU
-1289.75,1400.25,0,TU
-1214.75,1401.75,0,TU
-1560.75,1402.25,0,TU
-1513.25,1407.75,0,TU
-1474.75,1408.75,0,TU
-1324.75,1409.75,0,TU
-1534.75,1410.25,0,TU
-1639.75,1420.25,0,TU
-1492.75,1422.75,0,TU
-1007.75,1423.75,0,TU
-1521.25,1425.75,0,TU
-1230.25,1427.25,0,TU
-1150.75,1427.75,0,TU
-1040.75,1428.75,0,TU
-1371.25,1434.25,0,TU
-1525.75,1446.25,0,TU
-1106.25,1447.25,0,TU
-1146.25,1448.25,0,TU
-990.25,1449.75,0,TU
-1268.75,1453.75,0,TU
-1173.75,1458.75,0,TU
-1350.75,1459.25,0,TU
-1322.25,1464.75,0,TU
-1390.75,1469.25,0,TU
-1275.75,1473.25,0,TU
-1347.25,1476.25,0,TU
-1435.25,1484.75,0,TU
-1243.25,1487.25,0,TU
-1296.25,1488.75,0,TU
-1543.75,1490.25,0,TU
-1105.75,1492.25,0,TU
-1219.75,1492.25,0,TU
-1275.25,1495.25,0,TU
-1316.25,1496.75,0,TU
-1468.75,1502.25,0,TU
-1088.75,1503.75,0,TU
-1359.25,1510.25,0,TU
-1292.25,1515.25,0,TU
-1488.75,1521.25,0,TU
-1315.75,1525.75,0,TU
-1278.75,1529.75,0,TU
-1541.75,1533.75,0,TU
-1511.25,1535.25,0,TU
-1723.25,1541.25,0,TU
-1673.75,1543.75,0,TU
-1202.75,1544.25,0,TU
-1489.25,1548.75,0,TU
-1177.25,1553.25,0,TU
-1141.25,1553.75,0,TU
-1388.75,1554.25,0,TU
-1106.25,1559.75,0,TU
-1357.75,1559.75,0,TU
-1288.75,1560.25,0,TU
-1331.75,1562.75,0,TU
-1667.75,1573.75,0,TU
-1079.25,1574.75,0,TU
-1410.75,1576.25,0,TU
-1264.25,1581.25,0,TU
-1316.25,1584.25,0,TU
-1345.75,1592.75,0,TU
-1392.25,1593.75,0,TU
-1477.25,1595.75,0,TU
-1537.75,1596.25,0,TU
-1126.25,1597.75,0,TU
-1514.75,1599.25,0,TU
-1634.25,1602.75,0,TU
-1664.75,1604.25,0,TU
-1556.75,1604.75,0,TU
-1577.75,1605.25,0,TU
-1395.25,1611.75,0,TU
-1356.75,1615.75,0,TU
-1132.25,1617.25,0,TU
-1180.25,1618.25,0,TU
-1575.75,1625.25,0,TU
-1559.25,1629.25,0,TU
-1370.25,1629.25,0,TU
-1616.25,1629.75,0,TU
-1425.25,1629.75,0,TU
-1280.75,1633.25,0,TU
-1539.75,1633.75,0,TU
-1472.75,1637.75,0,TU
-1382.75,1638.75,0,TU
-1307.75,1645.25,0,TU
-1416.25,1647.25,0,TU
-1158.75,1647.25,0,TU
-1580.25,1647.25,0,TU
-1632.25,1650.25,0,TU
-1556.75,1650.75,0,TU
-1599.75,1652.25,0,TU
-1208.25,1655.25,0,TU
-1660.25,1655.75,0,TU
-1136.25,1657.75,0,TU
-1244.75,1657.75,0,TU
-1229.75,1667.75,0,TU
-1679.75,1667.75,0,TU
-1206.25,1680.75,0,TU
-1138.25,1686.75,0,TU
-1098.25,1691.75,0,TU
-1182.25,1692.25,0,TU
-1248.75,1699.75,0,TU
-1457.25,1700.75,0,TU
-1596.25,1703.75,0,TU
-1545.75,1703.75,0,TU
-1200.75,1708.25,0,TU
-1232.75,1713.75,0,TU
-1506.75,1719.75,0,TU
-1292.75,1721.25,0,TU
-1181.25,1724.25,0,TU
-1540.25,1724.75,0,TU
-1145.75,1725.75,0,TU
-1261.75,1728.75,0,TU
-1218.25,1730.75,0,TU
-1200.75,1731.75,0,TU
-1651.25,1737.75,0,TU
-1166.75,1745.25,0,TU
-1546.25,1745.75,0,TU
-1224.25,1746.25,0,TU
-1379.75,1752.75,0,TU
-1412.75,1766.25,0,TU
-1200.25,1766.75,0,TU
-1269.25,1768.75,0,TU
-1229.75,1775.75,0,TU
-1717.75,1780.25,0,TU
-1286.25,1790.25,0,TU
-1258.75,1791.75,0,TU
-1421.25,1793.25,0,TU
-1225.25,1802.25,0,TU
-1244.25,1807.75,0,TU
-1283.75,1811.25,0,TU
-1224.25,1823.75,0,TU
-1310.25,1831.75,0,TU
-1504.75,1832.75,0,TU
-1423.75,1834.25,0,TU
-1283.25,1835.25,0,TU
-1402.75,1839.25,0,TU
-1241.25,1844.25,0,TU
-1426.75,1844.75,0,TU
-1218.75,1847.25,0,TU
-1264.25,1850.25,0,TU
-1348.25,1851.75,0,TU
-1558.25,1853.25,0,TU
-1487.25,1857.75,0,TU
-1292.25,1860.75,0,TU
-1446.75,1861.25,0,TU
-1233.25,1866.75,0,TU
-1255.25,1866.75,0,TU
-1472.25,1870.75,0,TU
-1404.75,1870.75,0,TU
-1356.25,1872.75,0,TU
-1323.25,1872.75,0,TU
-1273.25,1873.25,0,TU
-1306.75,1873.25,0,TU
-391.75,1874.25,0,TU
-1328.25,1880.75,0,TU
-1497.25,1883.25,0,TU
-1553.75,1885.25,0,TU
-1385.75,1885.25,0,TU
-1202.75,1891.75,0,TU
-551.75,1891.75,0,TU
-1373.25,1896.25,0,TU
-1308.25,1899.25,0,TU
-1343.25,1899.25,0,TU
-1466.25,1900.75,0,TU
-1513.25,1905.25,0,TU
-1477.75,1905.75,0,TU
-559.75,1908.25,0,TU
-1550.75,1910.75,0,TU
-1483.75,1914.75,0,TU
-1441.25,1915.25,0,TU
-1228.75,1917.25,0,TU
-1253.25,1921.75,0,TU
-351.25,1923.75,0,TU
-503.25,1924.75,0,TU
-1331.25,1926.25,0,TU
-1385.25,1929.75,0,TU
-1473.25,1929.75,0,TU
-572.25,1931.75,0,TU
-1509.25,1932.25,0,TU
-1436.75,1934.75,0,TU
-409.25,1938.25,0,TU
-1394.25,1939.75,0,TU
-1297.25,1941.75,0,TU
-555.75,1942.75,0,TU
-1325.25,1946.75,0,TU
-1262.75,1947.25,0,TU
-515.25,1947.75,0,TU
-1230.25,1948.25,0,TU
-1278.75,1950.75,0,TU
-1367.75,1951.25,0,TU
-1471.25,1958.25,0,TU
-376.25,1963.75,0,TU
-1384.25,1970.75,0,TU
-402.75,1970.75,0,TU
-1414.25,1982.25,0,TU
-1350.75,1984.75,0,TU
-1269.75,1990.75,0,TU
-1242.75,1990.75,0,TU
-1393.75,1999.75,0,TU
-396.75,2010.75,0,TU
-1519.75,2012.25,0,TU
-440.75,2017.75,0,TU
-1585.75,2017.75,0,TU
-568.25,2019.75,0,TU
-1349.25,2022.25,0,TU
-1570.25,2046.25,0,TU
-1531.75,2050.75,0,TU
-1391.25,2059.75,0,TU
-1252.75,2061.75,0,TU
-1288.75,2062.75,0,TU
-463.25,2065.25,0,TU
-1320.25,2066.25,0,TU
-1514.75,2066.25,0,TU
-1341.75,2068.25,0,TU
-1558.25,2069.25,0,TU
-1491.25,2071.25,0,TU
-1539.25,2078.75,0,TU
-1400.25,2080.25,0,TU
-1294.25,2084.75,0,TU
-1521.25,2088.75,0,TU
-1336.75,2101.25,0,TU
-1283.25,2102.25,0,TU
-1400.25,2102.25,0,TU
-1496.75,2103.25,0,TU
-1452.25,2103.75,0,TU
-1545.75,2106.75,0,TU
-1426.75,2107.75,0,TU
-1515.25,2114.75,0,TU
-1323.25,2117.75,0,TU
-1792.75,2118.75,0,TU
-1421.75,2120.25,0,TU
-1391.75,2121.75,0,TU
-1406.25,2122.25,0,TU
-1373.75,2122.25,0,TU
-1559.75,2124.25,0,TU
-1464.25,2130.25,0,TU
-1358.25,2131.75,0,TU
-1420.25,2139.25,0,TU
-1279.75,2141.25,0,TU
-1388.25,2142.25,0,TU
-1584.25,2143.25,0,TU
-1619.25,2143.25,0,TU
-1409.75,2146.25,0,TU
-1340.25,2148.25,0,TU
-1436.75,2158.25,0,TU
-1594.25,2162.25,0,TU
-1701.25,2163.25,0,TU
-1409.25,2164.75,0,TU
-1677.25,2166.25,0,TU
-1464.75,2166.75,0,TU
-1352.75,2168.75,0,TU
-1661.25,2170.25,0,TU
-1389.25,2175.25,0,TU
-1636.75,2176.25,0,TU
-1415.75,2178.75,0,TU
-1441.25,2178.75,0,TU
-1343.25,2183.75,0,TU
-1603.75,2188.75,0,TU
-1650.75,2191.25,0,TU
-1397.25,2198.75,0,TU
-1341.25,2200.25,0,TU
-1434.25,2200.75,0,TU
-1814.25,2210.25,0,TU
-1412.75,2211.25,0,TU
-1335.25,2213.25,0,TU
-1492.75,2214.75,0,TU
-1305.75,2215.25,0,TU
-1453.25,2217.25,0,TU
-1650.25,2219.25,0,TU
-1737.75,2220.75,0,TU
-1791.75,2221.75,0,TU
-1471.25,2225.25,0,TU
-1337.75,2229.75,0,TU
-1522.25,2238.25,0,TU
-1491.75,2240.25,0,TU
-1464.25,2244.75,0,TU
-1670.25,2248.25,0,TU
-1297.75,2250.75,0,TU
-1433.75,2256.75,0,TU
-1458.75,2258.25,0,TU
-1542.25,2258.25,0,TU
-1499.25,2258.75,0,TU
-1796.75,2263.75,0,TU
-1403.25,2266.25,0,TU
-1477.75,2269.75,0,TU
-1424.75,2282.25,0,TU
-1779.25,2284.25,0,TU
-1345.75,2285.75,0,TU
-1535.25,2289.25,0,TU
-1832.75,2292.25,0,TU
-1318.25,2293.25,0,TU
-1504.25,2298.75,0,TU
-1316.75,2313.75,0,TU
-1345.75,2314.25,0,TU
-1370.25,2314.25,0,TU
-1418.25,2322.75,0,TU
-1449.25,2324.25,0,TU
-1325.25,2326.25,0,TU
-1303.25,2332.25,0,TU
-1678.25,2335.75,0,TU
-1401.75,2348.25,0,TU
-1319.75,2358.25,0,TU
-1465.75,2359.75,0,TU
-1336.75,2361.75,0,TU
-1359.25,2367.25,0,TU
-1435.25,2370.75,0,TU
-1382.25,2371.25,0,TU
-1486.25,2380.25,0,TU
-1733.25,2384.75,0,TU
-1465.25,2392.75,0,TU
-1422.75,2394.25,0,TU
-1398.25,2398.25,0,TU
-1335.25,2398.75,0,TU
-1377.75,2407.75,0,TU
-1454.75,2410.75,0,TU
-1477.75,2413.75,0,TU
-1610.25,2413.75,0,TU
-1496.75,2414.25,0,TU
-1465.75,2418.75,0,TU
-1819.75,2419.25,0,TU
-1365.75,2424.25,0,TU
-1683.25,2427.75,0,TU
-1721.25,2429.75,0,TU
-1750.25,2430.25,0,TU
-1342.75,2431.25,0,TU
-1546.75,2433.25,0,TU
-1779.25,2434.75,0,TU
-1705.75,2435.75,0,TU
-1396.25,2442.75,0,TU
-1435.25,2443.25,0,TU
-1376.25,2446.25,0,TU
-1322.75,2459.75,0,TU
-1758.25,2460.25,0,TU
-1794.75,2469.75,0,TU
-1408.75,2470.25,0,TU
-1343.25,2471.75,0,TU
-1725.75,2472.75,0,TU
-1384.25,2473.75,0,TU
-1830.75,2476.25,0,TU
-1420.25,2476.75,0,TU
-1760.75,2479.75,0,TU
-1616.25,2482.25,0,TU
-1446.75,2489.75,0,TU
-1636.25,2491.75,0,TU
-1849.75,2493.25,0,TU
-1872.25,2494.75,0,TU
-1760.25,2500.75,0,TU
-1720.75,2502.25,0,TU
-1818.75,2502.75,0,TU
-1832.75,2503.75,0,TU
-1421.25,2508.75,0,TU
-1363.25,2514.25,0,TU
-1856.25,2514.25,0,TU
-1794.25,2515.25,0,TU
-1323.75,2515.75,0,TU
-1779.25,2516.25,0,TU
-1391.75,2516.25,0,TU
-1878.75,2519.25,0,TU
-1440.75,2519.75,0,TU
-1746.25,2521.75,0,TU
-1803.25,2522.75,0,TU
-1896.25,2522.75,0,TU
-1762.25,2527.25,0,TU
-1856.75,2527.25,0,TU
-1831.75,2527.75,0,TU
-1602.75,2531.75,0,TU
-1781.25,2532.25,0,TU
-916.25,2532.75,0,TU
-1574.25,2533.75,0,TU
-945.75,2534.25,0,TU
-1179.75,2535.25,0,TU
-1384.25,2537.75,0,TU
-1872.25,2538.75,0,TU
-1917.75,2539.75,0,TU
-1441.75,2541.25,0,TU
-1787.75,2543.25,0,TU
-1817.25,2543.75,0,TU
-1621.75,2545.75,0,TU
-1858.75,2548.75,0,TU
-1496.75,2550.75,0,TU
-1892.75,2550.75,0,TU
-1569.75,2550.75,0,TU
-1454.75,2551.75,0,TU
-1403.25,2552.25,0,TU
-1595.25,2554.25,0,TU
-1754.75,2554.75,0,TU
-1371.25,2555.75,0,TU
-959.25,2556.75,0,TU
-1235.25,2556.75,0,TU
-1816.75,2562.75,0,TU
-1351.75,2564.75,0,TU
-1784.75,2564.75,0,TU
-1851.75,2566.75,0,TU
-1468.25,2566.75,0,TU
-1765.25,2568.75,0,TU
-1576.25,2575.25,0,TU
-1701.75,2575.75,0,TU
-1804.25,2576.25,0,TU
-1406.75,2578.75,0,TU
-1824.75,2580.25,0,TU
-2080.25,2581.25,0,TU
-1774.75,2584.25,0,TU
-1480.75,2587.25,0,TU
-1947.75,2587.75,0,TU
-1524.75,2590.75,0,TU
-1749.75,2591.25,0,TU
-1824.25,2596.25,0,TU
-1863.25,2597.75,0,TU
-1262.75,2599.25,0,TU
-1586.25,2607.75,0,TU
-1952.25,2611.75,0,TU
-1821.25,2616.25,0,TU
-1756.25,2616.25,0,TU
-1367.25,2622.25,0,TU
-1784.75,2623.75,0,TU
-1395.75,2626.75,0,TU
-1412.75,2628.25,0,TU
-1688.25,2634.75,0,TU
-1867.75,2635.25,0,TU
-1432.25,2636.25,0,TU
-1626.25,2641.25,0,TU
-1482.25,2643.25,0,TU
-1335.25,2643.75,0,TU
-1546.25,2643.75,0,TU
-1394.75,2658.75,0,TU
-1855.75,2662.75,0,TU
-1512.25,2670.75,0,TU
-1895.25,2673.75,0,TU
-1632.25,2674.25,0,TU
-1352.75,2678.25,0,TU
-1432.25,2680.75,0,TU
-1515.75,2687.75,0,TU
-1460.25,2689.75,0,TU
-1402.25,2690.75,0,TU
-1342.75,2691.75,0,TU
-1742.25,2696.75,0,TU
-1838.25,2699.25,0,TU
-1537.25,2702.25,0,TU
-1708.25,2707.25,0,TU
-1435.75,2708.25,0,TU
-1889.25,2709.25,0,TU
-1914.25,2711.25,0,TU
-1346.25,2717.75,0,TU
-1614.25,2717.75,0,TU
-1748.25,2720.25,0,TU
-1496.75,2723.25,0,TU
-1469.25,2725.25,0,TU
-1558.25,2727.75,0,TU
-1841.25,2728.75,0,TU
-1404.75,2733.75,0,TU
-1947.25,2733.75,0,TU
-1443.75,2735.75,0,TU
-1804.75,2735.75,0,TU
-1682.75,2741.25,0,TU
-780.75,2741.75,0,TU
-1385.75,2741.75,0,TU
-1426.75,2751.75,0,TU
-1363.25,2754.75,0,TU
-1456.25,2758.25,0,TU
-1327.25,2760.25,0,TU
-668.25,2761.75,0,TU
-1525.25,2763.25,0,TU
-1396.25,2767.25,0,TU
-1371.75,2767.25,0,TU
-1505.25,2769.25,0,TU
-1447.75,2776.75,0,TU
-751.75,2778.75,0,TU
-1610.75,2780.75,0,TU
-1404.25,2782.25,0,TU
-1868.25,2785.25,0,TU
-1318.75,2785.25,0,TU
-1279.75,2788.75,0,TU
-1506.75,2795.25,0,TU
-1442.25,2796.25,0,TU
-1359.25,2796.75,0,TU
-1562.75,2804.75,0,TU
-1419.75,2813.75,0,TU
-1465.25,2817.75,0,TU
-1482.25,2823.75,0,TU
-1920.25,2824.25,0,TU
-1554.25,2836.75,0,TU
-1862.25,2838.75,0,TU
-1503.25,2840.25,0,TU
-1428.25,2843.75,0,TU
-1408.75,2843.75,0,TU
-1722.25,2847.75,0,TU
-1473.75,2852.75,0,TU
-1944.75,2857.75,0,TU
-1891.75,2861.25,0,TU
-1679.75,2861.25,0,TU
-1429.25,2872.25,0,TU
-1594.75,2873.75,0,TU
-1853.25,2877.25,0,TU
-1989.75,2883.25,0,TU
-1604.75,2886.25,0,TU
-1639.25,2887.25,0,TU
-1488.75,2887.75,0,TU
-1963.75,2890.25,0,TU
-1436.25,2894.25,0,TU
-1884.25,2896.25,0,TU
-1378.75,2900.25,0,TU
-2061.25,2906.75,0,TU
-1617.25,2917.75,0,TU
-1457.25,2917.75,0,TU
-1768.75,2932.25,0,TU
-2031.75,2938.25,0,TU
-1742.25,2943.25,0,TU
-1835.25,2945.25,0,TU
-1699.75,2950.75,0,TU
-1482.75,2951.75,0,TU
-1667.75,2968.25,0,TU
-1596.75,2971.25,0,TU
-1622.25,2974.75,0,TU
-1732.75,2976.25,0,TU
-1918.75,2976.75,0,TU
-1644.25,2978.25,0,TU
-1787.75,2980.25,0,TU
-1447.75,2983.25,0,TU
-2096.25,2987.75,0,TU
-1598.25,2991.75,0,TU
-1352.75,2993.75,0,TU
-1761.75,2994.25,0,TU
-1629.75,2995.75,0,TU
-1689.75,3004.75,0,TU
-2119.75,3006.25,0,TU
-1854.75,3012.75,0,TU
-1948.25,3030.75,0,TU
-1717.25,3031.25,0,TU
-1760.25,3032.25,0,TU
-2126.25,3040.75,0,TU
-2018.75,3042.75,0,TU
-1860.25,3061.25,0,TU
-1691.75,3062.75,0,TU
-1660.75,3063.25,0,TU
-1770.75,3063.75,0,TU
-2129.25,3070.25,0,TU
-1966.25,3074.75,0,TU
-1547.25,3075.25,0,TU
-1785.75,3076.25,0,TU
-1822.25,3077.25,0,TU
-1520.75,3079.75,0,TU
-1802.25,3092.25,0,TU
-1847.25,3095.75,0,TU
-1709.25,3101.25,0,TU
-1794.75,3102.25,0,TU
-2055.75,3104.25,0,TU
-1634.75,3105.25,0,TU
-1526.25,3107.75,0,TU
-1683.25,3108.75,0,TU
-1866.25,3109.75,0,TU
-1661.75,3114.25,0,TU
-1740.75,3115.75,0,TU
-1702.25,3122.25,0,TU
-2090.75,3125.75,0,TU
-1781.75,3131.25,0,TU
-1630.75,3144.75,0,TU
-1471.25,3149.25,0,TU
-1960.75,3150.75,0,TU
-1912.25,3154.75,0,TU
-1571.75,3159.75,0,TU
-1600.25,3164.25,0,TU
-1625.75,3170.75,0,TU
-1758.25,3175.75,0,TU
-1747.25,3204.75,0,TU
-1675.25,3208.75,0,TU
-2152.75,3210.25,0,TU
-1776.25,3213.25,0,TU
-1497.75,3215.75,0,TU
-1839.25,3222.25,0,TU
-1752.25,3224.75,0,TU
-1623.75,3225.75,0,TU
-1604.75,3226.25,0,TU
-1723.25,3226.75,0,TU
-1582.75,3235.75,0,TU
-1053.25,3236.75,0,TU
-1072.75,3239.25,0,TU
-1839.25,3245.25,0,TU
-1748.75,3249.25,0,TU
-2221.25,3252.25,0,TU
-1766.75,3254.25,0,TU
-1827.75,3255.25,0,TU
-1857.75,3261.75,0,TU
-1822.75,3264.75,0,TU
-1044.25,3266.75,0,TU
-1804.25,3267.75,0,TU
-1643.75,3269.25,0,TU
-2060.75,3273.75,0,TU
-1787.25,3277.75,0,TU
-1646.75,3286.75,0,TU
-1870.25,3287.75,0,TU
-1616.25,3288.25,0,TU
-1840.25,3291.75,0,TU
-1618.25,3302.25,0,TU
-1658.75,3302.25,0,TU
-1592.25,3302.75,0,TU
-1805.75,3303.25,0,TU
-1866.75,3313.75,0,TU
-1550.75,3315.75,0,TU
-1579.25,3315.75,0,TU
-1608.75,3317.75,0,TU
-1518.75,3319.75,0,TU
-1652.25,3322.75,0,TU
-1629.25,3322.75,0,TU
-1942.75,3326.25,0,TU
-1820.25,3331.75,0,TU
-1574.75,3337.25,0,TU
-1589.75,3339.75,0,TU
-2224.25,3340.75,0,TU
-2019.75,3345.25,0,TU
-1620.75,3347.75,0,TU
-2052.75,3349.75,0,TU
-1995.75,3350.75,0,TU
-2265.25,3352.75,0,TU
-1949.25,3354.25,0,TU
-1961.75,3360.25,0,TU
-1933.25,3361.25,0,TU
-1917.25,3362.75,0,TU
-1526.25,3363.75,0,TU
-1989.25,3365.75,0,TU
-1565.25,3366.75,0,TU
-1596.75,3369.25,0,TU
-1889.25,3369.75,0,TU
-2070.25,3380.75,0,TU
-1997.25,3382.75,0,TU
-1965.25,3388.75,0,TU
-1904.25,3398.25,0,TU
-1801.75,3401.75,0,TU
-1588.75,3404.25,0,TU
-1988.25,3405.25,0,TU
-1771.75,3410.75,0,TU
-1642.25,3411.25,0,TU
-2053.75,3414.75,0,TU
-1573.75,3418.75,0,TU
-1795.75,3419.25,0,TU
-1890.25,3419.25,0,TU
-1750.25,3422.25,0,TU
-1246.25,3423.75,0,TU
-1728.75,3428.75,0,TU
-1288.75,3428.75,0,TU
-1553.75,3436.75,0,TU
-1827.25,3438.75,0,TU
-1769.75,3439.75,0,TU
-1575.25,3450.75,0,TU
-1818.75,3458.75,0,TU
-1533.75,3462.75,0,TU
-1557.25,3465.75,0,TU
-1685.75,3468.75,0,TU
-1959.25,3482.25,0,TU
-1987.25,3486.75,0,TU
-1555.25,3497.25,0,TU
-1797.75,3508.25,0,TU
-1910.25,3517.75,0,TU
-1986.25,3518.25,0,TU
-1856.75,3519.25,0,TU
-1682.25,3522.75,0,TU
-1649.75,3528.75,0,TU
-1933.25,3531.25,0,TU
-1856.25,3541.75,0,TU
-1961.75,3551.75,0,TU
-1675.25,3552.25,0,TU
-1937.25,3554.75,0,TU
-1806.25,3571.25,0,TU
-1862.75,3578.75,0,TU
-1993.25,3581.75,0,TU
-1922.75,3595.75,0,TU
-1874.25,3606.25,0,TU
-1491.75,3613.75,0,TU
-1889.25,3618.25,0,TU
-1531.25,3622.75,0,TU
-1909.75,3626.25,0,TU
-2023.25,3634.25,0,TU
-1558.25,3638.25,0,TU
-1881.25,3643.25,0,TU
-1769.75,3643.25,0,TU
-1804.25,3643.75,0,TU
-1911.25,3650.25,0,TU
-1464.25,3651.25,0,TU
-1431.25,3653.75,0,TU
-1568.75,3655.25,0,TU
-1830.25,3661.25,0,TU
-1512.75,3661.75,0,TU
-1883.25,3671.75,0,TU
-1792.75,3674.25,0,TU
-1912.25,3674.75,0,TU
-1570.25,3678.75,0,TU
-1876.25,3687.75,0,TU
-1550.25,3690.25,0,TU
-1486.75,3699.75,0,TU
-1619.75,3707.75,0,TU
-1661.75,3710.75,0,TU
-1664.25,3776.75,0,TU
-1626.75,3783.75,0,TU
-1669.75,3784.75,0,TU
-1380.75,89.25,0,Mph_TU
-835.25,-669.75,0,Mph_TU
-776.75,-662.75,0,Mph_TU
-633.75,-633.25,0,Mph_TU
-895.25,-642.75,0,Mph_TU
-873.75,-632.75,0,Mph_TU
-664.75,-621.75,0,Mph_TU
-786.75,-615.75,0,Mph_TU
-818.25,-616.75,0,Mph_TU
-711.25,-626.25,0,Mph_TU
-855.25,-621.25,0,Mph_TU
-842.75,-605.25,0,Mph_TU
-685.25,-613.25,0,Mph_TU
-774.25,-605.75,0,Mph_TU
-633.75,-603.25,0,Mph_TU
-697.75,-595.75,0,Mph_TU
-657.75,-593.75,0,Mph_TU
-726.25,-601.25,0,Mph_TU
-631.25,-577.75,0,Mph_TU
-737.75,-595.25,0,Mph_TU
-691.75,-572.75,0,Mph_TU
-759.75,-583.75,0,Mph_TU
-831.25,-577.75,0,Mph_TU
-718.75,-580.25,0,Mph_TU
-737.75,-569.25,0,Mph_TU
-651.25,-556.75,0,Mph_TU
-817.25,-567.25,0,Mph_TU
-778.75,-557.25,0,Mph_TU
-737.75,-504.75,0,Mph_TU
-757.75,-502.75,0,Mph_TU
-779.25,-494.25,0,Mph_TU
-870.25,-492.75,0,Mph_TU
-644.75,-495.75,0,Mph_TU
-617.75,-490.25,0,Mph_TU
-746.75,-474.25,0,Mph_TU
-638.75,-477.75,0,Mph_TU
-673.75,-482.25,0,Mph_TU
-897.25,-472.25,0,Mph_TU
-785.25,-474.75,0,Mph_TU
-654.25,-478.25,0,Mph_TU
-821.25,-473.25,0,Mph_TU
-870.75,-465.25,0,Mph_TU
-676.75,-451.75,0,Mph_TU
-635.25,-457.25,0,Mph_TU
-838.75,-458.25,0,Mph_TU
-653.75,-456.75,0,Mph_TU
-866.25,-454.75,0,Mph_TU
-807.25,-437.75,0,Mph_TU
-843.25,-444.75,0,Mph_TU
-652.75,-433.25,0,Mph_TU
-909.75,-441.25,0,Mph_TU
-630.75,-431.75,0,Mph_TU
-851.25,-434.75,0,Mph_TU
-828.75,-423.25,0,Mph_TU
-675.25,-418.75,0,Mph_TU
-582.25,-413.25,0,Mph_TU
-853.25,-401.25,0,Mph_TU
-663.75,-411.25,0,Mph_TU
-625.25,-402.25,0,Mph_TU
-605.75,-410.25,0,Mph_TU
-646.25,-402.25,0,Mph_TU
-830.25,-402.25,0,Mph_TU
-879.25,-404.25,0,Mph_TU
-790.25,-393.25,0,Mph_TU
-819.25,-385.25,0,Mph_TU
-606.75,-388.25,0,Mph_TU
-874.75,-389.25,0,Mph_TU
-585.75,-386.75,0,Mph_TU
-872.25,-374.75,0,Mph_TU
-579.25,-356.75,0,Mph_TU
-886.25,-365.25,0,Mph_TU
-849.25,-368.25,0,Mph_TU
-925.25,-362.25,0,Mph_TU
-774.25,-356.75,0,Mph_TU
-694.25,-358.25,0,Mph_TU
-805.25,-361.25,0,Mph_TU
-652.25,-349.25,0,Mph_TU
-892.75,-349.25,0,Mph_TU
-591.25,-342.75,0,Mph_TU
-854.75,-348.25,0,Mph_TU
-807.25,-341.25,0,Mph_TU
-854.25,-329.25,0,Mph_TU
-1134.25,-335.75,0,Mph_TU
-830.25,-332.25,0,Mph_TU
-1153.25,-328.25,0,Mph_TU
-698.75,-311.25,0,Mph_TU
-1108.75,-315.25,0,Mph_TU
-723.25,-308.75,0,Mph_TU
-907.25,-316.25,0,Mph_TU
-1150.25,-301.25,0,Mph_TU
-990.75,-305.25,0,Mph_TU
-870.25,-298.25,0,Mph_TU
-746.75,-308.25,0,Mph_TU
-1130.75,-291.75,0,Mph_TU
-902.25,-289.75,0,Mph_TU
-1097.25,-283.75,0,Mph_TU
-850.25,-277.75,0,Mph_TU
-601.25,-286.75,0,Mph_TU
-950.25,-289.25,0,Mph_TU
-1019.25,-289.25,0,Mph_TU
-982.25,-276.75,0,Mph_TU
-1156.75,-271.75,0,Mph_TU
-1125.75,-269.25,0,Mph_TU
-799.25,-261.25,0,Mph_TU
-1012.75,-253.25,0,Mph_TU
-983.25,-251.75,0,Mph_TU
-836.25,-261.25,0,Mph_TU
-707.75,-257.25,0,Mph_TU
-592.75,-253.25,0,Mph_TU
-917.75,-252.25,0,Mph_TU
-850.25,-251.75,0,Mph_TU
-815.25,-247.75,0,Mph_TU
-1123.75,-244.75,0,Mph_TU
-883.75,-246.25,0,Mph_TU
-785.75,-249.25,0,Mph_TU
-948.75,-244.75,0,Mph_TU
-1145.75,-248.75,0,Mph_TU
-830.25,-244.25,0,Mph_TU
-598.25,-229.75,0,Mph_TU
-1146.75,-230.25,0,Mph_TU
-1181.75,-239.75,0,Mph_TU
-1212.75,-233.75,0,Mph_TU
-737.25,-236.25,0,Mph_TU
-687.75,-226.25,0,Mph_TU
-1182.75,-225.25,0,Mph_TU
-826.75,-217.75,0,Mph_TU
-901.75,-216.75,0,Mph_TU
-940.75,-218.75,0,Mph_TU
-730.25,-212.25,0,Mph_TU
-696.75,-207.75,0,Mph_TU
-1187.75,-200.25,0,Mph_TU
-1225.25,-203.75,0,Mph_TU
-674.75,-193.25,0,Mph_TU
-930.75,-191.25,0,Mph_TU
-1068.25,-191.25,0,Mph_TU
-649.25,-192.25,0,Mph_TU
-1231.25,-180.75,0,Mph_TU
-627.75,-184.75,0,Mph_TU
-1152.25,-178.75,0,Mph_TU
-947.25,-172.25,0,Mph_TU
-1085.25,-177.75,0,Mph_TU
-1027.25,-177.75,0,Mph_TU
-831.75,-161.75,0,Mph_TU
-1174.25,-162.75,0,Mph_TU
-1149.75,-158.25,0,Mph_TU
-1067.75,-143.25,0,Mph_TU
-1038.25,-139.75,0,Mph_TU
-1088.75,-141.75,0,Mph_TU
-993.75,-159.75,0,Mph_TU
-845.75,-151.75,0,Mph_TU
-690.25,-151.25,0,Mph_TU
-665.25,-143.25,0,Mph_TU
-1143.25,-147.25,0,Mph_TU
-903.75,-123.75,0,Mph_TU
-1169.25,-125.75,0,Mph_TU
-1134.25,-125.25,0,Mph_TU
-699.25,-129.75,0,Mph_TU
-862.75,-118.75,0,Mph_TU
-1223.25,-119.75,0,Mph_TU
-1257.75,-109.75,0,Mph_TU
-1197.75,-109.75,0,Mph_TU
-828.25,-103.75,0,Mph_TU
-1235.75,-95.25,0,Mph_TU
-1176.75,-102.75,0,Mph_TU
-1109.25,-102.75,0,Mph_TU
-1131.75,-87.75,0,Mph_TU
-1002.25,-88.75,0,Mph_TU
-841.75,-92.75,0,Mph_TU
-1161.75,-93.75,0,Mph_TU
-746.75,-76.75,0,Mph_TU
-1265.25,-79.25,0,Mph_TU
-1125.75,-51.75,0,Mph_TU
-1052.25,-63.25,0,Mph_TU
-1097.25,-44.75,0,Mph_TU
-1143.75,-54.25,0,Mph_TU
-1265.25,-58.75,0,Mph_TU
-667.25,-49.25,0,Mph_TU
-649.75,-51.75,0,Mph_TU
-1282.25,-48.75,0,Mph_TU
-654.25,-28.75,0,Mph_TU
-1123.75,-22.75,0,Mph_TU
-813.75,-17.25,0,Mph_TU
-1275.25,-14.75,0,Mph_TU
-1001.25,-20.75,0,Mph_TU
-1115.75,-7.25,0,Mph_TU
-1168.75,-13.25,0,Mph_TU
-662.75,-11.25,0,Mph_TU
-1140.25,-0.25,0,Mph_TU
-977.75,3.25,0,Mph_TU
-646.75,1.25,0,Mph_TU
-871.25,8.25,0,Mph_TU
-578.75,22.75,0,Mph_TU
-1139.75,25.75,0,Mph_TU
-610.75,27.75,0,Mph_TU
-1126.75,35.75,0,Mph_TU
-969.25,31.75,0,Mph_TU
-1310.75,33.75,0,Mph_TU
-1345.25,26.75,0,Mph_TU
-1326.25,40.25,0,Mph_TU
-900.75,41.75,0,Mph_TU
-967.75,50.25,0,Mph_TU
-1002.25,55.75,0,Mph_TU
-884.75,53.25,0,Mph_TU
-902.75,70.75,0,Mph_TU
-694.75,69.25,0,Mph_TU
-713.75,83.25,0,Mph_TU
-1193.75,82.75,0,Mph_TU
-1090.75,83.75,0,Mph_TU
-463.75,-576.25,0,Mph_TU
-249.25,-531.75,0,Mph_TU
-531.75,-529.75,0,Mph_TU
-482.25,-520.75,0,Mph_TU
-445.25,-522.25,0,Mph_TU
-268.75,-510.25,0,Mph_TU
-288.25,-503.75,0,Mph_TU
-448.75,-497.75,0,Mph_TU
-309.25,-503.75,0,Mph_TU
-550.25,-491.25,0,Mph_TU
-467.75,-484.75,0,Mph_TU
-262.75,-473.25,0,Mph_TU
-440.75,-467.25,0,Mph_TU
-141.25,-462.25,0,Mph_TU
104.25,-440.75,0,Mph_TU
-147.75,-441.25,0,Mph_TU
-303.75,-428.25,0,Mph_TU
-129.25,-433.75,0,Mph_TU
-493.25,-436.25,0,Mph_TU
-473.25,-430.75,0,Mph_TU
-388.25,-415.75,0,Mph_TU
-566.75,-426.75,0,Mph_TU
-456.25,-418.75,0,Mph_TU
96.75,-421.75,0,Mph_TU
73.75,-398.75,0,Mph_TU
-425.75,-414.75,0,Mph_TU
-41.25,-408.25,0,Mph_TU
96.75,-395.25,0,Mph_TU
-567.25,-399.25,0,Mph_TU
-24.75,-400.25,0,Mph_TU
52.75,-392.25,0,Mph_TU
110.25,-384.25,0,Mph_TU
-26.25,-381.25,0,Mph_TU
-353.25,-383.75,0,Mph_TU
25.25,-379.25,0,Mph_TU
-96.25,-384.75,0,Mph_TU
-50.25,-374.25,0,Mph_TU
-277.75,-381.25,0,Mph_TU
-115.25,-378.25,0,Mph_TU
51.25,-374.25,0,Mph_TU
-264.75,-375.25,0,Mph_TU
-500.75,-363.75,0,Mph_TU
1.25,-350.25,0,Mph_TU
-365.75,-362.25,0,Mph_TU
-185.25,-344.25,0,Mph_TU
-102.75,-350.25,0,Mph_TU
-219.25,-344.25,0,Mph_TU
-484.75,-345.75,0,Mph_TU
-47.75,-349.75,0,Mph_TU
24.25,-339.25,0,Mph_TU
-335.75,-338.25,0,Mph_TU
-367.75,-332.25,0,Mph_TU
-460.75,-330.75,0,Mph_TU
-26.25,-326.75,0,Mph_TU
-115.25,-322.75,0,Mph_TU
-513.25,-322.75,0,Mph_TU
-234.75,-307.75,0,Mph_TU
-331.75,-313.25,0,Mph_TU
-551.75,-317.25,0,Mph_TU
-255.75,-296.75,0,Mph_TU
-191.25,-303.75,0,Mph_TU
-220.75,-300.75,0,Mph_TU
-507.75,-298.25,0,Mph_TU
-488.25,-306.75,0,Mph_TU
-462.75,-303.25,0,Mph_TU
-107.25,-292.25,0,Mph_TU
-490.75,-286.75,0,Mph_TU
-510.25,-278.25,0,Mph_TU
-474.25,-269.75,0,Mph_TU
-448.75,-284.75,0,Mph_TU
-117.25,-275.75,0,Mph_TU
-88.75,-275.25,0,Mph_TU
-402.25,-283.25,0,Mph_TU
-380.25,-271.25,0,Mph_TU
-191.75,-262.25,0,Mph_TU
-72.25,-269.25,0,Mph_TU
-493.75,-261.25,0,Mph_TU
-110.75,-252.75,0,Mph_TU
-459.75,-253.25,0,Mph_TU
-48.75,-244.25,0,Mph_TU
-84.25,-245.75,0,Mph_TU
-162.25,-257.25,0,Mph_TU
-222.25,-247.75,0,Mph_TU
-477.75,-222.25,0,Mph_TU
-98.75,-232.25,0,Mph_TU
-163.75,-228.25,0,Mph_TU
-177.75,-229.25,0,Mph_TU
-223.75,-224.75,0,Mph_TU
-101.25,-216.75,0,Mph_TU
55.75,-223.25,0,Mph_TU
-540.75,-211.75,0,Mph_TU
-320.75,-213.75,0,Mph_TU
-232.75,-212.25,0,Mph_TU
79.75,-199.75,0,Mph_TU
-344.25,-204.25,0,Mph_TU
-237.75,-195.75,0,Mph_TU
115.25,-191.75,0,Mph_TU
-354.75,-187.75,0,Mph_TU
-49.25,-178.75,0,Mph_TU
-357.75,-167.25,0,Mph_TU
-253.75,-166.75,0,Mph_TU
32.25,-153.75,0,Mph_TU
-454.75,-153.25,0,Mph_TU
-517.75,-146.75,0,Mph_TU
-140.75,-149.25,0,Mph_TU
-171.25,-148.25,0,Mph_TU
53.25,-135.25,0,Mph_TU
-75.25,-125.75,0,Mph_TU
-363.25,-118.75,0,Mph_TU
80.75,-116.75,0,Mph_TU
-164.75,-104.25,0,Mph_TU
-542.25,-105.75,0,Mph_TU
-399.25,-108.25,0,Mph_TU
-334.25,-109.25,0,Mph_TU
-354.75,-95.75,0,Mph_TU
-508.75,-97.75,0,Mph_TU
121.75,-94.25,0,Mph_TU
-389.75,-75.75,0,Mph_TU
-435.75,-88.75,0,Mph_TU
-139.75,-78.25,0,Mph_TU
-456.25,-80.75,0,Mph_TU
-5.25,-72.75,0,Mph_TU
118.75,-67.75,0,Mph_TU
-251.25,-59.75,0,Mph_TU
-527.25,-66.25,0,Mph_TU
-452.75,-47.75,0,Mph_TU
-489.75,-45.75,0,Mph_TU
-230.75,-49.75,0,Mph_TU
140.25,-38.75,0,Mph_TU
-427.75,-47.25,0,Mph_TU
-538.75,-46.25,0,Mph_TU
-521.75,-46.25,0,Mph_TU
-500.25,-36.75,0,Mph_TU
-273.75,-45.75,0,Mph_TU
-558.25,-32.25,0,Mph_TU
217.75,-20.75,0,Mph_TU
-403.75,-17.25,0,Mph_TU
-324.25,-19.25,0,Mph_TU
-544.75,-20.75,0,Mph_TU
-172.25,-20.75,0,Mph_TU
-215.75,-17.25,0,Mph_TU
-420.25,-16.75,0,Mph_TU
-259.25,-7.75,0,Mph_TU
-312.75,-11.25,0,Mph_TU
-234.75,-5.75,0,Mph_TU
-296.25,2.25,0,Mph_TU
-191.25,6.75,0,Mph_TU
-30.75,10.75,0,Mph_TU
-2.25,4.75,0,Mph_TU
-285.75,7.25,0,Mph_TU
-222.75,8.75,0,Mph_TU
-159.25,23.75,0,Mph_TU
-184.75,19.75,0,Mph_TU
-222.75,25.25,0,Mph_TU
-292.75,26.75,0,Mph_TU
-185.75,39.25,0,Mph_TU
73.75,32.75,0,Mph_TU
117.75,37.25,0,Mph_TU
-553.25,38.75,0,Mph_TU
-193.25,55.75,0,Mph_TU
89.75,54.25,0,Mph_TU
-68.75,65.75,0,Mph_TU
-299.25,68.75,0,Mph_TU
-280.25,86.25,0,Mph_TU
-21.25,80.25,0,Mph_TU
235.25,-367.25,0,Mph_TU
269.75,-359.75,0,Mph_TU
543.25,-230.25,0,Mph_TU
554.25,-213.75,0,Mph_TU
575.75,-200.25,0,Mph_TU
353.75,-207.75,0,Mph_TU
553.75,-187.75,0,Mph_TU
383.75,-187.25,0,Mph_TU
351.75,-178.75,0,Mph_TU
569.75,-176.75,0,Mph_TU
625.25,-110.25,0,Mph_TU
292.75,-94.25,0,Mph_TU
269.75,-29.25,0,Mph_TU
626.75,-22.75,0,Mph_TU
251.75,-19.75,0,Mph_TU
264.75,7.75,0,Mph_TU
460.25,10.25,0,Mph_TU
429.75,20.25,0,Mph_TU
253.75,24.25,0,Mph_TU
251.25,54.25,0,Mph_TU
474.75,45.75,0,Mph_TU
308.25,47.75,0,Mph_TU
285.25,52.25,0,Mph_TU
333.25,59.75,0,Mph_TU
461.75,78.25,0,Mph_TU
587.25,61.25,0,Mph_TU
584.25,92.75,0,Mph_TU
-1409.25,151.25,0,Mph_TU
-1380.75,170.75,0,Mph_TU
-1379.75,440.25,0,Mph_TU
-1377.25,467.25,0,Mph_TU
-1402.25,478.75,0,Mph_TU
-1427.25,506.25,0,Mph_TU
-1404.25,513.25,0,Mph_TU
-1422.25,522.75,0,Mph_TU
-1381.75,539.75,0,Mph_TU
-1400.75,544.75,0,Mph_TU
-1442.25,553.25,0,Mph_TU
-1407.75,563.25,0,Mph_TU
-1445.75,576.75,0,Mph_TU
-1444.25,606.25,0,Mph_TU
-1461.25,607.75,0,Mph_TU
-1399.75,625.75,0,Mph_TU
-1420.75,641.25,0,Mph_TU
-1420.75,666.75,0,Mph_TU
-1442.75,682.75,0,Mph_TU
-1414.25,689.75,0,Mph_TU
-1378.25,694.25,0,Mph_TU
-1478.25,697.75,0,Mph_TU
-1501.25,709.25,0,Mph_TU
-1479.75,713.75,0,Mph_TU
-1485.75,737.25,0,Mph_TU
-1546.25,733.25,0,Mph_TU
-1565.75,740.25,0,Mph_TU
-1524.75,743.75,0,Mph_TU
-1544.25,758.75,0,Mph_TU
-1527.25,773.25,0,Mph_TU
-1489.75,780.25,0,Mph_TU
-1539.25,805.75,0,Mph_TU
-1416.25,834.75,0,Mph_TU
-1438.25,846.25,0,Mph_TU
-1414.75,876.25,0,Mph_TU
-1390.75,886.75,0,Mph_TU
-1409.25,953.75,0,Mph_TU
-1468.75,995.75,0,Mph_TU
-1475.75,1011.75,0,Mph_TU
-1386.75,1083.25,0,Mph_TU
-1471.25,1117.75,0,Mph_TU
-1446.25,1115.25,0,Mph_TU
-1442.25,1143.25,0,Mph_TU
-1426.25,1176.25,0,Mph_TU
-1941.25,1179.75,0,Mph_TU
-1374.25,1202.75,0,Mph_TU
-1601.75,1204.25,0,Mph_TU
-1561.75,1211.75,0,Mph_TU
-1582.25,1226.25,0,Mph_TU
-1603.25,1243.75,0,Mph_TU
-1697.25,1303.25,0,Mph_TU
-1739.25,1303.25,0,Mph_TU
-1709.25,1317.75,0,Mph_TU
-1746.75,1335.25,0,Mph_TU
-1713.75,1350.25,0,Mph_TU
-1687.25,1357.25,0,Mph_TU
-1427.25,1444.25,0,Mph_TU
-1764.75,1459.25,0,Mph_TU
-1417.25,1478.75,0,Mph_TU
-1747.25,1485.75,0,Mph_TU
-1603.25,1509.25,0,Mph_TU
-1575.25,1514.75,0,Mph_TU
-1510.25,1503.75,0,Mph_TU
-1523.25,1527.75,0,Mph_TU
-1546.75,1556.75,0,Mph_TU
-1624.75,1549.75,0,Mph_TU
-1518.25,1558.25,0,Mph_TU
-1702.25,1570.25,0,Mph_TU
-1576.25,1580.25,0,Mph_TU
-1684.25,1636.75,0,Mph_TU
-1701.25,1640.75,0,Mph_TU
-1529.75,1668.75,0,Mph_TU
-1698.25,1670.75,0,Mph_TU
-1141.25,1704.75,0,Mph_TU
-1241.75,1728.25,0,Mph_TU
-1283.25,1749.25,0,Mph_TU
-1306.75,1767.75,0,Mph_TU
-648.25,1882.25,0,Mph_TU
-1242.75,1888.75,0,Mph_TU
-665.75,1916.75,0,Mph_TU
-708.25,1942.25,0,Mph_TU
-727.75,1975.25,0,Mph_TU
-735.25,2014.75,0,Mph_TU
-701.25,2084.75,0,Mph_TU
-738.25,2083.25,0,Mph_TU
-669.75,2099.25,0,Mph_TU
-774.75,2142.75,0,Mph_TU
-836.75,2187.25,0,Mph_TU
-776.25,2184.25,0,Mph_TU
-1298.75,2193.25,0,Mph_TU
-1340.25,2246.75,0,Mph_TU
-1360.25,2250.25,0,Mph_TU
-1618.75,1720.25,0,Mph_TU
-1746.25,1736.25,0,Mph_TU
-1738.75,1765.25,0,Mph_TU
-1710.75,1803.75,0,Mph_TU
-1604.25,1890.75,0,Mph_TU
-1580.25,1889.25,0,Mph_TU
-1695.25,2115.25,0,Mph_TU
-1680.25,2123.75,0,Mph_TU
-1651.25,2123.75,0,Mph_TU
-1392.75,2217.25,0,Mph_TU
-1823.75,2236.25,0,Mph_TU
-1388.25,2251.75,0,Mph_TU
-1468.75,2296.25,0,Mph_TU
-1471.75,2325.25,0,Mph_TU
-1737.75,2334.75,0,Mph_TU
-1445.25,2395.75,0,Mph_TU
-1717.75,2409.75,0,Mph_TU
-1970.75,2441.75,0,Mph_TU
-1938.75,2452.75,0,Mph_TU
-752.75,901.25,0,Mph_TU
-676.75,916.25,0,Mph_TU
-700.25,940.25,0,Mph_TU
-587.75,937.75,0,Mph_TU
-649.75,930.25,0,Mph_TU
-1214.25,926.25,0,Mph_TU
-901.25,938.25,0,Mph_TU
-610.25,948.75,0,Mph_TU
-1372.25,949.25,0,Mph_TU
-1242.75,947.75,0,Mph_TU
-679.75,952.25,0,Mph_TU
-766.25,961.25,0,Mph_TU
-653.75,960.75,0,Mph_TU
-673.75,975.75,0,Mph_TU
-625.25,978.25,0,Mph_TU
-574.75,985.25,0,Mph_TU
-600.75,980.75,0,Mph_TU
-665.25,992.75,0,Mph_TU
-612.75,995.75,0,Mph_TU
-625.25,1007.25,0,Mph_TU
-588.75,1005.25,0,Mph_TU
-602.25,1014.25,0,Mph_TU
-677.25,1028.25,0,Mph_TU
-653.25,1029.25,0,Mph_TU
-823.75,1021.75,0,Mph_TU
-816.75,1027.75,0,Mph_TU
-623.75,1040.75,0,Mph_TU
-781.75,1065.25,0,Mph_TU
-822.75,1056.75,0,Mph_TU
-762.75,1047.25,0,Mph_TU
-805.25,1062.75,0,Mph_TU
-749.25,1052.75,0,Mph_TU
-736.25,1058.25,0,Mph_TU
-1342.25,1056.25,0,Mph_TU
-761.75,1085.25,0,Mph_TU
-892.25,1084.25,0,Mph_TU
-929.25,1088.25,0,Mph_TU
-728.75,1091.25,0,Mph_TU
-917.75,1103.75,0,Mph_TU
-728.75,1116.25,0,Mph_TU
-1093.75,1116.25,0,Mph_TU
-831.25,1143.25,0,Mph_TU
-1227.25,1126.75,0,Mph_TU
-1282.25,1152.25,0,Mph_TU
-1256.25,1140.75,0,Mph_TU
-1239.25,1167.75,0,Mph_TU
-768.75,1158.75,0,Mph_TU
-848.75,1164.75,0,Mph_TU
-1259.75,1176.75,0,Mph_TU
-841.75,1181.75,0,Mph_TU
-1010.25,1181.75,0,Mph_TU
-866.75,1182.75,0,Mph_TU
-1371.25,1194.25,0,Mph_TU
-773.25,1195.25,0,Mph_TU
-856.75,1193.75,0,Mph_TU
-865.75,1213.25,0,Mph_TU
-839.75,1215.25,0,Mph_TU
-1161.25,1227.75,0,Mph_TU
-1200.75,1241.25,0,Mph_TU
-878.75,1248.25,0,Mph_TU
-1144.75,1261.75,0,Mph_TU
-1202.25,1268.75,0,Mph_TU
-1175.75,1261.75,0,Mph_TU
-890.25,1278.75,0,Mph_TU
-1175.25,1279.75,0,Mph_TU
-1196.75,1287.75,0,Mph_TU
-1038.75,1291.75,0,Mph_TU
-1313.25,1296.25,0,Mph_TU
-1266.25,1302.25,0,Mph_TU
-1288.25,1326.75,0,Mph_TU
-1346.25,1322.25,0,Mph_TU
-1295.75,1346.75,0,Mph_TU
-1186.25,1357.25,0,Mph_TU
-1208.25,1423.75,0,Mph_TU
-979.25,1424.75,0,Mph_TU
-1281.75,1435.75,0,Mph_TU
-1041.25,1578.75,0,Mph_TU
-2193.25,3135.75,0,Mph_TU
-2187.25,3169.25,0,Mph_TU
-2241.75,3257.25,0,Mph_TU
-2231.75,3275.75,0,Mph_TU
-1073.75,100.75,0,Mph_TU
-1141.75,139.25,0,Mph_TU
-931.25,142.25,0,Mph_TU
-598.75,153.75,0,Mph_TU
-829.75,160.75,0,Mph_TU
-1155.75,174.75,0,Mph_TU
-606.75,182.25,0,Mph_TU
-576.25,183.25,0,Mph_TU
-1168.75,186.75,0,Mph_TU
-818.75,192.25,0,Mph_TU
-1105.25,191.25,0,Mph_TU
-789.75,196.25,0,Mph_TU
-619.25,192.75,0,Mph_TU
-1013.25,198.75,0,Mph_TU
-598.75,208.75,0,Mph_TU
-738.25,201.25,0,Mph_TU
-632.25,212.75,0,Mph_TU
-1000.75,215.25,0,Mph_TU
-1038.25,206.75,0,Mph_TU
-1332.75,227.75,0,Mph_TU
-859.75,225.25,0,Mph_TU
-837.25,224.25,0,Mph_TU
-1029.75,223.25,0,Mph_TU
-927.75,235.25,0,Mph_TU
-722.75,226.25,0,Mph_TU
-592.75,252.25,0,Mph_TU
-829.25,264.75,0,Mph_TU
-739.25,272.25,0,Mph_TU
-800.75,264.75,0,Mph_TU
-1297.25,268.75,0,Mph_TU
-586.75,282.75,0,Mph_TU
-805.25,293.75,0,Mph_TU
-1290.75,308.75,0,Mph_TU
-836.75,282.75,0,Mph_TU
-1274.75,285.25,0,Mph_TU
-825.25,299.75,0,Mph_TU
-1240.75,308.75,0,Mph_TU
-844.75,309.75,0,Mph_TU
-700.25,305.25,0,Mph_TU
-1215.25,309.75,0,Mph_TU
-1010.75,298.25,0,Mph_TU
-824.75,315.25,0,Mph_TU
-988.75,313.25,0,Mph_TU
-1034.25,308.75,0,Mph_TU
-725.75,323.25,0,Mph_TU
-639.75,303.75,0,Mph_TU
-625.25,314.25,0,Mph_TU
-950.75,321.25,0,Mph_TU
-1201.75,320.25,0,Mph_TU
-932.25,328.75,0,Mph_TU
-657.25,339.25,0,Mph_TU
-1185.75,335.75,0,Mph_TU
-865.25,332.75,0,Mph_TU
-1229.25,333.25,0,Mph_TU
-1039.75,341.25,0,Mph_TU
-957.75,337.75,0,Mph_TU
-971.75,346.75,0,Mph_TU
-1066.75,345.75,0,Mph_TU
-998.25,353.25,0,Mph_TU
-1277.75,352.25,0,Mph_TU
-1260.25,354.75,0,Mph_TU
-1088.25,358.25,0,Mph_TU
-1250.25,371.25,0,Mph_TU
-661.75,376.75,0,Mph_TU
-1283.25,373.25,0,Mph_TU
-1214.25,384.75,0,Mph_TU
-1264.75,379.25,0,Mph_TU
-1068.75,387.75,0,Mph_TU
-706.25,382.75,0,Mph_TU
-1298.25,385.75,0,Mph_TU
-872.25,382.75,0,Mph_TU
-830.25,393.75,0,Mph_TU
-892.25,389.75,0,Mph_TU
-885.75,416.75,0,Mph_TU
-1269.25,408.75,0,Mph_TU
-627.25,411.25,0,Mph_TU
-1199.25,405.25,0,Mph_TU
-712.75,432.75,0,Mph_TU
-880.25,438.75,0,Mph_TU
-660.75,432.75,0,Mph_TU
-1292.75,443.25,0,Mph_TU
-744.25,456.25,0,Mph_TU
-1361.75,462.25,0,Mph_TU
-778.75,462.75,0,Mph_TU
-708.75,471.25,0,Mph_TU
-1338.75,479.25,0,Mph_TU
-890.75,469.25,0,Mph_TU
-1034.25,491.25,0,Mph_TU
-976.25,470.75,0,Mph_TU
-868.75,483.25,0,Mph_TU
-1072.25,497.25,0,Mph_TU
-1364.25,487.75,0,Mph_TU
-581.75,486.25,0,Mph_TU
-967.75,477.75,0,Mph_TU
-664.25,502.25,0,Mph_TU
-860.25,521.75,0,Mph_TU
-1362.75,511.25,0,Mph_TU
-686.25,514.25,0,Mph_TU
-1185.75,519.25,0,Mph_TU
-744.75,525.25,0,Mph_TU
-716.75,536.75,0,Mph_TU
-1354.25,538.75,0,Mph_TU
-1237.75,549.25,0,Mph_TU
-1221.25,561.25,0,Mph_TU
-587.75,558.75,0,Mph_TU
-609.25,570.25,0,Mph_TU
-728.75,573.25,0,Mph_TU
-754.25,569.25,0,Mph_TU
-581.25,580.75,0,Mph_TU
-1180.25,581.25,0,Mph_TU
-857.75,578.25,0,Mph_TU
-667.75,584.75,0,Mph_TU
-1212.75,586.75,0,Mph_TU
-1256.75,584.75,0,Mph_TU
-767.25,604.25,0,Mph_TU
-1159.75,601.25,0,Mph_TU
-1249.75,610.25,0,Mph_TU
-669.25,610.25,0,Mph_TU
-577.75,604.75,0,Mph_TU
-1352.75,617.75,0,Mph_TU
-600.75,620.25,0,Mph_TU
-887.75,620.25,0,Mph_TU
-914.25,614.25,0,Mph_TU
-824.25,636.75,0,Mph_TU
-631.75,618.25,0,Mph_TU
-922.25,650.75,0,Mph_TU
-603.25,645.25,0,Mph_TU
-646.75,645.25,0,Mph_TU
-579.25,645.25,0,Mph_TU
-1032.25,653.75,0,Mph_TU
-828.75,660.25,0,Mph_TU
-1372.25,667.75,0,Mph_TU
-598.75,663.25,0,Mph_TU
-891.75,682.25,0,Mph_TU
-666.75,672.25,0,Mph_TU
-931.25,673.25,0,Mph_TU
-978.25,688.25,0,Mph_TU
-1342.75,672.75,0,Mph_TU
-834.25,680.75,0,Mph_TU
-1165.75,668.25,0,Mph_TU
-996.75,688.75,0,Mph_TU
-871.25,683.25,0,Mph_TU
-1357.25,688.25,0,Mph_TU
-588.75,692.25,0,Mph_TU
-958.25,694.75,0,Mph_TU
-1334.75,695.75,0,Mph_TU
-939.25,700.25,0,Mph_TU
-656.75,700.75,0,Mph_TU
-1359.25,708.75,0,Mph_TU
-1320.25,713.25,0,Mph_TU
-1370.25,728.25,0,Mph_TU
-1342.75,726.25,0,Mph_TU
-1189.25,745.75,0,Mph_TU
-1255.75,750.75,0,Mph_TU
-645.75,736.25,0,Mph_TU
-770.75,747.75,0,Mph_TU
-582.25,752.25,0,Mph_TU
-907.75,762.75,0,Mph_TU
-627.75,745.25,0,Mph_TU
-604.75,758.25,0,Mph_TU
-639.25,773.75,0,Mph_TU
-751.25,763.25,0,Mph_TU
-727.25,780.25,0,Mph_TU
-746.25,791.25,0,Mph_TU
-703.25,786.75,0,Mph_TU
-637.75,789.25,0,Mph_TU
-610.75,787.25,0,Mph_TU
-718.25,805.25,0,Mph_TU
-695.25,802.25,0,Mph_TU
-592.25,806.25,0,Mph_TU
-780.75,806.75,0,Mph_TU
-620.25,807.75,0,Mph_TU
-1098.75,804.25,0,Mph_TU
-1017.75,802.25,0,Mph_TU
-644.75,818.75,0,Mph_TU
-685.25,824.75,0,Mph_TU
-1002.25,839.75,0,Mph_TU
-671.25,837.75,0,Mph_TU
-578.25,837.25,0,Mph_TU
-600.25,845.25,0,Mph_TU
-653.75,838.25,0,Mph_TU
-631.25,848.25,0,Mph_TU
-1225.75,853.25,0,Mph_TU
-650.25,860.75,0,Mph_TU
-1059.25,859.25,0,Mph_TU
-762.25,858.75,0,Mph_TU
-829.25,859.25,0,Mph_TU
-733.25,849.25,0,Mph_TU
-681.75,872.75,0,Mph_TU
-709.75,863.25,0,Mph_TU
-896.75,870.75,0,Mph_TU
-822.25,871.75,0,Mph_TU
-1370.75,870.75,0,Mph_TU
-589.75,872.75,0,Mph_TU
-822.75,890.25,0,Mph_TU
-593.75,885.75,0,Mph_TU
-183.75,101.25,0,Mph_TU
-288.25,111.75,0,Mph_TU
-21.25,121.75,0,Mph_TU
-284.25,124.25,0,Mph_TU
-460.25,121.75,0,Mph_TU
-437.25,117.25,0,Mph_TU
-438.75,154.25,0,Mph_TU
-297.25,147.75,0,Mph_TU
-326.75,146.75,0,Mph_TU
-270.75,147.75,0,Mph_TU
-31.75,155.25,0,Mph_TU
-266.75,169.25,0,Mph_TU
-323.25,170.25,0,Mph_TU
-364.75,165.75,0,Mph_TU
-464.75,172.75,0,Mph_TU
-396.75,179.25,0,Mph_TU
-324.25,193.75,0,Mph_TU
-426.25,187.25,0,Mph_TU
-118.75,188.25,0,Mph_TU
-84.25,187.25,0,Mph_TU
-497.25,206.25,0,Mph_TU
-88.25,217.25,0,Mph_TU
-528.25,213.25,0,Mph_TU
-480.25,221.25,0,Mph_TU
-118.25,219.75,0,Mph_TU
-31.25,234.25,0,Mph_TU
108.25,226.25,0,Mph_TU
-400.75,237.75,0,Mph_TU
-465.75,230.75,0,Mph_TU
-350.75,236.25,0,Mph_TU
-121.25,243.25,0,Mph_TU
-451.25,248.25,0,Mph_TU
-474.75,253.25,0,Mph_TU
-500.25,257.75,0,Mph_TU
-113.75,290.25,0,Mph_TU
5.25,277.75,0,Mph_TU
44.75,265.75,0,Mph_TU
-441.25,271.75,0,Mph_TU
-146.75,278.75,0,Mph_TU
-8.25,282.25,0,Mph_TU
47.25,289.75,0,Mph_TU
-158.75,286.25,0,Mph_TU
-27.25,295.25,0,Mph_TU
-467.25,287.25,0,Mph_TU
27.25,303.25,0,Mph_TU
-423.75,297.25,0,Mph_TU
-448.25,301.75,0,Mph_TU
-132.75,309.75,0,Mph_TU
-453.75,315.25,0,Mph_TU
-144.25,316.75,0,Mph_TU
-499.75,336.75,0,Mph_TU
-513.75,347.75,0,Mph_TU
-515.25,364.25,0,Mph_TU
-528.25,373.25,0,Mph_TU
-495.75,379.25,0,Mph_TU
-407.25,381.75,0,Mph_TU
47.25,376.25,0,Mph_TU
-532.75,388.25,0,Mph_TU
-48.75,395.25,0,Mph_TU
-520.25,404.75,0,Mph_TU
-426.75,414.75,0,Mph_TU
-476.25,434.25,0,Mph_TU
4.75,433.25,0,Mph_TU
-565.75,441.75,0,Mph_TU
-447.75,440.75,0,Mph_TU
-423.75,447.75,0,Mph_TU
-451.75,459.75,0,Mph_TU
-471.75,471.25,0,Mph_TU
-552.25,487.25,0,Mph_TU
-447.75,484.25,0,Mph_TU
-493.25,491.25,0,Mph_TU
-515.75,503.25,0,Mph_TU
-469.25,496.25,0,Mph_TU
-452.25,519.25,0,Mph_TU
-473.75,515.25,0,Mph_TU
-550.75,513.75,0,Mph_TU
-497.25,519.75,0,Mph_TU
-430.75,531.75,0,Mph_TU
-542.25,534.25,0,Mph_TU
-478.75,546.25,0,Mph_TU
-549.75,561.75,0,Mph_TU
-443.25,568.75,0,Mph_TU
-497.75,557.75,0,Mph_TU
-462.25,589.75,0,Mph_TU
-506.75,577.75,0,Mph_TU
-476.75,749.25,0,Mph_TU
-500.75,782.25,0,Mph_TU
-515.75,824.25,0,Mph_TU
-540.25,832.75,0,Mph_TU
-555.75,884.25,0,Mph_TU
-1587.25,2514.25,0,Mph_TU
-2060.25,2561.25,0,Mph_TU
-1935.75,2565.75,0,Mph_TU
-1886.25,2576.75,0,Mph_TU
-1909.75,2578.25,0,Mph_TU
-2115.25,2576.75,0,Mph_TU
-1878.25,2582.25,0,Mph_TU
-2062.25,2602.25,0,Mph_TU
-2116.25,2738.25,0,Mph_TU
-1836.75,2756.75,0,Mph_TU
-1436.75,2760.25,0,Mph_TU
-1469.25,2774.75,0,Mph_TU
-1398.25,2804.75,0,Mph_TU
-1378.75,2799.25,0,Mph_TU
-1376.25,2820.75,0,Mph_TU
-1951.25,2824.25,0,Mph_TU
-1599.75,2830.25,0,Mph_TU
-1389.25,2838.75,0,Mph_TU
-1394.25,2855.75,0,Mph_TU
-1985.75,2857.75,0,Mph_TU
-2053.75,2866.25,0,Mph_TU
-1394.75,2870.25,0,Mph_TU
-2018.75,2864.75,0,Mph_TU
-1377.25,2878.25,0,Mph_TU
-2034.25,2886.75,0,Mph_TU
-1414.75,2882.25,0,Mph_TU
-2006.25,2895.25,0,Mph_TU
-1400.75,2885.75,0,Mph_TU
-1419.25,2910.25,0,Mph_TU
-1396.75,2912.25,0,Mph_TU
-2026.25,2912.25,0,Mph_TU
-1431.25,2936.25,0,Mph_TU
-1803.25,2920.25,0,Mph_TU
-1642.75,2936.25,0,Mph_TU
-1658.75,3003.25,0,Mph_TU
-1645.25,3003.25,0,Mph_TU
-1524.75,3005.25,0,Mph_TU
-1654.75,3023.25,0,Mph_TU
-1601.25,3025.25,0,Mph_TU
-1484.75,3013.25,0,Mph_TU
-1916.75,3034.25,0,Mph_TU
-1645.25,3046.75,0,Mph_TU
-1625.25,3057.25,0,Mph_TU
-1954.75,3051.75,0,Mph_TU
-1910.25,3065.25,0,Mph_TU
-1937.75,3058.25,0,Mph_TU
-1990.75,3087.25,0,Mph_TU
-1696.25,3089.25,0,Mph_TU
-1606.25,3087.25,0,Mph_TU
-1726.25,3094.25,0,Mph_TU
-1912.75,3109.25,0,Mph_TU
-1895.75,3130.75,0,Mph_TU
-1721.75,3138.25,0,Mph_TU
-1685.75,3144.75,0,Mph_TU
-1701.75,3166.75,0,Mph_TU
-1675.75,3161.75,0,Mph_TU
-1666.25,3167.25,0,Mph_TU
-1448.25,3178.25,0,Mph_TU
-2094.25,3182.75,0,Mph_TU
-1494.25,3190.25,0,Mph_TU
-1466.75,3210.25,0,Mph_TU
-2046.75,3217.75,0,Mph_TU
-2143.25,3233.75,0,Mph_TU
-1527.25,3256.75,0,Mph_TU
-2086.25,3261.25,0,Mph_TU
558.75,109.25,0,Mph_TU
477.75,112.75,0,Mph_TU
325.25,118.25,0,Mph_TU
544.75,129.25,0,Mph_TU
537.75,151.25,0,Mph_TU
485.75,199.25,0,Mph_TU
336.75,221.75,0,Mph_TU
491.75,216.75,0,Mph_TU
407.25,221.75,0,Mph_TU
471.75,222.75,0,Mph_TU
358.25,242.75,0,Mph_TU
502.75,245.25,0,Mph_TU
421.75,234.75,0,Mph_TU
482.75,253.75,0,Mph_TU
441.75,252.25,0,Mph_TU
416.75,285.75,0,Mph_TU
487.25,294.75,0,Mph_TU
279.75,300.25,0,Mph_TU
280.75,326.75,0,Mph_TU
483.25,343.75,0,Mph_TU
492.75,388.75,0,Mph_TU
-2237.75,3368.25,0,Mph_TU
-1360.75,3388.75,0,Mph_TU
-1346.75,3406.25,0,Mph_TU
-1274.75,3444.25,0,Mph_TU
-1245.75,3447.25,0,Mph_TU
-1325.25,3461.25,0,Mph_TU
-1247.75,3470.25,0,Mph_TU
-1348.25,3490.75,0,Mph_TU
-1306.25,3488.25,0,Mph_TU
-1236.25,3512.25,0,Mph_TU
-2064.25,3295.25,0,Mph_TU
-2038.25,3302.75,0,Mph_TU
-2150.75,3311.75,0,Mph_TU
-1778.25,3324.25,0,Mph_TU
-1651.75,3354.75,0,Mph_TU
-1691.75,3353.75,0,Mph_TU
-2097.25,3390.25,0,Mph_TU
-1937.25,3414.25,0,Mph_TU
-1589.25,3434.75,0,Mph_TU
-1608.25,3437.75,0,Mph_TU
-1994.75,3449.25,0,Mph_TU
-1972.75,3452.25,0,Mph_TU
-1633.75,3467.75,0,Mph_TU
-2048.25,3471.75,0,Mph_TU
-1980.25,3474.25,0,Mph_TU
-2013.75,3479.25,0,Mph_TU
-2030.25,3493.75,0,Mph_TU
-2032.25,3536.25,0,Mph_TU
-2017.75,3567.25,0,Mph_TU
-2149.75,3586.25,0,Mph_TU
-2009.75,3598.25,0,Mph_TU
-1463.75,3619.25,0,Mph_TU
-1585.75,3645.75,0,Mph_TU
-1758.25,3732.25,0,Mph_TU
-976.75,2514.25,0,Mph_TU
-1210.75,2568.75,0,Mph_TU
-1178.75,2561.75,0,Mph_TU
-971.75,2587.25,0,Mph_TU
-1220.25,2590.75,0,Mph_TU
-1221.25,2648.25,0,Mph_TU
-938.25,2654.75,0,Mph_TU
-934.25,2715.25,0,Mph_TU
-1148.25,2762.25,0,Mph_TU
-731.25,2801.75,0,Mph_TU
-1365.25,2851.75,0,Mph_TU
-1373.25,2859.75,0,Mph_TU
-1018.75,3223.75,0,Mph_TU
-369.75,1871.25,0,Mph_TU
-334.75,1924.25,0,Mph_TU
-364.75,1938.25,0,Mph_TU
-385.25,1939.75,0,Mph_TU
-428.25,1950.75,0,Mph_TU
-396.25,1949.75,0,Mph_TU
-456.25,1970.25,0,Mph_TU
-373.25,1984.25,0,Mph_TU
-524.25,1981.75,0,Mph_TU
-528.25,2007.75,0,Mph_TU
-373.75,2019.25,0,Mph_TU
-499.75,2001.75,0,Mph_TU
-409.75,2012.25,0,Mph_TU
-347.75,2015.75,0,Mph_TU
-480.25,2007.25,0,Mph_TU
-522.75,2027.75,0,Mph_TU
-478.25,2038.75,0,Mph_TU
-506.75,2036.75,0,Mph_TU
-437.75,2046.25,0,Mph_TU
-407.75,2054.25,0,Mph_TU
-569.25,2070.75,0,Mph_TU
-397.75,2076.25,0,Mph_TU
-436.75,2070.25,0,Mph_TU
-422.75,2076.75,0,Mph_TU
-495.75,2087.75,0,Mph_TU
-475.75,2087.75,0,Mph_TU
-18.25,1204.75,0,Mph_TU
-230.75,1213.75,0,Mph_TU
-24.25,1233.25,0,Mph_TU
-224.75,1261.75,0,Mph_TU
-242.75,1292.25,0,Mph_TU
-202.25,1292.25,0,Mph_TU
-269.25,1314.75,0,Mph_TU
2212.75,-2656.75,0,Mph_IM
2231.25,-2576.25,0,Mph_IM
2212.75,-2574.25,0,Mph_IM
2206.75,-2555.25,0,Mph_IM
2222.75,-2548.25,0,Mph_IM
2255.25,-2499.75,0,Mph_IM
1128.25,-2686.25,0,Mph_IM
1367.75,-2686.75,0,Mph_IM
1312.75,-2677.25,0,Mph_IM
1040.75,-2670.25,0,Mph_IM
1339.25,-2673.75,0,Mph_IM
1016.75,-2656.25,0,Mph_IM
1293.75,-2659.75,0,Mph_IM
1051.25,-2650.25,0,Mph_IM
1315.75,-2640.75,0,Mph_IM
1190.75,-2641.25,0,Mph_IM
993.75,-2652.25,0,Mph_IM
1331.75,-2651.25,0,Mph_IM
963.25,-2649.25,0,Mph_IM
1280.25,-2641.25,0,Mph_IM
1048.75,-2632.25,0,Mph_IM
1072.75,-2642.75,0,Mph_IM
1301.25,-2634.75,0,Mph_IM
909.75,-2633.75,0,Mph_IM
880.75,-2634.25,0,Mph_IM
1267.25,-2625.75,0,Mph_IM
938.75,-2636.25,0,Mph_IM
1083.25,-2631.75,0,Mph_IM
1170.75,-2623.25,0,Mph_IM
1014.75,-2617.75,0,Mph_IM
972.25,-2620.75,0,Mph_IM
1060.25,-2619.75,0,Mph_IM
1193.25,-2620.75,0,Mph_IM
860.25,-2622.75,0,Mph_IM
1041.75,-2618.25,0,Mph_IM
1074.75,-2612.75,0,Mph_IM
1301.75,-2610.75,0,Mph_IM
1205.75,-2606.25,0,Mph_IM
1323.25,-2612.25,0,Mph_IM
915.75,-2606.75,0,Mph_IM
959.25,-2608.75,0,Mph_IM
1280.25,-2606.25,0,Mph_IM
890.75,-2604.75,0,Mph_IM
930.25,-2602.75,0,Mph_IM
825.75,-2613.25,0,Mph_IM
1232.75,-2598.25,0,Mph_IM
870.75,-2600.25,0,Mph_IM
1048.25,-2601.75,0,Mph_IM
1352.25,-2581.25,0,Mph_IM
816.75,-2594.25,0,Mph_IM
995.25,-2604.25,0,Mph_IM
1298.25,-2590.25,0,Mph_IM
1323.25,-2590.25,0,Mph_IM
1068.75,-2594.25,0,Mph_IM
1009.75,-2587.25,0,Mph_IM
1378.25,-2587.75,0,Mph_IM
916.75,-2575.25,0,Mph_IM
845.75,-2580.25,0,Mph_IM
997.25,-2568.25,0,Mph_IM
1378.25,-2559.75,0,Mph_IM
1370.75,-2566.75,0,Mph_IM
965.25,-2564.25,0,Mph_IM
1044.25,-2568.25,0,Mph_IM
1013.25,-2563.75,0,Mph_IM
1256.75,-2570.75,0,Mph_IM
1033.25,-2555.25,0,Mph_IM
933.75,-2547.75,0,Mph_IM
1019.75,-2549.75,0,Mph_IM
993.25,-2547.75,0,Mph_IM
874.25,-2540.25,0,Mph_IM
1007.25,-2542.25,0,Mph_IM
925.75,-2539.25,0,Mph_IM
965.75,-2539.75,0,Mph_IM
1027.75,-2538.75,0,Mph_IM
886.75,-2537.75,0,Mph_IM
797.25,-2544.25,0,Mph_IM
993.75,-2527.75,0,Mph_IM
752.75,-2525.25,0,Mph_IM
1017.25,-2525.25,0,Mph_IM
796.25,-2517.25,0,Mph_IM
1034.75,-2508.25,0,Mph_IM
1264.25,-2518.75,0,Mph_IM
886.75,-2519.25,0,Mph_IM
932.75,-2519.25,0,Mph_IM
1005.75,-2508.75,0,Mph_IM
923.75,-2500.25,0,Mph_IM
1232.25,-2501.25,0,Mph_IM
946.75,-2507.25,0,Mph_IM
1260.75,-2482.75,0,Mph_IM
886.75,-2484.75,0,Mph_IM
1343.75,-2500.25,0,Mph_IM
1014.75,-2489.25,0,Mph_IM
1365.75,-2497.25,0,Mph_IM
1282.75,-2489.25,0,Mph_IM
1228.25,-2483.75,0,Mph_IM
723.75,-2483.25,0,Mph_IM
-269.25,-1794.75,0,Mph_IM
-291.25,-1773.25,0,Mph_IM
-267.75,-1758.25,0,Mph_IM
-308.75,-1762.25,0,Mph_IM
-337.25,-1762.75,0,Mph_IM
-317.75,-1740.25,0,Mph_IM
-253.75,-1752.25,0,Mph_IM
-227.75,-1743.25,0,Mph_IM
-343.25,-1726.75,0,Mph_IM
-254.25,-1736.25,0,Mph_IM
-290.75,-1722.75,0,Mph_IM
-270.25,-1727.25,0,Mph_IM
-309.25,-1709.75,0,Mph_IM
-336.75,-1701.75,0,Mph_IM
-236.75,-1684.75,0,Mph_IM
-320.75,-1686.25,0,Mph_IM
1820.75,-2914.25,0,Mph_IM
1636.75,-2907.75,0,Mph_IM
1817.75,-2889.75,0,Mph_IM
1794.75,-2890.25,0,Mph_IM
1773.75,-2877.25,0,Mph_IM
1855.75,-2877.25,0,Mph_IM
1583.25,-2879.75,0,Mph_IM
1758.25,-2871.75,0,Mph_IM
1624.75,-2868.25,0,Mph_IM
1730.25,-2883.25,0,Mph_IM
1941.25,-2873.75,0,Mph_IM
1811.75,-2865.25,0,Mph_IM
1831.25,-2873.25,0,Mph_IM
1592.75,-2864.25,0,Mph_IM
1784.75,-2853.25,0,Mph_IM
1733.75,-2853.25,0,Mph_IM
1875.75,-2854.25,0,Mph_IM
1831.25,-2843.25,0,Mph_IM
1607.75,-2850.25,0,Mph_IM
1855.25,-2852.25,0,Mph_IM
1806.25,-2841.25,0,Mph_IM
1533.25,-2845.25,0,Mph_IM
1860.25,-2835.75,0,Mph_IM
1591.25,-2832.75,0,Mph_IM
1842.25,-2828.75,0,Mph_IM
1692.75,-2830.25,0,Mph_IM
1725.75,-2830.75,0,Mph_IM
1806.25,-2818.75,0,Mph_IM
1873.75,-2817.75,0,Mph_IM
1478.25,-2818.75,0,Mph_IM
1584.75,-2817.25,0,Mph_IM
1850.25,-2817.25,0,Mph_IM
1716.25,-2799.25,0,Mph_IM
1746.25,-2804.25,0,Mph_IM
2037.25,-2789.25,0,Mph_IM
1867.25,-2786.75,0,Mph_IM
1673.75,-2794.75,0,Mph_IM
1791.25,-2795.75,0,Mph_IM
1704.25,-2787.75,0,Mph_IM
1808.25,-2789.75,0,Mph_IM
1828.75,-2776.75,0,Mph_IM
1784.25,-2775.25,0,Mph_IM
1801.75,-2773.25,0,Mph_IM
2014.25,-2767.25,0,Mph_IM
1501.25,-2774.75,0,Mph_IM
1618.25,-2768.25,0,Mph_IM
1904.25,-2760.75,0,Mph_IM
1663.25,-2770.75,0,Mph_IM
1823.25,-2757.75,0,Mph_IM
1703.75,-2760.25,0,Mph_IM
1672.75,-2752.75,0,Mph_IM
1509.75,-2760.25,0,Mph_IM
2027.25,-2758.25,0,Mph_IM
1885.25,-2755.75,0,Mph_IM
1415.75,-2751.75,0,Mph_IM
1394.25,-2756.25,0,Mph_IM
2002.25,-2756.75,0,Mph_IM
2041.25,-2748.25,0,Mph_IM
1446.25,-2752.25,0,Mph_IM
1603.25,-2739.25,0,Mph_IM
1877.75,-2739.75,0,Mph_IM
1712.75,-2736.75,0,Mph_IM
2012.75,-2744.25,0,Mph_IM
1520.25,-2740.75,0,Mph_IM
2105.75,-2746.75,0,Mph_IM
1739.25,-2730.75,0,Mph_IM
1825.75,-2729.75,0,Mph_IM
1412.75,-2725.25,0,Mph_IM
1768.75,-2722.75,0,Mph_IM
1583.25,-2723.25,0,Mph_IM
2100.25,-2732.75,0,Mph_IM
2064.75,-2719.25,0,Mph_IM
1448.25,-2718.25,0,Mph_IM
2134.75,-2727.25,0,Mph_IM
2119.25,-2716.25,0,Mph_IM
1403.75,-2716.25,0,Mph_IM
1955.25,-2696.25,0,Mph_IM
1514.25,-2712.25,0,Mph_IM
1668.25,-2693.75,0,Mph_IM
1827.25,-2703.75,0,Mph_IM
1896.75,-2706.75,0,Mph_IM
2056.75,-2698.75,0,Mph_IM
1453.25,-2690.75,0,Mph_IM
1542.75,-2693.25,0,Mph_IM
2112.75,-2681.25,0,Mph_IM
1401.75,-2675.75,0,Mph_IM
2038.75,-2690.25,0,Mph_IM
2148.75,-2682.25,0,Mph_IM
1824.75,-2673.75,0,Mph_IM
1679.25,-2676.75,0,Mph_IM
1550.25,-2676.25,0,Mph_IM
1566.75,-2660.75,0,Mph_IM
1439.75,-2660.75,0,Mph_IM
1602.75,-2663.25,0,Mph_IM
1422.75,-2655.25,0,Mph_IM
1525.75,-2653.75,0,Mph_IM
1423.75,-2632.25,0,Mph_IM
1733.75,-2649.25,0,Mph_IM
1453.75,-2635.75,0,Mph_IM
1655.75,-2645.25,0,Mph_IM
1533.25,-2636.25,0,Mph_IM
1776.25,-2634.75,0,Mph_IM
1508.75,-2639.75,0,Mph_IM
1400.25,-2641.25,0,Mph_IM
1686.25,-2635.25,0,Mph_IM
1804.75,-2637.75,0,Mph_IM
1561.25,-2626.75,0,Mph_IM
1635.75,-2634.25,0,Mph_IM
1756.25,-2627.75,0,Mph_IM
2018.75,-2631.75,0,Mph_IM
1411.75,-2613.75,0,Mph_IM
1441.25,-2616.25,0,Mph_IM
2084.25,-2617.75,0,Mph_IM
1656.25,-2622.75,0,Mph_IM
1879.25,-2627.75,0,Mph_IM
1533.75,-2618.25,0,Mph_IM
1383.75,-2622.25,0,Mph_IM
1507.75,-2612.75,0,Mph_IM
1588.75,-2611.25,0,Mph_IM
1841.75,-2606.25,0,Mph_IM
1995.75,-2614.75,0,Mph_IM
1792.25,-2616.75,0,Mph_IM
1681.25,-2614.25,0,Mph_IM
1749.25,-2606.75,0,Mph_IM
2157.25,-2605.25,0,Mph_IM
1645.75,-2599.75,0,Mph_IM
1885.75,-2604.25,0,Mph_IM
2031.25,-2600.75,0,Mph_IM
1794.25,-2597.25,0,Mph_IM
2172.25,-2592.25,0,Mph_IM
1547.25,-2600.75,0,Mph_IM
1918.75,-2604.75,0,Mph_IM
1389.75,-2594.75,0,Mph_IM
1672.25,-2592.75,0,Mph_IM
1866.25,-2596.75,0,Mph_IM
1879.75,-2594.75,0,Mph_IM
1439.25,-2589.75,0,Mph_IM
1608.25,-2597.75,0,Mph_IM
1909.75,-2573.25,0,Mph_IM
1416.25,-2586.25,0,Mph_IM
1776.25,-2578.25,0,Mph_IM
2002.25,-2581.25,0,Mph_IM
1735.25,-2578.25,0,Mph_IM
1503.75,-2581.25,0,Mph_IM
1921.75,-2584.25,0,Mph_IM
1675.75,-2580.25,0,Mph_IM
1865.25,-2576.25,0,Mph_IM
1946.75,-2585.75,0,Mph_IM
2028.25,-2578.75,0,Mph_IM
1466.75,-2573.25,0,Mph_IM
1618.25,-2569.25,0,Mph_IM
1811.75,-2582.75,0,Mph_IM
1399.75,-2562.25,0,Mph_IM
1588.75,-2581.25,0,Mph_IM
1822.75,-2560.75,0,Mph_IM
1540.75,-2569.25,0,Mph_IM
1757.75,-2561.75,0,Mph_IM
1960.75,-2562.25,0,Mph_IM
1939.25,-2550.75,0,Mph_IM
1601.75,-2561.25,0,Mph_IM
1483.25,-2554.75,0,Mph_IM
1721.75,-2560.25,0,Mph_IM
1524.75,-2554.25,0,Mph_IM
1654.25,-2552.25,0,Mph_IM
1545.75,-2549.25,0,Mph_IM
1730.25,-2542.75,0,Mph_IM
2012.25,-2548.75,0,Mph_IM
2054.75,-2542.25,0,Mph_IM
1783.25,-2547.25,0,Mph_IM
2030.25,-2546.75,0,Mph_IM
2125.75,-2538.75,0,Mph_IM
1427.25,-2542.75,0,Mph_IM
1706.75,-2541.25,0,Mph_IM
1747.25,-2542.75,0,Mph_IM
1762.75,-2543.25,0,Mph_IM
1554.75,-2537.25,0,Mph_IM
1385.25,-2522.25,0,Mph_IM
1776.25,-2523.75,0,Mph_IM
1412.25,-2528.25,0,Mph_IM
1753.75,-2529.25,0,Mph_IM
1730.75,-2525.25,0,Mph_IM
1656.75,-2519.25,0,Mph_IM
1426.75,-2517.75,0,Mph_IM
1577.25,-2513.75,0,Mph_IM
1759.25,-2507.25,0,Mph_IM
1885.75,-2513.75,0,Mph_IM
1406.25,-2494.75,0,Mph_IM
1735.75,-2498.75,0,Mph_IM
1442.25,-2499.25,0,Mph_IM
1962.25,-2502.25,0,Mph_IM
1895.25,-2500.75,0,Mph_IM
2167.25,-2492.25,0,Mph_IM
1617.25,-2499.75,0,Mph_IM
1559.75,-2492.25,0,Mph_IM
1465.75,-2486.75,0,Mph_IM
1667.75,-2487.25,0,Mph_IM
1782.75,-2488.75,0,Mph_IM
-278.75,-1644.75,0,Mph_IM
-364.25,-1645.25,0,Mph_IM
-333.75,-1636.25,0,Mph_IM
-365.25,-1625.75,0,Mph_IM
-311.75,-1630.25,0,Mph_IM
-270.75,-1613.25,0,Mph_IM
-297.25,-1581.25,0,Mph_IM
-330.25,-1560.75,0,Mph_IM
-241.75,-1555.25,0,Mph_IM
-294.75,-1542.25,0,Mph_IM
-360.25,-1537.25,0,Mph_IM
-395.25,-1534.25,0,Mph_IM
-315.25,-1523.25,0,Mph_IM
-362.25,-1516.25,0,Mph_IM
-405.25,-1505.75,0,Mph_IM
-381.75,-1510.25,0,Mph_IM
-396.75,-1491.25,0,Mph_IM
-359.75,-1487.25,0,Mph_IM
-435.75,-1483.75,0,Mph_IM
-271.25,-1482.25,0,Mph_IM
-417.75,-1473.25,0,Mph_IM
-400.75,-1464.75,0,Mph_IM
-407.25,-1438.25,0,Mph_IM
-500.75,-1437.25,0,Mph_IM
-357.25,-1435.75,0,Mph_IM
-470.25,-1430.25,0,Mph_IM
-449.25,-1438.75,0,Mph_IM
-391.75,-1423.25,0,Mph_IM
-451.25,-1420.25,0,Mph_IM
-440.25,-1397.25,0,Mph_IM
-363.25,-1413.25,0,Mph_IM
-471.25,-1413.25,0,Mph_IM
-466.25,-1394.25,0,Mph_IM
-353.25,-1400.75,0,Mph_IM
-500.75,-1388.25,0,Mph_IM
-477.25,-1370.75,0,Mph_IM
-521.25,-1386.75,0,Mph_IM
-448.25,-1376.25,0,Mph_IM
-453.75,-1358.25,0,Mph_IM
-345.25,-1333.25,0,Mph_IM
-471.75,-1340.75,0,Mph_IM
-452.75,-1326.25,0,Mph_IM
-484.25,-1328.75,0,Mph_IM
-359.75,-1320.75,0,Mph_IM
-497.25,-1320.75,0,Mph_IM
-464.25,-1312.25,0,Mph_IM
-514.25,-1310.25,0,Mph_IM
-538.75,-1298.75,0,Mph_IM
-487.75,-1308.75,0,Mph_IM
-429.75,-1307.25,0,Mph_IM
-500.25,-1298.75,0,Mph_IM
-483.75,-1289.75,0,Mph_IM
-404.75,-1303.25,0,Mph_IM
-464.25,-1286.75,0,Mph_IM
-419.25,-1285.75,0,Mph_IM
-509.75,-1282.75,0,Mph_IM
-441.75,-1282.25,0,Mph_IM
-611.25,-1280.75,0,Mph_IM
-478.25,-1262.75,0,Mph_IM
-601.75,-1253.25,0,Mph_IM
-479.75,-1240.25,0,Mph_IM
-463.25,-1246.25,0,Mph_IM
-306.75,-1234.25,0,Mph_IM
-521.25,-1235.25,0,Mph_IM
-437.25,-1222.75,0,Mph_IM
-635.25,-1223.25,0,Mph_IM
-298.75,-1210.25,0,Mph_IM
-658.75,-1206.75,0,Mph_IM
-579.25,-1192.25,0,Mph_IM
-241.25,-1186.75,0,Mph_IM
-619.25,-1192.25,0,Mph_IM
-657.25,-1185.75,0,Mph_IM
-628.75,-1175.75,0,Mph_IM
-342.75,-1178.25,0,Mph_IM
-656.75,-1164.25,0,Mph_IM
-269.25,-1171.75,0,Mph_IM
-631.75,-1155.75,0,Mph_IM
-288.25,-1157.75,0,Mph_IM
-406.25,-1149.25,0,Mph_IM
-275.25,-1145.25,0,Mph_IM
-620.75,-1145.25,0,Mph_IM
-655.75,-1136.75,0,Mph_IM
-257.25,-1123.75,0,Mph_IM
-233.75,-1121.75,0,Mph_IM
-388.75,-1118.25,0,Mph_IM
-287.25,-1117.25,0,Mph_IM
-598.25,-1112.25,0,Mph_IM
-223.25,-1097.75,0,Mph_IM
-403.75,-1107.25,0,Mph_IM
-321.25,-1106.25,0,Mph_IM
-265.25,-1102.25,0,Mph_IM
-297.25,-1101.25,0,Mph_IM
-654.25,-1103.25,0,Mph_IM
-561.25,-1099.75,0,Mph_IM
-690.75,-1102.75,0,Mph_IM
-740.25,-1085.75,0,Mph_IM
-286.75,-1084.25,0,Mph_IM
-328.25,-1086.75,0,Mph_IM
-691.25,-1076.25,0,Mph_IM
-307.25,-1078.75,0,Mph_IM
-566.25,-1071.75,0,Mph_IM
-696.25,-1066.75,0,Mph_IM
-288.25,-1057.75,0,Mph_IM
-317.75,-1065.75,0,Mph_IM
-309.75,-1054.25,0,Mph_IM
-672.25,-1049.25,0,Mph_IM
-646.75,-1052.75,0,Mph_IM
-693.75,-1039.25,0,Mph_IM
-270.25,-1037.75,0,Mph_IM
-299.75,-1036.75,0,Mph_IM
-638.75,-1044.75,0,Mph_IM
-571.75,-1033.25,0,Mph_IM
-231.25,-1033.25,0,Mph_IM
-618.25,-1027.75,0,Mph_IM
-315.75,-1033.75,0,Mph_IM
-542.75,-1035.75,0,Mph_IM
-671.25,-1023.25,0,Mph_IM
-290.25,-1027.75,0,Mph_IM
-638.75,-1020.75,0,Mph_IM
-321.25,-1012.75,0,Mph_IM
-276.75,-1010.75,0,Mph_IM
-591.75,-1013.25,0,Mph_IM
-293.75,-1011.25,0,Mph_IM
-624.25,-1007.75,0,Mph_IM
-664.75,-1005.75,0,Mph_IM
-220.75,-1012.25,0,Mph_IM
-254.75,-1007.75,0,Mph_IM
-730.25,-993.25,0,Mph_IM
-520.75,-1010.25,0,Mph_IM
-337.25,-998.75,0,Mph_IM
-545.75,-997.75,0,Mph_IM
-637.25,-992.75,0,Mph_IM
-561.25,-986.75,0,Mph_IM
-531.25,-984.75,0,Mph_IM
-657.25,-975.75,0,Mph_IM
-676.75,-975.75,0,Mph_IM
-635.25,-968.75,0,Mph_IM
-524.75,-963.25,0,Mph_IM
-285.25,-978.25,0,Mph_IM
-699.25,-965.75,0,Mph_IM
-363.75,-954.25,0,Mph_IM
-234.25,-956.25,0,Mph_IM
-268.25,-942.75,0,Mph_IM
-609.25,-942.25,0,Mph_IM
-430.25,-942.25,0,Mph_IM
-454.75,-933.75,0,Mph_IM
-653.25,-944.25,0,Mph_IM
-534.75,-939.75,0,Mph_IM
-473.75,-935.75,0,Mph_IM
-297.25,-931.75,0,Mph_IM
-565.25,-925.75,0,Mph_IM
-236.75,-928.75,0,Mph_IM
-633.75,-921.25,0,Mph_IM
-663.75,-929.75,0,Mph_IM
-530.25,-918.75,0,Mph_IM
-432.25,-908.25,0,Mph_IM
-684.75,-919.25,0,Mph_IM
-760.25,-901.75,0,Mph_IM
-396.25,-920.25,0,Mph_IM
-245.25,-913.25,0,Mph_IM
-220.25,-905.75,0,Mph_IM
-283.25,-907.75,0,Mph_IM
-660.25,-902.75,0,Mph_IM
-470.25,-895.75,0,Mph_IM
-634.75,-902.75,0,Mph_IM
-412.25,-902.25,0,Mph_IM
-689.75,-898.75,0,Mph_IM
-823.25,-890.75,0,Mph_IM
-540.75,-895.75,0,Mph_IM
-388.25,-883.25,0,Mph_IM
-246.25,-891.75,0,Mph_IM
-519.75,-894.75,0,Mph_IM
-619.25,-888.25,0,Mph_IM
-685.75,-883.25,0,Mph_IM
-592.25,-883.75,0,Mph_IM
534.25,-2396.25,0,Mph_IM
550.75,-2366.25,0,Mph_IM
448.75,-2347.25,0,Mph_IM
561.25,-2336.25,0,Mph_IM
431.75,-2323.25,0,Mph_IM
399.25,-2333.25,0,Mph_IM
474.75,-2324.75,0,Mph_IM
541.75,-2326.75,0,Mph_IM
413.25,-2312.75,0,Mph_IM
414.75,-2296.75,0,Mph_IM
487.25,-2298.75,0,Mph_IM
496.25,-2267.75,0,Mph_IM
380.25,-2265.25,0,Mph_IM
530.75,-2260.75,0,Mph_IM
451.25,-2246.25,0,Mph_IM
573.75,-2247.25,0,Mph_IM
281.25,-2254.75,0,Mph_IM
394.75,-2243.25,0,Mph_IM
311.25,-2233.75,0,Mph_IM
348.25,-2233.25,0,Mph_IM
435.25,-2221.25,0,Mph_IM
285.75,-2218.25,0,Mph_IM
198.75,-2224.75,0,Mph_IM
393.25,-2219.75,0,Mph_IM
377.75,-2211.75,0,Mph_IM
423.25,-2211.75,0,Mph_IM
405.25,-2202.25,0,Mph_IM
356.25,-2206.25,0,Mph_IM
305.25,-2207.75,0,Mph_IM
562.75,-2204.75,0,Mph_IM
440.75,-2189.75,0,Mph_IM
420.25,-2193.25,0,Mph_IM
494.75,-2204.25,0,Mph_IM
552.25,-2198.75,0,Mph_IM
390.25,-2194.75,0,Mph_IM
322.25,-2191.75,0,Mph_IM
370.75,-2188.75,0,Mph_IM
234.75,-2177.75,0,Mph_IM
568.75,-2177.25,0,Mph_IM
498.25,-2184.25,0,Mph_IM
378.25,-2179.25,0,Mph_IM
406.75,-2168.75,0,Mph_IM
442.75,-2177.75,0,Mph_IM
474.75,-2168.75,0,Mph_IM
384.25,-2163.25,0,Mph_IM
507.25,-2154.25,0,Mph_IM
166.25,-2156.75,0,Mph_IM
331.75,-2155.25,0,Mph_IM
536.25,-2160.25,0,Mph_IM
400.75,-2157.75,0,Mph_IM
485.25,-2151.75,0,Mph_IM
207.75,-2143.25,0,Mph_IM
367.25,-2139.25,0,Mph_IM
553.75,-2145.75,0,Mph_IM
520.25,-2139.25,0,Mph_IM
477.25,-2136.25,0,Mph_IM
192.75,-2127.75,0,Mph_IM
538.75,-2138.25,0,Mph_IM
499.75,-2130.75,0,Mph_IM
417.25,-2130.25,0,Mph_IM
519.25,-2115.75,0,Mph_IM
547.25,-2120.75,0,Mph_IM
362.75,-2124.75,0,Mph_IM
461.25,-2114.75,0,Mph_IM
385.75,-2120.25,0,Mph_IM
484.25,-2112.25,0,Mph_IM
201.75,-2112.25,0,Mph_IM
495.25,-2106.75,0,Mph_IM
407.75,-2111.25,0,Mph_IM
540.25,-2107.75,0,Mph_IM
373.25,-2107.25,0,Mph_IM
394.75,-2102.75,0,Mph_IM
254.25,-2106.25,0,Mph_IM
244.25,-2068.25,0,Mph_IM
130.25,-2079.25,0,Mph_IM
406.25,-2084.25,0,Mph_IM
27.25,-2080.25,0,Mph_IM
403.25,-2065.25,0,Mph_IM
506.75,-2063.75,0,Mph_IM
413.75,-2045.25,0,Mph_IM
482.25,-2057.25,0,Mph_IM
32.75,-2055.25,0,Mph_IM
3.75,-2056.25,0,Mph_IM
43.25,-2046.75,0,Mph_IM
152.25,-2038.75,0,Mph_IM
189.75,-2030.25,0,Mph_IM
347.25,-2041.25,0,Mph_IM
380.75,-2029.75,0,Mph_IM
48.75,-2020.75,0,Mph_IM
82.25,-2027.25,0,Mph_IM
466.25,-2018.25,0,Mph_IM
402.75,-2016.25,0,Mph_IM
517.75,-2007.25,0,Mph_IM
4.25,-2009.75,0,Mph_IM
25.75,-2003.75,0,Mph_IM
61.75,-1997.25,0,Mph_IM
-1.25,-1991.75,0,Mph_IM
399.25,-1991.25,0,Mph_IM
41.75,-1983.25,0,Mph_IM
323.25,-1987.75,0,Mph_IM
-33.25,-1975.75,0,Mph_IM
347.25,-1965.75,0,Mph_IM
-73.25,-1966.25,0,Mph_IM
248.25,-1957.25,0,Mph_IM
-7.25,-1951.75,0,Mph_IM
123.25,-1954.75,0,Mph_IM
-40.75,-1961.25,0,Mph_IM
28.75,-1957.75,0,Mph_IM
274.75,-1949.25,0,Mph_IM
221.75,-1951.75,0,Mph_IM
505.25,-1954.25,0,Mph_IM
465.75,-1947.25,0,Mph_IM
-46.25,-1940.75,0,Mph_IM
40.25,-1942.75,0,Mph_IM
7.75,-1942.25,0,Mph_IM
-17.75,-1932.25,0,Mph_IM
103.75,-1930.25,0,Mph_IM
483.75,-1918.75,0,Mph_IM
436.75,-1935.75,0,Mph_IM
64.75,-1930.25,0,Mph_IM
394.25,-1926.25,0,Mph_IM
508.25,-1927.25,0,Mph_IM
1.25,-1929.25,0,Mph_IM
-101.75,-1925.25,0,Mph_IM
9.25,-1919.75,0,Mph_IM
31.75,-1917.75,0,Mph_IM
126.25,-1921.25,0,Mph_IM
431.25,-1908.25,0,Mph_IM
-10.75,-1913.25,0,Mph_IM
77.75,-1912.75,0,Mph_IM
-79.25,-1907.25,0,Mph_IM
514.75,-1898.75,0,Mph_IM
17.75,-1893.75,0,Mph_IM
361.25,-1898.25,0,Mph_IM
-23.75,-1907.25,0,Mph_IM
399.75,-1900.75,0,Mph_IM
-111.25,-1895.25,0,Mph_IM
131.75,-1892.25,0,Mph_IM
-61.25,-1899.25,0,Mph_IM
-34.25,-1899.75,0,Mph_IM
86.25,-1890.25,0,Mph_IM
-11.25,-1892.75,0,Mph_IM
57.25,-1888.25,0,Mph_IM
5.25,-1890.75,0,Mph_IM
319.75,-1887.75,0,Mph_IM
-31.25,-1868.25,0,Mph_IM
-59.25,-1883.75,0,Mph_IM
-2.75,-1862.75,0,Mph_IM
93.75,-1878.75,0,Mph_IM
298.75,-1879.25,0,Mph_IM
333.75,-1867.25,0,Mph_IM
274.75,-1874.25,0,Mph_IM
462.25,-1853.75,0,Mph_IM
-68.25,-1865.25,0,Mph_IM
541.25,-1855.75,0,Mph_IM
-100.25,-1863.25,0,Mph_IM
490.75,-1858.75,0,Mph_IM
70.25,-1860.25,0,Mph_IM
443.25,-1857.75,0,Mph_IM
169.25,-1868.25,0,Mph_IM
417.25,-1865.75,0,Mph_IM
316.75,-1852.25,0,Mph_IM
507.75,-1849.75,0,Mph_IM
285.25,-1851.25,0,Mph_IM
-151.75,-1855.75,0,Mph_IM
-37.75,-1835.25,0,Mph_IM
18.75,-1846.75,0,Mph_IM
207.25,-1829.25,0,Mph_IM
-77.75,-1832.75,0,Mph_IM
165.75,-1830.25,0,Mph_IM
396.25,-1819.75,0,Mph_IM
18.75,-1817.75,0,Mph_IM
364.75,-1818.25,0,Mph_IM
66.25,-1815.25,0,Mph_IM
-72.75,-1811.75,0,Mph_IM
1.25,-1811.25,0,Mph_IM
316.25,-1805.75,0,Mph_IM
338.25,-1813.75,0,Mph_IM
-193.25,-1809.25,0,Mph_IM
-26.25,-1799.25,0,Mph_IM
35.25,-1803.75,0,Mph_IM
-5.75,-1793.75,0,Mph_IM
-150.25,-1780.25,0,Mph_IM
278.25,-1794.75,0,Mph_IM
341.75,-1779.25,0,Mph_IM
579.25,-1795.75,0,Mph_IM
-208.25,-1782.25,0,Mph_IM
126.25,-1782.25,0,Mph_IM
-175.75,-1774.25,0,Mph_IM
-39.25,-1776.75,0,Mph_IM
-126.75,-1771.75,0,Mph_IM
438.75,-1775.25,0,Mph_IM
-88.25,-1772.25,0,Mph_IM
-59.25,-1773.25,0,Mph_IM
-205.25,-1763.25,0,Mph_IM
-2.25,-1767.75,0,Mph_IM
65.75,-1761.25,0,Mph_IM
557.75,-1760.75,0,Mph_IM
-36.25,-1750.75,0,Mph_IM
-1.75,-1745.75,0,Mph_IM
70.75,-1736.75,0,Mph_IM
242.75,-1744.25,0,Mph_IM
340.25,-1733.25,0,Mph_IM
309.75,-1734.25,0,Mph_IM
-148.25,-1732.75,0,Mph_IM
-128.25,-1730.25,0,Mph_IM
47.75,-1730.25,0,Mph_IM
87.75,-1736.25,0,Mph_IM
406.75,-1737.75,0,Mph_IM
298.75,-1722.25,0,Mph_IM
208.25,-1715.75,0,Mph_IM
417.25,-1716.25,0,Mph_IM
442.25,-1713.75,0,Mph_IM
373.75,-1710.75,0,Mph_IM
19.75,-1710.25,0,Mph_IM
470.25,-1714.75,0,Mph_IM
-125.25,-1700.25,0,Mph_IM
296.25,-1704.75,0,Mph_IM
390.75,-1705.75,0,Mph_IM
134.75,-1707.75,0,Mph_IM
347.25,-1710.25,0,Mph_IM
548.75,-1707.75,0,Mph_IM
420.75,-1692.25,0,Mph_IM
574.25,-1697.25,0,Mph_IM
40.75,-1697.25,0,Mph_IM
454.75,-1689.25,0,Mph_IM
536.75,-1694.75,0,Mph_IM
20.75,-1685.25,0,Mph_IM
-53.25,-1695.75,0,Mph_IM
154.75,-1696.25,0,Mph_IM
514.75,-1694.25,0,Mph_IM
71.75,-1686.25,0,Mph_IM
-209.25,-1691.25,0,Mph_IM
292.75,-1685.25,0,Mph_IM
129.25,-1682.25,0,Mph_IM
428.75,-1670.75,0,Mph_IM
553.75,-1679.75,0,Mph_IM
55.75,-1676.75,0,Mph_IM
-216.75,-1668.25,0,Mph_IM
-90.25,-1646.75,0,Mph_IM
-49.25,-1645.75,0,Mph_IM
575.75,-1647.75,0,Mph_IM
40.25,-1657.75,0,Mph_IM
17.25,-1650.75,0,Mph_IM
-174.75,-1645.75,0,Mph_IM
-23.75,-1647.75,0,Mph_IM
279.75,-1644.25,0,Mph_IM
47.75,-1647.25,0,Mph_IM
99.25,-1645.25,0,Mph_IM
355.25,-1643.25,0,Mph_IM
310.25,-1641.25,0,Mph_IM
-207.75,-1643.25,0,Mph_IM
-7.75,-1642.75,0,Mph_IM
-63.75,-1636.25,0,Mph_IM
-121.25,-1638.25,0,Mph_IM
249.25,-1640.25,0,Mph_IM
203.75,-1628.75,0,Mph_IM
8.25,-1620.75,0,Mph_IM
-19.75,-1622.25,0,Mph_IM
221.25,-1624.25,0,Mph_IM
544.75,-1619.25,0,Mph_IM
-168.25,-1608.25,0,Mph_IM
261.25,-1610.25,0,Mph_IM
471.75,-1611.75,0,Mph_IM
-90.25,-1598.75,0,Mph_IM
-6.25,-1606.75,0,Mph_IM
164.25,-1597.25,0,Mph_IM
-16.75,-1589.75,0,Mph_IM
-3.75,-1583.75,0,Mph_IM
317.25,-1600.25,0,Mph_IM
-59.25,-1582.75,0,Mph_IM
348.25,-1601.75,0,Mph_IM
571.25,-1599.25,0,Mph_IM
-162.75,-1575.25,0,Mph_IM
486.25,-1596.75,0,Mph_IM
378.75,-1592.25,0,Mph_IM
399.75,-1590.75,0,Mph_IM
111.75,-1579.75,0,Mph_IM
476.25,-1573.25,0,Mph_IM
-187.75,-1569.75,0,Mph_IM
73.75,-1568.75,0,Mph_IM
416.25,-1564.75,0,Mph_IM
561.25,-1569.25,0,Mph_IM
484.75,-1551.25,0,Mph_IM
319.25,-1561.25,0,Mph_IM
430.25,-1556.25,0,Mph_IM
-166.25,-1553.75,0,Mph_IM
337.25,-1539.75,0,Mph_IM
282.25,-1557.25,0,Mph_IM
311.75,-1538.75,0,Mph_IM
-209.25,-1544.25,0,Mph_IM
351.75,-1535.25,0,Mph_IM
373.25,-1543.75,0,Mph_IM
269.25,-1538.75,0,Mph_IM
389.25,-1538.75,0,Mph_IM
544.25,-1543.25,0,Mph_IM
566.75,-1540.75,0,Mph_IM
376.25,-1532.25,0,Mph_IM
406.25,-1530.75,0,Mph_IM
426.25,-1531.25,0,Mph_IM
-210.75,-1525.75,0,Mph_IM
79.75,-1524.25,0,Mph_IM
-179.25,-1519.75,0,Mph_IM
445.75,-1530.25,0,Mph_IM
574.75,-1515.75,0,Mph_IM
379.75,-1519.25,0,Mph_IM
-188.75,-1500.25,0,Mph_IM
495.25,-1504.25,0,Mph_IM
-214.75,-1503.25,0,Mph_IM
410.75,-1498.25,0,Mph_IM
143.75,-1484.75,0,Mph_IM
560.25,-1488.75,0,Mph_IM
-19.75,-1484.25,0,Mph_IM
365.75,-1479.25,0,Mph_IM
484.75,-1477.75,0,Mph_IM
517.75,-1476.25,0,Mph_IM
145.75,-1457.75,0,Mph_IM
289.25,-1460.25,0,Mph_IM
508.25,-1451.25,0,Mph_IM
181.75,-1459.75,0,Mph_IM
471.25,-1456.75,0,Mph_IM
535.75,-1450.25,0,Mph_IM
362.25,-1447.75,0,Mph_IM
-186.75,-1440.25,0,Mph_IM
76.75,-1445.25,0,Mph_IM
393.75,-1433.25,0,Mph_IM
361.25,-1418.25,0,Mph_IM
291.25,-1419.25,0,Mph_IM
423.75,-1407.25,0,Mph_IM
70.25,-1392.75,0,Mph_IM
399.25,-1398.25,0,Mph_IM
-15.75,-1384.25,0,Mph_IM
8.25,-1386.75,0,Mph_IM
-38.25,-1387.25,0,Mph_IM
294.25,-1384.75,0,Mph_IM
-213.25,-1379.25,0,Mph_IM
258.25,-1340.25,0,Mph_IM
458.25,-1327.25,0,Mph_IM
493.25,-1334.25,0,Mph_IM
254.75,-1330.75,0,Mph_IM
-102.25,-1332.75,0,Mph_IM
508.25,-1323.25,0,Mph_IM
264.75,-1315.25,0,Mph_IM
6.25,-1314.75,0,Mph_IM
446.75,-1311.25,0,Mph_IM
-196.75,-1296.25,0,Mph_IM
5.25,-1297.75,0,Mph_IM
139.25,-1297.75,0,Mph_IM
466.25,-1270.75,0,Mph_IM
150.25,-1277.25,0,Mph_IM
395.25,-1283.75,0,Mph_IM
192.75,-1270.75,0,Mph_IM
209.75,-1267.75,0,Mph_IM
-91.75,-1262.25,0,Mph_IM
251.25,-1254.75,0,Mph_IM
401.25,-1254.25,0,Mph_IM
-7.25,-1264.75,0,Mph_IM
181.75,-1251.25,0,Mph_IM
554.75,-1263.75,0,Mph_IM
295.25,-1249.25,0,Mph_IM
155.25,-1232.75,0,Mph_IM
326.75,-1244.75,0,Mph_IM
514.75,-1251.25,0,Mph_IM
275.75,-1246.25,0,Mph_IM
538.25,-1235.75,0,Mph_IM
561.25,-1232.75,0,Mph_IM
132.25,-1239.25,0,Mph_IM
519.75,-1233.75,0,Mph_IM
271.75,-1226.75,0,Mph_IM
450.25,-1232.75,0,Mph_IM
504.75,-1212.25,0,Mph_IM
442.75,-1203.25,0,Mph_IM
49.75,-1198.75,0,Mph_IM
368.75,-1200.25,0,Mph_IM
255.25,-1195.25,0,Mph_IM
332.75,-1187.25,0,Mph_IM
-102.25,-1185.25,0,Mph_IM
-207.25,-1183.75,0,Mph_IM
-180.75,-1182.25,0,Mph_IM
-50.25,-1163.25,0,Mph_IM
-208.25,-1168.25,0,Mph_IM
402.75,-1165.25,0,Mph_IM
562.75,-1168.75,0,Mph_IM
116.25,-1153.75,0,Mph_IM
563.25,-1138.25,0,Mph_IM
84.75,-1139.75,0,Mph_IM
53.25,-1139.25,0,Mph_IM
265.75,-1147.75,0,Mph_IM
295.25,-1148.25,0,Mph_IM
109.75,-1132.25,0,Mph_IM
361.25,-1132.75,0,Mph_IM
288.75,-1116.25,0,Mph_IM
-15.25,-1122.75,0,Mph_IM
-207.25,-1111.25,0,Mph_IM
106.25,-1111.25,0,Mph_IM
348.25,-1104.25,0,Mph_IM
-200.25,-1095.25,0,Mph_IM
368.75,-1094.25,0,Mph_IM
174.25,-1081.25,0,Mph_IM
398.25,-1104.25,0,Mph_IM
63.25,-1099.75,0,Mph_IM
-32.75,-1089.75,0,Mph_IM
-195.25,-1074.25,0,Mph_IM
106.25,-1087.25,0,Mph_IM
348.25,-1077.25,0,Mph_IM
388.75,-1072.25,0,Mph_IM
266.75,-1062.75,0,Mph_IM
-59.25,-1061.25,0,Mph_IM
112.25,-1054.25,0,Mph_IM
219.25,-1051.75,0,Mph_IM
-33.75,-1065.25,0,Mph_IM
243.25,-1060.25,0,Mph_IM
192.25,-1045.25,0,Mph_IM
431.25,-1045.75,0,Mph_IM
419.25,-1027.25,0,Mph_IM
-216.25,-1034.25,0,Mph_IM
413.25,-1011.25,0,Mph_IM
-118.75,-1020.75,0,Mph_IM
252.25,-1007.75,0,Mph_IM
13.75,-1011.75,0,Mph_IM
296.25,-1016.75,0,Mph_IM
437.75,-1014.25,0,Mph_IM
-142.75,-998.75,0,Mph_IM
341.25,-1004.75,0,Mph_IM
295.25,-990.75,0,Mph_IM
354.25,-995.25,0,Mph_IM
435.75,-985.25,0,Mph_IM
45.75,-985.25,0,Mph_IM
175.75,-984.25,0,Mph_IM
372.75,-980.75,0,Mph_IM
75.75,-982.75,0,Mph_IM
-116.75,-984.25,0,Mph_IM
22.25,-987.75,0,Mph_IM
332.75,-978.75,0,Mph_IM
-84.75,-978.25,0,Mph_IM
389.75,-970.25,0,Mph_IM
35.75,-967.25,0,Mph_IM
19.75,-967.25,0,Mph_IM
90.25,-963.75,0,Mph_IM
322.75,-960.25,0,Mph_IM
149.75,-963.75,0,Mph_IM
33.25,-946.75,0,Mph_IM
347.25,-949.75,0,Mph_IM
-126.75,-953.25,0,Mph_IM
-9.75,-947.75,0,Mph_IM
162.25,-938.75,0,Mph_IM
-161.75,-958.75,0,Mph_IM
383.25,-944.75,0,Mph_IM
-200.75,-952.25,0,Mph_IM
401.75,-947.75,0,Mph_IM
421.25,-934.75,0,Mph_IM
-204.25,-922.25,0,Mph_IM
18.25,-913.25,0,Mph_IM
-46.75,-918.75,0,Mph_IM
-98.75,-910.75,0,Mph_IM
387.75,-906.25,0,Mph_IM
-217.75,-904.25,0,Mph_IM
135.75,-911.25,0,Mph_IM
-166.75,-897.75,0,Mph_IM
-209.75,-895.25,0,Mph_IM
1040.75,-2472.25,0,Mph_IM
1348.25,-2471.75,0,Mph_IM
1009.25,-2464.75,0,Mph_IM
1161.75,-2466.75,0,Mph_IM
1237.75,-2467.25,0,Mph_IM
1275.75,-2461.25,0,Mph_IM
728.75,-2454.75,0,Mph_IM
1295.75,-2460.25,0,Mph_IM
822.75,-2455.75,0,Mph_IM
1022.25,-2451.25,0,Mph_IM
755.75,-2440.25,0,Mph_IM
673.75,-2448.75,0,Mph_IM
647.25,-2453.25,0,Mph_IM
1376.75,-2439.25,0,Mph_IM
1044.75,-2438.25,0,Mph_IM
737.25,-2434.75,0,Mph_IM
1217.25,-2432.75,0,Mph_IM
1282.75,-2433.75,0,Mph_IM
1021.75,-2430.75,0,Mph_IM
1249.25,-2426.25,0,Mph_IM
614.25,-2428.75,0,Mph_IM
592.25,-2415.75,0,Mph_IM
1035.25,-2420.75,0,Mph_IM
1302.25,-2403.25,0,Mph_IM
623.75,-2411.25,0,Mph_IM
1196.25,-2410.75,0,Mph_IM
1001.75,-2411.25,0,Mph_IM
838.75,-2406.25,0,Mph_IM
1328.25,-2409.75,0,Mph_IM
1152.25,-2410.75,0,Mph_IM
1021.25,-2405.25,0,Mph_IM
685.75,-2407.75,0,Mph_IM
1238.75,-2398.75,0,Mph_IM
879.25,-2399.75,0,Mph_IM
1354.25,-2386.25,0,Mph_IM
1010.25,-2388.25,0,Mph_IM
1324.25,-2387.25,0,Mph_IM
1083.25,-2385.75,0,Mph_IM
1044.25,-2388.75,0,Mph_IM
1370.75,-2371.75,0,Mph_IM
885.25,-2382.75,0,Mph_IM
1102.75,-2389.25,0,Mph_IM
1028.75,-2376.25,0,Mph_IM
1043.25,-2368.25,0,Mph_IM
1321.75,-2360.25,0,Mph_IM
771.75,-2371.25,0,Mph_IM
1297.75,-2363.25,0,Mph_IM
1347.25,-2362.25,0,Mph_IM
1006.25,-2362.75,0,Mph_IM
763.25,-2349.25,0,Mph_IM
1050.75,-2343.75,0,Mph_IM
1019.75,-2347.75,0,Mph_IM
1372.25,-2340.75,0,Mph_IM
1344.25,-2345.75,0,Mph_IM
869.25,-2331.75,0,Mph_IM
1120.25,-2338.75,0,Mph_IM
1140.75,-2336.75,0,Mph_IM
1292.75,-2335.75,0,Mph_IM
984.75,-2343.75,0,Mph_IM
1163.75,-2326.75,0,Mph_IM
772.25,-2323.25,0,Mph_IM
1322.75,-2317.75,0,Mph_IM
603.25,-2325.25,0,Mph_IM
1045.75,-2327.25,0,Mph_IM
753.75,-2320.75,0,Mph_IM
589.25,-2333.25,0,Mph_IM
1254.25,-2317.75,0,Mph_IM
976.75,-2321.75,0,Mph_IM
1376.75,-2323.75,0,Mph_IM
1281.25,-2322.75,0,Mph_IM
1038.75,-2313.25,0,Mph_IM
1001.25,-2312.25,0,Mph_IM
630.25,-2303.75,0,Mph_IM
1060.75,-2308.75,0,Mph_IM
1207.25,-2320.75,0,Mph_IM
1303.25,-2310.25,0,Mph_IM
1340.75,-2312.25,0,Mph_IM
739.75,-2300.25,0,Mph_IM
1283.75,-2303.75,0,Mph_IM
1014.75,-2306.25,0,Mph_IM
892.25,-2285.25,0,Mph_IM
953.75,-2309.25,0,Mph_IM
1035.25,-2294.75,0,Mph_IM
993.25,-2299.75,0,Mph_IM
1158.75,-2295.25,0,Mph_IM
1223.75,-2296.75,0,Mph_IM
594.25,-2300.25,0,Mph_IM
1210.75,-2286.25,0,Mph_IM
604.25,-2294.25,0,Mph_IM
1309.75,-2293.25,0,Mph_IM
1240.25,-2281.25,0,Mph_IM
619.75,-2271.75,0,Mph_IM
1062.25,-2277.25,0,Mph_IM
1142.25,-2284.75,0,Mph_IM
928.25,-2295.75,0,Mph_IM
1372.75,-2279.75,0,Mph_IM
992.25,-2272.75,0,Mph_IM
1083.75,-2273.75,0,Mph_IM
911.75,-2263.25,0,Mph_IM
932.75,-2260.75,0,Mph_IM
1012.25,-2267.75,0,Mph_IM
1044.75,-2257.25,0,Mph_IM
1222.25,-2254.25,0,Mph_IM
1247.75,-2249.75,0,Mph_IM
1280.25,-2251.75,0,Mph_IM
816.25,-2256.25,0,Mph_IM
1149.25,-2253.75,0,Mph_IM
1065.75,-2255.75,0,Mph_IM
1093.75,-2255.25,0,Mph_IM
1114.25,-2258.25,0,Mph_IM
588.75,-2252.25,0,Mph_IM
1340.25,-2247.25,0,Mph_IM
899.75,-2252.75,0,Mph_IM
1182.75,-2248.75,0,Mph_IM
1090.25,-2242.75,0,Mph_IM
1211.75,-2243.75,0,Mph_IM
616.75,-2236.75,0,Mph_IM
996.75,-2235.75,0,Mph_IM
592.75,-2240.75,0,Mph_IM
1132.75,-2232.25,0,Mph_IM
603.75,-2221.75,0,Mph_IM
857.75,-2231.75,0,Mph_IM
915.75,-2205.75,0,Mph_IM
1017.75,-2207.25,0,Mph_IM
989.75,-2209.25,0,Mph_IM
1085.75,-2208.75,0,Mph_IM
774.25,-2203.75,0,Mph_IM
1057.75,-2198.75,0,Mph_IM
820.25,-2200.75,0,Mph_IM
1263.25,-2187.25,0,Mph_IM
864.25,-2194.25,0,Mph_IM
805.25,-2192.75,0,Mph_IM
881.25,-2192.25,0,Mph_IM
1293.75,-2180.75,0,Mph_IM
753.75,-2172.75,0,Mph_IM
917.25,-2178.75,0,Mph_IM
887.75,-2170.75,0,Mph_IM
805.75,-2156.75,0,Mph_IM
1280.25,-2167.75,0,Mph_IM
924.75,-2163.25,0,Mph_IM
1266.75,-2146.75,0,Mph_IM
852.75,-2154.75,0,Mph_IM
926.25,-2134.25,0,Mph_IM
858.25,-2124.25,0,Mph_IM
996.75,-2135.75,0,Mph_IM
893.25,-2120.75,0,Mph_IM
1150.75,-2107.25,0,Mph_IM
881.25,-2110.25,0,Mph_IM
834.75,-2110.75,0,Mph_IM
1278.25,-2110.25,0,Mph_IM
757.75,-2102.75,0,Mph_IM
968.75,-2098.75,0,Mph_IM
1214.75,-2101.75,0,Mph_IM
1006.75,-2098.25,0,Mph_IM
824.25,-2076.25,0,Mph_IM
1271.25,-2082.25,0,Mph_IM
1083.75,-2079.75,0,Mph_IM
738.75,-2084.25,0,Mph_IM
1240.75,-2078.25,0,Mph_IM
991.75,-2067.25,0,Mph_IM
1226.75,-2080.25,0,Mph_IM
1037.25,-2072.75,0,Mph_IM
1249.75,-2064.75,0,Mph_IM
759.25,-2068.75,0,Mph_IM
1283.75,-2059.75,0,Mph_IM
912.25,-2064.25,0,Mph_IM
1268.25,-2045.25,0,Mph_IM
1338.75,-2043.25,0,Mph_IM
728.75,-2042.25,0,Mph_IM
1045.25,-2033.75,0,Mph_IM
1247.75,-2033.25,0,Mph_IM
1267.75,-2019.25,0,Mph_IM
1348.25,-2022.75,0,Mph_IM
753.75,-2018.25,0,Mph_IM
716.25,-2020.25,0,Mph_IM
933.25,-1998.25,0,Mph_IM
723.75,-1985.75,0,Mph_IM
891.75,-1990.25,0,Mph_IM
1197.75,-1987.25,0,Mph_IM
1080.75,-1993.75,0,Mph_IM
1023.25,-1985.75,0,Mph_IM
792.75,-1981.75,0,Mph_IM
1362.75,-1969.25,0,Mph_IM
1216.25,-1975.75,0,Mph_IM
1006.75,-1968.25,0,Mph_IM
877.75,-1974.25,0,Mph_IM
949.25,-1972.25,0,Mph_IM
1131.25,-1978.75,0,Mph_IM
1039.25,-1968.75,0,Mph_IM
1339.25,-1963.25,0,Mph_IM
889.25,-1961.75,0,Mph_IM
1166.75,-1964.25,0,Mph_IM
780.25,-1953.75,0,Mph_IM
859.25,-1960.75,0,Mph_IM
1021.75,-1957.75,0,Mph_IM
1142.25,-1945.25,0,Mph_IM
632.25,-1933.25,0,Mph_IM
601.25,-1938.25,0,Mph_IM
672.25,-1928.75,0,Mph_IM
905.25,-1931.25,0,Mph_IM
1061.75,-1934.75,0,Mph_IM
732.75,-1925.75,0,Mph_IM
825.75,-1929.75,0,Mph_IM
1205.75,-1930.25,0,Mph_IM
1015.75,-1911.25,0,Mph_IM
608.25,-1920.75,0,Mph_IM
928.25,-1914.75,0,Mph_IM
1170.25,-1921.25,0,Mph_IM
903.25,-1895.25,0,Mph_IM
610.75,-1900.75,0,Mph_IM
1226.75,-1899.75,0,Mph_IM
844.25,-1903.25,0,Mph_IM
1078.25,-1899.75,0,Mph_IM
1107.25,-1895.25,0,Mph_IM
1134.25,-1898.25,0,Mph_IM
711.25,-1899.25,0,Mph_IM
1167.75,-1890.75,0,Mph_IM
667.75,-1877.25,0,Mph_IM
1183.25,-1893.75,0,Mph_IM
1065.25,-1884.75,0,Mph_IM
1149.25,-1889.75,0,Mph_IM
1090.75,-1877.25,0,Mph_IM
1134.25,-1880.25,0,Mph_IM
1192.75,-1869.75,0,Mph_IM
706.75,-1870.25,0,Mph_IM
739.75,-1871.25,0,Mph_IM
775.25,-1883.25,0,Mph_IM
1116.75,-1858.75,0,Mph_IM
1061.25,-1866.25,0,Mph_IM
1045.75,-1851.75,0,Mph_IM
1003.75,-1866.25,0,Mph_IM
1146.25,-1857.75,0,Mph_IM
1091.25,-1853.25,0,Mph_IM
798.25,-1856.75,0,Mph_IM
1008.75,-1849.75,0,Mph_IM
1221.75,-1853.75,0,Mph_IM
1077.75,-1845.75,0,Mph_IM
1121.25,-1840.75,0,Mph_IM
747.25,-1830.75,0,Mph_IM
730.25,-1841.25,0,Mph_IM
633.75,-1827.25,0,Mph_IM
1199.75,-1832.25,0,Mph_IM
1016.25,-1828.25,0,Mph_IM
1027.25,-1819.75,0,Mph_IM
590.25,-1819.75,0,Mph_IM
834.25,-1828.75,0,Mph_IM
763.75,-1819.25,0,Mph_IM
1000.25,-1809.75,0,Mph_IM
855.25,-1807.75,0,Mph_IM
831.75,-1800.25,0,Mph_IM
1236.25,-1801.75,0,Mph_IM
1004.75,-1793.25,0,Mph_IM
814.75,-1792.75,0,Mph_IM
763.75,-1780.75,0,Mph_IM
887.75,-1784.25,0,Mph_IM
608.75,-1781.25,0,Mph_IM
972.25,-1789.25,0,Mph_IM
695.25,-1781.25,0,Mph_IM
813.75,-1766.75,0,Mph_IM
989.25,-1771.75,0,Mph_IM
725.25,-1781.75,0,Mph_IM
748.25,-1775.75,0,Mph_IM
796.75,-1773.75,0,Mph_IM
849.75,-1777.25,0,Mph_IM
1038.75,-1770.75,0,Mph_IM
962.75,-1777.75,0,Mph_IM
780.25,-1767.75,0,Mph_IM
944.25,-1774.25,0,Mph_IM
907.25,-1764.75,0,Mph_IM
730.25,-1758.75,0,Mph_IM
1008.25,-1762.75,0,Mph_IM
860.75,-1754.75,0,Mph_IM
633.25,-1761.25,0,Mph_IM
1046.25,-1754.75,0,Mph_IM
945.25,-1745.75,0,Mph_IM
970.25,-1744.25,0,Mph_IM
1018.25,-1751.75,0,Mph_IM
1377.25,-1749.25,0,Mph_IM
660.75,-1746.25,0,Mph_IM
930.25,-1749.25,0,Mph_IM
694.75,-1742.25,0,Mph_IM
996.25,-1747.25,0,Mph_IM
642.25,-1745.25,0,Mph_IM
622.75,-1741.25,0,Mph_IM
1034.25,-1726.75,0,Mph_IM
736.75,-1731.25,0,Mph_IM
785.75,-1736.25,0,Mph_IM
1072.75,-1732.75,0,Mph_IM
760.75,-1736.75,0,Mph_IM
716.25,-1730.75,0,Mph_IM
1228.25,-1735.25,0,Mph_IM
821.75,-1729.75,0,Mph_IM
937.75,-1721.25,0,Mph_IM
1008.75,-1719.75,0,Mph_IM
796.75,-1731.25,0,Mph_IM
1318.25,-1727.25,0,Mph_IM
901.25,-1718.75,0,Mph_IM
772.75,-1713.75,0,Mph_IM
808.75,-1712.25,0,Mph_IM
1047.75,-1705.75,0,Mph_IM
738.25,-1709.25,0,Mph_IM
794.25,-1707.75,0,Mph_IM
832.25,-1709.75,0,Mph_IM
719.25,-1707.25,0,Mph_IM
755.25,-1708.75,0,Mph_IM
1182.75,-1702.75,0,Mph_IM
702.25,-1715.75,0,Mph_IM
783.75,-1701.75,0,Mph_IM
639.75,-1694.75,0,Mph_IM
763.75,-1694.75,0,Mph_IM
728.75,-1695.75,0,Mph_IM
1210.75,-1686.25,0,Mph_IM
703.75,-1692.75,0,Mph_IM
746.75,-1693.25,0,Mph_IM
1099.25,-1697.75,0,Mph_IM
1051.75,-1683.25,0,Mph_IM
670.75,-1683.75,0,Mph_IM
826.75,-1681.75,0,Mph_IM
2210.75,-2365.25,0,Mph_IM
-182.75,-878.25,0,Mph_IM
-215.75,-870.75,0,Mph_IM
-3.25,-862.25,0,Mph_IM
3.75,-879.75,0,Mph_IM
-121.25,-869.25,0,Mph_IM
-96.25,-874.25,0,Mph_IM
177.25,-869.25,0,Mph_IM
-101.75,-848.75,0,Mph_IM
93.75,-854.75,0,Mph_IM
-144.25,-836.75,0,Mph_IM
130.75,-822.25,0,Mph_IM
133.25,-792.25,0,Mph_IM
-135.25,-788.25,0,Mph_IM
-93.25,-765.75,0,Mph_IM
-62.25,-764.25,0,Mph_IM
-45.75,-756.75,0,Mph_IM
154.25,-742.75,0,Mph_IM
-86.25,-744.25,0,Mph_IM
309.25,-745.75,0,Mph_IM
126.75,-742.75,0,Mph_IM
264.25,-738.25,0,Mph_IM
-45.75,-729.75,0,Mph_IM
129.25,-721.25,0,Mph_IM
323.25,-694.25,0,Mph_IM
67.25,-659.75,0,Mph_IM
-195.25,-660.75,0,Mph_IM
165.75,-658.75,0,Mph_IM
79.75,-655.25,0,Mph_IM
99.75,-648.75,0,Mph_IM
-193.25,-636.25,0,Mph_IM
174.75,-628.75,0,Mph_IM
145.75,-623.25,0,Mph_IM
65.75,-634.75,0,Mph_IM
-214.75,-625.25,0,Mph_IM
159.75,-604.75,0,Mph_IM
-136.25,-613.75,0,Mph_IM
48.75,-605.25,0,Mph_IM
25.25,-597.25,0,Mph_IM
4.25,-562.75,0,Mph_IM
-19.25,-546.25,0,Mph_IM
-59.75,-552.25,0,Mph_IM
59.25,-544.25,0,Mph_IM
-53.25,-515.75,0,Mph_IM
31.75,-517.25,0,Mph_IM
5.75,-516.25,0,Mph_IM
190.75,-508.25,0,Mph_IM
-17.25,-502.75,0,Mph_IM
220.75,-494.25,0,Mph_IM
107.25,-499.25,0,Mph_IM
163.75,-491.75,0,Mph_IM
135.25,-474.25,0,Mph_IM
288.25,-484.75,0,Mph_IM
249.75,-484.75,0,Mph_IM
59.25,-483.75,0,Mph_IM
106.75,-475.25,0,Mph_IM
135.75,-434.75,0,Mph_IM
1012.25,-880.75,0,Mph_IM
969.75,-873.25,0,Mph_IM
1028.75,-867.75,0,Mph_IM
957.75,-856.75,0,Mph_IM
972.25,-843.25,0,Mph_IM
982.75,-828.25,0,Mph_IM
931.25,-820.75,0,Mph_IM
996.75,-801.25,0,Mph_IM
884.25,-802.75,0,Mph_IM
966.75,-800.25,0,Mph_IM
957.75,-787.25,0,Mph_IM
928.25,-795.25,0,Mph_IM
930.75,-769.25,0,Mph_IM
981.75,-766.25,0,Mph_IM
951.25,-760.75,0,Mph_IM
864.75,-758.75,0,Mph_IM
696.25,-745.75,0,Mph_IM
957.75,-743.25,0,Mph_IM
996.25,-747.75,0,Mph_IM
760.25,-723.75,0,Mph_IM
961.75,-719.25,0,Mph_IM
962.25,-691.75,0,Mph_IM
884.75,-696.75,0,Mph_IM
876.75,-669.75,0,Mph_IM
899.25,-644.75,0,Mph_IM
907.75,-604.25,0,Mph_IM
776.75,-616.25,0,Mph_IM
770.25,-589.75,0,Mph_IM
625.75,-581.75,0,Mph_IM
601.75,-588.25,0,Mph_IM
639.75,-569.25,0,Mph_IM
721.25,-577.75,0,Mph_IM
590.25,-575.25,0,Mph_IM
612.75,-566.75,0,Mph_IM
668.75,-564.75,0,Mph_IM
748.75,-562.25,0,Mph_IM
607.75,-547.75,0,Mph_IM
713.75,-552.75,0,Mph_IM
838.25,-560.75,0,Mph_IM
822.75,-549.75,0,Mph_IM
772.75,-541.75,0,Mph_IM
748.75,-534.25,0,Mph_IM
862.25,-531.75,0,Mph_IM
773.75,-524.25,0,Mph_IM
838.25,-522.25,0,Mph_IM
826.75,-508.25,0,Mph_IM
857.25,-484.75,0,Mph_IM
782.25,-489.25,0,Mph_IM
821.75,-491.25,0,Mph_IM
795.25,-475.25,0,Mph_IM
816.25,-467.25,0,Mph_IM
848.25,-431.25,0,Mph_IM
880.25,-413.75,0,Mph_IM
849.75,-400.75,0,Mph_IM
833.75,-371.75,0,Mph_IM
668.75,-339.75,0,Mph_IM
693.75,-330.25,0,Mph_IM
654.75,-327.25,0,Mph_IM
629.25,-325.25,0,Mph_IM
656.75,-277.25,0,Mph_IM
691.75,-272.25,0,Mph_IM
-529.75,-875.75,0,Mph_IM
-803.75,-862.25,0,Mph_IM
-474.75,-871.25,0,Mph_IM
-240.75,-870.75,0,Mph_IM
-499.75,-877.25,0,Mph_IM
-836.75,-859.75,0,Mph_IM
-462.75,-865.75,0,Mph_IM
-548.75,-859.75,0,Mph_IM
-289.25,-849.25,0,Mph_IM
-551.25,-836.75,0,Mph_IM
-222.75,-837.75,0,Mph_IM
-522.25,-849.25,0,Mph_IM
-913.25,-849.25,0,Mph_IM
-500.75,-838.25,0,Mph_IM
-409.75,-830.75,0,Mph_IM
-878.25,-824.25,0,Mph_IM
-413.75,-809.75,0,Mph_IM
-366.75,-806.75,0,Mph_IM
-774.25,-801.75,0,Mph_IM
-571.75,-781.75,0,Mph_IM
-319.25,-773.75,0,Mph_IM
-554.25,-769.75,0,Mph_IM
-298.25,-762.25,0,Mph_IM
-332.75,-759.25,0,Mph_IM
-572.25,-760.75,0,Mph_IM
-471.75,-762.25,0,Mph_IM
-447.75,-751.75,0,Mph_IM
-516.25,-749.75,0,Mph_IM
-567.25,-749.25,0,Mph_IM
-607.75,-741.75,0,Mph_IM
-552.25,-727.25,0,Mph_IM
-607.25,-720.25,0,Mph_IM
-343.25,-696.25,0,Mph_IM
-256.75,-701.75,0,Mph_IM
-233.75,-691.25,0,Mph_IM
-275.75,-685.75,0,Mph_IM
-376.25,-693.25,0,Mph_IM
-346.25,-685.75,0,Mph_IM
-308.25,-682.25,0,Mph_IM
-324.25,-670.75,0,Mph_IM
-387.25,-664.25,0,Mph_IM
-352.25,-665.25,0,Mph_IM
-258.25,-672.75,0,Mph_IM
-305.25,-660.25,0,Mph_IM
-222.25,-666.25,0,Mph_IM
-273.75,-654.75,0,Mph_IM
-444.25,-657.25,0,Mph_IM
-244.75,-652.75,0,Mph_IM
-416.75,-666.75,0,Mph_IM
-340.75,-643.25,0,Mph_IM
-303.75,-627.25,0,Mph_IM
-275.75,-621.25,0,Mph_IM
-285.25,-599.25,0,Mph_IM
1559.25,-1679.25,0,Mph_IM
1514.25,-1673.25,0,Mph_IM
1442.25,-1674.75,0,Mph_IM
1427.75,-1661.75,0,Mph_IM
1480.75,-1665.75,0,Mph_IM
1575.75,-1660.25,0,Mph_IM
1411.75,-1656.25,0,Mph_IM
1448.75,-1658.75,0,Mph_IM
1529.75,-1655.75,0,Mph_IM
1504.25,-1655.75,0,Mph_IM
1549.25,-1641.75,0,Mph_IM
1459.75,-1645.25,0,Mph_IM
1478.25,-1637.75,0,Mph_IM
1672.75,-1658.25,0,Mph_IM
1580.75,-1643.25,0,Mph_IM
1639.25,-1644.75,0,Mph_IM
1602.25,-1631.75,0,Mph_IM
1527.25,-1629.25,0,Mph_IM
1435.25,-1633.75,0,Mph_IM
1715.25,-1646.75,0,Mph_IM
1562.75,-1629.25,0,Mph_IM
1412.25,-1631.25,0,Mph_IM
1491.75,-1622.25,0,Mph_IM
1668.75,-1634.75,0,Mph_IM
1385.25,-1634.75,0,Mph_IM
1629.25,-1628.25,0,Mph_IM
1433.75,-1611.75,0,Mph_IM
1407.25,-1609.75,0,Mph_IM
1617.75,-1606.25,0,Mph_IM
1508.75,-1603.25,0,Mph_IM
1693.75,-1598.75,0,Mph_IM
1443.75,-1598.25,0,Mph_IM
1417.75,-1588.25,0,Mph_IM
1400.25,-1585.75,0,Mph_IM
1382.75,-1578.25,0,Mph_IM
1396.25,-1545.75,0,Mph_IM
1433.25,-1556.75,0,Mph_IM
1481.75,-1549.25,0,Mph_IM
1536.75,-1552.25,0,Mph_IM
1635.25,-1536.75,0,Mph_IM
1512.25,-1526.25,0,Mph_IM
1534.75,-1530.75,0,Mph_IM
1429.25,-1523.75,0,Mph_IM
1464.75,-1518.75,0,Mph_IM
1490.25,-1516.25,0,Mph_IM
1383.25,-1523.25,0,Mph_IM
1553.75,-1508.25,0,Mph_IM
1565.75,-1506.75,0,Mph_IM
1406.75,-1507.75,0,Mph_IM
1535.25,-1496.25,0,Mph_IM
1435.75,-1500.25,0,Mph_IM
1394.75,-1505.75,0,Mph_IM
1383.25,-1495.25,0,Mph_IM
1608.25,-1490.75,0,Mph_IM
1402.75,-1482.75,0,Mph_IM
1391.25,-1478.75,0,Mph_IM
1407.75,-1460.75,0,Mph_IM
1476.25,-1427.25,0,Mph_IM
1397.25,-1408.75,0,Mph_IM
1497.75,-1409.25,0,Mph_IM
1429.75,-1394.75,0,Mph_IM
1454.25,-1414.25,0,Mph_IM
1478.75,-1399.25,0,Mph_IM
1509.25,-1395.25,0,Mph_IM
1463.25,-1386.25,0,Mph_IM
1497.75,-1371.25,0,Mph_IM
1389.75,-1351.75,0,Mph_IM
1450.25,-1336.25,0,Mph_IM
1473.25,-1332.75,0,Mph_IM
794.75,-1681.25,0,Mph_IM
771.75,-1679.75,0,Mph_IM
1084.75,-1675.25,0,Mph_IM
842.75,-1680.25,0,Mph_IM
1172.75,-1679.75,0,Mph_IM
860.25,-1674.25,0,Mph_IM
745.25,-1657.25,0,Mph_IM
801.25,-1668.25,0,Mph_IM
665.75,-1664.75,0,Mph_IM
703.75,-1660.75,0,Mph_IM
818.75,-1662.75,0,Mph_IM
833.75,-1666.75,0,Mph_IM
1117.75,-1653.75,0,Mph_IM
1219.75,-1666.25,0,Mph_IM
1304.75,-1666.25,0,Mph_IM
861.25,-1659.75,0,Mph_IM
1177.75,-1656.75,0,Mph_IM
1143.25,-1662.25,0,Mph_IM
686.75,-1652.25,0,Mph_IM
1202.75,-1662.25,0,Mph_IM
899.25,-1655.25,0,Mph_IM
1228.25,-1654.25,0,Mph_IM
831.25,-1636.25,0,Mph_IM
1093.25,-1638.75,0,Mph_IM
1193.75,-1642.75,0,Mph_IM
662.25,-1641.25,0,Mph_IM
864.75,-1637.25,0,Mph_IM
652.25,-1635.75,0,Mph_IM
1010.75,-1641.75,0,Mph_IM
1224.75,-1633.75,0,Mph_IM
927.75,-1635.25,0,Mph_IM
967.75,-1627.75,0,Mph_IM
686.75,-1624.25,0,Mph_IM
1200.75,-1622.75,0,Mph_IM
1359.75,-1631.75,0,Mph_IM
940.25,-1614.75,0,Mph_IM
1215.25,-1615.25,0,Mph_IM
1122.75,-1613.75,0,Mph_IM
618.75,-1609.25,0,Mph_IM
1154.25,-1618.25,0,Mph_IM
1375.25,-1605.25,0,Mph_IM
863.25,-1613.25,0,Mph_IM
1063.75,-1612.25,0,Mph_IM
1265.75,-1612.25,0,Mph_IM
998.25,-1606.25,0,Mph_IM
1342.25,-1607.75,0,Mph_IM
1042.25,-1596.25,0,Mph_IM
878.75,-1606.75,0,Mph_IM
1208.75,-1603.25,0,Mph_IM
1156.75,-1599.25,0,Mph_IM
1063.25,-1591.25,0,Mph_IM
605.25,-1594.75,0,Mph_IM
1184.75,-1599.25,0,Mph_IM
778.25,-1601.75,0,Mph_IM
1000.75,-1583.75,0,Mph_IM
1214.25,-1584.25,0,Mph_IM
1359.25,-1573.25,0,Mph_IM
982.75,-1586.75,0,Mph_IM
1335.25,-1571.25,0,Mph_IM
654.25,-1584.75,0,Mph_IM
961.75,-1584.75,0,Mph_IM
1182.75,-1575.25,0,Mph_IM
1312.25,-1569.75,0,Mph_IM
599.25,-1568.75,0,Mph_IM
1241.25,-1556.75,0,Mph_IM
1289.75,-1569.75,0,Mph_IM
984.25,-1554.25,0,Mph_IM
582.25,-1548.75,0,Mph_IM
612.75,-1551.25,0,Mph_IM
1270.25,-1545.25,0,Mph_IM
1302.25,-1548.25,0,Mph_IM
1326.25,-1544.75,0,Mph_IM
1341.25,-1548.25,0,Mph_IM
1184.25,-1547.75,0,Mph_IM
721.75,-1552.25,0,Mph_IM
957.25,-1535.25,0,Mph_IM
1209.25,-1539.75,0,Mph_IM
623.75,-1537.75,0,Mph_IM
1295.75,-1530.25,0,Mph_IM
929.75,-1530.75,0,Mph_IM
892.25,-1523.75,0,Mph_IM
614.75,-1522.25,0,Mph_IM
678.25,-1509.25,0,Mph_IM
1308.75,-1510.25,0,Mph_IM
796.75,-1511.75,0,Mph_IM
1199.75,-1491.75,0,Mph_IM
834.75,-1500.25,0,Mph_IM
639.75,-1491.75,0,Mph_IM
1289.25,-1499.75,0,Mph_IM
617.75,-1494.75,0,Mph_IM
792.25,-1491.75,0,Mph_IM
1305.75,-1481.25,0,Mph_IM
861.25,-1486.75,0,Mph_IM
1332.25,-1472.75,0,Mph_IM
834.75,-1475.75,0,Mph_IM
853.75,-1466.75,0,Mph_IM
799.25,-1458.25,0,Mph_IM
1343.75,-1467.75,0,Mph_IM
1307.25,-1452.75,0,Mph_IM
839.25,-1452.75,0,Mph_IM
720.25,-1456.25,0,Mph_IM
742.75,-1456.25,0,Mph_IM
818.25,-1445.25,0,Mph_IM
856.75,-1442.75,0,Mph_IM
780.25,-1434.25,0,Mph_IM
807.25,-1431.25,0,Mph_IM
750.25,-1436.25,0,Mph_IM
593.75,-1431.75,0,Mph_IM
1344.75,-1434.25,0,Mph_IM
840.25,-1426.75,0,Mph_IM
757.25,-1421.25,0,Mph_IM
726.75,-1426.75,0,Mph_IM
1349.25,-1414.25,0,Mph_IM
1313.25,-1405.75,0,Mph_IM
687.75,-1398.25,0,Mph_IM
1368.25,-1405.25,0,Mph_IM
624.75,-1401.75,0,Mph_IM
645.75,-1400.75,0,Mph_IM
751.25,-1398.25,0,Mph_IM
833.25,-1399.75,0,Mph_IM
1350.75,-1396.75,0,Mph_IM
704.25,-1389.25,0,Mph_IM
1368.25,-1382.75,0,Mph_IM
736.75,-1381.75,0,Mph_IM
679.25,-1380.75,0,Mph_IM
753.25,-1360.75,0,Mph_IM
684.25,-1345.25,0,Mph_IM
656.75,-1325.25,0,Mph_IM
598.75,-1315.25,0,Mph_IM
677.75,-1327.25,0,Mph_IM
638.75,-1321.75,0,Mph_IM
651.75,-1285.25,0,Mph_IM
589.25,-1249.25,0,Mph_IM
623.25,-1244.25,0,Mph_IM
1209.25,-1182.25,0,Mph_IM
1171.75,-1181.75,0,Mph_IM
638.75,-1150.25,0,Mph_IM
615.25,-1146.75,0,Mph_IM
1029.25,-1032.75,0,Mph_IM
1001.25,-913.75,0,Mph_IM
1425.75,-2479.75,0,Mph_IM
1391.75,-2476.75,0,Mph_IM
1577.25,-2476.75,0,Mph_IM
1684.25,-2471.75,0,Mph_IM
1719.25,-2474.75,0,Mph_IM
1741.75,-2474.75,0,Mph_IM
1952.75,-2478.25,0,Mph_IM
1469.25,-2465.75,0,Mph_IM
1717.25,-2462.75,0,Mph_IM
1437.25,-2463.25,0,Mph_IM
1785.75,-2458.25,0,Mph_IM
1999.25,-2461.25,0,Mph_IM
2121.75,-2462.75,0,Mph_IM
1753.75,-2454.25,0,Mph_IM
1407.25,-2462.25,0,Mph_IM
1522.75,-2459.75,0,Mph_IM
2036.25,-2462.25,0,Mph_IM
1833.25,-2450.75,0,Mph_IM
1621.25,-2445.75,0,Mph_IM
1892.75,-2453.25,0,Mph_IM
1675.25,-2448.25,0,Mph_IM
1598.75,-2444.25,0,Mph_IM
1421.75,-2451.75,0,Mph_IM
1398.75,-2446.25,0,Mph_IM
1482.25,-2441.25,0,Mph_IM
1898.75,-2433.25,0,Mph_IM
1690.75,-2429.75,0,Mph_IM
1724.75,-2429.25,0,Mph_IM
1428.75,-2432.75,0,Mph_IM
1404.25,-2427.75,0,Mph_IM
1464.25,-2423.75,0,Mph_IM
1871.75,-2438.75,0,Mph_IM
1706.25,-2414.75,0,Mph_IM
1582.25,-2421.25,0,Mph_IM
1757.75,-2416.25,0,Mph_IM
2135.25,-2411.25,0,Mph_IM
2156.75,-2400.25,0,Mph_IM
1499.25,-2399.75,0,Mph_IM
1580.25,-2390.25,0,Mph_IM
2121.75,-2386.75,0,Mph_IM
1477.25,-2397.75,0,Mph_IM
1391.25,-2388.75,0,Mph_IM
1453.25,-2400.75,0,Mph_IM
1519.75,-2391.25,0,Mph_IM
1491.25,-2381.25,0,Mph_IM
1953.25,-2387.25,0,Mph_IM
1419.25,-2387.25,0,Mph_IM
2158.25,-2377.25,0,Mph_IM
1974.25,-2374.25,0,Mph_IM
1422.25,-2367.75,0,Mph_IM
1533.25,-2371.75,0,Mph_IM
1466.75,-2359.25,0,Mph_IM
2128.25,-2357.75,0,Mph_IM
1681.75,-2359.25,0,Mph_IM
1733.75,-2355.25,0,Mph_IM
2064.75,-2350.25,0,Mph_IM
2165.75,-2352.25,0,Mph_IM
1789.75,-2344.75,0,Mph_IM
1662.25,-2345.25,0,Mph_IM
1464.25,-2330.75,0,Mph_IM
1693.25,-2335.75,0,Mph_IM
2041.25,-2331.25,0,Mph_IM
1715.75,-2325.75,0,Mph_IM
1742.25,-2322.25,0,Mph_IM
1909.75,-2320.75,0,Mph_IM
1681.75,-2319.75,0,Mph_IM
1794.75,-2315.75,0,Mph_IM
1759.75,-2313.75,0,Mph_IM
1672.25,-2300.75,0,Mph_IM
1725.25,-2290.75,0,Mph_IM
1914.25,-2286.75,0,Mph_IM
1436.75,-2294.75,0,Mph_IM
1880.25,-2292.25,0,Mph_IM
1696.25,-2277.75,0,Mph_IM
1581.75,-2277.75,0,Mph_IM
1849.75,-2276.25,0,Mph_IM
1754.25,-2283.25,0,Mph_IM
1396.25,-2279.75,0,Mph_IM
1426.25,-2265.25,0,Mph_IM
1887.25,-2272.75,0,Mph_IM
2110.25,-2256.75,0,Mph_IM
1444.75,-2249.75,0,Mph_IM
1761.75,-2248.25,0,Mph_IM
1891.25,-2253.75,0,Mph_IM
1731.25,-2250.25,0,Mph_IM
1706.25,-2242.25,0,Mph_IM
1692.75,-2235.75,0,Mph_IM
1890.75,-2232.75,0,Mph_IM
1477.25,-2231.25,0,Mph_IM
1748.25,-2232.75,0,Mph_IM
1727.25,-2222.75,0,Mph_IM
1779.75,-2213.75,0,Mph_IM
2029.75,-2222.75,0,Mph_IM
1717.75,-2217.75,0,Mph_IM
1838.25,-2206.25,0,Mph_IM
1890.75,-2207.75,0,Mph_IM
1705.75,-2202.25,0,Mph_IM
1915.75,-2197.25,0,Mph_IM
1992.25,-2203.75,0,Mph_IM
2066.75,-2195.75,0,Mph_IM
1814.75,-2204.25,0,Mph_IM
1734.25,-2201.25,0,Mph_IM
2022.25,-2196.25,0,Mph_IM
2033.75,-2191.25,0,Mph_IM
1669.25,-2189.75,0,Mph_IM
2059.25,-2186.25,0,Mph_IM
2097.75,-2192.25,0,Mph_IM
2122.25,-2194.25,0,Mph_IM
1901.25,-2167.75,0,Mph_IM
2102.25,-2178.25,0,Mph_IM
1453.25,-2181.75,0,Mph_IM
1707.25,-2174.75,0,Mph_IM
1852.25,-2177.75,0,Mph_IM
1945.75,-2169.25,0,Mph_IM
1833.25,-2169.75,0,Mph_IM
1656.75,-2163.75,0,Mph_IM
1735.25,-2157.25,0,Mph_IM
1824.25,-2147.75,0,Mph_IM
1852.25,-2145.75,0,Mph_IM
1710.75,-2151.25,0,Mph_IM
1942.25,-2145.25,0,Mph_IM
1980.25,-2136.25,0,Mph_IM
1696.25,-2129.25,0,Mph_IM
1667.75,-2143.25,0,Mph_IM
1727.25,-2122.75,0,Mph_IM
1925.25,-2124.25,0,Mph_IM
2065.25,-2128.75,0,Mph_IM
1667.75,-2127.25,0,Mph_IM
1953.25,-2116.75,0,Mph_IM
1767.75,-2117.75,0,Mph_IM
1884.75,-2124.25,0,Mph_IM
1665.25,-2110.75,0,Mph_IM
2055.25,-2111.75,0,Mph_IM
1917.75,-2103.75,0,Mph_IM
1626.75,-2098.25,0,Mph_IM
1969.75,-2106.25,0,Mph_IM
2034.75,-2103.75,0,Mph_IM
1435.75,-2094.25,0,Mph_IM
1667.75,-2095.25,0,Mph_IM
1884.25,-2092.75,0,Mph_IM
1951.25,-2091.75,0,Mph_IM
1806.75,-2082.25,0,Mph_IM
1908.75,-2082.25,0,Mph_IM
1656.25,-2068.75,0,Mph_IM
1675.25,-2078.75,0,Mph_IM
1788.25,-2064.75,0,Mph_IM
1625.25,-2062.25,0,Mph_IM
1676.75,-2061.25,0,Mph_IM
1610.25,-2051.75,0,Mph_IM
1433.75,-2056.25,0,Mph_IM
1392.25,-2044.25,0,Mph_IM
1627.25,-2030.25,0,Mph_IM
1432.75,-2024.75,0,Mph_IM
1471.75,-2039.25,0,Mph_IM
1675.25,-2034.25,0,Mph_IM
1708.75,-2026.75,0,Mph_IM
1886.75,-2019.25,0,Mph_IM
1718.75,-2023.25,0,Mph_IM
1635.75,-2019.25,0,Mph_IM
1661.25,-2025.25,0,Mph_IM
1738.75,-2024.25,0,Mph_IM
2002.75,-2025.25,0,Mph_IM
1392.75,-2015.75,0,Mph_IM
1416.75,-2017.25,0,Mph_IM
1679.75,-2010.75,0,Mph_IM
1913.75,-1995.75,0,Mph_IM
1665.75,-2006.75,0,Mph_IM
1476.25,-2007.25,0,Mph_IM
1628.75,-1992.25,0,Mph_IM
1394.75,-1991.75,0,Mph_IM
1894.25,-1976.75,0,Mph_IM
1558.75,-1994.25,0,Mph_IM
1667.75,-1987.25,0,Mph_IM
1736.75,-1986.75,0,Mph_IM
1820.75,-1987.75,0,Mph_IM
1787.25,-1984.75,0,Mph_IM
1478.75,-1978.25,0,Mph_IM
1850.75,-1979.75,0,Mph_IM
1946.75,-1983.25,0,Mph_IM
1680.25,-1966.25,0,Mph_IM
1740.75,-1968.75,0,Mph_IM
1774.75,-1969.25,0,Mph_IM
1806.75,-1955.75,0,Mph_IM
1916.75,-1948.75,0,Mph_IM
1495.75,-1957.75,0,Mph_IM
1558.75,-1942.25,0,Mph_IM
1794.25,-1931.75,0,Mph_IM
1610.75,-1933.75,0,Mph_IM
1814.75,-1927.75,0,Mph_IM
1844.75,-1926.75,0,Mph_IM
1503.25,-1922.25,0,Mph_IM
1641.25,-1926.75,0,Mph_IM
1663.75,-1927.75,0,Mph_IM
1474.75,-1920.25,0,Mph_IM
1629.25,-1918.75,0,Mph_IM
1919.75,-1911.25,0,Mph_IM
1590.75,-1905.75,0,Mph_IM
1618.25,-1901.75,0,Mph_IM
1843.25,-1882.25,0,Mph_IM
1675.25,-1892.75,0,Mph_IM
1918.25,-1891.75,0,Mph_IM
1620.75,-1874.75,0,Mph_IM
1584.75,-1880.75,0,Mph_IM
1554.25,-1890.25,0,Mph_IM
1700.75,-1888.25,0,Mph_IM
1677.75,-1870.25,0,Mph_IM
1705.25,-1864.25,0,Mph_IM
1555.25,-1864.25,0,Mph_IM
1635.75,-1863.25,0,Mph_IM
1538.75,-1868.25,0,Mph_IM
1571.75,-1852.75,0,Mph_IM
1661.75,-1838.25,0,Mph_IM
1643.75,-1854.25,0,Mph_IM
1518.75,-1847.75,0,Mph_IM
1774.75,-1847.75,0,Mph_IM
1823.75,-1843.25,0,Mph_IM
1714.25,-1835.25,0,Mph_IM
1521.75,-1836.25,0,Mph_IM
1761.75,-1814.25,0,Mph_IM
1477.25,-1814.25,0,Mph_IM
1525.75,-1815.25,0,Mph_IM
1565.25,-1822.75,0,Mph_IM
1843.25,-1818.25,0,Mph_IM
1505.25,-1809.75,0,Mph_IM
1566.75,-1792.75,0,Mph_IM
1617.75,-1787.25,0,Mph_IM
1739.75,-1794.75,0,Mph_IM
1527.75,-1801.25,0,Mph_IM
1547.25,-1794.75,0,Mph_IM
1587.25,-1789.75,0,Mph_IM
1492.75,-1783.75,0,Mph_IM
1520.25,-1779.75,0,Mph_IM
1588.75,-1767.75,0,Mph_IM
1548.25,-1768.25,0,Mph_IM
1506.25,-1765.75,0,Mph_IM
1646.75,-1759.25,0,Mph_IM
1525.25,-1761.25,0,Mph_IM
1566.25,-1753.75,0,Mph_IM
1592.25,-1744.75,0,Mph_IM
1521.25,-1740.75,0,Mph_IM
1654.75,-1736.75,0,Mph_IM
1634.75,-1736.25,0,Mph_IM
1540.25,-1736.75,0,Mph_IM
1557.25,-1731.25,0,Mph_IM
1669.75,-1730.75,0,Mph_IM
1580.75,-1728.25,0,Mph_IM
1658.25,-1706.25,0,Mph_IM
1545.75,-1710.25,0,Mph_IM
1708.25,-1717.75,0,Mph_IM
1620.75,-1706.25,0,Mph_IM
1509.75,-1707.25,0,Mph_IM
1574.75,-1703.75,0,Mph_IM
1524.25,-1702.25,0,Mph_IM
1471.25,-1689.25,0,Mph_IM
1503.75,-1685.75,0,Mph_IM
1621.75,-1683.25,0,Mph_IM
1579.75,-1689.75,0,Mph_IM
