x,y,z,type
599.75,-2178.75,0,Tcell
1424.25,-3118.25,0,Tcell
5.25,-1570.25,0,Tcell
1330.75,-1453.75,0,Tcell
-85.25,-424.25,0,Tcell
3658.75,-2815.75,0,Tcell
3141.25,-4099.25,0,Tcell
3220.75,-3761.25,0,Tcell
3053.75,-3621.25,0,Tcell
3904.25,-3862.75,0,TU
3960.25,-3824.75,0,TU
4082.25,-3778.25,0,TU
3908.25,-3773.75,0,TU
3945.75,-3734.25,0,TU
3914.25,-3725.25,0,TU
4043.75,-3718.25,0,TU
4091.25,-3677.75,0,TU
4111.25,-3668.25,0,TU
4144.25,-3654.75,0,TU
4070.25,-3646.25,0,TU
2962.25,-3633.25,0,TU
4113.75,-3627.25,0,TU
3943.25,-3624.25,0,TU
4028.75,-3615.25,0,TU
2804.75,-3609.75,0,TU
2773.75,-3604.75,0,TU
3634.25,-3600.25,0,TU
4005.75,-3597.25,0,TU
3351.75,-3586.25,0,TU
2795.25,-3581.25,0,TU
2764.25,-3574.75,0,TU
2803.25,-3564.25,0,TU
3879.75,-3563.75,0,TU
4065.75,-3552.75,0,TU
2948.75,-3547.25,0,TU
2693.25,-3530.25,0,TU
2804.75,-3526.75,0,TU
4038.25,-3524.25,0,TU
3913.75,-3521.25,0,TU
2643.25,-3515.25,0,TU
2832.75,-3512.25,0,TU
4105.75,-3510.25,0,TU
3481.25,-3499.75,0,TU
4067.25,-3499.25,0,TU
2739.25,-3499.25,0,TU
2768.75,-3497.75,0,TU
3892.25,-3497.25,0,TU
3724.75,-3496.25,0,TU
3911.75,-3492.75,0,TU
4087.25,-3487.75,0,TU
3543.75,-3486.25,0,TU
3848.75,-3484.75,0,TU
3647.75,-3481.75,0,TU
3991.25,-3481.25,0,TU
2660.75,-3475.25,0,TU
2989.25,-3474.75,0,TU
3623.75,-3473.75,0,TU
2754.25,-3470.75,0,TU
3490.25,-3469.25,0,TU
3536.75,-3466.25,0,TU
3550.75,-3460.75,0,TU
3512.25,-3459.75,0,TU
3976.75,-3457.75,0,TU
3806.75,-3456.25,0,TU
3886.25,-3453.75,0,TU
2666.75,-3449.25,0,TU
3467.75,-3449.25,0,TU
2960.25,-3445.25,0,TU
3181.75,-3439.25,0,TU
3787.75,-3438.25,0,TU
3905.75,-3438.25,0,TU
3490.25,-3435.25,0,TU
3817.75,-3432.25,0,TU
4038.75,-3431.25,0,TU
3580.75,-3423.75,0,TU
3468.75,-3423.25,0,TU
3829.75,-3422.75,0,TU
3787.75,-3419.75,0,TU
2388.25,-3419.25,0,TU
2658.25,-3418.75,0,TU
3423.75,-3418.25,0,TU
3599.25,-3415.75,0,TU
3280.75,-3415.25,0,TU
3855.75,-3415.25,0,TU
3640.25,-3414.25,0,TU
3494.25,-3412.25,0,TU
3515.75,-3411.75,0,TU
3333.25,-3405.25,0,TU
3435.25,-3403.25,0,TU
3882.25,-3401.25,0,TU
3624.75,-3399.75,0,TU
3122.25,-3398.75,0,TU
4043.75,-3398.75,0,TU
3158.25,-3398.25,0,TU
3315.25,-3396.75,0,TU
4101.25,-3394.75,0,TU
3704.75,-3389.25,0,TU
3103.25,-3387.75,0,TU
2955.25,-3385.75,0,TU
3140.75,-3385.25,0,TU
2849.25,-3383.75,0,TU
2880.75,-3383.75,0,TU
2990.75,-3381.25,0,TU
2800.25,-3381.25,0,TU
3512.25,-3381.25,0,TU
3480.25,-3381.25,0,TU
3638.25,-3380.25,0,TU
3746.25,-3379.25,0,TU
2824.75,-3377.75,0,TU
3207.25,-3372.25,0,TU
2768.25,-3371.75,0,TU
3425.25,-3371.25,0,TU
3360.25,-3371.25,0,TU
3158.25,-3370.75,0,TU
3717.25,-3368.25,0,TU
4085.75,-3368.25,0,TU
3798.25,-3368.25,0,TU
2325.75,-3366.25,0,TU
3090.25,-3365.25,0,TU
3011.75,-3363.25,0,TU
4063.75,-3362.25,0,TU
2851.75,-3362.25,0,TU
2959.75,-3362.25,0,TU
3827.25,-3360.75,0,TU
3672.25,-3359.25,0,TU
3133.75,-3357.25,0,TU
4111.25,-3356.75,0,TU
4050.75,-3356.25,0,TU
2290.25,-3354.75,0,TU
2836.25,-3354.75,0,TU
3762.25,-3354.25,0,TU
3488.75,-3353.75,0,TU
3695.75,-3353.25,0,TU
3888.25,-3352.25,0,TU
3116.75,-3347.75,0,TU
3724.25,-3347.75,0,TU
3955.75,-3345.75,0,TU
3077.25,-3344.75,0,TU
2774.75,-3343.75,0,TU
3027.25,-3343.25,0,TU
4137.25,-3343.25,0,TU
2818.75,-3342.75,0,TU
2649.75,-3342.25,0,TU
2865.75,-3341.75,0,TU
3509.75,-3341.25,0,TU
3130.75,-3339.25,0,TU
3099.75,-3338.25,0,TU
2836.75,-3336.75,0,TU
3536.25,-3336.75,0,TU
3057.25,-3336.25,0,TU
3147.25,-3334.75,0,TU
2753.25,-3334.25,0,TU
3036.75,-3332.25,0,TU
3902.25,-3331.75,0,TU
3775.75,-3329.25,0,TU
2943.75,-3327.75,0,TU
4049.25,-3327.25,0,TU
2531.75,-3325.25,0,TU
3676.25,-3324.75,0,TU
3748.25,-3321.25,0,TU
2274.75,-3319.75,0,TU
3071.75,-3319.25,0,TU
4112.25,-3319.25,0,TU
2564.75,-3318.25,0,TU
3278.75,-3318.25,0,TU
2777.75,-3318.25,0,TU
3121.25,-3317.75,0,TU
3918.25,-3317.25,0,TU
3144.25,-3315.25,0,TU
3170.75,-3312.75,0,TU
2872.25,-3312.75,0,TU
4082.25,-3312.25,0,TU
2745.75,-3312.25,0,TU
3633.25,-3311.75,0,TU
2400.75,-3311.75,0,TU
3940.25,-3310.25,0,TU
3046.75,-3309.75,0,TU
3867.75,-3309.75,0,TU
3547.75,-3308.75,0,TU
3809.25,-3308.25,0,TU
3024.75,-3306.25,0,TU
3479.25,-3305.25,0,TU
3577.25,-3305.25,0,TU
2369.25,-3304.25,0,TU
2613.75,-3303.75,0,TU
2516.75,-3303.75,0,TU
2985.75,-3302.75,0,TU
3516.75,-3302.25,0,TU
3665.25,-3301.75,0,TU
3716.25,-3301.75,0,TU
3981.75,-3299.25,0,TU
3741.25,-3299.25,0,TU
3497.75,-3298.25,0,TU
2670.25,-3297.25,0,TU
3006.25,-3296.25,0,TU
4106.75,-3296.25,0,TU
3626.25,-3295.75,0,TU
2922.25,-3295.25,0,TU
3769.25,-3294.25,0,TU
4064.75,-3294.25,0,TU
3958.25,-3290.25,0,TU
2726.25,-3290.25,0,TU
3916.75,-3289.25,0,TU
2984.25,-3288.25,0,TU
3045.75,-3288.25,0,TU
3541.75,-3287.75,0,TU
2379.75,-3287.75,0,TU
3592.75,-3287.75,0,TU
3295.75,-3287.75,0,TU
2949.75,-3287.25,0,TU
3998.75,-3287.25,0,TU
3025.25,-3286.25,0,TU
2562.75,-3284.75,0,TU
3280.75,-3282.75,0,TU
3900.75,-3281.75,0,TU
3884.75,-3280.25,0,TU
2597.75,-3279.25,0,TU
3966.25,-3279.25,0,TU
3940.25,-3279.25,0,TU
3845.25,-3278.25,0,TU
3002.25,-3275.25,0,TU
3105.75,-3272.75,0,TU
3240.25,-3272.25,0,TU
2777.25,-3271.75,0,TU
4114.75,-3271.75,0,TU
3715.25,-3271.25,0,TU
3995.25,-3270.25,0,TU
2829.75,-3270.25,0,TU
2650.25,-3269.75,0,TU
3078.25,-3269.75,0,TU
3733.75,-3267.25,0,TU
3057.25,-3265.75,0,TU
3029.25,-3263.25,0,TU
2678.25,-3261.75,0,TU
2383.25,-3261.25,0,TU
3280.75,-3260.25,0,TU
2751.25,-3258.75,0,TU
2416.75,-3258.25,0,TU
2629.25,-3257.25,0,TU
3360.75,-3256.75,0,TU
3542.75,-3255.25,0,TU
4045.25,-3254.75,0,TU
3082.25,-3254.75,0,TU
2292.25,-3252.75,0,TU
3925.75,-3252.75,0,TU
2661.75,-3249.25,0,TU
4095.75,-3248.25,0,TU
3976.75,-3247.75,0,TU
3767.75,-3244.25,0,TU
3288.25,-3244.25,0,TU
3307.75,-3242.75,0,TU
3213.25,-3242.75,0,TU
3105.25,-3238.75,0,TU
3625.75,-3238.75,0,TU
3903.75,-3238.25,0,TU
4070.75,-3237.75,0,TU
3827.25,-3237.75,0,TU
2263.25,-3237.25,0,TU
2965.25,-3234.25,0,TU
2931.75,-3233.25,0,TU
2761.25,-3233.25,0,TU
2885.75,-3231.75,0,TU
4121.75,-3231.75,0,TU
2623.75,-3230.25,0,TU
3614.75,-3228.75,0,TU
2735.25,-3227.25,0,TU
3492.25,-3226.25,0,TU
3880.75,-3224.75,0,TU
3752.75,-3224.75,0,TU
2920.25,-3224.25,0,TU
2647.25,-3223.75,0,TU
4082.75,-3223.75,0,TU
3926.25,-3223.25,0,TU
2776.75,-3222.25,0,TU
2580.25,-3221.75,0,TU
2357.75,-3219.75,0,TU
3605.75,-3217.75,0,TU
3905.25,-3216.25,0,TU
3084.75,-3215.75,0,TU
4097.75,-3215.75,0,TU
2951.75,-3214.75,0,TU
3317.75,-3214.75,0,TU
2390.75,-3212.25,0,TU
3957.75,-3211.75,0,TU
2741.75,-3208.25,0,TU
2554.25,-3205.25,0,TU
3743.75,-3205.25,0,TU
2920.25,-3204.75,0,TU
3169.75,-3203.25,0,TU
4027.75,-3202.75,0,TU
2683.75,-3200.75,0,TU
4131.25,-3200.25,0,TU
3890.25,-3199.75,0,TU
3129.25,-3199.75,0,TU
3373.25,-3197.75,0,TU
2421.75,-3197.25,0,TU
3761.75,-3195.25,0,TU
2758.75,-3195.25,0,TU
2383.75,-3193.25,0,TU
2712.25,-3192.75,0,TU
2499.25,-3192.75,0,TU
2550.25,-3191.25,0,TU
2569.25,-3190.25,0,TU
3311.75,-3189.75,0,TU
3247.25,-3188.75,0,TU
2608.25,-3188.75,0,TU
2814.75,-3188.75,0,TU
2539.25,-3188.25,0,TU
2738.25,-3187.75,0,TU
4085.75,-3187.75,0,TU
3807.75,-3187.75,0,TU
3437.25,-3186.75,0,TU
2831.25,-3185.75,0,TU
2927.75,-3185.25,0,TU
4118.25,-3184.25,0,TU
3941.25,-3183.75,0,TU
3766.25,-3183.75,0,TU
2853.25,-3181.25,0,TU
2398.25,-3180.75,0,TU
2353.75,-3179.25,0,TU
2800.75,-3178.25,0,TU
3558.75,-3178.25,0,TU
3704.25,-3177.75,0,TU
2683.25,-3177.75,0,TU
3383.75,-3177.75,0,TU
3873.25,-3177.75,0,TU
3796.75,-3176.75,0,TU
2661.75,-3175.75,0,TU
2776.75,-3174.75,0,TU
2379.75,-3173.75,0,TU
2585.25,-3173.75,0,TU
3247.25,-3172.25,0,TU
2510.25,-3171.25,0,TU
2749.75,-3170.75,0,TU
4064.25,-3170.25,0,TU
4037.75,-3169.75,0,TU
2616.75,-3169.25,0,TU
3330.25,-3168.75,0,TU
3903.25,-3167.75,0,TU
2815.75,-3166.25,0,TU
2765.25,-3165.25,0,TU
3440.25,-3163.75,0,TU
3537.25,-3161.75,0,TU
4096.75,-3158.25,0,TU
2724.25,-3158.25,0,TU
3720.25,-3157.75,0,TU
4078.75,-3157.75,0,TU
3365.75,-3156.25,0,TU
2404.25,-3155.75,0,TU
3300.75,-3155.25,0,TU
3334.75,-3153.75,0,TU
3780.75,-3153.75,0,TU
2806.25,-3152.75,0,TU
2220.75,-3150.75,0,TU
2995.25,-3149.75,0,TU
3757.25,-3149.25,0,TU
2785.25,-3146.75,0,TU
3706.25,-3145.75,0,TU
3346.25,-3145.25,0,TU
2680.25,-3144.75,0,TU
3742.75,-3144.25,0,TU
2884.25,-3143.25,0,TU
2167.75,-3142.25,0,TU
2581.75,-3140.75,0,TU
2651.75,-3140.75,0,TU
3620.75,-3140.75,0,TU
2747.25,-3139.75,0,TU
3969.25,-3136.25,0,TU
2292.25,-3135.75,0,TU
4035.25,-3134.75,0,TU
2958.75,-3134.25,0,TU
4069.25,-3133.25,0,TU
3904.25,-3133.25,0,TU
2409.75,-3131.75,0,TU
3887.25,-3131.25,0,TU
2635.75,-3131.25,0,TU
4099.25,-3131.25,0,TU
4163.75,-3128.25,0,TU
3692.25,-3126.75,0,TU
2602.75,-3125.75,0,TU
3779.25,-3125.25,0,TU
3992.75,-3123.25,0,TU
3805.25,-3122.25,0,TU
3016.25,-3119.25,0,TU
2981.25,-3118.75,0,TU
4057.25,-3116.75,0,TU
3960.25,-3114.75,0,TU
3867.25,-3114.75,0,TU
2562.75,-3112.75,0,TU
3677.25,-3110.25,0,TU
4037.25,-3109.25,0,TU
2229.75,-3108.25,0,TU
4072.75,-3107.75,0,TU
3927.75,-3107.75,0,TU
3886.25,-3107.75,0,TU
4410.25,-3106.75,0,TU
3693.25,-3105.25,0,TU
2996.25,-3104.75,0,TU
3223.25,-3103.25,0,TU
2188.25,-3102.25,0,TU
3627.75,-3100.75,0,TU
2404.25,-3100.25,0,TU
2875.25,-3100.25,0,TU
2514.75,-3099.25,0,TU
2767.25,-3098.25,0,TU
3791.75,-3098.25,0,TU
2105.25,-3095.75,0,TU
2585.25,-3095.25,0,TU
3026.25,-3093.75,0,TU
3875.25,-3093.75,0,TU
2247.75,-3093.75,0,TU
3648.75,-3092.75,0,TU
2753.25,-3091.75,0,TU
2427.25,-3091.25,0,TU
2264.25,-3089.75,0,TU
3612.75,-3086.25,0,TU
3685.75,-3085.75,0,TU
3729.25,-3084.75,0,TU
2274.75,-3084.25,0,TU
4413.25,-3083.25,0,TU
2207.75,-3082.75,0,TU
2308.25,-3082.25,0,TU
2361.75,-3081.25,0,TU
2902.75,-3078.75,0,TU
3225.25,-3078.25,0,TU
3664.25,-3077.25,0,TU
2760.25,-3076.75,0,TU
2407.75,-3075.75,0,TU
2234.75,-3075.75,0,TU
3573.25,-3075.25,0,TU
3916.25,-3074.75,0,TU
2284.25,-3071.75,0,TU
3865.25,-3071.25,0,TU
2995.75,-3071.25,0,TU
3269.25,-3069.25,0,TU
2111.75,-3069.25,0,TU
2367.75,-3068.75,0,TU
3823.25,-3067.75,0,TU
4392.25,-3066.75,0,TU
2877.75,-3064.25,0,TU
2452.25,-3064.25,0,TU
2323.75,-3063.75,0,TU
2255.75,-3063.25,0,TU
3025.75,-3062.25,0,TU
2896.25,-3060.75,0,TU
3750.75,-3059.25,0,TU
3779.75,-3058.25,0,TU
2340.75,-3055.75,0,TU
2090.75,-3055.25,0,TU
3815.25,-3054.75,0,TU
2061.75,-3054.75,0,TU
2170.25,-3048.75,0,TU
2296.25,-3048.25,0,TU
2129.75,-3047.75,0,TU
3292.75,-3047.75,0,TU
3661.25,-3046.25,0,TU
2242.25,-3045.25,0,TU
2151.75,-3045.25,0,TU
4373.75,-3044.75,0,TU
3858.75,-3044.25,0,TU
2881.25,-3043.75,0,TU
2412.75,-3042.75,0,TU
4165.25,-3040.25,0,TU
2193.75,-3040.25,0,TU
2230.75,-3039.25,0,TU
3902.25,-3038.75,0,TU
2370.75,-3038.25,0,TU
3693.25,-3035.25,0,TU
3848.75,-3035.25,0,TU
2355.75,-3034.75,0,TU
2876.25,-3034.25,0,TU
2384.25,-3034.25,0,TU
3219.25,-3031.75,0,TU
2405.25,-3031.25,0,TU
3966.25,-3030.75,0,TU
2105.25,-3028.25,0,TU
3992.75,-3028.25,0,TU
2147.25,-3025.25,0,TU
3948.25,-3020.75,0,TU
3833.25,-3019.75,0,TU
3923.75,-3018.25,0,TU
3818.25,-3018.25,0,TU
2887.25,-3017.75,0,TU
2227.25,-3014.25,0,TU
2134.75,-3013.25,0,TU
2378.25,-3012.75,0,TU
2664.25,-3010.75,0,TU
2202.75,-3009.75,0,TU
4032.25,-3009.25,0,TU
3624.25,-3008.75,0,TU
2405.75,-3007.25,0,TU
2045.75,-3006.25,0,TU
2547.75,-3004.75,0,TU
2927.25,-3003.25,0,TU
3972.25,-3002.75,0,TU
2286.25,-3001.25,0,TU
2424.25,-2998.75,0,TU
4416.25,-2998.25,0,TU
3928.75,-2997.75,0,TU
2330.25,-2997.25,0,TU
3824.75,-2995.75,0,TU
2103.25,-2994.25,0,TU
2219.25,-2994.25,0,TU
2313.25,-2992.75,0,TU
2350.75,-2990.75,0,TU
2475.25,-2989.25,0,TU
2694.25,-2989.25,0,TU
2920.75,-2986.75,0,TU
2461.25,-2985.75,0,TU
2514.75,-2985.75,0,TU
3854.25,-2985.25,0,TU
2630.75,-2984.25,0,TU
3977.75,-2983.25,0,TU
2377.75,-2982.75,0,TU
4377.25,-2982.25,0,TU
2412.25,-2981.25,0,TU
3706.25,-2980.25,0,TU
4059.75,-2980.25,0,TU
2669.75,-2979.75,0,TU
3780.25,-2979.25,0,TU
2894.25,-2979.25,0,TU
2050.25,-2978.75,0,TU
2091.25,-2977.75,0,TU
4127.25,-2976.25,0,TU
2142.25,-2975.75,0,TU
2324.25,-2975.25,0,TU
2874.75,-2975.25,0,TU
3823.75,-2975.25,0,TU
2348.75,-2971.25,0,TU
2245.25,-2970.25,0,TU
2436.75,-2969.75,0,TU
2216.75,-2968.75,0,TU
2525.75,-2968.75,0,TU
2290.75,-2968.25,0,TU
3198.25,-2968.25,0,TU
2180.75,-2966.25,0,TU
2498.75,-2966.25,0,TU
2268.75,-2963.75,0,TU
2689.25,-2963.25,0,TU
2311.25,-2960.75,0,TU
3778.75,-2960.75,0,TU
2735.75,-2960.25,0,TU
2050.25,-2959.25,0,TU
2471.25,-2958.75,0,TU
3988.75,-2957.25,0,TU
3758.75,-2956.75,0,TU
3735.25,-2956.25,0,TU
2137.75,-2956.25,0,TU
2525.25,-2955.75,0,TU
2408.75,-2955.75,0,TU
2913.25,-2955.75,0,TU
2329.75,-2955.75,0,TU
2933.75,-2954.25,0,TU
2504.25,-2953.75,0,TU
1940.75,-2953.25,0,TU
1941.25,-2951.75,0,TU
3147.75,-2951.25,0,TU
2096.75,-2951.25,0,TU
2706.75,-2949.75,0,TU
2356.25,-2949.75,0,TU
3839.75,-2949.25,0,TU
2218.25,-2948.25,0,TU
2378.75,-2946.25,0,TU
3696.75,-2946.25,0,TU
2117.75,-2944.25,0,TU
2310.25,-2944.25,0,TU
2543.75,-2942.75,0,TU
3819.25,-2942.25,0,TU
2966.25,-2941.75,0,TU
3802.25,-2941.25,0,TU
2460.25,-2940.75,0,TU
2512.75,-2940.25,0,TU
2759.75,-2937.25,0,TU
2651.75,-2936.25,0,TU
2728.25,-2935.75,0,TU
3975.25,-2933.75,0,TU
2043.75,-2933.75,0,TU
4407.75,-2933.25,0,TU
2245.75,-2932.75,0,TU
2325.75,-2931.75,0,TU
2551.25,-2930.25,0,TU
2154.75,-2929.75,0,TU
3767.75,-2929.75,0,TU
2950.75,-2927.25,0,TU
2433.25,-2927.25,0,TU
1873.75,-2926.25,0,TU
2291.75,-2925.75,0,TU
2099.25,-2923.75,0,TU
2524.75,-2922.75,0,TU
4375.25,-2921.75,0,TU
2830.75,-2921.75,0,TU
2690.25,-2919.75,0,TU
2139.25,-2919.75,0,TU
3712.25,-2918.75,0,TU
2210.75,-2918.25,0,TU
2929.25,-2918.25,0,TU
2344.75,-2916.75,0,TU
1880.75,-2915.75,0,TU
3807.75,-2914.75,0,TU
3674.25,-2914.25,0,TU
4099.25,-2912.75,0,TU
2514.75,-2911.25,0,TU
2596.25,-2910.75,0,TU
3901.25,-2910.25,0,TU
2189.75,-2909.25,0,TU
2722.25,-2909.25,0,TU
2748.25,-2908.75,0,TU
1946.25,-2906.75,0,TU
1948.25,-2906.75,0,TU
4064.25,-2906.25,0,TU
2044.75,-2905.75,0,TU
2016.25,-2905.25,0,TU
2020.75,-2905.25,0,TU
3978.75,-2904.25,0,TU
4304.25,-2903.75,0,TU
2549.25,-2903.25,0,TU
2823.25,-2903.25,0,TU
3766.25,-2902.75,0,TU
2095.25,-2902.25,0,TU
4426.75,-2901.75,0,TU
3810.25,-2901.75,0,TU
3877.75,-2898.75,0,TU
3714.75,-2898.25,0,TU
4329.25,-2898.25,0,TU
1993.75,-2897.25,0,TU
1993.75,-2897.25,0,TU
3688.75,-2896.75,0,TU
3728.25,-2895.75,0,TU
2948.75,-2895.25,0,TU
4080.25,-2895.25,0,TU
2363.25,-2893.75,0,TU
2534.75,-2892.25,0,TU
2142.75,-2889.75,0,TU
2074.25,-2889.25,0,TU
4112.75,-2887.75,0,TU
2489.25,-2887.75,0,TU
4405.25,-2887.25,0,TU
2444.25,-2885.25,0,TU
2461.75,-2884.25,0,TU
3821.75,-2882.75,0,TU
2351.25,-2882.25,0,TU
4370.25,-2882.25,0,TU
4135.75,-2875.75,0,TU
2376.25,-2875.25,0,TU
2202.75,-2872.75,0,TU
1954.75,-2872.25,0,TU
2231.25,-2871.75,0,TU
2833.75,-2871.75,0,TU
4064.75,-2871.75,0,TU
2512.75,-2871.25,0,TU
1956.25,-2870.75,0,TU
2066.25,-2869.75,0,TU
3755.25,-2869.25,0,TU
2620.25,-2867.75,0,TU
3963.75,-2863.75,0,TU
4416.75,-2863.75,0,TU
1944.75,-2862.75,0,TU
1938.25,-2861.25,0,TU
2416.25,-2860.75,0,TU
2179.75,-2859.25,0,TU
4087.25,-2858.75,0,TU
2030.25,-2857.75,0,TU
2560.25,-2857.75,0,TU
4112.75,-2854.75,0,TU
2404.75,-2854.75,0,TU
2213.25,-2854.25,0,TU
3842.25,-2852.75,0,TU
2145.75,-2852.75,0,TU
2360.25,-2852.25,0,TU
3807.25,-2851.75,0,TU
2463.25,-2850.75,0,TU
3934.25,-2850.25,0,TU
2846.25,-2850.25,0,TU
2297.25,-2849.75,0,TU
4279.75,-2848.25,0,TU
2393.25,-2847.25,0,TU
2065.75,-2845.75,0,TU
2272.25,-2845.25,0,TU
2537.25,-2845.25,0,TU
1771.25,-2844.75,0,TU
2234.75,-2843.75,0,TU
4428.25,-2842.75,0,TU
2330.25,-2842.25,0,TU
2565.75,-2840.75,0,TU
2348.75,-2840.25,0,TU
2674.75,-2837.75,0,TU
2175.75,-2835.25,0,TU
4087.75,-2832.25,0,TU
2297.75,-2831.75,0,TU
3672.25,-2831.25,0,TU
2028.25,-2830.75,0,TU
2396.75,-2830.75,0,TU
4274.75,-2830.25,0,TU
2059.25,-2829.25,0,TU
2510.75,-2828.75,0,TU
2209.75,-2828.25,0,TU
2238.25,-2826.25,0,TU
2448.75,-2823.25,0,TU
2548.25,-2822.25,0,TU
3805.25,-2821.75,0,TU
2199.25,-2821.25,0,TU
2568.75,-2821.25,0,TU
2584.75,-2820.75,0,TU
2793.75,-2818.75,0,TU
1880.75,-2818.75,0,TU
3976.75,-2818.75,0,TU
2257.25,-2818.25,0,TU
2407.75,-2816.25,0,TU
2372.25,-2814.25,0,TU
2329.25,-2813.75,0,TU
2079.25,-2813.25,0,TU
4325.25,-2812.25,0,TU
2144.75,-2810.25,0,TU
2434.25,-2809.75,0,TU
2315.25,-2806.25,0,TU
2025.25,-2806.25,0,TU
2052.25,-2804.25,0,TU
3724.75,-2803.75,0,TU
2390.75,-2801.75,0,TU
2547.25,-2799.25,0,TU
2186.75,-2798.75,0,TU
2253.25,-2798.25,0,TU
2507.25,-2797.25,0,TU
2577.75,-2796.75,0,TU
3699.75,-2791.25,0,TU
2079.25,-2791.25,0,TU
2417.75,-2789.75,0,TU
1954.75,-2789.75,0,TU
1872.75,-2789.25,0,TU
2364.25,-2788.25,0,TU
1933.25,-2788.25,0,TU
2306.75,-2786.75,0,TU
2225.75,-2784.75,0,TU
2051.75,-2784.75,0,TU
1997.75,-2783.75,0,TU
2002.75,-2783.75,0,TU
3778.25,-2783.75,0,TU
1878.25,-2781.25,0,TU
2389.25,-2779.25,0,TU
3796.75,-2779.25,0,TU
2766.25,-2778.75,0,TU
2284.75,-2777.75,0,TU
1636.25,-2774.25,0,TU
1543.25,-2774.25,0,TU
2737.75,-2774.25,0,TU
2575.25,-2773.25,0,TU
2642.75,-2770.75,0,TU
2066.75,-2770.75,0,TU
2262.75,-2768.75,0,TU
1865.75,-2768.25,0,TU
2517.75,-2768.25,0,TU
2028.25,-2767.75,0,TU
2493.75,-2764.25,0,TU
2599.25,-2763.25,0,TU
2425.75,-2761.25,0,TU
4449.25,-2759.75,0,TU
4159.75,-2759.75,0,TU
2080.75,-2759.25,0,TU
2189.75,-2758.75,0,TU
2449.25,-2757.75,0,TU
1912.25,-2756.25,0,TU
2620.25,-2755.75,0,TU
3991.75,-2753.75,0,TU
1939.75,-2753.25,0,TU
1939.75,-2753.25,0,TU
1913.25,-2752.75,0,TU
2469.75,-2752.25,0,TU
1967.25,-2750.75,0,TU
2532.75,-2750.75,0,TU
1966.75,-2750.75,0,TU
1856.25,-2749.75,0,TU
1672.25,-2749.25,0,TU
2683.75,-2748.75,0,TU
1856.25,-2747.75,0,TU
3817.75,-2746.75,0,TU
3792.25,-2743.75,0,TU
2355.25,-2743.25,0,TU
2648.75,-2742.25,0,TU
2405.25,-2741.25,0,TU
2518.25,-2738.75,0,TU
4027.75,-2737.25,0,TU
2166.75,-2736.75,0,TU
3959.25,-2736.25,0,TU
2590.25,-2735.25,0,TU
4153.75,-2734.75,0,TU
2497.25,-2734.75,0,TU
2669.25,-2734.25,0,TU
2205.75,-2733.25,0,TU
1952.25,-2733.25,0,TU
1949.75,-2732.75,0,TU
1836.25,-2732.25,0,TU
1839.25,-2732.25,0,TU
2075.25,-2730.75,0,TU
3847.25,-2729.75,0,TU
2628.25,-2728.25,0,TU
2372.75,-2728.25,0,TU
1974.75,-2727.75,0,TU
2303.75,-2727.75,0,TU
1885.25,-2726.75,0,TU
1887.75,-2726.25,0,TU
1920.75,-2725.75,0,TU
2475.25,-2724.25,0,TU
1684.75,-2724.25,0,TU
1623.75,-2722.25,0,TU
2339.75,-2721.75,0,TU
3880.25,-2720.75,0,TU
1958.75,-2719.75,0,TU
1859.25,-2719.25,0,TU
1813.25,-2719.25,0,TU
2216.75,-2718.75,0,TU
1918.75,-2717.75,0,TU
2244.75,-2717.25,0,TU
2402.75,-2716.75,0,TU
1946.25,-2715.75,0,TU
2082.25,-2715.75,0,TU
1713.25,-2715.75,0,TU
1787.75,-2715.25,0,TU
1966.25,-2713.25,0,TU
3778.25,-2713.25,0,TU
1966.25,-2712.75,0,TU
2283.25,-2712.25,0,TU
2655.25,-2711.75,0,TU
2065.75,-2711.75,0,TU
2332.25,-2711.25,0,TU
4376.75,-2710.25,0,TU
4240.25,-2709.75,0,TU
1977.75,-2706.25,0,TU
4043.75,-2706.25,0,TU
2195.25,-2706.25,0,TU
2315.25,-2706.25,0,TU
1976.75,-2706.25,0,TU
2000.25,-2705.25,0,TU
3992.75,-2704.25,0,TU
3918.25,-2703.75,0,TU
4015.75,-2703.75,0,TU
4169.75,-2703.75,0,TU
2098.25,-2703.25,0,TU
3847.75,-2703.25,0,TU
2003.75,-2702.75,0,TU
2494.25,-2700.75,0,TU
4135.75,-2699.75,0,TU
1955.75,-2698.75,0,TU
1776.75,-2697.75,0,TU
1956.25,-2697.75,0,TU
2294.25,-2696.25,0,TU
3787.75,-2696.25,0,TU
4044.75,-2693.75,0,TU
1910.75,-2693.25,0,TU
3878.25,-2692.75,0,TU
2562.25,-2692.25,0,TU
2079.25,-2692.25,0,TU
4250.75,-2691.25,0,TU
4364.25,-2690.75,0,TU
2272.75,-2690.25,0,TU
1474.25,-2690.25,0,TU
1812.75,-2689.75,0,TU
1360.25,-2689.25,0,TU
2121.75,-2688.25,0,TU
3836.25,-2687.75,0,TU
2394.75,-2686.25,0,TU
3812.75,-2686.25,0,TU
1382.25,-2685.75,0,TU
1758.75,-2684.75,0,TU
1985.25,-2684.25,0,TU
1985.75,-2684.25,0,TU
2060.25,-2684.25,0,TU
4275.75,-2683.75,0,TU
1942.75,-2683.25,0,TU
3882.75,-2682.25,0,TU
4067.75,-2681.25,0,TU
1436.25,-2679.75,0,TU
2593.75,-2679.25,0,TU
2099.75,-2678.75,0,TU
4330.25,-2678.25,0,TU
3852.75,-2677.25,0,TU
2544.25,-2676.25,0,TU
4123.75,-2676.25,0,TU
4027.25,-2676.25,0,TU
1974.25,-2675.25,0,TU
2077.75,-2675.25,0,TU
2261.75,-2675.25,0,TU
1941.75,-2674.25,0,TU
2296.25,-2673.75,0,TU
2212.75,-2673.75,0,TU
1972.75,-2672.75,0,TU
1355.25,-2671.75,0,TU
4434.25,-2670.25,0,TU
2319.75,-2668.75,0,TU
2170.75,-2668.75,0,TU
4395.75,-2668.25,0,TU
2241.25,-2661.75,0,TU
2119.25,-2660.75,0,TU
2564.75,-2658.75,0,TU
4161.25,-2656.75,0,TU
2265.75,-2655.75,0,TU
2607.75,-2654.25,0,TU
2042.25,-2653.25,0,TU
2216.25,-2652.75,0,TU
2101.75,-2652.25,0,TU
1958.75,-2651.75,0,TU
2197.25,-2651.25,0,TU
3704.75,-2649.75,0,TU
4074.75,-2649.75,0,TU
3880.75,-2648.75,0,TU
4424.25,-2648.25,0,TU
2074.25,-2648.25,0,TU
1636.25,-2646.75,0,TU
2550.25,-2646.25,0,TU
1522.25,-2644.25,0,TU
1712.75,-2643.75,0,TU
3975.25,-2643.75,0,TU
2124.25,-2643.75,0,TU
2342.75,-2641.25,0,TU
2363.75,-2640.25,0,TU
1782.75,-2639.75,0,TU
4460.75,-2639.25,0,TU
2139.75,-2636.75,0,TU
2226.75,-2636.25,0,TU
2169.25,-2636.25,0,TU
2272.75,-2635.25,0,TU
4398.25,-2634.25,0,TU
1680.25,-2634.25,0,TU
3848.25,-2632.25,0,TU
2054.25,-2632.25,0,TU
617.25,-2632.25,0,TU
4018.75,-2631.75,0,TU
3903.75,-2631.75,0,TU
2576.75,-2631.75,0,TU
3775.25,-2631.25,0,TU
2086.25,-2629.75,0,TU
2023.25,-2629.25,0,TU
2107.25,-2628.75,0,TU
1667.75,-2626.25,0,TU
2257.75,-2625.75,0,TU
1744.25,-2624.75,0,TU
656.25,-2623.75,0,TU
748.25,-2623.75,0,TU
4089.75,-2622.75,0,TU
1405.25,-2622.75,0,TU
4424.75,-2620.75,0,TU
1611.75,-2619.75,0,TU
1985.75,-2619.25,0,TU
2107.75,-2617.75,0,TU
4392.75,-2617.25,0,TU
1653.75,-2616.75,0,TU
3739.25,-2616.75,0,TU
2163.75,-2616.25,0,TU
1981.75,-2616.25,0,TU
718.25,-2615.75,0,TU
2533.25,-2615.25,0,TU
3949.75,-2614.75,0,TU
1813.25,-2612.75,0,TU
1635.25,-2611.75,0,TU
1709.25,-2611.75,0,TU
1783.75,-2611.25,0,TU
631.25,-2610.75,0,TU
2301.25,-2610.75,0,TU
1547.25,-2610.25,0,TU
3700.75,-2608.75,0,TU
1378.25,-2608.25,0,TU
4299.75,-2608.25,0,TU
2143.25,-2608.25,0,TU
1507.25,-2608.25,0,TU
2349.75,-2607.75,0,TU
2381.25,-2607.75,0,TU
664.75,-2607.25,0,TU
3769.25,-2606.25,0,TU
3865.75,-2604.25,0,TU
2280.25,-2604.25,0,TU
749.25,-2603.75,0,TU
1896.25,-2603.75,0,TU
595.25,-2601.75,0,TU
693.75,-2601.75,0,TU
3685.25,-2600.25,0,TU
4252.25,-2600.25,0,TU
1693.75,-2598.75,0,TU
1897.75,-2598.75,0,TU
1420.25,-2597.25,0,TU
2249.75,-2596.75,0,TU
3904.75,-2596.75,0,TU
4203.75,-2596.25,0,TU
2291.25,-2594.75,0,TU
3838.25,-2593.75,0,TU
1782.25,-2592.75,0,TU
2104.75,-2591.75,0,TU
3982.25,-2590.75,0,TU
4228.25,-2589.75,0,TU
668.25,-2589.25,0,TU
4140.75,-2588.75,0,TU
2136.75,-2588.75,0,TU
3878.75,-2587.75,0,TU
4005.25,-2586.25,0,TU
2315.75,-2584.75,0,TU
2340.75,-2584.25,0,TU
3809.25,-2582.25,0,TU
3935.25,-2581.75,0,TU
4029.25,-2581.75,0,TU
3683.25,-2581.25,0,TU
717.25,-2581.25,0,TU
750.75,-2579.75,0,TU
4199.75,-2578.75,0,TU
1489.75,-2578.25,0,TU
1260.25,-2576.75,0,TU
1793.75,-2574.75,0,TU
4290.25,-2574.75,0,TU
4116.25,-2574.75,0,TU
2329.25,-2573.75,0,TU
2265.25,-2571.75,0,TU
1963.75,-2567.25,0,TU
3734.75,-2566.75,0,TU
559.25,-2566.75,0,TU
1775.25,-2566.25,0,TU
2295.75,-2566.25,0,TU
3962.25,-2565.75,0,TU
4174.25,-2563.25,0,TU
4155.75,-2561.25,0,TU
2353.25,-2559.75,0,TU
1875.75,-2559.75,0,TU
1478.75,-2559.25,0,TU
4015.25,-2559.25,0,TU
1147.75,-2558.75,0,TU
3682.25,-2558.75,0,TU
3888.75,-2556.75,0,TU
4215.25,-2556.25,0,TU
1963.25,-2555.25,0,TU
2324.75,-2555.25,0,TU
1325.25,-2554.75,0,TU
1406.25,-2554.25,0,TU
1928.25,-2551.75,0,TU
2126.75,-2551.75,0,TU
1926.25,-2550.75,0,TU
1625.25,-2550.25,0,TU
4145.25,-2550.25,0,TU
3933.75,-2550.25,0,TU
2307.75,-2549.75,0,TU
1565.75,-2548.75,0,TU
549.75,-2548.75,0,TU
2100.25,-2546.75,0,TU
1967.25,-2546.25,0,TU
4300.25,-2544.75,0,TU
3748.75,-2544.75,0,TU
1659.25,-2544.25,0,TU
2035.75,-2544.25,0,TU
4113.75,-2543.25,0,TU
1384.25,-2541.25,0,TU
4097.75,-2540.75,0,TU
1986.75,-2539.75,0,TU
482.25,-2539.25,0,TU
1672.75,-2538.75,0,TU
4389.25,-2538.25,0,TU
1291.75,-2538.25,0,TU
4411.75,-2537.25,0,TU
504.75,-2535.25,0,TU
2152.25,-2533.75,0,TU
1700.25,-2533.75,0,TU
2062.75,-2533.25,0,TU
2007.75,-2531.75,0,TU
2314.75,-2531.25,0,TU
525.25,-2530.75,0,TU
4136.25,-2528.75,0,TU
2290.25,-2528.25,0,TU
1963.25,-2527.25,0,TU
1928.25,-2526.75,0,TU
1964.25,-2526.75,0,TU
4007.75,-2526.25,0,TU
1927.75,-2525.25,0,TU
3686.25,-2524.25,0,TU
3654.25,-2524.25,0,TU
2220.25,-2523.75,0,TU
1506.25,-2523.25,0,TU
2325.25,-2523.25,0,TU
2339.75,-2522.75,0,TU
1309.75,-2521.75,0,TU
1259.75,-2521.25,0,TU
4069.25,-2520.75,0,TU
2163.75,-2519.25,0,TU
1872.75,-2517.25,0,TU
4370.25,-2516.75,0,TU
2283.25,-2516.75,0,TU
2354.25,-2515.75,0,TU
485.25,-2513.25,0,TU
553.75,-2512.25,0,TU
3590.75,-2509.75,0,TU
3558.75,-2508.25,0,TU
2195.75,-2507.75,0,TU
1343.75,-2505.75,0,TU
506.75,-2504.75,0,TU
1946.25,-2504.25,0,TU
1448.25,-2504.25,0,TU
1945.75,-2503.75,0,TU
2273.25,-2503.25,0,TU
1304.75,-2502.75,0,TU
2328.75,-2502.25,0,TU
3864.25,-2500.25,0,TU
4095.75,-2500.25,0,TU
1579.25,-2500.25,0,TU
3838.25,-2497.25,0,TU
2256.75,-2495.75,0,TU
2445.25,-2495.25,0,TU
2361.25,-2494.75,0,TU
569.75,-2494.75,0,TU
4326.75,-2494.75,0,TU
3758.75,-2493.75,0,TU
2380.75,-2493.25,0,TU
1288.25,-2492.75,0,TU
2344.75,-2491.75,0,TU
2225.75,-2491.75,0,TU
1655.25,-2489.75,0,TU
4298.25,-2489.25,0,TU
607.75,-2488.75,0,TU
1956.75,-2488.75,0,TU
1958.75,-2486.25,0,TU
1328.75,-2486.25,0,TU
2307.75,-2485.75,0,TU
2137.75,-2485.25,0,TU
2552.75,-2483.25,0,TU
3573.25,-2482.25,0,TU
2181.75,-2481.25,0,TU
1744.75,-2480.25,0,TU
4355.75,-2479.75,0,TU
3531.75,-2479.25,0,TU
1930.75,-2479.25,0,TU
1930.25,-2478.75,0,TU
1973.75,-2478.25,0,TU
687.25,-2477.75,0,TU
726.25,-2477.25,0,TU
2444.75,-2477.25,0,TU
3852.75,-2474.75,0,TU
2239.25,-2474.75,0,TU
3890.75,-2474.25,0,TU
2535.75,-2473.75,0,TU
2113.75,-2473.75,0,TU
2470.25,-2473.25,0,TU
1438.25,-2472.25,0,TU
1228.75,-2470.75,0,TU
4368.75,-2470.25,0,TU
4058.25,-2469.25,0,TU
2335.25,-2468.75,0,TU
1413.25,-2467.25,0,TU
2187.75,-2466.75,0,TU
3615.25,-2465.25,0,TU
1784.25,-2464.25,0,TU
1304.75,-2462.75,0,TU
2551.25,-2462.75,0,TU
437.25,-2462.75,0,TU
1645.75,-2462.25,0,TU
2513.75,-2461.25,0,TU
1711.25,-2460.75,0,TU
3541.25,-2460.25,0,TU
2403.25,-2458.75,0,TU
2612.25,-2458.75,0,TU
2629.25,-2458.75,0,TU
1590.25,-2458.25,0,TU
3840.25,-2458.25,0,TU
661.75,-2457.25,0,TU
1958.25,-2456.75,0,TU
1944.75,-2455.75,0,TU
1331.75,-2455.75,0,TU
1934.75,-2454.75,0,TU
1684.75,-2453.75,0,TU
3476.25,-2452.75,0,TU
555.25,-2451.75,0,TU
4013.75,-2451.75,0,TU
4484.25,-2451.75,0,TU
1993.75,-2451.25,0,TU
3991.25,-2450.25,0,TU
1736.25,-2449.75,0,TU
2573.75,-2449.25,0,TU
4048.25,-2449.25,0,TU
3868.25,-2448.75,0,TU
1764.25,-2447.25,0,TU
2176.25,-2446.75,0,TU
3716.25,-2444.75,0,TU
2597.25,-2443.25,0,TU
2205.25,-2442.25,0,TU
1427.75,-2442.25,0,TU
4384.75,-2441.75,0,TU
1864.75,-2441.25,0,TU
1654.25,-2440.75,0,TU
460.25,-2440.75,0,TU
703.25,-2439.75,0,TU
376.75,-2438.75,0,TU
1793.75,-2438.25,0,TU
1065.75,-2437.75,0,TU
1389.25,-2437.25,0,TU
2650.25,-2436.75,0,TU
3917.75,-2435.25,0,TU
3885.75,-2434.75,0,TU
428.25,-2433.75,0,TU
1191.25,-2433.75,0,TU
2635.25,-2433.75,0,TU
1232.25,-2433.75,0,TU
2612.25,-2432.25,0,TU
1754.25,-2432.25,0,TU
961.25,-2429.25,0,TU
2335.75,-2428.75,0,TU
2152.75,-2428.25,0,TU
2181.75,-2427.75,0,TU
3665.25,-2427.25,0,TU
2116.25,-2427.25,0,TU
3563.25,-2426.75,0,TU
2664.75,-2425.75,0,TU
584.25,-2425.75,0,TU
1182.75,-2425.25,0,TU
405.25,-2424.75,0,TU
4428.75,-2423.25,0,TU
1765.75,-2423.25,0,TU
3534.75,-2423.25,0,TU
1741.25,-2423.25,0,TU
667.75,-2423.25,0,TU
547.75,-2421.75,0,TU
1180.25,-2420.75,0,TU
4271.25,-2420.75,0,TU
4298.75,-2420.75,0,TU
1312.25,-2420.25,0,TU
1469.25,-2419.75,0,TU
2566.25,-2419.25,0,TU
993.25,-2419.25,0,TU
1651.25,-2416.75,0,TU
1787.75,-2416.25,0,TU
3704.25,-2416.25,0,TU
1828.25,-2416.25,0,TU
3726.75,-2415.75,0,TU
1677.25,-2415.25,0,TU
2629.25,-2414.75,0,TU
4177.75,-2414.25,0,TU
481.75,-2414.25,0,TU
3985.25,-2413.75,0,TU
2101.25,-2413.75,0,TU
1756.25,-2412.75,0,TU
2657.25,-2412.75,0,TU
1650.25,-2410.75,0,TU
1708.75,-2410.25,0,TU
2604.75,-2408.75,0,TU
958.75,-2407.75,0,TU
2588.25,-2407.25,0,TU
334.75,-2407.25,0,TU
1687.75,-2406.75,0,TU
2073.75,-2405.25,0,TU
554.75,-2404.75,0,TU
3790.75,-2403.75,0,TU
585.25,-2403.75,0,TU
1580.25,-2402.75,0,TU
1998.25,-2401.75,0,TU
2556.75,-2400.75,0,TU
3674.75,-2400.25,0,TU
451.75,-2399.75,0,TU
4305.75,-2396.75,0,TU
1721.25,-2396.75,0,TU
3757.25,-2396.75,0,TU
1530.75,-2395.75,0,TU
2615.75,-2395.25,0,TU
2636.75,-2395.25,0,TU
4059.75,-2394.75,0,TU
2525.75,-2394.75,0,TU
4165.75,-2394.25,0,TU
1300.75,-2394.25,0,TU
843.75,-2393.75,0,TU
1764.75,-2393.25,0,TU
986.25,-2393.25,0,TU
1970.25,-2392.75,0,TU
3852.25,-2392.25,0,TU
3908.75,-2391.75,0,TU
3816.75,-2390.75,0,TU
1451.25,-2390.75,0,TU
4184.75,-2389.75,0,TU
1547.75,-2389.75,0,TU
1262.25,-2389.75,0,TU
1287.75,-2389.25,0,TU
1993.75,-2388.75,0,TU
4140.75,-2388.75,0,TU
1655.25,-2385.75,0,TU
1417.75,-2384.75,0,TU
2620.75,-2383.75,0,TU
4460.75,-2383.75,0,TU
548.75,-2383.25,0,TU
320.75,-2381.75,0,TU
1126.25,-2381.75,0,TU
1340.25,-2380.25,0,TU
428.75,-2379.75,0,TU
4091.25,-2379.75,0,TU
571.75,-2379.25,0,TU
2592.75,-2378.75,0,TU
3444.25,-2378.75,0,TU
521.75,-2378.25,0,TU
1401.25,-2377.75,0,TU
1498.75,-2376.75,0,TU
1038.75,-2376.75,0,TU
261.25,-2376.25,0,TU
2196.25,-2375.25,0,TU
4304.25,-2374.75,0,TU
3665.25,-2374.75,0,TU
4330.25,-2374.75,0,TU
2636.25,-2373.75,0,TU
2539.25,-2373.25,0,TU
4220.75,-2372.75,0,TU
3761.25,-2372.75,0,TU
1438.75,-2372.25,0,TU
4436.75,-2371.75,0,TU
4121.25,-2370.75,0,TU
2659.75,-2368.75,0,TU
850.25,-2368.75,0,TU
1309.25,-2368.25,0,TU
1233.25,-2367.75,0,TU
2618.75,-2367.25,0,TU
1356.75,-2367.25,0,TU
3429.75,-2366.75,0,TU
2094.75,-2366.75,0,TU
2486.25,-2366.75,0,TU
3932.25,-2366.25,0,TU
445.75,-2366.25,0,TU
1142.75,-2365.75,0,TU
2003.75,-2365.75,0,TU
1575.25,-2365.75,0,TU
4293.25,-2364.75,0,TU
1344.75,-2364.25,0,TU
1280.25,-2363.75,0,TU
1821.75,-2363.75,0,TU
2152.75,-2363.25,0,TU
1259.25,-2363.25,0,TU
2180.25,-2363.25,0,TU
4162.25,-2362.75,0,TU
3644.25,-2361.25,0,TU
2205.75,-2360.75,0,TU
582.25,-2360.25,0,TU
3696.25,-2359.75,0,TU
3997.25,-2359.25,0,TU
4193.25,-2358.75,0,TU
2251.25,-2358.75,0,TU
212.25,-2358.75,0,TU
1208.75,-2358.25,0,TU
963.75,-2358.25,0,TU
2602.75,-2357.25,0,TU
1077.25,-2357.25,0,TU
1553.25,-2356.75,0,TU
4464.25,-2356.75,0,TU
2276.75,-2355.25,0,TU
3471.25,-2355.25,0,TU
1974.75,-2354.75,0,TU
2070.25,-2354.25,0,TU
1394.75,-2354.25,0,TU
2647.75,-2353.25,0,TU
245.75,-2352.75,0,TU
3862.75,-2352.25,0,TU
1183.75,-2351.75,0,TU
1300.25,-2351.75,0,TU
2527.25,-2351.25,0,TU
1974.75,-2351.25,0,TU
4362.25,-2350.75,0,TU
2237.75,-2350.25,0,TU
1151.75,-2349.75,0,TU
4138.25,-2349.25,0,TU
997.75,-2348.75,0,TU
2411.75,-2347.75,0,TU
1713.25,-2347.75,0,TU
1438.75,-2347.25,0,TU
1540.75,-2346.75,0,TU
4095.75,-2344.25,0,TU
3630.75,-2341.25,0,TU
4019.75,-2341.25,0,TU
3420.75,-2340.75,0,TU
793.25,-2340.75,0,TU
3486.25,-2340.25,0,TU
1273.75,-2340.25,0,TU
2291.75,-2339.75,0,TU
1631.25,-2338.75,0,TU
1819.25,-2337.25,0,TU
1363.25,-2337.25,0,TU
3943.25,-2337.25,0,TU
230.25,-2336.75,0,TU
3544.75,-2336.75,0,TU
311.25,-2335.25,0,TU
4251.25,-2334.75,0,TU
4045.25,-2334.25,0,TU
1962.25,-2333.75,0,TU
2198.75,-2333.75,0,TU
192.25,-2332.25,0,TU
1317.75,-2331.25,0,TU
4452.25,-2330.75,0,TU
2340.25,-2330.75,0,TU
1163.75,-2329.75,0,TU
2464.25,-2329.25,0,TU
2106.75,-2328.75,0,TU
3568.75,-2328.25,0,TU
2073.25,-2327.75,0,TU
2709.75,-2327.75,0,TU
2266.75,-2327.75,0,TU
1402.25,-2327.25,0,TU
2299.25,-2326.75,0,TU
1231.25,-2326.75,0,TU
3925.25,-2326.75,0,TU
1191.75,-2326.25,0,TU
2015.25,-2326.25,0,TU
1388.75,-2325.75,0,TU
3614.25,-2325.25,0,TU
897.75,-2325.25,0,TU
1962.75,-2325.25,0,TU
3522.25,-2325.25,0,TU
764.25,-2325.25,0,TU
2529.75,-2324.25,0,TU
1101.75,-2323.75,0,TU
4344.25,-2323.25,0,TU
1284.75,-2323.25,0,TU
2396.25,-2322.75,0,TU
170.75,-2322.75,0,TU
2436.25,-2322.25,0,TU
2500.75,-2321.75,0,TU
1260.25,-2319.25,0,TU
593.75,-2318.75,0,TU
2238.75,-2318.25,0,TU
1349.25,-2317.75,0,TU
1482.75,-2317.75,0,TU
810.75,-2317.25,0,TU
4311.75,-2316.75,0,TU
2376.75,-2316.75,0,TU
4275.25,-2313.75,0,TU
4134.25,-2313.25,0,TU
1164.25,-2313.25,0,TU
1804.75,-2312.25,0,TU
2039.25,-2312.25,0,TU
3957.25,-2310.75,0,TU
1830.75,-2309.75,0,TU
3882.25,-2309.75,0,TU
1767.75,-2309.75,0,TU
878.75,-2309.75,0,TU
2219.25,-2309.75,0,TU
2361.25,-2309.75,0,TU
2082.75,-2309.25,0,TU
4407.75,-2309.25,0,TU
2348.25,-2308.75,0,TU
2193.25,-2308.75,0,TU
1138.75,-2307.75,0,TU
3558.25,-2307.25,0,TU
4047.75,-2306.75,0,TU
1623.75,-2306.25,0,TU
1383.75,-2305.75,0,TU
802.25,-2305.25,0,TU
1979.25,-2305.25,0,TU
1293.25,-2305.25,0,TU
1082.25,-2305.25,0,TU
1978.25,-2304.75,0,TU
2010.25,-2304.25,0,TU
1551.25,-2304.25,0,TU
1404.75,-2303.25,0,TU
1367.25,-2303.25,0,TU
1317.75,-2303.25,0,TU
2527.75,-2302.75,0,TU
4211.75,-2302.25,0,TU
3649.75,-2301.75,0,TU
1659.75,-2301.25,0,TU
223.25,-2301.25,0,TU
1584.25,-2301.25,0,TU
1342.25,-2300.75,0,TU
3327.75,-2300.75,0,TU
1685.75,-2298.75,0,TU
3365.75,-2298.75,0,TU
135.25,-2298.25,0,TU
757.75,-2298.25,0,TU
1846.75,-2298.25,0,TU
1062.75,-2297.75,0,TU
1194.75,-2296.75,0,TU
3585.75,-2295.75,0,TU
1643.75,-2294.75,0,TU
2230.75,-2294.75,0,TU
3852.75,-2293.75,0,TU
3796.25,-2293.75,0,TU
1936.25,-2293.75,0,TU
3495.25,-2292.25,0,TU
905.75,-2291.75,0,TU
856.75,-2289.75,0,TU
1424.25,-2289.25,0,TU
2501.75,-2289.25,0,TU
4262.75,-2288.75,0,TU
1866.25,-2288.25,0,TU
178.75,-2287.75,0,TU
2210.75,-2287.25,0,TU
1332.75,-2287.25,0,TU
796.75,-2287.25,0,TU
3666.75,-2286.25,0,TU
1988.75,-2285.25,0,TU
1358.75,-2285.25,0,TU
1254.75,-2285.25,0,TU
1954.75,-2285.25,0,TU
1377.75,-2284.75,0,TU
1989.75,-2284.25,0,TU
1783.75,-2284.25,0,TU
1533.75,-2283.25,0,TU
1299.25,-2281.75,0,TU
2187.25,-2281.25,0,TU
1155.25,-2280.75,0,TU
1399.25,-2280.75,0,TU
3265.25,-2280.75,0,TU
3761.75,-2280.25,0,TU
1972.25,-2279.75,0,TU
889.25,-2279.75,0,TU
2006.75,-2279.25,0,TU
3364.75,-2279.25,0,TU
1821.25,-2279.25,0,TU
2400.25,-2278.25,0,TU
4407.25,-2277.25,0,TU
1207.75,-2276.25,0,TU
481.25,-2275.25,0,TU
2006.75,-2274.25,0,TU
746.75,-2273.75,0,TU
1435.25,-2272.75,0,TU
1935.75,-2272.75,0,TU
1350.75,-2271.25,0,TU
919.25,-2270.75,0,TU
3784.25,-2270.75,0,TU
3983.75,-2270.75,0,TU
1236.75,-2269.75,0,TU
1738.75,-2269.75,0,TU
1772.25,-2268.75,0,TU
4130.75,-2268.25,0,TU
1517.75,-2268.25,0,TU
2547.75,-2266.75,0,TU
3293.25,-2266.75,0,TU
1577.75,-2265.75,0,TU
2366.25,-2265.25,0,TU
4240.25,-2265.25,0,TU
2177.25,-2264.75,0,TU
1370.75,-2264.75,0,TU
3742.25,-2264.25,0,TU
3959.75,-2264.25,0,TU
1441.75,-2263.75,0,TU
4300.25,-2263.75,0,TU
1326.75,-2263.25,0,TU
532.25,-2262.75,0,TU
1716.75,-2262.75,0,TU
1949.25,-2262.75,0,TU
1397.25,-2262.25,0,TU
1857.25,-2261.75,0,TU
1807.75,-2260.25,0,TU
3263.75,-2259.25,0,TU
4270.25,-2259.25,0,TU
1881.75,-2259.25,0,TU
879.75,-2258.75,0,TU
2431.25,-2257.75,0,TU
4112.75,-2257.75,0,TU
3361.25,-2256.25,0,TU
209.25,-2256.25,0,TU
1979.25,-2255.25,0,TU
3598.75,-2255.25,0,TU
1170.75,-2254.75,0,TU
1503.75,-2254.25,0,TU
1839.75,-2254.25,0,TU
1354.25,-2253.75,0,TU
2168.25,-2253.25,0,TU
2005.25,-2252.25,0,TU
3280.75,-2252.25,0,TU
108.75,-2251.75,0,TU
2670.75,-2251.25,0,TU
778.25,-2250.75,0,TU
2692.25,-2250.25,0,TU
4195.75,-2249.75,0,TU
2407.75,-2249.25,0,TU
2389.25,-2248.25,0,TU
3318.75,-2247.75,0,TU
413.25,-2246.75,0,TU
1830.25,-2246.75,0,TU
2141.25,-2245.75,0,TU
521.25,-2245.25,0,TU
497.75,-2243.25,0,TU
4159.25,-2242.75,0,TU
2588.25,-2242.75,0,TU
991.25,-2242.25,0,TU
1258.75,-2241.75,0,TU
1414.25,-2239.75,0,TU
1324.25,-2239.25,0,TU
1945.75,-2239.25,0,TU
3410.25,-2238.25,0,TU
3271.25,-2237.75,0,TU
1362.25,-2237.75,0,TU
2353.25,-2236.75,0,TU
790.75,-2235.25,0,TU
2116.75,-2234.25,0,TU
1229.25,-2234.25,0,TU
1533.25,-2232.75,0,TU
743.25,-2231.75,0,TU
2162.25,-2231.25,0,TU
920.75,-2231.25,0,TU
1104.25,-2230.75,0,TU
685.75,-2230.25,0,TU
4114.25,-2230.25,0,TU
1501.25,-2229.75,0,TU
1652.25,-2228.75,0,TU
3290.25,-2228.75,0,TU
2460.25,-2228.75,0,TU
2087.75,-2227.75,0,TU
947.25,-2227.25,0,TU
2700.75,-2226.75,0,TU
858.75,-2226.75,0,TU
3742.25,-2226.25,0,TU
1303.75,-2226.25,0,TU
715.75,-2225.75,0,TU
3834.25,-2225.75,0,TU
352.75,-2225.75,0,TU
3389.25,-2225.75,0,TU
2400.75,-2225.75,0,TU
3240.75,-2225.25,0,TU
2191.25,-2224.25,0,TU
883.75,-2224.25,0,TU
1571.75,-2223.25,0,TU
1442.25,-2222.75,0,TU
909.75,-2222.25,0,TU
4187.25,-2222.25,0,TU
1253.25,-2221.75,0,TU
2681.25,-2221.75,0,TU
4210.75,-2221.75,0,TU
965.25,-2221.75,0,TU
3368.75,-2221.25,0,TU
2371.75,-2220.75,0,TU
2330.25,-2219.25,0,TU
1136.25,-2218.25,0,TU
1627.25,-2217.25,0,TU
3282.25,-2217.25,0,TU
1811.25,-2216.25,0,TU
4015.75,-2214.75,0,TU
2052.25,-2214.75,0,TU
1420.75,-2213.75,0,TU
1660.75,-2213.25,0,TU
2769.75,-2212.75,0,TU
2714.25,-2212.25,0,TU
1540.25,-2211.25,0,TU
3271.75,-2211.25,0,TU
1594.75,-2211.25,0,TU
1497.75,-2211.25,0,TU
1278.75,-2210.75,0,TU
1736.25,-2210.25,0,TU
2468.25,-2209.25,0,TU
2124.25,-2208.75,0,TU
2102.25,-2208.75,0,TU
1786.25,-2208.25,0,TU
1463.75,-2207.75,0,TU
1387.75,-2207.25,0,TU
1684.25,-2206.75,0,TU
2147.75,-2206.75,0,TU
1942.25,-2206.25,0,TU
931.25,-2205.75,0,TU
2076.25,-2205.75,0,TU
2001.75,-2204.75,0,TU
1880.75,-2204.75,0,TU
1966.25,-2204.25,0,TU
2041.75,-2204.25,0,TU
1217.75,-2203.75,0,TU
758.75,-2202.25,0,TU
1146.25,-2200.75,0,TU
4207.25,-2200.25,0,TU
2749.25,-2198.75,0,TU
3153.75,-2198.75,0,TU
1765.75,-2198.25,0,TU
4159.25,-2196.75,0,TU
1248.75,-2196.75,0,TU
1516.75,-2196.75,0,TU
1488.75,-2196.25,0,TU
2126.75,-2195.75,0,TU
1552.75,-2195.75,0,TU
870.75,-2195.25,0,TU
1016.75,-2195.25,0,TU
2426.75,-2195.25,0,TU
690.75,-2194.75,0,TU
767.25,-2194.25,0,TU
2102.75,-2194.25,0,TU
644.75,-2193.75,0,TU
2343.75,-2193.25,0,TU
2405.75,-2193.25,0,TU
3615.75,-2191.75,0,TU
3838.75,-2191.75,0,TU
3247.75,-2191.25,0,TU
796.25,-2191.25,0,TU
914.25,-2190.75,0,TU
2685.75,-2189.75,0,TU
1975.75,-2188.25,0,TU
1094.25,-2187.75,0,TU
1341.25,-2187.75,0,TU
2711.25,-2187.75,0,TU
1390.75,-2187.75,0,TU
1057.75,-2186.25,0,TU
4209.75,-2185.75,0,TU
835.75,-2185.75,0,TU
1534.25,-2185.25,0,TU
4247.25,-2184.75,0,TU
2376.25,-2184.25,0,TU
1577.75,-2183.75,0,TU
3110.25,-2182.25,0,TU
2276.25,-2181.75,0,TU
1032.25,-2181.75,0,TU
1595.75,-2180.75,0,TU
2153.75,-2178.75,0,TU
2036.25,-2178.75,0,TU
4338.25,-2177.25,0,TU
-2.75,-2176.75,0,TU
2666.75,-2175.75,0,TU
1235.75,-2174.75,0,TU
3765.75,-2173.25,0,TU
967.25,-2172.25,0,TU
3551.25,-2171.75,0,TU
2425.75,-2171.75,0,TU
2636.75,-2170.75,0,TU
2517.25,-2170.75,0,TU
2001.25,-2170.75,0,TU
1000.25,-2169.75,0,TU
940.75,-2168.75,0,TU
782.75,-2168.25,0,TU
3189.25,-2167.75,0,TU
2116.75,-2167.25,0,TU
1623.75,-2166.75,0,TU
1280.75,-2166.75,0,TU
2325.25,-2166.75,0,TU
1362.75,-2166.75,0,TU
1306.75,-2166.25,0,TU
1526.25,-2165.75,0,TU
2289.75,-2165.25,0,TU
-33.75,-2165.25,0,TU
915.25,-2165.25,0,TU
3224.75,-2164.25,0,TU
639.25,-2163.75,0,TU
2497.75,-2163.25,0,TU
4115.75,-2161.25,0,TU
735.25,-2161.25,0,TU
4071.25,-2160.75,0,TU
2613.25,-2159.75,0,TU
4309.25,-2159.75,0,TU
2451.25,-2159.25,0,TU
2759.75,-2159.25,0,TU
1648.75,-2158.75,0,TU
3086.75,-2158.25,0,TU
2267.75,-2157.75,0,TU
2096.25,-2156.25,0,TU
3157.75,-2156.25,0,TU
3361.75,-2155.75,0,TU
2389.25,-2155.75,0,TU
2364.75,-2155.25,0,TU
1504.75,-2154.25,0,TU
1904.25,-2154.25,0,TU
1859.25,-2153.25,0,TU
3136.75,-2152.25,0,TU
1056.25,-2151.75,0,TU
3106.25,-2151.75,0,TU
1793.75,-2150.75,0,TU
1317.25,-2150.75,0,TU
351.75,-2150.25,0,TU
4136.75,-2150.25,0,TU
2298.75,-2150.25,0,TU
2579.25,-2150.25,0,TU
2432.75,-2149.75,0,TU
1885.25,-2149.75,0,TU
3203.75,-2149.75,0,TU
684.75,-2148.75,0,TU
715.75,-2148.75,0,TU
664.25,-2148.25,0,TU
2670.75,-2147.75,0,TU
2521.75,-2147.75,0,TU
1919.25,-2146.75,0,TU
4248.25,-2145.25,0,TU
2311.75,-2144.75,0,TU
2054.25,-2143.75,0,TU
1234.25,-2143.75,0,TU
2019.75,-2142.75,0,TU
1767.25,-2142.25,0,TU
2629.75,-2141.75,0,TU
2284.75,-2141.75,0,TU
1536.25,-2141.25,0,TU
279.25,-2139.75,0,TU
1557.25,-2139.75,0,TU
1725.25,-2139.25,0,TU
1383.75,-2139.25,0,TU
738.25,-2139.25,0,TU
2467.25,-2139.25,0,TU
772.75,-2138.75,0,TU
4069.25,-2138.75,0,TU
2607.25,-2138.25,0,TU
1216.25,-2137.75,0,TU
1097.25,-2137.25,0,TU
648.75,-2136.25,0,TU
2019.25,-2135.75,0,TU
1357.25,-2135.75,0,TU
2328.25,-2135.75,0,TU
2527.75,-2134.75,0,TU
1021.75,-2134.75,0,TU
-52.25,-2134.75,0,TU
2384.75,-2134.25,0,TU
2358.25,-2133.75,0,TU
3522.25,-2133.25,0,TU
1946.25,-2131.25,0,TU
2594.75,-2131.25,0,TU
3112.25,-2130.25,0,TU
3340.25,-2129.75,0,TU
2405.25,-2129.75,0,TU
1376.75,-2129.25,0,TU
1624.25,-2128.75,0,TU
1509.75,-2128.25,0,TU
2075.75,-2128.25,0,TU
1290.75,-2128.25,0,TU
709.25,-2127.75,0,TU
596.25,-2127.75,0,TU
3286.25,-2127.25,0,TU
2001.25,-2126.75,0,TU
750.25,-2126.75,0,TU
1975.25,-2126.25,0,TU
4212.25,-2126.25,0,TU
1901.25,-2126.25,0,TU
2424.75,-2126.25,0,TU
2311.75,-2125.75,0,TU
3718.75,-2125.25,0,TU
4252.25,-2124.75,0,TU
1324.75,-2123.25,0,TU
1865.25,-2123.25,0,TU
1344.75,-2123.25,0,TU
1553.75,-2123.25,0,TU
4064.25,-2123.25,0,TU
1597.25,-2122.25,0,TU
3254.25,-2122.25,0,TU
3838.25,-2120.75,0,TU
3052.25,-2120.25,0,TU
4113.25,-2120.25,0,TU
2443.75,-2120.25,0,TU
639.75,-2119.25,0,TU
2578.75,-2119.25,0,TU
2557.75,-2119.25,0,TU
259.25,-2118.75,0,TU
4301.25,-2118.75,0,TU
-41.25,-2118.25,0,TU
1430.75,-2118.25,0,TU
3505.75,-2117.75,0,TU
2712.25,-2117.75,0,TU
1766.25,-2116.75,0,TU
2466.25,-2116.25,0,TU
3394.25,-2115.75,0,TU
2669.25,-2115.25,0,TU
3080.75,-2114.75,0,TU
2342.25,-2114.75,0,TU
1799.25,-2114.25,0,TU
3577.75,-2114.25,0,TU
2528.25,-2113.25,0,TU
3877.25,-2112.25,0,TU
275.75,-2112.25,0,TU
2766.75,-2111.75,0,TU
1833.25,-2111.75,0,TU
3138.75,-2111.75,0,TU
1970.25,-2111.25,0,TU
971.25,-2111.25,0,TU
1288.25,-2111.25,0,TU
1213.75,-2110.75,0,TU
3764.25,-2110.25,0,TU
1470.25,-2109.75,0,TU
3948.75,-2109.75,0,TU
1164.25,-2109.25,0,TU
1557.25,-2108.75,0,TU
2026.25,-2108.75,0,TU
2414.25,-2108.75,0,TU
1990.25,-2108.75,0,TU
3169.75,-2108.25,0,TU
1387.25,-2108.25,0,TU
2117.75,-2108.25,0,TU
310.25,-2107.75,0,TU
620.25,-2107.25,0,TU
1442.75,-2106.75,0,TU
1337.25,-2106.75,0,TU
3112.25,-2106.25,0,TU
3535.25,-2105.75,0,TU
836.75,-2105.25,0,TU
2076.25,-2104.75,0,TU
1515.75,-2104.25,0,TU
4249.25,-2104.25,0,TU
1362.75,-2104.25,0,TU
3027.25,-2103.25,0,TU
660.25,-2103.25,0,TU
1226.75,-2103.25,0,TU
2387.75,-2102.75,0,TU
2207.25,-2102.25,0,TU
3094.75,-2101.75,0,TU
1944.25,-2101.25,0,TU
3660.75,-2100.25,0,TU
3043.25,-2099.75,0,TU
4284.75,-2099.25,0,TU
2005.25,-2098.75,0,TU
3406.75,-2098.75,0,TU
1029.75,-2098.25,0,TU
592.75,-2096.75,0,TU
2123.75,-2095.75,0,TU
1068.25,-2095.25,0,TU
958.25,-2095.25,0,TU
1145.25,-2094.75,0,TU
3742.75,-2092.75,0,TU
689.25,-2091.25,0,TU
4256.75,-2091.25,0,TU
1596.75,-2090.75,0,TU
1990.75,-2090.75,0,TU
1532.75,-2089.75,0,TU
3836.25,-2089.75,0,TU
3199.25,-2088.25,0,TU
1966.75,-2087.75,0,TU
3091.75,-2087.25,0,TU
1557.75,-2087.25,0,TU
3064.75,-2087.25,0,TU
4241.25,-2086.25,0,TU
647.25,-2086.25,0,TU
623.75,-2086.25,0,TU
1248.25,-2085.75,0,TU
1789.75,-2085.75,0,TU
3547.25,-2085.25,0,TU
1285.25,-2084.75,0,TU
2539.75,-2084.25,0,TU
1902.25,-2083.75,0,TU
667.25,-2083.75,0,TU
1767.75,-2083.25,0,TU
2518.75,-2082.75,0,TU
3507.75,-2082.75,0,TU
3045.25,-2082.75,0,TU
3176.75,-2082.75,0,TU
2182.25,-2082.25,0,TU
1417.25,-2081.75,0,TU
3018.25,-2081.25,0,TU
706.25,-2080.25,0,TU
3248.25,-2080.25,0,TU
1455.75,-2078.75,0,TU
2220.25,-2078.75,0,TU
1870.75,-2078.25,0,TU
4190.75,-2077.25,0,TU
583.25,-2076.75,0,TU
1386.75,-2076.75,0,TU
1336.75,-2075.75,0,TU
2027.75,-2075.75,0,TU
2243.75,-2074.75,0,TU
2553.75,-2074.75,0,TU
956.75,-2074.75,0,TU
2404.25,-2074.75,0,TU
2449.75,-2074.25,0,TU
3151.75,-2074.25,0,TU
-135.25,-2074.25,0,TU
1173.25,-2073.75,0,TU
3465.75,-2073.75,0,TU
1834.25,-2072.75,0,TU
3052.25,-2071.75,0,TU
933.25,-2070.75,0,TU
2066.25,-2070.25,0,TU
1880.75,-2069.75,0,TU
1650.25,-2069.75,0,TU
3829.25,-2068.25,0,TU
1470.25,-2067.75,0,TU
2083.75,-2067.25,0,TU
1125.75,-2065.25,0,TU
1903.75,-2064.75,0,TU
787.75,-2064.75,0,TU
1431.25,-2064.75,0,TU
3137.75,-2064.25,0,TU
3122.25,-2064.25,0,TU
1404.25,-2064.25,0,TU
1365.25,-2063.75,0,TU
1923.25,-2062.25,0,TU
663.25,-2062.25,0,TU
2383.75,-2061.25,0,TU
2001.25,-2060.25,0,TU
1146.25,-2060.25,0,TU
3779.25,-2059.75,0,TU
2529.75,-2059.75,0,TU
2500.75,-2059.75,0,TU
2121.75,-2059.25,0,TU
2450.75,-2059.25,0,TU
3854.25,-2058.75,0,TU
568.25,-2058.25,0,TU
3665.25,-2058.25,0,TU
679.75,-2056.75,0,TU
610.75,-2056.75,0,TU
4261.75,-2054.75,0,TU
2132.75,-2054.75,0,TU
696.25,-2054.75,0,TU
534.75,-2054.25,0,TU
640.25,-2054.25,0,TU
1223.75,-2053.75,0,TU
-51.75,-2053.75,0,TU
2320.25,-2052.25,0,TU
1981.25,-2051.75,0,TU
3185.75,-2051.75,0,TU
3536.75,-2051.25,0,TU
965.75,-2050.75,0,TU
3040.75,-2050.25,0,TU
-167.25,-2049.25,0,TU
2612.25,-2049.25,0,TU
3090.75,-2048.75,0,TU
591.75,-2048.25,0,TU
2169.75,-2048.25,0,TU
3898.75,-2048.25,0,TU
2202.75,-2048.25,0,TU
709.75,-2047.25,0,TU
3637.25,-2047.25,0,TU
2588.75,-2046.75,0,TU
3024.25,-2046.75,0,TU
1478.75,-2046.25,0,TU
2021.75,-2046.25,0,TU
3455.75,-2045.75,0,TU
1166.75,-2044.75,0,TU
1056.75,-2044.25,0,TU
1892.75,-2044.25,0,TU
791.25,-2043.75,0,TU
2548.75,-2043.25,0,TU
1448.25,-2043.25,0,TU
1243.25,-2042.75,0,TU
3881.25,-2042.75,0,TU
2499.25,-2041.75,0,TU
656.75,-2041.25,0,TU
1344.25,-2041.25,0,TU
3990.25,-2040.75,0,TU
679.25,-2040.25,0,TU
3166.25,-2039.25,0,TU
828.25,-2038.25,0,TU
3115.25,-2038.25,0,TU
932.75,-2036.25,0,TU
2451.25,-2035.75,0,TU
2523.25,-2034.75,0,TU
3095.75,-2034.75,0,TU
1179.25,-2034.75,0,TU
1951.75,-2034.25,0,TU
1150.25,-2033.25,0,TU
2462.75,-2033.25,0,TU
2996.75,-2033.25,0,TU
3082.75,-2033.25,0,TU
3596.25,-2032.75,0,TU
3748.75,-2032.75,0,TU
903.25,-2032.75,0,TU
4220.25,-2032.25,0,TU
2240.75,-2031.75,0,TU
2668.25,-2031.25,0,TU
549.75,-2030.25,0,TU
1129.75,-2029.75,0,TU
2040.75,-2029.25,0,TU
2623.25,-2029.25,0,TU
2290.75,-2029.25,0,TU
1885.75,-2028.75,0,TU
1480.25,-2028.75,0,TU
2006.75,-2027.25,0,TU
3843.75,-2027.25,0,TU
756.75,-2027.25,0,TU
1979.75,-2027.25,0,TU
717.75,-2024.75,0,TU
1269.25,-2024.75,0,TU
3191.75,-2023.25,0,TU
-108.25,-2022.75,0,TU
1640.25,-2022.25,0,TU
691.25,-2021.25,0,TU
3488.75,-2021.25,0,TU
672.25,-2020.75,0,TU
3633.75,-2020.75,0,TU
1230.75,-2020.75,0,TU
3164.25,-2020.75,0,TU
2551.25,-2020.25,0,TU
584.75,-2019.75,0,TU
2510.75,-2019.25,0,TU
953.25,-2019.25,0,TU
526.25,-2018.75,0,TU
1465.75,-2018.25,0,TU
845.25,-2018.25,0,TU
2429.75,-2017.25,0,TU
3235.25,-2017.25,0,TU
1105.75,-2016.75,0,TU
482.75,-2016.75,0,TU
-145.25,-2016.25,0,TU
993.75,-2015.25,0,TU
4034.25,-2015.25,0,TU
2582.75,-2014.25,0,TU
649.75,-2013.75,0,TU
1048.25,-2013.75,0,TU
2008.25,-2013.25,0,TU
794.25,-2013.25,0,TU
3761.75,-2013.25,0,TU
1971.75,-2013.25,0,TU
3995.25,-2012.75,0,TU
1947.25,-2012.75,0,TU
1252.25,-2012.75,0,TU
818.25,-2011.75,0,TU
3125.75,-2011.25,0,TU
3873.75,-2011.25,0,TU
2634.75,-2010.75,0,TU
2532.75,-2009.75,0,TU
3601.25,-2008.75,0,TU
1290.25,-2008.75,0,TU
588.25,-2008.25,0,TU
2158.25,-2008.25,0,TU
4089.75,-2008.25,0,TU
2416.25,-2007.75,0,TU
606.75,-2007.25,0,TU
2321.25,-2005.75,0,TU
2559.25,-2005.25,0,TU
3892.25,-2005.25,0,TU
2657.75,-2005.25,0,TU
2250.75,-2004.75,0,TU
765.25,-2003.75,0,TU
742.75,-2003.75,0,TU
693.75,-2002.75,0,TU
1496.25,-2002.25,0,TU
3643.25,-2001.75,0,TU
2290.25,-2001.75,0,TU
1225.25,-2001.25,0,TU
1959.75,-2000.25,0,TU
3844.75,-1999.75,0,TU
783.75,-1999.25,0,TU
3937.25,-1999.25,0,TU
717.75,-1998.75,0,TU
1875.75,-1998.75,0,TU
672.75,-1998.25,0,TU
1029.75,-1998.25,0,TU
626.75,-1997.75,0,TU
2359.75,-1997.75,0,TU
3135.25,-1997.25,0,TU
2422.75,-1994.75,0,TU
1445.75,-1994.25,0,TU
1061.75,-1994.25,0,TU
3757.75,-1994.25,0,TU
1006.75,-1994.25,0,TU
2442.75,-1994.25,0,TU
1192.25,-1992.75,0,TU
-195.25,-1992.25,0,TU
1770.75,-1990.75,0,TU
3610.25,-1990.75,0,TU
2062.25,-1990.75,0,TU
1255.75,-1990.75,0,TU
1470.75,-1990.75,0,TU
1933.25,-1990.25,0,TU
1282.25,-1989.75,0,TU
1396.75,-1989.75,0,TU
-130.25,-1989.25,0,TU
2300.75,-1988.75,0,TU
2402.25,-1988.75,0,TU
1157.75,-1988.75,0,TU
759.75,-1988.75,0,TU
3560.75,-1988.25,0,TU
2540.25,-1987.75,0,TU
3535.75,-1986.25,0,TU
2096.25,-1985.75,0,TU
3001.25,-1984.25,0,TU
653.75,-1984.25,0,TU
3710.25,-1983.75,0,TU
397.75,-1983.25,0,TU
822.25,-1982.75,0,TU
798.25,-1981.75,0,TU
2159.25,-1981.75,0,TU
842.25,-1980.25,0,TU
3637.75,-1980.25,0,TU
695.25,-1979.75,0,TU
2138.25,-1979.25,0,TU
2980.75,-1979.25,0,TU
-37.25,-1978.75,0,TU
1945.25,-1977.75,0,TU
-150.75,-1977.75,0,TU
2619.75,-1977.25,0,TU
2692.25,-1977.25,0,TU
2373.75,-1977.25,0,TU
2479.75,-1977.25,0,TU
786.25,-1975.75,0,TU
3204.25,-1975.75,0,TU
3958.25,-1975.25,0,TU
910.25,-1974.75,0,TU
3400.75,-1974.75,0,TU
2116.75,-1973.75,0,TU
2421.75,-1973.75,0,TU
3149.25,-1973.25,0,TU
1205.25,-1973.25,0,TU
723.25,-1970.75,0,TU
3892.25,-1969.75,0,TU
2663.75,-1969.75,0,TU
2178.25,-1969.75,0,TU
1782.75,-1969.75,0,TU
1087.75,-1969.25,0,TU
2461.75,-1969.25,0,TU
3838.75,-1969.25,0,TU
3747.75,-1968.75,0,TU
3864.25,-1968.75,0,TU
2520.25,-1968.75,0,TU
2216.25,-1968.25,0,TU
-207.25,-1967.75,0,TU
2070.75,-1967.25,0,TU
766.75,-1966.75,0,TU
2092.25,-1966.75,0,TU
3480.25,-1966.25,0,TU
2302.75,-1965.75,0,TU
1075.75,-1965.25,0,TU
1158.25,-1965.25,0,TU
1112.75,-1964.75,0,TU
2435.75,-1963.75,0,TU
1895.25,-1962.25,0,TU
2408.75,-1961.75,0,TU
2489.25,-1961.75,0,TU
3777.75,-1961.25,0,TU
1755.25,-1961.25,0,TU
368.25,-1960.25,0,TU
2568.75,-1960.25,0,TU
590.25,-1960.25,0,TU
2344.25,-1959.75,0,TU
1258.75,-1959.25,0,TU
1915.75,-1958.75,0,TU
1816.75,-1958.75,0,TU
2968.75,-1957.75,0,TU
2503.25,-1957.25,0,TU
336.75,-1957.25,0,TU
1217.75,-1957.25,0,TU
3660.25,-1956.25,0,TU
2456.25,-1956.25,0,TU
1515.25,-1955.25,0,TU
2153.25,-1954.75,0,TU
1296.75,-1954.25,0,TU
-188.75,-1953.75,0,TU
2134.25,-1953.75,0,TU
1967.25,-1953.75,0,TU
1736.25,-1952.75,0,TU
2377.75,-1952.25,0,TU
803.25,-1951.75,0,TU
3290.75,-1951.75,0,TU
2550.25,-1951.25,0,TU
2091.75,-1951.25,0,TU
1696.25,-1950.75,0,TU
1235.25,-1950.25,0,TU
3122.25,-1950.25,0,TU
839.75,-1949.75,0,TU
3539.25,-1949.25,0,TU
2990.75,-1948.25,0,TU
735.75,-1947.75,0,TU
2033.75,-1947.75,0,TU
2068.75,-1947.75,0,TU
2527.25,-1947.25,0,TU
2068.25,-1947.25,0,TU
401.25,-1946.25,0,TU
3747.75,-1946.25,0,TU
2116.25,-1945.75,0,TU
1931.25,-1945.25,0,TU
3809.75,-1944.75,0,TU
2625.75,-1942.25,0,TU
3183.25,-1941.75,0,TU
3566.75,-1941.25,0,TU
1171.75,-1941.25,0,TU
561.25,-1940.25,0,TU
-153.75,-1940.25,0,TU
1784.75,-1939.75,0,TU
1215.25,-1937.75,0,TU
2138.75,-1937.25,0,TU
1197.75,-1937.25,0,TU
792.75,-1935.75,0,TU
2968.25,-1934.75,0,TU
775.25,-1934.25,0,TU
754.25,-1934.25,0,TU
356.25,-1933.25,0,TU
3776.25,-1932.75,0,TU
1252.75,-1931.75,0,TU
2050.75,-1931.25,0,TU
2721.25,-1930.25,0,TU
1749.75,-1929.25,0,TU
1878.75,-1928.25,0,TU
2026.25,-1927.75,0,TU
1771.25,-1927.75,0,TU
1129.75,-1925.75,0,TU
1702.75,-1925.75,0,TU
589.75,-1924.25,0,TU
528.75,-1923.75,0,TU
2754.25,-1921.75,0,TU
2146.75,-1921.25,0,TU
2361.75,-1920.75,0,TU
3230.25,-1919.25,0,TU
1986.75,-1919.25,0,TU
2089.75,-1919.25,0,TU
2065.75,-1918.75,0,TU
852.75,-1917.75,0,TU
3623.75,-1917.75,0,TU
713.25,-1917.25,0,TU
2774.75,-1916.75,0,TU
396.25,-1915.75,0,TU
2732.75,-1914.75,0,TU
1919.25,-1914.25,0,TU
3750.75,-1914.25,0,TU
2165.25,-1914.25,0,TU
3548.25,-1912.75,0,TU
555.75,-1912.25,0,TU
889.25,-1911.75,0,TU
1216.75,-1910.75,0,TU
2383.75,-1910.75,0,TU
1862.75,-1910.75,0,TU
2799.75,-1910.25,0,TU
1854.25,-1909.75,0,TU
1272.75,-1909.25,0,TU
2410.75,-1908.75,0,TU
2920.75,-1907.25,0,TU
2027.75,-1906.75,0,TU
3730.75,-1906.25,0,TU
3135.25,-1906.25,0,TU
359.75,-1905.75,0,TU
1770.25,-1905.75,0,TU
1830.25,-1905.25,0,TU
3208.25,-1904.25,0,TU
1462.25,-1903.75,0,TU
2185.25,-1901.75,0,TU
2130.75,-1900.75,0,TU
851.75,-1897.75,0,TU
1696.75,-1897.75,0,TU
2473.25,-1896.75,0,TU
1938.25,-1895.25,0,TU
591.75,-1895.25,0,TU
559.25,-1893.25,0,TU
3246.75,-1893.25,0,TU
2119.75,-1892.75,0,TU
1203.75,-1892.75,0,TU
2617.75,-1892.25,0,TU
3409.25,-1891.25,0,TU
3189.25,-1890.25,0,TU
3059.25,-1890.25,0,TU
1956.75,-1890.25,0,TU
318.25,-1888.75,0,TU
1880.25,-1887.75,0,TU
1106.25,-1887.25,0,TU
1391.75,-1887.25,0,TU
2441.25,-1887.25,0,TU
3485.75,-1886.75,0,TU
707.25,-1886.25,0,TU
734.75,-1884.25,0,TU
2503.75,-1883.75,0,TU
1904.25,-1883.25,0,TU
603.25,-1881.25,0,TU
680.25,-1880.75,0,TU
2589.75,-1880.75,0,TU
2551.25,-1880.75,0,TU
1202.75,-1879.75,0,TU
2168.75,-1879.75,0,TU
2408.75,-1879.75,0,TU
2485.75,-1879.25,0,TU
2773.25,-1879.25,0,TU
2024.25,-1878.75,0,TU
1988.75,-1878.75,0,TU
3724.25,-1878.25,0,TU
3327.75,-1878.25,0,TU
3655.75,-1877.25,0,TU
250.25,-1877.25,0,TU
816.25,-1876.75,0,TU
2458.75,-1875.75,0,TU
295.25,-1875.75,0,TU
1931.25,-1874.75,0,TU
2535.25,-1873.25,0,TU
1834.25,-1871.75,0,TU
2105.25,-1871.75,0,TU
1031.25,-1871.25,0,TU
1919.25,-1870.75,0,TU
1763.75,-1870.25,0,TU
960.25,-1870.25,0,TU
1865.75,-1869.75,0,TU
632.75,-1869.25,0,TU
870.25,-1868.25,0,TU
845.25,-1867.75,0,TU
3347.25,-1867.75,0,TU
992.75,-1866.75,0,TU
1895.75,-1866.75,0,TU
1965.25,-1866.25,0,TU
1224.25,-1863.75,0,TU
1164.75,-1862.75,0,TU
1787.75,-1862.75,0,TU
3696.25,-1861.75,0,TU
2124.25,-1861.25,0,TU
3236.25,-1860.75,0,TU
477.75,-1860.25,0,TU
2381.75,-1857.75,0,TU
1239.75,-1857.75,0,TU
1103.25,-1857.75,0,TU
2496.25,-1857.25,0,TU
1201.75,-1856.75,0,TU
3775.25,-1855.75,0,TU
2205.25,-1855.75,0,TU
3732.25,-1855.75,0,TU
1402.25,-1855.25,0,TU
1694.75,-1855.25,0,TU
2331.25,-1854.75,0,TU
232.75,-1851.75,0,TU
3088.75,-1850.25,0,TU
2151.75,-1849.25,0,TU
3636.25,-1848.25,0,TU
1811.75,-1847.25,0,TU
492.25,-1845.25,0,TU
269.75,-1844.75,0,TU
1576.25,-1844.75,0,TU
1864.25,-1844.25,0,TU
2366.75,-1843.75,0,TU
3310.75,-1843.75,0,TU
1117.25,-1843.25,0,TU
1915.25,-1843.25,0,TU
1387.75,-1841.75,0,TU
3205.25,-1840.75,0,TU
613.75,-1840.25,0,TU
3176.25,-1839.75,0,TU
1829.75,-1839.25,0,TU
2193.75,-1835.75,0,TU
2104.75,-1834.75,0,TU
1407.75,-1834.25,0,TU
2109.75,-1834.25,0,TU
3492.25,-1833.75,0,TU
3095.25,-1833.25,0,TU
3330.75,-1831.75,0,TU
455.25,-1831.25,0,TU
2609.75,-1831.25,0,TU
1126.25,-1830.75,0,TU
1777.25,-1830.25,0,TU
2222.75,-1830.25,0,TU
1375.25,-1829.75,0,TU
1176.25,-1829.25,0,TU
1516.75,-1828.75,0,TU
1805.25,-1828.75,0,TU
2531.75,-1827.25,0,TU
942.75,-1827.25,0,TU
3116.75,-1826.75,0,TU
2391.75,-1825.75,0,TU
2238.25,-1825.75,0,TU
1888.75,-1824.75,0,TU
1640.75,-1824.25,0,TU
604.25,-1824.25,0,TU
1608.75,-1823.25,0,TU
2212.75,-1822.75,0,TU
2512.75,-1822.25,0,TU
2334.25,-1821.25,0,TU
1766.75,-1820.75,0,TU
1273.25,-1820.75,0,TU
3677.75,-1820.75,0,TU
2367.75,-1818.25,0,TU
2425.25,-1817.75,0,TU
2729.75,-1815.75,0,TU
1405.75,-1815.25,0,TU
500.25,-1815.25,0,TU
2555.25,-1814.75,0,TU
2191.25,-1812.75,0,TU
2167.75,-1812.25,0,TU
2622.25,-1811.75,0,TU
2765.75,-1811.75,0,TU
930.25,-1811.75,0,TU
1855.75,-1810.25,0,TU
2038.25,-1809.25,0,TU
1138.75,-1807.75,0,TU
1385.25,-1807.75,0,TU
3457.75,-1807.25,0,TU
1597.25,-1807.25,0,TU
525.75,-1806.75,0,TU
2595.75,-1806.25,0,TU
1835.25,-1805.75,0,TU
3485.75,-1805.25,0,TU
3381.75,-1804.75,0,TU
1067.75,-1804.25,0,TU
1685.25,-1803.25,0,TU
2123.75,-1802.75,0,TU
2460.25,-1801.75,0,TU
2642.75,-1801.25,0,TU
2531.25,-1800.25,0,TU
326.25,-1800.25,0,TU
2488.25,-1798.75,0,TU
1569.75,-1798.75,0,TU
2150.25,-1798.25,0,TU
804.75,-1797.25,0,TU
596.25,-1797.25,0,TU
1126.75,-1796.75,0,TU
1740.75,-1796.25,0,TU
1887.25,-1795.75,0,TU
2379.75,-1795.25,0,TU
3347.75,-1795.25,0,TU
1636.75,-1794.75,0,TU
718.25,-1794.75,0,TU
2220.75,-1794.25,0,TU
2406.75,-1793.25,0,TU
650.75,-1792.75,0,TU
1902.25,-1792.25,0,TU
2009.25,-1792.25,0,TU
846.75,-1791.75,0,TU
1951.25,-1791.75,0,TU
754.25,-1790.75,0,TU
-110.25,-1790.25,0,TU
1774.75,-1787.75,0,TU
1421.25,-1787.25,0,TU
2044.75,-1787.25,0,TU
571.25,-1786.25,0,TU
2661.75,-1783.75,0,TU
626.75,-1783.25,0,TU
2114.25,-1782.75,0,TU
1535.75,-1781.25,0,TU
805.75,-1780.75,0,TU
312.25,-1780.25,0,TU
1621.75,-1779.25,0,TU
2864.25,-1778.25,0,TU
1689.25,-1778.25,0,TU
2422.25,-1777.25,0,TU
1562.75,-1776.75,0,TU
1922.75,-1776.75,0,TU
1398.25,-1776.75,0,TU
1662.75,-1776.25,0,TU
1788.75,-1776.25,0,TU
974.25,-1776.25,0,TU
2107.75,-1775.25,0,TU
1970.25,-1774.75,0,TU
1489.25,-1773.75,0,TU
2071.75,-1772.75,0,TU
1586.25,-1772.75,0,TU
3259.25,-1772.25,0,TU
592.25,-1771.75,0,TU
1643.25,-1771.75,0,TU
2043.75,-1771.25,0,TU
3189.75,-1770.75,0,TU
924.25,-1770.25,0,TU
2156.75,-1770.25,0,TU
755.25,-1770.25,0,TU
1058.25,-1769.75,0,TU
899.75,-1768.75,0,TU
885.25,-1768.75,0,TU
1739.25,-1768.25,0,TU
2012.25,-1768.25,0,TU
3159.75,-1766.75,0,TU
1322.75,-1766.75,0,TU
1163.75,-1765.25,0,TU
2881.75,-1764.25,0,TU
1617.75,-1763.75,0,TU
798.75,-1763.25,0,TU
3343.75,-1762.25,0,TU
1595.75,-1761.75,0,TU
737.25,-1761.75,0,TU
855.75,-1761.25,0,TU
2423.25,-1759.25,0,TU
1640.75,-1758.75,0,TU
1188.75,-1756.25,0,TU
1109.25,-1755.75,0,TU
1409.25,-1755.75,0,TU
455.25,-1753.75,0,TU
1784.25,-1753.25,0,TU
1621.25,-1753.25,0,TU
424.75,-1751.75,0,TU
3158.25,-1751.75,0,TU
1732.75,-1751.25,0,TU
1294.25,-1751.25,0,TU
2444.75,-1751.25,0,TU
2008.75,-1750.75,0,TU
2025.75,-1748.75,0,TU
2717.75,-1747.75,0,TU
3624.25,-1746.75,0,TU
2749.75,-1746.75,0,TU
3666.25,-1746.25,0,TU
3578.25,-1745.75,0,TU
918.25,-1745.75,0,TU
583.75,-1745.75,0,TU
1484.25,-1745.75,0,TU
1637.75,-1743.75,0,TU
3344.75,-1743.75,0,TU
3374.25,-1743.75,0,TU
1425.75,-1743.75,0,TU
2573.25,-1743.25,0,TU
819.75,-1743.25,0,TU
2695.25,-1742.75,0,TU
2534.75,-1742.75,0,TU
1565.75,-1742.25,0,TU
1442.25,-1741.25,0,TU
616.75,-1740.25,0,TU
1980.75,-1739.75,0,TU
881.25,-1739.25,0,TU
3558.75,-1738.25,0,TU
714.25,-1736.75,0,TU
2808.75,-1736.25,0,TU
389.25,-1735.75,0,TU
3647.25,-1735.25,0,TU
3498.75,-1734.75,0,TU
1367.75,-1733.75,0,TU
1444.25,-1732.75,0,TU
444.75,-1732.25,0,TU
2851.75,-1731.75,0,TU
755.25,-1731.25,0,TU
417.75,-1731.25,0,TU
2395.75,-1730.25,0,TU
2003.75,-1730.25,0,TU
531.75,-1730.25,0,TU
1068.25,-1729.75,0,TU
2605.75,-1728.25,0,TU
-162.25,-1727.75,0,TU
3352.75,-1724.75,0,TU
3370.75,-1721.75,0,TU
2513.25,-1721.25,0,TU
2022.25,-1720.75,0,TU
445.25,-1719.75,0,TU
2534.75,-1719.75,0,TU
1987.25,-1718.75,0,TU
3613.75,-1718.25,0,TU
597.25,-1717.75,0,TU
754.75,-1717.25,0,TU
886.75,-1717.25,0,TU
555.75,-1716.75,0,TU
2679.25,-1716.75,0,TU
627.75,-1716.25,0,TU
2568.25,-1715.75,0,TU
1578.25,-1715.25,0,TU
3303.75,-1715.25,0,TU
735.25,-1714.75,0,TU
1437.75,-1714.75,0,TU
465.25,-1713.25,0,TU
420.75,-1713.25,0,TU
2247.75,-1711.75,0,TU
3479.75,-1711.25,0,TU
1857.75,-1710.25,0,TU
504.25,-1709.75,0,TU
1960.75,-1709.75,0,TU
663.25,-1709.25,0,TU
3356.75,-1708.75,0,TU
2443.75,-1708.75,0,TU
438.75,-1708.75,0,TU
577.25,-1708.25,0,TU
1897.75,-1707.75,0,TU
3649.25,-1707.25,0,TU
3452.25,-1706.75,0,TU
711.75,-1704.75,0,TU
759.75,-1704.25,0,TU
1994.25,-1703.25,0,TU
1352.25,-1702.25,0,TU
3105.25,-1701.75,0,TU
3505.75,-1700.25,0,TU
536.25,-1700.25,0,TU
231.75,-1699.25,0,TU
603.75,-1695.75,0,TU
415.25,-1695.25,0,TU
366.25,-1694.75,0,TU
2421.25,-1693.75,0,TU
648.75,-1693.75,0,TU
208.25,-1692.75,0,TU
451.75,-1692.75,0,TU
393.25,-1691.75,0,TU
475.25,-1691.25,0,TU
2242.75,-1690.75,0,TU
-76.75,-1690.25,0,TU
1175.25,-1690.25,0,TU
2529.25,-1688.25,0,TU
731.75,-1687.75,0,TU
1046.25,-1686.75,0,TU
1453.75,-1685.75,0,TU
3395.75,-1685.75,0,TU
2804.75,-1685.25,0,TU
1728.75,-1684.75,0,TU
781.25,-1683.75,0,TU
453.75,-1683.75,0,TU
426.75,-1683.75,0,TU
1851.25,-1683.25,0,TU
1911.75,-1682.25,0,TU
755.75,-1682.25,0,TU
502.75,-1681.75,0,TU
1249.75,-1681.75,0,TU
621.25,-1681.75,0,TU
1006.75,-1681.25,0,TU
2727.25,-1680.25,0,TU
2324.25,-1678.25,0,TU
931.75,-1676.75,0,TU
1999.25,-1674.75,0,TU
668.25,-1674.25,0,TU
2298.75,-1673.75,0,TU
1358.25,-1670.75,0,TU
2282.25,-1669.75,0,TU
2201.25,-1668.75,0,TU
2550.75,-1667.75,0,TU
406.75,-1666.75,0,TU
2793.25,-1665.75,0,TU
1746.75,-1665.75,0,TU
740.75,-1664.75,0,TU
793.25,-1662.75,0,TU
1210.25,-1662.25,0,TU
476.25,-1662.25,0,TU
881.25,-1661.25,0,TU
637.25,-1661.25,0,TU
950.25,-1660.75,0,TU
2700.25,-1660.25,0,TU
-82.75,-1660.25,0,TU
395.75,-1660.25,0,TU
767.75,-1658.75,0,TU
1613.25,-1658.25,0,TU
430.75,-1657.75,0,TU
458.75,-1657.75,0,TU
1326.75,-1657.75,0,TU
368.25,-1657.25,0,TU
2728.75,-1656.75,0,TU
-107.25,-1656.25,0,TU
2843.75,-1655.75,0,TU
928.25,-1652.75,0,TU
-51.25,-1652.25,0,TU
513.25,-1651.25,0,TU
3264.25,-1649.75,0,TU
739.25,-1648.25,0,TU
604.75,-1648.25,0,TU
720.25,-1648.25,0,TU
1091.25,-1647.75,0,TU
913.75,-1647.25,0,TU
1009.25,-1645.75,0,TU
670.25,-1644.75,0,TU
537.25,-1643.75,0,TU
441.25,-1643.25,0,TU
760.25,-1641.75,0,TU
2185.75,-1641.25,0,TU
1249.25,-1640.75,0,TU
1892.25,-1639.25,0,TU
475.75,-1638.75,0,TU
788.25,-1638.75,0,TU
3206.25,-1637.25,0,TU
3113.25,-1636.75,0,TU
1397.75,-1635.25,0,TU
2824.25,-1634.75,0,TU
1490.75,-1634.25,0,TU
2325.25,-1633.75,0,TU
2793.75,-1633.75,0,TU
2463.75,-1633.75,0,TU
2354.75,-1633.25,0,TU
-84.25,-1631.75,0,TU
943.75,-1631.75,0,TU
1156.75,-1631.25,0,TU
447.75,-1630.75,0,TU
1675.25,-1630.75,0,TU
829.75,-1629.25,0,TU
1649.75,-1629.25,0,TU
1528.25,-1629.25,0,TU
1293.25,-1628.75,0,TU
2707.75,-1627.25,0,TU
909.25,-1626.75,0,TU
1982.25,-1625.75,0,TU
748.25,-1624.75,0,TU
956.25,-1624.75,0,TU
721.75,-1623.75,0,TU
1106.75,-1623.75,0,TU
3370.25,-1623.25,0,TU
769.25,-1623.25,0,TU
984.25,-1621.75,0,TU
3091.25,-1621.75,0,TU
787.75,-1621.75,0,TU
935.25,-1620.25,0,TU
-117.25,-1619.75,0,TU
951.25,-1619.75,0,TU
1258.25,-1618.25,0,TU
2403.25,-1617.75,0,TU
-57.25,-1617.25,0,TU
1409.75,-1616.25,0,TU
500.75,-1613.75,0,TU
2499.25,-1613.25,0,TU
1897.75,-1613.25,0,TU
660.25,-1613.25,0,TU
559.25,-1612.75,0,TU
3102.25,-1612.75,0,TU
468.25,-1611.75,0,TU
911.25,-1609.75,0,TU
812.75,-1608.75,0,TU
1082.25,-1608.25,0,TU
749.75,-1607.25,0,TU
794.25,-1605.75,0,TU
690.75,-1605.25,0,TU
1499.25,-1604.75,0,TU
1528.25,-1603.25,0,TU
832.25,-1603.25,0,TU
1434.75,-1603.25,0,TU
423.25,-1600.25,0,TU
784.25,-1600.25,0,TU
2450.75,-1600.25,0,TU
2355.25,-1599.75,0,TU
385.75,-1599.75,0,TU
1922.25,-1599.25,0,TU
972.25,-1598.75,0,TU
702.25,-1598.25,0,TU
726.25,-1598.25,0,TU
768.25,-1597.75,0,TU
715.25,-1597.25,0,TU
-75.75,-1597.25,0,TU
-189.25,-1597.25,0,TU
2479.25,-1596.75,0,TU
1893.25,-1596.75,0,TU
1110.75,-1596.25,0,TU
477.75,-1595.75,0,TU
1581.25,-1594.75,0,TU
1000.25,-1593.25,0,TU
353.75,-1592.25,0,TU
508.25,-1591.25,0,TU
850.25,-1590.25,0,TU
3116.25,-1589.25,0,TU
909.25,-1588.75,0,TU
938.25,-1587.75,0,TU
547.75,-1586.75,0,TU
2699.75,-1586.75,0,TU
1638.75,-1585.25,0,TU
796.75,-1584.75,0,TU
1833.25,-1583.25,0,TU
756.25,-1582.75,0,TU
812.25,-1581.75,0,TU
964.75,-1580.25,0,TU
432.75,-1579.75,0,TU
634.25,-1579.25,0,TU
1074.75,-1579.25,0,TU
412.75,-1578.75,0,TU
1926.25,-1578.75,0,TU
1031.75,-1578.75,0,TU
2595.75,-1578.75,0,TU
838.75,-1577.75,0,TU
673.75,-1577.75,0,TU
1524.25,-1577.25,0,TU
778.75,-1576.75,0,TU
395.25,-1576.75,0,TU
522.75,-1576.75,0,TU
2906.25,-1576.25,0,TU
291.25,-1575.75,0,TU
-185.75,-1572.75,0,TU
709.25,-1572.25,0,TU
735.75,-1571.75,0,TU
-368.75,-1571.25,0,TU
2333.75,-1571.25,0,TU
1398.25,-1569.75,0,TU
603.75,-1567.75,0,TU
1103.25,-1567.25,0,TU
928.75,-1567.25,0,TU
2288.25,-1565.75,0,TU
1123.75,-1565.75,0,TU
-90.75,-1564.75,0,TU
-137.25,-1564.75,0,TU
810.25,-1564.25,0,TU
1881.75,-1563.75,0,TU
789.75,-1563.75,0,TU
2368.75,-1562.75,0,TU
1534.25,-1562.25,0,TU
1968.25,-1560.25,0,TU
746.25,-1559.75,0,TU
1012.25,-1558.75,0,TU
1847.75,-1557.75,0,TU
2688.25,-1556.75,0,TU
1222.25,-1556.75,0,TU
1573.75,-1554.25,0,TU
428.75,-1553.75,0,TU
1433.25,-1552.75,0,TU
843.75,-1551.25,0,TU
1889.25,-1551.25,0,TU
814.75,-1550.75,0,TU
767.75,-1550.75,0,TU
1684.75,-1550.25,0,TU
3066.25,-1548.75,0,TU
3119.25,-1548.25,0,TU
724.25,-1547.75,0,TU
786.75,-1547.75,0,TU
2340.25,-1546.25,0,TU
960.75,-1545.25,0,TU
-141.25,-1545.25,0,TU
593.75,-1542.75,0,TU
2517.75,-1542.25,0,TU
1033.75,-1542.25,0,TU
1841.25,-1541.75,0,TU
1659.25,-1540.75,0,TU
-169.25,-1540.25,0,TU
922.25,-1539.25,0,TU
841.75,-1538.25,0,TU
871.75,-1538.25,0,TU
708.75,-1536.25,0,TU
253.75,-1535.75,0,TU
473.25,-1534.75,0,TU
538.25,-1532.75,0,TU
561.75,-1531.75,0,TU
744.75,-1531.75,0,TU
823.25,-1531.25,0,TU
803.75,-1530.75,0,TU
509.75,-1529.75,0,TU
1216.75,-1529.25,0,TU
1007.75,-1526.25,0,TU
1131.75,-1526.25,0,TU
1541.75,-1526.25,0,TU
774.75,-1525.25,0,TU
1424.25,-1524.75,0,TU
424.25,-1524.75,0,TU
1806.25,-1524.25,0,TU
620.75,-1523.75,0,TU
1567.25,-1522.75,0,TU
1836.75,-1522.25,0,TU
655.25,-1521.75,0,TU
-95.25,-1521.75,0,TU
1526.25,-1521.75,0,TU
594.75,-1520.75,0,TU
836.75,-1520.25,0,TU
2521.25,-1519.25,0,TU
871.25,-1518.75,0,TU
1885.25,-1517.75,0,TU
275.75,-1517.25,0,TU
2549.25,-1516.75,0,TU
1961.75,-1516.75,0,TU
1501.75,-1516.25,0,TU
638.25,-1513.75,0,TU
814.25,-1513.25,0,TU
1030.75,-1512.75,0,TU
243.25,-1512.25,0,TU
2769.75,-1512.25,0,TU
485.75,-1511.75,0,TU
845.75,-1510.75,0,TU
1763.75,-1510.75,0,TU
1468.25,-1510.75,0,TU
1837.25,-1510.25,0,TU
-772.75,-1509.75,0,TU
-1052.25,-1509.75,0,TU
946.25,-1507.75,0,TU
537.75,-1506.75,0,TU
2536.25,-1506.75,0,TU
-109.75,-1506.25,0,TU
-873.75,-1505.25,0,TU
359.25,-1503.75,0,TU
-993.75,-1502.25,0,TU
2516.75,-1502.25,0,TU
870.75,-1500.75,0,TU
777.25,-1500.75,0,TU
-181.25,-1499.25,0,TU
1411.25,-1498.75,0,TU
519.25,-1498.75,0,TU
1805.25,-1498.25,0,TU
264.75,-1496.25,0,TU
1669.25,-1495.75,0,TU
1874.25,-1495.75,0,TU
604.25,-1495.25,0,TU
1835.25,-1494.75,0,TU
-133.75,-1494.75,0,TU
816.75,-1494.75,0,TU
-207.25,-1494.75,0,TU
2244.25,-1494.75,0,TU
326.75,-1494.25,0,TU
-154.25,-1493.25,0,TU
1536.25,-1493.25,0,TU
290.75,-1492.75,0,TU
-1026.25,-1492.75,0,TU
576.25,-1492.25,0,TU
977.75,-1492.25,0,TU
751.25,-1491.75,0,TU
1046.75,-1491.25,0,TU
514.75,-1489.25,0,TU
1722.75,-1489.25,0,TU
1063.75,-1488.25,0,TU
532.75,-1487.25,0,TU
413.25,-1486.75,0,TU
244.75,-1486.25,0,TU
-2.75,-1486.25,0,TU
350.25,-1484.75,0,TU
-225.25,-1484.25,0,TU
861.75,-1481.75,0,TU
492.75,-1481.75,0,TU
469.25,-1481.75,0,TU
1639.75,-1481.75,0,TU
1552.75,-1481.25,0,TU
559.25,-1480.25,0,TU
1598.25,-1480.25,0,TU
449.25,-1479.75,0,TU
-779.25,-1478.75,0,TU
-388.25,-1478.75,0,TU
540.25,-1478.25,0,TU
825.25,-1477.75,0,TU
2618.25,-1477.75,0,TU
2099.25,-1477.25,0,TU
-1052.25,-1477.25,0,TU
2254.25,-1476.75,0,TU
2042.25,-1476.25,0,TU
883.25,-1476.25,0,TU
991.75,-1476.25,0,TU
2507.75,-1476.25,0,TU
384.25,-1476.25,0,TU
1456.75,-1474.75,0,TU
-429.25,-1474.75,0,TU
485.25,-1473.25,0,TU
1893.75,-1473.25,0,TU
-75.25,-1472.75,0,TU
2114.25,-1472.75,0,TU
-904.25,-1472.75,0,TU
2186.25,-1471.75,0,TU
-287.75,-1471.75,0,TU
3035.25,-1471.25,0,TU
1991.75,-1471.25,0,TU
2074.25,-1470.75,0,TU
277.25,-1469.75,0,TU
227.25,-1468.75,0,TU
-314.75,-1468.25,0,TU
1417.25,-1468.25,0,TU
1866.25,-1468.25,0,TU
1269.25,-1465.25,0,TU
248.75,-1464.25,0,TU
2206.75,-1464.25,0,TU
904.25,-1464.25,0,TU
732.75,-1463.75,0,TU
856.25,-1463.75,0,TU
1958.75,-1463.25,0,TU
351.75,-1463.25,0,TU
-114.75,-1462.25,0,TU
1353.75,-1461.75,0,TU
518.25,-1461.75,0,TU
1215.75,-1459.25,0,TU
-833.75,-1458.75,0,TU
-383.25,-1458.25,0,TU
-878.25,-1458.25,0,TU
978.25,-1458.25,0,TU
1571.75,-1457.75,0,TU
429.25,-1457.25,0,TU
385.75,-1456.75,0,TU
194.25,-1455.25,0,TU
286.25,-1455.25,0,TU
1637.75,-1453.25,0,TU
2492.75,-1452.75,0,TU
825.25,-1452.25,0,TU
1772.75,-1451.75,0,TU
2523.25,-1451.75,0,TU
-354.75,-1450.75,0,TU
1457.75,-1450.25,0,TU
-921.75,-1449.25,0,TU
488.25,-1448.25,0,TU
233.75,-1448.25,0,TU
464.25,-1447.75,0,TU
2831.75,-1447.25,0,TU
315.75,-1447.25,0,TU
424.75,-1446.25,0,TU
2853.75,-1445.75,0,TU
411.75,-1445.25,0,TU
592.75,-1444.25,0,TU
2474.25,-1442.75,0,TU
1522.25,-1441.75,0,TU
1601.25,-1441.25,0,TU
1420.75,-1441.25,0,TU
875.25,-1440.75,0,TU
-389.25,-1440.25,0,TU
277.25,-1440.25,0,TU
518.75,-1439.75,0,TU
-1135.75,-1438.75,0,TU
1439.25,-1438.25,0,TU
1922.75,-1438.25,0,TU
-1170.25,-1437.25,0,TU
556.25,-1435.75,0,TU
255.25,-1435.75,0,TU
1874.75,-1435.75,0,TU
-74.25,-1435.25,0,TU
-113.25,-1434.75,0,TU
437.75,-1434.75,0,TU
-1103.25,-1433.75,0,TU
848.75,-1431.75,0,TU
403.75,-1431.75,0,TU
1043.25,-1431.75,0,TU
1999.75,-1430.75,0,TU
463.75,-1429.25,0,TU
2281.25,-1429.25,0,TU
283.75,-1429.25,0,TU
811.75,-1428.25,0,TU
-909.25,-1427.75,0,TU
-290.75,-1427.75,0,TU
1946.25,-1427.75,0,TU
1458.75,-1427.75,0,TU
612.25,-1426.75,0,TU
1835.75,-1425.75,0,TU
1183.25,-1425.25,0,TU
644.25,-1425.25,0,TU
332.75,-1425.25,0,TU
513.25,-1424.75,0,TU
1419.75,-1424.25,0,TU
-347.25,-1423.75,0,TU
375.75,-1421.75,0,TU
2838.25,-1421.75,0,TU
10.25,-1421.75,0,TU
306.75,-1421.25,0,TU
2928.75,-1421.25,0,TU
441.25,-1421.25,0,TU
1200.75,-1420.75,0,TU
-871.75,-1420.25,0,TU
484.25,-1420.25,0,TU
231.25,-1419.75,0,TU
419.25,-1419.75,0,TU
2809.75,-1419.25,0,TU
1747.25,-1418.75,0,TU
1439.75,-1417.75,0,TU
-123.25,-1415.75,0,TU
-385.75,-1415.75,0,TU
505.25,-1415.75,0,TU
-1091.25,-1414.75,0,TU
1866.25,-1413.75,0,TU
2349.75,-1413.25,0,TU
858.75,-1412.75,0,TU
2500.75,-1412.75,0,TU
531.75,-1412.25,0,TU
1213.25,-1412.25,0,TU
60.25,-1410.75,0,TU
559.25,-1409.75,0,TU
-225.25,-1409.25,0,TU
-1113.25,-1408.75,0,TU
2239.75,-1407.75,0,TU
1051.25,-1407.75,0,TU
2753.25,-1407.25,0,TU
1534.75,-1407.25,0,TU
-87.25,-1406.75,0,TU
-1232.75,-1406.25,0,TU
2055.75,-1406.25,0,TU
400.25,-1405.75,0,TU
-1067.75,-1405.75,0,TU
290.25,-1404.25,0,TU
-932.25,-1403.75,0,TU
427.75,-1403.75,0,TU
517.75,-1402.75,0,TU
880.25,-1402.25,0,TU
818.75,-1401.75,0,TU
2091.25,-1399.75,0,TU
2478.75,-1399.75,0,TU
-432.75,-1398.75,0,TU
571.75,-1398.75,0,TU
-1273.75,-1398.75,0,TU
445.25,-1398.75,0,TU
1481.75,-1398.25,0,TU
-1140.75,-1397.75,0,TU
-397.25,-1396.75,0,TU
784.25,-1396.75,0,TU
1395.25,-1396.25,0,TU
476.75,-1395.75,0,TU
-898.75,-1394.75,0,TU
495.25,-1393.75,0,TU
844.25,-1393.75,0,TU
1869.75,-1392.75,0,TU
2003.75,-1392.25,0,TU
1505.25,-1391.75,0,TU
541.25,-1391.25,0,TU
307.75,-1390.75,0,TU
218.25,-1390.75,0,TU
681.75,-1389.25,0,TU
-118.75,-1387.75,0,TU
169.25,-1387.75,0,TU
1231.75,-1387.75,0,TU
-1116.75,-1386.75,0,TU
599.75,-1386.25,0,TU
-1088.25,-1385.75,0,TU
2464.75,-1385.25,0,TU
2746.75,-1384.75,0,TU
720.25,-1384.25,0,TU
-442.25,-1384.25,0,TU
333.75,-1384.25,0,TU
2540.25,-1383.75,0,TU
-383.75,-1383.75,0,TU
-1061.25,-1383.75,0,TU
642.75,-1381.75,0,TU
2435.75,-1381.75,0,TU
2219.75,-1381.25,0,TU
1039.25,-1381.25,0,TU
-170.75,-1380.75,0,TU
793.75,-1379.75,0,TU
-917.75,-1379.75,0,TU
749.75,-1378.75,0,TU
2514.75,-1378.75,0,TU
-1235.25,-1377.75,0,TU
1744.25,-1377.75,0,TU
1524.75,-1377.75,0,TU
463.25,-1374.75,0,TU
349.25,-1374.25,0,TU
822.25,-1372.75,0,TU
-14.25,-1372.75,0,TU
2489.25,-1372.25,0,TU
15.25,-1371.75,0,TU
534.25,-1371.75,0,TU
429.25,-1369.75,0,TU
187.75,-1369.25,0,TU
1352.75,-1368.75,0,TU
-1107.25,-1368.75,0,TU
566.75,-1368.75,0,TU
-198.25,-1368.25,0,TU
-1040.25,-1367.25,0,TU
954.75,-1367.25,0,TU
1644.75,-1367.25,0,TU
616.75,-1366.25,0,TU
1057.75,-1364.75,0,TU
-1265.25,-1363.75,0,TU
167.75,-1362.25,0,TU
1367.25,-1361.75,0,TU
1332.75,-1361.75,0,TU
-1388.75,-1361.25,0,TU
202.75,-1360.75,0,TU
-376.25,-1360.25,0,TU
2709.25,-1359.75,0,TU
-231.75,-1359.25,0,TU
670.75,-1358.75,0,TU
1210.75,-1358.25,0,TU
-1239.75,-1357.75,0,TU
-1167.25,-1357.25,0,TU
1573.75,-1357.25,0,TU
1729.75,-1357.25,0,TU
-924.25,-1357.25,0,TU
225.25,-1357.25,0,TU
-1073.25,-1356.75,0,TU
-211.75,-1356.75,0,TU
1677.25,-1356.25,0,TU
-110.75,-1355.25,0,TU
495.25,-1354.75,0,TU
472.75,-1354.75,0,TU
642.25,-1354.25,0,TU
-287.75,-1353.75,0,TU
532.25,-1353.25,0,TU
461.75,-1351.25,0,TU
1187.75,-1351.25,0,TU
-189.75,-1351.25,0,TU
-256.75,-1351.25,0,TU
2077.25,-1351.25,0,TU
443.25,-1350.75,0,TU
-1218.75,-1350.75,0,TU
-890.75,-1349.25,0,TU
348.75,-1347.75,0,TU
381.75,-1347.75,0,TU
44.25,-1346.75,0,TU
1237.75,-1346.25,0,TU
-160.25,-1345.25,0,TU
-448.25,-1344.75,0,TU
-234.25,-1343.75,0,TU
-1194.75,-1343.75,0,TU
-1053.25,-1341.75,0,TU
2092.75,-1341.25,0,TU
131.75,-1341.25,0,TU
1637.75,-1340.75,0,TU
2576.75,-1340.25,0,TU
-421.25,-1340.25,0,TU
-274.25,-1338.25,0,TU
1623.75,-1337.75,0,TU
178.25,-1337.25,0,TU
-308.75,-1336.75,0,TU
-215.75,-1336.75,0,TU
701.25,-1335.25,0,TU
1049.25,-1334.75,0,TU
-858.75,-1334.75,0,TU
417.25,-1334.75,0,TU
265.25,-1334.25,0,TU
2515.75,-1333.25,0,TU
-933.75,-1333.25,0,TU
468.75,-1332.75,0,TU
-1301.25,-1332.25,0,TU
-94.25,-1331.75,0,TU
-1172.75,-1331.25,0,TU
-135.25,-1330.75,0,TU
1179.25,-1330.75,0,TU
499.25,-1330.75,0,TU
215.25,-1330.25,0,TU
4.75,-1330.25,0,TU
523.75,-1329.25,0,TU
-202.75,-1328.75,0,TU
-1260.75,-1328.25,0,TU
-1051.25,-1327.75,0,TU
-1241.75,-1327.25,0,TU
235.25,-1326.75,0,TU
-156.75,-1326.75,0,TU
196.25,-1326.75,0,TU
-1217.25,-1325.75,0,TU
1599.75,-1325.75,0,TU
1273.25,-1323.75,0,TU
1211.75,-1323.75,0,TU
77.25,-1323.25,0,TU
-1134.25,-1320.25,0,TU
-185.25,-1320.25,0,TU
362.25,-1320.25,0,TU
-26.25,-1318.75,0,TU
-1021.25,-1317.75,0,TU
-289.25,-1316.25,0,TU
-877.75,-1315.75,0,TU
1404.75,-1315.25,0,TU
-900.75,-1314.75,0,TU
1741.75,-1313.75,0,TU
2104.25,-1313.25,0,TU
-399.25,-1312.75,0,TU
1223.25,-1312.75,0,TU
65.25,-1312.75,0,TU
-114.25,-1311.25,0,TU
-1256.25,-1311.25,0,TU
-452.25,-1310.25,0,TU
1765.25,-1310.25,0,TU
38.25,-1309.75,0,TU
1660.75,-1309.25,0,TU
-78.25,-1308.75,0,TU
504.25,-1308.75,0,TU
-959.25,-1307.25,0,TU
1264.25,-1306.75,0,TU
466.25,-1305.25,0,TU
293.75,-1304.75,0,TU
1621.25,-1304.75,0,TU
-429.75,-1304.25,0,TU
-222.25,-1301.75,0,TU
1459.75,-1301.75,0,TU
-818.75,-1299.75,0,TU
806.25,-1299.75,0,TU
1103.25,-1299.75,0,TU
-308.75,-1299.25,0,TU
-1306.75,-1299.25,0,TU
774.75,-1298.25,0,TU
93.75,-1298.25,0,TU
-5.75,-1297.75,0,TU
2571.25,-1297.75,0,TU
-1086.75,-1297.75,0,TU
1223.75,-1296.75,0,TU
440.75,-1296.75,0,TU
2321.75,-1296.25,0,TU
-1213.25,-1296.25,0,TU
-1041.75,-1294.25,0,TU
2471.75,-1293.25,0,TU
-1246.75,-1293.25,0,TU
-140.75,-1292.25,0,TU
1003.75,-1292.25,0,TU
275.25,-1292.25,0,TU
258.75,-1291.75,0,TU
2447.25,-1290.75,0,TU
597.25,-1289.75,0,TU
1325.75,-1289.25,0,TU
1647.25,-1288.75,0,TU
494.25,-1288.75,0,TU
27.25,-1288.75,0,TU
942.75,-1287.75,0,TU
306.75,-1287.25,0,TU
-912.75,-1286.25,0,TU
1611.25,-1285.25,0,TU
-1161.75,-1282.75,0,TU
-1060.75,-1282.75,0,TU
-947.75,-1282.25,0,TU
1025.75,-1281.75,0,TU
131.25,-1281.75,0,TU
-1016.25,-1281.25,0,TU
1580.25,-1281.25,0,TU
-1270.25,-1281.25,0,TU
65.75,-1281.25,0,TU
2415.75,-1280.75,0,TU
855.75,-1278.75,0,TU
515.25,-1278.25,0,TU
-49.75,-1276.75,0,TU
722.25,-1276.75,0,TU
472.75,-1275.25,0,TU
-2.25,-1275.25,0,TU
-1326.25,-1274.75,0,TU
558.75,-1274.25,0,TU
1225.25,-1274.25,0,TU
269.75,-1272.75,0,TU
-1240.25,-1271.75,0,TU
2468.75,-1271.75,0,TU
-1217.25,-1271.25,0,TU
1361.25,-1270.75,0,TU
2338.25,-1270.75,0,TU
993.75,-1270.25,0,TU
819.75,-1269.25,0,TU
-1187.75,-1266.25,0,TU
176.25,-1265.75,0,TU
1135.75,-1264.75,0,TU
1382.25,-1262.75,0,TU
-850.75,-1261.75,0,TU
1042.75,-1260.75,0,TU
1223.75,-1259.75,0,TU
229.25,-1259.75,0,TU
-1.75,-1259.25,0,TU
-954.25,-1258.25,0,TU
292.25,-1258.25,0,TU
1614.75,-1257.75,0,TU
-919.75,-1257.75,0,TU
-897.75,-1257.75,0,TU
-591.75,-1253.75,0,TU
-1073.75,-1253.75,0,TU
1001.75,-1253.25,0,TU
-23.75,-1251.75,0,TU
-488.25,-1251.75,0,TU
2437.75,-1251.25,0,TU
-134.25,-1249.25,0,TU
1316.75,-1248.75,0,TU
2467.75,-1248.25,0,TU
-178.25,-1246.75,0,TU
-875.75,-1246.25,0,TU
202.75,-1246.25,0,TU
1176.75,-1245.75,0,TU
165.75,-1243.75,0,TU
-1163.75,-1243.75,0,TU
-1194.75,-1243.25,0,TU
339.75,-1242.75,0,TU
1259.75,-1242.75,0,TU
2002.75,-1242.75,0,TU
1038.75,-1242.25,0,TU
2334.25,-1241.25,0,TU
236.25,-1241.25,0,TU
306.75,-1241.25,0,TU
-937.25,-1240.75,0,TU
1728.25,-1237.75,0,TU
-383.75,-1237.75,0,TU
127.25,-1237.25,0,TU
2614.75,-1236.75,0,TU
-1337.25,-1236.25,0,TU
2489.25,-1235.75,0,TU
-1316.25,-1235.75,0,TU
-142.25,-1235.25,0,TU
-1092.75,-1235.25,0,TU
1130.75,-1234.75,0,TU
3.25,-1234.75,0,TU
-1152.75,-1234.25,0,TU
-1243.75,-1234.25,0,TU
-919.25,-1233.75,0,TU
-425.75,-1233.75,0,TU
-529.75,-1233.25,0,TU
-1180.75,-1233.25,0,TU
-1217.75,-1232.25,0,TU
1657.25,-1231.25,0,TU
986.25,-1231.25,0,TU
1758.75,-1231.25,0,TU
-609.75,-1229.75,0,TU
-887.75,-1229.75,0,TU
816.75,-1229.25,0,TU
-905.75,-1228.25,0,TU
-962.75,-1227.75,0,TU
1292.75,-1227.25,0,TU
1228.75,-1227.25,0,TU
-28.25,-1226.75,0,TU
68.25,-1226.25,0,TU
-48.75,-1226.25,0,TU
957.25,-1224.25,0,TU
-1266.25,-1224.25,0,TU
-237.25,-1223.75,0,TU
-1061.25,-1223.75,0,TU
-455.75,-1223.25,0,TU
-1287.75,-1223.25,0,TU
-364.75,-1223.25,0,TU
530.25,-1221.75,0,TU
1108.25,-1221.75,0,TU
-1206.25,-1221.75,0,TU
-407.25,-1221.25,0,TU
-1308.75,-1220.75,0,TU
342.75,-1220.25,0,TU
-579.25,-1220.25,0,TU
1490.75,-1219.75,0,TU
4.25,-1219.25,0,TU
-1196.75,-1218.25,0,TU
-1178.25,-1218.25,0,TU
1809.75,-1217.25,0,TU
-937.75,-1217.25,0,TU
1844.25,-1216.75,0,TU
-647.25,-1215.75,0,TU
1389.75,-1215.75,0,TU
23.75,-1215.75,0,TU
-483.25,-1215.25,0,TU
2268.25,-1215.25,0,TU
-854.75,-1215.25,0,TU
182.75,-1214.75,0,TU
148.75,-1213.75,0,TU
-174.75,-1212.25,0,TU
1477.75,-1212.25,0,TU
2471.75,-1209.75,0,TU
1875.75,-1208.25,0,TU
508.75,-1208.25,0,TU
765.75,-1207.75,0,TU
1437.75,-1207.75,0,TU
486.25,-1206.75,0,TU
-1328.25,-1206.25,0,TU
-887.25,-1205.75,0,TU
53.75,-1205.75,0,TU
1171.25,-1205.75,0,TU
808.25,-1205.25,0,TU
-155.75,-1205.25,0,TU
238.75,-1205.25,0,TU
1280.75,-1205.25,0,TU
1124.25,-1204.75,0,TU
-959.75,-1204.25,0,TU
1258.25,-1203.25,0,TU
-1151.75,-1202.75,0,TU
-1199.75,-1202.25,0,TU
-442.25,-1202.25,0,TU
-538.75,-1201.75,0,TU
550.25,-1201.75,0,TU
88.75,-1201.25,0,TU
978.25,-1199.75,0,TU
830.75,-1198.25,0,TU
570.25,-1196.75,0,TU
-1296.75,-1196.25,0,TU
1803.25,-1195.25,0,TU
598.25,-1194.25,0,TU
751.75,-1193.75,0,TU
-834.25,-1192.75,0,TU
-1274.75,-1192.25,0,TU
23.75,-1191.75,0,TU
-1173.25,-1191.25,0,TU
1133.75,-1191.25,0,TU
2594.25,-1191.25,0,TU
-971.75,-1190.75,0,TU
-1346.75,-1188.75,0,TU
1411.75,-1187.75,0,TU
-936.75,-1187.25,0,TU
-1241.25,-1186.75,0,TU
-296.75,-1186.75,0,TU
158.75,-1184.75,0,TU
-55.25,-1183.75,0,TU
637.75,-1183.25,0,TU
815.75,-1182.75,0,TU
455.75,-1182.75,0,TU
-405.75,-1182.25,0,TU
694.75,-1181.75,0,TU
69.25,-1181.75,0,TU
-801.75,-1180.25,0,TU
-1184.75,-1179.25,0,TU
-903.75,-1178.25,0,TU
-1.25,-1178.25,0,TU
247.75,-1177.75,0,TU
-1481.25,-1177.25,0,TU
513.25,-1176.25,0,TU
544.75,-1176.25,0,TU
-956.25,-1175.75,0,TU
-1213.25,-1175.75,0,TU
591.75,-1175.75,0,TU
-161.75,-1175.75,0,TU
-377.25,-1175.25,0,TU
1017.75,-1173.75,0,TU
2076.25,-1173.75,0,TU
564.75,-1171.25,0,TU
-140.75,-1171.25,0,TU
55.75,-1171.25,0,TU
292.75,-1170.25,0,TU
1173.75,-1170.25,0,TU
-894.75,-1169.25,0,TU
180.25,-1169.25,0,TU
-1514.75,-1168.75,0,TU
494.25,-1167.75,0,TU
89.75,-1167.25,0,TU
-94.75,-1165.75,0,TU
-1279.75,-1165.25,0,TU
2266.75,-1165.25,0,TU
525.75,-1165.25,0,TU
480.25,-1164.75,0,TU
-301.25,-1163.25,0,TU
25.25,-1162.25,0,TU
-1131.75,-1161.75,0,TU
-836.25,-1161.25,0,TU
678.25,-1160.75,0,TU
439.75,-1160.75,0,TU
-56.25,-1160.75,0,TU
-1238.25,-1159.75,0,TU
203.75,-1159.25,0,TU
-940.75,-1159.25,0,TU
-1490.25,-1157.25,0,TU
-117.25,-1155.75,0,TU
-85.75,-1155.25,0,TU
-870.75,-1153.75,0,TU
237.75,-1153.75,0,TU
307.25,-1152.75,0,TU
-1194.75,-1152.25,0,TU
-1745.25,-1152.25,0,TU
594.25,-1151.25,0,TU
1352.75,-1151.25,0,TU
-993.75,-1151.25,0,TU
-640.75,-1150.25,0,TU
658.75,-1149.75,0,TU
-682.25,-1149.75,0,TU
1753.25,-1149.25,0,TU
-22.75,-1148.25,0,TU
1179.25,-1147.25,0,TU
-1118.75,-1147.25,0,TU
46.75,-1146.25,0,TU
283.25,-1144.75,0,TU
-1095.75,-1144.75,0,TU
550.75,-1144.25,0,TU
2066.25,-1144.25,0,TU
521.75,-1144.25,0,TU
476.75,-1144.25,0,TU
335.25,-1143.75,0,TU
2095.75,-1140.75,0,TU
1020.25,-1140.25,0,TU
-1488.25,-1139.75,0,TU
986.25,-1139.75,0,TU
-1058.75,-1137.75,0,TU
-897.25,-1137.75,0,TU
-963.25,-1137.25,0,TU
1403.25,-1137.25,0,TU
2138.75,-1136.75,0,TU
240.25,-1136.25,0,TU
-920.75,-1135.75,0,TU
-75.25,-1134.75,0,TU
-50.25,-1134.25,0,TU
-1146.75,-1133.25,0,TU
1314.25,-1132.25,0,TU
-150.75,-1132.25,0,TU
-1.75,-1131.75,0,TU
-1124.25,-1130.75,0,TU
1246.25,-1130.25,0,TU
-1076.75,-1130.25,0,TU
269.75,-1130.25,0,TU
640.75,-1129.75,0,TU
-654.75,-1129.25,0,TU
-945.25,-1128.25,0,TU
-298.25,-1128.25,0,TU
-67.75,-1127.75,0,TU
20.25,-1127.25,0,TU
303.25,-1126.25,0,TU
-1789.75,-1125.25,0,TU
-96.75,-1124.25,0,TU
-1464.75,-1124.25,0,TU
1070.25,-1122.75,0,TU
95.25,-1122.25,0,TU
320.25,-1120.75,0,TU
-1175.25,-1120.25,0,TU
-1099.25,-1120.25,0,TU
-175.25,-1119.75,0,TU
781.75,-1118.25,0,TU
692.25,-1118.25,0,TU
54.25,-1117.75,0,TU
-429.75,-1117.25,0,TU
2205.75,-1116.75,0,TU
-667.25,-1116.25,0,TU
846.25,-1115.75,0,TU
-130.75,-1114.75,0,TU
1046.25,-1114.25,0,TU
-883.75,-1114.25,0,TU
-1003.75,-1114.25,0,TU
15.25,-1113.75,0,TU
2225.75,-1113.25,0,TU
-23.75,-1112.25,0,TU
-1483.75,-1112.25,0,TU
801.75,-1110.75,0,TU
1129.75,-1110.25,0,TU
-1053.75,-1108.75,0,TU
-1143.75,-1104.75,0,TU
-1081.75,-1104.25,0,TU
-676.75,-1103.75,0,TU
614.75,-1103.75,0,TU
1948.25,-1103.25,0,TU
2127.75,-1102.25,0,TU
-1110.25,-1101.75,0,TU
155.75,-1101.75,0,TU
583.75,-1100.75,0,TU
-192.25,-1099.25,0,TU
851.25,-1098.75,0,TU
2178.75,-1098.25,0,TU
1921.25,-1097.75,0,TU
-1790.75,-1096.75,0,TU
-102.25,-1096.25,0,TU
1028.25,-1095.25,0,TU
389.75,-1094.25,0,TU
2208.75,-1094.25,0,TU
-164.25,-1093.75,0,TU
-1059.75,-1093.25,0,TU
1976.25,-1092.25,0,TU
-869.75,-1091.25,0,TU
-934.25,-1091.25,0,TU
1814.25,-1090.75,0,TU
1428.25,-1090.75,0,TU
2229.75,-1090.25,0,TU
1647.25,-1088.25,0,TU
-897.75,-1086.75,0,TU
-1179.25,-1084.75,0,TU
-1135.75,-1084.75,0,TU
-1150.75,-1083.75,0,TU
-129.75,-1083.75,0,TU
364.75,-1082.25,0,TU
1142.75,-1079.25,0,TU
-390.25,-1079.25,0,TU
-1116.75,-1078.75,0,TU
-1085.75,-1078.25,0,TU
-351.75,-1077.25,0,TU
2240.75,-1076.25,0,TU
577.75,-1075.25,0,TU
1936.25,-1073.75,0,TU
1075.25,-1073.75,0,TU
-304.75,-1073.75,0,TU
135.25,-1072.75,0,TU
266.75,-1072.25,0,TU
2014.25,-1071.75,0,TU
542.25,-1071.75,0,TU
-5.25,-1071.75,0,TU
176.75,-1071.25,0,TU
-1163.25,-1071.25,0,TU
-854.25,-1071.25,0,TU
616.75,-1070.75,0,TU
1958.25,-1070.25,0,TU
1979.75,-1070.25,0,TU
2199.75,-1069.75,0,TU
862.75,-1069.75,0,TU
779.75,-1069.75,0,TU
204.25,-1068.75,0,TU
237.75,-1068.75,0,TU
2223.75,-1068.75,0,TU
337.25,-1068.75,0,TU
568.25,-1066.25,0,TU
-230.75,-1065.25,0,TU
-180.25,-1064.25,0,TU
-922.75,-1064.25,0,TU
-204.75,-1063.75,0,TU
518.25,-1063.25,0,TU
-158.75,-1063.25,0,TU
159.75,-1062.75,0,TU
451.75,-1062.25,0,TU
1059.25,-1059.75,0,TU
364.25,-1059.75,0,TU
-588.75,-1058.75,0,TU
1142.75,-1058.75,0,TU
292.75,-1057.75,0,TU
483.75,-1057.75,0,TU
1917.25,-1057.75,0,TU
741.75,-1057.25,0,TU
1987.75,-1057.25,0,TU
396.25,-1056.25,0,TU
1091.25,-1055.25,0,TU
-1155.25,-1053.25,0,TU
331.75,-1053.25,0,TU
252.75,-1052.25,0,TU
1011.25,-1051.75,0,TU
1946.75,-1051.25,0,TU
2.75,-1050.25,0,TU
545.25,-1049.75,0,TU
850.75,-1049.25,0,TU
885.75,-1049.25,0,TU
785.25,-1048.75,0,TU
-1120.25,-1048.25,0,TU
-1832.25,-1047.75,0,TU
-1080.25,-1046.25,0,TU
1355.25,-1045.25,0,TU
-134.75,-1043.25,0,TU
-1461.25,-1042.25,0,TU
521.25,-1041.25,0,TU
457.75,-1041.25,0,TU
1103.25,-1041.25,0,TU
175.75,-1039.25,0,TU
1972.75,-1038.25,0,TU
-1047.75,-1038.25,0,TU
599.25,-1037.75,0,TU
220.75,-1037.25,0,TU
314.25,-1036.75,0,TU
864.75,-1035.25,0,TU
1571.25,-1034.75,0,TU
1234.75,-1033.25,0,TU
-1378.75,-1031.25,0,TU
126.75,-1029.25,0,TU
-369.75,-1029.25,0,TU
381.25,-1028.75,0,TU
-1931.75,-1028.25,0,TU
508.25,-1027.75,0,TU
481.75,-1025.75,0,TU
-432.75,-1024.25,0,TU
-1097.75,-1022.75,0,TU
-1848.75,-1022.75,0,TU
-1074.75,-1017.25,0,TU
439.75,-1017.25,0,TU
863.75,-1016.75,0,TU
2027.25,-1015.75,0,TU
-879.75,-1015.25,0,TU
-971.25,-1015.25,0,TU
2220.75,-1014.25,0,TU
-278.75,-1012.25,0,TU
472.25,-1011.75,0,TU
157.75,-1010.75,0,TU
-224.75,-1010.25,0,TU
2014.75,-1009.75,0,TU
2055.25,-1008.75,0,TU
448.75,-1006.25,0,TU
388.25,-1005.25,0,TU
226.25,-1004.75,0,TU
514.25,-1003.75,0,TU
-1886.25,-1002.75,0,TU
-254.25,-1002.25,0,TU
1281.25,-1000.75,0,TU
-1041.25,-1000.25,0,TU
1213.25,-999.25,0,TU
-796.25,-999.25,0,TU
599.75,-998.75,0,TU
-237.75,-997.25,0,TU
-1066.25,-996.75,0,TU
289.75,-994.75,0,TU
368.25,-994.25,0,TU
-319.75,-991.75,0,TU
131.25,-991.25,0,TU
961.25,-989.75,0,TU
-1080.25,-989.25,0,TU
1716.25,-988.75,0,TU
-749.75,-984.25,0,TU
-300.75,-983.25,0,TU
460.25,-982.75,0,TU
1988.25,-981.25,0,TU
-273.25,-980.75,0,TU
-1120.75,-980.25,0,TU
-215.25,-980.25,0,TU
-127.25,-980.25,0,TU
230.75,-979.25,0,TU
497.75,-974.75,0,TU
-1306.25,-974.25,0,TU
-1489.75,-973.25,0,TU
-242.75,-971.75,0,TU
374.75,-971.75,0,TU
-1335.75,-970.75,0,TU
1818.75,-969.25,0,TU
138.75,-966.25,0,TU
621.75,-965.75,0,TU
-1281.75,-964.75,0,TU
354.25,-964.25,0,TU
1324.75,-963.75,0,TU
78.25,-963.25,0,TU
388.25,-962.25,0,TU
-262.25,-961.75,0,TU
204.75,-960.75,0,TU
-1084.75,-958.25,0,TU
964.75,-957.25,0,TU
1864.75,-956.75,0,TU
643.25,-956.25,0,TU
-1129.25,-956.25,0,TU
330.25,-955.75,0,TU
-247.75,-955.25,0,TU
-219.75,-955.25,0,TU
-612.75,-950.25,0,TU
348.25,-949.75,0,TU
441.75,-949.75,0,TU
-956.25,-949.25,0,TU
1208.25,-948.75,0,TU
-1262.75,-947.75,0,TU
-1418.25,-945.25,0,TU
418.25,-945.25,0,TU
1090.75,-944.75,0,TU
1141.25,-944.25,0,TU
1067.25,-943.75,0,TU
1791.75,-942.25,0,TU
487.25,-941.25,0,TU
213.75,-937.25,0,TU
932.25,-936.25,0,TU
311.75,-935.25,0,TU
-982.75,-933.25,0,TU
350.75,-932.75,0,TU
1770.75,-932.25,0,TU
768.25,-931.25,0,TU
1295.25,-930.75,0,TU
205.25,-930.25,0,TU
-240.25,-929.25,0,TU
-1242.75,-928.25,0,TU
818.25,-927.25,0,TU
368.75,-927.25,0,TU
800.25,-926.75,0,TU
247.75,-926.75,0,TU
1057.25,-925.25,0,TU
1081.75,-925.25,0,TU
2107.75,-924.75,0,TU
838.75,-923.25,0,TU
1096.75,-921.75,0,TU
-1024.25,-917.75,0,TU
1008.75,-917.75,0,TU
1643.25,-916.75,0,TU
-574.25,-916.25,0,TU
1805.25,-912.25,0,TU
-1276.25,-911.25,0,TU
154.25,-910.75,0,TU
-1064.25,-909.25,0,TU
-1170.75,-907.75,0,TU
960.75,-907.25,0,TU
-1374.75,-906.25,0,TU
-1095.25,-904.75,0,TU
386.25,-904.25,0,TU
-950.75,-902.75,0,TU
1050.75,-902.75,0,TU
-1339.75,-902.75,0,TU
265.25,-902.25,0,TU
420.25,-900.25,0,TU
599.75,-900.25,0,TU
-1398.25,-899.75,0,TU
-1244.25,-898.25,0,TU
-1322.25,-898.25,0,TU
-1454.75,-897.25,0,TU
2061.25,-895.75,0,TU
-988.25,-893.75,0,TU
1536.25,-893.25,0,TU
853.75,-892.25,0,TU
-1147.25,-892.25,0,TU
1562.25,-891.25,0,TU
2098.25,-889.25,0,TU
827.25,-888.25,0,TU
1358.25,-881.75,0,TU
-675.75,-881.25,0,TU
1104.25,-880.25,0,TU
-700.25,-880.25,0,TU
243.75,-880.25,0,TU
-543.25,-879.75,0,TU
387.25,-879.25,0,TU
-465.25,-878.75,0,TU
203.75,-877.25,0,TU
-1014.25,-875.25,0,TU
598.25,-873.75,0,TU
312.25,-873.25,0,TU
-1441.75,-871.25,0,TU
-572.25,-871.25,0,TU
343.75,-870.75,0,TU
-600.25,-870.25,0,TU
1978.25,-870.25,0,TU
-490.75,-870.25,0,TU
-720.75,-869.75,0,TU
932.75,-866.75,0,TU
-435.75,-865.75,0,TU
2024.75,-864.75,0,TU
1360.25,-864.75,0,TU
516.25,-864.25,0,TU
1248.75,-864.25,0,TU
555.75,-862.25,0,TU
626.25,-862.25,0,TU
1400.75,-861.75,0,TU
1510.25,-860.25,0,TU
197.75,-860.25,0,TU
-1052.75,-858.25,0,TU
2111.25,-857.75,0,TU
738.25,-857.75,0,TU
-462.75,-857.25,0,TU
1100.75,-856.25,0,TU
-538.75,-855.75,0,TU
588.75,-854.25,0,TU
482.25,-853.25,0,TU
2002.75,-852.25,0,TU
-760.75,-852.25,0,TU
-1017.75,-851.75,0,TU
-418.25,-851.75,0,TU
1691.25,-851.25,0,TU
-1384.75,-850.75,0,TU
1586.25,-850.75,0,TU
-982.25,-850.25,0,TU
169.25,-849.75,0,TU
1715.75,-848.75,0,TU
-684.75,-848.75,0,TU
599.75,-848.25,0,TU
-478.25,-846.75,0,TU
-1122.25,-845.25,0,TU
2084.75,-844.75,0,TU
-1201.75,-843.25,0,TU
1961.25,-842.25,0,TU
763.25,-840.25,0,TU
520.75,-839.25,0,TU
-389.75,-838.75,0,TU
-777.25,-838.25,0,TU
1841.25,-837.25,0,TU
184.25,-835.75,0,TU
-1095.75,-835.75,0,TU
341.25,-835.25,0,TU
-1148.75,-834.75,0,TU
213.75,-834.25,0,TU
1892.75,-833.75,0,TU
1616.25,-832.25,0,TU
1884.25,-830.25,0,TU
354.75,-830.25,0,TU
-533.75,-829.25,0,TU
-450.25,-828.75,0,TU
-225.25,-828.75,0,TU
815.25,-828.25,0,TU
1513.75,-827.75,0,TU
1106.25,-827.25,0,TU
1342.25,-827.25,0,TU
1289.75,-826.25,0,TU
414.25,-826.25,0,TU
1952.25,-825.25,0,TU
493.25,-824.75,0,TU
605.25,-823.75,0,TU
815.25,-823.75,0,TU
2092.75,-823.25,0,TU
1952.25,-822.75,0,TU
-655.25,-819.75,0,TU
108.75,-819.25,0,TU
-1009.75,-818.75,0,TU
-406.25,-817.75,0,TU
396.75,-817.75,0,TU
-1455.75,-817.25,0,TU
-467.25,-816.25,0,TU
-28.25,-816.25,0,TU
53.25,-815.75,0,TU
1933.75,-814.25,0,TU
470.75,-814.25,0,TU
1878.25,-813.75,0,TU
-1430.25,-813.25,0,TU
16.25,-812.75,0,TU
166.25,-812.75,0,TU
273.75,-812.75,0,TU
440.25,-812.25,0,TU
1964.25,-812.25,0,TU
582.75,-811.75,0,TU
-780.75,-810.75,0,TU
-1095.75,-809.25,0,TU
368.25,-808.25,0,TU
2023.75,-807.75,0,TU
-1397.25,-807.75,0,TU
195.25,-806.25,0,TU
-448.75,-805.75,0,TU
1610.75,-804.75,0,TU
-1316.75,-804.75,0,TU
-412.25,-803.75,0,TU
2041.75,-803.75,0,TU
222.75,-803.25,0,TU
776.25,-802.25,0,TU
250.25,-802.25,0,TU
-487.25,-800.75,0,TU
-679.25,-799.75,0,TU
1275.25,-799.75,0,TU
-906.25,-798.75,0,TU
-1273.75,-798.25,0,TU
535.25,-796.75,0,TU
261.25,-796.25,0,TU
152.75,-795.75,0,TU
-1025.25,-795.75,0,TU
-1.25,-794.75,0,TU
2001.25,-793.25,0,TU
190.25,-790.75,0,TU
906.25,-789.75,0,TU
37.25,-788.75,0,TU
2017.75,-787.75,0,TU
-1258.25,-787.25,0,TU
-436.25,-785.75,0,TU
721.25,-785.75,0,TU
-1452.25,-784.25,0,TU
-459.25,-782.75,0,TU
2041.75,-782.75,0,TU
-97.25,-780.75,0,TU
-1146.25,-780.25,0,TU
1610.75,-779.75,0,TU
1269.75,-779.75,0,TU
1504.75,-779.25,0,TU
260.25,-779.25,0,TU
-884.75,-778.75,0,TU
1418.25,-778.25,0,TU
328.25,-774.25,0,TU
471.25,-773.75,0,TU
-276.75,-773.75,0,TU
876.25,-773.25,0,TU
46.75,-771.75,0,TU
-123.25,-771.75,0,TU
-7.25,-770.75,0,TU
-1117.75,-770.25,0,TU
811.25,-767.75,0,TU
-416.25,-767.25,0,TU
-1468.75,-766.75,0,TU
1233.25,-764.75,0,TU
-1088.25,-764.75,0,TU
-473.25,-760.75,0,TU
13.75,-759.75,0,TU
-129.75,-759.25,0,TU
-245.25,-759.25,0,TU
-1140.25,-758.75,0,TU
-551.25,-758.75,0,TU
-1489.75,-757.75,0,TU
1718.25,-755.75,0,TU
-1236.25,-755.25,0,TU
-445.75,-754.75,0,TU
905.75,-754.75,0,TU
1090.75,-753.75,0,TU
-83.25,-753.75,0,TU
-1350.75,-753.25,0,TU
-154.25,-751.75,0,TU
799.75,-751.75,0,TU
760.25,-751.25,0,TU
247.25,-750.25,0,TU
437.75,-748.25,0,TU
1618.75,-747.25,0,TU
-268.25,-746.75,0,TU
36.25,-745.25,0,TU
1332.25,-744.75,0,TU
500.25,-743.25,0,TU
-870.25,-742.25,0,TU
-1365.75,-740.75,0,TU
-1130.25,-740.25,0,TU
1221.25,-739.75,0,TU
-296.75,-738.25,0,TU
-958.75,-736.75,0,TU
1026.25,-736.25,0,TU
-10.75,-736.25,0,TU
-998.75,-735.75,0,TU
-1159.75,-735.75,0,TU
-552.25,-734.25,0,TU
-1068.75,-734.25,0,TU
-254.75,-734.25,0,TU
1270.75,-734.25,0,TU
789.25,-733.25,0,TU
-436.75,-732.75,0,TU
-114.75,-732.75,0,TU
-228.75,-729.25,0,TU
-159.25,-726.75,0,TU
-525.75,-725.75,0,TU
-456.25,-725.25,0,TU
-133.25,-724.75,0,TU
24.75,-724.75,0,TU
-1233.75,-724.75,0,TU
1603.75,-724.25,0,TU
772.25,-722.75,0,TU
1781.75,-722.25,0,TU
-273.25,-721.75,0,TU
-1405.25,-721.25,0,TU
-861.25,-720.75,0,TU
-1351.25,-718.25,0,TU
1822.75,-716.25,0,TU
122.25,-715.25,0,TU
-667.75,-715.25,0,TU
-191.25,-714.75,0,TU
705.75,-714.75,0,TU
654.75,-714.75,0,TU
-394.25,-714.25,0,TU
808.75,-713.75,0,TU
-551.25,-713.75,0,TU
1740.25,-711.75,0,TU
830.25,-711.75,0,TU
1014.25,-711.25,0,TU
40.25,-710.75,0,TU
-243.25,-710.25,0,TU
-1373.75,-709.25,0,TU
-1195.25,-708.25,0,TU
417.25,-704.25,0,TU
769.25,-704.25,0,TU
-799.75,-704.25,0,TU
-827.75,-704.25,0,TU
-445.25,-704.25,0,TU
-624.25,-703.75,0,TU
-270.75,-703.75,0,TU
-589.75,-702.75,0,TU
228.75,-698.75,0,TU
-1014.75,-695.25,0,TU
-702.25,-695.25,0,TU
369.75,-694.75,0,TU
-763.75,-694.25,0,TU
-730.75,-693.75,0,TU
-1362.25,-693.25,0,TU
-838.75,-693.25,0,TU
-866.25,-692.75,0,TU
-1227.75,-692.75,0,TU
-385.75,-692.75,0,TU
281.25,-690.75,0,TU
-291.75,-689.75,0,TU
139.75,-689.75,0,TU
859.75,-689.25,0,TU
-1569.75,-688.75,0,TU
606.75,-687.25,0,TU
564.25,-686.75,0,TU
-158.75,-686.25,0,TU
-625.25,-685.75,0,TU
816.25,-685.75,0,TU
-676.25,-685.25,0,TU
-261.75,-685.25,0,TU
-2035.75,-684.75,0,TU
797.25,-683.75,0,TU
-1527.25,-682.25,0,TU
-402.25,-681.75,0,TU
-646.25,-681.25,0,TU
-244.75,-680.75,0,TU
-989.25,-680.75,0,TU
535.75,-678.25,0,TU
-1253.25,-675.75,0,TU
-933.25,-675.25,0,TU
-486.25,-674.25,0,TU
630.75,-673.25,0,TU
-687.25,-672.25,0,TU
-704.25,-672.25,0,TU
98.75,-672.25,0,TU
-969.25,-669.25,0,TU
-1228.75,-669.25,0,TU
227.75,-668.75,0,TU
1182.25,-667.75,0,TU
1225.25,-667.25,0,TU
-229.75,-666.75,0,TU
-1428.75,-666.25,0,TU
-2024.75,-664.25,0,TU
-734.25,-663.75,0,TU
-1177.75,-663.75,0,TU
132.25,-663.25,0,TU
-632.25,-662.75,0,TU
-1266.25,-662.25,0,TU
-1351.25,-661.75,0,TU
-1391.25,-658.75,0,TU
190.75,-658.75,0,TU
165.25,-658.25,0,TU
-1305.25,-656.25,0,TU
-652.25,-655.75,0,TU
-609.25,-655.25,0,TU
-791.75,-654.75,0,TU
-952.25,-653.75,0,TU
809.75,-652.75,0,TU
-701.75,-650.75,0,TU
607.75,-649.75,0,TU
416.75,-648.25,0,TU
207.75,-646.75,0,TU
-1222.75,-646.75,0,TU
-2054.75,-646.25,0,TU
-734.75,-644.25,0,TU
97.75,-642.75,0,TU
-1051.25,-642.75,0,TU
-776.75,-642.25,0,TU
-1435.75,-641.75,0,TU
-1248.25,-641.25,0,TU
-1157.25,-640.75,0,TU
875.75,-640.25,0,TU
-984.75,-638.75,0,TU
-2074.75,-637.75,0,TU
-130.25,-637.25,0,TU
-1201.75,-636.75,0,TU
-150.75,-635.75,0,TU
-1467.25,-634.75,0,TU
-684.25,-634.25,0,TU
-38.25,-634.25,0,TU
-758.75,-633.75,0,TU
-1218.25,-633.25,0,TU
1346.75,-633.25,0,TU
164.75,-632.75,0,TU
1168.25,-632.25,0,TU
1670.75,-632.25,0,TU
-1038.75,-631.75,0,TU
594.75,-631.75,0,TU
323.75,-628.75,0,TU
134.25,-627.75,0,TU
-1181.25,-627.25,0,TU
-651.75,-626.75,0,TU
8.75,-626.75,0,TU
910.25,-626.25,0,TU
465.75,-626.25,0,TU
-1023.75,-625.75,0,TU
-174.25,-625.25,0,TU
-539.75,-624.25,0,TU
-1290.75,-623.75,0,TU
188.75,-623.25,0,TU
986.75,-621.25,0,TU
-633.75,-619.75,0,TU
-903.25,-619.25,0,TU
626.75,-619.25,0,TU
-225.25,-618.75,0,TU
-290.25,-618.75,0,TU
-23.25,-618.25,0,TU
-736.75,-618.25,0,TU
-198.75,-618.25,0,TU
828.25,-618.25,0,TU
36.75,-617.25,0,TU
-1083.25,-616.75,0,TU
-597.25,-615.75,0,TU
-138.75,-614.75,0,TU
-946.75,-614.25,0,TU
-112.75,-613.75,0,TU
583.25,-612.75,0,TU
-798.75,-612.25,0,TU
-693.75,-610.25,0,TU
881.25,-609.75,0,TU
275.25,-609.25,0,TU
862.75,-608.75,0,TU
762.75,-608.25,0,TU
-767.25,-608.25,0,TU
-1581.75,-607.75,0,TU
1702.75,-607.25,0,TU
421.25,-606.75,0,TU
201.75,-606.75,0,TU
164.25,-606.25,0,TU
613.25,-605.25,0,TU
1379.25,-603.25,0,TU
-625.75,-602.25,0,TU
-1220.25,-601.75,0,TU
463.25,-600.75,0,TU
-235.75,-600.75,0,TU
-1165.75,-600.75,0,TU
-554.25,-600.25,0,TU
-2079.25,-600.25,0,TU
-1476.25,-599.25,0,TU
-1109.75,-598.75,0,TU
-1068.25,-597.25,0,TU
564.75,-596.75,0,TU
-288.25,-596.25,0,TU
-595.75,-595.75,0,TU
-208.25,-595.75,0,TU
-715.75,-595.75,0,TU
983.25,-595.25,0,TU
-1251.25,-595.25,0,TU
-134.75,-594.25,0,TU
529.75,-594.25,0,TU
-1530.75,-593.25,0,TU
-796.75,-592.25,0,TU
-154.25,-591.75,0,TU
870.75,-591.75,0,TU
-499.25,-591.75,0,TU
-750.25,-591.25,0,TU
-262.75,-589.75,0,TU
24.25,-588.75,0,TU
713.75,-588.25,0,TU
-766.25,-587.75,0,TU
-1422.25,-587.25,0,TU
825.25,-587.25,0,TU
-312.25,-586.25,0,TU
-583.25,-586.25,0,TU
672.25,-585.75,0,TU
1056.25,-584.75,0,TU
767.25,-583.75,0,TU
-2104.25,-583.75,0,TU
-1180.75,-583.75,0,TU
-179.25,-582.75,0,TU
165.25,-581.75,0,TU
-618.75,-581.25,0,TU
-2079.75,-581.25,0,TU
-284.25,-581.25,0,TU
661.75,-579.25,0,TU
-665.75,-579.25,0,TU
-209.25,-578.75,0,TU
-112.25,-578.25,0,TU
-1548.75,-577.75,0,TU
637.25,-577.75,0,TU
-737.75,-577.75,0,TU
1027.25,-576.75,0,TU
-148.25,-576.25,0,TU
-629.75,-575.75,0,TU
-598.25,-575.25,0,TU
-2176.25,-575.25,0,TU
578.25,-574.75,0,TU
-782.75,-574.75,0,TU
1143.75,-574.25,0,TU
-565.25,-574.25,0,TU
-1572.75,-573.75,0,TU
-1091.75,-573.25,0,TU
273.25,-572.75,0,TU
-267.25,-572.75,0,TU
-1159.75,-571.75,0,TU
-234.25,-571.25,0,TU
1003.75,-570.25,0,TU
-797.75,-570.25,0,TU
-431.75,-568.75,0,TU
741.75,-568.75,0,TU
-1615.75,-567.75,0,TU
1443.25,-566.75,0,TU
-471.75,-565.75,0,TU
407.75,-564.25,0,TU
-1184.75,-564.25,0,TU
-544.25,-564.25,0,TU
541.25,-563.75,0,TU
128.75,-563.75,0,TU
705.75,-563.75,0,TU
-744.25,-562.75,0,TU
-1235.75,-562.75,0,TU
-502.25,-562.25,0,TU
435.25,-561.75,0,TU
-766.75,-560.75,0,TU
-1335.25,-558.75,0,TU
-286.75,-556.25,0,TU
-1535.75,-555.75,0,TU
-218.25,-555.75,0,TU
-311.25,-555.25,0,TU
1069.75,-554.75,0,TU
770.75,-554.25,0,TU
-509.75,-551.25,0,TU
-905.25,-551.25,0,TU
-872.25,-551.25,0,TU
-363.25,-549.75,0,TU
1345.25,-549.25,0,TU
-265.25,-548.25,0,TU
478.75,-547.25,0,TU
-338.75,-546.75,0,TU
980.75,-546.25,0,TU
575.75,-545.25,0,TU
-313.25,-544.75,0,TU
-420.25,-543.25,0,TU
-596.75,-542.75,0,TU
-1370.25,-542.75,0,TU
-446.75,-542.75,0,TU
-648.25,-542.75,0,TU
-677.25,-540.75,0,TU
544.75,-540.75,0,TU
1020.25,-540.75,0,TU
723.25,-540.75,0,TU
-1223.75,-539.75,0,TU
-474.75,-538.25,0,TU
-561.75,-537.25,0,TU
141.25,-536.25,0,TU
-1552.25,-533.25,0,TU
1465.25,-532.25,0,TU
-1515.75,-530.25,0,TU
-367.25,-530.25,0,TU
-2031.25,-529.75,0,TU
-322.75,-529.75,0,TU
-511.75,-529.75,0,TU
-585.25,-528.25,0,TU
-638.25,-528.25,0,TU
-2090.75,-527.75,0,TU
193.75,-525.75,0,TU
-1567.75,-525.25,0,TU
457.75,-524.25,0,TU
629.25,-519.75,0,TU
-383.75,-519.25,0,TU
-354.25,-518.75,0,TU
-1341.25,-517.75,0,TU
748.75,-517.75,0,TU
-445.25,-517.75,0,TU
-411.75,-517.25,0,TU
-1615.25,-516.75,0,TU
-708.75,-516.25,0,TU
-1652.75,-515.75,0,TU
971.25,-515.75,0,TU
-591.75,-514.75,0,TU
234.25,-513.75,0,TU
-548.75,-512.25,0,TU
-614.75,-511.75,0,TU
-957.25,-510.75,0,TU
-334.75,-509.25,0,TU
-2186.75,-508.25,0,TU
138.25,-508.25,0,TU
-1277.25,-508.25,0,TU
-393.25,-505.75,0,TU
-1528.25,-505.75,0,TU
-2213.75,-505.25,0,TU
-572.25,-505.25,0,TU
-494.75,-504.25,0,TU
-1563.75,-503.75,0,TU
-111.25,-503.75,0,TU
-60.25,-502.25,0,TU
1406.75,-502.25,0,TU
-659.25,-501.75,0,TU
1433.25,-500.75,0,TU
-1242.75,-500.25,0,TU
-724.75,-499.25,0,TU
1363.75,-499.25,0,TU
-2158.75,-498.25,0,TU
-360.75,-497.75,0,TU
-421.25,-497.75,0,TU
-2105.75,-497.25,0,TU
367.25,-496.75,0,TU
-596.25,-496.25,0,TU
-519.75,-494.75,0,TU
-88.25,-494.75,0,TU
-212.75,-494.75,0,TU
-1593.25,-494.25,0,TU
278.25,-493.75,0,TU
-846.25,-492.75,0,TU
-629.75,-490.25,0,TU
-1553.25,-488.75,0,TU
-672.75,-488.75,0,TU
-1522.25,-488.25,0,TU
-1640.75,-487.75,0,TU
-1574.25,-487.25,0,TU
-338.75,-487.25,0,TU
458.25,-485.75,0,TU
-556.75,-485.25,0,TU
-443.75,-484.25,0,TU
-1289.25,-483.25,0,TU
-374.75,-482.25,0,TU
-325.75,-482.25,0,TU
-48.75,-480.75,0,TU
-2191.25,-479.75,0,TU
-22.25,-479.25,0,TU
-392.75,-478.75,0,TU
-590.25,-477.75,0,TU
-693.25,-477.75,0,TU
607.25,-476.75,0,TU
-1571.25,-476.25,0,TU
230.75,-475.75,0,TU
-363.75,-474.75,0,TU
-1628.25,-473.75,0,TU
-1544.25,-473.25,0,TU
-2111.25,-472.25,0,TU
-410.75,-471.25,0,TU
399.75,-471.25,0,TU
475.75,-470.75,0,TU
138.25,-470.75,0,TU
1360.25,-470.25,0,TU
981.25,-468.25,0,TU
-306.75,-467.75,0,TU
1232.25,-467.25,0,TU
-526.75,-465.75,0,TU
-103.25,-465.25,0,TU
-553.25,-464.75,0,TU
-1561.25,-464.75,0,TU
629.75,-463.25,0,TU
-641.25,-462.75,0,TU
-1587.25,-462.25,0,TU
300.25,-461.25,0,TU
-344.75,-461.25,0,TU
166.75,-460.75,0,TU
-450.75,-460.75,0,TU
-571.25,-460.75,0,TU
-388.75,-460.25,0,TU
-374.25,-459.75,0,TU
1210.75,-458.75,0,TU
-1052.75,-458.25,0,TU
1177.25,-457.25,0,TU
-75.25,-457.25,0,TU
-1293.25,-456.25,0,TU
-53.25,-455.25,0,TU
-18.75,-455.25,0,TU
-667.75,-454.75,0,TU
-698.75,-454.75,0,TU
-477.25,-452.75,0,TU
-1521.75,-452.75,0,TU
-423.75,-451.75,0,TU
1246.75,-447.75,0,TU
-1506.25,-447.25,0,TU
395.75,-446.25,0,TU
-1548.75,-446.25,0,TU
-584.25,-445.75,0,TU
-2147.25,-445.25,0,TU
572.25,-444.75,0,TU
-735.75,-443.75,0,TU
-1577.75,-441.75,0,TU
-417.75,-439.75,0,TU
-1607.75,-439.25,0,TU
-310.75,-438.75,0,TU
261.25,-438.25,0,TU
-1356.25,-437.75,0,TU
663.75,-436.75,0,TU
-338.75,-436.75,0,TU
-391.25,-435.75,0,TU
-539.75,-435.25,0,TU
692.25,-433.75,0,TU
-361.25,-433.25,0,TU
371.25,-433.25,0,TU
-1393.75,-432.25,0,TU
-826.75,-429.75,0,TU
38.25,-428.75,0,TU
-39.75,-427.25,0,TU
326.25,-425.75,0,TU
-757.75,-424.75,0,TU
-100.25,-424.75,0,TU
299.75,-424.25,0,TU
-381.25,-422.25,0,TU
652.75,-418.75,0,TU
383.25,-417.75,0,TU
87.25,-416.75,0,TU
-2195.25,-416.25,0,TU
-1560.25,-416.25,0,TU
-728.25,-415.75,0,TU
-705.25,-414.25,0,TU
-408.25,-413.75,0,TU
-1660.75,-413.25,0,TU
-330.25,-411.75,0,TU
139.75,-410.25,0,TU
-1688.75,-410.25,0,TU
409.75,-408.75,0,TU
-365.75,-408.75,0,TU
-350.75,-408.25,0,TU
1502.25,-408.25,0,TU
-601.25,-397.75,0,TU
-731.25,-397.75,0,TU
331.25,-397.25,0,TU
-386.25,-395.25,0,TU
146.75,-395.25,0,TU
772.25,-394.25,0,TU
731.75,-393.75,0,TU
-2131.25,-390.25,0,TU
208.75,-388.75,0,TU
-361.75,-387.25,0,TU
305.25,-386.75,0,TU
112.25,-386.25,0,TU
646.25,-386.25,0,TU
-333.75,-385.25,0,TU
496.75,-383.75,0,TU
41.75,-383.25,0,TU
-397.75,-382.75,0,TU
535.75,-382.75,0,TU
-745.25,-382.75,0,TU
-1072.25,-380.25,0,TU
-716.25,-379.25,0,TU
-590.75,-377.75,0,TU
265.25,-376.25,0,TU
156.75,-375.25,0,TU
1000.75,-372.75,0,TU
838.75,-372.75,0,TU
63.25,-372.25,0,TU
681.25,-372.25,0,TU
245.75,-371.75,0,TU
1396.25,-370.75,0,TU
-944.75,-370.25,0,TU
-363.25,-370.25,0,TU
1238.75,-369.75,0,TU
293.25,-369.75,0,TU
134.75,-368.25,0,TU
174.25,-368.25,0,TU
-645.75,-368.25,0,TU
-696.75,-366.75,0,TU
1434.25,-366.75,0,TU
-1044.75,-366.75,0,TU
858.25,-366.75,0,TU
1059.75,-366.25,0,TU
765.25,-363.25,0,TU
1389.75,-362.25,0,TU
-2115.75,-360.75,0,TU
220.75,-360.75,0,TU
655.25,-360.25,0,TU
1317.75,-359.25,0,TU
1264.25,-358.75,0,TU
872.25,-358.75,0,TU
821.25,-358.75,0,TU
-559.25,-358.25,0,TU
-486.75,-356.75,0,TU
87.25,-355.75,0,TU
191.75,-349.25,0,TU
152.75,-348.25,0,TU
-591.25,-346.25,0,TU
-2130.75,-344.25,0,TU
-359.25,-342.75,0,TU
-1081.75,-334.75,0,TU
-620.25,-330.75,0,TU
-560.25,-326.75,0,TU
262.75,-326.25,0,TU
230.25,-325.75,0,TU
-590.25,-322.25,0,TU
-131.75,-321.75,0,TU
209.25,-320.25,0,TU
289.25,-317.25,0,TU
-873.75,-316.25,0,TU
-391.25,-316.25,0,TU
-571.25,-314.25,0,TU
-166.25,-310.75,0,TU
186.75,-309.75,0,TU
-2146.75,-307.75,0,TU
124.75,-306.25,0,TU
1202.25,-303.75,0,TU
-1610.75,-302.75,0,TU
-98.75,-300.75,0,TU
156.25,-300.25,0,TU
1025.75,-298.25,0,TU
1260.75,-298.25,0,TU
639.75,-293.25,0,TU
987.75,-292.75,0,TU
581.25,-291.25,0,TU
-133.75,-289.75,0,TU
266.75,-289.25,0,TU
-153.75,-288.25,0,TU
1300.25,-287.75,0,TU
300.75,-286.75,0,TU
-599.25,-285.25,0,TU
1017.25,-284.75,0,TU
773.75,-284.75,0,TU
-557.75,-284.25,0,TU
-401.75,-282.75,0,TU
898.75,-282.75,0,TU
-1637.25,-280.75,0,TU
-381.25,-278.25,0,TU
-461.25,-277.25,0,TU
1001.75,-276.75,0,TU
400.25,-276.75,0,TU
794.75,-276.25,0,TU
432.25,-273.25,0,TU
753.25,-271.25,0,TU
860.25,-270.25,0,TU
1202.25,-268.75,0,TU
-822.25,-268.75,0,TU
631.75,-268.75,0,TU
-622.75,-268.25,0,TU
-775.25,-262.75,0,TU
1015.75,-262.75,0,TU
1035.75,-261.25,0,TU
471.75,-260.75,0,TU
-514.75,-259.25,0,TU
985.25,-258.75,0,TU
1182.25,-257.75,0,TU
664.25,-257.75,0,TU
604.25,-255.25,0,TU
1151.25,-254.75,0,TU
245.25,-254.25,0,TU
410.75,-253.25,0,TU
-1113.75,-252.75,0,TU
630.25,-251.75,0,TU
905.25,-251.25,0,TU
-1365.25,-250.75,0,TU
3.75,-250.25,0,TU
-569.75,-249.75,0,TU
-1553.25,-248.75,0,TU
687.25,-248.25,0,TU
862.25,-247.75,0,TU
650.25,-247.25,0,TU
-1340.75,-245.25,0,TU
-1050.25,-245.25,0,TU
781.75,-243.25,0,TU
-624.25,-241.75,0,TU
182.25,-239.25,0,TU
-1642.75,-238.75,0,TU
1002.75,-238.75,0,TU
500.25,-235.75,0,TU
-727.75,-235.75,0,TU
1053.25,-234.25,0,TU
-553.75,-233.25,0,TU
752.75,-231.75,0,TU
-1908.25,-228.75,0,TU
-503.25,-228.25,0,TU
695.25,-227.25,0,TU
904.75,-225.75,0,TU
1016.75,-225.25,0,TU
-416.75,-225.25,0,TU
861.25,-224.75,0,TU
-762.25,-223.25,0,TU
-324.75,-222.75,0,TU
1082.25,-222.75,0,TU
-490.75,-219.75,0,TU
1039.75,-218.75,0,TU
-204.75,-218.75,0,TU
-2049.75,-218.25,0,TU
-1411.75,-217.75,0,TU
-451.25,-217.25,0,TU
675.25,-215.75,0,TU
-369.75,-215.25,0,TU
-1797.75,-214.25,0,TU
25.75,-212.75,0,TU
-158.25,-212.75,0,TU
449.75,-212.25,0,TU
58.25,-212.25,0,TU
475.25,-211.75,0,TU
-1182.75,-211.25,0,TU
-118.75,-211.25,0,TU
-393.25,-208.25,0,TU
1013.75,-207.25,0,TU
-1379.25,-206.25,0,TU
-930.25,-204.75,0,TU
502.25,-204.75,0,TU
1077.75,-204.25,0,TU
-554.25,-203.75,0,TU
1056.75,-203.25,0,TU
858.75,-202.25,0,TU
637.75,-201.75,0,TU
518.75,-199.25,0,TU
-418.25,-198.75,0,TU
-1430.25,-196.75,0,TU
1115.75,-195.25,0,TU
1153.75,-194.75,0,TU
413.75,-194.75,0,TU
-2068.75,-194.75,0,TU
837.25,-192.25,0,TU
-1853.25,-191.75,0,TU
974.75,-191.75,0,TU
-1121.75,-191.75,0,TU
-1256.25,-190.25,0,TU
296.25,-190.25,0,TU
-2033.25,-188.75,0,TU
454.75,-187.75,0,TU
-167.25,-187.25,0,TU
-113.75,-184.75,0,TU
813.25,-184.25,0,TU
-435.25,-183.75,0,TU
-203.25,-182.25,0,TU
182.75,-179.75,0,TU
146.25,-178.25,0,TU
1016.25,-178.25,0,TU
-409.75,-176.75,0,TU
-459.25,-174.25,0,TU
73.25,-174.25,0,TU
-1595.25,-171.75,0,TU
-92.25,-169.25,0,TU
629.75,-166.25,0,TU
-693.75,-165.25,0,TU
587.75,-164.75,0,TU
-2047.75,-163.25,0,TU
775.75,-162.75,0,TU
97.75,-162.75,0,TU
980.75,-162.25,0,TU
740.25,-161.75,0,TU
316.25,-161.75,0,TU
-1086.75,-160.25,0,TU
609.25,-159.75,0,TU
-448.25,-159.25,0,TU
-419.25,-159.25,0,TU
286.25,-159.25,0,TU
-587.25,-158.25,0,TU
177.25,-157.75,0,TU
448.75,-157.25,0,TU
-1635.75,-156.75,0,TU
-1839.75,-154.25,0,TU
-1437.75,-151.75,0,TU
360.75,-148.25,0,TU
-1293.75,-147.75,0,TU
631.25,-147.25,0,TU
-870.25,-144.75,0,TU
-380.25,-142.75,0,TU
743.25,-141.25,0,TU
66.25,-140.25,0,TU
658.25,-139.75,0,TU
643.25,-138.25,0,TU
701.75,-137.75,0,TU
328.75,-137.25,0,TU
580.25,-136.75,0,TU
167.75,-133.75,0,TU
104.75,-132.25,0,TU
-632.25,-132.25,0,TU
-1464.75,-130.25,0,TU
-391.25,-128.25,0,TU
-1839.75,-127.25,0,TU
-582.75,-127.25,0,TU
187.25,-127.25,0,TU
611.25,-126.75,0,TU
-1048.25,-126.25,0,TU
-428.25,-126.25,0,TU
-827.25,-124.75,0,TU
672.75,-123.75,0,TU
-718.25,-123.25,0,TU
-298.75,-122.75,0,TU
-1415.75,-122.75,0,TU
-1616.75,-122.25,0,TU
634.25,-121.25,0,TU
317.75,-121.25,0,TU
296.75,-121.25,0,TU
459.75,-120.75,0,TU
-1192.75,-120.25,0,TU
271.75,-117.75,0,TU
-1864.75,-115.25,0,TU
-1364.25,-115.25,0,TU
-78.75,-113.75,0,TU
243.25,-113.75,0,TU
-1438.25,-113.75,0,TU
-539.25,-113.25,0,TU
-1706.25,-112.25,0,TU
-848.25,-111.75,0,TU
-351.75,-110.25,0,TU
-131.75,-110.25,0,TU
334.75,-109.25,0,TU
-2208.75,-108.75,0,TU
-1890.75,-108.25,0,TU
-373.25,-107.25,0,TU
-1125.75,-106.75,0,TU
402.75,-106.75,0,TU
-728.25,-106.25,0,TU
729.75,-106.25,0,TU
-255.25,-103.75,0,TU
186.75,-103.75,0,TU
-397.25,-103.25,0,TU
-463.75,-102.75,0,TU
-755.75,-101.75,0,TU
-2167.25,-100.25,0,TU
-165.25,-100.25,0,TU
-2140.25,-98.25,0,TU
-2193.75,-97.75,0,TU
305.25,-97.25,0,TU
-637.75,-96.75,0,TU
715.25,-96.25,0,TU
-340.75,-94.75,0,TU
642.25,-93.75,0,TU
-2225.25,-92.75,0,TU
-511.25,-92.75,0,TU
-490.75,-91.75,0,TU
-1626.75,-91.75,0,TU
-273.75,-91.25,0,TU
-1726.25,-90.25,0,TU
-712.25,-89.25,0,TU
328.25,-89.25,0,TU
-884.75,-88.75,0,TU
-209.25,-87.75,0,TU
-1926.25,-86.75,0,TU
-1377.75,-86.75,0,TU
-304.25,-85.75,0,TU
669.25,-85.75,0,TU
-1658.25,-85.25,0,TU
-376.25,-85.25,0,TU
684.25,-84.25,0,TU
-1351.25,-83.75,0,TU
-555.25,-82.75,0,TU
586.25,-82.25,0,TU
-734.25,-81.75,0,TU
-135.25,-81.25,0,TU
-439.25,-80.75,0,TU
-183.25,-80.75,0,TU
-227.75,-80.25,0,TU
-262.75,-76.25,0,TU
-2158.75,-75.75,0,TU
-1993.25,-75.25,0,TU
-533.75,-74.25,0,TU
-902.75,-73.75,0,TU
-641.25,-73.75,0,TU
-2119.75,-70.75,0,TU
-1290.25,-69.25,0,TU
535.75,-69.25,0,TU
-502.75,-69.25,0,TU
-169.25,-67.75,0,TU
-1886.25,-67.75,0,TU
-2026.25,-67.25,0,TU
-1390.75,-66.25,0,TU
-718.25,-64.75,0,TU
-1775.75,-64.75,0,TU
-1066.75,-64.75,0,TU
-1614.25,-64.75,0,TU
-483.75,-64.75,0,TU
712.25,-64.25,0,TU
-1012.75,-64.25,0,TU
-749.75,-64.25,0,TU
-1360.75,-62.75,0,TU
656.25,-62.25,0,TU
-1746.75,-62.25,0,TU
-2213.75,-61.25,0,TU
-1117.75,-61.25,0,TU
321.75,-60.75,0,TU
-270.75,-60.25,0,TU
-356.25,-59.75,0,TU
-2161.25,-59.25,0,TU
748.25,-59.25,0,TU
-1796.75,-58.25,0,TU
625.75,-56.75,0,TU
-537.75,-56.25,0,TU
-636.25,-56.25,0,TU
-902.25,-55.25,0,TU
-467.75,-54.75,0,TU
-681.75,-53.75,0,TU
-65.75,-53.25,0,TU
-826.25,-51.75,0,TU
343.25,-51.75,0,TU
-1825.75,-51.25,0,TU
-1094.75,-50.75,0,TU
-1156.75,-49.75,0,TU
-1645.75,-49.25,0,TU
-1268.25,-48.25,0,TU
-854.75,-47.75,0,TU
-712.75,-47.75,0,TU
-1124.25,-47.25,0,TU
-1343.75,-46.25,0,TU
-2036.25,-46.25,0,TU
-514.25,-45.25,0,TU
-733.75,-43.75,0,TU
-306.75,-43.75,0,TU
-170.75,-43.25,0,TU
726.25,-43.25,0,TU
-1181.25,-42.75,0,TU
-423.75,-42.25,0,TU
-1997.75,-42.25,0,TU
436.25,-41.25,0,TU
-220.75,-39.25,0,TU
12.75,-38.75,0,TU
648.25,-38.75,0,TU
-247.75,-38.25,0,TU
-2239.25,-36.25,0,TU
-750.75,-36.25,0,TU
-273.25,-36.25,0,TU
-141.25,-35.75,0,TU
-1287.25,-35.25,0,TU
-1301.75,-34.75,0,TU
-866.25,-34.25,0,TU
-1069.25,-34.25,0,TU
-1108.75,-33.75,0,TU
-461.25,-32.75,0,TU
-2155.75,-32.25,0,TU
662.25,-30.25,0,TU
-1245.75,-30.25,0,TU
-2333.25,-30.25,0,TU
-801.75,-30.25,0,TU
-1133.75,-29.25,0,TU
-631.25,-29.25,0,TU
-572.75,-28.25,0,TU
-1643.75,-26.75,0,TU
-2058.25,-25.75,0,TU
-1807.25,-23.75,0,TU
-704.25,-22.75,0,TU
-720.25,-22.75,0,TU
-1097.25,-22.25,0,TU
-1068.75,-22.25,0,TU
-514.75,-22.25,0,TU
-2068.25,-22.25,0,TU
-618.75,-21.25,0,TU
-168.25,-21.25,0,TU
-589.25,-20.75,0,TU
-1998.25,-20.25,0,TU
-2019.75,-19.75,0,TU
-2170.25,-17.75,0,TU
212.25,-14.75,0,TU
-758.25,-13.75,0,TU
-449.75,-11.75,0,TU
-2036.25,-10.25,0,TU
-2193.25,-8.25,0,TU
-734.25,-7.75,0,TU
-488.25,-7.25,0,TU
-789.25,-7.25,0,TU
-1150.25,-6.25,0,TU
706.75,-5.75,0,TU
545.75,-5.25,0,TU
-1427.75,-4.25,0,TU
-1187.25,-4.25,0,TU
-2395.75,-3.75,0,TU
-1025.25,-3.75,0,TU
-1396.75,-3.25,0,TU
-612.25,-2.75,0,TU
-1259.75,-2.25,0,TU
-556.75,-2.25,0,TU
-1609.75,-1.75,0,TU
-586.25,-0.25,0,TU
-153.75,0.25,0,TU
-512.25,0.75,0,TU
-1213.25,1.25,0,TU
-225.75,1.25,0,TU
-2006.25,1.75,0,TU
510.75,3.25,0,TU
-1050.25,3.25,0,TU
-181.25,3.75,0,TU
252.25,4.25,0,TU
-708.25,4.25,0,TU
-642.25,4.75,0,TU
-1267.75,5.25,0,TU
-1079.25,6.25,0,TU
-2142.25,6.25,0,TU
-2.75,8.25,0,TU
208.75,8.75,0,TU
-1329.25,9.75,0,TU
-1234.25,9.75,0,TU
-732.75,10.75,0,TU
-370.75,11.25,0,TU
-2030.75,11.25,0,TU
157.25,12.75,0,TU
-121.75,12.75,0,TU
-478.75,12.75,0,TU
-607.75,12.75,0,TU
-1283.75,15.25,0,TU
-460.75,15.25,0,TU
-419.25,16.75,0,TU
-1139.25,17.25,0,TU
461.75,18.25,0,TU
-1206.75,18.25,0,TU
-1355.75,18.75,0,TU
695.25,19.25,0,TU
-16.25,20.25,0,TU
-289.25,20.25,0,TU
-2078.25,21.25,0,TU
-1164.75,22.75,0,TU
-1115.75,24.25,0,TU
-563.75,24.75,0,TU
-167.25,25.25,0,TU
-1386.75,25.75,0,TU
-382.25,25.75,0,TU
-74.75,26.25,0,TU
-511.75,26.75,0,TU
-1192.75,26.75,0,TU
-1414.75,27.25,0,TU
-678.25,28.75,0,TU
-841.75,29.25,0,TU
-709.75,29.75,0,TU
555.25,29.75,0,TU
-592.75,29.75,0,TU
532.25,31.25,0,TU
344.25,31.25,0,TU
-402.75,33.25,0,TU
-27.25,33.75,0,TU
-1099.25,33.75,0,TU
-542.25,34.25,0,TU
-486.75,35.25,0,TU
-2040.25,35.25,0,TU
-1068.25,36.25,0,TU
-809.75,37.75,0,TU
-1755.75,38.25,0,TU
-55.75,39.25,0,TU
-961.25,40.25,0,TU
-353.75,41.25,0,TU
379.75,41.25,0,TU
-1127.75,42.25,0,TU
-1335.25,42.25,0,TU
402.75,42.75,0,TU
-84.75,43.75,0,TU
-2475.75,43.75,0,TU
-459.75,44.75,0,TU
176.75,44.75,0,TU
-1486.75,45.25,0,TU
-420.75,45.75,0,TU
-171.75,45.75,0,TU
-1036.25,46.25,0,TU
-666.75,46.25,0,TU
-1362.75,46.75,0,TU
593.25,47.25,0,TU
-1144.25,47.75,0,TU
577.25,48.25,0,TU
479.75,49.75,0,TU
458.75,49.75,0,TU
-2675.25,50.25,0,TU
-1300.25,51.25,0,TU
-403.25,51.25,0,TU
-1111.25,51.75,0,TU
-2012.75,52.25,0,TU
446.25,52.75,0,TU
-381.75,53.75,0,TU
-1007.75,54.25,0,TU
-35.75,54.75,0,TU
-1168.25,55.25,0,TU
-2638.25,57.75,0,TU
-898.25,58.25,0,TU
429.75,58.75,0,TU
309.75,59.25,0,TU
-2530.25,59.75,0,TU
-1601.25,59.75,0,TU
-917.75,61.25,0,TU
-1754.25,62.25,0,TU
-1535.75,62.75,0,TU
-2049.75,62.75,0,TU
-2183.75,63.75,0,TU
-861.25,64.25,0,TU
154.25,64.75,0,TU
-462.25,64.75,0,TU
-439.75,65.25,0,TU
-2122.25,65.25,0,TU
-1272.75,65.75,0,TU
-1996.75,66.25,0,TU
-1384.75,66.75,0,TU
526.75,66.75,0,TU
-942.75,67.25,0,TU
-1113.25,67.75,0,TU
178.75,68.25,0,TU
-1089.75,68.75,0,TU
-1139.25,69.25,0,TU
-94.25,70.25,0,TU
137.75,70.25,0,TU
-1660.25,70.25,0,TU
-1815.25,70.75,0,TU
-2479.25,72.75,0,TU
323.25,72.75,0,TU
-352.25,73.75,0,TU
-65.25,73.75,0,TU
-2504.25,74.25,0,TU
-2657.75,75.25,0,TU
-464.75,76.75,0,TU
-1363.75,77.75,0,TU
460.75,77.75,0,TU
-1583.25,79.25,0,TU
-862.75,79.75,0,TU
-2552.75,80.25,0,TU
-566.75,80.25,0,TU
-2576.25,81.75,0,TU
-1849.75,82.25,0,TU
424.25,83.75,0,TU
-1453.75,84.75,0,TU
-37.25,84.75,0,TU
-383.25,84.75,0,TU
-1259.75,84.75,0,TU
-1483.75,85.25,0,TU
-1117.75,85.75,0,TU
-609.25,85.75,0,TU
-967.75,86.25,0,TU
-2143.25,86.25,0,TU
-2537.75,86.25,0,TU
-1692.75,87.75,0,TU
-1614.25,88.25,0,TU
-673.25,88.25,0,TU
593.75,88.75,0,TU
-1634.75,89.75,0,TU
-2233.75,90.25,0,TU
-898.25,90.75,0,TU
-498.25,90.75,0,TU
-1548.25,90.75,0,TU
-2177.75,91.25,0,TU
-927.25,92.25,0,TU
522.75,92.75,0,TU
-863.75,93.75,0,TU
561.75,93.75,0,TU
-553.75,93.75,0,TU
-1397.75,94.25,0,TU
-2646.75,95.25,0,TU
72.75,95.25,0,TU
-2203.75,95.75,0,TU
-1349.75,96.75,0,TU
-2534.25,100.25,0,TU
-31.75,101.25,0,TU
-784.25,101.75,0,TU
-442.25,101.75,0,TU
-253.75,103.75,0,TU
-214.25,103.75,0,TU
-1491.75,104.25,0,TU
-994.25,105.75,0,TU
-1068.25,105.75,0,TU
-1565.75,107.25,0,TU
323.75,108.75,0,TU
-968.75,108.75,0,TU
496.75,108.75,0,TU
-940.75,109.25,0,TU
-1091.25,109.75,0,TU
-1592.25,109.75,0,TU
-1121.75,109.75,0,TU
32.25,109.75,0,TU
-17.25,110.75,0,TU
-1975.75,111.25,0,TU
457.75,112.25,0,TU
-1410.25,113.75,0,TU
-461.75,114.25,0,TU
-1046.25,116.25,0,TU
-2476.75,116.75,0,TU
-1019.25,116.75,0,TU
131.75,117.75,0,TU
-2660.75,117.75,0,TU
-2011.75,117.75,0,TU
303.25,118.25,0,TU
257.75,119.25,0,TU
-2569.75,119.25,0,TU
-571.75,119.75,0,TU
-996.25,119.75,0,TU
-287.75,120.25,0,TU
594.75,121.25,0,TU
568.75,121.75,0,TU
281.25,121.75,0,TU
-2508.75,123.25,0,TU
-1384.25,123.75,0,TU
-2289.75,124.25,0,TU
537.75,125.75,0,TU
-136.75,125.75,0,TU
64.25,125.75,0,TU
-176.25,127.25,0,TU
-1614.75,128.25,0,TU
-2531.75,128.25,0,TU
-1122.75,130.25,0,TU
-402.75,130.75,0,TU
-2154.25,131.75,0,TU
-504.25,131.75,0,TU
338.75,132.25,0,TU
-1455.25,132.25,0,TU
-611.25,133.25,0,TU
311.75,133.75,0,TU
-694.25,134.25,0,TU
-1148.75,134.75,0,TU
-783.25,134.75,0,TU
-1421.25,134.75,0,TU
410.25,135.25,0,TU
-1405.75,136.75,0,TU
-641.25,136.75,0,TU
-483.75,137.75,0,TU
-910.75,138.25,0,TU
-2331.75,138.75,0,TU
-2664.75,139.75,0,TU
-972.25,140.75,0,TU
-2209.25,140.75,0,TU
-568.25,141.25,0,TU
-2545.75,141.25,0,TU
-1917.25,141.75,0,TU
-316.75,142.25,0,TU
-1246.25,142.25,0,TU
-521.75,142.75,0,TU
-1344.75,143.25,0,TU
-1075.25,143.25,0,TU
-709.75,143.25,0,TU
-940.75,143.75,0,TU
-998.75,143.75,0,TU
-1497.25,144.75,0,TU
-422.75,144.75,0,TU
-238.25,145.25,0,TU
441.75,145.75,0,TU
-2567.75,147.75,0,TU
-1389.75,147.75,0,TU
-1043.75,148.25,0,TU
-68.75,148.75,0,TU
-156.25,149.25,0,TU
476.75,149.75,0,TU
528.75,149.75,0,TU
-122.75,149.75,0,TU
-1454.75,150.25,0,TU
-2277.75,150.75,0,TU
-2700.75,152.25,0,TU
-2672.75,152.25,0,TU
-388.75,152.25,0,TU
-1842.25,153.25,0,TU
402.25,153.75,0,TU
-1936.25,155.75,0,TU
-1416.75,157.75,0,TU
-647.25,158.25,0,TU
275.75,158.25,0,TU
-2722.25,158.75,0,TU
-2522.75,158.75,0,TU
346.75,159.25,0,TU
71.25,159.75,0,TU
-1468.75,160.25,0,TU
-1379.75,160.75,0,TU
-1112.25,161.75,0,TU
325.25,162.25,0,TU
-399.25,163.25,0,TU
-2156.75,163.25,0,TU
-768.75,163.75,0,TU
147.25,164.25,0,TU
-957.75,164.75,0,TU
-98.75,165.25,0,TU
-1605.25,165.75,0,TU
244.75,165.75,0,TU
-2202.75,166.25,0,TU
-1343.75,166.25,0,TU
-1039.25,168.25,0,TU
-1364.75,169.25,0,TU
-1303.75,169.25,0,TU
-2178.25,169.75,0,TU
-1574.75,169.75,0,TU
-2548.75,170.75,0,TU
-538.25,170.75,0,TU
-891.75,171.25,0,TU
418.25,172.75,0,TU
-1433.75,175.25,0,TU
-1558.75,175.75,0,TU
-2114.25,177.25,0,TU
-490.25,178.25,0,TU
-1748.25,178.75,0,TU
316.25,179.25,0,TU
-318.25,179.25,0,TU
-1993.25,180.25,0,TU
-386.75,180.25,0,TU
-1501.75,181.75,0,TU
-641.25,182.75,0,TU
-1458.75,183.75,0,TU
-2706.25,185.25,0,TU
-1781.25,185.25,0,TU
-2032.25,186.25,0,TU
229.25,186.25,0,TU
-1476.25,186.75,0,TU
345.25,186.75,0,TU
-699.75,187.75,0,TU
-2617.75,187.75,0,TU
-1380.25,188.25,0,TU
-1348.25,188.75,0,TU
-1022.75,189.25,0,TU
-401.75,189.25,0,TU
275.75,190.75,0,TU
469.75,190.75,0,TU
-257.75,191.75,0,TU
-1903.25,192.75,0,TU
199.25,193.25,0,TU
-1515.75,194.25,0,TU
-977.75,194.75,0,TU
-1734.25,194.75,0,TU
-424.25,194.75,0,TU
372.25,195.25,0,TU
253.25,195.75,0,TU
-47.75,197.25,0,TU
-2326.25,197.25,0,TU
-1333.25,197.75,0,TU
-2275.25,199.25,0,TU
-746.75,200.25,0,TU
-1603.75,200.25,0,TU
-1051.75,200.75,0,TU
-909.75,202.25,0,TU
-1295.25,202.25,0,TU
-471.75,202.75,0,TU
-2185.75,204.75,0,TU
-1462.75,205.25,0,TU
-1928.25,205.75,0,TU
-2698.75,205.75,0,TU
-388.75,206.25,0,TU
-1427.75,208.25,0,TU
183.75,208.75,0,TU
-2675.75,210.25,0,TU
-2202.75,210.75,0,TU
-1264.25,210.75,0,TU
-234.25,211.25,0,TU
-762.25,211.25,0,TU
-1894.25,211.75,0,TU
-1363.25,211.75,0,TU
-2129.25,211.75,0,TU
-2722.25,212.25,0,TU
-1569.75,212.25,0,TU
445.25,212.75,0,TU
-2646.25,214.75,0,TU
399.75,216.75,0,TU
350.25,218.25,0,TU
-285.25,218.75,0,TU
-1014.75,219.25,0,TU
-2511.25,220.75,0,TU
-1224.75,223.75,0,TU
-1815.75,224.25,0,TU
-695.25,224.75,0,TU
-1632.75,225.25,0,TU
274.75,225.25,0,TU
-1455.25,225.75,0,TU
-925.25,226.25,0,TU
-1482.75,226.75,0,TU
314.75,227.25,0,TU
-16.25,227.75,0,TU
-2373.75,228.25,0,TU
-2704.25,228.75,0,TU
-1427.25,228.75,0,TU
-351.75,231.25,0,TU
-390.75,231.75,0,TU
-79.25,232.25,0,TU
-973.75,232.25,0,TU
-1040.75,234.25,0,TU
169.75,234.75,0,TU
-1260.75,236.25,0,TU
-1203.25,236.75,0,TU
221.75,238.25,0,TU
-1871.25,240.25,0,TU
-1910.25,240.75,0,TU
-2597.25,242.25,0,TU
-2188.75,246.25,0,TU
-371.25,246.25,0,TU
-1442.75,248.25,0,TU
-2095.25,249.25,0,TU
-92.75,250.25,0,TU
-2747.25,253.75,0,TU
-466.25,254.25,0,TU
-1161.75,254.75,0,TU
-412.25,255.25,0,TU
-2696.25,256.25,0,TU
-1990.75,256.25,0,TU
-1642.25,256.75,0,TU
-2152.25,258.75,0,TU
-1880.75,259.75,0,TU
-720.25,259.75,0,TU
-1455.75,260.25,0,TU
-2080.75,260.25,0,TU
161.25,260.75,0,TU
-1907.25,260.75,0,TU
-871.25,261.75,0,TU
-1468.25,262.25,0,TU
-1867.25,262.25,0,TU
-1416.75,262.75,0,TU
-2724.25,263.25,0,TU
-1197.25,264.75,0,TU
-2109.25,265.25,0,TU
-1264.75,265.75,0,TU
-248.75,266.25,0,TU
-945.75,266.25,0,TU
-792.25,266.25,0,TU
-1488.25,266.75,0,TU
-749.25,267.25,0,TU
-331.75,267.75,0,TU
-2843.25,267.75,0,TU
-484.25,268.25,0,TU
-1231.75,268.75,0,TU
-1565.75,269.75,0,TU
-1608.25,273.75,0,TU
-1847.25,274.25,0,TU
-2646.75,274.75,0,TU
-1953.75,275.75,0,TU
-2215.25,275.75,0,TU
-815.25,277.75,0,TU
-725.75,279.25,0,TU
-1450.75,280.25,0,TU
-1875.75,280.75,0,TU
-407.75,283.75,0,TU
-143.75,283.75,0,TU
-1558.25,284.25,0,TU
-1902.25,285.25,0,TU
-1527.75,285.75,0,TU
-2291.75,286.25,0,TU
-462.25,286.75,0,TU
-2101.25,286.75,0,TU
-2710.75,287.25,0,TU
-2257.25,288.25,0,TU
-1993.25,288.25,0,TU
154.25,289.25,0,TU
-2589.75,289.25,0,TU
-834.75,289.75,0,TU
-275.25,290.75,0,TU
-955.25,291.25,0,TU
-879.75,291.75,0,TU
-2153.75,291.75,0,TU
-923.25,292.75,0,TU
-2027.25,292.75,0,TU
-716.25,293.75,0,TU
-2669.25,294.25,0,TU
-518.75,294.75,0,TU
-485.25,294.75,0,TU
-184.25,295.25,0,TU
-748.25,295.75,0,TU
-1811.75,297.75,0,TU
-237.75,299.25,0,TU
-2730.75,299.25,0,TU
-3066.75,299.75,0,TU
-2982.75,299.75,0,TU
-1976.75,299.75,0,TU
-2633.25,300.75,0,TU
-689.25,301.25,0,TU
-2081.25,301.75,0,TU
-1114.25,301.75,0,TU
-861.25,302.25,0,TU
-2058.25,303.75,0,TU
-2129.75,304.25,0,TU
-303.75,306.25,0,TU
-1842.25,306.25,0,TU
-1563.75,306.75,0,TU
-2676.25,307.75,0,TU
-775.25,309.25,0,TU
-1444.75,309.75,0,TU
-219.25,309.75,0,TU
-2702.75,310.25,0,TU
-2296.25,310.75,0,TU
-1946.25,310.75,0,TU
-190.75,310.75,0,TU
-814.25,312.75,0,TU
-2035.25,313.75,0,TU
-135.25,314.25,0,TU
-240.75,314.75,0,TU
-2097.75,315.25,0,TU
-1787.75,315.75,0,TU
-732.25,316.25,0,TU
-790.75,316.25,0,TU
-1618.25,316.25,0,TU
-926.75,316.25,0,TU
-1543.25,316.75,0,TU
-2372.75,316.75,0,TU
-330.25,318.25,0,TU
-2266.75,318.75,0,TU
-169.75,319.25,0,TU
-1995.75,319.75,0,TU
-884.25,320.75,0,TU
-109.25,321.25,0,TU
-836.75,321.25,0,TU
-202.25,321.75,0,TU
-1120.75,324.75,0,TU
-2737.25,325.25,0,TU
-2013.25,325.75,0,TU
-2952.75,330.25,0,TU
-1415.25,330.75,0,TU
-948.25,332.25,0,TU
-2890.75,332.75,0,TU
-851.75,333.25,0,TU
-2701.25,334.25,0,TU
-1976.75,334.25,0,TU
-246.25,335.75,0,TU
-157.25,335.75,0,TU
-489.75,336.25,0,TU
-2036.25,336.75,0,TU
-2665.75,337.75,0,TU
-2125.75,337.75,0,TU
-2284.75,338.25,0,TU
-1397.25,338.75,0,TU
-1429.25,339.25,0,TU
-809.75,339.25,0,TU
-180.75,340.25,0,TU
-385.75,341.75,0,TU
-2371.75,342.25,0,TU
-718.75,343.25,0,TU
-754.25,344.25,0,TU
-2310.75,344.75,0,TU
-191.25,345.25,0,TU
-2206.25,345.25,0,TU
-1920.25,345.25,0,TU
-994.75,345.75,0,TU
-1436.25,346.25,0,TU
-1368.25,346.75,0,TU
-60.75,347.75,0,TU
-900.75,349.25,0,TU
-3374.25,349.25,0,TU
-1465.75,350.75,0,TU
-2244.75,351.75,0,TU
-3396.75,351.75,0,TU
-222.25,352.25,0,TU
-1737.75,352.75,0,TU
-1955.75,352.75,0,TU
-493.25,353.25,0,TU
-2715.75,353.25,0,TU
-1902.75,353.25,0,TU
-2953.25,355.25,0,TU
-1071.75,356.25,0,TU
-2056.75,356.25,0,TU
-1478.75,356.75,0,TU
-1500.75,357.75,0,TU
-2371.75,358.75,0,TU
-2855.75,359.25,0,TU
-257.75,360.25,0,TU
-935.25,360.25,0,TU
-1406.75,361.75,0,TU
-1991.25,361.75,0,TU
-3077.75,361.75,0,TU
-2334.75,362.25,0,TU
150.75,362.75,0,TU
-2423.75,363.75,0,TU
-967.75,364.25,0,TU
-1745.75,364.25,0,TU
-3481.75,364.25,0,TU
-2126.75,364.25,0,TU
-2390.75,364.75,0,TU
-3431.25,365.25,0,TU
-2681.75,365.75,0,TU
-890.25,366.25,0,TU
-191.25,366.75,0,TU
-297.75,368.25,0,TU
-734.25,368.25,0,TU
-229.75,369.25,0,TU
-2827.75,370.25,0,TU
-850.25,370.25,0,TU
-1439.25,371.75,0,TU
-1365.25,372.25,0,TU
-2892.25,372.25,0,TU
-1699.25,372.25,0,TU
-150.75,372.25,0,TU
-1901.25,373.25,0,TU
-2868.75,373.75,0,TU
-2007.25,375.75,0,TU
-3496.75,376.25,0,TU
-2415.75,377.25,0,TU
-287.25,377.25,0,TU
-790.75,377.75,0,TU
-2063.75,378.25,0,TU
-2372.75,378.25,0,TU
-2305.75,378.75,0,TU
-648.75,379.25,0,TU
-1466.75,379.25,0,TU
-1832.25,379.25,0,TU
-3392.25,380.25,0,TU
-2356.25,380.75,0,TU
-2234.75,381.25,0,TU
-2511.25,382.75,0,TU
-2659.75,382.75,0,TU
-2717.25,385.75,0,TU
-1960.25,386.25,0,TU
-1404.25,386.75,0,TU
-836.25,387.25,0,TU
-258.25,387.25,0,TU
-2850.25,388.75,0,TU
-1369.25,388.75,0,TU
-1080.75,389.25,0,TU
-742.75,389.75,0,TU
-714.25,390.25,0,TU
-1691.75,390.25,0,TU
-758.25,390.75,0,TU
-195.75,392.25,0,TU
-888.25,392.75,0,TU
-1488.25,392.75,0,TU
-1403.25,393.25,0,TU
-2123.25,393.75,0,TU
-2329.75,394.25,0,TU
-2480.25,394.75,0,TU
-2076.75,395.25,0,TU
-2359.75,395.75,0,TU
-2772.75,396.25,0,TU
-225.75,396.75,0,TU
-304.25,396.75,0,TU
-666.25,396.75,0,TU
-2814.75,397.25,0,TU
-2382.25,397.25,0,TU
-2678.25,397.75,0,TU
-2871.25,398.75,0,TU
-1782.75,399.25,0,TU
-3512.25,400.25,0,TU
-2837.25,400.75,0,TU
-931.25,400.75,0,TU
-158.75,401.75,0,TU
-2235.25,401.75,0,TU
-2750.25,402.25,0,TU
-806.75,403.25,0,TU
-1717.25,403.25,0,TU
-277.25,403.25,0,TU
-2130.75,403.75,0,TU
-2542.75,403.75,0,TU
-1529.75,404.75,0,TU
-1452.75,406.25,0,TU
-1762.75,406.75,0,TU
-488.25,406.75,0,TU
-781.75,407.25,0,TU
-3396.25,407.75,0,TU
-1363.25,408.25,0,TU
-1954.25,409.25,0,TU
-901.75,409.25,0,TU
-3739.75,410.25,0,TU
-1686.25,411.25,0,TU
-1320.75,411.25,0,TU
-728.75,411.75,0,TU
-978.25,412.25,0,TU
-2139.25,414.25,0,TU
-2003.25,414.25,0,TU
-2363.25,414.25,0,TU
-616.25,415.25,0,TU
-2400.75,415.75,0,TU
-459.25,417.75,0,TU
-1659.75,417.75,0,TU
-1198.75,418.25,0,TU
-201.75,418.25,0,TU
-1402.75,418.25,0,TU
-241.75,419.75,0,TU
-1480.75,420.75,0,TU
-1505.75,420.75,0,TU
-803.25,420.75,0,TU
-2516.75,421.25,0,TU
-1917.25,421.25,0,TU
-2883.75,423.25,0,TU
-3218.25,423.75,0,TU
-853.25,424.25,0,TU
-2241.25,424.25,0,TU
-3734.75,424.25,0,TU
-303.75,424.75,0,TU
-2332.25,424.75,0,TU
-821.75,425.75,0,TU
-876.75,425.75,0,TU
-638.25,427.25,0,TU
-2082.25,427.25,0,TU
-1332.25,427.25,0,TU
-1782.25,427.25,0,TU
-2432.75,427.75,0,TU
-766.25,428.75,0,TU
-1148.25,429.75,0,TU
-958.75,429.75,0,TU
-2478.75,430.25,0,TU
-1036.75,432.75,0,TU
-1529.75,434.25,0,TU
-1858.25,434.25,0,TU
-1947.75,435.25,0,TU
-213.75,435.75,0,TU
-661.75,435.75,0,TU
-1095.75,439.25,0,TU
-747.25,440.25,0,TU
-1364.75,441.25,0,TU
-2136.25,441.75,0,TU
-724.75,442.25,0,TU
-1826.75,442.75,0,TU
-1971.75,443.25,0,TU
-1648.75,443.25,0,TU
-3043.25,443.75,0,TU
-606.25,444.75,0,TU
-1135.25,445.75,0,TU
-1940.25,446.25,0,TU
-897.75,446.25,0,TU
-939.25,446.75,0,TU
-2161.75,447.25,0,TU
-2575.75,447.75,0,TU
-790.25,447.75,0,TU
-3704.75,447.75,0,TU
-1331.75,448.25,0,TU
-857.25,448.75,0,TU
-2230.25,449.25,0,TU
-3800.25,450.25,0,TU
-570.25,450.25,0,TU
-1297.75,450.75,0,TU
-1687.25,451.75,0,TU
-1883.25,452.25,0,TU
-2206.75,453.25,0,TU
-886.25,454.25,0,TU
-2182.75,454.25,0,TU
-837.75,454.25,0,TU
-3766.25,454.25,0,TU
-1796.75,455.25,0,TU
-2935.25,456.25,0,TU
-1471.25,457.25,0,TU
-2333.75,457.25,0,TU
-1744.75,457.25,0,TU
-3784.25,457.75,0,TU
-3274.25,457.75,0,TU
-228.75,459.25,0,TU
-813.75,459.75,0,TU
-2137.75,461.25,0,TU
-2029.75,461.25,0,TU
-1070.75,461.75,0,TU
-1779.75,464.75,0,TU
-1911.25,464.75,0,TU
-1154.25,466.25,0,TU
-3345.25,466.75,0,TU
-2289.75,466.75,0,TU
-1821.25,467.75,0,TU
-2266.75,467.75,0,TU
-419.25,467.75,0,TU
-870.75,467.75,0,TU
-2245.25,468.25,0,TU
-2319.75,468.75,0,TU
-3234.75,468.75,0,TU
-1987.75,469.25,0,TU
-1295.75,469.25,0,TU
-3208.25,469.75,0,TU
-844.25,469.75,0,TU
-3263.25,470.75,0,TU
-1106.25,471.25,0,TU
-696.25,471.25,0,TU
-1465.25,472.75,0,TU
-3370.75,473.25,0,TU
-2056.25,473.25,0,TU
-1291.25,473.25,0,TU
-755.25,473.25,0,TU
-3184.75,473.75,0,TU
-2749.75,473.75,0,TU
-1355.75,474.25,0,TU
-304.75,475.75,0,TU
-1949.25,476.75,0,TU
-962.75,477.25,0,TU
-1320.25,477.75,0,TU
-2772.25,478.75,0,TU
-666.75,480.25,0,TU
-1134.25,480.75,0,TU
-3357.25,482.75,0,TU
-1743.75,483.25,0,TU
-1344.75,484.75,0,TU
-2004.25,485.75,0,TU
-3848.25,486.75,0,TU
-849.75,486.75,0,TU
-251.75,487.75,0,TU
-3173.75,487.75,0,TU
-2930.75,488.25,0,TU
-1320.75,489.25,0,TU
-2276.75,489.25,0,TU
-2134.75,489.75,0,TU
-938.25,490.25,0,TU
-1813.75,490.75,0,TU
-1066.25,490.75,0,TU
-342.25,492.25,0,TU
-1849.25,492.25,0,TU
-383.75,493.25,0,TU
-2702.25,494.25,0,TU
-2284.25,497.25,0,TU
-1113.25,497.25,0,TU
-2177.25,497.75,0,TU
-2023.75,498.25,0,TU
-756.25,498.75,0,TU
-2054.25,499.75,0,TU
-1289.75,500.75,0,TU
-225.25,500.75,0,TU
-1892.75,501.75,0,TU
-1965.25,502.25,0,TU
-1412.25,502.25,0,TU
-2153.25,502.75,0,TU
-2251.25,503.25,0,TU
-3314.25,505.75,0,TU
-1331.25,505.75,0,TU
-1432.75,506.25,0,TU
-3280.75,506.25,0,TU
-2739.75,507.25,0,TU
-1464.75,507.25,0,TU
-2911.25,507.75,0,TU
-1507.25,508.75,0,TU
-3153.25,508.75,0,TU
-1346.25,509.75,0,TU
-1382.25,510.25,0,TU
-296.25,510.75,0,TU
-2196.75,512.25,0,TU
-2101.25,513.25,0,TU
-2315.75,513.75,0,TU
-859.25,514.25,0,TU
-1545.25,514.75,0,TU
-829.25,515.25,0,TU
-749.25,516.25,0,TU
-524.25,516.75,0,TU
-1710.75,516.75,0,TU
-3216.75,517.25,0,TU
-2009.25,517.75,0,TU
-1318.25,518.25,0,TU
-2280.25,519.25,0,TU
-2889.25,519.25,0,TU
-1257.25,519.75,0,TU
-3249.25,520.25,0,TU
-2052.25,522.25,0,TU
-3173.75,522.25,0,TU
-2147.25,522.75,0,TU
-2777.25,523.75,0,TU
-1792.25,524.25,0,TU
-962.25,524.75,0,TU
-1420.25,524.75,0,TU
-1353.25,525.25,0,TU
-1976.75,528.75,0,TU
-496.75,530.75,0,TU
-1390.25,531.75,0,TU
-1442.75,531.75,0,TU
-3326.25,532.75,0,TU
-772.75,532.75,0,TU
-1842.75,532.75,0,TU
-731.25,533.25,0,TU
-1926.25,533.25,0,TU
-1959.75,533.75,0,TU
-1498.25,534.75,0,TU
-1293.25,537.25,0,TU
-1998.75,537.25,0,TU
-2101.75,537.25,0,TU
-1080.25,538.75,0,TU
-1408.25,539.25,0,TU
-3290.25,540.25,0,TU
-1234.75,540.75,0,TU
-1334.75,542.75,0,TU
-1171.75,542.75,0,TU
-2054.75,543.75,0,TU
-1875.75,544.25,0,TU
-1704.75,544.25,0,TU
-580.25,544.75,0,TU
-1142.25,545.25,0,TU
-3333.75,545.75,0,TU
-3197.75,546.25,0,TU
-1560.75,546.75,0,TU
-1212.25,546.75,0,TU
-1464.25,547.75,0,TU
-1763.25,548.75,0,TU
-2569.25,549.25,0,TU
-1011.25,551.75,0,TU
-1277.25,552.25,0,TU
-3154.75,552.75,0,TU
-889.75,553.75,0,TU
-1796.75,554.25,0,TU
-571.75,554.25,0,TU
-2291.25,554.75,0,TU
-1978.25,556.75,0,TU
-2119.25,557.25,0,TU
-2603.25,558.25,0,TU
-1957.75,560.25,0,TU
-1431.75,560.25,0,TU
-1330.25,560.75,0,TU
-1504.25,561.25,0,TU
-2708.75,561.25,0,TU
-2342.25,563.75,0,TU
-2075.25,563.75,0,TU
-1189.25,563.75,0,TU
-3293.75,565.75,0,TU
-1394.25,566.25,0,TU
-660.75,567.75,0,TU
-287.75,571.25,0,TU
-1451.75,571.25,0,TU
-631.75,573.25,0,TU
-1322.25,574.75,0,TU
-2859.25,575.75,0,TU
-3250.25,578.75,0,TU
-1981.25,579.75,0,TU
-555.75,580.75,0,TU
-2673.25,580.75,0,TU
-365.25,581.25,0,TU
-850.75,581.75,0,TU
-674.25,581.75,0,TU
-896.25,582.25,0,TU
-2064.75,582.75,0,TU
-3346.75,584.75,0,TU
-249.75,584.75,0,TU
-3202.75,585.25,0,TU
-1311.75,585.25,0,TU
-1150.25,586.25,0,TU
-1098.25,588.25,0,TU
-297.25,588.75,0,TU
-2104.25,588.75,0,TU
-162.25,590.75,0,TU
-3238.75,591.25,0,TU
-535.75,591.75,0,TU
-1474.25,592.25,0,TU
-1681.25,592.75,0,TU
-196.75,592.75,0,TU
-1289.25,593.25,0,TU
-509.75,593.25,0,TU
-1260.75,593.25,0,TU
-700.25,594.25,0,TU
-310.75,594.25,0,TU
-3300.25,594.25,0,TU
-2353.75,594.25,0,TU
-1739.25,594.75,0,TU
-1942.25,596.75,0,TU
-368.75,597.25,0,TU
-1965.25,598.25,0,TU
-877.25,599.75,0,TU
-2905.25,600.25,0,TU
-2127.25,600.25,0,TU
-494.25,601.25,0,TU
-342.75,602.75,0,TU
-1919.25,603.25,0,TU
-1749.75,604.25,0,TU
-904.75,604.75,0,TU
-1139.75,604.75,0,TU
-1228.75,605.75,0,TU
-750.25,606.25,0,TU
-2160.75,606.25,0,TU
-1445.25,606.75,0,TU
-2856.25,607.25,0,TU
-3368.75,608.25,0,TU
-2068.25,608.75,0,TU
-1876.25,610.25,0,TU
-1260.25,610.25,0,TU
-423.75,610.75,0,TU
-717.25,610.75,0,TU
-332.25,611.25,0,TU
-3222.75,612.25,0,TU
-1620.25,612.25,0,TU
-2664.25,612.75,0,TU
-1188.75,613.25,0,TU
-844.75,613.75,0,TU
-3272.25,613.75,0,TU
-1861.25,615.75,0,TU
-2634.25,616.25,0,TU
-1130.75,618.25,0,TU
-1834.75,618.25,0,TU
-369.75,618.75,0,TU
-1209.25,618.75,0,TU
-1807.25,618.75,0,TU
-795.25,619.75,0,TU
-2759.75,620.75,0,TU
-2551.75,621.25,0,TU
-3332.75,623.25,0,TU
-1482.75,624.75,0,TU
-3384.75,625.25,0,TU
-877.25,626.25,0,TU
-662.75,626.25,0,TU
-2830.75,626.75,0,TU
-1382.25,627.25,0,TU
-3299.75,627.25,0,TU
-3230.25,629.25,0,TU
-1108.25,629.75,0,TU
-1355.75,629.75,0,TU
-337.25,630.25,0,TU
-2348.25,630.25,0,TU
-1944.25,631.75,0,TU
-1222.25,633.25,0,TU
-2855.75,633.25,0,TU
-1449.75,634.25,0,TU
-2133.25,634.25,0,TU
-1410.25,635.25,0,TU
-998.75,635.25,0,TU
-1030.25,635.75,0,TU
-2528.25,635.75,0,TU
-1431.25,635.75,0,TU
-2479.25,636.25,0,TU
-1589.25,636.25,0,TU
-1271.25,636.75,0,TU
-1243.25,639.25,0,TU
-1475.75,641.75,0,TU
-2447.25,642.25,0,TU
-1799.75,642.75,0,TU
-836.25,642.75,0,TU
-3422.75,644.25,0,TU
-445.75,644.25,0,TU
-1058.75,644.25,0,TU
-780.25,644.75,0,TU
-2630.25,644.75,0,TU
-2613.25,644.75,0,TU
-1204.25,645.75,0,TU
-2654.25,645.75,0,TU
-3754.75,645.75,0,TU
-1177.25,647.25,0,TU
-435.25,649.25,0,TU
-3310.25,649.75,0,TU
-2574.75,650.25,0,TU
-2844.75,650.75,0,TU
-349.75,650.75,0,TU
-1864.75,650.75,0,TU
-3130.75,651.25,0,TU
-1101.25,651.75,0,TU
-1370.75,652.25,0,TU
-634.75,653.25,0,TU
-3780.75,653.25,0,TU
-2754.75,653.75,0,TU
-1019.75,654.75,0,TU
-1414.75,655.25,0,TU
-1131.75,655.25,0,TU
-539.25,655.25,0,TU
-1820.25,655.75,0,TU
-420.25,655.75,0,TU
-961.75,656.25,0,TU
-2087.75,656.25,0,TU
-2864.25,656.75,0,TU
-1230.75,657.75,0,TU
-1082.75,658.25,0,TU
-3701.75,658.25,0,TU
-2786.25,659.75,0,TU
-997.25,660.25,0,TU
-663.25,660.75,0,TU
-697.25,661.25,0,TU
-1258.25,661.75,0,TU
-3678.75,661.75,0,TU
-591.75,662.75,0,TU
-2903.25,663.25,0,TU
-3190.75,664.25,0,TU
-493.75,664.75,0,TU
-1195.75,664.75,0,TU
-3155.25,665.25,0,TU
-1274.75,666.25,0,TU
-1477.25,666.25,0,TU
-1438.75,666.25,0,TU
-1379.75,666.75,0,TU
-383.25,667.75,0,TU
-982.25,667.75,0,TU
-1855.25,669.25,0,TU
-2843.75,669.25,0,TU
-2646.25,671.75,0,TU
-1042.75,671.75,0,TU
-2672.25,672.25,0,TU
-943.75,672.25,0,TU
-3737.75,672.75,0,TU
-516.25,672.75,0,TU
-3213.25,672.75,0,TU
-2930.75,673.25,0,TU
-1484.25,674.25,0,TU
-650.75,675.25,0,TU
-1969.25,675.75,0,TU
-1412.25,676.25,0,TU
-625.75,676.75,0,TU
-2009.75,677.25,0,TU
-2579.25,677.25,0,TU
-1899.75,677.75,0,TU
-1170.25,677.75,0,TU
-461.75,678.75,0,TU
-2443.25,678.75,0,TU
-2956.25,678.75,0,TU
-2882.25,679.25,0,TU
-2048.25,679.25,0,TU
-3236.75,679.25,0,TU
-2698.75,679.25,0,TU
-1501.25,680.25,0,TU
-995.75,680.25,0,TU
-1463.75,680.25,0,TU
-2126.75,680.75,0,TU
-2737.25,681.75,0,TU
-1761.75,681.75,0,TU
-2512.25,682.25,0,TU
-3693.25,684.25,0,TU
-1333.25,684.75,0,TU
-1128.75,685.25,0,TU
-3714.75,686.25,0,TU
-1435.25,687.25,0,TU
-2679.75,687.75,0,TU
-2793.25,688.25,0,TU
-2399.25,688.25,0,TU
-2831.25,688.75,0,TU
-1190.75,688.75,0,TU
-2865.25,688.75,0,TU
-581.75,689.25,0,TU
-2763.75,689.25,0,TU
-966.25,689.25,0,TU
-1026.75,689.75,0,TU
-2052.75,690.25,0,TU
-1730.25,690.25,0,TU
-1364.25,691.25,0,TU
-3189.75,693.25,0,TU
-2718.25,693.75,0,TU
-3116.75,694.75,0,TU
-1241.75,695.25,0,TU
-1571.75,695.75,0,TU
-845.75,696.75,0,TU
-1861.25,696.75,0,TU
-2079.75,697.25,0,TU
-2211.75,697.75,0,TU
-1149.25,697.75,0,TU
-1216.25,698.25,0,TU
-485.25,699.25,0,TU
-1178.25,699.25,0,TU
-1266.25,700.25,0,TU
-1451.25,700.75,0,TU
-911.25,701.25,0,TU
-3682.25,701.75,0,TU
-1394.25,702.25,0,TU
-996.25,702.75,0,TU
-1301.25,703.25,0,TU
-379.25,704.25,0,TU
-3206.75,704.25,0,TU
-1989.25,705.25,0,TU
-1539.25,705.25,0,TU
-1426.75,705.25,0,TU
-1329.75,706.25,0,TU
-2791.25,707.75,0,TU
-1130.25,708.25,0,TU
-590.75,708.25,0,TU
-3136.25,708.75,0,TU
-2052.75,710.75,0,TU
-1184.25,710.75,0,TU
-2632.25,711.25,0,TU
-2852.25,711.25,0,TU
-946.25,711.75,0,TU
-1673.25,712.25,0,TU
-887.25,712.75,0,TU
-2128.25,712.75,0,TU
-969.75,712.75,0,TU
-1353.25,714.25,0,TU
-3641.25,714.25,0,TU
-2521.75,714.75,0,TU
-3151.25,714.75,0,TU
-3710.25,715.25,0,TU
-473.75,715.75,0,TU
-2224.25,716.25,0,TU
-2012.25,716.75,0,TU
-3660.75,716.75,0,TU
-1486.25,717.25,0,TU
-1576.75,719.25,0,TU
-2883.75,719.25,0,TU
-2139.25,719.75,0,TU
-1156.75,720.25,0,TU
-1440.75,722.25,0,TU
-1375.25,723.25,0,TU
-1131.75,723.75,0,TU
-1848.75,723.75,0,TU
-3211.75,724.25,0,TU
-1324.75,724.25,0,TU
-1475.25,724.25,0,TU
-3112.75,724.75,0,TU
-1726.25,724.75,0,TU
-584.75,725.25,0,TU
-2468.25,725.25,0,TU
-1410.75,726.25,0,TU
-3733.75,726.25,0,TU
-2532.75,726.75,0,TU
-555.25,726.75,0,TU
-1453.75,727.75,0,TU
-2498.75,729.25,0,TU
-3679.25,729.75,0,TU
-2166.75,730.25,0,TU
-993.25,730.25,0,TU
-2029.75,730.75,0,TU
-1099.25,730.75,0,TU
-1739.25,731.75,0,TU
-1690.75,732.75,0,TU
-1925.75,732.75,0,TU
-2285.25,733.25,0,TU
-3712.25,733.75,0,TU
-3103.25,733.75,0,TU
-2439.75,734.25,0,TU
-2563.75,734.75,0,TU
-1123.75,734.75,0,TU
-1433.75,736.25,0,TU
-3170.25,736.75,0,TU
-464.25,736.75,0,TU
-848.25,739.75,0,TU
-1660.25,739.75,0,TU
-3475.75,740.25,0,TU
-1184.75,741.75,0,TU
-3650.75,741.75,0,TU
-1149.75,742.25,0,TU
-3206.25,743.25,0,TU
-653.25,743.25,0,TU
-2537.75,743.75,0,TU
-1308.25,744.25,0,TU
-2924.25,744.25,0,TU
-1761.25,744.25,0,TU
-1570.75,744.75,0,TU
-2060.25,744.75,0,TU
-2874.75,745.25,0,TU
-599.25,745.25,0,TU
-2230.25,745.25,0,TU
-3616.75,745.75,0,TU
-1250.25,746.25,0,TU
-2020.25,746.75,0,TU
-1936.25,749.25,0,TU
-572.25,749.75,0,TU
-1412.75,750.25,0,TU
-2129.75,751.75,0,TU
-1477.75,752.25,0,TU
-2197.75,752.75,0,TU
-2479.25,752.75,0,TU
-1511.25,753.25,0,TU
-1713.25,755.25,0,TU
-1460.25,755.25,0,TU
-1215.75,755.75,0,TU
-1127.25,755.75,0,TU
-1335.25,758.25,0,TU
-1441.25,758.75,0,TU
-1818.25,758.75,0,TU
-2446.75,759.75,0,TU
-3096.25,760.25,0,TU
-3725.25,760.75,0,TU
-1918.25,760.75,0,TU
-2163.75,761.25,0,TU
-3129.25,762.25,0,TU
-2496.75,763.25,0,TU
-3664.75,763.75,0,TU
-1255.25,764.25,0,TU
-3159.75,765.25,0,TU
-1383.25,765.25,0,TU
-2016.75,765.75,0,TU
-594.25,765.75,0,TU
-2767.75,765.75,0,TU
-3685.25,766.25,0,TU
-1290.75,766.25,0,TU
-569.75,766.25,0,TU
-1161.75,766.75,0,TU
-2375.75,767.75,0,TU
-1421.75,768.25,0,TU
-1611.75,768.75,0,TU
-3402.25,768.75,0,TU
-468.25,768.75,0,TU
-1313.25,770.25,0,TU
-3482.75,770.25,0,TU
-1182.75,770.75,0,TU
-2342.75,770.75,0,TU
-1587.75,772.75,0,TU
-1234.25,773.75,0,TU
-1570.75,774.25,0,TU
-1403.75,774.25,0,TU
-2878.25,775.25,0,TU
-2985.75,775.25,0,TU
-1807.75,776.25,0,TU
-2570.25,777.25,0,TU
-2986.25,778.25,0,TU
-2466.75,778.25,0,TU
-888.75,778.75,0,TU
-1166.25,778.75,0,TU
-1359.75,779.25,0,TU
-1181.75,780.25,0,TU
-653.75,780.25,0,TU
-3138.25,780.75,0,TU
-1273.25,781.25,0,TU
-865.25,781.25,0,TU
-2606.75,781.75,0,TU
-603.25,781.75,0,TU
-1543.25,784.75,0,TU
-2490.75,784.75,0,TU
-1214.25,784.75,0,TU
-2953.25,785.75,0,TU
-586.25,785.75,0,TU
-834.25,786.25,0,TU
-1430.75,786.25,0,TU
-1455.25,786.75,0,TU
-3267.75,787.25,0,TU
-2922.75,787.75,0,TU
-1915.75,788.75,0,TU
-412.25,788.75,0,TU
-1327.25,789.25,0,TU
-498.75,790.25,0,TU
-1300.75,790.75,0,TU
-1065.25,791.25,0,TU
-908.75,791.75,0,TU
-1152.75,792.75,0,TU
-427.25,793.25,0,TU
-1102.25,794.25,0,TU
-2446.75,794.25,0,TU
-1222.25,794.75,0,TU
-1614.75,794.75,0,TU
-447.25,795.25,0,TU
-1398.25,796.25,0,TU
-1373.25,798.25,0,TU
-1242.25,798.25,0,TU
-1271.75,798.75,0,TU
-1176.25,799.75,0,TU
-1757.25,799.75,0,TU
-1823.75,800.75,0,TU
-1441.75,800.75,0,TU
-2499.25,801.75,0,TU
-1194.75,802.25,0,TU
-2077.75,802.25,0,TU
-1408.25,802.75,0,TU
-874.25,802.75,0,TU
-3197.25,802.75,0,TU
-1122.25,802.75,0,TU
-1135.75,803.25,0,TU
-1551.25,804.75,0,TU
-1574.25,804.75,0,TU
-668.75,805.75,0,TU
-2095.25,807.75,0,TU
-717.75,808.75,0,TU
-2532.25,808.75,0,TU
-1222.25,808.75,0,TU
-2927.25,809.25,0,TU
-1782.75,810.75,0,TU
-1171.25,811.25,0,TU
-3137.75,811.25,0,TU
-2603.75,812.75,0,TU
-911.25,813.75,0,TU
-1805.75,814.25,0,TU
-1620.25,815.25,0,TU
-627.25,815.75,0,TU
-2823.25,816.75,0,TU
-1842.75,817.25,0,TU
-1146.25,817.75,0,TU
-1239.75,819.75,0,TU
-3177.25,820.25,0,TU
-937.25,820.25,0,TU
-1051.25,820.75,0,TU
-1302.25,821.75,0,TU
-1282.75,822.75,0,TU
-1212.75,822.75,0,TU
-1250.25,823.25,0,TU
-2567.25,823.75,0,TU
-1864.25,823.75,0,TU
-1755.25,826.25,0,TU
-1412.75,826.25,0,TU
-1822.75,827.25,0,TU
-472.25,827.75,0,TU
-3731.75,828.75,0,TU
-1883.75,829.25,0,TU
-3286.25,829.25,0,TU
-1432.75,829.75,0,TU
-1913.75,831.75,0,TU
-1351.75,832.25,0,TU
-3239.25,833.25,0,TU
-800.75,834.75,0,TU
-1059.75,834.75,0,TU
-468.75,836.75,0,TU
-1225.75,837.25,0,TU
-1248.75,837.25,0,TU
-3706.25,837.25,0,TU
-1179.75,837.75,0,TU
-2720.25,838.25,0,TU
-1799.25,839.25,0,TU
-2505.25,839.25,0,TU
-2746.75,839.75,0,TU
-1079.75,840.75,0,TU
-2774.75,840.75,0,TU
-3146.75,841.25,0,TU
-1142.25,841.25,0,TU
-2376.25,842.75,0,TU
-1452.25,843.25,0,TU
-2542.75,843.25,0,TU
-1729.75,843.75,0,TU
-1320.25,845.75,0,TU
-503.25,846.25,0,TU
-1378.25,846.75,0,TU
-2606.25,847.25,0,TU
-2587.25,847.25,0,TU
-1264.25,847.75,0,TU
-706.25,847.75,0,TU
-1751.25,847.75,0,TU
-1204.25,850.25,0,TU
-1118.25,852.25,0,TU
-2629.25,852.75,0,TU
-1356.75,852.75,0,TU
-653.75,853.25,0,TU
-548.75,853.75,0,TU
-2416.25,855.25,0,TU
-1778.75,855.75,0,TU
-1282.75,858.75,0,TU
-1594.25,858.75,0,TU
-2787.25,858.75,0,TU
-2030.75,858.75,0,TU
-730.75,859.25,0,TU
-2734.25,860.25,0,TU
-999.25,860.75,0,TU
-2519.75,861.75,0,TU
-1342.25,862.25,0,TU
-1307.75,862.25,0,TU
-2564.75,863.25,0,TU
-1040.75,863.75,0,TU
-1208.25,863.75,0,TU
-2381.75,863.75,0,TU
-1105.25,864.25,0,TU
-2458.25,864.25,0,TU
-1071.25,864.25,0,TU
-1236.75,865.25,0,TU
-2429.25,866.25,0,TU
-1397.75,867.25,0,TU
-3709.25,870.75,0,TU
-963.75,871.25,0,TU
-2465.25,871.75,0,TU
-1753.75,871.75,0,TU
-2649.25,873.75,0,TU
-708.75,873.75,0,TU
-1259.25,875.75,0,TU
-2499.25,876.25,0,TU
-1074.25,876.75,0,TU
-675.25,877.75,0,TU
-2058.75,878.25,0,TU
-2674.75,879.75,0,TU
-1480.25,879.75,0,TU
-1958.75,880.25,0,TU
-2697.25,880.25,0,TU
-733.75,881.75,0,TU
-1356.75,882.25,0,TU
-991.25,882.75,0,TU
-1017.75,883.25,0,TU
-1296.75,883.75,0,TU
-1152.75,883.75,0,TU
-947.25,884.75,0,TU
-1037.25,884.75,0,TU
-1443.25,885.25,0,TU
-2737.75,886.25,0,TU
-2612.25,886.25,0,TU
-1268.75,888.75,0,TU
-606.25,889.25,0,TU
-1603.75,890.25,0,TU
-1137.75,891.25,0,TU
-1521.25,891.75,0,TU
-2551.25,894.25,0,TU
-2357.25,895.75,0,TU
-1093.75,896.25,0,TU
-1226.75,896.75,0,TU
-1559.25,896.75,0,TU
-1625.25,897.25,0,TU
-2001.25,898.25,0,TU
-1334.75,899.25,0,TU
-1006.75,900.25,0,TU
-1028.25,900.75,0,TU
-1057.75,901.75,0,TU
-1861.25,902.25,0,TU
-2387.75,903.25,0,TU
-2434.25,903.25,0,TU
-2478.75,904.75,0,TU
-1313.25,907.25,0,TU
-1756.25,907.25,0,TU
-1139.75,910.25,0,TU
-1642.75,910.25,0,TU
-2748.75,911.25,0,TU
-1590.25,911.25,0,TU
-1125.75,911.25,0,TU
-570.75,912.75,0,TU
-1076.25,914.25,0,TU
-968.75,914.75,0,TU
-1000.25,915.25,0,TU
-1358.75,915.75,0,TU
-1665.75,915.75,0,TU
-1535.25,917.75,0,TU
-1726.25,918.25,0,TU
-2418.25,918.75,0,TU
-1047.75,920.75,0,TU
-1427.25,921.25,0,TU
-651.25,921.75,0,TU
-1376.75,923.75,0,TU
-1242.75,923.75,0,TU
-1562.75,924.25,0,TU
-1746.75,924.75,0,TU
-1615.75,926.25,0,TU
-3268.25,926.25,0,TU
-2067.75,926.25,0,TU
-831.25,926.75,0,TU
-2460.25,927.25,0,TU
-1013.25,927.75,0,TU
-1861.75,930.25,0,TU
-749.25,931.75,0,TU
-2435.75,934.25,0,TU
-1316.75,934.75,0,TU
-1526.25,936.75,0,TU
-1699.75,937.25,0,TU
-2075.75,937.75,0,TU
-2404.75,937.75,0,TU
-991.25,938.25,0,TU
-2533.25,938.75,0,TU
-2041.75,940.75,0,TU
-1869.25,941.75,0,TU
-1339.75,942.25,0,TU
-691.25,943.75,0,TU
-1589.25,943.75,0,TU
-1562.25,944.75,0,TU
-1737.75,945.25,0,TU
-663.25,945.25,0,TU
-2375.75,946.75,0,TU
-784.75,947.25,0,TU
-3320.75,947.25,0,TU
-2009.75,948.75,0,TU
-1131.25,949.25,0,TU
-1082.75,950.25,0,TU
-1635.75,950.25,0,TU
-1100.75,950.25,0,TU
-2637.25,951.25,0,TU
-2424.25,954.25,0,TU
-2086.75,957.25,0,TU
-2449.25,958.25,0,TU
-1057.75,958.25,0,TU
-743.25,959.25,0,TU
-691.25,960.25,0,TU
-765.25,961.25,0,TU
-674.75,961.75,0,TU
-3396.25,962.25,0,TU
-1877.75,962.75,0,TU
-1531.25,963.75,0,TU
-1692.25,964.25,0,TU
-2398.25,965.25,0,TU
-1730.25,969.25,0,TU
-2566.25,969.75,0,TU
-726.75,970.25,0,TU
-2050.75,971.75,0,TU
-1090.25,972.75,0,TU
-1455.75,972.75,0,TU
-1855.25,973.75,0,TU
-1173.25,976.75,0,TU
-1833.75,977.25,0,TU
-1075.25,978.25,0,TU
-1750.25,978.75,0,TU
-1568.75,979.25,0,TU
-2509.25,979.25,0,TU
-1536.75,979.25,0,TU
-3593.25,979.75,0,TU
-749.25,980.75,0,TU
-1486.75,982.75,0,TU
-2006.25,982.75,0,TU
-2383.75,983.75,0,TU
-2473.75,986.25,0,TU
-1884.25,990.25,0,TU
-1798.25,990.25,0,TU
-1165.25,991.25,0,TU
-2719.75,992.25,0,TU
-1095.75,992.75,0,TU
-1728.75,993.75,0,TU
-763.75,994.25,0,TU
-1136.25,994.25,0,TU
-2455.25,996.75,0,TU
-803.75,996.75,0,TU
-1456.25,998.75,0,TU
-1113.75,999.75,0,TU
-1831.25,1001.25,0,TU
-1844.75,1004.25,0,TU
-1544.25,1004.75,0,TU
-1866.75,1005.75,0,TU
-3726.75,1006.25,0,TU
-2368.25,1006.25,0,TU
-1150.75,1007.25,0,TU
-1825.75,1011.75,0,TU
-1809.75,1014.75,0,TU
-2519.25,1016.75,0,TU
-1783.75,1017.25,0,TU
-798.75,1020.25,0,TU
-1843.75,1021.25,0,TU
-1164.25,1026.25,0,TU
-1727.75,1026.25,0,TU
-1129.75,1029.75,0,TU
-2481.25,1030.25,0,TU
-1470.25,1030.75,0,TU
-2387.25,1032.25,0,TU
-1614.75,1032.75,0,TU
-1864.25,1033.25,0,TU
-1579.25,1034.75,0,TU
-1756.75,1034.75,0,TU
-2543.75,1035.75,0,TU
-2510.75,1036.75,0,TU
-3763.25,1036.75,0,TU
-3416.25,1037.25,0,TU
-2295.75,1043.25,0,TU
-1843.25,1046.25,0,TU
-1891.75,1047.25,0,TU
-1792.75,1049.25,0,TU
-2497.25,1051.25,0,TU
-3706.75,1051.75,0,TU
-2038.75,1055.25,0,TU
-1816.25,1055.75,0,TU
-1641.75,1056.25,0,TU
-2545.75,1056.25,0,TU
-1109.25,1059.25,0,TU
-1587.75,1061.75,0,TU
-826.75,1061.75,0,TU
-2513.25,1062.75,0,TU
-3744.25,1063.25,0,TU
-2400.75,1066.25,0,TU
-1847.75,1066.75,0,TU
-1468.75,1068.25,0,TU
-1800.75,1068.25,0,TU
-2711.25,1069.75,0,TU
-1386.25,1071.25,0,TU
-1494.25,1072.25,0,TU
-2578.25,1072.75,0,TU
-1864.75,1073.75,0,TU
-2541.75,1075.75,0,TU
-1119.75,1077.75,0,TU
-2329.25,1077.75,0,TU
-1919.25,1078.25,0,TU
-1682.25,1078.25,0,TU
-2296.75,1078.75,0,TU
-1887.75,1080.25,0,TU
-3704.25,1081.75,0,TU
-2564.25,1082.25,0,TU
-1248.25,1084.75,0,TU
-1291.25,1085.25,0,TU
-1939.25,1088.25,0,TU
-2258.25,1089.75,0,TU
-1898.25,1091.25,0,TU
-1850.25,1093.25,0,TU
-2509.75,1095.25,0,TU
-2416.75,1097.25,0,TU
-1869.25,1098.25,0,TU
-1079.75,1102.75,0,TU
-2234.25,1103.25,0,TU
-2058.75,1103.25,0,TU
-1553.75,1105.75,0,TU
-1986.75,1108.75,0,TU
-1196.25,1110.25,0,TU
-1225.75,1110.75,0,TU
-2551.75,1112.75,0,TU
-2098.75,1112.75,0,TU
-1061.25,1113.25,0,TU
-1923.75,1114.25,0,TU
-1256.25,1114.75,0,TU
-2408.25,1119.25,0,TU
-1106.75,1125.75,0,TU
-1879.25,1125.75,0,TU
-1570.25,1127.25,0,TU
-2380.25,1127.25,0,TU
-1379.25,1128.75,0,TU
-2243.75,1132.75,0,TU
-1918.25,1132.75,0,TU
-1696.75,1132.75,0,TU
-1588.75,1134.75,0,TU
-1080.25,1136.75,0,TU
-1729.25,1137.25,0,TU
-2420.75,1137.25,0,TU
-2713.75,1137.25,0,TU
-1869.25,1137.75,0,TU
-2001.75,1138.25,0,TU
-1033.25,1138.75,0,TU
-2434.75,1139.25,0,TU
-1812.25,1140.75,0,TU
-1751.25,1142.25,0,TU
-1766.25,1143.75,0,TU
-1646.25,1144.75,0,TU
-1792.75,1147.25,0,TU
-1912.25,1147.75,0,TU
-1207.75,1148.25,0,TU
-2101.25,1148.25,0,TU
-2250.75,1148.25,0,TU
-1665.75,1150.25,0,TU
-1258.25,1156.25,0,TU
-1823.75,1156.75,0,TU
-1714.25,1157.75,0,TU
-2389.75,1159.25,0,TU
-1183.25,1160.75,0,TU
-2709.75,1161.75,0,TU
-2665.75,1165.25,0,TU
-2625.25,1166.25,0,TU
-2063.75,1167.25,0,TU
-3133.25,1167.25,0,TU
-1912.25,1170.25,0,TU
-1807.75,1170.25,0,TU
-1771.25,1171.25,0,TU
-2489.25,1171.25,0,TU
-1660.75,1173.75,0,TU
-2021.75,1175.25,0,TU
-2096.25,1175.75,0,TU
-1274.25,1177.75,0,TU
-2441.25,1180.25,0,TU
-2130.75,1180.75,0,TU
-966.25,1180.75,0,TU
-1958.75,1181.75,0,TU
-827.75,1182.75,0,TU
-1173.25,1183.25,0,TU
-2719.25,1184.25,0,TU
-2525.75,1185.25,0,TU
-1762.75,1185.25,0,TU
-3111.25,1185.75,0,TU
-2079.25,1187.25,0,TU
-1709.75,1187.75,0,TU
-1917.75,1190.75,0,TU
-2492.75,1190.75,0,TU
-1794.75,1191.75,0,TU
-3152.25,1192.25,0,TU
-2475.75,1193.25,0,TU
-2615.75,1193.75,0,TU
-2041.75,1195.75,0,TU
-1743.75,1197.25,0,TU
-1841.75,1200.75,0,TU
-1815.75,1201.25,0,TU
-1661.25,1201.75,0,TU
-1722.75,1201.75,0,TU
-1907.25,1202.75,0,TU
-1777.75,1203.75,0,TU
-2697.25,1204.25,0,TU
-1537.75,1205.75,0,TU
-1761.75,1206.25,0,TU
-2419.75,1207.25,0,TU
-2457.75,1207.75,0,TU
-2439.75,1208.75,0,TU
-2072.75,1209.75,0,TU
-3158.75,1210.25,0,TU
-3122.75,1210.75,0,TU
-1850.25,1211.75,0,TU
-2477.75,1211.75,0,TU
-3191.75,1214.75,0,TU
-1113.25,1215.25,0,TU
-2502.75,1216.25,0,TU
-1721.25,1218.25,0,TU
-1561.25,1219.75,0,TU
-2034.25,1221.25,0,TU
-2708.75,1221.75,0,TU
-1151.25,1222.75,0,TU
-1761.25,1223.25,0,TU
-2415.75,1223.25,0,TU
-3213.75,1223.75,0,TU
-2477.75,1223.75,0,TU
-1745.25,1224.75,0,TU
-1516.25,1225.75,0,TU
-1929.25,1225.75,0,TU
-1790.75,1227.25,0,TU
-2622.75,1228.25,0,TU
-1605.75,1228.75,0,TU
-2444.75,1230.25,0,TU
-3169.25,1230.25,0,TU
-1636.75,1230.75,0,TU
-1703.25,1231.25,0,TU
-3450.25,1231.75,0,TU
-2662.25,1232.25,0,TU
-1713.75,1234.25,0,TU
-2073.25,1235.25,0,TU
-2470.25,1236.25,0,TU
-3521.75,1238.75,0,TU
-1658.75,1238.75,0,TU
-1600.25,1239.75,0,TU
-1462.75,1239.75,0,TU
-2631.75,1240.75,0,TU
-3204.75,1240.75,0,TU
-1578.75,1241.75,0,TU
-1853.25,1241.75,0,TU
-1682.75,1242.75,0,TU
-1771.75,1243.25,0,TU
-1753.75,1244.25,0,TU
-2032.25,1247.25,0,TU
-2694.25,1247.75,0,TU
-3171.75,1247.75,0,TU
-3237.25,1251.75,0,TU
-1742.25,1252.25,0,TU
-1804.25,1252.75,0,TU
-1550.25,1253.25,0,TU
-1150.25,1253.25,0,TU
-1264.75,1253.25,0,TU
-3481.75,1253.75,0,TU
-1880.75,1254.25,0,TU
-3127.25,1254.75,0,TU
-2429.25,1256.25,0,TU
-1595.75,1258.25,0,TU
-3216.25,1258.25,0,TU
-2617.75,1259.25,0,TU
-2566.25,1259.25,0,TU
-1697.75,1260.25,0,TU
-2473.25,1261.75,0,TU
-3456.25,1263.75,0,TU
-1424.25,1264.75,0,TU
-1663.25,1265.25,0,TU
-1169.75,1265.25,0,TU
-1722.25,1266.25,0,TU
-2644.25,1266.25,0,TU
-1096.25,1266.25,0,TU
-3253.75,1267.25,0,TU
-2665.25,1267.75,0,TU
-2147.75,1267.75,0,TU
-3200.25,1269.75,0,TU
-3487.25,1270.75,0,TU
-2440.25,1271.25,0,TU
-2683.75,1271.75,0,TU
-3164.75,1271.75,0,TU
-916.25,1272.75,0,TU
-3181.25,1273.25,0,TU
-1829.75,1274.75,0,TU
-3521.25,1275.25,0,TU
-2583.75,1275.75,0,TU
-3129.75,1276.25,0,TU
-3232.75,1276.75,0,TU
-1685.75,1277.25,0,TU
-1864.75,1277.75,0,TU
-1771.75,1278.75,0,TU
-1712.75,1278.75,0,TU
-1655.25,1279.25,0,TU
-2108.25,1279.75,0,TU
-2699.75,1280.25,0,TU
-898.75,1281.25,0,TU
-1123.25,1281.75,0,TU
-2047.75,1281.75,0,TU
-1605.25,1282.25,0,TU
-1807.75,1282.75,0,TU
-1621.25,1282.75,0,TU
-3274.75,1283.25,0,TU
-2614.25,1284.25,0,TU
-3208.75,1288.75,0,TU
-1468.75,1290.25,0,TU
-2586.25,1291.75,0,TU
-3151.25,1291.75,0,TU
-1151.25,1292.75,0,TU
-1559.25,1293.25,0,TU
-2004.25,1293.75,0,TU
-2447.25,1295.25,0,TU
-3453.75,1295.25,0,TU
-3232.75,1295.75,0,TU
-3130.25,1296.25,0,TU
-1677.25,1296.25,0,TU
-3486.25,1296.25,0,TU
-1578.25,1297.75,0,TU
-1649.25,1298.75,0,TU
-2152.25,1299.75,0,TU
-3176.25,1299.75,0,TU
-1363.75,1299.75,0,TU
-3101.75,1300.75,0,TU
-3320.25,1300.75,0,TU
-1413.25,1301.25,0,TU
-1717.25,1303.25,0,TU
-2672.75,1304.75,0,TU
-3518.25,1304.75,0,TU
-1954.75,1305.25,0,TU
-2467.75,1305.75,0,TU
-3362.75,1307.25,0,TU
-2429.75,1308.25,0,TU
-3066.75,1308.25,0,TU
-3224.25,1308.75,0,TU
-1698.75,1309.25,0,TU
-3448.25,1310.25,0,TU
-1547.25,1310.75,0,TU
-1805.75,1311.75,0,TU
-2407.75,1311.75,0,TU
-1727.75,1313.25,0,TU
-1880.25,1313.25,0,TU
-1604.75,1313.75,0,TU
-2594.25,1314.25,0,TU
-1099.75,1314.25,0,TU
-3301.75,1314.75,0,TU
-3153.25,1316.75,0,TU
-1623.25,1316.75,0,TU
-3287.25,1317.25,0,TU
-3332.75,1318.75,0,TU
-1579.75,1318.75,0,TU
-3178.75,1320.25,0,TU
-3092.25,1320.25,0,TU
-1138.25,1322.25,0,TU
-3113.75,1324.75,0,TU
-3271.25,1326.25,0,TU
-1678.25,1327.25,0,TU
-3128.25,1328.25,0,TU
-3398.75,1328.75,0,TU
-3443.75,1328.75,0,TU
-1903.75,1329.25,0,TU
-1049.25,1329.75,0,TU
-3371.75,1330.25,0,TU
-1654.75,1330.25,0,TU
-2457.75,1330.75,0,TU
-2485.25,1330.75,0,TU
-1833.25,1330.75,0,TU
-2140.75,1333.75,0,TU
-1540.75,1334.75,0,TU
-1810.25,1335.25,0,TU
-3360.25,1336.25,0,TU
-1594.25,1338.25,0,TU
-3075.75,1339.25,0,TU
-1863.75,1339.25,0,TU
-2605.25,1339.75,0,TU
-2499.25,1339.75,0,TU
-2424.25,1340.25,0,TU
-2086.75,1341.75,0,TU
-3108.75,1344.75,0,TU
-1696.25,1344.75,0,TU
-3147.25,1345.75,0,TU
-1284.75,1346.25,0,TU
-1719.25,1348.75,0,TU
-3251.75,1349.25,0,TU
-1797.75,1349.75,0,TU
-1627.75,1351.75,0,TU
-3450.75,1353.75,0,TU
-3267.75,1353.75,0,TU
-1662.75,1355.25,0,TU
-3237.75,1355.75,0,TU
-1837.25,1358.25,0,TU
-3282.75,1358.75,0,TU
-3073.25,1359.25,0,TU
-3134.75,1359.75,0,TU
-2457.75,1360.25,0,TU
-1748.25,1360.75,0,TU
-1907.75,1360.75,0,TU
-3361.25,1360.75,0,TU
-1642.75,1361.25,0,TU
-3105.75,1361.25,0,TU
-1961.25,1364.75,0,TU
-2050.25,1365.25,0,TU
-2095.25,1365.25,0,TU
-3176.25,1365.75,0,TU
-1378.75,1366.75,0,TU
-1519.25,1367.25,0,TU
-1772.75,1367.25,0,TU
-3326.25,1367.25,0,TU
-1700.25,1367.75,0,TU
-1476.75,1368.25,0,TU
-1803.75,1369.25,0,TU
-3199.25,1371.25,0,TU
-3107.75,1372.75,0,TU
-3566.75,1374.25,0,TU
-3156.25,1375.75,0,TU
-1602.75,1376.75,0,TU
-3226.75,1378.75,0,TU
-3086.25,1379.25,0,TU
-1631.25,1381.75,0,TU
-1509.25,1384.25,0,TU
-3130.75,1384.75,0,TU
-1660.25,1384.75,0,TU
-3052.75,1385.25,0,TU
-3419.75,1385.25,0,TU
-3388.75,1385.75,0,TU
-1844.75,1385.75,0,TU
-1382.75,1385.75,0,TU
-2445.25,1386.25,0,TU
-1932.75,1388.75,0,TU
-1977.75,1390.75,0,TU
-1807.25,1390.75,0,TU
-1735.25,1391.25,0,TU
-1708.25,1391.25,0,TU
-1868.25,1391.75,0,TU
-2091.75,1392.25,0,TU
-1760.25,1393.25,0,TU
-1687.25,1393.75,0,TU
-3349.25,1394.75,0,TU
-3606.75,1394.75,0,TU
-3103.75,1396.25,0,TU
-1782.25,1397.25,0,TU
-3183.75,1397.25,0,TU
-2421.25,1399.75,0,TU
-3561.25,1401.75,0,TU
-3150.75,1404.25,0,TU
-1659.25,1406.25,0,TU
-2102.75,1408.75,0,TU
-2084.75,1410.25,0,TU
-1502.25,1410.75,0,TU
-2494.25,1410.75,0,TU
-1579.25,1410.75,0,TU
-1976.25,1411.25,0,TU
-1764.75,1412.75,0,TU
-3428.75,1413.25,0,TU
-3461.75,1413.75,0,TU
-3095.25,1414.25,0,TU
-3569.75,1414.75,0,TU
-1723.25,1417.75,0,TU
-1679.75,1418.25,0,TU
-3336.25,1418.75,0,TU
-1783.75,1419.75,0,TU
-1702.25,1420.25,0,TU
-1992.25,1420.75,0,TU
-3398.25,1421.25,0,TU
-1747.75,1421.75,0,TU
-3130.25,1422.75,0,TU
-2126.25,1423.75,0,TU
-3625.75,1426.25,0,TU
-3080.25,1429.25,0,TU
-1481.75,1429.75,0,TU
-2095.75,1430.25,0,TU
-1806.75,1430.75,0,TU
-1870.25,1431.25,0,TU
-3111.75,1434.75,0,TU
-1415.25,1435.25,0,TU
-3588.75,1435.75,0,TU
-2093.25,1438.25,0,TU
-1699.75,1438.75,0,TU
-1662.75,1438.75,0,TU
-1771.25,1439.25,0,TU
-1458.75,1440.75,0,TU
-1976.25,1441.25,0,TU
-3527.25,1441.75,0,TU
-3559.75,1441.75,0,TU
-1512.25,1444.75,0,TU
-1421.75,1448.75,0,TU
-2006.75,1449.75,0,TU
-1927.75,1450.25,0,TU
-1394.25,1450.75,0,TU
-2142.75,1453.75,0,TU
-1694.25,1453.75,0,TU
-3164.25,1454.75,0,TU
-1732.75,1454.75,0,TU
-3079.75,1455.75,0,TU
-1762.25,1458.75,0,TU
-1674.25,1459.75,0,TU
-1580.25,1460.75,0,TU
-3582.25,1461.75,0,TU
-2461.25,1461.75,0,TU
-1990.25,1465.75,0,TU
-1957.25,1465.75,0,TU
-1485.75,1466.25,0,TU
-2119.25,1468.25,0,TU
-3195.25,1468.75,0,TU
-1514.75,1469.75,0,TU
-1377.75,1471.25,0,TU
-1862.25,1473.25,0,TU
-3552.25,1473.75,0,TU
-1450.25,1473.75,0,TU
-1636.25,1476.25,0,TU
-3582.75,1476.25,0,TU
-3489.25,1477.75,0,TU
-1729.75,1478.75,0,TU
-3053.75,1481.25,0,TU
-3610.25,1483.75,0,TU
-1396.25,1485.25,0,TU
-2105.75,1485.75,0,TU
-1681.25,1485.75,0,TU
-2069.25,1485.75,0,TU
-1536.75,1486.75,0,TU
-3083.25,1489.25,0,TU
-2014.75,1489.25,0,TU
-3135.25,1489.75,0,TU
-3369.25,1490.75,0,TU
-1909.75,1490.75,0,TU
-3636.25,1492.25,0,TU
-1983.25,1493.25,0,TU
-3394.75,1495.25,0,TU
-1954.75,1497.75,0,TU
-3341.25,1500.25,0,TU
-3201.75,1500.75,0,TU
-3544.75,1502.75,0,TU
-3174.25,1502.75,0,TU
-3100.75,1502.75,0,TU
-3602.75,1506.25,0,TU
-2027.75,1506.25,0,TU
-3064.75,1509.25,0,TU
-3578.75,1509.75,0,TU
-3127.25,1510.25,0,TU
-2147.25,1510.75,0,TU
-3417.25,1511.75,0,TU
-3274.75,1512.75,0,TU
-1842.25,1513.75,0,TU
-2099.25,1516.75,0,TU
-3624.75,1518.25,0,TU
-3303.25,1518.75,0,TU
-3376.75,1521.25,0,TU
-3067.75,1522.75,0,TU
-1451.75,1526.25,0,TU
-3202.25,1528.75,0,TU
-3435.75,1529.75,0,TU
-3601.75,1532.25,0,TU
-3343.25,1533.75,0,TU
-2044.25,1536.25,0,TU
-3182.75,1536.75,0,TU
-3157.75,1538.75,0,TU
-1846.75,1539.75,0,TU
-1886.75,1540.25,0,TU
-3392.75,1541.25,0,TU
-3262.25,1541.75,0,TU
-3628.25,1541.75,0,TU
-1554.75,1543.25,0,TU
-1468.25,1543.75,0,TU
-3117.25,1544.25,0,TU
-3216.75,1544.75,0,TU
-2163.75,1544.75,0,TU
-1740.75,1545.25,0,TU
-3309.25,1547.25,0,TU
-3469.75,1547.25,0,TU
-3528.75,1549.25,0,TU
-3592.25,1553.25,0,TU
-3421.75,1554.75,0,TU
-1485.75,1556.25,0,TU
-2024.25,1556.75,0,TU
-1986.25,1557.25,0,TU
-3241.25,1558.75,0,TU
-3479.25,1562.25,0,TU
-1636.75,1562.25,0,TU
-3201.25,1562.75,0,TU
-1749.25,1564.25,0,TU
-3175.25,1564.75,0,TU
-1904.25,1566.25,0,TU
-3146.75,1566.75,0,TU
-3505.75,1567.75,0,TU
-1860.75,1568.25,0,TU
-3547.25,1568.25,0,TU
-2154.75,1568.75,0,TU
-3580.75,1571.75,0,TU
-1999.25,1571.75,0,TU
-1782.75,1572.25,0,TU
-1544.75,1574.25,0,TU
-2491.75,1575.25,0,TU
-3151.25,1576.25,0,TU
-1983.75,1577.25,0,TU
-1925.75,1579.75,0,TU
-1446.75,1580.75,0,TU
-1827.25,1580.75,0,TU
-1503.75,1582.25,0,TU
-3246.25,1582.75,0,TU
-1799.25,1583.25,0,TU
-1973.25,1585.75,0,TU
-1478.75,1587.75,0,TU
-3475.75,1589.25,0,TU
-1631.25,1589.25,0,TU
-1877.25,1589.75,0,TU
-1599.25,1589.75,0,TU
-1548.25,1590.25,0,TU
-3184.75,1590.75,0,TU
-1573.75,1590.75,0,TU
-1946.75,1591.25,0,TU
-2005.75,1591.75,0,TU
-2105.75,1591.75,0,TU
-1840.25,1591.75,0,TU
-1905.75,1592.25,0,TU
-3545.75,1592.75,0,TU
-2481.25,1593.75,0,TU
-3578.25,1593.75,0,TU
-2551.75,1593.75,0,TU
-2515.75,1595.25,0,TU
-3207.25,1596.25,0,TU
-2136.25,1597.25,0,TU
-3268.25,1601.75,0,TU
-1557.75,1602.75,0,TU
-3240.25,1602.75,0,TU
-2057.25,1603.25,0,TU
-3297.75,1603.75,0,TU
-1714.75,1604.25,0,TU
-1659.25,1604.25,0,TU
-1733.75,1604.25,0,TU
-2022.25,1606.25,0,TU
-3049.25,1606.25,0,TU
-3152.25,1607.25,0,TU
-1698.25,1608.25,0,TU
-1518.25,1609.75,0,TU
-2615.25,1612.25,0,TU
-3229.25,1612.25,0,TU
-1884.75,1612.25,0,TU
-1609.25,1612.25,0,TU
-3075.25,1612.75,0,TU
-2659.25,1613.75,0,TU
-2592.75,1614.75,0,TU
-3523.25,1615.75,0,TU
-1486.75,1616.75,0,TU
-2136.25,1616.75,0,TU
-3562.25,1619.75,0,TU
-3546.75,1619.75,0,TU
-1623.25,1622.75,0,TU
-1683.75,1623.75,0,TU
-3253.25,1623.75,0,TU
-1587.25,1624.75,0,TU
-1754.25,1625.25,0,TU
-3312.25,1627.25,0,TU
-1565.25,1628.25,0,TU
-3225.75,1629.25,0,TU
-2681.75,1630.25,0,TU
-3590.75,1633.25,0,TU
-1631.75,1634.75,0,TU
-3087.75,1634.75,0,TU
-1524.75,1635.25,0,TU
-3117.75,1636.25,0,TU
-2114.25,1638.25,0,TU
-3568.75,1638.75,0,TU
-1719.75,1638.75,0,TU
-2712.25,1639.25,0,TU
-2693.25,1639.25,0,TU
-3216.75,1639.75,0,TU
-3248.25,1643.75,0,TU
-3525.75,1644.25,0,TU
-1896.75,1646.25,0,TU
-1665.75,1647.25,0,TU
-2096.75,1648.25,0,TU
-2605.25,1649.25,0,TU
-3272.75,1649.75,0,TU
-2162.25,1650.75,0,TU
-3199.75,1653.25,0,TU
-3172.25,1653.25,0,TU
-3553.25,1653.75,0,TU
-2004.25,1654.25,0,TU
-1645.25,1655.25,0,TU
-3285.25,1657.25,0,TU
-2669.75,1657.25,0,TU
-2831.75,1659.75,0,TU
-3317.25,1659.75,0,TU
-2120.75,1665.25,0,TU
-2177.75,1666.75,0,TU
-3512.75,1667.25,0,TU
-2639.25,1668.25,0,TU
-3537.25,1670.25,0,TU
-3215.25,1670.75,0,TU
-2037.75,1671.75,0,TU
-2654.75,1671.75,0,TU
-3248.75,1672.25,0,TU
-2702.25,1672.25,0,TU
-3106.25,1672.25,0,TU
-1667.25,1673.75,0,TU
-1985.25,1673.75,0,TU
-3581.25,1674.75,0,TU
-3185.75,1676.75,0,TU
-2069.25,1677.25,0,TU
-1931.25,1677.75,0,TU
-2674.25,1678.25,0,TU
-3227.75,1679.75,0,TU
-1654.75,1679.75,0,TU
-3380.25,1680.75,0,TU
-2147.25,1680.75,0,TU
-2643.75,1686.25,0,TU
-3474.25,1686.75,0,TU
-2107.75,1688.25,0,TU
-3292.75,1689.25,0,TU
-2122.25,1689.25,0,TU
-3564.25,1689.75,0,TU
-1830.25,1689.75,0,TU
-3541.25,1691.25,0,TU
-3314.75,1694.75,0,TU
-1956.75,1695.75,0,TU
-3256.75,1696.25,0,TU
-3121.25,1698.75,0,TU
-2035.75,1698.75,0,TU
-3519.25,1699.25,0,TU
-3344.25,1699.75,0,TU
-2078.75,1700.75,0,TU
-3190.25,1701.25,0,TU
-2159.25,1701.75,0,TU
-2117.25,1704.25,0,TU
-1931.25,1704.25,0,TU
-2654.25,1705.75,0,TU
-3269.25,1706.75,0,TU
-3162.75,1709.25,0,TU
-1723.25,1713.25,0,TU
-1808.75,1715.75,0,TU
-3535.25,1718.25,0,TU
-2101.75,1718.25,0,TU
-3321.25,1718.75,0,TU
-2950.25,1719.25,0,TU
-1685.75,1719.75,0,TU
-3367.75,1723.25,0,TU
-3281.75,1724.25,0,TU
-2815.25,1725.25,0,TU
-3034.25,1726.25,0,TU
-2924.25,1727.25,0,TU
-3486.75,1732.75,0,TU
-3113.25,1733.75,0,TU
-3068.75,1734.75,0,TU
-2854.25,1734.75,0,TU
-1619.25,1735.75,0,TU
-1903.75,1736.25,0,TU
-2011.75,1737.25,0,TU
-3550.75,1737.75,0,TU
-3441.75,1739.75,0,TU
-3091.25,1740.25,0,TU
-2102.25,1741.25,0,TU
-3523.75,1742.75,0,TU
-2830.75,1742.75,0,TU
-2778.75,1743.75,0,TU
-3223.75,1745.25,0,TU
-1655.25,1746.25,0,TU
-1603.25,1747.25,0,TU
-3243.25,1747.25,0,TU
-2165.25,1747.75,0,TU
-3165.25,1749.25,0,TU
-2935.25,1749.75,0,TU
-3502.75,1750.25,0,TU
-2809.75,1750.25,0,TU
-2907.25,1750.25,0,TU
-3258.25,1750.75,0,TU
-2117.75,1750.75,0,TU
-1689.75,1752.25,0,TU
-2868.25,1752.75,0,TU
-3289.75,1753.25,0,TU
-3278.25,1753.75,0,TU
-2601.25,1754.25,0,TU
-3476.25,1755.25,0,TU
-3206.75,1756.75,0,TU
-2972.25,1756.75,0,TU
-2761.75,1758.75,0,TU
-3123.25,1761.75,0,TU
-3052.25,1761.75,0,TU
-2701.75,1763.25,0,TU
-3330.75,1764.75,0,TU
-2787.75,1765.75,0,TU
-3030.75,1766.25,0,TU
-3526.75,1767.25,0,TU
-2886.25,1767.75,0,TU
-2961.75,1768.75,0,TU
-2848.75,1770.25,0,TU
-3457.25,1770.75,0,TU
-3100.25,1771.25,0,TU
-3433.75,1771.25,0,TU
-2623.75,1772.75,0,TU
-3184.25,1772.75,0,TU
-2802.25,1772.75,0,TU
-3075.75,1774.25,0,TU
-3271.75,1774.75,0,TU
-3148.75,1775.75,0,TU
-2831.75,1776.25,0,TU
-3476.75,1777.75,0,TU
-2732.75,1782.25,0,TU
-2934.75,1782.75,0,TU
-2911.75,1783.75,0,TU
-3227.75,1786.75,0,TU
-1830.75,1787.75,0,TU
-3022.25,1789.25,0,TU
-3378.75,1790.25,0,TU
-3129.25,1790.75,0,TU
-2767.75,1791.25,0,TU
-2705.25,1792.75,0,TU
-3311.25,1794.75,0,TU
-3272.25,1795.25,0,TU
-3061.25,1796.75,0,TU
-2595.25,1796.75,0,TU
-3168.75,1797.75,0,TU
-2873.25,1799.25,0,TU
-2808.25,1802.75,0,TU
-3137.25,1805.25,0,TU
-2672.75,1805.25,0,TU
-2971.75,1806.25,0,TU
-3701.75,1807.75,0,TU
-3174.75,1813.25,0,TU
-2004.75,1817.25,0,TU
-2909.25,1818.75,0,TU
-2767.75,1819.75,0,TU
-3267.25,1819.75,0,TU
-3117.75,1820.75,0,TU
-3718.75,1822.25,0,TU
-3210.75,1822.25,0,TU
-2811.75,1822.75,0,TU
-1896.75,1822.75,0,TU
-3374.25,1823.75,0,TU
-3056.25,1823.75,0,TU
-3351.75,1824.75,0,TU
-3096.75,1826.75,0,TU
-3415.25,1827.75,0,TU
-3784.75,1827.75,0,TU
-2656.75,1829.75,0,TU
-2859.75,1830.75,0,TU
-3145.75,1830.75,0,TU
-1791.25,1831.25,0,TU
-2638.25,1831.75,0,TU
-2582.75,1834.75,0,TU
-2842.75,1835.25,0,TU
-2881.75,1836.75,0,TU
-3610.75,1836.75,0,TU
-2782.75,1837.25,0,TU
-2623.25,1837.75,0,TU
-2682.25,1839.25,0,TU
-3164.25,1839.75,0,TU
-3290.75,1840.25,0,TU
-3247.25,1841.75,0,TU
-3073.25,1841.75,0,TU
-2809.75,1842.25,0,TU
-1862.25,1842.75,0,TU
-3368.25,1845.75,0,TU
-3569.25,1845.75,0,TU
-3123.75,1845.75,0,TU
-1812.75,1846.75,0,TU
-3210.75,1846.75,0,TU
-3185.25,1848.75,0,TU
-3319.75,1849.25,0,TU
-3039.25,1849.75,0,TU
-2762.75,1852.25,0,TU
-1734.75,1856.25,0,TU
-2924.75,1856.75,0,TU
-2715.25,1857.75,0,TU
-2682.25,1858.25,0,TU
-3268.25,1858.25,0,TU
-2624.75,1860.75,0,TU
-3105.25,1861.75,0,TU
-3160.75,1862.25,0,TU
-1886.75,1862.25,0,TU
-3610.25,1866.25,0,TU
-1852.25,1866.75,0,TU
-2598.75,1867.75,0,TU
-3376.25,1867.75,0,TU
-3191.25,1867.75,0,TU
-3344.75,1867.75,0,TU
-2572.25,1869.25,0,TU
-3064.75,1869.25,0,TU
-3298.25,1870.75,0,TU
-3560.25,1871.25,0,TU
-3141.75,1871.25,0,TU
-2803.25,1872.25,0,TU
-2908.75,1872.25,0,TU
-2726.75,1873.75,0,TU
-3792.25,1873.75,0,TU
-3391.75,1874.75,0,TU
-3023.75,1874.75,0,TU
-1725.75,1874.75,0,TU
-2881.75,1875.25,0,TU
-1858.25,1876.25,0,TU
-3580.25,1876.75,0,TU
-3210.25,1876.75,0,TU
-3246.75,1877.75,0,TU
-1754.25,1878.25,0,TU
-3122.25,1878.25,0,TU
-2852.75,1878.75,0,TU
-3315.75,1879.25,0,TU
-3558.25,1881.75,0,TU
-3158.75,1882.75,0,TU
-3594.25,1883.75,0,TU
-3271.75,1884.75,0,TU
-3069.75,1885.75,0,TU
-2938.25,1886.25,0,TU
-1960.75,1886.25,0,TU
-2896.25,1887.25,0,TU
-2638.25,1887.25,0,TU
-3820.25,1888.25,0,TU
-1890.25,1888.75,0,TU
-2968.75,1889.75,0,TU
-2789.75,1889.75,0,TU
-3795.25,1890.25,0,TU
-2601.75,1892.25,0,TU
-2756.75,1892.25,0,TU
-3622.25,1892.75,0,TU
-3323.75,1893.75,0,TU
-3052.25,1895.25,0,TU
-2251.75,1895.75,0,TU
-3542.25,1896.25,0,TU
-2824.75,1898.75,0,TU
-1726.75,1899.25,0,TU
-2317.25,1899.25,0,TU
-2096.75,1899.75,0,TU
-3096.25,1900.75,0,TU
-1769.25,1900.75,0,TU
-3516.25,1901.25,0,TU
-1858.75,1902.25,0,TU
-3010.75,1904.25,0,TU
-3306.25,1904.25,0,TU
-2928.25,1905.75,0,TU
-1743.25,1906.75,0,TU
-2622.75,1908.75,0,TU
-3336.25,1909.75,0,TU
-2897.75,1911.75,0,TU
-2991.25,1913.25,0,TU
-3387.75,1914.75,0,TU
-3160.75,1915.75,0,TU
-1992.25,1915.75,0,TU
-2066.75,1916.25,0,TU
-3041.75,1920.25,0,TU
-2546.25,1920.75,0,TU
-3293.75,1922.75,0,TU
-1925.75,1922.75,0,TU
-2727.25,1922.75,0,TU
-2027.75,1924.75,0,TU
-2268.25,1924.75,0,TU
-3306.75,1928.25,0,TU
-3365.25,1931.25,0,TU
-2631.25,1931.75,0,TU
-3009.25,1933.25,0,TU
-1986.25,1935.25,0,TU
-1840.75,1936.25,0,TU
-1857.25,1936.75,0,TU
-3066.75,1936.75,0,TU
-2988.75,1937.25,0,TU
-3025.75,1941.25,0,TU
-3119.75,1941.25,0,TU
-3531.75,1945.75,0,TU
-1929.25,1947.75,0,TU
-3500.75,1947.75,0,TU
-3040.75,1949.75,0,TU
-2964.75,1953.75,0,TU
-3144.75,1957.25,0,TU
-2769.25,1957.75,0,TU
-3303.25,1957.75,0,TU
-2995.25,1960.75,0,TU
-3014.75,1961.75,0,TU
-2581.75,1962.75,0,TU
-3080.25,1964.25,0,TU
-2633.25,1965.25,0,TU
-3548.25,1965.75,0,TU
-3324.25,1967.25,0,TU
-1921.75,1970.75,0,TU
-3035.75,1974.25,0,TU
-3161.25,1977.75,0,TU
-3123.75,1979.75,0,TU
-2619.25,1982.25,0,TU
-2810.75,1983.25,0,TU
-3836.75,1983.25,0,TU
-2675.75,1983.75,0,TU
-3087.25,1984.75,0,TU
-2569.75,1985.75,0,TU
-2530.75,1986.25,0,TU
-2775.25,1988.25,0,TU
-3335.75,1993.25,0,TU
-3445.25,1993.25,0,TU
-3565.75,1993.75,0,TU
-2657.75,1994.75,0,TU
-3046.25,1998.25,0,TU
-2968.25,2001.75,0,TU
-3002.25,2002.25,0,TU
-2612.75,2004.75,0,TU
-2701.25,2006.25,0,TU
-2637.25,2007.25,0,TU
-2590.75,2009.25,0,TU
-3415.75,2009.25,0,TU
-3836.25,2016.25,0,TU
-2885.75,2018.25,0,TU
-2841.75,2020.25,0,TU
-2552.75,2020.75,0,TU
-2574.75,2022.75,0,TU
-2657.75,2026.25,0,TU
-3555.25,2027.75,0,TU
-3803.75,2030.25,0,TU
-2601.25,2030.75,0,TU
-2629.75,2031.75,0,TU
-2806.75,2032.25,0,TU
-2983.25,2034.25,0,TU
-3226.75,2035.75,0,TU
-2871.25,2037.25,0,TU
-2755.25,2040.75,0,TU
-3620.75,2041.25,0,TU
-3829.75,2041.75,0,TU
-2553.75,2042.25,0,TU
-3161.25,2043.25,0,TU
-2612.25,2046.75,0,TU
-2659.25,2048.25,0,TU
-3266.25,2048.25,0,TU
-2833.25,2050.25,0,TU
-3241.25,2051.25,0,TU
-3406.75,2052.25,0,TU
-3289.25,2055.75,0,TU
-3115.25,2057.75,0,TU
-2854.75,2060.25,0,TU
-2776.25,2061.75,0,TU
-2620.75,2062.25,0,TU
-2946.75,2063.75,0,TU
-2539.75,2064.25,0,TU
-3051.75,2065.25,0,TU
-3539.75,2067.75,0,TU
-3825.25,2067.75,0,TU
-2915.75,2068.25,0,TU
-3394.75,2068.25,0,TU
-3309.25,2069.25,0,TU
-2655.75,2070.75,0,TU
-2967.75,2072.25,0,TU
-3865.75,2072.75,0,TU
-3092.75,2074.25,0,TU
-2719.75,2074.75,0,TU
-3237.75,2075.75,0,TU
-2889.75,2076.75,0,TU
-3602.75,2080.25,0,TU
-2787.25,2083.75,0,TU
-3274.25,2084.25,0,TU
-3018.75,2084.25,0,TU
-3337.25,2085.75,0,TU
-2623.25,2086.75,0,TU
-3360.75,2087.75,0,TU
-3859.75,2093.75,0,TU
-3251.75,2094.75,0,TU
-3310.25,2096.25,0,TU
-3067.25,2097.25,0,TU
-3415.25,2099.25,0,TU
-3535.75,2100.75,0,TU
-3589.25,2101.25,0,TU
-2701.75,2101.25,0,TU
-3383.75,2101.75,0,TU
-3273.25,2102.25,0,TU
-2976.75,2102.25,0,TU
-2597.75,2103.75,0,TU
-3094.75,2105.25,0,TU
-2873.25,2105.25,0,TU
-3179.75,2108.25,0,TU
-2563.25,2108.25,0,TU
-3289.75,2108.75,0,TU
-3042.75,2110.25,0,TU
-2793.75,2110.25,0,TU
-3520.25,2110.25,0,TU
-2646.75,2113.75,0,TU
-3257.25,2113.75,0,TU
-3228.75,2116.75,0,TU
-2819.75,2118.25,0,TU
-3866.75,2120.25,0,TU
-3842.25,2121.75,0,TU
-2888.75,2122.25,0,TU
-3074.25,2123.25,0,TU
-3383.75,2125.25,0,TU
-3574.25,2125.75,0,TU
-3259.25,2126.25,0,TU
-2996.25,2126.25,0,TU
-2606.25,2127.75,0,TU
-3306.75,2128.25,0,TU
-3548.75,2128.25,0,TU
-3393.25,2130.25,0,TU
-3097.75,2130.75,0,TU
-2763.75,2130.75,0,TU
-3448.25,2132.75,0,TU
-2670.75,2133.25,0,TU
-2944.25,2135.25,0,TU
-2909.75,2135.75,0,TU
-2628.25,2136.25,0,TU
-3495.75,2136.75,0,TU
-3417.75,2137.75,0,TU
-3535.75,2140.25,0,TU
-3729.25,2140.25,0,TU
-3883.75,2140.25,0,TU
-3255.25,2141.75,0,TU
-3050.75,2143.25,0,TU
-2971.25,2143.25,0,TU
-2643.25,2144.25,0,TU
-3340.75,2145.25,0,TU
-3915.75,2146.75,0,TU
-2689.75,2147.25,0,TU
-3096.25,2147.75,0,TU
-3592.75,2147.75,0,TU
-3288.25,2150.25,0,TU
-3398.25,2157.25,0,TU
-3222.75,2157.25,0,TU
-2802.75,2157.25,0,TU
-3183.25,2158.25,0,TU
-2910.25,2158.25,0,TU
-2874.25,2158.75,0,TU
-3819.25,2159.25,0,TU
-2998.25,2159.75,0,TU
-2774.75,2159.75,0,TU
-2657.25,2162.25,0,TU
-2930.25,2163.25,0,TU
-3265.25,2164.75,0,TU
-2751.25,2165.75,0,TU
-3099.75,2166.25,0,TU
-3250.25,2166.75,0,TU
-3794.25,2167.25,0,TU
-2712.25,2167.25,0,TU
-3534.75,2168.25,0,TU
-3116.75,2168.75,0,TU
-2742.25,2171.75,0,TU
-3610.75,2171.75,0,TU
-2954.25,2172.75,0,TU
-2982.75,2174.75,0,TU
-2908.25,2176.75,0,TU
-3145.75,2177.75,0,TU
-3889.75,2178.25,0,TU
-3518.75,2180.75,0,TU
-3281.25,2183.25,0,TU
-2768.25,2187.25,0,TU
-3855.75,2188.25,0,TU
-2976.75,2190.25,0,TU
-3541.75,2192.25,0,TU
-3504.25,2192.75,0,TU
-2691.75,2193.25,0,TU
-3801.75,2193.25,0,TU
-3661.75,2193.75,0,TU
-3577.75,2199.25,0,TU
-2728.25,2199.25,0,TU
-3113.25,2199.75,0,TU
-3089.25,2200.75,0,TU
-3019.75,2202.25,0,TU
-2707.75,2202.75,0,TU
-3763.25,2203.75,0,TU
-3620.75,2204.25,0,TU
-2753.25,2206.75,0,TU
-3396.25,2208.25,0,TU
-2412.25,2210.75,0,TU
-3790.25,2211.25,0,TU
-2640.75,2211.25,0,TU
-3364.75,2211.75,0,TU
-3534.25,2213.75,0,TU
-3723.25,2215.75,0,TU
-3411.25,2220.25,0,TU
-3000.75,2220.75,0,TU
-2720.75,2222.25,0,TU
-2973.75,2222.75,0,TU
-2811.75,2224.75,0,TU
-2429.75,2224.75,0,TU
-2915.75,2226.25,0,TU
-2387.75,2226.25,0,TU
-3287.25,2228.75,0,TU
-3053.25,2229.25,0,TU
-3569.25,2230.75,0,TU
-3076.25,2230.75,0,TU
-3390.25,2231.25,0,TU
-3700.25,2234.25,0,TU
-3037.25,2235.25,0,TU
-3379.25,2237.75,0,TU
-2527.25,2238.25,0,TU
-2297.75,2238.75,0,TU
-2644.25,2239.25,0,TU
-3014.25,2239.25,0,TU
-2688.25,2241.25,0,TU
-3805.75,2242.25,0,TU
-3529.75,2243.75,0,TU
-3098.75,2244.25,0,TU
-3312.75,2244.25,0,TU
-3118.75,2245.25,0,TU
-2329.25,2245.75,0,TU
-3413.75,2246.25,0,TU
-3350.75,2246.75,0,TU
-2935.75,2247.25,0,TU
-3370.75,2249.75,0,TU
-3780.75,2250.25,0,TU
-2729.75,2253.75,0,TU
-2276.75,2254.25,0,TU
-2414.75,2255.25,0,TU
-2639.25,2260.75,0,TU
-2747.75,2263.25,0,TU
-3575.25,2263.75,0,TU
-2779.75,2265.25,0,TU
-2509.25,2265.75,0,TU
-2906.75,2267.75,0,TU
-2858.25,2267.75,0,TU
-2613.25,2269.75,0,TU
-3705.75,2269.75,0,TU
-2884.25,2271.25,0,TU
-3528.75,2272.75,0,TU
-2320.75,2273.25,0,TU
-2542.75,2273.75,0,TU
-2267.75,2274.75,0,TU
-2706.75,2275.25,0,TU
-2921.25,2278.75,0,TU
-2656.25,2279.25,0,TU
-3365.75,2282.75,0,TU
-3130.25,2283.75,0,TU
-2821.75,2284.75,0,TU
-2293.25,2285.25,0,TU
-3674.25,2285.75,0,TU
-3730.75,2285.75,0,TU
-2739.75,2286.25,0,TU
-2684.75,2286.75,0,TU
-3941.25,2287.25,0,TU
-2313.75,2287.75,0,TU
-3640.25,2287.75,0,TU
-3763.25,2288.25,0,TU
-3790.75,2288.75,0,TU
-2931.25,2289.25,0,TU
-2632.75,2290.25,0,TU
-3246.25,2290.75,0,TU
-2853.25,2291.75,0,TU
-3028.25,2293.25,0,TU
-2785.25,2295.25,0,TU
-3533.75,2297.75,0,TU
-3075.75,2299.25,0,TU
-2666.25,2304.75,0,TU
-2715.25,2305.25,0,TU
-3611.25,2307.75,0,TU
-2622.25,2308.25,0,TU
-3742.75,2311.25,0,TU
-3038.25,2311.75,0,TU
-3109.75,2313.25,0,TU
-2747.25,2316.25,0,TU
-2567.25,2317.75,0,TU
-2950.75,2317.75,0,TU
-2714.75,2320.25,0,TU
-2767.75,2321.75,0,TU
-2693.25,2322.75,0,TU
-2914.75,2323.75,0,TU
-2983.75,2324.75,0,TU
-3675.75,2326.25,0,TU
-2622.25,2327.25,0,TU
-3327.75,2327.25,0,TU
-2661.75,2327.25,0,TU
-3069.25,2329.75,0,TU
-3761.25,2331.25,0,TU
-3350.75,2337.25,0,TU
-3642.75,2339.75,0,TU
-2700.75,2339.75,0,TU
-3362.25,2343.75,0,TU
-3708.75,2344.75,0,TU
-3243.25,2346.75,0,TU
-3138.75,2346.75,0,TU
-3092.25,2347.25,0,TU
-2609.25,2347.25,0,TU
-3330.25,2347.25,0,TU
-3782.75,2347.75,0,TU
-2795.75,2350.25,0,TU
-3812.25,2350.25,0,TU
-3393.25,2351.25,0,TU
-2735.75,2351.25,0,TU
-3300.75,2351.25,0,TU
-3743.25,2353.25,0,TU
-2644.75,2355.75,0,TU
-3841.25,2356.75,0,TU
-3420.25,2359.25,0,TU
-3007.75,2360.75,0,TU
-3119.75,2363.25,0,TU
-3541.25,2364.75,0,TU
-2921.25,2364.75,0,TU
-3269.25,2365.75,0,TU
-2689.75,2367.75,0,TU
-2612.25,2371.25,0,TU
-2901.75,2371.75,0,TU
-3641.25,2373.75,0,TU
-2865.75,2376.75,0,TU
-3668.75,2380.25,0,TU
-3636.25,2380.25,0,TU
-3830.75,2380.75,0,TU
-3392.25,2382.75,0,TU
-2375.75,2383.25,0,TU
-2676.25,2386.75,0,TU
-3120.25,2387.75,0,TU
-3206.25,2387.75,0,TU
-3687.25,2392.25,0,TU
-3418.25,2392.25,0,TU
-3367.25,2394.25,0,TU
-2716.75,2394.75,0,TU
-3770.25,2396.25,0,TU
-2690.75,2403.25,0,TU
-3273.25,2406.75,0,TU
-2843.75,2408.75,0,TU
-3403.25,2409.75,0,TU
-3553.75,2409.75,0,TU
-3812.75,2410.25,0,TU
-3142.25,2410.25,0,TU
-2874.75,2411.25,0,TU
-2824.25,2411.25,0,TU
-2667.75,2412.75,0,TU
-3177.75,2414.25,0,TU
-2726.25,2416.75,0,TU
-3204.75,2417.75,0,TU
-2782.75,2420.75,0,TU
-2687.25,2424.25,0,TU
-2805.25,2425.25,0,TU
-3323.25,2426.25,0,TU
-3211.25,2428.75,0,TU
-3714.75,2430.25,0,TU
-3390.75,2433.25,0,TU
-3411.75,2433.75,0,TU
-3161.25,2433.75,0,TU
-3304.75,2440.25,0,TU
-2934.75,2441.75,0,TU
-3527.25,2442.25,0,TU
-3103.25,2443.75,0,TU
-2822.75,2445.25,0,TU
-3142.75,2446.25,0,TU
-2790.25,2449.75,0,TU
-3388.25,2450.25,0,TU
-2733.25,2451.75,0,TU
-3843.75,2451.75,0,TU
-3446.75,2452.75,0,TU
-2751.25,2457.75,0,TU
-3340.75,2461.75,0,TU
-3630.25,2464.75,0,TU
-2702.25,2465.25,0,TU
-3206.25,2465.25,0,TU
-3171.25,2466.25,0,TU
-3291.75,2466.75,0,TU
-3370.75,2466.75,0,TU
-2776.25,2467.75,0,TU
-3709.75,2468.75,0,TU
-3326.75,2470.25,0,TU
-3120.25,2475.25,0,TU
-2816.75,2476.75,0,TU
-3855.75,2480.25,0,TU
-3217.25,2480.75,0,TU
-3093.75,2483.25,0,TU
-2725.25,2486.75,0,TU
-3070.75,2486.75,0,TU
-3046.25,2488.25,0,TU
-3834.75,2488.75,0,TU
-2752.25,2490.75,0,TU
-2680.75,2493.75,0,TU
-3171.25,2494.25,0,TU
-2652.75,2496.75,0,TU
-3895.75,2498.25,0,TU
-3191.25,2498.75,0,TU
-2779.25,2500.25,0,TU
-2614.75,2500.75,0,TU
-3229.25,2500.75,0,TU
-3309.75,2501.75,0,TU
-3519.25,2507.25,0,TU
-3033.25,2508.75,0,TU
-3597.25,2511.25,0,TU
-3833.25,2513.75,0,TU
-3203.75,2513.75,0,TU
-2735.75,2513.75,0,TU
-2982.25,2514.75,0,TU
-3559.75,2514.75,0,TU
-3705.25,2517.75,0,TU
-3223.25,2518.25,0,TU
-3151.75,2518.25,0,TU
-3265.25,2520.75,0,TU
-3193.75,2522.25,0,TU
-3181.25,2522.75,0,TU
-3853.75,2526.75,0,TU
-3245.25,2527.75,0,TU
-3606.25,2531.25,0,TU
-3883.75,2533.25,0,TU
-3545.75,2538.25,0,TU
-3594.75,2542.75,0,TU
-3569.25,2543.25,0,TU
-3216.25,2544.75,0,TU
-3836.75,2545.25,0,TU
-3519.25,2548.75,0,TU
-2701.75,2555.25,0,TU
-3506.75,2555.75,0,TU
-2652.75,2555.75,0,TU
-3693.25,2556.75,0,TU
-3163.25,2557.75,0,TU
-3141.75,2558.25,0,TU
-3214.25,2564.75,0,TU
-3117.75,2566.25,0,TU
-3562.75,2568.25,0,TU
-3010.75,2569.25,0,TU
-3587.75,2570.25,0,TU
-2887.25,2572.75,0,TU
-3047.25,2576.25,0,TU
-3086.75,2578.75,0,TU
-3458.25,2579.75,0,TU
-3146.25,2585.25,0,TU
-3425.25,2589.25,0,TU
-2747.75,2589.25,0,TU
-2972.75,2593.25,0,TU
-3509.75,2596.25,0,TU
-2995.25,2598.25,0,TU
-3331.25,2599.25,0,TU
-3109.75,2600.25,0,TU
-3352.25,2601.25,0,TU
-3024.25,2604.25,0,TU
-2839.75,2604.75,0,TU
-2792.25,2607.75,0,TU
-3129.25,2609.25,0,TU
-3158.25,2609.25,0,TU
-2888.75,2609.75,0,TU
-2766.75,2610.25,0,TU
-3050.75,2611.25,0,TU
-3453.25,2616.25,0,TU
-2737.75,2617.75,0,TU
-3629.25,2620.75,0,TU
-3522.25,2622.25,0,TU
-3031.25,2628.75,0,TU
-3400.25,2629.25,0,TU
-2655.75,2630.25,0,TU
-2729.75,2633.25,0,TU
-2996.75,2635.75,0,TU
-2813.75,2637.25,0,TU
-3833.25,2638.25,0,TU
-3122.25,2638.75,0,TU
-3469.75,2640.25,0,TU
-2885.75,2644.75,0,TU
-3236.25,2652.25,0,TU
-3646.75,2652.75,0,TU
-3268.75,2652.75,0,TU
-2919.75,2653.25,0,TU
-3513.75,2657.25,0,TU
-2768.25,2662.25,0,TU
-3820.25,2665.25,0,TU
-2875.25,2665.25,0,TU
-2960.75,2665.25,0,TU
-2735.75,2665.75,0,TU
-2902.25,2667.75,0,TU
-2942.25,2669.75,0,TU
-3164.25,2670.75,0,TU
-3456.75,2672.75,0,TU
-3476.75,2673.75,0,TU
-3540.25,2677.25,0,TU
-3657.75,2681.25,0,TU
-3319.25,2683.25,0,TU
-2732.75,2685.25,0,TU
-3447.25,2686.25,0,TU
-2940.75,2689.75,0,TU
-3420.75,2690.25,0,TU
-3109.25,2697.75,0,TU
-3833.75,2699.75,0,TU
-3638.75,2700.75,0,TU
-3459.25,2702.75,0,TU
-3535.25,2705.25,0,TU
-3579.25,2707.25,0,TU
-3088.25,2707.75,0,TU
-3054.25,2712.75,0,TU
-3170.75,2714.25,0,TU
-3439.25,2715.75,0,TU
-3736.25,2716.25,0,TU
-3125.75,2719.25,0,TU
-3709.75,2720.25,0,TU
-3814.25,2720.25,0,TU
-3150.25,2723.75,0,TU
-2947.25,2730.25,0,TU
-3103.75,2731.25,0,TU
-3526.75,2732.25,0,TU
-3559.75,2732.25,0,TU
-3076.25,2733.25,0,TU
-3795.75,2736.25,0,TU
-2897.75,2736.25,0,TU
-3831.25,2738.25,0,TU
-3762.75,2738.75,0,TU
-3598.75,2739.25,0,TU
-3704.25,2743.25,0,TU
-3808.25,2747.25,0,TU
-3845.25,2750.25,0,TU
-3060.25,2750.75,0,TU
-3091.75,2754.25,0,TU
-3171.75,2755.25,0,TU
-3746.25,2755.25,0,TU
-3920.25,2756.25,0,TU
-3115.75,2756.25,0,TU
-3774.25,2758.25,0,TU
-3496.25,2759.25,0,TU
-3731.25,2763.25,0,TU
-3138.75,2765.25,0,TU
-3825.25,2767.25,0,TU
-3081.75,2768.75,0,TU
-3062.25,2773.75,0,TU
-3802.25,2774.75,0,TU
-2934.75,2775.75,0,TU
-3900.25,2777.75,0,TU
-3883.25,2780.25,0,TU
-3252.75,2781.25,0,TU
-3221.25,2781.75,0,TU
-3294.75,2783.75,0,TU
-3111.75,2785.75,0,TU
-3847.25,2788.75,0,TU
-3046.75,2793.25,0,TU
-3706.25,2793.25,0,TU
-3645.25,2798.25,0,TU
-3918.25,2799.25,0,TU
-3772.25,2800.25,0,TU
-3090.25,2804.75,0,TU
-3750.75,2807.25,0,TU
-3801.75,2808.25,0,TU
-3727.75,2810.75,0,TU
-3247.25,2811.25,0,TU
-3393.25,2811.75,0,TU
-3028.25,2812.25,0,TU
-3286.75,2816.25,0,TU
-3339.25,2817.25,0,TU
-3074.25,2817.75,0,TU
-3889.75,2818.25,0,TU
-3053.25,2820.75,0,TU
-3768.25,2823.25,0,TU
-3206.75,2825.25,0,TU
-3925.25,2825.75,0,TU
-3314.75,2825.75,0,TU
-3417.75,2827.25,0,TU
-3498.25,2828.25,0,TU
-3160.75,2830.25,0,TU
-3231.75,2834.75,0,TU
-3248.25,2835.25,0,TU
-3743.25,2837.25,0,TU
-3788.75,2838.75,0,TU
-3301.75,2841.75,0,TU
-3765.25,2843.25,0,TU
-3051.75,2843.75,0,TU
-3344.75,2844.75,0,TU
-3894.75,2850.75,0,TU
-3224.25,2851.75,0,TU
-3720.75,2852.25,0,TU
-3266.75,2854.75,0,TU
-3504.25,2855.25,0,TU
-3168.75,2858.25,0,TU
-3687.25,2858.75,0,TU
-3541.25,2858.75,0,TU
-3753.75,2859.75,0,TU
-3930.25,2860.25,0,TU
-3204.75,2860.75,0,TU
-3395.75,2860.75,0,TU
-3137.75,2862.75,0,TU
-3247.25,2864.75,0,TU
-3378.75,2866.75,0,TU
-3468.25,2868.75,0,TU
-3420.25,2869.25,0,TU
-3801.25,2872.25,0,TU
-3284.75,2873.25,0,TU
-3011.75,2873.25,0,TU
-3837.75,2873.75,0,TU
-3764.75,2873.75,0,TU
-3074.25,2873.75,0,TU
-3949.25,2877.75,0,TU
-3735.75,2879.25,0,TU
-3712.75,2879.75,0,TU
-3328.25,2880.75,0,TU
-3577.75,2881.25,0,TU
-3596.75,2881.25,0,TU
-3296.75,2882.25,0,TU
-3914.75,2883.75,0,TU
-3399.25,2884.75,0,TU
-3547.25,2884.75,0,TU
-3980.75,2885.25,0,TU
-3504.75,2887.75,0,TU
-3473.25,2890.25,0,TU
-3135.75,2890.75,0,TU
-3847.25,2892.75,0,TU
-3890.75,2893.25,0,TU
-3687.25,2897.25,0,TU
-3359.25,2897.75,0,TU
-3617.75,2899.25,0,TU
-3174.75,2899.25,0,TU
-3042.25,2899.75,0,TU
-3794.25,2901.25,0,TU
-3075.25,2906.25,0,TU
-3104.25,2906.75,0,TU
-3515.75,2906.75,0,TU
-3432.25,2908.25,0,TU
-3543.25,2908.75,0,TU
-3816.25,2908.75,0,TU
-3457.75,2910.75,0,TU
-3762.25,2910.75,0,TU
-3339.25,2911.25,0,TU
-3399.75,2911.75,0,TU
-3187.25,2912.25,0,TU
-3945.25,2913.25,0,TU
-3205.25,2914.25,0,TU
-3484.25,2914.75,0,TU
-3876.25,2915.75,0,TU
-3913.75,2915.75,0,TU
-3261.25,2918.25,0,TU
-3152.25,2918.25,0,TU
-3220.75,2921.75,0,TU
-3579.25,2921.75,0,TU
-3242.75,2921.75,0,TU
-3840.75,2922.75,0,TU
-3165.75,2923.75,0,TU
-3505.75,2925.75,0,TU
-3975.25,2926.75,0,TU
-3716.75,2929.25,0,TU
-3328.25,2931.25,0,TU
-3129.25,2932.25,0,TU
-3185.75,2933.75,0,TU
-3800.75,2937.25,0,TU
-3268.25,2939.25,0,TU
-3164.25,2940.75,0,TU
-3950.75,2942.75,0,TU
-3212.75,2948.25,0,TU
-3985.25,2949.25,0,TU
-3834.25,2951.25,0,TU
-3705.25,2952.75,0,TU
-3149.25,2954.25,0,TU
-3411.75,2954.25,0,TU
-3353.25,2954.75,0,TU
-3183.25,2955.25,0,TU
-3079.25,2955.25,0,TU
-3507.75,2957.75,0,TU
-3786.25,2958.75,0,TU
-3129.25,2962.25,0,TU
-3320.25,2963.25,0,TU
-3935.25,2965.25,0,TU
-3385.25,2965.75,0,TU
-3150.25,2971.75,0,TU
-3281.75,2973.75,0,TU
-3171.25,2975.75,0,TU
-3102.75,2977.25,0,TU
-3133.75,2979.25,0,TU
-3970.25,2979.25,0,TU
-3330.75,2980.75,0,TU
-3198.75,2982.75,0,TU
-3785.25,2982.75,0,TU
-3359.25,2984.75,0,TU
-3395.75,2985.25,0,TU
-3063.75,2985.75,0,TU
-3683.25,2994.25,0,TU
-3648.25,2994.25,0,TU
-3616.75,2996.75,0,TU
-3144.25,3000.25,0,TU
-3202.25,3001.25,0,TU
-3354.75,3001.25,0,TU
-3244.25,3001.75,0,TU
-3406.25,3001.75,0,TU
-3824.25,3003.25,0,TU
-3374.25,3003.25,0,TU
-3439.25,3007.75,0,TU
-3783.75,3008.75,0,TU
-3325.75,3009.25,0,TU
-3172.75,3010.25,0,TU
-3762.25,3012.75,0,TU
-3345.75,3015.75,0,TU
-3362.75,3016.75,0,TU
-3584.75,3019.25,0,TU
-3208.75,3022.25,0,TU
-3504.25,3023.75,0,TU
-3403.75,3025.25,0,TU
-3843.75,3026.25,0,TU
-3377.25,3028.25,0,TU
-3795.25,3028.75,0,TU
-3621.75,3028.75,0,TU
-3742.75,3029.25,0,TU
-3328.75,3031.25,0,TU
-3190.25,3033.25,0,TU
-3676.75,3036.25,0,TU
-3264.25,3036.75,0,TU
-3232.25,3038.25,0,TU
-3426.75,3040.25,0,TU
-3355.25,3040.25,0,TU
-3390.75,3041.75,0,TU
-3410.75,3043.75,0,TU
-3370.75,3044.75,0,TU
-3810.25,3046.25,0,TU
-3171.25,3048.75,0,TU
-3770.75,3049.75,0,TU
-3632.25,3052.75,0,TU
-3259.75,3055.75,0,TU
-3453.25,3056.75,0,TU
-3795.25,3056.75,0,TU
-3739.25,3057.25,0,TU
-3202.25,3058.25,0,TU
-3834.25,3059.25,0,TU
-3425.75,3059.75,0,TU
-3950.75,3061.75,0,TU
-3488.25,3063.75,0,TU
-3984.75,3064.25,0,TU
-3382.75,3064.75,0,TU
-3332.75,3065.25,0,TU
-3223.75,3065.25,0,TU
-3927.25,3065.25,0,TU
-3405.25,3066.75,0,TU
-3725.75,3067.75,0,TU
-3275.25,3069.75,0,TU
-3780.25,3069.75,0,TU
-3611.75,3071.75,0,TU
-3905.25,3072.75,0,TU
-3307.75,3073.25,0,TU
-3367.75,3074.25,0,TU
-3418.75,3075.75,0,TU
-3243.25,3078.25,0,TU
-3212.75,3079.25,0,TU
-3668.75,3084.75,0,TU
-3820.75,3085.25,0,TU
-3202.25,3087.75,0,TU
-3885.75,3088.25,0,TU
-3930.75,3088.75,0,TU
-3855.75,3089.25,0,TU
-3630.25,3089.25,0,TU
-3496.75,3091.25,0,TU
-3772.75,3092.25,0,TU
-3946.25,3094.75,0,TU
-3979.75,3095.75,0,TU
-3911.25,3096.25,0,TU
-3527.75,3096.75,0,TU
-3835.75,3097.75,0,TU
-3792.25,3104.75,0,TU
-3927.25,3105.25,0,TU
-3997.75,3105.75,0,TU
-3643.25,3106.25,0,TU
-3873.25,3106.25,0,TU
-3893.75,3114.75,0,TU
-3828.25,3115.75,0,TU
-3948.25,3118.25,0,TU
-3671.75,3118.75,0,TU
-3855.25,3122.75,0,TU
-3693.75,3122.75,0,TU
-3629.25,3125.25,0,TU
-4010.25,3126.75,0,TU
-3875.75,3127.75,0,TU
-3912.75,3127.75,0,TU
-3958.25,3136.25,0,TU
-3736.75,3139.25,0,TU
-3801.25,3139.75,0,TU
-3512.25,3140.75,0,TU
-3783.75,3142.25,0,TU
-3385.75,3143.75,0,TU
-3815.25,3144.75,0,TU
-3539.25,3144.75,0,TU
-3975.25,3145.75,0,TU
-3211.75,3148.25,0,TU
-3936.75,3149.75,0,TU
-4001.25,3149.75,0,TU
-3894.75,3151.25,0,TU
-4027.75,3151.75,0,TU
-3118.25,3154.25,0,TU
-3314.75,3155.75,0,TU
-3828.25,3156.75,0,TU
-3685.25,3157.75,0,TU
-3867.25,3158.25,0,TU
-3989.25,3159.25,0,TU
-3721.75,3162.75,0,TU
-3355.25,3167.25,0,TU
-4020.25,3169.75,0,TU
-3933.75,3170.25,0,TU
-3381.75,3173.75,0,TU
-3340.25,3174.75,0,TU
-3727.75,3177.25,0,TU
-3919.75,3177.75,0,TU
-3855.75,3177.75,0,TU
-3133.75,3177.75,0,TU
-3956.75,3178.25,0,TU
-3882.75,3178.75,0,TU
-3408.75,3181.25,0,TU
-3490.75,3182.25,0,TU
-3569.25,3184.25,0,TU
-3988.75,3185.25,0,TU
-3457.25,3187.75,0,TU
-3445.25,3193.25,0,TU
-3425.75,3194.25,0,TU
-3357.25,3194.75,0,TU
-3097.25,3195.75,0,TU
-3529.75,3197.25,0,TU
-3900.25,3197.75,0,TU
-4025.75,3198.25,0,TU
-3150.75,3198.25,0,TU
-3624.25,3198.75,0,TU
-3332.25,3199.25,0,TU
-3942.25,3200.25,0,TU
-3380.25,3201.25,0,TU
-3721.75,3202.75,0,TU
-3402.25,3205.75,0,TU
-3189.75,3209.25,0,TU
-3583.75,3209.25,0,TU
-3136.75,3212.25,0,TU
-3355.25,3212.25,0,TU
-3837.25,3212.75,0,TU
-3492.75,3214.25,0,TU
-3071.75,3214.75,0,TU
-3437.25,3217.25,0,TU
-3163.25,3219.75,0,TU
-3912.25,3222.25,0,TU
-3574.75,3222.75,0,TU
-3270.75,3224.25,0,TU
-3403.25,3224.25,0,TU
-3764.25,3224.75,0,TU
-3095.75,3225.25,0,TU
-3336.75,3226.75,0,TU
-3526.75,3229.75,0,TU
-3118.25,3231.75,0,TU
-3541.25,3231.75,0,TU
-3816.75,3232.75,0,TU
-3361.75,3232.75,0,TU
-3389.25,3233.75,0,TU
-3243.25,3233.75,0,TU
-3739.25,3235.75,0,TU
-3443.25,3237.25,0,TU
-3561.75,3237.75,0,TU
-3418.25,3239.25,0,TU
-3496.25,3239.75,0,TU
-3468.25,3241.25,0,TU
-3132.75,3242.25,0,TU
-3083.75,3242.75,0,TU
-3869.25,3243.75,0,TU
-3779.25,3247.75,0,TU
-3149.75,3247.75,0,TU
-3273.75,3250.75,0,TU
-3219.25,3252.25,0,TU
-3381.75,3253.75,0,TU
-3585.25,3254.25,0,TU
-3825.25,3255.25,0,TU
-3529.25,3256.25,0,TU
-4039.25,3256.75,0,TU
-3543.75,3258.25,0,TU
-3845.75,3258.75,0,TU
-3183.75,3259.25,0,TU
-3803.75,3259.75,0,TU
-3754.25,3261.25,0,TU
-3565.75,3262.25,0,TU
-3247.75,3263.75,0,TU
-3725.25,3263.75,0,TU
-3453.25,3265.75,0,TU
-3414.75,3265.75,0,TU
-3511.75,3266.25,0,TU
-3275.75,3267.25,0,TU
-3164.25,3271.25,0,TU
-3227.25,3272.75,0,TU
-3428.75,3273.25,0,TU
-3479.75,3280.25,0,TU
-3120.75,3280.25,0,TU
-3824.75,3280.75,0,TU
-4073.75,3281.25,0,TU
-3551.25,3281.25,0,TU
-3097.25,3281.75,0,TU
-3199.75,3282.75,0,TU
-3138.25,3282.75,0,TU
-3256.25,3286.25,0,TU
-3494.25,3289.25,0,TU
-3901.25,3290.75,0,TU
-3575.25,3292.75,0,TU
-3649.75,3296.25,0,TU
-3769.25,3298.25,0,TU
-3537.75,3301.25,0,TU
-3833.25,3302.25,0,TU
-3172.25,3305.25,0,TU
-3503.25,3307.75,0,TU
-3864.75,3311.25,0,TU
-3617.75,3311.25,0,TU
-3118.75,3311.25,0,TU
-3276.75,3313.75,0,TU
-4001.75,3316.25,0,TU
-3243.25,3318.25,0,TU
-3148.25,3318.75,0,TU
-4091.75,3321.75,0,TU
-3753.75,3325.25,0,TU
-3980.75,3330.25,0,TU
-4013.75,3330.75,0,TU
-4080.25,3331.25,0,TU
-3790.25,3333.25,0,TU
-3809.75,3335.25,0,TU
-3263.75,3343.75,0,TU
-3285.25,3347.75,0,TU
-3651.75,3348.75,0,TU
-3775.25,3352.25,0,TU
-3813.75,3354.25,0,TU
-4019.25,3355.75,0,TU
-4072.75,3359.25,0,TU
-4058.25,3365.25,0,TU
-4001.25,3369.75,0,TU
-4036.75,3370.25,0,TU
-3293.25,3372.25,0,TU
-3963.75,3375.25,0,TU
-3870.25,3375.75,0,TU
-3677.75,3378.75,0,TU
-4071.75,3387.25,0,TU
-3805.75,3389.25,0,TU
-3767.75,3392.25,0,TU
-3283.25,3393.25,0,TU
-3991.75,3396.75,0,TU
-3847.75,3397.75,0,TU
-3657.75,3398.75,0,TU
-4043.25,3403.75,0,TU
-3801.25,3408.25,0,TU
-3968.75,3410.75,0,TU
-3244.75,3413.75,0,TU
-3745.75,3414.75,0,TU
-4078.75,3415.75,0,TU
-3895.75,3422.75,0,TU
-3925.25,3423.25,0,TU
-3855.75,3424.25,0,TU
-3796.25,3426.75,0,TU
-3771.75,3429.25,0,TU
-4019.25,3429.75,0,TU
-3812.25,3430.75,0,TU
-3950.75,3434.75,0,TU
-3731.75,3440.25,0,TU
-3884.75,3441.25,0,TU
-3529.25,3443.75,0,TU
-3859.25,3444.25,0,TU
-3820.75,3448.25,0,TU
-4036.25,3452.75,0,TU
-3554.75,3454.25,0,TU
-3784.25,3455.75,0,TU
-4068.75,3460.25,0,TU
-3832.25,3460.75,0,TU
-3852.25,3466.75,0,TU
-3646.25,3468.25,0,TU
-3957.25,3473.25,0,TU
-3902.25,3478.25,0,TU
-3873.25,3479.25,0,TU
-3575.25,3480.25,0,TU
-3547.25,3488.75,0,TU
-3838.75,3495.75,0,TU
-3879.25,3496.75,0,TU
-3908.75,3500.75,0,TU
-4060.75,3505.75,0,TU
-3595.75,3506.75,0,TU
-3530.25,3522.25,0,TU
-3886.75,3523.75,0,TU
-3909.75,3524.75,0,TU
-3935.25,3527.25,0,TU
-3559.25,3528.75,0,TU
-3833.25,3532.25,0,TU
-3876.75,3535.75,0,TU
-3342.75,3543.75,0,TU
-3751.25,3544.25,0,TU
-3540.25,3544.25,0,TU
-3922.25,3548.75,0,TU
-3597.75,3551.75,0,TU
-3793.25,3555.75,0,TU
-3894.25,3567.25,0,TU
-3873.75,3567.75,0,TU
-4057.75,3569.75,0,TU
-3926.25,3571.25,0,TU
-3730.75,3577.25,0,TU
-3932.75,3579.25,0,TU
-3765.75,3579.75,0,TU
-3542.25,3579.75,0,TU
-4113.75,3580.25,0,TU
-3577.25,3582.25,0,TU
-3602.25,3584.75,0,TU
-3440.25,3589.75,0,TU
-3559.25,3589.75,0,TU
-3946.75,3591.75,0,TU
-3891.25,3592.75,0,TU
-3518.75,3596.25,0,TU
-3489.25,3601.75,0,TU
-3546.75,3606.25,0,TU
-3919.75,3606.25,0,TU
-3762.25,3613.25,0,TU
-3690.25,3613.75,0,TU
-3587.75,3616.25,0,TU
-3505.75,3616.25,0,TU
-3886.75,3616.75,0,TU
-3524.25,3618.75,0,TU
-3451.75,3626.25,0,TU
-3558.75,3626.75,0,TU
-3485.25,3633.25,0,TU
-3520.25,3633.25,0,TU
-4042.75,3633.25,0,TU
-3997.75,3633.75,0,TU
-3604.25,3636.25,0,TU
-3896.25,3637.75,0,TU
-3693.75,3640.75,0,TU
-3499.25,3641.75,0,TU
-3915.75,3643.25,0,TU
-3962.75,3644.25,0,TU
-3535.25,3644.25,0,TU
-3935.75,3650.75,0,TU
-3477.75,3659.25,0,TU
-4149.75,3660.25,0,TU
-3986.75,3665.75,0,TU
-3683.25,3667.25,0,TU
-4470.75,3668.25,0,TU
-3947.25,3668.75,0,TU
-3501.75,3671.25,0,TU
-3549.25,3672.25,0,TU
-3519.25,3673.25,0,TU
-4035.25,3673.25,0,TU
-4457.75,3680.75,0,TU
-3707.25,3683.75,0,TU
-3789.75,3692.75,0,TU
-3950.25,3693.75,0,TU
-3486.75,3695.25,0,TU
-3996.75,3696.25,0,TU
-4433.75,3697.75,0,TU
-3729.75,3698.75,0,TU
-3670.75,3701.25,0,TU
-3854.75,3703.75,0,TU
-3966.25,3706.75,0,TU
-4465.25,3706.75,0,TU
-4479.25,3708.75,0,TU
-3682.75,3722.25,0,TU
-3715.75,3729.75,0,TU
-4484.25,3731.75,0,TU
-4450.75,3731.75,0,TU
-3845.75,3732.75,0,TU
-3650.75,3739.25,0,TU
-4039.25,3739.75,0,TU
-3630.75,3740.25,0,TU
-4428.25,3741.25,0,TU
-4478.25,3744.75,0,TU
-3676.75,3745.75,0,TU
-4087.75,3752.75,0,TU
-4416.25,3754.25,0,TU
-4454.25,3757.75,0,TU
-3665.75,3768.75,0,TU
-3640.25,3773.25,0,TU
-4041.75,3773.75,0,TU
-4022.75,3774.25,0,TU
-4478.75,3774.25,0,TU
-3935.25,3775.75,0,TU
-3708.25,3777.25,0,TU
-3969.25,3787.25,0,TU
-3947.25,3787.25,0,TU
-4016.25,3789.25,0,TU
-3992.75,3791.75,0,TU
-3899.75,3793.25,0,TU
-4451.25,3794.25,0,TU
-4475.75,3798.75,0,TU
-3952.25,3810.25,0,TU
-3951.25,3826.75,0,TU
-3900.75,3828.25,0,TU
-4010.75,3829.75,0,TU
-3979.75,3830.25,0,TU
-3871.75,3831.25,0,TU
-3955.25,3846.75,0,TU
-3964.25,3872.25,0,TU
-3958.75,3893.25,0,TU
-3951.25,3916.75,0,TU
-4017.25,3942.25,0,TU
-4367.75,3944.75,0,TU
-3973.75,3950.75,0,TU
-4345.75,3955.25,0,TU
-4025.25,3967.75,0,TU
-3994.25,3971.25,0,TU
-3747.25,3972.25,0,TU
-3845.25,3976.25,0,TU
-4360.25,3982.75,0,TU
-3994.25,3989.25,0,TU
-3815.75,3989.75,0,TU
-4018.25,3992.75,0,TU
-3880.25,3994.25,0,TU
-3911.25,3994.75,0,TU
-3860.75,3996.25,0,TU
-4328.75,4000.75,0,TU
-3846.75,4006.25,0,TU
-4047.25,4008.25,0,TU
-3890.75,4019.25,0,TU
-3857.25,4023.25,0,TU
-3826.75,4023.75,0,TU
-3912.75,4024.25,0,TU
-3876.75,4028.25,0,TU
-4026.25,4028.25,0,TU
-3902.25,4036.75,0,TU
-3833.25,4039.25,0,TU
-3847.75,4045.25,0,TU
-3863.75,4048.75,0,TU
-3884.25,4049.75,0,TU
-3902.25,4062.25,0,TU
-3875.75,4064.75,0,TU
-4031.25,4070.75,0,TU
-4046.25,4086.25,0,TU
-3995.25,4099.25,0,TU
1970.75,-2884.25,0,Mph_TU
1922.25,-2887.75,0,Mph_TU
1940.25,-2882.75,0,Mph_TU
2005.25,-2876.75,0,Mph_TU
1987.25,-2866.25,0,Mph_TU
2015.25,-2862.75,0,Mph_TU
2003.25,-2832.75,0,Mph_TU
1940.25,-2837.25,0,Mph_TU
1958.75,-2829.75,0,Mph_TU
2005.75,-2748.25,0,Mph_TU
1989.25,-2712.75,0,Mph_TU
1997.25,-2656.75,0,Mph_TU
1941.75,-2636.75,0,Mph_TU
1963.25,-2600.25,0,Mph_TU
1926.75,-2441.75,0,Mph_TU
1891.75,-2891.75,0,Mph_TU
1841.25,-2883.25,0,Mph_TU
1786.75,-2876.75,0,Mph_TU
1748.25,-2868.25,0,Mph_TU
1634.25,-2862.75,0,Mph_TU
1807.25,-2848.75,0,Mph_TU
1883.25,-2820.75,0,Mph_TU
1806.25,-2809.75,0,Mph_TU
1839.25,-2806.25,0,Mph_TU
1897.25,-2806.75,0,Mph_TU
1760.25,-2792.25,0,Mph_TU
1839.75,-2780.25,0,Mph_TU
1594.75,-2782.25,0,Mph_TU
1896.75,-2773.75,0,Mph_TU
1699.75,-2778.25,0,Mph_TU
1660.75,-2762.25,0,Mph_TU
1809.25,-2750.75,0,Mph_TU
1746.25,-2750.75,0,Mph_TU
1600.75,-2731.75,0,Mph_TU
1745.75,-2725.75,0,Mph_TU
1382.75,-2706.25,0,Mph_TU
1723.25,-2686.75,0,Mph_TU
1703.25,-2671.75,0,Mph_TU
1605.75,-2650.75,0,Mph_TU
1580.75,-2648.75,0,Mph_TU
1561.75,-2638.25,0,Mph_TU
1590.25,-2615.25,0,Mph_TU
1573.25,-2612.75,0,Mph_TU
1566.25,-2588.25,0,Mph_TU
1672.75,-2591.25,0,Mph_TU
1860.25,-2601.75,0,Mph_TU
1394.75,-2584.25,0,Mph_TU
1883.75,-2586.75,0,Mph_TU
1528.25,-2576.75,0,Mph_TU
1661.75,-2572.75,0,Mph_TU
1850.25,-2583.25,0,Mph_TU
1817.75,-2583.75,0,Mph_TU
1374.75,-2573.75,0,Mph_TU
1815.75,-2565.25,0,Mph_TU
1444.75,-2564.75,0,Mph_TU
1840.25,-2564.75,0,Mph_TU
1364.25,-2560.25,0,Mph_TU
1516.25,-2560.25,0,Mph_TU
1427.75,-2555.25,0,Mph_TU
1818.25,-2538.25,0,Mph_TU
1849.75,-2534.75,0,Mph_TU
1457.25,-2534.25,0,Mph_TU
1326.75,-2530.25,0,Mph_TU
1687.25,-2511.75,0,Mph_TU
1388.75,-2508.25,0,Mph_TU
1649.25,-2521.75,0,Mph_TU
1286.75,-2514.75,0,Mph_TU
1267.75,-2494.25,0,Mph_TU
1897.25,-2494.75,0,Mph_TU
1849.75,-2484.25,0,Mph_TU
1881.25,-2483.25,0,Mph_TU
1476.25,-2476.25,0,Mph_TU
1278.75,-2462.25,0,Mph_TU
1458.25,-2459.75,0,Mph_TU
1891.75,-2453.75,0,Mph_TU
1201.75,-2454.25,0,Mph_TU
1570.25,-2445.75,0,Mph_TU
1245.75,-2450.75,0,Mph_TU
1500.25,-2436.25,0,Mph_TU
1343.25,-2426.25,0,Mph_TU
1360.75,-2426.25,0,Mph_TU
-935.75,-1515.75,0,Mph_TU
-1009.25,-1466.75,0,Mph_TU
-797.25,-1316.25,0,Mph_TU
-819.25,-1273.75,0,Mph_TU
-1129.75,-1248.25,0,Mph_TU
-856.25,-1234.75,0,Mph_TU
-822.25,-1222.25,0,Mph_TU
-916.25,-1208.75,0,Mph_TU
-921.25,-1175.75,0,Mph_TU
-978.25,-1164.25,0,Mph_TU
-1022.75,-1144.75,0,Mph_TU
-871.75,-1056.75,0,Mph_TU
-515.75,-865.25,0,Mph_TU
-614.25,-842.25,0,Mph_TU
1981.75,-2420.25,0,Mph_TU
2010.25,-2349.25,0,Mph_TU
1984.25,-2324.75,0,Mph_TU
1908.75,-2316.75,0,Mph_TU
1938.75,-2323.25,0,Mph_TU
1944.75,-2189.75,0,Mph_TU
1919.75,-2191.75,0,Mph_TU
1970.75,-2170.25,0,Mph_TU
1948.75,-2159.75,0,Mph_TU
1984.75,-2150.25,0,Mph_TU
1966.25,-2141.25,0,Mph_TU
2030.25,-2145.25,0,Mph_TU
1923.25,-2115.75,0,Mph_TU
1921.25,-2099.25,0,Mph_TU
1937.25,-2067.75,0,Mph_TU
1953.75,-2057.75,0,Mph_TU
1924.75,-2034.25,0,Mph_TU
1921.75,-2013.75,0,Mph_TU
2028.25,-1990.25,0,Mph_TU
1906.25,-1998.25,0,Mph_TU
2051.75,-1967.25,0,Mph_TU
2028.25,-1964.25,0,Mph_TU
1974.25,-1821.75,0,Mph_TU
1944.25,-1749.25,0,Mph_TU
1991.75,-1763.25,0,Mph_TU
2088.25,-1745.25,0,Mph_TU
2113.25,-1743.75,0,Mph_TU
1908.75,-1742.75,0,Mph_TU
1963.75,-1748.25,0,Mph_TU
2045.75,-1735.25,0,Mph_TU
2068.25,-1741.75,0,Mph_TU
2081.75,-1729.75,0,Mph_TU
1954.25,-1728.25,0,Mph_TU
2057.25,-1715.25,0,Mph_TU
2095.75,-1695.25,0,Mph_TU
2036.75,-1684.25,0,Mph_TU
1925.25,-1641.25,0,Mph_TU
2073.75,-1646.25,0,Mph_TU
2042.75,-1641.75,0,Mph_TU
2069.25,-1549.75,0,Mph_TU
2110.25,-1532.75,0,Mph_TU
1941.75,-1496.75,0,Mph_TU
1981.25,-1500.25,0,Mph_TU
2139.75,-1456.25,0,Mph_TU
2102.25,-1442.75,0,Mph_TU
2197.25,-1439.75,0,Mph_TU
2111.25,-1380.75,0,Mph_TU
2034.75,-1361.25,0,Mph_TU
2230.75,-1339.75,0,Mph_TU
2039.75,-1327.75,0,Mph_TU
2073.25,-1320.75,0,Mph_TU
1926.25,-1264.75,0,Mph_TU
2017.25,-1266.75,0,Mph_TU
2208.75,-1264.75,0,Mph_TU
2105.25,-1257.75,0,Mph_TU
2040.25,-1246.25,0,Mph_TU
2240.75,-1240.75,0,Mph_TU
2220.75,-1233.75,0,Mph_TU
2192.75,-1233.75,0,Mph_TU
2061.75,-1218.75,0,Mph_TU
2208.75,-1211.25,0,Mph_TU
2028.75,-1207.75,0,Mph_TU
1956.75,-1222.75,0,Mph_TU
1965.75,-1197.25,0,Mph_TU
1931.25,-1199.25,0,Mph_TU
1955.25,-1184.75,0,Mph_TU
2028.25,-1185.25,0,Mph_TU
2205.75,-1187.25,0,Mph_TU
2177.75,-1166.75,0,Mph_TU
2213.25,-1158.75,0,Mph_TU
2038.75,-1154.25,0,Mph_TU
2046.25,-1126.25,0,Mph_TU
2072.75,-1117.75,0,Mph_TU
2239.25,-1116.25,0,Mph_TU
2159.75,-1054.25,0,Mph_TU
2023.75,-1052.75,0,Mph_TU
2053.25,-1048.75,0,Mph_TU
2000.75,-1040.75,0,Mph_TU
2021.25,-1037.25,0,Mph_TU
1924.75,-1012.75,0,Mph_TU
1963.25,-1004.75,0,Mph_TU
2063.75,-989.75,0,Mph_TU
2200.25,-979.75,0,Mph_TU
2198.75,-944.25,0,Mph_TU
2170.25,-948.75,0,Mph_TU
2133.75,-940.25,0,Mph_TU
2221.75,-934.75,0,Mph_TU
2168.25,-921.75,0,Mph_TU
2045.25,-926.75,0,Mph_TU
2018.75,-916.25,0,Mph_TU
1920.75,-896.25,0,Mph_TU
2032.75,-894.25,0,Mph_TU
2200.25,-906.75,0,Mph_TU
2204.25,-870.75,0,Mph_TU
1948.25,-878.75,0,Mph_TU
304.75,-2402.75,0,Mph_TU
-172.25,-1860.25,0,Mph_TU
-105.25,-1688.25,0,Mph_TU
-143.75,-1665.25,0,Mph_TU
-1325.75,-1344.25,0,Mph_TU
-1407.25,-1339.25,0,Mph_TU
-1419.75,-1310.75,0,Mph_TU
-1462.25,-1236.75,0,Mph_TU
-1359.25,-1245.25,0,Mph_TU
-1363.25,-1217.25,0,Mph_TU
-1502.75,-1192.75,0,Mph_TU
-1878.25,-1069.25,0,Mph_TU
-1836.25,-1075.75,0,Mph_TU
-1858.25,-1053.25,0,Mph_TU
-1876.25,-1052.75,0,Mph_TU
-1913.25,-1046.75,0,Mph_TU
-1870.75,-1033.25,0,Mph_TU
-1895.75,-1033.25,0,Mph_TU
-1912.75,-1013.25,0,Mph_TU
-1467.25,-1013.25,0,Mph_TU
-1876.25,-1009.75,0,Mph_TU
-1894.25,-974.75,0,Mph_TU
-1346.25,-923.25,0,Mph_TU
-1492.25,-900.75,0,Mph_TU
-2132.25,-571.75,0,Mph_TU
-2165.25,-550.25,0,Mph_TU
-2130.25,-533.25,0,Mph_TU
-2196.75,-548.25,0,Mph_TU
-2199.75,-530.75,0,Mph_TU
-2166.75,-527.75,0,Mph_TU
-2115.75,-517.25,0,Mph_TU
-2141.75,-504.25,0,Mph_TU
-2224.75,-489.25,0,Mph_TU
-2166.75,-465.75,0,Mph_TU
-2142.25,-472.25,0,Mph_TU
-2196.25,-453.25,0,Mph_TU
-2206.25,-401.75,0,Mph_TU
-2105.75,-319.75,0,Mph_TU
-2186.25,-60.75,0,Mph_TU
-2253.25,-65.75,0,Mph_TU
-2134.25,-47.75,0,Mph_TU
135.75,-816.25,0,Mph_TU
-59.75,-802.25,0,Mph_TU
295.25,-798.75,0,Mph_TU
-288.75,-800.75,0,Mph_TU
-370.25,-778.75,0,Mph_TU
-24.75,-762.75,0,Mph_TU
287.75,-763.75,0,Mph_TU
209.75,-763.75,0,Mph_TU
279.25,-750.25,0,Mph_TU
60.75,-744.25,0,Mph_TU
-377.25,-745.25,0,Mph_TU
-353.25,-714.75,0,Mph_TU
273.25,-720.75,0,Mph_TU
-481.25,-712.25,0,Mph_TU
1.25,-698.25,0,Mph_TU
-452.25,-686.75,0,Mph_TU
-426.75,-692.25,0,Mph_TU
71.25,-691.25,0,Mph_TU
94.25,-685.25,0,Mph_TU
180.25,-688.75,0,Mph_TU
-394.25,-661.25,0,Mph_TU
-245.25,-641.25,0,Mph_TU
-358.25,-604.25,0,Mph_TU
-21.75,-575.75,0,Mph_TU
33.75,-514.25,0,Mph_TU
-283.25,-477.75,0,Mph_TU
263.25,-471.75,0,Mph_TU
227.25,-443.25,0,Mph_TU
245.75,-424.75,0,Mph_TU
254.75,-405.25,0,Mph_TU
214.75,-245.75,0,Mph_TU
-14.75,-190.75,0,Mph_TU
130.25,-157.75,0,Mph_TU
141.25,-110.25,0,Mph_TU
-484.75,-120.75,0,Mph_TU
216.25,-102.25,0,Mph_TU
96.75,-97.25,0,Mph_TU
-467.25,-77.25,0,Mph_TU
45.75,-77.25,0,Mph_TU
-450.25,-48.25,0,Mph_TU
54.75,-25.25,0,Mph_TU
0.75,-27.25,0,Mph_TU
813.75,-2379.75,0,Mph_TU
1073.75,-2390.25,0,Mph_TU
549.75,-2342.25,0,Mph_TU
606.25,-2350.75,0,Mph_TU
922.75,-2338.25,0,Mph_TU
1081.25,-2333.75,0,Mph_TU
1001.25,-2315.25,0,Mph_TU
936.25,-2308.25,0,Mph_TU
576.25,-2302.75,0,Mph_TU
784.75,-2279.25,0,Mph_TU
538.75,-2284.25,0,Mph_TU
556.25,-2249.75,0,Mph_TU
486.75,-2222.25,0,Mph_TU
970.25,-2192.25,0,Mph_TU
694.75,-2178.25,0,Mph_TU
730.75,-2179.75,0,Mph_TU
1037.25,-2146.75,0,Mph_TU
335.25,-2162.25,0,Mph_TU
966.25,-2149.25,0,Mph_TU
1001.25,-2146.75,0,Mph_TU
984.25,-2130.25,0,Mph_TU
901.25,-2119.75,0,Mph_TU
817.25,-2132.25,0,Mph_TU
799.75,-2102.75,0,Mph_TU
1009.25,-2104.75,0,Mph_TU
1001.25,-2040.75,0,Mph_TU
1084.25,-2016.25,0,Mph_TU
1100.75,-1995.25,0,Mph_TU
1080.75,-1992.75,0,Mph_TU
869.75,-1958.75,0,Mph_TU
457.75,-1950.25,0,Mph_TU
906.25,-1936.75,0,Mph_TU
447.75,-1906.25,0,Mph_TU
834.25,-1897.25,0,Mph_TU
949.75,-1886.25,0,Mph_TU
899.25,-1881.25,0,Mph_TU
1079.75,-1879.75,0,Mph_TU
913.75,-1863.75,0,Mph_TU
1061.75,-1870.25,0,Mph_TU
1083.75,-1846.25,0,Mph_TU
1065.25,-1842.25,0,Mph_TU
999.25,-1828.25,0,Mph_TU
726.75,-1841.75,0,Mph_TU
344.75,-1840.25,0,Mph_TU
963.75,-1827.25,0,Mph_TU
567.25,-1832.25,0,Mph_TU
809.25,-1830.25,0,Mph_TU
370.75,-1826.25,0,Mph_TU
858.25,-1811.25,0,Mph_TU
369.75,-1796.25,0,Mph_TU
893.75,-1794.25,0,Mph_TU
1029.75,-1780.75,0,Mph_TU
947.75,-1765.25,0,Mph_TU
1076.75,-1762.75,0,Mph_TU
1050.75,-1744.25,0,Mph_TU
976.25,-1739.25,0,Mph_TU
1076.75,-1628.75,0,Mph_TU
1358.75,-822.75,0,Mph_TU
1326.75,-823.75,0,Mph_TU
1424.25,-814.75,0,Mph_TU
1585.25,-818.75,0,Mph_TU
1141.75,-818.75,0,Mph_TU
1543.25,-805.25,0,Mph_TU
1712.25,-805.75,0,Mph_TU
1772.75,-817.75,0,Mph_TU
1569.25,-815.75,0,Mph_TU
1211.25,-802.75,0,Mph_TU
1248.75,-808.25,0,Mph_TU
1287.75,-823.25,0,Mph_TU
1386.25,-805.75,0,Mph_TU
1820.25,-823.25,0,Mph_TU
1844.75,-812.75,0,Mph_TU
1650.75,-812.75,0,Mph_TU
1490.25,-806.75,0,Mph_TU
1308.75,-803.75,0,Mph_TU
1510.25,-802.75,0,Mph_TU
1821.75,-795.75,0,Mph_TU
1531.25,-781.75,0,Mph_TU
1577.75,-795.25,0,Mph_TU
1848.25,-791.25,0,Mph_TU
1884.75,-794.75,0,Mph_TU
1407.75,-795.25,0,Mph_TU
1481.25,-786.25,0,Mph_TU
1657.25,-793.75,0,Mph_TU
1446.75,-784.25,0,Mph_TU
1631.25,-789.75,0,Mph_TU
1583.25,-777.25,0,Mph_TU
1288.75,-776.25,0,Mph_TU
1239.75,-778.25,0,Mph_TU
1652.25,-773.75,0,Mph_TU
1558.75,-770.75,0,Mph_TU
1399.25,-764.75,0,Mph_TU
1315.75,-773.25,0,Mph_TU
1439.75,-752.25,0,Mph_TU
1133.25,-763.75,0,Mph_TU
1275.75,-754.75,0,Mph_TU
1600.25,-757.75,0,Mph_TU
1750.25,-752.25,0,Mph_TU
1689.75,-747.25,0,Mph_TU
1153.25,-745.75,0,Mph_TU
1578.75,-743.25,0,Mph_TU
1254.75,-741.75,0,Mph_TU
1314.75,-742.75,0,Mph_TU
1495.25,-738.25,0,Mph_TU
1552.25,-749.75,0,Mph_TU
1599.75,-743.75,0,Mph_TU
1109.25,-737.75,0,Mph_TU
1354.75,-741.25,0,Mph_TU
1545.25,-743.75,0,Mph_TU
1648.25,-739.25,0,Mph_TU
1384.75,-732.25,0,Mph_TU
1289.75,-730.75,0,Mph_TU
1530.75,-728.25,0,Mph_TU
1554.75,-714.25,0,Mph_TU
1577.75,-709.75,0,Mph_TU
1660.75,-723.75,0,Mph_TU
1239.25,-717.75,0,Mph_TU
1155.75,-706.25,0,Mph_TU
1624.75,-718.75,0,Mph_TU
1191.75,-718.25,0,Mph_TU
1270.75,-711.25,0,Mph_TU
1598.75,-714.25,0,Mph_TU
1333.25,-709.75,0,Mph_TU
1347.25,-696.25,0,Mph_TU
1188.25,-692.25,0,Mph_TU
1609.25,-696.75,0,Mph_TU
1648.25,-694.75,0,Mph_TU
1286.75,-697.75,0,Mph_TU
1248.75,-682.25,0,Mph_TU
1227.25,-690.75,0,Mph_TU
1632.25,-682.75,0,Mph_TU
1738.25,-685.25,0,Mph_TU
1278.25,-679.75,0,Mph_TU
1154.25,-682.25,0,Mph_TU
1317.25,-678.75,0,Mph_TU
1562.75,-669.25,0,Mph_TU
1616.75,-667.75,0,Mph_TU
1199.75,-667.75,0,Mph_TU
1590.75,-672.75,0,Mph_TU
1382.25,-675.75,0,Mph_TU
1492.75,-669.25,0,Mph_TU
1158.25,-661.75,0,Mph_TU
1600.25,-644.25,0,Mph_TU
1135.75,-652.25,0,Mph_TU
1380.25,-653.25,0,Mph_TU
1110.25,-655.75,0,Mph_TU
1156.75,-640.25,0,Mph_TU
1485.25,-635.25,0,Mph_TU
1196.75,-633.75,0,Mph_TU
1554.75,-640.25,0,Mph_TU
1315.75,-636.25,0,Mph_TU
1524.75,-628.25,0,Mph_TU
1496.75,-619.25,0,Mph_TU
1382.25,-624.25,0,Mph_TU
1555.75,-605.25,0,Mph_TU
1512.75,-590.75,0,Mph_TU
1671.25,-591.75,0,Mph_TU
1476.25,-609.75,0,Mph_TU
1428.25,-607.75,0,Mph_TU
1449.25,-602.75,0,Mph_TU
1143.75,-608.25,0,Mph_TU
1469.75,-593.75,0,Mph_TU
1535.25,-593.25,0,Mph_TU
1416.75,-589.25,0,Mph_TU
1488.75,-587.75,0,Mph_TU
1383.75,-575.75,0,Mph_TU
1594.75,-576.75,0,Mph_TU
1506.25,-572.25,0,Mph_TU
1654.25,-565.75,0,Mph_TU
1543.75,-565.75,0,Mph_TU
1305.25,-565.25,0,Mph_TU
1490.25,-564.25,0,Mph_TU
1407.25,-558.25,0,Mph_TU
1641.25,-531.75,0,Mph_TU
1501.25,-543.25,0,Mph_TU
1530.75,-538.25,0,Mph_TU
1485.75,-527.75,0,Mph_TU
1599.25,-527.25,0,Mph_TU
1428.75,-529.25,0,Mph_TU
1548.25,-526.75,0,Mph_TU
1516.25,-525.25,0,Mph_TU
1501.25,-509.25,0,Mph_TU
1572.75,-530.25,0,Mph_TU
1588.75,-514.75,0,Mph_TU
1297.25,-515.25,0,Mph_TU
1530.25,-505.25,0,Mph_TU
1472.75,-505.25,0,Mph_TU
1454.75,-493.25,0,Mph_TU
1563.75,-494.75,0,Mph_TU
1620.75,-499.25,0,Mph_TU
1597.25,-491.75,0,Mph_TU
1191.75,-495.25,0,Mph_TU
1488.25,-479.25,0,Mph_TU
1436.25,-475.75,0,Mph_TU
1290.75,-476.25,0,Mph_TU
1321.75,-466.75,0,Mph_TU
1407.75,-469.75,0,Mph_TU
1295.75,-439.75,0,Mph_TU
1418.75,-444.25,0,Mph_TU
1470.25,-436.75,0,Mph_TU
1416.75,-388.25,0,Mph_TU
1345.25,-361.25,0,Mph_TU
1372.75,-341.75,0,Mph_TU
1304.75,-342.75,0,Mph_TU
1337.75,-319.75,0,Mph_TU
1313.25,-319.25,0,Mph_TU
1299.75,-320.75,0,Mph_TU
1228.75,-274.25,0,Mph_TU
1233.75,-255.75,0,Mph_TU
1119.25,-253.75,0,Mph_TU
1219.25,-238.75,0,Mph_TU
1180.75,-231.75,0,Mph_TU
1142.75,-234.75,0,Mph_TU
1120.25,-221.25,0,Mph_TU
1150.25,-216.75,0,Mph_TU
1127.25,-172.75,0,Mph_TU
-2053.75,-663.25,0,Mph_TU
-2000.75,-653.25,0,Mph_TU
-2019.25,-636.25,0,Mph_TU
-2030.75,-628.75,0,Mph_TU
-2000.75,-618.25,0,Mph_TU
-2039.25,-611.75,0,Mph_TU
-1608.75,-621.25,0,Mph_TU
-2056.75,-604.75,0,Mph_TU
-1616.25,-600.25,0,Mph_TU
-1630.25,-592.75,0,Mph_TU
-1597.75,-578.75,0,Mph_TU
-2068.75,-557.25,0,Mph_TU
-2029.75,-569.25,0,Mph_TU
-2042.75,-554.25,0,Mph_TU
-1611.25,-541.75,0,Mph_TU
-2049.75,-535.25,0,Mph_TU
-2041.75,-504.75,0,Mph_TU
-1594.25,-519.25,0,Mph_TU
-2075.75,-499.25,0,Mph_TU
-1588.25,-291.25,0,Mph_TU
-1609.25,-270.25,0,Mph_TU
-1831.25,-215.75,0,Mph_TU
-1800.75,-169.75,0,Mph_TU
-1759.25,-175.25,0,Mph_TU
-1366.75,-163.75,0,Mph_TU
-1749.25,-152.75,0,Mph_TU
-2049.25,-143.25,0,Mph_TU
-1777.75,-136.25,0,Mph_TU
-1311.25,-139.75,0,Mph_TU
-2056.75,-132.25,0,Mph_TU
-1386.25,-116.75,0,Mph_TU
-2007.25,-120.25,0,Mph_TU
-1404.75,-112.25,0,Mph_TU
-1549.75,-86.25,0,Mph_TU
-2056.75,-75.25,0,Mph_TU
-2069.75,-45.75,0,Mph_TU
-1411.75,-54.25,0,Mph_TU
-1370.75,-35.75,0,Mph_TU
-1687.75,-43.25,0,Mph_TU
-2090.25,-33.25,0,Mph_TU
-1426.75,-39.25,0,Mph_TU
1731.25,-1620.75,0,Mph_TU
1699.75,-1622.25,0,Mph_TU
1737.25,-1606.75,0,Mph_TU
1765.25,-1600.25,0,Mph_TU
1163.25,-1597.75,0,Mph_TU
1550.75,-1610.25,0,Mph_TU
1396.25,-1594.25,0,Mph_TU
1674.25,-1591.25,0,Mph_TU
1603.25,-1602.25,0,Mph_TU
1876.25,-1594.25,0,Mph_TU
1552.75,-1587.75,0,Mph_TU
1512.75,-1586.75,0,Mph_TU
1610.75,-1585.25,0,Mph_TU
1777.75,-1580.25,0,Mph_TU
1710.25,-1560.25,0,Mph_TU
1638.75,-1549.25,0,Mph_TU
1256.75,-1549.75,0,Mph_TU
1528.75,-1543.75,0,Mph_TU
1223.25,-1535.25,0,Mph_TU
1742.75,-1537.25,0,Mph_TU
1194.25,-1518.75,0,Mph_TU
1726.75,-1513.25,0,Mph_TU
1168.25,-1509.75,0,Mph_TU
1351.25,-1506.25,0,Mph_TU
1753.75,-1481.25,0,Mph_TU
1846.75,-1486.75,0,Mph_TU
1161.75,-1488.75,0,Mph_TU
1246.25,-1491.75,0,Mph_TU
1710.25,-1481.75,0,Mph_TU
1831.25,-1469.75,0,Mph_TU
1802.75,-1471.25,0,Mph_TU
1156.25,-1468.25,0,Mph_TU
1172.75,-1462.75,0,Mph_TU
1900.25,-1455.75,0,Mph_TU
1430.25,-1464.25,0,Mph_TU
1332.25,-1450.75,0,Mph_TU
1720.25,-1454.75,0,Mph_TU
1383.25,-1449.25,0,Mph_TU
1821.75,-1435.25,0,Mph_TU
1284.75,-1449.75,0,Mph_TU
1738.25,-1446.75,0,Mph_TU
1314.75,-1436.75,0,Mph_TU
1397.75,-1441.25,0,Mph_TU
1706.75,-1428.25,0,Mph_TU
1159.75,-1431.25,0,Mph_TU
1621.25,-1419.75,0,Mph_TU
1153.25,-1423.25,0,Mph_TU
1285.75,-1416.25,0,Mph_TU
1392.75,-1422.25,0,Mph_TU
1116.75,-1418.25,0,Mph_TU
1432.25,-1398.25,0,Mph_TU
1456.75,-1401.75,0,Mph_TU
1838.75,-1388.25,0,Mph_TU
1902.25,-1393.75,0,Mph_TU
1108.25,-1380.25,0,Mph_TU
1157.25,-1367.75,0,Mph_TU
1386.25,-1361.75,0,Mph_TU
1548.25,-1348.75,0,Mph_TU
1282.75,-1349.75,0,Mph_TU
1501.25,-1343.75,0,Mph_TU
1759.25,-1346.75,0,Mph_TU
1123.75,-1348.25,0,Mph_TU
1331.75,-1341.75,0,Mph_TU
1437.25,-1343.75,0,Mph_TU
1452.75,-1332.25,0,Mph_TU
1538.25,-1328.25,0,Mph_TU
1383.25,-1329.75,0,Mph_TU
1313.25,-1331.25,0,Mph_TU
1145.75,-1315.75,0,Mph_TU
1342.25,-1316.25,0,Mph_TU
1126.75,-1295.25,0,Mph_TU
1773.25,-1294.25,0,Mph_TU
1368.75,-1303.25,0,Mph_TU
1250.25,-1292.25,0,Mph_TU
1386.75,-1292.25,0,Mph_TU
1417.25,-1276.25,0,Mph_TU
1478.25,-1290.75,0,Mph_TU
1273.25,-1280.75,0,Mph_TU
1201.75,-1278.75,0,Mph_TU
1456.25,-1265.25,0,Mph_TU
1389.25,-1273.75,0,Mph_TU
1169.25,-1272.25,0,Mph_TU
1295.25,-1272.75,0,Mph_TU
1495.25,-1265.25,0,Mph_TU
1867.25,-1262.75,0,Mph_TU
1256.75,-1262.75,0,Mph_TU
1669.75,-1263.25,0,Mph_TU
1698.75,-1250.75,0,Mph_TU
1396.75,-1244.75,0,Mph_TU
1225.25,-1248.25,0,Mph_TU
1285.75,-1243.25,0,Mph_TU
1364.25,-1224.75,0,Mph_TU
1424.75,-1238.25,0,Mph_TU
1155.75,-1225.25,0,Mph_TU
1197.25,-1232.75,0,Mph_TU
1451.25,-1221.75,0,Mph_TU
1258.75,-1221.75,0,Mph_TU
1412.25,-1223.75,0,Mph_TU
1184.25,-1211.75,0,Mph_TU
1205.25,-1216.75,0,Mph_TU
1334.75,-1228.25,0,Mph_TU
1305.25,-1212.75,0,Mph_TU
1519.75,-1214.75,0,Mph_TU
1346.75,-1213.75,0,Mph_TU
1239.75,-1199.75,0,Mph_TU
1215.75,-1199.75,0,Mph_TU
1321.75,-1198.75,0,Mph_TU
1164.75,-1188.75,0,Mph_TU
1663.75,-1201.25,0,Mph_TU
1522.75,-1187.75,0,Mph_TU
1198.75,-1187.25,0,Mph_TU
1352.25,-1187.75,0,Mph_TU
1273.75,-1175.25,0,Mph_TU
1301.75,-1182.75,0,Mph_TU
1693.25,-1187.75,0,Mph_TU
1242.25,-1182.25,0,Mph_TU
1221.75,-1180.25,0,Mph_TU
1539.25,-1180.75,0,Mph_TU
1579.75,-1176.75,0,Mph_TU
1316.25,-1170.25,0,Mph_TU
1208.25,-1169.75,0,Mph_TU
1669.75,-1174.25,0,Mph_TU
1260.25,-1158.75,0,Mph_TU
1231.75,-1158.25,0,Mph_TU
1627.25,-1161.75,0,Mph_TU
1671.75,-1157.25,0,Mph_TU
1306.75,-1150.75,0,Mph_TU
1128.75,-1153.75,0,Mph_TU
1703.75,-1135.25,0,Mph_TU
1662.25,-1126.75,0,Mph_TU
1193.75,-1134.75,0,Mph_TU
1331.75,-1137.75,0,Mph_TU
1119.25,-1129.75,0,Mph_TU
1140.75,-1136.25,0,Mph_TU
1367.25,-1121.75,0,Mph_TU
1157.25,-1122.25,0,Mph_TU
1300.25,-1120.75,0,Mph_TU
1681.25,-1119.75,0,Mph_TU
1334.75,-1114.25,0,Mph_TU
1522.25,-1125.25,0,Mph_TU
1723.25,-1119.75,0,Mph_TU
1195.25,-1114.25,0,Mph_TU
1413.25,-1115.75,0,Mph_TU
1106.75,-1108.75,0,Mph_TU
1181.75,-1105.25,0,Mph_TU
1266.75,-1111.25,0,Mph_TU
1471.75,-1105.25,0,Mph_TU
1522.75,-1097.75,0,Mph_TU
1234.25,-1097.25,0,Mph_TU
1284.75,-1101.25,0,Mph_TU
1166.75,-1094.75,0,Mph_TU
1126.25,-1090.75,0,Mph_TU
1711.25,-1087.75,0,Mph_TU
1273.25,-1085.75,0,Mph_TU
1246.75,-1081.75,0,Mph_TU
1863.25,-1082.75,0,Mph_TU
1327.75,-1085.75,0,Mph_TU
1537.25,-1081.25,0,Mph_TU
1888.75,-1079.25,0,Mph_TU
1563.75,-1076.75,0,Mph_TU
1106.25,-1073.75,0,Mph_TU
1170.25,-1057.25,0,Mph_TU
1334.75,-1060.25,0,Mph_TU
1867.75,-1060.75,0,Mph_TU
1891.75,-1056.25,0,Mph_TU
1621.75,-1058.75,0,Mph_TU
1144.25,-1042.25,0,Mph_TU
1871.25,-1026.25,0,Mph_TU
1107.75,-1043.75,0,Mph_TU
1235.25,-1048.25,0,Mph_TU
1130.75,-1038.25,0,Mph_TU
1323.25,-1029.75,0,Mph_TU
1599.25,-1037.75,0,Mph_TU
1195.25,-1041.75,0,Mph_TU
1768.25,-1038.75,0,Mph_TU
1619.25,-1028.25,0,Mph_TU
1637.25,-1032.75,0,Mph_TU
1561.75,-1023.25,0,Mph_TU
1113.25,-1019.75,0,Mph_TU
1746.75,-1016.75,0,Mph_TU
1362.75,-1017.25,0,Mph_TU
1205.25,-1007.25,0,Mph_TU
1236.25,-1011.25,0,Mph_TU
1787.75,-1006.25,0,Mph_TU
1814.75,-1011.75,0,Mph_TU
1853.75,-1012.25,0,Mph_TU
1638.75,-1006.75,0,Mph_TU
1770.75,-1002.75,0,Mph_TU
1175.75,-1007.75,0,Mph_TU
1136.75,-1007.25,0,Mph_TU
1366.25,-993.25,0,Mph_TU
1109.25,-999.25,0,Mph_TU
1456.25,-1005.75,0,Mph_TU
1330.25,-991.75,0,Mph_TU
1825.25,-996.75,0,Mph_TU
1246.25,-991.75,0,Mph_TU
1440.75,-992.75,0,Mph_TU
1635.75,-981.25,0,Mph_TU
1608.25,-987.75,0,Mph_TU
1122.75,-977.25,0,Mph_TU
1659.25,-984.25,0,Mph_TU
1517.25,-990.25,0,Mph_TU
1851.75,-984.25,0,Mph_TU
1227.25,-977.75,0,Mph_TU
1272.75,-976.25,0,Mph_TU
1570.75,-982.75,0,Mph_TU
1533.25,-981.75,0,Mph_TU
1777.25,-973.75,0,Mph_TU
1206.25,-976.75,0,Mph_TU
1424.75,-973.75,0,Mph_TU
1589.75,-971.75,0,Mph_TU
1737.25,-979.75,0,Mph_TU
1377.75,-972.75,0,Mph_TU
1522.25,-954.25,0,Mph_TU
1471.75,-965.25,0,Mph_TU
1841.75,-954.75,0,Mph_TU
1625.25,-963.25,0,Mph_TU
1764.25,-951.75,0,Mph_TU
1294.75,-961.75,0,Mph_TU
1726.75,-952.25,0,Mph_TU
1280.25,-949.25,0,Mph_TU
1611.75,-949.25,0,Mph_TU
1816.75,-950.25,0,Mph_TU
1248.25,-952.25,0,Mph_TU
1633.75,-938.75,0,Mph_TU
1903.25,-947.25,0,Mph_TU
1596.75,-935.75,0,Mph_TU
1325.75,-928.75,0,Mph_TU
1817.75,-936.75,0,Mph_TU
1243.25,-922.75,0,Mph_TU
1720.25,-933.75,0,Mph_TU
1869.75,-930.25,0,Mph_TU
1830.75,-929.75,0,Mph_TU
1850.75,-922.75,0,Mph_TU
1276.75,-918.75,0,Mph_TU
1737.75,-917.75,0,Mph_TU
1881.75,-924.75,0,Mph_TU
1344.25,-923.25,0,Mph_TU
1468.75,-924.25,0,Mph_TU
1676.25,-912.75,0,Mph_TU
1304.75,-916.25,0,Mph_TU
1614.75,-908.75,0,Mph_TU
1709.25,-915.75,0,Mph_TU
1493.25,-918.75,0,Mph_TU
1778.75,-909.75,0,Mph_TU
1841.25,-911.25,0,Mph_TU
1658.75,-906.75,0,Mph_TU
1750.25,-901.75,0,Mph_TU
1403.75,-911.25,0,Mph_TU
1367.25,-908.25,0,Mph_TU
1885.75,-890.25,0,Mph_TU
1498.25,-901.25,0,Mph_TU
1423.25,-898.25,0,Mph_TU
1344.75,-900.25,0,Mph_TU
1302.25,-895.75,0,Mph_TU
1520.75,-901.75,0,Mph_TU
1467.25,-890.75,0,Mph_TU
1839.75,-892.25,0,Mph_TU
1334.75,-886.75,0,Mph_TU
1663.25,-887.25,0,Mph_TU
1497.25,-875.75,0,Mph_TU
1621.25,-882.25,0,Mph_TU
1254.25,-887.75,0,Mph_TU
1279.75,-875.25,0,Mph_TU
1653.75,-882.75,0,Mph_TU
1823.75,-875.25,0,Mph_TU
1384.25,-881.75,0,Mph_TU
1223.25,-885.25,0,Mph_TU
1304.75,-863.75,0,Mph_TU
1880.75,-867.25,0,Mph_TU
1536.25,-870.25,0,Mph_TU
1337.25,-854.25,0,Mph_TU
1660.75,-856.25,0,Mph_TU
1603.25,-868.25,0,Mph_TU
1629.75,-847.75,0,Mph_TU
1226.25,-860.25,0,Mph_TU
1369.75,-849.25,0,Mph_TU
1464.25,-843.25,0,Mph_TU
1428.75,-857.75,0,Mph_TU
1559.25,-857.25,0,Mph_TU
1557.75,-840.75,0,Mph_TU
1532.25,-846.25,0,Mph_TU
1653.75,-832.25,0,Mph_TU
1428.75,-829.25,0,Mph_TU
1390.75,-839.25,0,Mph_TU
1229.25,-826.75,0,Mph_TU
1740.75,-831.25,0,Mph_TU
1492.75,-828.75,0,Mph_TU
1060.75,-1544.25,0,Mph_TU
681.75,-1522.75,0,Mph_TU
1085.25,-1536.75,0,Mph_TU
1064.25,-1513.75,0,Mph_TU
1079.75,-1512.25,0,Mph_TU
433.25,-1508.25,0,Mph_TU
1014.25,-1498.25,0,Mph_TU
1089.25,-1485.75,0,Mph_TU
1039.75,-1472.75,0,Mph_TU
1066.75,-1467.75,0,Mph_TU
1013.75,-1470.25,0,Mph_TU
637.25,-1404.25,0,Mph_TU
1089.25,-1406.25,0,Mph_TU
1072.25,-1400.75,0,Mph_TU
1072.25,-1375.25,0,Mph_TU
1096.25,-1360.25,0,Mph_TU
1101.75,-1350.25,0,Mph_TU
880.75,-1346.75,0,Mph_TU
933.25,-1342.75,0,Mph_TU
954.75,-1326.75,0,Mph_TU
1105.75,-1319.75,0,Mph_TU
928.75,-1322.75,0,Mph_TU
977.75,-1324.25,0,Mph_TU
881.75,-1314.25,0,Mph_TU
1011.75,-1322.25,0,Mph_TU
954.25,-1306.75,0,Mph_TU
984.25,-1301.75,0,Mph_TU
1073.25,-1305.75,0,Mph_TU
885.75,-1288.25,0,Mph_TU
1094.25,-1279.25,0,Mph_TU
1066.25,-1279.75,0,Mph_TU
1042.25,-1281.25,0,Mph_TU
959.75,-1269.75,0,Mph_TU
1057.25,-1253.25,0,Mph_TU
939.75,-1251.25,0,Mph_TU
953.75,-1247.25,0,Mph_TU
976.75,-1253.75,0,Mph_TU
1089.75,-1227.75,0,Mph_TU
1015.75,-1238.25,0,Mph_TU
590.25,-1238.25,0,Mph_TU
1064.25,-1242.25,0,Mph_TU
480.75,-1233.25,0,Mph_TU
878.25,-1238.75,0,Mph_TU
762.25,-1237.75,0,Mph_TU
1047.25,-1225.75,0,Mph_TU
1026.75,-1218.25,0,Mph_TU
901.75,-1223.25,0,Mph_TU
1058.75,-1211.25,0,Mph_TU
1000.25,-1216.75,0,Mph_TU
791.25,-1216.25,0,Mph_TU
864.25,-1203.75,0,Mph_TU
1019.75,-1206.75,0,Mph_TU
1100.75,-1202.75,0,Mph_TU
636.25,-1213.75,0,Mph_TU
908.75,-1193.75,0,Mph_TU
872.25,-1185.25,0,Mph_TU
785.75,-1186.25,0,Mph_TU
919.25,-1184.75,0,Mph_TU
899.75,-1174.75,0,Mph_TU
979.25,-1173.75,0,Mph_TU
815.75,-1163.75,0,Mph_TU
771.25,-1169.75,0,Mph_TU
969.25,-1168.25,0,Mph_TU
751.75,-1162.75,0,Mph_TU
903.75,-1146.25,0,Mph_TU
778.75,-1159.25,0,Mph_TU
838.75,-1160.75,0,Mph_TU
937.25,-1155.25,0,Mph_TU
831.75,-1137.75,0,Mph_TU
795.25,-1143.75,0,Mph_TU
1088.25,-1146.75,0,Mph_TU
970.25,-1142.25,0,Mph_TU
757.75,-1136.25,0,Mph_TU
1050.25,-1142.25,0,Mph_TU
783.25,-1135.75,0,Mph_TU
941.75,-1142.75,0,Mph_TU
814.25,-1130.75,0,Mph_TU
1006.25,-1132.25,0,Mph_TU
860.75,-1129.75,0,Mph_TU
1097.25,-1114.75,0,Mph_TU
940.75,-1115.75,0,Mph_TU
978.25,-1102.75,0,Mph_TU
736.25,-1114.25,0,Mph_TU
830.25,-1106.75,0,Mph_TU
1028.25,-1114.75,0,Mph_TU
880.25,-1111.25,0,Mph_TU
1004.25,-1094.25,0,Mph_TU
813.25,-1088.25,0,Mph_TU
947.25,-1097.25,0,Mph_TU
1072.25,-1096.25,0,Mph_TU
757.25,-1103.75,0,Mph_TU
1047.75,-1090.25,0,Mph_TU
777.75,-1089.25,0,Mph_TU
740.25,-1083.25,0,Mph_TU
871.75,-1082.75,0,Mph_TU
835.75,-1073.25,0,Mph_TU
940.25,-1075.75,0,Mph_TU
1011.25,-1076.75,0,Mph_TU
1034.25,-1061.75,0,Mph_TU
1053.25,-1073.75,0,Mph_TU
1099.75,-1070.75,0,Mph_TU
907.25,-1079.75,0,Mph_TU
673.75,-1074.25,0,Mph_TU
963.75,-1065.25,0,Mph_TU
916.75,-1059.75,0,Mph_TU
886.25,-1066.75,0,Mph_TU
675.25,-1037.25,0,Mph_TU
629.75,-1052.25,0,Mph_TU
1057.75,-1027.25,0,Mph_TU
922.25,-1036.25,0,Mph_TU
936.25,-1043.25,0,Mph_TU
955.75,-1028.25,0,Mph_TU
990.25,-1047.25,0,Mph_TU
972.75,-1037.75,0,Mph_TU
638.75,-1022.75,0,Mph_TU
601.25,-1028.75,0,Mph_TU
902.25,-1021.25,0,Mph_TU
1007.75,-1031.25,0,Mph_TU
945.75,-1014.25,0,Mph_TU
735.75,-1018.25,0,Mph_TU
987.75,-1010.25,0,Mph_TU
1037.75,-1015.75,0,Mph_TU
1020.25,-1008.75,0,Mph_TU
922.25,-1012.25,0,Mph_TU
1089.25,-1013.75,0,Mph_TU
819.25,-1011.25,0,Mph_TU
857.75,-1001.75,0,Mph_TU
906.75,-991.25,0,Mph_TU
765.25,-1006.25,0,Mph_TU
885.25,-995.75,0,Mph_TU
307.25,-990.75,0,Mph_TU
741.25,-984.75,0,Mph_TU
776.25,-992.25,0,Mph_TU
930.75,-985.25,0,Mph_TU
338.25,-993.25,0,Mph_TU
841.25,-987.25,0,Mph_TU
885.75,-973.75,0,Mph_TU
439.25,-981.75,0,Mph_TU
643.25,-984.25,0,Mph_TU
824.25,-978.75,0,Mph_TU
1072.25,-985.25,0,Mph_TU
938.25,-966.75,0,Mph_TU
1023.25,-974.25,0,Mph_TU
856.75,-958.25,0,Mph_TU
1098.25,-967.25,0,Mph_TU
907.25,-960.25,0,Mph_TU
1057.25,-972.25,0,Mph_TU
795.25,-962.25,0,Mph_TU
824.75,-961.75,0,Mph_TU
1067.25,-960.75,0,Mph_TU
665.75,-956.25,0,Mph_TU
587.25,-954.75,0,Mph_TU
770.25,-953.75,0,Mph_TU
1031.75,-932.75,0,Mph_TU
809.25,-945.75,0,Mph_TU
830.75,-942.75,0,Mph_TU
692.25,-940.25,0,Mph_TU
607.25,-922.75,0,Mph_TU
643.25,-919.25,0,Mph_TU
677.75,-914.75,0,Mph_TU
749.75,-903.75,0,Mph_TU
827.75,-907.25,0,Mph_TU
793.25,-893.75,0,Mph_TU
993.25,-905.75,0,Mph_TU
694.75,-889.75,0,Mph_TU
922.75,-903.75,0,Mph_TU
1011.75,-893.25,0,Mph_TU
556.25,-899.25,0,Mph_TU
900.25,-897.75,0,Mph_TU
354.25,-887.25,0,Mph_TU
1039.75,-885.75,0,Mph_TU
734.75,-885.75,0,Mph_TU
1013.75,-867.75,0,Mph_TU
416.25,-862.75,0,Mph_TU
895.75,-874.75,0,Mph_TU
1054.75,-863.25,0,Mph_TU
767.25,-865.25,0,Mph_TU
1001.25,-858.75,0,Mph_TU
859.75,-860.25,0,Mph_TU
902.75,-849.75,0,Mph_TU
832.25,-852.75,0,Mph_TU
962.75,-849.25,0,Mph_TU
1011.25,-836.25,0,Mph_TU
857.75,-831.25,0,Mph_TU
1037.25,-841.75,0,Mph_TU
571.75,-832.25,0,Mph_TU
631.75,-830.25,0,Mph_TU
707.75,-834.75,0,Mph_TU
-628.25,-822.25,0,Mph_TU
-598.25,-813.75,0,Mph_TU
-664.25,-778.25,0,Mph_TU
-639.75,-780.25,0,Mph_TU
-815.75,-780.75,0,Mph_TU
-601.25,-767.75,0,Mph_TU
-703.75,-756.75,0,Mph_TU
-963.25,-758.25,0,Mph_TU
-810.75,-746.75,0,Mph_TU
-745.75,-748.25,0,Mph_TU
-1111.75,-731.25,0,Mph_TU
-1193.25,-748.75,0,Mph_TU
-918.25,-740.75,0,Mph_TU
-926.75,-732.75,0,Mph_TU
-828.75,-731.75,0,Mph_TU
-611.75,-725.75,0,Mph_TU
-944.25,-711.25,0,Mph_TU
-991.75,-710.25,0,Mph_TU
-748.75,-712.25,0,Mph_TU
-956.25,-691.25,0,Mph_TU
-582.75,-680.75,0,Mph_TU
-560.75,-670.75,0,Mph_TU
-963.25,-629.25,0,Mph_TU
-588.75,-635.75,0,Mph_TU
-952.75,-629.75,0,Mph_TU
-896.25,-596.25,0,Mph_TU
-821.25,-581.25,0,Mph_TU
-1061.75,-579.25,0,Mph_TU
-904.25,-577.75,0,Mph_TU
-786.75,-554.25,0,Mph_TU
-809.25,-531.25,0,Mph_TU
-773.25,-527.25,0,Mph_TU
-924.75,-529.25,0,Mph_TU
-657.25,-514.75,0,Mph_TU
-788.25,-497.25,0,Mph_TU
-816.25,-460.75,0,Mph_TU
-724.75,-456.75,0,Mph_TU
-780.25,-436.75,0,Mph_TU
-675.25,-421.25,0,Mph_TU
-1110.25,-427.75,0,Mph_TU
-877.25,-422.25,0,Mph_TU
-846.75,-406.25,0,Mph_TU
-826.75,-394.75,0,Mph_TU
-674.25,-391.75,0,Mph_TU
-1053.75,-398.75,0,Mph_TU
-989.75,-385.75,0,Mph_TU
-1104.25,-366.25,0,Mph_TU
-1002.25,-360.25,0,Mph_TU
-1063.75,-360.75,0,Mph_TU
-684.75,-337.75,0,Mph_TU
-848.25,-299.75,0,Mph_TU
-828.25,-286.25,0,Mph_TU
-949.25,-254.25,0,Mph_TU
-824.75,-243.25,0,Mph_TU
-710.75,-208.75,0,Mph_TU
-572.75,-197.25,0,Mph_TU
-668.25,-191.75,0,Mph_TU
-639.75,-186.25,0,Mph_TU
-707.25,-182.25,0,Mph_TU
-730.25,-169.25,0,Mph_TU
-878.25,-117.75,0,Mph_TU
-933.75,-100.25,0,Mph_TU
-862.25,-102.75,0,Mph_TU
-503.25,-109.75,0,Mph_TU
-849.75,-81.25,0,Mph_TU
-906.25,-95.25,0,Mph_TU
-1144.75,-82.75,0,Mph_TU
-671.75,-74.75,0,Mph_TU
-913.25,-49.75,0,Mph_TU
-940.75,-48.75,0,Mph_TU
-777.75,-45.25,0,Mph_TU
-683.25,-24.75,0,Mph_TU
972.75,-821.75,0,Mph_TU
1024.75,-816.75,0,Mph_TU
524.75,-822.75,0,Mph_TU
769.25,-820.75,0,Mph_TU
726.75,-815.25,0,Mph_TU
504.25,-808.25,0,Mph_TU
688.75,-810.25,0,Mph_TU
712.75,-810.75,0,Mph_TU
750.25,-800.25,0,Mph_TU
926.25,-802.75,0,Mph_TU
479.25,-795.25,0,Mph_TU
810.25,-797.75,0,Mph_TU
870.25,-799.25,0,Mph_TU
603.25,-790.75,0,Mph_TU
665.25,-782.75,0,Mph_TU
625.25,-782.25,0,Mph_TU
507.75,-780.75,0,Mph_TU
742.75,-769.25,0,Mph_TU
952.25,-777.25,0,Mph_TU
930.25,-758.75,0,Mph_TU
1074.25,-772.25,0,Mph_TU
988.75,-769.75,0,Mph_TU
1024.25,-766.75,0,Mph_TU
1104.75,-769.25,0,Mph_TU
956.75,-758.25,0,Mph_TU
454.25,-760.75,0,Mph_TU
883.75,-754.75,0,Mph_TU
1061.75,-755.75,0,Mph_TU
983.75,-737.75,0,Mph_TU
1001.25,-736.25,0,Mph_TU
886.25,-729.25,0,Mph_TU
957.75,-720.25,0,Mph_TU
1070.25,-739.25,0,Mph_TU
1097.75,-719.25,0,Mph_TU
634.25,-727.75,0,Mph_TU
928.25,-727.25,0,Mph_TU
1054.75,-739.75,0,Mph_TU
1040.75,-718.25,0,Mph_TU
1073.75,-723.25,0,Mph_TU
1056.75,-720.25,0,Mph_TU
1082.25,-712.25,0,Mph_TU
857.75,-718.25,0,Mph_TU
1056.25,-694.75,0,Mph_TU
1049.75,-700.75,0,Mph_TU
1085.25,-695.75,0,Mph_TU
844.75,-695.75,0,Mph_TU
750.75,-682.25,0,Mph_TU
767.75,-663.25,0,Mph_TU
874.75,-681.25,0,Mph_TU
839.25,-664.75,0,Mph_TU
1080.75,-655.75,0,Mph_TU
949.75,-671.25,0,Mph_TU
936.75,-654.75,0,Mph_TU
964.25,-657.25,0,Mph_TU
1037.75,-663.75,0,Mph_TU
902.75,-659.25,0,Mph_TU
1006.25,-652.75,0,Mph_TU
988.25,-656.75,0,Mph_TU
1062.75,-646.25,0,Mph_TU
1042.75,-633.25,0,Mph_TU
1098.25,-631.75,0,Mph_TU
1017.75,-631.25,0,Mph_TU
938.25,-628.75,0,Mph_TU
952.75,-619.75,0,Mph_TU
1069.25,-622.75,0,Mph_TU
1007.25,-609.25,0,Mph_TU
1052.75,-609.75,0,Mph_TU
731.75,-611.25,0,Mph_TU
370.25,-601.25,0,Mph_TU
938.25,-597.75,0,Mph_TU
907.25,-591.25,0,Mph_TU
1017.75,-593.75,0,Mph_TU
624.75,-580.75,0,Mph_TU
403.75,-592.25,0,Mph_TU
991.75,-577.75,0,Mph_TU
428.75,-579.75,0,Mph_TU
843.25,-571.25,0,Mph_TU
886.75,-564.25,0,Mph_TU
381.25,-568.75,0,Mph_TU
1032.75,-568.25,0,Mph_TU
407.75,-545.25,0,Mph_TU
942.75,-540.25,0,Mph_TU
652.25,-544.25,0,Mph_TU
431.75,-542.25,0,Mph_TU
1085.25,-539.75,0,Mph_TU
628.75,-542.25,0,Mph_TU
1004.75,-525.25,0,Mph_TU
422.25,-513.75,0,Mph_TU
941.25,-515.25,0,Mph_TU
449.25,-517.25,0,Mph_TU
865.75,-499.25,0,Mph_TU
693.75,-503.75,0,Mph_TU
952.75,-492.25,0,Mph_TU
708.75,-492.25,0,Mph_TU
901.75,-475.75,0,Mph_TU
939.75,-468.25,0,Mph_TU
783.25,-467.75,0,Mph_TU
579.25,-471.25,0,Mph_TU
762.25,-456.75,0,Mph_TU
695.75,-457.25,0,Mph_TU
598.75,-441.75,0,Mph_TU
611.25,-434.75,0,Mph_TU
619.25,-418.25,0,Mph_TU
593.75,-419.25,0,Mph_TU
990.25,-417.75,0,Mph_TU
571.75,-411.75,0,Mph_TU
589.25,-394.75,0,Mph_TU
867.75,-404.75,0,Mph_TU
666.75,-397.75,0,Mph_TU
553.25,-396.25,0,Mph_TU
625.75,-378.25,0,Mph_TU
603.75,-374.75,0,Mph_TU
335.75,-374.25,0,Mph_TU
896.75,-369.25,0,Mph_TU
660.25,-378.75,0,Mph_TU
519.75,-356.75,0,Mph_TU
554.25,-364.75,0,Mph_TU
363.75,-363.25,0,Mph_TU
582.75,-354.75,0,Mph_TU
630.25,-345.75,0,Mph_TU
682.75,-345.25,0,Mph_TU
551.25,-336.25,0,Mph_TU
647.75,-326.25,0,Mph_TU
682.75,-322.25,0,Mph_TU
836.75,-320.25,0,Mph_TU
616.25,-319.25,0,Mph_TU
679.75,-300.75,0,Mph_TU
785.25,-306.75,0,Mph_TU
743.75,-292.25,0,Mph_TU
1057.25,-296.75,0,Mph_TU
819.25,-285.75,0,Mph_TU
688.25,-273.25,0,Mph_TU
654.75,-275.25,0,Mph_TU
1090.25,-280.25,0,Mph_TU
1065.75,-268.75,0,Mph_TU
1099.75,-264.75,0,Mph_TU
1104.75,-226.75,0,Mph_TU
636.25,-230.75,0,Mph_TU
651.75,-201.25,0,Mph_TU
1038.75,-186.25,0,Mph_TU
1096.25,-199.75,0,Mph_TU
622.75,-191.75,0,Mph_TU
771.25,-197.75,0,Mph_TU
1083.75,-182.25,0,Mph_TU
577.25,-184.25,0,Mph_TU
685.25,-173.75,0,Mph_TU
651.25,-166.25,0,Mph_TU
705.75,-165.25,0,Mph_TU
533.75,-151.75,0,Mph_TU
743.25,-118.25,0,Mph_TU
692.25,-110.25,0,Mph_TU
652.25,-117.25,0,Mph_TU
585.75,-109.25,0,Mph_TU
621.25,-101.75,0,Mph_TU
630.75,-81.25,0,Mph_TU
397.25,-79.25,0,Mph_TU
610.25,-73.75,0,Mph_TU
366.25,-72.25,0,Mph_TU
395.25,-53.25,0,Mph_TU
453.25,-63.75,0,Mph_TU
606.75,-41.25,0,Mph_TU
635.75,-47.75,0,Mph_TU
442.25,-55.25,0,Mph_TU
539.75,-35.25,0,Mph_TU
400.75,-39.75,0,Mph_TU
501.75,-35.25,0,Mph_TU
571.25,-32.25,0,Mph_TU
459.25,-28.25,0,Mph_TU
-413.25,-1417.75,0,Mph_TU
-294.75,-1391.25,0,Mph_TU
-217.75,-1383.75,0,Mph_TU
-407.75,-1375.75,0,Mph_TU
-429.25,-1363.25,0,Mph_TU
-398.25,-1351.75,0,Mph_TU
-259.25,-1327.75,0,Mph_TU
-232.75,-1328.25,0,Mph_TU
-323.75,-1325.25,0,Mph_TU
-277.25,-1302.25,0,Mph_TU
-251.75,-1292.25,0,Mph_TU
225.75,-1293.75,0,Mph_TU
-320.25,-1289.75,0,Mph_TU
-317.25,-1260.75,0,Mph_TU
-356.75,-1258.75,0,Mph_TU
-328.25,-1249.25,0,Mph_TU
194.25,-1193.75,0,Mph_TU
-257.25,-1167.25,0,Mph_TU
-255.25,-1138.25,0,Mph_TU
-256.25,-1115.75,0,Mph_TU
-227.25,-1116.25,0,Mph_TU
-421.25,-1095.25,0,Mph_TU
-376.75,-1110.25,0,Mph_TU
-236.75,-1097.25,0,Mph_TU
-396.25,-1106.25,0,Mph_TU
-112.25,-1028.75,0,Mph_TU
-87.75,-998.25,0,Mph_TU
-103.75,-983.75,0,Mph_TU
-117.25,-946.25,0,Mph_TU
283.75,-924.75,0,Mph_TU
197.25,-915.25,0,Mph_TU
290.75,-883.25,0,Mph_TU
-299.25,-880.25,0,Mph_TU
274.75,-868.75,0,Mph_TU
297.75,-847.75,0,Mph_TU
23.75,-839.25,0,Mph_TU
263.75,-836.75,0,Mph_TU
1505.25,-2414.25,0,Mph_TU
1491.25,-2415.25,0,Mph_TU
1438.75,-2410.75,0,Mph_TU
1346.25,-2406.75,0,Mph_TU
1615.75,-2397.75,0,Mph_TU
1220.25,-2391.75,0,Mph_TU
1197.75,-2381.75,0,Mph_TU
1175.75,-2377.25,0,Mph_TU
1455.25,-2360.25,0,Mph_TU
1484.75,-2361.75,0,Mph_TU
1375.75,-2363.25,0,Mph_TU
1416.25,-2349.75,0,Mph_TU
1126.75,-2346.25,0,Mph_TU
1166.25,-2353.25,0,Mph_TU
1427.25,-2332.25,0,Mph_TU
1119.75,-2316.75,0,Mph_TU
1422.75,-2315.75,0,Mph_TU
1513.25,-2323.75,0,Mph_TU
1529.25,-2315.75,0,Mph_TU
1884.25,-2310.75,0,Mph_TU
1117.75,-2288.75,0,Mph_TU
1499.75,-2292.25,0,Mph_TU
1798.25,-2293.75,0,Mph_TU
1485.25,-2281.75,0,Mph_TU
1893.25,-2271.25,0,Mph_TU
1465.75,-2262.75,0,Mph_TU
1780.75,-2254.75,0,Mph_TU
1440.25,-2247.25,0,Mph_TU
1791.75,-2245.25,0,Mph_TU
1393.25,-2231.75,0,Mph_TU
1763.75,-2239.75,0,Mph_TU
1815.75,-2234.75,0,Mph_TU
1850.25,-2225.25,0,Mph_TU
1788.25,-2230.25,0,Mph_TU
1360.25,-2218.75,0,Mph_TU
1880.25,-2230.75,0,Mph_TU
1759.25,-2223.25,0,Mph_TU
1904.75,-2228.25,0,Mph_TU
1855.75,-2201.75,0,Mph_TU
1413.25,-2201.25,0,Mph_TU
1369.25,-2191.75,0,Mph_TU
1837.25,-2183.25,0,Mph_TU
1605.75,-2174.75,0,Mph_TU
1885.25,-2173.25,0,Mph_TU
1151.25,-2177.25,0,Mph_TU
1566.25,-2159.25,0,Mph_TU
1400.25,-2168.75,0,Mph_TU
1822.25,-2160.75,0,Mph_TU
1444.75,-2161.75,0,Mph_TU
1340.25,-2155.75,0,Mph_TU
1476.25,-2155.75,0,Mph_TU
1129.75,-2153.25,0,Mph_TU
1412.25,-2145.25,0,Mph_TU
1677.25,-2138.25,0,Mph_TU
1182.75,-2128.25,0,Mph_TU
1876.75,-2136.25,0,Mph_TU
1698.25,-2122.75,0,Mph_TU
1844.25,-2119.25,0,Mph_TU
1875.25,-2109.75,0,Mph_TU
1261.25,-2113.75,0,Mph_TU
1709.75,-2100.25,0,Mph_TU
1820.25,-2097.25,0,Mph_TU
1118.75,-2097.25,0,Mph_TU
1161.25,-2096.75,0,Mph_TU
1500.25,-2081.25,0,Mph_TU
1725.75,-2083.25,0,Mph_TU
1743.25,-2058.25,0,Mph_TU
1804.25,-2062.75,0,Mph_TU
1815.25,-2038.25,0,Mph_TU
1849.25,-2046.25,0,Mph_TU
1757.75,-2035.25,0,Mph_TU
1855.25,-2012.75,0,Mph_TU
1839.25,-2015.25,0,Mph_TU
1757.75,-2003.25,0,Mph_TU
1139.25,-2006.25,0,Mph_TU
1129.75,-1982.25,0,Mph_TU
1880.25,-1986.75,0,Mph_TU
1815.25,-1991.75,0,Mph_TU
1274.75,-1965.25,0,Mph_TU
1311.25,-1938.75,0,Mph_TU
1818.75,-1940.25,0,Mph_TU
1729.25,-1939.75,0,Mph_TU
1282.75,-1931.75,0,Mph_TU
1182.75,-1930.25,0,Mph_TU
1813.25,-1909.75,0,Mph_TU
1180.25,-1908.25,0,Mph_TU
1731.25,-1901.25,0,Mph_TU
1590.25,-1900.25,0,Mph_TU
1177.25,-1870.75,0,Mph_TU
1135.25,-1860.25,0,Mph_TU
1425.75,-1844.75,0,Mph_TU
1455.25,-1840.75,0,Mph_TU
1246.75,-1836.25,0,Mph_TU
1429.75,-1818.75,0,Mph_TU
1247.25,-1815.25,0,Mph_TU
1212.75,-1814.25,0,Mph_TU
1463.25,-1819.75,0,Mph_TU
1239.25,-1797.25,0,Mph_TU
1436.75,-1793.75,0,Mph_TU
1464.75,-1799.25,0,Mph_TU
1375.75,-1795.25,0,Mph_TU
1611.75,-1791.25,0,Mph_TU
1227.75,-1774.75,0,Mph_TU
1460.75,-1770.75,0,Mph_TU
1118.75,-1780.25,0,Mph_TU
1263.75,-1772.25,0,Mph_TU
1369.25,-1779.25,0,Mph_TU
1137.75,-1774.25,0,Mph_TU
1701.25,-1758.25,0,Mph_TU
1429.25,-1760.75,0,Mph_TU
1675.75,-1756.25,0,Mph_TU
1150.25,-1752.75,0,Mph_TU
1362.25,-1763.75,0,Mph_TU
1392.75,-1747.75,0,Mph_TU
1445.25,-1754.75,0,Mph_TU
1668.75,-1741.25,0,Mph_TU
1474.25,-1737.25,0,Mph_TU
1139.75,-1735.75,0,Mph_TU
1604.75,-1732.25,0,Mph_TU
1326.75,-1730.25,0,Mph_TU
1408.75,-1727.75,0,Mph_TU
1847.75,-1731.25,0,Mph_TU
1639.25,-1720.75,0,Mph_TU
1261.75,-1725.25,0,Mph_TU
1469.25,-1721.75,0,Mph_TU
1722.75,-1723.75,0,Mph_TU
1730.75,-1714.25,0,Mph_TU
1465.25,-1700.25,0,Mph_TU
1430.75,-1704.25,0,Mph_TU
1774.75,-1699.25,0,Mph_TU
1411.25,-1690.75,0,Mph_TU
1422.75,-1671.25,0,Mph_TU
1453.75,-1657.25,0,Mph_TU
1581.75,-1664.25,0,Mph_TU
1712.75,-1656.25,0,Mph_TU
1868.25,-1656.25,0,Mph_TU
1170.75,-1657.25,0,Mph_TU
1789.25,-1647.75,0,Mph_TU
1839.75,-1648.75,0,Mph_TU
1819.25,-1637.75,0,Mph_TU
1184.25,-1629.25,0,Mph_TU
1755.75,-1642.75,0,Mph_TU
1417.25,-1641.25,0,Mph_TU
1706.75,-1627.25,0,Mph_TU
2077.25,-813.75,0,Mph_TU
2037.75,-819.75,0,Mph_TU
1984.75,-802.25,0,Mph_TU
2063.25,-804.75,0,Mph_TU
1949.25,-796.25,0,Mph_TU
1918.25,-788.75,0,Mph_TU
1959.75,-778.75,0,Mph_TU
-3738.25,458.25,0,Mph_TU
-3808.25,465.75,0,Mph_TU
-3783.75,485.75,0,Mph_TU
-3770.25,502.75,0,Mph_TU
-3731.25,505.75,0,Mph_TU
-3854.75,519.25,0,Mph_TU
-3762.25,538.75,0,Mph_TU
-3735.25,542.25,0,Mph_TU
-3829.25,614.25,0,Mph_TU
-3746.75,614.75,0,Mph_TU
-3699.25,763.75,0,Mph_TU
-2916.75,176.25,0,Mph_TU
-2894.25,197.75,0,Mph_TU
-2928.75,210.25,0,Mph_TU
-2897.25,211.25,0,Mph_TU
-2932.75,328.75,0,Mph_TU
-3032.75,341.75,0,Mph_TU
-3447.75,411.25,0,Mph_TU
-3433.75,443.75,0,Mph_TU
-3463.25,437.75,0,Mph_TU
-3388.25,432.75,0,Mph_TU
-3390.25,464.25,0,Mph_TU
-3407.75,475.75,0,Mph_TU
-3247.25,488.75,0,Mph_TU
-3279.25,492.75,0,Mph_TU
-3379.75,513.25,0,Mph_TU
-3417.25,543.25,0,Mph_TU
-3354.25,528.25,0,Mph_TU
-3384.75,544.75,0,Mph_TU
-3361.25,561.25,0,Mph_TU
-3481.25,596.25,0,Mph_TU
-3420.75,595.25,0,Mph_TU
-3402.75,603.25,0,Mph_TU
-3197.25,622.75,0,Mph_TU
-3175.75,634.75,0,Mph_TU
-3300.75,677.25,0,Mph_TU
-3161.25,678.75,0,Mph_TU
-3397.75,683.25,0,Mph_TU
-3565.25,676.75,0,Mph_TU
-3583.75,683.25,0,Mph_TU
-3367.25,698.75,0,Mph_TU
-3570.25,713.25,0,Mph_TU
-3531.25,708.75,0,Mph_TU
-3609.75,719.75,0,Mph_TU
-3250.75,723.75,0,Mph_TU
-3689.25,745.75,0,Mph_TU
-3324.75,734.75,0,Mph_TU
-3572.25,744.75,0,Mph_TU
-3671.25,745.25,0,Mph_TU
-3330.75,771.25,0,Mph_TU
-3234.25,760.75,0,Mph_TU
-3618.75,771.75,0,Mph_TU
-3640.25,774.25,0,Mph_TU
-2363.75,-0.25,0,Mph_TU
-2391.75,23.75,0,Mph_TU
-2132.25,20.75,0,Mph_TU
-2150.25,51.25,0,Mph_TU
-2269.75,54.75,0,Mph_TU
-2096.75,59.25,0,Mph_TU
-2208.75,66.25,0,Mph_TU
-2300.25,76.75,0,Mph_TU
-2227.75,69.25,0,Mph_TU
-2266.25,95.25,0,Mph_TU
-2160.25,99.25,0,Mph_TU
-2300.75,99.25,0,Mph_TU
-2239.75,103.75,0,Mph_TU
-2580.25,102.75,0,Mph_TU
-2696.75,107.25,0,Mph_TU
-2889.75,117.75,0,Mph_TU
-2319.75,109.75,0,Mph_TU
-2227.75,117.75,0,Mph_TU
-2344.75,124.75,0,Mph_TU
-2234.25,145.25,0,Mph_TU
-2186.75,137.25,0,Mph_TU
-2308.25,147.75,0,Mph_TU
-2878.25,147.25,0,Mph_TU
-2342.25,160.25,0,Mph_TU
-2885.75,172.75,0,Mph_TU
-2128.75,164.75,0,Mph_TU
-2301.25,174.75,0,Mph_TU
-2317.25,170.25,0,Mph_TU
-2280.25,175.25,0,Mph_TU
-2249.25,167.75,0,Mph_TU
-2362.75,176.75,0,Mph_TU
-2378.75,192.75,0,Mph_TU
-2241.75,195.25,0,Mph_TU
-2306.75,207.75,0,Mph_TU
-2334.75,216.25,0,Mph_TU
-2356.25,224.75,0,Mph_TU
-2279.25,230.75,0,Mph_TU
-2395.25,232.75,0,Mph_TU
-2839.25,232.75,0,Mph_TU
-2231.75,238.25,0,Mph_TU
-2844.75,301.75,0,Mph_TU
-2333.75,307.25,0,Mph_TU
-2336.75,337.25,0,Mph_TU
-2434.75,340.75,0,Mph_TU
-2275.25,352.75,0,Mph_TU
-2463.75,363.75,0,Mph_TU
-2470.25,384.25,0,Mph_TU
-2786.25,387.25,0,Mph_TU
-2739.25,419.25,0,Mph_TU
-2772.75,442.25,0,Mph_TU
-2811.75,441.25,0,Mph_TU
-2744.25,452.75,0,Mph_TU
-2708.75,457.25,0,Mph_TU
-2734.25,465.75,0,Mph_TU
-2730.25,491.25,0,Mph_TU
-2780.75,494.25,0,Mph_TU
-2561.75,529.75,0,Mph_TU
-2789.75,543.75,0,Mph_TU
-2587.25,577.75,0,Mph_TU
-2885.75,623.75,0,Mph_TU
-2501.75,620.75,0,Mph_TU
-2681.25,639.25,0,Mph_TU
-2734.25,633.75,0,Mph_TU
-2714.25,646.75,0,Mph_TU
-2821.25,659.25,0,Mph_TU
-2735.25,664.75,0,Mph_TU
-2546.75,670.75,0,Mph_TU
-2648.25,701.75,0,Mph_TU
-2560.75,700.25,0,Mph_TU
-2832.25,726.25,0,Mph_TU
-2626.25,743.25,0,Mph_TU
-2504.75,750.75,0,Mph_TU
-2049.75,-4.75,0,Mph_TU
-1473.25,8.75,0,Mph_TU
-1762.75,11.75,0,Mph_TU
-2044.25,21.75,0,Mph_TU
-2004.25,30.75,0,Mph_TU
-1721.75,40.25,0,Mph_TU
-1809.75,30.25,0,Mph_TU
-1449.25,46.75,0,Mph_TU
-1780.25,58.75,0,Mph_TU
-1789.75,85.25,0,Mph_TU
-2065.75,96.75,0,Mph_TU
-1769.25,92.25,0,Mph_TU
-1441.75,100.75,0,Mph_TU
-1895.75,104.75,0,Mph_TU
-1853.75,106.75,0,Mph_TU
-1758.75,113.75,0,Mph_TU
-1776.25,130.75,0,Mph_TU
-1988.75,137.75,0,Mph_TU
-1775.75,161.25,0,Mph_TU
-1538.75,163.25,0,Mph_TU
-1845.75,187.75,0,Mph_TU
-1949.25,175.25,0,Mph_TU
-1548.25,201.75,0,Mph_TU
-1969.75,196.75,0,Mph_TU
-1863.75,197.75,0,Mph_TU
-1941.25,202.75,0,Mph_TU
-1790.25,207.25,0,Mph_TU
-1998.75,219.25,0,Mph_TU
-1968.75,228.25,0,Mph_TU
-1918.25,223.75,0,Mph_TU
-1542.75,223.75,0,Mph_TU
-1876.25,217.75,0,Mph_TU
-1605.25,227.25,0,Mph_TU
-1946.75,236.75,0,Mph_TU
-1658.75,227.75,0,Mph_TU
-1849.25,233.25,0,Mph_TU
-1559.25,244.25,0,Mph_TU
-2071.25,235.75,0,Mph_TU
-1827.75,257.25,0,Mph_TU
-1859.75,255.75,0,Mph_TU
-1519.25,252.75,0,Mph_TU
-2055.75,274.75,0,Mph_TU
-1581.25,280.75,0,Mph_TU
-1870.25,298.25,0,Mph_TU
-1683.25,306.75,0,Mph_TU
-1728.75,308.75,0,Mph_TU
-1748.75,313.75,0,Mph_TU
-1706.25,352.75,0,Mph_TU
-1781.75,358.75,0,Mph_TU
-1774.75,386.25,0,Mph_TU
-1818.75,402.25,0,Mph_TU
-1736.25,420.75,0,Mph_TU
-1773.25,438.75,0,Mph_TU
-1814.25,435.25,0,Mph_TU
-1483.25,443.75,0,Mph_TU
-1778.75,488.75,0,Mph_TU
-1758.25,491.25,0,Mph_TU
-1733.25,495.25,0,Mph_TU
-1485.25,508.25,0,Mph_TU
-1869.75,511.25,0,Mph_TU
-1769.25,516.75,0,Mph_TU
-1815.25,528.25,0,Mph_TU
-1899.75,539.25,0,Mph_TU
-1889.75,550.75,0,Mph_TU
-1927.75,555.75,0,Mph_TU
-1852.25,567.25,0,Mph_TU
-1748.75,557.25,0,Mph_TU
-1716.75,576.75,0,Mph_TU
-1920.25,573.25,0,Mph_TU
-1881.25,574.25,0,Mph_TU
-1615.75,712.75,0,Mph_TU
-1530.25,730.75,0,Mph_TU
-1606.25,733.25,0,Mph_TU
-1548.75,744.75,0,Mph_TU
-1594.25,752.25,0,Mph_TU
-1537.25,755.25,0,Mph_TU
-1549.25,768.25,0,Mph_TU
-1114.75,-2.75,0,Mph_TU
-870.25,-10.25,0,Mph_TU
-861.75,10.25,0,Mph_TU
-748.25,27.75,0,Mph_TU
-1019.25,26.75,0,Mph_TU
-761.75,37.75,0,Mph_TU
-935.25,41.25,0,Mph_TU
-974.25,52.25,0,Mph_TU
-827.25,73.75,0,Mph_TU
-624.75,63.25,0,Mph_TU
-958.25,66.25,0,Mph_TU
-708.75,77.75,0,Mph_TU
-888.75,102.75,0,Mph_TU
-693.75,113.25,0,Mph_TU
-863.25,121.25,0,Mph_TU
-743.25,141.75,0,Mph_TU
-580.25,157.25,0,Mph_TU
-684.25,155.75,0,Mph_TU
-511.25,179.75,0,Mph_TU
-952.75,194.25,0,Mph_TU
-720.25,214.25,0,Mph_TU
-883.25,241.25,0,Mph_TU
-509.75,261.75,0,Mph_TU
-767.75,273.25,0,Mph_TU
-784.75,274.75,0,Mph_TU
-591.75,311.75,0,Mph_TU
-1145.25,356.25,0,Mph_TU
-1096.25,356.25,0,Mph_TU
-802.75,358.75,0,Mph_TU
-1119.25,365.25,0,Mph_TU
-690.75,413.25,0,Mph_TU
-1237.75,428.25,0,Mph_TU
-1199.25,459.25,0,Mph_TU
-523.25,457.25,0,Mph_TU
-609.75,467.75,0,Mph_TU
-734.75,489.75,0,Mph_TU
-697.75,500.75,0,Mph_TU
-656.25,507.75,0,Mph_TU
-613.75,499.75,0,Mph_TU
-775.75,501.75,0,Mph_TU
-632.25,512.25,0,Mph_TU
-680.75,522.25,0,Mph_TU
-616.75,533.25,0,Mph_TU
-588.75,533.75,0,Mph_TU
-782.75,554.25,0,Mph_TU
-529.75,550.25,0,Mph_TU
-765.75,567.75,0,Mph_TU
-1055.75,575.75,0,Mph_TU
-594.75,587.75,0,Mph_TU
-632.25,618.25,0,Mph_TU
-509.75,628.75,0,Mph_TU
-720.75,645.25,0,Mph_TU
-687.25,632.75,0,Mph_TU
-615.75,630.75,0,Mph_TU
-591.75,635.25,0,Mph_TU
-610.75,663.75,0,Mph_TU
-679.75,660.75,0,Mph_TU
-567.25,664.75,0,Mph_TU
-720.75,675.25,0,Mph_TU
-688.25,683.75,0,Mph_TU
-800.75,680.75,0,Mph_TU
-671.25,686.25,0,Mph_TU
-626.25,695.25,0,Mph_TU
-705.75,711.75,0,Mph_TU
-656.75,697.75,0,Mph_TU
-610.75,702.25,0,Mph_TU
-772.75,707.25,0,Mph_TU
-645.75,719.75,0,Mph_TU
-509.75,714.25,0,Mph_TU
-621.75,722.25,0,Mph_TU
-605.75,723.25,0,Mph_TU
-507.25,744.75,0,Mph_TU
-621.75,742.75,0,Mph_TU
-821.25,751.75,0,Mph_TU
-668.75,760.25,0,Mph_TU
-643.25,766.25,0,Mph_TU
-465.75,-10.75,0,Mph_TU
290.75,2.25,0,Mph_TU
-441.75,3.25,0,Mph_TU
-406.75,3.25,0,Mph_TU
177.75,21.25,0,Mph_TU
-444.25,33.25,0,Mph_TU
203.25,37.75,0,Mph_TU
-420.75,72.25,0,Mph_TU
-404.25,75.25,0,Mph_TU
-393.75,103.75,0,Mph_TU
210.75,118.25,0,Mph_TU
-361.25,139.75,0,Mph_TU
-383.75,138.75,0,Mph_TU
214.25,139.75,0,Mph_TU
213.25,156.25,0,Mph_TU
-374.75,165.25,0,Mph_TU
-430.75,174.25,0,Mph_TU
206.25,170.25,0,Mph_TU
-340.75,177.75,0,Mph_TU
295.25,187.25,0,Mph_TU
-354.25,185.75,0,Mph_TU
-371.75,197.25,0,Mph_TU
-342.75,204.75,0,Mph_TU
-417.75,219.25,0,Mph_TU
-324.25,223.25,0,Mph_TU
-438.25,224.25,0,Mph_TU
-465.75,222.25,0,Mph_TU
300.75,230.25,0,Mph_TU
263.25,236.25,0,Mph_TU
-314.25,237.25,0,Mph_TU
-461.25,320.75,0,Mph_TU
-407.75,330.25,0,Mph_TU
-351.25,348.75,0,Mph_TU
-324.75,364.75,0,Mph_TU
-329.75,407.75,0,Mph_TU
-181.75,410.75,0,Mph_TU
-186.75,431.25,0,Mph_TU
-312.25,448.25,0,Mph_TU
-172.75,454.25,0,Mph_TU
-205.75,456.25,0,Mph_TU
-335.25,463.75,0,Mph_TU
-280.75,466.75,0,Mph_TU
-246.75,466.75,0,Mph_TU
-388.75,475.75,0,Mph_TU
-428.25,495.25,0,Mph_TU
-441.75,508.25,0,Mph_TU
-244.75,510.25,0,Mph_TU
-491.25,506.25,0,Mph_TU
-266.75,502.25,0,Mph_TU
-339.25,525.25,0,Mph_TU
-251.25,534.25,0,Mph_TU
-488.25,538.25,0,Mph_TU
-283.25,533.25,0,Mph_TU
-453.25,528.25,0,Mph_TU
-422.25,534.75,0,Mph_TU
-395.75,537.75,0,Mph_TU
-432.75,559.25,0,Mph_TU
-356.75,540.25,0,Mph_TU
-349.25,572.75,0,Mph_TU
-470.25,596.75,0,Mph_TU
-395.25,602.75,0,Mph_TU
-445.25,605.75,0,Mph_TU
-312.25,625.75,0,Mph_TU
-468.25,630.25,0,Mph_TU
-473.75,644.75,0,Mph_TU
-352.25,662.75,0,Mph_TU
-350.25,691.75,0,Mph_TU
-486.75,746.75,0,Mph_TU
-434.25,772.25,0,Mph_TU
-453.75,774.75,0,Mph_TU
676.75,-13.25,0,Mph_TU
418.25,-19.75,0,Mph_TU
470.25,-12.75,0,Mph_TU
441.25,-9.25,0,Mph_TU
417.25,0.25,0,Mph_TU
396.25,11.25,0,Mph_TU
365.25,3.75,0,Mph_TU
315.75,15.75,0,Mph_TU
576.75,16.25,0,Mph_TU
432.75,30.25,0,Mph_TU
502.25,24.75,0,Mph_TU
642.75,24.25,0,Mph_TU
617.75,39.75,0,Mph_TU
651.25,58.75,0,Mph_TU
689.25,38.75,0,Mph_TU
501.75,52.75,0,Mph_TU
517.25,50.25,0,Mph_TU
688.25,65.25,0,Mph_TU
596.25,74.25,0,Mph_TU
621.25,74.75,0,Mph_TU
358.25,86.75,0,Mph_TU
396.75,83.25,0,Mph_TU
574.25,90.75,0,Mph_TU
460.25,93.75,0,Mph_TU
373.25,99.75,0,Mph_TU
401.75,103.25,0,Mph_TU
473.75,112.75,0,Mph_TU
514.75,121.25,0,Mph_TU
386.75,121.75,0,Mph_TU
438.25,122.75,0,Mph_TU
493.25,135.75,0,Mph_TU
569.75,141.75,0,Mph_TU
374.75,147.75,0,Mph_TU
449.25,177.25,0,Mph_TU
322.75,192.75,0,Mph_TU
331.75,212.25,0,Mph_TU
-3695.25,781.75,0,Mph_TU
-3711.75,791.75,0,Mph_TU
-3711.25,812.75,0,Mph_TU
-3707.75,967.25,0,Mph_TU
-3716.75,1028.25,0,Mph_TU
-3694.25,1038.75,0,Mph_TU
-3720.75,1053.25,0,Mph_TU
-3724.75,1102.25,0,Mph_TU
-3589.75,782.75,0,Mph_TU
-3656.25,780.25,0,Mph_TU
-3678.25,779.75,0,Mph_TU
-3286.75,784.75,0,Mph_TU
-3309.25,785.75,0,Mph_TU
-3466.25,798.25,0,Mph_TU
-3389.75,805.25,0,Mph_TU
-3669.75,808.25,0,Mph_TU
-3117.75,825.75,0,Mph_TU
-3417.25,827.25,0,Mph_TU
-3205.25,850.75,0,Mph_TU
-3264.25,843.75,0,Mph_TU
-3132.25,857.25,0,Mph_TU
-3170.75,859.25,0,Mph_TU
-3292.25,866.75,0,Mph_TU
-3247.75,866.25,0,Mph_TU
-3365.25,872.25,0,Mph_TU
-3626.25,858.25,0,Mph_TU
-3272.75,870.75,0,Mph_TU
-3477.25,862.25,0,Mph_TU
-3322.25,872.75,0,Mph_TU
-3147.25,885.25,0,Mph_TU
-3540.25,878.25,0,Mph_TU
-3630.25,886.25,0,Mph_TU
-3470.75,881.75,0,Mph_TU
-3577.25,887.75,0,Mph_TU
-3470.25,911.75,0,Mph_TU
-3521.75,905.25,0,Mph_TU
-3567.75,920.25,0,Mph_TU
-3629.75,931.75,0,Mph_TU
-3587.25,930.75,0,Mph_TU
-3354.75,936.75,0,Mph_TU
-3386.75,930.75,0,Mph_TU
-3650.75,940.25,0,Mph_TU
-3505.25,946.75,0,Mph_TU
-3545.25,939.75,0,Mph_TU
-3360.25,965.25,0,Mph_TU
-3237.75,958.75,0,Mph_TU
-3548.75,964.25,0,Mph_TU
-3479.25,960.75,0,Mph_TU
-3520.75,980.75,0,Mph_TU
-3458.75,969.25,0,Mph_TU
-3417.25,971.25,0,Mph_TU
-3441.25,982.75,0,Mph_TU
-3547.75,987.75,0,Mph_TU
-3481.75,1001.25,0,Mph_TU
-3554.75,1000.25,0,Mph_TU
-3403.25,1004.25,0,Mph_TU
-3584.75,1007.75,0,Mph_TU
-3433.25,1015.25,0,Mph_TU
-3466.25,1028.25,0,Mph_TU
-3638.75,1049.25,0,Mph_TU
-3594.75,1047.75,0,Mph_TU
-3664.25,1057.25,0,Mph_TU
-3480.25,1059.25,0,Mph_TU
-3408.75,1058.25,0,Mph_TU
-3682.25,1073.25,0,Mph_TU
-3476.75,1090.75,0,Mph_TU
-3570.75,1111.25,0,Mph_TU
-3567.25,1173.25,0,Mph_TU
-3515.75,1176.75,0,Mph_TU
-3542.25,1182.75,0,Mph_TU
-3480.25,1229.25,0,Mph_TU
-3237.25,1224.75,0,Mph_TU
-3331.25,1239.25,0,Mph_TU
-3431.75,1282.25,0,Mph_TU
-3555.25,1308.25,0,Mph_TU
-3229.25,1330.25,0,Mph_TU
-3203.75,1319.25,0,Mph_TU
-3175.25,1341.75,0,Mph_TU
-3300.75,1347.25,0,Mph_TU
-3323.25,1347.25,0,Mph_TU
-3200.25,1350.75,0,Mph_TU
-3341.25,1353.25,0,Mph_TU
-3216.75,1357.25,0,Mph_TU
-3207.25,1417.25,0,Mph_TU
-3372.75,1417.25,0,Mph_TU
-3258.25,1502.25,0,Mph_TU
-3229.75,1514.25,0,Mph_TU
-3040.75,1526.25,0,Mph_TU
-3235.75,1537.75,0,Mph_TU
-2512.25,827.25,0,Mph_TU
-2704.25,870.25,0,Mph_TU
-2717.75,937.25,0,Mph_TU
-2679.25,935.25,0,Mph_TU
-2660.25,958.75,0,Mph_TU
-2671.25,982.25,0,Mph_TU
-2631.25,1076.75,0,Mph_TU
-2677.25,1094.25,0,Mph_TU
-2643.75,1099.75,0,Mph_TU
-2204.25,1106.75,0,Mph_TU
-2262.25,1109.25,0,Mph_TU
-2691.75,1171.25,0,Mph_TU
-2541.25,1192.75,0,Mph_TU
-2603.25,1209.75,0,Mph_TU
-2596.75,1246.25,0,Mph_TU
-2416.25,1366.75,0,Mph_TU
-2136.75,1544.25,0,Mph_TU
-2479.75,1557.75,0,Mph_TU
-2635.25,1567.75,0,Mph_TU
-2683.25,1556.75,0,Mph_TU
-2653.25,1553.75,0,Mph_TU
-2694.25,1565.25,0,Mph_TU
-1584.75,795.75,0,Mph_TU
-1477.75,809.25,0,Mph_TU
-1529.25,814.75,0,Mph_TU
-1551.75,832.75,0,Mph_TU
-1460.25,822.25,0,Mph_TU
-1489.75,831.25,0,Mph_TU
-1390.25,852.75,0,Mph_TU
-1373.25,870.75,0,Mph_TU
-1628.25,869.75,0,Mph_TU
-1391.25,888.25,0,Mph_TU
-1408.75,914.25,0,Mph_TU
-2069.75,907.75,0,Mph_TU
-1697.25,911.25,0,Mph_TU
-1478.75,937.75,0,Mph_TU
-1386.75,955.25,0,Mph_TU
-1501.25,949.75,0,Mph_TU
-1508.75,995.75,0,Mph_TU
-1358.75,996.75,0,Mph_TU
-1386.25,1004.25,0,Mph_TU
-1497.75,1019.75,0,Mph_TU
-1438.75,1030.25,0,Mph_TU
-1359.75,1028.75,0,Mph_TU
-1423.75,1020.75,0,Mph_TU
-1401.75,1020.75,0,Mph_TU
-1386.75,1034.75,0,Mph_TU
-1304.75,1053.75,0,Mph_TU
-1349.75,1060.25,0,Mph_TU
-1620.25,1066.25,0,Mph_TU
-1540.75,1082.25,0,Mph_TU
-1332.25,1079.25,0,Mph_TU
-1309.25,1080.25,0,Mph_TU
-1615.75,1087.75,0,Mph_TU
-1591.75,1093.25,0,Mph_TU
-1572.25,1094.25,0,Mph_TU
-1686.75,1118.25,0,Mph_TU
-1358.75,1141.25,0,Mph_TU
-1331.25,1162.25,0,Mph_TU
-1563.75,1162.75,0,Mph_TU
-1837.25,1175.75,0,Mph_TU
-1876.25,1201.25,0,Mph_TU
-1411.75,1224.75,0,Mph_TU
-1445.25,1223.75,0,Mph_TU
-1379.75,1265.25,0,Mph_TU
-1472.25,1265.25,0,Mph_TU
-1446.75,1274.75,0,Mph_TU
-2027.25,1291.25,0,Mph_TU
-1377.75,1325.25,0,Mph_TU
-1410.25,1325.75,0,Mph_TU
-1346.25,1327.75,0,Mph_TU
-1968.75,1327.75,0,Mph_TU
-1359.25,1341.25,0,Mph_TU
-1411.75,1355.25,0,Mph_TU
-1379.75,1346.25,0,Mph_TU
-2021.25,1366.75,0,Mph_TU
-2042.75,1397.75,0,Mph_TU
-1356.25,1398.75,0,Mph_TU
-1402.75,1400.75,0,Mph_TU
-2050.75,1413.75,0,Mph_TU
-1417.25,1409.75,0,Mph_TU
-1457.75,1409.25,0,Mph_TU
-1365.75,1427.75,0,Mph_TU
-1383.25,1438.25,0,Mph_TU
-1737.75,1439.25,0,Mph_TU
-1357.25,1454.75,0,Mph_TU
-1627.25,1442.25,0,Mph_TU
-1476.25,1460.25,0,Mph_TU
-1429.25,1478.75,0,Mph_TU
-1807.25,1473.75,0,Mph_TU
-1762.25,1489.75,0,Mph_TU
-1493.25,1497.75,0,Mph_TU
-1430.75,1505.75,0,Mph_TU
-1395.75,1512.25,0,Mph_TU
-1799.25,1518.75,0,Mph_TU
-1784.25,1548.25,0,Mph_TU
-576.25,808.75,0,Mph_TU
-859.25,813.25,0,Mph_TU
-804.25,805.25,0,Mph_TU
-731.25,818.25,0,Mph_TU
-769.25,813.75,0,Mph_TU
-884.75,826.75,0,Mph_TU
-544.25,828.25,0,Mph_TU
-504.75,827.25,0,Mph_TU
-780.75,841.75,0,Mph_TU
-758.25,831.75,0,Mph_TU
-839.75,838.75,0,Mph_TU
-727.25,845.25,0,Mph_TU
-759.25,868.75,0,Mph_TU
-505.25,857.75,0,Mph_TU
-576.75,846.25,0,Mph_TU
-974.75,848.25,0,Mph_TU
-529.75,863.75,0,Mph_TU
-686.25,852.25,0,Mph_TU
-862.25,874.25,0,Mph_TU
-695.75,875.75,0,Mph_TU
-569.25,878.25,0,Mph_TU
-813.75,874.25,0,Mph_TU
-832.25,882.25,0,Mph_TU
-787.75,879.75,0,Mph_TU
-711.75,893.25,0,Mph_TU
-973.75,888.25,0,Mph_TU
-845.75,898.25,0,Mph_TU
-815.25,895.75,0,Mph_TU
-685.25,897.25,0,Mph_TU
-804.25,905.25,0,Mph_TU
-674.75,914.25,0,Mph_TU
-619.75,906.25,0,Mph_TU
-647.25,903.25,0,Mph_TU
-790.75,916.75,0,Mph_TU
-1185.75,911.75,0,Mph_TU
-703.25,924.25,0,Mph_TU
-586.75,921.75,0,Mph_TU
-1164.25,920.25,0,Mph_TU
-1092.75,927.75,0,Mph_TU
-605.75,925.75,0,Mph_TU
-1206.75,923.75,0,Mph_TU
-1106.75,935.25,0,Mph_TU
-1035.75,944.25,0,Mph_TU
-641.25,941.25,0,Mph_TU
-1274.75,942.75,0,Mph_TU
-973.25,950.25,0,Mph_TU
-826.25,948.75,0,Mph_TU
-593.75,942.75,0,Mph_TU
-1161.25,958.25,0,Mph_TU
-646.25,957.75,0,Mph_TU
-598.75,962.75,0,Mph_TU
-1202.75,966.25,0,Mph_TU
-1231.25,966.25,0,Mph_TU
-805.25,964.25,0,Mph_TU
-1105.25,968.25,0,Mph_TU
-656.25,970.75,0,Mph_TU
-697.75,969.75,0,Mph_TU
-1127.25,967.25,0,Mph_TU
-1282.25,981.75,0,Mph_TU
-1045.25,974.25,0,Mph_TU
-930.75,972.25,0,Mph_TU
-829.25,985.25,0,Mph_TU
-1031.25,987.25,0,Mph_TU
-994.75,979.75,0,Mph_TU
-961.25,986.75,0,Mph_TU
-1064.25,1001.75,0,Mph_TU
-725.25,994.75,0,Mph_TU
-791.25,997.25,0,Mph_TU
-776.75,993.25,0,Mph_TU
-924.75,1009.25,0,Mph_TU
-1092.75,1007.25,0,Mph_TU
-747.25,1009.25,0,Mph_TU
-718.25,1001.75,0,Mph_TU
-997.75,1006.75,0,Mph_TU
-823.75,1023.25,0,Mph_TU
-957.75,1016.25,0,Mph_TU
-705.25,1024.25,0,Mph_TU
-875.75,1013.75,0,Mph_TU
-766.75,1031.25,0,Mph_TU
-901.25,1013.25,0,Mph_TU
-1015.25,1027.75,0,Mph_TU
-734.75,1033.75,0,Mph_TU
-1183.75,1030.75,0,Mph_TU
-982.75,1027.25,0,Mph_TU
-642.75,1023.25,0,Mph_TU
-875.25,1046.25,0,Mph_TU
-908.25,1041.25,0,Mph_TU
-1204.75,1040.25,0,Mph_TU
-678.25,1041.75,0,Mph_TU
-977.75,1047.75,0,Mph_TU
-956.75,1061.25,0,Mph_TU
-1086.25,1050.75,0,Mph_TU
-934.75,1044.75,0,Mph_TU
-1063.75,1053.75,0,Mph_TU
-863.75,1065.25,0,Mph_TU
-798.25,1061.25,0,Mph_TU
-992.75,1066.75,0,Mph_TU
-1057.25,1076.25,0,Mph_TU
-922.75,1082.75,0,Mph_TU
-1291.75,1066.25,0,Mph_TU
-748.75,1082.25,0,Mph_TU
-827.25,1094.25,0,Mph_TU
-1180.25,1083.75,0,Mph_TU
-1283.25,1107.25,0,Mph_TU
-1130.75,1113.75,0,Mph_TU
-826.75,1113.25,0,Mph_TU
-1167.75,1114.25,0,Mph_TU
-914.25,1118.75,0,Mph_TU
-1051.25,1123.25,0,Mph_TU
-874.75,1124.75,0,Mph_TU
-955.75,1134.25,0,Mph_TU
-1103.75,1146.25,0,Mph_TU
-799.25,1142.25,0,Mph_TU
-916.25,1141.25,0,Mph_TU
-883.25,1142.25,0,Mph_TU
-1062.75,1154.75,0,Mph_TU
-1009.25,1146.25,0,Mph_TU
-898.75,1157.25,0,Mph_TU
-769.25,1143.75,0,Mph_TU
-929.75,1150.75,0,Mph_TU
-1093.75,1171.75,0,Mph_TU
-991.75,1162.75,0,Mph_TU
-1026.25,1169.25,0,Mph_TU
-1051.75,1167.25,0,Mph_TU
-885.25,1168.75,0,Mph_TU
-934.25,1177.75,0,Mph_TU
-1068.75,1186.75,0,Mph_TU
-1033.25,1183.25,0,Mph_TU
-983.75,1181.25,0,Mph_TU
-1050.25,1202.25,0,Mph_TU
-896.75,1191.75,0,Mph_TU
-876.25,1195.75,0,Mph_TU
-978.25,1209.75,0,Mph_TU
-951.25,1198.25,0,Mph_TU
-861.25,1199.75,0,Mph_TU
-935.25,1207.25,0,Mph_TU
-889.25,1219.75,0,Mph_TU
-952.75,1221.25,0,Mph_TU
-922.75,1216.75,0,Mph_TU
-1057.25,1234.25,0,Mph_TU
-918.75,1241.25,0,Mph_TU
-961.25,1253.25,0,Mph_TU
-1038.75,1247.75,0,Mph_TU
-936.75,1263.75,0,Mph_TU
-916.75,1257.25,0,Mph_TU
-896.25,1256.75,0,Mph_TU
-1058.75,1268.25,0,Mph_TU
-1133.75,1255.75,0,Mph_TU
-1037.75,1270.75,0,Mph_TU
-873.75,1261.75,0,Mph_TU
-999.75,1273.25,0,Mph_TU
-919.75,1294.75,0,Mph_TU
-1276.25,1293.25,0,Mph_TU
-1122.25,1298.25,0,Mph_TU
-937.75,1311.75,0,Mph_TU
-997.75,1318.75,0,Mph_TU
-1069.25,1319.25,0,Mph_TU
-1269.25,1328.25,0,Mph_TU
-958.25,1335.25,0,Mph_TU
-437.25,778.75,0,Mph_TU
-455.25,776.25,0,Mph_TU
-405.75,781.75,0,Mph_TU
-470.25,787.25,0,Mph_TU
-438.75,800.75,0,Mph_TU
-467.25,810.75,0,Mph_TU
-414.75,808.25,0,Mph_TU
-442.75,814.25,0,Mph_TU
-486.25,840.75,0,Mph_TU
-484.25,856.75,0,Mph_TU
-3797.75,1923.25,0,Mph_TU
-3725.75,1962.25,0,Mph_TU
-3835.75,2179.25,0,Mph_TU
-3838.25,2207.25,0,Mph_TU
-3864.75,2222.75,0,Mph_TU
-3827.75,2214.75,0,Mph_TU
-3828.75,2238.75,0,Mph_TU
-3873.75,2350.75,0,Mph_TU
-3013.75,1603.75,0,Mph_TU
-3313.25,1738.25,0,Mph_TU
-3503.25,1782.25,0,Mph_TU
-3611.75,1798.25,0,Mph_TU
-3446.75,1850.25,0,Mph_TU
-3575.75,1905.75,0,Mph_TU
-3355.75,1908.25,0,Mph_TU
-3599.25,1899.25,0,Mph_TU
-3635.25,1914.25,0,Mph_TU
-3588.25,1930.25,0,Mph_TU
-3331.75,1921.75,0,Mph_TU
-3644.75,1928.75,0,Mph_TU
-3328.75,1935.25,0,Mph_TU
-3636.75,1954.25,0,Mph_TU
-3355.25,1965.25,0,Mph_TU
-3615.25,1990.75,0,Mph_TU
-3447.75,2091.25,0,Mph_TU
-3320.25,2177.75,0,Mph_TU
-3293.75,2190.75,0,Mph_TU
-3312.25,2208.25,0,Mph_TU
-3357.25,2309.75,0,Mph_TU
-3392.25,2326.75,0,Mph_TU
-3288.75,2333.25,0,Mph_TU
-3276.75,2347.75,0,Mph_TU
-2663.75,1581.75,0,Mph_TU
-2716.25,1577.75,0,Mph_TU
-2688.75,1592.75,0,Mph_TU
-2644.25,1599.25,0,Mph_TU
-2114.75,1620.75,0,Mph_TU
-2140.25,1634.75,0,Mph_TU
-2649.25,1637.25,0,Mph_TU
-2639.75,1646.75,0,Mph_TU
-2138.75,1656.75,0,Mph_TU
-2794.75,1663.25,0,Mph_TU
-2143.75,1708.25,0,Mph_TU
-2177.75,1711.25,0,Mph_TU
-2156.75,1721.25,0,Mph_TU
-2126.75,1725.75,0,Mph_TU
-2621.75,1724.75,0,Mph_TU
-2567.75,1736.75,0,Mph_TU
-2605.75,1729.75,0,Mph_TU
-2147.25,1736.25,0,Mph_TU
-2135.25,1748.75,0,Mph_TU
-2571.75,1784.75,0,Mph_TU
-2610.75,1830.75,0,Mph_TU
-2828.25,1850.75,0,Mph_TU
-2331.25,1858.75,0,Mph_TU
-2255.25,1865.75,0,Mph_TU
-2225.75,1877.25,0,Mph_TU
-2182.75,1922.75,0,Mph_TU
-2094.25,1926.75,0,Mph_TU
-2826.75,1936.25,0,Mph_TU
-2513.75,1933.75,0,Mph_TU
-2103.25,1941.75,0,Mph_TU
-2537.75,2010.25,0,Mph_TU
-2694.75,2224.75,0,Mph_TU
-2278.25,2305.25,0,Mph_TU
-2253.75,2307.25,0,Mph_TU
-2328.75,2308.75,0,Mph_TU
-2302.25,2323.75,0,Mph_TU
-2287.25,2336.25,0,Mph_TU
-2351.25,2368.75,0,Mph_TU
-2660.25,2374.25,0,Mph_TU
-1519.25,1576.75,0,Mph_TU
-1739.75,1588.75,0,Mph_TU
-1863.75,1592.75,0,Mph_TU
-1781.75,1605.75,0,Mph_TU
-1922.25,1612.75,0,Mph_TU
-1964.75,1618.75,0,Mph_TU
-1851.75,1618.25,0,Mph_TU
-2054.75,1630.25,0,Mph_TU
-2086.75,1628.75,0,Mph_TU
-1859.25,1647.75,0,Mph_TU
-1557.75,1645.25,0,Mph_TU
-1658.75,1632.75,0,Mph_TU
-1709.75,1655.25,0,Mph_TU
-1687.25,1668.75,0,Mph_TU
-1846.25,1671.25,0,Mph_TU
-1953.75,1669.75,0,Mph_TU
-1623.75,1681.25,0,Mph_TU
-1588.25,1674.75,0,Mph_TU
-2014.25,1691.25,0,Mph_TU
-1664.25,1703.25,0,Mph_TU
-2052.25,1700.75,0,Mph_TU
-2001.25,1708.75,0,Mph_TU
-1975.25,1711.25,0,Mph_TU
-1910.75,1703.75,0,Mph_TU
-2036.75,1724.25,0,Mph_TU
-1947.75,1718.75,0,Mph_TU
-2074.75,1726.25,0,Mph_TU
-1646.75,1727.75,0,Mph_TU
-1821.25,1749.25,0,Mph_TU
-1799.75,1746.75,0,Mph_TU
-1773.25,1757.25,0,Mph_TU
-1801.25,1777.25,0,Mph_TU
-1689.25,1774.25,0,Mph_TU
-1737.75,1760.25,0,Mph_TU
-1634.25,1779.25,0,Mph_TU
-1661.75,1772.75,0,Mph_TU
-1719.25,1768.25,0,Mph_TU
-1747.75,1792.25,0,Mph_TU
-1704.75,1786.75,0,Mph_TU
-1778.75,1793.25,0,Mph_TU
-1723.75,1794.75,0,Mph_TU
-1654.25,1804.75,0,Mph_TU
-1804.75,1796.75,0,Mph_TU
-1698.75,1802.75,0,Mph_TU
-1769.25,1815.25,0,Mph_TU
-1802.25,1812.75,0,Mph_TU
-1717.25,1820.25,0,Mph_TU
-1837.75,1814.25,0,Mph_TU
-1886.25,1835.25,0,Mph_TU
-1858.75,1825.25,0,Mph_TU
-1838.75,1833.75,0,Mph_TU
-1724.25,1840.75,0,Mph_TU
-1839.75,1857.75,0,Mph_TU
-1701.25,1877.25,0,Mph_TU
-1876.25,1879.75,0,Mph_TU
-1997.25,1881.75,0,Mph_TU
-1924.25,1885.75,0,Mph_TU
-1705.75,1906.25,0,Mph_TU
-2013.75,1894.75,0,Mph_TU
-2026.75,1899.75,0,Mph_TU
-1892.25,1912.75,0,Mph_TU
-1734.25,1934.75,0,Mph_TU
-1889.75,1933.25,0,Mph_TU
-1766.25,1929.75,0,Mph_TU
-1896.75,1948.25,0,Mph_TU
-1781.25,1938.75,0,Mph_TU
-1750.75,1954.75,0,Mph_TU
-2090.75,1964.25,0,Mph_TU
-1797.75,1954.75,0,Mph_TU
-1836.25,1957.25,0,Mph_TU
-1812.25,1965.25,0,Mph_TU
-1771.25,1981.75,0,Mph_TU
-1800.75,1989.75,0,Mph_TU
-1845.25,1985.25,0,Mph_TU
-1814.25,1995.25,0,Mph_TU
-1848.75,2005.75,0,Mph_TU
-1921.75,1999.75,0,Mph_TU
-1901.25,1998.75,0,Mph_TU
-1895.25,2025.75,0,Mph_TU
-3894.75,2390.25,0,Mph_TU
-3778.25,2652.75,0,Mph_TU
-3736.25,2654.25,0,Mph_TU
-3766.75,2708.25,0,Mph_TU
-3780.75,2727.75,0,Mph_TU
-3744.75,2938.75,0,Mph_TU
-3753.25,3073.25,0,Mph_TU
-3739.25,3099.25,0,Mph_TU
-3863.25,3143.75,0,Mph_TU
-3081.25,2412.75,0,Mph_TU
-3058.25,2420.75,0,Mph_TU
-3345.25,2499.25,0,Mph_TU
-3077.75,2526.25,0,Mph_TU
-2967.75,2545.25,0,Mph_TU
-3258.75,2561.75,0,Mph_TU
-3340.25,2567.75,0,Mph_TU
-3509.75,2579.75,0,Mph_TU
-3311.75,2583.25,0,Mph_TU
-3375.25,2609.25,0,Mph_TU
-3572.75,2658.25,0,Mph_TU
-3318.75,2802.25,0,Mph_TU
-3219.75,2815.75,0,Mph_TU
-3352.25,2869.75,0,Mph_TU
-3676.25,2933.75,0,Mph_TU
-3173.75,3075.25,0,Mph_TU
-3159.25,3082.25,0,Mph_TU
-3183.75,3098.75,0,Mph_TU
-3153.25,3110.25,0,Mph_TU
-3170.75,3120.25,0,Mph_TU
-3201.25,3118.25,0,Mph_TU
-3107.75,3135.75,0,Mph_TU
-3186.25,3156.25,0,Mph_TU
-3150.75,3149.25,0,Mph_TU
-3171.25,3168.75,0,Mph_TU
-2831.25,2382.75,0,Mph_TU
-2411.25,2413.75,0,Mph_TU
-2725.25,2433.25,0,Mph_TU
-2737.75,2553.25,0,Mph_TU
-3810.75,3315.75,0,Mph_TU
-3840.25,3326.75,0,Mph_TU
-3867.75,3344.25,0,Mph_TU
-3837.25,3357.75,0,Mph_TU
-3941.25,3490.75,0,Mph_TU
-3942.75,3505.75,0,Mph_TU
-4000.75,3510.75,0,Mph_TU
-4129.75,3701.75,0,Mph_TU
-4155.75,3714.25,0,Mph_TU
-3845.25,3755.25,0,Mph_TU
-4070.25,3782.25,0,Mph_TU
-4011.25,3898.25,0,Mph_TU
-4058.25,3949.25,0,Mph_TU
-3115.75,3268.25,0,Mph_TU
-3470.75,3484.75,0,Mph_TU
-3503.75,3491.75,0,Mph_TU
-3498.75,3530.25,0,Mph_TU
-3531.75,3562.25,0,Mph_TU
4405.75,-3029.75,0,Mph_IM
4390.75,-3005.75,0,Mph_IM
4363.75,-2966.25,0,Mph_IM
4363.25,-2947.25,0,Mph_IM
4328.25,-2931.75,0,Mph_IM
4344.75,-2888.25,0,Mph_IM
4271.75,-2863.25,0,Mph_IM
4311.75,-2851.75,0,Mph_IM
4308.75,-2817.25,0,Mph_IM
4270.75,-2814.75,0,Mph_IM
4297.75,-2802.25,0,Mph_IM
4246.75,-2805.25,0,Mph_IM
4400.25,-2805.75,0,Mph_IM
4342.75,-2800.75,0,Mph_IM
4279.75,-2787.25,0,Mph_IM
4430.25,-2781.25,0,Mph_IM
4244.75,-2764.25,0,Mph_IM
4273.25,-2762.75,0,Mph_IM
4295.75,-2755.75,0,Mph_IM
4331.25,-2752.75,0,Mph_IM
4239.25,-2744.75,0,Mph_IM
4322.25,-2711.75,0,Mph_IM
4212.75,-2700.25,0,Mph_IM
4430.25,-2703.25,0,Mph_IM
4310.75,-2680.25,0,Mph_IM
4260.25,-2646.75,0,Mph_IM
4210.25,-2635.75,0,Mph_IM
4343.25,-2610.25,0,Mph_IM
4375.75,-2609.25,0,Mph_IM
4425.75,-2544.75,0,Mph_IM
4457.75,-2535.25,0,Mph_IM
4434.25,-2527.25,0,Mph_IM
4284.25,-2521.25,0,Mph_IM
4412.75,-2510.25,0,Mph_IM
4334.75,-2520.75,0,Mph_IM
4448.25,-2504.75,0,Mph_IM
4431.25,-2497.75,0,Mph_IM
4349.75,-2434.25,0,Mph_IM
4254.25,-2437.75,0,Mph_IM
4397.75,-2428.75,0,Mph_IM
4214.75,-2415.25,0,Mph_IM
4467.25,-2404.25,0,Mph_IM
4260.75,-2368.75,0,Mph_IM
4368.25,-2303.25,0,Mph_IM
4235.75,-2307.25,0,Mph_IM
4221.75,-2143.75,0,Mph_IM
4266.75,-2127.75,0,Mph_IM
4227.25,-2117.25,0,Mph_IM
4224.25,-2094.75,0,Mph_IM
4271.25,-2072.25,0,Mph_IM
2273.25,-3298.25,0,Mph_IM
2245.25,-3302.75,0,Mph_IM
2422.75,-3291.25,0,Mph_IM
2398.25,-3282.25,0,Mph_IM
2455.25,-3266.75,0,Mph_IM
2470.75,-3255.25,0,Mph_IM
2393.75,-3233.75,0,Mph_IM
2545.75,-3225.25,0,Mph_IM
2418.75,-3222.75,0,Mph_IM
2344.25,-3203.75,0,Mph_IM
2231.75,-3201.75,0,Mph_IM
2469.25,-3200.75,0,Mph_IM
2526.75,-3202.25,0,Mph_IM
2443.75,-3197.75,0,Mph_IM
2599.75,-3205.25,0,Mph_IM
2409.75,-3189.25,0,Mph_IM
2267.25,-3175.25,0,Mph_IM
2415.75,-3168.75,0,Mph_IM
2234.75,-3163.25,0,Mph_IM
2446.75,-3156.75,0,Mph_IM
2525.25,-3159.25,0,Mph_IM
2558.25,-3161.75,0,Mph_IM
2383.75,-3158.75,0,Mph_IM
2310.25,-3170.25,0,Mph_IM
2273.75,-3156.25,0,Mph_IM
2474.25,-3155.75,0,Mph_IM
2193.75,-3147.75,0,Mph_IM
2322.25,-3141.25,0,Mph_IM
2561.75,-3138.25,0,Mph_IM
2526.75,-3140.75,0,Mph_IM
2546.25,-3123.75,0,Mph_IM
2380.75,-3129.25,0,Mph_IM
2309.75,-3121.25,0,Mph_IM
2520.25,-3123.25,0,Mph_IM
2265.25,-3117.25,0,Mph_IM
2288.25,-3118.25,0,Mph_IM
2341.25,-3110.25,0,Mph_IM
2583.25,-3113.75,0,Mph_IM
2152.75,-3099.75,0,Mph_IM
2603.25,-3106.75,0,Mph_IM
2308.75,-3102.75,0,Mph_IM
2284.25,-3099.25,0,Mph_IM
2605.75,-3086.75,0,Mph_IM
2552.75,-3082.25,0,Mph_IM
3006.75,-1474.25,0,Mph_IM
2745.75,-1474.75,0,Mph_IM
2830.75,-1478.75,0,Mph_IM
2867.75,-1463.25,0,Mph_IM
2894.75,-1463.75,0,Mph_IM
2926.75,-1471.75,0,Mph_IM
3026.25,-1438.25,0,Mph_IM
2913.75,-1448.25,0,Mph_IM
2667.75,-1450.75,0,Mph_IM
2936.25,-1446.25,0,Mph_IM
3000.25,-1441.75,0,Mph_IM
2904.25,-1424.25,0,Mph_IM
2755.25,-1431.75,0,Mph_IM
2696.25,-1426.25,0,Mph_IM
2894.25,-1406.75,0,Mph_IM
2839.25,-1397.75,0,Mph_IM
2814.75,-1389.75,0,Mph_IM
2713.25,-1394.75,0,Mph_IM
2686.25,-1388.75,0,Mph_IM
2660.25,-1371.75,0,Mph_IM
2692.75,-1343.25,0,Mph_IM
2625.75,-1357.75,0,Mph_IM
2655.25,-1349.25,0,Mph_IM
2628.25,-1335.25,0,Mph_IM
2654.25,-1325.25,0,Mph_IM
2625.25,-1320.25,0,Mph_IM
2606.25,-1304.25,0,Mph_IM
2654.25,-1315.25,0,Mph_IM
2680.75,-1313.75,0,Mph_IM
2630.75,-1300.25,0,Mph_IM
2663.75,-1290.75,0,Mph_IM
2608.75,-1280.25,0,Mph_IM
2653.25,-1269.75,0,Mph_IM
2632.75,-1271.25,0,Mph_IM
2673.75,-1263.25,0,Mph_IM
2702.25,-1265.75,0,Mph_IM
2651.25,-1220.75,0,Mph_IM
2666.25,-1211.75,0,Mph_IM
2290.25,-1475.75,0,Mph_IM
2326.25,-1469.25,0,Mph_IM
2368.25,-1462.75,0,Mph_IM
2538.75,-1462.75,0,Mph_IM
2504.25,-1435.25,0,Mph_IM
2365.75,-1425.25,0,Mph_IM
2531.75,-1427.25,0,Mph_IM
2334.75,-1413.25,0,Mph_IM
2579.75,-1406.25,0,Mph_IM
2313.25,-1406.75,0,Mph_IM
2407.75,-1408.25,0,Mph_IM
2374.25,-1398.75,0,Mph_IM
2300.25,-1385.75,0,Mph_IM
2400.25,-1381.25,0,Mph_IM
2310.75,-1357.75,0,Mph_IM
2449.25,-1355.25,0,Mph_IM
2572.25,-1362.75,0,Mph_IM
2536.25,-1343.75,0,Mph_IM
2463.25,-1337.25,0,Mph_IM
2604.25,-1339.25,0,Mph_IM
2257.25,-1330.25,0,Mph_IM
2284.75,-1332.75,0,Mph_IM
2604.75,-1311.75,0,Mph_IM
2294.25,-1316.75,0,Mph_IM
2269.25,-1300.25,0,Mph_IM
2585.75,-1304.25,0,Mph_IM
2291.75,-1294.25,0,Mph_IM
2502.75,-1288.75,0,Mph_IM
2485.25,-1280.75,0,Mph_IM
2528.25,-1277.25,0,Mph_IM
2311.75,-1255.75,0,Mph_IM
2502.25,-1263.25,0,Mph_IM
2485.75,-1252.75,0,Mph_IM
2525.75,-1240.75,0,Mph_IM
2559.25,-1249.25,0,Mph_IM
2604.75,-1241.75,0,Mph_IM
2512.25,-1211.75,0,Mph_IM
2595.75,-1220.25,0,Mph_IM
2343.25,-1214.75,0,Mph_IM
2488.75,-1170.75,0,Mph_IM
2439.75,-1164.75,0,Mph_IM
2441.75,-1132.75,0,Mph_IM
2835.25,-3587.25,0,Mph_IM
2641.25,-3489.75,0,Mph_IM
3242.25,-3432.25,0,Mph_IM
3157.25,-3427.25,0,Mph_IM
3137.75,-3418.25,0,Mph_IM
3194.75,-3417.75,0,Mph_IM
3220.75,-3413.25,0,Mph_IM
3249.25,-3398.25,0,Mph_IM
3176.75,-3398.25,0,Mph_IM
3210.25,-3390.75,0,Mph_IM
3182.25,-3369.75,0,Mph_IM
3290.75,-3379.75,0,Mph_IM
3325.75,-3367.75,0,Mph_IM
3190.25,-3353.75,0,Mph_IM
3266.75,-3364.75,0,Mph_IM
3219.25,-3357.75,0,Mph_IM
2877.75,-3354.75,0,Mph_IM
2971.25,-3341.25,0,Mph_IM
2942.75,-3356.75,0,Mph_IM
3240.75,-3355.75,0,Mph_IM
3159.25,-3346.75,0,Mph_IM
2999.25,-3337.25,0,Mph_IM
3273.25,-3335.25,0,Mph_IM
3325.75,-3342.25,0,Mph_IM
3170.25,-3338.75,0,Mph_IM
3246.75,-3329.75,0,Mph_IM
3201.75,-3323.75,0,Mph_IM
3186.25,-3328.75,0,Mph_IM
3222.25,-3318.25,0,Mph_IM
3299.75,-3334.75,0,Mph_IM
3319.75,-3329.75,0,Mph_IM
2842.25,-3307.75,0,Mph_IM
2917.75,-3317.75,0,Mph_IM
3335.25,-3306.75,0,Mph_IM
3095.25,-3310.75,0,Mph_IM
2998.75,-3313.75,0,Mph_IM
3306.75,-3305.75,0,Mph_IM
2682.75,-3316.25,0,Mph_IM
3238.75,-3303.75,0,Mph_IM
3118.75,-3300.25,0,Mph_IM
3183.75,-3291.25,0,Mph_IM
2633.25,-3297.25,0,Mph_IM
3079.75,-3299.25,0,Mph_IM
3134.25,-3288.75,0,Mph_IM
2872.75,-3284.25,0,Mph_IM
3153.25,-3290.75,0,Mph_IM
3358.75,-3292.25,0,Mph_IM
3094.25,-3281.75,0,Mph_IM
3071.25,-3284.75,0,Mph_IM
3176.25,-3271.25,0,Mph_IM
2968.75,-3266.75,0,Mph_IM
2898.75,-3262.25,0,Mph_IM
2860.25,-3261.75,0,Mph_IM
3122.75,-3253.25,0,Mph_IM
3146.25,-3267.25,0,Mph_IM
3224.75,-3270.25,0,Mph_IM
3008.25,-3245.75,0,Mph_IM
3156.25,-3241.75,0,Mph_IM
2978.75,-3252.75,0,Mph_IM
2839.25,-3241.75,0,Mph_IM
3042.25,-3250.75,0,Mph_IM
3227.75,-3237.75,0,Mph_IM
3074.25,-3233.75,0,Mph_IM
2614.25,-3249.25,0,Mph_IM
3348.75,-3229.25,0,Mph_IM
2719.25,-3252.25,0,Mph_IM
3253.75,-3244.25,0,Mph_IM
2979.25,-3236.75,0,Mph_IM
3188.75,-3242.75,0,Mph_IM
3328.25,-3246.75,0,Mph_IM
3045.75,-3227.75,0,Mph_IM
3272.25,-3226.75,0,Mph_IM
2707.25,-3226.25,0,Mph_IM
3166.75,-3223.75,0,Mph_IM
3027.75,-3214.75,0,Mph_IM
3213.75,-3226.25,0,Mph_IM
2813.25,-3221.25,0,Mph_IM
2844.75,-3217.25,0,Mph_IM
3295.75,-3216.25,0,Mph_IM
2671.75,-3223.25,0,Mph_IM
2883.25,-3201.25,0,Mph_IM
3114.25,-3214.75,0,Mph_IM
3198.25,-3212.25,0,Mph_IM
3262.75,-3212.75,0,Mph_IM
2790.75,-3211.25,0,Mph_IM
2622.25,-3212.75,0,Mph_IM
2999.25,-3209.25,0,Mph_IM
2973.25,-3193.75,0,Mph_IM
2907.75,-3194.25,0,Mph_IM
2627.25,-3198.75,0,Mph_IM
3208.75,-3194.75,0,Mph_IM
3152.25,-3190.75,0,Mph_IM
3020.25,-3182.75,0,Mph_IM
2652.25,-3193.75,0,Mph_IM
2790.25,-3187.25,0,Mph_IM
3271.25,-3181.75,0,Mph_IM
3093.75,-3171.25,0,Mph_IM
2881.75,-3177.25,0,Mph_IM
3206.25,-3168.75,0,Mph_IM
3292.75,-3177.25,0,Mph_IM
2701.75,-3165.75,0,Mph_IM
3273.25,-3169.25,0,Mph_IM
3166.25,-3159.75,0,Mph_IM
2956.25,-3169.25,0,Mph_IM
2986.25,-3163.25,0,Mph_IM
3229.75,-3173.25,0,Mph_IM
3129.25,-3155.25,0,Mph_IM
2643.75,-3163.25,0,Mph_IM
2937.25,-3167.25,0,Mph_IM
2913.25,-3167.75,0,Mph_IM
2881.25,-3158.75,0,Mph_IM
3189.75,-3153.25,0,Mph_IM
2912.75,-3143.75,0,Mph_IM
2939.75,-3149.75,0,Mph_IM
3238.25,-3148.75,0,Mph_IM
2770.75,-3150.25,0,Mph_IM
2629.25,-3148.25,0,Mph_IM
3319.75,-3141.25,0,Mph_IM
3397.25,-3141.25,0,Mph_IM
3015.25,-3151.75,0,Mph_IM
3194.75,-3141.75,0,Mph_IM
2945.75,-3139.25,0,Mph_IM
3209.75,-3130.75,0,Mph_IM
3273.25,-3133.75,0,Mph_IM
2776.25,-3134.25,0,Mph_IM
3374.75,-3130.25,0,Mph_IM
3259.25,-3132.25,0,Mph_IM
3297.75,-3121.75,0,Mph_IM
3022.25,-3131.75,0,Mph_IM
2877.25,-3129.75,0,Mph_IM
3128.25,-3125.25,0,Mph_IM
3249.25,-3119.25,0,Mph_IM
2791.25,-3125.75,0,Mph_IM
2831.75,-3123.25,0,Mph_IM
2615.75,-3119.75,0,Mph_IM
2862.75,-3123.25,0,Mph_IM
3330.25,-3114.25,0,Mph_IM
3111.25,-3114.25,0,Mph_IM
2637.75,-3102.75,0,Mph_IM
2903.75,-3115.25,0,Mph_IM
3345.25,-3106.25,0,Mph_IM
3199.75,-3115.25,0,Mph_IM
2802.75,-3101.25,0,Mph_IM
2755.25,-3111.75,0,Mph_IM
3371.25,-3100.25,0,Mph_IM
2783.25,-3104.75,0,Mph_IM
2948.25,-3106.25,0,Mph_IM
3165.75,-3114.25,0,Mph_IM
2681.75,-3102.75,0,Mph_IM
3078.75,-3100.75,0,Mph_IM
3201.75,-3095.25,0,Mph_IM
3185.25,-3084.25,0,Mph_IM
3157.75,-3089.75,0,Mph_IM
3254.75,-3083.25,0,Mph_IM
2729.75,-3100.75,0,Mph_IM
2894.75,-3093.25,0,Mph_IM
2787.75,-3084.25,0,Mph_IM
2633.25,-3082.25,0,Mph_IM
2689.25,-3085.25,0,Mph_IM
3134.25,-3085.75,0,Mph_IM
2146.25,-3073.75,0,Mph_IM
2570.25,-3072.25,0,Mph_IM
2516.25,-3075.75,0,Mph_IM
2395.25,-3070.25,0,Mph_IM
2586.75,-3061.25,0,Mph_IM
2216.75,-3062.75,0,Mph_IM
2195.25,-3065.25,0,Mph_IM
2516.25,-3047.75,0,Mph_IM
2437.75,-3044.25,0,Mph_IM
2595.75,-3045.75,0,Mph_IM
2549.75,-3036.25,0,Mph_IM
2330.75,-3034.25,0,Mph_IM
2518.75,-3038.25,0,Mph_IM
2600.75,-3021.75,0,Mph_IM
2482.75,-3027.25,0,Mph_IM
2522.75,-3015.75,0,Mph_IM
2176.25,-3007.75,0,Mph_IM
2350.75,-3009.25,0,Mph_IM
2493.25,-3004.75,0,Mph_IM
2005.75,-3010.25,0,Mph_IM
2589.75,-3001.25,0,Mph_IM
2546.25,-2989.25,0,Mph_IM
2019.75,-2983.75,0,Mph_IM
2590.25,-2964.25,0,Mph_IM
1991.75,-2973.25,0,Mph_IM
2564.75,-2969.25,0,Mph_IM
2545.25,-2963.75,0,Mph_IM
2026.75,-2953.75,0,Mph_IM
1992.25,-2948.25,0,Mph_IM
2068.25,-2954.25,0,Mph_IM
2404.25,-2941.25,0,Mph_IM
2435.75,-2948.25,0,Mph_IM
2273.75,-2932.25,0,Mph_IM
2377.25,-2918.75,0,Mph_IM
2252.25,-2908.75,0,Mph_IM
1971.25,-2904.75,0,Mph_IM
2560.75,-2883.75,0,Mph_IM
1971.25,-2877.75,0,Mph_IM
2393.75,-2888.25,0,Mph_IM
1928.75,-2891.75,0,Mph_IM
1843.25,-2881.25,0,Mph_IM
2020.75,-2871.75,0,Mph_IM
2419.75,-2889.25,0,Mph_IM
1989.75,-2867.75,0,Mph_IM
2247.75,-2875.75,0,Mph_IM
1912.25,-2865.25,0,Mph_IM
2528.25,-2862.75,0,Mph_IM
2431.75,-2861.25,0,Mph_IM
2445.75,-2861.75,0,Mph_IM
2289.75,-2867.25,0,Mph_IM
2252.25,-2856.75,0,Mph_IM
1996.75,-2832.75,0,Mph_IM
1940.75,-2838.25,0,Mph_IM
1824.75,-2845.25,0,Mph_IM
1816.25,-2834.75,0,Mph_IM
1957.75,-2830.75,0,Mph_IM
2601.25,-2810.75,0,Mph_IM
1838.25,-2807.25,0,Mph_IM
2589.75,-2787.25,0,Mph_IM
1921.25,-2790.25,0,Mph_IM
1842.75,-2774.75,0,Mph_IM
2348.25,-2782.25,0,Mph_IM
2543.75,-2770.25,0,Mph_IM
2560.25,-2770.25,0,Mph_IM
2594.25,-2769.25,0,Mph_IM
2578.25,-2756.25,0,Mph_IM
2005.75,-2747.25,0,Mph_IM
2098.25,-2740.75,0,Mph_IM
2121.25,-2730.75,0,Mph_IM
2537.75,-2726.75,0,Mph_IM
2277.25,-2731.25,0,Mph_IM
2519.25,-2716.75,0,Mph_IM
2047.25,-2722.25,0,Mph_IM
2030.75,-2716.75,0,Mph_IM
2461.25,-2705.25,0,Mph_IM
2343.25,-2691.75,0,Mph_IM
2241.25,-2688.75,0,Mph_IM
2036.75,-2681.75,0,Mph_IM
2219.75,-2691.25,0,Mph_IM
2190.75,-2684.25,0,Mph_IM
1898.75,-2684.75,0,Mph_IM
1996.25,-2658.25,0,Mph_IM
1888.75,-2664.25,0,Mph_IM
2348.25,-2668.75,0,Mph_IM
2143.75,-2662.25,0,Mph_IM
2589.75,-2661.75,0,Mph_IM
1960.75,-2652.25,0,Mph_IM
2528.25,-2656.75,0,Mph_IM
2299.75,-2648.25,0,Mph_IM
1941.75,-2633.25,0,Mph_IM
1886.75,-2631.75,0,Mph_IM
2317.25,-2636.25,0,Mph_IM
2014.75,-2620.25,0,Mph_IM
2336.75,-2616.25,0,Mph_IM
2044.75,-2618.75,0,Mph_IM
2322.25,-2604.25,0,Mph_IM
2063.25,-2596.75,0,Mph_IM
2421.25,-2609.25,0,Mph_IM
1992.25,-2598.25,0,Mph_IM
2506.25,-2599.75,0,Mph_IM
2033.75,-2586.75,0,Mph_IM
2442.75,-2590.75,0,Mph_IM
2411.25,-2578.25,0,Mph_IM
2006.75,-2576.25,0,Mph_IM
2077.25,-2564.75,0,Mph_IM
2174.75,-2574.75,0,Mph_IM
2105.75,-2571.75,0,Mph_IM
1991.75,-2565.75,0,Mph_IM
2138.25,-2553.25,0,Mph_IM
2140.75,-2539.75,0,Mph_IM
2184.25,-2537.25,0,Mph_IM
2248.75,-2524.75,0,Mph_IM
2378.75,-2525.25,0,Mph_IM
2577.25,-2494.25,0,Mph_IM
2174.25,-2501.25,0,Mph_IM
2405.75,-2501.25,0,Mph_IM
2328.75,-2488.25,0,Mph_IM
2511.75,-2493.75,0,Mph_IM
2398.75,-2480.25,0,Mph_IM
2271.75,-2473.25,0,Mph_IM
2360.75,-2469.75,0,Mph_IM
2374.25,-2460.25,0,Mph_IM
2261.25,-2454.25,0,Mph_IM
2308.25,-2458.75,0,Mph_IM
2345.25,-2447.75,0,Mph_IM
2377.25,-2433.25,0,Mph_IM
2292.75,-2446.75,0,Mph_IM
2319.75,-2436.75,0,Mph_IM
1986.75,-2423.25,0,Mph_IM
2350.75,-2411.25,0,Mph_IM
2423.25,-2415.25,0,Mph_IM
2036.75,-2428.25,0,Mph_IM
2212.75,-2415.75,0,Mph_IM
2303.25,-2410.25,0,Mph_IM
2172.75,-2415.25,0,Mph_IM
2382.75,-2405.75,0,Mph_IM
2318.75,-2399.25,0,Mph_IM
2046.25,-2393.75,0,Mph_IM
2388.25,-2401.25,0,Mph_IM
2014.75,-2396.25,0,Mph_IM
2171.25,-2393.25,0,Mph_IM
2200.75,-2394.75,0,Mph_IM
2036.25,-2357.75,0,Mph_IM
2224.25,-2370.25,0,Mph_IM
2384.25,-2352.75,0,Mph_IM
2351.75,-2355.75,0,Mph_IM
2010.75,-2348.75,0,Mph_IM
2562.75,-2341.75,0,Mph_IM
2589.75,-2344.75,0,Mph_IM
2216.25,-2340.75,0,Mph_IM
2162.25,-2323.25,0,Mph_IM
2601.25,-2329.25,0,Mph_IM
1985.25,-2323.75,0,Mph_IM
2267.25,-2303.25,0,Mph_IM
2467.75,-2308.25,0,Mph_IM
2328.75,-2291.25,0,Mph_IM
2296.75,-2298.75,0,Mph_IM
2398.75,-2298.25,0,Mph_IM
2244.75,-2301.25,0,Mph_IM
2375.25,-2295.25,0,Mph_IM
2308.25,-2290.25,0,Mph_IM
2562.25,-2295.25,0,Mph_IM
2359.25,-2281.25,0,Mph_IM
2954.25,-3078.25,0,Mph_IM
2743.25,-3072.25,0,Mph_IM
3157.25,-3075.25,0,Mph_IM
2718.25,-3070.25,0,Mph_IM
2686.25,-3071.25,0,Mph_IM
2788.25,-3070.25,0,Mph_IM
3382.75,-3062.75,0,Mph_IM
2607.25,-3068.75,0,Mph_IM
3127.25,-3058.25,0,Mph_IM
2686.75,-3051.25,0,Mph_IM
3158.75,-3046.25,0,Mph_IM
3184.75,-3055.75,0,Mph_IM
3077.25,-3055.25,0,Mph_IM
2733.25,-3049.25,0,Mph_IM
3007.75,-3049.25,0,Mph_IM
2615.75,-3055.75,0,Mph_IM
2908.75,-3039.25,0,Mph_IM
2793.75,-3050.75,0,Mph_IM
2749.25,-3041.25,0,Mph_IM
2771.75,-3048.25,0,Mph_IM
2982.25,-3043.75,0,Mph_IM
2634.25,-3040.25,0,Mph_IM
3096.25,-3036.75,0,Mph_IM
2829.75,-3033.25,0,Mph_IM
2930.25,-3039.25,0,Mph_IM
3172.25,-3027.25,0,Mph_IM
2760.75,-3026.75,0,Mph_IM
2784.75,-3027.25,0,Mph_IM
2860.75,-3039.25,0,Mph_IM
3133.75,-3022.25,0,Mph_IM
3391.25,-3027.75,0,Mph_IM
2842.25,-3028.25,0,Mph_IM
3193.25,-3018.75,0,Mph_IM
2796.75,-3014.75,0,Mph_IM
2627.25,-3018.75,0,Mph_IM
3006.25,-3014.75,0,Mph_IM
2860.75,-3012.75,0,Mph_IM
3254.75,-3016.25,0,Mph_IM
2633.25,-3011.25,0,Mph_IM
2700.75,-3012.25,0,Mph_IM
2874.75,-2997.75,0,Mph_IM
3017.25,-2993.25,0,Mph_IM
2974.25,-2984.75,0,Mph_IM
2901.25,-3001.25,0,Mph_IM
3224.75,-2994.75,0,Mph_IM
3264.25,-2992.75,0,Mph_IM
2841.75,-2990.75,0,Mph_IM
3091.25,-2999.25,0,Mph_IM
3003.25,-2972.25,0,Mph_IM
2716.75,-2984.75,0,Mph_IM
3179.75,-2981.75,0,Mph_IM
3075.25,-2987.75,0,Mph_IM
2861.25,-2982.25,0,Mph_IM
2855.75,-2968.75,0,Mph_IM
3054.75,-2971.75,0,Mph_IM
3096.25,-2972.25,0,Mph_IM
3026.25,-2953.25,0,Mph_IM
3126.75,-2969.25,0,Mph_IM
2885.25,-2946.25,0,Mph_IM
3086.75,-2954.75,0,Mph_IM
2838.25,-2952.25,0,Mph_IM
3112.75,-2941.75,0,Mph_IM
3070.75,-2935.25,0,Mph_IM
2876.25,-2930.25,0,Mph_IM
2787.25,-2939.25,0,Mph_IM
2915.25,-2923.75,0,Mph_IM
2853.75,-2920.75,0,Mph_IM
2993.25,-2928.25,0,Mph_IM
2983.25,-2908.75,0,Mph_IM
3014.75,-2916.75,0,Mph_IM
2635.75,-2903.75,0,Mph_IM
2852.25,-2892.25,0,Mph_IM
2878.75,-2893.75,0,Mph_IM
2894.25,-2897.25,0,Mph_IM
2923.25,-2890.75,0,Mph_IM
2866.75,-2871.75,0,Mph_IM
2726.25,-2869.25,0,Mph_IM
2896.25,-2873.25,0,Mph_IM
2764.25,-2869.75,0,Mph_IM
2902.75,-2855.25,0,Mph_IM
2894.75,-2851.25,0,Mph_IM
2672.25,-2861.75,0,Mph_IM
2857.25,-2836.25,0,Mph_IM
2710.75,-2832.75,0,Mph_IM
2774.75,-2814.75,0,Mph_IM
2740.25,-2812.25,0,Mph_IM
2607.75,-2804.75,0,Mph_IM
2762.75,-2799.25,0,Mph_IM
2718.75,-2787.75,0,Mph_IM
2670.75,-2765.75,0,Mph_IM
2629.25,-2699.75,0,Mph_IM
2612.25,-2676.75,0,Mph_IM
3402.25,-2393.75,0,Mph_IM
2684.75,-2385.75,0,Mph_IM
2659.25,-2387.75,0,Mph_IM
3345.25,-2348.25,0,Mph_IM
2628.75,-2341.25,0,Mph_IM
2694.25,-2319.25,0,Mph_IM
3359.25,-2322.75,0,Mph_IM
2666.25,-2321.25,0,Mph_IM
2619.75,-2302.25,0,Mph_IM
3352.75,-2296.25,0,Mph_IM
3396.25,-2294.25,0,Mph_IM
2677.75,-2283.25,0,Mph_IM
2651.75,-2288.75,0,Mph_IM
4078.25,-3714.25,0,Mph_IM
3904.25,-3591.75,0,Mph_IM
4028.75,-3552.75,0,Mph_IM
4111.75,-3538.25,0,Mph_IM
3915.25,-3544.75,0,Mph_IM
3734.75,-3529.25,0,Mph_IM
3881.75,-3524.75,0,Mph_IM
3428.75,-3495.75,0,Mph_IM
4024.75,-3491.25,0,Mph_IM
3683.75,-3479.75,0,Mph_IM
3586.75,-3468.75,0,Mph_IM
4063.75,-3463.25,0,Mph_IM
4091.25,-3451.25,0,Mph_IM
3770.25,-3450.25,0,Mph_IM
3681.25,-3436.75,0,Mph_IM
3531.75,-3442.25,0,Mph_IM
3949.25,-3442.75,0,Mph_IM
3927.75,-3440.75,0,Mph_IM
4112.25,-3437.75,0,Mph_IM
3975.25,-3422.25,0,Mph_IM
3522.25,-3424.25,0,Mph_IM
3548.25,-3429.25,0,Mph_IM
4075.25,-3417.75,0,Mph_IM
3537.75,-3405.25,0,Mph_IM
3456.25,-3420.25,0,Mph_IM
3560.25,-3406.25,0,Mph_IM
3993.75,-3402.75,0,Mph_IM
3458.25,-3394.25,0,Mph_IM
4014.25,-3386.75,0,Mph_IM
4060.75,-3381.75,0,Mph_IM
3906.75,-3386.25,0,Mph_IM
3956.25,-3380.75,0,Mph_IM
3453.75,-3361.25,0,Mph_IM
3621.75,-3357.25,0,Mph_IM
3775.25,-3368.75,0,Mph_IM
3986.25,-3362.25,0,Mph_IM
3641.75,-3364.25,0,Mph_IM
3918.25,-3364.75,0,Mph_IM
3586.75,-3355.25,0,Mph_IM
3649.75,-3353.75,0,Mph_IM
4073.75,-3331.25,0,Mph_IM
3931.25,-3341.75,0,Mph_IM
3676.25,-3337.75,0,Mph_IM
3983.75,-3339.25,0,Mph_IM
3628.75,-3326.25,0,Mph_IM
3735.75,-3330.25,0,Mph_IM
4102.25,-3335.75,0,Mph_IM
3596.75,-3327.25,0,Mph_IM
3959.25,-3328.75,0,Mph_IM
3649.75,-3324.25,0,Mph_IM
3984.25,-3325.25,0,Mph_IM
4007.25,-3318.25,0,Mph_IM
3961.25,-3312.25,0,Mph_IM
4161.75,-3301.25,0,Mph_IM
4134.25,-3295.75,0,Mph_IM
3520.25,-3278.75,0,Mph_IM
4104.25,-3270.75,0,Mph_IM
3504.25,-3269.25,0,Mph_IM
3654.25,-3273.75,0,Mph_IM
3695.75,-3279.25,0,Mph_IM
3753.25,-3262.25,0,Mph_IM
4135.25,-3263.25,0,Mph_IM
4164.75,-3261.75,0,Mph_IM
3872.25,-3265.25,0,Mph_IM
3685.75,-3265.75,0,Mph_IM
3666.25,-3249.75,0,Mph_IM
3888.75,-3248.25,0,Mph_IM
3864.25,-3246.75,0,Mph_IM
3648.25,-3236.25,0,Mph_IM
3501.25,-3248.25,0,Mph_IM
3713.25,-3246.25,0,Mph_IM
3681.75,-3228.25,0,Mph_IM
4027.75,-3236.25,0,Mph_IM
3428.75,-3226.25,0,Mph_IM
3718.25,-3218.25,0,Mph_IM
4052.25,-3221.75,0,Mph_IM
3698.75,-3214.75,0,Mph_IM
3600.25,-3200.75,0,Mph_IM
3489.25,-3194.75,0,Mph_IM
3928.75,-3200.75,0,Mph_IM
3706.75,-3199.75,0,Mph_IM
3974.75,-3192.25,0,Mph_IM
3406.75,-3196.75,0,Mph_IM
3727.25,-3182.75,0,Mph_IM
3959.75,-3171.75,0,Mph_IM
3933.75,-3163.25,0,Mph_IM
3411.75,-3166.75,0,Mph_IM
3593.25,-3166.75,0,Mph_IM
3735.25,-3168.75,0,Mph_IM
4107.75,-3164.75,0,Mph_IM
4137.25,-3166.25,0,Mph_IM
3598.75,-3152.75,0,Mph_IM
4012.75,-3165.25,0,Mph_IM
4145.25,-3155.25,0,Mph_IM
3867.25,-3155.75,0,Mph_IM
4111.75,-3144.75,0,Mph_IM
4018.25,-3129.75,0,Mph_IM
3802.75,-3143.75,0,Mph_IM
4050.75,-3142.25,0,Mph_IM
3656.75,-3148.25,0,Mph_IM
3730.25,-3138.75,0,Mph_IM
3856.25,-3123.75,0,Mph_IM
3674.75,-3136.75,0,Mph_IM
3720.75,-3118.25,0,Mph_IM
3747.25,-3115.25,0,Mph_IM
3825.25,-3121.75,0,Mph_IM
3599.75,-3118.75,0,Mph_IM
3654.25,-3116.75,0,Mph_IM
3631.75,-3117.75,0,Mph_IM
4099.25,-3110.25,0,Mph_IM
4148.25,-3109.75,0,Mph_IM
4124.25,-3094.25,0,Mph_IM
3847.75,-3081.75,0,Mph_IM
3464.25,-3092.75,0,Mph_IM
3407.25,-3090.25,0,Mph_IM
3896.25,-3081.75,0,Mph_IM
3531.25,-3087.75,0,Mph_IM
2247.25,-2276.75,0,Mph_IM
2218.25,-2271.25,0,Mph_IM
2389.25,-2269.25,0,Mph_IM
2451.25,-2259.25,0,Mph_IM
2474.25,-2252.25,0,Mph_IM
2557.75,-2228.75,0,Mph_IM
2296.25,-2227.75,0,Mph_IM
2600.75,-2219.75,0,Mph_IM
2219.25,-2234.75,0,Mph_IM
2432.75,-2217.75,0,Mph_IM
2534.75,-2220.75,0,Mph_IM
2168.75,-2215.25,0,Mph_IM
2517.75,-2209.75,0,Mph_IM
2372.75,-2193.25,0,Mph_IM
2184.75,-2203.25,0,Mph_IM
2232.75,-2198.75,0,Mph_IM
2159.25,-2195.25,0,Mph_IM
2591.75,-2179.75,0,Mph_IM
2185.25,-2186.25,0,Mph_IM
2105.75,-2182.75,0,Mph_IM
2213.25,-2177.25,0,Mph_IM
2447.75,-2182.75,0,Mph_IM
2132.75,-2172.25,0,Mph_IM
2547.25,-2172.75,0,Mph_IM
2400.75,-2164.75,0,Mph_IM
2186.75,-2167.25,0,Mph_IM
2163.25,-2147.75,0,Mph_IM
2481.75,-2158.25,0,Mph_IM
2021.75,-2158.75,0,Mph_IM
2050.25,-2166.75,0,Mph_IM
2233.25,-2153.75,0,Mph_IM
2206.25,-2148.75,0,Mph_IM
2074.75,-2152.25,0,Mph_IM
2123.75,-2141.75,0,Mph_IM
2277.75,-2129.75,0,Mph_IM
2035.75,-2141.75,0,Mph_IM
2213.25,-2131.75,0,Mph_IM
2267.25,-2127.75,0,Mph_IM
2234.25,-2122.75,0,Mph_IM
2116.75,-2124.25,0,Mph_IM
2044.75,-2115.25,0,Mph_IM
2066.75,-2119.25,0,Mph_IM
2095.75,-2117.25,0,Mph_IM
2189.75,-2120.25,0,Mph_IM
2492.75,-2118.75,0,Mph_IM
2174.25,-2113.25,0,Mph_IM
2246.25,-2104.25,0,Mph_IM
2270.75,-2090.75,0,Mph_IM
2374.25,-2106.25,0,Mph_IM
2517.25,-2108.75,0,Mph_IM
2593.25,-2096.25,0,Mph_IM
2315.25,-2099.75,0,Mph_IM
2339.75,-2104.75,0,Mph_IM
2357.75,-2100.75,0,Mph_IM
2464.25,-2098.75,0,Mph_IM
2491.75,-2086.75,0,Mph_IM
2434.25,-2088.75,0,Mph_IM
2339.25,-2085.25,0,Mph_IM
2368.25,-2083.75,0,Mph_IM
2353.25,-2072.75,0,Mph_IM
2480.25,-2071.75,0,Mph_IM
2460.25,-2076.75,0,Mph_IM
2580.75,-2068.25,0,Mph_IM
2228.25,-2042.25,0,Mph_IM
2194.75,-2043.25,0,Mph_IM
2143.25,-2043.75,0,Mph_IM
2427.25,-2038.75,0,Mph_IM
2390.75,-2035.25,0,Mph_IM
2485.25,-2025.75,0,Mph_IM
2174.75,-2016.25,0,Mph_IM
2341.75,-2026.75,0,Mph_IM
2087.25,-2026.25,0,Mph_IM
2411.75,-2022.25,0,Mph_IM
2603.25,-2016.25,0,Mph_IM
2383.75,-2020.25,0,Mph_IM
2073.75,-2011.25,0,Mph_IM
2443.25,-2013.75,0,Mph_IM
2459.25,-2009.25,0,Mph_IM
2101.25,-2005.25,0,Mph_IM
2507.75,-1996.75,0,Mph_IM
2122.25,-2007.25,0,Mph_IM
2144.75,-2002.75,0,Mph_IM
2580.25,-1987.75,0,Mph_IM
2523.25,-1990.75,0,Mph_IM
2556.75,-1992.25,0,Mph_IM
2080.75,-1981.75,0,Mph_IM
2231.25,-1984.75,0,Mph_IM
2254.75,-1967.75,0,Mph_IM
2295.25,-1942.75,0,Mph_IM
2329.25,-1948.25,0,Mph_IM
2243.75,-1938.75,0,Mph_IM
2266.25,-1942.75,0,Mph_IM
2168.25,-1936.75,0,Mph_IM
2217.75,-1929.75,0,Mph_IM
2202.25,-1931.75,0,Mph_IM
2205.25,-1890.75,0,Mph_IM
2347.75,-1888.25,0,Mph_IM
2363.75,-1881.25,0,Mph_IM
2391.75,-1877.75,0,Mph_IM
2234.75,-1863.25,0,Mph_IM
2427.25,-1857.25,0,Mph_IM
2268.25,-1855.25,0,Mph_IM
2459.75,-1846.25,0,Mph_IM
2550.25,-1845.25,0,Mph_IM
2516.75,-1847.25,0,Mph_IM
2256.25,-1833.75,0,Mph_IM
2478.75,-1831.75,0,Mph_IM
2496.25,-1813.75,0,Mph_IM
2186.25,-1786.25,0,Mph_IM
2187.25,-1759.75,0,Mph_IM
2174.25,-1742.25,0,Mph_IM
2203.25,-1737.75,0,Mph_IM
2461.25,-1725.75,0,Mph_IM
2188.75,-1724.75,0,Mph_IM
2237.25,-1722.25,0,Mph_IM
2276.25,-1713.25,0,Mph_IM
2281.25,-1692.25,0,Mph_IM
2222.75,-1685.75,0,Mph_IM
2456.75,-1665.75,0,Mph_IM
2245.25,-1662.75,0,Mph_IM
2284.75,-1637.75,0,Mph_IM
2331.75,-1597.75,0,Mph_IM
2234.25,-1580.75,0,Mph_IM
2203.75,-1581.25,0,Mph_IM
2251.25,-1578.25,0,Mph_IM
2273.25,-1578.25,0,Mph_IM
2461.25,-1566.25,0,Mph_IM
2405.75,-1555.75,0,Mph_IM
2382.75,-1551.75,0,Mph_IM
2415.25,-1545.25,0,Mph_IM
2446.25,-1550.25,0,Mph_IM
2296.25,-1543.75,0,Mph_IM
2315.25,-1540.75,0,Mph_IM
2323.75,-1528.75,0,Mph_IM
2345.75,-1514.75,0,Mph_IM
2362.25,-1501.25,0,Mph_IM
2320.25,-1495.25,0,Mph_IM
2271.25,-1503.25,0,Mph_IM
2643.25,-2260.25,0,Mph_IM
2702.75,-2270.75,0,Mph_IM
2714.75,-2242.25,0,Mph_IM
2771.25,-2247.75,0,Mph_IM
2739.75,-2253.75,0,Mph_IM
2606.75,-2241.75,0,Mph_IM
2626.75,-2255.75,0,Mph_IM
3251.75,-2253.25,0,Mph_IM
3223.75,-2246.75,0,Mph_IM
2730.25,-2240.25,0,Mph_IM
3303.25,-2237.75,0,Mph_IM
2636.25,-2220.75,0,Mph_IM
2742.75,-2221.75,0,Mph_IM
3311.25,-2221.25,0,Mph_IM
2728.25,-2188.25,0,Mph_IM
3254.25,-2205.75,0,Mph_IM
3309.25,-2199.75,0,Mph_IM
3191.75,-2203.25,0,Mph_IM
2818.75,-2192.75,0,Mph_IM
2626.25,-2190.25,0,Mph_IM
3282.75,-2193.25,0,Mph_IM
3177.25,-2189.25,0,Mph_IM
2786.75,-2191.75,0,Mph_IM
3221.25,-2190.75,0,Mph_IM
3300.75,-2186.25,0,Mph_IM
3282.75,-2175.75,0,Mph_IM
3317.25,-2175.75,0,Mph_IM
3248.75,-2167.25,0,Mph_IM
2792.75,-2166.25,0,Mph_IM
3073.75,-2150.75,0,Mph_IM
3288.75,-2152.25,0,Mph_IM
2634.75,-2150.75,0,Mph_IM
3317.25,-2152.75,0,Mph_IM
3267.75,-2137.75,0,Mph_IM
3234.75,-2143.75,0,Mph_IM
2780.75,-2131.25,0,Mph_IM
3256.75,-2140.75,0,Mph_IM
3312.75,-2123.75,0,Mph_IM
3221.75,-2115.75,0,Mph_IM
2619.25,-2115.25,0,Mph_IM
2808.25,-2122.25,0,Mph_IM
2991.75,-2091.75,0,Mph_IM
2637.75,-2107.25,0,Mph_IM
2817.25,-2101.25,0,Mph_IM
2655.75,-2081.75,0,Mph_IM
2702.75,-2088.75,0,Mph_IM
2848.75,-2099.75,0,Mph_IM
3354.25,-2086.25,0,Mph_IM
3146.25,-2095.75,0,Mph_IM
3396.25,-2074.75,0,Mph_IM
2832.25,-2082.25,0,Mph_IM
3025.25,-2076.25,0,Mph_IM
3112.75,-2070.75,0,Mph_IM
3085.25,-2067.25,0,Mph_IM
2956.75,-2058.75,0,Mph_IM
2838.75,-2060.25,0,Mph_IM
2977.75,-2057.25,0,Mph_IM
3154.75,-2057.25,0,Mph_IM
3068.25,-2051.25,0,Mph_IM
3269.25,-2045.25,0,Mph_IM
2990.75,-2051.25,0,Mph_IM
3047.75,-2056.25,0,Mph_IM
3335.25,-2057.25,0,Mph_IM
3140.75,-2038.75,0,Mph_IM
3327.75,-2028.75,0,Mph_IM
3032.25,-2026.75,0,Mph_IM
3061.75,-2028.75,0,Mph_IM
3363.25,-2017.25,0,Mph_IM
2974.75,-2016.25,0,Mph_IM
2837.75,-2006.25,0,Mph_IM
3075.75,-2012.25,0,Mph_IM
3020.75,-2011.75,0,Mph_IM
3052.75,-2005.75,0,Mph_IM
3163.75,-2005.75,0,Mph_IM
3258.75,-2003.25,0,Mph_IM
2612.75,-1997.75,0,Mph_IM
3083.75,-2005.25,0,Mph_IM
3033.25,-1987.25,0,Mph_IM
3223.75,-1990.25,0,Mph_IM
3068.75,-1984.25,0,Mph_IM
3106.25,-1989.75,0,Mph_IM
3084.25,-1983.25,0,Mph_IM
3255.75,-1972.75,0,Mph_IM
2946.25,-1971.75,0,Mph_IM
3022.25,-1969.75,0,Mph_IM
3046.75,-1961.75,0,Mph_IM
3236.25,-1960.75,0,Mph_IM
3081.25,-1962.75,0,Mph_IM
3097.25,-1941.75,0,Mph_IM
3061.75,-1961.75,0,Mph_IM
3132.75,-1964.25,0,Mph_IM
3011.75,-1959.25,0,Mph_IM
3064.25,-1937.25,0,Mph_IM
3380.75,-1948.25,0,Mph_IM
3012.75,-1940.25,0,Mph_IM
3151.75,-1933.25,0,Mph_IM
3027.75,-1938.25,0,Mph_IM
3079.25,-1937.75,0,Mph_IM
2823.75,-1932.75,0,Mph_IM
3048.25,-1927.75,0,Mph_IM
3396.75,-1925.75,0,Mph_IM
2845.75,-1924.75,0,Mph_IM
2987.75,-1923.25,0,Mph_IM
3009.25,-1916.75,0,Mph_IM
3325.25,-1923.25,0,Mph_IM
2893.25,-1918.75,0,Mph_IM
2964.75,-1902.75,0,Mph_IM
3306.25,-1902.75,0,Mph_IM
2838.75,-1892.25,0,Mph_IM
3377.75,-1884.75,0,Mph_IM
3007.25,-1880.25,0,Mph_IM
3107.75,-1894.75,0,Mph_IM
2884.75,-1879.75,0,Mph_IM
2921.25,-1875.75,0,Mph_IM
3137.25,-1874.75,0,Mph_IM
2731.25,-1876.75,0,Mph_IM
2986.25,-1868.25,0,Mph_IM
3254.75,-1875.25,0,Mph_IM
3290.75,-1877.75,0,Mph_IM
3161.25,-1870.25,0,Mph_IM
3061.75,-1860.75,0,Mph_IM
3108.25,-1863.25,0,Mph_IM
2671.25,-1860.25,0,Mph_IM
2992.75,-1836.25,0,Mph_IM
3382.75,-1856.75,0,Mph_IM
3286.25,-1837.25,0,Mph_IM
3144.25,-1845.25,0,Mph_IM
3375.25,-1836.75,0,Mph_IM
3074.25,-1829.25,0,Mph_IM
2970.25,-1834.75,0,Mph_IM
3138.75,-1822.75,0,Mph_IM
2968.75,-1818.75,0,Mph_IM
3175.75,-1805.75,0,Mph_IM
3092.75,-1798.25,0,Mph_IM
3134.75,-1804.75,0,Mph_IM
2969.75,-1792.25,0,Mph_IM
3149.75,-1785.75,0,Mph_IM
2698.75,-1778.75,0,Mph_IM
2671.75,-1758.25,0,Mph_IM
2840.25,-1774.25,0,Mph_IM
3129.25,-1752.75,0,Mph_IM
3181.75,-1748.75,0,Mph_IM
2853.25,-1747.75,0,Mph_IM
3136.75,-1736.25,0,Mph_IM
3162.75,-1715.25,0,Mph_IM
2969.75,-1737.75,0,Mph_IM
3329.25,-1724.25,0,Mph_IM
3269.75,-1723.25,0,Mph_IM
2744.25,-1709.75,0,Mph_IM
3378.25,-1710.75,0,Mph_IM
3404.75,-1708.25,0,Mph_IM
2859.25,-1712.25,0,Mph_IM
2832.75,-1704.25,0,Mph_IM
2885.25,-1706.75,0,Mph_IM
2950.75,-1702.25,0,Mph_IM
3346.75,-1697.75,0,Mph_IM
2917.25,-1702.75,0,Mph_IM
3138.25,-1695.25,0,Mph_IM
2743.25,-1697.25,0,Mph_IM
2970.75,-1695.75,0,Mph_IM
3265.75,-1687.75,0,Mph_IM
2848.25,-1688.25,0,Mph_IM
2711.75,-1701.75,0,Mph_IM
3084.75,-1688.25,0,Mph_IM
3331.75,-1680.75,0,Mph_IM
2680.25,-1679.25,0,Mph_IM
3351.25,-1673.25,0,Mph_IM
2880.75,-1668.75,0,Mph_IM
3390.75,-1662.25,0,Mph_IM
3356.25,-1651.75,0,Mph_IM
3082.25,-1644.75,0,Mph_IM
3247.25,-1635.25,0,Mph_IM
3166.75,-1605.75,0,Mph_IM
3199.25,-1608.75,0,Mph_IM
3229.25,-1628.75,0,Mph_IM
2937.75,-1616.25,0,Mph_IM
2968.75,-1616.75,0,Mph_IM
3010.25,-1617.75,0,Mph_IM
3065.75,-1609.25,0,Mph_IM
3249.25,-1594.25,0,Mph_IM
3222.25,-1599.75,0,Mph_IM
2806.25,-1604.25,0,Mph_IM
3024.75,-1611.25,0,Mph_IM
3024.75,-1593.75,0,Mph_IM
3082.75,-1584.75,0,Mph_IM
3025.75,-1566.25,0,Mph_IM
3084.25,-1556.75,0,Mph_IM
2609.75,-1563.25,0,Mph_IM
3008.75,-1551.75,0,Mph_IM
2982.75,-1553.75,0,Mph_IM
3022.25,-1552.75,0,Mph_IM
3033.25,-1538.25,0,Mph_IM
2760.75,-1539.25,0,Mph_IM
2952.75,-1531.25,0,Mph_IM
3121.75,-1525.75,0,Mph_IM
2872.75,-1533.25,0,Mph_IM
2814.75,-1523.75,0,Mph_IM
2868.25,-1512.25,0,Mph_IM
2927.75,-1501.75,0,Mph_IM
3032.25,-1506.75,0,Mph_IM
2986.75,-1506.75,0,Mph_IM
2917.75,-1487.25,0,Mph_IM
3013.25,-1491.75,0,Mph_IM
3111.75,-1494.25,0,Mph_IM
3141.75,-1495.25,0,Mph_IM
2860.25,-1494.75,0,Mph_IM
2750.25,-1498.25,0,Mph_IM
2802.25,-1484.75,0,Mph_IM
4005.75,-2274.75,0,Mph_IM
3561.25,-2268.25,0,Mph_IM
4182.75,-2279.25,0,Mph_IM
3523.25,-2256.75,0,Mph_IM
3811.75,-2261.75,0,Mph_IM
3453.25,-2260.75,0,Mph_IM
3625.75,-2252.25,0,Mph_IM
4084.25,-2254.25,0,Mph_IM
4046.75,-2250.75,0,Mph_IM
4069.75,-2238.75,0,Mph_IM
3576.25,-2245.75,0,Mph_IM
3444.25,-2227.75,0,Mph_IM
4149.75,-2223.75,0,Mph_IM
3793.75,-2221.75,0,Mph_IM
3615.25,-2219.75,0,Mph_IM
3434.75,-2192.75,0,Mph_IM
3573.25,-2198.25,0,Mph_IM
4181.75,-2193.75,0,Mph_IM
3524.25,-2210.25,0,Mph_IM
3799.25,-2190.25,0,Mph_IM
3482.25,-2195.75,0,Mph_IM
4057.25,-2187.25,0,Mph_IM
4152.25,-2185.75,0,Mph_IM
3746.75,-2183.75,0,Mph_IM
4129.75,-2187.25,0,Mph_IM
3512.25,-2171.75,0,Mph_IM
3593.25,-2178.75,0,Mph_IM
3460.75,-2174.75,0,Mph_IM
4160.25,-2157.75,0,Mph_IM
4205.75,-2113.75,0,Mph_IM
3609.75,-2109.75,0,Mph_IM
3490.25,-2109.25,0,Mph_IM
3460.75,-2104.25,0,Mph_IM
3859.25,-2099.75,0,Mph_IM
3692.75,-2105.25,0,Mph_IM
3712.75,-2081.75,0,Mph_IM
3585.25,-2080.75,0,Mph_IM
3958.25,-2075.25,0,Mph_IM
3789.75,-2086.25,0,Mph_IM
3764.25,-2072.75,0,Mph_IM
4127.25,-2072.75,0,Mph_IM
4045.25,-2077.75,0,Mph_IM
3803.25,-2071.25,0,Mph_IM
3974.25,-2074.75,0,Mph_IM
3993.75,-2077.75,0,Mph_IM
4020.75,-2079.25,0,Mph_IM
4001.75,-2061.25,0,Mph_IM
3968.75,-2055.25,0,Mph_IM
3617.75,-2066.75,0,Mph_IM
4035.75,-2045.75,0,Mph_IM
3417.75,-2034.25,0,Mph_IM
3477.75,-2044.25,0,Mph_IM
3713.75,-2043.25,0,Mph_IM
3782.25,-2031.25,0,Mph_IM
3514.75,-2033.25,0,Mph_IM
4100.75,-2035.25,0,Mph_IM
3573.25,-2025.75,0,Mph_IM
3713.25,-2013.75,0,Mph_IM
3536.25,-2015.75,0,Mph_IM
3736.25,-1997.75,0,Mph_IM
3794.75,-1993.25,0,Mph_IM
4051.25,-1975.75,0,Mph_IM
3668.25,-1988.25,0,Mph_IM
3466.75,-1978.25,0,Mph_IM
3507.25,-1962.25,0,Mph_IM
3602.25,-1972.25,0,Mph_IM
3583.25,-1966.75,0,Mph_IM
3625.25,-1947.75,0,Mph_IM
3579.75,-1945.75,0,Mph_IM
3780.25,-1904.25,0,Mph_IM
3670.25,-1849.75,0,Mph_IM
3519.25,-1832.75,0,Mph_IM
3853.75,-1840.75,0,Mph_IM
3585.75,-1837.25,0,Mph_IM
3511.25,-1804.75,0,Mph_IM
3583.25,-1799.25,0,Mph_IM
3722.25,-1794.75,0,Mph_IM
3406.75,-1708.25,0,Mph_IM
3552.25,-1692.75,0,Mph_IM
3638.25,-1690.25,0,Mph_IM
3597.75,-1686.25,0,Mph_IM
3481.25,-1679.25,0,Mph_IM
3579.75,-1694.25,0,Mph_IM
3437.75,-1683.25,0,Mph_IM
3466.25,-1656.25,0,Mph_IM
3423.75,-1664.75,0,Mph_IM
3434.75,-1650.75,0,Mph_IM
3506.25,-3077.75,0,Mph_IM
4084.75,-3068.75,0,Mph_IM
3427.25,-3063.75,0,Mph_IM
3537.75,-3063.25,0,Mph_IM
3873.75,-3056.25,0,Mph_IM
4030.75,-3056.75,0,Mph_IM
3977.75,-3049.25,0,Mph_IM
3411.25,-3035.75,0,Mph_IM
3440.75,-3046.25,0,Mph_IM
3935.75,-3044.75,0,Mph_IM
3731.25,-3038.75,0,Mph_IM
3791.25,-3024.25,0,Mph_IM
3879.25,-3036.25,0,Mph_IM
4128.25,-3030.25,0,Mph_IM
3644.25,-3028.75,0,Mph_IM
4005.25,-3022.75,0,Mph_IM
4096.75,-3020.75,0,Mph_IM
3857.25,-3013.75,0,Mph_IM
3884.75,-3021.25,0,Mph_IM
3886.75,-3004.75,0,Mph_IM
3719.25,-2999.25,0,Mph_IM
4077.25,-3005.25,0,Mph_IM
3627.75,-2982.25,0,Mph_IM
3889.25,-2970.75,0,Mph_IM
3946.25,-2983.75,0,Mph_IM
3805.75,-2978.75,0,Mph_IM
3863.75,-2963.25,0,Mph_IM
3668.75,-2962.75,0,Mph_IM
3856.25,-2957.25,0,Mph_IM
3949.75,-2964.75,0,Mph_IM
3718.75,-2949.25,0,Mph_IM
3792.75,-2951.75,0,Mph_IM
3946.75,-2946.75,0,Mph_IM
3844.25,-2925.25,0,Mph_IM
3739.25,-2930.25,0,Mph_IM
3691.75,-2930.75,0,Mph_IM
3936.25,-2924.75,0,Mph_IM
4046.25,-2931.75,0,Mph_IM
3784.75,-2914.25,0,Mph_IM
4083.75,-2923.75,0,Mph_IM
3648.25,-2907.25,0,Mph_IM
3750.25,-2902.25,0,Mph_IM
3934.75,-2912.25,0,Mph_IM
4123.75,-2914.25,0,Mph_IM
4040.75,-2907.25,0,Mph_IM
4014.75,-2901.75,0,Mph_IM
3930.25,-2890.25,0,Mph_IM
4039.25,-2883.75,0,Mph_IM
4089.25,-2885.25,0,Mph_IM
4031.25,-2857.75,0,Mph_IM
4182.75,-2858.75,0,Mph_IM
4143.75,-2859.75,0,Mph_IM
3905.25,-2855.75,0,Mph_IM
4062.25,-2837.75,0,Mph_IM
3889.75,-2849.25,0,Mph_IM
4135.75,-2830.75,0,Mph_IM
3951.75,-2831.25,0,Mph_IM
3886.25,-2826.25,0,Mph_IM
4035.25,-2814.25,0,Mph_IM
3868.75,-2812.75,0,Mph_IM
3767.25,-2808.25,0,Mph_IM
4081.75,-2788.75,0,Mph_IM
3857.25,-2781.25,0,Mph_IM
3914.25,-2777.75,0,Mph_IM
4051.25,-2773.25,0,Mph_IM
3844.25,-2764.75,0,Mph_IM
3646.75,-2761.25,0,Mph_IM
4112.25,-2737.75,0,Mph_IM
4187.75,-2745.75,0,Mph_IM
3654.25,-2738.25,0,Mph_IM
3720.75,-2723.75,0,Mph_IM
3754.75,-2730.75,0,Mph_IM
3947.25,-2711.75,0,Mph_IM
3814.25,-2708.75,0,Mph_IM
3741.75,-2691.25,0,Mph_IM
4173.75,-2692.75,0,Mph_IM
3813.25,-2640.25,0,Mph_IM
3936.75,-2644.25,0,Mph_IM
4121.75,-2646.25,0,Mph_IM
4129.75,-2621.75,0,Mph_IM
4186.25,-2626.25,0,Mph_IM
3984.75,-2613.75,0,Mph_IM
4161.25,-2606.75,0,Mph_IM
3721.75,-2596.25,0,Mph_IM
4192.25,-2596.75,0,Mph_IM
3757.75,-2585.75,0,Mph_IM
4074.25,-2587.25,0,Mph_IM
3945.25,-2591.25,0,Mph_IM
4040.75,-2590.75,0,Mph_IM
3851.25,-2576.25,0,Mph_IM
3655.75,-2588.25,0,Mph_IM
4180.75,-2575.25,0,Mph_IM
3909.75,-2566.25,0,Mph_IM
4069.75,-2547.25,0,Mph_IM
4186.25,-2534.75,0,Mph_IM
3769.75,-2538.75,0,Mph_IM
3879.25,-2518.75,0,Mph_IM
3715.75,-2521.25,0,Mph_IM
3823.25,-2511.25,0,Mph_IM
4045.75,-2512.25,0,Mph_IM
3691.75,-2501.25,0,Mph_IM
3617.75,-2503.75,0,Mph_IM
3802.75,-2496.75,0,Mph_IM
4033.25,-2482.75,0,Mph_IM
3940.25,-2484.75,0,Mph_IM
3589.75,-2475.75,0,Mph_IM
3702.25,-2472.75,0,Mph_IM
3580.25,-2463.25,0,Mph_IM
3747.75,-2456.75,0,Mph_IM
3649.25,-2453.25,0,Mph_IM
3571.25,-2454.25,0,Mph_IM
3940.25,-2444.25,0,Mph_IM
4181.75,-2448.75,0,Mph_IM
3687.25,-2442.75,0,Mph_IM
3777.25,-2441.75,0,Mph_IM
3580.25,-2437.25,0,Mph_IM
3841.25,-2432.75,0,Mph_IM
3464.25,-2429.75,0,Mph_IM
3687.25,-2417.25,0,Mph_IM
3760.25,-2426.25,0,Mph_IM
3942.75,-2414.25,0,Mph_IM
3512.75,-2417.75,0,Mph_IM
3438.75,-2404.25,0,Mph_IM
3588.25,-2414.75,0,Mph_IM
3649.25,-2409.25,0,Mph_IM
3447.75,-2400.25,0,Mph_IM
3569.25,-2391.25,0,Mph_IM
3477.75,-2394.75,0,Mph_IM
3614.25,-2377.75,0,Mph_IM
3792.25,-2357.25,0,Mph_IM
3759.75,-2343.75,0,Mph_IM
3573.25,-2351.75,0,Mph_IM
3807.25,-2347.75,0,Mph_IM
3962.75,-2348.75,0,Mph_IM
3612.25,-2346.25,0,Mph_IM
3449.75,-2332.75,0,Mph_IM
3594.75,-2333.25,0,Mph_IM
3644.75,-2326.75,0,Mph_IM
3797.75,-2317.75,0,Mph_IM
3842.75,-2324.75,0,Mph_IM
4005.25,-2320.25,0,Mph_IM
4033.75,-2299.25,0,Mph_IM
3617.25,-2293.25,0,Mph_IM
4003.25,-2298.25,0,Mph_IM
3822.25,-2295.75,0,Mph_IM
3531.75,-2292.75,0,Mph_IM
4184.75,-2279.75,0,Mph_IM
