x,y,z,type
4153.75,-864.25,0,Tcell
2959.25,-2123.25,0,Tcell
2949.25,-1633.25,0,Tcell
2942.25,-1625.25,0,Tcell
3014.25,-1577.75,0,Tcell
2727.25,-1358.75,0,Tcell
2654.25,-1334.75,0,Tcell
2753.25,-1016.75,0,Tcell
2753.75,-1001.25,0,Tcell
2722.75,-945.25,0,Tcell
3476.25,-2066.25,0,Tcell
-1967.25,581.25,0,Tcell
-1989.75,589.25,0,Tcell
3498.75,-1677.75,0,Tcell
3513.25,-1675.25,0,Tcell
3378.75,-1355.75,0,Tcell
3492.75,-1340.25,0,Tcell
3691.75,-1009.25,0,Tcell
3710.75,-994.75,0,Tcell
3724.25,-982.25,0,Tcell
3925.75,-801.25,0,Tcell
3237.25,-782.25,0,Tcell
3891.25,-774.75,0,Tcell
3463.75,-769.75,0,Tcell
3486.25,-771.25,0,Tcell
3905.25,-768.75,0,Tcell
3943.75,-730.75,0,Tcell
3962.75,-727.25,0,Tcell
3885.25,-686.75,0,Tcell
3800.75,-673.25,0,Tcell
3804.75,-647.75,0,Tcell
3273.25,-625.25,0,Tcell
3746.25,-623.25,0,Tcell
3759.75,-601.25,0,Tcell
3260.75,-588.25,0,Tcell
3736.25,-586.75,0,Tcell
3535.25,-510.75,0,Tcell
3546.75,-484.75,0,Tcell
3224.25,-448.25,0,Tcell
3455.75,-425.25,0,Tcell
3434.25,-413.75,0,Tcell
3398.25,-394.25,0,Tcell
3221.75,-389.75,0,Tcell
3407.75,-385.25,0,Tcell
3210.75,-378.25,0,Tcell
3281.25,-361.25,0,Tcell
3308.25,-340.75,0,Tcell
3236.75,-338.25,0,Tcell
3259.75,-331.25,0,Tcell
3284.25,-328.75,0,Tcell
3219.75,-327.25,0,Tcell
3341.75,-327.75,0,Tcell
3319.75,-323.75,0,Tcell
3242.25,-323.75,0,Tcell
3359.75,-318.75,0,Tcell
3265.25,-300.25,0,Tcell
3274.75,-288.75,0,Tcell
3287.75,-253.75,0,Tcell
3274.25,-245.75,0,Tcell
3185.25,-226.25,0,Tcell
3268.25,-207.25,0,Tcell
3189.25,-209.75,0,Tcell
3235.25,-192.75,0,Tcell
3259.25,-182.25,0,Tcell
3202.75,-156.25,0,Tcell
1472.25,-304.75,0,Tcell
1058.75,-138.25,0,Tcell
2276.75,-745.75,0,Tcell
2257.75,-745.75,0,Tcell
2246.75,-734.75,0,Tcell
2102.75,-408.25,0,Tcell
1926.75,-409.75,0,Tcell
2377.25,-375.75,0,Tcell
-297.75,382.75,0,Tcell
-1497.25,415.75,0,Tcell
-1496.75,462.75,0,Tcell
-1571.75,471.75,0,Tcell
-1371.75,611.75,0,Tcell
-1377.75,624.25,0,Tcell
-1360.75,643.75,0,Tcell
2911.75,-701.25,0,Tcell
2923.25,-690.25,0,Tcell
2920.25,-611.25,0,Tcell
2578.25,-576.25,0,Tcell
2940.25,-568.75,0,Tcell
2735.25,-563.75,0,Tcell
2956.75,-543.75,0,Tcell
2994.25,-523.25,0,Tcell
3016.25,-509.25,0,Tcell
3132.25,-507.75,0,Tcell
3149.75,-504.25,0,Tcell
2984.75,-476.75,0,Tcell
3158.75,-461.75,0,Tcell
2651.75,-462.25,0,Tcell
3082.75,-456.75,0,Tcell
2592.75,-462.75,0,Tcell
3135.25,-460.25,0,Tcell
3103.25,-460.25,0,Tcell
3050.25,-445.25,0,Tcell
3105.25,-437.25,0,Tcell
3086.75,-429.25,0,Tcell
3066.75,-421.25,0,Tcell
2615.75,-395.75,0,Tcell
3066.75,-396.25,0,Tcell
3110.25,-383.75,0,Tcell
2686.25,-369.25,0,Tcell
3086.75,-359.75,0,Tcell
3129.25,-357.75,0,Tcell
3088.75,-327.75,0,Tcell
3143.25,-331.75,0,Tcell
2997.75,-327.25,0,Tcell
3053.75,-328.75,0,Tcell
2923.25,-322.75,0,Tcell
3020.25,-321.25,0,Tcell
2813.25,-314.25,0,Tcell
3060.75,-314.75,0,Tcell
2883.25,-306.75,0,Tcell
2907.25,-303.25,0,Tcell
3126.25,-299.75,0,Tcell
2981.75,-294.25,0,Tcell
3150.75,-293.25,0,Tcell
3044.75,-280.25,0,Tcell
2876.75,-273.75,0,Tcell
3118.25,-269.25,0,Tcell
3046.75,-255.25,0,Tcell
2876.75,-252.25,0,Tcell
3071.25,-225.75,0,Tcell
2911.75,-221.75,0,Tcell
2992.25,-224.25,0,Tcell
2932.75,-218.25,0,Tcell
3016.25,-219.75,0,Tcell
2475.25,-210.75,0,Tcell
2979.25,-208.75,0,Tcell
3124.25,-207.25,0,Tcell
2951.75,-192.75,0,Tcell
2968.25,-194.75,0,Tcell
2983.75,-183.25,0,Tcell
2839.25,-179.25,0,Tcell
3081.75,-173.25,0,Tcell
2920.75,-167.25,0,Tcell
3086.25,-159.75,0,Tcell
3106.75,-159.25,0,Tcell
3011.75,-146.75,0,Tcell
3038.75,-151.75,0,Tcell
3084.75,-139.75,0,Tcell
3042.25,-138.25,0,Tcell
3063.75,-142.75,0,Tcell
3065.25,-127.75,0,Tcell
1054.25,-16.25,0,Tcell
1069.75,76.75,0,Tcell
1346.75,229.25,0,Tcell
1308.75,441.25,0,Tcell
1664.75,221.75,0,Tcell
1851.25,243.75,0,Tcell
1876.75,286.75,0,Tcell
1749.75,288.75,0,Tcell
1862.25,305.25,0,Tcell
1756.75,325.25,0,Tcell
1695.25,397.75,0,Tcell
1775.75,421.75,0,Tcell
2033.25,485.25,0,Tcell
2237.25,566.25,0,Tcell
1859.25,571.25,0,Tcell
1928.25,581.75,0,Tcell
2100.75,589.25,0,Tcell
1867.25,612.75,0,Tcell
1766.75,669.25,0,Tcell
3097.75,-113.25,0,Tcell
3124.75,-81.75,0,Tcell
2925.75,-65.75,0,Tcell
3128.75,-51.75,0,Tcell
3148.25,-54.75,0,Tcell
3112.25,-51.75,0,Tcell
3118.25,-28.75,0,Tcell
3119.75,-9.25,0,Tcell
3130.75,-1.25,0,Tcell
2409.25,491.75,0,Tcell
3216.75,-99.75,0,Tcell
3195.25,-91.75,0,Tcell
3214.25,-83.25,0,Tcell
3194.25,-60.25,0,Tcell
3183.25,-15.75,0,Tcell
3183.25,7.25,0,Tcell
-3384.25,1286.75,0,Tcell
-3353.75,1381.75,0,Tcell
-3522.25,1391.25,0,Tcell
-3490.75,1390.25,0,Tcell
-3504.75,1395.25,0,Tcell
-3377.75,1393.75,0,Tcell
-3348.75,1396.75,0,Tcell
-3416.25,1412.25,0,Tcell
-3584.25,1419.25,0,Tcell
-3221.25,1440.25,0,Tcell
-2553.25,896.75,0,Tcell
-2787.25,972.75,0,Tcell
-2650.25,976.25,0,Tcell
-2546.25,986.75,0,Tcell
-2838.75,993.25,0,Tcell
-2537.25,995.25,0,Tcell
-2765.25,1002.75,0,Tcell
-2465.25,1007.25,0,Tcell
-2500.25,1008.75,0,Tcell
-2747.25,1005.75,0,Tcell
-2617.25,1015.75,0,Tcell
-2813.75,1015.75,0,Tcell
-2760.75,1020.75,0,Tcell
-2654.25,1028.75,0,Tcell
-2547.25,1038.75,0,Tcell
-2632.25,1031.25,0,Tcell
-2518.25,1041.25,0,Tcell
-2787.75,1051.75,0,Tcell
-2644.75,1051.75,0,Tcell
-2970.25,1065.25,0,Tcell
-2615.75,1062.75,0,Tcell
-2910.75,1067.25,0,Tcell
-3096.25,1076.75,0,Tcell
-3017.75,1072.75,0,Tcell
-3076.75,1078.75,0,Tcell
-2949.25,1082.25,0,Tcell
-3122.25,1081.25,0,Tcell
-2829.25,1088.25,0,Tcell
-3030.75,1100.75,0,Tcell
-3151.75,1105.75,0,Tcell
-3013.75,1109.75,0,Tcell
-2880.75,1111.75,0,Tcell
-2943.75,1110.25,0,Tcell
-2960.75,1114.25,0,Tcell
-2974.75,1117.25,0,Tcell
-3058.75,1139.75,0,Tcell
-3090.25,1156.75,0,Tcell
-2893.25,1206.25,0,Tcell
-2549.25,1241.25,0,Tcell
-2898.75,1243.25,0,Tcell
-2897.25,1256.25,0,Tcell
-3043.25,1292.25,0,Tcell
-2993.25,1290.75,0,Tcell
-2679.25,1294.75,0,Tcell
-3016.75,1296.25,0,Tcell
-2992.75,1308.75,0,Tcell
-2948.25,1323.75,0,Tcell
-3013.75,1340.25,0,Tcell
-2866.75,1363.75,0,Tcell
-2746.25,1362.75,0,Tcell
-2988.75,1371.75,0,Tcell
-2915.75,1422.75,0,Tcell
-2768.75,1433.75,0,Tcell
-2620.75,1437.75,0,Tcell
-2912.75,1440.25,0,Tcell
-2600.25,1441.25,0,Tcell
-2898.75,1460.75,0,Tcell
-2898.25,1474.75,0,Tcell
-1900.25,832.75,0,Tcell
-2360.25,924.75,0,Tcell
-1892.75,930.75,0,Tcell
-2346.75,932.25,0,Tcell
-2380.75,977.25,0,Tcell
-2080.25,1254.25,0,Tcell
-1779.75,1403.25,0,Tcell
-1564.25,794.25,0,Tcell
-1595.25,807.25,0,Tcell
-1411.75,1266.75,0,Tcell
-1491.25,1395.75,0,Tcell
-956.75,1460.25,0,Tcell
-82.75,1130.75,0,Tcell
-298.25,1127.25,0,Tcell
-292.25,1141.75,0,Tcell
-83.25,1153.75,0,Tcell
-133.75,1156.25,0,Tcell
-47.75,1163.25,0,Tcell
-134.25,1205.75,0,Tcell
-77.75,1245.75,0,Tcell
-44.75,1273.25,0,Tcell
-218.75,1274.75,0,Tcell
-277.75,1301.75,0,Tcell
-98.75,1311.75,0,Tcell
-265.75,1319.75,0,Tcell
-87.75,1325.75,0,Tcell
-239.25,1341.25,0,Tcell
-176.25,1340.25,0,Tcell
-89.25,1356.75,0,Tcell
-210.25,1374.75,0,Tcell
-62.75,1396.75,0,Tcell
-38.25,1405.25,0,Tcell
-61.25,1410.75,0,Tcell
-185.75,1433.25,0,Tcell
-148.25,1440.25,0,Tcell
-199.25,1441.25,0,Tcell
-314.75,1449.25,0,Tcell
-140.75,1459.75,0,Tcell
-162.75,1460.75,0,Tcell
-152.75,1472.25,0,Tcell
-120.75,1474.75,0,Tcell
557.75,697.75,0,Tcell
570.25,721.75,0,Tcell
264.75,1062.75,0,Tcell
-11.25,1147.25,0,Tcell
684.75,1181.25,0,Tcell
61.75,1231.75,0,Tcell
1.25,1284.25,0,Tcell
27.75,1290.25,0,Tcell
32.25,1353.25,0,Tcell
15.75,1356.25,0,Tcell
-4.25,1358.75,0,Tcell
51.75,1373.25,0,Tcell
-5.75,1375.75,0,Tcell
54.75,1416.75,0,Tcell
1504.75,685.75,0,Tcell
1480.25,699.25,0,Tcell
1290.25,720.25,0,Tcell
1363.25,812.25,0,Tcell
1372.75,823.75,0,Tcell
1321.25,906.25,0,Tcell
798.75,922.25,0,Tcell
929.75,931.75,0,Tcell
1725.75,679.75,0,Tcell
1638.25,685.75,0,Tcell
1639.25,700.25,0,Tcell
1667.25,704.75,0,Tcell
1705.75,703.25,0,Tcell
1753.75,716.75,0,Tcell
1738.75,729.25,0,Tcell
-3317.25,1508.75,0,Tcell
-3846.75,1527.25,0,Tcell
-3835.25,1536.75,0,Tcell
-3795.75,1566.75,0,Tcell
-3390.25,1579.75,0,Tcell
-3556.25,1610.25,0,Tcell
-3929.75,1622.75,0,Tcell
-3914.25,1621.25,0,Tcell
-3477.75,1667.25,0,Tcell
-3396.75,1693.75,0,Tcell
-3590.75,1701.75,0,Tcell
-3578.25,1750.75,0,Tcell
-3256.25,1860.75,0,Tcell
-3283.75,2007.25,0,Tcell
-3346.75,2082.75,0,Tcell
-2914.75,1490.25,0,Tcell
-3144.75,1499.75,0,Tcell
-2723.75,1506.25,0,Tcell
-3077.75,1518.75,0,Tcell
-2724.75,1522.25,0,Tcell
-3100.75,1533.75,0,Tcell
-3200.75,1547.75,0,Tcell
-2738.25,1580.25,0,Tcell
-3154.25,1601.25,0,Tcell
-2965.25,1641.75,0,Tcell
-2788.75,1640.25,0,Tcell
-2747.25,1670.25,0,Tcell
-3102.25,1682.25,0,Tcell
-2515.75,1698.75,0,Tcell
-2958.25,1702.25,0,Tcell
-2974.25,1702.25,0,Tcell
-3083.25,1712.25,0,Tcell
-3189.75,1728.25,0,Tcell
-2812.75,1751.25,0,Tcell
-2876.75,1755.25,0,Tcell
-2736.25,1763.75,0,Tcell
-2936.75,1784.25,0,Tcell
-2983.75,1795.25,0,Tcell
-2963.75,1795.75,0,Tcell
-2929.75,1804.25,0,Tcell
-2879.75,1811.75,0,Tcell
-2836.25,1815.75,0,Tcell
-2870.75,1827.75,0,Tcell
-2852.75,1837.75,0,Tcell
-2797.75,1846.75,0,Tcell
-2884.25,1845.25,0,Tcell
-2909.75,1858.75,0,Tcell
-2951.75,1851.75,0,Tcell
-2930.25,1854.25,0,Tcell
-2877.75,1861.25,0,Tcell
-2927.25,1869.75,0,Tcell
-2841.75,1871.75,0,Tcell
-3036.25,1880.25,0,Tcell
-2847.25,1886.25,0,Tcell
-3024.25,1890.75,0,Tcell
-3006.75,1894.25,0,Tcell
-3023.75,1908.75,0,Tcell
-2882.25,1922.25,0,Tcell
-2827.75,1934.75,0,Tcell
-2527.25,1949.75,0,Tcell
-2763.25,1964.25,0,Tcell
-2596.25,1967.25,0,Tcell
-2873.25,1974.75,0,Tcell
-2702.75,1983.25,0,Tcell
-2512.75,2007.75,0,Tcell
-2512.25,2027.25,0,Tcell
-2671.25,2029.75,0,Tcell
-2945.75,2040.75,0,Tcell
-2962.25,2052.75,0,Tcell
-2575.75,2067.75,0,Tcell
-2880.75,2088.75,0,Tcell
-2670.25,2092.25,0,Tcell
-3121.75,2110.25,0,Tcell
-2492.25,2141.75,0,Tcell
-2474.75,2141.25,0,Tcell
-2697.25,2159.25,0,Tcell
-2485.75,2170.75,0,Tcell
-2685.25,2211.75,0,Tcell
-2675.75,2238.25,0,Tcell
-2591.25,2240.75,0,Tcell
-2584.75,2261.25,0,Tcell
-2566.75,2261.75,0,Tcell
-1929.25,1692.75,0,Tcell
-1928.75,1713.75,0,Tcell
-1805.75,1716.25,0,Tcell
-1792.75,1723.75,0,Tcell
-1722.25,1753.25,0,Tcell
-2362.25,1771.75,0,Tcell
-2235.75,1812.25,0,Tcell
-2165.25,1862.75,0,Tcell
-2307.75,1879.75,0,Tcell
-2163.75,1887.75,0,Tcell
-2310.75,1895.75,0,Tcell
-2305.25,1978.75,0,Tcell
-1686.25,2035.25,0,Tcell
-1628.25,2094.75,0,Tcell
-2409.75,2096.25,0,Tcell
-2073.25,2132.75,0,Tcell
-2054.75,2134.75,0,Tcell
-1682.25,2145.25,0,Tcell
-2038.75,2148.75,0,Tcell
-2253.25,2168.25,0,Tcell
-2252.75,2193.25,0,Tcell
-1849.75,2195.75,0,Tcell
-1823.75,2230.25,0,Tcell
-2037.75,2236.25,0,Tcell
-2116.75,2247.75,0,Tcell
-1603.75,1622.75,0,Tcell
-1103.25,1657.25,0,Tcell
-1341.75,1846.25,0,Tcell
-1439.25,1863.75,0,Tcell
-1314.75,1893.75,0,Tcell
-1042.75,1898.75,0,Tcell
-1296.25,1903.75,0,Tcell
-858.75,1916.25,0,Tcell
-1306.25,1910.25,0,Tcell
-1278.75,1912.75,0,Tcell
-1286.75,1959.75,0,Tcell
-1302.25,2005.25,0,Tcell
-1052.75,2075.25,0,Tcell
-1201.75,2117.75,0,Tcell
-1290.25,2161.75,0,Tcell
-275.25,1484.25,0,Tcell
-56.25,1482.75,0,Tcell
-359.75,1729.75,0,Tcell
-452.75,1746.75,0,Tcell
-652.75,1897.75,0,Tcell
-2666.75,2294.25,0,Tcell
-2650.75,2298.75,0,Tcell
-2600.25,2298.25,0,Tcell
-2988.25,2361.25,0,Tcell
-2938.75,2406.75,0,Tcell
-2887.25,2407.75,0,Tcell
-2736.25,2409.75,0,Tcell
-2730.75,2425.25,0,Tcell
-2717.75,2436.75,0,Tcell
-2544.25,2443.75,0,Tcell
-3022.25,2481.25,0,Tcell
-3047.25,2505.25,0,Tcell
-3071.25,2597.75,0,Tcell
-2922.25,2763.75,0,Tcell
-2038.25,2281.25,0,Tcell
-1884.75,2342.25,0,Tcell
-1785.75,2355.75,0,Tcell
-2146.75,2376.75,0,Tcell
-2142.75,2400.25,0,Tcell
5627.25,-2656.75,0,Tcell
5654.75,-2644.75,0,Tcell
5644.25,-2612.25,0,Tcell
5624.75,-2611.25,0,Tcell
5588.25,-2598.25,0,Tcell
5640.25,-2589.25,0,Tcell
5612.75,-2594.25,0,Tcell
5655.25,-2567.25,0,Tcell
5651.25,-2552.75,0,Tcell
5634.25,-2552.75,0,Tcell
5667.25,-2538.75,0,Tcell
5631.25,-2540.25,0,Tcell
5649.25,-2536.75,0,Tcell
5587.25,-2497.25,0,Tcell
5663.75,-2473.25,0,Tcell
5642.25,-2470.75,0,Tcell
5647.75,-2443.25,0,Tcell
5605.75,-2427.25,0,Tcell
5529.25,-2421.25,0,Tcell
5625.75,-2407.75,0,Tcell
5654.75,-2388.25,0,Tcell
5645.25,-2356.25,0,Tcell
5661.75,-2352.25,0,Tcell
5652.75,-2336.75,0,Tcell
5617.25,-2293.75,0,Tcell
5646.25,-2285.25,0,Tcell
5624.25,-2276.25,0,Tcell
5618.75,-2245.75,0,Tcell
5549.25,-2247.25,0,Tcell
5587.75,-2238.75,0,Tcell
5536.25,-2219.25,0,Tcell
5603.75,-2217.75,0,Tcell
3728.25,-2828.75,0,Tcell
3711.75,-2820.25,0,Tcell
4593.25,-3383.25,0,Tcell
4590.75,-3369.25,0,Tcell
4532.75,-3369.75,0,Tcell
4573.25,-3365.75,0,Tcell
4606.75,-3359.75,0,Tcell
4539.75,-3355.25,0,Tcell
4526.25,-3344.75,0,Tcell
4637.75,-3343.25,0,Tcell
4518.75,-3322.25,0,Tcell
4492.25,-3313.25,0,Tcell
4574.75,-3309.75,0,Tcell
4705.25,-3305.25,0,Tcell
4585.25,-3300.75,0,Tcell
4689.75,-3299.25,0,Tcell
4662.75,-3283.75,0,Tcell
4692.75,-3278.25,0,Tcell
4457.25,-3275.75,0,Tcell
4464.75,-3265.25,0,Tcell
4698.25,-3259.25,0,Tcell
4438.25,-3251.75,0,Tcell
4618.25,-3240.75,0,Tcell
4419.75,-3236.25,0,Tcell
4485.25,-3233.75,0,Tcell
4602.25,-3231.25,0,Tcell
4403.75,-3212.25,0,Tcell
4386.75,-3192.75,0,Tcell
4490.25,-3188.25,0,Tcell
4521.25,-3186.75,0,Tcell
4575.25,-3188.25,0,Tcell
4370.25,-3179.25,0,Tcell
4413.75,-3174.25,0,Tcell
4478.25,-3158.25,0,Tcell
4355.25,-3154.75,0,Tcell
4663.25,-3151.25,0,Tcell
4639.25,-3122.75,0,Tcell
4554.25,-3114.25,0,Tcell
4475.25,-3105.75,0,Tcell
4609.25,-3099.75,0,Tcell
4441.75,-3092.25,0,Tcell
4567.25,-3085.25,0,Tcell
4580.25,-3046.25,0,Tcell
4604.25,-3035.25,0,Tcell
4472.25,-3029.25,0,Tcell
4487.25,-3024.25,0,Tcell
4504.25,-3013.25,0,Tcell
4553.75,-3001.25,0,Tcell
4622.75,-2996.75,0,Tcell
4536.75,-2991.25,0,Tcell
4549.75,-2976.25,0,Tcell
4446.75,-2965.25,0,Tcell
4536.75,-2952.25,0,Tcell
4559.75,-2948.25,0,Tcell
4645.75,-2937.75,0,Tcell
4614.25,-2935.25,0,Tcell
4428.25,-2922.25,0,Tcell
4383.25,-2919.75,0,Tcell
4611.25,-2913.75,0,Tcell
4516.75,-2913.25,0,Tcell
4540.25,-2907.25,0,Tcell
4513.75,-2900.75,0,Tcell
4591.75,-2897.25,0,Tcell
4448.75,-2891.75,0,Tcell
4702.75,-2886.75,0,Tcell
4686.25,-2884.25,0,Tcell
4505.25,-2877.75,0,Tcell
4710.75,-2868.75,0,Tcell
4465.75,-2866.25,0,Tcell
4489.75,-2861.75,0,Tcell
4511.25,-2858.75,0,Tcell
4361.25,-2859.75,0,Tcell
4575.25,-2857.75,0,Tcell
4561.25,-2850.75,0,Tcell
4700.75,-2845.75,0,Tcell
4043.25,-2850.75,0,Tcell
4507.25,-2842.25,0,Tcell
4043.75,-2836.75,0,Tcell
4446.75,-2832.75,0,Tcell
4679.75,-2829.25,0,Tcell
4426.25,-2820.75,0,Tcell
4540.75,-2825.25,0,Tcell
4505.75,-2812.75,0,Tcell
4525.25,-2806.25,0,Tcell
4606.75,-2808.75,0,Tcell
4626.75,-2795.75,0,Tcell
4668.25,-2795.75,0,Tcell
4528.75,-2788.25,0,Tcell
4342.25,-2786.75,0,Tcell
4597.75,-2785.75,0,Tcell
4617.75,-2780.25,0,Tcell
4686.25,-2780.75,0,Tcell
4501.75,-2772.75,0,Tcell
4593.25,-2762.75,0,Tcell
4430.75,-2756.75,0,Tcell
4402.75,-2754.75,0,Tcell
4381.75,-2730.75,0,Tcell
4099.25,-2730.75,0,Tcell
4933.25,-3491.25,0,Tcell
4790.75,-3488.25,0,Tcell
4862.25,-3471.75,0,Tcell
4963.75,-3414.25,0,Tcell
4819.25,-3401.25,0,Tcell
4736.25,-3298.75,0,Tcell
4742.25,-3244.75,0,Tcell
5160.25,-3234.75,0,Tcell
5172.75,-3198.75,0,Tcell
4855.25,-3135.75,0,Tcell
4767.25,-3119.25,0,Tcell
4728.75,-3112.25,0,Tcell
4729.25,-3078.25,0,Tcell
4753.75,-3075.25,0,Tcell
5179.75,-3031.25,0,Tcell
4862.25,-2993.25,0,Tcell
5311.25,-2971.25,0,Tcell
5467.75,-2966.25,0,Tcell
4802.25,-2934.25,0,Tcell
5241.75,-2914.75,0,Tcell
5398.25,-2891.25,0,Tcell
4816.75,-2890.25,0,Tcell
5387.25,-2883.75,0,Tcell
4716.75,-2887.75,0,Tcell
5381.25,-2871.25,0,Tcell
5491.75,-2861.75,0,Tcell
4923.75,-2862.25,0,Tcell
4731.25,-2837.25,0,Tcell
4834.25,-2840.25,0,Tcell
5000.75,-2834.25,0,Tcell
5251.25,-2832.75,0,Tcell
5033.75,-2809.25,0,Tcell
4866.25,-2800.25,0,Tcell
4897.25,-2796.75,0,Tcell
4733.25,-2789.25,0,Tcell
5481.25,-2751.75,0,Tcell
5486.25,-2733.75,0,Tcell
5318.75,-2728.25,0,Tcell
4806.75,-2699.75,0,Tcell
4977.25,-2694.25,0,Tcell
5499.25,-2630.25,0,Tcell
4966.75,-2627.25,0,Tcell
4937.75,-2615.75,0,Tcell
5212.25,-2601.25,0,Tcell
5172.75,-2579.25,0,Tcell
5064.75,-2555.75,0,Tcell
5433.75,-2513.75,0,Tcell
4722.25,-2495.25,0,Tcell
4742.75,-2480.75,0,Tcell
4722.25,-2469.25,0,Tcell
5506.75,-2430.25,0,Tcell
5085.75,-2428.25,0,Tcell
5302.75,-2384.25,0,Tcell
4963.25,-2351.75,0,Tcell
5129.75,-2343.75,0,Tcell
4833.75,-2331.75,0,Tcell
5222.75,-2307.75,0,Tcell
5230.25,-2290.25,0,Tcell
4810.25,-2267.25,0,Tcell
4833.25,-2244.75,0,Tcell
4872.25,-2237.75,0,Tcell
4891.75,-2216.25,0,Tcell
4871.75,-2213.75,0,Tcell
5023.75,-2194.25,0,Tcell
4804.25,-2194.75,0,Tcell
4788.25,-2193.75,0,Tcell
4770.75,-2182.75,0,Tcell
5023.75,-2162.25,0,Tcell
5380.75,-2117.25,0,Tcell
4757.75,-2101.25,0,Tcell
4817.25,-2042.25,0,Tcell
4948.25,-2026.25,0,Tcell
5077.75,-2023.75,0,Tcell
4761.75,-2004.25,0,Tcell
5321.75,-2002.75,0,Tcell
5388.25,-1992.25,0,Tcell
5438.75,-1992.25,0,Tcell
4788.25,-1979.75,0,Tcell
5428.75,-1981.75,0,Tcell
5415.75,-1969.25,0,Tcell
5434.75,-1960.75,0,Tcell
4797.75,-1962.75,0,Tcell
4757.75,-1961.25,0,Tcell
4896.75,-1946.75,0,Tcell
5323.75,-1941.75,0,Tcell
4837.25,-1936.25,0,Tcell
4786.25,-1933.75,0,Tcell
5078.75,-1931.25,0,Tcell
5257.75,-1898.25,0,Tcell
5299.75,-1888.75,0,Tcell
4740.75,-1871.25,0,Tcell
5129.75,-1856.25,0,Tcell
4719.75,-1842.75,0,Tcell
5120.25,-1837.25,0,Tcell
5076.25,-1828.75,0,Tcell
5110.25,-1818.25,0,Tcell
4719.75,-1805.75,0,Tcell
5192.75,-1807.25,0,Tcell
5005.25,-1802.75,0,Tcell
5267.75,-1798.75,0,Tcell
4866.75,-1795.25,0,Tcell
5250.25,-1795.75,0,Tcell
5188.25,-1792.75,0,Tcell
4865.25,-1761.75,0,Tcell
4879.25,-1756.25,0,Tcell
5011.75,-1753.75,0,Tcell
4990.25,-1751.75,0,Tcell
5046.25,-1728.75,0,Tcell
4995.75,-1729.25,0,Tcell
5026.75,-1733.25,0,Tcell
4801.75,-1724.25,0,Tcell
5003.75,-1719.25,0,Tcell
4920.75,-1713.25,0,Tcell
4810.25,-1711.75,0,Tcell
4947.75,-1706.25,0,Tcell
5059.25,-1699.75,0,Tcell
4965.75,-1694.75,0,Tcell
4983.25,-1692.25,0,Tcell
5007.75,-1662.75,0,Tcell
4985.75,-1655.25,0,Tcell
5009.25,-1645.25,0,Tcell
4895.75,-1628.75,0,Tcell
4761.75,-1579.25,0,Tcell
4860.75,-1469.25,0,Tcell
4852.75,-1436.75,0,Tcell
4851.75,-1365.75,0,Tcell
4774.25,-1363.75,0,Tcell
4547.25,-2714.25,0,Tcell
4482.75,-2704.75,0,Tcell
4621.75,-2706.25,0,Tcell
4458.75,-2704.75,0,Tcell
4258.75,-2659.25,0,Tcell
4694.25,-2660.75,0,Tcell
4225.25,-2657.25,0,Tcell
4127.75,-2654.75,0,Tcell
4301.25,-2653.75,0,Tcell
4452.25,-2642.25,0,Tcell
4680.25,-2642.75,0,Tcell
4700.25,-2642.25,0,Tcell
4486.25,-2635.75,0,Tcell
4689.75,-2629.75,0,Tcell
4470.75,-2629.25,0,Tcell
4570.25,-2611.25,0,Tcell
4420.75,-2604.75,0,Tcell
4703.75,-2608.25,0,Tcell
4212.75,-2586.25,0,Tcell
4473.75,-2583.75,0,Tcell
4007.25,-2575.25,0,Tcell
4501.75,-2574.75,0,Tcell
4569.25,-2573.25,0,Tcell
4687.25,-2567.25,0,Tcell
4430.25,-2569.25,0,Tcell
4092.75,-2570.25,0,Tcell
4408.75,-2570.25,0,Tcell
4032.75,-2559.75,0,Tcell
4615.75,-2556.75,0,Tcell
4389.75,-2559.25,0,Tcell
4069.75,-2554.25,0,Tcell
4425.75,-2540.75,0,Tcell
4583.75,-2535.25,0,Tcell
4453.25,-2525.75,0,Tcell
4564.75,-2528.25,0,Tcell
4651.75,-2526.25,0,Tcell
4182.75,-2520.75,0,Tcell
4398.25,-2514.75,0,Tcell
4365.25,-2510.25,0,Tcell
4097.25,-2507.75,0,Tcell
4650.25,-2508.25,0,Tcell
4124.75,-2503.75,0,Tcell
4586.75,-2502.25,0,Tcell
4492.75,-2497.75,0,Tcell
4611.75,-2498.25,0,Tcell
4393.75,-2489.75,0,Tcell
4369.25,-2484.75,0,Tcell
4185.75,-2488.25,0,Tcell
4409.25,-2484.75,0,Tcell
4348.25,-2483.25,0,Tcell
4695.25,-2478.75,0,Tcell
4336.75,-2466.25,0,Tcell
4136.25,-2472.25,0,Tcell
4065.75,-2464.75,0,Tcell
4398.25,-2469.25,0,Tcell
4425.75,-2447.75,0,Tcell
4404.75,-2453.25,0,Tcell
4594.25,-2439.75,0,Tcell
4538.25,-2434.25,0,Tcell
4384.75,-2429.75,0,Tcell
4674.25,-2419.75,0,Tcell
4127.25,-2416.25,0,Tcell
4145.25,-2415.75,0,Tcell
4049.75,-2413.75,0,Tcell
4502.75,-2412.25,0,Tcell
4346.25,-2404.75,0,Tcell
4521.75,-2401.75,0,Tcell
4377.75,-2405.75,0,Tcell
4141.25,-2398.75,0,Tcell
4181.25,-2393.25,0,Tcell
4374.75,-2384.25,0,Tcell
3990.25,-2380.25,0,Tcell
4588.75,-2377.25,0,Tcell
4292.75,-2373.25,0,Tcell
4634.25,-2365.25,0,Tcell
4663.25,-2366.75,0,Tcell
4270.75,-2362.75,0,Tcell
4676.25,-2354.25,0,Tcell
4468.75,-2355.75,0,Tcell
4248.75,-2353.25,0,Tcell
4592.75,-2357.25,0,Tcell
4567.75,-2353.25,0,Tcell
4557.75,-2342.25,0,Tcell
4096.75,-2331.75,0,Tcell
4291.75,-2323.25,0,Tcell
4615.75,-2327.75,0,Tcell
4071.75,-2327.25,0,Tcell
4678.75,-2322.25,0,Tcell
4648.75,-2318.75,0,Tcell
4461.25,-2319.75,0,Tcell
4066.75,-2311.25,0,Tcell
4675.25,-2306.25,0,Tcell
4262.75,-2306.75,0,Tcell
4450.25,-2301.25,0,Tcell
4304.25,-2292.25,0,Tcell
4027.25,-2292.25,0,Tcell
4379.75,-2293.25,0,Tcell
4545.75,-2287.25,0,Tcell
4446.75,-2282.25,0,Tcell
4625.75,-2284.75,0,Tcell
4369.25,-2279.75,0,Tcell
4572.25,-2276.75,0,Tcell
4551.25,-2271.75,0,Tcell
4385.75,-2267.25,0,Tcell
4458.75,-2266.25,0,Tcell
4311.75,-2260.75,0,Tcell
4620.25,-2258.25,0,Tcell
4636.75,-2250.75,0,Tcell
4054.75,-2235.25,0,Tcell
3923.25,-2185.75,0,Tcell
4239.25,-2181.75,0,Tcell
4561.75,-2183.25,0,Tcell
4607.25,-2171.75,0,Tcell
4359.25,-2166.25,0,Tcell
3989.25,-2164.25,0,Tcell
4632.25,-2156.25,0,Tcell
4550.75,-2125.25,0,Tcell
4640.75,-2124.75,0,Tcell
4707.75,-2116.75,0,Tcell
4706.25,-2101.25,0,Tcell
4497.25,-2093.75,0,Tcell
3958.75,-2009.75,0,Tcell
4685.25,-2009.25,0,Tcell
3980.75,-1995.25,0,Tcell
4552.25,-1997.75,0,Tcell
4236.75,-1979.75,0,Tcell
4541.75,-1977.25,0,Tcell
4555.75,-1977.75,0,Tcell
3976.75,-1952.25,0,Tcell
4467.25,-1948.25,0,Tcell
4550.25,-1945.25,0,Tcell
4643.25,-1935.75,0,Tcell
3969.75,-1931.25,0,Tcell
4507.25,-1031.25,0,Tcell
3949.25,-1920.25,0,Tcell
4465.75,-1913.75,0,Tcell
4713.75,-1897.25,0,Tcell
4630.25,-1820.25,0,Tcell
4649.25,-1819.75,0,Tcell
4661.75,-1806.25,0,Tcell
4273.75,-1788.25,0,Tcell
4712.75,-1784.25,0,Tcell
4274.75,-1769.25,0,Tcell
4654.25,-1640.75,0,Tcell
4637.25,-1634.25,0,Tcell
4245.25,-1620.25,0,Tcell
3929.25,-1608.25,0,Tcell
4585.25,-1568.75,0,Tcell
4300.25,-1555.75,0,Tcell
4294.25,-1538.75,0,Tcell
4281.25,-1538.25,0,Tcell
4579.25,-1398.25,0,Tcell
4405.75,-1207.25,0,Tcell
4408.75,-1188.25,0,Tcell
4606.25,-1165.25,0,Tcell
-4541.75,1984.25,0,Tcell
-4557.25,1996.25,0,Tcell
-4624.25,2026.75,0,Tcell
-4097.75,2054.75,0,Tcell
-3989.75,1687.75,0,Tcell
-3932.25,1731.25,0,Tcell
-3847.75,1763.75,0,Tcell
-3947.75,1861.25,0,Tcell
-4900.25,2233.25,0,Tcell
-5122.75,2278.75,0,Tcell
-4973.25,2453.75,0,Tcell
-4921.75,2453.75,0,Tcell
-4937.75,2636.75,0,Tcell
-5075.75,2767.25,0,Tcell
-4602.25,2125.75,0,Tcell
-4175.25,2133.25,0,Tcell
-4882.25,2171.75,0,Tcell
-4695.25,2182.75,0,Tcell
-4835.75,2199.25,0,Tcell
-4285.75,2204.75,0,Tcell
-4852.75,2200.25,0,Tcell
-4861.75,2210.25,0,Tcell
-4721.75,2216.25,0,Tcell
-4707.75,2219.25,0,Tcell
-4608.25,2227.25,0,Tcell
-4694.25,2241.75,0,Tcell
-4854.75,2246.25,0,Tcell
-4712.75,2246.25,0,Tcell
-4702.75,2260.75,0,Tcell
-4787.75,2347.25,0,Tcell
-4110.25,2406.75,0,Tcell
-4364.25,2409.75,0,Tcell
-4618.25,2461.25,0,Tcell
-4652.75,2477.25,0,Tcell
-4747.75,2546.25,0,Tcell
-4857.75,2592.75,0,Tcell
-4692.75,2593.75,0,Tcell
-4305.75,2664.25,0,Tcell
-4202.75,2667.25,0,Tcell
-4147.25,2708.75,0,Tcell
-4361.25,2732.25,0,Tcell
-4087.25,2770.75,0,Tcell
-4162.25,2834.75,0,Tcell
-4118.25,2848.25,0,Tcell
-4166.75,2861.25,0,Tcell
-4078.25,2239.75,0,Tcell
-4041.25,2289.25,0,Tcell
-3942.25,2297.75,0,Tcell
-3747.75,2339.75,0,Tcell
-4005.25,2428.75,0,Tcell
-4004.25,2450.25,0,Tcell
-3517.25,2463.25,0,Tcell
-3917.25,2467.25,0,Tcell
-3496.25,2523.75,0,Tcell
-4050.75,2534.75,0,Tcell
-3521.75,2547.75,0,Tcell
-3504.75,2547.75,0,Tcell
-4037.75,2597.25,0,Tcell
-4021.75,2597.75,0,Tcell
-4040.75,2622.75,0,Tcell
-4025.75,2623.75,0,Tcell
-4056.25,2638.75,0,Tcell
-4037.75,2647.25,0,Tcell
-3968.25,2646.25,0,Tcell
-3953.75,2652.75,0,Tcell
-3313.75,2651.75,0,Tcell
-4029.25,2671.25,0,Tcell
-4079.25,2675.25,0,Tcell
-3900.75,2679.25,0,Tcell
-3318.25,2719.25,0,Tcell
-3928.25,2721.25,0,Tcell
-4020.75,2738.75,0,Tcell
-3729.75,2744.75,0,Tcell
-4037.25,2746.75,0,Tcell
-3975.75,2748.75,0,Tcell
-4084.25,2760.25,0,Tcell
-3948.75,2757.75,0,Tcell
-4002.75,2761.75,0,Tcell
-3987.75,2760.25,0,Tcell
-3931.75,2771.75,0,Tcell
-3966.25,2770.25,0,Tcell
-3990.25,2772.25,0,Tcell
-3948.75,2774.25,0,Tcell
-3814.75,2789.25,0,Tcell
-3991.25,2790.75,0,Tcell
-3646.75,2791.75,0,Tcell
-3966.25,2798.25,0,Tcell
-3940.25,2800.25,0,Tcell
-3990.75,2808.25,0,Tcell
-3905.75,2807.25,0,Tcell
-3925.25,2813.75,0,Tcell
-3853.25,2810.75,0,Tcell
-3969.25,2826.25,0,Tcell
-3904.75,2830.25,0,Tcell
-3942.25,2830.25,0,Tcell
-3835.75,2833.25,0,Tcell
-3996.75,2846.75,0,Tcell
-3955.25,2852.25,0,Tcell
-3933.75,2851.25,0,Tcell
-4040.75,2857.75,0,Tcell
-3978.75,2859.75,0,Tcell
-3628.25,2859.25,0,Tcell
-3969.25,2868.25,0,Tcell
-3956.25,2871.75,0,Tcell
-3882.25,2874.25,0,Tcell
-3184.75,2654.75,0,Tcell
-3118.75,2672.25,0,Tcell
-3162.75,2737.75,0,Tcell
-3226.75,2739.25,0,Tcell
-3051.75,2858.25,0,Tcell
-5091.75,2895.75,0,Tcell
-5172.25,3091.75,0,Tcell
-5075.25,3098.75,0,Tcell
-5249.25,3115.25,0,Tcell
-5314.25,3545.75,0,Tcell
-4088.25,2916.25,0,Tcell
-4201.75,2915.25,0,Tcell
-4104.75,2925.25,0,Tcell
-4212.25,2923.75,0,Tcell
-4524.25,3013.75,0,Tcell
-4420.25,3042.25,0,Tcell
-4443.75,3075.25,0,Tcell
-4120.25,3280.75,0,Tcell
-4154.25,3406.75,0,Tcell
-4262.25,3531.75,0,Tcell
-4842.75,3581.25,0,Tcell
-3924.25,2875.75,0,Tcell
-3846.75,2877.75,0,Tcell
-3744.75,2885.25,0,Tcell
-3868.75,2892.25,0,Tcell
-3767.25,2891.25,0,Tcell
-3945.75,2902.25,0,Tcell
-3921.75,2905.25,0,Tcell
-3880.75,2904.25,0,Tcell
-4005.25,2912.75,0,Tcell
-3967.75,2911.75,0,Tcell
-4028.25,2910.75,0,Tcell
-4044.25,2915.75,0,Tcell
-3834.25,2921.25,0,Tcell
-3849.75,2930.25,0,Tcell
-3873.25,2934.75,0,Tcell
-3898.25,2941.25,0,Tcell
-4058.75,2952.25,0,Tcell
-3869.75,2955.25,0,Tcell
-3896.75,2959.75,0,Tcell
-4014.25,2961.25,0,Tcell
-3828.25,2969.75,0,Tcell
-3851.25,2979.25,0,Tcell
-4027.75,2978.25,0,Tcell
-4000.25,2979.75,0,Tcell
-3859.25,3001.75,0,Tcell
-4019.25,3011.75,0,Tcell
-4033.25,3027.75,0,Tcell
-3973.75,3032.75,0,Tcell
-3919.25,3046.75,0,Tcell
-3984.25,3047.75,0,Tcell
-3851.25,3056.25,0,Tcell
-3867.25,3053.75,0,Tcell
-3381.25,3085.25,0,Tcell
-3994.75,3085.75,0,Tcell
-4032.25,3086.75,0,Tcell
-4012.75,3085.75,0,Tcell
-3936.25,3120.25,0,Tcell
-3980.75,3129.25,0,Tcell
-3858.25,3144.75,0,Tcell
-3932.25,3172.75,0,Tcell
-3913.75,3183.25,0,Tcell
-3850.25,3207.25,0,Tcell
-3827.25,3308.25,0,Tcell
-3957.25,3371.25,0,Tcell
-4041.75,3442.25,0,Tcell
5066.75,-3670.25,0,TU
5100.75,-3624.25,0,TU
5079.25,-3615.75,0,TU
5077.75,-3593.75,0,TU
5138.75,-3578.75,0,TU
5068.25,-3578.25,0,TU
5101.25,-3578.25,0,TU
5087.25,-3571.25,0,TU
5205.75,-3568.75,0,TU
5029.25,-3565.25,0,TU
4997.75,-3561.25,0,TU
4834.75,-3560.25,0,TU
5071.75,-3560.25,0,TU
5095.25,-3556.75,0,TU
4960.75,-3556.25,0,TU
5049.75,-3540.75,0,TU
5003.75,-3540.25,0,TU
4926.25,-3527.75,0,TU
5229.75,-3524.75,0,TU
5168.75,-3518.75,0,TU
4835.25,-3516.75,0,TU
4961.25,-3515.25,0,TU
5182.75,-3507.75,0,TU
5029.25,-3503.75,0,TU
5098.75,-3499.75,0,TU
5152.25,-3497.25,0,TU
5046.25,-3492.25,0,TU
4979.25,-3488.75,0,TU
5190.75,-3486.75,0,TU
5162.75,-3481.25,0,TU
4789.75,-3480.25,0,TU
5005.75,-3472.25,0,TU
5030.25,-3468.75,0,TU
5052.75,-3465.25,0,TU
4928.25,-3450.25,0,TU
4961.75,-3447.75,0,TU
5277.25,-3417.75,0,TU
4971.75,-3414.25,0,TU
4780.25,-3411.75,0,TU
5026.25,-3411.25,0,TU
5176.25,-3410.75,0,TU
4916.25,-3407.25,0,TU
5053.25,-3403.75,0,TU
5244.75,-3400.25,0,TU
5213.25,-3395.75,0,TU
4951.75,-3389.75,0,TU
5017.75,-3389.75,0,TU
5033.25,-3389.25,0,TU
5172.75,-3379.75,0,TU
5141.25,-3373.75,0,TU
5014.25,-3364.75,0,TU
4857.25,-3345.25,0,TU
5191.25,-3343.25,0,TU
5006.75,-3335.25,0,TU
4974.75,-3334.75,0,TU
5230.75,-3331.75,0,TU
5285.25,-3325.25,0,TU
4894.75,-3321.75,0,TU
4999.25,-3319.25,0,TU
5192.75,-3317.25,0,TU
5294.75,-3313.25,0,TU
5246.75,-3312.75,0,TU
5314.25,-3309.25,0,TU
5337.75,-3306.75,0,TU
5207.75,-3301.75,0,TU
5261.75,-3297.75,0,TU
5420.75,-3297.25,0,TU
5004.25,-3295.75,0,TU
4938.25,-3294.25,0,TU
5297.25,-3294.25,0,TU
5397.75,-3292.25,0,TU
4919.25,-3285.25,0,TU
5239.25,-3284.75,0,TU
5329.25,-3278.25,0,TU
4699.75,-3277.25,0,TU
5415.25,-3272.75,0,TU
5290.75,-3269.75,0,TU
5189.75,-3267.25,0,TU
5258.25,-3265.25,0,TU
5319.25,-3258.25,0,TU
5229.25,-3255.75,0,TU
5031.75,-3250.25,0,TU
5182.25,-3249.25,0,TU
5423.25,-3246.25,0,TU
5204.25,-3242.25,0,TU
5479.75,-3241.75,0,TU
4530.75,-3234.25,0,TU
5448.75,-3230.75,0,TU
5365.75,-3228.75,0,TU
4342.25,-3220.25,0,TU
5195.25,-3218.75,0,TU
5232.25,-3218.25,0,TU
5427.75,-3216.75,0,TU
5023.25,-3216.25,0,TU
4621.75,-3213.25,0,TU
5261.25,-3211.25,0,TU
5477.75,-3208.25,0,TU
4633.75,-3205.25,0,TU
5172.75,-3203.75,0,TU
4731.75,-3203.75,0,TU
5498.25,-3201.75,0,TU
5344.75,-3201.25,0,TU
5363.75,-3198.75,0,TU
5147.25,-3197.25,0,TU
5187.75,-3197.25,0,TU
5426.75,-3195.25,0,TU
5381.25,-3193.75,0,TU
5287.25,-3192.75,0,TU
5508.75,-3184.75,0,TU
5015.75,-3181.25,0,TU
5114.75,-3180.75,0,TU
4254.75,-3178.25,0,TU
5224.75,-3177.75,0,TU
4618.25,-3176.25,0,TU
4293.25,-3175.75,0,TU
5152.25,-3174.75,0,TU
4507.75,-3172.75,0,TU
5425.75,-3167.25,0,TU
4097.75,-3165.75,0,TU
4250.25,-3163.75,0,TU
4989.25,-3161.75,0,TU
5381.75,-3158.25,0,TU
5138.75,-3156.75,0,TU
4496.25,-3156.25,0,TU
4290.75,-3154.75,0,TU
4137.25,-3154.75,0,TU
4468.75,-3153.25,0,TU
5395.75,-3151.75,0,TU
5161.25,-3148.75,0,TU
4670.25,-3148.25,0,TU
4827.25,-3147.25,0,TU
4253.25,-3145.75,0,TU
4613.75,-3144.25,0,TU
5418.25,-3143.75,0,TU
4954.25,-3142.25,0,TU
4086.25,-3141.75,0,TU
4491.75,-3141.75,0,TU
5397.75,-3141.25,0,TU
4763.25,-3140.25,0,TU
4511.75,-3140.25,0,TU
4987.75,-3137.25,0,TU
4360.25,-3136.75,0,TU
4228.75,-3135.25,0,TU
4246.25,-3133.75,0,TU
4278.75,-3132.75,0,TU
4297.25,-3130.25,0,TU
5310.75,-3129.75,0,TU
4326.25,-3127.25,0,TU
5444.25,-3123.25,0,TU
4215.75,-3120.75,0,TU
4184.75,-3118.75,0,TU
4057.25,-3118.25,0,TU
4528.75,-3117.75,0,TU
5413.75,-3117.75,0,TU
5225.75,-3117.25,0,TU
4386.25,-3116.25,0,TU
4126.25,-3115.75,0,TU
5201.75,-3114.25,0,TU
5395.75,-3112.75,0,TU
4344.75,-3112.25,0,TU
5337.25,-3111.25,0,TU
4235.25,-3111.25,0,TU
4658.25,-3110.75,0,TU
4860.25,-3109.75,0,TU
4103.75,-3109.75,0,TU
5263.75,-3106.75,0,TU
4173.75,-3105.25,0,TU
4310.25,-3103.25,0,TU
4282.25,-3100.75,0,TU
4446.75,-3099.25,0,TU
5098.75,-3099.25,0,TU
4628.75,-3096.75,0,TU
5399.75,-3095.25,0,TU
4201.75,-3093.75,0,TU
4089.25,-3091.25,0,TU
5493.75,-3090.75,0,TU
4153.25,-3089.75,0,TU
5291.75,-3086.75,0,TU
4419.25,-3086.25,0,TU
5269.75,-3085.75,0,TU
4225.25,-3085.25,0,TU
5337.75,-3083.75,0,TU
4124.75,-3083.25,0,TU
5446.75,-3080.75,0,TU
5253.25,-3080.25,0,TU
5473.25,-3079.25,0,TU
4243.75,-3077.25,0,TU
5527.25,-3076.25,0,TU
5408.25,-3076.25,0,TU
5319.75,-3075.25,0,TU
5360.75,-3074.75,0,TU
5389.75,-3074.25,0,TU
4302.25,-3074.25,0,TU
5505.75,-3074.25,0,TU
4591.75,-3072.25,0,TU
5299.75,-3069.75,0,TU
4200.25,-3068.25,0,TU
4409.25,-3068.25,0,TU
4459.25,-3067.75,0,TU
4174.75,-3066.75,0,TU
4272.25,-3063.25,0,TU
4225.25,-3059.75,0,TU
5203.75,-3057.75,0,TU
5373.75,-3057.25,0,TU
5284.75,-3056.75,0,TU
4298.25,-3054.25,0,TU
4101.75,-3054.25,0,TU
4456.25,-3054.25,0,TU
5224.75,-3053.25,0,TU
5334.75,-3051.75,0,TU
4366.25,-3051.75,0,TU
4394.25,-3050.75,0,TU
4999.75,-3050.75,0,TU
4514.25,-3048.75,0,TU
4342.25,-3048.25,0,TU
5058.75,-3046.25,0,TU
5132.75,-3046.25,0,TU
5509.25,-3044.75,0,TU
5096.75,-3043.75,0,TU
5392.25,-3043.75,0,TU
5343.75,-3043.25,0,TU
4190.75,-3042.75,0,TU
5522.75,-3042.25,0,TU
4464.75,-3041.75,0,TU
4137.75,-3040.75,0,TU
4491.75,-3039.25,0,TU
5430.75,-3039.25,0,TU
5413.25,-3037.75,0,TU
5110.25,-3035.75,0,TU
4079.25,-3035.75,0,TU
4160.75,-3032.25,0,TU
5375.75,-3031.25,0,TU
5494.25,-3030.25,0,TU
5143.25,-3029.75,0,TU
4029.25,-3029.75,0,TU
4465.25,-3029.25,0,TU
4176.25,-3028.25,0,TU
5234.25,-3027.75,0,TU
4297.75,-3024.75,0,TU
5519.75,-3021.75,0,TU
4399.25,-3019.75,0,TU
5437.25,-3018.75,0,TU
4550.75,-3018.25,0,TU
4330.75,-3018.25,0,TU
4371.25,-3017.75,0,TU
4209.25,-3016.75,0,TU
5417.75,-3016.75,0,TU
4143.25,-3014.75,0,TU
5118.25,-3014.75,0,TU
3984.75,-3013.75,0,TU
5510.25,-3011.25,0,TU
5489.25,-3011.25,0,TU
5443.25,-3009.75,0,TU
5532.75,-3007.25,0,TU
4170.25,-3006.75,0,TU
5560.25,-3006.25,0,TU
5406.75,-3005.75,0,TU
5268.75,-3005.75,0,TU
4478.25,-3005.75,0,TU
3941.25,-3005.25,0,TU
5378.75,-3004.75,0,TU
4181.75,-3000.25,0,TU
3969.75,-2998.25,0,TU
4050.25,-2997.25,0,TU
5482.75,-2996.25,0,TU
5296.75,-2995.75,0,TU
4013.75,-2995.25,0,TU
5427.25,-2994.75,0,TU
4138.25,-2993.75,0,TU
5399.25,-2993.25,0,TU
5446.25,-2992.25,0,TU
5537.25,-2991.75,0,TU
4857.75,-2991.75,0,TU
4308.25,-2989.25,0,TU
4109.25,-2984.75,0,TU
5460.75,-2983.75,0,TU
4495.25,-2980.75,0,TU
3902.75,-2978.75,0,TU
4259.75,-2976.75,0,TU
5299.75,-2974.75,0,TU
4500.75,-2973.75,0,TU
5502.75,-2971.75,0,TU
5169.25,-2971.25,0,TU
5280.75,-2970.25,0,TU
5366.25,-2968.75,0,TU
5091.75,-2968.25,0,TU
3952.75,-2968.25,0,TU
4097.75,-2967.25,0,TU
3888.75,-2966.25,0,TU
5538.25,-2965.75,0,TU
5381.75,-2965.75,0,TU
4129.25,-2965.25,0,TU
4078.75,-2963.25,0,TU
3865.75,-2962.75,0,TU
4445.75,-2962.25,0,TU
4350.75,-2958.75,0,TU
5436.25,-2958.25,0,TU
3842.25,-2958.25,0,TU
4174.75,-2958.25,0,TU
4234.75,-2957.75,0,TU
5474.75,-2957.75,0,TU
4539.25,-2956.75,0,TU
4195.25,-2956.25,0,TU
4461.75,-2955.75,0,TU
4507.25,-2955.25,0,TU
3823.25,-2954.25,0,TU
5319.75,-2954.25,0,TU
5587.75,-2952.75,0,TU
4592.75,-2949.75,0,TU
5488.75,-2946.25,0,TU
5520.25,-2945.75,0,TU
3859.75,-2945.25,0,TU
4039.75,-2945.25,0,TU
4007.75,-2943.75,0,TU
5256.25,-2943.25,0,TU
5441.75,-2942.25,0,TU
5279.25,-2941.25,0,TU
4303.75,-2940.25,0,TU
5475.25,-2939.25,0,TU
3893.25,-2938.25,0,TU
4180.25,-2938.25,0,TU
3982.75,-2936.75,0,TU
4024.75,-2936.25,0,TU
3788.25,-2935.75,0,TU
3849.75,-2935.75,0,TU
3904.25,-2934.25,0,TU
4290.75,-2932.75,0,TU
3985.75,-2932.25,0,TU
4487.25,-2931.25,0,TU
4118.25,-2930.25,0,TU
3826.25,-2929.25,0,TU
4656.25,-2928.75,0,TU
5303.75,-2927.75,0,TU
4364.75,-2927.25,0,TU
5600.25,-2927.25,0,TU
4511.25,-2926.75,0,TU
4549.75,-2923.75,0,TU
4040.25,-2923.25,0,TU
4010.25,-2922.75,0,TU
5274.25,-2921.25,0,TU
3859.75,-2921.25,0,TU
3793.25,-2919.25,0,TU
5463.75,-2919.25,0,TU
5564.75,-2916.75,0,TU
5342.75,-2915.75,0,TU
5257.25,-2915.25,0,TU
4192.75,-2914.75,0,TU
5391.75,-2913.25,0,TU
5296.75,-2912.75,0,TU
3878.25,-2909.25,0,TU
3766.75,-2909.25,0,TU
5133.75,-2909.25,0,TU
5229.75,-2907.75,0,TU
3745.75,-2907.25,0,TU
3833.25,-2906.25,0,TU
4006.25,-2904.75,0,TU
3865.75,-2903.25,0,TU
4820.75,-2901.75,0,TU
4058.25,-2900.75,0,TU
4365.75,-2897.25,0,TU
3846.25,-2896.75,0,TU
3810.75,-2895.75,0,TU
4138.25,-2894.75,0,TU
4526.75,-2894.25,0,TU
5293.75,-2894.25,0,TU
4018.75,-2894.25,0,TU
5422.75,-2893.25,0,TU
4101.75,-2892.25,0,TU
5172.75,-2891.75,0,TU
4409.75,-2891.75,0,TU
5246.25,-2889.75,0,TU
4393.25,-2887.25,0,TU
3734.75,-2886.75,0,TU
4066.75,-2886.25,0,TU
4361.25,-2885.25,0,TU
5314.75,-2884.25,0,TU
5155.75,-2883.75,0,TU
3859.25,-2882.25,0,TU
3828.25,-2881.75,0,TU
3787.25,-2881.75,0,TU
5264.75,-2881.25,0,TU
4006.25,-2881.25,0,TU
3807.75,-2880.25,0,TU
4118.75,-2879.75,0,TU
5196.25,-2877.75,0,TU
5348.25,-2877.75,0,TU
3884.75,-2877.25,0,TU
5518.75,-2872.75,0,TU
4820.25,-2872.25,0,TU
3724.75,-2871.75,0,TU
4257.75,-2870.25,0,TU
5136.25,-2870.25,0,TU
3992.25,-2869.75,0,TU
4640.25,-2868.75,0,TU
5296.75,-2866.75,0,TU
3823.75,-2866.25,0,TU
5448.75,-2866.25,0,TU
4053.25,-2866.25,0,TU
5358.75,-2862.25,0,TU
3810.25,-2859.75,0,TU
3836.25,-2858.25,0,TU
3787.25,-2856.75,0,TU
4077.75,-2856.25,0,TU
4482.75,-2856.25,0,TU
5263.75,-2855.25,0,TU
5590.25,-2854.75,0,TU
4112.25,-2854.75,0,TU
3872.75,-2854.25,0,TU
3762.25,-2853.75,0,TU
5053.75,-2852.25,0,TU
4376.25,-2850.75,0,TU
5292.25,-2849.75,0,TU
4938.25,-2849.25,0,TU
5346.25,-2848.75,0,TU
4558.75,-2848.75,0,TU
5124.75,-2848.25,0,TU
4415.25,-2847.25,0,TU
5381.75,-2845.25,0,TU
5204.25,-2843.75,0,TU
3879.75,-2842.25,0,TU
3899.25,-2841.25,0,TU
3800.25,-2840.25,0,TU
5263.25,-2839.25,0,TU
4453.75,-2838.25,0,TU
4076.75,-2837.25,0,TU
5105.25,-2837.25,0,TU
3732.75,-2834.25,0,TU
5180.25,-2834.25,0,TU
3840.75,-2833.75,0,TU
4262.75,-2831.75,0,TU
5207.75,-2831.75,0,TU
4698.75,-2831.75,0,TU
5260.25,-2830.25,0,TU
4044.25,-2829.75,0,TU
4855.25,-2827.75,0,TU
3765.25,-2826.75,0,TU
3915.75,-2825.25,0,TU
5595.25,-2824.25,0,TU
4161.25,-2822.75,0,TU
4196.75,-2821.25,0,TU
4107.75,-2821.25,0,TU
5375.75,-2820.25,0,TU
5296.25,-2819.25,0,TU
5570.75,-2818.75,0,TU
4838.75,-2818.75,0,TU
4128.75,-2816.25,0,TU
4401.25,-2815.75,0,TU
3823.25,-2815.25,0,TU
3885.75,-2814.25,0,TU
5580.75,-2810.75,0,TU
3967.75,-2810.75,0,TU
3735.25,-2810.75,0,TU
4627.25,-2810.25,0,TU
4446.75,-2808.75,0,TU
4305.25,-2808.25,0,TU
3709.75,-2807.25,0,TU
4263.75,-2805.25,0,TU
3916.25,-2803.75,0,TU
5395.75,-2800.75,0,TU
5224.75,-2799.75,0,TU
4328.75,-2798.25,0,TU
3686.25,-2796.75,0,TU
5354.25,-2796.75,0,TU
3878.75,-2796.25,0,TU
3978.75,-2795.75,0,TU
4687.25,-2795.75,0,TU
3801.75,-2795.25,0,TU
4834.75,-2794.25,0,TU
4468.75,-2793.75,0,TU
4714.25,-2793.75,0,TU
4453.25,-2790.75,0,TU
5272.75,-2790.75,0,TU
3767.75,-2789.25,0,TU
5206.25,-2787.25,0,TU
4509.25,-2786.25,0,TU
3952.75,-2784.25,0,TU
4278.25,-2783.75,0,TU
3661.75,-2782.75,0,TU
5587.75,-2781.75,0,TU
4159.75,-2780.75,0,TU
3827.75,-2780.25,0,TU
4343.25,-2779.25,0,TU
5484.75,-2778.25,0,TU
4406.25,-2778.25,0,TU
4315.75,-2776.25,0,TU
5449.25,-2775.75,0,TU
5376.75,-2775.75,0,TU
4535.75,-2775.25,0,TU
3875.25,-2773.25,0,TU
5397.25,-2773.25,0,TU
4956.25,-2772.75,0,TU
4691.25,-2771.25,0,TU
5281.75,-2771.25,0,TU
4447.75,-2769.25,0,TU
3887.25,-2768.25,0,TU
5576.75,-2767.75,0,TU
4008.25,-2767.25,0,TU
3802.75,-2765.25,0,TU
3747.25,-2762.75,0,TU
4929.75,-2761.75,0,TU
4570.25,-2761.75,0,TU
3727.25,-2761.25,0,TU
3822.25,-2759.75,0,TU
5195.75,-2759.75,0,TU
3768.75,-2759.25,0,TU
3997.25,-2759.25,0,TU
5350.25,-2759.25,0,TU
4428.75,-2758.75,0,TU
3973.25,-2757.75,0,TU
4319.25,-2757.75,0,TU
5369.75,-2756.75,0,TU
3923.25,-2756.75,0,TU
4151.25,-2756.25,0,TU
3910.25,-2756.25,0,TU
4040.25,-2755.75,0,TU
5410.75,-2755.25,0,TU
4947.75,-2754.25,0,TU
3693.75,-2746.25,0,TU
5389.75,-2742.25,0,TU
5158.25,-2739.75,0,TU
5188.75,-2736.75,0,TU
5417.75,-2736.75,0,TU
3934.75,-2734.75,0,TU
5403.25,-2733.75,0,TU
4546.75,-2733.25,0,TU
4292.25,-2732.75,0,TU
3993.75,-2732.75,0,TU
3604.25,-2731.75,0,TU
4663.25,-2731.25,0,TU
3821.75,-2730.75,0,TU
4212.75,-2729.75,0,TU
3702.25,-2729.25,0,TU
3768.75,-2728.75,0,TU
4171.75,-2725.25,0,TU
3899.75,-2724.75,0,TU
3930.25,-2724.25,0,TU
5370.25,-2722.75,0,TU
3743.25,-2720.75,0,TU
3962.25,-2717.75,0,TU
5624.25,-2717.25,0,TU
4250.25,-2716.25,0,TU
4421.75,-2710.25,0,TU
5679.25,-2709.25,0,TU
5250.75,-2707.25,0,TU
3772.25,-2707.25,0,TU
5289.75,-2704.75,0,TU
5138.25,-2703.75,0,TU
4216.25,-2702.75,0,TU
4237.75,-2701.75,0,TU
3896.75,-2701.75,0,TU
5383.25,-2701.75,0,TU
5657.75,-2699.75,0,TU
4420.75,-2698.25,0,TU
3812.25,-2697.75,0,TU
3937.25,-2696.75,0,TU
3922.75,-2696.25,0,TU
3788.25,-2696.25,0,TU
3741.75,-2696.25,0,TU
3955.25,-2695.75,0,TU
5634.25,-2695.25,0,TU
5613.25,-2692.25,0,TU
5400.25,-2689.25,0,TU
3619.75,-2688.75,0,TU
5061.25,-2688.25,0,TU
3845.75,-2688.25,0,TU
3995.75,-2687.25,0,TU
3757.25,-2686.25,0,TU
3683.25,-2685.25,0,TU
3643.75,-2684.75,0,TU
4151.25,-2683.25,0,TU
3599.75,-2682.75,0,TU
5173.25,-2682.25,0,TU
4907.25,-2681.75,0,TU
4235.25,-2681.25,0,TU
3725.75,-2680.75,0,TU
4441.75,-2680.25,0,TU
4416.25,-2679.75,0,TU
5145.75,-2679.75,0,TU
4030.25,-2679.75,0,TU
3776.25,-2679.75,0,TU
3976.75,-2679.25,0,TU
4312.25,-2677.75,0,TU
3921.75,-2677.75,0,TU
5426.25,-2677.25,0,TU
3938.75,-2677.25,0,TU
3811.25,-2676.25,0,TU
5439.25,-2675.75,0,TU
3961.25,-2674.25,0,TU
4222.75,-2673.75,0,TU
5381.75,-2671.25,0,TU
3928.25,-2670.75,0,TU
4273.25,-2669.25,0,TU
5105.25,-2668.25,0,TU
3999.75,-2667.25,0,TU
3883.75,-2667.25,0,TU
3699.25,-2666.75,0,TU
3789.75,-2665.75,0,TU
4192.75,-2665.75,0,TU
4063.75,-2665.25,0,TU
3684.25,-2664.25,0,TU
5159.75,-2663.25,0,TU
3648.75,-2660.75,0,TU
5607.75,-2660.25,0,TU
3935.25,-2658.75,0,TU
4321.75,-2657.25,0,TU
3770.75,-2656.75,0,TU
4505.25,-2656.25,0,TU
3806.25,-2655.25,0,TU
4439.75,-2654.75,0,TU
5235.75,-2653.75,0,TU
3665.25,-2653.25,0,TU
5418.25,-2652.75,0,TU
3581.75,-2652.75,0,TU
4231.75,-2651.25,0,TU
5391.25,-2649.25,0,TU
4142.75,-2648.75,0,TU
5199.25,-2648.75,0,TU
3923.75,-2647.25,0,TU
5222.25,-2646.25,0,TU
5257.75,-2643.75,0,TU
4491.25,-2643.25,0,TU
5140.25,-2642.25,0,TU
5168.25,-2639.25,0,TU
5333.25,-2638.25,0,TU
3813.75,-2636.75,0,TU
3794.75,-2636.25,0,TU
5278.75,-2636.25,0,TU
3905.25,-2635.75,0,TU
4549.75,-2635.75,0,TU
4006.75,-2635.75,0,TU
3710.75,-2634.25,0,TU
3578.75,-2631.75,0,TU
5238.25,-2630.75,0,TU
4185.75,-2628.25,0,TU
4439.25,-2624.75,0,TU
3748.25,-2624.75,0,TU
5261.75,-2624.75,0,TU
5145.25,-2624.75,0,TU
4457.75,-2623.25,0,TU
4485.25,-2621.25,0,TU
4113.25,-2616.25,0,TU
3787.75,-2615.75,0,TU
5428.75,-2615.25,0,TU
5295.25,-2614.25,0,TU
3917.25,-2612.75,0,TU
3726.25,-2610.75,0,TU
4423.25,-2609.25,0,TU
3681.25,-2608.25,0,TU
3816.25,-2607.75,0,TU
4272.75,-2607.25,0,TU
5478.75,-2604.75,0,TU
3958.75,-2604.25,0,TU
4499.75,-2603.75,0,TU
5271.75,-2603.25,0,TU
4376.25,-2602.25,0,TU
4536.25,-2602.25,0,TU
4090.75,-2601.75,0,TU
5239.75,-2599.75,0,TU
3764.25,-2598.75,0,TU
4467.75,-2597.25,0,TU
3836.75,-2596.25,0,TU
4604.25,-2595.75,0,TU
4119.25,-2595.25,0,TU
4830.25,-2593.75,0,TU
3586.25,-2593.25,0,TU
3906.75,-2593.25,0,TU
5312.75,-2590.75,0,TU
3867.25,-2590.25,0,TU
4137.25,-2588.75,0,TU
3676.25,-2588.25,0,TU
4529.25,-2588.25,0,TU
4449.75,-2584.75,0,TU
5494.25,-2584.25,0,TU
4416.25,-2584.25,0,TU
4797.75,-2583.75,0,TU
5222.25,-2581.75,0,TU
3819.75,-2579.75,0,TU
4119.75,-2579.25,0,TU
3906.75,-2577.75,0,TU
4097.75,-2577.25,0,TU
4620.75,-2576.25,0,TU
5271.25,-2574.75,0,TU
3796.25,-2573.75,0,TU
3966.75,-2573.25,0,TU
4005.25,-2571.25,0,TU
4869.75,-2570.75,0,TU
4133.75,-2569.75,0,TU
5325.25,-2568.75,0,TU
4984.75,-2567.75,0,TU
5443.25,-2566.75,0,TU
3917.25,-2563.25,0,TU
4241.75,-2562.25,0,TU
3775.25,-2562.25,0,TU
4038.75,-2561.75,0,TU
4137.25,-2559.75,0,TU
3752.25,-2557.25,0,TU
4903.25,-2554.75,0,TU
4996.75,-2552.25,0,TU
5456.25,-2550.75,0,TU
5471.25,-2549.75,0,TU
3600.75,-2549.75,0,TU
4310.75,-2549.25,0,TU
3796.25,-2549.25,0,TU
3600.75,-2548.75,0,TU
5333.75,-2547.75,0,TU
3488.75,-2547.75,0,TU
3855.25,-2547.25,0,TU
5274.75,-2546.75,0,TU
4036.75,-2545.75,0,TU
4212.25,-2545.25,0,TU
4596.25,-2544.75,0,TU
5432.75,-2542.75,0,TU
5417.75,-2539.25,0,TU
5374.75,-2537.75,0,TU
4080.75,-2537.25,0,TU
3818.25,-2535.25,0,TU
4328.25,-2533.75,0,TU
4424.25,-2530.75,0,TU
4878.25,-2530.25,0,TU
4278.25,-2528.75,0,TU
3485.25,-2528.75,0,TU
4908.25,-2527.75,0,TU
4101.75,-2526.25,0,TU
4258.75,-2525.75,0,TU
5283.75,-2525.25,0,TU
3581.25,-2523.75,0,TU
3470.75,-2523.25,0,TU
4852.25,-2523.25,0,TU
3668.25,-2522.75,0,TU
5008.25,-2521.25,0,TU
3638.25,-2520.75,0,TU
4518.75,-2520.75,0,TU
3687.75,-2519.75,0,TU
4569.25,-2514.25,0,TU
4328.75,-2512.75,0,TU
5088.75,-2512.25,0,TU
5059.75,-2510.25,0,TU
4211.75,-2509.25,0,TU
4979.25,-2508.75,0,TU
3549.25,-2507.25,0,TU
5004.75,-2506.25,0,TU
5404.25,-2505.75,0,TU
3465.75,-2504.75,0,TU
4448.75,-2503.75,0,TU
5214.25,-2503.25,0,TU
4244.75,-2502.25,0,TU
3658.25,-2500.25,0,TU
4506.25,-2499.75,0,TU
3540.25,-2499.25,0,TU
4968.75,-2499.25,0,TU
4868.75,-2498.75,0,TU
3701.75,-2497.75,0,TU
4481.25,-2496.25,0,TU
3798.75,-2496.25,0,TU
5421.75,-2491.75,0,TU
4376.25,-2491.75,0,TU
4515.25,-2491.25,0,TU
3465.75,-2489.75,0,TU
5461.25,-2488.25,0,TU
4957.25,-2487.75,0,TU
4069.75,-2482.75,0,TU
5289.75,-2482.25,0,TU
4808.25,-2482.25,0,TU
5221.75,-2481.25,0,TU
3444.25,-2479.25,0,TU
3468.75,-2477.75,0,TU
5407.25,-2476.75,0,TU
3680.75,-2473.75,0,TU
3532.25,-2473.25,0,TU
5198.25,-2472.75,0,TU
5057.75,-2470.25,0,TU
5018.75,-2470.25,0,TU
3429.75,-2468.75,0,TU
3564.75,-2468.75,0,TU
4483.25,-2465.75,0,TU
4294.75,-2465.25,0,TU
4513.25,-2463.25,0,TU
3768.75,-2462.25,0,TU
5210.25,-2461.25,0,TU
5276.75,-2461.25,0,TU
4431.75,-2459.75,0,TU
3820.25,-2458.75,0,TU
5398.25,-2458.25,0,TU
5232.25,-2458.25,0,TU
3395.25,-2456.25,0,TU
4534.25,-2456.25,0,TU
5305.25,-2454.25,0,TU
4232.25,-2453.75,0,TU
5014.25,-2452.25,0,TU
4846.75,-2447.25,0,TU
5260.25,-2447.25,0,TU
3349.75,-2446.75,0,TU
5369.75,-2445.25,0,TU
3823.25,-2444.25,0,TU
3801.25,-2443.75,0,TU
3235.75,-2443.25,0,TU
5209.75,-2439.75,0,TU
3224.25,-2439.25,0,TU
4057.75,-2439.25,0,TU
3461.75,-2438.75,0,TU
3703.75,-2436.75,0,TU
5278.75,-2435.25,0,TU
3486.75,-2434.75,0,TU
3583.75,-2430.75,0,TU
3651.75,-2428.75,0,TU
3434.75,-2428.75,0,TU
3651.25,-2428.25,0,TU
3734.75,-2427.25,0,TU
5217.25,-2426.75,0,TU
5026.25,-2426.25,0,TU
3215.25,-2425.75,0,TU
4435.75,-2424.25,0,TU
4059.75,-2423.25,0,TU
5234.75,-2421.75,0,TU
4160.25,-2420.75,0,TU
5287.75,-2420.75,0,TU
4033.75,-2419.75,0,TU
4001.25,-2419.25,0,TU
3853.75,-2417.75,0,TU
3829.25,-2417.75,0,TU
3195.75,-2417.25,0,TU
4636.25,-2416.75,0,TU
5309.25,-2416.25,0,TU
3466.75,-2415.25,0,TU
3675.25,-2413.75,0,TU
3238.25,-2413.25,0,TU
4839.75,-2413.25,0,TU
5331.75,-2412.25,0,TU
4494.25,-2412.25,0,TU
4866.25,-2411.25,0,TU
4317.25,-2409.75,0,TU
3637.75,-2409.75,0,TU
3977.25,-2408.25,0,TU
3204.75,-2408.25,0,TU
4949.75,-2407.75,0,TU
4459.75,-2407.25,0,TU
5266.75,-2406.25,0,TU
4096.75,-2406.25,0,TU
3916.75,-2405.75,0,TU
3407.25,-2403.25,0,TU
3481.75,-2402.75,0,TU
3974.75,-2401.25,0,TU
3855.75,-2399.25,0,TU
3433.25,-2397.25,0,TU
4196.25,-2397.25,0,TU
4044.75,-2396.75,0,TU
3900.25,-2393.75,0,TU
3222.25,-2393.25,0,TU
4584.25,-2393.25,0,TU
3947.25,-2393.25,0,TU
4891.75,-2392.75,0,TU
4602.75,-2392.25,0,TU
4163.25,-2392.25,0,TU
3447.75,-2391.75,0,TU
3385.25,-2391.25,0,TU
3620.25,-2391.25,0,TU
4060.25,-2390.25,0,TU
4003.25,-2389.25,0,TU
3875.75,-2388.75,0,TU
5013.25,-2387.75,0,TU
3668.75,-2387.25,0,TU
3668.25,-2387.25,0,TU
5330.75,-2384.75,0,TU
4200.25,-2384.25,0,TU
4495.75,-2384.25,0,TU
3853.75,-2383.25,0,TU
3465.25,-2378.75,0,TU
4556.25,-2377.75,0,TU
3523.75,-2377.75,0,TU
3816.75,-2375.75,0,TU
4339.75,-2374.75,0,TU
3303.75,-2371.25,0,TU
4580.25,-2370.75,0,TU
3913.25,-2368.25,0,TU
5196.25,-2368.25,0,TU
3861.75,-2363.75,0,TU
3935.75,-2360.75,0,TU
3812.75,-2360.25,0,TU
3789.75,-2358.25,0,TU
4407.75,-2356.25,0,TU
3643.25,-2355.75,0,TU
3686.25,-2354.25,0,TU
3686.25,-2354.25,0,TU
4898.25,-2353.25,0,TU
3387.25,-2347.75,0,TU
3823.75,-2347.75,0,TU
3897.25,-2347.25,0,TU
4828.25,-2346.25,0,TU
3139.25,-2345.75,0,TU
5273.25,-2345.75,0,TU
3475.25,-2341.25,0,TU
3540.25,-2340.25,0,TU
4516.75,-2338.75,0,TU
5186.75,-2337.75,0,TU
4901.75,-2337.25,0,TU
4753.25,-2335.25,0,TU
3181.75,-2334.75,0,TU
4312.25,-2333.25,0,TU
3491.75,-2332.75,0,TU
5009.75,-2332.25,0,TU
5214.75,-2331.25,0,TU
4709.25,-2331.25,0,TU
3900.25,-2329.75,0,TU
4985.75,-2329.75,0,TU
3142.25,-2329.25,0,TU
4849.75,-2328.25,0,TU
4888.25,-2328.25,0,TU
4498.25,-2328.25,0,TU
4728.25,-2327.75,0,TU
4543.75,-2326.25,0,TU
3128.75,-2323.75,0,TU
3237.25,-2323.75,0,TU
3577.75,-2323.25,0,TU
4563.75,-2322.75,0,TU
3168.25,-2322.75,0,TU
3151.25,-2322.25,0,TU
3363.75,-2321.75,0,TU
3832.75,-2321.25,0,TU
5288.25,-2320.75,0,TU
4039.25,-2320.75,0,TU
4074.25,-2320.75,0,TU
3763.25,-2319.75,0,TU
5309.75,-2318.25,0,TU
3286.25,-2317.75,0,TU
3935.75,-2317.25,0,TU
3621.75,-2316.75,0,TU
4274.75,-2316.25,0,TU
4743.25,-2315.25,0,TU
4522.75,-2314.25,0,TU
4338.25,-2314.25,0,TU
3398.75,-2313.75,0,TU
3534.25,-2312.75,0,TU
3328.25,-2311.75,0,TU
4291.75,-2309.75,0,TU
4305.25,-2309.25,0,TU
3868.25,-2309.25,0,TU
3473.25,-2308.25,0,TU
4716.25,-2308.25,0,TU
4478.25,-2308.25,0,TU
4243.75,-2305.25,0,TU
4699.75,-2304.25,0,TU
3820.75,-2303.25,0,TU
4573.25,-2302.75,0,TU
3118.25,-2302.25,0,TU
3153.25,-2300.75,0,TU
3494.75,-2300.25,0,TU
3457.75,-2300.25,0,TU
4593.25,-2299.25,0,TU
3659.25,-2299.25,0,TU
4132.75,-2298.25,0,TU
3695.25,-2296.75,0,TU
4560.25,-2296.25,0,TU
3690.75,-2295.75,0,TU
4535.75,-2295.75,0,TU
4484.75,-2294.75,0,TU
4949.75,-2293.75,0,TU
4085.25,-2293.25,0,TU
4302.75,-2292.25,0,TU
4505.25,-2289.25,0,TU
3606.25,-2288.25,0,TU
3144.75,-2286.75,0,TU
4457.75,-2286.25,0,TU
5237.75,-2283.25,0,TU
3911.25,-2282.25,0,TU
3270.75,-2280.75,0,TU
3533.25,-2280.75,0,TU
3508.75,-2280.25,0,TU
3481.75,-2279.75,0,TU
5149.25,-2279.25,0,TU
3881.25,-2279.25,0,TU
3963.75,-2279.25,0,TU
4622.25,-2277.25,0,TU
4078.25,-2272.75,0,TU
3178.75,-2272.75,0,TU
5256.75,-2271.75,0,TU
4407.75,-2268.75,0,TU
4390.25,-2265.75,0,TU
4653.25,-2265.75,0,TU
3697.25,-2263.75,0,TU
4895.25,-2261.75,0,TU
4052.25,-2261.75,0,TU
3083.75,-2259.75,0,TU
3138.75,-2259.25,0,TU
3165.25,-2258.75,0,TU
4596.25,-2258.25,0,TU
4531.75,-2258.25,0,TU
3588.25,-2257.75,0,TU
5194.75,-2257.25,0,TU
4496.25,-2256.75,0,TU
3988.25,-2256.25,0,TU
3015.75,-2256.25,0,TU
3914.25,-2252.75,0,TU
3904.25,-2252.25,0,TU
3657.25,-2252.25,0,TU
3870.25,-2251.75,0,TU
3888.25,-2251.25,0,TU
3825.75,-2250.75,0,TU
3418.75,-2250.75,0,TU
5245.25,-2250.25,0,TU
3157.75,-2249.25,0,TU
3952.25,-2247.75,0,TU
4045.75,-2247.25,0,TU
4107.75,-2245.75,0,TU
4072.25,-2245.25,0,TU
3219.75,-2241.25,0,TU
3132.25,-2241.25,0,TU
3931.75,-2239.75,0,TU
4769.25,-2238.75,0,TU
4569.75,-2238.75,0,TU
3177.75,-2236.75,0,TU
4125.75,-2236.25,0,TU
3285.75,-2235.25,0,TU
3949.75,-2235.25,0,TU
4141.25,-2234.75,0,TU
4662.25,-2233.75,0,TU
3099.25,-2232.75,0,TU
5152.75,-2232.25,0,TU
3714.75,-2231.75,0,TU
4544.25,-2231.25,0,TU
3317.75,-2228.75,0,TU
4239.75,-2228.75,0,TU
4986.25,-2228.25,0,TU
5282.25,-2227.75,0,TU
4629.25,-2227.75,0,TU
5134.25,-2227.25,0,TU
2974.25,-2226.75,0,TU
4523.25,-2226.25,0,TU
4054.25,-2226.25,0,TU
3056.75,-2226.25,0,TU
3184.25,-2224.25,0,TU
4464.75,-2223.75,0,TU
2992.25,-2221.75,0,TU
3452.75,-2218.75,0,TU
3134.25,-2218.25,0,TU
4917.75,-2217.75,0,TU
4718.25,-2217.25,0,TU
4104.75,-2216.75,0,TU
5257.25,-2216.75,0,TU
4349.25,-2216.25,0,TU
4448.25,-2215.75,0,TU
3535.75,-2215.75,0,TU
4427.75,-2215.25,0,TU
3162.75,-2214.25,0,TU
3284.25,-2210.25,0,TU
3377.25,-2209.75,0,TU
4315.75,-2209.75,0,TU
5371.25,-2209.25,0,TU
3359.25,-2205.75,0,TU
3392.75,-2204.75,0,TU
4551.25,-2204.75,0,TU
5174.75,-2203.25,0,TU
5147.25,-2202.75,0,TU
3342.25,-2202.25,0,TU
3075.75,-2200.75,0,TU
4588.75,-2200.25,0,TU
3252.75,-2199.75,0,TU
2993.25,-2199.25,0,TU
4940.75,-2199.25,0,TU
4463.25,-2198.25,0,TU
4560.75,-2198.25,0,TU
4396.25,-2196.75,0,TU
3051.75,-2196.25,0,TU
3173.75,-2194.25,0,TU
3451.75,-2194.25,0,TU
4829.75,-2192.75,0,TU
3283.75,-2192.25,0,TU
3765.25,-2191.75,0,TU
3100.25,-2189.75,0,TU
3417.25,-2189.25,0,TU
4005.25,-2189.25,0,TU
3147.75,-2188.25,0,TU
4438.25,-2186.75,0,TU
3030.25,-2185.75,0,TU
3486.75,-2185.25,0,TU
3786.75,-2185.25,0,TU
3432.75,-2185.25,0,TU
4410.75,-2183.75,0,TU
3399.75,-2183.75,0,TU
5361.25,-2182.25,0,TU
3824.75,-2181.75,0,TU
3003.25,-2181.75,0,TU
3250.25,-2180.25,0,TU
3325.75,-2179.75,0,TU
3076.75,-2179.75,0,TU
2983.25,-2178.75,0,TU
3216.25,-2178.75,0,TU
4596.25,-2178.75,0,TU
3298.25,-2176.75,0,TU
4318.75,-2173.75,0,TU
4871.25,-2172.25,0,TU
4132.75,-2171.75,0,TU
3789.25,-2170.75,0,TU
3284.25,-2170.75,0,TU
3351.25,-2170.25,0,TU
5178.25,-2169.75,0,TU
3107.75,-2169.25,0,TU
4600.75,-2168.75,0,TU
3458.25,-2168.25,0,TU
4403.25,-2167.75,0,TU
3767.75,-2167.75,0,TU
3964.75,-2167.25,0,TU
4012.25,-2167.25,0,TU
3384.25,-2166.75,0,TU
5199.25,-2166.25,0,TU
4586.75,-2164.25,0,TU
4028.25,-2164.25,0,TU
3007.75,-2163.25,0,TU
4285.25,-2162.25,0,TU
4901.75,-2161.25,0,TU
4567.25,-2160.25,0,TU
3081.25,-2159.75,0,TU
3439.75,-2159.75,0,TU
4375.75,-2158.75,0,TU
4441.25,-2157.75,0,TU
3400.75,-2155.75,0,TU
4451.25,-2154.25,0,TU
3042.75,-2154.25,0,TU
4352.75,-2152.75,0,TU
3101.25,-2152.75,0,TU
4315.25,-2151.75,0,TU
4429.25,-2151.25,0,TU
4868.75,-2151.25,0,TU
4715.25,-2151.25,0,TU
4391.75,-2151.25,0,TU
3781.25,-2150.75,0,TU
3466.75,-2150.75,0,TU
3417.75,-2149.75,0,TU
4533.75,-2148.75,0,TU
4514.75,-2148.25,0,TU
4468.75,-2147.25,0,TU
4345.75,-2145.75,0,TU
3293.25,-2145.25,0,TU
3259.75,-2144.75,0,TU
4490.75,-2143.75,0,TU
5079.75,-2141.75,0,TU
3731.75,-2141.75,0,TU
4409.75,-2141.75,0,TU
3869.75,-2141.25,0,TU
3909.25,-2138.25,0,TU
4373.75,-2137.75,0,TU
4595.25,-2137.75,0,TU
4318.75,-2137.25,0,TU
4113.75,-2136.75,0,TU
5349.75,-2136.75,0,TU
5231.25,-2135.75,0,TU
4504.75,-2135.25,0,TU
3281.75,-2135.25,0,TU
3436.25,-2134.75,0,TU
4260.25,-2134.25,0,TU
4133.75,-2133.25,0,TU
3829.75,-2131.25,0,TU
3606.75,-2131.25,0,TU
3476.25,-2129.75,0,TU
3015.75,-2129.25,0,TU
3250.75,-2128.75,0,TU
5342.25,-2128.75,0,TU
3884.25,-2127.75,0,TU
4863.75,-2126.75,0,TU
4435.25,-2126.25,0,TU
3862.75,-2123.75,0,TU
3989.75,-2123.25,0,TU
4335.25,-2122.75,0,TU
3262.25,-2122.25,0,TU
5243.75,-2122.25,0,TU
2997.75,-2122.25,0,TU
3032.25,-2119.25,0,TU
4313.75,-2119.25,0,TU
3767.25,-2117.75,0,TU
4931.75,-2117.75,0,TU
4747.75,-2117.25,0,TU
3482.75,-2116.75,0,TU
4473.25,-2116.75,0,TU
5230.25,-2116.75,0,TU
3587.75,-2116.75,0,TU
3213.25,-2116.25,0,TU
3446.25,-2116.25,0,TU
3039.25,-2115.75,0,TU
4514.75,-2115.75,0,TU
3968.75,-2114.75,0,TU
4572.75,-2114.25,0,TU
4882.25,-2113.25,0,TU
3317.75,-2111.25,0,TU
3385.25,-2110.75,0,TU
3881.75,-2110.25,0,TU
4869.25,-2108.25,0,TU
3904.25,-2106.75,0,TU
3259.75,-2105.75,0,TU
4603.75,-2105.75,0,TU
3057.75,-2103.75,0,TU
4036.25,-2103.75,0,TU
5109.25,-2103.25,0,TU
5084.25,-2103.25,0,TU
5233.75,-2102.25,0,TU
2963.75,-2101.75,0,TU
5213.25,-2100.75,0,TU
3963.75,-2100.25,0,TU
3465.25,-2099.25,0,TU
2727.75,-2099.25,0,TU
2998.75,-2098.75,0,TU
3843.75,-2098.25,0,TU
3863.75,-2097.75,0,TU
3529.75,-2097.25,0,TU
3997.75,-2097.25,0,TU
3949.25,-2097.25,0,TU
3815.25,-2096.75,0,TU
3587.25,-2096.75,0,TU
2748.25,-2096.75,0,TU
4818.25,-2096.25,0,TU
2704.75,-2096.25,0,TU
3607.75,-2095.75,0,TU
3483.25,-2094.75,0,TU
2770.25,-2094.75,0,TU
4831.25,-2094.25,0,TU
3346.75,-2094.25,0,TU
4475.25,-2094.25,0,TU
3887.25,-2093.25,0,TU
4846.25,-2092.25,0,TU
4329.25,-2092.25,0,TU
4890.25,-2089.75,0,TU
3933.75,-2089.75,0,TU
3327.25,-2087.75,0,TU
3028.75,-2087.75,0,TU
4573.75,-2087.25,0,TU
5150.75,-2086.75,0,TU
5113.25,-2086.75,0,TU
4605.25,-2085.75,0,TU
3879.75,-2085.75,0,TU
3904.75,-2085.75,0,TU
3207.25,-2085.25,0,TU
5217.75,-2085.25,0,TU
4110.75,-2084.75,0,TU
3151.25,-2084.75,0,TU
5303.75,-2083.75,0,TU
3367.75,-2083.75,0,TU
3567.25,-2083.25,0,TU
3803.25,-2081.75,0,TU
3267.75,-2081.75,0,TU
5078.25,-2080.75,0,TU
3464.75,-2080.75,0,TU
3780.25,-2080.25,0,TU
3393.25,-2080.25,0,TU
4613.75,-2079.25,0,TU
4464.25,-2078.75,0,TU
5279.25,-2078.75,0,TU
2745.25,-2078.75,0,TU
3051.25,-2078.75,0,TU
2999.25,-2078.25,0,TU
3841.75,-2077.75,0,TU
3544.25,-2076.75,0,TU
2720.25,-2076.25,0,TU
5199.25,-2075.75,0,TU
5096.75,-2075.25,0,TU
3606.25,-2074.25,0,TU
4435.25,-2072.25,0,TU
4122.25,-2071.75,0,TU
5059.25,-2071.25,0,TU
4324.25,-2071.25,0,TU
3242.25,-2070.25,0,TU
4590.75,-2069.75,0,TU
5227.75,-2069.25,0,TU
3902.75,-2069.25,0,TU
3861.75,-2068.25,0,TU
5033.25,-2068.25,0,TU
2977.75,-2067.75,0,TU
4481.25,-2067.25,0,TU
3828.75,-2067.25,0,TU
4159.25,-2065.75,0,TU
3260.25,-2065.25,0,TU
3482.75,-2065.25,0,TU
4137.75,-2064.25,0,TU
3459.75,-2063.25,0,TU
3065.25,-2062.25,0,TU
5119.75,-2061.75,0,TU
3304.25,-2061.25,0,TU
3499.25,-2060.75,0,TU
2960.25,-2060.25,0,TU
3802.25,-2059.25,0,TU
3034.75,-2058.75,0,TU
4172.75,-2058.25,0,TU
3102.25,-2055.25,0,TU
3990.75,-2055.25,0,TU
4286.25,-2054.75,0,TU
4116.25,-2054.75,0,TU
3945.75,-2053.75,0,TU
3561.25,-2051.25,0,TU
4470.75,-2050.25,0,TU
3776.25,-2049.25,0,TU
3374.75,-2048.25,0,TU
4636.75,-2047.25,0,TU
3965.25,-2046.25,0,TU
3287.25,-2046.25,0,TU
3343.75,-2044.75,0,TU
5213.75,-2043.75,0,TU
4650.25,-2043.25,0,TU
3318.25,-2043.25,0,TU
3392.75,-2042.75,0,TU
4444.25,-2042.75,0,TU
3154.75,-2042.75,0,TU
5168.25,-2040.25,0,TU
4116.25,-2036.75,0,TU
3138.75,-2035.25,0,TU
3516.75,-2034.75,0,TU
4148.25,-2034.75,0,TU
3536.25,-2034.75,0,TU
4561.75,-2034.25,0,TU
4242.75,-2032.75,0,TU
4171.25,-2030.75,0,TU
3489.75,-2030.25,0,TU
3994.25,-2028.75,0,TU
4640.75,-2028.25,0,TU
3325.75,-2027.75,0,TU
3460.25,-2026.25,0,TU
3423.25,-2025.75,0,TU
3029.25,-2025.75,0,TU
4034.25,-2023.75,0,TU
3554.75,-2023.75,0,TU
3964.75,-2022.25,0,TU
5044.25,-2021.75,0,TU
3297.25,-2020.25,0,TU
4893.75,-2020.25,0,TU
4248.25,-2017.25,0,TU
5077.75,-2016.75,0,TU
3345.25,-2015.25,0,TU
4281.75,-2015.25,0,TU
4519.75,-2014.75,0,TU
4546.25,-2014.75,0,TU
4103.75,-2013.25,0,TU
4494.25,-2012.75,0,TU
3522.75,-2012.75,0,TU
3320.25,-2011.75,0,TU
3399.75,-2010.75,0,TU
4024.25,-2010.25,0,TU
4977.25,-2009.75,0,TU
4300.25,-2009.25,0,TU
4258.25,-2008.75,0,TU
3357.75,-2008.75,0,TU
4457.25,-2008.25,0,TU
4210.75,-2004.75,0,TU
3375.75,-2004.75,0,TU
4470.75,-2004.25,0,TU
3420.25,-2003.25,0,TU
4320.75,-2002.75,0,TU
4045.75,-2002.25,0,TU
3503.25,-2001.75,0,TU
5040.75,-2001.25,0,TU
3471.25,-2000.25,0,TU
4352.25,-2000.25,0,TU
3537.75,-1998.75,0,TU
4079.25,-1998.25,0,TU
3564.75,-1997.75,0,TU
4706.25,-1997.25,0,TU
3997.75,-1995.25,0,TU
4274.75,-1994.25,0,TU
3866.75,-1994.25,0,TU
3417.75,-1992.25,0,TU
3333.25,-1991.25,0,TU
4593.25,-1991.25,0,TU
3351.25,-1990.25,0,TU
3448.75,-1990.25,0,TU
5038.75,-1989.75,0,TU
4338.25,-1989.25,0,TU
3388.75,-1988.75,0,TU
3321.75,-1987.75,0,TU
4111.75,-1987.25,0,TU
3545.25,-1987.25,0,TU
4683.25,-1985.25,0,TU
4465.25,-1984.75,0,TU
3521.25,-1983.75,0,TU
4293.75,-1983.75,0,TU
4483.75,-1983.25,0,TU
4505.75,-1982.75,0,TU
5095.25,-1982.25,0,TU
4269.75,-1982.25,0,TU
4365.75,-1981.75,0,TU
5173.25,-1980.75,0,TU
4723.25,-1979.25,0,TU
4064.25,-1977.75,0,TU
4542.25,-1977.75,0,TU
5057.25,-1976.25,0,TU
4087.25,-1975.75,0,TU
3133.75,-1974.25,0,TU
4349.75,-1974.25,0,TU
5153.75,-1973.75,0,TU
3571.75,-1973.75,0,TU
4314.25,-1973.75,0,TU
3552.25,-1969.25,0,TU
4116.25,-1968.75,0,TU
4702.25,-1968.25,0,TU
4460.75,-1966.75,0,TU
4529.25,-1966.25,0,TU
4337.75,-1965.25,0,TU
5019.25,-1964.75,0,TU
4953.75,-1962.25,0,TU
4585.75,-1962.25,0,TU
4484.75,-1962.25,0,TU
5042.25,-1961.75,0,TU
4507.75,-1961.25,0,TU
4056.75,-1959.25,0,TU
5148.25,-1959.25,0,TU
3119.75,-1958.75,0,TU
4735.25,-1957.75,0,TU
3511.25,-1956.25,0,TU
3530.75,-1955.25,0,TU
4465.25,-1954.75,0,TU
4716.25,-1953.25,0,TU
4761.75,-1952.75,0,TU
4047.25,-1950.75,0,TU
4441.75,-1950.25,0,TU
5097.25,-1949.75,0,TU
4452.75,-1948.75,0,TU
4491.75,-1948.25,0,TU
4320.75,-1947.25,0,TU
4123.25,-1947.25,0,TU
4379.75,-1947.25,0,TU
3160.75,-1946.75,0,TU
4352.25,-1945.75,0,TU
5057.75,-1945.75,0,TU
4524.75,-1944.25,0,TU
4297.25,-1944.25,0,TU
3539.25,-1941.75,0,TU
4676.25,-1938.25,0,TU
4028.25,-1937.25,0,TU
3101.75,-1936.75,0,TU
3986.25,-1936.25,0,TU
4553.75,-1935.25,0,TU
3107.25,-1935.25,0,TU
3090.75,-1935.25,0,TU
4316.25,-1934.75,0,TU
4358.75,-1934.25,0,TU
4476.25,-1934.25,0,TU
4700.25,-1933.75,0,TU
4723.25,-1933.25,0,TU
4573.25,-1932.25,0,TU
4103.25,-1931.75,0,TU
4458.25,-1931.75,0,TU
4665.25,-1931.25,0,TU
4501.25,-1930.25,0,TU
3496.75,-1926.75,0,TU
4336.25,-1926.25,0,TU
4516.75,-1926.25,0,TU
4015.25,-1924.75,0,TU
3868.25,-1923.75,0,TU
4306.25,-1923.75,0,TU
3892.75,-1920.75,0,TU
4350.25,-1920.25,0,TU
4048.75,-1920.25,0,TU
3994.25,-1919.25,0,TU
4446.25,-1916.25,0,TU
4285.25,-1915.25,0,TU
4327.75,-1914.25,0,TU
4372.75,-1912.75,0,TU
4309.75,-1912.25,0,TU
3907.75,-1909.25,0,TU
4342.25,-1909.25,0,TU
4121.75,-1908.25,0,TU
4139.75,-1907.75,0,TU
4922.75,-1907.75,0,TU
3569.75,-1907.75,0,TU
4519.25,-1907.25,0,TU
4034.25,-1905.25,0,TU
4393.75,-1904.75,0,TU
4440.25,-1901.25,0,TU
4707.25,-1899.75,0,TU
4327.75,-1899.75,0,TU
4305.75,-1897.25,0,TU
3098.25,-1896.75,0,TU
4159.25,-1896.25,0,TU
3535.25,-1895.75,0,TU
4016.25,-1893.75,0,TU
4528.75,-1893.25,0,TU
4123.25,-1892.75,0,TU
3865.75,-1887.75,0,TU
5059.25,-1885.75,0,TU
4499.25,-1884.25,0,TU
4877.25,-1883.25,0,TU
4914.75,-1882.75,0,TU
4243.75,-1881.25,0,TU
3976.25,-1880.75,0,TU
4732.75,-1879.75,0,TU
4048.75,-1879.25,0,TU
3950.25,-1879.25,0,TU
4557.75,-1879.25,0,TU
4390.25,-1879.25,0,TU
4536.25,-1877.25,0,TU
4320.25,-1873.75,0,TU
4711.75,-1872.25,0,TU
3529.75,-1871.75,0,TU
3991.75,-1871.75,0,TU
4194.75,-1871.25,0,TU
4176.25,-1870.75,0,TU
4399.25,-1868.75,0,TU
4148.25,-1868.75,0,TU
4463.75,-1868.75,0,TU
4770.75,-1863.75,0,TU
3629.75,-1861.25,0,TU
3495.25,-1860.25,0,TU
3967.75,-1859.75,0,TU
4537.75,-1858.25,0,TU
4515.75,-1858.25,0,TU
4230.75,-1857.75,0,TU
3101.75,-1854.75,0,TU
2540.75,-1854.25,0,TU
4316.75,-1852.25,0,TU
4483.75,-1850.75,0,TU
4736.25,-1849.75,0,TU
4127.25,-1848.75,0,TU
2131.75,-1848.25,0,TU
2120.25,-1846.25,0,TU
4054.75,-1845.75,0,TU
2073.25,-1845.25,0,TU
2540.75,-1842.75,0,TU
3086.75,-1842.75,0,TU
4154.25,-1842.25,0,TU
3948.75,-1840.75,0,TU
4441.75,-1840.75,0,TU
4218.25,-1840.25,0,TU
3516.25,-1839.25,0,TU
3972.75,-1837.25,0,TU
4522.25,-1836.25,0,TU
2161.25,-1834.75,0,TU
3888.25,-1831.25,0,TU
4272.75,-1830.75,0,TU
3641.25,-1830.75,0,TU
4885.75,-1830.25,0,TU
2136.25,-1830.25,0,TU
4618.25,-1829.75,0,TU
2538.25,-1828.75,0,TU
4501.25,-1828.25,0,TU
4086.75,-1827.25,0,TU
4230.25,-1825.75,0,TU
3503.75,-1825.25,0,TU
4301.75,-1824.75,0,TU
4322.25,-1824.25,0,TU
4872.25,-1823.25,0,TU
3610.25,-1823.25,0,TU
3669.75,-1822.75,0,TU
2105.75,-1822.25,0,TU
3954.75,-1821.75,0,TU
4728.75,-1821.75,0,TU
4539.25,-1821.75,0,TU
4660.75,-1820.75,0,TU
2242.75,-1819.25,0,TU
4346.75,-1818.75,0,TU
3099.25,-1816.75,0,TU
4510.25,-1816.75,0,TU
2554.75,-1816.25,0,TU
4207.75,-1815.75,0,TU
4111.25,-1815.25,0,TU
4165.75,-1813.75,0,TU
4635.25,-1812.75,0,TU
4692.25,-1811.75,0,TU
3974.25,-1811.25,0,TU
4135.25,-1811.25,0,TU
2163.25,-1810.75,0,TU
4257.75,-1808.75,0,TU
4308.75,-1808.25,0,TU
4617.75,-1808.25,0,TU
2093.75,-1806.25,0,TU
4604.75,-1806.25,0,TU
3936.75,-1805.75,0,TU
4197.75,-1805.25,0,TU
4594.25,-1805.25,0,TU
4555.25,-1805.25,0,TU
4577.25,-1804.75,0,TU
3912.75,-1804.25,0,TU
4648.25,-1802.75,0,TU
4283.25,-1801.25,0,TU
3095.75,-1800.25,0,TU
3559.25,-1798.25,0,TU
4528.25,-1797.75,0,TU
2159.25,-1797.25,0,TU
4103.25,-1796.75,0,TU
4427.75,-1796.75,0,TU
4249.25,-1796.25,0,TU
2194.25,-1795.25,0,TU
3194.25,-1794.75,0,TU
4698.75,-1793.75,0,TU
4220.75,-1793.75,0,TU
3206.75,-1793.25,0,TU
2507.75,-1793.25,0,TU
3590.75,-1793.25,0,TU
2595.75,-1791.25,0,TU
2181.25,-1789.75,0,TU
3234.75,-1788.75,0,TU
3439.25,-1788.25,0,TU
4320.75,-1787.25,0,TU
5011.25,-1786.75,0,TU
4267.25,-1785.25,0,TU
2087.75,-1785.25,0,TU
3475.75,-1785.25,0,TU
2323.75,-1784.25,0,TU
2054.25,-1784.25,0,TU
3118.25,-1784.25,0,TU
4649.75,-1783.75,0,TU
3138.75,-1782.75,0,TU
2143.25,-1782.25,0,TU
2522.25,-1781.25,0,TU
3944.25,-1780.75,0,TU
2203.75,-1780.75,0,TU
4200.75,-1780.25,0,TU
2566.25,-1780.25,0,TU
4365.25,-1778.75,0,TU
3104.25,-1778.25,0,TU
4882.25,-1777.25,0,TU
4716.25,-1776.75,0,TU
4900.75,-1776.75,0,TU
2187.75,-1775.25,0,TU
2304.75,-1774.75,0,TU
4291.75,-1774.25,0,TU
4692.25,-1773.25,0,TU
3093.25,-1773.25,0,TU
2214.25,-1771.25,0,TU
2339.75,-1770.75,0,TU
2103.25,-1768.75,0,TU
2161.25,-1768.25,0,TU
4253.25,-1766.75,0,TU
4303.25,-1766.75,0,TU
4713.25,-1766.25,0,TU
3173.75,-1765.75,0,TU
3145.25,-1765.75,0,TU
4010.75,-1764.75,0,TU
4106.75,-1764.25,0,TU
4689.25,-1763.25,0,TU
3441.25,-1763.25,0,TU
2116.25,-1763.25,0,TU
2041.75,-1762.25,0,TU
3127.25,-1761.75,0,TU
4074.75,-1759.75,0,TU
4521.25,-1759.75,0,TU
3108.25,-1758.75,0,TU
2250.75,-1758.75,0,TU
2198.25,-1758.75,0,TU
2085.25,-1758.25,0,TU
3944.75,-1758.25,0,TU
3844.25,-1757.25,0,TU
2052.25,-1756.75,0,TU
2609.75,-1756.75,0,TU
3965.25,-1756.25,0,TU
4886.75,-1754.25,0,TU
2067.25,-1753.75,0,TU
3250.25,-1753.25,0,TU
2847.75,-1753.25,0,TU
2230.25,-1752.75,0,TU
3555.25,-1752.75,0,TU
4861.25,-1751.75,0,TU
3528.25,-1751.25,0,TU
4490.75,-1750.75,0,TU
3928.25,-1750.75,0,TU
2188.75,-1748.25,0,TU
2333.75,-1747.75,0,TU
2128.75,-1747.75,0,TU
2270.75,-1746.75,0,TU
4638.25,-1746.75,0,TU
4708.25,-1746.75,0,TU
2306.25,-1746.25,0,TU
4739.75,-1746.25,0,TU
4849.25,-1745.25,0,TU
2284.25,-1744.75,0,TU
2027.75,-1744.75,0,TU
3263.25,-1744.25,0,TU
2218.25,-1743.25,0,TU
4349.25,-1743.25,0,TU
4677.25,-1742.75,0,TU
3370.75,-1740.75,0,TU
2525.25,-1740.25,0,TU
2085.75,-1740.25,0,TU
2199.25,-1740.25,0,TU
3403.75,-1739.75,0,TU
2860.25,-1739.25,0,TU
4799.75,-1738.75,0,TU
2909.75,-1738.75,0,TU
2881.25,-1738.25,0,TU
4646.75,-1737.25,0,TU
4089.75,-1736.25,0,TU
2544.25,-1735.25,0,TU
3167.75,-1734.75,0,TU
2349.25,-1732.25,0,TU
3967.75,-1731.75,0,TU
4510.75,-1731.25,0,TU
3193.25,-1730.75,0,TU
2269.25,-1730.75,0,TU
4945.25,-1730.25,0,TU
2095.75,-1728.75,0,TU
3848.25,-1728.25,0,TU
2280.75,-1728.25,0,TU
4556.25,-1728.25,0,TU
3833.75,-1726.75,0,TU
4157.75,-1726.75,0,TU
2862.75,-1726.25,0,TU
2181.25,-1725.75,0,TU
4899.75,-1725.75,0,TU
4379.75,-1725.25,0,TU
3549.75,-1724.75,0,TU
3238.75,-1724.75,0,TU
3439.25,-1723.75,0,TU
2226.25,-1723.75,0,TU
4650.25,-1722.25,0,TU
2111.25,-1721.75,0,TU
4355.75,-1720.25,0,TU
3213.25,-1720.25,0,TU
4396.75,-1719.25,0,TU
2081.25,-1719.25,0,TU
4493.75,-1719.25,0,TU
3164.25,-1718.25,0,TU
2971.25,-1718.25,0,TU
4570.75,-1718.25,0,TU
4730.75,-1717.75,0,TU
3120.75,-1717.75,0,TU
2061.75,-1717.25,0,TU
2850.25,-1717.25,0,TU
4525.75,-1716.25,0,TU
4629.25,-1715.75,0,TU
4416.25,-1714.75,0,TU
4536.25,-1714.25,0,TU
4933.25,-1713.25,0,TU
2199.25,-1711.25,0,TU
3449.25,-1710.75,0,TU
3409.75,-1710.25,0,TU
4298.25,-1708.25,0,TU
4377.25,-1706.75,0,TU
4437.25,-1706.25,0,TU
4398.25,-1705.75,0,TU
4743.75,-1705.25,0,TU
2130.25,-1703.75,0,TU
3538.75,-1702.25,0,TU
3782.75,-1702.25,0,TU
2114.75,-1701.75,0,TU
4351.75,-1701.75,0,TU
3150.25,-1701.25,0,TU
2588.25,-1700.75,0,TU
4017.25,-1700.25,0,TU
3578.25,-1699.25,0,TU
4528.75,-1698.75,0,TU
2205.25,-1698.25,0,TU
3554.75,-1698.25,0,TU
4572.75,-1697.75,0,TU
2791.25,-1697.25,0,TU
2973.75,-1696.25,0,TU
4724.25,-1696.25,0,TU
4383.25,-1696.25,0,TU
2240.75,-1695.75,0,TU
4144.75,-1694.25,0,TU
4415.25,-1693.75,0,TU
4649.25,-1693.25,0,TU
2554.75,-1692.25,0,TU
2329.75,-1692.25,0,TU
2767.75,-1689.75,0,TU
4040.25,-1689.75,0,TU
3814.25,-1689.75,0,TU
4946.75,-1688.75,0,TU
3848.25,-1688.75,0,TU
2989.25,-1688.75,0,TU
3450.25,-1688.25,0,TU
2075.75,-1687.75,0,TU
2130.75,-1686.75,0,TU
3403.75,-1685.75,0,TU
3494.25,-1685.75,0,TU
2756.25,-1684.25,0,TU
4357.25,-1684.25,0,TU
4598.25,-1682.25,0,TU
4746.25,-1682.25,0,TU
2748.25,-1681.75,0,TU
2586.75,-1681.25,0,TU
3416.75,-1680.75,0,TU
4438.75,-1680.75,0,TU
3141.75,-1679.25,0,TU
4563.25,-1679.25,0,TU
2193.25,-1679.25,0,TU
4535.25,-1678.75,0,TU
2236.25,-1678.25,0,TU
2147.75,-1677.75,0,TU
3170.75,-1677.75,0,TU
2259.25,-1677.75,0,TU
2793.75,-1677.25,0,TU
2210.75,-1676.75,0,TU
3191.25,-1676.25,0,TU
2164.75,-1676.25,0,TU
3587.25,-1675.75,0,TU
4914.75,-1675.25,0,TU
2039.25,-1675.25,0,TU
4473.75,-1674.75,0,TU
4645.25,-1674.25,0,TU
4180.75,-1673.75,0,TU
2466.75,-1673.75,0,TU
4693.25,-1673.25,0,TU
2951.25,-1672.75,0,TU
2486.75,-1671.75,0,TU
3145.25,-1671.25,0,TU
4418.75,-1670.75,0,TU
4407.75,-1670.75,0,TU
2879.75,-1670.75,0,TU
4115.75,-1670.25,0,TU
4143.75,-1669.75,0,TU
3368.75,-1669.75,0,TU
4384.25,-1669.25,0,TU
2987.75,-1668.75,0,TU
3228.25,-1668.75,0,TU
4204.25,-1668.75,0,TU
2597.25,-1668.25,0,TU
2095.25,-1668.25,0,TU
2965.25,-1668.25,0,TU
3474.25,-1667.75,0,TU
4316.75,-1667.25,0,TU
3428.25,-1667.25,0,TU
3563.25,-1666.25,0,TU
3819.75,-1666.25,0,TU
2575.75,-1666.25,0,TU
2536.25,-1666.25,0,TU
3954.25,-1665.75,0,TU
3840.75,-1664.25,0,TU
4661.25,-1664.25,0,TU
3493.75,-1663.75,0,TU
4163.25,-1663.75,0,TU
3392.25,-1663.75,0,TU
2247.25,-1663.75,0,TU
3335.75,-1663.25,0,TU
4718.25,-1662.25,0,TU
2517.75,-1661.25,0,TU
2925.25,-1660.75,0,TU
4574.25,-1660.75,0,TU
4375.25,-1660.75,0,TU
4047.25,-1659.75,0,TU
4357.75,-1659.75,0,TU
3197.75,-1659.25,0,TU
2552.75,-1658.75,0,TU
2791.25,-1658.25,0,TU
3299.25,-1657.25,0,TU
2752.75,-1657.25,0,TU
4452.75,-1657.25,0,TU
2231.25,-1656.75,0,TU
3590.25,-1655.75,0,TU
4172.25,-1655.75,0,TU
4153.25,-1655.25,0,TU
4122.75,-1655.25,0,TU
2349.25,-1655.25,0,TU
4417.25,-1654.75,0,TU
2970.25,-1654.75,0,TU
2395.75,-1653.75,0,TU
4518.75,-1652.25,0,TU
4138.75,-1651.75,0,TU
3232.25,-1651.25,0,TU
3357.75,-1651.25,0,TU
4005.25,-1651.25,0,TU
2188.25,-1650.75,0,TU
2212.25,-1650.25,0,TU
4198.75,-1649.75,0,TU
2202.75,-1649.75,0,TU
2879.75,-1649.75,0,TU
2266.25,-1649.25,0,TU
2315.75,-1649.25,0,TU
3578.25,-1648.25,0,TU
3978.75,-1647.75,0,TU
2779.75,-1647.25,0,TU
3249.75,-1646.75,0,TU
4155.75,-1645.25,0,TU
2594.25,-1644.75,0,TU
2573.25,-1644.25,0,TU
2532.25,-1643.75,0,TU
4171.25,-1643.75,0,TU
4701.75,-1643.25,0,TU
2900.75,-1643.25,0,TU
4109.25,-1643.25,0,TU
2235.25,-1641.25,0,TU
3268.75,-1641.25,0,TU
3321.25,-1641.25,0,TU
4049.75,-1640.75,0,TU
2248.75,-1640.75,0,TU
4405.25,-1640.75,0,TU
2929.75,-1639.75,0,TU
3377.25,-1638.75,0,TU
3470.75,-1638.75,0,TU
3404.25,-1637.75,0,TU
4280.25,-1637.25,0,TU
4189.75,-1637.25,0,TU
2511.25,-1637.25,0,TU
2775.75,-1636.75,0,TU
3351.25,-1636.75,0,TU
2382.25,-1636.75,0,TU
4207.75,-1636.75,0,TU
4019.25,-1636.25,0,TU
4676.25,-1636.25,0,TU
4689.75,-1636.25,0,TU
2805.75,-1635.75,0,TU
3597.75,-1635.75,0,TU
2916.75,-1635.75,0,TU
4040.25,-1635.25,0,TU
4074.75,-1635.25,0,TU
3885.75,-1634.25,0,TU
2831.25,-1633.25,0,TU
2552.25,-1633.25,0,TU
3563.75,-1632.75,0,TU
2363.25,-1632.25,0,TU
4218.25,-1632.25,0,TU
4139.75,-1631.75,0,TU
2329.25,-1631.25,0,TU
3423.75,-1631.25,0,TU
4445.25,-1630.75,0,TU
4004.75,-1630.25,0,TU
4335.75,-1629.25,0,TU
2760.75,-1628.75,0,TU
4639.75,-1628.75,0,TU
2257.25,-1626.75,0,TU
3231.75,-1626.75,0,TU
2207.75,-1625.25,0,TU
2227.25,-1624.25,0,TU
3497.75,-1623.25,0,TU
3267.25,-1621.75,0,TU
4287.25,-1621.75,0,TU
3446.25,-1621.25,0,TU
3296.25,-1620.75,0,TU
4158.25,-1620.25,0,TU
2293.25,-1619.25,0,TU
4123.75,-1618.75,0,TU
3364.75,-1616.75,0,TU
4264.75,-1616.25,0,TU
2840.75,-1614.75,0,TU
4697.75,-1613.75,0,TU
4173.25,-1613.75,0,TU
4049.75,-1613.25,0,TU
4004.25,-1612.75,0,TU
4331.75,-1612.75,0,TU
2319.25,-1612.75,0,TU
4071.75,-1612.25,0,TU
4311.25,-1610.75,0,TU
2796.75,-1610.25,0,TU
4192.75,-1610.25,0,TU
2250.75,-1609.75,0,TU
2337.75,-1609.25,0,TU
3217.75,-1608.75,0,TU
2919.75,-1608.25,0,TU
4020.75,-1608.25,0,TU
2211.75,-1605.75,0,TU
4654.25,-1604.75,0,TU
2272.25,-1604.25,0,TU
3340.75,-1604.25,0,TU
4690.25,-1601.25,0,TU
4408.75,-1598.25,0,TU
3602.25,-1597.75,0,TU
4251.25,-1597.25,0,TU
4328.25,-1596.25,0,TU
4141.25,-1596.25,0,TU
3793.75,-1596.25,0,TU
4128.75,-1595.25,0,TU
3423.25,-1594.75,0,TU
3565.75,-1594.75,0,TU
4160.25,-1594.75,0,TU
2222.75,-1593.75,0,TU
2360.75,-1593.75,0,TU
2288.75,-1593.75,0,TU
2252.75,-1593.25,0,TU
4499.75,-1593.25,0,TU
4369.75,-1592.75,0,TU
3251.25,-1592.75,0,TU
3823.75,-1592.75,0,TU
4062.25,-1591.75,0,TU
3724.25,-1591.25,0,TU
3454.25,-1590.25,0,TU
2312.75,-1590.25,0,TU
4579.25,-1590.25,0,TU
3286.75,-1589.25,0,TU
4396.75,-1589.25,0,TU
4230.75,-1588.75,0,TU
4304.25,-1588.25,0,TU
2421.25,-1587.25,0,TU
4540.25,-1586.75,0,TU
2271.75,-1586.75,0,TU
2339.75,-1585.75,0,TU
4608.25,-1584.25,0,TU
2836.75,-1584.25,0,TU
3592.75,-1583.75,0,TU
3419.25,-1583.75,0,TU
4469.75,-1582.75,0,TU
4345.25,-1582.75,0,TU
3395.25,-1582.25,0,TU
3574.75,-1582.25,0,TU
3617.75,-1581.75,0,TU
3321.25,-1581.25,0,TU
2217.25,-1580.75,0,TU
4435.75,-1579.75,0,TU
4643.25,-1579.25,0,TU
4115.25,-1578.25,0,TU
4523.75,-1577.75,0,TU
3650.75,-1576.25,0,TU
4553.25,-1575.75,0,TU
4140.75,-1575.75,0,TU
4015.75,-1573.75,0,TU
4327.75,-1573.25,0,TU
2298.25,-1572.75,0,TU
2270.75,-1572.25,0,TU
2311.25,-1568.75,0,TU
4619.25,-1567.75,0,TU
3745.25,-1567.75,0,TU
2256.25,-1567.25,0,TU
2389.75,-1566.25,0,TU
2370.75,-1566.25,0,TU
3704.75,-1565.75,0,TU
3381.75,-1564.75,0,TU
2336.25,-1563.75,0,TU
2352.75,-1563.75,0,TU
4567.75,-1563.25,0,TU
3765.75,-1563.25,0,TU
2954.75,-1561.75,0,TU
4676.75,-1560.75,0,TU
4695.75,-1560.25,0,TU
2927.25,-1560.25,0,TU
2942.75,-1559.75,0,TU
3423.25,-1558.75,0,TU
4108.75,-1558.75,0,TU
3645.25,-1558.25,0,TU
3396.75,-1557.75,0,TU
2383.75,-1557.25,0,TU
4281.25,-1555.75,0,TU
3304.75,-1555.25,0,TU
3378.75,-1555.25,0,TU
4133.75,-1553.75,0,TU
3917.75,-1553.25,0,TU
2269.75,-1553.25,0,TU
4359.25,-1553.25,0,TU
2968.25,-1552.25,0,TU
2327.75,-1551.75,0,TU
2302.75,-1550.75,0,TU
4313.75,-1550.25,0,TU
1773.25,-1550.25,0,TU
3784.25,-1549.75,0,TU
1750.25,-1548.25,0,TU
4175.25,-1548.25,0,TU
3577.25,-1544.75,0,TU
4384.75,-1544.25,0,TU
3741.75,-1543.75,0,TU
3795.25,-1543.25,0,TU
2397.25,-1542.75,0,TU
3426.75,-1541.25,0,TU
3359.75,-1539.25,0,TU
2977.75,-1538.75,0,TU
3395.75,-1538.75,0,TU
3815.75,-1538.25,0,TU
3383.75,-1538.25,0,TU
3317.25,-1538.25,0,TU
1967.25,-1537.25,0,TU
3712.25,-1537.25,0,TU
4247.25,-1536.75,0,TU
3686.25,-1535.75,0,TU
4069.25,-1534.75,0,TU
4123.25,-1534.25,0,TU
1800.75,-1534.25,0,TU
4144.75,-1533.75,0,TU
2337.25,-1533.25,0,TU
3771.75,-1532.75,0,TU
2411.75,-1532.75,0,TU
2376.75,-1532.25,0,TU
2378.25,-1531.75,0,TU
3019.75,-1531.75,0,TU
4101.25,-1530.75,0,TU
1982.75,-1529.75,0,TU
3404.75,-1528.75,0,TU
2934.75,-1528.75,0,TU
3594.75,-1528.25,0,TU
3649.75,-1528.25,0,TU
4340.25,-1526.75,0,TU
3039.25,-1524.75,0,TU
3667.75,-1524.75,0,TU
3749.25,-1524.75,0,TU
1867.25,-1524.75,0,TU
3807.75,-1524.25,0,TU
1754.25,-1524.25,0,TU
4368.75,-1523.75,0,TU
3388.25,-1522.25,0,TU
2406.25,-1520.25,0,TU
2549.25,-1519.75,0,TU
4126.25,-1518.25,0,TU
3059.25,-1518.25,0,TU
1937.25,-1517.75,0,TU
3614.25,-1516.25,0,TU
4440.75,-1515.75,0,TU
4058.75,-1515.75,0,TU
3679.25,-1515.25,0,TU
1880.75,-1514.25,0,TU
1968.25,-1514.25,0,TU
3603.75,-1513.25,0,TU
4154.25,-1513.25,0,TU
3779.75,-1512.75,0,TU
2387.75,-1512.75,0,TU
1995.25,-1512.25,0,TU
3805.25,-1512.25,0,TU
4485.25,-1511.25,0,TU
2278.25,-1510.25,0,TU
3579.75,-1509.75,0,TU
1838.25,-1509.25,0,TU
3836.25,-1509.25,0,TU
4133.25,-1508.75,0,TU
3947.25,-1508.75,0,TU
4538.75,-1508.75,0,TU
3704.25,-1508.75,0,TU
3917.75,-1508.75,0,TU
3045.25,-1507.25,0,TU
4651.25,-1507.25,0,TU
4116.75,-1507.25,0,TU
4172.25,-1506.75,0,TU
3660.75,-1505.75,0,TU
3016.75,-1505.25,0,TU
4204.25,-1505.25,0,TU
4671.75,-1504.75,0,TU
3545.25,-1504.25,0,TU
1754.75,-1504.25,0,TU
1858.75,-1504.25,0,TU
2403.75,-1503.75,0,TU
2332.75,-1503.25,0,TU
4626.75,-1502.25,0,TU
2365.75,-1501.25,0,TU
3881.75,-1500.75,0,TU
2308.75,-1500.75,0,TU
2282.75,-1500.75,0,TU
3401.25,-1500.25,0,TU
3796.25,-1500.25,0,TU
3566.25,-1500.25,0,TU
2986.75,-1498.25,0,TU
3059.75,-1496.25,0,TU
4520.75,-1496.25,0,TU
4488.25,-1493.75,0,TU
4064.75,-1493.25,0,TU
3689.25,-1492.25,0,TU
4089.25,-1491.75,0,TU
3446.25,-1489.75,0,TU
4136.75,-1489.75,0,TU
2056.75,-1489.25,0,TU
3047.75,-1489.25,0,TU
3942.25,-1489.25,0,TU
4315.25,-1488.75,0,TU
2372.75,-1488.75,0,TU
4185.75,-1488.75,0,TU
2852.25,-1488.25,0,TU
3813.25,-1488.25,0,TU
3680.25,-1486.25,0,TU
4109.75,-1486.25,0,TU
2282.75,-1484.75,0,TU
2342.75,-1483.75,0,TU
4670.75,-1483.75,0,TU
4379.25,-1482.75,0,TU
2879.75,-1482.25,0,TU
2075.25,-1482.25,0,TU
3387.25,-1481.75,0,TU
4647.25,-1481.25,0,TU
3056.75,-1481.25,0,TU
2652.75,-1481.25,0,TU
4226.75,-1481.25,0,TU
3023.25,-1481.25,0,TU
1813.25,-1480.75,0,TU
3841.75,-1480.25,0,TU
2912.25,-1479.75,0,TU
4209.25,-1479.25,0,TU
3403.75,-1479.25,0,TU
2026.25,-1478.75,0,TU
2960.75,-1477.25,0,TU
2324.75,-1476.25,0,TU
2306.25,-1475.25,0,TU
2997.75,-1474.75,0,TU
4579.25,-1472.75,0,TU
1890.75,-1472.25,0,TU
4300.75,-1471.75,0,TU
4241.25,-1471.25,0,TU
1999.25,-1470.75,0,TU
3554.25,-1470.25,0,TU
3716.25,-1468.75,0,TU
4121.75,-1468.75,0,TU
3679.75,-1467.25,0,TU
1977.75,-1466.75,0,TU
1761.75,-1465.75,0,TU
1878.75,-1464.25,0,TU
4155.75,-1463.75,0,TU
3828.25,-1463.75,0,TU
1949.25,-1463.25,0,TU
2876.25,-1463.25,0,TU
2939.25,-1463.25,0,TU
3566.25,-1462.75,0,TU
2864.75,-1462.75,0,TU
4660.75,-1462.75,0,TU
4369.75,-1461.75,0,TU
3649.75,-1461.25,0,TU
3058.25,-1461.25,0,TU
3802.25,-1460.75,0,TU
3403.75,-1460.75,0,TU
2344.25,-1460.25,0,TU
2105.25,-1459.25,0,TU
4174.25,-1458.75,0,TU
4636.25,-1458.25,0,TU
1797.75,-1457.75,0,TU
3615.75,-1457.75,0,TU
3632.25,-1456.75,0,TU
4132.25,-1454.75,0,TU
4255.75,-1454.25,0,TU
1994.75,-1452.25,0,TU
3957.75,-1451.75,0,TU
2910.25,-1451.25,0,TU
3740.75,-1451.25,0,TU
3887.75,-1450.25,0,TU
4188.75,-1449.75,0,TU
3399.75,-1449.25,0,TU
2888.25,-1448.75,0,TU
2446.75,-1447.75,0,TU
1923.25,-1447.75,0,TU
3708.75,-1447.75,0,TU
4575.25,-1446.75,0,TU
1914.75,-1446.25,0,TU
3824.25,-1444.75,0,TU
3012.25,-1444.75,0,TU
3779.25,-1444.25,0,TU
2821.75,-1443.75,0,TU
2326.25,-1443.25,0,TU
1687.75,-1443.25,0,TU
1795.25,-1442.25,0,TU
2598.75,-1441.25,0,TU
3557.25,-1439.75,0,TU
4608.75,-1439.25,0,TU
2004.25,-1438.75,0,TU
2091.25,-1438.25,0,TU
3667.25,-1437.25,0,TU
2961.75,-1436.75,0,TU
2109.75,-1436.75,0,TU
4149.25,-1436.75,0,TU
3878.25,-1436.25,0,TU
3028.75,-1436.25,0,TU
1663.25,-1434.75,0,TU
3576.75,-1432.25,0,TU
3195.75,-1431.75,0,TU
4240.75,-1431.75,0,TU
1780.25,-1431.25,0,TU
2930.75,-1430.75,0,TU
4386.25,-1430.25,0,TU
2062.25,-1429.25,0,TU
3050.75,-1428.75,0,TU
3802.75,-1428.25,0,TU
3394.75,-1428.25,0,TU
1907.25,-1427.75,0,TU
3833.25,-1427.75,0,TU
1632.75,-1427.75,0,TU
4622.75,-1427.25,0,TU
2082.25,-1427.25,0,TU
2834.75,-1426.25,0,TU
2347.25,-1425.75,0,TU
2889.75,-1424.75,0,TU
4499.75,-1424.75,0,TU
3733.75,-1423.75,0,TU
2294.75,-1423.25,0,TU
4360.25,-1423.25,0,TU
4412.25,-1422.75,0,TU
3526.75,-1422.75,0,TU
1885.75,-1422.25,0,TU
1764.25,-1420.25,0,TU
4299.75,-1420.25,0,TU
4152.75,-1419.75,0,TU
3470.25,-1419.75,0,TU
1648.25,-1418.25,0,TU
3986.25,-1417.25,0,TU
3072.75,-1417.25,0,TU
4336.25,-1417.25,0,TU
4188.25,-1417.25,0,TU
1801.25,-1416.75,0,TU
2385.75,-1416.75,0,TU
2091.75,-1416.75,0,TU
4242.25,-1414.75,0,TU
3592.25,-1413.75,0,TU
2874.75,-1413.75,0,TU
1728.75,-1413.25,0,TU
1926.25,-1412.75,0,TU
4270.25,-1411.75,0,TU
3745.25,-1410.75,0,TU
2826.75,-1410.75,0,TU
2356.25,-1410.25,0,TU
3561.25,-1409.75,0,TU
3436.75,-1409.75,0,TU
2895.25,-1408.25,0,TU
3041.75,-1408.25,0,TU
2400.25,-1407.75,0,TU
4312.75,-1407.75,0,TU
4394.75,-1407.25,0,TU
1822.25,-1407.25,0,TU
3238.75,-1407.25,0,TU
3384.75,-1406.75,0,TU
3633.25,-1406.25,0,TU
2325.75,-1406.25,0,TU
3703.75,-1405.75,0,TU
2746.25,-1404.75,0,TU
3923.25,-1404.75,0,TU
1664.75,-1404.75,0,TU
3410.25,-1404.25,0,TU
4210.75,-1403.25,0,TU
2120.25,-1402.25,0,TU
3206.75,-1401.75,0,TU
1763.25,-1400.75,0,TU
3717.25,-1400.25,0,TU
4366.75,-1399.25,0,TU
2764.75,-1399.25,0,TU
1718.75,-1398.75,0,TU
1958.25,-1398.25,0,TU
3185.75,-1397.75,0,TU
2790.75,-1396.75,0,TU
1511.75,-1396.25,0,TU
4243.25,-1395.75,0,TU
1608.25,-1395.25,0,TU
3615.25,-1395.25,0,TU
4616.75,-1395.25,0,TU
2807.25,-1394.75,0,TU
2093.75,-1394.25,0,TU
4600.75,-1393.75,0,TU
4568.25,-1393.25,0,TU
3064.25,-1393.25,0,TU
2256.75,-1393.25,0,TU
2926.25,-1393.25,0,TU
4285.75,-1392.75,0,TU
2862.25,-1392.25,0,TU
4349.75,-1390.25,0,TU
4110.25,-1389.75,0,TU
2018.25,-1389.25,0,TU
4501.75,-1388.25,0,TU
3696.25,-1388.25,0,TU
1705.25,-1387.25,0,TU
3230.75,-1387.25,0,TU
2904.75,-1387.25,0,TU
1575.25,-1386.75,0,TU
2399.25,-1386.75,0,TU
1772.25,-1386.25,0,TU
2775.75,-1386.25,0,TU
3257.25,-1383.75,0,TU
1680.25,-1383.75,0,TU
3660.75,-1383.25,0,TU
1488.75,-1382.75,0,TU
1553.25,-1382.75,0,TU
3992.75,-1382.25,0,TU
1601.25,-1382.25,0,TU
2038.75,-1381.75,0,TU
2063.75,-1380.75,0,TU
2801.25,-1378.75,0,TU
1850.75,-1376.75,0,TU
3390.75,-1375.25,0,TU
1766.25,-1374.75,0,TU
1642.25,-1374.25,0,TU
2833.75,-1374.25,0,TU
3564.75,-1372.75,0,TU
4154.25,-1372.75,0,TU
1606.25,-1372.25,0,TU
4321.25,-1372.25,0,TU
3280.25,-1371.75,0,TU
4575.25,-1371.75,0,TU
1964.25,-1371.25,0,TU
4593.75,-1371.25,0,TU
2004.75,-1370.75,0,TU
1783.75,-1370.75,0,TU
4542.75,-1370.25,0,TU
3532.25,-1369.25,0,TU
3048.75,-1369.25,0,TU
4494.75,-1368.75,0,TU
4563.25,-1368.75,0,TU
2096.75,-1368.75,0,TU
4520.75,-1368.75,0,TU
4259.25,-1368.75,0,TU
2294.25,-1367.75,0,TU
2411.75,-1367.25,0,TU
2877.25,-1367.25,0,TU
1876.75,-1366.75,0,TU
4509.25,-1366.75,0,TU
1714.75,-1365.25,0,TU
2986.25,-1364.75,0,TU
3328.25,-1364.25,0,TU
3358.25,-1363.75,0,TU
1729.25,-1363.75,0,TU
1577.75,-1363.75,0,TU
2127.25,-1363.25,0,TU
2767.25,-1363.25,0,TU
3030.25,-1362.75,0,TU
1651.75,-1362.75,0,TU
3694.25,-1362.25,0,TU
3661.75,-1361.75,0,TU
2065.75,-1361.75,0,TU
4001.75,-1361.25,0,TU
1552.75,-1360.75,0,TU
2789.25,-1360.25,0,TU
2806.75,-1360.25,0,TU
1953.75,-1359.75,0,TU
3956.75,-1359.75,0,TU
3447.75,-1359.25,0,TU
4528.75,-1359.25,0,TU
2838.75,-1358.75,0,TU
4025.75,-1358.75,0,TU
3600.75,-1358.25,0,TU
4235.75,-1358.25,0,TU
1747.75,-1357.75,0,TU
2775.75,-1357.75,0,TU
2939.25,-1357.25,0,TU
4576.75,-1357.25,0,TU
2021.25,-1355.25,0,TU
4382.75,-1355.25,0,TU
3175.75,-1354.75,0,TU
4071.75,-1354.75,0,TU
4344.75,-1353.75,0,TU
3655.25,-1353.25,0,TU
2036.25,-1353.25,0,TU
2366.75,-1351.25,0,TU
3563.25,-1350.75,0,TU
3624.25,-1350.75,0,TU
2107.25,-1350.75,0,TU
2970.25,-1350.25,0,TU
2001.25,-1350.25,0,TU
2059.25,-1349.25,0,TU
3053.25,-1348.75,0,TU
1557.75,-1348.25,0,TU
1672.75,-1347.75,0,TU
2402.25,-1347.75,0,TU
2279.75,-1347.75,0,TU
2511.75,-1347.75,0,TU
4502.25,-1347.25,0,TU
3790.75,-1346.75,0,TU
2858.75,-1346.25,0,TU
4470.25,-1345.75,0,TU
4265.25,-1345.25,0,TU
4205.25,-1344.75,0,TU
3591.25,-1344.25,0,TU
4226.75,-1343.25,0,TU
4555.75,-1343.25,0,TU
2916.75,-1343.25,0,TU
4000.75,-1342.25,0,TU
3646.75,-1341.25,0,TU
2795.25,-1341.25,0,TU
3739.25,-1340.75,0,TU
1955.75,-1339.75,0,TU
3030.75,-1339.75,0,TU
3607.25,-1339.25,0,TU
3212.75,-1338.75,0,TU
2106.25,-1337.75,0,TU
2043.75,-1337.25,0,TU
4349.75,-1337.25,0,TU
3683.75,-1336.25,0,TU
2524.75,-1336.25,0,TU
1773.75,-1335.75,0,TU
2021.75,-1335.25,0,TU
2364.75,-1334.75,0,TU
1752.75,-1334.75,0,TU
4492.25,-1334.25,0,TU
1411.25,-1334.25,0,TU
3344.75,-1334.25,0,TU
2941.25,-1333.75,0,TU
4046.25,-1333.25,0,TU
2385.25,-1332.75,0,TU
3705.25,-1332.75,0,TU
4250.75,-1332.25,0,TU
3730.25,-1331.75,0,TU
3983.25,-1331.75,0,TU
3543.75,-1330.75,0,TU
1692.25,-1330.75,0,TU
3661.25,-1330.25,0,TU
1621.75,-1330.25,0,TU
3046.25,-1329.75,0,TU
4470.75,-1328.75,0,TU
4319.75,-1328.75,0,TU
1674.75,-1327.25,0,TU
3769.75,-1326.25,0,TU
4514.25,-1326.25,0,TU
3564.25,-1325.75,0,TU
2316.75,-1325.75,0,TU
4231.75,-1325.25,0,TU
2296.25,-1325.25,0,TU
4444.75,-1324.75,0,TU
4196.75,-1324.75,0,TU
4342.75,-1324.25,0,TU
2353.75,-1323.25,0,TU
2505.75,-1322.75,0,TU
4359.75,-1322.25,0,TU
2996.25,-1322.25,0,TU
3726.25,-1321.75,0,TU
2268.25,-1321.75,0,TU
2938.25,-1321.75,0,TU
2339.25,-1321.25,0,TU
4174.75,-1320.75,0,TU
3964.25,-1319.75,0,TU
3998.75,-1319.75,0,TU
2886.25,-1319.75,0,TU
3689.75,-1319.25,0,TU
2961.75,-1319.25,0,TU
2920.75,-1318.25,0,TU
3748.75,-1317.25,0,TU
3653.25,-1316.25,0,TU
3607.25,-1315.75,0,TU
2846.75,-1315.25,0,TU
3674.25,-1314.75,0,TU
3446.75,-1314.25,0,TU
1774.25,-1314.25,0,TU
4496.75,-1312.25,0,TU
1987.25,-1311.75,0,TU
1687.75,-1311.25,0,TU
2317.25,-1310.75,0,TU
2899.75,-1310.25,0,TU
2964.25,-1309.75,0,TU
3204.25,-1308.75,0,TU
2802.75,-1308.25,0,TU
3945.25,-1307.75,0,TU
3895.75,-1307.75,0,TU
1406.25,-1307.75,0,TU
2352.75,-1307.75,0,TU
3718.25,-1307.25,0,TU
2390.25,-1307.25,0,TU
4527.25,-1306.75,0,TU
1723.25,-1306.75,0,TU
2363.25,-1306.75,0,TU
2831.75,-1306.25,0,TU
3227.75,-1306.25,0,TU
4505.25,-1304.75,0,TU
4339.25,-1304.25,0,TU
3347.25,-1304.25,0,TU
3015.75,-1304.25,0,TU
4298.75,-1304.25,0,TU
2001.25,-1303.75,0,TU
3923.25,-1303.25,0,TU
2077.25,-1303.25,0,TU
1810.75,-1301.75,0,TU
3694.75,-1301.75,0,TU
2500.25,-1300.75,0,TU
1758.25,-1300.25,0,TU
3666.75,-1300.25,0,TU
3631.25,-1299.25,0,TU
3995.75,-1299.25,0,TU
2989.75,-1298.25,0,TU
2937.25,-1298.25,0,TU
2885.75,-1298.25,0,TU
2204.75,-1297.75,0,TU
2971.25,-1296.75,0,TU
3582.25,-1295.75,0,TU
2833.25,-1295.25,0,TU
3375.75,-1295.25,0,TU
4240.25,-1295.25,0,TU
3536.75,-1294.75,0,TU
2318.75,-1293.75,0,TU
3506.75,-1293.75,0,TU
1790.25,-1293.75,0,TU
2272.75,-1292.75,0,TU
2047.75,-1291.75,0,TU
3955.25,-1291.25,0,TU
3753.25,-1291.25,0,TU
3025.25,-1291.25,0,TU
4132.75,-1290.75,0,TU
1770.75,-1290.25,0,TU
3767.25,-1288.75,0,TU
1899.25,-1288.25,0,TU
4508.75,-1288.25,0,TU
2096.75,-1287.75,0,TU
2365.75,-1287.25,0,TU
4029.75,-1287.25,0,TU
3560.75,-1286.75,0,TU
4201.75,-1286.75,0,TU
2789.25,-1286.75,0,TU
3340.25,-1286.25,0,TU
2876.25,-1285.75,0,TU
1750.25,-1285.75,0,TU
3309.25,-1285.25,0,TU
2811.75,-1284.75,0,TU
2487.25,-1284.25,0,TU
3891.75,-1283.25,0,TU
4058.25,-1282.75,0,TU
3974.25,-1282.75,0,TU
3914.75,-1282.25,0,TU
1855.75,-1282.25,0,TU
3011.75,-1282.25,0,TU
1823.25,-1281.75,0,TU
3986.25,-1281.25,0,TU
2462.25,-1281.25,0,TU
2384.25,-1280.75,0,TU
2000.25,-1280.75,0,TU
2340.25,-1279.75,0,TU
1927.75,-1279.25,0,TU
1730.25,-1279.25,0,TU
2991.75,-1279.25,0,TU
3690.25,-1278.75,0,TU
2837.25,-1278.25,0,TU
2665.75,-1278.25,0,TU
4324.25,-1278.25,0,TU
3935.75,-1278.25,0,TU
1326.25,-1277.75,0,TU
4424.25,-1277.75,0,TU
2981.25,-1277.25,0,TU
2253.75,-1277.25,0,TU
4078.25,-1277.25,0,TU
2966.75,-1276.75,0,TU
2504.25,-1276.75,0,TU
3708.75,-1276.25,0,TU
3411.75,-1275.75,0,TU
3874.75,-1275.25,0,TU
3596.75,-1275.25,0,TU
3289.25,-1274.75,0,TU
3573.25,-1274.25,0,TU
1776.25,-1274.25,0,TU
4133.25,-1273.75,0,TU
4209.75,-1272.75,0,TU
2288.75,-1271.75,0,TU
1793.75,-1271.75,0,TU
2360.25,-1271.25,0,TU
3629.25,-1270.75,0,TU
2946.75,-1270.25,0,TU
2031.75,-1269.75,0,TU
3721.75,-1269.75,0,TU
1922.75,-1269.25,0,TU
2854.75,-1269.25,0,TU
3920.25,-1269.25,0,TU
2087.25,-1268.75,0,TU
3901.25,-1268.75,0,TU
4497.75,-1268.25,0,TU
4301.25,-1267.75,0,TU
1700.75,-1267.75,0,TU
4106.25,-1267.25,0,TU
2055.25,-1267.25,0,TU
3787.25,-1265.75,0,TU
3509.25,-1265.75,0,TU
2447.25,-1264.25,0,TU
2469.75,-1263.75,0,TU
2822.25,-1263.75,0,TU
3860.75,-1263.25,0,TU
3433.25,-1263.25,0,TU
2911.75,-1262.75,0,TU
2231.75,-1262.25,0,TU
4217.75,-1261.75,0,TU
2125.75,-1261.75,0,TU
1912.25,-1261.25,0,TU
2885.75,-1261.25,0,TU
3884.75,-1260.75,0,TU
3407.25,-1259.75,0,TU
3309.25,-1259.25,0,TU
2507.25,-1258.75,0,TU
1894.25,-1257.25,0,TU
3274.75,-1256.75,0,TU
2195.75,-1256.75,0,TU
2302.25,-1256.25,0,TU
4020.75,-1256.25,0,TU
3673.25,-1256.25,0,TU
4279.25,-1255.75,0,TU
1878.75,-1254.25,0,TU
2927.25,-1253.25,0,TU
2042.75,-1253.25,0,TU
1730.75,-1251.75,0,TU
3799.25,-1251.75,0,TU
1924.75,-1250.75,0,TU
3963.75,-1250.75,0,TU
4312.25,-1249.25,0,TU
1326.75,-1249.25,0,TU
4142.25,-1248.25,0,TU
2451.25,-1247.75,0,TU
2720.75,-1247.25,0,TU
3993.25,-1246.75,0,TU
3649.75,-1246.25,0,TU
1370.25,-1245.75,0,TU
2477.25,-1245.25,0,TU
3781.75,-1245.25,0,TU
2062.75,-1244.25,0,TU
3932.25,-1243.25,0,TU
3755.75,-1242.75,0,TU
3288.25,-1242.75,0,TU
2502.25,-1242.75,0,TU
4270.25,-1242.75,0,TU
3813.75,-1242.25,0,TU
1809.25,-1241.75,0,TU
1840.75,-1241.75,0,TU
2662.25,-1241.75,0,TU
4363.25,-1241.25,0,TU
1762.75,-1240.75,0,TU
3866.25,-1240.25,0,TU
3319.25,-1240.25,0,TU
2373.25,-1240.25,0,TU
3952.25,-1239.75,0,TU
3408.75,-1239.75,0,TU
2413.25,-1239.75,0,TU
2943.25,-1239.25,0,TU
2881.75,-1237.25,0,TU
4292.25,-1236.25,0,TU
4035.75,-1236.25,0,TU
4073.75,-1235.75,0,TU
2192.75,-1235.75,0,TU
2052.25,-1235.75,0,TU
2451.25,-1233.75,0,TU
2792.75,-1233.75,0,TU
3263.25,-1233.25,0,TU
2293.25,-1233.25,0,TU
1353.25,-1232.75,0,TU
4400.75,-1232.25,0,TU
4425.25,-1231.75,0,TU
2863.25,-1231.25,0,TU
3427.25,-1230.75,0,TU
3322.75,-1229.75,0,TU
4335.25,-1229.75,0,TU
4131.75,-1229.25,0,TU
2103.25,-1228.75,0,TU
1939.25,-1228.25,0,TU
1779.75,-1227.75,0,TU
3804.25,-1227.75,0,TU
3964.25,-1227.25,0,TU
3825.75,-1226.75,0,TU
1823.25,-1226.75,0,TU
3294.25,-1226.25,0,TU
2493.25,-1226.25,0,TU
3558.25,-1225.75,0,TU
1799.75,-1224.75,0,TU
1250.25,-1224.75,0,TU
2848.25,-1223.75,0,TU
4151.25,-1223.25,0,TU
4061.25,-1221.75,0,TU
1268.25,-1219.75,0,TU
1838.75,-1219.25,0,TU
2514.25,-1219.25,0,TU
1875.25,-1219.25,0,TU
2261.75,-1218.25,0,TU
1924.25,-1217.25,0,TU
4006.25,-1217.25,0,TU
2832.75,-1217.25,0,TU
1979.25,-1216.75,0,TU
1958.25,-1216.75,0,TU
3874.25,-1216.25,0,TU
1893.75,-1215.75,0,TU
3849.25,-1215.75,0,TU
3441.75,-1215.75,0,TU
1759.25,-1215.25,0,TU
2948.25,-1215.25,0,TU
3784.75,-1215.25,0,TU
1417.75,-1214.75,0,TU
2443.75,-1214.75,0,TU
4137.75,-1213.25,0,TU
2060.25,-1213.25,0,TU
2811.75,-1212.25,0,TU
3476.25,-1212.25,0,TU
3262.25,-1211.75,0,TU
4408.25,-1211.25,0,TU
1341.25,-1211.25,0,TU
2392.75,-1210.75,0,TU
2211.75,-1210.75,0,TU
1946.75,-1210.75,0,TU
2771.25,-1209.75,0,TU
3402.25,-1207.25,0,TU
2241.25,-1207.25,0,TU
2493.75,-1206.75,0,TU
2081.25,-1205.75,0,TU
3831.75,-1205.75,0,TU
3956.75,-1205.75,0,TU
2710.75,-1205.25,0,TU
2472.75,-1205.25,0,TU
2422.25,-1203.75,0,TU
2929.75,-1203.75,0,TU
3724.75,-1203.75,0,TU
2024.25,-1203.25,0,TU
1312.75,-1202.75,0,TU
3758.25,-1202.75,0,TU
2836.25,-1201.75,0,TU
3453.75,-1201.25,0,TU
1909.75,-1200.25,0,TU
2129.25,-1200.25,0,TU
1787.25,-1199.25,0,TU
3441.25,-1199.25,0,TU
2516.25,-1199.25,0,TU
3513.25,-1198.75,0,TU
3842.75,-1198.25,0,TU
3323.25,-1198.25,0,TU
1845.25,-1197.75,0,TU
2857.25,-1197.25,0,TU
3288.75,-1196.75,0,TU
2224.75,-1196.25,0,TU
2453.75,-1196.25,0,TU
3816.75,-1195.25,0,TU
2289.75,-1194.25,0,TU
4013.75,-1194.25,0,TU
4393.25,-1193.75,0,TU
1991.75,-1192.75,0,TU
2787.75,-1192.75,0,TU
2759.25,-1191.75,0,TU
2268.25,-1190.75,0,TU
3304.25,-1190.25,0,TU
3899.75,-1190.25,0,TU
2953.25,-1190.25,0,TU
2807.75,-1190.25,0,TU
2399.25,-1189.25,0,TU
2086.75,-1189.25,0,TU
2056.25,-1187.75,0,TU
1960.75,-1187.75,0,TU
2307.75,-1187.25,0,TU
1922.75,-1186.75,0,TU
2491.25,-1185.75,0,TU
4111.75,-1185.25,0,TU
4157.75,-1185.25,0,TU
3745.25,-1185.25,0,TU
1888.75,-1183.75,0,TU
1763.25,-1183.75,0,TU
2206.75,-1183.75,0,TU
4284.75,-1181.75,0,TU
2245.25,-1181.75,0,TU
1946.25,-1181.75,0,TU
3435.25,-1180.75,0,TU
2819.25,-1180.75,0,TU
4127.25,-1180.75,0,TU
3340.25,-1180.25,0,TU
4382.75,-1179.75,0,TU
4304.75,-1179.25,0,TU
3459.25,-1178.75,0,TU
2421.25,-1178.75,0,TU
3809.75,-1178.75,0,TU
3398.75,-1177.75,0,TU
2346.75,-1177.75,0,TU
4141.25,-1177.25,0,TU
1824.75,-1177.25,0,TU
4047.25,-1177.25,0,TU
1296.25,-1176.75,0,TU
1799.75,-1176.25,0,TU
2837.25,-1176.25,0,TU
3314.75,-1175.75,0,TU
3873.75,-1175.25,0,TU
3992.25,-1174.75,0,TU
1971.25,-1173.25,0,TU
2790.75,-1173.25,0,TU
2429.75,-1173.25,0,TU
3292.75,-1172.75,0,TU
2231.75,-1172.25,0,TU
3426.75,-1172.25,0,TU
2394.75,-1171.75,0,TU
4091.25,-1168.75,0,TU
1933.75,-1168.75,0,TU
1919.25,-1168.25,0,TU
2800.75,-1168.25,0,TU
3277.75,-1167.75,0,TU
1949.75,-1167.75,0,TU
2478.25,-1167.75,0,TU
3353.25,-1166.25,0,TU
1899.25,-1165.75,0,TU
2284.75,-1164.75,0,TU
2051.75,-1164.75,0,TU
3332.75,-1164.75,0,TU
1854.25,-1164.25,0,TU
1783.75,-1162.25,0,TU
2762.25,-1162.25,0,TU
3581.75,-1161.25,0,TU
2212.25,-1160.75,0,TU
1313.25,-1160.75,0,TU
2734.75,-1160.75,0,TU
4025.25,-1160.25,0,TU
3950.75,-1159.75,0,TU
3697.25,-1158.75,0,TU
4174.25,-1158.75,0,TU
2089.75,-1158.25,0,TU
1826.25,-1158.25,0,TU
3833.75,-1157.75,0,TU
1808.75,-1156.75,0,TU
4106.75,-1156.25,0,TU
2636.25,-1155.75,0,TU
2068.75,-1155.75,0,TU
3665.75,-1155.25,0,TU
3529.25,-1154.75,0,TU
3365.25,-1154.75,0,TU
3893.25,-1154.75,0,TU
2425.75,-1152.75,0,TU
3242.25,-1152.75,0,TU
4141.25,-1152.75,0,TU
1934.25,-1151.75,0,TU
3300.75,-1151.25,0,TU
2861.25,-1150.25,0,TU
3438.25,-1150.25,0,TU
1846.75,-1150.25,0,TU
2212.25,-1149.75,0,TU
4120.25,-1149.25,0,TU
1971.25,-1148.75,0,TU
2820.25,-1148.75,0,TU
1950.75,-1148.75,0,TU
3280.25,-1147.25,0,TU
3553.25,-1146.75,0,TU
4027.25,-1146.75,0,TU
2490.75,-1144.75,0,TU
4089.25,-1144.25,0,TU
2467.25,-1142.75,0,TU
4348.75,-1142.25,0,TU
1824.25,-1142.25,0,TU
1912.75,-1141.75,0,TU
3346.75,-1141.25,0,TU
2838.75,-1139.25,0,TU
2704.25,-1137.25,0,TU
3571.25,-1137.25,0,TU
4043.25,-1137.25,0,TU
2906.75,-1135.25,0,TU
3279.25,-1133.75,0,TU
2718.25,-1133.25,0,TU
3685.75,-1131.25,0,TU
2675.25,-1129.75,0,TU
1846.25,-1129.75,0,TU
3558.25,-1128.75,0,TU
2301.75,-1128.25,0,TU
3599.25,-1127.75,0,TU
2506.25,-1127.75,0,TU
4018.25,-1126.75,0,TU
3667.75,-1126.75,0,TU
3852.25,-1125.25,0,TU
3269.25,-1125.25,0,TU
3416.25,-1124.75,0,TU
1830.25,-1124.25,0,TU
2779.25,-1123.75,0,TU
3961.25,-1123.25,0,TU
3358.75,-1122.75,0,TU
3290.25,-1122.25,0,TU
3112.25,-1120.75,0,TU
4160.75,-1119.75,0,TU
1778.25,-1118.25,0,TU
2477.25,-1118.25,0,TU
3147.75,-1117.75,0,TU
2460.25,-1117.25,0,TU
1823.25,-1116.25,0,TU
3992.25,-1114.75,0,TU
1793.25,-1113.75,0,TU
4047.75,-1113.25,0,TU
2318.25,-1112.25,0,TU
1941.75,-1111.75,0,TU
2230.75,-1111.25,0,TU
3399.75,-1110.25,0,TU
3555.25,-1109.75,0,TU
2487.75,-1109.25,0,TU
1966.75,-1108.25,0,TU
3278.75,-1107.75,0,TU
2005.75,-1106.75,0,TU
3675.25,-1106.75,0,TU
2475.75,-1106.25,0,TU
978.25,-1105.25,0,TU
3564.75,-1105.25,0,TU
4027.75,-1102.75,0,TU
3939.75,-1102.75,0,TU
3240.25,-1102.75,0,TU
1982.25,-1102.75,0,TU
1811.25,-1101.25,0,TU
2833.75,-1100.75,0,TU
3271.75,-1100.25,0,TU
2456.25,-1099.75,0,TU
2622.25,-1098.25,0,TU
3413.75,-1097.75,0,TU
3606.75,-1096.75,0,TU
3204.75,-1095.75,0,TU
3585.25,-1094.25,0,TU
1853.75,-1094.25,0,TU
3856.25,-1093.25,0,TU
3170.75,-1093.25,0,TU
2714.75,-1092.75,0,TU
3841.75,-1092.25,0,TU
3797.25,-1089.25,0,TU
3291.75,-1088.25,0,TU
1008.75,-1087.25,0,TU
2444.75,-1087.25,0,TU
2009.25,-1086.75,0,TU
3811.25,-1086.25,0,TU
2091.75,-1086.25,0,TU
4059.75,-1084.25,0,TU
3378.25,-1083.75,0,TU
3730.75,-1083.25,0,TU
3259.25,-1082.75,0,TU
1932.25,-1081.75,0,TU
2651.25,-1081.25,0,TU
4111.75,-1080.75,0,TU
1036.25,-1080.75,0,TU
2363.25,-1080.25,0,TU
3574.25,-1079.75,0,TU
1823.75,-1078.75,0,TU
866.75,-1078.75,0,TU
985.25,-1078.75,0,TU
4037.25,-1077.25,0,TU
2874.75,-1076.75,0,TU
4082.75,-1075.75,0,TU
2617.25,-1075.25,0,TU
3211.25,-1075.25,0,TU
3676.25,-1074.25,0,TU
3794.75,-1072.75,0,TU
3560.75,-1072.75,0,TU
2085.75,-1072.25,0,TU
3503.25,-1071.75,0,TU
2452.25,-1069.75,0,TU
2398.25,-1068.75,0,TU
3432.75,-1068.75,0,TU
2634.75,-1066.75,0,TU
2297.75,-1066.25,0,TU
4128.75,-1063.25,0,TU
2857.25,-1063.25,0,TU
3357.25,-1062.25,0,TU
1846.75,-1060.75,0,TU
2139.25,-1059.75,0,TU
4090.25,-1058.75,0,TU
3426.25,-1055.25,0,TU
3224.75,-1054.75,0,TU
4104.25,-1053.75,0,TU
1059.25,-1053.75,0,TU
2272.25,-1053.75,0,TU
3778.25,-1052.75,0,TU
999.25,-1051.75,0,TU
4075.25,-1051.25,0,TU
2010.25,-1050.25,0,TU
1880.25,-1049.25,0,TU
3662.25,-1048.75,0,TU
2636.25,-1047.75,0,TU
1929.75,-1047.25,0,TU
1969.25,-1046.75,0,TU
1899.75,-1046.25,0,TU
2247.25,-1046.25,0,TU
2086.25,-1045.75,0,TU
3245.25,-1045.25,0,TU
2374.75,-1045.25,0,TU
2845.75,-1044.25,0,TU
3176.25,-1043.25,0,TU
4062.25,-1043.25,0,TU
2713.25,-1042.75,0,TU
3181.75,-1042.75,0,TU
1038.25,-1041.25,0,TU
990.25,-1041.25,0,TU
2661.25,-1041.25,0,TU
2171.25,-1039.75,0,TU
2689.25,-1039.75,0,TU
3963.25,-1039.25,0,TU
3415.25,-1038.25,0,TU
2387.75,-1038.25,0,TU
2473.25,-1037.75,0,TU
3624.25,-1036.75,0,TU
2867.75,-1036.25,0,TU
3604.75,-1035.75,0,TU
1925.25,-1034.25,0,TU
3991.75,-1034.25,0,TU
3740.25,-1034.25,0,TU
3309.25,-1034.25,0,TU
1948.25,-1033.25,0,TU
1006.75,-1032.75,0,TU
967.25,-1031.25,0,TU
3482.75,-1030.75,0,TU
3537.75,-1028.75,0,TU
3111.25,-1027.75,0,TU
2098.25,-1027.75,0,TU
2522.75,-1027.25,0,TU
4101.25,-1025.75,0,TU
4125.25,-1024.25,0,TU
1122.75,-1023.75,0,TU
2066.25,-1023.25,0,TU
2360.75,-1022.75,0,TU
1968.25,-1022.25,0,TU
3294.25,-1022.25,0,TU
2346.75,-1022.25,0,TU
2130.25,-1022.25,0,TU
2484.75,-1021.75,0,TU
1017.75,-1021.75,0,TU
1141.75,-1021.75,0,TU
4005.25,-1019.75,0,TU
1066.75,-1018.75,0,TU
3975.25,-1018.75,0,TU
1092.25,-1018.75,0,TU
3168.75,-1018.75,0,TU
1053.25,-1017.75,0,TU
3537.75,-1016.75,0,TU
3094.25,-1016.75,0,TU
3409.25,-1016.75,0,TU
3251.75,-1016.25,0,TU
1860.25,-1016.25,0,TU
983.25,-1016.25,0,TU
2305.25,-1015.25,0,TU
4065.75,-1015.25,0,TU
1036.75,-1015.25,0,TU
2382.25,-1015.25,0,TU
2736.75,-1014.25,0,TU
3286.25,-1013.25,0,TU
1930.25,-1012.75,0,TU
3141.75,-1012.25,0,TU
3270.25,-1011.75,0,TU
4036.25,-1011.25,0,TU
4088.75,-1010.75,0,TU
2328.25,-1010.25,0,TU
3344.75,-1009.75,0,TU
2213.75,-1009.75,0,TU
991.75,-1009.25,0,TU
2111.25,-1008.25,0,TU
3503.75,-1007.75,0,TU
3108.75,-1007.75,0,TU
2182.75,-1007.25,0,TU
3581.75,-1006.75,0,TU
2913.25,-1006.75,0,TU
1133.75,-1006.25,0,TU
954.25,-1005.75,0,TU
1875.25,-1004.75,0,TU
1941.75,-1004.75,0,TU
3992.75,-1004.25,0,TU
2034.25,-1004.25,0,TU
1969.75,-1004.25,0,TU
2366.25,-1002.75,0,TU
1089.25,-1001.75,0,TU
2063.25,-1001.75,0,TU
3525.25,-1001.75,0,TU
2086.25,-999.75,0,TU
964.75,-998.25,0,TU
3165.75,-998.25,0,TU
2346.25,-998.25,0,TU
2301.25,-997.75,0,TU
3547.25,-997.75,0,TU
3080.75,-997.75,0,TU
2134.25,-997.25,0,TU
3562.75,-997.25,0,TU
1170.75,-996.75,0,TU
2191.25,-995.75,0,TU
2729.25,-995.75,0,TU
3695.25,-994.75,0,TU
3593.75,-993.25,0,TU
4014.25,-991.25,0,TU
3135.25,-990.75,0,TU
2018.75,-990.75,0,TU
1962.25,-990.25,0,TU
1110.75,-989.75,0,TU
2204.25,-988.75,0,TU
1904.75,-987.75,0,TU
3577.75,-987.75,0,TU
2051.25,-987.75,0,TU
2125.25,-987.75,0,TU
3364.75,-987.25,0,TU
2155.25,-986.75,0,TU
1126.25,-986.75,0,TU
1145.25,-985.75,0,TU
2905.75,-985.75,0,TU
2182.25,-985.25,0,TU
2352.25,-984.25,0,TU
3153.75,-984.25,0,TU
3997.75,-984.25,0,TU
2950.25,-981.75,0,TU
1812.75,-981.25,0,TU
3335.75,-980.75,0,TU
1092.25,-978.75,0,TU
2074.25,-978.75,0,TU
1199.75,-978.25,0,TU
3409.25,-976.25,0,TU
2543.25,-976.25,0,TU
3635.75,-976.25,0,TU
1968.75,-976.25,0,TU
2920.75,-975.75,0,TU
1932.25,-975.25,0,TU
2036.75,-974.25,0,TU
3548.25,-973.75,0,TU
3569.75,-973.75,0,TU
2209.75,-972.75,0,TU
2000.75,-972.75,0,TU
2191.75,-971.75,0,TU
2944.25,-971.75,0,TU
3127.75,-971.75,0,TU
1163.25,-971.25,0,TU
3613.25,-969.25,0,TU
2496.25,-969.25,0,TU
1273.25,-967.75,0,TU
3674.25,-966.75,0,TU
1228.75,-966.75,0,TU
1834.25,-966.25,0,TU
2925.25,-965.25,0,TU
3100.75,-964.25,0,TU
1181.25,-963.75,0,TU
2358.75,-963.25,0,TU
2986.75,-963.25,0,TU
1116.75,-962.75,0,TU
3825.25,-961.75,0,TU
1891.75,-961.25,0,TU
1852.25,-961.25,0,TU
2160.75,-960.25,0,TU
1287.75,-960.25,0,TU
1820.75,-960.25,0,TU
1868.75,-957.25,0,TU
2737.25,-957.25,0,TU
1092.75,-956.75,0,TU
2032.75,-956.75,0,TU
2897.25,-956.25,0,TU
3559.25,-954.75,0,TU
2715.75,-954.75,0,TU
3257.25,-954.75,0,TU
2237.25,-954.25,0,TU
2761.75,-953.75,0,TU
1265.25,-953.75,0,TU
1203.75,-952.75,0,TU
3652.75,-951.75,0,TU
2259.25,-951.75,0,TU
3674.75,-950.75,0,TU
3841.75,-950.75,0,TU
2945.75,-950.25,0,TU
3529.25,-949.75,0,TU
3231.25,-949.75,0,TU
1845.75,-949.25,0,TU
1794.25,-949.25,0,TU
2820.75,-948.75,0,TU
1103.75,-948.75,0,TU
3107.25,-948.25,0,TU
1816.75,-947.75,0,TU
2857.75,-947.75,0,TU
2174.25,-946.75,0,TU
1157.75,-946.75,0,TU
1970.25,-945.75,0,TU
1831.75,-945.75,0,TU
2536.75,-945.25,0,TU
2323.75,-945.25,0,TU
2150.25,-944.25,0,TU
1129.75,-944.25,0,TU
1936.25,-942.25,0,TU
2910.75,-942.25,0,TU
1774.25,-942.25,0,TU
2197.75,-941.25,0,TU
3698.25,-941.25,0,TU
2215.25,-940.75,0,TU
2497.25,-940.75,0,TU
3799.75,-939.75,0,TU
2271.75,-939.25,0,TU
2021.25,-939.25,0,TU
2234.75,-938.25,0,TU
2482.75,-937.75,0,TU
3170.25,-937.25,0,TU
1862.25,-936.25,0,TU
2309.75,-935.75,0,TU
1814.25,-934.75,0,TU
1134.75,-934.75,0,TU
2795.25,-933.75,0,TU
1879.25,-933.75,0,TU
2669.25,-932.25,0,TU
3210.25,-932.25,0,TU
1186.25,-931.75,0,TU
3863.75,-931.75,0,TU
1985.25,-931.75,0,TU
3362.75,-931.25,0,TU
2180.75,-931.25,0,TU
2060.75,-930.25,0,TU
3233.25,-929.75,0,TU
3155.25,-928.75,0,TU
1110.25,-928.25,0,TU
2817.25,-928.25,0,TU
3255.75,-927.75,0,TU
3305.25,-927.25,0,TU
2013.25,-927.25,0,TU
2252.75,-927.25,0,TU
1946.25,-926.75,0,TU
2152.75,-926.75,0,TU
3477.75,-926.25,0,TU
1787.25,-926.25,0,TU
1799.75,-924.25,0,TU
3811.75,-923.75,0,TU
3653.75,-921.25,0,TU
2173.75,-920.75,0,TU
1207.75,-920.75,0,TU
3012.25,-920.75,0,TU
1835.75,-919.25,0,TU
3787.25,-919.25,0,TU
1994.75,-918.75,0,TU
3226.25,-917.75,0,TU
1818.75,-917.25,0,TU
3201.75,-916.75,0,TU
1965.75,-915.75,0,TU
1256.25,-915.25,0,TU
1897.25,-915.25,0,TU
3887.25,-913.75,0,TU
1981.75,-913.25,0,TU
3294.25,-913.25,0,TU
3902.25,-912.75,0,TU
3377.75,-912.75,0,TU
2266.25,-911.75,0,TU
2533.75,-911.25,0,TU
3518.25,-910.25,0,TU
3339.75,-910.25,0,TU
3750.25,-908.75,0,TU
2323.75,-908.25,0,TU
2047.25,-907.75,0,TU
3438.75,-905.75,0,TU
2975.25,-905.25,0,TU
3779.25,-904.75,0,TU
3829.75,-904.75,0,TU
2197.75,-904.25,0,TU
2120.25,-903.75,0,TU
3162.25,-903.75,0,TU
2250.75,-903.75,0,TU
1931.75,-903.25,0,TU
3465.25,-903.25,0,TU
3533.25,-903.25,0,TU
3228.25,-902.25,0,TU
2155.25,-901.75,0,TU
2082.75,-901.75,0,TU
2637.25,-901.25,0,TU
2300.25,-900.75,0,TU
3805.75,-900.75,0,TU
1970.25,-900.25,0,TU
1217.25,-899.75,0,TU
2368.75,-899.25,0,TU
3888.25,-898.25,0,TU
2820.25,-898.25,0,TU
3848.75,-897.75,0,TU
2405.75,-897.75,0,TU
2106.75,-897.25,0,TU
2237.25,-895.25,0,TU
3299.25,-895.25,0,TU
2313.75,-894.75,0,TU
2008.75,-894.25,0,TU
3880.25,-894.25,0,TU
2922.75,-892.25,0,TU
3508.25,-891.25,0,TU
2736.25,-891.25,0,TU
3900.75,-890.75,0,TU
3072.75,-890.25,0,TU
3748.25,-889.75,0,TU
2122.75,-888.75,0,TU
1149.25,-887.75,0,TU
3774.25,-887.75,0,TU
2800.75,-887.75,0,TU
3304.75,-887.75,0,TU
3102.25,-886.75,0,TU
2332.75,-886.75,0,TU
1209.25,-886.75,0,TU
3328.25,-885.75,0,TU
3532.75,-885.75,0,TU
2262.75,-884.75,0,TU
2874.75,-884.25,0,TU
1314.25,-883.75,0,TU
3029.75,-881.25,0,TU
3246.75,-880.75,0,TU
1924.25,-880.25,0,TU
3480.25,-879.75,0,TU
2095.75,-879.25,0,TU
3824.25,-878.75,0,TU
3689.75,-878.75,0,TU
1185.25,-878.75,0,TU
3446.25,-877.75,0,TU
1990.75,-876.25,0,TU
1332.25,-874.25,0,TU
2434.25,-873.75,0,TU
2415.25,-872.75,0,TU
3519.75,-871.25,0,TU
1250.25,-871.25,0,TU
2373.25,-870.75,0,TU
1141.25,-870.75,0,TU
2139.75,-870.25,0,TU
2762.75,-869.75,0,TU
2979.25,-868.25,0,TU
2122.75,-867.75,0,TU
3081.25,-867.75,0,TU
3119.25,-867.75,0,TU
2351.75,-866.75,0,TU
3494.75,-866.25,0,TU
2793.25,-866.25,0,TU
2022.25,-864.25,0,TU
3003.75,-863.25,0,TU
3798.75,-861.75,0,TU
2435.75,-860.25,0,TU
3743.25,-860.25,0,TU
3770.75,-860.25,0,TU
2640.75,-857.75,0,TU
2969.75,-857.75,0,TU
3514.75,-856.25,0,TU
2397.75,-855.75,0,TU
2894.25,-855.75,0,TU
3682.25,-851.75,0,TU
2368.25,-851.25,0,TU
2792.75,-850.25,0,TU
1222.25,-850.25,0,TU
2120.75,-848.75,0,TU
3125.75,-846.25,0,TU
2821.75,-844.75,0,TU
2548.75,-841.75,0,TU
2437.25,-838.75,0,TU
3369.75,-838.25,0,TU
3608.25,-836.75,0,TU
3254.25,-836.25,0,TU
2413.25,-835.75,0,TU
3505.25,-835.25,0,TU
3560.75,-833.75,0,TU
3593.25,-833.25,0,TU
3539.75,-831.75,0,TU
1310.25,-829.25,0,TU
2371.75,-829.25,0,TU
3618.75,-828.75,0,TU
1297.25,-827.25,0,TU
1202.75,-826.75,0,TU
2898.25,-826.25,0,TU
1265.75,-825.75,0,TU
2946.25,-825.75,0,TU
3768.75,-824.75,0,TU
1701.25,-824.25,0,TU
3236.25,-823.25,0,TU
1350.25,-819.25,0,TU
1229.25,-818.75,0,TU
2394.75,-815.75,0,TU
2429.75,-815.75,0,TU
3551.25,-814.75,0,TU
3531.75,-814.75,0,TU
1255.25,-813.75,0,TU
1724.25,-812.25,0,TU
3341.25,-811.75,0,TU
3267.75,-808.75,0,TU
1336.25,-808.75,0,TU
2021.25,-806.75,0,TU
3571.75,-806.75,0,TU
3608.75,-805.75,0,TU
2670.25,-804.25,0,TU
1307.25,-802.25,0,TU
3507.25,-800.25,0,TU
3492.25,-800.25,0,TU
2710.75,-799.25,0,TU
3078.75,-797.25,0,TU
2935.25,-796.75,0,TU
1268.25,-796.25,0,TU
3337.25,-792.75,0,TU
3695.25,-791.75,0,TU
2682.25,-790.75,0,TU
2418.25,-790.25,0,TU
2600.75,-789.75,0,TU
3190.25,-788.75,0,TU
3460.75,-784.75,0,TU
3491.25,-784.25,0,TU
1362.75,-784.25,0,TU
2204.25,-783.25,0,TU
1723.75,-782.75,0,TU
2453.25,-780.25,0,TU
1749.25,-779.75,0,TU
1699.25,-779.25,0,TU
3215.75,-778.75,0,TU
3094.75,-775.25,0,TU
3208.25,-774.75,0,TU
1284.25,-774.75,0,TU
2397.75,-774.25,0,TU
2432.75,-772.25,0,TU
2624.25,-770.25,0,TU
2409.25,-769.75,0,TU
2385.25,-768.25,0,TU
1714.75,-767.75,0,TU
2516.75,-767.25,0,TU
1928.25,-766.75,0,TU
2484.75,-764.75,0,TU
3453.25,-764.75,0,TU
1305.25,-764.75,0,TU
1221.75,-762.25,0,TU
2535.25,-759.75,0,TU
2498.25,-759.75,0,TU
3207.25,-759.25,0,TU
1239.75,-758.25,0,TU
1269.25,-756.25,0,TU
1947.25,-754.75,0,TU
1312.25,-753.75,0,TU
2221.75,-751.25,0,TU
2471.25,-749.25,0,TU
3226.25,-748.75,0,TU
3616.75,-746.75,0,TU
2766.75,-745.75,0,TU
3245.75,-744.25,0,TU
604.75,-744.25,0,TU
3681.75,-744.25,0,TU
3566.75,-743.25,0,TU
2272.75,-742.75,0,TU
3204.75,-740.25,0,TU
1290.75,-739.75,0,TU
1225.25,-739.25,0,TU
2795.75,-738.75,0,TU
3280.75,-737.75,0,TU
2956.75,-737.25,0,TU
1958.75,-734.75,0,TU
2333.75,-734.25,0,TU
2748.25,-733.25,0,TU
2635.25,-732.75,0,TU
2572.75,-731.75,0,TU
622.25,-731.25,0,TU
2275.25,-730.25,0,TU
2850.25,-727.75,0,TU
1216.75,-727.25,0,TU
2407.75,-727.25,0,TU
2489.75,-726.25,0,TU
3461.25,-725.75,0,TU
1247.75,-725.75,0,TU
3629.75,-724.75,0,TU
1265.25,-723.75,0,TU
1226.75,-720.25,0,TU
2597.75,-719.25,0,TU
2260.75,-718.75,0,TU
2807.25,-718.25,0,TU
3264.75,-718.25,0,TU
2307.25,-717.75,0,TU
578.25,-717.25,0,TU
3574.75,-716.25,0,TU
2735.25,-715.75,0,TU
2964.75,-715.75,0,TU
2362.75,-714.75,0,TU
2234.25,-714.75,0,TU
3299.25,-714.75,0,TU
2392.25,-713.25,0,TU
2343.25,-712.25,0,TU
3009.75,-711.75,0,TU
1013.75,-711.25,0,TU
3053.25,-711.25,0,TU
2463.25,-710.75,0,TU
2427.75,-709.75,0,TU
1246.25,-709.25,0,TU
2481.75,-709.25,0,TU
2506.25,-708.75,0,TU
2163.75,-708.25,0,TU
1039.25,-708.25,0,TU
2985.75,-706.75,0,TU
3319.75,-706.25,0,TU
1955.25,-706.25,0,TU
2579.75,-705.25,0,TU
1813.25,-701.25,0,TU
1276.75,-698.75,0,TU
1218.25,-697.75,0,TU
3071.75,-696.75,0,TU
3550.75,-696.75,0,TU
2324.75,-695.75,0,TU
2701.25,-691.75,0,TU
539.25,-689.25,0,TU
2205.75,-688.25,0,TU
2478.25,-688.25,0,TU
1794.75,-687.75,0,TU
2617.25,-687.75,0,TU
1978.25,-686.75,0,TU
584.75,-685.75,0,TU
3034.25,-685.25,0,TU
2266.75,-684.75,0,TU
2635.75,-683.75,0,TU
1052.25,-683.25,0,TU
3266.25,-683.25,0,TU
2230.75,-682.75,0,TU
255.25,-682.75,0,TU
-85.75,-678.75,0,TU
2086.75,-678.25,0,TU
3053.75,-675.75,0,TU
1036.75,-674.75,0,TU
562.75,-674.25,0,TU
2718.75,-673.75,0,TU
3445.25,-671.75,0,TU
2643.25,-671.25,0,TU
1160.75,-670.75,0,TU
275.75,-670.75,0,TU
2237.75,-670.25,0,TU
2188.75,-670.25,0,TU
1014.75,-668.75,0,TU
2215.75,-668.25,0,TU
3412.25,-667.75,0,TU
2001.25,-666.75,0,TU
1773.75,-665.75,0,TU
2105.25,-663.75,0,TU
2019.25,-663.25,0,TU
2861.25,-662.75,0,TU
2078.25,-661.75,0,TU
2032.75,-661.25,0,TU
1760.25,-660.25,0,TU
400.75,-659.25,0,TU
2265.25,-657.75,0,TU
1036.25,-654.75,0,TU
562.25,-653.25,0,TU
2212.75,-652.75,0,TU
307.25,-651.75,0,TU
2235.75,-651.75,0,TU
2732.25,-650.75,0,TU
1999.25,-650.25,0,TU
2061.25,-648.75,0,TU
1052.25,-647.75,0,TU
2099.75,-647.75,0,TU
3179.75,-646.75,0,TU
464.75,-646.25,0,TU
415.25,-646.25,0,TU
2451.25,-644.75,0,TU
2804.25,-644.25,0,TU
3151.75,-642.75,0,TU
1687.75,-640.75,0,TU
2738.75,-639.75,0,TU
2088.25,-639.25,0,TU
3097.25,-639.25,0,TU
2244.25,-638.25,0,TU
952.75,-638.25,0,TU
1069.75,-637.75,0,TU
2932.75,-636.75,0,TU
1024.25,-636.25,0,TU
2443.75,-635.75,0,TU
557.75,-635.75,0,TU
2102.75,-635.25,0,TU
244.75,-632.25,0,TU
2750.75,-631.75,0,TU
439.75,-630.75,0,TU
1711.25,-628.25,0,TU
2200.25,-626.75,0,TU
2065.75,-626.25,0,TU
3028.25,-625.75,0,TU
749.25,-625.75,0,TU
2225.75,-625.75,0,TU
284.25,-625.25,0,TU
216.25,-624.75,0,TU
2082.25,-624.25,0,TU
1046.75,-624.25,0,TU
2773.75,-622.25,0,TU
350.75,-619.75,0,TU
1084.25,-619.25,0,TU
197.25,-619.25,0,TU
926.75,-619.25,0,TU
386.25,-618.75,0,TU
537.75,-618.25,0,TU
3255.25,-617.75,0,TU
2135.25,-617.25,0,TU
1022.25,-617.25,0,TU
3143.75,-616.75,0,TU
3063.75,-616.25,0,TU
179.75,-615.75,0,TU
2434.25,-615.75,0,TU
2188.25,-614.25,0,TU
3399.25,-613.75,0,TU
1066.75,-613.25,0,TU
1173.25,-613.25,0,TU
2752.75,-612.25,0,TU
238.25,-611.75,0,TU
2155.75,-611.25,0,TU
1014.75,-609.75,0,TU
1698.25,-609.75,0,TU
401.25,-608.75,0,TU
3036.75,-608.75,0,TU
2622.75,-608.75,0,TU
1579.75,-608.25,0,TU
3082.25,-607.25,0,TU
209.25,-606.75,0,TU
258.75,-606.75,0,TU
2403.25,-606.75,0,TU
549.25,-605.75,0,TU
1601.75,-605.25,0,TU
2070.75,-604.75,0,TU
1182.25,-603.25,0,TU
2782.75,-602.75,0,TU
222.25,-602.75,0,TU
2213.25,-601.75,0,TU
521.25,-599.75,0,TU
2586.75,-598.75,0,TU
1139.75,-597.25,0,TU
2131.75,-597.25,0,TU
3347.25,-597.25,0,TU
2115.25,-596.25,0,TU
281.75,-596.25,0,TU
1060.25,-594.25,0,TU
159.75,-593.75,0,TU
446.75,-593.75,0,TU
2835.75,-593.25,0,TU
2220.75,-592.75,0,TU
257.75,-592.75,0,TU
1096.25,-592.25,0,TU
1654.25,-591.75,0,TU
2148.75,-590.75,0,TU
1165.75,-590.75,0,TU
2793.75,-589.75,0,TU
2762.75,-589.75,0,TU
195.25,-589.75,0,TU
2854.25,-589.25,0,TU
3142.25,-589.25,0,TU
549.75,-589.25,0,TU
3392.25,-589.25,0,TU
858.75,-588.75,0,TU
1578.25,-588.25,0,TU
305.25,-587.75,0,TU
2827.75,-587.75,0,TU
1576.25,-587.75,0,TU
3230.75,-585.75,0,TU
472.75,-585.25,0,TU
2644.75,-584.75,0,TU
535.25,-584.75,0,TU
482.25,-583.75,0,TU
2414.75,-583.25,0,TU
1682.25,-581.75,0,TU
368.25,-581.25,0,TU
284.25,-581.25,0,TU
2670.25,-581.25,0,TU
1173.75,-580.25,0,TU
2205.25,-578.25,0,TU
2495.25,-577.25,0,TU
2475.75,-576.75,0,TU
2716.25,-576.75,0,TU
2173.75,-576.75,0,TU
342.75,-576.25,0,TU
1605.25,-575.75,0,TU
1055.25,-575.25,0,TU
3353.25,-575.25,0,TU
3147.25,-575.25,0,TU
2794.25,-574.75,0,TU
2232.25,-574.25,0,TU
2554.25,-573.25,0,TU
526.25,-572.75,0,TU
496.75,-572.25,0,TU
303.75,-571.25,0,TU
1625.25,-571.25,0,TU
201.25,-569.25,0,TU
2630.75,-568.75,0,TU
1675.75,-568.75,0,TU
2177.75,-568.25,0,TU
444.75,-566.75,0,TU
2516.75,-566.25,0,TU
2965.75,-565.75,0,TU
1577.25,-564.75,0,TU
3238.75,-563.75,0,TU
3323.75,-562.75,0,TU
2930.25,-562.25,0,TU
2757.25,-562.25,0,TU
1058.25,-561.25,0,TU
474.75,-561.25,0,TU
2724.25,-561.25,0,TU
2221.75,-560.75,0,TU
1660.75,-560.25,0,TU
2835.75,-559.75,0,TU
428.25,-559.75,0,TU
1632.75,-559.75,0,TU
149.25,-559.25,0,TU
2135.75,-559.25,0,TU
3381.25,-559.25,0,TU
1565.75,-558.75,0,TU
2677.25,-558.25,0,TU
501.75,-558.25,0,TU
3149.75,-557.75,0,TU
168.75,-557.75,0,TU
2902.25,-556.75,0,TU
1720.25,-556.25,0,TU
340.25,-555.25,0,TU
2183.25,-555.25,0,TU
857.75,-555.25,0,TU
1175.75,-554.75,0,TU
321.25,-554.25,0,TU
1588.75,-554.25,0,TU
2692.25,-553.75,0,TU
3131.25,-552.75,0,TU
1683.75,-552.75,0,TU
3030.25,-551.75,0,TU
2865.25,-551.25,0,TU
2944.75,-550.75,0,TU
2206.25,-549.75,0,TU
2736.25,-548.75,0,TU
2842.75,-548.75,0,TU
381.25,-547.25,0,TU
2891.25,-544.25,0,TU
869.25,-543.25,0,TU
2785.75,-542.75,0,TU
2157.75,-542.25,0,TU
417.75,-540.25,0,TU
1551.75,-538.75,0,TU
1745.25,-537.75,0,TU
2955.25,-537.75,0,TU
2517.25,-537.25,0,TU
2576.25,-536.75,0,TU
1574.25,-535.25,0,TU
499.75,-535.25,0,TU
2134.75,-533.75,0,TU
2428.25,-532.75,0,TU
1647.75,-532.75,0,TU
2629.25,-532.25,0,TU
2879.75,-531.25,0,TU
2198.75,-530.75,0,TU
1728.75,-529.25,0,TU
477.25,-529.25,0,TU
2244.75,-528.75,0,TU
519.75,-527.75,0,TU
844.75,-527.75,0,TU
2650.25,-526.25,0,TU
1678.75,-526.25,0,TU
1620.25,-526.25,0,TU
2929.75,-525.75,0,TU
2498.25,-525.75,0,TU
2975.25,-524.25,0,TU
2229.75,-523.25,0,TU
2759.75,-522.75,0,TU
2531.25,-522.75,0,TU
1667.75,-522.25,0,TU
2618.75,-522.25,0,TU
2479.75,-521.75,0,TU
2599.75,-521.25,0,TU
336.25,-521.25,0,TU
1703.25,-520.75,0,TU
2785.75,-520.75,0,TU
1579.25,-520.25,0,TU
2644.25,-520.25,0,TU
2459.75,-520.25,0,TU
501.25,-520.25,0,TU
2950.25,-519.75,0,TU
902.75,-518.75,0,TU
3049.75,-518.25,0,TU
3351.25,-516.75,0,TU
1590.25,-515.75,0,TU
867.25,-514.75,0,TU
1597.75,-513.25,0,TU
432.75,-512.75,0,TU
889.75,-510.75,0,TU
1535.25,-509.75,0,TU
2546.25,-509.25,0,TU
2394.75,-505.75,0,TU
2618.75,-505.25,0,TU
2517.75,-504.25,0,TU
1553.25,-502.75,0,TU
3341.75,-502.75,0,TU
2654.25,-502.75,0,TU
1624.25,-502.25,0,TU
473.25,-501.75,0,TU
1571.75,-501.75,0,TU
907.25,-499.75,0,TU
1607.75,-498.25,0,TU
500.75,-497.75,0,TU
2838.75,-496.75,0,TU
3171.25,-495.75,0,TU
1689.25,-494.25,0,TU
2266.75,-493.75,0,TU
2542.75,-493.75,0,TU
869.25,-491.75,0,TU
1740.75,-491.75,0,TU
1672.25,-491.25,0,TU
2946.25,-490.75,0,TU
3122.25,-488.75,0,TU
1530.25,-487.25,0,TU
458.25,-486.25,0,TU
2614.25,-485.75,0,TU
2278.25,-485.25,0,TU
339.25,-485.25,0,TU
2846.25,-483.25,0,TU
1551.25,-480.75,0,TU
1655.25,-480.25,0,TU
2650.75,-479.75,0,TU
404.25,-479.25,0,TU
2988.75,-478.25,0,TU
1695.25,-476.75,0,TU
2513.25,-476.25,0,TU
906.25,-476.25,0,TU
1526.75,-470.75,0,TU
2624.75,-470.75,0,TU
2544.75,-469.75,0,TU
1565.25,-468.75,0,TU
2804.25,-468.25,0,TU
2829.75,-467.75,0,TU
893.25,-467.25,0,TU
1676.25,-466.25,0,TU
1547.75,-464.75,0,TU
3186.75,-463.25,0,TU
2287.75,-461.25,0,TU
500.75,-461.25,0,TU
519.25,-460.75,0,TU
3161.25,-459.25,0,TU
1721.75,-459.25,0,TU
2371.25,-458.75,0,TU
2948.25,-456.25,0,TU
2510.25,-455.25,0,TU
438.25,-454.75,0,TU
2622.25,-454.25,0,TU
412.75,-453.75,0,TU
812.75,-453.25,0,TU
390.75,-453.25,0,TU
2665.25,-452.25,0,TU
472.75,-451.75,0,TU
1708.75,-451.25,0,TU
2829.25,-450.75,0,TU
2529.75,-450.75,0,TU
2644.25,-450.75,0,TU
2678.25,-449.75,0,TU
1528.25,-448.75,0,TU
1749.25,-447.75,0,TU
1689.75,-447.75,0,TU
885.25,-446.25,0,TU
2343.75,-445.75,0,TU
1996.75,-445.25,0,TU
2549.75,-444.75,0,TU
869.25,-444.75,0,TU
531.25,-444.75,0,TU
1600.25,-444.25,0,TU
496.25,-443.75,0,TU
2029.25,-439.75,0,TU
763.25,-439.75,0,TU
1721.25,-439.25,0,TU
1953.25,-439.25,0,TU
339.25,-439.25,0,TU
2615.75,-438.75,0,TU
1582.25,-438.75,0,TU
3118.25,-437.25,0,TU
1829.25,-434.75,0,TU
2880.25,-434.25,0,TU
1518.75,-432.75,0,TU
2291.25,-432.25,0,TU
412.75,-431.75,0,TU
2571.25,-431.75,0,TU
2044.25,-431.25,0,TU
875.25,-430.75,0,TU
2527.25,-429.75,0,TU
2925.25,-429.25,0,TU
1555.75,-428.75,0,TU
1938.25,-428.25,0,TU
389.75,-428.25,0,TU
356.75,-425.75,0,TU
2541.25,-425.75,0,TU
1569.75,-424.75,0,TU
2339.75,-424.25,0,TU
1745.25,-423.75,0,TU
2642.25,-423.25,0,TU
2073.75,-423.25,0,TU
1721.25,-422.25,0,TU
1690.25,-422.25,0,TU
2319.75,-421.75,0,TU
1983.25,-421.75,0,TU
2997.25,-420.75,0,TU
2604.25,-419.25,0,TU
1539.75,-418.75,0,TU
374.25,-418.75,0,TU
2364.75,-417.75,0,TU
-459.75,-416.75,0,TU
341.75,-416.75,0,TU
1667.25,-415.75,0,TU
1951.75,-415.75,0,TU
1625.75,-415.75,0,TU
2790.75,-414.25,0,TU
434.25,-413.75,0,TU
1556.25,-413.75,0,TU
765.75,-413.25,0,TU
1522.25,-412.75,0,TU
868.75,-412.75,0,TU
2547.25,-412.75,0,TU
2972.25,-412.75,0,TU
1757.25,-412.25,0,TU
1910.25,-411.75,0,TU
2867.25,-411.75,0,TU
2891.25,-411.25,0,TU
1931.25,-410.25,0,TU
1884.75,-410.25,0,TU
2047.25,-410.25,0,TU
1497.75,-409.75,0,TU
2578.75,-409.25,0,TU
2018.75,-408.75,0,TU
730.75,-408.25,0,TU
1730.75,-407.75,0,TU
811.75,-407.75,0,TU
1819.25,-405.25,0,TU
1833.75,-404.75,0,TU
1250.75,-404.25,0,TU
2985.25,-403.75,0,TU
854.25,-403.75,0,TU
1707.75,-403.25,0,TU
455.75,-403.25,0,TU
2342.25,-400.25,0,TU
757.75,-400.25,0,TU
1274.25,-399.75,0,TU
3179.25,-399.75,0,TU
1652.25,-399.75,0,TU
-466.25,-398.75,0,TU
1841.75,-398.75,0,TU
1952.25,-398.25,0,TU
1757.25,-397.75,0,TU
1332.75,-397.75,0,TU
1687.25,-397.75,0,TU
1877.25,-396.75,0,TU
874.25,-396.75,0,TU
1633.25,-395.75,0,TU
424.25,-394.75,0,TU
1518.75,-394.75,0,TU
1479.75,-394.25,0,TU
1914.25,-394.25,0,TU
1894.75,-393.75,0,TU
1550.25,-392.75,0,TU
445.25,-392.25,0,TU
1400.75,-391.25,0,TU
340.25,-390.75,0,TU
2268.75,-390.25,0,TU
391.75,-389.75,0,TU
2564.75,-389.25,0,TU
1784.75,-388.75,0,TU
1310.25,-388.25,0,TU
948.75,-387.75,0,TU
1432.75,-386.75,0,TU
2486.25,-385.75,0,TU
1327.75,-385.75,0,TU
3267.25,-385.25,0,TU
2387.25,-384.75,0,TU
-509.75,-384.75,0,TU
1943.25,-384.25,0,TU
2044.75,-383.75,0,TU
1709.25,-383.75,0,TU
205.75,-383.25,0,TU
2982.25,-382.75,0,TU
2578.75,-382.25,0,TU
116.75,-382.25,0,TU
2003.25,-382.25,0,TU
1921.25,-382.25,0,TU
2730.75,-381.75,0,TU
-527.75,-381.75,0,TU
1621.75,-381.75,0,TU
1957.25,-381.75,0,TU
1812.25,-380.25,0,TU
1641.75,-380.25,0,TU
2749.25,-380.25,0,TU
2338.75,-379.75,0,TU
2597.25,-378.75,0,TU
2550.75,-378.75,0,TU
683.25,-378.25,0,TU
3007.25,-377.75,0,TU
602.25,-377.75,0,TU
478.75,-377.25,0,TU
1416.75,-377.25,0,TU
844.75,-377.25,0,TU
176.25,-376.75,0,TU
-464.75,-376.25,0,TU
453.25,-376.25,0,TU
370.75,-376.25,0,TU
-441.75,-376.25,0,TU
1515.75,-375.75,0,TU
1265.75,-375.75,0,TU
2024.25,-374.25,0,TU
2779.75,-374.25,0,TU
2479.75,-373.75,0,TU
865.25,-373.75,0,TU
791.75,-373.75,0,TU
-625.75,-373.25,0,TU
2715.25,-373.25,0,TU
2671.75,-371.25,0,TU
1603.75,-371.25,0,TU
-509.25,-369.75,0,TU
1275.75,-369.75,0,TU
-451.75,-369.25,0,TU
-526.75,-369.25,0,TU
2881.25,-369.25,0,TU
689.25,-368.75,0,TU
2910.75,-368.75,0,TU
2968.75,-368.25,0,TU
579.25,-368.25,0,TU
1552.75,-367.75,0,TU
764.75,-367.75,0,TU
317.25,-367.75,0,TU
829.75,-367.75,0,TU
1769.25,-367.75,0,TU
618.25,-367.25,0,TU
193.75,-366.75,0,TU
2536.75,-366.25,0,TU
-490.25,-366.25,0,TU
1453.75,-366.25,0,TU
719.25,-365.75,0,TU
1298.75,-364.75,0,TU
738.25,-364.25,0,TU
420.25,-364.25,0,TU
1858.25,-364.25,0,TU
2990.75,-364.25,0,TU
811.25,-363.75,0,TU
964.25,-363.75,0,TU
1283.75,-363.25,0,TU
1913.25,-363.25,0,TU
1954.75,-362.75,0,TU
77.25,-362.25,0,TU
1729.75,-360.75,0,TU
932.75,-360.25,0,TU
1326.25,-359.75,0,TU
1839.75,-359.25,0,TU
1409.25,-359.25,0,TU
2741.75,-358.25,0,TU
759.25,-357.75,0,TU
2374.75,-356.25,0,TU
-91.25,-355.75,0,TU
1542.25,-355.25,0,TU
1782.75,-355.25,0,TU
-535.75,-354.75,0,TU
-500.25,-354.25,0,TU
170.25,-353.75,0,TU
1518.25,-353.25,0,TU
2947.75,-353.25,0,TU
2006.75,-353.25,0,TU
2798.75,-352.75,0,TU
2038.75,-352.25,0,TU
-118.25,-352.25,0,TU
1586.25,-352.25,0,TU
3248.75,-352.25,0,TU
2347.75,-351.75,0,TU
1476.75,-351.25,0,TU
3097.75,-350.75,0,TU
971.75,-350.25,0,TU
2279.25,-350.25,0,TU
2467.75,-350.25,0,TU
1264.25,-349.75,0,TU
651.75,-349.75,0,TU
767.75,-349.25,0,TU
1015.75,-349.25,0,TU
2764.25,-349.25,0,TU
-454.75,-349.25,0,TU
1458.75,-348.75,0,TU
2669.75,-348.75,0,TU
2721.75,-348.25,0,TU
1973.75,-348.25,0,TU
1889.75,-347.75,0,TU
1635.75,-347.25,0,TU
600.25,-347.25,0,TU
1556.25,-347.25,0,TU
1311.75,-345.75,0,TU
-485.25,-345.25,0,TU
3003.25,-344.75,0,TU
1870.25,-344.25,0,TU
1820.25,-343.75,0,TU
584.75,-343.75,0,TU
995.75,-343.75,0,TU
1278.25,-343.75,0,TU
135.75,-343.25,0,TU
-436.75,-342.75,0,TU
1926.75,-342.75,0,TU
2362.25,-342.25,0,TU
1605.25,-342.25,0,TU
561.75,-341.75,0,TU
2233.25,-341.75,0,TU
1774.75,-341.25,0,TU
2745.75,-341.25,0,TU
-77.25,-341.25,0,TU
2323.25,-340.75,0,TU
1907.25,-340.75,0,TU
2690.75,-340.75,0,TU
414.75,-340.25,0,TU
1751.25,-340.25,0,TU
-623.25,-340.25,0,TU
1986.25,-340.25,0,TU
2977.25,-340.25,0,TU
1441.75,-339.75,0,TU
946.75,-339.75,0,TU
630.25,-339.75,0,TU
1569.25,-338.75,0,TU
909.75,-338.25,0,TU
-103.75,-338.25,0,TU
794.25,-337.75,0,TU
2714.25,-337.25,0,TU
1478.25,-336.75,0,TU
3045.75,-336.25,0,TU
1704.75,-336.25,0,TU
-456.25,-336.25,0,TU
397.25,-336.25,0,TU
1478.25,-335.75,0,TU
612.25,-335.25,0,TU
2733.75,-335.25,0,TU
1527.75,-334.75,0,TU
2714.25,-334.25,0,TU
647.25,-334.25,0,TU
1597.75,-334.25,0,TU
2217.25,-333.75,0,TU
-643.75,-332.75,0,TU
989.25,-331.75,0,TU
-441.25,-331.75,0,TU
1432.25,-331.25,0,TU
2646.25,-330.75,0,TU
1290.25,-330.25,0,TU
2025.75,-329.75,0,TU
1793.25,-329.75,0,TU
2758.25,-328.75,0,TU
2937.75,-328.25,0,TU
2255.25,-328.25,0,TU
1759.25,-325.75,0,TU
1933.75,-325.75,0,TU
2808.75,-325.25,0,TU
1732.25,-324.75,0,TU
1034.75,-324.25,0,TU
2359.75,-324.25,0,TU
1262.25,-323.75,0,TU
110.25,-323.25,0,TU
2506.75,-323.25,0,TU
2048.75,-323.25,0,TU
1814.75,-322.75,0,TU
1577.25,-322.75,0,TU
1544.75,-321.75,0,TU
963.25,-321.75,0,TU
-105.75,-321.75,0,TU
2458.75,-321.25,0,TU
1464.75,-320.75,0,TU
941.75,-320.75,0,TU
1315.25,-320.75,0,TU
1580.25,-320.25,0,TU
1279.25,-319.25,0,TU
1014.25,-319.25,0,TU
578.75,-319.25,0,TU
1992.25,-318.75,0,TU
1783.25,-318.25,0,TU
1293.25,-318.25,0,TU
2727.25,-317.75,0,TU
922.25,-316.75,0,TU
1051.75,-316.75,0,TU
895.75,-316.25,0,TU
-734.25,-315.75,0,TU
591.25,-315.25,0,TU
426.25,-314.75,0,TU
2066.25,-314.25,0,TU
1439.75,-314.25,0,TU
2207.75,-313.75,0,TU
557.75,-313.75,0,TU
1766.25,-313.25,0,TU
1502.75,-313.25,0,TU
1086.25,-313.25,0,TU
2665.25,-313.25,0,TU
-755.75,-313.25,0,TU
400.75,-313.25,0,TU
2641.25,-312.75,0,TU
1189.25,-312.75,0,TU
1629.75,-312.75,0,TU
2748.25,-312.75,0,TU
-445.25,-312.25,0,TU
152.25,-312.25,0,TU
2234.25,-311.75,0,TU
1601.75,-311.75,0,TU
-418.25,-311.25,0,TU
2337.25,-311.25,0,TU
1702.75,-310.75,0,TU
100.75,-310.25,0,TU
-196.75,-309.75,0,TU
2021.25,-309.75,0,TU
127.75,-309.25,0,TU
2354.75,-308.75,0,TU
2772.25,-308.25,0,TU
1133.75,-308.25,0,TU
940.75,-307.75,0,TU
696.75,-307.25,0,TU
2693.25,-306.75,0,TU
2372.25,-306.75,0,TU
1581.25,-306.25,0,TU
1524.75,-305.75,0,TU
1812.25,-305.75,0,TU
921.25,-305.75,0,TU
1281.25,-305.25,0,TU
1260.25,-305.25,0,TU
1565.25,-304.75,0,TU
1200.75,-303.75,0,TU
1340.75,-303.75,0,TU
2629.25,-303.25,0,TU
3038.25,-302.75,0,TU
618.75,-302.75,0,TU
2027.75,-302.75,0,TU
2731.25,-302.25,0,TU
3137.25,-302.25,0,TU
-813.25,-301.25,0,TU
2047.75,-300.75,0,TU
1787.25,-300.25,0,TU
1748.25,-300.25,0,TU
-395.75,-300.25,0,TU
2995.25,-299.75,0,TU
1310.75,-299.75,0,TU
1321.75,-298.75,0,TU
1352.75,-298.75,0,TU
1058.75,-298.75,0,TU
-236.25,-298.75,0,TU
-253.75,-298.25,0,TU
2654.25,-297.75,0,TU
-745.25,-297.25,0,TU
441.75,-297.25,0,TU
543.25,-297.25,0,TU
1769.25,-297.25,0,TU
1430.75,-296.75,0,TU
-827.25,-295.75,0,TU
2360.25,-295.25,0,TU
2323.75,-295.25,0,TU
-189.75,-294.75,0,TU
1170.25,-294.25,0,TU
-598.25,-294.25,0,TU
-248.75,-294.25,0,TU
280.25,-293.75,0,TU
463.75,-293.75,0,TU
1383.75,-293.25,0,TU
-761.75,-293.25,0,TU
565.25,-292.25,0,TU
-133.25,-292.25,0,TU
1297.25,-292.25,0,TU
1584.75,-292.25,0,TU
661.25,-291.75,0,TU
3014.25,-290.75,0,TU
263.25,-290.75,0,TU
1469.75,-290.75,0,TU
889.25,-290.25,0,TU
-157.75,-290.25,0,TU
2911.25,-290.25,0,TU
1024.25,-289.25,0,TU
424.75,-289.25,0,TU
1610.25,-289.25,0,TU
578.25,-289.25,0,TU
525.25,-288.75,0,TU
1269.25,-288.75,0,TU
2232.75,-288.25,0,TU
771.25,-288.25,0,TU
1803.75,-287.75,0,TU
-116.75,-287.25,0,TU
1513.75,-285.75,0,TU
1141.25,-285.25,0,TU
165.75,-285.25,0,TU
3141.75,-284.75,0,TU
1319.75,-284.25,0,TU
-419.25,-283.75,0,TU
-58.75,-283.75,0,TU
1178.75,-283.25,0,TU
298.25,-282.75,0,TU
1778.75,-282.25,0,TU
1216.75,-280.75,0,TU
23.75,-280.75,0,TU
-865.25,-280.25,0,TU
925.75,-279.75,0,TU
-681.25,-279.75,0,TU
-789.75,-279.25,0,TU
282.25,-278.75,0,TU
139.25,-277.75,0,TU
1005.25,-277.75,0,TU
-610.75,-276.25,0,TU
-743.25,-275.75,0,TU
1334.25,-275.75,0,TU
1363.75,-275.75,0,TU
-158.25,-275.75,0,TU
2339.75,-275.25,0,TU
61.75,-274.75,0,TU
392.25,-274.25,0,TU
3040.25,-273.25,0,TU
977.75,-272.75,0,TU
454.75,-272.75,0,TU
1814.75,-270.75,0,TU
1345.25,-270.25,0,TU
-212.25,-270.25,0,TU
115.75,-270.25,0,TU
-169.25,-270.25,0,TU
-187.75,-269.75,0,TU
2745.75,-269.75,0,TU
2308.75,-268.75,0,TU
-287.25,-268.75,0,TU
1789.75,-268.75,0,TU
268.75,-267.75,0,TU
3153.75,-267.75,0,TU
2121.75,-267.25,0,TU
1095.75,-266.75,0,TU
-145.25,-266.25,0,TU
1385.75,-266.25,0,TU
565.75,-265.75,0,TU
210.25,-265.75,0,TU
1757.25,-265.75,0,TU
1452.25,-265.75,0,TU
-370.25,-264.25,0,TU
2873.75,-264.25,0,TU
-95.75,-264.25,0,TU
1357.25,-263.75,0,TU
3119.75,-263.75,0,TU
1139.25,-263.25,0,TU
284.75,-262.75,0,TU
1410.25,-262.25,0,TU
2708.25,-261.25,0,TU
245.25,-261.25,0,TU
537.25,-260.75,0,TU
1530.25,-260.75,0,TU
1795.25,-260.75,0,TU
3169.25,-260.75,0,TU
474.75,-260.75,0,TU
695.25,-260.75,0,TU
1262.75,-260.75,0,TU
1217.25,-260.25,0,TU
1482.75,-260.25,0,TU
1000.75,-259.75,0,TU
1314.75,-259.75,0,TU
-799.75,-259.75,0,TU
1293.25,-258.75,0,TU
-671.75,-258.25,0,TU
-237.25,-257.75,0,TU
320.75,-257.75,0,TU
1513.75,-257.75,0,TU
2944.25,-257.25,0,TU
3137.25,-256.25,0,TU
302.25,-255.75,0,TU
350.75,-255.25,0,TU
903.25,-255.25,0,TU
2475.75,-254.75,0,TU
49.75,-254.25,0,TU
-651.75,-254.25,0,TU
-181.25,-253.75,0,TU
-61.75,-252.75,0,TU
2979.25,-252.25,0,TU
2308.25,-251.75,0,TU
1253.75,-251.75,0,TU
1330.75,-251.25,0,TU
-403.25,-250.25,0,TU
-250.25,-249.75,0,TU
769.75,-249.75,0,TU
1686.25,-249.75,0,TU
1379.25,-248.75,0,TU
522.25,-247.75,0,TU
1402.75,-247.25,0,TU
575.25,-246.75,0,TU
3118.25,-246.75,0,TU
1036.25,-246.25,0,TU
1013.25,-245.75,0,TU
-912.75,-245.75,0,TU
362.75,-244.75,0,TU
-810.75,-244.25,0,TU
3173.25,-244.25,0,TU
1803.75,-243.75,0,TU
-353.25,-243.75,0,TU
874.75,-243.25,0,TU
737.25,-242.75,0,TU
-187.75,-242.25,0,TU
3147.25,-242.25,0,TU
-226.25,-242.25,0,TU
1673.25,-242.25,0,TU
1311.25,-241.75,0,TU
-853.25,-241.25,0,TU
-288.75,-241.25,0,TU
805.75,-240.75,0,TU
1051.75,-240.75,0,TU
-709.25,-240.25,0,TU
-91.25,-240.25,0,TU
339.75,-239.75,0,TU
1634.75,-239.25,0,TU
2296.25,-239.25,0,TU
2156.25,-239.25,0,TU
266.25,-239.25,0,TU
977.75,-239.25,0,TU
2337.75,-238.75,0,TU
319.75,-238.75,0,TU
2899.25,-238.75,0,TU
1106.25,-237.25,0,TU
2869.75,-236.75,0,TU
1353.25,-236.25,0,TU
1086.25,-236.25,0,TU
-10.75,-236.25,0,TU
-785.75,-236.25,0,TU
2317.75,-236.25,0,TU
1137.75,-235.75,0,TU
3122.25,-235.75,0,TU
-173.75,-234.75,0,TU
-61.25,-234.75,0,TU
-821.75,-234.25,0,TU
2181.75,-234.25,0,TU
-340.75,-234.25,0,TU
659.25,-234.25,0,TU
-733.25,-234.25,0,TU
204.75,-233.75,0,TU
540.75,-232.75,0,TU
2738.25,-232.25,0,TU
3033.75,-231.25,0,TU
-224.25,-230.75,0,TU
2133.75,-230.75,0,TU
1531.75,-229.75,0,TU
-258.25,-229.25,0,TU
307.75,-228.75,0,TU
92.25,-228.25,0,TU
-115.25,-228.25,0,TU
2209.75,-227.25,0,TU
1037.25,-226.75,0,TU
2858.25,-226.75,0,TU
-769.75,-226.75,0,TU
1219.75,-226.75,0,TU
-799.75,-226.25,0,TU
-672.75,-226.25,0,TU
512.25,-226.25,0,TU
283.75,-226.25,0,TU
2983.25,-225.75,0,TU
52.75,-225.75,0,TU
-835.75,-225.75,0,TU
-866.25,-225.75,0,TU
686.25,-225.25,0,TU
966.75,-224.75,0,TU
626.25,-224.75,0,TU
1388.75,-223.75,0,TU
-188.75,-223.75,0,TU
2307.25,-223.75,0,TU
-1023.25,-223.25,0,TU
1825.25,-222.25,0,TU
2696.75,-222.25,0,TU
1515.75,-222.25,0,TU
-721.75,-222.25,0,TU
1057.75,-221.75,0,TU
170.75,-221.75,0,TU
527.75,-221.75,0,TU
2357.25,-221.25,0,TU
-786.25,-220.75,0,TU
718.75,-220.75,0,TU
1681.75,-219.25,0,TU
-977.25,-219.25,0,TU
-358.75,-218.75,0,TU
694.25,-218.75,0,TU
1168.75,-218.25,0,TU
-395.75,-218.25,0,TU
1416.75,-218.25,0,TU
3131.25,-217.75,0,TU
1662.25,-217.75,0,TU
-957.25,-217.25,0,TU
1104.75,-217.25,0,TU
19.75,-216.75,0,TU
1144.75,-216.75,0,TU
1080.75,-215.75,0,TU
-236.25,-215.25,0,TU
1301.75,-214.75,0,TU
1807.75,-214.75,0,TU
2158.75,-214.25,0,TU
-91.75,-213.25,0,TU
-139.25,-213.25,0,TU
505.75,-212.75,0,TU
2196.75,-211.75,0,TU
855.75,-211.75,0,TU
260.25,-211.25,0,TU
2241.25,-211.25,0,TU
1635.25,-211.25,0,TU
656.75,-211.25,0,TU
876.75,-210.75,0,TU
238.25,-210.75,0,TU
-367.75,-210.75,0,TU
-995.75,-210.25,0,TU
-804.75,-209.75,0,TU
108.75,-208.75,0,TU
-196.75,-208.75,0,TU
1243.25,-208.25,0,TU
-551.75,-207.75,0,TU
-426.75,-206.75,0,TU
1717.25,-206.75,0,TU
1764.75,-206.25,0,TU
-686.25,-206.25,0,TU
-388.25,-206.25,0,TU
2177.75,-206.25,0,TU
-860.25,-205.75,0,TU
1500.75,-205.25,0,TU
2798.25,-204.75,0,TU
2137.25,-204.75,0,TU
1268.75,-203.25,0,TU
666.75,-203.25,0,TU
-787.25,-202.75,0,TU
2342.75,-202.75,0,TU
1427.25,-202.25,0,TU
-312.75,-202.25,0,TU
683.25,-201.75,0,TU
-821.25,-201.75,0,TU
-733.75,-201.75,0,TU
-341.25,-201.25,0,TU
1219.25,-201.25,0,TU
-1027.75,-201.25,0,TU
189.75,-200.75,0,TU
828.25,-200.75,0,TU
2749.75,-200.25,0,TU
633.25,-199.75,0,TU
2831.75,-199.75,0,TU
-823.25,-199.75,0,TU
443.25,-199.25,0,TU
2365.75,-198.75,0,TU
-15.25,-198.75,0,TU
2778.25,-198.75,0,TU
1905.75,-198.25,0,TU
1290.75,-197.25,0,TU
-173.75,-196.25,0,TU
1514.75,-196.25,0,TU
2812.75,-195.75,0,TU
-154.25,-195.25,0,TU
-892.25,-194.75,0,TU
67.75,-194.25,0,TU
1739.25,-194.25,0,TU
1308.75,-194.25,0,TU
596.75,-194.25,0,TU
869.25,-192.75,0,TU
1439.25,-192.25,0,TU
-802.75,-192.25,0,TU
478.25,-192.25,0,TU
1468.75,-191.75,0,TU
1376.25,-191.25,0,TU
1597.75,-191.25,0,TU
-188.75,-191.25,0,TU
96.75,-190.75,0,TU
842.25,-190.75,0,TU
155.75,-190.75,0,TU
3166.25,-190.75,0,TU
1197.25,-190.75,0,TU
-229.25,-190.25,0,TU
2232.75,-190.25,0,TU
-264.75,-189.75,0,TU
998.25,-188.25,0,TU
2853.25,-187.75,0,TU
3050.25,-187.75,0,TU
175.75,-187.75,0,TU
1874.25,-186.75,0,TU
1281.25,-186.75,0,TU
-430.25,-186.25,0,TU
751.75,-185.75,0,TU
2126.25,-185.25,0,TU
2782.75,-185.25,0,TU
-399.75,-185.25,0,TU
1083.25,-184.75,0,TU
1395.25,-184.75,0,TU
698.25,-184.75,0,TU
2140.25,-184.25,0,TU
1772.75,-184.25,0,TU
2985.75,-183.75,0,TU
-350.75,-183.75,0,TU
2867.25,-183.25,0,TU
541.25,-182.25,0,TU
955.75,-182.25,0,TU
-139.75,-180.25,0,TU
1512.75,-179.75,0,TU
-555.75,-179.75,0,TU
1369.25,-179.25,0,TU
1234.75,-178.75,0,TU
-155.25,-178.75,0,TU
493.75,-178.75,0,TU
1724.25,-178.75,0,TU
2892.25,-178.75,0,TU
1256.75,-178.75,0,TU
-779.25,-178.75,0,TU
-417.25,-178.25,0,TU
2822.25,-177.75,0,TU
-1010.75,-177.75,0,TU
1895.25,-177.75,0,TU
1293.25,-176.75,0,TU
-1029.25,-176.75,0,TU
-184.25,-176.75,0,TU
872.25,-176.25,0,TU
-460.25,-175.25,0,TU
1819.75,-175.25,0,TU
-373.75,-174.75,0,TU
1416.25,-174.25,0,TU
2944.25,-174.25,0,TU
-317.75,-174.25,0,TU
2232.75,-173.75,0,TU
1575.25,-173.75,0,TU
2193.75,-173.25,0,TU
673.25,-173.25,0,TU
3012.25,-172.75,0,TU
2973.25,-172.25,0,TU
-97.25,-172.25,0,TU
-938.25,-171.25,0,TU
2548.75,-170.75,0,TU
1439.25,-170.25,0,TU
-920.25,-169.75,0,TU
82.75,-169.75,0,TU
2251.25,-169.25,0,TU
441.75,-169.25,0,TU
1476.25,-168.75,0,TU
59.75,-167.25,0,TU
425.75,-167.25,0,TU
1537.75,-166.75,0,TU
-257.75,-166.75,0,TU
1606.75,-166.75,0,TU
-57.25,-166.75,0,TU
521.25,-166.75,0,TU
549.25,-166.25,0,TU
2649.75,-165.75,0,TU
1052.75,-165.75,0,TU
99.25,-165.25,0,TU
2076.75,-165.25,0,TU
-271.25,-164.75,0,TU
-961.75,-164.25,0,TU
2514.25,-163.75,0,TU
-287.75,-163.75,0,TU
-769.25,-163.25,0,TU
1466.75,-162.75,0,TU
-113.75,-162.75,0,TU
147.75,-162.25,0,TU
3058.25,-161.75,0,TU
931.25,-161.75,0,TU
1447.75,-161.25,0,TU
2270.75,-161.25,0,TU
-608.75,-161.25,0,TU
1492.75,-160.75,0,TU
2161.75,-160.75,0,TU
1741.75,-160.25,0,TU
1328.75,-160.25,0,TU
-1032.75,-159.75,0,TU
119.25,-158.75,0,TU
1516.75,-158.75,0,TU
2202.75,-157.75,0,TU
1359.25,-156.75,0,TU
1383.25,-156.25,0,TU
-100.75,-156.25,0,TU
2129.25,-155.75,0,TU
2503.75,-155.75,0,TU
1084.25,-155.25,0,TU
1906.75,-155.25,0,TU
-446.75,-155.25,0,TU
1341.75,-155.25,0,TU
-637.75,-155.25,0,TU
446.25,-155.25,0,TU
-242.25,-155.25,0,TU
390.75,-155.25,0,TU
1816.75,-154.75,0,TU
2179.25,-154.75,0,TU
1547.25,-154.25,0,TU
39.25,-154.25,0,TU
2794.75,-154.25,0,TU
3031.75,-153.25,0,TU
-221.25,-153.25,0,TU
997.75,-153.25,0,TU
1139.25,-152.75,0,TU
1927.25,-152.25,0,TU
2869.75,-151.75,0,TU
1418.25,-151.75,0,TU
-952.25,-150.75,0,TU
2889.25,-150.75,0,TU
-259.75,-150.25,0,TU
-802.25,-150.25,0,TU
2222.75,-149.75,0,TU
-60.25,-149.25,0,TU
-784.75,-149.25,0,TU
863.25,-148.25,0,TU
1311.75,-148.25,0,TU
1494.75,-147.25,0,TU
-932.25,-147.25,0,TU
-983.75,-146.75,0,TU
-77.75,-146.75,0,TU
-1006.75,-146.75,0,TU
-233.25,-146.25,0,TU
3068.25,-146.25,0,TU
1370.25,-145.75,0,TU
511.25,-145.25,0,TU
-595.75,-144.25,0,TU
1604.25,-143.75,0,TU
154.25,-143.75,0,TU
1521.25,-142.75,0,TU
1478.25,-142.75,0,TU
2996.25,-142.25,0,TU
2539.25,-142.25,0,TU
126.75,-142.25,0,TU
2196.75,-141.75,0,TU
1432.75,-141.75,0,TU
1456.25,-141.25,0,TU
2969.75,-141.25,0,TU
77.75,-141.25,0,TU
1774.25,-141.25,0,TU
1576.25,-139.75,0,TU
1101.75,-139.75,0,TU
1988.25,-139.25,0,TU
-269.25,-139.25,0,TU
-1024.25,-138.75,0,TU
2911.25,-137.75,0,TU
54.25,-137.25,0,TU
2167.75,-137.25,0,TU
2505.75,-137.25,0,TU
-47.75,-137.25,0,TU
1620.75,-136.75,0,TU
418.75,-136.25,0,TU
2949.25,-136.25,0,TU
524.75,-135.25,0,TU
1555.25,-135.25,0,TU
-956.25,-135.25,0,TU
1125.25,-135.25,0,TU
-64.25,-135.25,0,TU
-625.75,-134.75,0,TU
1900.75,-133.75,0,TU
1498.25,-133.75,0,TU
1467.25,-133.25,0,TU
-303.25,-133.25,0,TU
1922.75,-133.25,0,TU
692.75,-133.25,0,TU
-117.25,-132.75,0,TU
905.75,-132.75,0,TU
2240.75,-132.75,0,TU
861.75,-132.25,0,TU
-488.75,-132.25,0,TU
-324.25,-131.75,0,TU
2513.25,-131.25,0,TU
839.25,-130.75,0,TU
-767.25,-130.25,0,TU
-244.25,-130.25,0,TU
1485.25,-129.75,0,TU
16.75,-129.75,0,TU
359.75,-129.75,0,TU
2796.25,-129.75,0,TU
439.25,-129.25,0,TU
925.25,-129.25,0,TU
2739.25,-128.75,0,TU
-999.75,-128.25,0,TU
3074.75,-127.75,0,TU
-431.75,-127.75,0,TU
2224.25,-127.75,0,TU
-339.75,-127.25,0,TU
965.75,-127.25,0,TU
2186.25,-127.25,0,TU
1223.25,-127.25,0,TU
466.25,-126.75,0,TU
100.25,-126.75,0,TU
-600.25,-126.75,0,TU
2159.25,-126.25,0,TU
-1047.75,-126.25,0,TU
704.75,-126.25,0,TU
2197.75,-126.25,0,TU
891.25,-125.75,0,TU
-1149.25,-124.75,0,TU
1271.25,-124.25,0,TU
-415.25,-124.25,0,TU
1424.25,-124.25,0,TU
1769.75,-123.75,0,TU
1745.25,-123.75,0,TU
1609.75,-123.25,0,TU
137.75,-122.75,0,TU
2561.75,-122.75,0,TU
-86.75,-122.25,0,TU
543.75,-122.25,0,TU
1457.25,-121.75,0,TU
1365.75,-121.75,0,TU
2826.25,-121.25,0,TU
-813.75,-120.75,0,TU
-839.25,-120.75,0,TU
-777.75,-120.25,0,TU
2807.25,-120.25,0,TU
-971.25,-120.25,0,TU
1660.75,-119.75,0,TU
2263.25,-119.75,0,TU
987.25,-119.75,0,TU
1393.25,-119.25,0,TU
-1011.25,-118.75,0,TU
841.75,-118.75,0,TU
1501.75,-118.75,0,TU
-62.75,-117.75,0,TU
2784.25,-117.75,0,TU
-140.75,-117.25,0,TU
415.25,-116.75,0,TU
1264.75,-116.75,0,TU
-609.75,-116.25,0,TU
2010.75,-116.25,0,TU
2282.75,-115.25,0,TU
1125.25,-114.75,0,TU
-790.25,-114.75,0,TU
816.25,-114.25,0,TU
3074.25,-113.25,0,TU
2029.75,-113.25,0,TU
64.75,-112.75,0,TU
2180.25,-112.75,0,TU
2248.25,-112.25,0,TU
562.75,-111.75,0,TU
-242.25,-111.25,0,TU
864.25,-111.25,0,TU
2884.75,-111.25,0,TU
1785.25,-110.75,0,TU
2771.25,-110.75,0,TU
-678.75,-110.75,0,TU
3105.25,-110.75,0,TU
1248.75,-110.25,0,TU
1223.25,-110.25,0,TU
2837.75,-109.75,0,TU
525.25,-109.75,0,TU
-97.25,-109.75,0,TU
3047.75,-109.75,0,TU
1412.75,-109.25,0,TU
1425.25,-107.75,0,TU
-1165.75,-107.75,0,TU
2209.25,-107.75,0,TU
440.25,-107.25,0,TU
2309.75,-107.25,0,TU
-349.75,-105.75,0,TU
1452.25,-105.75,0,TU
-1022.75,-105.25,0,TU
155.25,-105.25,0,TU
1903.25,-105.25,0,TU
953.25,-105.25,0,TU
93.25,-104.75,0,TU
113.25,-104.75,0,TU
1622.75,-103.75,0,TU
2496.75,-103.75,0,TU
1595.25,-102.75,0,TU
-702.25,-102.25,0,TU
-6.25,-102.25,0,TU
519.25,-101.75,0,TU
553.25,-101.75,0,TU
-164.75,-101.25,0,TU
2160.25,-101.25,0,TU
1185.25,-100.75,0,TU
847.75,-100.75,0,TU
713.75,-100.25,0,TU
-981.75,-100.25,0,TU
124.75,-99.75,0,TU
1018.75,-99.25,0,TU
1818.75,-98.75,0,TU
1369.25,-98.75,0,TU
2242.75,-98.25,0,TU
539.25,-98.25,0,TU
2729.25,-97.75,0,TU
986.75,-97.75,0,TU
2268.75,-97.75,0,TU
2585.75,-96.25,0,TU
-1057.75,-95.75,0,TU
85.75,-95.75,0,TU
1432.25,-95.25,0,TU
-313.75,-95.25,0,TU
-837.25,-95.25,0,TU
2024.75,-95.25,0,TU
1524.75,-95.25,0,TU
-1144.25,-94.75,0,TU
-970.25,-94.75,0,TU
2673.75,-94.25,0,TU
-40.25,-94.25,0,TU
797.75,-94.25,0,TU
2558.75,-93.75,0,TU
1657.75,-93.75,0,TU
2070.25,-93.75,0,TU
-330.75,-93.25,0,TU
465.75,-92.75,0,TU
105.75,-92.75,0,TU
716.25,-92.25,0,TU
2820.25,-91.75,0,TU
1164.75,-91.25,0,TU
136.25,-91.25,0,TU
1403.75,-91.25,0,TU
568.25,-90.25,0,TU
1684.75,-90.25,0,TU
-158.75,-90.25,0,TU
65.75,-90.25,0,TU
-1116.75,-89.75,0,TU
2917.25,-89.75,0,TU
509.75,-89.75,0,TU
745.75,-89.75,0,TU
1266.25,-89.75,0,TU
2050.25,-89.25,0,TU
2799.25,-89.25,0,TU
1644.25,-89.25,0,TU
2774.25,-88.75,0,TU
916.25,-88.75,0,TU
526.75,-88.25,0,TU
2858.25,-88.25,0,TU
2461.25,-87.25,0,TU
1892.75,-86.75,0,TU
959.25,-86.75,0,TU
1617.25,-86.75,0,TU
-1129.75,-85.25,0,TU
-994.75,-85.25,0,TU
2189.25,-85.25,0,TU
776.75,-84.25,0,TU
-274.25,-84.25,0,TU
2008.75,-83.75,0,TU
1778.75,-83.75,0,TU
-813.25,-83.75,0,TU
-729.75,-83.75,0,TU
2885.75,-83.25,0,TU
2.75,-83.25,0,TU
2751.25,-82.75,0,TU
-1244.25,-82.75,0,TU
28.75,-82.25,0,TU
417.75,-82.25,0,TU
-702.75,-82.25,0,TU
2031.25,-81.75,0,TU
440.25,-81.75,0,TU
1119.75,-81.25,0,TU
1415.75,-81.25,0,TU
-84.75,-80.75,0,TU
483.75,-80.75,0,TU
54.25,-80.75,0,TU
1445.75,-80.75,0,TU
1912.25,-80.75,0,TU
2641.75,-80.75,0,TU
-349.75,-80.25,0,TU
-975.75,-80.25,0,TU
-894.75,-79.75,0,TU
1023.75,-79.75,0,TU
126.75,-79.75,0,TU
723.25,-79.75,0,TU
547.25,-78.75,0,TU
2784.75,-78.25,0,TU
1532.25,-77.75,0,TU
1722.75,-77.75,0,TU
175.25,-77.75,0,TU
-245.25,-76.75,0,TU
1753.75,-76.25,0,TU
-1086.75,-76.25,0,TU
807.75,-76.25,0,TU
2165.25,-76.25,0,TU
886.25,-75.75,0,TU
-741.75,-75.25,0,TU
704.25,-74.75,0,TU
-1147.75,-74.75,0,TU
2826.25,-74.25,0,TU
1012.75,-74.25,0,TU
-472.25,-73.75,0,TU
2438.25,-73.75,0,TU
2766.25,-73.75,0,TU
2841.25,-73.75,0,TU
105.75,-73.25,0,TU
288.25,-73.25,0,TU
-861.75,-72.75,0,TU
-222.75,-72.75,0,TU
338.25,-72.75,0,TU
786.75,-72.25,0,TU
2493.75,-72.25,0,TU
2278.75,-72.25,0,TU
14.25,-72.25,0,TU
1964.25,-72.25,0,TU
2334.75,-71.25,0,TU
87.75,-70.75,0,TU
2350.25,-70.25,0,TU
2014.25,-70.25,0,TU
-928.75,-68.75,0,TU
531.25,-68.75,0,TU
2660.75,-68.25,0,TU
2462.25,-68.25,0,TU
2071.75,-68.25,0,TU
1027.75,-67.25,0,TU
1936.25,-66.75,0,TU
362.25,-66.75,0,TU
-833.25,-66.25,0,TU
2856.75,-66.25,0,TU
1921.75,-66.25,0,TU
437.75,-65.75,0,TU
-3.25,-65.75,0,TU
1906.25,-65.25,0,TU
1543.75,-65.25,0,TU
750.75,-65.25,0,TU
2091.75,-65.25,0,TU
-692.75,-65.25,0,TU
-25.25,-64.75,0,TU
458.75,-64.25,0,TU
921.25,-64.25,0,TU
2473.75,-63.75,0,TU
2050.25,-63.25,0,TU
1655.75,-62.75,0,TU
1262.25,-62.25,0,TU
2806.25,-61.75,0,TU
714.75,-61.75,0,TU
140.75,-60.75,0,TU
-1116.25,-60.75,0,TU
2683.75,-60.25,0,TU
3085.75,-60.25,0,TU
27.75,-60.25,0,TU
2785.25,-59.75,0,TU
2312.25,-59.25,0,TU
-967.25,-59.25,0,TU
-987.25,-58.75,0,TU
509.25,-58.25,0,TU
-899.75,-57.75,0,TU
802.75,-57.75,0,TU
931.25,-57.25,0,TU
2753.25,-56.25,0,TU
826.25,-56.25,0,TU
410.75,-56.25,0,TU
-372.75,-55.75,0,TU
1420.75,-55.25,0,TU
1520.75,-55.25,0,TU
1445.25,-55.25,0,TU
-925.75,-54.75,0,TU
772.75,-54.75,0,TU
-1158.75,-54.25,0,TU
331.75,-54.25,0,TU
1790.75,-54.25,0,TU
2448.75,-53.75,0,TU
641.75,-53.25,0,TU
2600.75,-53.25,0,TU
-631.75,-52.25,0,TU
2483.25,-51.75,0,TU
-343.75,-51.75,0,TU
167.75,-51.75,0,TU
2716.25,-51.75,0,TU
121.25,-51.25,0,TU
50.25,-51.25,0,TU
3048.25,-50.75,0,TU
2528.25,-50.75,0,TU
185.25,-50.75,0,TU
-468.75,-50.25,0,TU
2995.25,-50.25,0,TU
2177.75,-50.25,0,TU
909.25,-50.25,0,TU
2638.25,-50.25,0,TU
3031.25,-49.75,0,TU
1813.75,-49.75,0,TU
2013.75,-49.25,0,TU
2154.75,-48.75,0,TU
3015.75,-48.75,0,TU
362.25,-48.25,0,TU
-1024.25,-47.75,0,TU
2822.25,-47.25,0,TU
617.25,-47.25,0,TU
1468.25,-46.75,0,TU
487.75,-46.75,0,TU
2970.25,-46.75,0,TU
-1044.25,-46.25,0,TU
78.25,-46.25,0,TU
12.25,-46.25,0,TU
103.75,-46.25,0,TU
2618.75,-46.25,0,TU
1050.25,-45.75,0,TU
2689.75,-45.25,0,TU
2676.75,-45.25,0,TU
-648.75,-45.25,0,TU
-619.75,-45.25,0,TU
-1097.25,-44.25,0,TU
1928.25,-44.25,0,TU
2774.75,-43.75,0,TU
-947.75,-43.75,0,TU
1940.75,-43.75,0,TU
1598.25,-43.75,0,TU
674.75,-43.75,0,TU
798.25,-42.25,0,TU
941.75,-42.25,0,TU
-1055.75,-42.25,0,TU
309.75,-41.25,0,TU
-919.25,-41.25,0,TU
144.75,-40.75,0,TU
-277.25,-40.25,0,TU
-462.75,-39.75,0,TU
711.75,-39.75,0,TU
0.75,-39.25,0,TU
3065.25,-39.25,0,TU
2346.25,-38.75,0,TU
260.75,-38.75,0,TU
1914.25,-38.25,0,TU
-610.75,-38.25,0,TU
2552.25,-37.75,0,TU
-21.25,-37.75,0,TU
-1074.25,-37.75,0,TU
507.75,-37.25,0,TU
1721.25,-37.25,0,TU
2194.75,-37.25,0,TU
1270.75,-37.25,0,TU
2815.25,-36.75,0,TU
1206.25,-36.75,0,TU
-22.75,-36.25,0,TU
164.25,-35.75,0,TU
892.25,-35.75,0,TU
1009.25,-35.75,0,TU
-220.75,-35.25,0,TU
2670.25,-35.25,0,TU
-993.25,-35.25,0,TU
648.25,-35.25,0,TU
2483.25,-34.75,0,TU
64.75,-33.75,0,TU
3006.25,-33.75,0,TU
-979.25,-33.25,0,TU
288.25,-33.25,0,TU
-1173.25,-33.25,0,TU
2845.25,-33.25,0,TU
2656.25,-32.25,0,TU
2572.75,-31.75,0,TU
-480.25,-31.75,0,TU
-632.25,-31.75,0,TU
2527.75,-31.25,0,TU
832.75,-31.25,0,TU
630.75,-31.25,0,TU
1657.25,-31.25,0,TU
594.25,-30.75,0,TU
1798.75,-30.25,0,TU
221.75,-29.75,0,TU
2416.75,-29.75,0,TU
610.75,-29.75,0,TU
786.25,-29.75,0,TU
-1149.75,-28.25,0,TU
32.75,-28.25,0,TU
1930.75,-28.25,0,TU
-523.25,-27.75,0,TU
97.25,-27.25,0,TU
498.25,-27.25,0,TU
1243.75,-27.25,0,TU
186.75,-26.75,0,TU
-236.25,-26.75,0,TU
707.75,-26.75,0,TU
470.75,-26.75,0,TU
2966.75,-26.25,0,TU
808.75,-26.25,0,TU
-743.25,-25.75,0,TU
-659.75,-25.25,0,TU
-928.25,-24.25,0,TU
2717.25,-24.25,0,TU
2446.75,-23.75,0,TU
-1021.25,-23.75,0,TU
2509.25,-23.25,0,TU
1466.25,-23.25,0,TU
206.75,-23.25,0,TU
1408.25,-23.25,0,TU
627.25,-22.75,0,TU
-181.75,-21.25,0,TU
2651.25,-20.75,0,TU
259.75,-20.75,0,TU
686.25,-20.75,0,TU
2435.25,-20.25,0,TU
1864.25,-19.75,0,TU
-716.25,-19.75,0,TU
-1095.75,-19.75,0,TU
3030.25,-19.75,0,TU
2979.75,-19.25,0,TU
-949.25,-19.25,0,TU
1909.25,-18.75,0,TU
-533.25,-18.25,0,TU
917.75,-18.25,0,TU
-558.25,-17.75,0,TU
2128.25,-17.75,0,TU
1920.25,-17.75,0,TU
1691.75,-17.75,0,TU
-159.75,-17.25,0,TU
2155.75,-17.25,0,TU
-486.25,-16.25,0,TU
-639.25,-16.25,0,TU
2848.25,-15.75,0,TU
638.75,-15.25,0,TU
1012.75,-15.25,0,TU
-1297.75,-15.25,0,TU
2479.25,-15.25,0,TU
1884.75,-14.75,0,TU
-1216.75,-14.25,0,TU
2553.25,-14.25,0,TU
86.75,-13.75,0,TU
2999.25,-13.75,0,TU
2177.25,-13.25,0,TU
289.25,-13.25,0,TU
-991.75,-13.25,0,TU
2570.75,-12.75,0,TU
2402.25,-12.25,0,TU
-182.25,-11.75,0,TU
2757.25,-11.75,0,TU
502.75,-11.75,0,TU
2829.25,-11.75,0,TU
2599.25,-11.25,0,TU
833.75,-11.25,0,TU
1211.75,-9.75,0,TU
-512.25,-9.75,0,TU
1226.25,-9.25,0,TU
1582.75,-8.75,0,TU
2418.25,-8.75,0,TU
1453.75,-8.25,0,TU
319.25,-7.75,0,TU
-704.25,-7.75,0,TU
2459.25,-7.25,0,TU
-1081.25,-7.25,0,TU
2817.25,-6.75,0,TU
617.25,-6.75,0,TU
2515.25,-6.75,0,TU
2389.25,-6.75,0,TU
904.25,-6.25,0,TU
787.25,-5.25,0,TU
2587.75,-5.25,0,TU
597.25,-4.75,0,TU
1804.75,-4.75,0,TU
826.25,-4.75,0,TU
275.25,-4.75,0,TU
1742.25,-4.25,0,TU
1904.25,-3.75,0,TU
-1281.25,-3.75,0,TU
-474.75,-3.75,0,TU
678.25,-3.75,0,TU
1922.25,-3.25,0,TU
1622.75,-3.25,0,TU
-649.25,-2.75,0,TU
994.75,-2.25,0,TU
-540.75,-2.25,0,TU
178.25,-1.75,0,TU
2491.75,-1.75,0,TU
622.75,-1.75,0,TU
1722.25,-1.75,0,TU
807.25,-1.25,0,TU
-172.75,-1.25,0,TU
2793.75,-0.75,0,TU
2976.75,-0.75,0,TU
2432.25,-0.25,0,TU
1773.25,1.25,0,TU
774.25,1.25,0,TU
1682.75,1.75,0,TU
648.25,2.25,0,TU
713.75,2.75,0,TU
1143.25,3.75,0,TU
-1102.75,3.75,0,TU
1285.25,4.25,0,TU
1837.75,4.25,0,TU
2180.75,4.25,0,TU
1214.25,4.25,0,TU
2402.25,4.75,0,TU
-1182.25,4.75,0,TU
2315.25,5.25,0,TU
70.25,5.25,0,TU
2053.75,6.25,0,TU
1445.25,6.25,0,TU
1258.25,7.25,0,TU
-503.75,7.25,0,TU
1234.25,7.75,0,TU
2539.75,8.25,0,TU
2810.75,8.25,0,TU
2373.75,8.75,0,TU
-1041.75,8.75,0,TU
889.25,9.75,0,TU
1922.75,9.75,0,TU
1876.25,10.25,0,TU
2242.75,10.25,0,TU
1612.25,10.25,0,TU
-554.75,10.75,0,TU
1465.75,11.25,0,TU
737.75,11.75,0,TU
-179.75,11.75,0,TU
97.25,11.75,0,TU
1496.25,12.25,0,TU
2412.25,12.25,0,TU
2002.25,13.25,0,TU
-670.25,13.25,0,TU
-1210.25,13.75,0,TU
2512.75,13.75,0,TU
1583.25,13.75,0,TU
1897.75,14.25,0,TU
319.75,14.25,0,TU
-690.25,14.25,0,TU
691.25,14.75,0,TU
2485.75,14.75,0,TU
-659.25,15.25,0,TU
2956.25,15.25,0,TU
-950.25,15.25,0,TU
2591.25,16.25,0,TU
1567.75,16.75,0,TU
501.25,16.75,0,TU
1861.75,17.75,0,TU
2446.75,18.25,0,TU
-1290.75,18.25,0,TU
-522.75,18.75,0,TU
2566.25,18.75,0,TU
2798.25,19.25,0,TU
1813.75,19.25,0,TU
1907.75,19.75,0,TU
1230.75,20.25,0,TU
461.25,20.25,0,TU
-740.25,20.25,0,TU
2383.25,20.75,0,TU
2132.75,20.75,0,TU
335.75,21.25,0,TU
-713.75,21.75,0,TU
792.25,21.75,0,TU
818.25,22.75,0,TU
-1269.75,22.75,0,TU
-1315.25,22.75,0,TU
1706.75,23.25,0,TU
1756.75,23.25,0,TU
1077.25,23.25,0,TU
446.25,23.75,0,TU
2295.75,24.25,0,TU
838.75,25.75,0,TU
-1126.25,25.75,0,TU
2027.75,25.75,0,TU
869.75,26.25,0,TU
1534.25,26.75,0,TU
1594.75,26.75,0,TU
780.25,26.75,0,TU
2234.25,27.75,0,TU
1845.75,29.75,0,TU
2413.25,29.75,0,TU
287.75,29.75,0,TU
2364.25,29.75,0,TU
2183.75,30.25,0,TU
619.25,30.25,0,TU
2206.25,30.25,0,TU
1135.25,30.75,0,TU
-1090.25,31.25,0,TU
2501.75,31.25,0,TU
2478.75,31.75,0,TU
1562.25,31.75,0,TU
-1292.25,32.25,0,TU
2220.25,33.25,0,TU
2630.25,33.25,0,TU
2438.75,33.75,0,TU
750.75,34.25,0,TU
696.25,34.75,0,TU
2279.25,34.75,0,TU
2331.75,34.75,0,TU
-666.25,35.75,0,TU
2069.75,35.75,0,TU
2050.75,36.25,0,TU
593.75,36.25,0,TU
1769.75,37.25,0,TU
738.25,37.75,0,TU
501.25,38.25,0,TU
68.75,38.75,0,TU
1084.75,39.75,0,TU
-737.25,40.25,0,TU
-1149.25,40.75,0,TU
900.25,40.75,0,TU
-685.75,40.75,0,TU
1616.25,42.75,0,TU
320.75,43.75,0,TU
2387.75,43.75,0,TU
1641.25,43.75,0,TU
872.25,44.75,0,TU
2158.25,44.75,0,TU
2195.25,44.75,0,TU
479.75,44.75,0,TU
2177.25,45.25,0,TU
1954.75,45.25,0,TU
-1168.25,45.25,0,TU
1063.75,45.25,0,TU
259.25,46.75,0,TU
2110.75,46.75,0,TU
2311.25,47.25,0,TU
1704.75,47.25,0,TU
931.25,47.75,0,TU
1043.25,47.75,0,TU
941.75,47.75,0,TU
1568.25,48.75,0,TU
1426.25,49.25,0,TU
528.25,49.75,0,TU
1624.25,50.25,0,TU
2349.75,51.25,0,TU
814.75,52.75,0,TU
774.75,53.25,0,TU
2140.25,53.75,0,TU
-912.25,53.75,0,TU
1232.75,53.75,0,TU
2232.25,54.25,0,TU
-538.75,54.75,0,TU
1608.25,54.75,0,TU
2670.75,55.25,0,TU
840.75,55.25,0,TU
1504.25,55.75,0,TU
919.25,55.75,0,TU
-517.25,55.75,0,TU
1315.75,55.75,0,TU
2212.25,56.25,0,TU
1588.75,57.25,0,TU
-885.25,57.75,0,TU
-1134.25,57.75,0,TU
2644.75,58.25,0,TU
2602.25,58.25,0,TU
-1040.75,59.25,0,TU
885.75,59.25,0,TU
-169.75,59.25,0,TU
2694.75,59.25,0,TU
-1369.25,59.75,0,TU
899.25,59.75,0,TU
2397.75,60.25,0,TU
1541.25,61.75,0,TU
2187.25,62.25,0,TU
2421.75,62.75,0,TU
1490.75,63.25,0,TU
-184.25,63.75,0,TU
1069.25,63.75,0,TU
-910.75,64.75,0,TU
859.75,64.75,0,TU
1682.25,65.75,0,TU
1881.25,66.25,0,TU
-982.75,66.25,0,TU
1083.75,66.25,0,TU
59.25,66.25,0,TU
555.25,66.75,0,TU
1972.25,66.75,0,TU
2196.25,67.75,0,TU
1096.75,68.25,0,TU
-570.25,68.25,0,TU
2529.25,68.25,0,TU
931.75,68.75,0,TU
2315.75,68.75,0,TU
1936.75,68.75,0,TU
1577.25,69.25,0,TU
-682.75,69.75,0,TU
-1375.25,69.75,0,TU
1638.25,70.75,0,TU
2036.75,71.75,0,TU
-1341.25,72.25,0,TU
2634.25,72.75,0,TU
1305.25,73.25,0,TU
2225.25,73.25,0,TU
2580.75,73.75,0,TU
1515.75,74.25,0,TU
2541.25,74.25,0,TU
1598.25,74.25,0,TU
2212.75,74.75,0,TU
260.25,75.25,0,TU
2704.25,75.75,0,TU
-546.75,76.25,0,TU
1704.75,76.25,0,TU
1837.25,76.75,0,TU
2159.25,76.75,0,TU
2681.25,76.75,0,TU
2247.75,76.75,0,TU
2730.75,77.25,0,TU
-864.75,77.25,0,TU
1903.75,77.75,0,TU
569.75,77.75,0,TU
876.75,78.75,0,TU
909.25,78.75,0,TU
296.25,78.75,0,TU
2550.25,79.25,0,TU
-580.25,79.25,0,TU
1621.75,79.75,0,TU
2004.25,79.75,0,TU
-963.75,80.25,0,TU
1976.25,81.75,0,TU
-165.75,81.75,0,TU
1487.75,82.25,0,TU
-1355.25,82.25,0,TU
-501.75,82.75,0,TU
1872.75,83.25,0,TU
1503.25,83.75,0,TU
1818.75,84.75,0,TU
1604.75,85.25,0,TU
2120.25,85.75,0,TU
932.75,86.25,0,TU
1521.25,86.75,0,TU
1632.25,86.75,0,TU
2604.75,86.75,0,TU
1652.75,87.25,0,TU
2144.75,87.75,0,TU
-474.75,87.75,0,TU
501.25,87.75,0,TU
1722.25,87.75,0,TU
2577.75,87.75,0,TU
2616.25,88.25,0,TU
-1424.25,89.25,0,TU
776.25,89.25,0,TU
737.25,89.75,0,TU
756.75,90.25,0,TU
-739.25,90.75,0,TU
1706.75,90.75,0,TU
-1388.75,91.25,0,TU
-1326.75,91.25,0,TU
2224.25,91.25,0,TU
-1097.75,92.25,0,TU
2673.75,92.25,0,TU
536.25,92.25,0,TU
857.75,93.25,0,TU
2383.75,93.75,0,TU
2599.25,94.25,0,TU
2454.25,94.25,0,TU
617.75,94.25,0,TU
-128.25,94.75,0,TU
2206.25,94.75,0,TU
-966.75,94.75,0,TU
2168.75,95.25,0,TU
-715.75,95.25,0,TU
-700.75,95.25,0,TU
594.75,95.25,0,TU
1496.25,95.25,0,TU
-1374.25,95.75,0,TU
2732.75,96.25,0,TU
1963.25,96.25,0,TU
1103.75,96.75,0,TU
2632.75,96.75,0,TU
1508.75,96.75,0,TU
-921.75,96.75,0,TU
-596.25,96.75,0,TU
1359.75,98.25,0,TU
276.75,98.25,0,TU
1680.75,98.25,0,TU
2251.75,99.25,0,TU
-455.25,100.25,0,TU
2695.75,100.75,0,TU
1644.75,101.25,0,TU
1805.25,102.25,0,TU
772.75,102.25,0,TU
-429.75,102.75,0,TU
1778.75,102.75,0,TU
1220.75,102.75,0,TU
2678.25,102.75,0,TU
1698.25,102.75,0,TU
-941.75,103.75,0,TU
1753.75,104.25,0,TU
2588.75,104.25,0,TU
-1342.25,104.25,0,TU
2644.25,104.75,0,TU
1665.75,105.25,0,TU
2123.25,105.75,0,TU
523.75,105.75,0,TU
1256.75,106.25,0,TU
1045.75,106.75,0,TU
752.75,106.75,0,TU
1630.25,106.75,0,TU
-106.75,106.75,0,TU
-1016.75,106.75,0,TU
2712.25,107.75,0,TU
1881.75,107.75,0,TU
488.25,108.25,0,TU
1313.75,108.75,0,TU
-683.75,108.75,0,TU
2549.25,108.75,0,TU
-1364.25,109.25,0,TU
-702.25,109.25,0,TU
1965.75,109.25,0,TU
313.75,109.75,0,TU
2573.75,109.75,0,TU
-1044.25,110.75,0,TU
-721.25,111.25,0,TU
-560.25,111.25,0,TU
-988.75,111.75,0,TU
1622.25,111.75,0,TU
603.75,112.25,0,TU
1483.75,112.25,0,TU
-1387.25,112.75,0,TU
-967.25,113.25,0,TU
-751.25,113.75,0,TU
1533.25,113.75,0,TU
553.25,114.25,0,TU
-189.25,114.25,0,TU
2325.25,114.25,0,TU
2660.25,115.25,0,TU
-1499.75,115.75,0,TU
-1004.25,116.25,0,TU
-1298.25,116.25,0,TU
1641.25,116.75,0,TU
93.75,117.25,0,TU
-1099.75,117.75,0,TU
2601.25,117.75,0,TU
1104.25,118.25,0,TU
2744.25,118.75,0,TU
1980.75,119.25,0,TU
-426.25,119.25,0,TU
879.25,120.25,0,TU
2670.25,121.25,0,TU
1084.75,121.25,0,TU
-719.25,122.25,0,TU
-241.25,122.75,0,TU
-412.75,122.75,0,TU
2100.75,122.75,0,TU
-935.25,122.75,0,TU
2312.75,123.25,0,TU
373.25,123.25,0,TU
504.25,123.25,0,TU
-700.25,123.75,0,TU
526.25,123.75,0,TU
2688.75,123.75,0,TU
2257.75,124.75,0,TU
81.25,125.25,0,TU
59.25,125.25,0,TU
2222.25,125.25,0,TU
2205.25,125.75,0,TU
-1487.75,126.75,0,TU
350.25,126.75,0,TU
1791.25,126.75,0,TU
160.25,127.75,0,TU
-1020.75,128.25,0,TU
1512.25,128.25,0,TU
2280.75,128.25,0,TU
2123.75,128.75,0,TU
-750.25,128.75,0,TU
-599.25,129.25,0,TU
599.75,130.25,0,TU
-683.75,130.25,0,TU
1297.25,130.25,0,TU
2139.75,130.75,0,TU
844.25,130.75,0,TU
-365.75,130.75,0,TU
-89.25,131.25,0,TU
1664.75,131.75,0,TU
1854.75,131.75,0,TU
335.25,132.25,0,TU
-1098.75,132.25,0,TU
-995.25,132.25,0,TU
299.75,132.75,0,TU
1622.75,132.75,0,TU
-446.75,132.75,0,TU
-1431.25,133.25,0,TU
1366.75,133.25,0,TU
2703.25,133.75,0,TU
23.25,133.75,0,TU
552.25,133.75,0,TU
1093.75,134.25,0,TU
-1402.75,134.25,0,TU
-556.75,134.75,0,TU
53.75,134.75,0,TU
2183.75,134.75,0,TU
2160.75,135.25,0,TU
173.25,135.25,0,TU
-962.75,135.25,0,TU
1886.25,135.75,0,TU
139.75,135.75,0,TU
100.75,136.25,0,TU
254.25,136.25,0,TU
284.25,136.25,0,TU
1725.75,136.75,0,TU
-46.75,137.25,0,TU
1120.75,137.25,0,TU
-977.25,137.25,0,TU
359.75,137.75,0,TU
-1243.75,137.75,0,TU
510.75,138.25,0,TU
-942.25,138.75,0,TU
34.75,138.75,0,TU
400.25,139.25,0,TU
1246.75,139.25,0,TU
-1755.75,139.25,0,TU
1799.75,139.25,0,TU
-144.75,139.25,0,TU
2674.75,139.25,0,TU
-1479.75,139.75,0,TU
381.75,140.75,0,TU
-380.75,140.75,0,TU
112.75,141.25,0,TU
-1730.25,141.25,0,TU
2043.75,142.25,0,TU
582.75,142.25,0,TU
-674.75,142.75,0,TU
2024.25,142.75,0,TU
-1186.25,144.25,0,TU
-1453.75,144.25,0,TU
-1778.25,144.75,0,TU
1320.75,144.75,0,TU
-1018.25,144.75,0,TU
-1205.25,144.75,0,TU
2209.75,145.25,0,TU
187.75,145.75,0,TU
1701.25,146.25,0,TU
532.25,146.75,0,TU
490.25,147.25,0,TU
1468.25,147.25,0,TU
1764.75,147.25,0,TU
2069.75,147.75,0,TU
2700.75,147.75,0,TU
1743.25,148.25,0,TU
2143.25,149.75,0,TU
835.25,149.75,0,TU
-405.75,150.25,0,TU
2278.75,150.25,0,TU
550.75,150.25,0,TU
564.25,150.25,0,TU
-175.25,150.75,0,TU
-244.25,150.75,0,TU
2550.75,150.75,0,TU
100.75,151.25,0,TU
-1309.75,151.25,0,TU
2103.25,151.25,0,TU
1638.75,152.25,0,TU
163.75,152.25,0,TU
-711.25,153.25,0,TU
136.75,153.75,0,TU
475.75,153.75,0,TU
502.25,154.25,0,TU
1101.25,154.25,0,TU
1656.75,155.75,0,TU
-947.25,156.25,0,TU
1546.25,156.25,0,TU
-1349.25,156.25,0,TU
-753.25,156.25,0,TU
2085.75,156.75,0,TU
199.75,157.25,0,TU
2292.75,157.25,0,TU
-1098.75,157.75,0,TU
-1007.75,158.25,0,TU
-1735.75,158.75,0,TU
1389.25,158.75,0,TU
1445.75,159.25,0,TU
-50.25,159.25,0,TU
-978.75,160.25,0,TU
1080.75,160.75,0,TU
-1779.25,160.75,0,TU
-1329.75,160.75,0,TU
-691.75,161.25,0,TU
2662.25,161.25,0,TU
-430.25,161.25,0,TU
2172.25,161.25,0,TU
521.25,161.75,0,TU
1675.25,161.75,0,TU
-1565.75,162.25,0,TU
2564.75,163.25,0,TU
41.75,163.75,0,TU
-449.75,163.75,0,TU
-510.25,164.75,0,TU
2682.75,164.75,0,TU
2381.75,165.25,0,TU
464.25,165.75,0,TU
2714.75,165.75,0,TU
-742.75,166.75,0,TU
1576.75,167.25,0,TU
2075.25,167.25,0,TU
1369.25,167.25,0,TU
-336.75,167.75,0,TU
281.25,167.75,0,TU
1695.75,167.75,0,TU
2419.25,167.75,0,TU
572.75,168.25,0,TU
2049.25,168.25,0,TU
860.75,168.25,0,TU
2021.75,168.75,0,TU
-244.75,168.75,0,TU
2688.75,168.75,0,TU
497.75,169.25,0,TU
-992.25,169.25,0,TU
-266.75,169.25,0,TU
-475.25,170.25,0,TU
1751.25,170.25,0,TU
-397.75,170.75,0,TU
-948.75,170.75,0,TU
-1791.75,170.75,0,TU
-13.75,171.75,0,TU
1623.75,171.75,0,TU
-366.25,173.25,0,TU
-428.25,173.75,0,TU
403.75,173.75,0,TU
1642.75,173.75,0,TU
-164.25,173.75,0,TU
110.25,174.75,0,TU
828.25,175.25,0,TU
1659.25,175.25,0,TU
1335.25,175.75,0,TU
1914.25,176.25,0,TU
2439.25,176.25,0,TU
167.25,176.25,0,TU
88.75,176.25,0,TU
-1462.75,176.75,0,TU
-759.75,177.25,0,TU
-1116.25,177.25,0,TU
2274.25,177.75,0,TU
476.75,178.25,0,TU
1531.75,178.25,0,TU
2545.75,179.25,0,TU
2042.75,179.75,0,TU
-1529.25,179.75,0,TU
567.25,180.25,0,TU
389.75,180.25,0,TU
532.25,180.25,0,TU
2157.25,180.75,0,TU
891.25,181.25,0,TU
2479.75,181.75,0,TU
-1545.75,182.25,0,TU
-607.75,182.75,0,TU
1552.75,183.25,0,TU
1877.25,183.75,0,TU
1931.75,183.75,0,TU
2653.75,183.75,0,TU
-80.25,183.75,0,TU
2020.25,184.75,0,TU
1617.25,184.75,0,TU
507.25,184.75,0,TU
1711.25,184.75,0,TU
-1604.25,185.25,0,TU
1956.75,185.25,0,TU
-676.75,185.75,0,TU
1433.25,185.75,0,TU
-1635.25,185.75,0,TU
374.25,185.75,0,TU
-282.25,186.25,0,TU
861.75,186.25,0,TU
554.75,186.75,0,TU
1979.25,186.75,0,TU
-1806.75,189.25,0,TU
842.75,189.25,0,TU
1601.75,189.75,0,TU
-244.75,189.75,0,TU
1683.25,189.75,0,TU
1072.25,190.75,0,TU
1651.75,191.75,0,TU
1898.75,193.25,0,TU
1373.25,193.75,0,TU
2083.25,193.75,0,TU
353.25,194.25,0,TU
2615.75,194.25,0,TU
-1788.25,194.75,0,TU
-1450.25,195.25,0,TU
2151.25,195.25,0,TU
1922.25,196.25,0,TU
1255.75,196.25,0,TU
-68.25,196.75,0,TU
1096.25,197.25,0,TU
1520.25,197.25,0,TU
-754.25,197.25,0,TU
494.75,198.25,0,TU
2165.75,198.75,0,TU
-1774.75,199.25,0,TU
976.25,199.75,0,TU
-353.25,199.75,0,TU
2301.25,201.25,0,TU
1828.75,201.75,0,TU
2228.25,202.25,0,TU
1355.75,202.25,0,TU
1867.25,202.25,0,TU
-1398.75,202.25,0,TU
-1103.25,202.75,0,TU
-1544.75,203.25,0,TU
546.75,203.75,0,TU
846.75,203.75,0,TU
2138.75,204.25,0,TU
-629.25,204.25,0,TU
156.25,204.75,0,TU
2270.25,204.75,0,TU
1441.25,204.75,0,TU
-503.25,205.75,0,TU
-1019.75,206.75,0,TU
-289.75,206.75,0,TU
2617.75,206.75,0,TU
-994.25,207.75,0,TU
520.25,208.25,0,TU
1671.25,208.75,0,TU
382.75,209.25,0,TU
2125.75,209.25,0,TU
2642.75,209.75,0,TU
-116.75,209.75,0,TU
-1499.75,210.25,0,TU
1690.75,210.75,0,TU
-446.75,210.75,0,TU
1553.25,210.75,0,TU
1384.25,211.25,0,TU
-1343.25,211.75,0,TU
-534.75,211.75,0,TU
1906.25,212.25,0,TU
-206.25,213.25,0,TU
1656.25,214.25,0,TU
1948.25,214.25,0,TU
348.25,214.25,0,TU
-266.75,214.25,0,TU
-1834.25,214.75,0,TU
2067.75,215.25,0,TU
2496.25,215.25,0,TU
2559.75,215.25,0,TU
-1757.25,215.75,0,TU
-1777.75,215.75,0,TU
890.25,216.75,0,TU
1754.25,217.75,0,TU
2023.75,218.25,0,TU
255.75,218.25,0,TU
1630.75,218.25,0,TU
-1410.75,218.75,0,TU
-573.25,218.75,0,TU
2162.75,218.75,0,TU
-748.25,219.25,0,TU
1061.75,219.25,0,TU
484.75,219.75,0,TU
1403.25,220.25,0,TU
570.25,220.25,0,TU
1424.75,220.25,0,TU
1536.25,221.25,0,TU
2307.75,221.75,0,TU
80.75,222.25,0,TU
456.75,222.25,0,TU
163.25,223.25,0,TU
1905.25,223.25,0,TU
2236.75,223.75,0,TU
-123.75,224.25,0,TU
-1018.75,224.75,0,TU
1344.25,225.75,0,TU
973.25,225.75,0,TU
234.75,225.75,0,TU
-230.75,226.25,0,TU
1104.25,226.25,0,TU
-1378.75,226.25,0,TU
1725.25,226.25,0,TU
65.75,226.75,0,TU
-1514.25,226.75,0,TU
-1159.25,226.75,0,TU
1503.75,226.75,0,TU
-181.25,227.75,0,TU
-358.75,227.75,0,TU
189.25,227.75,0,TU
1265.75,228.75,0,TU
1366.25,229.25,0,TU
-1540.75,229.25,0,TU
-1837.75,229.25,0,TU
1307.75,229.75,0,TU
-1656.75,230.25,0,TU
1078.75,230.25,0,TU
1675.25,231.25,0,TU
-127.25,232.25,0,TU
1706.25,233.25,0,TU
-687.25,233.25,0,TU
2059.75,233.25,0,TU
667.25,233.25,0,TU
-540.75,234.25,0,TU
2002.75,234.75,0,TU
538.75,234.75,0,TU
216.25,234.75,0,TU
2215.75,234.75,0,TU
2111.25,235.25,0,TU
880.75,235.75,0,TU
601.75,236.25,0,TU
500.25,236.25,0,TU
-1350.25,236.25,0,TU
-1134.75,236.75,0,TU
-597.75,236.75,0,TU
-334.75,236.75,0,TU
-1766.25,237.25,0,TU
-208.25,238.25,0,TU
-1499.25,238.75,0,TU
2562.75,238.75,0,TU
119.25,239.25,0,TU
-1649.75,239.25,0,TU
-276.25,239.75,0,TU
1881.25,240.25,0,TU
-147.75,240.25,0,TU
-1300.75,240.25,0,TU
170.75,240.25,0,TU
1685.25,240.25,0,TU
2041.75,241.25,0,TU
1187.75,241.75,0,TU
-1032.25,242.25,0,TU
-559.75,242.25,0,TU
149.25,242.25,0,TU
2195.75,242.75,0,TU
895.75,243.25,0,TU
2022.25,243.25,0,TU
1447.25,243.25,0,TU
-1477.75,244.25,0,TU
-173.75,244.25,0,TU
558.25,244.75,0,TU
2522.25,245.25,0,TU
-1011.75,245.25,0,TU
961.25,245.25,0,TU
2063.75,245.25,0,TU
676.25,245.75,0,TU
-1824.75,245.75,0,TU
2129.75,246.25,0,TU
2148.25,246.25,0,TU
-1170.75,246.25,0,TU
-640.75,246.75,0,TU
-574.25,247.25,0,TU
1281.25,247.25,0,TU
1919.75,248.25,0,TU
1437.25,248.75,0,TU
1527.25,248.75,0,TU
-1445.25,249.25,0,TU
88.25,249.25,0,TU
1467.25,249.75,0,TU
-536.75,250.25,0,TU
-366.75,250.25,0,TU
-1749.75,250.25,0,TU
1050.25,250.25,0,TU
1304.75,250.75,0,TU
1549.75,250.75,0,TU
2502.25,250.75,0,TU
-222.25,250.75,0,TU
2314.25,251.75,0,TU
189.75,251.75,0,TU
1626.75,252.25,0,TU
164.75,252.75,0,TU
2005.25,252.75,0,TU
2334.25,253.25,0,TU
-103.25,253.25,0,TU
520.75,253.75,0,TU
8.75,254.75,0,TU
1100.25,255.25,0,TU
-1556.25,256.25,0,TU
2024.75,257.25,0,TU
1384.25,257.75,0,TU
-1142.75,258.25,0,TU
1509.75,258.75,0,TU
-1191.25,258.75,0,TU
135.25,259.25,0,TU
56.25,259.25,0,TU
1132.75,259.25,0,TU
2318.75,259.75,0,TU
978.25,259.75,0,TU
-163.25,260.25,0,TU
114.75,260.25,0,TU
1799.75,260.25,0,TU
-657.25,260.25,0,TU
-1489.25,260.75,0,TU
-1417.25,260.75,0,TU
-1810.75,261.25,0,TU
-1509.75,261.75,0,TU
-363.25,261.75,0,TU
1032.25,262.25,0,TU
-579.25,262.75,0,TU
1688.25,263.75,0,TU
2119.75,264.25,0,TU
2136.75,264.25,0,TU
2294.25,264.25,0,TU
-1730.25,264.75,0,TU
1429.25,264.75,0,TU
27.25,266.25,0,TU
2184.75,266.25,0,TU
181.25,267.25,0,TU
-798.25,267.25,0,TU
-732.25,267.75,0,TU
1611.25,267.75,0,TU
2150.75,268.25,0,TU
2010.75,268.25,0,TU
164.25,268.25,0,TU
-542.25,268.75,0,TU
2211.75,269.25,0,TU
1714.75,269.75,0,TU
-392.75,269.75,0,TU
1525.75,270.25,0,TU
-405.75,270.25,0,TU
-1709.75,270.75,0,TU
-19.25,270.75,0,TU
79.25,271.75,0,TU
2235.75,272.25,0,TU
1835.75,272.75,0,TU
-1.25,273.25,0,TU
561.75,273.75,0,TU
-300.75,273.75,0,TU
440.75,275.25,0,TU
97.25,275.25,0,TU
-972.75,275.75,0,TU
2324.75,276.25,0,TU
-1473.25,276.25,0,TU
-598.75,276.75,0,TU
128.25,277.25,0,TU
419.75,277.75,0,TU
2033.25,277.75,0,TU
958.75,277.75,0,TU
1165.75,278.25,0,TU
-575.75,278.75,0,TU
109.25,278.75,0,TU
-687.25,279.25,0,TU
-424.25,279.25,0,TU
460.25,280.25,0,TU
-992.25,280.75,0,TU
510.75,281.25,0,TU
-366.75,281.25,0,TU
1676.75,281.25,0,TU
-466.75,281.75,0,TU
-454.25,282.25,0,TU
1641.25,282.75,0,TU
1492.75,282.75,0,TU
1357.25,283.25,0,TU
1954.75,283.25,0,TU
1558.75,283.75,0,TU
1211.25,283.75,0,TU
2071.25,284.25,0,TU
-1574.25,284.25,0,TU
1301.75,284.25,0,TU
2142.25,284.25,0,TU
-273.75,284.75,0,TU
2155.75,284.75,0,TU
16.75,284.75,0,TU
1696.75,285.25,0,TU
-740.75,285.75,0,TU
1259.75,285.75,0,TU
-1192.25,285.75,0,TU
2102.25,286.25,0,TU
-725.75,286.25,0,TU
1133.75,286.25,0,TU
-1163.75,286.25,0,TU
2297.75,286.75,0,TU
-393.75,286.75,0,TU
88.75,286.75,0,TU
997.75,286.75,0,TU
2048.25,287.25,0,TU
-560.25,288.25,0,TU
1472.75,288.25,0,TU
-19.75,288.25,0,TU
-644.25,288.75,0,TU
2122.75,289.25,0,TU
455.75,289.25,0,TU
1444.25,289.25,0,TU
973.75,289.75,0,TU
-1837.75,289.75,0,TU
536.75,289.75,0,TU
-239.25,290.75,0,TU
-1013.75,290.75,0,TU
-775.75,291.25,0,TU
1168.25,291.25,0,TU
1106.75,291.75,0,TU
2138.75,291.75,0,TU
-1609.25,291.75,0,TU
1346.25,292.25,0,TU
1523.25,292.25,0,TU
48.25,293.25,0,TU
488.75,294.25,0,TU
2004.25,294.25,0,TU
1779.75,294.75,0,TU
1723.75,294.75,0,TU
1542.75,295.25,0,TU
-1437.25,295.25,0,TU
-711.75,295.25,0,TU
-1063.25,295.75,0,TU
-41.75,295.75,0,TU
126.25,295.75,0,TU
-442.25,296.25,0,TU
-1.75,296.25,0,TU
-160.25,296.75,0,TU
103.75,296.75,0,TU
-1398.25,296.75,0,TU
-273.75,297.25,0,TU
2039.75,297.25,0,TU
-379.25,297.25,0,TU
1737.25,297.25,0,TU
-630.25,298.25,0,TU
-583.25,299.25,0,TU
-418.75,299.75,0,TU
1756.75,299.75,0,TU
-348.25,300.25,0,TU
1456.75,300.75,0,TU
-825.75,300.75,0,TU
-973.25,300.75,0,TU
-1030.25,301.25,0,TU
-1088.75,301.25,0,TU
418.75,301.25,0,TU
567.75,302.25,0,TU
1675.75,302.25,0,TU
2310.25,302.25,0,TU
2014.25,302.25,0,TU
1692.75,302.25,0,TU
-1862.75,302.75,0,TU
-606.25,302.75,0,TU
137.25,302.75,0,TU
808.25,303.25,0,TU
-1001.75,303.25,0,TU
1219.25,303.25,0,TU
1595.75,303.25,0,TU
1814.25,303.75,0,TU
-396.75,303.75,0,TU
1826.75,304.25,0,TU
516.75,304.25,0,TU
-137.75,304.75,0,TU
888.25,305.75,0,TU
-1493.75,306.25,0,TU
-464.25,306.25,0,TU
-804.25,306.25,0,TU
-657.25,306.75,0,TU
-1425.25,306.75,0,TU
1710.25,308.25,0,TU
315.25,308.75,0,TU
404.25,309.75,0,TU
-1049.25,309.75,0,TU
2243.75,309.75,0,TU
-692.25,309.75,0,TU
-1875.25,311.25,0,TU
-374.75,311.25,0,TU
2059.25,311.25,0,TU
1778.25,311.75,0,TU
-1736.25,311.75,0,TU
2310.25,311.75,0,TU
1149.25,311.75,0,TU
442.25,311.75,0,TU
1188.25,312.75,0,TU
-1824.25,313.25,0,TU
1736.75,313.25,0,TU
782.75,313.75,0,TU
-1677.75,314.25,0,TU
-1133.25,314.25,0,TU
-412.75,314.25,0,TU
82.25,314.75,0,TU
-627.25,314.75,0,TU
-492.25,314.75,0,TU
2034.75,315.25,0,TU
854.25,315.25,0,TU
-688.25,315.75,0,TU
-773.25,316.25,0,TU
2006.25,316.25,0,TU
-1561.75,316.75,0,TU
117.25,317.75,0,TU
2179.75,317.75,0,TU
-667.25,317.75,0,TU
1210.25,318.75,0,TU
994.75,318.75,0,TU
-1027.75,318.75,0,TU
2289.75,318.75,0,TU
1489.75,318.75,0,TU
-1759.75,318.75,0,TU
967.25,319.25,0,TU
1455.25,319.25,0,TU
1168.75,319.75,0,TU
-1213.25,319.75,0,TU
2145.25,320.25,0,TU
1796.25,320.75,0,TU
1568.25,320.75,0,TU
332.25,320.75,0,TU
468.75,321.25,0,TU
2301.75,322.25,0,TU
-579.25,322.25,0,TU
1061.75,322.75,0,TU
1009.75,323.25,0,TU
-161.25,323.75,0,TU
-19.75,324.25,0,TU
-44.75,324.25,0,TU
-1149.25,324.25,0,TU
-447.25,324.25,0,TU
23.25,324.25,0,TU
1115.75,324.75,0,TU
-418.75,325.25,0,TU
142.25,325.75,0,TU
-196.75,326.25,0,TU
-469.25,326.25,0,TU
-391.25,326.75,0,TU
1472.25,327.25,0,TU
1821.75,327.25,0,TU
2122.75,327.75,0,TU
-1009.25,327.75,0,TU
-1071.25,328.25,0,TU
-1122.75,328.25,0,TU
-1585.75,328.75,0,TU
2305.75,329.25,0,TU
1789.75,329.25,0,TU
1745.25,331.25,0,TU
1868.75,331.75,0,TU
-638.75,331.75,0,TU
-1869.75,332.25,0,TU
516.25,332.75,0,TU
1727.75,333.25,0,TU
388.25,333.25,0,TU
1158.75,333.75,0,TU
1917.75,333.75,0,TU
-1746.25,333.75,0,TU
-1041.75,334.25,0,TU
-811.25,334.25,0,TU
-1830.25,334.75,0,TU
-585.75,336.25,0,TU
1464.75,336.25,0,TU
-370.25,337.75,0,TU
-783.75,337.75,0,TU
1205.25,338.25,0,TU
1251.75,338.25,0,TU
318.75,338.25,0,TU
-492.25,338.25,0,TU
-1685.75,338.25,0,TU
-99.25,338.75,0,TU
1098.25,338.75,0,TU
-1714.25,338.75,0,TU
1503.25,338.75,0,TU
1795.75,339.25,0,TU
2015.25,339.25,0,TU
-846.75,339.25,0,TU
-1619.75,339.25,0,TU
-867.75,339.75,0,TU
367.75,339.75,0,TU
1887.25,340.25,0,TU
-1845.75,340.75,0,TU
-398.75,341.25,0,TU
1482.75,341.25,0,TU
-1759.25,342.25,0,TU
2170.75,342.25,0,TU
-5.25,342.25,0,TU
185.75,342.75,0,TU
-695.25,342.75,0,TU
-1469.25,343.25,0,TU
481.75,343.75,0,TU
-1359.75,345.25,0,TU
-1731.75,345.75,0,TU
1582.75,345.75,0,TU
532.25,345.75,0,TU
1807.25,345.75,0,TU
1420.75,346.75,0,TU
2094.25,347.25,0,TU
1667.75,347.75,0,TU
2231.75,348.25,0,TU
1498.25,348.25,0,TU
603.25,348.75,0,TU
354.25,348.75,0,TU
-760.75,348.75,0,TU
1875.25,349.25,0,TU
1834.25,349.25,0,TU
-665.75,349.25,0,TU
-181.75,349.75,0,TU
-1115.25,349.75,0,TU
-459.75,350.75,0,TU
-1440.25,350.75,0,TU
-647.75,350.75,0,TU
-1673.75,350.75,0,TU
-675.25,351.25,0,TU
885.75,351.25,0,TU
2304.25,351.25,0,TU
-422.25,351.25,0,TU
-1068.25,351.75,0,TU
1622.75,352.25,0,TU
-352.25,352.25,0,TU
-2004.25,352.75,0,TU
-202.75,352.75,0,TU
336.25,352.75,0,TU
1011.75,353.25,0,TU
2119.75,353.25,0,TU
-214.25,353.75,0,TU
-871.75,353.75,0,TU
-1385.75,353.75,0,TU
1775.75,354.75,0,TU
-608.75,354.75,0,TU
1917.75,354.75,0,TU
-394.25,355.25,0,TU
-168.25,355.75,0,TU
-819.75,355.75,0,TU
-1094.25,355.75,0,TU
-138.25,356.25,0,TU
-1643.25,357.25,0,TU
1088.75,357.75,0,TU
1180.25,357.75,0,TU
1462.25,357.75,0,TU
2263.25,358.25,0,TU
1704.75,358.25,0,TU
-733.25,358.75,0,TU
-1809.25,358.75,0,TU
1115.75,359.25,0,TU
-1880.25,359.25,0,TU
-844.25,359.25,0,TU
515.25,359.75,0,TU
1149.25,360.25,0,TU
576.75,360.75,0,TU
549.75,361.25,0,TU
1924.75,361.25,0,TU
1030.75,361.25,0,TU
-683.75,361.25,0,TU
-715.75,361.75,0,TU
-486.75,362.25,0,TU
1441.75,362.75,0,TU
459.75,363.75,0,TU
997.75,364.25,0,TU
-1753.25,365.25,0,TU
-865.25,365.75,0,TU
2133.25,366.25,0,TU
1872.75,366.25,0,TU
-1488.25,367.25,0,TU
1666.75,367.75,0,TU
-183.75,368.25,0,TU
-2020.25,368.25,0,TU
-113.75,368.75,0,TU
-1694.25,368.75,0,TU
2159.25,368.75,0,TU
433.75,368.75,0,TU
538.25,368.75,0,TU
1323.75,369.25,0,TU
1230.75,369.25,0,TU
-225.25,369.25,0,TU
1206.25,369.25,0,TU
-773.25,369.75,0,TU
-1842.75,370.25,0,TU
-1466.25,371.25,0,TU
1841.75,371.25,0,TU
1483.75,371.25,0,TU
-1067.25,372.25,0,TU
488.75,372.25,0,TU
352.25,372.75,0,TU
-471.75,372.75,0,TU
2007.25,372.75,0,TU
-364.75,373.25,0,TU
-169.25,373.25,0,TU
-244.25,373.75,0,TU
402.75,374.75,0,TU
2058.75,375.75,0,TU
1180.25,376.25,0,TU
-1351.25,376.25,0,TU
597.25,376.75,0,TU
1540.25,376.75,0,TU
-1593.25,376.75,0,TU
-1793.75,377.25,0,TU
-1574.75,377.75,0,TU
1978.25,378.25,0,TU
-1819.25,378.25,0,TU
-1871.75,378.75,0,TU
-531.75,378.75,0,TU
-688.25,378.75,0,TU
-146.75,378.75,0,TU
-1901.25,380.25,0,TU
-563.25,380.75,0,TU
1377.75,380.75,0,TU
-1548.75,381.25,0,TU
505.25,381.25,0,TU
-1767.75,381.75,0,TU
1363.25,382.25,0,TU
151.25,382.25,0,TU
1308.25,382.75,0,TU
524.25,383.75,0,TU
993.75,384.25,0,TU
1632.75,384.75,0,TU
-1390.75,385.25,0,TU
2163.25,385.25,0,TU
-574.75,385.25,0,TU
-1366.75,385.75,0,TU
1921.75,385.75,0,TU
69.75,385.75,0,TU
1049.75,385.75,0,TU
-799.25,386.75,0,TU
1595.75,387.25,0,TU
2250.25,387.25,0,TU
546.25,387.25,0,TU
-1075.75,387.25,0,TU
889.75,387.25,0,TU
474.75,387.75,0,TU
-1854.25,387.75,0,TU
-760.25,387.75,0,TU
-1727.25,387.75,0,TU
1567.75,388.75,0,TU
83.75,388.75,0,TU
-83.75,388.75,0,TU
-345.75,389.25,0,TU
-1686.75,389.25,0,TU
1801.25,389.75,0,TU
925.75,389.75,0,TU
1219.25,390.25,0,TU
-250.25,390.25,0,TU
2189.75,390.25,0,TU
-1515.75,390.25,0,TU
-728.25,390.75,0,TU
1763.75,391.25,0,TU
158.75,391.25,0,TU
1993.75,391.75,0,TU
2143.75,391.75,0,TU
-1986.25,391.75,0,TU
-710.25,392.25,0,TU
-526.25,392.25,0,TU
1484.75,392.25,0,TU
-1894.75,393.25,0,TU
1863.25,393.75,0,TU
615.25,393.75,0,TU
-851.75,393.75,0,TU
-590.25,393.75,0,TU
431.25,394.25,0,TU
-1828.25,394.75,0,TU
-2029.75,394.75,0,TU
-226.25,395.25,0,TU
1610.75,395.25,0,TU
-1479.75,395.75,0,TU
1353.25,396.25,0,TU
-627.25,396.75,0,TU
1148.75,396.75,0,TU
37.75,396.75,0,TU
1919.75,398.25,0,TU
535.75,398.25,0,TU
1415.25,398.25,0,TU
1264.75,398.25,0,TU
399.25,398.75,0,TU
-1625.25,398.75,0,TU
-123.25,398.75,0,TU
-1968.75,399.25,0,TU
-270.25,400.25,0,TU
1471.25,400.25,0,TU
-330.25,400.25,0,TU
-652.25,401.25,0,TU
2067.75,401.25,0,TU
1173.25,402.25,0,TU
-747.75,402.25,0,TU
1096.75,402.25,0,TU
63.25,402.75,0,TU
1199.25,402.75,0,TU
-1805.25,402.75,0,TU
-1782.25,403.25,0,TU
-554.75,404.25,0,TU
-2014.25,404.25,0,TU
-74.75,404.75,0,TU
356.75,405.25,0,TU
377.25,405.25,0,TU
2015.75,405.25,0,TU
-108.25,405.75,0,TU
-1759.75,405.75,0,TU
-2184.25,405.75,0,TU
-237.75,405.75,0,TU
-539.75,406.25,0,TU
553.25,406.25,0,TU
1977.75,406.75,0,TU
-14.25,406.75,0,TU
-378.75,407.25,0,TU
1677.75,407.25,0,TU
2168.75,407.25,0,TU
482.75,407.75,0,TU
1641.25,408.25,0,TU
1547.75,408.75,0,TU
1287.25,409.25,0,TU
-1621.25,409.25,0,TU
-1359.25,409.25,0,TU
1600.25,409.75,0,TU
-1868.25,409.75,0,TU
-520.75,409.75,0,TU
1791.75,410.25,0,TU
2087.75,410.75,0,TU
-162.75,412.25,0,TU
-142.25,412.25,0,TU
-290.75,412.25,0,TU
-439.75,412.75,0,TU
-2130.25,413.25,0,TU
1224.25,413.75,0,TU
154.25,413.75,0,TU
-2163.25,414.25,0,TU
1888.25,414.75,0,TU
-699.25,414.75,0,TU
-351.75,414.75,0,TU
-2212.25,414.75,0,TU
1077.25,414.75,0,TU
1870.75,414.75,0,TU
-1835.75,415.75,0,TU
1456.25,416.25,0,TU
2147.25,416.25,0,TU
2003.75,417.25,0,TU
1923.25,417.75,0,TU
1245.75,418.25,0,TU
1828.75,418.25,0,TU
1909.75,418.75,0,TU
1852.25,419.25,0,TU
-501.25,419.25,0,TU
2061.75,419.25,0,TU
508.75,419.25,0,TU
-748.25,419.25,0,TU
-1893.25,419.75,0,TU
1950.75,420.25,0,TU
-2137.25,421.25,0,TU
-1861.25,421.25,0,TU
2025.75,421.75,0,TU
-1705.25,422.75,0,TU
-603.75,423.25,0,TU
-2277.75,423.25,0,TU
-2091.25,423.25,0,TU
-2307.75,423.25,0,TU
-1954.75,423.75,0,TU
-131.25,423.75,0,TU
-297.25,423.75,0,TU
1415.75,424.25,0,TU
571.75,424.25,0,TU
1108.75,424.75,0,TU
1479.25,424.75,0,TU
1553.75,425.25,0,TU
-402.25,425.75,0,TU
397.75,425.75,0,TU
-1779.75,425.75,0,TU
519.25,427.25,0,TU
42.25,427.25,0,TU
1209.25,427.25,0,TU
-244.75,427.75,0,TU
1092.25,427.75,0,TU
1991.25,428.25,0,TU
-1836.75,428.75,0,TU
1879.25,428.75,0,TU
374.25,429.25,0,TU
-1494.25,429.25,0,TU
1664.25,429.25,0,TU
-312.75,429.75,0,TU
-2152.75,430.25,0,TU
1301.25,430.25,0,TU
123.75,430.75,0,TU
-846.25,430.75,0,TU
1376.75,430.75,0,TU
-1141.25,430.75,0,TU
-161.25,431.25,0,TU
-1160.25,431.25,0,TU
-642.75,432.25,0,TU
-577.25,432.25,0,TU
-1055.25,433.25,0,TU
-1761.75,433.75,0,TU
1075.75,434.25,0,TU
-2258.25,434.75,0,TU
-1624.75,434.75,0,TU
-1398.75,435.75,0,TU
1567.25,435.75,0,TU
491.75,435.75,0,TU
-2111.75,436.75,0,TU
-1358.25,437.75,0,TU
1728.75,438.25,0,TU
-1519.75,438.75,0,TU
-1126.75,438.75,0,TU
1695.25,439.75,0,TU
1422.25,440.25,0,TU
56.75,440.75,0,TU
-1939.25,441.25,0,TU
578.75,441.25,0,TU
1272.25,441.75,0,TU
-1568.25,441.75,0,TU
1585.25,442.25,0,TU
395.25,442.25,0,TU
-89.75,442.75,0,TU
1315.25,442.75,0,TU
-474.75,442.75,0,TU
1241.25,443.25,0,TU
-292.75,443.25,0,TU
1924.25,444.25,0,TU
-2131.75,444.25,0,TU
-1102.75,444.25,0,TU
1777.75,444.25,0,TU
-1978.25,444.75,0,TU
-1452.25,444.75,0,TU
1959.25,444.75,0,TU
1665.25,446.25,0,TU
1647.75,448.75,0,TU
-687.25,448.75,0,TU
-2278.25,448.75,0,TU
-249.75,449.25,0,TU
1882.25,449.25,0,TU
-273.75,449.25,0,TU
-1986.75,449.75,0,TU
-226.75,449.75,0,TU
-2184.75,449.75,0,TU
1946.75,450.25,0,TU
-2001.25,450.25,0,TU
-1715.75,450.75,0,TU
1431.25,451.25,0,TU
-128.25,451.25,0,TU
1414.75,451.75,0,TU
-499.75,451.75,0,TU
-396.75,451.75,0,TU
398.25,452.75,0,TU
1759.75,452.75,0,TU
875.25,452.75,0,TU
-1440.25,453.75,0,TU
-1478.25,453.75,0,TU
-2020.25,454.25,0,TU
-2321.75,454.75,0,TU
1212.25,454.75,0,TU
1811.25,455.25,0,TU
1973.25,455.25,0,TU
-750.25,455.75,0,TU
-709.75,455.75,0,TU
-471.25,456.25,0,TU
-727.75,456.75,0,TU
1681.25,456.75,0,TU
1077.25,457.25,0,TU
1344.75,457.75,0,TU
-1492.25,457.75,0,TU
-1560.75,458.25,0,TU
-664.25,458.25,0,TU
-1800.75,458.75,0,TU
-1064.75,458.75,0,TU
961.75,459.25,0,TU
1893.25,459.75,0,TU
-336.25,460.25,0,TU
591.25,460.25,0,TU
-1756.25,460.25,0,TU
-1635.25,460.75,0,TU
494.75,460.75,0,TU
-1031.75,460.75,0,TU
-2021.75,461.75,0,TU
-1450.25,462.75,0,TU
-1354.25,462.75,0,TU
1863.75,462.75,0,TU
-1896.75,464.25,0,TU
-1936.75,464.25,0,TU
-441.25,464.75,0,TU
-413.75,464.75,0,TU
-257.75,465.75,0,TU
1838.75,465.75,0,TU
1917.25,466.25,0,TU
518.25,466.25,0,TU
1478.25,466.25,0,TU
1251.25,466.25,0,TU
-1914.25,466.25,0,TU
1957.25,466.25,0,TU
953.25,466.75,0,TU
-1363.25,466.75,0,TU
646.25,467.75,0,TU
1323.25,467.75,0,TU
-461.75,467.75,0,TU
-2146.25,468.75,0,TU
-1990.75,468.75,0,TU
1674.25,469.25,0,TU
1698.25,469.25,0,TU
-238.75,469.75,0,TU
-709.25,469.75,0,TU
274.75,470.25,0,TU
-740.25,470.25,0,TU
-2220.25,470.25,0,TU
-115.25,470.25,0,TU
985.25,470.75,0,TU
351.25,470.75,0,TU
-721.75,471.25,0,TU
-370.75,472.25,0,TU
-1455.25,472.75,0,TU
1542.75,473.25,0,TU
-282.25,473.25,0,TU
1939.25,473.25,0,TU
-2015.75,473.75,0,TU
-843.75,473.75,0,TU
-1.25,474.25,0,TU
-906.75,474.75,0,TU
300.75,475.75,0,TU
-1582.75,475.75,0,TU
635.25,475.75,0,TU
-1435.75,475.75,0,TU
-303.25,476.25,0,TU
-137.75,476.75,0,TU
-1928.25,477.75,0,TU
1369.25,477.75,0,TU
-399.25,477.75,0,TU
1022.75,478.25,0,TU
-511.25,478.25,0,TU
-1634.25,478.75,0,TU
-484.25,479.25,0,TU
1502.75,479.25,0,TU
393.25,479.75,0,TU
-1232.75,479.75,0,TU
-688.25,480.25,0,TU
-41.75,480.25,0,TU
587.75,480.75,0,TU
47.75,480.75,0,TU
1239.75,481.25,0,TU
807.25,481.75,0,TU
956.75,481.75,0,TU
930.75,481.75,0,TU
1636.25,481.75,0,TU
1883.75,482.25,0,TU
376.75,482.25,0,TU
1004.25,483.25,0,TU
-1488.75,483.25,0,TU
1796.25,483.75,0,TU
-870.25,483.75,0,TU
1342.75,483.75,0,TU
1513.75,483.75,0,TU
-823.75,484.75,0,TU
-335.25,484.75,0,TU
907.25,484.75,0,TU
1189.75,485.75,0,TU
-258.25,486.75,0,TU
1042.25,486.75,0,TU
-175.75,486.75,0,TU
-1221.25,486.75,0,TU
-2083.75,486.75,0,TU
-2010.25,487.25,0,TU
-889.75,487.25,0,TU
-2318.75,487.75,0,TU
-738.75,488.75,0,TU
-1730.75,488.75,0,TU
1298.75,489.25,0,TU
-2056.25,489.75,0,TU
824.75,489.75,0,TU
-1146.25,490.25,0,TU
-281.75,490.75,0,TU
1897.25,490.75,0,TU
-444.75,491.25,0,TU
-478.25,491.75,0,TU
1047.25,491.75,0,TU
-2164.75,492.25,0,TU
-1440.75,492.75,0,TU
13.75,493.75,0,TU
1284.75,493.75,0,TU
653.25,493.75,0,TU
979.25,493.75,0,TU
37.75,494.25,0,TU
-2103.75,494.25,0,TU
-908.75,494.25,0,TU
-1932.25,494.25,0,TU
1814.75,494.75,0,TU
-1974.25,494.75,0,TU
1554.75,494.75,0,TU
-1458.25,494.75,0,TU
-778.75,495.25,0,TU
1918.25,495.75,0,TU
-1911.25,495.75,0,TU
-410.75,495.75,0,TU
890.75,496.75,0,TU
-1663.25,497.25,0,TU
852.75,497.75,0,TU
-145.25,497.75,0,TU
-1998.25,498.25,0,TU
-1635.25,499.25,0,TU
-1866.75,499.25,0,TU
1510.75,499.25,0,TU
377.25,499.75,0,TU
-1350.75,500.25,0,TU
-749.75,500.25,0,TU
-2062.25,500.75,0,TU
-263.75,501.25,0,TU
271.75,501.75,0,TU
-516.25,501.75,0,TU
1329.25,501.75,0,TU
1549.75,501.75,0,TU
1452.75,502.25,0,TU
1800.25,502.25,0,TU
1852.75,502.25,0,TU
1235.25,502.25,0,TU
-161.75,502.75,0,TU
-690.25,502.75,0,TU
-306.25,502.75,0,TU
-2128.25,503.25,0,TU
1707.25,503.25,0,TU
-548.25,503.25,0,TU
-1894.75,503.25,0,TU
-130.75,503.75,0,TU
1219.75,503.75,0,TU
-1154.25,504.75,0,TU
1776.25,504.75,0,TU
-187.75,504.75,0,TU
-762.75,504.75,0,TU
1724.25,505.25,0,TU
580.25,505.25,0,TU
-364.25,505.25,0,TU
-1845.75,505.25,0,TU
144.25,505.25,0,TU
1689.75,505.75,0,TU
-499.75,505.75,0,TU
-2110.75,505.75,0,TU
-530.25,506.25,0,TU
474.75,506.75,0,TU
1638.25,506.75,0,TU
-2158.25,506.75,0,TU
-2293.25,507.25,0,TU
-462.25,507.25,0,TU
453.25,508.25,0,TU
1043.75,508.75,0,TU
-2205.25,509.25,0,TU
398.75,509.25,0,TU
684.75,509.25,0,TU
1748.75,509.25,0,TU
641.25,509.25,0,TU
-1225.25,510.25,0,TU
-1174.25,510.75,0,TU
-279.75,511.25,0,TU
1758.75,511.75,0,TU
665.25,512.25,0,TU
-1711.75,512.25,0,TU
1185.25,512.25,0,TU
-1212.25,512.75,0,TU
-441.25,512.75,0,TU
-348.25,513.75,0,TU
42.25,514.25,0,TU
-2142.75,514.75,0,TU
-261.75,514.75,0,TU
1282.75,514.75,0,TU
430.25,514.75,0,TU
1153.75,515.25,0,TU
-2030.75,515.75,0,TU
1367.75,516.25,0,TU
-120.25,516.25,0,TU
1208.25,516.25,0,TU
-493.75,516.25,0,TU
-901.25,516.75,0,TU
1796.25,516.75,0,TU
-1239.75,517.75,0,TU
-2323.25,517.75,0,TU
1243.75,518.25,0,TU
-243.75,518.25,0,TU
-1648.75,518.75,0,TU
948.25,519.25,0,TU
1819.25,519.25,0,TU
-207.25,519.25,0,TU
-1110.75,519.25,0,TU
821.25,519.75,0,TU
-2192.75,519.75,0,TU
99.75,519.75,0,TU
1225.75,520.25,0,TU
295.75,520.25,0,TU
1775.75,520.75,0,TU
15.25,520.75,0,TU
-1925.75,520.75,0,TU
-514.75,520.75,0,TU
-136.75,520.75,0,TU
1261.75,521.25,0,TU
249.75,521.25,0,TU
-2372.75,521.75,0,TU
-620.25,521.75,0,TU
-309.75,521.75,0,TU
1388.75,521.75,0,TU
-732.25,523.25,0,TU
-587.75,523.25,0,TU
-223.75,523.75,0,TU
1671.25,524.25,0,TU
1515.25,524.25,0,TU
-834.25,524.75,0,TU
1192.75,525.25,0,TU
1076.75,525.25,0,TU
334.75,525.25,0,TU
57.25,526.25,0,TU
-878.75,526.25,0,TU
-854.75,526.25,0,TU
1504.75,526.25,0,TU
1537.75,526.75,0,TU
1708.75,526.75,0,TU
-1163.25,527.25,0,TU
-2305.25,527.75,0,TU
372.75,527.75,0,TU
398.75,528.25,0,TU
549.25,529.25,0,TU
314.25,529.25,0,TU
-2015.75,529.25,0,TU
486.25,529.75,0,TU
-909.25,530.25,0,TU
1276.25,530.25,0,TU
632.75,530.75,0,TU
-4.25,530.75,0,TU
113.25,530.75,0,TU
-1133.25,530.75,0,TU
657.75,531.25,0,TU
-456.75,532.25,0,TU
-167.75,532.75,0,TU
1452.75,532.75,0,TU
1314.25,532.75,0,TU
-261.25,533.25,0,TU
923.25,533.75,0,TU
1685.75,533.75,0,TU
-351.25,534.25,0,TU
688.25,534.25,0,TU
1732.25,534.75,0,TU
1761.25,534.75,0,TU
-1915.75,535.25,0,TU
-185.25,536.25,0,TU
464.75,536.75,0,TU
-1101.25,537.25,0,TU
-151.75,537.25,0,TU
-2332.75,537.75,0,TU
-280.75,538.25,0,TU
-519.25,538.75,0,TU
1216.25,539.25,0,TU
-2048.75,539.25,0,TU
66.25,539.75,0,TU
-640.25,540.25,0,TU
418.75,540.25,0,TU
1722.25,541.25,0,TU
1359.25,541.25,0,TU
-2158.25,542.25,0,TU
-1648.25,542.75,0,TU
-1785.75,542.75,0,TU
1699.25,542.75,0,TU
354.75,543.25,0,TU
-135.25,543.75,0,TU
-703.25,543.75,0,TU
-606.75,544.25,0,TU
1127.75,544.75,0,TU
-877.25,544.75,0,TU
-1671.25,545.25,0,TU
-2310.75,545.25,0,TU
-898.75,545.25,0,TU
-1173.75,545.75,0,TU
-1138.25,545.75,0,TU
118.75,546.25,0,TU
1281.25,546.75,0,TU
264.75,546.75,0,TU
1332.25,547.25,0,TU
-964.75,547.25,0,TU
-755.75,548.25,0,TU
868.75,548.25,0,TU
-366.25,548.25,0,TU
-573.25,548.25,0,TU
-1328.25,548.75,0,TU
219.75,548.75,0,TU
-945.25,548.75,0,TU
13.75,548.75,0,TU
1583.25,549.25,0,TU
1503.75,549.25,0,TU
643.25,549.75,0,TU
-2381.25,549.75,0,TU
-259.25,549.75,0,TU
1031.75,550.25,0,TU
46.75,550.25,0,TU
-346.75,550.75,0,TU
-16.25,551.25,0,TU
-223.25,551.75,0,TU
687.25,551.75,0,TU
-454.75,552.25,0,TU
-722.75,552.25,0,TU
-539.25,552.75,0,TU
-1140.75,552.75,0,TU
494.25,552.75,0,TU
-2255.25,553.25,0,TU
400.25,553.25,0,TU
-294.25,553.25,0,TU
1452.25,553.25,0,TU
-817.25,553.25,0,TU
-1116.25,553.75,0,TU
-1161.25,553.75,0,TU
-1718.25,553.75,0,TU
1229.25,554.25,0,TU
359.75,555.25,0,TU
-1921.25,555.25,0,TU
1536.75,556.25,0,TU
1073.25,556.75,0,TU
-1353.75,556.75,0,TU
1702.25,557.25,0,TU
-1939.75,557.75,0,TU
-917.75,558.75,0,TU
-119.75,558.75,0,TU
671.75,559.75,0,TU
-1704.75,560.75,0,TU
1100.75,560.75,0,TU
-706.75,560.75,0,TU
612.75,560.75,0,TU
-279.25,561.75,0,TU
-2300.75,561.75,0,TU
-366.75,562.25,0,TU
-2226.75,562.75,0,TU
-1679.75,563.25,0,TU
-1900.25,563.25,0,TU
-694.25,563.75,0,TU
1133.75,564.75,0,TU
637.75,564.75,0,TU
-1568.25,564.75,0,TU
-896.25,564.75,0,TU
1640.25,565.75,0,TU
-338.75,565.75,0,TU
-1961.25,566.25,0,TU
-141.25,567.25,0,TU
1395.75,568.25,0,TU
-1758.75,568.75,0,TU
-634.75,568.75,0,TU
1569.75,568.75,0,TU
-2317.25,569.25,0,TU
117.75,569.25,0,TU
-805.25,569.75,0,TU
1672.25,569.75,0,TU
-462.25,569.75,0,TU
-2278.75,570.25,0,TU
1452.75,570.25,0,TU
-2098.75,570.25,0,TU
-510.25,570.75,0,TU
-1606.75,571.25,0,TU
1523.75,571.25,0,TU
-32.75,571.25,0,TU
-767.75,571.25,0,TU
-732.75,571.25,0,TU
-1529.25,571.75,0,TU
-1495.25,572.25,0,TU
701.75,572.75,0,TU
-1778.75,572.75,0,TU
-925.75,573.75,0,TU
1321.75,573.75,0,TU
-1148.75,574.25,0,TU
1234.25,574.25,0,TU
-561.75,574.25,0,TU
1022.75,575.75,0,TU
-2433.25,576.25,0,TU
1166.75,576.25,0,TU
1046.25,576.25,0,TU
260.75,577.25,0,TU
-1474.25,577.75,0,TU
375.75,578.25,0,TU
-1167.25,578.75,0,TU
-951.25,579.25,0,TU
-294.75,579.25,0,TU
-2122.25,579.25,0,TU
-2262.25,579.75,0,TU
-1579.75,580.25,0,TU
-311.25,580.25,0,TU
893.75,580.25,0,TU
-1349.25,580.25,0,TU
-613.75,580.75,0,TU
344.25,580.75,0,TU
-2089.25,580.75,0,TU
-2297.75,581.25,0,TU
673.25,581.25,0,TU
-367.25,581.25,0,TU
-752.25,581.75,0,TU
618.75,582.25,0,TU
598.25,582.25,0,TU
-1670.75,582.25,0,TU
1141.75,582.25,0,TU
-192.75,582.75,0,TU
-1931.75,582.75,0,TU
-343.75,582.75,0,TU
1006.75,582.75,0,TU
-1715.25,583.25,0,TU
473.75,583.25,0,TU
545.25,585.75,0,TU
-587.25,585.75,0,TU
-496.25,585.75,0,TU
523.75,586.25,0,TU
-417.75,586.75,0,TU
1429.75,587.75,0,TU
-1791.75,587.75,0,TU
-2327.75,588.25,0,TU
-2143.75,588.25,0,TU
1250.25,588.25,0,TU
-257.75,588.25,0,TU
-1695.75,588.75,0,TU
-2381.75,588.75,0,TU
1369.75,589.25,0,TU
-2235.75,589.75,0,TU
289.75,590.25,0,TU
-2313.75,590.75,0,TU
1001.25,590.75,0,TU
-299.75,590.75,0,TU
-564.75,591.25,0,TU
-1912.25,592.25,0,TU
1395.75,592.25,0,TU
-173.75,592.75,0,TU
-1604.75,592.75,0,TU
1185.75,592.75,0,TU
-1562.25,593.25,0,TU
-383.75,594.25,0,TU
-1885.25,595.25,0,TU
127.75,595.25,0,TU
1284.25,595.25,0,TU
-1537.25,595.75,0,TU
586.75,595.75,0,TU
-2445.75,595.75,0,TU
1024.25,596.25,0,TU
-922.75,597.75,0,TU
-1727.75,597.75,0,TU
-857.75,598.25,0,TU
-41.25,598.25,0,TU
390.25,598.25,0,TU
358.25,598.25,0,TU
-2359.75,598.75,0,TU
-1192.25,598.75,0,TU
-152.25,598.75,0,TU
-1014.25,598.75,0,TU
-2302.25,599.25,0,TU
-947.75,600.25,0,TU
562.75,600.25,0,TU
1339.75,601.25,0,TU
-637.75,601.25,0,TU
-474.75,601.25,0,TU
504.75,601.25,0,TU
977.75,601.75,0,TU
-2406.25,602.75,0,TU
1053.75,602.75,0,TU
-1447.25,603.25,0,TU
897.75,603.25,0,TU
322.25,603.25,0,TU
-2284.25,603.75,0,TU
439.75,603.75,0,TU
-1427.75,603.75,0,TU
-1742.25,603.75,0,TU
-1498.25,604.25,0,TU
1234.75,604.75,0,TU
-539.75,604.75,0,TU
936.75,605.25,0,TU
-1757.25,606.25,0,TU
-356.25,606.25,0,TU
-2315.75,606.25,0,TU
-971.25,606.25,0,TU
-294.75,606.25,0,TU
-1666.75,606.75,0,TU
-402.25,607.25,0,TU
-1707.25,607.25,0,TU
-1970.25,608.25,0,TU
1216.75,608.75,0,TU
-1529.25,609.75,0,TU
-2431.75,609.75,0,TU
536.75,609.75,0,TU
-910.25,610.25,0,TU
-2091.25,610.25,0,TU
874.75,610.75,0,TU
692.25,611.25,0,TU
-1142.75,611.75,0,TU
-1578.75,611.75,0,TU
597.25,612.75,0,TU
-2231.75,613.75,0,TU
486.25,613.75,0,TU
458.75,613.75,0,TU
-427.25,614.25,0,TU
1156.75,615.25,0,TU
-1044.75,615.75,0,TU
1025.25,616.25,0,TU
-608.25,616.75,0,TU
-190.75,616.75,0,TU
-1620.75,616.75,0,TU
-2298.75,616.75,0,TU
266.25,616.75,0,TU
566.75,617.25,0,TU
1374.75,617.25,0,TU
-379.25,617.25,0,TU
906.25,617.75,0,TU
-2103.25,617.75,0,TU
1207.25,617.75,0,TU
291.25,617.75,0,TU
1400.75,618.25,0,TU
990.25,618.75,0,TU
800.75,619.25,0,TU
-1545.75,619.25,0,TU
1310.75,619.75,0,TU
1134.25,620.25,0,TU
-170.75,620.25,0,TU
-1016.25,620.25,0,TU
-2124.75,620.75,0,TU
-1732.75,620.75,0,TU
-945.25,620.75,0,TU
-1950.25,620.75,0,TU
-1195.75,620.75,0,TU
-2320.75,621.75,0,TU
-1783.75,622.25,0,TU
-2449.25,622.25,0,TU
-1585.25,623.25,0,TU
778.25,623.75,0,TU
-924.75,623.75,0,TU
637.75,624.25,0,TU
665.75,624.75,0,TU
1333.75,625.25,0,TU
852.25,626.75,0,TU
-2469.75,626.75,0,TU
-2148.25,626.75,0,TU
-149.75,627.75,0,TU
440.25,628.25,0,TU
-848.75,628.25,0,TU
-900.25,628.75,0,TU
-1431.75,629.25,0,TU
-1558.25,629.25,0,TU
1243.25,629.75,0,TU
78.75,630.75,0,TU
-1735.25,630.75,0,TU
-368.25,630.75,0,TU
-1932.25,631.75,0,TU
-2255.25,631.75,0,TU
-2381.25,632.25,0,TU
678.75,632.25,0,TU
-820.75,632.75,0,TU
1360.25,633.25,0,TU
-1592.25,633.25,0,TU
-428.25,633.75,0,TU
1001.75,633.75,0,TU
506.25,634.25,0,TU
-2233.75,634.75,0,TU
-843.75,635.25,0,TU
-400.25,635.75,0,TU
-2485.75,635.75,0,TU
-2333.25,635.75,0,TU
226.75,636.25,0,TU
1121.75,636.75,0,TU
1145.25,636.75,0,TU
-766.25,638.25,0,TU
418.75,639.75,0,TU
-2345.25,639.75,0,TU
-2105.25,640.25,0,TU
-969.25,640.75,0,TU
696.75,641.25,0,TU
-1894.25,641.25,0,TU
1016.75,641.25,0,TU
-2080.75,641.25,0,TU
-1966.25,641.75,0,TU
1312.75,642.25,0,TU
1230.75,642.25,0,TU
788.25,642.75,0,TU
473.75,642.75,0,TU
-861.25,642.75,0,TU
-643.25,642.75,0,TU
-1440.75,643.25,0,TU
-2136.25,643.75,0,TU
197.75,643.75,0,TU
-441.25,644.25,0,TU
-492.25,644.75,0,TU
-1306.25,645.25,0,TU
-1613.25,645.75,0,TU
-410.25,645.75,0,TU
-1280.25,645.75,0,TU
-466.25,646.25,0,TU
-1940.75,646.25,0,TU
-782.75,647.25,0,TU
-747.75,647.25,0,TU
-594.25,647.75,0,TU
841.25,647.75,0,TU
440.75,648.75,0,TU
-2106.25,648.75,0,TU
490.25,649.25,0,TU
-1468.75,649.25,0,TU
-1868.25,649.75,0,TU
1038.75,650.25,0,TU
-1255.75,650.25,0,TU
-819.25,650.25,0,TU
-1776.75,650.75,0,TU
319.25,651.25,0,TU
655.25,651.25,0,TU
-1138.75,651.25,0,TU
1211.25,651.25,0,TU
-836.25,651.75,0,TU
-1636.25,652.25,0,TU
-174.25,652.75,0,TU
-294.75,654.25,0,TU
-2126.25,654.75,0,TU
-143.75,654.75,0,TU
1113.25,656.25,0,TU
766.75,656.25,0,TU
-2149.25,656.25,0,TU
-2259.75,656.75,0,TU
-883.75,657.25,0,TU
940.25,657.25,0,TU
1327.25,657.25,0,TU
-2357.75,657.25,0,TU
-1293.75,659.25,0,TU
-1952.25,659.75,0,TU
678.25,659.75,0,TU
-651.75,660.75,0,TU
-2373.25,660.75,0,TU
-822.75,661.75,0,TU
-2103.75,662.25,0,TU
-934.75,662.25,0,TU
-1902.25,662.25,0,TU
1135.25,662.75,0,TU
442.75,663.25,0,TU
-1760.25,663.75,0,TU
-809.75,663.75,0,TU
656.75,663.75,0,TU
-1713.25,663.75,0,TU
-852.75,664.25,0,TU
1352.25,664.75,0,TU
-797.25,665.25,0,TU
-543.75,665.75,0,TU
749.75,666.75,0,TU
-2060.75,666.75,0,TU
-2037.25,667.25,0,TU
1374.25,667.75,0,TU
-2321.75,667.75,0,TU
-465.75,667.75,0,TU
-515.75,667.75,0,TU
-629.25,668.25,0,TU
-1613.75,668.75,0,TU
-1136.75,668.75,0,TU
94.75,670.75,0,TU
-369.25,671.25,0,TU
-1712.75,671.75,0,TU
339.25,672.25,0,TU
146.75,672.25,0,TU
418.25,673.25,0,TU
-2143.75,673.75,0,TU
-413.75,673.75,0,TU
-1837.25,673.75,0,TU
-483.75,674.25,0,TU
-1328.25,674.75,0,TU
571.75,674.75,0,TU
-398.25,675.25,0,TU
-2566.25,675.25,0,TU
975.25,675.25,0,TU
-2116.25,675.75,0,TU
-665.25,675.75,0,TU
-2158.25,676.25,0,TU
773.25,676.25,0,TU
-1147.25,676.75,0,TU
-1345.25,676.75,0,TU
609.75,676.75,0,TU
655.75,678.75,0,TU
-343.25,678.75,0,TU
399.75,679.75,0,TU
-950.75,679.75,0,TU
-2303.25,680.25,0,TU
-1227.25,680.75,0,TU
-1687.75,682.25,0,TU
-874.75,682.25,0,TU
548.25,682.75,0,TU
-1929.25,683.25,0,TU
361.75,684.25,0,TU
-319.25,684.75,0,TU
-1505.75,685.25,0,TU
-623.25,685.75,0,TU
1066.25,685.75,0,TU
-1876.75,686.25,0,TU
-986.75,686.75,0,TU
442.25,686.75,0,TU
-2440.75,686.75,0,TU
-927.75,687.75,0,TU
926.75,688.75,0,TU
-167.75,688.75,0,TU
-1595.75,688.75,0,TU
-641.25,689.25,0,TU
395.25,689.25,0,TU
-2080.75,689.75,0,TU
-666.25,689.75,0,TU
1178.75,689.75,0,TU
-1899.75,689.75,0,TU
-966.75,690.25,0,TU
-2323.75,690.25,0,TU
941.75,690.75,0,TU
-848.25,690.75,0,TU
1100.75,691.25,0,TU
-1854.75,691.25,0,TU
-363.25,691.75,0,TU
-2469.75,691.75,0,TU
-2106.25,691.75,0,TU
315.25,691.75,0,TU
993.75,692.25,0,TU
-428.25,692.25,0,TU
-462.25,692.75,0,TU
594.75,692.75,0,TU
470.75,692.75,0,TU
-379.25,692.75,0,TU
-1150.25,692.75,0,TU
-1911.75,693.25,0,TU
-1962.75,693.75,0,TU
-2143.75,694.25,0,TU
-2125.75,694.75,0,TU
-2270.75,694.75,0,TU
-1428.75,694.75,0,TU
-1281.75,695.25,0,TU
1137.75,695.25,0,TU
-2563.25,695.25,0,TU
-545.25,695.25,0,TU
-2159.75,696.25,0,TU
614.25,696.25,0,TU
420.25,696.75,0,TU
-2875.75,697.75,0,TU
-1562.75,698.25,0,TU
-658.25,698.25,0,TU
-490.25,698.75,0,TU
183.25,698.75,0,TU
-397.25,699.25,0,TU
-1329.25,699.75,0,TU
-819.75,699.75,0,TU
-590.25,699.75,0,TU
-515.75,699.75,0,TU
-1584.75,699.75,0,TU
-940.75,700.25,0,TU
294.25,700.25,0,TU
-1697.75,700.25,0,TU
-1726.75,700.75,0,TU
-346.25,701.25,0,TU
1023.25,701.75,0,TU
916.75,702.25,0,TU
-902.25,702.25,0,TU
22.75,705.25,0,TU
-1459.75,706.25,0,TU
-2173.75,706.75,0,TU
-197.25,707.75,0,TU
1273.75,708.25,0,TU
602.75,708.75,0,TU
-2108.75,708.75,0,TU
-1164.75,709.25,0,TU
-2305.25,709.25,0,TU
-1904.25,709.25,0,TU
-1848.75,709.75,0,TU
-986.25,709.75,0,TU
572.25,709.75,0,TU
-316.75,710.25,0,TU
-362.75,710.25,0,TU
-2321.25,710.25,0,TU
-1370.75,710.75,0,TU
-676.25,710.75,0,TU
-1779.75,711.25,0,TU
-634.25,711.25,0,TU
-2390.25,711.25,0,TU
-568.25,711.75,0,TU
-1487.75,712.75,0,TU
986.25,713.25,0,TU
-612.75,713.75,0,TU
1140.75,713.75,0,TU
1008.75,713.75,0,TU
-637.25,714.25,0,TU
691.75,714.75,0,TU
-486.25,714.75,0,TU
95.25,715.75,0,TU
-162.75,715.75,0,TU
-1939.25,716.75,0,TU
-1587.25,717.25,0,TU
-1622.75,717.25,0,TU
-1692.25,717.75,0,TU
-2385.25,718.25,0,TU
-453.25,718.25,0,TU
-1407.25,718.25,0,TU
-2281.25,718.25,0,TU
-1562.75,718.75,0,TU
-959.75,718.75,0,TU
-1336.75,718.75,0,TU
-1225.75,719.25,0,TU
-1869.75,719.25,0,TU
-374.75,719.75,0,TU
-658.25,719.75,0,TU
-1157.25,720.25,0,TU
-599.25,720.75,0,TU
-2137.25,721.25,0,TU
-96.25,721.75,0,TU
1151.75,721.75,0,TU
1092.25,722.25,0,TU
-2153.75,722.25,0,TU
-2335.25,722.75,0,TU
-1501.75,724.25,0,TU
-428.25,724.25,0,TU
-550.75,724.75,0,TU
-1759.25,725.25,0,TU
-1597.25,725.75,0,TU
-351.75,725.75,0,TU
-393.25,725.75,0,TU
1287.25,725.75,0,TU
-1878.75,726.25,0,TU
-1810.75,726.25,0,TU
-458.75,727.25,0,TU
-2172.75,727.75,0,TU
-636.75,727.75,0,TU
-1437.25,728.25,0,TU
-485.75,728.25,0,TU
-899.25,728.75,0,TU
-1519.75,728.75,0,TU
-996.25,729.25,0,TU
433.25,730.25,0,TU
36.25,730.75,0,TU
-2882.75,731.25,0,TU
-524.75,731.25,0,TU
-1939.25,731.25,0,TU
308.25,732.75,0,TU
-2311.25,732.75,0,TU
-1567.75,733.75,0,TU
565.25,733.75,0,TU
640.75,734.25,0,TU
-1160.75,734.25,0,TU
-985.75,734.25,0,TU
-2099.25,734.75,0,TU
-921.25,734.75,0,TU
1197.25,735.25,0,TU
-344.25,735.25,0,TU
-150.75,735.75,0,TU
-2118.75,735.75,0,TU
-2854.75,735.75,0,TU
-1706.75,736.75,0,TU
-1025.25,736.75,0,TU
-72.25,736.75,0,TU
-1891.75,737.25,0,TU
-807.25,737.75,0,TU
-1140.75,738.75,0,TU
-1781.75,738.75,0,TU
-623.75,739.25,0,TU
1080.25,739.75,0,TU
-957.75,740.25,0,TU
-941.75,740.75,0,TU
-1631.25,740.75,0,TU
-189.25,741.25,0,TU
-831.75,742.25,0,TU
-2152.25,742.75,0,TU
-1904.75,743.25,0,TU
-974.25,743.25,0,TU
-2357.25,743.75,0,TU
-106.75,744.25,0,TU
607.25,744.75,0,TU
-1405.25,745.25,0,TU
-640.25,745.75,0,TU
1269.25,746.25,0,TU
251.75,747.25,0,TU
942.75,747.25,0,TU
-298.75,747.75,0,TU
-1726.25,747.75,0,TU
-1806.25,748.25,0,TU
-902.25,748.75,0,TU
-239.25,749.25,0,TU
858.75,749.25,0,TU
-1708.75,749.75,0,TU
-1600.25,749.75,0,TU
-1531.25,750.25,0,TU
-1929.75,750.75,0,TU
1091.75,750.75,0,TU
-592.75,751.25,0,TU
-1956.25,751.75,0,TU
584.25,751.75,0,TU
-206.75,752.75,0,TU
-620.25,753.25,0,TU
-1150.25,753.75,0,TU
-325.25,754.25,0,TU
1188.25,754.75,0,TU
-1374.75,754.75,0,TU
217.75,754.75,0,TU
620.25,755.25,0,TU
433.75,755.75,0,TU
-1555.75,756.25,0,TU
-669.25,756.75,0,TU
1254.25,758.25,0,TU
-2080.25,758.75,0,TU
-222.75,758.75,0,TU
-1002.75,759.25,0,TU
67.25,759.75,0,TU
-1439.25,760.75,0,TU
-1978.25,760.75,0,TU
-271.75,760.75,0,TU
496.75,761.25,0,TU
-148.75,761.25,0,TU
-1476.25,761.75,0,TU
-1213.75,761.75,0,TU
1168.75,762.25,0,TU
-933.75,762.75,0,TU
-2060.75,762.75,0,TU
848.75,763.25,0,TU
-649.25,763.25,0,TU
-953.25,763.25,0,TU
-994.25,763.25,0,TU
612.75,763.25,0,TU
-2109.25,763.75,0,TU
-183.25,763.75,0,TU
314.75,764.25,0,TU
-892.75,764.25,0,TU
144.75,764.25,0,TU
1038.25,764.75,0,TU
-116.75,765.75,0,TU
-348.75,765.75,0,TU
-1690.75,766.75,0,TU
877.75,767.25,0,TU
553.25,768.25,0,TU
-970.25,768.25,0,TU
-1852.75,768.25,0,TU
1188.25,768.75,0,TU
90.75,769.75,0,TU
1130.75,770.25,0,TU
-632.25,770.75,0,TU
-2004.25,770.75,0,TU
-1563.75,771.25,0,TU
443.75,771.25,0,TU
-2293.25,771.75,0,TU
-835.25,772.25,0,TU
-141.25,772.75,0,TU
-597.75,772.75,0,TU
592.75,773.25,0,TU
-1800.75,773.25,0,TU
-2128.75,773.75,0,TU
342.25,774.25,0,TU
-1665.75,774.25,0,TU
-167.25,774.25,0,TU
-921.25,774.25,0,TU
-982.75,774.25,0,TU
900.25,774.75,0,TU
-660.75,775.25,0,TU
-875.75,775.25,0,TU
-1199.75,775.75,0,TU
-1072.25,775.75,0,TU
-1964.25,775.75,0,TU
-1928.25,776.25,0,TU
-1163.25,776.25,0,TU
-2525.25,777.75,0,TU
-1020.25,778.75,0,TU
-994.25,778.75,0,TU
1182.75,779.25,0,TU
-1232.25,779.25,0,TU
-1405.25,779.75,0,TU
-1245.75,781.75,0,TU
1162.75,782.25,0,TU
-351.25,782.75,0,TU
112.25,782.75,0,TU
939.75,783.25,0,TU
-1444.25,783.75,0,TU
-953.75,783.75,0,TU
1199.25,783.75,0,TU
-2633.25,783.75,0,TU
-225.75,784.75,0,TU
-631.75,785.25,0,TU
-1221.25,785.25,0,TU
-902.75,785.75,0,TU
-967.75,786.25,0,TU
605.75,787.25,0,TU
-609.25,787.25,0,TU
-2048.25,788.25,0,TU
-2147.75,788.75,0,TU
-854.25,789.25,0,TU
-1508.25,789.25,0,TU
-516.75,790.25,0,TU
-2294.25,790.25,0,TU
-2584.25,791.25,0,TU
-942.25,791.25,0,TU
-475.75,792.25,0,TU
-1537.25,792.25,0,TU
-2605.75,792.25,0,TU
-979.25,792.25,0,TU
-1192.75,792.25,0,TU
-919.25,792.75,0,TU
351.25,793.25,0,TU
-2349.75,793.25,0,TU
-1418.25,793.25,0,TU
1137.75,793.75,0,TU
663.25,794.25,0,TU
-2320.25,794.75,0,TU
-1782.75,795.25,0,TU
-2543.75,795.25,0,TU
1179.25,795.25,0,TU
584.25,795.25,0,TU
-1004.25,796.25,0,TU
-659.25,796.25,0,TU
297.25,796.25,0,TU
-95.75,796.75,0,TU
1154.75,796.75,0,TU
266.75,797.75,0,TU
-1940.75,797.75,0,TU
-2091.25,797.75,0,TU
-1051.25,798.25,0,TU
311.75,798.25,0,TU
850.75,798.75,0,TU
1063.75,799.25,0,TU
1050.75,800.25,0,TU
-909.25,800.25,0,TU
-887.25,800.75,0,TU
-868.25,801.25,0,TU
-1808.25,801.25,0,TU
1110.25,801.75,0,TU
1089.75,802.25,0,TU
939.75,803.75,0,TU
-1705.75,803.75,0,TU
287.25,804.25,0,TU
-692.25,804.25,0,TU
-2197.75,804.25,0,TU
-2115.75,805.25,0,TU
-1225.25,805.25,0,TU
618.75,805.75,0,TU
-1476.25,806.25,0,TU
565.75,806.75,0,TU
-925.25,807.25,0,TU
-2602.75,807.25,0,TU
-2627.75,807.25,0,TU
-1826.75,807.75,0,TU
-2012.75,808.25,0,TU
1015.75,808.75,0,TU
-1501.75,809.25,0,TU
-1350.75,809.75,0,TU
-15.75,810.25,0,TU
1138.75,810.75,0,TU
2.25,811.25,0,TU
-977.25,812.25,0,TU
-378.25,812.25,0,TU
-1013.75,812.75,0,TU
-1738.25,813.25,0,TU
1042.25,813.25,0,TU
-670.75,813.75,0,TU
-329.25,813.75,0,TU
1204.25,813.75,0,TU
1000.75,813.75,0,TU
-42.25,814.25,0,TU
-448.75,814.25,0,TU
-1535.25,814.75,0,TU
1177.25,815.25,0,TU
-993.25,815.25,0,TU
1162.25,815.25,0,TU
547.75,815.25,0,TU
-1216.25,815.75,0,TU
-549.25,816.25,0,TU
-866.75,816.75,0,TU
-909.25,816.75,0,TU
-2575.25,817.25,0,TU
-244.75,817.75,0,TU
-2398.75,817.75,0,TU
-2142.25,818.75,0,TU
-1414.25,819.25,0,TU
-1031.25,819.25,0,TU
-586.75,819.75,0,TU
-2302.25,819.75,0,TU
646.25,820.25,0,TU
303.75,820.75,0,TU
-1794.25,820.75,0,TU
-930.25,820.75,0,TU
-356.25,821.25,0,TU
-2331.25,821.75,0,TU
401.75,822.25,0,TU
278.75,822.25,0,TU
1076.75,822.75,0,TU
335.25,822.75,0,TU
-2546.75,823.25,0,TU
18.25,823.75,0,TU
-1761.25,823.75,0,TU
-1186.25,824.25,0,TU
-536.25,824.25,0,TU
192.75,824.75,0,TU
-893.25,824.75,0,TU
-318.25,825.25,0,TU
222.75,825.25,0,TU
-1545.75,825.75,0,TU
-2707.25,825.75,0,TU
1042.75,826.25,0,TU
-1513.25,826.25,0,TU
-688.75,827.25,0,TU
1129.25,827.75,0,TU
1147.25,827.75,0,TU
-2602.25,828.25,0,TU
-2100.25,828.25,0,TU
-2238.25,828.25,0,TU
1105.25,828.25,0,TU
-1096.25,828.25,0,TU
-1844.25,829.25,0,TU
-1588.75,829.25,0,TU
358.25,829.25,0,TU
-2346.25,829.25,0,TU
-2374.25,829.75,0,TU
-1978.75,831.25,0,TU
994.75,831.75,0,TU
-923.25,833.25,0,TU
-1056.75,833.25,0,TU
800.25,833.25,0,TU
-2519.25,833.25,0,TU
632.25,833.75,0,TU
602.25,834.25,0,TU
-1816.75,834.75,0,TU
-187.75,834.75,0,TU
314.25,834.75,0,TU
-1168.25,835.75,0,TU
912.75,836.25,0,TU
-258.25,836.25,0,TU
391.25,836.25,0,TU
-2536.25,837.25,0,TU
-514.75,837.25,0,TU
-865.75,837.75,0,TU
554.25,837.75,0,TU
-911.75,838.25,0,TU
893.25,839.75,0,TU
-351.75,841.75,0,TU
-437.25,841.75,0,TU
933.25,842.75,0,TU
-2388.75,842.75,0,TU
-1354.75,843.25,0,TU
376.25,843.75,0,TU
-1404.25,843.75,0,TU
-1017.25,844.25,0,TU
-1527.25,844.75,0,TU
957.75,844.75,0,TU
-899.75,845.75,0,TU
1042.75,846.25,0,TU
-881.75,846.25,0,TU
810.75,847.75,0,TU
-1501.25,847.75,0,TU
-1998.75,848.25,0,TU
-2254.75,848.75,0,TU
331.75,849.25,0,TU
-2398.75,849.25,0,TU
-458.75,849.25,0,TU
-1599.25,849.75,0,TU
97.75,849.75,0,TU
-1168.75,849.75,0,TU
-1041.75,850.25,0,TU
640.25,850.25,0,TU
-2217.25,850.75,0,TU
-2909.25,851.25,0,TU
-939.75,851.25,0,TU
1015.25,851.75,0,TU
-2563.75,852.25,0,TU
-2275.25,852.75,0,TU
-1434.75,853.25,0,TU
-1548.75,854.25,0,TU
903.75,854.25,0,TU
364.25,854.75,0,TU
-533.25,854.75,0,TU
-2513.75,855.25,0,TU
-311.75,855.25,0,TU
-2602.75,855.75,0,TU
-1982.75,855.75,0,TU
113.75,855.75,0,TU
479.75,856.25,0,TU
-1289.75,856.75,0,TU
-1817.75,857.25,0,TU
-1333.75,857.75,0,TU
-428.25,858.25,0,TU
-27.25,858.25,0,TU
-2308.75,859.75,0,TU
-3009.75,861.25,0,TU
876.25,861.75,0,TU
133.25,861.75,0,TU
546.25,862.25,0,TU
-1142.25,863.75,0,TU
-1520.25,864.25,0,TU
-465.25,864.25,0,TU
-1597.25,864.75,0,TU
-1043.25,865.25,0,TU
-1189.75,865.75,0,TU
-902.75,866.25,0,TU
621.25,866.75,0,TU
44.25,867.75,0,TU
-611.25,867.75,0,TU
-2417.75,868.25,0,TU
772.75,868.25,0,TU
-999.25,868.25,0,TU
-1997.25,868.25,0,TU
-2017.25,868.75,0,TU
-675.25,868.75,0,TU
1001.25,870.75,0,TU
-1958.25,870.75,0,TU
-1650.75,870.75,0,TU
-2261.75,871.25,0,TU
902.75,872.25,0,TU
-2975.25,872.25,0,TU
-2860.25,872.75,0,TU
-1738.75,873.25,0,TU
-2150.75,873.25,0,TU
-1678.75,873.75,0,TU
-2176.25,873.75,0,TU
182.25,874.75,0,TU
-1445.75,874.75,0,TU
-429.25,874.75,0,TU
-1696.75,875.25,0,TU
-2390.75,875.75,0,TU
-1391.75,875.75,0,TU
101.25,875.75,0,TU
-135.75,876.25,0,TU
117.75,876.25,0,TU
-1203.25,876.25,0,TU
-2898.25,876.75,0,TU
375.25,877.25,0,TU
258.25,877.75,0,TU
-2353.75,877.75,0,TU
-704.75,878.25,0,TU
-984.75,878.75,0,TU
219.75,879.25,0,TU
-2618.75,879.25,0,TU
-10.25,879.25,0,TU
-1403.75,879.25,0,TU
-2242.75,879.25,0,TU
-722.25,879.75,0,TU
-1606.75,880.75,0,TU
-1976.75,881.75,0,TU
-1152.75,881.75,0,TU
934.25,881.75,0,TU
723.25,881.75,0,TU
474.25,881.75,0,TU
-2283.75,881.75,0,TU
-504.25,882.75,0,TU
-1496.25,883.75,0,TU
133.25,884.75,0,TU
-2208.75,884.75,0,TU
-2005.25,885.25,0,TU
-3077.25,886.25,0,TU
-405.75,886.75,0,TU
852.25,886.75,0,TU
-288.25,886.75,0,TU
-1568.25,887.25,0,TU
-2024.25,887.75,0,TU
906.25,887.75,0,TU
-1354.75,887.75,0,TU
951.75,887.75,0,TU
-121.75,887.75,0,TU
574.25,887.75,0,TU
-1328.25,888.25,0,TU
-1369.75,889.25,0,TU
761.25,890.25,0,TU
-2440.25,890.75,0,TU
-3023.25,890.75,0,TU
-2317.25,890.75,0,TU
-916.25,890.75,0,TU
743.75,890.75,0,TU
105.25,891.75,0,TU
-2138.25,891.75,0,TU
-1278.25,892.25,0,TU
-460.25,892.75,0,TU
-615.75,893.25,0,TU
-1989.75,893.25,0,TU
-2055.25,893.25,0,TU
724.75,893.25,0,TU
-1006.75,893.25,0,TU
-368.75,894.25,0,TU
-1669.75,894.75,0,TU
-976.75,895.25,0,TU
-1179.25,895.25,0,TU
-723.75,895.75,0,TU
-1097.75,896.25,0,TU
-1125.75,896.75,0,TU
925.75,896.75,0,TU
-1030.25,897.25,0,TU
-1531.75,897.25,0,TU
-2267.75,897.75,0,TU
-1713.25,897.75,0,TU
809.25,898.25,0,TU
-2114.75,898.75,0,TU
-147.75,899.25,0,TU
-1198.25,899.25,0,TU
-537.25,899.75,0,TU
56.25,899.75,0,TU
-702.75,900.25,0,TU
-2415.75,900.25,0,TU
-1218.75,902.75,0,TU
-114.25,902.75,0,TU
-2035.25,903.25,0,TU
-2841.25,903.25,0,TU
-2984.75,903.75,0,TU
-283.25,903.75,0,TU
-1410.25,903.75,0,TU
692.75,904.25,0,TU
-1592.75,904.75,0,TU
-757.75,904.75,0,TU
-1158.75,904.75,0,TU
-398.25,905.25,0,TU
-1618.25,905.75,0,TU
853.25,906.25,0,TU
-1707.25,906.25,0,TU
-342.75,906.75,0,TU
611.25,906.75,0,TU
375.75,906.75,0,TU
-651.75,907.25,0,TU
-675.75,908.25,0,TU
-2089.25,908.25,0,TU
770.75,908.25,0,TU
-2899.75,909.25,0,TU
396.75,909.25,0,TU
-1570.75,909.75,0,TU
-921.25,909.75,0,TU
754.25,910.25,0,TU
-2404.25,910.75,0,TU
-41.75,910.75,0,TU
-2181.75,910.75,0,TU
-715.25,911.25,0,TU
-737.75,911.25,0,TU
-550.75,912.25,0,TU
-272.25,912.25,0,TU
-941.25,912.75,0,TU
-1846.25,912.75,0,TU
251.75,912.75,0,TU
727.25,912.75,0,TU
-2237.75,912.75,0,TU
-1681.75,913.25,0,TU
-1052.75,913.75,0,TU
-588.75,913.75,0,TU
-2011.25,913.75,0,TU
-970.25,914.75,0,TU
-1181.25,914.75,0,TU
-143.25,914.75,0,TU
-322.75,915.25,0,TU
-1883.25,915.25,0,TU
-2055.25,915.75,0,TU
-688.75,916.25,0,TU
-573.75,916.75,0,TU
-1923.25,917.75,0,TU
933.75,917.75,0,TU
-1390.25,917.75,0,TU
-422.25,918.75,0,TU
-1262.75,918.75,0,TU
-1025.25,919.25,0,TU
-2379.25,920.25,0,TU
-1983.75,920.25,0,TU
-913.75,920.75,0,TU
-612.75,920.75,0,TU
-2144.75,922.25,0,TU
-2030.75,923.25,0,TU
-1750.25,923.25,0,TU
-2197.25,923.75,0,TU
-948.25,924.25,0,TU
-2652.25,924.25,0,TU
-2118.25,924.75,0,TU
-633.75,924.75,0,TU
-1811.75,925.75,0,TU
-759.75,926.75,0,TU
-1949.75,926.75,0,TU
-3024.75,927.25,0,TU
381.25,927.75,0,TU
-573.75,927.75,0,TU
-1217.75,927.75,0,TU
-1114.25,928.25,0,TU
140.25,928.75,0,TU
-718.25,929.25,0,TU
-1705.75,929.25,0,TU
-1195.75,929.25,0,TU
53.25,929.25,0,TU
555.25,929.75,0,TU
-1421.75,929.75,0,TU
-2068.75,929.75,0,TU
-554.75,930.25,0,TU
-1611.75,930.25,0,TU
897.25,930.75,0,TU
-1925.75,930.75,0,TU
-1777.25,930.75,0,TU
417.75,930.75,0,TU
760.75,930.75,0,TU
-2623.75,932.25,0,TU
-1375.75,932.25,0,TU
-979.25,932.25,0,TU
-1142.25,932.75,0,TU
-2050.25,932.75,0,TU
778.75,932.75,0,TU
-745.75,933.25,0,TU
-588.25,934.25,0,TU
-1306.25,934.25,0,TU
711.25,935.25,0,TU
-1981.75,935.25,0,TU
774.75,935.75,0,TU
-1190.75,935.75,0,TU
-963.75,936.75,0,TU
-2165.75,936.75,0,TU
-1030.75,937.25,0,TU
17.25,937.25,0,TU
-1682.75,937.25,0,TU
258.75,937.75,0,TU
78.25,938.75,0,TU
-649.75,938.75,0,TU
-1746.25,938.75,0,TU
-689.25,939.25,0,TU
736.75,939.25,0,TU
357.75,939.25,0,TU
-1404.25,939.25,0,TU
-1177.25,939.75,0,TU
-2018.75,939.75,0,TU
-931.75,939.75,0,TU
-1011.25,940.25,0,TU
328.25,940.75,0,TU
918.25,942.25,0,TU
-2326.25,942.75,0,TU
-2200.75,942.75,0,TU
176.25,942.75,0,TU
-372.75,942.75,0,TU
-608.25,943.25,0,TU
-761.25,943.25,0,TU
-540.25,943.75,0,TU
680.75,944.25,0,TU
-711.75,944.75,0,TU
-1850.75,945.25,0,TU
-2245.75,945.25,0,TU
-1941.75,945.75,0,TU
-2226.25,946.25,0,TU
-447.75,946.75,0,TU
824.75,947.25,0,TU
-1638.75,947.25,0,TU
-1665.75,948.25,0,TU
-3198.25,948.25,0,TU
-2383.75,948.25,0,TU
-434.75,948.25,0,TU
-1917.75,948.25,0,TU
-4.75,948.75,0,TU
-950.75,949.25,0,TU
-91.75,949.75,0,TU
-2065.75,949.75,0,TU
-3135.25,950.25,0,TU
-157.25,951.75,0,TU
-924.75,951.75,0,TU
-2205.25,952.25,0,TU
-1232.25,952.75,0,TU
-584.75,952.75,0,TU
-68.75,952.75,0,TU
-3040.25,953.25,0,TU
-218.75,953.25,0,TU
-2650.25,953.75,0,TU
-1704.25,953.75,0,TU
-413.25,953.75,0,TU
-1985.25,953.75,0,TU
-666.25,954.25,0,TU
534.75,954.25,0,TU
-390.25,954.25,0,TU
607.25,954.75,0,TU
764.25,954.75,0,TU
-753.25,955.25,0,TU
-132.75,955.25,0,TU
-253.25,955.75,0,TU
786.25,955.75,0,TU
-1158.25,955.75,0,TU
888.75,956.75,0,TU
411.25,957.25,0,TU
-2614.25,957.25,0,TU
-2688.75,957.75,0,TU
664.25,957.75,0,TU
-2158.25,957.75,0,TU
-1888.25,958.25,0,TU
848.25,958.25,0,TU
-1870.75,958.75,0,TU
-2633.25,959.25,0,TU
718.75,959.25,0,TU
-549.75,959.75,0,TU
-2553.75,959.75,0,TU
-2190.25,960.25,0,TU
-1739.25,960.25,0,TU
703.25,960.25,0,TU
-622.75,960.75,0,TU
-3104.75,960.75,0,TU
-729.75,961.75,0,TU
734.75,962.25,0,TU
-505.25,962.25,0,TU
-1680.25,962.25,0,TU
-530.25,962.75,0,TU
-333.75,962.75,0,TU
-1524.25,962.75,0,TU
-114.75,963.75,0,TU
434.25,963.75,0,TU
-2395.75,963.75,0,TU
-1184.75,964.25,0,TU
-3016.75,964.75,0,TU
-741.75,966.25,0,TU
793.75,966.25,0,TU
-481.75,966.75,0,TU
-2068.25,967.25,0,TU
761.75,967.75,0,TU
686.75,969.25,0,TU
-2174.25,969.75,0,TU
-45.25,970.25,0,TU
-3125.25,970.25,0,TU
-1112.75,970.25,0,TU
-2000.75,970.75,0,TU
-2089.75,970.75,0,TU
-1654.25,971.25,0,TU
589.75,971.25,0,TU
-2377.25,971.75,0,TU
-3038.75,972.25,0,TU
-924.25,972.75,0,TU
-1702.25,972.75,0,TU
319.75,972.75,0,TU
-2210.75,973.25,0,TU
-205.25,974.75,0,TU
-1941.75,974.75,0,TU
-593.75,974.75,0,TU
-656.75,975.75,0,TU
-681.75,975.75,0,TU
779.75,975.75,0,TU
-364.75,976.75,0,TU
-2737.25,977.25,0,TU
370.25,977.25,0,TU
541.75,977.75,0,TU
-2324.75,977.75,0,TU
809.75,978.25,0,TU
-1022.25,978.25,0,TU
-2609.75,978.25,0,TU
-750.25,978.75,0,TU
-3099.25,978.75,0,TU
-1753.75,978.75,0,TU
-698.75,979.25,0,TU
-558.75,979.75,0,TU
-1892.25,980.25,0,TU
-2181.25,981.25,0,TU
-1839.25,981.25,0,TU
-941.25,981.25,0,TU
479.75,981.75,0,TU
-1518.75,982.25,0,TU
-1191.25,982.25,0,TU
-69.75,982.25,0,TU
-2020.75,983.25,0,TU
-2502.25,983.25,0,TU
706.25,983.75,0,TU
-3204.75,983.75,0,TU
-1164.75,984.25,0,TU
-1917.75,984.75,0,TU
-1073.75,984.75,0,TU
-1103.25,984.75,0,TU
-2194.75,985.25,0,TU
-2464.75,985.25,0,TU
-3073.25,985.75,0,TU
-2531.75,985.75,0,TU
-36.25,986.75,0,TU
566.25,986.75,0,TU
-3179.75,986.75,0,TU
682.75,987.75,0,TU
-84.25,988.25,0,TU
-983.25,988.75,0,TU
-592.25,989.25,0,TU
-517.75,989.25,0,TU
-1551.25,989.25,0,TU
-1137.25,989.75,0,TU
-2393.75,989.75,0,TU
785.25,989.75,0,TU
-1875.25,989.75,0,TU
-344.75,990.25,0,TU
-1969.75,990.25,0,TU
-8.75,990.75,0,TU
-1573.75,991.25,0,TU
738.75,991.25,0,TU
-1213.75,991.25,0,TU
-495.25,991.75,0,TU
-442.75,991.75,0,TU
-2514.75,992.25,0,TU
-2252.75,992.25,0,TU
-562.25,992.25,0,TU
-2372.75,992.25,0,TU
-2009.25,992.25,0,TU
-3316.75,993.25,0,TU
-2269.75,993.25,0,TU
-1176.25,993.75,0,TU
-1855.75,993.75,0,TU
34.75,993.75,0,TU
-3045.75,994.25,0,TU
216.75,994.75,0,TU
355.75,994.75,0,TU
-3142.75,995.25,0,TU
-111.75,996.25,0,TU
-2073.75,996.25,0,TU
-916.75,996.75,0,TU
-1616.25,997.25,0,TU
-962.75,997.25,0,TU
-576.75,998.25,0,TU
601.75,999.25,0,TU
-1087.75,1000.25,0,TU
408.75,1000.25,0,TU
-62.25,1000.75,0,TU
-1777.75,1000.75,0,TU
59.25,1001.25,0,TU
-1995.25,1001.25,0,TU
-2322.75,1002.25,0,TU
-1702.25,1002.75,0,TU
-2346.25,1002.75,0,TU
-931.75,1003.75,0,TU
-396.75,1004.25,0,TU
-1915.25,1004.25,0,TU
-564.25,1004.25,0,TU
-611.75,1004.75,0,TU
-1114.25,1005.25,0,TU
712.25,1005.75,0,TU
-985.25,1005.75,0,TU
-592.25,1005.75,0,TU
-2365.25,1006.25,0,TU
-1061.75,1007.25,0,TU
-1727.25,1007.25,0,TU
-2305.75,1007.75,0,TU
-361.25,1008.25,0,TU
437.25,1008.75,0,TU
-1532.75,1009.25,0,TU
561.75,1009.75,0,TU
-3059.25,1009.75,0,TU
-97.25,1009.75,0,TU
-448.25,1010.25,0,TU
-952.75,1010.75,0,TU
-2144.75,1010.75,0,TU
-636.75,1011.75,0,TU
-2526.25,1011.75,0,TU
-1042.25,1011.75,0,TU
-1610.25,1012.25,0,TU
-1866.25,1012.75,0,TU
-579.25,1013.75,0,TU
-2221.75,1013.75,0,TU
-1182.25,1014.25,0,TU
214.75,1014.25,0,TU
-538.75,1014.75,0,TU
-1211.75,1014.75,0,TU
-2096.75,1014.75,0,TU
-2319.75,1014.75,0,TU
-3005.25,1014.75,0,TU
-2202.75,1015.25,0,TU
-334.75,1015.75,0,TU
-687.75,1016.75,0,TU
-1887.75,1017.25,0,TU
-561.75,1017.75,0,TU
-1130.25,1017.75,0,TU
-1168.25,1017.75,0,TU
-265.25,1018.25,0,TU
-89.75,1019.75,0,TU
-588.25,1020.75,0,TU
325.75,1020.75,0,TU
-1536.75,1021.75,0,TU
-1510.25,1021.75,0,TU
-2053.75,1021.75,0,TU
-1141.75,1021.75,0,TU
555.75,1022.75,0,TU
-1579.75,1022.75,0,TU
-2373.25,1023.25,0,TU
-2214.25,1024.25,0,TU
-1992.25,1024.25,0,TU
505.75,1024.25,0,TU
-2444.75,1025.75,0,TU
-1074.75,1026.25,0,TU
-931.75,1026.75,0,TU
115.25,1027.25,0,TU
-44.25,1027.75,0,TU
-602.25,1027.75,0,TU
-1789.25,1028.25,0,TU
-1106.25,1028.25,0,TU
-3049.25,1028.25,0,TU
-2232.25,1028.25,0,TU
-1903.25,1029.75,0,TU
-2564.75,1030.25,0,TU
626.25,1030.25,0,TU
-950.75,1030.75,0,TU
393.75,1031.25,0,TU
-72.25,1031.25,0,TU
-631.75,1031.75,0,TU
-2283.25,1032.25,0,TU
518.75,1032.25,0,TU
-730.25,1032.75,0,TU
-1942.25,1033.25,0,TU
-1219.25,1033.25,0,TU
-711.25,1033.75,0,TU
374.75,1033.75,0,TU
-2109.75,1033.75,0,TU
436.25,1033.75,0,TU
-2006.75,1034.25,0,TU
-1288.75,1034.25,0,TU
-1198.75,1034.25,0,TU
-1806.25,1034.75,0,TU
-2407.75,1035.25,0,TU
-2319.75,1035.25,0,TU
-1055.25,1035.25,0,TU
-1033.25,1036.25,0,TU
345.75,1036.75,0,TU
-1307.25,1036.75,0,TU
-2249.75,1037.25,0,TU
129.75,1037.25,0,TU
-2345.25,1037.25,0,TU
309.25,1037.75,0,TU
-1764.75,1037.75,0,TU
-1126.75,1037.75,0,TU
-1535.25,1038.25,0,TU
330.75,1038.25,0,TU
-689.25,1039.75,0,TU
-2492.25,1040.25,0,TU
-2210.75,1040.25,0,TU
417.75,1040.75,0,TU
551.75,1041.25,0,TU
217.25,1041.25,0,TU
-317.75,1041.75,0,TU
-2152.75,1041.75,0,TU
-1430.25,1041.75,0,TU
-2096.75,1042.25,0,TU
-2018.25,1042.75,0,TU
-587.25,1042.75,0,TU
-1555.75,1042.75,0,TU
-467.25,1043.25,0,TU
-958.25,1043.25,0,TU
-3008.25,1043.75,0,TU
-1088.25,1044.25,0,TU
-438.75,1044.25,0,TU
-1009.75,1044.25,0,TU
-2443.25,1044.25,0,TU
-1970.75,1044.75,0,TU
-943.25,1045.25,0,TU
-2578.75,1045.25,0,TU
-666.75,1045.25,0,TU
-2226.75,1046.25,0,TU
-1912.75,1046.75,0,TU
-3438.75,1047.25,0,TU
-1872.25,1048.25,0,TU
-2423.75,1049.75,0,TU
175.25,1049.75,0,TU
-3317.25,1050.25,0,TU
-736.75,1050.25,0,TU
-1996.25,1050.75,0,TU
-643.25,1050.75,0,TU
-1574.75,1050.75,0,TU
-2280.75,1051.25,0,TU
-335.25,1051.75,0,TU
-253.75,1051.75,0,TU
-620.75,1051.75,0,TU
-3141.25,1051.75,0,TU
-1832.75,1051.75,0,TU
27.25,1051.75,0,TU
-2977.25,1052.25,0,TU
-1492.25,1053.75,0,TU
-2454.25,1053.75,0,TU
-425.25,1053.75,0,TU
-2115.75,1054.25,0,TU
512.75,1054.75,0,TU
-1064.75,1054.75,0,TU
-1452.25,1055.25,0,TU
-2309.75,1055.75,0,TU
-1624.75,1056.25,0,TU
-1517.25,1056.25,0,TU
-1890.25,1056.25,0,TU
328.75,1056.75,0,TU
-2216.25,1056.75,0,TU
-1939.75,1056.75,0,TU
-369.75,1057.25,0,TU
586.75,1058.25,0,TU
-1537.75,1058.25,0,TU
497.25,1058.75,0,TU
-2418.75,1058.75,0,TU
438.25,1058.75,0,TU
-1467.75,1058.75,0,TU
-1593.25,1060.25,0,TU
-1909.75,1060.25,0,TU
-1566.75,1060.75,0,TU
-1026.75,1060.75,0,TU
-1555.25,1062.75,0,TU
-3356.75,1062.75,0,TU
532.75,1062.75,0,TU
-947.75,1063.25,0,TU
-1768.25,1063.75,0,TU
-1198.25,1063.75,0,TU
-2592.25,1063.75,0,TU
296.75,1064.25,0,TU
-341.75,1064.25,0,TU
-1006.25,1064.75,0,TU
-2285.75,1064.75,0,TU
-555.25,1065.25,0,TU
-1997.25,1065.25,0,TU
-2157.25,1065.25,0,TU
-650.75,1065.25,0,TU
-672.25,1066.75,0,TU
-630.25,1067.75,0,TU
564.25,1067.75,0,TU
-1114.25,1068.25,0,TU
-2468.75,1068.75,0,TU
-11.75,1068.75,0,TU
-3137.25,1068.75,0,TU
-104.25,1068.75,0,TU
-390.25,1069.25,0,TU
-3032.75,1069.25,0,TU
-3467.25,1069.75,0,TU
-3370.75,1070.25,0,TU
-3002.25,1070.75,0,TU
-971.25,1070.75,0,TU
-2298.25,1071.25,0,TU
-2763.75,1071.75,0,TU
-70.25,1071.75,0,TU
-2212.75,1071.75,0,TU
-737.25,1072.25,0,TU
-489.75,1072.75,0,TU
-1453.25,1073.25,0,TU
-617.25,1073.75,0,TU
-2530.75,1073.75,0,TU
-1950.75,1073.75,0,TU
-2319.75,1073.75,0,TU
-1577.25,1073.75,0,TU
-947.25,1073.75,0,TU
-1519.75,1073.75,0,TU
-2235.75,1074.75,0,TU
-2109.25,1074.75,0,TU
-1091.25,1075.25,0,TU
191.25,1075.25,0,TU
-463.75,1076.25,0,TU
-1187.75,1076.75,0,TU
-440.75,1076.75,0,TU
-414.25,1076.75,0,TU
443.25,1077.75,0,TU
-993.75,1077.75,0,TU
-2196.75,1078.25,0,TU
542.75,1078.25,0,TU
-703.75,1078.75,0,TU
-1597.25,1078.75,0,TU
-1795.75,1079.25,0,TU
516.75,1079.75,0,TU
-1469.25,1079.75,0,TU
-2042.25,1080.25,0,TU
-376.25,1080.25,0,TU
-1069.25,1080.75,0,TU
-557.25,1081.25,0,TU
26.25,1081.25,0,TU
-1567.25,1081.75,0,TU
-646.75,1081.75,0,TU
-1638.75,1081.75,0,TU
-2577.25,1082.25,0,TU
-661.75,1082.25,0,TU
208.25,1082.75,0,TU
-1918.75,1083.25,0,TU
-1695.75,1083.25,0,TU
-468.25,1083.75,0,TU
-3316.25,1083.75,0,TU
-1958.25,1083.75,0,TU
-1882.75,1084.25,0,TU
-2006.75,1084.75,0,TU
-676.25,1084.75,0,TU
-1153.75,1086.25,0,TU
-2410.25,1086.25,0,TU
-3375.75,1087.25,0,TU
-1052.75,1087.75,0,TU
-755.25,1088.25,0,TU
499.75,1088.25,0,TU
-2222.25,1088.75,0,TU
348.25,1088.75,0,TU
400.75,1089.25,0,TU
-2191.75,1089.25,0,TU
-478.25,1090.25,0,TU
-390.25,1090.25,0,TU
-2510.25,1090.75,0,TU
-2299.75,1090.75,0,TU
-3285.25,1091.25,0,TU
-500.25,1091.75,0,TU
-722.25,1092.25,0,TU
-3488.25,1092.75,0,TU
-2167.25,1094.25,0,TU
-420.25,1095.25,0,TU
-639.25,1095.25,0,TU
-1565.25,1095.25,0,TU
-2317.25,1095.75,0,TU
-1768.75,1095.75,0,TU
-1180.75,1096.75,0,TU
-1841.25,1096.75,0,TU
-1596.25,1097.25,0,TU
-442.25,1097.75,0,TU
-528.25,1099.25,0,TU
478.25,1099.25,0,TU
-1544.25,1099.75,0,TU
-974.25,1099.75,0,TU
-2156.75,1101.25,0,TU
-2031.75,1101.25,0,TU
530.75,1102.75,0,TU
-2134.25,1102.75,0,TU
-2463.75,1102.75,0,TU
-2294.75,1103.25,0,TU
-3100.75,1103.75,0,TU
-1633.25,1104.75,0,TU
-2438.25,1105.75,0,TU
-2235.75,1106.25,0,TU
-264.25,1106.75,0,TU
-1887.25,1106.75,0,TU
-2217.75,1107.25,0,TU
-2368.75,1107.25,0,TU
-468.25,1107.25,0,TU
-3403.25,1108.25,0,TU
437.25,1108.75,0,TU
-1908.75,1109.25,0,TU
-371.75,1109.25,0,TU
-519.25,1109.25,0,TU
-2771.75,1109.75,0,TU
502.75,1110.25,0,TU
-115.25,1110.25,0,TU
-1161.75,1110.75,0,TU
-3316.75,1110.75,0,TU
-558.75,1110.75,0,TU
-1449.25,1111.25,0,TU
-2335.75,1112.25,0,TU
52.25,1112.25,0,TU
-1708.25,1112.25,0,TU
-3457.75,1113.25,0,TU
-2198.75,1113.25,0,TU
-223.75,1113.25,0,TU
-2567.25,1113.75,0,TU
-969.25,1115.25,0,TU
-1127.25,1115.75,0,TU
-3345.25,1116.25,0,TU
-2514.25,1116.75,0,TU
-273.25,1117.25,0,TU
-1596.75,1117.75,0,TU
-1026.25,1117.75,0,TU
-309.75,1118.25,0,TU
-2284.25,1118.75,0,TU
-1543.25,1118.75,0,TU
-3484.25,1119.25,0,TU
467.75,1119.75,0,TU
-2312.75,1119.75,0,TU
-1693.75,1120.25,0,TU
-533.75,1120.75,0,TU
-380.25,1121.25,0,TU
-1725.25,1121.25,0,TU
-992.25,1121.25,0,TU
-1511.75,1121.25,0,TU
-433.75,1122.75,0,TU
-1742.25,1123.75,0,TU
-765.25,1123.75,0,TU
-1108.75,1123.75,0,TU
-3541.25,1124.25,0,TU
-2231.25,1124.75,0,TU
-486.75,1124.75,0,TU
-2734.75,1125.25,0,TU
-2445.25,1126.75,0,TU
-456.75,1127.25,0,TU
-1964.75,1127.25,0,TU
-131.75,1127.25,0,TU
-734.25,1127.75,0,TU
-406.25,1127.75,0,TU
-1004.25,1128.25,0,TU
-2024.75,1128.75,0,TU
-1092.75,1128.75,0,TU
-2298.75,1129.25,0,TU
-2119.25,1129.75,0,TU
-2158.25,1130.25,0,TU
-972.25,1130.75,0,TU
-568.25,1130.75,0,TU
-1584.25,1131.25,0,TU
-1562.75,1132.75,0,TU
-3391.75,1133.75,0,TU
-2492.75,1134.25,0,TU
-2369.25,1134.75,0,TU
-1500.75,1135.25,0,TU
-1038.75,1135.25,0,TU
-1790.25,1135.25,0,TU
-3063.25,1136.25,0,TU
-2287.75,1136.25,0,TU
-517.75,1136.75,0,TU
-1941.75,1137.25,0,TU
-2345.75,1137.25,0,TU
-3421.25,1137.25,0,TU
-1616.25,1137.75,0,TU
-1762.25,1138.25,0,TU
-980.75,1138.25,0,TU
-2423.25,1138.25,0,TU
-2558.75,1139.25,0,TU
-654.75,1139.25,0,TU
-2181.25,1139.25,0,TU
-627.75,1139.75,0,TU
-1010.75,1140.25,0,TU
-2221.75,1140.25,0,TU
-496.25,1140.25,0,TU
-1716.25,1140.75,0,TU
-2677.25,1140.75,0,TU
253.25,1140.75,0,TU
344.25,1142.25,0,TU
-2305.25,1143.75,0,TU
-2659.75,1144.25,0,TU
-2197.75,1144.25,0,TU
-3097.25,1144.75,0,TU
391.25,1145.25,0,TU
-417.75,1145.25,0,TU
-1048.25,1145.75,0,TU
-2117.25,1146.75,0,TU
-1473.75,1146.75,0,TU
-3037.25,1146.75,0,TU
-988.25,1147.25,0,TU
-3509.25,1147.25,0,TU
372.75,1147.25,0,TU
-701.25,1147.25,0,TU
104.25,1147.75,0,TU
-760.25,1147.75,0,TU
-550.25,1147.75,0,TU
-2401.75,1149.75,0,TU
-1434.75,1149.75,0,TU
-1067.75,1149.75,0,TU
-121.25,1150.25,0,TU
-3545.25,1152.25,0,TU
-382.75,1153.25,0,TU
-519.25,1153.25,0,TU
-2318.75,1153.75,0,TU
-1645.25,1153.75,0,TU
-3177.75,1154.25,0,TU
-3612.25,1154.75,0,TU
-740.75,1155.25,0,TU
-2224.25,1155.75,0,TU
-975.75,1155.75,0,TU
-2297.75,1155.75,0,TU
-2334.25,1156.25,0,TU
-2020.25,1156.25,0,TU
-213.75,1156.75,0,TU
-1629.25,1157.25,0,TU
-630.75,1157.75,0,TU
-781.75,1158.25,0,TU
-2087.25,1158.25,0,TU
-1321.25,1158.75,0,TU
-2037.25,1158.75,0,TU
-3065.25,1159.25,0,TU
-497.25,1159.25,0,TU
-1792.25,1159.25,0,TU
-1729.25,1159.25,0,TU
-1615.75,1159.25,0,TU
-56.75,1159.75,0,TU
-673.75,1159.75,0,TU
-3055.75,1159.75,0,TU
-1495.75,1160.25,0,TU
-587.75,1161.25,0,TU
-3397.25,1161.25,0,TU
-3348.25,1162.25,0,TU
-218.75,1163.25,0,TU
-1004.75,1164.25,0,TU
-2765.25,1165.25,0,TU
-1761.75,1165.25,0,TU
-443.25,1165.75,0,TU
-1528.25,1166.25,0,TU
-1974.25,1166.25,0,TU
-1507.75,1166.25,0,TU
-1946.75,1166.75,0,TU
-3257.25,1167.75,0,TU
-2285.25,1167.75,0,TU
-3521.75,1168.25,0,TU
-1143.75,1169.25,0,TU
-3149.25,1169.75,0,TU
-2712.25,1170.25,0,TU
-2027.25,1170.75,0,TU
-2828.25,1171.25,0,TU
-2107.75,1171.25,0,TU
-2504.25,1171.75,0,TU
-813.25,1171.75,0,TU
-687.25,1172.25,0,TU
-1249.75,1172.25,0,TU
-1177.25,1172.25,0,TU
-2598.75,1172.25,0,TU
-1640.75,1172.25,0,TU
-2140.75,1172.75,0,TU
-291.75,1172.75,0,TU
-2476.75,1172.75,0,TU
-3583.25,1172.75,0,TU
-2316.25,1173.25,0,TU
-3036.75,1173.75,0,TU
-1474.25,1173.75,0,TU
-1739.25,1174.25,0,TU
-422.25,1174.75,0,TU
112.25,1174.75,0,TU
-652.75,1174.75,0,TU
-2050.75,1175.75,0,TU
-1617.25,1176.25,0,TU
-1050.75,1176.25,0,TU
-2530.25,1176.25,0,TU
-1075.25,1176.25,0,TU
-2342.25,1176.75,0,TU
-552.75,1177.25,0,TU
-2427.25,1177.75,0,TU
-2417.75,1177.75,0,TU
-730.75,1178.25,0,TU
-2298.25,1178.25,0,TU
-387.75,1179.25,0,TU
-373.25,1179.75,0,TU
-2162.25,1179.75,0,TU
-1750.75,1179.75,0,TU
-666.25,1179.75,0,TU
-2769.75,1180.25,0,TU
-1519.25,1180.25,0,TU
-2806.75,1181.75,0,TU
337.25,1181.75,0,TU
-3635.75,1181.75,0,TU
-68.25,1182.25,0,TU
-1423.75,1182.25,0,TU
-2284.25,1182.75,0,TU
-2015.75,1183.25,0,TU
264.75,1184.25,0,TU
-1924.75,1184.75,0,TU
-1400.75,1184.75,0,TU
-512.25,1185.75,0,TU
222.25,1186.25,0,TU
310.25,1186.75,0,TU
-579.25,1187.25,0,TU
-1001.25,1187.25,0,TU
-3395.75,1187.75,0,TU
-975.75,1187.75,0,TU
-2086.75,1188.25,0,TU
-1111.25,1188.75,0,TU
-1025.25,1189.25,0,TU
-1335.75,1189.25,0,TU
-753.25,1189.75,0,TU
-2209.75,1189.75,0,TU
-500.25,1190.75,0,TU
119.75,1190.75,0,TU
-1664.75,1191.25,0,TU
-2487.75,1191.25,0,TU
200.25,1191.75,0,TU
-1643.75,1191.75,0,TU
-2030.25,1191.75,0,TU
-991.75,1192.25,0,TU
-702.25,1192.75,0,TU
-2745.75,1192.75,0,TU
-1064.25,1192.75,0,TU
-1852.75,1193.25,0,TU
19.75,1193.25,0,TU
-1185.75,1195.25,0,TU
-105.25,1196.25,0,TU
-2132.75,1196.25,0,TU
-1629.75,1196.25,0,TU
-741.75,1196.75,0,TU
-3220.25,1196.75,0,TU
-1752.25,1196.75,0,TU
-2314.75,1197.25,0,TU
-1257.75,1197.25,0,TU
-1887.25,1197.25,0,TU
-1531.75,1197.25,0,TU
-1967.75,1197.75,0,TU
-2537.25,1198.25,0,TU
-663.75,1198.75,0,TU
-2168.25,1199.25,0,TU
-1916.25,1199.75,0,TU
-3179.25,1199.75,0,TU
-1666.25,1199.75,0,TU
-3499.75,1200.25,0,TU
-3193.75,1201.25,0,TU
-1694.75,1201.25,0,TU
98.25,1201.75,0,TU
-1133.25,1202.25,0,TU
-1790.75,1202.25,0,TU
-2593.75,1202.25,0,TU
-732.75,1202.75,0,TU
-1233.75,1203.75,0,TU
-613.25,1203.75,0,TU
-595.75,1203.75,0,TU
-1399.75,1204.25,0,TU
-3033.25,1204.75,0,TU
-1984.75,1205.25,0,TU
-3661.75,1205.25,0,TU
-360.75,1205.75,0,TU
-2814.25,1205.75,0,TU
-3563.25,1206.25,0,TU
-2392.75,1206.75,0,TU
-631.25,1207.25,0,TU
-1552.75,1207.75,0,TU
-2769.25,1207.75,0,TU
-698.75,1207.75,0,TU
319.75,1208.25,0,TU
-332.75,1208.75,0,TU
-2180.25,1208.75,0,TU
-3157.25,1209.25,0,TU
-1644.75,1209.25,0,TU
275.25,1209.75,0,TU
-779.75,1210.25,0,TU
-1419.75,1210.25,0,TU
204.75,1211.25,0,TU
-1068.25,1211.25,0,TU
-572.25,1211.25,0,TU
-2789.25,1211.25,0,TU
-1348.25,1211.75,0,TU
-2653.75,1211.75,0,TU
-3272.25,1212.25,0,TU
5.75,1212.25,0,TU
-1033.25,1212.75,0,TU
-2564.75,1213.25,0,TU
-992.75,1213.75,0,TU
-2012.75,1215.25,0,TU
-2748.75,1216.25,0,TU
48.75,1216.25,0,TU
-1626.75,1216.25,0,TU
-2221.75,1217.25,0,TU
-300.25,1217.75,0,TU
-3045.25,1218.25,0,TU
-2034.75,1218.25,0,TU
-1840.75,1218.25,0,TU
-3495.25,1218.25,0,TU
-1459.25,1218.25,0,TU
-806.75,1219.25,0,TU
-3201.25,1219.25,0,TU
-267.75,1219.75,0,TU
-505.25,1219.75,0,TU
257.25,1219.75,0,TU
-1785.25,1220.25,0,TU
-1895.25,1220.25,0,TU
-209.75,1220.75,0,TU
-3621.25,1221.25,0,TU
-3636.75,1222.25,0,TU
-1760.75,1222.25,0,TU
-1863.75,1222.25,0,TU
-753.75,1223.25,0,TU
-723.25,1223.75,0,TU
-3595.25,1224.25,0,TU
-181.25,1224.25,0,TU
-1818.75,1224.75,0,TU
-1665.75,1224.75,0,TU
-1920.75,1226.25,0,TU
-158.75,1226.75,0,TU
172.25,1226.75,0,TU
-411.25,1227.25,0,TU
-2582.75,1227.25,0,TU
-3549.75,1227.75,0,TU
-1873.25,1227.75,0,TU
295.75,1228.25,0,TU
-1520.25,1228.25,0,TU
-2063.25,1228.25,0,TU
-371.25,1228.25,0,TU
-2474.25,1228.25,0,TU
266.75,1228.75,0,TU
-1025.75,1228.75,0,TU
-1536.25,1229.25,0,TU
-602.25,1229.25,0,TU
-1393.25,1229.25,0,TU
-3255.75,1229.75,0,TU
-1002.75,1230.25,0,TU
-1211.25,1231.75,0,TU
-1412.75,1231.75,0,TU
-782.25,1231.75,0,TU
-3194.75,1231.75,0,TU
-2251.75,1231.75,0,TU
-1484.75,1232.25,0,TU
-2797.25,1232.25,0,TU
-3042.25,1232.75,0,TU
-3282.75,1233.25,0,TU
-2001.25,1233.25,0,TU
-3425.75,1233.75,0,TU
245.25,1234.25,0,TU
-2407.75,1234.25,0,TU
-980.25,1234.25,0,TU
122.25,1234.25,0,TU
-1077.75,1234.75,0,TU
-2631.75,1234.75,0,TU
-488.25,1234.75,0,TU
-2535.75,1235.25,0,TU
-1780.75,1235.25,0,TU
-3625.75,1235.25,0,TU
-1466.25,1236.25,0,TU
-3530.75,1236.75,0,TU
-630.25,1236.75,0,TU
-3604.75,1236.75,0,TU
-3110.25,1237.25,0,TU
-273.75,1237.25,0,TU
-526.75,1237.75,0,TU
-1350.75,1237.75,0,TU
-2504.25,1238.25,0,TU
-2167.75,1238.25,0,TU
-2259.75,1238.75,0,TU
-1502.75,1238.75,0,TU
-1051.25,1239.25,0,TU
-820.75,1239.25,0,TU
-2558.75,1239.75,0,TU
153.25,1239.75,0,TU
-2893.25,1240.75,0,TU
-1368.75,1240.75,0,TU
71.75,1241.25,0,TU
-692.75,1241.25,0,TU
-1676.25,1241.75,0,TU
-1090.75,1241.75,0,TU
-717.75,1242.75,0,TU
-2608.75,1243.25,0,TU
-461.25,1244.75,0,TU
-16.75,1245.25,0,TU
-2234.25,1245.25,0,TU
-206.25,1245.25,0,TU
251.75,1245.75,0,TU
-665.75,1245.75,0,TU
-2085.75,1245.75,0,TU
-330.25,1246.25,0,TU
-1883.25,1246.75,0,TU
-40.25,1246.75,0,TU
-1442.75,1247.25,0,TU
-764.25,1247.75,0,TU
-3512.75,1248.25,0,TU
-415.25,1248.25,0,TU
-3219.25,1248.75,0,TU
-3743.25,1249.25,0,TU
-2864.75,1250.75,0,TU
-433.75,1250.75,0,TU
-583.75,1250.75,0,TU
-1406.75,1251.25,0,TU
-1426.25,1251.25,0,TU
57.25,1251.25,0,TU
-1782.75,1251.75,0,TU
-1710.75,1251.75,0,TU
-1025.25,1251.75,0,TU
-2130.25,1252.75,0,TU
-2574.25,1252.75,0,TU
-1766.25,1253.25,0,TU
-2557.75,1253.25,0,TU
-1999.75,1253.75,0,TU
-3690.25,1253.75,0,TU
156.75,1253.75,0,TU
-3284.75,1254.25,0,TU
134.25,1254.25,0,TU
-373.75,1254.25,0,TU
-2021.75,1254.75,0,TU
-3310.75,1254.75,0,TU
-1109.75,1254.75,0,TU
-1395.25,1255.25,0,TU
-1698.25,1255.75,0,TU
-783.25,1256.25,0,TU
-752.25,1256.25,0,TU
-2773.25,1256.25,0,TU
-2385.25,1256.25,0,TU
-3523.25,1256.75,0,TU
-3568.25,1257.25,0,TU
225.75,1257.75,0,TU
-3269.25,1258.25,0,TU
-1371.75,1258.25,0,TU
-2267.25,1258.25,0,TU
-302.25,1258.75,0,TU
-1730.75,1259.25,0,TU
-3399.75,1259.25,0,TU
-1086.25,1259.25,0,TU
-2086.25,1259.75,0,TU
-2544.75,1259.75,0,TU
-802.75,1260.25,0,TU
-2891.75,1261.75,0,TU
-393.75,1261.75,0,TU
-3542.25,1261.75,0,TU
-42.75,1261.75,0,TU
-1170.25,1262.75,0,TU
-2066.75,1263.25,0,TU
-829.75,1263.75,0,TU
-1980.25,1263.75,0,TU
-2802.25,1265.75,0,TU
-578.75,1265.75,0,TU
-43.25,1266.25,0,TU
-2477.25,1266.25,0,TU
-705.75,1266.75,0,TU
-2516.75,1266.75,0,TU
-766.25,1266.75,0,TU
-1444.25,1267.25,0,TU
157.25,1267.25,0,TU
-727.25,1267.25,0,TU
-1980.25,1268.25,0,TU
-1467.25,1268.25,0,TU
16.75,1268.25,0,TU
-527.25,1268.75,0,TU
-2871.25,1269.25,0,TU
-2139.75,1269.75,0,TU
-743.25,1269.75,0,TU
-1064.25,1269.75,0,TU
-3376.75,1269.75,0,TU
-2106.75,1270.25,0,TU
-421.75,1270.75,0,TU
-1124.25,1271.25,0,TU
-1726.25,1271.25,0,TU
-813.75,1271.25,0,TU
-693.25,1272.75,0,TU
-1392.75,1273.75,0,TU
-1887.75,1274.25,0,TU
-1854.75,1274.25,0,TU
-2087.25,1274.25,0,TU
-2229.25,1274.75,0,TU
-565.25,1274.75,0,TU
-3587.75,1275.75,0,TU
-3223.75,1275.75,0,TU
65.75,1275.75,0,TU
-2352.25,1275.75,0,TU
-2615.25,1276.25,0,TU
-2551.25,1276.25,0,TU
-3289.75,1276.75,0,TU
-1422.75,1276.75,0,TU
-1235.75,1277.25,0,TU
-665.75,1277.25,0,TU
-2251.25,1277.75,0,TU
-3720.25,1277.75,0,TU
-2026.25,1277.75,0,TU
-3117.25,1278.25,0,TU
-1256.75,1278.75,0,TU
-1439.75,1278.75,0,TU
-2599.25,1278.75,0,TU
-3221.75,1279.75,0,TU
-651.25,1279.75,0,TU
-1191.75,1279.75,0,TU
-2755.75,1279.75,0,TU
-2058.25,1280.25,0,TU
-1586.25,1281.25,0,TU
-3603.75,1282.25,0,TU
-388.25,1282.75,0,TU
130.75,1282.75,0,TU
-520.75,1283.25,0,TU
-2523.75,1283.75,0,TU
-3387.25,1283.75,0,TU
-3860.25,1284.25,0,TU
-1498.25,1284.25,0,TU
-2780.25,1284.25,0,TU
-301.75,1284.75,0,TU
-3828.25,1284.75,0,TU
-2074.25,1284.75,0,TU
-548.25,1284.75,0,TU
-3781.75,1285.25,0,TU
-811.75,1285.75,0,TU
-633.75,1286.75,0,TU
-1681.75,1286.75,0,TU
-3802.25,1287.75,0,TU
-1474.75,1288.25,0,TU
109.25,1288.75,0,TU
-2106.25,1288.75,0,TU
-867.25,1288.75,0,TU
-2087.25,1289.25,0,TU
-1747.25,1289.75,0,TU
-477.75,1289.75,0,TU
-2284.75,1289.75,0,TU
-1869.25,1290.25,0,TU
-1701.25,1290.75,0,TU
-1639.75,1290.75,0,TU
-2030.25,1290.75,0,TU
-1572.75,1291.25,0,TU
-1389.25,1291.25,0,TU
-2872.75,1291.25,0,TU
-2212.75,1291.25,0,TU
-181.25,1291.25,0,TU
-3419.75,1291.75,0,TU
-789.25,1291.75,0,TU
-1219.75,1292.75,0,TU
-1433.25,1293.25,0,TU
-2530.75,1293.25,0,TU
-3743.75,1293.25,0,TU
-2049.25,1294.75,0,TU
-1451.75,1294.75,0,TU
-829.25,1295.75,0,TU
-1801.25,1296.75,0,TU
-2886.75,1297.25,0,TU
-1154.75,1298.25,0,TU
-421.25,1298.25,0,TU
-2968.75,1298.75,0,TU
-1553.75,1298.75,0,TU
-1720.25,1299.25,0,TU
51.75,1299.75,0,TU
-655.25,1300.25,0,TU
-3785.25,1300.25,0,TU
-560.75,1300.25,0,TU
-255.75,1300.25,0,TU
-2689.25,1300.75,0,TU
-507.75,1301.25,0,TU
-2616.75,1301.75,0,TU
-279.25,1302.75,0,TU
-1780.25,1303.25,0,TU
-2068.25,1304.25,0,TU
-1202.75,1304.75,0,TU
-1235.25,1305.25,0,TU
-318.25,1305.25,0,TU
-2547.75,1305.25,0,TU
-2028.75,1305.75,0,TU
-2658.25,1307.25,0,TU
-1544.75,1307.25,0,TU
-14.25,1307.25,0,TU
-3820.75,1308.25,0,TU
-1841.25,1308.25,0,TU
-1029.25,1308.75,0,TU
-1480.75,1309.25,0,TU
-1401.25,1310.75,0,TU
-3438.25,1310.75,0,TU
-1599.25,1311.25,0,TU
64.75,1311.75,0,TU
-2410.75,1311.75,0,TU
-1062.75,1312.25,0,TU
-2248.25,1313.25,0,TU
-3842.25,1315.25,0,TU
-3765.75,1316.25,0,TU
-478.75,1316.75,0,TU
38.75,1316.75,0,TU
-3793.75,1317.25,0,TU
-2012.25,1318.25,0,TU
-2943.25,1318.25,0,TU
-2797.25,1319.25,0,TU
-3746.25,1319.25,0,TU
-1775.75,1320.75,0,TU
-1867.75,1320.75,0,TU
-851.25,1321.25,0,TU
-1992.75,1321.75,0,TU
-795.25,1322.25,0,TU
-832.25,1323.25,0,TU
-656.75,1323.25,0,TU
-542.75,1323.25,0,TU
-94.75,1323.25,0,TU
-2683.75,1323.25,0,TU
-1107.75,1323.25,0,TU
-2636.25,1323.75,0,TU
-3389.25,1324.25,0,TU
-1036.25,1324.75,0,TU
-447.25,1325.25,0,TU
-507.25,1325.75,0,TU
-1443.25,1326.25,0,TU
-1726.25,1327.25,0,TU
-1152.75,1327.75,0,TU
-1426.75,1327.75,0,TU
-174.25,1328.25,0,TU
-472.25,1329.25,0,TU
-284.75,1329.75,0,TU
-2035.75,1329.75,0,TU
-1175.75,1331.75,0,TU
-882.75,1331.75,0,TU
-375.25,1332.25,0,TU
-253.75,1333.25,0,TU
-2399.75,1334.25,0,TU
-2222.25,1334.25,0,TU
-1054.75,1334.75,0,TU
-1468.25,1334.75,0,TU
-3921.75,1335.75,0,TU
-1686.25,1336.75,0,TU
-1607.75,1339.25,0,TU
-856.25,1339.25,0,TU
-1237.75,1339.75,0,TU
-1368.25,1339.75,0,TU
-727.25,1340.75,0,TU
-1266.75,1342.25,0,TU
-2120.75,1342.75,0,TU
-3248.25,1343.25,0,TU
-1347.75,1343.25,0,TU
-792.25,1343.75,0,TU
0.25,1343.75,0,TU
-87.75,1343.75,0,TU
-2007.25,1344.25,0,TU
-2746.25,1344.75,0,TU
-110.75,1345.25,0,TU
-1421.75,1345.75,0,TU
-3883.25,1346.75,0,TU
-1496.75,1347.25,0,TU
-1015.75,1347.75,0,TU
-1709.25,1348.25,0,TU
-1874.25,1348.75,0,TU
-633.25,1349.25,0,TU
-604.75,1349.25,0,TU
-1434.75,1349.75,0,TU
-365.75,1350.25,0,TU
-1028.25,1350.75,0,TU
-1457.75,1350.75,0,TU
-1386.25,1351.25,0,TU
-1910.25,1351.75,0,TU
-1860.75,1352.25,0,TU
-1733.25,1352.75,0,TU
-1477.25,1352.75,0,TU
-2873.25,1353.75,0,TU
-2685.25,1354.25,0,TU
-772.75,1354.25,0,TU
-875.75,1354.75,0,TU
-478.25,1356.25,0,TU
-2109.75,1356.75,0,TU
-2563.75,1357.25,0,TU
-1671.25,1357.75,0,TU
-2021.25,1358.25,0,TU
-1848.25,1358.25,0,TU
-692.25,1358.25,0,TU
-1693.25,1358.75,0,TU
-3814.75,1358.75,0,TU
-1075.75,1359.75,0,TU
-1362.75,1359.75,0,TU
-160.75,1359.75,0,TU
-2922.25,1360.25,0,TU
-3884.25,1360.25,0,TU
-3634.75,1360.75,0,TU
-904.75,1360.75,0,TU
-880.75,1361.75,0,TU
-709.75,1362.25,0,TU
-799.75,1362.25,0,TU
-672.25,1363.25,0,TU
-2408.25,1363.25,0,TU
-857.25,1363.75,0,TU
-3472.25,1363.75,0,TU
-786.75,1364.25,0,TU
-403.25,1364.25,0,TU
-3859.25,1364.75,0,TU
-2093.75,1364.75,0,TU
-734.25,1365.25,0,TU
-1885.75,1365.25,0,TU
-553.75,1365.25,0,TU
-2152.75,1366.25,0,TU
-1336.75,1366.25,0,TU
-2246.75,1367.25,0,TU
-1261.75,1367.75,0,TU
-652.75,1368.25,0,TU
-1727.25,1368.75,0,TU
-2323.25,1368.75,0,TU
-3197.75,1369.75,0,TU
-2770.25,1370.25,0,TU
-1501.75,1370.75,0,TU
-312.75,1370.75,0,TU
-3804.75,1370.75,0,TU
-415.75,1370.75,0,TU
-1018.75,1371.25,0,TU
-3241.25,1371.25,0,TU
-1103.25,1371.25,0,TU
-1476.75,1371.75,0,TU
-293.75,1371.75,0,TU
-1710.25,1371.75,0,TU
-3418.75,1372.25,0,TU
-2640.75,1373.25,0,TU
-2121.75,1373.25,0,TU
-578.25,1373.25,0,TU
-2855.75,1374.25,0,TU
-3446.75,1374.75,0,TU
-3097.75,1375.25,0,TU
-3896.25,1375.75,0,TU
-1742.75,1375.75,0,TU
-3500.75,1376.25,0,TU
-1199.75,1377.25,0,TU
-2346.75,1377.75,0,TU
-2247.25,1377.75,0,TU
-1853.25,1377.75,0,TU
-2376.25,1378.75,0,TU
-3156.75,1379.25,0,TU
-878.75,1379.75,0,TU
-2080.25,1379.75,0,TU
-118.75,1379.75,0,TU
-2276.25,1380.25,0,TU
-2416.25,1380.75,0,TU
-1415.25,1380.75,0,TU
-1356.75,1381.25,0,TU
-1690.75,1381.75,0,TU
-2138.25,1381.75,0,TU
-2019.25,1382.25,0,TU
-2728.25,1383.25,0,TU
-3881.75,1383.75,0,TU
-141.75,1384.25,0,TU
-709.75,1384.75,0,TU
-552.25,1384.75,0,TU
-3862.75,1385.25,0,TU
-1284.75,1385.25,0,TU
-1074.25,1385.75,0,TU
-398.25,1385.75,0,TU
-736.25,1386.25,0,TU
-1813.75,1386.75,0,TU
-419.75,1387.25,0,TU
-3479.75,1388.75,0,TU
-1463.75,1389.25,0,TU
-1671.75,1389.25,0,TU
-1217.25,1389.75,0,TU
-3350.75,1390.25,0,TU
-2563.75,1390.75,0,TU
-501.25,1391.25,0,TU
-690.25,1391.75,0,TU
-3792.75,1392.25,0,TU
-1058.75,1392.25,0,TU
-2617.25,1392.75,0,TU
-565.75,1393.25,0,TU
-1583.75,1393.25,0,TU
-3520.75,1394.25,0,TU
-1716.25,1394.25,0,TU
-1039.25,1394.75,0,TU
-2151.75,1394.75,0,TU
-1228.75,1394.75,0,TU
-1314.25,1395.25,0,TU
-1201.25,1395.75,0,TU
-1903.75,1397.25,0,TU
-3888.75,1397.75,0,TU
-2065.75,1398.25,0,TU
-127.25,1398.25,0,TU
-2361.75,1398.25,0,TU
-740.75,1398.75,0,TU
-2590.25,1398.75,0,TU
-2317.25,1398.75,0,TU
-3498.25,1399.75,0,TU
-664.25,1400.25,0,TU
-1655.75,1400.25,0,TU
-585.75,1400.75,0,TU
-1547.75,1400.75,0,TU
-1327.25,1401.25,0,TU
-1050.25,1401.75,0,TU
-429.75,1402.25,0,TU
-3909.25,1402.75,0,TU
-1156.25,1403.25,0,TU
-2397.25,1403.75,0,TU
-964.25,1404.25,0,TU
-761.75,1404.25,0,TU
-2033.25,1405.25,0,TU
-2088.75,1405.25,0,TU
-1738.25,1405.75,0,TU
-643.75,1406.25,0,TU
-2120.75,1406.25,0,TU
-1626.75,1407.25,0,TU
-3166.75,1407.75,0,TU
-707.25,1407.75,0,TU
-1501.25,1408.25,0,TU
-1644.25,1408.75,0,TU
-1214.75,1408.75,0,TU
-3617.75,1409.25,0,TU
-3762.25,1409.25,0,TU
-2572.25,1410.25,0,TU
-2418.25,1410.25,0,TU
-1191.25,1410.75,0,TU
-183.75,1410.75,0,TU
-1476.25,1411.25,0,TU
-334.25,1411.25,0,TU
-2275.75,1412.25,0,TU
-711.75,1412.25,0,TU
-3516.25,1413.25,0,TU
-353.75,1414.25,0,TU
-686.75,1415.25,0,TU
-3132.25,1415.25,0,TU
-1227.25,1416.25,0,TU
-3870.25,1416.75,0,TU
-120.25,1416.75,0,TU
-3472.75,1416.75,0,TU
-416.75,1417.25,0,TU
-1923.25,1417.25,0,TU
-2640.25,1417.25,0,TU
-726.75,1417.25,0,TU
-3493.75,1417.25,0,TU
-2602.25,1418.25,0,TU
-394.75,1418.75,0,TU
-1061.25,1419.25,0,TU
-2929.25,1419.25,0,TU
-3549.25,1419.25,0,TU
-2383.25,1419.75,0,TU
-587.25,1420.75,0,TU
-2700.25,1421.75,0,TU
-136.25,1422.25,0,TU
-1755.75,1422.75,0,TU
-593.75,1423.25,0,TU
-2665.75,1423.75,0,TU
-944.75,1424.25,0,TU
-3518.75,1424.25,0,TU
-199.75,1424.25,0,TU
-567.25,1425.25,0,TU
-610.25,1426.25,0,TU
-661.25,1427.25,0,TU
-3779.25,1427.75,0,TU
-2423.75,1427.75,0,TU
-2035.75,1428.25,0,TU
-1249.25,1428.75,0,TU
-157.25,1429.25,0,TU
-710.25,1429.25,0,TU
-1615.75,1429.75,0,TU
-694.75,1429.75,0,TU
-1107.25,1429.75,0,TU
-3353.25,1429.75,0,TU
-2396.75,1430.25,0,TU
-2303.25,1430.75,0,TU
-2372.75,1432.25,0,TU
-2601.75,1432.25,0,TU
-915.25,1432.75,0,TU
-219.25,1432.75,0,TU
-1375.75,1432.75,0,TU
-2681.75,1433.25,0,TU
-2243.25,1433.25,0,TU
-1592.25,1433.75,0,TU
-2320.75,1433.75,0,TU
-3460.25,1434.25,0,TU
-2075.75,1434.75,0,TU
-2201.25,1435.25,0,TU
-2089.25,1435.75,0,TU
-3643.75,1436.25,0,TU
-945.75,1436.75,0,TU
-3232.25,1437.25,0,TU
-743.75,1437.75,0,TU
-711.75,1438.25,0,TU
-2575.25,1438.75,0,TU
-1749.25,1439.25,0,TU
-3659.75,1439.25,0,TU
-1171.75,1439.75,0,TU
-1477.25,1440.75,0,TU
-1768.75,1441.75,0,TU
-1024.25,1442.25,0,TU
-3419.75,1442.75,0,TU
-2451.25,1442.75,0,TU
-3195.25,1443.75,0,TU
-3372.25,1443.75,0,TU
-2263.75,1443.75,0,TU
-3777.25,1443.75,0,TU
-803.25,1445.75,0,TU
-2043.25,1446.25,0,TU
-2691.75,1446.75,0,TU
-1121.25,1448.25,0,TU
-1140.75,1448.25,0,TU
-1155.25,1448.25,0,TU
-3088.75,1449.75,0,TU
-1730.75,1450.25,0,TU
-1280.75,1450.25,0,TU
-707.25,1450.25,0,TU
-3516.75,1450.75,0,TU
-1597.75,1451.25,0,TU
-2163.75,1451.75,0,TU
-3130.25,1453.25,0,TU
-2110.25,1453.75,0,TU
-2615.25,1454.25,0,TU
-3570.75,1454.25,0,TU
-726.75,1454.25,0,TU
-1757.75,1454.25,0,TU
-401.25,1454.75,0,TU
-2654.25,1455.75,0,TU
-3153.75,1456.25,0,TU
-1235.25,1456.75,0,TU
-2574.75,1456.75,0,TU
-4184.75,1457.25,0,TU
-821.25,1458.25,0,TU
-1109.25,1458.25,0,TU
-689.25,1458.75,0,TU
-423.25,1458.75,0,TU
-1921.25,1459.25,0,TU
-1006.75,1461.25,0,TU
-3211.25,1462.75,0,TU
-589.25,1462.75,0,TU
-2439.25,1463.25,0,TU
-754.75,1463.75,0,TU
-2246.75,1463.75,0,TU
-371.75,1464.25,0,TU
-2288.75,1465.25,0,TU
-1867.75,1466.25,0,TU
-4207.25,1466.75,0,TU
-705.75,1467.25,0,TU
-736.25,1467.25,0,TU
-1833.25,1467.25,0,TU
-2033.25,1467.75,0,TU
-2409.25,1467.75,0,TU
-2323.75,1468.25,0,TU
-272.25,1468.25,0,TU
-4225.25,1468.75,0,TU
-4107.75,1468.75,0,TU
-325.25,1468.75,0,TU
-2233.75,1468.75,0,TU
-3024.25,1468.75,0,TU
-1445.25,1469.25,0,TU
-1000.25,1470.25,0,TU
-3052.75,1470.75,0,TU
-250.25,1470.75,0,TU
-1471.25,1471.25,0,TU
-1743.25,1471.75,0,TU
-3236.25,1473.25,0,TU
-2211.25,1473.25,0,TU
-1105.25,1473.25,0,TU
-1846.75,1473.75,0,TU
-1611.75,1475.25,0,TU
-774.75,1476.75,0,TU
-3517.75,1477.75,0,TU
-743.25,1478.75,0,TU
-4206.75,1478.75,0,TU
-1537.75,1478.75,0,TU
-2725.25,1479.25,0,TU
-819.25,1479.25,0,TU
-1141.25,1479.75,0,TU
-3931.25,1480.25,0,TU
-3009.75,1480.25,0,TU
-4132.75,1480.75,0,TU
-3372.25,1481.25,0,TU
-1509.75,1481.25,0,TU
-1953.25,1481.25,0,TU
-1683.75,1482.75,0,TU
-2493.75,1483.25,0,TU
-565.75,1483.25,0,TU
-1285.75,1483.25,0,TU
-3588.25,1483.75,0,TU
-1073.25,1483.75,0,TU
-712.75,1484.25,0,TU
-4248.75,1484.75,0,TU
-429.25,1485.75,0,TU
-525.75,1485.75,0,TU
-999.75,1486.25,0,TU
-2511.25,1486.25,0,TU
-1096.25,1486.25,0,TU
-1480.75,1486.75,0,TU
-2782.25,1486.75,0,TU
-613.25,1487.75,0,TU
-454.25,1487.75,0,TU
-4000.75,1488.25,0,TU
-1265.75,1488.75,0,TU
-751.25,1489.25,0,TU
-2845.25,1489.25,0,TU
-2593.25,1489.25,0,TU
-1208.25,1489.25,0,TU
-2252.75,1489.75,0,TU
-901.75,1490.25,0,TU
-279.75,1490.25,0,TU
-3247.25,1490.75,0,TU
-3328.75,1491.75,0,TU
-3354.25,1491.75,0,TU
-4264.25,1492.25,0,TU
-545.75,1492.25,0,TU
-1852.25,1492.75,0,TU
-2086.25,1493.75,0,TU
-3923.75,1494.25,0,TU
-2440.25,1494.75,0,TU
-1527.25,1494.75,0,TU
-3879.25,1495.25,0,TU
-1893.75,1497.25,0,TU
-1294.75,1497.25,0,TU
-881.75,1498.25,0,TU
-984.75,1498.75,0,TU
-2482.75,1499.25,0,TU
-2976.75,1499.75,0,TU
-3060.25,1499.75,0,TU
-361.75,1500.25,0,TU
-3547.25,1500.75,0,TU
-1979.75,1500.75,0,TU
-1472.75,1501.25,0,TU
-2769.25,1501.25,0,TU
-3200.25,1502.25,0,TU
-3225.75,1502.75,0,TU
-734.75,1502.75,0,TU
-3518.25,1504.75,0,TU
-1925.25,1504.75,0,TU
-719.25,1504.75,0,TU
-505.75,1505.75,0,TU
-2939.75,1506.25,0,TU
-2215.75,1506.25,0,TU
-528.75,1506.75,0,TU
-3577.75,1506.75,0,TU
-2574.75,1506.75,0,TU
-4257.75,1506.75,0,TU
-4129.25,1507.25,0,TU
-1262.25,1507.75,0,TU
-2140.75,1507.75,0,TU
-2498.75,1508.25,0,TU
-4286.75,1508.25,0,TU
-545.25,1508.75,0,TU
-2619.25,1508.75,0,TU
-2254.75,1508.75,0,TU
-1436.75,1509.25,0,TU
-298.25,1509.25,0,TU
-1224.25,1509.75,0,TU
-1307.25,1510.25,0,TU
-3364.75,1510.75,0,TU
-559.75,1511.25,0,TU
-4114.75,1511.25,0,TU
-389.75,1511.75,0,TU
-578.25,1511.75,0,TU
-1847.75,1512.25,0,TU
-916.25,1512.75,0,TU
-2597.75,1513.75,0,TU
-3913.25,1514.25,0,TU
-2234.75,1514.25,0,TU
-2783.75,1515.25,0,TU
-1538.25,1516.25,0,TU
-4300.25,1516.75,0,TU
-432.75,1517.25,0,TU
-3637.25,1517.25,0,TU
-735.25,1517.25,0,TU
-1204.75,1517.75,0,TU
-1452.25,1517.75,0,TU
-951.75,1518.75,0,TU
-4272.25,1519.75,0,TU
-2475.25,1520.25,0,TU
-1153.25,1520.75,0,TU
-3530.25,1521.25,0,TU
-1886.75,1521.75,0,TU
-4206.25,1522.25,0,TU
-4000.25,1523.25,0,TU
-4099.25,1523.25,0,TU
-4147.25,1524.25,0,TU
-896.75,1524.75,0,TU
-1874.75,1524.75,0,TU
-3243.75,1524.75,0,TU
-2332.75,1525.75,0,TU
-2397.25,1526.75,0,TU
-931.75,1527.25,0,TU
-784.25,1527.75,0,TU
-1909.25,1528.25,0,TU
-990.75,1528.75,0,TU
-541.75,1528.75,0,TU
-3185.75,1528.75,0,TU
-2720.75,1529.25,0,TU
-3297.75,1529.75,0,TU
-4221.25,1530.25,0,TU
-1181.25,1531.25,0,TU
-1597.25,1531.25,0,TU
-1828.75,1532.75,0,TU
-1353.75,1532.75,0,TU
-4313.75,1534.25,0,TU
-1309.75,1534.75,0,TU
-1801.25,1534.75,0,TU
-1139.25,1535.25,0,TU
-2359.25,1535.25,0,TU
-984.25,1535.25,0,TU
-3954.25,1535.75,0,TU
-1281.75,1535.75,0,TU
-594.75,1536.25,0,TU
-4300.75,1536.25,0,TU
-4327.75,1536.25,0,TU
-4115.75,1536.75,0,TU
-2084.25,1537.25,0,TU
-1406.25,1537.25,0,TU
-762.75,1537.75,0,TU
-3378.25,1537.75,0,TU
-2580.75,1537.75,0,TU
-4185.25,1538.25,0,TU
-2607.75,1538.75,0,TU
-3463.75,1539.25,0,TU
-479.75,1539.75,0,TU
-958.25,1539.75,0,TU
-3639.75,1540.75,0,TU
-697.75,1540.75,0,TU
-2475.75,1541.25,0,TU
-1163.25,1541.25,0,TU
-1898.25,1542.25,0,TU
-1100.75,1542.25,0,TU
-4340.75,1542.75,0,TU
-1339.25,1543.25,0,TU
-1851.25,1543.25,0,TU
-424.75,1543.25,0,TU
-820.75,1543.75,0,TU
-3406.25,1544.25,0,TU
-4130.75,1545.25,0,TU
-2486.75,1545.75,0,TU
-1007.25,1545.75,0,TU
-2789.25,1545.75,0,TU
-2592.25,1547.25,0,TU
-3479.25,1547.75,0,TU
-1820.75,1548.75,0,TU
-1266.25,1549.75,0,TU
-543.75,1549.75,0,TU
-3025.25,1549.75,0,TU
-1124.25,1550.75,0,TU
-753.25,1550.75,0,TU
-1367.25,1550.75,0,TU
-4110.75,1551.75,0,TU
-3436.75,1552.25,0,TU
-3823.25,1552.25,0,TU
-960.75,1552.75,0,TU
-897.25,1553.25,0,TU
-1181.25,1553.25,0,TU
-3172.25,1553.25,0,TU
-1910.25,1553.25,0,TU
-1291.25,1553.75,0,TU
-2747.25,1554.25,0,TU
-4018.75,1554.25,0,TU
-1216.25,1554.75,0,TU
-2222.75,1554.75,0,TU
-4142.25,1554.75,0,TU
-3192.25,1554.75,0,TU
-981.75,1555.25,0,TU
-1423.75,1555.75,0,TU
-1885.75,1555.75,0,TU
-706.25,1556.25,0,TU
-3608.75,1556.25,0,TU
-1507.25,1556.25,0,TU
-775.25,1556.75,0,TU
-716.75,1557.75,0,TU
-825.75,1558.25,0,TU
-2513.75,1558.25,0,TU
-1313.25,1558.25,0,TU
-4266.75,1558.25,0,TU
-950.25,1558.75,0,TU
-2366.25,1558.75,0,TU
-1861.75,1560.25,0,TU
-3150.75,1560.75,0,TU
-2079.75,1561.25,0,TU
-2729.75,1562.25,0,TU
-4121.25,1562.75,0,TU
-1462.75,1563.75,0,TU
-4355.75,1563.75,0,TU
-3803.75,1563.75,0,TU
-909.25,1563.75,0,TU
-4254.25,1563.75,0,TU
-2481.75,1564.25,0,TU
-1892.75,1565.25,0,TU
-2247.75,1566.75,0,TU
-2498.75,1567.75,0,TU
-4220.75,1568.75,0,TU
-499.25,1568.75,0,TU
-2145.25,1568.75,0,TU
-1581.75,1568.75,0,TU
-1664.25,1569.25,0,TU
-1906.75,1569.25,0,TU
-1006.75,1569.25,0,TU
-3834.75,1569.25,0,TU
-1306.75,1569.75,0,TU
-1434.25,1569.75,0,TU
-949.25,1570.25,0,TU
-3989.25,1570.75,0,TU
-4403.75,1570.75,0,TU
-974.25,1571.25,0,TU
-1724.25,1571.25,0,TU
-4182.75,1571.25,0,TU
-547.75,1571.75,0,TU
-2523.75,1572.25,0,TU
-3936.25,1572.25,0,TU
-2025.75,1572.75,0,TU
-1349.25,1573.25,0,TU
-1242.25,1573.25,0,TU
-1269.25,1573.25,0,TU
-1334.25,1573.25,0,TU
-2288.75,1573.75,0,TU
-4243.25,1573.75,0,TU
-2627.75,1574.25,0,TU
-925.25,1574.25,0,TU
-846.25,1575.25,0,TU
-2602.75,1575.75,0,TU
-3390.25,1577.25,0,TU
-1420.75,1577.75,0,TU
-710.75,1578.25,0,TU
-3817.25,1578.75,0,TU
-1286.25,1578.75,0,TU
-1413.25,1579.25,0,TU
-3361.25,1579.25,0,TU
-1230.25,1579.75,0,TU
-2404.25,1580.25,0,TU
-3067.25,1580.75,0,TU
-3552.75,1580.75,0,TU
-2450.75,1581.25,0,TU
-4164.25,1581.25,0,TU
-2431.75,1581.75,0,TU
-1127.75,1581.75,0,TU
-821.25,1582.25,0,TU
-1674.75,1582.25,0,TU
-3030.75,1582.75,0,TU
-3840.25,1582.75,0,TU
-3531.25,1582.75,0,TU
-3955.25,1582.75,0,TU
-950.75,1582.75,0,TU
-803.25,1583.25,0,TU
-3178.75,1584.25,0,TU
-2371.25,1584.25,0,TU
-467.25,1584.75,0,TU
-2422.75,1585.25,0,TU
-3319.75,1585.25,0,TU
-1139.25,1585.75,0,TU
-2168.75,1586.25,0,TU
-1003.25,1587.25,0,TU
-2468.75,1587.25,0,TU
-1572.25,1587.25,0,TU
-2148.75,1587.25,0,TU
-4370.25,1588.25,0,TU
-4391.25,1588.25,0,TU
-565.25,1588.25,0,TU
-1221.25,1588.75,0,TU
-719.25,1588.75,0,TU
-1969.75,1589.25,0,TU
-1994.25,1589.25,0,TU
-1951.75,1589.25,0,TU
-3156.25,1590.25,0,TU
-2667.75,1590.75,0,TU
-2262.75,1590.75,0,TU
-2503.75,1591.25,0,TU
-1451.75,1591.75,0,TU
-4472.75,1592.25,0,TU
-1362.75,1592.75,0,TU
-508.25,1592.75,0,TU
-942.75,1593.25,0,TU
-833.25,1593.75,0,TU
-3266.25,1593.75,0,TU
-1016.75,1594.25,0,TU
-3048.25,1594.75,0,TU
-2329.25,1594.75,0,TU
-820.25,1594.75,0,TU
-593.25,1595.25,0,TU
-3292.75,1595.75,0,TU
-2305.25,1596.75,0,TU
-1348.25,1596.75,0,TU
-2285.25,1597.25,0,TU
-2038.25,1597.25,0,TU
-3103.75,1597.75,0,TU
-980.25,1597.75,0,TU
-2598.75,1598.25,0,TU
-3568.25,1598.75,0,TU
-1403.25,1598.75,0,TU
-2743.25,1599.25,0,TU
-3538.75,1599.75,0,TU
-2016.75,1600.25,0,TU
-4035.75,1600.75,0,TU
-1469.75,1601.25,0,TU
-3029.75,1601.25,0,TU
-2630.75,1601.75,0,TU
-2083.75,1602.25,0,TU
-2245.75,1602.25,0,TU
-2007.25,1602.25,0,TU
-3132.25,1602.75,0,TU
-739.25,1603.25,0,TU
-2269.25,1603.25,0,TU
-3075.75,1603.75,0,TU
-3341.25,1603.75,0,TU
-4394.75,1604.25,0,TU
-4494.75,1604.75,0,TU
-780.75,1605.75,0,TU
-3551.75,1606.25,0,TU
-2811.75,1606.25,0,TU
-521.25,1606.25,0,TU
-992.25,1607.75,0,TU
-2991.75,1607.75,0,TU
-2577.75,1607.75,0,TU
-952.75,1608.25,0,TU
-3481.75,1608.25,0,TU
-3058.75,1608.75,0,TU
-1033.75,1608.75,0,TU
-1807.75,1610.25,0,TU
-3515.25,1612.25,0,TU
-2506.25,1612.75,0,TU
-1741.25,1612.75,0,TU
-4170.25,1613.25,0,TU
-1764.75,1614.25,0,TU
-2150.75,1614.25,0,TU
-3313.75,1614.25,0,TU
-3799.25,1614.75,0,TU
-932.75,1614.75,0,TU
-1416.25,1614.75,0,TU
-2345.25,1615.75,0,TU
-1716.25,1616.25,0,TU
-2313.25,1616.25,0,TU
-1570.25,1616.25,0,TU
-1976.75,1616.75,0,TU
-2278.25,1617.75,0,TU
-1018.25,1618.75,0,TU
-2531.25,1618.75,0,TU
-3198.75,1618.75,0,TU
-677.75,1619.25,0,TU
-2726.25,1619.25,0,TU
-2965.75,1619.75,0,TU
-4324.25,1620.75,0,TU
-2250.25,1621.25,0,TU
-1937.75,1621.25,0,TU
-3489.75,1621.25,0,TU
-2416.75,1621.75,0,TU
-722.25,1621.75,0,TU
-538.25,1622.75,0,TU
-2324.75,1622.75,0,TU
-4441.75,1622.75,0,TU
-987.75,1623.25,0,TU
-913.25,1623.25,0,TU
-2095.25,1623.75,0,TU
-458.75,1623.75,0,TU
-2263.25,1624.25,0,TU
-1041.25,1624.25,0,TU
-2474.25,1625.25,0,TU
-1684.75,1625.25,0,TU
-1275.75,1625.75,0,TU
-488.25,1625.75,0,TU
-3146.25,1625.75,0,TU
-4246.25,1626.25,0,TU
-3528.75,1626.75,0,TU
-2751.75,1627.25,0,TU
-1605.75,1627.75,0,TU
-2368.25,1628.25,0,TU
-881.25,1628.75,0,TU
-4345.25,1628.75,0,TU
-4260.75,1629.25,0,TU
-2152.25,1629.25,0,TU
-1468.75,1629.75,0,TU
-2295.25,1629.75,0,TU
-2623.75,1629.75,0,TU
-1008.75,1629.75,0,TU
-3394.25,1630.25,0,TU
-2662.25,1630.25,0,TU
-2198.25,1630.25,0,TU
-561.25,1630.25,0,TU
-3082.25,1631.25,0,TU
-945.75,1631.25,0,TU
-2169.25,1631.25,0,TU
-774.25,1631.25,0,TU
-3043.75,1631.75,0,TU
-2053.25,1632.75,0,TU
-2871.25,1632.75,0,TU
-642.75,1633.25,0,TU
-4118.25,1633.25,0,TU
-601.25,1633.75,0,TU
-541.75,1633.75,0,TU
-3067.75,1634.25,0,TU
-3001.25,1634.75,0,TU
-2110.25,1634.75,0,TU
-499.25,1634.75,0,TU
-3025.25,1634.75,0,TU
-3777.25,1636.25,0,TU
-1956.25,1636.75,0,TU
-2981.25,1636.75,0,TU
-1773.75,1636.75,0,TU
-4160.75,1637.25,0,TU
-4186.25,1637.25,0,TU
-4134.25,1637.25,0,TU
-976.25,1637.25,0,TU
-907.25,1637.25,0,TU
-2354.75,1637.75,0,TU
-4433.25,1638.25,0,TU
-3505.75,1639.25,0,TU
-3717.25,1639.75,0,TU
-1914.75,1639.75,0,TU
-3449.25,1639.75,0,TU
-2311.75,1639.75,0,TU
-4537.25,1639.75,0,TU
-1981.25,1639.75,0,TU
-1738.25,1640.25,0,TU
-1752.25,1640.25,0,TU
-2280.25,1640.75,0,TU
-4309.75,1641.25,0,TU
-1939.25,1641.75,0,TU
-2333.75,1641.75,0,TU
-3642.75,1641.75,0,TU
-3103.25,1642.25,0,TU
-1718.25,1643.25,0,TU
-3234.75,1643.75,0,TU
-3487.25,1644.25,0,TU
-2965.25,1644.75,0,TU
-3016.25,1644.75,0,TU
-1892.25,1645.75,0,TU
-4368.25,1645.75,0,TU
-685.25,1645.75,0,TU
-1181.25,1645.75,0,TU
-2893.25,1646.25,0,TU
-2727.25,1646.25,0,TU
-2753.75,1646.25,0,TU
-654.75,1646.25,0,TU
-566.75,1646.75,0,TU
-3468.25,1647.25,0,TU
-3410.75,1647.75,0,TU
-768.25,1647.75,0,TU
-1049.75,1648.25,0,TU
-3259.25,1648.25,0,TU
-4477.25,1648.75,0,TU
-2073.25,1648.75,0,TU
-3891.75,1648.75,0,TU
-4284.75,1648.75,0,TU
-628.75,1649.25,0,TU
-2470.25,1649.25,0,TU
-4407.75,1649.75,0,TU
-2587.25,1649.75,0,TU
-1202.75,1649.75,0,TU
-2604.75,1651.75,0,TU
-749.25,1651.75,0,TU
-2620.25,1653.25,0,TU
-3046.25,1653.25,0,TU
-1008.75,1653.75,0,TU
-2545.25,1655.25,0,TU
-4046.75,1655.25,0,TU
-2812.25,1655.75,0,TU
-1603.25,1655.75,0,TU
-4341.25,1655.75,0,TU
-2233.75,1655.75,0,TU
-2675.75,1656.75,0,TU
-583.75,1657.75,0,TU
-2995.25,1657.75,0,TU
-2413.25,1659.25,0,TU
-555.25,1659.25,0,TU
-1020.25,1660.75,0,TU
-4369.75,1660.75,0,TU
-4261.75,1660.75,0,TU
-714.75,1662.25,0,TU
-3778.25,1662.25,0,TU
-2059.25,1663.25,0,TU
-4309.75,1663.25,0,TU
-648.25,1663.75,0,TU
-1955.75,1663.75,0,TU
-1358.75,1664.25,0,TU
-4093.75,1664.25,0,TU
-1404.75,1664.75,0,TU
-1904.25,1665.25,0,TU
-3013.25,1665.75,0,TU
-2134.25,1666.25,0,TU
-4324.75,1666.75,0,TU
-4070.75,1666.75,0,TU
-1884.25,1666.75,0,TU
-4523.75,1667.75,0,TU
-1085.25,1668.25,0,TU
-3601.25,1668.25,0,TU
-1635.75,1668.25,0,TU
-4291.25,1669.25,0,TU
-3719.25,1669.75,0,TU
-2309.25,1669.75,0,TU
-4384.75,1669.75,0,TU
-3235.25,1670.25,0,TU
-3207.25,1670.75,0,TU
-3176.75,1671.25,0,TU
-2718.25,1671.25,0,TU
-919.75,1671.25,0,TU
-1854.25,1672.25,0,TU
-3162.25,1672.75,0,TU
-4489.25,1673.25,0,TU
-1060.25,1673.25,0,TU
-2581.75,1673.75,0,TU
-2233.25,1674.25,0,TU
-1967.25,1674.75,0,TU
-1041.75,1674.75,0,TU
-4133.25,1675.25,0,TU
-3472.25,1675.25,0,TU
-3883.75,1675.25,0,TU
-3279.75,1675.75,0,TU
-3647.75,1677.25,0,TU
-1199.25,1677.25,0,TU
-4532.75,1677.25,0,TU
-1988.75,1677.75,0,TU
-4405.75,1678.25,0,TU
-2897.25,1678.75,0,TU
-1262.25,1679.25,0,TU
-2612.25,1679.25,0,TU
-717.75,1679.75,0,TU
-4304.75,1679.75,0,TU
-3779.25,1680.25,0,TU
-645.75,1680.75,0,TU
-1757.75,1680.75,0,TU
-1476.25,1680.75,0,TU
-4222.25,1681.25,0,TU
-1922.25,1681.25,0,TU
-2405.75,1681.25,0,TU
-4264.25,1681.75,0,TU
-4345.25,1681.75,0,TU
-665.25,1682.75,0,TU
-748.25,1683.75,0,TU
-2110.25,1683.75,0,TU
-2335.25,1684.25,0,TU
-2989.75,1684.25,0,TU
-4326.75,1685.75,0,TU
-2352.25,1686.25,0,TU
-4374.75,1687.25,0,TU
-2968.25,1687.25,0,TU
-4430.25,1687.25,0,TU
-1841.75,1687.25,0,TU
-3079.75,1687.75,0,TU
-2305.25,1688.25,0,TU
-2597.25,1688.25,0,TU
-2890.25,1688.75,0,TU
-693.25,1689.25,0,TU
-1241.25,1689.25,0,TU
-4093.25,1690.25,0,TU
-705.25,1690.75,0,TU
-935.75,1691.25,0,TU
-878.25,1692.25,0,TU
-3999.25,1692.75,0,TU
-4195.25,1693.25,0,TU
-2732.25,1693.25,0,TU
-3710.25,1693.75,0,TU
-828.75,1693.75,0,TU
-1312.25,1695.25,0,TU
-906.75,1695.25,0,TU
-2137.25,1695.25,0,TU
-3198.75,1695.75,0,TU
-4339.75,1696.75,0,TU
-3221.75,1697.25,0,TU
-4307.75,1697.75,0,TU
-3142.75,1698.25,0,TU
-1470.25,1698.75,0,TU
-3362.25,1698.75,0,TU
-2097.25,1699.25,0,TU
-3470.25,1699.75,0,TU
-3316.25,1700.25,0,TU
-3169.75,1700.25,0,TU
-4241.25,1700.75,0,TU
-4261.75,1701.25,0,TU
-952.25,1701.25,0,TU
-2385.75,1701.25,0,TU
-1626.25,1701.75,0,TU
-4213.25,1702.25,0,TU
-3259.25,1703.25,0,TU
-715.75,1703.75,0,TU
-1700.25,1703.75,0,TU
-4420.25,1705.25,0,TU
-2522.75,1706.75,0,TU
-2406.75,1707.25,0,TU
-4347.75,1707.25,0,TU
-1761.25,1707.25,0,TU
-4018.25,1707.25,0,TU
-4159.25,1707.75,0,TU
-975.25,1708.75,0,TU
-1833.75,1708.75,0,TU
-3953.25,1709.25,0,TU
-816.25,1709.75,0,TU
-2058.75,1710.25,0,TU
-3396.25,1710.25,0,TU
-4515.75,1712.25,0,TU
-3376.25,1712.25,0,TU
-4370.75,1712.75,0,TU
-767.25,1712.75,0,TU
-4129.75,1713.25,0,TU
-3288.25,1713.25,0,TU
-2079.75,1713.75,0,TU
-2416.75,1715.25,0,TU
-3244.75,1715.25,0,TU
-1218.75,1715.75,0,TU
-3203.75,1716.75,0,TU
-4201.75,1717.25,0,TU
-946.25,1717.25,0,TU
-1310.25,1717.25,0,TU
-1473.75,1717.25,0,TU
-3268.25,1717.25,0,TU
-4254.75,1718.25,0,TU
-1906.75,1718.75,0,TU
-2965.25,1719.25,0,TU
-3070.25,1719.75,0,TU
-2385.75,1719.75,0,TU
-1005.75,1719.75,0,TU
-3873.75,1720.25,0,TU
-4421.25,1720.25,0,TU
-3715.25,1720.25,0,TU
-4473.75,1720.75,0,TU
-2858.75,1722.25,0,TU
-4245.75,1722.75,0,TU
-2989.75,1723.25,0,TU
-854.75,1723.25,0,TU
-2727.75,1723.75,0,TU
-1114.75,1724.25,0,TU
-1450.25,1724.75,0,TU
-3090.25,1724.75,0,TU
-4309.75,1725.25,0,TU
-4454.75,1726.25,0,TU
-4180.25,1726.75,0,TU
-2676.25,1727.25,0,TU
-4263.25,1727.75,0,TU
-1491.75,1728.75,0,TU
-4222.25,1729.25,0,TU
-3935.25,1729.75,0,TU
-1632.75,1730.25,0,TU
-3035.25,1730.75,0,TU
-3019.25,1730.75,0,TU
-833.75,1731.25,0,TU
-4680.75,1731.25,0,TU
-1064.75,1731.25,0,TU
-3999.25,1731.25,0,TU
-1466.75,1731.75,0,TU
-3106.75,1731.75,0,TU
-4623.75,1732.25,0,TU
-1840.75,1733.75,0,TU
-1294.75,1733.75,0,TU
-4190.75,1735.25,0,TU
-1078.75,1735.25,0,TU
-4275.75,1735.75,0,TU
-871.75,1736.25,0,TU
-4149.75,1736.75,0,TU
-2206.75,1737.25,0,TU
-4389.75,1737.25,0,TU
-973.25,1737.25,0,TU
-1037.25,1738.25,0,TU
-2866.75,1738.25,0,TU
-3527.75,1738.75,0,TU
-1725.75,1740.25,0,TU
-2034.25,1740.25,0,TU
-1060.75,1740.25,0,TU
-4498.75,1740.25,0,TU
-2740.25,1740.75,0,TU
-950.25,1740.75,0,TU
-2360.25,1740.75,0,TU
-3323.25,1741.25,0,TU
-1501.25,1741.75,0,TU
-3074.75,1742.75,0,TU
-1474.75,1743.25,0,TU
-2458.75,1743.25,0,TU
-1679.25,1744.25,0,TU
-1096.25,1744.25,0,TU
-811.25,1744.25,0,TU
-900.25,1745.25,0,TU
-4706.25,1745.75,0,TU
-2624.75,1745.75,0,TU
-825.75,1746.75,0,TU
-4059.75,1746.75,0,TU
-4438.75,1748.25,0,TU
-2425.25,1748.75,0,TU
-3506.25,1749.25,0,TU
-2402.75,1749.25,0,TU
-4015.25,1749.75,0,TU
-2593.75,1750.25,0,TU
-4371.75,1750.25,0,TU
-4599.75,1750.75,0,TU
-1452.75,1751.25,0,TU
-4032.25,1751.25,0,TU
-3101.25,1752.75,0,TU
-4264.25,1753.25,0,TU
-3282.25,1753.25,0,TU
-844.25,1753.75,0,TU
-4355.25,1754.25,0,TU
-1813.25,1754.75,0,TU
-3259.25,1755.25,0,TU
-4686.25,1755.75,0,TU
-1484.25,1755.75,0,TU
-1532.25,1756.25,0,TU
-4143.75,1756.25,0,TU
-1708.75,1757.25,0,TU
-4286.25,1757.75,0,TU
-1080.25,1757.75,0,TU
-2047.25,1757.75,0,TU
-4389.75,1758.25,0,TU
-2513.25,1758.75,0,TU
-4636.25,1758.75,0,TU
-3994.25,1759.25,0,TU
-4573.75,1760.25,0,TU
-4229.25,1761.25,0,TU
-2253.75,1761.25,0,TU
-3087.75,1762.25,0,TU
-1055.75,1763.25,0,TU
-3970.25,1763.75,0,TU
-3436.25,1764.25,0,TU
-4253.75,1764.75,0,TU
-4511.25,1764.75,0,TU
-1030.25,1764.75,0,TU
-2982.75,1764.75,0,TU
-3134.75,1765.25,0,TU
-1558.25,1765.25,0,TU
-1374.75,1766.25,0,TU
-2877.75,1767.25,0,TU
-3382.25,1767.25,0,TU
-876.25,1767.25,0,TU
-1119.25,1767.25,0,TU
-1455.75,1768.75,0,TU
-1300.25,1769.25,0,TU
-3497.25,1769.75,0,TU
-3399.25,1770.25,0,TU
-4269.75,1770.25,0,TU
-4672.25,1770.25,0,TU
-4470.25,1770.75,0,TU
-2432.25,1770.75,0,TU
-4434.75,1771.75,0,TU
-3861.25,1772.25,0,TU
-3264.75,1772.75,0,TU
-2616.25,1773.75,0,TU
-4008.75,1773.75,0,TU
-3109.75,1774.25,0,TU
-4493.75,1774.25,0,TU
-1399.75,1774.75,0,TU
-4028.75,1775.25,0,TU
-3410.75,1775.25,0,TU
-3293.25,1775.25,0,TU
-1414.75,1775.75,0,TU
-1009.75,1775.75,0,TU
-4728.25,1776.25,0,TU
-3073.25,1776.25,0,TU
-1753.25,1776.25,0,TU
-3001.25,1776.75,0,TU
-2446.75,1777.25,0,TU
-3150.75,1777.75,0,TU
-3318.75,1778.25,0,TU
-1638.25,1778.75,0,TU
-1482.25,1779.75,0,TU
-4242.75,1780.25,0,TU
-2586.25,1781.25,0,TU
-4294.25,1781.75,0,TU
-1098.25,1781.75,0,TU
-1054.25,1781.75,0,TU
-2494.75,1782.25,0,TU
-2843.75,1782.75,0,TU
-2423.75,1783.25,0,TU
-3797.25,1784.25,0,TU
-3986.25,1785.25,0,TU
-4635.25,1785.25,0,TU
-1306.25,1785.25,0,TU
-2476.75,1785.75,0,TU
-4522.75,1786.75,0,TU
-1456.25,1786.75,0,TU
-1992.25,1786.75,0,TU
-3493.25,1787.25,0,TU
-1025.25,1788.25,0,TU
-3826.25,1788.25,0,TU
-4678.25,1789.25,0,TU
-4747.75,1789.25,0,TU
-3918.25,1789.75,0,TU
-3811.25,1789.75,0,TU
-1510.25,1789.75,0,TU
-4727.75,1790.25,0,TU
-4372.75,1790.75,0,TU
-4172.25,1791.75,0,TU
-2355.25,1792.25,0,TU
-2394.25,1793.25,0,TU
-4222.75,1793.25,0,TU
-3850.75,1793.75,0,TU
-2829.75,1794.25,0,TU
-2553.25,1794.75,0,TU
-1628.75,1794.75,0,TU
-2623.25,1795.25,0,TU
-2589.25,1795.75,0,TU
-4258.75,1795.75,0,TU
-3989.75,1797.25,0,TU
-958.25,1798.25,0,TU
-1292.75,1798.25,0,TU
-1839.25,1798.75,0,TU
-4129.75,1798.75,0,TU
-4656.75,1798.75,0,TU
-4509.75,1799.25,0,TU
-2883.75,1799.25,0,TU
-4806.75,1800.25,0,TU
-4017.25,1800.25,0,TU
-4719.75,1801.25,0,TU
-4394.25,1801.75,0,TU
-4578.25,1802.25,0,TU
-2171.25,1802.75,0,TU
-4155.25,1802.75,0,TU
-4064.75,1803.25,0,TU
-1785.75,1805.75,0,TU
-2071.25,1806.75,0,TU
-2119.75,1806.75,0,TU
-4787.25,1806.75,0,TU
-4476.25,1807.25,0,TU
-4769.25,1807.75,0,TU
-1979.75,1809.25,0,TU
-1669.75,1809.25,0,TU
-4669.25,1809.25,0,TU
-2830.75,1809.75,0,TU
-2303.25,1809.75,0,TU
-1441.75,1810.75,0,TU
-4415.25,1811.25,0,TU
-3495.75,1811.25,0,TU
-3922.25,1811.25,0,TU
-4101.25,1811.75,0,TU
-4174.75,1811.75,0,TU
-2455.75,1812.75,0,TU
-2277.75,1812.75,0,TU
-1057.25,1813.75,0,TU
-1738.25,1813.75,0,TU
-2054.75,1814.25,0,TU
-1633.75,1814.75,0,TU
-2881.25,1814.75,0,TU
-3783.25,1815.25,0,TU
-2254.75,1815.75,0,TU
-4433.25,1815.75,0,TU
-3215.25,1816.25,0,TU
-4123.25,1817.25,0,TU
-3800.75,1818.25,0,TU
-2108.25,1818.25,0,TU
-2481.25,1818.25,0,TU
-4144.25,1818.75,0,TU
-4283.25,1818.75,0,TU
-2516.25,1819.75,0,TU
-972.25,1820.25,0,TU
-1274.75,1820.25,0,TU
-2840.25,1820.25,0,TU
-4379.75,1820.25,0,TU
-4514.25,1820.75,0,TU
-2940.75,1820.75,0,TU
-1166.25,1821.25,0,TU
-2864.75,1821.25,0,TU
-4396.75,1822.25,0,TU
-2126.25,1822.25,0,TU
-3769.25,1822.75,0,TU
-1657.75,1823.25,0,TU
-1330.75,1823.75,0,TU
-983.75,1823.75,0,TU
-3887.75,1823.75,0,TU
-2322.75,1824.25,0,TU
-4227.25,1824.75,0,TU
-2162.25,1824.75,0,TU
-3820.75,1824.75,0,TU
-4556.25,1826.25,0,TU
-2216.25,1827.25,0,TU
-2282.25,1827.75,0,TU
-4797.75,1827.75,0,TU
-4165.75,1827.75,0,TU
-4665.75,1827.75,0,TU
-4822.75,1828.25,0,TU
-1786.25,1828.75,0,TU
-4248.75,1828.75,0,TU
-3093.75,1829.25,0,TU
-1261.25,1829.25,0,TU
-2029.75,1829.25,0,TU
-2678.75,1829.25,0,TU
-1644.25,1829.75,0,TU
-4021.75,1829.75,0,TU
-2074.25,1829.75,0,TU
-1882.25,1830.25,0,TU
-3251.25,1830.25,0,TU
-3028.75,1830.25,0,TU
-2094.75,1830.75,0,TU
-4522.75,1831.25,0,TU
-3580.75,1832.25,0,TU
-1981.75,1833.25,0,TU
-2634.75,1834.25,0,TU
-3539.75,1835.25,0,TU
-3154.75,1835.25,0,TU
-1853.75,1836.25,0,TU
-1437.75,1836.25,0,TU
-1108.75,1836.75,0,TU
-2537.75,1837.75,0,TU
-4889.25,1838.25,0,TU
-3111.75,1838.25,0,TU
-4445.25,1839.25,0,TU
-1659.75,1839.75,0,TU
-2827.25,1839.75,0,TU
-4871.75,1840.75,0,TU
-4422.75,1841.25,0,TU
-4642.25,1841.75,0,TU
-2618.25,1842.25,0,TU
-4305.25,1842.25,0,TU
-2320.25,1842.25,0,TU
-2280.25,1842.75,0,TU
-3806.25,1842.75,0,TU
-3315.75,1843.25,0,TU
-4782.75,1843.75,0,TU
-2111.25,1843.75,0,TU
-3465.25,1844.25,0,TU
-3495.25,1844.75,0,TU
-4818.25,1845.25,0,TU
-1960.25,1845.75,0,TU
-3920.25,1846.25,0,TU
-3348.25,1846.25,0,TU
-3827.75,1846.75,0,TU
-4897.25,1847.25,0,TU
-4055.75,1847.25,0,TU
-1576.25,1848.25,0,TU
-4249.25,1849.75,0,TU
-3951.25,1850.25,0,TU
-1754.25,1850.25,0,TU
-2810.25,1851.75,0,TU
-2132.75,1852.25,0,TU
-3004.75,1852.25,0,TU
-3521.75,1852.25,0,TU
-4618.75,1852.75,0,TU
-2380.75,1852.75,0,TU
-3135.25,1852.75,0,TU
-4470.25,1853.25,0,TU
-1772.25,1853.25,0,TU
-3034.25,1853.75,0,TU
-1794.25,1853.75,0,TU
-3191.25,1854.25,0,TU
-1652.25,1855.25,0,TU
-1874.25,1855.75,0,TU
-4804.25,1855.75,0,TU
-3811.25,1856.25,0,TU
-1273.75,1856.25,0,TU
-2346.75,1856.25,0,TU
-2293.75,1856.25,0,TU
-4546.75,1856.75,0,TU
-2678.25,1856.75,0,TU
-3251.75,1856.75,0,TU
-1740.75,1857.75,0,TU
-3286.25,1858.25,0,TU
-3302.25,1858.25,0,TU
-3154.75,1858.75,0,TU
-2462.25,1858.75,0,TU
-4926.25,1858.75,0,TU
-2725.75,1858.75,0,TU
-1168.25,1859.25,0,TU
-4912.75,1859.25,0,TU
-1944.25,1859.25,0,TU
-4225.75,1859.25,0,TU
-2794.75,1859.75,0,TU
-2231.75,1859.75,0,TU
-1684.75,1859.75,0,TU
-4420.75,1860.25,0,TU
-1720.75,1860.75,0,TU
-2108.25,1861.25,0,TU
-3540.75,1861.25,0,TU
-3564.75,1862.25,0,TU
-1457.75,1862.25,0,TU
-2368.25,1862.75,0,TU
-2001.25,1862.75,0,TU
-4867.25,1863.75,0,TU
-3362.25,1864.25,0,TU
-4059.25,1865.75,0,TU
-3317.25,1865.75,0,TU
-2483.75,1866.25,0,TU
-1304.25,1866.75,0,TU
-1621.75,1866.75,0,TU
-2553.75,1866.75,0,TU
-4121.25,1866.75,0,TU
-1564.25,1866.75,0,TU
-2969.75,1867.75,0,TU
-2632.75,1867.75,0,TU
-3517.75,1868.25,0,TU
-3133.75,1869.25,0,TU
-3463.25,1869.25,0,TU
-2767.75,1869.25,0,TU
-1970.25,1869.75,0,TU
-4302.75,1869.75,0,TU
-2346.25,1870.75,0,TU
-2923.75,1871.75,0,TU
-1588.75,1872.25,0,TU
-1405.25,1873.25,0,TU
-4452.25,1873.75,0,TU
-3264.25,1873.75,0,TU
-2808.75,1874.75,0,TU
-3764.75,1875.75,0,TU
-1745.75,1876.25,0,TU
-3893.25,1876.25,0,TU
-4911.75,1876.25,0,TU
-2729.25,1876.25,0,TU
-3301.25,1876.75,0,TU
-2595.25,1876.75,0,TU
-4813.25,1876.75,0,TU
-2324.25,1877.25,0,TU
-4000.25,1877.75,0,TU
-3861.25,1877.75,0,TU
-2985.25,1878.75,0,TU
-1651.75,1878.75,0,TU
-4860.75,1879.25,0,TU
-4483.25,1879.75,0,TU
-4762.75,1879.75,0,TU
-2450.25,1880.25,0,TU
-4899.25,1880.75,0,TU
-4277.75,1880.75,0,TU
-1508.75,1881.25,0,TU
-3184.75,1882.25,0,TU
-1607.75,1882.25,0,TU
-2867.75,1882.75,0,TU
-1269.75,1883.75,0,TU
-2754.25,1883.75,0,TU
-4841.25,1885.25,0,TU
-1285.75,1885.75,0,TU
-1627.75,1886.25,0,TU
-3970.75,1886.75,0,TU
-2887.75,1886.75,0,TU
-2718.75,1887.25,0,TU
-3134.75,1888.75,0,TU
-4825.75,1889.25,0,TU
-3003.25,1889.75,0,TU
-3223.75,1889.75,0,TU
-2668.75,1889.75,0,TU
-3024.25,1889.75,0,TU
-3320.75,1889.75,0,TU
-3259.75,1889.75,0,TU
-2642.25,1890.75,0,TU
-2315.75,1890.75,0,TU
-2961.25,1891.75,0,TU
-2902.75,1891.75,0,TU
-3116.25,1892.25,0,TU
-4297.25,1892.75,0,TU
-4400.25,1893.25,0,TU
-3777.25,1893.25,0,TU
-1652.25,1894.25,0,TU
-2345.75,1894.75,0,TU
-2807.75,1895.25,0,TU
-3446.75,1895.25,0,TU
-1981.25,1895.75,0,TU
-2097.25,1895.75,0,TU
-1310.75,1896.25,0,TU
-2925.25,1896.25,0,TU
-3311.25,1896.75,0,TU
-3799.25,1896.75,0,TU
-1810.25,1897.75,0,TU
-3356.75,1897.75,0,TU
-1077.75,1897.75,0,TU
-3219.25,1897.75,0,TU
-2150.25,1898.25,0,TU
-4027.25,1899.25,0,TU
-4963.25,1899.75,0,TU
-2296.75,1900.25,0,TU
-3883.75,1900.75,0,TU
-4924.75,1900.75,0,TU
-2445.25,1900.75,0,TU
-2330.25,1900.75,0,TU
-3905.75,1901.25,0,TU
-3272.75,1901.25,0,TU
-1283.25,1902.75,0,TU
-2836.75,1902.75,0,TU
-2083.25,1902.75,0,TU
-4262.75,1902.75,0,TU
-1611.25,1903.25,0,TU
-1332.75,1904.25,0,TU
-1693.25,1904.75,0,TU
-1848.25,1904.75,0,TU
-1357.25,1906.25,0,TU
-3756.25,1907.75,0,TU
-1831.75,1908.25,0,TU
-1315.75,1908.25,0,TU
-2115.75,1908.75,0,TU
-4638.25,1908.75,0,TU
-4070.25,1908.75,0,TU
-1761.25,1909.75,0,TU
-3041.25,1909.75,0,TU
-2861.25,1909.75,0,TU
-4161.75,1910.25,0,TU
-5004.25,1911.75,0,TU
-1715.75,1911.75,0,TU
-1655.25,1912.75,0,TU
-2216.25,1913.25,0,TU
-3109.75,1913.25,0,TU
-4986.25,1913.75,0,TU
-1968.75,1915.25,0,TU
-4142.75,1915.25,0,TU
-2328.75,1915.25,0,TU
-2818.75,1915.75,0,TU
-2480.75,1915.75,0,TU
-4781.25,1915.75,0,TU
-4009.75,1915.75,0,TU
-2652.75,1915.75,0,TU
-4668.75,1916.25,0,TU
-2019.75,1916.75,0,TU
-1742.25,1916.75,0,TU
-2703.25,1917.25,0,TU
-3924.25,1917.25,0,TU
-3001.75,1917.25,0,TU
-3254.25,1917.75,0,TU
-2914.75,1918.25,0,TU
-1453.75,1918.25,0,TU
-4050.25,1918.75,0,TU
-2044.75,1919.25,0,TU
-2100.25,1919.25,0,TU
-4100.25,1919.75,0,TU
-2884.75,1919.75,0,TU
-4823.25,1920.25,0,TU
-3056.25,1920.75,0,TU
-3848.25,1920.75,0,TU
-2127.25,1920.75,0,TU
-4031.75,1920.75,0,TU
-1952.25,1920.75,0,TU
-2069.25,1921.75,0,TU
-3812.75,1921.75,0,TU
-4084.25,1921.75,0,TU
-2462.25,1922.75,0,TU
-1383.75,1923.25,0,TU
-2185.75,1923.75,0,TU
-1844.25,1923.75,0,TU
-3773.75,1924.75,0,TU
-1870.75,1925.25,0,TU
-2979.75,1925.25,0,TU
-1997.25,1925.75,0,TU
-1476.25,1926.75,0,TU
-1612.75,1927.25,0,TU
-1578.75,1927.25,0,TU
-3577.25,1927.75,0,TU
-2332.25,1927.75,0,TU
-3972.25,1927.75,0,TU
-1801.25,1927.75,0,TU
-3242.25,1928.25,0,TU
-4293.75,1930.25,0,TU
-3541.75,1930.25,0,TU
-4427.25,1930.75,0,TU
-2523.75,1931.25,0,TU
-1409.25,1931.75,0,TU
-4737.75,1932.75,0,TU
-1666.75,1932.75,0,TU
-4781.25,1932.75,0,TU
-1636.75,1932.75,0,TU
-2084.75,1934.25,0,TU
-2546.75,1934.75,0,TU
-3065.75,1935.25,0,TU
-1367.25,1935.75,0,TU
-2420.25,1936.75,0,TU
-4018.75,1936.75,0,TU
-2279.75,1937.25,0,TU
-4766.75,1937.25,0,TU
-4804.25,1938.25,0,TU
-1463.75,1938.25,0,TU
-1839.75,1938.75,0,TU
-3035.25,1938.75,0,TU
-4059.75,1939.25,0,TU
-2308.25,1939.25,0,TU
-2054.25,1939.25,0,TU
-3812.25,1940.25,0,TU
-4128.25,1940.25,0,TU
-4259.25,1940.75,0,TU
-2339.25,1940.75,0,TU
-2775.75,1940.75,0,TU
-3844.25,1942.25,0,TU
-3823.75,1942.75,0,TU
-3588.25,1943.75,0,TU
-4455.25,1943.75,0,TU
-1564.25,1944.25,0,TU
-3454.25,1947.25,0,TU
-4036.75,1947.75,0,TU
-2537.25,1948.75,0,TU
-2924.75,1949.25,0,TU
-4205.25,1949.25,0,TU
-1436.25,1949.25,0,TU
-3232.25,1949.25,0,TU
-4660.75,1949.75,0,TU
-3773.25,1949.75,0,TU
-2120.75,1949.75,0,TU
-2163.75,1950.25,0,TU
-2254.25,1950.75,0,TU
-4219.75,1951.25,0,TU
-3195.25,1951.75,0,TU
-5056.25,1951.75,0,TU
-4383.25,1952.25,0,TU
-3564.75,1952.25,0,TU
-1407.75,1952.75,0,TU
-1371.75,1953.25,0,TU
-3797.75,1953.25,0,TU
-1391.75,1953.25,0,TU
-2097.75,1953.75,0,TU
-4170.75,1954.75,0,TU
-1599.75,1954.75,0,TU
-3099.75,1955.75,0,TU
-2133.75,1956.25,0,TU
-1356.25,1956.25,0,TU
-2720.75,1956.75,0,TU
-3468.75,1957.25,0,TU
-1819.75,1958.75,0,TU
-1507.25,1958.75,0,TU
-1639.25,1959.25,0,TU
-4624.25,1959.75,0,TU
-3007.75,1960.25,0,TU
-1719.75,1960.25,0,TU
-2690.75,1960.25,0,TU
-4254.75,1961.25,0,TU
-2052.75,1961.25,0,TU
-4775.75,1961.25,0,TU
-5030.75,1961.25,0,TU
-2954.25,1961.75,0,TU
-2232.75,1961.75,0,TU
-3762.25,1962.75,0,TU
-3537.75,1962.75,0,TU
-4112.75,1962.75,0,TU
-5073.25,1962.75,0,TU
-3786.75,1963.75,0,TU
-2212.25,1964.25,0,TU
-2402.75,1964.25,0,TU
-3204.25,1966.25,0,TU
-2452.75,1966.75,0,TU
-3756.25,1968.25,0,TU
-2818.25,1968.75,0,TU
-1457.25,1968.75,0,TU
-1380.75,1968.75,0,TU
-1621.25,1969.25,0,TU
-1658.75,1969.25,0,TU
-4396.75,1969.25,0,TU
-5016.25,1970.25,0,TU
-5052.25,1970.25,0,TU
-4837.25,1970.25,0,TU
-4081.75,1970.75,0,TU
-2792.75,1971.25,0,TU
-4151.75,1971.25,0,TU
-2089.75,1972.25,0,TU
-4035.25,1972.75,0,TU
-1406.25,1972.75,0,TU
-4600.75,1973.25,0,TU
-4358.25,1973.75,0,TU
-1592.75,1974.25,0,TU
-4763.75,1975.75,0,TU
-1481.25,1976.25,0,TU
-2538.75,1976.75,0,TU
-2628.75,1976.75,0,TU
-2334.75,1976.75,0,TU
-4255.75,1977.75,0,TU
-3837.75,1978.25,0,TU
-4626.75,1978.25,0,TU
-3787.75,1978.75,0,TU
-3093.25,1978.75,0,TU
-1561.75,1979.25,0,TU
-5080.25,1979.25,0,TU
-3056.75,1979.25,0,TU
-1959.25,1979.75,0,TU
-1918.25,1980.25,0,TU
-3444.75,1980.75,0,TU
-4232.75,1981.25,0,TU
-3474.75,1981.25,0,TU
-4323.75,1981.25,0,TU
-3247.25,1981.25,0,TU
-2226.25,1982.25,0,TU
-4133.25,1982.25,0,TU
-1935.25,1982.75,0,TU
-1709.75,1982.75,0,TU
-1826.75,1982.75,0,TU
-2259.25,1983.25,0,TU
-1913.75,1983.75,0,TU
-5036.25,1984.25,0,TU
-2118.75,1984.25,0,TU
-2832.75,1984.75,0,TU
-2322.25,1984.75,0,TU
-3045.25,1984.75,0,TU
-4656.25,1986.25,0,TU
-2989.25,1986.25,0,TU
-3264.75,1986.25,0,TU
-1629.75,1986.75,0,TU
-1429.75,1986.75,0,TU
-1609.25,1986.75,0,TU
-2291.25,1987.25,0,TU
-2449.75,1987.25,0,TU
-2870.25,1987.75,0,TU
-4631.75,1987.75,0,TU
-3490.75,1987.75,0,TU
-4212.75,1988.25,0,TU
-4054.75,1988.75,0,TU
-4265.25,1989.75,0,TU
-4602.75,1989.75,0,TU
-4680.25,1990.25,0,TU
-3905.25,1991.25,0,TU
-3292.75,1991.75,0,TU
-4617.25,1991.75,0,TU
-2794.25,1992.25,0,TU
-3201.25,1992.25,0,TU
-2848.75,1992.75,0,TU
-1673.25,1993.25,0,TU
-3165.25,1994.25,0,TU
-3791.25,1994.75,0,TU
-1557.75,1994.75,0,TU
-1987.75,1995.25,0,TU
-2036.25,1995.25,0,TU
-2880.75,1995.75,0,TU
-2061.75,1995.75,0,TU
-4312.75,1996.25,0,TU
-2268.25,1996.25,0,TU
-2228.25,1996.75,0,TU
-1466.25,1996.75,0,TU
-2362.25,1997.25,0,TU
-4770.75,1997.25,0,TU
-1593.75,1997.75,0,TU
-1489.75,1998.25,0,TU
-4138.25,1998.75,0,TU
-4413.25,1999.75,0,TU
-3577.25,1999.75,0,TU
-3192.75,1999.75,0,TU
-4839.75,2000.25,0,TU
-2306.75,2000.25,0,TU
-3799.75,2000.75,0,TU
-3456.25,2000.75,0,TU
-3855.25,2000.75,0,TU
-3392.25,2001.25,0,TU
-2481.25,2002.25,0,TU
-3819.25,2002.25,0,TU
-2161.25,2002.25,0,TU
-4651.25,2003.25,0,TU
-2248.75,2003.75,0,TU
-4632.25,2003.75,0,TU
-4695.25,2003.75,0,TU
-2321.75,2003.75,0,TU
-2598.25,2004.25,0,TU
-4860.75,2004.75,0,TU
-3772.25,2004.75,0,TU
-4673.75,2005.25,0,TU
-1420.75,2005.25,0,TU
-1921.75,2005.75,0,TU
-2807.75,2006.75,0,TU
-3251.75,2006.75,0,TU
-3842.75,2007.25,0,TU
-2120.75,2007.25,0,TU
-2456.75,2007.75,0,TU
-5084.75,2008.25,0,TU
-1898.25,2008.25,0,TU
-4536.25,2008.75,0,TU
-1564.25,2009.25,0,TU
-1712.25,2010.25,0,TU
-2142.75,2010.75,0,TU
-5038.75,2011.25,0,TU
-2261.75,2011.25,0,TU
-4357.75,2011.75,0,TU
-4392.75,2012.25,0,TU
-2285.25,2012.75,0,TU
-4908.25,2012.75,0,TU
-4376.25,2012.75,0,TU
-4967.25,2013.25,0,TU
-1647.25,2013.75,0,TU
-2103.75,2014.25,0,TU
-1596.75,2014.75,0,TU
-2791.75,2014.75,0,TU
-3026.75,2014.75,0,TU
-3443.25,2015.75,0,TU
-3094.25,2015.75,0,TU
-1447.75,2016.25,0,TU
-2504.75,2016.25,0,TU
-2305.75,2016.75,0,TU
-2997.75,2017.25,0,TU
-2867.75,2017.75,0,TU
-4931.25,2017.75,0,TU
-3558.75,2018.75,0,TU
-2845.25,2019.25,0,TU
-4121.75,2019.25,0,TU
-3036.75,2020.25,0,TU
-1473.25,2021.25,0,TU
-4245.75,2022.75,0,TU
-4680.75,2022.75,0,TU
-1839.25,2023.75,0,TU
-4699.25,2023.75,0,TU
-3051.75,2024.75,0,TU
-4863.25,2025.75,0,TU
-1484.75,2026.25,0,TU
-2089.25,2026.25,0,TU
-5084.25,2026.25,0,TU
-1975.75,2027.25,0,TU
-2275.75,2027.75,0,TU
-4644.75,2028.75,0,TU
-3568.75,2029.25,0,TU
-4982.25,2029.25,0,TU
-2431.75,2030.25,0,TU
-2197.25,2030.25,0,TU
-1586.75,2031.75,0,TU
-2377.25,2031.75,0,TU
-4173.25,2031.75,0,TU
-2798.75,2031.75,0,TU
-2515.75,2032.25,0,TU
-4812.25,2032.75,0,TU
-2716.75,2032.75,0,TU
-4746.25,2033.25,0,TU
-4668.25,2033.25,0,TU
-2151.25,2033.25,0,TU
-2740.25,2033.25,0,TU
-4523.75,2033.75,0,TU
-2983.75,2033.75,0,TU
-3010.75,2034.25,0,TU
-2310.25,2034.25,0,TU
-2467.25,2034.75,0,TU
-3458.25,2034.75,0,TU
-4892.25,2035.25,0,TU
-2129.25,2036.25,0,TU
-3282.75,2037.25,0,TU
-5111.25,2037.25,0,TU
-4852.75,2038.75,0,TU
-2492.75,2039.25,0,TU
-2953.25,2039.25,0,TU
-2015.25,2039.75,0,TU
-4092.75,2040.75,0,TU
-1780.75,2041.25,0,TU
-5077.25,2041.25,0,TU
-2829.25,2041.25,0,TU
-2172.75,2041.25,0,TU
-4606.75,2041.75,0,TU
-3447.25,2042.25,0,TU
-1895.75,2042.75,0,TU
-3897.75,2042.75,0,TU
-2629.75,2042.75,0,TU
-3869.25,2042.75,0,TU
-2873.25,2042.75,0,TU
-2886.75,2042.75,0,TU
-4719.75,2042.75,0,TU
-2251.75,2044.25,0,TU
-4686.25,2045.25,0,TU
-3200.75,2045.75,0,TU
-4128.25,2045.75,0,TU
-3977.25,2046.25,0,TU
-2089.25,2046.25,0,TU
-2906.25,2046.75,0,TU
-3073.75,2047.25,0,TU
-4410.75,2047.25,0,TU
-4836.75,2047.25,0,TU
-2472.25,2047.25,0,TU
-5006.25,2047.75,0,TU
-2852.25,2047.75,0,TU
-4548.25,2047.75,0,TU
-2932.25,2048.75,0,TU
-3948.25,2048.75,0,TU
-4947.75,2050.25,0,TU
-3118.25,2050.25,0,TU
-5171.75,2050.25,0,TU
-1998.75,2050.25,0,TU
-5117.25,2050.25,0,TU
-2139.25,2050.25,0,TU
-3007.75,2050.75,0,TU
-3043.75,2050.75,0,TU
-4801.75,2051.75,0,TU
-2504.25,2052.75,0,TU
-4756.75,2053.25,0,TU
-2183.75,2053.25,0,TU
-5099.25,2053.75,0,TU
-4980.75,2054.75,0,TU
-4737.75,2054.75,0,TU
-4818.25,2054.75,0,TU
-3856.75,2055.25,0,TU
-2164.75,2056.25,0,TU
-4795.75,2056.25,0,TU
-1745.75,2056.25,0,TU
-2209.25,2056.75,0,TU
-2610.25,2056.75,0,TU
-4424.75,2057.75,0,TU
-3332.25,2058.25,0,TU
-1971.75,2058.25,0,TU
-1769.75,2058.75,0,TU
-1647.75,2059.25,0,TU
-5175.25,2060.25,0,TU
-2962.75,2060.75,0,TU
-5071.25,2060.75,0,TU
-3016.75,2060.75,0,TU
-4966.25,2060.75,0,TU
-5147.75,2061.25,0,TU
-3210.75,2062.25,0,TU
-3617.25,2062.75,0,TU
-4716.75,2062.75,0,TU
-2109.25,2063.25,0,TU
-2873.25,2063.25,0,TU
-4025.75,2063.25,0,TU
-4852.25,2063.75,0,TU
-2394.75,2064.25,0,TU
-2033.25,2065.25,0,TU
-4695.75,2066.25,0,TU
-3299.75,2068.25,0,TU
-4570.75,2068.25,0,TU
-3252.75,2068.75,0,TU
-3874.25,2069.75,0,TU
-5164.75,2070.25,0,TU
-5134.25,2070.25,0,TU
-4816.75,2070.75,0,TU
-3858.75,2071.75,0,TU
-1748.25,2071.75,0,TU
-4791.25,2071.75,0,TU
-4832.25,2071.75,0,TU
-3039.25,2071.75,0,TU
-2902.25,2072.25,0,TU
-3097.75,2073.25,0,TU
-3638.25,2074.25,0,TU
-2611.75,2074.25,0,TU
-3560.75,2074.75,0,TU
-5036.25,2075.25,0,TU
-4896.75,2075.25,0,TU
-4051.75,2076.75,0,TU
-2178.25,2077.75,0,TU
-2295.75,2078.75,0,TU
-4154.75,2078.75,0,TU
-3527.25,2079.25,0,TU
-5122.25,2080.75,0,TU
-5075.25,2080.75,0,TU
-1671.75,2080.75,0,TU
-3412.25,2080.75,0,TU
-1608.75,2080.75,0,TU
-2821.25,2081.75,0,TU
-4400.75,2082.25,0,TU
-1910.25,2082.25,0,TU
-2080.25,2082.75,0,TU
-2787.75,2082.75,0,TU
-2354.25,2083.25,0,TU
-3571.75,2083.75,0,TU
-3891.25,2084.75,0,TU
-2557.75,2084.75,0,TU
-2323.75,2085.75,0,TU
-3379.25,2086.25,0,TU
-4806.25,2086.25,0,TU
-2520.75,2086.75,0,TU
-3250.25,2087.25,0,TU
-5150.25,2087.75,0,TU
-1748.75,2088.25,0,TU
-4933.75,2088.25,0,TU
-4703.75,2089.25,0,TU
-5063.25,2090.75,0,TU
-5193.75,2090.75,0,TU
-5173.25,2090.75,0,TU
-2095.75,2091.75,0,TU
-1810.75,2093.75,0,TU
-1634.75,2095.25,0,TU
-1858.25,2095.75,0,TU
-3813.25,2096.25,0,TU
-3403.25,2096.75,0,TU
-2012.75,2096.75,0,TU
-3603.75,2097.25,0,TU
-2621.75,2097.25,0,TU
-4589.75,2097.25,0,TU
-3025.75,2098.25,0,TU
-2880.25,2098.25,0,TU
-1655.75,2098.75,0,TU
-3327.25,2099.25,0,TU
-3837.75,2099.75,0,TU
-4686.25,2101.75,0,TU
-4728.25,2103.25,0,TU
-5024.25,2103.25,0,TU
-4153.75,2103.75,0,TU
-1787.25,2104.75,0,TU
-2784.75,2104.75,0,TU
-4183.25,2105.25,0,TU
-5121.25,2105.25,0,TU
-4554.25,2105.25,0,TU
-1673.75,2105.75,0,TU
-3675.25,2106.25,0,TU
-2691.75,2106.25,0,TU
-3049.75,2106.25,0,TU
-3559.75,2106.75,0,TU
-1889.75,2106.75,0,TU
-2902.75,2109.75,0,TU
-3012.25,2110.25,0,TU
-2257.25,2110.75,0,TU
-3382.75,2112.25,0,TU
-4398.75,2112.75,0,TU
-5197.25,2112.75,0,TU
-4816.75,2112.75,0,TU
-5172.75,2112.75,0,TU
-2105.25,2113.25,0,TU
-2563.25,2113.25,0,TU
-2545.75,2114.25,0,TU
-4868.25,2114.25,0,TU
-2966.25,2114.75,0,TU
-4792.75,2114.75,0,TU
-2583.75,2114.75,0,TU
-1991.75,2115.75,0,TU
-4647.25,2116.25,0,TU
-4604.25,2116.25,0,TU
-4521.25,2116.75,0,TU
-2334.25,2117.25,0,TU
-3819.75,2117.75,0,TU
-2177.75,2117.75,0,TU
-4308.25,2117.75,0,TU
-4677.25,2118.75,0,TU
-4263.25,2118.75,0,TU
-2771.25,2119.25,0,TU
-5069.25,2119.75,0,TU
-2852.25,2120.25,0,TU
-2807.25,2120.75,0,TU
-3639.75,2121.25,0,TU
-2988.75,2121.25,0,TU
-3100.75,2121.75,0,TU
-1834.75,2121.75,0,TU
-4716.25,2122.25,0,TU
-4487.75,2122.25,0,TU
-2290.25,2122.75,0,TU
-4834.75,2123.75,0,TU
-3127.25,2124.75,0,TU
-4567.75,2125.25,0,TU
-2654.75,2125.25,0,TU
-2411.75,2125.25,0,TU
-4766.25,2125.75,0,TU
-1779.25,2126.25,0,TU
-2457.25,2126.75,0,TU
-2238.75,2126.75,0,TU
-2375.25,2127.75,0,TU
-4437.25,2127.75,0,TU
-2507.25,2128.25,0,TU
-2741.25,2128.75,0,TU
-2219.25,2128.75,0,TU
-2314.25,2129.25,0,TU
-5035.75,2129.75,0,TU
-3010.75,2130.25,0,TU
-3668.75,2131.25,0,TU
-4671.75,2131.25,0,TU
-2630.25,2132.25,0,TU
-4485.25,2132.25,0,TU
-5087.75,2133.75,0,TU
-1881.25,2134.25,0,TU
-2550.75,2134.75,0,TU
-2881.75,2134.75,0,TU
-3921.75,2135.25,0,TU
-4698.25,2135.75,0,TU
-2570.25,2136.25,0,TU
-4617.25,2136.25,0,TU
-2532.25,2136.25,0,TU
-4031.25,2136.75,0,TU
-4811.75,2137.25,0,TU
-1972.25,2137.25,0,TU
-2610.75,2138.25,0,TU
-2200.75,2138.75,0,TU
-4841.25,2139.75,0,TU
-5182.25,2139.75,0,TU
-2013.75,2140.25,0,TU
-3873.75,2140.25,0,TU
-4521.25,2141.25,0,TU
-2181.75,2141.25,0,TU
-5063.25,2141.25,0,TU
-4471.75,2142.75,0,TU
-3363.25,2143.25,0,TU
-3538.75,2143.25,0,TU
-3691.75,2143.75,0,TU
-4869.75,2144.25,0,TU
-4391.75,2144.25,0,TU
-2845.75,2144.75,0,TU
-4970.75,2144.75,0,TU
-3099.75,2144.75,0,TU
-2602.75,2144.75,0,TU
-1781.25,2145.75,0,TU
-4303.75,2145.75,0,TU
-2054.25,2145.75,0,TU
-2588.75,2146.25,0,TU
-2685.25,2146.75,0,TU
-3443.25,2148.25,0,TU
-3661.25,2148.25,0,TU
-2808.75,2149.25,0,TU
-2215.25,2149.75,0,TU
-4583.25,2150.25,0,TU
-4196.25,2151.25,0,TU
-4636.75,2151.25,0,TU
-3020.75,2151.75,0,TU
-4493.75,2152.25,0,TU
-2252.25,2152.25,0,TU
-4947.75,2152.25,0,TU
-2764.75,2152.75,0,TU
-2281.25,2153.25,0,TU
-1909.75,2153.25,0,TU
-4657.25,2153.75,0,TU
-4776.75,2154.25,0,TU
-2400.75,2154.75,0,TU
-2617.25,2154.75,0,TU
-2169.25,2155.25,0,TU
-2563.25,2155.75,0,TU
-2229.75,2155.75,0,TU
-2640.25,2156.25,0,TU
-5097.25,2156.25,0,TU
-4598.75,2156.25,0,TU
-3059.25,2156.75,0,TU
-3630.75,2156.75,0,TU
-2324.75,2157.25,0,TU
-4748.75,2157.25,0,TU
-3899.75,2157.75,0,TU
-2136.25,2157.75,0,TU
-3515.25,2157.75,0,TU
-3994.25,2158.25,0,TU
-3688.75,2159.75,0,TU
-4221.75,2159.75,0,TU
-3490.75,2159.75,0,TU
-4476.25,2159.75,0,TU
-4845.25,2163.25,0,TU
-5057.25,2164.25,0,TU
-2287.25,2164.25,0,TU
-3546.75,2164.75,0,TU
-2935.75,2165.25,0,TU
-2192.75,2165.25,0,TU
-4972.75,2165.75,0,TU
-4618.25,2165.75,0,TU
-4417.25,2166.25,0,TU
-3656.75,2166.75,0,TU
-2503.25,2166.75,0,TU
-4143.25,2167.25,0,TU
-3505.25,2167.25,0,TU
-2471.25,2168.25,0,TU
-2831.25,2168.75,0,TU
-2969.25,2169.25,0,TU
-3098.75,2169.25,0,TU
-2213.75,2169.75,0,TU
-4296.25,2169.75,0,TU
-1940.75,2169.75,0,TU
-3009.75,2170.25,0,TU
-4777.75,2170.25,0,TU
-3332.75,2170.75,0,TU
-4231.75,2171.25,0,TU
-3033.25,2173.25,0,TU
-5201.75,2173.25,0,TU
-2771.25,2173.25,0,TU
-1965.25,2175.25,0,TU
-2620.25,2175.25,0,TU
-1869.75,2176.25,0,TU
-4649.25,2176.75,0,TU
-2349.75,2176.75,0,TU
-2098.75,2176.75,0,TU
-2394.25,2177.25,0,TU
-1921.75,2178.75,0,TU
-3490.25,2178.75,0,TU
-4287.25,2179.25,0,TU
-3349.25,2179.25,0,TU
-2287.25,2180.25,0,TU
-3718.25,2180.75,0,TU
-4504.75,2182.75,0,TU
-1845.25,2183.25,0,TU
-2704.25,2183.75,0,TU
-3378.75,2184.25,0,TU
-4749.75,2184.25,0,TU
-5235.25,2184.75,0,TU
-2995.75,2184.75,0,TU
-3683.25,2185.75,0,TU
-2849.25,2186.25,0,TU
-2208.25,2186.25,0,TU
-2019.75,2186.25,0,TU
-2383.25,2186.75,0,TU
-4382.75,2186.75,0,TU
-4446.75,2187.25,0,TU
-2743.75,2187.75,0,TU
-2821.75,2187.75,0,TU
-2896.75,2188.75,0,TU
-3533.75,2189.25,0,TU
-2420.75,2189.75,0,TU
-5034.25,2189.75,0,TU
-5086.75,2190.25,0,TU
-3636.25,2190.75,0,TU
-3661.75,2190.75,0,TU
-3441.75,2191.25,0,TU
-4969.25,2191.25,0,TU
-2332.75,2191.75,0,TU
-2298.25,2192.25,0,TU
-5061.25,2192.75,0,TU
-4483.25,2192.75,0,TU
-4401.75,2193.25,0,TU
-4219.25,2193.25,0,TU
-2592.75,2193.25,0,TU
-4778.25,2193.75,0,TU
-3747.75,2194.25,0,TU
-3317.75,2194.25,0,TU
-4848.25,2194.75,0,TU
-4491.25,2194.75,0,TU
-3729.25,2194.75,0,TU
-3496.25,2195.25,0,TU
-2771.75,2195.25,0,TU
-3098.25,2195.75,0,TU
-2055.25,2195.75,0,TU
-4190.75,2196.75,0,TU
-4467.25,2197.25,0,TU
-3570.75,2197.75,0,TU
-2105.25,2197.75,0,TU
-5185.75,2197.75,0,TU
-3400.75,2198.25,0,TU
-2984.75,2198.75,0,TU
-1878.25,2199.75,0,TU
-3352.25,2200.75,0,TU
-5319.25,2201.25,0,TU
-4236.75,2201.25,0,TU
-4802.25,2201.75,0,TU
-4757.75,2202.25,0,TU
-4826.75,2202.25,0,TU
-5298.25,2202.75,0,TU
-2184.75,2202.75,0,TU
-2448.75,2202.75,0,TU
-3330.75,2203.25,0,TU
-2894.25,2203.25,0,TU
-3853.75,2204.75,0,TU
-3077.75,2204.75,0,TU
-2759.75,2205.75,0,TU
-2265.75,2205.75,0,TU
-2432.25,2205.75,0,TU
-2399.75,2206.25,0,TU
-5010.25,2206.75,0,TU
-3015.75,2206.75,0,TU
-2478.25,2208.25,0,TU
-1945.25,2208.25,0,TU
-2209.75,2210.25,0,TU
-1898.75,2210.25,0,TU
-3525.25,2210.75,0,TU
-3489.25,2212.75,0,TU
-3375.25,2213.25,0,TU
-3993.25,2213.25,0,TU
-2641.75,2214.75,0,TU
-3716.75,2214.75,0,TU
-2694.25,2215.25,0,TU
-4723.75,2215.75,0,TU
-2809.25,2216.75,0,TU
-4262.75,2216.75,0,TU
-3396.25,2217.25,0,TU
-2866.75,2217.75,0,TU
-2470.25,2218.25,0,TU
-4238.25,2218.75,0,TU
-2411.25,2218.75,0,TU
-2502.25,2218.75,0,TU
-5146.25,2219.25,0,TU
-4990.75,2219.25,0,TU
-2611.75,2219.75,0,TU
-1927.75,2220.25,0,TU
-2441.75,2221.25,0,TU
-5193.25,2221.75,0,TU
-5340.25,2221.75,0,TU
-4105.25,2222.25,0,TU
-2004.25,2223.25,0,TU
-2749.25,2223.25,0,TU
-2770.75,2223.25,0,TU
-2838.75,2223.75,0,TU
-3687.25,2223.75,0,TU
-2319.25,2224.75,0,TU
-3111.75,2224.75,0,TU
-3502.25,2226.25,0,TU
-5285.75,2226.75,0,TU
-2724.25,2226.75,0,TU
-4956.75,2228.25,0,TU
-3452.75,2230.25,0,TU
-3652.25,2230.25,0,TU
-2577.25,2230.75,0,TU
-2794.25,2231.25,0,TU
-3134.25,2232.25,0,TU
-4011.75,2232.75,0,TU
-4521.75,2232.75,0,TU
-4040.75,2233.25,0,TU
-2457.25,2234.25,0,TU
-3083.75,2235.75,0,TU
-3865.75,2236.25,0,TU
-3747.25,2236.25,0,TU
-2898.25,2236.25,0,TU
-2425.25,2236.75,0,TU
-3946.25,2236.75,0,TU
-2964.75,2236.75,0,TU
-3626.75,2237.75,0,TU
-2274.75,2238.75,0,TU
-5063.25,2239.25,0,TU
-3972.25,2239.75,0,TU
-2861.25,2239.75,0,TU
-1953.75,2239.75,0,TU
-2873.25,2240.25,0,TU
-4182.75,2241.75,0,TU
-4478.75,2242.75,0,TU
-2610.25,2242.75,0,TU
-3484.25,2243.25,0,TU
-2696.75,2243.25,0,TU
-5328.25,2243.75,0,TU
-2780.75,2243.75,0,TU
-2536.75,2244.75,0,TU
-4649.25,2244.75,0,TU
-2653.25,2245.25,0,TU
-3723.75,2247.25,0,TU
-2742.75,2247.25,0,TU
-3382.25,2249.25,0,TU
-4858.75,2249.25,0,TU
-4548.75,2249.25,0,TU
-2307.25,2250.25,0,TU
-2055.25,2250.75,0,TU
-2112.25,2250.75,0,TU
-2839.25,2250.75,0,TU
-2443.25,2250.75,0,TU
-3871.75,2251.25,0,TU
-2802.25,2251.25,0,TU
-3467.75,2252.25,0,TU
-3647.75,2252.25,0,TU
-3523.75,2253.25,0,TU
-4465.25,2253.75,0,TU
-2408.75,2254.25,0,TU
-2947.25,2254.25,0,TU
-5312.75,2255.75,0,TU
-2676.25,2255.75,0,TU
-2863.75,2255.75,0,TU
-3025.25,2256.75,0,TU
-2727.75,2257.25,0,TU
-3051.25,2257.75,0,TU
-4211.75,2257.75,0,TU
-3951.75,2258.25,0,TU
-2583.75,2258.75,0,TU
-4885.75,2259.25,0,TU
-2974.75,2259.75,0,TU
-2657.25,2259.75,0,TU
-2786.25,2259.75,0,TU
-4488.75,2259.75,0,TU
-3069.25,2260.25,0,TU
-4970.75,2260.75,0,TU
-3744.75,2261.75,0,TU
-4001.75,2262.25,0,TU
-4891.75,2262.25,0,TU
-3140.75,2264.75,0,TU
-2105.25,2265.25,0,TU
-3872.25,2265.25,0,TU
-3356.25,2266.25,0,TU
-3384.75,2266.25,0,TU
-3977.75,2266.25,0,TU
-3106.75,2266.25,0,TU
-2556.25,2266.75,0,TU
-2279.25,2266.75,0,TU
-4578.75,2268.25,0,TU
-2321.25,2268.75,0,TU
-3493.25,2269.25,0,TU
-4478.75,2270.25,0,TU
-2871.25,2270.25,0,TU
-3850.25,2270.25,0,TU
-2410.75,2270.75,0,TU
-2853.25,2271.75,0,TU
-4088.25,2273.25,0,TU
-3541.25,2274.25,0,TU
-3009.75,2274.75,0,TU
-3052.25,2274.75,0,TU
-2083.75,2275.25,0,TU
-4850.25,2276.25,0,TU
-3920.75,2276.75,0,TU
-3339.75,2277.75,0,TU
-2922.75,2277.75,0,TU
-2811.75,2278.25,0,TU
-2786.25,2279.75,0,TU
-5317.75,2280.25,0,TU
-2652.75,2280.75,0,TU
-3863.75,2281.25,0,TU
-2114.75,2281.75,0,TU
-2689.75,2282.25,0,TU
-4261.25,2282.75,0,TU
-2294.75,2282.75,0,TU
-2726.75,2283.25,0,TU
-4473.25,2283.75,0,TU
-2992.75,2284.75,0,TU
-3388.75,2285.25,0,TU
-4231.75,2286.75,0,TU
-3951.75,2286.75,0,TU
-3409.25,2287.75,0,TU
-4065.75,2288.75,0,TU
-3674.75,2289.75,0,TU
-3015.25,2290.75,0,TU
-3367.75,2291.25,0,TU
-3427.75,2293.25,0,TU
-2348.25,2293.75,0,TU
-3457.25,2293.75,0,TU
-2921.25,2294.25,0,TU
-2793.25,2295.75,0,TU
-3697.75,2296.25,0,TU
-4856.25,2296.25,0,TU
-3635.25,2297.25,0,TU
-2955.25,2297.25,0,TU
-3487.25,2298.25,0,TU
-2594.75,2298.75,0,TU
-3102.75,2299.25,0,TU
-2512.75,2300.25,0,TU
-2776.25,2300.25,0,TU
-3508.75,2300.75,0,TU
-3728.25,2300.75,0,TU
-4880.75,2301.25,0,TU
-4952.25,2301.25,0,TU
-2183.75,2301.75,0,TU
-2637.75,2301.75,0,TU
-3074.75,2301.75,0,TU
-2884.25,2302.75,0,TU
-2680.25,2302.75,0,TU
-2809.25,2303.75,0,TU
-2137.75,2304.75,0,TU
-2660.25,2304.75,0,TU
-2321.25,2306.25,0,TU
-2164.25,2306.25,0,TU
-2388.25,2307.25,0,TU
-3714.25,2307.25,0,TU
-2614.75,2307.25,0,TU
-3867.25,2307.75,0,TU
-3749.25,2308.25,0,TU
-2909.75,2308.75,0,TU
-3106.75,2311.25,0,TU
-4671.25,2311.25,0,TU
-2439.75,2312.25,0,TU
-5217.25,2312.25,0,TU
-4917.75,2312.75,0,TU
-2705.25,2313.75,0,TU
-4630.75,2314.75,0,TU
-2744.75,2315.75,0,TU
-5288.25,2315.75,0,TU
-4140.75,2317.75,0,TU
-3048.25,2317.75,0,TU
-3730.25,2317.75,0,TU
-2770.75,2319.25,0,TU
-2631.25,2319.75,0,TU
-4567.25,2319.75,0,TU
-2575.75,2320.75,0,TU
-5007.25,2321.25,0,TU
-2794.25,2321.75,0,TU
-4468.25,2323.25,0,TU
-4061.25,2323.25,0,TU
-3234.75,2323.75,0,TU
-4103.25,2324.75,0,TU
-2655.75,2325.75,0,TU
-2333.75,2326.75,0,TU
-2451.25,2328.25,0,TU
-5129.75,2328.25,0,TU
-2956.25,2328.75,0,TU
-2807.75,2329.25,0,TU
-3371.25,2332.25,0,TU
-3801.75,2333.25,0,TU
-4387.75,2334.25,0,TU
-2498.75,2334.75,0,TU
-2824.75,2335.25,0,TU
-4743.75,2336.25,0,TU
-4849.75,2336.25,0,TU
-2967.25,2336.75,0,TU
-3382.25,2336.75,0,TU
-2587.75,2337.25,0,TU
-3008.75,2337.25,0,TU
-5085.75,2339.25,0,TU
-2926.25,2339.25,0,TU
-2606.25,2339.25,0,TU
-2783.25,2340.75,0,TU
-4094.75,2340.75,0,TU
-3721.75,2341.25,0,TU
-2466.75,2341.25,0,TU
-4033.25,2342.25,0,TU
-5212.25,2342.75,0,TU
-2235.75,2343.25,0,TU
-3073.75,2344.25,0,TU
-2566.75,2345.25,0,TU
-3202.75,2345.75,0,TU
-2374.75,2345.75,0,TU
-3596.25,2346.25,0,TU
-4002.25,2347.75,0,TU
-4697.75,2347.75,0,TU
-4919.25,2348.75,0,TU
-2264.25,2350.75,0,TU
-4482.75,2351.75,0,TU
-2518.25,2352.25,0,TU
-3038.25,2352.25,0,TU
-3234.75,2352.25,0,TU
-2422.25,2352.75,0,TU
-4061.25,2353.25,0,TU
-2399.75,2354.75,0,TU
-2491.25,2355.25,0,TU
-2370.75,2356.75,0,TU
-3378.75,2358.25,0,TU
-2903.25,2358.25,0,TU
-3395.25,2359.25,0,TU
-3157.25,2359.25,0,TU
-3408.25,2360.25,0,TU
-5227.75,2361.25,0,TU
-4835.25,2361.75,0,TU
-5032.75,2361.75,0,TU
-4508.75,2363.75,0,TU
-2677.75,2365.25,0,TU
-3769.75,2365.25,0,TU
-3453.75,2365.25,0,TU
-3971.75,2365.75,0,TU
-2766.75,2365.75,0,TU
-2458.75,2365.75,0,TU
-5010.75,2367.25,0,TU
-2784.75,2368.75,0,TU
-4072.75,2368.75,0,TU
-3618.75,2369.25,0,TU
-2743.75,2369.75,0,TU
-5322.25,2369.75,0,TU
-3141.75,2370.25,0,TU
-2484.25,2371.25,0,TU
-2278.25,2371.75,0,TU
-3714.75,2372.25,0,TU
-3046.75,2372.75,0,TU
-2528.25,2373.25,0,TU
-3521.25,2373.25,0,TU
-5047.25,2374.25,0,TU
-4475.75,2375.25,0,TU
-2359.75,2375.25,0,TU
-3225.25,2375.25,0,TU
-3116.75,2376.25,0,TU
-5078.75,2376.25,0,TU
-2381.25,2377.25,0,TU
-3034.25,2377.75,0,TU
-3497.25,2377.75,0,TU
-3593.25,2378.25,0,TU
-2964.25,2378.25,0,TU
-4603.75,2380.25,0,TU
-2566.25,2380.75,0,TU
-2607.25,2385.25,0,TU
-4059.25,2386.75,0,TU
-4944.75,2386.75,0,TU
-2855.25,2387.25,0,TU
-3120.75,2387.75,0,TU
-2826.25,2388.75,0,TU
-3420.75,2388.75,0,TU
-2464.25,2389.25,0,TU
-4554.75,2389.75,0,TU
-3151.75,2390.25,0,TU
-2329.25,2392.25,0,TU
-2553.75,2392.25,0,TU
-2922.75,2392.25,0,TU
-2778.75,2393.25,0,TU
-3932.25,2393.75,0,TU
-3459.25,2394.75,0,TU
-5445.25,2394.75,0,TU
-3128.75,2395.25,0,TU
-5021.25,2395.75,0,TU
-2962.25,2396.25,0,TU
-3661.75,2396.75,0,TU
-4950.25,2396.75,0,TU
-2594.75,2397.25,0,TU
-5404.75,2397.75,0,TU
-3444.75,2398.75,0,TU
-3043.75,2400.25,0,TU
-3394.75,2400.25,0,TU
-2516.25,2401.25,0,TU
-4029.25,2401.25,0,TU
-3762.75,2402.75,0,TU
-3157.25,2404.25,0,TU
-3677.75,2404.75,0,TU
-2538.75,2405.75,0,TU
-5379.75,2406.75,0,TU
-3415.75,2407.25,0,TU
-3786.75,2407.25,0,TU
-2974.75,2407.75,0,TU
-4961.75,2407.75,0,TU
-2454.75,2408.75,0,TU
-2855.75,2409.75,0,TU
-3590.25,2410.75,0,TU
-4072.75,2411.25,0,TU
-2429.25,2412.75,0,TU
-5419.75,2413.25,0,TU
-5353.75,2413.25,0,TU
-2567.75,2413.75,0,TU
-3483.75,2414.25,0,TU
-5109.25,2414.25,0,TU
-4872.75,2414.75,0,TU
-3768.75,2414.75,0,TU
-5392.75,2415.75,0,TU
-2940.25,2417.75,0,TU
-2473.25,2418.25,0,TU
-3532.75,2419.25,0,TU
-5125.75,2419.75,0,TU
-2988.25,2421.75,0,TU
-5409.75,2421.75,0,TU
-3744.75,2422.75,0,TU
-3609.75,2422.75,0,TU
-2401.25,2423.75,0,TU
-2658.75,2424.75,0,TU
-5441.25,2425.25,0,TU
-2638.25,2426.75,0,TU
-3895.75,2430.25,0,TU
-5459.75,2431.25,0,TU
-3157.25,2431.25,0,TU
-3433.25,2431.25,0,TU
-4754.75,2432.25,0,TU
-4588.25,2436.25,0,TU
-4873.75,2436.75,0,TU
-3588.75,2437.25,0,TU
-4983.25,2437.75,0,TU
-4271.25,2437.75,0,TU
-2946.75,2438.25,0,TU
-5366.75,2438.25,0,TU
-5395.25,2438.25,0,TU
-3611.25,2439.25,0,TU
-2447.75,2439.25,0,TU
-3471.25,2441.75,0,TU
-5189.75,2441.75,0,TU
-3803.75,2442.25,0,TU
-3938.25,2442.25,0,TU
-4322.25,2442.75,0,TU
-2876.75,2443.25,0,TU
-2819.25,2443.75,0,TU
-5093.25,2446.75,0,TU
-3749.25,2448.25,0,TU
-4182.75,2448.75,0,TU
-4487.25,2449.75,0,TU
-4243.25,2449.75,0,TU
-4078.25,2450.75,0,TU
-4144.25,2450.75,0,TU
-3986.75,2450.75,0,TU
-5086.75,2450.75,0,TU
-4163.25,2450.75,0,TU
-2679.25,2453.25,0,TU
-3010.25,2453.75,0,TU
-5113.25,2453.75,0,TU
-3125.75,2454.25,0,TU
-3157.75,2454.75,0,TU
-3214.25,2454.75,0,TU
-3290.25,2455.25,0,TU
-3620.25,2455.75,0,TU
-3276.75,2456.25,0,TU
-3116.25,2456.75,0,TU
-4088.25,2456.75,0,TU
-4978.75,2457.75,0,TU
-4825.75,2457.75,0,TU
-3763.25,2458.25,0,TU
-4216.75,2458.25,0,TU
-3947.75,2458.75,0,TU
-3479.25,2458.75,0,TU
-2798.75,2459.25,0,TU
-4731.75,2459.75,0,TU
-2649.75,2459.75,0,TU
-4285.25,2461.25,0,TU
-5109.25,2461.25,0,TU
-4784.25,2461.75,0,TU
-4259.75,2464.25,0,TU
-3086.75,2464.75,0,TU
-2938.75,2465.25,0,TU
-4884.25,2465.25,0,TU
-2772.25,2465.75,0,TU
-2730.75,2466.75,0,TU
-3910.75,2466.75,0,TU
-2977.75,2467.75,0,TU
-5032.25,2467.75,0,TU
-3514.75,2468.25,0,TU
-2666.25,2468.75,0,TU
-3897.75,2469.25,0,TU
-3587.75,2469.75,0,TU
-4748.75,2470.75,0,TU
-2875.75,2470.75,0,TU
-3732.25,2471.25,0,TU
-3148.25,2473.75,0,TU
-5103.25,2474.25,0,TU
-5115.25,2474.75,0,TU
-3297.75,2476.25,0,TU
-4186.75,2476.75,0,TU
-2630.75,2477.25,0,TU
-3575.75,2477.25,0,TU
-3958.75,2477.75,0,TU
-3927.75,2478.75,0,TU
-3611.75,2478.75,0,TU
-5513.75,2479.75,0,TU
-2814.75,2479.75,0,TU
-3774.75,2480.25,0,TU
-2870.75,2480.25,0,TU
-4974.75,2480.75,0,TU
-5067.75,2480.75,0,TU
-4823.25,2481.25,0,TU
-3113.25,2481.25,0,TU
-4090.75,2481.75,0,TU
-3748.75,2482.25,0,TU
-3217.75,2482.75,0,TU
-2834.75,2482.75,0,TU
-4646.25,2483.75,0,TU
-4951.75,2484.75,0,TU
-5082.25,2486.75,0,TU
-4064.75,2486.75,0,TU
-4267.75,2487.25,0,TU
-4614.75,2488.25,0,TU
-4155.75,2488.75,0,TU
-4762.25,2488.75,0,TU
-5120.75,2489.25,0,TU
-2908.75,2489.75,0,TU
-3054.25,2489.75,0,TU
-2857.25,2490.75,0,TU
-5101.25,2491.75,0,TU
-4900.25,2491.75,0,TU
-3786.25,2492.75,0,TU
-4121.25,2493.25,0,TU
-2757.25,2493.25,0,TU
-2967.25,2493.75,0,TU
-3281.25,2493.75,0,TU
-3328.25,2494.25,0,TU
-4832.75,2495.25,0,TU
-3969.75,2495.75,0,TU
-3077.25,2495.75,0,TU
-2842.25,2496.25,0,TU
-4376.25,2498.25,0,TU
-4745.75,2499.25,0,TU
-4871.75,2501.75,0,TU
-2823.25,2502.25,0,TU
-4183.75,2502.25,0,TU
-3802.25,2502.25,0,TU
-3294.25,2502.75,0,TU
-5059.25,2502.75,0,TU
-5473.25,2503.25,0,TU
-2990.75,2503.75,0,TU
-3920.25,2503.75,0,TU
-4704.25,2503.75,0,TU
-3099.75,2503.75,0,TU
-3164.75,2504.75,0,TU
-2710.75,2505.75,0,TU
-2928.75,2505.75,0,TU
-4846.75,2505.75,0,TU
-5073.75,2506.75,0,TU
-3483.25,2506.75,0,TU
-2690.25,2507.25,0,TU
-2806.25,2507.25,0,TU
-2945.25,2507.75,0,TU
-3981.25,2509.25,0,TU
-5090.25,2510.25,0,TU
-5116.25,2510.25,0,TU
-3756.75,2510.75,0,TU
-5135.75,2511.75,0,TU
-2660.25,2511.75,0,TU
-3120.25,2512.75,0,TU
-2904.75,2512.75,0,TU
-5104.25,2513.25,0,TU
-4829.75,2513.25,0,TU
-3329.25,2514.75,0,TU
-3778.25,2516.75,0,TU
-3083.75,2520.25,0,TU
-5024.25,2520.25,0,TU
-3923.25,2521.25,0,TU
-4794.25,2522.25,0,TU
-4021.25,2523.75,0,TU
-4506.25,2523.75,0,TU
-5573.25,2524.25,0,TU
-3807.75,2524.75,0,TU
-4273.75,2524.75,0,TU
-5394.25,2524.75,0,TU
-5365.25,2525.25,0,TU
-5336.25,2526.75,0,TU
-5089.75,2527.25,0,TU
-4817.75,2528.75,0,TU
-5072.25,2528.75,0,TU
-2981.75,2529.25,0,TU
-5059.25,2530.75,0,TU
-3497.25,2531.75,0,TU
-5493.25,2532.75,0,TU
-4363.25,2532.75,0,TU
-4497.75,2533.25,0,TU
-2754.75,2533.75,0,TU
-2859.25,2534.75,0,TU
-3922.75,2534.75,0,TU
-2934.75,2535.25,0,TU
-2810.75,2536.25,0,TU
-2901.75,2538.25,0,TU
-3252.75,2538.25,0,TU
-3717.75,2538.75,0,TU
-3504.25,2539.75,0,TU
-3180.25,2539.75,0,TU
-5115.75,2540.25,0,TU
-5228.75,2540.75,0,TU
-3439.75,2540.75,0,TU
-3771.25,2541.25,0,TU
-4027.75,2541.25,0,TU
-2789.25,2541.25,0,TU
-2867.25,2541.25,0,TU
-3298.75,2541.75,0,TU
-3460.75,2542.75,0,TU
-5089.75,2544.75,0,TU
-3841.25,2544.75,0,TU
-3089.25,2545.75,0,TU
-3477.25,2546.75,0,TU
-2938.75,2548.25,0,TU
-5577.75,2549.25,0,TU
-3929.75,2549.25,0,TU
-4256.25,2551.25,0,TU
-3559.25,2551.75,0,TU
-3511.25,2552.25,0,TU
-2892.25,2552.25,0,TU
-3495.75,2553.25,0,TU
-4369.75,2553.75,0,TU
-3730.25,2553.75,0,TU
-3907.75,2554.25,0,TU
-3059.25,2554.75,0,TU
-4485.75,2555.25,0,TU
-2844.75,2556.75,0,TU
-3382.75,2556.75,0,TU
-2809.25,2558.25,0,TU
-3816.75,2559.25,0,TU
-5049.25,2560.75,0,TU
-2829.25,2561.25,0,TU
-3582.25,2561.75,0,TU
-3042.25,2563.75,0,TU
-3082.25,2563.75,0,TU
-4276.75,2564.25,0,TU
-4928.25,2564.25,0,TU
-4670.25,2564.75,0,TU
-5579.25,2565.25,0,TU
-3327.25,2565.25,0,TU
-5603.25,2565.25,0,TU
-5081.75,2566.75,0,TU
-2730.25,2566.75,0,TU
-3481.75,2566.75,0,TU
-2853.75,2567.75,0,TU
-3459.25,2568.75,0,TU
-3503.75,2569.25,0,TU
-4354.25,2570.25,0,TU
-3029.75,2571.75,0,TU
-3245.75,2572.25,0,TU
-5366.25,2573.25,0,TU
-3564.75,2573.25,0,TU
-3533.25,2574.25,0,TU
-5613.25,2574.75,0,TU
-4169.25,2575.25,0,TU
-4714.25,2577.75,0,TU
-4635.75,2578.75,0,TU
-5345.75,2579.25,0,TU
-5579.75,2580.25,0,TU
-4437.75,2580.75,0,TU
-4000.25,2581.25,0,TU
-5294.25,2581.25,0,TU
-3499.25,2581.75,0,TU
-3518.75,2582.25,0,TU
-4204.25,2583.25,0,TU
-3321.25,2583.25,0,TU
-3603.25,2583.25,0,TU
-5142.75,2587.75,0,TU
-5242.75,2588.25,0,TU
-3030.25,2588.25,0,TU
-3543.25,2588.25,0,TU
-5111.25,2590.25,0,TU
-4655.25,2590.25,0,TU
-3972.75,2592.25,0,TU
-5376.75,2592.75,0,TU
-3329.75,2593.75,0,TU
-4482.25,2594.25,0,TU
-3799.25,2596.25,0,TU
-3819.25,2596.25,0,TU
-3579.75,2596.75,0,TU
-4038.25,2598.25,0,TU
-4916.25,2599.75,0,TU
-4163.25,2599.75,0,TU
-4598.25,2600.25,0,TU
-3317.75,2600.25,0,TU
-3946.75,2600.75,0,TU
-4563.25,2600.75,0,TU
-5042.25,2603.75,0,TU
-3074.25,2605.25,0,TU
-5353.75,2605.75,0,TU
-4677.75,2605.75,0,TU
-4297.25,2606.25,0,TU
-3562.25,2606.25,0,TU
-5578.75,2606.75,0,TU
-5078.75,2608.25,0,TU
-3242.75,2608.75,0,TU
-4867.25,2608.75,0,TU
-5221.75,2610.25,0,TU
-5134.75,2611.25,0,TU
-4202.25,2611.25,0,TU
-4648.75,2611.75,0,TU
-4628.25,2612.25,0,TU
-4542.25,2615.25,0,TU
-4089.75,2617.75,0,TU
-3995.25,2617.75,0,TU
-3796.75,2618.25,0,TU
-3322.25,2618.75,0,TU
-3581.75,2623.25,0,TU
-3364.75,2624.25,0,TU
-4508.75,2624.75,0,TU
-4223.25,2625.25,0,TU
-5370.25,2627.25,0,TU
-5635.25,2627.75,0,TU
-4832.25,2632.75,0,TU
-4572.25,2633.25,0,TU
-4740.75,2634.25,0,TU
-3830.25,2634.75,0,TU
-5045.75,2636.75,0,TU
-3570.25,2637.75,0,TU
-5565.25,2638.75,0,TU
-3441.75,2639.25,0,TU
-5162.75,2645.25,0,TU
-3860.75,2646.25,0,TU
-5606.25,2646.25,0,TU
-3823.25,2647.25,0,TU
-4031.25,2647.75,0,TU
-4087.25,2648.75,0,TU
-5211.75,2649.25,0,TU
-3990.75,2649.25,0,TU
-4600.25,2649.25,0,TU
-3366.75,2650.75,0,TU
-5260.25,2651.25,0,TU
-4131.25,2651.75,0,TU
-5361.75,2652.75,0,TU
-5659.25,2652.75,0,TU
-4754.25,2653.25,0,TU
-4335.25,2653.25,0,TU
-4445.25,2653.75,0,TU
-5592.25,2653.75,0,TU
-4484.75,2654.25,0,TU
-5302.25,2654.25,0,TU
-5390.25,2655.75,0,TU
-3100.75,2659.25,0,TU
-5135.25,2659.25,0,TU
-3418.25,2659.75,0,TU
-3830.25,2660.25,0,TU
-3603.75,2662.25,0,TU
-5328.75,2663.25,0,TU
-3807.25,2663.25,0,TU
-4453.25,2665.25,0,TU
-3179.25,2665.75,0,TU
-4481.75,2665.75,0,TU
-4892.25,2666.75,0,TU
-5584.25,2668.25,0,TU
-3323.75,2668.75,0,TU
-5371.25,2671.25,0,TU
-3461.25,2672.25,0,TU
-5446.75,2673.25,0,TU
-5482.25,2673.75,0,TU
-3002.25,2674.75,0,TU
-3337.25,2674.75,0,TU
-4130.25,2675.25,0,TU
-5345.25,2675.25,0,TU
-3923.25,2675.25,0,TU
-3368.25,2675.75,0,TU
-4171.75,2676.75,0,TU
-5419.25,2677.25,0,TU
-4552.75,2677.75,0,TU
-3204.75,2677.75,0,TU
-3345.25,2678.25,0,TU
-5251.75,2678.25,0,TU
-3447.25,2679.75,0,TU
-3427.25,2680.25,0,TU
-3536.75,2681.75,0,TU
-5495.75,2682.25,0,TU
-4249.25,2682.75,0,TU
-4351.75,2683.25,0,TU
-3310.25,2684.75,0,TU
-3390.75,2686.75,0,TU
-4098.75,2687.75,0,TU
-5225.25,2687.75,0,TU
-5292.25,2688.75,0,TU
-5510.25,2688.75,0,TU
-4457.75,2688.75,0,TU
-5583.25,2690.75,0,TU
-3280.25,2690.75,0,TU
-3416.75,2691.25,0,TU
-4586.75,2693.75,0,TU
-3832.75,2693.75,0,TU
-5450.75,2693.75,0,TU
-3955.75,2693.75,0,TU
-4477.75,2694.25,0,TU
-5432.75,2694.75,0,TU
-4931.75,2694.75,0,TU
-3125.75,2694.75,0,TU
-3010.25,2695.25,0,TU
-4973.25,2695.75,0,TU
-3161.25,2695.75,0,TU
-3192.75,2695.75,0,TU
-3789.75,2696.25,0,TU
-5407.75,2696.25,0,TU
-4562.75,2696.75,0,TU
-4345.25,2697.75,0,TU
-4521.75,2698.75,0,TU
-3988.75,2699.25,0,TU
-3340.75,2699.75,0,TU
-4902.25,2700.25,0,TU
-4496.25,2701.75,0,TU
-5526.75,2702.25,0,TU
-5456.75,2702.25,0,TU
-5248.75,2702.25,0,TU
-5481.75,2703.75,0,TU
-4121.25,2703.75,0,TU
-3233.25,2704.25,0,TU
-3842.75,2705.75,0,TU
-4317.75,2706.25,0,TU
-3029.75,2706.25,0,TU
-3716.25,2707.25,0,TU
-3971.25,2707.75,0,TU
-5068.75,2707.75,0,TU
-3183.25,2708.75,0,TU
-5421.25,2709.75,0,TU
-3880.75,2711.75,0,TU
-3909.75,2711.75,0,TU
-4147.25,2712.75,0,TU
-3296.75,2712.75,0,TU
-3106.25,2713.25,0,TU
-5624.25,2713.75,0,TU
-4346.75,2713.75,0,TU
-4184.75,2713.75,0,TU
-5495.25,2714.25,0,TU
-5435.75,2715.25,0,TU
-4464.75,2716.25,0,TU
-4663.75,2716.75,0,TU
-5107.25,2716.75,0,TU
-3082.25,2717.25,0,TU
-3500.75,2717.75,0,TU
-5128.75,2717.75,0,TU
-5467.25,2718.25,0,TU
-4735.75,2718.25,0,TU
-5021.75,2718.75,0,TU
-3423.25,2718.75,0,TU
-3794.75,2718.75,0,TU
-3945.75,2719.25,0,TU
-5569.25,2720.25,0,TU
-3319.75,2720.25,0,TU
-4261.75,2720.75,0,TU
-3557.25,2721.25,0,TU
-3099.75,2722.75,0,TU
-3058.75,2722.75,0,TU
-4846.25,2724.25,0,TU
-4929.25,2724.75,0,TU
-3359.75,2725.25,0,TU
-3775.25,2725.75,0,TU
-5076.25,2726.25,0,TU
-3624.75,2727.75,0,TU
-4610.75,2728.75,0,TU
-5290.25,2728.75,0,TU
-3987.75,2729.25,0,TU
-3586.75,2729.25,0,TU
-3343.75,2729.75,0,TU
-3512.75,2730.75,0,TU
-5458.25,2730.75,0,TU
-3298.75,2731.75,0,TU
-3549.75,2731.75,0,TU
-3029.75,2732.25,0,TU
-5557.25,2732.75,0,TU
-5443.75,2733.25,0,TU
-3097.75,2734.25,0,TU
-3713.75,2736.25,0,TU
-5424.25,2736.75,0,TU
-3475.25,2737.25,0,TU
-3329.25,2738.25,0,TU
-5576.75,2738.75,0,TU
-3068.75,2739.75,0,TU
-3246.75,2740.25,0,TU
-4410.75,2741.25,0,TU
-4327.25,2741.75,0,TU
-3106.75,2741.75,0,TU
-3017.75,2744.25,0,TU
-4564.75,2744.25,0,TU
-4189.75,2744.75,0,TU
-4219.25,2745.75,0,TU
-3403.25,2746.25,0,TU
-4838.75,2746.25,0,TU
-3582.25,2746.75,0,TU
-4593.25,2747.25,0,TU
-3782.25,2748.25,0,TU
-5411.75,2749.75,0,TU
-3354.75,2751.75,0,TU
-4236.75,2751.75,0,TU
-3529.25,2752.75,0,TU
-5605.75,2753.25,0,TU
-5086.75,2753.75,0,TU
-3178.25,2753.75,0,TU
-4778.75,2754.25,0,TU
-5455.75,2754.75,0,TU
-3121.25,2755.25,0,TU
-5637.75,2755.25,0,TU
-3293.75,2755.75,0,TU
-3051.25,2757.25,0,TU
-4967.25,2757.75,0,TU
-5482.75,2757.75,0,TU
-3027.75,2759.75,0,TU
-5392.25,2761.25,0,TU
-3483.75,2761.25,0,TU
-5585.75,2762.25,0,TU
-3318.25,2762.25,0,TU
-3983.25,2763.75,0,TU
-4402.75,2763.75,0,TU
-5049.75,2764.25,0,TU
-3095.25,2766.25,0,TU
-4328.75,2766.75,0,TU
-4181.75,2767.75,0,TU
-5564.25,2768.25,0,TU
-5437.75,2769.25,0,TU
-3425.75,2769.25,0,TU
-3369.75,2769.75,0,TU
-3553.25,2770.25,0,TU
-3578.25,2771.25,0,TU
-3772.75,2771.75,0,TU
-3342.75,2772.75,0,TU
-4943.75,2773.75,0,TU
-3909.75,2773.75,0,TU
-3445.25,2774.75,0,TU
-5270.25,2775.75,0,TU
-3123.75,2775.75,0,TU
-3026.25,2776.25,0,TU
-4114.25,2776.25,0,TU
-4433.25,2777.75,0,TU
-5518.75,2778.25,0,TU
-5359.75,2780.75,0,TU
-3166.25,2782.25,0,TU
-5590.75,2782.25,0,TU
-3194.75,2782.25,0,TU
-5015.25,2782.75,0,TU
-3717.25,2784.25,0,TU
-4337.25,2784.75,0,TU
-3300.25,2784.75,0,TU
-5388.25,2785.75,0,TU
-5412.25,2785.75,0,TU
-3501.25,2786.75,0,TU
-5432.75,2787.25,0,TU
-4309.25,2788.25,0,TU
-3077.25,2788.25,0,TU
-3103.75,2788.75,0,TU
-3333.75,2789.25,0,TU
-5054.25,2789.75,0,TU
-3542.75,2791.25,0,TU
-5125.25,2791.75,0,TU
-5193.25,2792.75,0,TU
-5644.25,2793.25,0,TU
-4559.25,2793.25,0,TU
-4342.25,2793.25,0,TU
-3120.75,2793.25,0,TU
-3024.75,2793.75,0,TU
-3575.25,2793.75,0,TU
-3673.75,2795.75,0,TU
-3701.25,2796.25,0,TU
-4464.75,2797.25,0,TU
-4938.75,2797.75,0,TU
-3153.75,2798.25,0,TU
-4643.75,2799.25,0,TU
-3359.75,2800.75,0,TU
-5572.75,2800.75,0,TU
-3137.75,2800.75,0,TU
-5541.75,2802.75,0,TU
-3106.75,2804.75,0,TU
-3760.25,2805.25,0,TU
-4915.25,2806.25,0,TU
-5369.25,2806.75,0,TU
-3345.25,2806.75,0,TU
-3195.25,2807.25,0,TU
-3083.75,2807.75,0,TU
-3788.25,2809.25,0,TU
-3327.75,2809.25,0,TU
-5554.75,2809.75,0,TU
-4766.75,2810.25,0,TU
-4436.75,2810.25,0,TU
-5592.75,2810.75,0,TU
-5072.75,2811.75,0,TU
-3033.75,2813.25,0,TU
-3124.25,2813.75,0,TU
-4049.75,2817.75,0,TU
-5624.75,2819.25,0,TU
-3048.25,2819.75,0,TU
-3326.75,2820.75,0,TU
-4586.25,2821.25,0,TU
-3816.75,2822.25,0,TU
-5184.75,2822.25,0,TU
-3250.75,2823.25,0,TU
-4944.75,2823.25,0,TU
-5397.75,2823.25,0,TU
-4446.25,2824.25,0,TU
-3168.75,2824.75,0,TU
-5552.25,2825.75,0,TU
-3195.25,2825.75,0,TU
-3926.25,2826.75,0,TU
-3444.75,2828.25,0,TU
-5512.25,2828.25,0,TU
-5366.25,2828.75,0,TU
-3074.75,2829.75,0,TU
-3850.25,2830.25,0,TU
-3992.75,2830.75,0,TU
-4734.25,2831.75,0,TU
-5535.25,2833.25,0,TU
-3090.25,2834.75,0,TU
-3535.75,2835.25,0,TU
-3885.75,2836.75,0,TU
-3508.75,2837.75,0,TU
-5110.75,2837.75,0,TU
-5321.25,2838.25,0,TU
-4269.75,2838.25,0,TU
-4009.25,2841.25,0,TU
-4048.25,2842.75,0,TU
-3740.25,2843.25,0,TU
-4155.25,2843.75,0,TU
-3325.25,2846.25,0,TU
-3245.25,2846.25,0,TU
-3085.25,2850.25,0,TU
-4670.75,2852.25,0,TU
-3370.75,2852.25,0,TU
-3348.25,2852.25,0,TU
-3180.75,2852.75,0,TU
-4141.75,2854.25,0,TU
-3229.75,2854.75,0,TU
-3832.25,2857.25,0,TU
-5084.25,2858.25,0,TU
-3972.25,2858.75,0,TU
-3327.25,2861.25,0,TU
-4211.75,2862.25,0,TU
-3407.75,2862.75,0,TU
-3784.75,2862.75,0,TU
-5323.75,2863.25,0,TU
-3758.25,2864.25,0,TU
-5191.75,2864.75,0,TU
-4179.25,2866.75,0,TU
-3246.25,2866.75,0,TU
-5489.75,2867.25,0,TU
-3174.25,2867.25,0,TU
-5609.25,2867.75,0,TU
-4931.75,2867.75,0,TU
-4000.25,2867.75,0,TU
-5523.25,2868.75,0,TU
-4094.25,2869.25,0,TU
-3385.25,2869.75,0,TU
-4136.75,2871.25,0,TU
-3153.25,2871.75,0,TU
-4887.25,2873.75,0,TU
-3473.75,2873.75,0,TU
-5203.25,2874.25,0,TU
-5296.75,2874.75,0,TU
-3279.25,2875.25,0,TU
-4768.75,2877.75,0,TU
-3258.75,2878.75,0,TU
-3343.25,2879.25,0,TU
-4644.25,2880.75,0,TU
-4806.25,2881.25,0,TU
-3853.75,2881.25,0,TU
-5503.25,2881.25,0,TU
-3236.25,2882.75,0,TU
-4441.25,2882.75,0,TU
-3307.25,2883.25,0,TU
-3209.75,2883.75,0,TU
-5304.75,2884.25,0,TU
-4073.25,2884.25,0,TU
-3376.25,2884.75,0,TU
-3791.75,2884.75,0,TU
-5165.75,2885.75,0,TU
-4990.75,2886.75,0,TU
-5321.75,2887.75,0,TU
-3892.75,2888.25,0,TU
-3940.25,2889.25,0,TU
-4914.75,2889.75,0,TU
-3921.75,2891.75,0,TU
-3404.75,2892.25,0,TU
-5282.75,2892.75,0,TU
-4890.25,2892.75,0,TU
-4628.75,2893.75,0,TU
-3745.75,2894.25,0,TU
-3729.25,2894.75,0,TU
-3809.25,2895.25,0,TU
-3711.25,2896.25,0,TU
-4587.75,2896.25,0,TU
-3262.25,2897.25,0,TU
-4128.25,2898.75,0,TU
-4015.75,2900.75,0,TU
-4793.25,2900.75,0,TU
-3231.25,2901.75,0,TU
-3202.25,2902.75,0,TU
-3362.75,2903.75,0,TU
-4189.75,2904.25,0,TU
-4655.75,2904.25,0,TU
-5261.75,2904.25,0,TU
-5520.75,2905.25,0,TU
-5314.25,2905.75,0,TU
-3753.25,2905.75,0,TU
-5333.75,2905.75,0,TU
-4868.75,2905.75,0,TU
-3780.25,2906.75,0,TU
-5505.75,2907.75,0,TU
-4764.75,2907.75,0,TU
-4154.75,2907.75,0,TU
-5489.25,2910.25,0,TU
-3437.25,2910.75,0,TU
-3288.25,2912.75,0,TU
-3501.25,2914.25,0,TU
-5304.75,2915.25,0,TU
-5529.25,2916.25,0,TU
-4968.25,2917.75,0,TU
-5345.25,2918.75,0,TU
-5461.75,2920.75,0,TU
-3281.75,2922.75,0,TU
-5327.75,2922.75,0,TU
-5278.75,2923.25,0,TU
-4000.25,2924.75,0,TU
-4886.75,2926.75,0,TU
-4653.25,2926.75,0,TU
-4884.75,2927.75,0,TU
-5445.25,2928.75,0,TU
-3363.75,2929.25,0,TU
-5485.25,2930.25,0,TU
-4674.75,2930.25,0,TU
-3403.75,2933.25,0,TU
-3430.25,2933.25,0,TU
-4377.25,2933.75,0,TU
-4909.25,2934.25,0,TU
-4948.75,2936.25,0,TU
-4113.25,2937.25,0,TU
-5328.75,2938.25,0,TU
-5301.25,2939.75,0,TU
-3288.25,2940.25,0,TU
-3331.75,2941.75,0,TU
-5463.25,2941.75,0,TU
-3935.25,2942.25,0,TU
-5343.25,2942.75,0,TU
-3548.75,2942.75,0,TU
-3457.25,2943.25,0,TU
-5496.75,2943.25,0,TU
-3267.75,2944.25,0,TU
-4930.25,2945.75,0,TU
-3383.25,2946.25,0,TU
-5432.25,2946.75,0,TU
-4423.75,2946.75,0,TU
-3832.25,2947.75,0,TU
-5305.75,2950.75,0,TU
-3361.75,2950.75,0,TU
-4475.75,2950.75,0,TU
-4859.25,2953.25,0,TU
-3746.75,2953.25,0,TU
-4316.25,2953.25,0,TU
-3801.25,2953.75,0,TU
-4199.75,2954.25,0,TU
-5272.75,2954.75,0,TU
-3567.25,2956.75,0,TU
-5325.25,2957.75,0,TU
-4097.25,2958.25,0,TU
-3822.75,2959.75,0,TU
-4161.25,2962.25,0,TU
-3604.25,2962.75,0,TU
-3389.25,2963.75,0,TU
-5287.25,2964.75,0,TU
-5302.25,2965.75,0,TU
-4885.75,2966.75,0,TU
-3405.75,2967.75,0,TU
-3542.75,2967.75,0,TU
-3374.25,2968.25,0,TU
-4453.75,2968.25,0,TU
-5422.75,2969.25,0,TU
-3509.75,2970.25,0,TU
-3322.75,2970.75,0,TU
-5491.25,2971.75,0,TU
-3903.25,2972.75,0,TU
-3865.25,2973.25,0,TU
-5112.25,2974.25,0,TU
-5323.25,2975.75,0,TU
-5340.75,2977.25,0,TU
-4099.25,2977.25,0,TU
-4931.75,2978.75,0,TU
-5260.75,2979.25,0,TU
-4801.75,2981.25,0,TU
-5442.25,2981.25,0,TU
-3516.75,2981.75,0,TU
-3423.25,2983.25,0,TU
-3440.25,2983.25,0,TU
-5304.25,2984.25,0,TU
-4409.25,2985.75,0,TU
-4442.75,2986.25,0,TU
-3334.25,2987.75,0,TU
-4776.75,2989.75,0,TU
-5286.75,2991.25,0,TU
-3399.25,2991.25,0,TU
-3563.25,2994.25,0,TU
-4110.75,2994.75,0,TU
-5357.75,2994.75,0,TU
-4248.25,2997.25,0,TU
-5306.75,2998.25,0,TU
-5430.75,2998.25,0,TU
-4472.25,2998.75,0,TU
-4017.75,2999.75,0,TU
-5332.25,2999.75,0,TU
-5403.75,3000.25,0,TU
-5381.25,3000.25,0,TU
-4087.75,3001.25,0,TU
-4717.75,3001.75,0,TU
-4340.25,3002.75,0,TU
-4603.25,3004.25,0,TU
-4815.25,3004.75,0,TU
-3529.25,3005.25,0,TU
-3408.75,3006.25,0,TU
-5057.25,3007.25,0,TU
-5328.25,3007.75,0,TU
-3502.75,3008.25,0,TU
-5294.25,3008.25,0,TU
-3901.25,3009.25,0,TU
-3880.75,3010.25,0,TU
-3624.75,3010.75,0,TU
-3427.75,3012.25,0,TU
-4506.75,3012.25,0,TU
-3772.25,3015.25,0,TU
-5394.25,3015.75,0,TU
-3479.75,3016.25,0,TU
-5531.75,3017.75,0,TU
-5273.25,3018.25,0,TU
-5225.75,3019.75,0,TU
-5407.75,3020.75,0,TU
-3750.75,3021.25,0,TU
-4837.75,3021.75,0,TU
-4010.75,3021.75,0,TU
-5367.75,3022.25,0,TU
-3500.75,3023.25,0,TU
-3633.75,3027.25,0,TU
-5050.75,3028.25,0,TU
-4006.25,3029.25,0,TU
-5015.75,3029.25,0,TU
-5307.25,3030.25,0,TU
-4650.25,3031.25,0,TU
-5273.25,3031.25,0,TU
-5498.25,3031.75,0,TU
-4452.25,3031.75,0,TU
-5329.75,3032.75,0,TU
-3418.75,3034.75,0,TU
-3843.25,3034.75,0,TU
-5406.25,3034.75,0,TU
-4187.25,3035.75,0,TU
-4247.75,3038.25,0,TU
-3972.25,3039.25,0,TU
-4924.25,3039.25,0,TU
-3562.75,3040.75,0,TU
-3496.75,3041.75,0,TU
-4082.75,3045.25,0,TU
-5445.25,3047.25,0,TU
-3587.75,3047.75,0,TU
-5025.25,3047.75,0,TU
-3528.75,3048.75,0,TU
-3890.25,3049.25,0,TU
-4164.25,3050.75,0,TU
-5389.25,3051.75,0,TU
-5416.75,3054.25,0,TU
-4028.25,3054.25,0,TU
-5481.25,3055.25,0,TU
-3984.25,3055.75,0,TU
-3790.25,3056.25,0,TU
-4986.25,3057.25,0,TU
-5151.75,3058.25,0,TU
-4014.75,3060.25,0,TU
-5044.75,3060.75,0,TU
-3596.25,3061.75,0,TU
-5330.25,3062.25,0,TU
-4645.25,3062.75,0,TU
-3858.25,3063.75,0,TU
-5254.25,3064.25,0,TU
-5357.25,3067.25,0,TU
-4761.75,3067.25,0,TU
-4955.75,3067.25,0,TU
-3841.25,3069.25,0,TU
-5168.25,3069.75,0,TU
-3709.75,3070.75,0,TU
-5448.75,3071.75,0,TU
-3820.75,3072.25,0,TU
-4913.25,3072.25,0,TU
-4178.75,3073.25,0,TU
-4619.75,3074.25,0,TU
-4427.75,3074.25,0,TU
-3488.75,3075.25,0,TU
-3992.25,3076.75,0,TU
-3921.75,3077.25,0,TU
-4801.25,3078.25,0,TU
-4096.25,3079.75,0,TU
-3795.25,3080.75,0,TU
-4253.75,3080.75,0,TU
-4070.25,3081.75,0,TU
-3655.25,3083.25,0,TU
-4903.75,3084.25,0,TU
-4768.25,3085.75,0,TU
-4468.25,3085.75,0,TU
-4976.25,3086.25,0,TU
-3939.75,3086.25,0,TU
-4788.75,3086.75,0,TU
-3783.25,3087.25,0,TU
-3816.75,3088.25,0,TU
-3507.75,3088.25,0,TU
-5293.75,3088.25,0,TU
-3618.75,3091.25,0,TU
-4004.75,3092.75,0,TU
-5324.25,3092.75,0,TU
-5121.75,3094.25,0,TU
-3708.25,3094.25,0,TU
-4864.25,3094.75,0,TU
-3726.25,3095.75,0,TU
-5230.25,3097.25,0,TU
-4592.75,3097.25,0,TU
-3688.75,3097.75,0,TU
-5533.25,3098.75,0,TU
-4562.75,3099.75,0,TU
-4832.25,3100.75,0,TU
-5253.75,3101.75,0,TU
-3640.75,3101.75,0,TU
-3674.25,3103.25,0,TU
-4950.25,3103.25,0,TU
-3925.25,3103.75,0,TU
-4907.25,3104.25,0,TU
-4605.25,3105.75,0,TU
-4981.75,3106.75,0,TU
-4014.75,3107.75,0,TU
-4078.25,3107.75,0,TU
-3735.75,3108.75,0,TU
-3660.75,3111.25,0,TU
-3825.25,3111.75,0,TU
-3698.75,3112.25,0,TU
-5113.75,3113.75,0,TU
-5036.75,3114.25,0,TU
-3602.25,3114.25,0,TU
-4412.75,3117.25,0,TU
-3714.75,3118.25,0,TU
-5151.25,3118.75,0,TU
-4096.75,3119.25,0,TU
-4798.75,3119.25,0,TU
-3896.25,3120.75,0,TU
-4747.75,3120.75,0,TU
-4041.75,3120.75,0,TU
-4061.25,3124.25,0,TU
-4020.75,3124.75,0,TU
-3729.75,3125.75,0,TU
-3836.75,3125.75,0,TU
-3767.75,3126.75,0,TU
-3661.25,3128.75,0,TU
-4244.25,3129.25,0,TU
-3928.25,3129.25,0,TU
-5311.75,3131.75,0,TU
-3744.25,3132.25,0,TU
-3845.75,3132.75,0,TU
-3719.25,3133.25,0,TU
-5250.25,3134.25,0,TU
-3821.25,3134.75,0,TU
-5353.75,3137.25,0,TU
-4495.75,3139.75,0,TU
-4019.25,3140.25,0,TU
-4080.75,3140.75,0,TU
-4230.75,3143.25,0,TU
-5445.25,3143.75,0,TU
-4206.75,3146.75,0,TU
-4044.75,3146.75,0,TU
-5114.25,3149.25,0,TU
-3803.75,3150.25,0,TU
-3862.75,3151.75,0,TU
-3917.75,3151.75,0,TU
-5203.75,3152.25,0,TU
-4319.25,3154.25,0,TU
-4707.75,3154.25,0,TU
-3945.25,3154.75,0,TU
-5246.75,3156.25,0,TU
-4935.25,3157.75,0,TU
-3813.75,3159.25,0,TU
-5070.25,3159.25,0,TU
-5039.25,3160.25,0,TU
-4472.25,3160.25,0,TU
-4401.25,3161.75,0,TU
-4082.75,3161.75,0,TU
-4102.75,3163.25,0,TU
-5264.25,3163.25,0,TU
-4567.75,3163.75,0,TU
-4973.25,3164.25,0,TU
-4059.25,3166.75,0,TU
-4025.25,3167.25,0,TU
-4996.25,3171.25,0,TU
-4088.25,3172.75,0,TU
-4917.25,3173.75,0,TU
-3858.25,3175.25,0,TU
-5242.75,3175.25,0,TU
-5012.75,3176.75,0,TU
-5249.75,3177.25,0,TU
-3910.25,3178.75,0,TU
-4069.25,3178.75,0,TU
-4742.25,3180.75,0,TU
-3983.25,3181.25,0,TU
-4669.75,3181.75,0,TU
-5129.25,3182.75,0,TU
-5043.25,3183.25,0,TU
-3871.75,3184.75,0,TU
-4975.75,3186.25,0,TU
-4059.25,3187.25,0,TU
-4713.75,3188.25,0,TU
-4687.75,3188.25,0,TU
-3935.25,3194.25,0,TU
-5196.25,3194.25,0,TU
-4398.75,3194.75,0,TU
-3875.25,3197.75,0,TU
-4746.75,3198.25,0,TU
-3911.75,3198.25,0,TU
-5235.75,3198.75,0,TU
-4647.75,3199.75,0,TU
-4990.25,3201.75,0,TU
-4963.25,3203.75,0,TU
-4696.25,3203.75,0,TU
-5249.25,3204.25,0,TU
-5167.25,3208.75,0,TU
-5003.25,3212.25,0,TU
-4758.25,3213.25,0,TU
-4672.75,3216.75,0,TU
-4538.75,3217.25,0,TU
-5218.75,3218.25,0,TU
-3937.75,3219.75,0,TU
-4515.75,3221.75,0,TU
-5174.25,3228.75,0,TU
-4945.25,3231.25,0,TU
-5277.25,3231.75,0,TU
-4681.75,3232.25,0,TU
-5000.75,3232.75,0,TU
-4854.75,3233.25,0,TU
-4879.75,3234.75,0,TU
-4062.75,3234.75,0,TU
-4931.75,3235.25,0,TU
-4020.25,3236.25,0,TU
-5199.25,3237.25,0,TU
-4958.75,3240.75,0,TU
-5150.25,3242.25,0,TU
-4985.25,3242.75,0,TU
-4532.25,3244.75,0,TU
-5169.75,3246.25,0,TU
-4934.75,3253.75,0,TU
-5189.25,3255.25,0,TU
-4062.75,3255.75,0,TU
-4698.75,3256.25,0,TU
-4772.25,3256.75,0,TU
-5240.25,3258.25,0,TU
-4237.25,3263.25,0,TU
-5065.75,3264.25,0,TU
-4852.75,3264.25,0,TU
-5176.25,3266.25,0,TU
-5363.75,3266.75,0,TU
-5035.75,3271.25,0,TU
-5260.75,3271.25,0,TU
-5189.75,3273.75,0,TU
-5137.75,3278.75,0,TU
-5212.25,3280.25,0,TU
-5282.75,3280.75,0,TU
-4697.25,3280.75,0,TU
-5165.75,3281.75,0,TU
-4918.25,3282.25,0,TU
-4786.25,3282.75,0,TU
-4732.25,3283.25,0,TU
-4680.25,3284.75,0,TU
-5199.75,3285.25,0,TU
-5313.25,3285.25,0,TU
-4665.75,3288.25,0,TU
-5330.25,3288.75,0,TU
-5360.75,3290.25,0,TU
-5182.75,3292.75,0,TU
-5019.75,3295.25,0,TU
-5038.75,3295.75,0,TU
-5200.25,3298.25,0,TU
-4961.25,3308.25,0,TU
-5029.25,3309.25,0,TU
-5320.75,3313.25,0,TU
-5297.25,3316.75,0,TU
-5255.75,3319.25,0,TU
-5132.75,3330.75,0,TU
-5115.25,3332.25,0,TU
-4690.25,3333.75,0,TU
-5206.25,3336.75,0,TU
-5262.75,3337.25,0,TU
-5185.25,3342.25,0,TU
-5100.25,3344.75,0,TU
-5167.75,3344.75,0,TU
-4938.25,3348.75,0,TU
-5021.25,3350.75,0,TU
-4964.25,3353.75,0,TU
-5208.75,3354.25,0,TU
-5129.75,3358.75,0,TU
-4743.75,3359.75,0,TU
-5165.25,3362.75,0,TU
-4982.75,3364.75,0,TU
-4995.25,3373.25,0,TU
-4956.75,3373.75,0,TU
-4888.25,3376.75,0,TU
-4935.25,3382.25,0,TU
-4916.25,3384.25,0,TU
-5155.25,3384.25,0,TU
-5193.25,3384.75,0,TU
-5174.75,3386.75,0,TU
-4993.75,3388.75,0,TU
-5126.25,3393.75,0,TU
-5192.25,3400.75,0,TU
-5106.25,3404.75,0,TU
-5124.25,3404.75,0,TU
-5160.25,3408.25,0,TU
-4996.25,3409.25,0,TU
-4920.75,3409.75,0,TU
-4963.25,3415.25,0,TU
-5181.75,3415.75,0,TU
-4939.25,3420.75,0,TU
-5144.25,3421.25,0,TU
-4884.75,3432.25,0,TU
-4926.25,3433.25,0,TU
-4897.25,3433.75,0,TU
-4871.75,3434.25,0,TU
-5204.25,3434.25,0,TU
-5153.75,3437.75,0,TU
-5122.75,3438.75,0,TU
-5141.25,3439.25,0,TU
-4910.25,3449.25,0,TU
-4877.25,3449.25,0,TU
-4950.75,3453.75,0,TU
-4926.75,3462.25,0,TU
-4933.75,3466.25,0,TU
-4979.25,3466.25,0,TU
-5195.75,3470.25,0,TU
-5160.75,3492.75,0,TU
-5130.25,3501.75,0,TU
-4995.75,3507.25,0,TU
-5144.75,3508.25,0,TU
-5013.75,3511.75,0,TU
-5163.75,3515.25,0,TU
-4967.75,3516.75,0,TU
-5097.75,3520.25,0,TU
-4985.25,3522.75,0,TU
-5133.75,3530.25,0,TU
-4967.75,3535.25,0,TU
-4997.75,3538.25,0,TU
-5151.25,3540.75,0,TU
-5041.25,3547.25,0,TU
-4981.25,3549.75,0,TU
-4975.75,3563.25,0,TU
-5036.25,3565.75,0,TU
-5021.75,3574.75,0,TU
-4952.25,3579.75,0,TU
-5022.75,3602.75,0,TU
-5037.25,3606.75,0,TU
-4706.75,3613.75,0,TU
-5106.75,3616.75,0,TU
-4961.75,3617.25,0,TU
-5014.25,3622.25,0,TU
-4755.25,3626.75,0,TU
-5045.75,3627.75,0,TU
-5073.75,3630.75,0,TU
-4704.25,3642.75,0,TU
-5084.75,3643.75,0,TU
-4768.25,3643.75,0,TU
-5010.75,3647.75,0,TU
-4723.75,3650.75,0,TU
-4982.75,3650.75,0,TU
-5021.25,3653.25,0,TU
-5028.25,3657.75,0,TU
-5060.25,3662.75,0,TU
-4732.25,3666.25,0,TU
-5037.75,3684.25,0,TU
-5020.75,3688.25,0,TU
-4950.25,3690.25,0,TU
-4743.25,3704.75,0,TU
4009.75,-1392.75,0,Mph_TU
3979.25,-1358.25,0,Mph_TU
4077.25,-1318.25,0,Mph_TU
4098.25,-1301.25,0,Mph_TU
4031.25,-1312.25,0,Mph_TU
4015.75,-1299.75,0,Mph_TU
4044.25,-1294.25,0,Mph_TU
4009.25,-1270.75,0,Mph_TU
4006.75,-1247.75,0,Mph_TU
4091.25,-1241.75,0,Mph_TU
4114.25,-1230.25,0,Mph_TU
4084.25,-1207.25,0,Mph_TU
4108.75,-1213.25,0,Mph_TU
4121.75,-1206.25,0,Mph_TU
4147.25,-1199.75,0,Mph_TU
4089.75,-1186.25,0,Mph_TU
4040.25,-1189.25,0,Mph_TU
4008.25,-1186.75,0,Mph_TU
4068.75,-1175.25,0,Mph_TU
4101.75,-1165.25,0,Mph_TU
4102.75,-1142.25,0,Mph_TU
4146.25,-1137.25,0,Mph_TU
4097.75,-1126.75,0,Mph_TU
4144.75,-1108.75,0,Mph_TU
4081.75,-1098.75,0,Mph_TU
4124.75,-1102.75,0,Mph_TU
4137.25,-1074.25,0,Mph_TU
4093.25,-1077.75,0,Mph_TU
3987.25,-1061.25,0,Mph_TU
4067.25,-990.75,0,Mph_TU
4085.75,-984.25,0,Mph_TU
4038.75,-984.75,0,Mph_TU
4065.75,-971.25,0,Mph_TU
4044.75,-970.25,0,Mph_TU
4036.25,-959.75,0,Mph_TU
3087.25,-2286.75,0,Mph_TU
3151.75,-2232.75,0,Mph_TU
3125.25,-2199.25,0,Mph_TU
3024.75,-2204.75,0,Mph_TU
3028.25,-2148.25,0,Mph_TU
3014.75,-2103.25,0,Mph_TU
3149.75,-1965.25,0,Mph_TU
3407.75,-2441.75,0,Mph_TU
3323.25,-2428.25,0,Mph_TU
3294.75,-2421.75,0,Mph_TU
3281.25,-2412.25,0,Mph_TU
3314.25,-2398.25,0,Mph_TU
3261.75,-2403.75,0,Mph_TU
3379.25,-2374.75,0,Mph_TU
3282.25,-2371.75,0,Mph_TU
3259.75,-2364.75,0,Mph_TU
3444.25,-2365.25,0,Mph_TU
3422.25,-2352.75,0,Mph_TU
3456.25,-2343.75,0,Mph_TU
3419.25,-2341.25,0,Mph_TU
3202.75,-2324.25,0,Mph_TU
3420.25,-2313.75,0,Mph_TU
3701.25,-2323.75,0,Mph_TU
3458.75,-2318.75,0,Mph_TU
3436.25,-2308.25,0,Mph_TU
3209.25,-2303.75,0,Mph_TU
3388.75,-2294.75,0,Mph_TU
3187.75,-2291.25,0,Mph_TU
3455.25,-2283.25,0,Mph_TU
3624.25,-2279.75,0,Mph_TU
3365.75,-2284.75,0,Mph_TU
3653.75,-2274.75,0,Mph_TU
3394.75,-2271.75,0,Mph_TU
3424.75,-2280.25,0,Mph_TU
3675.75,-2273.25,0,Mph_TU
3363.25,-2261.25,0,Mph_TU
3449.75,-2258.75,0,Mph_TU
3328.25,-2263.75,0,Mph_TU
3215.75,-2267.25,0,Mph_TU
3181.25,-2252.25,0,Mph_TU
3635.75,-2244.25,0,Mph_TU
3354.25,-2235.75,0,Mph_TU
3199.75,-2225.25,0,Mph_TU
3641.75,-2213.25,0,Mph_TU
3237.25,-2215.75,0,Mph_TU
3195.75,-2208.75,0,Mph_TU
3312.25,-2204.75,0,Mph_TU
3193.75,-2187.25,0,Mph_TU
3530.25,-2177.25,0,Mph_TU
3541.75,-2162.75,0,Mph_TU
3546.75,-2153.25,0,Mph_TU
3580.25,-2159.75,0,Mph_TU
3230.75,-2138.25,0,Mph_TU
3610.25,-2148.75,0,Mph_TU
3585.25,-2135.25,0,Mph_TU
3552.75,-2124.25,0,Mph_TU
3244.25,-2108.75,0,Mph_TU
3567.75,-2103.75,0,Mph_TU
3551.75,-2094.75,0,Mph_TU
3524.75,-2070.25,0,Mph_TU
3534.75,-2053.75,0,Mph_TU
3535.75,-2013.75,0,Mph_TU
3481.25,-2011.25,0,Mph_TU
1488.75,-1409.75,0,Mph_TU
1289.25,-1151.75,0,Mph_TU
-491.75,-386.75,0,Mph_TU
3561.75,-1926.75,0,Mph_TU
3596.75,-1898.25,0,Mph_TU
3513.75,-1905.25,0,Mph_TU
3495.75,-1910.25,0,Mph_TU
3559.25,-1905.75,0,Mph_TU
3563.25,-1885.25,0,Mph_TU
3496.25,-1882.25,0,Mph_TU
3551.75,-1872.75,0,Mph_TU
3535.25,-1856.25,0,Mph_TU
3538.75,-1837.25,0,Mph_TU
3581.25,-1825.25,0,Mph_TU
3536.25,-1807.25,0,Mph_TU
3398.25,-1782.25,0,Mph_TU
3200.75,-1765.75,0,Mph_TU
3373.25,-1766.75,0,Mph_TU
3407.25,-1759.75,0,Mph_TU
3433.25,-1745.25,0,Mph_TU
3416.25,-1728.75,0,Mph_TU
3516.75,-1709.25,0,Mph_TU
3430.25,-1692.25,0,Mph_TU
3450.25,-1666.25,0,Mph_TU
3527.75,-1633.75,0,Mph_TU
3194.25,-1616.75,0,Mph_TU
3572.75,-1620.25,0,Mph_TU
3594.75,-1618.75,0,Mph_TU
3256.75,-1618.75,0,Mph_TU
3533.25,-1604.75,0,Mph_TU
3235.25,-1607.75,0,Mph_TU
3564.25,-1560.75,0,Mph_TU
3678.75,-1558.75,0,Mph_TU
3663.75,-1553.25,0,Mph_TU
3613.25,-1546.25,0,Mph_TU
3440.75,-1534.75,0,Mph_TU
3787.25,-1528.25,0,Mph_TU
3532.25,-1524.75,0,Mph_TU
3560.75,-1528.75,0,Mph_TU
3444.75,-1518.75,0,Mph_TU
3422.75,-1480.75,0,Mph_TU
3873.75,-1478.25,0,Mph_TU
3852.25,-1477.75,0,Mph_TU
3417.25,-1448.75,0,Mph_TU
3683.25,-1430.75,0,Mph_TU
3418.75,-1421.75,0,Mph_TU
3709.75,-1427.75,0,Mph_TU
3233.75,-1426.75,0,Mph_TU
3443.25,-1425.75,0,Mph_TU
3263.75,-1413.25,0,Mph_TU
3294.25,-1410.25,0,Mph_TU
3683.75,-1409.75,0,Mph_TU
3457.75,-1392.25,0,Mph_TU
3419.25,-1380.25,0,Mph_TU
3970.75,-1383.75,0,Mph_TU
3194.25,-1370.25,0,Mph_TU
3584.75,-1373.25,0,Mph_TU
3506.25,-1355.25,0,Mph_TU
3477.25,-1327.25,0,Mph_TU
3372.25,-1332.25,0,Mph_TU
3521.25,-1333.25,0,Mph_TU
3589.25,-1326.75,0,Mph_TU
3186.75,-1323.75,0,Mph_TU
3622.75,-1325.25,0,Mph_TU
3527.75,-1321.25,0,Mph_TU
3636.25,-1319.25,0,Mph_TU
3928.25,-1321.75,0,Mph_TU
3554.25,-1313.25,0,Mph_TU
3591.25,-1305.25,0,Mph_TU
3565.75,-1304.75,0,Mph_TU
3652.75,-1300.25,0,Mph_TU
3714.25,-1295.25,0,Mph_TU
3662.25,-1283.25,0,Mph_TU
3542.75,-1281.25,0,Mph_TU
3554.75,-1265.75,0,Mph_TU
3749.75,-1261.25,0,Mph_TU
3465.75,-1262.25,0,Mph_TU
3912.25,-1252.75,0,Mph_TU
3897.25,-1249.25,0,Mph_TU
3715.75,-1247.25,0,Mph_TU
3880.25,-1245.75,0,Mph_TU
3603.25,-1250.25,0,Mph_TU
3375.75,-1236.75,0,Mph_TU
3522.25,-1238.25,0,Mph_TU
3586.75,-1241.25,0,Mph_TU
3704.25,-1237.75,0,Mph_TU
3392.25,-1222.25,0,Mph_TU
3407.25,-1222.25,0,Mph_TU
3590.25,-1214.25,0,Mph_TU
3793.25,-1224.25,0,Mph_TU
3704.25,-1211.25,0,Mph_TU
3304.25,-1208.75,0,Mph_TU
3552.75,-1206.75,0,Mph_TU
3808.25,-1209.25,0,Mph_TU
3788.25,-1197.75,0,Mph_TU
3384.25,-1198.75,0,Mph_TU
3352.25,-1196.75,0,Mph_TU
3620.75,-1201.75,0,Mph_TU
3696.25,-1185.75,0,Mph_TU
3280.25,-1182.75,0,Mph_TU
3387.25,-1177.75,0,Mph_TU
3720.75,-1182.25,0,Mph_TU
3785.75,-1169.75,0,Mph_TU
3411.25,-1171.75,0,Mph_TU
3623.75,-1178.75,0,Mph_TU
3834.25,-1178.75,0,Mph_TU
3934.25,-1177.75,0,Mph_TU
3652.75,-1175.25,0,Mph_TU
3604.75,-1175.25,0,Mph_TU
3729.25,-1159.75,0,Mph_TU
3970.25,-1175.75,0,Mph_TU
3756.25,-1168.75,0,Mph_TU
3898.25,-1167.25,0,Mph_TU
3594.25,-1169.75,0,Mph_TU
3810.25,-1150.75,0,Mph_TU
3977.25,-1156.25,0,Mph_TU
3852.75,-1155.75,0,Mph_TU
3707.75,-1148.25,0,Mph_TU
3685.75,-1150.75,0,Mph_TU
3754.25,-1150.75,0,Mph_TU
3881.75,-1148.75,0,Mph_TU
3254.25,-1138.75,0,Mph_TU
3221.25,-1143.25,0,Mph_TU
3403.25,-1136.25,0,Mph_TU
2225.25,-1815.25,0,Mph_TU
2181.25,-1803.75,0,Mph_TU
2203.25,-1799.75,0,Mph_TU
2282.25,-1799.75,0,Mph_TU
2235.25,-1790.25,0,Mph_TU
2221.25,-1792.25,0,Mph_TU
2253.75,-1792.75,0,Mph_TU
2250.25,-1778.75,0,Mph_TU
2236.25,-1770.25,0,Mph_TU
2276.25,-1766.25,0,Mph_TU
2103.75,-1743.75,0,Mph_TU
2251.75,-1734.75,0,Mph_TU
2059.75,-1735.25,0,Mph_TU
2037.25,-1719.25,0,Mph_TU
2202.25,-1723.25,0,Mph_TU
2052.75,-1695.25,0,Mph_TU
2221.25,-1703.25,0,Mph_TU
2067.75,-1667.25,0,Mph_TU
1857.25,-1549.25,0,Mph_TU
2302.25,-1535.75,0,Mph_TU
2300.25,-1515.75,0,Mph_TU
2356.75,-1524.75,0,Mph_TU
2376.25,-1513.75,0,Mph_TU
2348.25,-1502.75,0,Mph_TU
1795.75,-1501.75,0,Mph_TU
2044.25,-1483.25,0,Mph_TU
2054.25,-1465.75,0,Mph_TU
2083.75,-1464.25,0,Mph_TU
1790.75,-1475.25,0,Mph_TU
1776.25,-1465.25,0,Mph_TU
1965.25,-1456.75,0,Mph_TU
1951.75,-1441.75,0,Mph_TU
2066.75,-1446.25,0,Mph_TU
2365.75,-1445.25,0,Mph_TU
2333.75,-1434.75,0,Mph_TU
2118.75,-1426.25,0,Mph_TU
1966.25,-1419.75,0,Mph_TU
2065.25,-1406.75,0,Mph_TU
1996.25,-1413.75,0,Mph_TU
2103.75,-1404.75,0,Mph_TU
2011.75,-1401.25,0,Mph_TU
1989.25,-1392.75,0,Mph_TU
1979.75,-1386.25,0,Mph_TU
2085.75,-1373.75,0,Mph_TU
2112.25,-1378.75,0,Mph_TU
2241.25,-1359.25,0,Mph_TU
2262.75,-1362.25,0,Mph_TU
1984.25,-1358.25,0,Mph_TU
1993.25,-1330.25,0,Mph_TU
2046.75,-1316.75,0,Mph_TU
2020.25,-1321.25,0,Mph_TU
2066.75,-1319.25,0,Mph_TU
2032.25,-1306.75,0,Mph_TU
2015.75,-1308.25,0,Mph_TU
2223.25,-1309.25,0,Mph_TU
2061.75,-1301.75,0,Mph_TU
2287.25,-1298.25,0,Mph_TU
2015.75,-1289.25,0,Mph_TU
1665.75,-1286.75,0,Mph_TU
2031.75,-1288.75,0,Mph_TU
2215.25,-1278.25,0,Mph_TU
2070.75,-1279.75,0,Mph_TU
2050.75,-1278.75,0,Mph_TU
2100.25,-1272.25,0,Mph_TU
1758.75,-1263.75,0,Mph_TU
1810.25,-1262.75,0,Mph_TU
2070.25,-1258.25,0,Mph_TU
2108.25,-1257.25,0,Mph_TU
2334.25,-1251.75,0,Mph_TU
1914.75,-1242.25,0,Mph_TU
2120.25,-1242.75,0,Mph_TU
1938.25,-1240.75,0,Mph_TU
2132.25,-1228.75,0,Mph_TU
2221.75,-1233.75,0,Mph_TU
1907.75,-1213.25,0,Mph_TU
2176.75,-1211.75,0,Mph_TU
2234.25,-1226.25,0,Mph_TU
1855.75,-1221.25,0,Mph_TU
2298.75,-1213.75,0,Mph_TU
2101.75,-1206.75,0,Mph_TU
1927.75,-1208.25,0,Mph_TU
2342.25,-1206.25,0,Mph_TU
2307.75,-1202.25,0,Mph_TU
1821.75,-1199.25,0,Mph_TU
2325.75,-1189.25,0,Mph_TU
2102.75,-1182.25,0,Mph_TU
2255.25,-1169.25,0,Mph_TU
2107.25,-1163.25,0,Mph_TU
2319.75,-1161.75,0,Mph_TU
2175.75,-1155.25,0,Mph_TU
2268.75,-1153.25,0,Mph_TU
2587.25,-1815.25,0,Mph_TU
3117.25,-1807.75,0,Mph_TU
3161.75,-1781.25,0,Mph_TU
2533.75,-1763.75,0,Mph_TU
2561.75,-1745.25,0,Mph_TU
3148.75,-1746.75,0,Mph_TU
3143.75,-1732.25,0,Mph_TU
3170.75,-1694.75,0,Mph_TU
3160.75,-1618.25,0,Mph_TU
3059.75,-1540.75,0,Mph_TU
2991.75,-1528.75,0,Mph_TU
3022.75,-1515.25,0,Mph_TU
3000.75,-1504.75,0,Mph_TU
2396.25,-1493.25,0,Mph_TU
2898.25,-1465.25,0,Mph_TU
3080.25,-1403.25,0,Mph_TU
3035.25,-1412.25,0,Mph_TU
2996.75,-1405.25,0,Mph_TU
3029.25,-1383.25,0,Mph_TU
3165.75,-1370.25,0,Mph_TU
2785.25,-1378.25,0,Mph_TU
3172.25,-1339.75,0,Mph_TU
2898.75,-1279.25,0,Mph_TU
2826.25,-1244.75,0,Mph_TU
2811.75,-1233.75,0,Mph_TU
2918.25,-1226.75,0,Mph_TU
2895.75,-1232.75,0,Mph_TU
2792.75,-1212.25,0,Mph_TU
2891.75,-1204.75,0,Mph_TU
2872.75,-1207.25,0,Mph_TU
2768.75,-1183.25,0,Mph_TU
2847.75,-1182.25,0,Mph_TU
2842.25,-1159.75,0,Mph_TU
2445.75,-1155.25,0,Mph_TU
2404.75,-1155.25,0,Mph_TU
2401.75,-1136.75,0,Mph_TU
646.25,-736.75,0,Mph_TU
301.25,-700.75,0,Mph_TU
290.75,-640.25,0,Mph_TU
454.75,-553.75,0,Mph_TU
457.75,-523.25,0,Mph_TU
430.25,-432.75,0,Mph_TU
743.75,-419.25,0,Mph_TU
359.25,-404.75,0,Mph_TU
112.75,-366.75,0,Mph_TU
92.25,-350.25,0,Mph_TU
747.25,-336.75,0,Mph_TU
100.75,-341.25,0,Mph_TU
1018.75,-1061.75,0,Mph_TU
1017.75,-1042.25,0,Mph_TU
1068.75,-1038.75,0,Mph_TU
1139.25,-972.75,0,Mph_TU
1151.25,-966.75,0,Mph_TU
1134.25,-955.75,0,Mph_TU
1157.75,-932.75,0,Mph_TU
1170.75,-906.25,0,Mph_TU
1196.75,-886.25,0,Mph_TU
1171.75,-868.25,0,Mph_TU
1284.25,-883.25,0,Mph_TU
1206.75,-854.75,0,Mph_TU
1330.25,-847.75,0,Mph_TU
1285.25,-811.75,0,Mph_TU
1294.75,-791.25,0,Mph_TU
1332.75,-783.25,0,Mph_TU
1332.75,-751.75,0,Mph_TU
1246.25,-740.25,0,Mph_TU
1311.75,-738.75,0,Mph_TU
1295.25,-720.75,0,Mph_TU
1274.25,-711.25,0,Mph_TU
980.25,-642.25,0,Mph_TU
1033.25,-601.75,0,Mph_TU
1095.75,-568.75,0,Mph_TU
866.25,-530.25,0,Mph_TU
843.25,-504.75,0,Mph_TU
917.75,-495.25,0,Mph_TU
896.75,-488.25,0,Mph_TU
824.75,-474.25,0,Mph_TU
873.75,-460.75,0,Mph_TU
796.25,-441.75,0,Mph_TU
830.75,-439.75,0,Mph_TU
1560.75,-446.25,0,Mph_TU
1539.75,-439.25,0,Mph_TU
846.25,-430.25,0,Mph_TU
1336.25,-375.75,0,Mph_TU
1302.75,-371.25,0,Mph_TU
1368.75,-367.75,0,Mph_TU
1392.25,-358.25,0,Mph_TU
785.75,-357.25,0,Mph_TU
1490.75,-339.75,0,Mph_TU
1507.75,-347.25,0,Mph_TU
3587.25,-1133.25,0,Mph_TU
3868.75,-1135.25,0,Mph_TU
3694.25,-1120.25,0,Mph_TU
3250.75,-1122.25,0,Mph_TU
3830.25,-1120.25,0,Mph_TU
3723.25,-1112.75,0,Mph_TU
3425.75,-1109.75,0,Mph_TU
3380.25,-1112.25,0,Mph_TU
3597.25,-1104.25,0,Mph_TU
3202.25,-1111.75,0,Mph_TU
3788.25,-1105.75,0,Mph_TU
3822.25,-1092.75,0,Mph_TU
3181.25,-1085.25,0,Mph_TU
3597.75,-1083.25,0,Mph_TU
3774.75,-1073.25,0,Mph_TU
3844.75,-1079.25,0,Mph_TU
3410.75,-1075.25,0,Mph_TU
3598.75,-1073.75,0,Mph_TU
3624.75,-1064.25,0,Mph_TU
3597.75,-1050.75,0,Mph_TU
3398.25,-1051.75,0,Mph_TU
3637.75,-1045.25,0,Mph_TU
3527.25,-1046.75,0,Mph_TU
3500.25,-1044.75,0,Mph_TU
3518.25,-1030.25,0,Mph_TU
3676.75,-1031.75,0,Mph_TU
3567.75,-1027.25,0,Mph_TU
3607.75,-1013.25,0,Mph_TU
3709.75,-1024.75,0,Mph_TU
3499.75,-1023.25,0,Mph_TU
3683.25,-1019.75,0,Mph_TU
3553.25,-1018.75,0,Mph_TU
3384.25,-1011.75,0,Mph_TU
3407.25,-998.25,0,Mph_TU
3474.75,-996.25,0,Mph_TU
3631.25,-1011.75,0,Mph_TU
3508.25,-993.25,0,Mph_TU
3652.75,-1000.75,0,Mph_TU
3614.75,-992.25,0,Mph_TU
3671.25,-992.25,0,Mph_TU
3628.75,-988.25,0,Mph_TU
3650.25,-979.25,0,Mph_TU
3710.75,-968.75,0,Mph_TU
3585.25,-967.25,0,Mph_TU
3844.75,-974.25,0,Mph_TU
3873.75,-953.75,0,Mph_TU
3883.25,-938.75,0,Mph_TU
3307.25,-948.75,0,Mph_TU
3500.75,-943.25,0,Mph_TU
3546.25,-933.25,0,Mph_TU
3682.25,-928.25,0,Mph_TU
3660.25,-928.25,0,Mph_TU
3341.75,-936.75,0,Mph_TU
3523.75,-924.25,0,Mph_TU
3319.25,-922.75,0,Mph_TU
3844.75,-924.75,0,Mph_TU
3449.25,-933.25,0,Mph_TU
3283.25,-930.75,0,Mph_TU
3709.25,-919.25,0,Mph_TU
3728.75,-917.75,0,Mph_TU
3871.75,-923.25,0,Mph_TU
3261.75,-905.75,0,Mph_TU
3499.25,-913.75,0,Mph_TU
3862.25,-908.75,0,Mph_TU
3691.25,-902.25,0,Mph_TU
3721.25,-898.25,0,Mph_TU
3864.25,-889.75,0,Mph_TU
3727.75,-883.25,0,Mph_TU
3800.25,-883.25,0,Mph_TU
3843.75,-873.75,0,Mph_TU
3855.75,-870.75,0,Mph_TU
3786.75,-870.75,0,Mph_TU
3375.25,-861.75,0,Mph_TU
3707.75,-862.75,0,Mph_TU
3815.75,-853.75,0,Mph_TU
3406.25,-858.25,0,Mph_TU
3728.25,-847.75,0,Mph_TU
3343.25,-840.25,0,Mph_TU
3777.75,-843.75,0,Mph_TU
3668.25,-830.25,0,Mph_TU
3280.75,-838.25,0,Mph_TU
3691.75,-825.25,0,Mph_TU
3433.75,-824.75,0,Mph_TU
3584.25,-801.75,0,Mph_TU
3706.75,-815.75,0,Mph_TU
3547.25,-792.75,0,Mph_TU
3748.75,-802.25,0,Mph_TU
3629.75,-798.25,0,Mph_TU
3239.25,-792.75,0,Mph_TU
3726.75,-791.75,0,Mph_TU
3623.75,-784.25,0,Mph_TU
3442.75,-788.25,0,Mph_TU
3589.25,-780.25,0,Mph_TU
3642.25,-785.75,0,Mph_TU
3342.25,-769.75,0,Mph_TU
3606.25,-775.75,0,Mph_TU
3392.75,-771.25,0,Mph_TU
3634.75,-766.75,0,Mph_TU
3243.75,-765.25,0,Mph_TU
3494.25,-763.75,0,Mph_TU
3473.75,-766.25,0,Mph_TU
3525.75,-763.25,0,Mph_TU
3614.25,-763.75,0,Mph_TU
3653.25,-764.75,0,Mph_TU
3578.25,-755.75,0,Mph_TU
3604.75,-756.25,0,Mph_TU
3462.75,-750.75,0,Mph_TU
3539.75,-744.25,0,Mph_TU
3650.75,-739.25,0,Mph_TU
3634.25,-738.25,0,Mph_TU
3304.25,-742.75,0,Mph_TU
3224.25,-726.75,0,Mph_TU
3601.75,-720.75,0,Mph_TU
3256.75,-730.75,0,Mph_TU
3237.75,-704.25,0,Mph_TU
3311.75,-711.25,0,Mph_TU
3566.75,-705.75,0,Mph_TU
3343.25,-710.25,0,Mph_TU
3532.75,-703.25,0,Mph_TU
3435.75,-698.75,0,Mph_TU
3351.75,-699.75,0,Mph_TU
3288.25,-691.25,0,Mph_TU
3305.25,-690.75,0,Mph_TU
3325.75,-684.75,0,Mph_TU
3477.75,-690.75,0,Mph_TU
3409.25,-693.75,0,Mph_TU
3347.25,-665.25,0,Mph_TU
3297.25,-668.75,0,Mph_TU
3377.75,-661.75,0,Mph_TU
3316.75,-658.25,0,Mph_TU
3478.75,-659.25,0,Mph_TU
3221.25,-657.75,0,Mph_TU
3245.25,-659.75,0,Mph_TU
3262.25,-642.75,0,Mph_TU
3231.25,-631.25,0,Mph_TU
3295.75,-628.75,0,Mph_TU
3271.75,-622.25,0,Mph_TU
3266.75,-601.75,0,Mph_TU
3239.75,-604.25,0,Mph_TU
3295.75,-599.25,0,Mph_TU
3372.25,-588.75,0,Mph_TU
3392.75,-572.25,0,Mph_TU
3348.75,-557.25,0,Mph_TU
3251.75,-560.75,0,Mph_TU
3361.75,-550.25,0,Mph_TU
3264.25,-550.75,0,Mph_TU
3316.25,-538.75,0,Mph_TU
3345.75,-533.75,0,Mph_TU
3225.75,-526.75,0,Mph_TU
3300.75,-527.25,0,Mph_TU
3264.75,-522.25,0,Mph_TU
3249.75,-512.25,0,Mph_TU
3285.25,-514.75,0,Mph_TU
3204.25,-517.25,0,Mph_TU
3270.75,-503.75,0,Mph_TU
3234.75,-503.25,0,Mph_TU
3301.25,-499.25,0,Mph_TU
3259.75,-498.25,0,Mph_TU
3209.25,-492.75,0,Mph_TU
3292.75,-488.75,0,Mph_TU
3232.25,-486.25,0,Mph_TU
3311.25,-488.75,0,Mph_TU
3272.25,-481.75,0,Mph_TU
3179.25,-478.25,0,Mph_TU
3240.25,-481.25,0,Mph_TU
3253.25,-475.25,0,Mph_TU
3319.25,-477.25,0,Mph_TU
3203.75,-477.25,0,Mph_TU
3286.75,-474.75,0,Mph_TU
3224.75,-465.75,0,Mph_TU
3304.25,-466.75,0,Mph_TU
3234.75,-467.75,0,Mph_TU
3267.75,-456.75,0,Mph_TU
3287.75,-451.75,0,Mph_TU
3238.75,-448.75,0,Mph_TU
3253.75,-451.75,0,Mph_TU
3194.75,-451.75,0,Mph_TU
3215.75,-447.75,0,Mph_TU
3242.25,-427.75,0,Mph_TU
3221.75,-425.25,0,Mph_TU
3255.25,-424.75,0,Mph_TU
3197.25,-422.75,0,Mph_TU
3281.75,-423.25,0,Mph_TU
3217.25,-408.25,0,Mph_TU
3260.25,-402.75,0,Mph_TU
3244.75,-393.25,0,Mph_TU
3216.75,-388.75,0,Mph_TU
3217.25,-369.75,0,Mph_TU
3187.75,-367.25,0,Mph_TU
3210.25,-347.25,0,Mph_TU
3232.25,-349.75,0,Mph_TU
3185.75,-340.25,0,Mph_TU
2212.75,-1134.25,0,Mph_TU
2349.75,-1120.75,0,Mph_TU
2322.75,-1125.75,0,Mph_TU
2281.75,-1120.25,0,Mph_TU
2035.25,-1109.25,0,Mph_TU
2250.75,-1104.25,0,Mph_TU
2249.25,-1086.25,0,Mph_TU
2278.25,-1099.25,0,Mph_TU
2309.75,-1086.25,0,Mph_TU
2051.75,-1083.25,0,Mph_TU
2271.25,-1081.75,0,Mph_TU
1885.25,-1081.75,0,Mph_TU
1905.25,-1087.25,0,Mph_TU
2026.25,-1071.25,0,Mph_TU
2216.75,-1077.25,0,Mph_TU
1913.25,-1071.75,0,Mph_TU
2230.25,-1063.25,0,Mph_TU
2156.25,-1070.75,0,Mph_TU
1928.75,-1060.75,0,Mph_TU
2089.75,-1060.25,0,Mph_TU
1955.75,-1064.25,0,Mph_TU
2372.75,-1060.75,0,Mph_TU
1911.75,-1044.25,0,Mph_TU
2344.25,-1051.25,0,Mph_TU
2212.25,-1043.75,0,Mph_TU
2357.25,-1037.75,0,Mph_TU
2052.75,-1031.25,0,Mph_TU
2076.75,-1026.25,0,Mph_TU
2371.75,-1030.75,0,Mph_TU
2198.75,-1030.25,0,Mph_TU
1947.25,-963.75,0,Mph_TU
2350.75,-932.25,0,Mph_TU
2216.25,-928.75,0,Mph_TU
1908.25,-931.75,0,Mph_TU
2237.75,-921.25,0,Mph_TU
1888.25,-901.75,0,Mph_TU
1905.75,-897.25,0,Mph_TU
2101.75,-848.75,0,Mph_TU
2371.75,-805.75,0,Mph_TU
2361.75,-768.75,0,Mph_TU
2190.25,-745.75,0,Mph_TU
2210.75,-739.25,0,Mph_TU
2209.25,-723.25,0,Mph_TU
2281.75,-709.75,0,Mph_TU
2203.25,-704.75,0,Mph_TU
2244.75,-699.75,0,Mph_TU
2179.25,-595.25,0,Mph_TU
2199.75,-594.25,0,Mph_TU
1709.25,-571.75,0,Mph_TU
1698.75,-545.75,0,Mph_TU
2219.75,-534.75,0,Mph_TU
2259.25,-518.25,0,Mph_TU
1745.25,-515.25,0,Mph_TU
1630.25,-485.25,0,Mph_TU
1602.75,-468.25,0,Mph_TU
1580.25,-459.75,0,Mph_TU
1627.75,-447.25,0,Mph_TU
1670.25,-439.75,0,Mph_TU
1584.75,-421.75,0,Mph_TU
1599.25,-411.25,0,Mph_TU
1667.25,-381.25,0,Mph_TU
1844.75,-382.25,0,Mph_TU
1871.75,-382.75,0,Mph_TU
1889.75,-382.75,0,Mph_TU
2277.25,-380.75,0,Mph_TU
1682.75,-362.25,0,Mph_TU
1712.25,-366.25,0,Mph_TU
1804.25,-349.75,0,Mph_TU
2443.75,-1134.75,0,Mph_TU
2824.75,-1125.25,0,Mph_TU
2797.75,-1127.75,0,Mph_TU
2647.25,-1115.25,0,Mph_TU
2440.25,-1112.25,0,Mph_TU
3173.75,-1114.25,0,Mph_TU
3149.25,-1097.25,0,Mph_TU
2679.25,-1092.75,0,Mph_TU
2665.25,-1084.25,0,Mph_TU
2633.25,-1085.25,0,Mph_TU
2859.25,-1088.25,0,Mph_TU
3175.75,-1063.75,0,Mph_TU
2449.75,-1048.75,0,Mph_TU
3164.25,-1047.25,0,Mph_TU
2422.75,-1051.25,0,Mph_TU
2493.75,-1045.25,0,Mph_TU
2577.75,-1040.75,0,Mph_TU
2458.75,-1026.75,0,Mph_TU
2405.25,-1025.25,0,Mph_TU
2438.75,-1025.75,0,Mph_TU
2508.75,-1019.75,0,Mph_TU
2811.75,-1024.75,0,Mph_TU
2604.75,-1008.25,0,Mph_TU
2772.25,-1018.25,0,Mph_TU
3124.75,-1016.75,0,Mph_TU
2844.75,-1009.75,0,Mph_TU
2762.25,-1001.75,0,Mph_TU
2570.75,-999.25,0,Mph_TU
2631.25,-992.25,0,Mph_TU
3117.25,-992.75,0,Mph_TU
2710.75,-986.75,0,Mph_TU
2838.75,-982.75,0,Mph_TU
3105.75,-981.25,0,Mph_TU
2517.75,-976.25,0,Mph_TU
2892.75,-977.75,0,Mph_TU
2814.75,-975.75,0,Mph_TU
3018.75,-959.75,0,Mph_TU
2827.75,-957.25,0,Mph_TU
2876.75,-956.75,0,Mph_TU
2958.25,-959.25,0,Mph_TU
3131.25,-951.75,0,Mph_TU
2394.25,-958.75,0,Mph_TU
2382.75,-936.25,0,Mph_TU
2517.25,-940.25,0,Mph_TU
2570.25,-944.75,0,Mph_TU
2978.75,-943.25,0,Mph_TU
2767.25,-936.75,0,Mph_TU
3007.75,-939.75,0,Mph_TU
2942.25,-928.75,0,Mph_TU
2619.75,-930.75,0,Mph_TU
2842.75,-929.75,0,Mph_TU
3108.25,-930.25,0,Mph_TU
2728.75,-928.25,0,Mph_TU
2708.75,-925.25,0,Mph_TU
3133.75,-923.75,0,Mph_TU
2968.75,-925.25,0,Mph_TU
2992.75,-921.25,0,Mph_TU
2450.25,-921.25,0,Mph_TU
2677.25,-913.25,0,Mph_TU
3109.75,-915.25,0,Mph_TU
2481.75,-906.75,0,Mph_TU
2661.25,-907.25,0,Mph_TU
2995.75,-899.25,0,Mph_TU
2508.25,-898.75,0,Mph_TU
2852.75,-899.25,0,Mph_TU
2433.25,-897.25,0,Mph_TU
2957.25,-885.25,0,Mph_TU
3042.25,-869.25,0,Mph_TU
2399.25,-878.25,0,Mph_TU
3062.25,-870.75,0,Mph_TU
3101.25,-862.25,0,Mph_TU
2383.75,-858.25,0,Mph_TU
2415.25,-855.75,0,Mph_TU
3153.75,-843.75,0,Mph_TU
2959.25,-845.25,0,Mph_TU
2921.25,-830.75,0,Mph_TU
2396.25,-828.25,0,Mph_TU
2853.25,-821.75,0,Mph_TU
2802.75,-811.25,0,Mph_TU
2972.25,-818.25,0,Mph_TU
2595.75,-821.75,0,Mph_TU
2897.25,-809.75,0,Mph_TU
2991.75,-806.25,0,Mph_TU
3089.25,-812.25,0,Mph_TU
3115.25,-799.75,0,Mph_TU
2842.25,-807.25,0,Mph_TU
2955.25,-796.75,0,Mph_TU
3051.75,-804.25,0,Mph_TU
2846.75,-783.25,0,Mph_TU
2944.75,-774.75,0,Mph_TU
3060.75,-771.75,0,Mph_TU
2688.25,-761.75,0,Mph_TU
2468.25,-767.75,0,Mph_TU
2718.25,-762.25,0,Mph_TU
2926.25,-755.25,0,Mph_TU
2448.25,-757.75,0,Mph_TU
2802.25,-763.75,0,Mph_TU
2409.75,-750.75,0,Mph_TU
2520.25,-749.25,0,Mph_TU
2380.25,-740.75,0,Mph_TU
3076.75,-746.25,0,Mph_TU
2743.75,-752.25,0,Mph_TU
2498.75,-747.25,0,Mph_TU
2455.25,-729.75,0,Mph_TU
2620.75,-725.75,0,Mph_TU
2506.25,-725.25,0,Mph_TU
3082.75,-724.25,0,Mph_TU
3017.75,-723.25,0,Mph_TU
2528.75,-725.75,0,Mph_TU
2447.75,-703.75,0,Mph_TU
2528.25,-709.75,0,Mph_TU
2662.75,-706.25,0,Mph_TU
3137.25,-706.75,0,Mph_TU
2859.25,-698.75,0,Mph_TU
3098.75,-689.75,0,Mph_TU
2540.75,-694.75,0,Mph_TU
3013.25,-677.25,0,Mph_TU
2502.25,-680.25,0,Mph_TU
2775.25,-677.75,0,Mph_TU
2939.25,-675.25,0,Mph_TU
2541.25,-670.75,0,Mph_TU
2799.75,-667.75,0,Mph_TU
2461.25,-664.25,0,Mph_TU
3140.75,-669.25,0,Mph_TU
3176.25,-673.25,0,Mph_TU
2909.25,-671.75,0,Mph_TU
2890.25,-653.75,0,Mph_TU
2952.75,-654.75,0,Mph_TU
2904.25,-634.25,0,Mph_TU
2590.75,-639.25,0,Mph_TU
2828.25,-642.75,0,Mph_TU
2766.25,-643.75,0,Mph_TU
2699.25,-627.75,0,Mph_TU
2961.75,-627.75,0,Mph_TU
2722.25,-614.75,0,Mph_TU
2806.75,-611.75,0,Mph_TU
3050.25,-595.25,0,Mph_TU
3174.75,-608.25,0,Mph_TU
2518.25,-605.25,0,Mph_TU
2766.25,-604.75,0,Mph_TU
2425.25,-599.25,0,Mph_TU
2727.25,-597.25,0,Mph_TU
2704.75,-595.25,0,Mph_TU
2564.25,-592.75,0,Mph_TU
3158.25,-593.25,0,Mph_TU
2528.75,-583.25,0,Mph_TU
3072.25,-579.75,0,Mph_TU
2739.25,-581.75,0,Mph_TU
2552.25,-591.25,0,Mph_TU
2688.75,-585.25,0,Mph_TU
2810.75,-578.25,0,Mph_TU
3044.25,-573.75,0,Mph_TU
2795.75,-554.25,0,Mph_TU
3114.25,-559.25,0,Mph_TU
3064.75,-536.75,0,Mph_TU
3176.75,-550.25,0,Mph_TU
3165.75,-535.25,0,Mph_TU
3111.75,-530.75,0,Mph_TU
3127.75,-523.25,0,Mph_TU
3029.75,-527.25,0,Mph_TU
3164.75,-519.75,0,Mph_TU
2807.75,-513.75,0,Mph_TU
3141.75,-510.75,0,Mph_TU
2770.75,-505.75,0,Mph_TU
2957.25,-504.75,0,Mph_TU
3055.75,-504.75,0,Mph_TU
3142.75,-483.75,0,Mph_TU
3031.75,-495.75,0,Mph_TU
3059.75,-489.75,0,Mph_TU
3098.25,-483.75,0,Mph_TU
2862.75,-483.25,0,Mph_TU
3049.75,-472.25,0,Mph_TU
3008.75,-479.75,0,Mph_TU
2685.25,-482.25,0,Mph_TU
3024.25,-462.75,0,Mph_TU
3062.75,-467.25,0,Mph_TU
2922.25,-459.75,0,Mph_TU
3089.75,-466.25,0,Mph_TU
2957.25,-462.25,0,Mph_TU
2994.25,-452.25,0,Mph_TU
3175.75,-452.25,0,Mph_TU
3130.75,-453.25,0,Mph_TU
3049.75,-444.25,0,Mph_TU
2855.75,-439.75,0,Mph_TU
2504.25,-442.25,0,Mph_TU
3087.75,-442.25,0,Mph_TU
2958.25,-429.25,0,Mph_TU
2943.25,-426.25,0,Mph_TU
3104.25,-427.75,0,Mph_TU
3089.75,-424.25,0,Mph_TU
3133.75,-424.25,0,Mph_TU
2919.25,-414.75,0,Mph_TU
3073.25,-421.75,0,Mph_TU
3112.75,-407.75,0,Mph_TU
3079.75,-402.25,0,Mph_TU
2555.25,-401.75,0,Mph_TU
3126.75,-395.25,0,Mph_TU
3155.75,-394.75,0,Mph_TU
3090.25,-380.75,0,Mph_TU
3121.75,-376.25,0,Mph_TU
2692.75,-369.25,0,Mph_TU
3078.25,-369.75,0,Mph_TU
3055.75,-369.25,0,Mph_TU
3069.75,-349.25,0,Mph_TU
3160.75,-350.75,0,Mph_TU
-1739.25,127.25,0,Mph_TU
-1816.25,193.75,0,Mph_TU
-1656.75,200.75,0,Mph_TU
-1827.75,205.25,0,Mph_TU
-1815.25,221.75,0,Mph_TU
-1797.25,221.75,0,Mph_TU
-1808.25,238.75,0,Mph_TU
-1785.75,255.75,0,Mph_TU
-1820.25,268.75,0,Mph_TU
-1692.75,288.75,0,Mph_TU
-1720.75,297.25,0,Mph_TU
-1790.25,296.75,0,Mph_TU
-1802.25,311.75,0,Mph_TU
-1662.75,361.75,0,Mph_TU
-2244.75,403.25,0,Mph_TU
-1961.25,448.75,0,Mph_TU
-1738.25,447.75,0,Mph_TU
-2052.25,459.75,0,Mph_TU
-897.75,-254.25,0,Mph_TU
-943.75,-236.25,0,Mph_TU
-895.25,-227.25,0,Mph_TU
-924.75,-227.75,0,Mph_TU
-952.25,-208.25,0,Mph_TU
-882.75,-204.75,0,Mph_TU
-916.75,-194.75,0,Mph_TU
-952.25,-187.25,0,Mph_TU
-1052.25,-184.25,0,Mph_TU
-928.75,-191.25,0,Mph_TU
-1091.25,-116.75,0,Mph_TU
-1101.75,-95.75,0,Mph_TU
-1080.75,-97.75,0,Mph_TU
-1179.75,-88.75,0,Mph_TU
-1164.75,-72.75,0,Mph_TU
-947.75,-67.25,0,Mph_TU
-1095.25,-69.75,0,Mph_TU
-1191.75,-62.75,0,Mph_TU
-1140.75,-44.75,0,Mph_TU
-1125.25,-39.25,0,Mph_TU
-1224.25,-40.75,0,Mph_TU
-951.75,-34.25,0,Mph_TU
-965.25,-32.75,0,Mph_TU
-1243.25,-34.75,0,Mph_TU
-1246.25,-12.75,0,Mph_TU
-966.25,-8.25,0,Mph_TU
-935.25,-5.75,0,Mph_TU
-1327.25,0.75,0,Mph_TU
-916.75,16.25,0,Mph_TU
-1163.75,8.75,0,Mph_TU
-1152.25,19.75,0,Mph_TU
-1221.25,32.75,0,Mph_TU
-1184.75,34.25,0,Mph_TU
-1355.25,35.25,0,Mph_TU
-1204.75,46.75,0,Mph_TU
-1341.25,43.75,0,Mph_TU
-929.25,51.75,0,Mph_TU
-1167.25,79.25,0,Mph_TU
-930.75,72.25,0,Mph_TU
-1106.25,79.75,0,Mph_TU
-1424.75,72.75,0,Mph_TU
-1439.75,95.25,0,Mph_TU
-1123.25,115.75,0,Mph_TU
-1472.75,104.75,0,Mph_TU
-1259.25,107.25,0,Mph_TU
-1172.25,114.25,0,Mph_TU
-1432.75,110.25,0,Mph_TU
-1453.75,114.75,0,Mph_TU
-1470.25,122.25,0,Mph_TU
-1209.75,114.25,0,Mph_TU
-1348.75,128.75,0,Mph_TU
-1319.75,123.75,0,Mph_TU
-1225.75,144.25,0,Mph_TU
-1505.75,138.75,0,Mph_TU
-1476.25,157.25,0,Mph_TU
-1526.25,154.75,0,Mph_TU
-1507.25,166.75,0,Mph_TU
-1372.75,159.25,0,Mph_TU
-1175.25,176.25,0,Mph_TU
-1300.25,191.75,0,Mph_TU
-1562.75,190.75,0,Mph_TU
-1224.25,188.25,0,Mph_TU
-1521.75,208.25,0,Mph_TU
-1045.75,199.25,0,Mph_TU
-1463.75,217.25,0,Mph_TU
-1210.75,212.75,0,Mph_TU
-1553.75,214.75,0,Mph_TU
-1045.75,222.25,0,Mph_TU
-1087.75,233.75,0,Mph_TU
-1323.25,235.25,0,Mph_TU
-1567.25,229.25,0,Mph_TU
-1225.75,231.25,0,Mph_TU
-1435.75,233.75,0,Mph_TU
-1064.75,239.75,0,Mph_TU
-1530.25,254.25,0,Mph_TU
-1120.25,253.25,0,Mph_TU
-1213.25,257.75,0,Mph_TU
-1449.75,261.25,0,Mph_TU
-1012.25,266.75,0,Mph_TU
-1241.25,276.25,0,Mph_TU
-1536.75,275.25,0,Mph_TU
-1499.25,275.75,0,Mph_TU
-1286.25,284.25,0,Mph_TU
-1134.25,287.75,0,Mph_TU
-1046.25,283.75,0,Mph_TU
-1273.75,306.25,0,Mph_TU
-1193.25,319.75,0,Mph_TU
-1484.25,331.75,0,Mph_TU
-1209.75,356.25,0,Mph_TU
-1409.75,355.75,0,Mph_TU
-1607.75,356.25,0,Mph_TU
-1577.75,352.75,0,Mph_TU
-1266.75,364.25,0,Mph_TU
-1325.75,368.75,0,Mph_TU
-1201.25,384.75,0,Mph_TU
-1610.25,387.25,0,Mph_TU
-1317.25,384.25,0,Mph_TU
-1419.75,398.25,0,Mph_TU
-870.25,391.25,0,Mph_TU
-1391.25,409.75,0,Mph_TU
-1097.25,405.75,0,Mph_TU
-1181.75,423.25,0,Mph_TU
-1081.25,426.75,0,Mph_TU
-1095.25,430.75,0,Mph_TU
-1116.25,432.25,0,Mph_TU
-1196.75,435.75,0,Mph_TU
-1251.75,430.75,0,Mph_TU
-842.25,446.75,0,Mph_TU
-1253.25,456.75,0,Mph_TU
-1088.75,453.25,0,Mph_TU
-1397.75,457.25,0,Mph_TU
-115.75,-312.75,0,Mph_TU
-215.75,-299.75,0,Mph_TU
-388.75,-289.75,0,Mph_TU
-225.75,-286.75,0,Mph_TU
-708.75,-280.25,0,Mph_TU
-189.25,-281.25,0,Mph_TU
-809.25,-278.25,0,Mph_TU
-121.75,-269.25,0,Mph_TU
-227.25,-267.75,0,Mph_TU
-389.75,-262.25,0,Mph_TU
-205.25,-259.75,0,Mph_TU
-132.25,-249.25,0,Mph_TU
-157.25,-254.75,0,Mph_TU
-735.25,-256.75,0,Mph_TU
-687.75,-250.75,0,Mph_TU
-154.25,-235.75,0,Mph_TU
-418.75,-234.75,0,Mph_TU
-164.75,-218.75,0,Mph_TU
-558.25,-194.25,0,Mph_TU
-583.25,-189.75,0,Mph_TU
-124.75,-190.25,0,Mph_TU
-139.25,-193.25,0,Mph_TU
-808.75,-175.75,0,Mph_TU
-117.25,-178.75,0,Mph_TU
-227.75,-171.75,0,Mph_TU
-201.75,-174.25,0,Mph_TU
-136.75,-164.25,0,Mph_TU
-485.75,-162.25,0,Mph_TU
-432.25,-158.75,0,Mph_TU
-469.25,-152.25,0,Mph_TU
-92.25,-142.25,0,Mph_TU
-461.75,-129.25,0,Mph_TU
-74.75,-132.25,0,Mph_TU
-818.75,-105.25,0,Mph_TU
-249.25,-56.75,0,Mph_TU
-495.25,31.25,0,Mph_TU
-498.25,63.25,0,Mph_TU
-748.75,69.25,0,Mph_TU
-139.75,87.25,0,Mph_TU
-161.75,100.25,0,Mph_TU
-217.25,112.25,0,Mph_TU
-605.25,109.25,0,Mph_TU
-133.25,109.75,0,Mph_TU
-114.75,115.75,0,Mph_TU
-176.75,119.25,0,Mph_TU
-135.75,121.75,0,Mph_TU
-112.75,130.25,0,Mph_TU
-63.75,137.75,0,Mph_TU
-101.75,142.75,0,Mph_TU
-116.25,155.75,0,Mph_TU
-145.25,162.75,0,Mph_TU
-90.25,171.25,0,Mph_TU
-134.75,175.75,0,Mph_TU
-117.75,179.75,0,Mph_TU
-377.25,196.25,0,Mph_TU
-266.75,192.25,0,Mph_TU
-334.75,199.75,0,Mph_TU
-237.75,195.25,0,Mph_TU
-217.75,196.75,0,Mph_TU
-249.75,209.75,0,Mph_TU
-163.25,206.75,0,Mph_TU
-511.75,222.75,0,Mph_TU
-430.75,231.25,0,Mph_TU
-246.75,235.75,0,Mph_TU
-355.25,248.25,0,Mph_TU
-315.75,243.25,0,Mph_TU
-274.25,251.75,0,Mph_TU
-252.25,251.75,0,Mph_TU
-114.25,264.25,0,Mph_TU
-624.75,277.75,0,Mph_TU
-105.75,299.75,0,Mph_TU
-275.25,318.75,0,Mph_TU
-65.25,309.75,0,Mph_TU
-112.25,327.75,0,Mph_TU
-66.25,332.75,0,Mph_TU
-611.25,332.25,0,Mph_TU
-623.75,350.75,0,Mph_TU
-27.75,342.75,0,Mph_TU
-88.25,371.25,0,Mph_TU
-35.75,366.25,0,Mph_TU
-57.75,372.75,0,Mph_TU
-54.25,395.25,0,Mph_TU
-301.25,397.25,0,Mph_TU
-582.75,407.75,0,Mph_TU
-93.75,405.25,0,Mph_TU
-331.25,424.75,0,Mph_TU
-472.75,417.75,0,Mph_TU
-380.25,428.75,0,Mph_TU
-119.75,434.75,0,Mph_TU
-335.75,441.75,0,Mph_TU
-112.75,448.75,0,Mph_TU
-319.75,458.75,0,Mph_TU
-299.25,462.75,0,Mph_TU
686.25,-332.25,0,Mph_TU
143.75,-323.75,0,Mph_TU
655.25,-260.75,0,Mph_TU
457.75,-260.75,0,Mph_TU
482.75,-252.75,0,Mph_TU
502.75,-250.75,0,Mph_TU
457.75,-239.75,0,Mph_TU
486.25,-231.75,0,Mph_TU
21.25,-243.25,0,Mph_TU
101.25,-205.25,0,Mph_TU
732.75,-205.25,0,Mph_TU
116.75,-180.25,0,Mph_TU
731.75,-180.75,0,Mph_TU
746.75,-165.25,0,Mph_TU
490.25,-156.75,0,Mph_TU
703.25,-146.25,0,Mph_TU
492.75,-130.25,0,Mph_TU
384.25,-118.25,0,Mph_TU
705.25,-113.75,0,Mph_TU
44.75,-115.75,0,Mph_TU
357.25,-99.75,0,Mph_TU
416.75,-99.25,0,Mph_TU
427.25,-93.75,0,Mph_TU
321.25,-82.75,0,Mph_TU
386.75,-52.75,0,Mph_TU
229.75,-44.25,0,Mph_TU
433.75,2.25,0,Mph_TU
451.25,-1.75,0,Mph_TU
294.75,18.25,0,Mph_TU
246.25,16.75,0,Mph_TU
272.75,20.75,0,Mph_TU
251.25,36.75,0,Mph_TU
295.75,55.25,0,Mph_TU
501.25,57.75,0,Mph_TU
283.25,54.75,0,Mph_TU
735.75,72.75,0,Mph_TU
65.75,94.25,0,Mph_TU
561.75,95.25,0,Mph_TU
620.75,105.25,0,Mph_TU
48.75,192.75,0,Mph_TU
590.25,201.25,0,Mph_TU
46.25,224.75,0,Mph_TU
320.75,212.25,0,Mph_TU
593.25,227.25,0,Mph_TU
459.25,252.25,0,Mph_TU
157.75,286.75,0,Mph_TU
480.75,276.75,0,Mph_TU
525.75,276.75,0,Mph_TU
177.75,287.75,0,Mph_TU
163.25,283.75,0,Mph_TU
71.75,301.25,0,Mph_TU
-4.75,319.75,0,Mph_TU
392.75,359.75,0,Mph_TU
161.25,345.75,0,Mph_TU
-10.75,358.75,0,Mph_TU
145.75,361.75,0,Mph_TU
359.75,363.25,0,Mph_TU
97.25,383.25,0,Mph_TU
572.25,380.25,0,Mph_TU
127.25,382.75,0,Mph_TU
86.75,407.25,0,Mph_TU
89.25,428.25,0,Mph_TU
602.25,439.75,0,Mph_TU
46.75,455.25,0,Mph_TU
98.75,447.25,0,Mph_TU
664.25,454.75,0,Mph_TU
2337.75,-329.75,0,Mph_TU
2316.25,-314.25,0,Mph_TU
2073.75,-294.25,0,Mph_TU
2342.25,-293.25,0,Mph_TU
2089.25,-284.75,0,Mph_TU
2334.75,-268.25,0,Mph_TU
1595.25,-268.25,0,Mph_TU
2372.75,-265.75,0,Mph_TU
1611.75,-263.75,0,Mph_TU
1639.25,-265.25,0,Mph_TU
2296.75,-255.75,0,Mph_TU
2367.75,-241.75,0,Mph_TU
1654.25,-251.25,0,Mph_TU
1603.75,-242.75,0,Mph_TU
1612.75,-231.25,0,Mph_TU
1718.25,-236.75,0,Mph_TU
2202.25,-186.25,0,Mph_TU
1805.75,-195.25,0,Mph_TU
2152.75,-186.75,0,Mph_TU
2101.25,-165.25,0,Mph_TU
1720.75,-154.25,0,Mph_TU
1642.25,-154.75,0,Mph_TU
2096.75,-144.75,0,Mph_TU
1672.75,-141.75,0,Mph_TU
1810.25,-133.75,0,Mph_TU
1644.75,-126.75,0,Mph_TU
1836.75,-133.75,0,Mph_TU
1930.75,-113.25,0,Mph_TU
1926.25,-92.25,0,Mph_TU
1947.25,-95.75,0,Mph_TU
1742.25,-47.25,0,Mph_TU
1892.75,-34.25,0,Mph_TU
1976.25,15.25,0,Mph_TU
1717.75,13.25,0,Mph_TU
1991.25,32.25,0,Mph_TU
1894.75,29.75,0,Mph_TU
1730.75,35.25,0,Mph_TU
1830.75,45.25,0,Mph_TU
1981.25,48.75,0,Mph_TU
1882.75,55.75,0,Mph_TU
2370.25,54.25,0,Mph_TU
1718.25,62.25,0,Mph_TU
1868.25,58.75,0,Mph_TU
2251.25,58.75,0,Mph_TU
2360.75,64.25,0,Mph_TU
1951.25,61.25,0,Mph_TU
2376.25,59.75,0,Mph_TU
1693.75,72.25,0,Mph_TU
1738.25,61.75,0,Mph_TU
1792.75,77.25,0,Mph_TU
1956.25,82.75,0,Mph_TU
1739.25,92.25,0,Mph_TU
1760.75,82.25,0,Mph_TU
1901.75,98.25,0,Mph_TU
1989.25,103.25,0,Mph_TU
1830.25,109.25,0,Mph_TU
1943.75,110.75,0,Mph_TU
2215.25,107.75,0,Mph_TU
1790.25,111.75,0,Mph_TU
1860.25,110.75,0,Mph_TU
1754.75,122.75,0,Mph_TU
1807.25,120.25,0,Mph_TU
1964.25,124.75,0,Mph_TU
1895.75,120.25,0,Mph_TU
1988.75,132.25,0,Mph_TU
1828.75,140.75,0,Mph_TU
2304.25,136.25,0,Mph_TU
2233.25,150.25,0,Mph_TU
2006.25,133.75,0,Mph_TU
1909.25,140.75,0,Mph_TU
1871.75,150.25,0,Mph_TU
2260.25,150.25,0,Mph_TU
1962.25,150.75,0,Mph_TU
1991.25,152.25,0,Mph_TU
2202.75,157.75,0,Mph_TU
2249.75,164.25,0,Mph_TU
1794.25,157.75,0,Mph_TU
1932.25,154.25,0,Mph_TU
2001.25,157.75,0,Mph_TU
1952.75,162.25,0,Mph_TU
2098.25,168.25,0,Mph_TU
1907.25,169.75,0,Mph_TU
1985.75,171.25,0,Mph_TU
1851.25,168.75,0,Mph_TU
1892.25,171.25,0,Mph_TU
2291.75,179.25,0,Mph_TU
1821.75,176.75,0,Mph_TU
2064.25,185.25,0,Mph_TU
2097.25,183.75,0,Mph_TU
2203.25,191.25,0,Mph_TU
1742.25,190.75,0,Mph_TU
1766.75,187.25,0,Mph_TU
2178.75,199.25,0,Mph_TU
2254.75,199.75,0,Mph_TU
2288.75,207.25,0,Mph_TU
1887.75,214.75,0,Mph_TU
2048.75,220.75,0,Mph_TU
1924.75,222.25,0,Mph_TU
1895.75,233.75,0,Mph_TU
2032.25,229.75,0,Mph_TU
2172.75,247.75,0,Mph_TU
1783.75,247.75,0,Mph_TU
1821.25,252.25,0,Mph_TU
1773.75,264.75,0,Mph_TU
2164.75,270.25,0,Mph_TU
1814.25,273.25,0,Mph_TU
2181.75,278.75,0,Mph_TU
1800.25,279.75,0,Mph_TU
1595.75,280.75,0,Mph_TU
2202.25,294.25,0,Mph_TU
1763.75,293.25,0,Mph_TU
1624.75,294.75,0,Mph_TU
2212.25,307.25,0,Mph_TU
1604.25,314.25,0,Mph_TU
2277.25,307.75,0,Mph_TU
2135.75,309.25,0,Mph_TU
1764.25,318.25,0,Mph_TU
1783.25,319.25,0,Mph_TU
2221.25,317.75,0,Mph_TU
1751.75,324.25,0,Mph_TU
1905.25,324.75,0,Mph_TU
2209.75,333.75,0,Mph_TU
1769.25,334.25,0,Mph_TU
2250.75,337.75,0,Mph_TU
2185.75,342.25,0,Mph_TU
1901.75,351.75,0,Mph_TU
1857.75,342.75,0,Mph_TU
2270.25,341.25,0,Mph_TU
1758.25,349.75,0,Mph_TU
1737.75,355.75,0,Mph_TU
2211.25,354.75,0,Mph_TU
1799.25,363.75,0,Mph_TU
1595.25,362.75,0,Mph_TU
1777.75,368.25,0,Mph_TU
2201.75,371.75,0,Mph_TU
2248.25,367.75,0,Mph_TU
2226.25,373.75,0,Mph_TU
1752.25,374.25,0,Mph_TU
2176.25,370.25,0,Mph_TU
1899.25,378.25,0,Mph_TU
1605.75,378.75,0,Mph_TU
1882.75,389.75,0,Mph_TU
2012.25,387.75,0,Mph_TU
1900.25,395.75,0,Mph_TU
2040.75,402.25,0,Mph_TU
1620.25,409.25,0,Mph_TU
1773.75,411.75,0,Mph_TU
1807.75,410.75,0,Mph_TU
1857.25,404.75,0,Mph_TU
1852.25,435.25,0,Mph_TU
1740.75,428.75,0,Mph_TU
1821.25,437.25,0,Mph_TU
1628.25,435.75,0,Mph_TU
1838.75,445.25,0,Mph_TU
1850.75,445.75,0,Mph_TU
1658.25,462.25,0,Mph_TU
1616.75,460.75,0,Mph_TU
1491.25,-327.75,0,Mph_TU
899.25,-293.25,0,Mph_TU
1551.25,-295.25,0,Mph_TU
1567.25,-282.75,0,Mph_TU
1059.25,-280.75,0,Mph_TU
1083.25,-283.25,0,Mph_TU
1026.25,-274.25,0,Mph_TU
1174.75,-263.75,0,Mph_TU
1015.25,-260.75,0,Mph_TU
1064.25,-259.25,0,Mph_TU
1047.25,-260.75,0,Mph_TU
1030.75,-252.75,0,Mph_TU
1073.25,-241.25,0,Mph_TU
1179.25,-239.75,0,Mph_TU
1064.75,-234.25,0,Mph_TU
1192.25,-228.75,0,Mph_TU
1300.75,-229.25,0,Mph_TU
1099.25,-212.75,0,Mph_TU
841.75,-225.25,0,Mph_TU
1129.25,-203.25,0,Mph_TU
1489.25,-206.75,0,Mph_TU
1074.25,-194.75,0,Mph_TU
1159.25,-191.75,0,Mph_TU
1336.75,-197.25,0,Mph_TU
1538.75,-191.25,0,Mph_TU
891.75,-185.75,0,Mph_TU
1270.75,-175.25,0,Mph_TU
1490.25,-180.75,0,Mph_TU
1308.25,-173.25,0,Mph_TU
1150.75,-167.25,0,Mph_TU
884.75,-155.75,0,Mph_TU
1289.25,-158.25,0,Mph_TU
1180.25,-146.75,0,Mph_TU
1136.25,-139.75,0,Mph_TU
1204.25,-137.25,0,Mph_TU
1536.25,-134.25,0,Mph_TU
1336.25,-125.75,0,Mph_TU
1530.25,-120.25,0,Mph_TU
1546.75,-120.75,0,Mph_TU
1560.25,-106.75,0,Mph_TU
1543.25,-100.25,0,Mph_TU
1569.75,-96.25,0,Mph_TU
1226.75,-86.75,0,Mph_TU
1358.75,-67.75,0,Mph_TU
1392.75,-64.25,0,Mph_TU
1310.25,-58.75,0,Mph_TU
1273.25,-49.25,0,Mph_TU
1230.25,-48.75,0,Mph_TU
1392.25,-32.25,0,Mph_TU
1289.25,-29.75,0,Mph_TU
1270.75,-23.75,0,Mph_TU
1470.25,-5.25,0,Mph_TU
1539.25,-9.25,0,Mph_TU
1309.75,6.75,0,Mph_TU
1425.25,21.75,0,Mph_TU
1545.75,13.75,0,Mph_TU
1265.75,35.75,0,Mph_TU
1474.25,36.75,0,Mph_TU
1192.25,34.75,0,Mph_TU
1453.25,37.25,0,Mph_TU
1313.75,33.75,0,Mph_TU
1401.25,46.25,0,Mph_TU
1356.75,54.75,0,Mph_TU
1241.75,74.25,0,Mph_TU
1475.25,77.25,0,Mph_TU
1460.25,71.75,0,Mph_TU
1435.25,78.25,0,Mph_TU
1272.75,71.75,0,Mph_TU
1248.75,96.25,0,Mph_TU
1458.25,103.75,0,Mph_TU
1063.75,101.75,0,Mph_TU
1283.75,104.25,0,Mph_TU
1487.75,129.75,0,Mph_TU
1059.75,134.25,0,Mph_TU
1274.25,136.25,0,Mph_TU
1424.75,173.25,0,Mph_TU
1398.25,174.25,0,Mph_TU
1458.75,197.75,0,Mph_TU
1397.25,196.75,0,Mph_TU
1417.25,195.25,0,Mph_TU
1234.25,228.25,0,Mph_TU
1384.25,230.75,0,Mph_TU
1411.25,235.75,0,Mph_TU
1210.75,240.25,0,Mph_TU
1186.25,254.25,0,Mph_TU
1401.25,271.25,0,Mph_TU
1494.25,254.75,0,Mph_TU
1220.75,264.25,0,Mph_TU
1196.25,271.25,0,Mph_TU
1280.75,272.25,0,Mph_TU
1227.25,272.25,0,Mph_TU
1508.75,274.75,0,Mph_TU
1178.25,290.75,0,Mph_TU
1323.75,285.75,0,Mph_TU
1198.25,295.75,0,Mph_TU
1325.25,317.25,0,Mph_TU
1350.75,314.25,0,Mph_TU
1426.75,313.25,0,Mph_TU
1468.25,309.25,0,Mph_TU
1400.25,325.25,0,Mph_TU
1447.25,339.25,0,Mph_TU
1410.75,336.25,0,Mph_TU
1179.75,339.75,0,Mph_TU
1434.75,341.25,0,Mph_TU
1155.75,345.25,0,Mph_TU
1166.75,356.75,0,Mph_TU
1482.75,357.25,0,Mph_TU
1404.25,360.25,0,Mph_TU
1429.25,366.75,0,Mph_TU
1253.25,380.25,0,Mph_TU
1416.75,384.75,0,Mph_TU
1447.25,380.75,0,Mph_TU
1461.25,382.75,0,Mph_TU
1273.75,375.25,0,Mph_TU
1572.25,371.75,0,Mph_TU
1396.75,390.25,0,Mph_TU
1437.75,387.75,0,Mph_TU
1450.25,399.75,0,Mph_TU
873.75,404.25,0,Mph_TU
909.25,404.25,0,Mph_TU
1261.25,416.25,0,Mph_TU
1440.75,419.25,0,Mph_TU
924.25,423.75,0,Mph_TU
933.75,434.75,0,Mph_TU
936.75,453.75,0,Mph_TU
1447.25,444.25,0,Mph_TU
908.75,456.75,0,Mph_TU
1405.75,459.75,0,Mph_TU
1449.25,460.25,0,Mph_TU
3095.25,-334.25,0,Mph_TU
2989.75,-334.75,0,Mph_TU
3161.25,-319.25,0,Mph_TU
2774.75,-331.25,0,Mph_TU
2966.25,-309.25,0,Mph_TU
2790.25,-323.75,0,Mph_TU
2880.25,-283.75,0,Mph_TU
2742.75,-286.25,0,Mph_TU
2828.75,-278.75,0,Mph_TU
2796.25,-269.25,0,Mph_TU
2925.25,-275.75,0,Mph_TU
2850.75,-272.75,0,Mph_TU
3050.75,-255.25,0,Mph_TU
2768.25,-261.75,0,Mph_TU
2732.25,-264.75,0,Mph_TU
2765.75,-241.25,0,Mph_TU
3060.75,-228.75,0,Mph_TU
3162.25,-231.25,0,Mph_TU
2956.25,-222.25,0,Mph_TU
3024.25,-219.75,0,Mph_TU
2781.75,-222.25,0,Mph_TU
3001.75,-221.25,0,Mph_TU
2705.25,-201.75,0,Mph_TU
3163.25,-210.75,0,Mph_TU
2994.75,-194.75,0,Mph_TU
2763.75,-205.25,0,Mph_TU
3140.25,-203.25,0,Mph_TU
3037.75,-198.75,0,Mph_TU
2965.75,-194.75,0,Mph_TU
3011.25,-197.75,0,Mph_TU
3119.75,-198.75,0,Mph_TU
3141.25,-186.25,0,Mph_TU
2924.25,-185.25,0,Mph_TU
3117.25,-176.25,0,Mph_TU
2954.75,-183.25,0,Mph_TU
3084.75,-174.25,0,Mph_TU
3026.25,-171.25,0,Mph_TU
2806.25,-166.75,0,Mph_TU
2994.75,-165.25,0,Mph_TU
3130.25,-151.75,0,Mph_TU
2921.75,-155.75,0,Mph_TU
2942.75,-153.25,0,Mph_TU
2764.25,-148.25,0,Mph_TU
2879.25,-136.75,0,Mph_TU
2994.75,-118.75,0,Mph_TU
3125.25,-132.75,0,Mph_TU
3024.75,-119.25,0,Mph_TU
2532.75,-111.25,0,Mph_TU
3008.25,-98.75,0,Mph_TU
3082.25,-93.25,0,Mph_TU
3060.25,-89.25,0,Mph_TU
2578.25,-75.25,0,Mph_TU
3011.75,-71.25,0,Mph_TU
2528.25,-76.25,0,Mph_TU
3050.75,-70.75,0,Mph_TU
2562.25,-62.25,0,Mph_TU
2591.75,-64.25,0,Mph_TU
2505.75,-56.75,0,Mph_TU
2582.75,-50.25,0,Mph_TU
3046.75,-26.75,0,Mph_TU
2593.75,-27.75,0,Mph_TU
2945.75,-30.25,0,Mph_TU
2955.75,-9.25,0,Mph_TU
2622.25,3.25,0,Mph_TU
2950.25,3.75,0,Mph_TU
2628.75,19.25,0,Mph_TU
2525.25,31.75,0,Mph_TU
2495.75,70.25,0,Mph_TU
2678.25,59.75,0,Mph_TU
2660.75,75.75,0,Mph_TU
2485.25,87.75,0,Mph_TU
2471.25,121.25,0,Mph_TU
2436.25,126.25,0,Mph_TU
2446.75,151.75,0,Mph_TU
2646.25,153.75,0,Mph_TU
2611.25,166.75,0,Mph_TU
2460.25,163.75,0,Mph_TU
2636.75,172.75,0,Mph_TU
2457.25,184.25,0,Mph_TU
2531.75,186.25,0,Mph_TU
2511.75,192.25,0,Mph_TU
2563.75,191.25,0,Mph_TU
2532.25,204.25,0,Mph_TU
2595.75,197.25,0,Mph_TU
2583.75,219.25,0,Mph_TU
2519.25,217.75,0,Mph_TU
2601.75,217.25,0,Mph_TU
2536.75,228.75,0,Mph_TU
2508.25,229.25,0,Mph_TU
2549.75,254.25,0,Mph_TU
3221.25,-335.75,0,Mph_TU
3193.75,-327.25,0,Mph_TU
3235.75,-319.25,0,Mph_TU
3212.25,-295.75,0,Mph_TU
3231.75,-304.75,0,Mph_TU
3212.25,-266.25,0,Mph_TU
3183.25,-253.75,0,Mph_TU
3207.25,-250.75,0,Mph_TU
3193.75,-234.75,0,Mph_TU
3179.25,-226.25,0,Mph_TU
3201.25,-225.75,0,Mph_TU
-3355.75,995.25,0,Mph_TU
-3291.75,1002.25,0,Mph_TU
-3376.25,1007.25,0,Mph_TU
-3287.75,1014.75,0,Mph_TU
-3296.25,1043.75,0,Mph_TU
-3348.25,1049.75,0,Mph_TU
-3377.75,1051.25,0,Mph_TU
-3400.75,1059.75,0,Mph_TU
-3333.25,1068.25,0,Mph_TU
-3388.25,1080.75,0,Mph_TU
-3351.75,1088.25,0,Mph_TU
-3404.75,1085.25,0,Mph_TU
-3503.75,1104.75,0,Mph_TU
-3457.25,1092.75,0,Mph_TU
-3474.75,1099.75,0,Mph_TU
-3369.75,1107.25,0,Mph_TU
-3299.75,1119.25,0,Mph_TU
-3456.25,1128.75,0,Mph_TU
-3246.25,1119.25,0,Mph_TU
-3252.25,1139.75,0,Mph_TU
-3436.75,1143.75,0,Mph_TU
-3468.25,1152.75,0,Mph_TU
-3582.75,1148.25,0,Mph_TU
-3366.75,1161.75,0,Mph_TU
-3491.75,1179.75,0,Mph_TU
-3376.25,1181.25,0,Mph_TU
-3347.75,1187.75,0,Mph_TU
-3415.75,1187.25,0,Mph_TU
-3637.75,1197.25,0,Mph_TU
-3421.25,1203.75,0,Mph_TU
-3605.25,1210.25,0,Mph_TU
-3716.75,1220.25,0,Mph_TU
-3652.75,1220.25,0,Mph_TU
-3466.25,1219.25,0,Mph_TU
-3732.25,1222.75,0,Mph_TU
-3699.75,1224.25,0,Mph_TU
-3236.75,1221.75,0,Mph_TU
-3535.75,1215.25,0,Mph_TU
-3761.25,1231.25,0,Mph_TU
-3498.75,1230.75,0,Mph_TU
-3687.25,1234.75,0,Mph_TU
-3665.75,1233.25,0,Mph_TU
-3393.75,1239.25,0,Mph_TU
-3243.25,1247.25,0,Mph_TU
-3784.75,1244.75,0,Mph_TU
-3549.25,1248.25,0,Mph_TU
-3805.75,1256.75,0,Mph_TU
-3720.75,1250.75,0,Mph_TU
-3777.75,1257.25,0,Mph_TU
-2444.25,554.25,0,Mph_TU
-2471.25,591.25,0,Mph_TU
-2427.25,634.75,0,Mph_TU
-2508.75,626.25,0,Mph_TU
-2529.75,634.75,0,Mph_TU
-2557.75,648.25,0,Mph_TU
-2502.75,655.25,0,Mph_TU
-2525.25,653.75,0,Mph_TU
-2529.75,671.75,0,Mph_TU
-2455.25,664.25,0,Mph_TU
-2539.25,686.25,0,Mph_TU
-2547.25,709.75,0,Mph_TU
-2430.75,716.25,0,Mph_TU
-2892.25,725.25,0,Mph_TU
-2473.75,725.25,0,Mph_TU
-2490.25,735.25,0,Mph_TU
-2453.25,740.75,0,Mph_TU
-2882.75,744.25,0,Mph_TU
-2576.25,744.75,0,Mph_TU
-2830.75,759.75,0,Mph_TU
-2595.25,757.25,0,Mph_TU
-2864.75,760.75,0,Mph_TU
-2902.75,758.75,0,Mph_TU
-2853.75,770.25,0,Mph_TU
-2876.25,772.25,0,Mph_TU
-2620.25,765.75,0,Mph_TU
-2651.75,769.75,0,Mph_TU
-2445.75,778.25,0,Mph_TU
-2477.75,774.75,0,Mph_TU
-2917.25,775.75,0,Mph_TU
-2897.25,779.25,0,Mph_TU
-2862.75,784.25,0,Mph_TU
-2468.25,788.75,0,Mph_TU
-2428.75,785.25,0,Mph_TU
-2836.25,789.75,0,Mph_TU
-2548.25,777.25,0,Mph_TU
-2862.75,804.75,0,Mph_TU
-2619.75,788.75,0,Mph_TU
-2888.25,792.75,0,Mph_TU
-2670.75,785.25,0,Mph_TU
-2508.25,787.75,0,Mph_TU
-2525.25,794.25,0,Mph_TU
-2901.75,797.25,0,Mph_TU
-2561.25,795.75,0,Mph_TU
-2925.25,794.75,0,Mph_TU
-2692.25,796.25,0,Mph_TU
-2488.75,793.75,0,Mph_TU
-2719.25,798.25,0,Mph_TU
-2679.25,818.75,0,Mph_TU
-2935.75,801.75,0,Mph_TU
-2649.25,812.25,0,Mph_TU
-2532.75,805.75,0,Mph_TU
-2973.25,814.75,0,Mph_TU
-2517.75,812.75,0,Mph_TU
-2947.25,805.25,0,Mph_TU
-2912.25,813.75,0,Mph_TU
-2501.25,815.75,0,Mph_TU
-2453.75,814.25,0,Mph_TU
-2481.25,818.25,0,Mph_TU
-2885.25,816.25,0,Mph_TU
-2996.75,827.75,0,Mph_TU
-2928.25,828.75,0,Mph_TU
-2732.25,827.75,0,Mph_TU
-3019.25,824.25,0,Mph_TU
-2877.25,838.75,0,Mph_TU
-2498.75,839.75,0,Mph_TU
-3038.75,839.75,0,Mph_TU
-3020.75,848.25,0,Mph_TU
-2995.25,847.75,0,Mph_TU
-3048.25,858.25,0,Mph_TU
-2728.25,877.75,0,Mph_TU
-2769.25,863.25,0,Mph_TU
-2788.25,876.75,0,Mph_TU
-2756.25,879.75,0,Mph_TU
-3003.75,875.75,0,Mph_TU
-2835.75,876.25,0,Mph_TU
-2815.75,891.25,0,Mph_TU
-2727.75,903.25,0,Mph_TU
-2951.75,910.25,0,Mph_TU
-2446.75,916.25,0,Mph_TU
-2919.75,915.75,0,Mph_TU
-2712.75,914.25,0,Mph_TU
-3071.25,925.75,0,Mph_TU
-2465.25,931.75,0,Mph_TU
-2732.25,931.75,0,Mph_TU
-2698.25,936.75,0,Mph_TU
-3088.25,934.25,0,Mph_TU
-2964.75,937.75,0,Mph_TU
-2907.25,944.25,0,Mph_TU
-3120.25,931.25,0,Mph_TU
-2939.75,941.75,0,Mph_TU
-2659.75,941.25,0,Mph_TU
-2671.75,946.75,0,Mph_TU
-2944.75,947.75,0,Mph_TU
-2560.75,947.25,0,Mph_TU
-2731.75,956.75,0,Mph_TU
-2927.25,957.25,0,Mph_TU
-2971.75,962.25,0,Mph_TU
-2947.25,958.75,0,Mph_TU
-2654.75,969.75,0,Mph_TU
-3137.75,974.75,0,Mph_TU
-2537.25,958.75,0,Mph_TU
-3068.75,957.75,0,Mph_TU
-2916.75,965.25,0,Mph_TU
-2512.75,960.75,0,Mph_TU
-2947.25,973.25,0,Mph_TU
-2452.25,971.25,0,Mph_TU
-3058.75,974.75,0,Mph_TU
-2671.25,979.25,0,Mph_TU
-2564.75,988.25,0,Mph_TU
-2635.75,976.75,0,Mph_TU
-2480.25,972.75,0,Mph_TU
-2966.25,981.25,0,Mph_TU
-3001.25,978.25,0,Mph_TU
-2589.75,980.25,0,Mph_TU
-2897.25,980.25,0,Mph_TU
-2918.75,982.25,0,Mph_TU
-2723.25,988.75,0,Mph_TU
-2936.75,984.75,0,Mph_TU
-3161.75,978.25,0,Mph_TU
-3026.75,995.25,0,Mph_TU
-2955.25,995.25,0,Mph_TU
-2618.25,1002.75,0,Mph_TU
-2924.25,994.75,0,Mph_TU
-2711.75,1009.75,0,Mph_TU
-2989.25,1004.75,0,Mph_TU
-2911.75,1012.75,0,Mph_TU
-2671.75,1006.75,0,Mph_TU
-3168.75,1012.75,0,Mph_TU
-2883.25,1003.25,0,Mph_TU
-2932.75,1006.25,0,Mph_TU
-3198.25,1008.75,0,Mph_TU
-3140.75,1016.75,0,Mph_TU
-2663.75,1012.25,0,Mph_TU
-2941.25,1022.25,0,Mph_TU
-2960.25,1019.75,0,Mph_TU
-2647.75,1017.75,0,Mph_TU
-3185.25,1018.75,0,Mph_TU
-2879.75,1026.25,0,Mph_TU
-2632.75,1029.25,0,Mph_TU
-2721.25,1035.75,0,Mph_TU
-3166.75,1031.25,0,Mph_TU
-2966.25,1033.75,0,Mph_TU
-2531.75,1039.25,0,Mph_TU
-2893.25,1032.25,0,Mph_TU
-3023.75,1037.75,0,Mph_TU
-2996.75,1033.25,0,Mph_TU
-2930.25,1042.75,0,Mph_TU
-3195.75,1045.25,0,Mph_TU
-3131.25,1034.75,0,Mph_TU
-3154.25,1039.75,0,Mph_TU
-2915.25,1044.25,0,Mph_TU
-2889.75,1053.75,0,Mph_TU
-3053.75,1052.25,0,Mph_TU
-2620.25,1054.25,0,Mph_TU
-3161.25,1055.75,0,Mph_TU
-2918.75,1063.75,0,Mph_TU
-3045.75,1063.75,0,Mph_TU
-2639.75,1079.25,0,Mph_TU
-2898.25,1089.25,0,Mph_TU
-2551.25,1087.75,0,Mph_TU
-2611.25,1092.25,0,Mph_TU
-3041.75,1088.25,0,Mph_TU
-2592.25,1091.25,0,Mph_TU
-3064.25,1097.25,0,Mph_TU
-3176.25,1096.25,0,Mph_TU
-3117.75,1096.75,0,Mph_TU
-2582.25,1108.75,0,Mph_TU
-2602.25,1107.75,0,Mph_TU
-3216.25,1112.25,0,Mph_TU
-3042.25,1114.75,0,Mph_TU
-2586.25,1125.25,0,Mph_TU
-3128.75,1114.25,0,Mph_TU
-3093.75,1120.75,0,Mph_TU
-2426.75,1114.25,0,Mph_TU
-2616.25,1118.25,0,Mph_TU
-2600.25,1129.25,0,Mph_TU
-2637.75,1132.75,0,Mph_TU
-2997.75,1131.25,0,Mph_TU
-2469.75,1133.75,0,Mph_TU
-3106.75,1130.25,0,Mph_TU
-3136.75,1146.75,0,Mph_TU
-2620.75,1147.75,0,Mph_TU
-2647.25,1138.75,0,Mph_TU
-3021.75,1140.75,0,Mph_TU
-2449.25,1147.75,0,Mph_TU
-2599.75,1155.25,0,Mph_TU
-3196.25,1149.25,0,Mph_TU
-2778.75,1156.75,0,Mph_TU
-2714.25,1148.25,0,Mph_TU
-2658.25,1162.75,0,Mph_TU
-3088.75,1158.25,0,Mph_TU
-2746.75,1162.25,0,Mph_TU
-2732.25,1165.75,0,Mph_TU
-2556.25,1168.75,0,Mph_TU
-2657.25,1181.25,0,Mph_TU
-3070.75,1175.25,0,Mph_TU
-2796.75,1175.25,0,Mph_TU
-3094.25,1183.25,0,Mph_TU
-2916.25,1185.25,0,Mph_TU
-2720.25,1187.75,0,Mph_TU
-3185.75,1180.75,0,Mph_TU
-3154.75,1187.25,0,Mph_TU
-3071.25,1191.25,0,Mph_TU
-2896.75,1196.75,0,Mph_TU
-3077.25,1199.25,0,Mph_TU
-3104.75,1200.75,0,Mph_TU
-2709.25,1198.25,0,Mph_TU
-3062.75,1209.25,0,Mph_TU
-2729.75,1209.75,0,Mph_TU
-2697.75,1212.25,0,Mph_TU
-3074.75,1220.75,0,Mph_TU
-2607.25,1216.25,0,Mph_TU
-3215.75,1221.75,0,Mph_TU
-2583.75,1214.25,0,Mph_TU
-2728.75,1227.25,0,Mph_TU
-2487.25,1217.25,0,Mph_TU
-3093.25,1233.75,0,Mph_TU
-3144.75,1229.25,0,Mph_TU
-3168.75,1236.75,0,Mph_TU
-3131.25,1224.25,0,Mph_TU
-3067.25,1235.75,0,Mph_TU
-2693.75,1236.75,0,Mph_TU
-2574.75,1235.25,0,Mph_TU
-2751.25,1244.75,0,Mph_TU
-2774.25,1241.75,0,Mph_TU
-3054.25,1245.75,0,Mph_TU
-2845.75,1242.25,0,Mph_TU
-2917.25,1243.75,0,Mph_TU
-3195.75,1250.25,0,Mph_TU
-2597.25,1248.75,0,Mph_TU
-3174.25,1248.25,0,Mph_TU
-2709.75,1252.75,0,Mph_TU
-2476.25,1258.75,0,Mph_TU
-3147.25,1253.75,0,Mph_TU
-3179.75,1258.25,0,Mph_TU
-3041.25,1260.25,0,Mph_TU
-2585.75,1263.25,0,Mph_TU
-2239.25,468.25,0,Mph_TU
-2272.25,473.25,0,Mph_TU
-1961.25,472.25,0,Mph_TU
-2031.75,477.75,0,Mph_TU
-2026.25,496.75,0,Mph_TU
-2342.25,506.75,0,Mph_TU
-2008.75,518.25,0,Mph_TU
-2399.75,514.75,0,Mph_TU
-1854.75,536.25,0,Mph_TU
-2349.75,535.75,0,Mph_TU
-2068.25,545.75,0,Mph_TU
-2419.75,528.75,0,Mph_TU
-2100.75,543.75,0,Mph_TU
-2410.25,548.25,0,Mph_TU
-2206.25,547.75,0,Mph_TU
-2360.75,548.75,0,Mph_TU
-2407.75,570.25,0,Mph_TU
-1997.25,576.25,0,Mph_TU
-1836.25,574.75,0,Mph_TU
-2335.75,603.25,0,Mph_TU
-2382.75,611.25,0,Mph_TU
-1859.25,622.25,0,Mph_TU
-2279.25,631.25,0,Mph_TU
-2353.75,623.75,0,Mph_TU
-1835.75,621.25,0,Mph_TU
-1761.25,623.75,0,Mph_TU
-1884.25,628.25,0,Mph_TU
-2311.25,639.25,0,Mph_TU
-1747.25,633.25,0,Mph_TU
-2361.75,643.25,0,Mph_TU
-1731.75,651.25,0,Mph_TU
-1702.25,647.25,0,Mph_TU
-2341.25,652.75,0,Mph_TU
-2090.75,665.75,0,Mph_TU
-1743.25,667.75,0,Mph_TU
-2069.25,660.75,0,Mph_TU
-2307.25,665.25,0,Mph_TU
-1946.25,672.75,0,Mph_TU
-2344.25,677.25,0,Mph_TU
-2369.25,677.25,0,Mph_TU
-2284.75,668.75,0,Mph_TU
-1858.75,672.75,0,Mph_TU
-1883.25,671.75,0,Mph_TU
-1901.75,675.25,0,Mph_TU
-2265.75,676.25,0,Mph_TU
-1710.75,684.25,0,Mph_TU
-2053.25,691.25,0,Mph_TU
-2391.75,694.25,0,Mph_TU
-2025.75,697.75,0,Mph_TU
-2346.25,707.25,0,Mph_TU
-2297.25,703.75,0,Mph_TU
-2062.25,698.75,0,Mph_TU
-2061.25,724.75,0,Mph_TU
-1969.75,719.75,0,Mph_TU
-2348.75,723.25,0,Mph_TU
-2366.25,731.25,0,Mph_TU
-2384.25,739.25,0,Mph_TU
-2330.75,739.25,0,Mph_TU
-2290.25,741.25,0,Mph_TU
-2396.25,745.25,0,Mph_TU
-2369.75,758.25,0,Mph_TU
-2303.75,760.25,0,Mph_TU
-2343.75,761.75,0,Mph_TU
-2036.75,750.75,0,Mph_TU
-2421.25,754.25,0,Mph_TU
-2376.25,765.75,0,Mph_TU
-2395.75,765.25,0,Mph_TU
-1714.25,776.75,0,Mph_TU
-2017.75,761.75,0,Mph_TU
-2036.25,783.25,0,Mph_TU
-2403.75,782.75,0,Mph_TU
-2073.75,784.25,0,Mph_TU
-1860.75,785.75,0,Mph_TU
-2414.75,791.75,0,Mph_TU
-1689.25,786.25,0,Mph_TU
-2384.25,799.25,0,Mph_TU
-1666.75,802.75,0,Mph_TU
-2371.75,792.25,0,Mph_TU
-1973.25,801.25,0,Mph_TU
-2058.75,812.75,0,Mph_TU
-1720.75,805.75,0,Mph_TU
-1983.75,807.25,0,Mph_TU
-1877.25,809.75,0,Mph_TU
-2074.25,824.75,0,Mph_TU
-1870.25,827.75,0,Mph_TU
-2026.25,848.25,0,Mph_TU
-2069.75,844.25,0,Mph_TU
-2051.25,856.25,0,Mph_TU
-1706.25,860.75,0,Mph_TU
-2072.75,879.25,0,Mph_TU
-1804.25,874.75,0,Mph_TU
-2322.25,868.25,0,Mph_TU
-2036.75,875.25,0,Mph_TU
-1860.25,878.75,0,Mph_TU
-1713.75,883.25,0,Mph_TU
-1650.75,888.75,0,Mph_TU
-2314.25,903.75,0,Mph_TU
-2304.75,915.75,0,Mph_TU
-2269.75,931.25,0,Mph_TU
-2217.75,923.25,0,Mph_TU
-2402.25,925.25,0,Mph_TU
-1662.25,928.25,0,Mph_TU
-2301.25,939.75,0,Mph_TU
-2036.75,955.25,0,Mph_TU
-2404.25,942.75,0,Mph_TU
-2357.25,954.75,0,Mph_TU
-1850.25,966.75,0,Mph_TU
-2334.25,960.25,0,Mph_TU
-2296.25,964.25,0,Mph_TU
-2421.25,971.25,0,Mph_TU
-1689.75,979.75,0,Mph_TU
-1668.75,985.25,0,Mph_TU
-2346.25,983.25,0,Mph_TU
-2308.25,983.75,0,Mph_TU
-2293.75,990.75,0,Mph_TU
-2337.25,998.75,0,Mph_TU
-1837.75,1011.25,0,Mph_TU
-2289.75,1010.75,0,Mph_TU
-2265.25,1030.25,0,Mph_TU
-2299.75,1030.25,0,Mph_TU
-1647.25,1033.75,0,Mph_TU
-2138.75,1055.75,0,Mph_TU
-2241.25,1053.75,0,Mph_TU
-1660.75,1054.75,0,Mph_TU
-1735.25,1057.75,0,Mph_TU
-2028.75,1062.25,0,Mph_TU
-1627.75,1069.25,0,Mph_TU
-1720.75,1077.25,0,Mph_TU
-1749.75,1094.25,0,Mph_TU
-1805.75,1095.75,0,Mph_TU
-1668.75,1106.75,0,Mph_TU
-1646.25,1123.25,0,Mph_TU
-2210.25,1116.25,0,Mph_TU
-1916.25,1132.25,0,Mph_TU
-2402.75,1121.75,0,Mph_TU
-2212.75,1131.75,0,Mph_TU
-2365.75,1147.75,0,Mph_TU
-2390.75,1151.25,0,Mph_TU
-2206.75,1150.25,0,Mph_TU
-2351.25,1154.75,0,Mph_TU
-1748.75,1155.25,0,Mph_TU
-1668.25,1164.75,0,Mph_TU
-2371.25,1173.25,0,Mph_TU
-2219.75,1172.25,0,Mph_TU
-1783.25,1180.75,0,Mph_TU
-2097.25,1190.75,0,Mph_TU
-2295.75,1197.25,0,Mph_TU
-2375.75,1187.25,0,Mph_TU
-1811.25,1203.75,0,Mph_TU
-2104.75,1205.75,0,Mph_TU
-2199.75,1193.75,0,Mph_TU
-2278.25,1204.75,0,Mph_TU
-1769.75,1201.75,0,Mph_TU
-2360.75,1203.25,0,Mph_TU
-2247.75,1212.75,0,Mph_TU
-2191.75,1219.25,0,Mph_TU
-2363.25,1223.75,0,Mph_TU
-2216.25,1235.25,0,Mph_TU
-2092.75,1225.75,0,Mph_TU
-2285.25,1235.75,0,Mph_TU
-2361.75,1250.75,0,Mph_TU
-1814.25,1249.25,0,Mph_TU
-2375.25,1239.75,0,Mph_TU
-1843.25,1250.25,0,Mph_TU
-2106.25,1248.25,0,Mph_TU
-2248.25,1255.25,0,Mph_TU
-2218.75,1257.75,0,Mph_TU
-2288.25,1262.25,0,Mph_TU
-1637.75,1263.75,0,Mph_TU
-1137.75,466.25,0,Mph_TU
-1408.25,480.75,0,Mph_TU
-1418.75,502.75,0,Mph_TU
-1192.25,492.75,0,Mph_TU
-913.75,504.75,0,Mph_TU
-1191.75,524.25,0,Mph_TU
-1206.25,542.25,0,Mph_TU
-827.25,540.25,0,Mph_TU
-1389.25,549.25,0,Mph_TU
-854.25,549.25,0,Mph_TU
-837.25,552.25,0,Mph_TU
-837.75,582.25,0,Mph_TU
-1204.75,574.75,0,Mph_TU
-1212.75,594.25,0,Mph_TU
-1170.75,614.25,0,Mph_TU
-1222.75,616.25,0,Mph_TU
-1147.75,633.75,0,Mph_TU
-1189.25,645.25,0,Mph_TU
-1580.75,659.25,0,Mph_TU
-1187.75,667.25,0,Mph_TU
-1281.75,669.25,0,Mph_TU
-975.25,664.75,0,Mph_TU
-1313.75,667.25,0,Mph_TU
-1510.25,669.25,0,Mph_TU
-840.25,670.75,0,Mph_TU
-1559.25,671.75,0,Mph_TU
-1188.75,689.75,0,Mph_TU
-1165.75,687.75,0,Mph_TU
-1621.75,692.25,0,Mph_TU
-1528.25,690.75,0,Mph_TU
-1475.75,694.25,0,Mph_TU
-1503.25,702.75,0,Mph_TU
-1248.75,715.25,0,Mph_TU
-844.75,713.75,0,Mph_TU
-1178.75,713.75,0,Mph_TU
-1192.25,714.75,0,Mph_TU
-862.25,734.75,0,Mph_TU
-1211.75,728.25,0,Mph_TU
-1477.75,735.25,0,Mph_TU
-1359.75,730.25,0,Mph_TU
-886.25,732.25,0,Mph_TU
-1320.25,734.25,0,Mph_TU
-1175.25,756.25,0,Mph_TU
-1347.25,750.75,0,Mph_TU
-1236.25,744.25,0,Mph_TU
-1059.25,754.75,0,Mph_TU
-919.75,756.25,0,Mph_TU
-1192.25,760.75,0,Mph_TU
-1028.75,763.75,0,Mph_TU
-1240.25,760.25,0,Mph_TU
-1276.25,764.25,0,Mph_TU
-1426.25,769.75,0,Mph_TU
-1265.75,787.75,0,Mph_TU
-1385.25,797.25,0,Mph_TU
-1443.75,807.75,0,Mph_TU
-962.75,807.25,0,Mph_TU
-1178.25,801.25,0,Mph_TU
-945.75,809.25,0,Mph_TU
-1168.75,824.75,0,Mph_TU
-1493.75,837.25,0,Mph_TU
-1443.25,835.25,0,Mph_TU
-1569.25,842.75,0,Mph_TU
-1408.25,868.75,0,Mph_TU
-1064.75,863.25,0,Mph_TU
-1031.75,871.75,0,Mph_TU
-1256.25,885.75,0,Mph_TU
-1423.75,895.75,0,Mph_TU
-1269.75,953.75,0,Mph_TU
-1246.25,929.75,0,Mph_TU
-1362.75,939.75,0,Mph_TU
-1555.25,940.25,0,Mph_TU
-971.25,954.25,0,Mph_TU
-1030.25,956.75,0,Mph_TU
-1011.75,960.75,0,Mph_TU
-1598.75,962.75,0,Mph_TU
-1049.25,964.25,0,Mph_TU
-996.75,971.75,0,Mph_TU
-1461.25,970.25,0,Mph_TU
-1553.25,971.75,0,Mph_TU
-1423.75,975.25,0,Mph_TU
-977.75,970.75,0,Mph_TU
-1391.75,985.25,0,Mph_TU
-1574.75,970.75,0,Mph_TU
-1601.75,985.75,0,Mph_TU
-1578.25,1000.25,0,Mph_TU
-1551.75,1006.75,0,Mph_TU
-1454.75,1007.25,0,Mph_TU
-1269.25,1003.25,0,Mph_TU
-1013.75,1013.25,0,Mph_TU
-1555.75,1019.75,0,Mph_TU
-1473.25,1029.75,0,Mph_TU
-971.75,1030.75,0,Mph_TU
-1456.25,1036.25,0,Mph_TU
-1328.25,1032.25,0,Mph_TU
-1020.75,1038.75,0,Mph_TU
-987.25,1031.75,0,Mph_TU
-1326.25,1053.25,0,Mph_TU
-977.75,1053.25,0,Mph_TU
-1610.75,1049.25,0,Mph_TU
-1351.25,1060.25,0,Mph_TU
-1440.25,1059.75,0,Mph_TU
-1378.25,1065.25,0,Mph_TU
-1426.75,1075.25,0,Mph_TU
-1020.75,1079.25,0,Mph_TU
-1540.25,1086.25,0,Mph_TU
-1396.75,1084.25,0,Mph_TU
-1015.75,1091.25,0,Mph_TU
-1439.75,1094.25,0,Mph_TU
-1420.75,1094.25,0,Mph_TU
-1577.25,1106.25,0,Mph_TU
-998.75,1101.25,0,Mph_TU
-1390.25,1104.75,0,Mph_TU
-1013.75,1109.75,0,Mph_TU
-1560.75,1113.25,0,Mph_TU
-1377.75,1115.75,0,Mph_TU
-1418.25,1119.25,0,Mph_TU
-1329.25,1111.75,0,Mph_TU
-1362.25,1116.25,0,Mph_TU
-1338.25,1121.75,0,Mph_TU
-1170.75,1134.75,0,Mph_TU
-1142.75,1137.75,0,Mph_TU
-1403.75,1140.25,0,Mph_TU
-1187.75,1139.25,0,Mph_TU
-1104.75,1144.75,0,Mph_TU
-1337.25,1152.75,0,Mph_TU
-1376.75,1159.75,0,Mph_TU
-1359.25,1156.25,0,Mph_TU
-1103.75,1162.75,0,Mph_TU
-1407.75,1169.25,0,Mph_TU
-1204.75,1178.75,0,Mph_TU
-1354.25,1179.75,0,Mph_TU
-1135.25,1175.25,0,Mph_TU
-1091.75,1182.75,0,Mph_TU
-1236.75,1178.25,0,Mph_TU
-1215.75,1190.25,0,Mph_TU
-1376.75,1197.25,0,Mph_TU
-1358.25,1196.25,0,Mph_TU
-1175.75,1211.75,0,Mph_TU
-1083.75,1199.75,0,Mph_TU
-1146.25,1208.25,0,Mph_TU
-1116.75,1212.25,0,Mph_TU
-1090.25,1211.25,0,Mph_TU
-1140.75,1220.25,0,Mph_TU
-1365.75,1218.25,0,Mph_TU
-1056.25,1220.25,0,Mph_TU
-1379.75,1220.25,0,Mph_TU
-1123.75,1232.75,0,Mph_TU
-1178.75,1238.75,0,Mph_TU
-1150.25,1249.25,0,Mph_TU
-1124.25,1252.75,0,Mph_TU
-1588.25,1251.25,0,Mph_TU
-1008.25,1250.75,0,Mph_TU
-1568.75,1256.25,0,Mph_TU
-1187.25,1251.25,0,Mph_TU
-330.75,475.75,0,Mph_TU
-589.25,503.25,0,Mph_TU
-772.25,508.75,0,Mph_TU
-799.75,499.25,0,Mph_TU
-735.25,505.25,0,Mph_TU
-389.25,514.75,0,Mph_TU
-331.75,512.25,0,Mph_TU
-716.75,518.25,0,Mph_TU
-796.25,522.75,0,Mph_TU
-563.25,516.75,0,Mph_TU
-819.25,525.25,0,Mph_TU
-758.25,526.25,0,Mph_TU
-543.75,531.75,0,Mph_TU
-403.25,530.75,0,Mph_TU
-386.25,539.75,0,Mph_TU
-436.75,541.75,0,Mph_TU
-803.75,541.25,0,Mph_TU
-334.25,546.75,0,Mph_TU
-735.25,544.75,0,Mph_TU
-309.75,549.25,0,Mph_TU
-787.25,555.25,0,Mph_TU
-724.75,581.75,0,Mph_TU
-708.75,586.75,0,Mph_TU
-285.25,581.75,0,Mph_TU
-330.25,587.75,0,Mph_TU
-126.75,592.25,0,Mph_TU
-331.25,609.75,0,Mph_TU
-774.25,603.75,0,Mph_TU
-37.75,625.25,0,Mph_TU
-755.25,609.25,0,Mph_TU
-322.75,621.25,0,Mph_TU
-294.25,627.25,0,Mph_TU
-223.25,618.25,0,Mph_TU
-787.75,625.25,0,Mph_TU
-746.25,628.25,0,Mph_TU
-249.75,644.25,0,Mph_TU
-212.75,649.25,0,Mph_TU
-802.25,639.25,0,Mph_TU
-324.75,648.75,0,Mph_TU
-363.75,644.75,0,Mph_TU
-36.25,656.25,0,Mph_TU
-667.75,657.25,0,Mph_TU
-140.75,677.25,0,Mph_TU
-182.75,671.75,0,Mph_TU
-45.75,679.25,0,Mph_TU
-819.75,682.25,0,Mph_TU
-26.75,689.25,0,Mph_TU
-586.75,678.75,0,Mph_TU
-56.25,687.25,0,Mph_TU
-605.75,689.25,0,Mph_TU
-291.25,699.25,0,Mph_TU
-184.25,697.25,0,Mph_TU
-63.75,694.75,0,Mph_TU
-147.25,703.75,0,Mph_TU
-104.25,703.75,0,Mph_TU
-815.75,721.25,0,Mph_TU
-81.25,709.75,0,Mph_TU
-59.75,719.25,0,Mph_TU
-216.75,723.25,0,Mph_TU
-178.25,728.25,0,Mph_TU
-672.75,729.25,0,Mph_TU
-118.75,725.75,0,Mph_TU
-248.75,727.75,0,Mph_TU
-648.25,737.75,0,Mph_TU
-488.75,748.25,0,Mph_TU
-86.25,741.75,0,Mph_TU
-166.25,747.25,0,Mph_TU
-653.25,750.25,0,Mph_TU
-129.25,747.25,0,Mph_TU
-90.75,760.75,0,Mph_TU
-553.75,770.25,0,Mph_TU
-196.25,783.75,0,Mph_TU
-580.25,782.75,0,Mph_TU
-22.75,787.25,0,Mph_TU
-241.25,791.75,0,Mph_TU
-632.75,801.75,0,Mph_TU
-279.75,808.25,0,Mph_TU
-210.75,814.75,0,Mph_TU
-232.75,816.25,0,Mph_TU
-637.75,820.75,0,Mph_TU
-277.75,847.75,0,Mph_TU
-626.25,838.25,0,Mph_TU
-113.75,863.25,0,Mph_TU
-245.75,864.25,0,Mph_TU
-49.25,881.75,0,Mph_TU
-228.25,878.25,0,Mph_TU
-263.75,882.75,0,Mph_TU
-240.75,896.25,0,Mph_TU
-251.25,894.25,0,Mph_TU
-97.75,906.25,0,Mph_TU
-224.75,907.25,0,Mph_TU
-251.25,925.75,0,Mph_TU
-782.25,920.75,0,Mph_TU
-84.75,920.75,0,Mph_TU
-136.75,925.25,0,Mph_TU
-340.75,934.75,0,Mph_TU
-226.75,941.25,0,Mph_TU
-571.25,940.75,0,Mph_TU
-563.25,961.75,0,Mph_TU
-391.25,977.75,0,Mph_TU
-97.25,967.75,0,Mph_TU
-249.75,971.25,0,Mph_TU
-266.75,976.75,0,Mph_TU
-412.75,990.75,0,Mph_TU
-138.25,995.75,0,Mph_TU
-239.25,989.25,0,Mph_TU
-252.25,1004.25,0,Mph_TU
-296.25,1011.25,0,Mph_TU
-53.75,1008.75,0,Mph_TU
-112.25,1022.75,0,Mph_TU
-387.25,1023.25,0,Mph_TU
-656.25,1022.75,0,Mph_TU
-369.75,1031.75,0,Mph_TU
-225.25,1024.25,0,Mph_TU
-279.75,1038.75,0,Mph_TU
-610.25,1036.25,0,Mph_TU
-310.25,1028.25,0,Mph_TU
-241.25,1031.25,0,Mph_TU
-92.25,1043.25,0,Mph_TU
-238.25,1059.25,0,Mph_TU
-212.75,1053.25,0,Mph_TU
-387.25,1052.25,0,Mph_TU
-596.75,1070.25,0,Mph_TU
-258.75,1075.25,0,Mph_TU
-155.75,1073.25,0,Mph_TU
-354.75,1099.75,0,Mph_TU
-37.75,1074.25,0,Mph_TU
-222.75,1085.25,0,Mph_TU
-56.75,1082.75,0,Mph_TU
-615.25,1095.75,0,Mph_TU
-87.25,1094.75,0,Mph_TU
-60.75,1104.75,0,Mph_TU
-31.75,1109.75,0,Mph_TU
-656.75,1107.25,0,Mph_TU
-242.25,1105.25,0,Mph_TU
-777.25,1114.25,0,Mph_TU
-731.75,1114.75,0,Mph_TU
-702.25,1116.25,0,Mph_TU
-83.75,1116.25,0,Mph_TU
-155.75,1122.75,0,Mph_TU
-57.75,1127.25,0,Mph_TU
-634.75,1122.25,0,Mph_TU
-673.75,1131.75,0,Mph_TU
-601.75,1130.25,0,Mph_TU
-226.75,1136.75,0,Mph_TU
-32.25,1143.75,0,Mph_TU
-190.75,1141.75,0,Mph_TU
-685.75,1139.25,0,Mph_TU
-82.25,1152.25,0,Mph_TU
-793.25,1144.25,0,Mph_TU
-175.25,1159.25,0,Mph_TU
-243.75,1152.75,0,Mph_TU
-799.75,1169.75,0,Mph_TU
-29.25,1174.25,0,Mph_TU
-760.25,1170.75,0,Mph_TU
-709.75,1170.75,0,Mph_TU
-247.25,1179.25,0,Mph_TU
-212.25,1177.75,0,Mph_TU
-85.25,1187.25,0,Mph_TU
-44.25,1192.25,0,Mph_TU
-156.25,1188.25,0,Mph_TU
-465.75,1191.25,0,Mph_TU
-207.75,1200.75,0,Mph_TU
-420.75,1204.25,0,Mph_TU
-62.25,1209.25,0,Mph_TU
-382.75,1205.25,0,Mph_TU
-447.25,1215.25,0,Mph_TU
-93.75,1222.25,0,Mph_TU
-137.75,1226.25,0,Mph_TU
-117.25,1219.25,0,Mph_TU
-74.75,1224.75,0,Mph_TU
-239.25,1230.25,0,Mph_TU
-28.75,1223.75,0,Mph_TU
-28.75,1241.25,0,Mph_TU
-75.25,1242.25,0,Mph_TU
-81.75,1260.75,0,Mph_TU
114.75,469.25,0,Mph_TU
84.75,472.25,0,Mph_TU
668.75,482.75,0,Mph_TU
127.25,481.75,0,Mph_TU
72.25,497.25,0,Mph_TU
356.25,496.75,0,Mph_TU
115.75,506.75,0,Mph_TU
364.75,512.75,0,Mph_TU
339.75,510.75,0,Mph_TU
-9.75,512.25,0,Mph_TU
77.75,520.25,0,Mph_TU
276.75,527.75,0,Mph_TU
84.75,545.25,0,Mph_TU
102.75,556.75,0,Mph_TU
-3.75,566.25,0,Mph_TU
17.75,577.25,0,Mph_TU
145.25,575.25,0,Mph_TU
20.25,592.25,0,Mph_TU
38.75,589.25,0,Mph_TU
68.25,592.75,0,Mph_TU
-1.75,600.75,0,Mph_TU
89.75,592.75,0,Mph_TU
49.75,600.75,0,Mph_TU
127.25,607.75,0,Mph_TU
17.25,618.75,0,Mph_TU
92.75,609.75,0,Mph_TU
63.75,613.75,0,Mph_TU
35.75,620.25,0,Mph_TU
-10.25,628.25,0,Mph_TU
54.25,636.25,0,Mph_TU
14.25,636.75,0,Mph_TU
126.25,643.75,0,Mph_TU
33.75,634.25,0,Mph_TU
291.75,646.75,0,Mph_TU
91.25,640.25,0,Mph_TU
261.75,648.75,0,Mph_TU
-18.75,638.75,0,Mph_TU
2.25,645.25,0,Mph_TU
34.75,654.25,0,Mph_TU
-9.75,656.75,0,Mph_TU
616.25,660.25,0,Mph_TU
11.25,656.25,0,Mph_TU
589.25,654.75,0,Mph_TU
0.75,668.75,0,Mph_TU
38.75,674.75,0,Mph_TU
18.25,676.25,0,Mph_TU
63.25,673.25,0,Mph_TU
-8.25,685.25,0,Mph_TU
592.25,677.25,0,Mph_TU
121.75,684.25,0,Mph_TU
148.75,692.75,0,Mph_TU
639.75,689.75,0,Mph_TU
386.75,710.25,0,Mph_TU
127.25,711.75,0,Mph_TU
-8.25,713.25,0,Mph_TU
663.25,707.75,0,Mph_TU
637.25,708.75,0,Mph_TU
148.75,720.75,0,Mph_TU
177.75,721.75,0,Mph_TU
630.75,720.25,0,Mph_TU
678.25,721.25,0,Mph_TU
659.75,732.75,0,Mph_TU
582.75,731.75,0,Mph_TU
677.25,744.75,0,Mph_TU
608.75,726.75,0,Mph_TU
622.75,731.75,0,Mph_TU
172.75,741.25,0,Mph_TU
563.25,751.75,0,Mph_TU
649.75,751.25,0,Mph_TU
183.25,754.25,0,Mph_TU
592.25,758.75,0,Mph_TU
572.25,766.25,0,Mph_TU
633.25,764.25,0,Mph_TU
662.75,769.25,0,Mph_TU
170.25,774.25,0,Mph_TU
539.25,771.75,0,Mph_TU
215.25,783.25,0,Mph_TU
641.25,776.25,0,Mph_TU
620.25,779.75,0,Mph_TU
68.25,789.75,0,Mph_TU
244.75,782.25,0,Mph_TU
564.25,788.75,0,Mph_TU
537.25,789.75,0,Mph_TU
638.25,786.25,0,Mph_TU
91.75,799.25,0,Mph_TU
645.25,802.75,0,Mph_TU
452.25,814.25,0,Mph_TU
627.75,811.75,0,Mph_TU
230.75,814.75,0,Mph_TU
413.75,806.25,0,Mph_TU
255.25,821.25,0,Mph_TU
46.75,808.25,0,Mph_TU
570.25,823.25,0,Mph_TU
430.75,824.25,0,Mph_TU
75.75,823.25,0,Mph_TU
283.75,838.25,0,Mph_TU
57.25,833.75,0,Mph_TU
436.25,841.25,0,Mph_TU
578.75,854.75,0,Mph_TU
462.75,849.75,0,Mph_TU
71.25,858.25,0,Mph_TU
437.75,859.75,0,Mph_TU
9.25,865.25,0,Mph_TU
198.75,866.75,0,Mph_TU
596.75,877.75,0,Mph_TU
150.25,876.25,0,Mph_TU
445.75,880.25,0,Mph_TU
511.25,879.25,0,Mph_TU
401.75,883.75,0,Mph_TU
61.75,888.25,0,Mph_TU
83.25,885.75,0,Mph_TU
548.25,892.25,0,Mph_TU
121.25,897.75,0,Mph_TU
382.25,891.25,0,Mph_TU
532.25,895.25,0,Mph_TU
440.25,906.75,0,Mph_TU
317.25,902.25,0,Mph_TU
354.25,912.75,0,Mph_TU
509.25,910.75,0,Mph_TU
138.25,904.25,0,Mph_TU
83.25,908.25,0,Mph_TU
549.75,908.25,0,Mph_TU
173.75,910.75,0,Mph_TU
-18.75,915.25,0,Mph_TU
160.75,920.25,0,Mph_TU
200.75,907.75,0,Mph_TU
532.75,926.25,0,Mph_TU
106.25,924.25,0,Mph_TU
70.25,916.25,0,Mph_TU
24.75,921.75,0,Mph_TU
207.25,931.25,0,Mph_TU
186.25,933.75,0,Mph_TU
232.25,926.75,0,Mph_TU
42.25,931.25,0,Mph_TU
573.75,935.75,0,Mph_TU
21.75,954.25,0,Mph_TU
51.25,947.25,0,Mph_TU
567.25,963.75,0,Mph_TU
44.75,963.25,0,Mph_TU
175.75,966.25,0,Mph_TU
153.75,969.75,0,Mph_TU
46.75,978.75,0,Mph_TU
762.25,1000.25,0,Mph_TU
582.75,990.25,0,Mph_TU
150.25,998.25,0,Mph_TU
15.25,989.75,0,Mph_TU
173.75,995.75,0,Mph_TU
240.25,991.75,0,Mph_TU
72.75,994.75,0,Mph_TU
195.25,996.25,0,Mph_TU
171.75,1016.25,0,Mph_TU
230.75,1015.75,0,Mph_TU
50.75,1020.25,0,Mph_TU
360.25,1018.25,0,Mph_TU
146.25,1020.75,0,Mph_TU
12.25,1024.25,0,Mph_TU
45.75,1032.25,0,Mph_TU
199.25,1026.25,0,Mph_TU
244.25,1030.25,0,Mph_TU
187.75,1028.25,0,Mph_TU
174.25,1034.75,0,Mph_TU
149.25,1049.75,0,Mph_TU
197.75,1041.75,0,Mph_TU
2.25,1040.25,0,Mph_TU
30.75,1043.75,0,Mph_TU
617.75,1051.75,0,Mph_TU
220.25,1059.75,0,Mph_TU
153.25,1067.25,0,Mph_TU
362.75,1065.25,0,Mph_TU
52.25,1058.75,0,Mph_TU
11.75,1066.75,0,Mph_TU
32.25,1069.25,0,Mph_TU
106.25,1065.75,0,Mph_TU
165.25,1080.75,0,Mph_TU
242.75,1067.75,0,Mph_TU
331.25,1070.25,0,Mph_TU
60.25,1078.75,0,Mph_TU
-16.75,1080.75,0,Mph_TU
318.75,1080.75,0,Mph_TU
230.25,1085.25,0,Mph_TU
2.75,1086.25,0,Mph_TU
111.25,1089.75,0,Mph_TU
11.75,1098.75,0,Mph_TU
250.75,1090.75,0,Mph_TU
283.75,1093.25,0,Mph_TU
365.25,1096.75,0,Mph_TU
201.75,1103.25,0,Mph_TU
69.25,1107.75,0,Mph_TU
253.75,1115.75,0,Mph_TU
385.75,1115.75,0,Mph_TU
228.25,1112.25,0,Mph_TU
116.75,1130.75,0,Mph_TU
164.25,1117.75,0,Mph_TU
24.75,1109.25,0,Mph_TU
293.25,1120.75,0,Mph_TU
204.75,1123.75,0,Mph_TU
40.75,1122.75,0,Mph_TU
229.25,1128.25,0,Mph_TU
16.75,1124.75,0,Mph_TU
-6.25,1126.25,0,Mph_TU
84.75,1129.75,0,Mph_TU
182.25,1134.25,0,Mph_TU
36.75,1136.25,0,Mph_TU
58.75,1130.25,0,Mph_TU
212.25,1132.75,0,Mph_TU
-17.75,1152.25,0,Mph_TU
275.25,1147.75,0,Mph_TU
65.75,1149.75,0,Mph_TU
17.75,1152.25,0,Mph_TU
48.75,1142.75,0,Mph_TU
219.25,1152.75,0,Mph_TU
79.75,1153.75,0,Mph_TU
39.25,1169.25,0,Mph_TU
2.75,1161.25,0,Mph_TU
91.75,1161.25,0,Mph_TU
-9.25,1164.75,0,Mph_TU
52.75,1169.75,0,Mph_TU
199.75,1163.25,0,Mph_TU
70.75,1176.75,0,Mph_TU
12.25,1174.25,0,Mph_TU
89.25,1179.75,0,Mph_TU
-5.75,1183.75,0,Mph_TU
51.25,1185.75,0,Mph_TU
287.25,1188.75,0,Mph_TU
155.75,1190.25,0,Mph_TU
1.75,1192.25,0,Mph_TU
268.75,1195.75,0,Mph_TU
38.25,1201.25,0,Mph_TU
-12.25,1214.25,0,Mph_TU
77.75,1211.25,0,Mph_TU
22.75,1216.75,0,Mph_TU
129.25,1217.25,0,Mph_TU
147.25,1217.75,0,Mph_TU
39.75,1222.75,0,Mph_TU
179.75,1217.25,0,Mph_TU
202.25,1236.75,0,Mph_TU
1.75,1230.75,0,Mph_TU
28.25,1243.25,0,Mph_TU
11.75,1247.75,0,Mph_TU
182.75,1249.25,0,Mph_TU
34.25,1261.75,0,Mph_TU
175.25,1262.25,0,Mph_TU
1422.25,475.75,0,Mph_TU
1557.25,465.25,0,Mph_TU
1444.25,480.25,0,Mph_TU
1398.25,485.25,0,Mph_TU
1571.75,491.25,0,Mph_TU
1018.25,503.25,0,Mph_TU
1380.25,500.25,0,Mph_TU
1307.75,505.75,0,Mph_TU
1345.75,499.75,0,Mph_TU
1422.25,503.75,0,Mph_TU
1002.25,510.75,0,Mph_TU
1349.25,513.25,0,Mph_TU
885.25,521.75,0,Mph_TU
1045.25,533.75,0,Mph_TU
1335.25,524.25,0,Mph_TU
1427.75,531.75,0,Mph_TU
1406.75,521.25,0,Mph_TU
1363.75,531.25,0,Mph_TU
897.75,538.75,0,Mph_TU
1019.75,530.75,0,Mph_TU
1563.25,544.25,0,Mph_TU
1412.75,550.25,0,Mph_TU
1352.25,551.75,0,Mph_TU
1308.25,556.75,0,Mph_TU
1280.25,564.75,0,Mph_TU
1423.75,565.75,0,Mph_TU
997.25,560.75,0,Mph_TU
1268.75,566.25,0,Mph_TU
1332.75,567.75,0,Mph_TU
1249.75,562.75,0,Mph_TU
1374.25,564.25,0,Mph_TU
978.25,578.75,0,Mph_TU
1347.75,583.75,0,Mph_TU
1457.25,599.75,0,Mph_TU
1258.75,594.25,0,Mph_TU
1428.25,611.25,0,Mph_TU
1265.25,624.75,0,Mph_TU
1293.25,616.75,0,Mph_TU
1461.25,622.25,0,Mph_TU
888.75,621.75,0,Mph_TU
1065.25,637.25,0,Mph_TU
1259.25,643.75,0,Mph_TU
1097.25,656.25,0,Mph_TU
1014.75,662.75,0,Mph_TU
1226.75,675.75,0,Mph_TU
1274.25,669.25,0,Mph_TU
1254.75,675.25,0,Mph_TU
1008.25,677.25,0,Mph_TU
1033.75,680.75,0,Mph_TU
1293.75,687.75,0,Mph_TU
1044.75,698.25,0,Mph_TU
1321.25,700.25,0,Mph_TU
1119.75,715.25,0,Mph_TU
1058.75,713.75,0,Mph_TU
900.25,717.75,0,Mph_TU
877.25,720.75,0,Mph_TU
950.75,727.75,0,Mph_TU
1063.25,729.75,0,Mph_TU
984.25,741.25,0,Mph_TU
1118.25,747.75,0,Mph_TU
1064.25,758.75,0,Mph_TU
1112.25,760.25,0,Mph_TU
1091.75,777.75,0,Mph_TU
1148.75,769.75,0,Mph_TU
870.75,788.75,0,Mph_TU
1115.25,779.25,0,Mph_TU
1057.25,785.75,0,Mph_TU
1034.75,786.75,0,Mph_TU
1075.25,788.25,0,Mph_TU
1124.25,789.75,0,Mph_TU
1007.75,787.75,0,Mph_TU
836.25,797.25,0,Mph_TU
838.25,816.75,0,Mph_TU
872.75,818.25,0,Mph_TU
968.75,820.75,0,Mph_TU
1062.75,821.25,0,Mph_TU
846.25,832.75,0,Mph_TU
889.75,823.25,0,Mph_TU
870.25,839.75,0,Mph_TU
1027.75,834.75,0,Mph_TU
989.75,852.25,0,Mph_TU
961.25,857.25,0,Mph_TU
846.25,872.25,0,Mph_TU
810.25,875.25,0,Mph_TU
786.25,902.75,0,Mph_TU
910.75,912.25,0,Mph_TU
1653.75,472.75,0,Mph_TU
1777.75,465.25,0,Mph_TU
1669.25,478.25,0,Mph_TU
1759.25,473.25,0,Mph_TU
1606.25,484.25,0,Mph_TU
1739.25,478.25,0,Mph_TU
1817.25,477.75,0,Mph_TU
1844.75,484.25,0,Mph_TU
1718.75,481.25,0,Mph_TU
1763.25,486.25,0,Mph_TU
1828.75,502.75,0,Mph_TU
1729.75,520.75,0,Mph_TU
1748.75,535.25,0,Mph_TU
1606.25,542.25,0,Mph_TU
-3754.25,1270.25,0,Mph_TU
-3578.25,1267.75,0,Mph_TU
-3548.25,1271.25,0,Mph_TU
-3252.75,1272.25,0,Mph_TU
-3778.75,1272.75,0,Mph_TU
-3816.75,1270.75,0,Mph_TU
-3561.25,1290.75,0,Mph_TU
-3273.25,1296.25,0,Mph_TU
-3740.75,1280.25,0,Mph_TU
-3765.75,1287.75,0,Mph_TU
-3349.75,1290.25,0,Mph_TU
-3595.25,1297.25,0,Mph_TU
-3461.75,1298.25,0,Mph_TU
-3372.25,1300.25,0,Mph_TU
-3404.25,1303.25,0,Mph_TU
-3556.25,1308.25,0,Mph_TU
-3809.75,1324.25,0,Mph_TU
-3421.25,1316.75,0,Mph_TU
-3361.75,1324.25,0,Mph_TU
-3785.75,1340.75,0,Mph_TU
-3565.75,1338.75,0,Mph_TU
-3721.75,1326.75,0,Mph_TU
-3418.25,1339.25,0,Mph_TU
-3748.75,1342.75,0,Mph_TU
-3379.25,1340.75,0,Mph_TU
-3356.75,1344.75,0,Mph_TU
-3909.75,1357.25,0,Mph_TU
-3737.25,1356.25,0,Mph_TU
-3307.75,1364.25,0,Mph_TU
-3615.75,1362.25,0,Mph_TU
-3334.25,1367.25,0,Mph_TU
-3532.25,1372.25,0,Mph_TU
-3553.75,1382.75,0,Mph_TU
-3959.75,1383.25,0,Mph_TU
-3317.25,1399.75,0,Mph_TU
-3575.25,1400.25,0,Mph_TU
-3846.25,1400.75,0,Mph_TU
-3265.75,1402.75,0,Mph_TU
-3802.25,1409.25,0,Mph_TU
-3238.25,1410.75,0,Mph_TU
-3780.75,1415.25,0,Mph_TU
-3455.75,1416.25,0,Mph_TU
-3269.25,1428.75,0,Mph_TU
-3760.25,1435.75,0,Mph_TU
-3482.75,1445.75,0,Mph_TU
-3793.75,1437.75,0,Mph_TU
-3457.75,1455.75,0,Mph_TU
-3431.75,1452.75,0,Mph_TU
-3399.75,1447.25,0,Mph_TU
-3492.25,1454.25,0,Mph_TU
-3666.25,1466.25,0,Mph_TU
-3639.75,1469.75,0,Mph_TU
-3497.75,1471.25,0,Mph_TU
-3441.25,1485.75,0,Mph_TU
-3318.75,1473.25,0,Mph_TU
-3406.25,1484.25,0,Mph_TU
-3475.25,1491.25,0,Mph_TU
-3504.25,1499.75,0,Mph_TU
-3617.75,1500.75,0,Mph_TU
-3275.25,1517.75,0,Mph_TU
-3610.75,1521.75,0,Mph_TU
-3440.25,1527.25,0,Mph_TU
-3617.25,1541.75,0,Mph_TU
-3423.75,1531.25,0,Mph_TU
-3536.75,1538.75,0,Mph_TU
-3584.75,1547.75,0,Mph_TU
-3363.25,1544.25,0,Mph_TU
-3511.75,1546.25,0,Mph_TU
-3546.25,1561.25,0,Mph_TU
-3505.75,1576.25,0,Mph_TU
-3428.75,1572.25,0,Mph_TU
-3285.25,1564.75,0,Mph_TU
-3435.25,1585.25,0,Mph_TU
-3401.75,1604.75,0,Mph_TU
-3431.25,1617.75,0,Mph_TU
-3450.75,1604.75,0,Mph_TU
-3298.25,1624.75,0,Mph_TU
-3456.25,1614.75,0,Mph_TU
-3336.75,1631.25,0,Mph_TU
-3473.75,1629.25,0,Mph_TU
-3287.25,1652.75,0,Mph_TU
-3450.75,1674.25,0,Mph_TU
-3494.75,1669.25,0,Mph_TU
-3495.25,1682.25,0,Mph_TU
-3425.25,1694.75,0,Mph_TU
-3235.75,1700.75,0,Mph_TU
-3428.75,1729.25,0,Mph_TU
-3364.75,1735.75,0,Mph_TU
-3399.25,1737.75,0,Mph_TU
-3242.75,1744.25,0,Mph_TU
-3384.25,1750.25,0,Mph_TU
-3233.25,1767.25,0,Mph_TU
-3288.25,1764.25,0,Mph_TU
-3362.75,1773.75,0,Mph_TU
-3419.25,1797.75,0,Mph_TU
-3362.25,1797.75,0,Mph_TU
-3300.75,1800.75,0,Mph_TU
-3251.75,1793.25,0,Mph_TU
-3281.75,1807.75,0,Mph_TU
-3250.25,1809.25,0,Mph_TU
-3364.25,1813.25,0,Mph_TU
-3390.75,1824.75,0,Mph_TU
-3368.25,1831.75,0,Mph_TU
-3407.75,1827.25,0,Mph_TU
-3379.25,1853.25,0,Mph_TU
-3333.25,1882.25,0,Mph_TU
-3288.75,1893.25,0,Mph_TU
-3308.75,1924.25,0,Mph_TU
-3262.25,1939.25,0,Mph_TU
-3290.25,1937.75,0,Mph_TU
-3365.75,1936.75,0,Mph_TU
-3329.25,1936.25,0,Mph_TU
-3294.75,1969.25,0,Mph_TU
-3232.75,1990.75,0,Mph_TU
-3283.25,2014.75,0,Mph_TU
-3224.75,2026.75,0,Mph_TU
-3260.75,2027.25,0,Mph_TU
-3251.75,2036.75,0,Mph_TU
-3240.75,2044.75,0,Mph_TU
-3156.75,1264.75,0,Mph_TU
-2695.75,1270.25,0,Mph_TU
-2725.25,1278.25,0,Mph_TU
-3201.75,1268.75,0,Mph_TU
-2917.75,1269.25,0,Mph_TU
-2573.75,1271.75,0,Mph_TU
-3066.75,1275.25,0,Mph_TU
-3181.75,1281.25,0,Mph_TU
-2539.25,1281.25,0,Mph_TU
-3154.25,1287.25,0,Mph_TU
-2923.25,1290.75,0,Mph_TU
-3201.75,1299.25,0,Mph_TU
-3176.25,1288.25,0,Mph_TU
-3137.25,1286.75,0,Mph_TU
-2948.25,1287.25,0,Mph_TU
-2567.25,1288.25,0,Mph_TU
-3111.75,1292.75,0,Mph_TU
-2576.25,1302.25,0,Mph_TU
-3138.75,1310.25,0,Mph_TU
-2907.75,1293.75,0,Mph_TU
-3161.75,1306.75,0,Mph_TU
-3076.25,1306.25,0,Mph_TU
-3109.25,1314.75,0,Mph_TU
-2596.75,1309.25,0,Mph_TU
-2561.75,1310.25,0,Mph_TU
-2914.75,1317.25,0,Mph_TU
-2994.25,1306.75,0,Mph_TU
-3186.25,1322.75,0,Mph_TU
-3149.25,1325.75,0,Mph_TU
-2966.25,1331.25,0,Mph_TU
-2566.75,1324.75,0,Mph_TU
-2592.75,1336.75,0,Mph_TU
-3000.25,1334.75,0,Mph_TU
-2613.25,1328.75,0,Mph_TU
-3057.25,1334.75,0,Mph_TU
-2573.75,1337.25,0,Mph_TU
-3084.25,1339.25,0,Mph_TU
-2943.25,1346.75,0,Mph_TU
-2613.25,1346.75,0,Mph_TU
-2701.75,1338.25,0,Mph_TU
-2891.25,1339.75,0,Mph_TU
-2972.25,1358.75,0,Mph_TU
-2991.75,1359.25,0,Mph_TU
-2723.75,1353.25,0,Mph_TU
-3134.75,1362.25,0,Mph_TU
-2706.25,1369.25,0,Mph_TU
-2951.75,1370.25,0,Mph_TU
-2888.75,1371.75,0,Mph_TU
-2599.75,1371.25,0,Mph_TU
-2972.25,1392.25,0,Mph_TU
-2918.25,1382.25,0,Mph_TU
-3068.25,1383.25,0,Mph_TU
-3019.75,1378.25,0,Mph_TU
-2876.25,1394.25,0,Mph_TU
-2598.75,1394.25,0,Mph_TU
-2895.75,1409.25,0,Mph_TU
-3058.25,1402.25,0,Mph_TU
-3212.75,1397.25,0,Mph_TU
-3016.75,1400.25,0,Mph_TU
-2911.25,1403.25,0,Mph_TU
-2925.75,1399.75,0,Mph_TU
-2615.25,1408.25,0,Mph_TU
-2947.25,1409.75,0,Mph_TU
-3096.75,1415.25,0,Mph_TU
-2579.25,1421.25,0,Mph_TU
-2870.75,1432.25,0,Mph_TU
-2624.75,1427.25,0,Mph_TU
-3180.75,1420.75,0,Mph_TU
-3020.25,1427.75,0,Mph_TU
-3063.75,1425.25,0,Mph_TU
-2909.75,1437.75,0,Mph_TU
-3177.75,1435.75,0,Mph_TU
-2735.25,1434.75,0,Mph_TU
-2808.25,1437.25,0,Mph_TU
-2933.75,1441.75,0,Mph_TU
-2892.75,1443.75,0,Mph_TU
-2472.25,1443.25,0,Mph_TU
-3064.25,1446.75,0,Mph_TU
-2798.75,1454.75,0,Mph_TU
-3051.25,1441.25,0,Mph_TU
-2712.25,1445.25,0,Mph_TU
-2972.75,1453.25,0,Mph_TU
-2432.75,1443.25,0,Mph_TU
-2919.25,1452.75,0,Mph_TU
-2745.75,1449.75,0,Mph_TU
-2990.75,1458.25,0,Mph_TU
-2720.75,1460.25,0,Mph_TU
-2881.25,1466.75,0,Mph_TU
-2894.75,1475.25,0,Mph_TU
-2924.75,1462.25,0,Mph_TU
-2685.25,1465.75,0,Mph_TU
-2772.25,1466.25,0,Mph_TU
-2467.25,1470.75,0,Mph_TU
-2701.75,1473.25,0,Mph_TU
-2945.25,1469.25,0,Mph_TU
-2861.25,1477.25,0,Mph_TU
-2614.25,1479.25,0,Mph_TU
-2643.25,1469.75,0,Mph_TU
-2922.25,1481.75,0,Mph_TU
-2666.25,1482.25,0,Mph_TU
-2823.75,1476.75,0,Mph_TU
-3194.75,1480.75,0,Mph_TU
-2637.75,1490.75,0,Mph_TU
-2699.75,1489.25,0,Mph_TU
-2717.25,1491.25,0,Mph_TU
-2469.25,1497.25,0,Mph_TU
-2734.25,1497.75,0,Mph_TU
-2426.25,1502.75,0,Mph_TU
-2752.25,1501.25,0,Mph_TU
-2660.75,1512.75,0,Mph_TU
-2831.25,1504.75,0,Mph_TU
-2682.25,1500.25,0,Mph_TU
-2713.75,1504.75,0,Mph_TU
-2702.25,1503.75,0,Mph_TU
-2511.75,1517.75,0,Mph_TU
-2737.25,1511.75,0,Mph_TU
-2687.25,1508.25,0,Mph_TU
-2816.25,1514.25,0,Mph_TU
-2645.75,1516.75,0,Mph_TU
-3138.75,1514.75,0,Mph_TU
-3027.25,1517.75,0,Mph_TU
-2702.75,1525.75,0,Mph_TU
-2679.25,1528.75,0,Mph_TU
-3121.25,1530.25,0,Mph_TU
-2627.75,1524.25,0,Mph_TU
-2957.25,1530.25,0,Mph_TU
-2979.25,1533.25,0,Mph_TU
-2920.25,1529.75,0,Mph_TU
-2945.75,1534.75,0,Mph_TU
-2761.25,1525.75,0,Mph_TU
-2449.75,1534.75,0,Mph_TU
-2866.75,1539.25,0,Mph_TU
-2630.75,1546.25,0,Mph_TU
-3037.25,1541.25,0,Mph_TU
-2426.75,1547.75,0,Mph_TU
-3139.25,1553.25,0,Mph_TU
-2931.75,1547.75,0,Mph_TU
-2813.75,1553.25,0,Mph_TU
-3001.75,1544.75,0,Mph_TU
-2955.25,1559.25,0,Mph_TU
-2767.75,1559.25,0,Mph_TU
-2664.75,1550.25,0,Mph_TU
-2792.25,1570.75,0,Mph_TU
-3001.75,1561.75,0,Mph_TU
-2920.25,1565.25,0,Mph_TU
-2674.75,1557.75,0,Mph_TU
-2982.25,1561.75,0,Mph_TU
-3042.75,1564.25,0,Mph_TU
-2823.25,1563.75,0,Mph_TU
-2929.75,1577.25,0,Mph_TU
-2886.25,1576.75,0,Mph_TU
-2960.25,1576.25,0,Mph_TU
-2772.75,1581.75,0,Mph_TU
-3004.25,1592.75,0,Mph_TU
-2975.75,1584.75,0,Mph_TU
-2823.75,1583.75,0,Mph_TU
-2582.25,1579.25,0,Mph_TU
-2941.75,1589.75,0,Mph_TU
-3197.75,1583.75,0,Mph_TU
-2699.75,1591.25,0,Mph_TU
-2861.75,1589.75,0,Mph_TU
-2881.75,1594.75,0,Mph_TU
-2768.75,1601.25,0,Mph_TU
-2613.75,1602.25,0,Mph_TU
-2480.75,1609.75,0,Mph_TU
-3212.75,1590.75,0,Mph_TU
-2952.75,1603.75,0,Mph_TU
-3172.25,1614.25,0,Mph_TU
-2869.25,1608.25,0,Mph_TU
-2897.75,1612.75,0,Mph_TU
-3114.75,1626.75,0,Mph_TU
-2447.25,1614.75,0,Mph_TU
-2600.25,1621.75,0,Mph_TU
-2575.75,1639.25,0,Mph_TU
-2439.25,1622.75,0,Mph_TU
-2800.75,1643.75,0,Mph_TU
-2516.25,1652.25,0,Mph_TU
-2448.25,1639.75,0,Mph_TU
-2643.25,1646.25,0,Mph_TU
-2440.75,1650.75,0,Mph_TU
-2945.75,1645.75,0,Mph_TU
-2840.75,1655.25,0,Mph_TU
-2702.25,1652.75,0,Mph_TU
-2482.25,1654.75,0,Mph_TU
-2753.25,1660.75,0,Mph_TU
-2641.75,1664.75,0,Mph_TU
-3037.25,1673.75,0,Mph_TU
-2630.25,1676.75,0,Mph_TU
-3145.25,1668.75,0,Mph_TU
-2740.25,1686.25,0,Mph_TU
-2432.75,1684.25,0,Mph_TU
-3018.75,1691.25,0,Mph_TU
-2860.25,1688.75,0,Mph_TU
-2563.75,1697.25,0,Mph_TU
-2886.75,1711.25,0,Mph_TU
-2706.25,1695.25,0,Mph_TU
-2598.75,1704.25,0,Mph_TU
-2487.25,1710.25,0,Mph_TU
-2918.25,1710.25,0,Mph_TU
-3128.75,1704.75,0,Mph_TU
-3089.25,1703.25,0,Mph_TU
-2599.75,1721.75,0,Mph_TU
-3115.25,1718.25,0,Mph_TU
-2614.75,1717.75,0,Mph_TU
-2702.75,1725.75,0,Mph_TU
-2572.75,1724.75,0,Mph_TU
-3052.25,1733.25,0,Mph_TU
-2511.25,1736.75,0,Mph_TU
-2895.75,1743.25,0,Mph_TU
-3139.75,1737.75,0,Mph_TU
-2538.75,1743.75,0,Mph_TU
-3040.25,1743.75,0,Mph_TU
-2478.75,1754.25,0,Mph_TU
-2856.25,1754.25,0,Mph_TU
-3037.75,1767.25,0,Mph_TU
-2487.25,1773.25,0,Mph_TU
-2467.75,1773.25,0,Mph_TU
-2951.25,1770.75,0,Mph_TU
-2519.75,1781.25,0,Mph_TU
-3211.75,1791.75,0,Mph_TU
-2645.75,1775.75,0,Mph_TU
-2798.25,1796.25,0,Mph_TU
-3163.25,1791.25,0,Mph_TU
-2609.75,1796.75,0,Mph_TU
-2455.25,1799.75,0,Mph_TU
-2424.25,1801.25,0,Mph_TU
-3024.75,1796.25,0,Mph_TU
-2760.75,1798.75,0,Mph_TU
-2649.25,1800.25,0,Mph_TU
-2489.25,1806.25,0,Mph_TU
-2621.75,1809.75,0,Mph_TU
-2724.75,1811.25,0,Mph_TU
-2604.25,1818.75,0,Mph_TU
-2535.25,1814.25,0,Mph_TU
-2582.75,1816.25,0,Mph_TU
-2906.75,1822.25,0,Mph_TU
-2706.25,1823.75,0,Mph_TU
-3170.75,1822.25,0,Mph_TU
-2880.75,1827.75,0,Mph_TU
-2993.25,1823.75,0,Mph_TU
-2956.75,1834.25,0,Mph_TU
-3137.75,1822.25,0,Mph_TU
-2469.75,1832.25,0,Mph_TU
-2884.75,1841.25,0,Mph_TU
-2557.75,1828.75,0,Mph_TU
-2489.25,1837.75,0,Mph_TU
-2588.75,1837.25,0,Mph_TU
-2911.25,1840.75,0,Mph_TU
-2446.25,1835.75,0,Mph_TU
-2716.75,1840.25,0,Mph_TU
-2569.75,1846.75,0,Mph_TU
-2738.25,1837.25,0,Mph_TU
-2761.25,1841.25,0,Mph_TU
-2978.25,1845.25,0,Mph_TU
-3124.75,1851.75,0,Mph_TU
-2839.25,1857.25,0,Mph_TU
-2434.75,1862.25,0,Mph_TU
-2526.25,1867.75,0,Mph_TU
-2856.75,1858.25,0,Mph_TU
-2839.75,1882.75,0,Mph_TU
-3209.25,1877.75,0,Mph_TU
-2551.75,1883.75,0,Mph_TU
-3093.75,1881.25,0,Mph_TU
-3062.75,1889.25,0,Mph_TU
-3037.75,1884.75,0,Mph_TU
-2786.25,1892.25,0,Mph_TU
-2816.25,1889.25,0,Mph_TU
-2586.25,1898.75,0,Mph_TU
-2544.25,1896.25,0,Mph_TU
-3194.25,1915.25,0,Mph_TU
-3079.75,1911.75,0,Mph_TU
-2456.75,1909.25,0,Mph_TU
-2942.25,1913.25,0,Mph_TU
-2725.75,1920.25,0,Mph_TU
-2619.25,1916.75,0,Mph_TU
-2779.25,1914.25,0,Mph_TU
-2677.25,1919.25,0,Mph_TU
-2549.25,1916.75,0,Mph_TU
-2431.75,1919.75,0,Mph_TU
-2572.25,1926.25,0,Mph_TU
-2441.25,1943.25,0,Mph_TU
-3127.75,1937.25,0,Mph_TU
-2866.25,1940.75,0,Mph_TU
-2641.75,1937.25,0,Mph_TU
-2568.25,1944.25,0,Mph_TU
-2727.75,1942.25,0,Mph_TU
-2458.75,1948.75,0,Mph_TU
-2993.25,1955.75,0,Mph_TU
-2803.75,1947.75,0,Mph_TU
-3065.25,1961.25,0,Mph_TU
-3039.25,1962.75,0,Mph_TU
-2774.75,1969.75,0,Mph_TU
-3023.75,1970.25,0,Mph_TU
-2427.25,1974.25,0,Mph_TU
-2571.25,1974.75,0,Mph_TU
-3180.75,1975.25,0,Mph_TU
-2909.25,1985.25,0,Mph_TU
-2722.75,1999.75,0,Mph_TU
-2623.25,2002.75,0,Mph_TU
-2545.75,2001.75,0,Mph_TU
-2445.25,2005.25,0,Mph_TU
-3219.25,2007.25,0,Mph_TU
-2688.75,2003.75,0,Mph_TU
-2953.75,2010.25,0,Mph_TU
-2829.75,2013.75,0,Mph_TU
-2530.25,2016.75,0,Mph_TU
-3203.25,2023.25,0,Mph_TU
-2453.75,2030.75,0,Mph_TU
-2921.75,2024.75,0,Mph_TU
-2893.25,2021.75,0,Mph_TU
-2964.75,2038.25,0,Mph_TU
-3027.25,2040.25,0,Mph_TU
-2739.75,2051.25,0,Mph_TU
-2709.75,2051.75,0,Mph_TU
-2588.25,2050.75,0,Mph_TU
-3220.25,2051.75,0,Mph_TU
-2425.25,2062.25,0,Mph_TU
-2527.75,2052.75,0,Mph_TU
-2323.75,1275.25,0,Mph_TU
-2216.25,1273.75,0,Mph_TU
-1777.25,1274.25,0,Mph_TU
-2195.25,1279.25,0,Mph_TU
-2365.75,1279.75,0,Mph_TU
-1722.25,1282.25,0,Mph_TU
-1655.75,1295.25,0,Mph_TU
-2130.75,1299.75,0,Mph_TU
-1846.75,1291.75,0,Mph_TU
-2357.75,1310.25,0,Mph_TU
-2087.25,1302.25,0,Mph_TU
-1758.75,1306.25,0,Mph_TU
-1741.25,1309.25,0,Mph_TU
-1676.25,1307.75,0,Mph_TU
-2216.25,1310.25,0,Mph_TU
-1708.75,1314.75,0,Mph_TU
-2092.75,1322.25,0,Mph_TU
-2054.25,1316.25,0,Mph_TU
-1850.25,1320.75,0,Mph_TU
-2302.25,1317.25,0,Mph_TU
-2075.25,1332.75,0,Mph_TU
-1650.75,1328.75,0,Mph_TU
-2190.25,1322.75,0,Mph_TU
-1757.75,1336.75,0,Mph_TU
-1875.25,1332.75,0,Mph_TU
-2041.25,1342.25,0,Mph_TU
-2196.75,1347.75,0,Mph_TU
-1776.75,1344.25,0,Mph_TU
-2236.75,1352.25,0,Mph_TU
-1894.75,1344.25,0,Mph_TU
-1814.75,1348.25,0,Mph_TU
-1747.75,1349.75,0,Mph_TU
-1831.25,1359.75,0,Mph_TU
-1770.25,1368.75,0,Mph_TU
-2046.25,1365.75,0,Mph_TU
-2201.25,1372.25,0,Mph_TU
-1903.75,1368.75,0,Mph_TU
-2390.25,1362.25,0,Mph_TU
-2169.25,1361.25,0,Mph_TU
-2072.25,1358.75,0,Mph_TU
-2183.75,1360.25,0,Mph_TU
-1875.75,1380.75,0,Mph_TU
-2186.25,1382.75,0,Mph_TU
-2036.25,1384.25,0,Mph_TU
-2173.75,1387.75,0,Mph_TU
-2102.75,1391.75,0,Mph_TU
-1753.25,1391.75,0,Mph_TU
-2125.25,1395.25,0,Mph_TU
-2049.75,1399.25,0,Mph_TU
-2236.25,1400.75,0,Mph_TU
-1771.25,1400.25,0,Mph_TU
-1883.75,1400.75,0,Mph_TU
-2180.75,1410.25,0,Mph_TU
-2119.75,1422.25,0,Mph_TU
-2154.25,1421.25,0,Mph_TU
-1794.25,1412.75,0,Mph_TU
-1681.25,1413.25,0,Mph_TU
-2136.25,1415.75,0,Mph_TU
-2349.25,1427.75,0,Mph_TU
-1653.25,1436.25,0,Mph_TU
-2053.75,1427.75,0,Mph_TU
-1825.25,1428.25,0,Mph_TU
-1784.75,1431.75,0,Mph_TU
-2276.25,1432.25,0,Mph_TU
-2377.75,1452.25,0,Mph_TU
-2285.75,1449.25,0,Mph_TU
-2397.75,1456.25,0,Mph_TU
-2179.25,1459.75,0,Mph_TU
-1837.25,1448.75,0,Mph_TU
-2085.75,1458.25,0,Mph_TU
-1771.75,1455.75,0,Mph_TU
-2270.25,1458.25,0,Mph_TU
-2137.25,1464.25,0,Mph_TU
-2201.75,1462.75,0,Mph_TU
-2062.25,1476.25,0,Mph_TU
-1768.25,1477.25,0,Mph_TU
-1803.75,1473.75,0,Mph_TU
-1923.25,1474.25,0,Mph_TU
-2270.25,1480.75,0,Mph_TU
-2303.75,1481.25,0,Mph_TU
-1809.25,1478.25,0,Mph_TU
-2395.25,1481.75,0,Mph_TU
-2091.75,1476.25,0,Mph_TU
-2417.75,1487.25,0,Mph_TU
-2371.25,1480.25,0,Mph_TU
-1813.25,1501.75,0,Mph_TU
-1759.25,1501.75,0,Mph_TU
-1945.75,1503.25,0,Mph_TU
-2399.75,1502.75,0,Mph_TU
-2283.75,1503.75,0,Mph_TU
-2370.75,1509.25,0,Mph_TU
-2088.25,1516.75,0,Mph_TU
-2268.75,1517.25,0,Mph_TU
-2288.25,1521.25,0,Mph_TU
-2251.75,1537.25,0,Mph_TU
-1685.75,1525.75,0,Mph_TU
-2118.25,1529.75,0,Mph_TU
-2298.25,1537.75,0,Mph_TU
-2277.25,1535.25,0,Mph_TU
-1933.75,1536.75,0,Mph_TU
-2318.25,1529.75,0,Mph_TU
-2216.25,1536.25,0,Mph_TU
-2382.75,1541.25,0,Mph_TU
-2418.25,1539.25,0,Mph_TU
-2136.25,1546.25,0,Mph_TU
-1672.75,1542.75,0,Mph_TU
-2277.75,1553.25,0,Mph_TU
-2099.75,1565.75,0,Mph_TU
-1926.75,1571.75,0,Mph_TU
-1638.25,1569.75,0,Mph_TU
-2123.25,1574.25,0,Mph_TU
-2342.25,1586.75,0,Mph_TU
-1796.25,1575.25,0,Mph_TU
-1826.75,1575.25,0,Mph_TU
-1894.25,1585.75,0,Mph_TU
-2251.25,1580.25,0,Mph_TU
-2129.25,1596.25,0,Mph_TU
-2099.25,1595.75,0,Mph_TU
-1682.25,1603.75,0,Mph_TU
-2373.75,1601.75,0,Mph_TU
-2138.75,1605.25,0,Mph_TU
-1823.75,1602.25,0,Mph_TU
-2293.25,1609.25,0,Mph_TU
-1946.25,1607.75,0,Mph_TU
-1888.75,1610.75,0,Mph_TU
-2124.75,1620.25,0,Mph_TU
-1869.25,1619.25,0,Mph_TU
-2403.25,1614.25,0,Mph_TU
-2000.75,1621.75,0,Mph_TU
-1637.75,1619.25,0,Mph_TU
-1965.75,1624.75,0,Mph_TU
-2028.25,1643.25,0,Mph_TU
-1827.75,1627.75,0,Mph_TU
-2390.75,1632.75,0,Mph_TU
-1805.25,1639.25,0,Mph_TU
-1832.25,1636.75,0,Mph_TU
-2008.75,1630.25,0,Mph_TU
-2093.75,1646.75,0,Mph_TU
-1628.25,1641.75,0,Mph_TU
-2132.25,1644.75,0,Mph_TU
-2420.25,1640.75,0,Mph_TU
-2006.75,1646.25,0,Mph_TU
-2381.75,1663.75,0,Mph_TU
-2210.75,1659.25,0,Mph_TU
-2181.25,1652.75,0,Mph_TU
-1842.75,1657.75,0,Mph_TU
-2034.75,1656.25,0,Mph_TU
-1928.25,1658.25,0,Mph_TU
-2044.25,1674.25,0,Mph_TU
-1999.75,1669.25,0,Mph_TU
-2162.25,1674.25,0,Mph_TU
-2073.75,1673.75,0,Mph_TU
-1945.25,1673.25,0,Mph_TU
-2098.25,1669.25,0,Mph_TU
-1893.75,1681.25,0,Mph_TU
-2213.25,1691.25,0,Mph_TU
-2417.75,1702.75,0,Mph_TU
-2325.25,1715.75,0,Mph_TU
-1906.25,1701.25,0,Mph_TU
-1927.75,1712.25,0,Mph_TU
-2190.25,1700.25,0,Mph_TU
-1786.75,1709.25,0,Mph_TU
-1955.25,1715.25,0,Mph_TU
-1977.75,1716.25,0,Mph_TU
-2013.75,1716.25,0,Mph_TU
-2357.25,1714.25,0,Mph_TU
-1744.25,1716.75,0,Mph_TU
-1795.25,1733.25,0,Mph_TU
-1762.25,1733.75,0,Mph_TU
-2195.25,1729.25,0,Mph_TU
-2079.25,1734.75,0,Mph_TU
-2414.25,1733.25,0,Mph_TU
-2107.75,1724.75,0,Mph_TU
-1713.25,1724.75,0,Mph_TU
-1676.25,1724.75,0,Mph_TU
-2169.75,1730.25,0,Mph_TU
-1743.25,1736.75,0,Mph_TU
-2128.25,1744.25,0,Mph_TU
-2095.75,1749.75,0,Mph_TU
-2382.25,1742.25,0,Mph_TU
-1655.25,1749.75,0,Mph_TU
-1778.25,1763.75,0,Mph_TU
-1733.75,1761.75,0,Mph_TU
-1900.75,1754.25,0,Mph_TU
-1753.25,1754.25,0,Mph_TU
-2378.75,1767.25,0,Mph_TU
-1684.75,1768.75,0,Mph_TU
-2167.75,1764.75,0,Mph_TU
-2409.25,1760.75,0,Mph_TU
-2096.75,1771.75,0,Mph_TU
-2205.75,1764.25,0,Mph_TU
-2237.25,1771.75,0,Mph_TU
-2067.75,1778.25,0,Mph_TU
-2117.75,1782.25,0,Mph_TU
-2407.25,1774.25,0,Mph_TU
-2185.75,1783.25,0,Mph_TU
-2334.75,1776.25,0,Mph_TU
-2091.25,1787.25,0,Mph_TU
-2213.75,1789.25,0,Mph_TU
-1744.75,1789.25,0,Mph_TU
-2339.75,1802.25,0,Mph_TU
-2228.25,1811.75,0,Mph_TU
-2324.25,1807.75,0,Mph_TU
-1958.75,1798.75,0,Mph_TU
-1922.25,1814.25,0,Mph_TU
-2347.25,1821.25,0,Mph_TU
-1945.75,1819.25,0,Mph_TU
-2001.25,1823.75,0,Mph_TU
-1960.25,1829.25,0,Mph_TU
-1721.25,1827.25,0,Mph_TU
-2301.25,1833.25,0,Mph_TU
-2359.75,1830.25,0,Mph_TU
-1679.75,1825.25,0,Mph_TU
-1693.25,1841.25,0,Mph_TU
-2320.75,1850.75,0,Mph_TU
-2202.25,1863.75,0,Mph_TU
-1813.75,1860.75,0,Mph_TU
-2267.25,1870.25,0,Mph_TU
-1786.25,1866.75,0,Mph_TU
-2304.25,1871.25,0,Mph_TU
-1761.75,1875.75,0,Mph_TU
-1698.75,1872.75,0,Mph_TU
-2148.75,1870.25,0,Mph_TU
-1717.25,1879.75,0,Mph_TU
-1678.75,1882.75,0,Mph_TU
-2122.75,1888.25,0,Mph_TU
-2289.25,1881.25,0,Mph_TU
-2163.75,1882.25,0,Mph_TU
-1943.75,1884.25,0,Mph_TU
-1691.25,1891.75,0,Mph_TU
-1728.75,1888.25,0,Mph_TU
-2046.25,1885.25,0,Mph_TU
-1749.75,1889.75,0,Mph_TU
-1909.25,1892.25,0,Mph_TU
-2065.75,1898.25,0,Mph_TU
-2366.75,1899.25,0,Mph_TU
-2316.25,1913.25,0,Mph_TU
-1920.75,1918.75,0,Mph_TU
-2346.25,1913.75,0,Mph_TU
-1870.25,1903.25,0,Mph_TU
-2271.75,1915.75,0,Mph_TU
-2361.75,1927.25,0,Mph_TU
-1702.25,1927.25,0,Mph_TU
-1667.75,1917.75,0,Mph_TU
-2390.25,1918.25,0,Mph_TU
-2412.25,1924.75,0,Mph_TU
-1821.25,1933.75,0,Mph_TU
-2371.75,1935.75,0,Mph_TU
-2392.75,1934.75,0,Mph_TU
-1976.75,1942.25,0,Mph_TU
-2235.75,1936.25,0,Mph_TU
-1964.25,1942.25,0,Mph_TU
-1870.25,1949.25,0,Mph_TU
-1665.25,1947.25,0,Mph_TU
-1907.25,1947.75,0,Mph_TU
-1789.25,1951.75,0,Mph_TU
-1937.25,1943.25,0,Mph_TU
-2360.75,1951.25,0,Mph_TU
-1963.75,1956.25,0,Mph_TU
-2389.25,1952.25,0,Mph_TU
-2335.75,1957.25,0,Mph_TU
-2314.25,1961.25,0,Mph_TU
-1937.25,1960.75,0,Mph_TU
-2381.25,1973.25,0,Mph_TU
-2347.25,1966.75,0,Mph_TU
-2363.75,1965.75,0,Mph_TU
-1921.25,1961.75,0,Mph_TU
-2358.75,1979.75,0,Mph_TU
-2403.75,1990.75,0,Mph_TU
-2241.75,1990.75,0,Mph_TU
-2339.75,1995.25,0,Mph_TU
-2079.75,2008.25,0,Mph_TU
-2345.25,2013.75,0,Mph_TU
-2330.25,2018.75,0,Mph_TU
-1774.25,2009.25,0,Mph_TU
-1627.25,2011.75,0,Mph_TU
-1738.25,2013.25,0,Mph_TU
-2356.75,2021.25,0,Mph_TU
-2407.75,2020.25,0,Mph_TU
-2386.75,2021.25,0,Mph_TU
-1857.75,2037.75,0,Mph_TU
-1644.25,2034.25,0,Mph_TU
-1747.75,2037.75,0,Mph_TU
-2374.25,2048.25,0,Mph_TU
-2402.25,2049.25,0,Mph_TU
-1724.25,2047.75,0,Mph_TU
-1625.75,2047.25,0,Mph_TU
-2342.75,2047.75,0,Mph_TU
-2057.25,2057.25,0,Mph_TU
-2075.75,2056.25,0,Mph_TU
-1676.75,2059.25,0,Mph_TU
-2421.25,2062.25,0,Mph_TU
-2307.75,2059.25,0,Mph_TU
-1698.75,2059.25,0,Mph_TU
-66.25,1266.25,0,Mph_TU
-88.75,1273.75,0,Mph_TU
-755.25,1287.25,0,Mph_TU
-205.75,1281.75,0,Mph_TU
-691.25,1299.75,0,Mph_TU
-228.25,1284.25,0,Mph_TU
-102.25,1298.75,0,Mph_TU
-71.75,1306.75,0,Mph_TU
-294.25,1300.25,0,Mph_TU
-212.75,1306.25,0,Mph_TU
-142.25,1300.75,0,Mph_TU
-118.25,1309.75,0,Mph_TU
-173.75,1310.75,0,Mph_TU
-109.75,1319.25,0,Mph_TU
-568.25,1323.75,0,Mph_TU
-230.75,1320.75,0,Mph_TU
-197.75,1329.75,0,Mph_TU
-138.25,1333.75,0,Mph_TU
-161.75,1324.75,0,Mph_TU
-595.25,1323.75,0,Mph_TU
-520.25,1338.25,0,Mph_TU
-700.25,1334.25,0,Mph_TU
-631.25,1326.75,0,Mph_TU
-313.75,1338.75,0,Mph_TU
-345.25,1335.75,0,Mph_TU
-673.75,1340.75,0,Mph_TU
-649.75,1342.75,0,Mph_TU
-509.75,1349.75,0,Mph_TU
-559.25,1344.25,0,Mph_TU
-492.75,1350.75,0,Mph_TU
-450.75,1359.25,0,Mph_TU
-231.75,1352.75,0,Mph_TU
-85.75,1356.25,0,Mph_TU
-267.75,1357.25,0,Mph_TU
-332.75,1369.75,0,Mph_TU
-206.75,1366.75,0,Mph_TU
-352.25,1376.25,0,Mph_TU
-53.75,1365.25,0,Mph_TU
-633.75,1375.75,0,Mph_TU
-492.75,1368.25,0,Mph_TU
-465.75,1372.75,0,Mph_TU
-681.75,1375.25,0,Mph_TU
-232.75,1381.75,0,Mph_TU
-101.75,1373.25,0,Mph_TU
-80.25,1385.25,0,Mph_TU
-657.25,1382.25,0,Mph_TU
-313.75,1383.25,0,Mph_TU
-481.75,1388.25,0,Mph_TU
-377.75,1386.25,0,Mph_TU
-329.25,1397.75,0,Mph_TU
-86.75,1397.75,0,Mph_TU
-301.75,1408.75,0,Mph_TU
-377.75,1414.75,0,Mph_TU
-621.25,1401.25,0,Mph_TU
-238.75,1410.75,0,Mph_TU
-472.75,1410.75,0,Mph_TU
-445.25,1421.75,0,Mph_TU
-490.75,1430.25,0,Mph_TU
-404.75,1426.75,0,Mph_TU
-319.75,1427.75,0,Mph_TU
-625.75,1428.25,0,Mph_TU
-336.75,1439.75,0,Mph_TU
-267.75,1432.75,0,Mph_TU
-179.75,1439.25,0,Mph_TU
-604.25,1441.75,0,Mph_TU
-197.75,1447.75,0,Mph_TU
-584.75,1447.75,0,Mph_TU
-686.75,1442.75,0,Mph_TU
-625.25,1447.25,0,Mph_TU
-660.75,1459.25,0,Mph_TU
-344.75,1457.25,0,Mph_TU
-451.75,1452.75,0,Mph_TU
-612.25,1470.75,0,Mph_TU
-537.75,1469.25,0,Mph_TU
-213.25,1463.25,0,Mph_TU
-795.75,1466.25,0,Mph_TU
-647.75,1474.25,0,Mph_TU
-574.25,1466.75,0,Mph_TU
-183.25,1467.75,0,Mph_TU
-790.75,1476.25,0,Mph_TU
-234.25,1487.25,0,Mph_TU
-592.75,1493.25,0,Mph_TU
-303.75,1479.75,0,Mph_TU
-327.25,1499.25,0,Mph_TU
-256.25,1491.75,0,Mph_TU
-697.25,1492.25,0,Mph_TU
-561.75,1494.25,0,Mph_TU
-263.75,1504.25,0,Mph_TU
-696.25,1510.25,0,Mph_TU
-488.25,1511.25,0,Mph_TU
-717.25,1517.75,0,Mph_TU
-351.25,1518.25,0,Mph_TU
-521.25,1519.75,0,Mph_TU
-569.25,1537.25,0,Mph_TU
-411.25,1523.25,0,Mph_TU
-754.25,1521.25,0,Mph_TU
-396.75,1535.75,0,Mph_TU
-740.25,1534.25,0,Mph_TU
-679.25,1526.75,0,Mph_TU
-713.75,1535.25,0,Mph_TU
-377.25,1540.25,0,Mph_TU
-665.75,1537.25,0,Mph_TU
-508.75,1544.75,0,Mph_TU
-556.25,1546.25,0,Mph_TU
-451.75,1539.25,0,Mph_TU
-682.75,1562.25,0,Mph_TU
-452.25,1566.75,0,Mph_TU
-652.25,1554.75,0,Mph_TU
-620.75,1565.25,0,Mph_TU
-528.25,1565.25,0,Mph_TU
-747.75,1567.75,0,Mph_TU
-779.25,1570.25,0,Mph_TU
-586.25,1572.75,0,Mph_TU
-658.75,1584.75,0,Mph_TU
-768.75,1585.75,0,Mph_TU
-540.25,1587.25,0,Mph_TU
-752.25,1598.75,0,Mph_TU
-694.75,1600.75,0,Mph_TU
-789.75,1598.25,0,Mph_TU
-454.25,1608.25,0,Mph_TU
-717.75,1602.75,0,Mph_TU
-577.75,1615.25,0,Mph_TU
-810.75,1627.25,0,Mph_TU
-608.25,1610.25,0,Mph_TU
-514.75,1628.25,0,Mph_TU
-619.25,1629.25,0,Mph_TU
-736.25,1636.75,0,Mph_TU
-711.25,1639.25,0,Mph_TU
-667.25,1637.75,0,Mph_TU
-540.25,1651.75,0,Mph_TU
-584.75,1643.25,0,Mph_TU
-615.25,1657.75,0,Mph_TU
-600.75,1653.75,0,Mph_TU
-736.75,1658.25,0,Mph_TU
-666.25,1659.75,0,Mph_TU
-693.75,1666.75,0,Mph_TU
-681.75,1683.25,0,Mph_TU
-751.25,1701.25,0,Mph_TU
-791.75,1717.25,0,Mph_TU
136.75,1270.75,0,Mph_TU
5.25,1287.25,0,Mph_TU
36.75,1291.25,0,Mph_TU
94.75,1295.75,0,Mph_TU
85.75,1311.25,0,Mph_TU
-1598.75,1270.25,0,Mph_TU
-1006.75,1271.75,0,Mph_TU
-1553.75,1266.75,0,Mph_TU
-1037.25,1278.75,0,Mph_TU
-1103.75,1278.25,0,Mph_TU
-1085.25,1279.75,0,Mph_TU
-1534.25,1275.25,0,Mph_TU
-849.25,1280.25,0,Mph_TU
-1133.25,1279.25,0,Mph_TU
-1412.25,1288.25,0,Mph_TU
-1047.25,1296.75,0,Mph_TU
-1587.75,1303.75,0,Mph_TU
-1519.25,1296.25,0,Mph_TU
-1501.75,1310.25,0,Mph_TU
-1177.25,1304.75,0,Mph_TU
-1429.25,1311.25,0,Mph_TU
-1465.75,1313.25,0,Mph_TU
-1088.25,1313.25,0,Mph_TU
-1196.25,1320.75,0,Mph_TU
-1529.75,1324.75,0,Mph_TU
-1496.25,1329.75,0,Mph_TU
-1203.75,1339.75,0,Mph_TU
-1515.25,1334.25,0,Mph_TU
-833.25,1334.75,0,Mph_TU
-1489.25,1338.25,0,Mph_TU
-1078.25,1339.25,0,Mph_TU
-1325.25,1345.75,0,Mph_TU
-1106.25,1353.25,0,Mph_TU
-1523.25,1356.25,0,Mph_TU
-1051.75,1352.25,0,Mph_TU
-833.25,1353.25,0,Mph_TU
-1244.25,1374.75,0,Mph_TU
-825.75,1375.75,0,Mph_TU
-1050.75,1372.75,0,Mph_TU
-1445.25,1375.75,0,Mph_TU
-1382.25,1373.75,0,Mph_TU
-1030.25,1377.75,0,Mph_TU
-1091.25,1378.75,0,Mph_TU
-1225.25,1377.25,0,Mph_TU
-911.25,1385.25,0,Mph_TU
-1247.75,1391.25,0,Mph_TU
-881.75,1394.75,0,Mph_TU
-935.75,1395.75,0,Mph_TU
-1351.75,1400.75,0,Mph_TU
-1099.25,1400.75,0,Mph_TU
-1297.25,1407.25,0,Mph_TU
-1270.25,1406.25,0,Mph_TU
-1374.75,1398.75,0,Mph_TU
-1077.75,1409.75,0,Mph_TU
-893.25,1410.75,0,Mph_TU
-918.75,1404.75,0,Mph_TU
-1245.75,1408.25,0,Mph_TU
-909.25,1422.25,0,Mph_TU
-1529.75,1417.25,0,Mph_TU
-1367.25,1418.25,0,Mph_TU
-1230.75,1427.75,0,Mph_TU
-1132.75,1423.25,0,Mph_TU
-1564.75,1441.25,0,Mph_TU
-1397.75,1431.75,0,Mph_TU
-1275.25,1430.75,0,Mph_TU
-1502.75,1431.25,0,Mph_TU
-1515.25,1433.25,0,Mph_TU
-1261.75,1454.25,0,Mph_TU
-1508.75,1457.75,0,Mph_TU
-952.75,1452.25,0,Mph_TU
-925.75,1452.25,0,Mph_TU
-919.25,1465.75,0,Mph_TU
-1312.25,1460.25,0,Mph_TU
-1031.25,1473.75,0,Mph_TU
-1271.25,1469.75,0,Mph_TU
-1585.25,1483.25,0,Mph_TU
-975.25,1479.75,0,Mph_TU
-1315.75,1493.75,0,Mph_TU
-1420.75,1490.75,0,Mph_TU
-955.25,1491.75,0,Mph_TU
-1458.75,1500.25,0,Mph_TU
-1369.75,1497.75,0,Mph_TU
-1505.25,1515.75,0,Mph_TU
-1352.75,1502.25,0,Mph_TU
-1279.75,1506.25,0,Mph_TU
-1115.75,1510.25,0,Mph_TU
-991.25,1515.75,0,Mph_TU
-1580.75,1516.75,0,Mph_TU
-1167.25,1509.25,0,Mph_TU
-1473.75,1519.75,0,Mph_TU
-1248.75,1526.25,0,Mph_TU
-1288.75,1521.75,0,Mph_TU
-1119.25,1518.75,0,Mph_TU
-973.25,1522.25,0,Mph_TU
-1463.75,1533.75,0,Mph_TU
-877.25,1537.75,0,Mph_TU
-860.75,1531.25,0,Mph_TU
-1110.75,1530.75,0,Mph_TU
-1615.25,1538.25,0,Mph_TU
-920.25,1546.75,0,Mph_TU
-1200.75,1543.75,0,Mph_TU
-885.25,1550.75,0,Mph_TU
-1448.25,1553.25,0,Mph_TU
-1248.75,1559.25,0,Mph_TU
-1233.75,1547.25,0,Mph_TU
-1192.75,1551.25,0,Mph_TU
-1162.25,1563.75,0,Mph_TU
-1150.75,1565.25,0,Mph_TU
-995.25,1566.75,0,Mph_TU
-1192.25,1573.25,0,Mph_TU
-889.25,1577.25,0,Mph_TU
-1176.25,1582.25,0,Mph_TU
-875.75,1580.75,0,Mph_TU
-1383.25,1576.25,0,Mph_TU
-1154.25,1581.25,0,Mph_TU
-986.25,1585.25,0,Mph_TU
-1439.75,1590.75,0,Mph_TU
-966.75,1588.75,0,Mph_TU
-1605.25,1590.75,0,Mph_TU
-1477.75,1583.75,0,Mph_TU
-1387.75,1596.25,0,Mph_TU
-1206.75,1601.25,0,Mph_TU
-1157.75,1595.25,0,Mph_TU
-1332.75,1599.75,0,Mph_TU
-856.75,1602.25,0,Mph_TU
-1567.75,1600.25,0,Mph_TU
-1288.75,1606.25,0,Mph_TU
-1176.25,1604.25,0,Mph_TU
-1319.75,1608.25,0,Mph_TU
-1192.25,1607.75,0,Mph_TU
-1377.25,1616.25,0,Mph_TU
-1161.75,1612.75,0,Mph_TU
-899.25,1606.25,0,Mph_TU
-1485.25,1612.25,0,Mph_TU
-1593.25,1622.25,0,Mph_TU
-1443.25,1623.75,0,Mph_TU
-1352.75,1614.75,0,Mph_TU
-1348.75,1624.25,0,Mph_TU
-1394.25,1622.75,0,Mph_TU
-1328.75,1622.75,0,Mph_TU
-1562.75,1625.25,0,Mph_TU
-1309.75,1626.25,0,Mph_TU
-1174.25,1621.25,0,Mph_TU
-1221.25,1629.75,0,Mph_TU
-852.25,1632.25,0,Mph_TU
-1374.75,1648.25,0,Mph_TU
-1173.25,1630.25,0,Mph_TU
-866.75,1637.75,0,Mph_TU
-1397.75,1636.25,0,Mph_TU
-1309.75,1644.25,0,Mph_TU
-1353.75,1642.25,0,Mph_TU
-1335.25,1644.75,0,Mph_TU
-1387.25,1655.75,0,Mph_TU
-1409.25,1645.75,0,Mph_TU
-991.25,1656.75,0,Mph_TU
-1338.75,1658.75,0,Mph_TU
-1324.25,1655.75,0,Mph_TU
-1274.25,1655.75,0,Mph_TU
-1305.25,1669.25,0,Mph_TU
-1221.25,1660.75,0,Mph_TU
-1340.75,1679.25,0,Mph_TU
-1101.75,1672.25,0,Mph_TU
-837.75,1675.75,0,Mph_TU
-1244.75,1669.75,0,Mph_TU
-1229.25,1675.75,0,Mph_TU
-1284.25,1677.25,0,Mph_TU
-1085.25,1677.25,0,Mph_TU
-1391.75,1680.25,0,Mph_TU
-1106.75,1687.25,0,Mph_TU
-1419.75,1683.75,0,Mph_TU
-1445.25,1684.25,0,Mph_TU
-1084.25,1687.25,0,Mph_TU
-1068.25,1688.75,0,Mph_TU
-972.25,1686.75,0,Mph_TU
-1341.75,1694.25,0,Mph_TU
-1046.75,1699.75,0,Mph_TU
-1294.75,1693.75,0,Mph_TU
-1280.25,1693.25,0,Mph_TU
-1255.25,1702.25,0,Mph_TU
-1211.75,1698.75,0,Mph_TU
-1517.25,1703.75,0,Mph_TU
-1076.75,1706.75,0,Mph_TU
-1238.25,1700.75,0,Mph_TU
-1102.25,1705.75,0,Mph_TU
-1416.25,1706.25,0,Mph_TU
-1394.25,1708.75,0,Mph_TU
-1331.75,1706.25,0,Mph_TU
-1274.25,1712.75,0,Mph_TU
-1492.25,1707.25,0,Mph_TU
-1450.75,1706.75,0,Mph_TU
-1433.75,1717.75,0,Mph_TU
-1382.25,1709.75,0,Mph_TU
-1290.25,1713.75,0,Mph_TU
-1051.25,1716.25,0,Mph_TU
-1333.25,1731.25,0,Mph_TU
-1251.75,1722.25,0,Mph_TU
-1229.75,1721.25,0,Mph_TU
-1089.25,1720.75,0,Mph_TU
-1020.75,1725.25,0,Mph_TU
-829.25,1722.25,0,Mph_TU
-1409.75,1728.25,0,Mph_TU
-1385.75,1739.75,0,Mph_TU
-1235.75,1735.25,0,Mph_TU
-1359.75,1728.25,0,Mph_TU
-1283.25,1739.25,0,Mph_TU
-1260.75,1733.25,0,Mph_TU
-1025.75,1737.25,0,Mph_TU
-1585.25,1744.75,0,Mph_TU
-1248.75,1756.75,0,Mph_TU
-1423.25,1745.75,0,Mph_TU
-1267.25,1749.75,0,Mph_TU
-1549.25,1739.75,0,Mph_TU
-1365.25,1749.25,0,Mph_TU
-1340.25,1754.75,0,Mph_TU
-1004.25,1747.75,0,Mph_TU
-1390.75,1746.75,0,Mph_TU
-1399.75,1748.75,0,Mph_TU
-1046.75,1752.25,0,Mph_TU
-961.25,1759.75,0,Mph_TU
-1016.75,1757.25,0,Mph_TU
-1512.75,1764.75,0,Mph_TU
-900.25,1776.25,0,Mph_TU
-991.75,1778.75,0,Mph_TU
-1498.75,1784.75,0,Mph_TU
-1365.75,1788.75,0,Mph_TU
-1391.25,1792.75,0,Mph_TU
-1547.25,1793.25,0,Mph_TU
-1333.75,1789.25,0,Mph_TU
-917.25,1792.75,0,Mph_TU
-883.75,1806.75,0,Mph_TU
-1522.75,1805.25,0,Mph_TU
-1605.75,1805.25,0,Mph_TU
-1314.25,1812.75,0,Mph_TU
-934.75,1815.25,0,Mph_TU
-1260.75,1804.75,0,Mph_TU
-1498.25,1827.25,0,Mph_TU
-1064.25,1841.75,0,Mph_TU
-1353.75,1828.75,0,Mph_TU
-1152.25,1844.75,0,Mph_TU
-1275.25,1836.25,0,Mph_TU
-1481.25,1846.25,0,Mph_TU
-1010.25,1834.25,0,Mph_TU
-1377.75,1846.25,0,Mph_TU
-1612.75,1847.25,0,Mph_TU
-1348.75,1849.75,0,Mph_TU
-1590.75,1845.75,0,Mph_TU
-1079.75,1850.75,0,Mph_TU
-1399.75,1849.75,0,Mph_TU
-1548.75,1857.25,0,Mph_TU
-1023.75,1856.25,0,Mph_TU
-1430.75,1863.75,0,Mph_TU
-1288.25,1864.25,0,Mph_TU
-1322.75,1854.25,0,Mph_TU
-1344.75,1867.75,0,Mph_TU
-1096.75,1864.25,0,Mph_TU
-1375.25,1873.75,0,Mph_TU
-1160.25,1875.25,0,Mph_TU
-1331.25,1877.75,0,Mph_TU
-1081.75,1883.25,0,Mph_TU
-1566.75,1892.75,0,Mph_TU
-1587.25,1895.25,0,Mph_TU
-1533.75,1898.25,0,Mph_TU
-1503.25,1902.75,0,Mph_TU
-1448.75,1897.75,0,Mph_TU
-1473.75,1903.25,0,Mph_TU
-1310.75,1922.75,0,Mph_TU
-1413.75,1909.25,0,Mph_TU
-1294.25,1915.25,0,Mph_TU
-1500.25,1930.25,0,Mph_TU
-1434.25,1918.75,0,Mph_TU
-1325.25,1927.75,0,Mph_TU
-1341.25,1934.25,0,Mph_TU
-1293.25,1935.75,0,Mph_TU
-1613.25,1946.25,0,Mph_TU
-1319.75,1948.75,0,Mph_TU
-1332.25,1967.75,0,Mph_TU
-1359.75,1975.75,0,Mph_TU
-1539.75,1989.75,0,Mph_TU
-1520.25,1999.25,0,Mph_TU
-1383.75,1986.75,0,Mph_TU
-1402.25,1996.75,0,Mph_TU
-1489.75,2008.75,0,Mph_TU
-1511.25,2021.75,0,Mph_TU
-1608.75,2026.75,0,Mph_TU
-1503.25,2026.25,0,Mph_TU
-1571.75,2029.25,0,Mph_TU
-1549.25,2031.75,0,Mph_TU
-1498.25,2049.75,0,Mph_TU
-1609.25,2048.25,0,Mph_TU
-1539.25,2052.25,0,Mph_TU
-1588.75,2049.75,0,Mph_TU
-1561.25,2058.25,0,Mph_TU
-3225.75,2074.25,0,Mph_TU
-3267.75,2071.75,0,Mph_TU
-3279.75,2087.25,0,Mph_TU
-2852.75,2066.75,0,Mph_TU
-3129.75,2072.75,0,Mph_TU
-2513.25,2070.75,0,Mph_TU
-2496.75,2079.25,0,Mph_TU
-2475.75,2084.75,0,Mph_TU
-2930.75,2079.75,0,Mph_TU
-2968.75,2086.25,0,Mph_TU
-2872.75,2083.25,0,Mph_TU
-2438.25,2089.75,0,Mph_TU
-2910.75,2095.75,0,Mph_TU
-2843.75,2102.75,0,Mph_TU
-2593.75,2102.75,0,Mph_TU
-2990.25,2096.75,0,Mph_TU
-2643.75,2104.75,0,Mph_TU
-3111.25,2104.25,0,Mph_TU
-2730.25,2110.75,0,Mph_TU
-3081.25,2117.25,0,Mph_TU
-3064.75,2121.75,0,Mph_TU
-3040.25,2131.25,0,Mph_TU
-2481.25,2140.75,0,Mph_TU
-2734.25,2152.75,0,Mph_TU
-2977.75,2164.25,0,Mph_TU
-2965.25,2146.75,0,Mph_TU
-2955.25,2164.75,0,Mph_TU
-2437.75,2166.25,0,Mph_TU
-2459.75,2162.75,0,Mph_TU
-2855.75,2170.25,0,Mph_TU
-3129.75,2170.75,0,Mph_TU
-2899.25,2168.25,0,Mph_TU
-2877.75,2174.25,0,Mph_TU
-2863.75,2177.25,0,Mph_TU
-2466.75,2186.25,0,Mph_TU
-2674.75,2195.75,0,Mph_TU
-3126.75,2197.25,0,Mph_TU
-2793.25,2190.75,0,Mph_TU
-2850.25,2203.25,0,Mph_TU
-2730.75,2199.75,0,Mph_TU
-2515.25,2200.75,0,Mph_TU
-2878.25,2220.25,0,Mph_TU
-3102.75,2215.25,0,Mph_TU
-2959.25,2220.25,0,Mph_TU
-2900.25,2219.75,0,Mph_TU
-2789.25,2217.75,0,Mph_TU
-3015.75,2229.25,0,Mph_TU
-2549.25,2235.75,0,Mph_TU
-2760.75,2257.25,0,Mph_TU
-2499.25,2251.75,0,Mph_TU
-3110.75,2248.75,0,Mph_TU
-2892.75,2257.25,0,Mph_TU
-3127.75,2275.75,0,Mph_TU
-2533.25,2283.75,0,Mph_TU
-2956.75,2275.25,0,Mph_TU
-2573.25,2285.75,0,Mph_TU
-2665.75,2280.25,0,Mph_TU
-2623.75,2280.75,0,Mph_TU
-3034.75,2284.25,0,Mph_TU
-3056.75,2286.25,0,Mph_TU
-2871.25,2287.75,0,Mph_TU
-2895.75,2283.75,0,Mph_TU
-2450.75,2294.75,0,Mph_TU
-3007.75,2307.75,0,Mph_TU
-2936.25,2308.75,0,Mph_TU
-2557.75,2304.75,0,Mph_TU
-2900.75,2325.75,0,Mph_TU
-2932.25,2321.25,0,Mph_TU
-2545.25,2318.25,0,Mph_TU
-2682.75,2330.25,0,Mph_TU
-2632.75,2341.75,0,Mph_TU
-2529.75,2337.25,0,Mph_TU
-2655.25,2350.75,0,Mph_TU
-2815.75,2347.25,0,Mph_TU
-2928.25,2364.25,0,Mph_TU
-2966.25,2362.75,0,Mph_TU
-2711.75,2373.25,0,Mph_TU
-3077.75,2382.75,0,Mph_TU
-2435.75,2372.75,0,Mph_TU
-3006.75,2376.75,0,Mph_TU
-2631.25,2394.75,0,Mph_TU
-2625.75,2417.75,0,Mph_TU
-3038.75,2423.75,0,Mph_TU
-3004.25,2431.25,0,Mph_TU
-2816.75,2419.25,0,Mph_TU
-2858.25,2445.25,0,Mph_TU
-2976.75,2446.75,0,Mph_TU
-3041.25,2459.75,0,Mph_TU
-2640.75,2448.75,0,Mph_TU
-2649.25,2478.75,0,Mph_TU
-2606.75,2481.25,0,Mph_TU
-2689.75,2470.25,0,Mph_TU
-2946.25,2477.25,0,Mph_TU
-3003.75,2489.25,0,Mph_TU
-2876.25,2505.25,0,Mph_TU
-2626.25,2504.25,0,Mph_TU
-2836.25,2511.25,0,Mph_TU
-2848.25,2519.75,0,Mph_TU
-2958.25,2526.25,0,Mph_TU
-2699.75,2524.25,0,Mph_TU
-2703.25,2539.75,0,Mph_TU
-2962.25,2553.75,0,Mph_TU
-2830.25,2547.25,0,Mph_TU
-2701.25,2556.75,0,Mph_TU
-2989.75,2557.25,0,Mph_TU
-2907.25,2570.75,0,Mph_TU
-2156.25,2081.25,0,Mph_TU
-2388.25,2089.75,0,Mph_TU
-1625.75,2083.25,0,Mph_TU
-1922.75,2110.25,0,Mph_TU
-1707.75,2104.75,0,Mph_TU
-1734.25,2114.25,0,Mph_TU
-1715.75,2133.75,0,Mph_TU
-1703.25,2138.25,0,Mph_TU
-1739.25,2134.25,0,Mph_TU
-1753.25,2129.25,0,Mph_TU
-2113.25,2148.25,0,Mph_TU
-2080.25,2154.75,0,Mph_TU
-1748.25,2158.25,0,Mph_TU
-2419.75,2164.25,0,Mph_TU
-2241.75,2184.75,0,Mph_TU
-1836.25,2190.25,0,Mph_TU
-2227.75,2212.75,0,Mph_TU
-2137.25,2208.75,0,Mph_TU
-2299.25,2218.25,0,Mph_TU
-2118.25,2225.75,0,Mph_TU
-2190.75,2240.25,0,Mph_TU
-2255.25,2246.25,0,Mph_TU
-1994.75,2246.25,0,Mph_TU
-2177.25,2256.75,0,Mph_TU
-2069.25,2249.75,0,Mph_TU
-2085.75,2251.25,0,Mph_TU
-2375.25,2261.75,0,Mph_TU
-2346.75,2267.75,0,Mph_TU
-2211.25,2275.25,0,Mph_TU
-2260.25,2289.25,0,Mph_TU
-2174.25,2286.25,0,Mph_TU
-2205.25,2297.75,0,Mph_TU
-2237.25,2288.75,0,Mph_TU
-2151.75,2288.25,0,Mph_TU
-2228.75,2307.25,0,Mph_TU
-2175.75,2314.25,0,Mph_TU
-2209.75,2326.75,0,Mph_TU
-2405.75,2338.25,0,Mph_TU
-2289.25,2362.75,0,Mph_TU
-2338.75,2360.25,0,Mph_TU
-2406.25,2381.25,0,Mph_TU
-2313.25,2373.75,0,Mph_TU
-2381.75,2395.25,0,Mph_TU
-2356.25,2400.75,0,Mph_TU
-1585.25,2069.25,0,Mph_TU
5517.25,-3105.75,0,Mph_IM
5573.25,-3088.75,0,Mph_IM
5545.75,-3084.75,0,Mph_IM
5563.75,-3060.25,0,Mph_IM
5561.25,-3033.25,0,Mph_IM
5531.25,-3032.75,0,Mph_IM
5522.25,-2993.75,0,Mph_IM
5554.75,-2981.75,0,Mph_IM
5541.75,-2943.75,0,Mph_IM
5639.75,-2929.75,0,Mph_IM
5622.75,-2929.25,0,Mph_IM
5538.25,-2924.75,0,Mph_IM
5522.25,-2907.75,0,Mph_IM
5618.25,-2915.75,0,Mph_IM
5638.25,-2911.25,0,Mph_IM
5582.25,-2911.25,0,Mph_IM
5552.25,-2904.25,0,Mph_IM
5538.75,-2903.25,0,Mph_IM
5629.25,-2892.75,0,Mph_IM
5609.25,-2888.25,0,Mph_IM
5590.25,-2900.25,0,Mph_IM
5570.75,-2894.25,0,Mph_IM
5531.25,-2890.25,0,Mph_IM
5555.25,-2884.25,0,Mph_IM
5590.25,-2886.75,0,Mph_IM
5584.25,-2873.25,0,Mph_IM
5621.25,-2879.75,0,Mph_IM
5527.25,-2880.75,0,Mph_IM
5599.25,-2869.75,0,Mph_IM
5646.75,-2871.25,0,Mph_IM
5533.25,-2863.25,0,Mph_IM
5564.75,-2868.75,0,Mph_IM
5620.75,-2861.25,0,Mph_IM
5546.25,-2858.25,0,Mph_IM
5641.25,-2860.25,0,Mph_IM
5564.75,-2854.75,0,Mph_IM
5623.25,-2849.75,0,Mph_IM
5640.25,-2847.25,0,Mph_IM
5548.75,-2841.25,0,Mph_IM
5514.75,-2839.75,0,Mph_IM
5568.25,-2836.75,0,Mph_IM
5594.25,-2838.75,0,Mph_IM
5637.25,-2825.75,0,Mph_IM
5614.25,-2827.25,0,Mph_IM
5548.75,-2825.25,0,Mph_IM
5529.75,-2819.75,0,Mph_IM
5547.75,-2807.25,0,Mph_IM
5635.25,-2803.25,0,Mph_IM
5653.75,-2802.25,0,Mph_IM
5615.75,-2801.25,0,Mph_IM
5559.75,-2790.25,0,Mph_IM
5599.75,-2796.75,0,Mph_IM
5530.75,-2790.25,0,Mph_IM
5569.75,-2786.25,0,Mph_IM
5622.75,-2787.25,0,Mph_IM
5638.25,-2783.25,0,Mph_IM
5651.25,-2781.75,0,Mph_IM
5666.25,-2783.25,0,Mph_IM
5525.75,-2779.25,0,Mph_IM
5592.25,-2772.75,0,Mph_IM
5613.25,-2775.75,0,Mph_IM
5629.25,-2773.75,0,Mph_IM
5643.25,-2767.25,0,Mph_IM
5668.75,-2762.25,0,Mph_IM
5603.75,-2764.75,0,Mph_IM
5623.25,-2753.25,0,Mph_IM
5585.25,-2749.75,0,Mph_IM
5566.25,-2759.25,0,Mph_IM
5608.75,-2744.75,0,Mph_IM
5641.75,-2743.75,0,Mph_IM
5557.25,-2750.75,0,Mph_IM
5671.75,-2737.25,0,Mph_IM
5543.75,-2736.75,0,Mph_IM
5584.75,-2730.25,0,Mph_IM
5654.75,-2728.25,0,Mph_IM
5530.75,-2715.75,0,Mph_IM
5598.25,-2715.25,0,Mph_IM
5654.25,-2719.75,0,Mph_IM
5551.25,-2706.25,0,Mph_IM
5578.75,-2707.25,0,Mph_IM
5635.25,-2708.75,0,Mph_IM
5525.75,-2702.75,0,Mph_IM
5643.75,-2678.75,0,Mph_IM
5535.75,-2682.75,0,Mph_IM
5577.25,-2677.75,0,Mph_IM
5532.25,-2665.25,0,Mph_IM
5543.25,-2651.75,0,Mph_IM
5636.75,-2659.75,0,Mph_IM
5521.75,-2650.25,0,Mph_IM
5624.25,-2651.75,0,Mph_IM
5592.75,-2637.75,0,Mph_IM
5621.75,-2637.25,0,Mph_IM
5547.25,-2628.75,0,Mph_IM
5549.75,-2601.75,0,Mph_IM
5577.25,-2608.25,0,Mph_IM
3887.25,-2979.25,0,Mph_IM
4706.25,-3525.25,0,Mph_IM
4682.75,-3517.25,0,Mph_IM
4653.75,-3494.75,0,Mph_IM
4675.75,-3494.75,0,Mph_IM
4709.25,-3492.25,0,Mph_IM
4690.75,-3478.75,0,Mph_IM
4662.75,-3479.75,0,Mph_IM
4704.25,-3477.25,0,Mph_IM
4652.75,-3472.25,0,Mph_IM
4705.75,-3461.25,0,Mph_IM
4654.75,-3457.75,0,Mph_IM
4691.25,-3448.75,0,Mph_IM
4644.25,-3447.75,0,Mph_IM
4708.25,-3436.25,0,Mph_IM
4657.75,-3438.25,0,Mph_IM
4625.75,-3435.25,0,Mph_IM
4712.75,-3427.25,0,Mph_IM
4667.25,-3431.25,0,Mph_IM
4688.75,-3428.75,0,Mph_IM
4651.25,-3417.75,0,Mph_IM
4673.75,-3418.25,0,Mph_IM
4623.75,-3412.75,0,Mph_IM
4678.25,-3406.25,0,Mph_IM
4704.25,-3407.75,0,Mph_IM
4634.25,-3389.25,0,Mph_IM
4686.75,-3392.25,0,Mph_IM
4707.25,-3388.25,0,Mph_IM
4677.75,-3386.75,0,Mph_IM
4618.25,-3389.75,0,Mph_IM
4596.25,-3376.75,0,Mph_IM
4663.25,-3378.75,0,Mph_IM
4631.25,-3360.75,0,Mph_IM
4692.25,-3364.75,0,Mph_IM
4650.25,-3360.25,0,Mph_IM
4676.75,-3353.25,0,Mph_IM
4595.25,-3352.75,0,Mph_IM
4591.25,-3332.25,0,Mph_IM
4688.25,-3327.75,0,Mph_IM
4611.75,-3326.75,0,Mph_IM
4581.75,-3320.25,0,Mph_IM
4520.25,-3313.25,0,Mph_IM
4670.25,-3309.75,0,Mph_IM
4611.25,-3310.75,0,Mph_IM
4582.75,-3303.25,0,Mph_IM
4696.75,-3303.75,0,Mph_IM
4603.25,-3299.75,0,Mph_IM
4642.75,-3300.25,0,Mph_IM
4549.25,-3294.75,0,Mph_IM
4578.25,-3293.75,0,Mph_IM
4683.75,-3294.75,0,Mph_IM
4611.25,-3285.75,0,Mph_IM
4634.75,-3274.75,0,Mph_IM
4590.25,-3265.75,0,Mph_IM
4564.75,-3268.75,0,Mph_IM
4648.25,-3263.75,0,Mph_IM
4612.25,-3257.25,0,Mph_IM
4512.75,-3262.25,0,Mph_IM
4686.25,-3243.75,0,Mph_IM
4566.75,-3245.25,0,Mph_IM
4709.75,-3242.75,0,Mph_IM
4508.75,-3239.25,0,Mph_IM
4657.75,-3235.75,0,Mph_IM
4480.75,-3233.25,0,Mph_IM
4483.25,-3213.25,0,Mph_IM
4548.75,-3208.75,0,Mph_IM
4360.25,-3203.25,0,Mph_IM
4518.75,-3211.75,0,Mph_IM
4671.75,-3202.25,0,Mph_IM
4705.75,-3201.25,0,Mph_IM
4595.25,-3195.75,0,Mph_IM
4524.75,-3196.75,0,Mph_IM
4386.25,-3193.75,0,Mph_IM
4486.25,-3180.75,0,Mph_IM
4535.25,-3177.75,0,Mph_IM
4645.75,-3184.25,0,Mph_IM
4511.75,-3190.75,0,Mph_IM
4400.25,-3162.25,0,Mph_IM
4442.75,-3169.75,0,Mph_IM
4640.75,-3162.25,0,Mph_IM
4558.75,-3158.25,0,Mph_IM
4513.75,-3155.75,0,Mph_IM
4324.25,-3151.25,0,Mph_IM
4531.25,-3150.25,0,Mph_IM
4164.75,-3138.25,0,Mph_IM
4396.75,-3133.25,0,Mph_IM
4598.75,-3134.75,0,Mph_IM
4542.75,-3138.25,0,Mph_IM
4659.75,-3134.75,0,Mph_IM
4631.75,-3127.75,0,Mph_IM
4498.25,-3124.75,0,Mph_IM
4707.75,-3126.75,0,Mph_IM
4087.75,-3121.25,0,Mph_IM
4555.75,-3118.25,0,Mph_IM
4632.25,-3113.25,0,Mph_IM
4682.25,-3111.75,0,Mph_IM
4377.25,-3092.25,0,Mph_IM
4495.25,-3097.25,0,Mph_IM
4702.25,-3093.25,0,Mph_IM
4100.25,-3098.25,0,Mph_IM
4347.25,-3086.25,0,Mph_IM
4687.75,-3085.25,0,Mph_IM
4107.75,-3090.75,0,Mph_IM
4644.25,-3079.75,0,Mph_IM
4081.25,-3077.75,0,Mph_IM
4479.75,-3089.75,0,Mph_IM
4666.25,-3084.75,0,Mph_IM
4566.75,-3078.25,0,Mph_IM
4618.25,-3081.25,0,Mph_IM
4675.25,-3064.25,0,Mph_IM
4043.25,-3064.75,0,Mph_IM
4481.75,-3060.75,0,Mph_IM
4603.75,-3059.25,0,Mph_IM
4160.25,-3057.25,0,Mph_IM
4604.25,-3052.25,0,Mph_IM
4024.25,-3053.75,0,Mph_IM
4633.25,-3056.25,0,Mph_IM
4703.75,-3043.25,0,Mph_IM
4308.25,-3052.25,0,Mph_IM
4659.25,-3048.25,0,Mph_IM
4549.25,-3047.75,0,Mph_IM
4325.25,-3036.25,0,Mph_IM
4691.25,-3032.25,0,Mph_IM
4530.25,-3031.75,0,Mph_IM
4642.75,-3032.25,0,Mph_IM
4666.75,-3037.25,0,Mph_IM
4625.25,-3029.75,0,Mph_IM
4049.25,-3036.75,0,Mph_IM
4608.75,-3022.25,0,Mph_IM
4353.25,-3020.75,0,Mph_IM
4654.25,-3013.75,0,Mph_IM
3919.25,-3020.25,0,Mph_IM
4198.25,-3013.25,0,Mph_IM
4512.75,-3014.25,0,Mph_IM
3998.75,-3026.75,0,Mph_IM
4022.25,-3024.25,0,Mph_IM
4586.75,-3015.25,0,Mph_IM
4685.75,-3009.25,0,Mph_IM
4050.75,-3017.25,0,Mph_IM
4254.25,-3013.25,0,Mph_IM
4338.75,-2998.75,0,Mph_IM
4404.75,-3005.25,0,Mph_IM
4407.25,-2997.75,0,Mph_IM
4601.25,-2990.25,0,Mph_IM
4707.25,-3002.25,0,Mph_IM
4429.75,-2992.25,0,Mph_IM
3990.75,-2987.75,0,Mph_IM
3960.75,-2993.75,0,Mph_IM
3939.75,-2982.25,0,Mph_IM
4028.75,-2983.25,0,Mph_IM
4669.25,-2980.25,0,Mph_IM
4692.25,-2974.75,0,Mph_IM
4193.75,-2976.25,0,Mph_IM
3971.25,-2980.25,0,Mph_IM
4416.25,-2969.75,0,Mph_IM
3980.25,-2966.25,0,Mph_IM
4693.75,-2960.75,0,Mph_IM
4002.75,-2961.75,0,Mph_IM
4276.25,-2962.75,0,Mph_IM
4296.25,-2957.75,0,Mph_IM
4266.75,-2942.75,0,Mph_IM
4695.75,-2938.25,0,Mph_IM
4669.75,-2945.75,0,Mph_IM
4708.25,-2940.75,0,Mph_IM
4277.75,-2938.25,0,Mph_IM
3756.75,-2890.25,0,Mph_IM
3753.25,-2875.75,0,Mph_IM
3738.25,-2856.75,0,Mph_IM
3692.75,-2765.75,0,Mph_IM
3708.25,-2714.75,0,Mph_IM
3620.75,-2709.25,0,Mph_IM
3908.75,-2700.25,0,Mph_IM
3667.25,-2696.75,0,Mph_IM
3870.25,-2689.25,0,Mph_IM
3579.75,-2679.25,0,Mph_IM
3704.75,-2688.75,0,Mph_IM
3614.75,-2660.75,0,Mph_IM
3906.25,-2670.25,0,Mph_IM
3628.75,-2672.75,0,Mph_IM
3735.75,-2650.75,0,Mph_IM
3696.25,-2643.25,0,Mph_IM
3673.75,-2632.75,0,Mph_IM
3651.75,-2585.25,0,Mph_IM
3896.25,-2564.75,0,Mph_IM
3732.75,-2404.75,0,Mph_IM
3710.25,-2405.25,0,Mph_IM
3892.25,-2371.75,0,Mph_IM
3734.75,-2362.25,0,Mph_IM
3871.25,-2344.75,0,Mph_IM
3739.75,-2333.75,0,Mph_IM
3875.25,-2324.75,0,Mph_IM
3701.25,-2323.75,0,Mph_IM
3717.25,-2313.75,0,Mph_IM
3895.75,-2308.25,0,Mph_IM
3894.75,-2221.75,0,Mph_IM
3778.25,-2201.75,0,Mph_IM
3804.75,-2193.25,0,Mph_IM
3884.75,-2175.25,0,Mph_IM
3831.25,-2158.75,0,Mph_IM
3806.25,-2157.25,0,Mph_IM
3866.75,-2163.75,0,Mph_IM
3752.75,-2143.75,0,Mph_IM
5051.75,-3704.75,0,Mph_IM
5069.75,-3690.75,0,Mph_IM
5011.25,-3685.75,0,Mph_IM
5038.25,-3682.25,0,Mph_IM
5116.25,-3682.25,0,Mph_IM
5024.75,-3673.25,0,Mph_IM
5094.75,-3672.25,0,Mph_IM
4986.25,-3662.75,0,Mph_IM
4950.25,-3665.25,0,Mph_IM
5115.25,-3661.75,0,Mph_IM
5011.25,-3658.25,0,Mph_IM
5089.75,-3658.25,0,Mph_IM
4932.75,-3650.25,0,Mph_IM
5147.25,-3639.25,0,Mph_IM
5028.75,-3648.25,0,Mph_IM
4906.75,-3649.75,0,Mph_IM
4968.75,-3644.25,0,Mph_IM
4949.75,-3636.25,0,Mph_IM
4991.75,-3637.25,0,Mph_IM
5120.25,-3639.25,0,Mph_IM
5088.75,-3636.75,0,Mph_IM
5017.25,-3631.75,0,Mph_IM
4832.75,-3631.75,0,Mph_IM
4887.75,-3636.25,0,Mph_IM
4848.75,-3628.25,0,Mph_IM
4915.75,-3621.75,0,Mph_IM
4931.75,-3623.75,0,Mph_IM
4958.75,-3620.75,0,Mph_IM
4984.25,-3621.75,0,Mph_IM
5119.25,-3619.25,0,Mph_IM
4841.25,-3603.25,0,Mph_IM
4943.75,-3613.25,0,Mph_IM
4871.25,-3622.25,0,Mph_IM
4905.25,-3613.75,0,Mph_IM
4818.75,-3606.25,0,Mph_IM
4856.25,-3615.25,0,Mph_IM
4889.25,-3611.25,0,Mph_IM
5153.25,-3607.25,0,Mph_IM
4797.75,-3607.75,0,Mph_IM
5113.25,-3598.25,0,Mph_IM
4926.75,-3601.75,0,Mph_IM
5023.25,-3603.75,0,Mph_IM
4831.25,-3596.75,0,Mph_IM
4866.75,-3596.25,0,Mph_IM
4957.75,-3601.75,0,Mph_IM
5189.25,-3603.75,0,Mph_IM
4982.25,-3595.75,0,Mph_IM
4898.75,-3598.25,0,Mph_IM
4778.75,-3590.25,0,Mph_IM
4800.75,-3587.75,0,Mph_IM
5125.25,-3586.25,0,Mph_IM
4918.25,-3586.25,0,Mph_IM
4956.25,-3584.25,0,Mph_IM
5165.25,-3580.25,0,Mph_IM
5001.25,-3585.25,0,Mph_IM
5190.75,-3580.25,0,Mph_IM
4839.25,-3582.25,0,Mph_IM
4887.25,-3583.25,0,Mph_IM
4815.25,-3581.25,0,Mph_IM
4936.75,-3581.25,0,Mph_IM
4757.75,-3580.75,0,Mph_IM
4733.25,-3565.75,0,Mph_IM
4973.75,-3564.25,0,Mph_IM
4886.25,-3569.25,0,Mph_IM
5054.25,-3570.75,0,Mph_IM
4866.25,-3572.25,0,Mph_IM
4902.25,-3563.75,0,Mph_IM
4944.25,-3569.25,0,Mph_IM
4849.75,-3572.25,0,Mph_IM
4798.75,-3562.25,0,Mph_IM
4758.25,-3564.25,0,Mph_IM
4928.25,-3558.75,0,Mph_IM
5014.75,-3558.75,0,Mph_IM
5145.25,-3556.25,0,Mph_IM
4878.25,-3548.25,0,Mph_IM
5120.75,-3543.25,0,Mph_IM
4859.25,-3537.25,0,Mph_IM
4741.75,-3535.75,0,Mph_IM
5209.75,-3539.75,0,Mph_IM
4827.75,-3545.75,0,Mph_IM
5028.25,-3536.75,0,Mph_IM
5084.75,-3537.75,0,Mph_IM
5156.25,-3544.25,0,Mph_IM
4766.75,-3548.25,0,Mph_IM
4957.25,-3540.75,0,Mph_IM
5055.75,-3532.75,0,Mph_IM
4788.75,-3540.25,0,Mph_IM
4814.75,-3529.25,0,Mph_IM
4765.75,-3530.25,0,Mph_IM
5093.75,-3524.25,0,Mph_IM
4729.75,-3529.75,0,Mph_IM
4763.75,-3514.25,0,Mph_IM
5078.75,-3507.25,0,Mph_IM
4793.75,-3510.25,0,Mph_IM
5051.75,-3507.25,0,Mph_IM
4714.25,-3509.25,0,Mph_IM
4984.75,-3517.25,0,Mph_IM
4935.25,-3508.75,0,Mph_IM
4924.25,-3501.25,0,Mph_IM
4772.25,-3499.25,0,Mph_IM
4738.75,-3494.75,0,Mph_IM
5127.25,-3490.75,0,Mph_IM
4755.25,-3486.25,0,Mph_IM
4728.25,-3480.25,0,Mph_IM
4766.25,-3484.75,0,Mph_IM
4903.25,-3491.25,0,Mph_IM
5245.75,-3475.75,0,Mph_IM
4880.75,-3481.25,0,Mph_IM
5100.25,-3477.25,0,Mph_IM
4913.75,-3477.25,0,Mph_IM
4937.25,-3478.75,0,Mph_IM
4840.25,-3473.25,0,Mph_IM
5079.25,-3469.25,0,Mph_IM
4770.75,-3457.25,0,Mph_IM
4742.75,-3454.25,0,Mph_IM
4890.75,-3463.75,0,Mph_IM
4948.25,-3456.75,0,Mph_IM
4825.75,-3456.75,0,Mph_IM
4908.75,-3456.75,0,Mph_IM
4805.75,-3459.25,0,Mph_IM
4719.75,-3451.25,0,Mph_IM
4885.25,-3449.25,0,Mph_IM
4840.75,-3447.25,0,Mph_IM
4997.25,-3446.75,0,Mph_IM
4860.75,-3444.75,0,Mph_IM
4907.25,-3443.75,0,Mph_IM
5057.75,-3429.75,0,Mph_IM
4727.25,-3440.25,0,Mph_IM
4976.25,-3442.75,0,Mph_IM
5175.75,-3444.25,0,Mph_IM
4759.25,-3434.75,0,Mph_IM
4843.75,-3433.25,0,Mph_IM
4795.75,-3424.75,0,Mph_IM
4885.25,-3423.75,0,Mph_IM
4829.75,-3430.75,0,Mph_IM
4927.75,-3430.25,0,Mph_IM
4732.25,-3419.25,0,Mph_IM
4818.25,-3419.75,0,Mph_IM
4904.75,-3423.25,0,Mph_IM
5129.75,-3423.25,0,Mph_IM
5246.25,-3429.25,0,Mph_IM
4746.75,-3421.75,0,Mph_IM
4835.75,-3411.75,0,Mph_IM
4869.25,-3410.25,0,Mph_IM
4763.75,-3419.25,0,Mph_IM
4736.75,-3404.25,0,Mph_IM
4935.25,-3407.25,0,Mph_IM
4768.75,-3396.25,0,Mph_IM
4816.75,-3399.75,0,Mph_IM
4748.75,-3396.75,0,Mph_IM
4786.25,-3395.25,0,Mph_IM
4964.25,-3381.25,0,Mph_IM
4983.25,-3382.25,0,Mph_IM
4872.25,-3388.25,0,Mph_IM
4924.75,-3388.25,0,Mph_IM
4937.75,-3373.75,0,Mph_IM
5052.75,-3383.25,0,Mph_IM
5320.25,-3384.75,0,Mph_IM
4747.75,-3378.75,0,Mph_IM
4821.25,-3382.75,0,Mph_IM
4993.25,-3378.25,0,Mph_IM
4775.75,-3377.75,0,Mph_IM
5049.25,-3362.75,0,Mph_IM
4917.25,-3364.75,0,Mph_IM
5307.25,-3368.25,0,Mph_IM
4736.75,-3364.75,0,Mph_IM
4797.25,-3352.25,0,Mph_IM
4886.75,-3359.75,0,Mph_IM
4772.75,-3349.25,0,Mph_IM
4829.75,-3358.75,0,Mph_IM
5375.75,-3350.75,0,Mph_IM
4868.25,-3367.25,0,Mph_IM
4720.75,-3363.25,0,Mph_IM
4755.25,-3359.25,0,Mph_IM
5336.25,-3347.75,0,Mph_IM
5028.25,-3351.75,0,Mph_IM
5003.75,-3351.25,0,Mph_IM
5169.75,-3342.25,0,Mph_IM
4815.75,-3336.75,0,Mph_IM
4743.75,-3333.75,0,Mph_IM
5038.25,-3337.75,0,Mph_IM
5213.75,-3346.75,0,Mph_IM
5242.25,-3345.25,0,Mph_IM
5273.75,-3336.75,0,Mph_IM
4876.75,-3327.75,0,Mph_IM
5034.75,-3317.75,0,Mph_IM
4843.25,-3325.75,0,Mph_IM
5384.25,-3328.75,0,Mph_IM
5215.25,-3321.75,0,Mph_IM
4859.75,-3306.25,0,Mph_IM
5420.75,-3313.75,0,Mph_IM
4836.75,-3308.75,0,Mph_IM
5224.25,-3304.75,0,Mph_IM
4725.25,-3307.75,0,Mph_IM
5370.75,-3302.75,0,Mph_IM
4879.75,-3305.75,0,Mph_IM
5276.75,-3307.75,0,Mph_IM
4753.75,-3302.25,0,Mph_IM
4901.75,-3305.25,0,Mph_IM
4963.75,-3298.75,0,Mph_IM
4978.75,-3300.75,0,Mph_IM
4801.75,-3291.25,0,Mph_IM
4892.25,-3285.75,0,Mph_IM
5445.25,-3281.75,0,Mph_IM
4972.25,-3283.25,0,Mph_IM
4834.25,-3275.25,0,Mph_IM
5005.25,-3269.25,0,Mph_IM
5214.25,-3272.25,0,Mph_IM
4987.25,-3272.25,0,Mph_IM
4968.75,-3257.75,0,Mph_IM
4748.25,-3270.75,0,Mph_IM
4948.75,-3256.25,0,Mph_IM
4919.75,-3258.75,0,Mph_IM
4810.25,-3261.25,0,Mph_IM
5371.25,-3266.75,0,Mph_IM
4788.75,-3252.75,0,Mph_IM
4995.25,-3253.75,0,Mph_IM
5438.25,-3258.25,0,Mph_IM
4981.75,-3255.75,0,Mph_IM
4760.75,-3255.25,0,Mph_IM
4831.25,-3250.25,0,Mph_IM
5238.25,-3247.25,0,Mph_IM
4738.25,-3241.75,0,Mph_IM
5399.75,-3256.75,0,Mph_IM
4902.75,-3242.75,0,Mph_IM
5295.25,-3245.75,0,Mph_IM
4859.25,-3248.75,0,Mph_IM
4729.75,-3239.25,0,Mph_IM
4961.75,-3242.75,0,Mph_IM
4987.25,-3242.25,0,Mph_IM
4814.25,-3233.75,0,Mph_IM
4766.75,-3233.75,0,Mph_IM
4935.75,-3225.75,0,Mph_IM
5145.75,-3242.75,0,Mph_IM
4843.75,-3227.75,0,Mph_IM
4966.75,-3217.75,0,Mph_IM
5276.25,-3233.75,0,Mph_IM
4990.75,-3217.75,0,Mph_IM
5296.25,-3219.75,0,Mph_IM
5221.75,-3210.25,0,Mph_IM
5009.75,-3202.25,0,Mph_IM
4802.25,-3187.75,0,Mph_IM
5446.75,-3181.75,0,Mph_IM
4766.25,-3189.75,0,Mph_IM
4988.75,-3185.75,0,Mph_IM
5132.25,-3187.25,0,Mph_IM
5184.25,-3170.25,0,Mph_IM
4726.25,-3180.25,0,Mph_IM
5395.75,-3187.25,0,Mph_IM
5353.75,-3172.75,0,Mph_IM
5288.25,-3167.25,0,Mph_IM
4746.75,-3177.25,0,Mph_IM
5232.75,-3160.25,0,Mph_IM
5314.75,-3170.75,0,Mph_IM
4759.25,-3159.25,0,Mph_IM
4720.25,-3163.25,0,Mph_IM
5105.75,-3149.25,0,Mph_IM
4726.25,-3147.25,0,Mph_IM
5359.25,-3144.25,0,Mph_IM
5511.25,-3154.25,0,Mph_IM
4854.25,-3148.75,0,Mph_IM
4879.75,-3148.25,0,Mph_IM
5312.75,-3146.75,0,Mph_IM
5446.75,-3143.25,0,Mph_IM
4726.25,-3138.75,0,Mph_IM
5512.25,-3129.25,0,Mph_IM
5124.25,-3116.75,0,Mph_IM
5286.25,-3130.75,0,Mph_IM
4796.75,-3119.75,0,Mph_IM
4842.75,-3120.25,0,Mph_IM
5428.25,-3119.25,0,Mph_IM
5252.25,-3116.75,0,Mph_IM
4733.75,-3117.25,0,Mph_IM
5464.75,-3118.25,0,Mph_IM
5175.75,-3111.75,0,Mph_IM
4829.25,-3103.25,0,Mph_IM
5446.25,-3104.75,0,Mph_IM
4813.75,-3099.75,0,Mph_IM
4959.25,-3110.25,0,Mph_IM
5291.75,-3105.25,0,Mph_IM
4756.75,-3102.75,0,Mph_IM
5423.75,-3091.25,0,Mph_IM
4724.25,-3098.25,0,Mph_IM
4738.25,-3094.75,0,Mph_IM
4781.25,-3097.25,0,Mph_IM
5362.25,-3092.75,0,Mph_IM
4947.75,-3092.75,0,Mph_IM
4793.25,-3072.75,0,Mph_IM
4841.75,-3084.75,0,Mph_IM
4873.75,-3091.25,0,Mph_IM
4960.75,-3080.75,0,Mph_IM
4739.25,-3076.75,0,Mph_IM
4717.75,-3077.25,0,Mph_IM
4822.75,-3069.25,0,Mph_IM
4776.75,-3072.25,0,Mph_IM
5087.25,-3077.75,0,Mph_IM
4853.75,-3075.75,0,Mph_IM
5181.25,-3061.75,0,Mph_IM
5224.75,-3077.25,0,Mph_IM
4761.75,-3070.25,0,Mph_IM
4832.25,-3069.25,0,Mph_IM
4878.25,-3072.75,0,Mph_IM
4740.25,-3054.75,0,Mph_IM
4723.75,-3055.75,0,Mph_IM
4796.25,-3059.25,0,Mph_IM
4851.25,-3058.75,0,Mph_IM
4762.75,-3048.25,0,Mph_IM
5082.75,-3055.75,0,Mph_IM
4963.25,-3059.75,0,Mph_IM
4881.25,-3043.75,0,Mph_IM
5269.25,-3048.75,0,Mph_IM
5298.75,-3046.25,0,Mph_IM
5471.25,-3050.75,0,Mph_IM
5248.75,-3045.75,0,Mph_IM
5166.25,-3049.75,0,Mph_IM
5356.75,-3035.25,0,Mph_IM
5011.25,-3039.25,0,Mph_IM
5212.25,-3027.25,0,Mph_IM
4829.25,-3040.25,0,Mph_IM
5451.25,-3043.25,0,Mph_IM
4918.25,-3046.75,0,Mph_IM
4946.75,-3037.75,0,Mph_IM
4969.25,-3034.25,0,Mph_IM
4857.25,-3034.75,0,Mph_IM
4798.75,-3036.75,0,Mph_IM
4815.25,-3030.25,0,Mph_IM
5167.75,-3025.25,0,Mph_IM
4915.75,-3023.75,0,Mph_IM
5031.25,-3032.75,0,Mph_IM
4748.25,-3025.25,0,Mph_IM
5194.75,-3018.25,0,Mph_IM
4833.75,-3020.75,0,Mph_IM
4933.75,-3018.75,0,Mph_IM
4878.75,-3010.25,0,Mph_IM
4966.25,-3006.25,0,Mph_IM
4994.75,-3006.75,0,Mph_IM
4737.75,-3015.25,0,Mph_IM
4810.25,-3018.25,0,Mph_IM
4855.75,-3011.75,0,Mph_IM
4896.25,-3005.25,0,Mph_IM
4915.75,-3010.75,0,Mph_IM
4943.25,-3001.25,0,Mph_IM
4790.75,-3016.75,0,Mph_IM
4764.75,-3014.75,0,Mph_IM
4814.25,-3001.25,0,Mph_IM
4834.25,-3004.25,0,Mph_IM
5042.75,-2998.25,0,Mph_IM
5142.75,-2990.75,0,Mph_IM
4742.25,-3002.25,0,Mph_IM
5201.75,-2991.75,0,Mph_IM
4794.25,-2995.75,0,Mph_IM
5096.25,-3005.25,0,Mph_IM
4763.75,-2997.75,0,Mph_IM
5509.75,-2994.25,0,Mph_IM
4776.75,-2993.25,0,Mph_IM
4926.75,-2985.25,0,Mph_IM
4754.25,-2990.25,0,Mph_IM
5111.75,-2984.25,0,Mph_IM
4838.75,-2985.25,0,Mph_IM
5224.75,-2984.75,0,Mph_IM
5087.25,-2991.25,0,Mph_IM
4822.75,-2976.75,0,Mph_IM
4877.75,-2978.25,0,Mph_IM
4747.25,-2980.75,0,Mph_IM
5427.25,-2973.75,0,Mph_IM
4904.75,-2968.75,0,Mph_IM
4769.75,-2976.75,0,Mph_IM
4728.25,-2981.75,0,Mph_IM
5142.25,-2972.75,0,Mph_IM
5402.25,-2965.75,0,Mph_IM
4800.75,-2967.75,0,Mph_IM
4716.25,-2966.25,0,Mph_IM
4749.75,-2963.75,0,Mph_IM
5456.75,-2952.75,0,Mph_IM
4769.25,-2959.25,0,Mph_IM
4737.75,-2950.75,0,Mph_IM
4938.25,-2948.25,0,Mph_IM
5294.25,-2952.75,0,Mph_IM
4754.75,-2939.25,0,Mph_IM
5343.25,-2948.75,0,Mph_IM
5394.75,-2940.25,0,Mph_IM
4776.25,-2939.75,0,Mph_IM
5505.25,-2939.75,0,Mph_IM
5094.75,-2940.75,0,Mph_IM
4731.75,-2940.75,0,Mph_IM
5185.25,-2938.25,0,Mph_IM
5041.75,-2944.25,0,Mph_IM
5018.75,-2940.75,0,Mph_IM
5062.75,-2939.75,0,Mph_IM
5156.75,-2942.75,0,Mph_IM
3805.25,-2124.75,0,Mph_IM
3832.25,-2111.75,0,Mph_IM
4691.75,-2928.25,0,Mph_IM
4605.75,-2932.25,0,Mph_IM
4565.75,-2928.25,0,Mph_IM
4704.25,-2922.25,0,Mph_IM
4172.25,-2906.75,0,Mph_IM
4667.25,-2912.75,0,Mph_IM
4265.25,-2916.25,0,Mph_IM
4391.75,-2919.75,0,Mph_IM
3985.25,-2916.25,0,Mph_IM
4291.75,-2913.25,0,Mph_IM
4539.25,-2905.25,0,Mph_IM
4035.25,-2900.25,0,Mph_IM
4704.75,-2893.75,0,Mph_IM
4508.25,-2911.25,0,Mph_IM
4565.75,-2897.75,0,Mph_IM
4407.25,-2911.25,0,Mph_IM
4433.75,-2904.25,0,Mph_IM
4503.25,-2893.75,0,Mph_IM
4448.75,-2898.75,0,Mph_IM
4258.25,-2890.75,0,Mph_IM
4271.75,-2868.75,0,Mph_IM
4423.25,-2878.25,0,Mph_IM
4026.25,-2873.75,0,Mph_IM
4448.75,-2878.25,0,Mph_IM
4511.25,-2868.25,0,Mph_IM
4654.75,-2883.25,0,Mph_IM
4400.75,-2871.75,0,Mph_IM
4348.75,-2874.25,0,Mph_IM
4687.25,-2873.25,0,Mph_IM
4320.75,-2865.75,0,Mph_IM
4472.75,-2875.25,0,Mph_IM
4621.25,-2870.75,0,Mph_IM
4393.75,-2861.75,0,Mph_IM
4442.25,-2859.25,0,Mph_IM
4457.25,-2858.75,0,Mph_IM
4035.75,-2851.25,0,Mph_IM
4344.25,-2847.75,0,Mph_IM
4438.25,-2840.75,0,Mph_IM
4628.75,-2842.25,0,Mph_IM
4676.25,-2836.25,0,Mph_IM
4471.25,-2841.25,0,Mph_IM
4056.25,-2838.75,0,Mph_IM
4393.25,-2833.25,0,Mph_IM
4019.75,-2833.25,0,Mph_IM
4003.75,-2826.75,0,Mph_IM
4287.75,-2830.25,0,Mph_IM
4459.25,-2819.75,0,Mph_IM
4071.75,-2812.75,0,Mph_IM
3991.25,-2817.75,0,Mph_IM
4421.75,-2812.25,0,Mph_IM
4691.25,-2810.25,0,Mph_IM
4289.25,-2806.25,0,Mph_IM
4087.75,-2806.25,0,Mph_IM
4194.25,-2787.75,0,Mph_IM
4275.75,-2794.75,0,Mph_IM
4086.75,-2785.25,0,Mph_IM
4573.75,-2798.25,0,Mph_IM
4303.75,-2791.25,0,Mph_IM
4125.75,-2785.75,0,Mph_IM
4437.25,-2781.75,0,Mph_IM
4705.75,-2782.25,0,Mph_IM
3981.75,-2779.25,0,Mph_IM
4569.75,-2777.75,0,Mph_IM
4465.75,-2768.75,0,Mph_IM
4599.25,-2774.25,0,Mph_IM
4290.75,-2769.25,0,Mph_IM
4375.75,-2764.75,0,Mph_IM
4131.75,-2759.75,0,Mph_IM
4682.25,-2759.75,0,Mph_IM
4108.25,-2756.25,0,Mph_IM
4459.25,-2749.75,0,Mph_IM
4545.75,-2757.25,0,Mph_IM
4080.25,-2745.25,0,Mph_IM
4581.25,-2741.75,0,Mph_IM
4603.25,-2747.25,0,Mph_IM
4428.75,-2741.25,0,Mph_IM
4630.25,-2745.75,0,Mph_IM
4311.75,-2741.25,0,Mph_IM
4138.75,-2727.75,0,Mph_IM
4166.75,-2742.25,0,Mph_IM
4187.25,-2741.25,0,Mph_IM
4507.25,-2735.75,0,Mph_IM
4606.25,-2733.25,0,Mph_IM
4555.25,-2727.25,0,Mph_IM
4431.25,-2720.75,0,Mph_IM
4592.25,-2720.25,0,Mph_IM
4617.25,-2726.25,0,Mph_IM
4568.75,-2719.25,0,Mph_IM
4636.25,-2713.25,0,Mph_IM
4604.75,-2713.25,0,Mph_IM
4683.75,-2720.25,0,Mph_IM
4175.25,-2711.25,0,Mph_IM
4401.25,-2716.75,0,Mph_IM
4621.25,-2710.75,0,Mph_IM
4656.75,-2702.25,0,Mph_IM
3932.75,-2709.25,0,Mph_IM
4577.75,-2703.25,0,Mph_IM
4596.25,-2690.75,0,Mph_IM
4256.25,-2699.75,0,Mph_IM
4629.75,-2696.25,0,Mph_IM
4685.25,-2697.25,0,Mph_IM
4558.75,-2693.75,0,Mph_IM
4177.75,-2687.25,0,Mph_IM
4393.75,-2689.25,0,Mph_IM
4316.25,-2694.25,0,Mph_IM
4373.75,-2682.75,0,Mph_IM
4711.25,-2694.25,0,Mph_IM
4698.25,-2687.25,0,Mph_IM
4210.25,-2686.25,0,Mph_IM
4436.25,-2692.75,0,Mph_IM
4258.75,-2682.25,0,Mph_IM
4531.75,-2689.75,0,Mph_IM
4505.75,-2683.75,0,Mph_IM
4624.75,-2673.25,0,Mph_IM
4463.75,-2673.25,0,Mph_IM
4686.75,-2667.75,0,Mph_IM
4706.25,-2675.25,0,Mph_IM
4296.75,-2678.25,0,Mph_IM
4543.25,-2672.75,0,Mph_IM
4661.25,-2676.25,0,Mph_IM
4243.75,-2661.25,0,Mph_IM
4209.75,-2656.25,0,Mph_IM
4417.75,-2660.75,0,Mph_IM
4639.25,-2655.25,0,Mph_IM
4682.75,-2659.75,0,Mph_IM
4708.25,-2663.25,0,Mph_IM
4292.75,-2653.25,0,Mph_IM
4667.25,-2652.75,0,Mph_IM
4578.75,-2662.75,0,Mph_IM
4553.75,-2660.25,0,Mph_IM
4531.25,-2652.75,0,Mph_IM
4362.25,-2650.75,0,Mph_IM
4034.75,-2643.75,0,Mph_IM
4399.75,-2647.75,0,Mph_IM
3943.25,-2636.75,0,Mph_IM
4277.75,-2639.75,0,Mph_IM
4577.75,-2635.75,0,Mph_IM
4237.75,-2634.75,0,Mph_IM
4429.25,-2636.25,0,Mph_IM
4683.25,-2632.75,0,Mph_IM
4456.75,-2640.75,0,Mph_IM
4522.25,-2636.25,0,Mph_IM
4604.75,-2628.75,0,Mph_IM
4655.25,-2627.25,0,Mph_IM
4033.25,-2622.25,0,Mph_IM
4678.25,-2620.25,0,Mph_IM
4130.25,-2621.25,0,Mph_IM
4512.25,-2616.25,0,Mph_IM
3935.25,-2604.25,0,Mph_IM
4009.25,-2608.75,0,Mph_IM
4400.75,-2613.25,0,Mph_IM
4438.75,-2613.75,0,Mph_IM
4461.25,-2607.75,0,Mph_IM
4479.75,-2602.25,0,Mph_IM
4667.75,-2606.25,0,Mph_IM
4344.25,-2603.75,0,Mph_IM
3985.25,-2594.25,0,Mph_IM
4640.25,-2587.25,0,Mph_IM
4435.25,-2585.25,0,Mph_IM
4032.25,-2595.25,0,Mph_IM
4328.25,-2586.25,0,Mph_IM
4359.75,-2582.75,0,Mph_IM
4498.75,-2581.75,0,Mph_IM
4072.75,-2588.25,0,Mph_IM
4050.25,-2594.25,0,Mph_IM
4164.25,-2584.75,0,Mph_IM
4460.75,-2584.25,0,Mph_IM
4477.25,-2574.25,0,Mph_IM
4659.75,-2579.75,0,Mph_IM
4679.75,-2577.75,0,Mph_IM
4390.25,-2573.25,0,Mph_IM
4702.75,-2576.25,0,Mph_IM
4055.25,-2573.75,0,Mph_IM
4514.25,-2573.25,0,Mph_IM
3998.25,-2577.75,0,Mph_IM
4589.75,-2575.75,0,Mph_IM
4026.75,-2575.25,0,Mph_IM
4351.75,-2562.75,0,Mph_IM
4536.75,-2565.25,0,Mph_IM
4463.75,-2557.25,0,Mph_IM
4110.75,-2565.25,0,Mph_IM
4381.25,-2566.75,0,Mph_IM
4418.75,-2554.25,0,Mph_IM
4503.25,-2553.75,0,Mph_IM
4055.75,-2545.75,0,Mph_IM
4086.75,-2560.25,0,Mph_IM
4207.75,-2563.75,0,Mph_IM
4578.75,-2551.75,0,Mph_IM
4368.25,-2552.75,0,Mph_IM
4387.25,-2546.75,0,Mph_IM
4156.75,-2547.75,0,Mph_IM
4627.75,-2546.25,0,Mph_IM
4532.25,-2537.75,0,Mph_IM
4268.25,-2552.75,0,Mph_IM
4665.75,-2553.25,0,Mph_IM
4701.25,-2541.75,0,Mph_IM
4124.25,-2529.75,0,Mph_IM
4449.25,-2539.25,0,Mph_IM
4231.75,-2528.75,0,Mph_IM
4657.25,-2532.75,0,Mph_IM
4411.25,-2531.75,0,Mph_IM
4209.75,-2532.75,0,Mph_IM
4392.75,-2532.75,0,Mph_IM
4636.25,-2532.75,0,Mph_IM
4297.75,-2522.25,0,Mph_IM
4611.25,-2522.75,0,Mph_IM
4146.25,-2517.75,0,Mph_IM
4690.75,-2521.25,0,Mph_IM
4486.25,-2528.75,0,Mph_IM
4462.25,-2525.25,0,Mph_IM
4398.75,-2517.75,0,Mph_IM
4589.75,-2519.75,0,Mph_IM
4628.75,-2519.25,0,Mph_IM
4185.25,-2524.25,0,Mph_IM
4675.25,-2515.25,0,Mph_IM
4660.25,-2513.25,0,Mph_IM
4264.75,-2503.75,0,Mph_IM
4362.25,-2515.25,0,Mph_IM
4427.25,-2508.75,0,Mph_IM
4470.25,-2509.75,0,Mph_IM
4407.25,-2496.75,0,Mph_IM
4641.75,-2500.75,0,Mph_IM
4229.25,-2505.75,0,Mph_IM
4071.75,-2500.25,0,Mph_IM
4618.25,-2497.75,0,Mph_IM
4179.25,-2497.75,0,Mph_IM
4587.75,-2492.75,0,Mph_IM
4329.75,-2496.75,0,Mph_IM
4668.75,-2492.25,0,Mph_IM
4698.75,-2492.75,0,Mph_IM
4556.75,-2494.25,0,Mph_IM
4424.25,-2486.25,0,Mph_IM
4213.75,-2479.75,0,Mph_IM
4644.75,-2487.75,0,Mph_IM
4535.25,-2486.75,0,Mph_IM
4455.75,-2479.25,0,Mph_IM
4668.25,-2477.75,0,Mph_IM
4706.25,-2472.75,0,Mph_IM
4330.25,-2465.75,0,Mph_IM
4651.25,-2465.25,0,Mph_IM
4251.25,-2474.75,0,Mph_IM
4063.25,-2459.75,0,Mph_IM
4217.75,-2456.75,0,Mph_IM
4344.25,-2453.75,0,Mph_IM
4366.75,-2464.75,0,Mph_IM
4469.75,-2459.75,0,Mph_IM
4703.75,-2446.25,0,Mph_IM
4309.25,-2459.25,0,Mph_IM
4557.25,-2458.25,0,Mph_IM
4583.25,-2454.25,0,Mph_IM
4154.25,-2450.75,0,Mph_IM
4259.75,-2453.75,0,Mph_IM
4413.25,-2447.75,0,Mph_IM
4448.75,-2454.25,0,Mph_IM
3921.75,-2443.25,0,Mph_IM
4494.75,-2445.75,0,Mph_IM
4093.75,-2451.25,0,Mph_IM
4362.75,-2444.25,0,Mph_IM
4468.75,-2446.75,0,Mph_IM
4394.25,-2441.75,0,Mph_IM
4326.25,-2437.75,0,Mph_IM
4287.25,-2435.25,0,Mph_IM
4245.75,-2440.25,0,Mph_IM
4304.75,-2430.75,0,Mph_IM
4557.25,-2432.75,0,Mph_IM
4231.25,-2435.25,0,Mph_IM
4535.75,-2436.25,0,Mph_IM
4115.25,-2430.25,0,Mph_IM
4196.75,-2437.75,0,Mph_IM
4478.75,-2435.75,0,Mph_IM
4218.75,-2426.75,0,Mph_IM
4368.25,-2417.25,0,Mph_IM
4457.75,-2422.75,0,Mph_IM
4084.25,-2416.25,0,Mph_IM
4500.75,-2428.75,0,Mph_IM
4268.25,-2431.25,0,Mph_IM
4250.25,-2427.25,0,Mph_IM
4567.75,-2417.25,0,Mph_IM
4535.75,-2421.25,0,Mph_IM
4232.25,-2413.75,0,Mph_IM
4552.75,-2411.25,0,Mph_IM
3930.75,-2411.75,0,Mph_IM
4135.75,-2411.75,0,Mph_IM
4198.75,-2414.75,0,Mph_IM
4280.25,-2407.25,0,Mph_IM
3954.25,-2410.75,0,Mph_IM
4188.75,-2408.25,0,Mph_IM
4689.75,-2409.75,0,Mph_IM
4532.75,-2410.75,0,Mph_IM
4115.75,-2397.75,0,Mph_IM
4258.25,-2395.75,0,Mph_IM
4600.25,-2407.25,0,Mph_IM
4658.75,-2402.75,0,Mph_IM
4232.25,-2398.75,0,Mph_IM
4471.25,-2393.25,0,Mph_IM
4216.75,-2392.75,0,Mph_IM
4327.75,-2401.25,0,Mph_IM
4564.75,-2393.75,0,Mph_IM
4527.75,-2385.75,0,Mph_IM
4616.75,-2398.25,0,Mph_IM
4542.75,-2389.25,0,Mph_IM
4630.75,-2393.75,0,Mph_IM
4241.25,-2380.75,0,Mph_IM
4091.25,-2381.75,0,Mph_IM
4150.75,-2377.75,0,Mph_IM
4655.25,-2376.75,0,Mph_IM
4282.75,-2381.25,0,Mph_IM
4628.25,-2372.25,0,Mph_IM
4309.75,-2378.25,0,Mph_IM
4143.25,-2366.25,0,Mph_IM
4115.75,-2361.25,0,Mph_IM
4608.75,-2365.75,0,Mph_IM
4207.25,-2364.75,0,Mph_IM
4567.25,-2361.25,0,Mph_IM
4541.25,-2371.25,0,Mph_IM
4238.75,-2353.75,0,Mph_IM
4266.75,-2363.75,0,Mph_IM
4331.75,-2362.75,0,Mph_IM
4368.25,-2369.75,0,Mph_IM
4641.75,-2363.75,0,Mph_IM
4666.25,-2361.75,0,Mph_IM
4526.25,-2362.25,0,Mph_IM
4282.75,-2346.75,0,Mph_IM
4317.75,-2353.25,0,Mph_IM
4270.25,-2352.75,0,Mph_IM
4297.25,-2351.75,0,Mph_IM
4177.25,-2355.75,0,Mph_IM
4440.75,-2351.25,0,Mph_IM
4637.75,-2340.25,0,Mph_IM
4551.25,-2351.75,0,Mph_IM
4619.25,-2343.75,0,Mph_IM
4523.75,-2351.25,0,Mph_IM
4681.75,-2353.75,0,Mph_IM
4150.25,-2351.75,0,Mph_IM
4059.75,-2338.25,0,Mph_IM
4663.75,-2332.75,0,Mph_IM
4339.25,-2339.25,0,Mph_IM
4494.75,-2346.25,0,Mph_IM
4420.25,-2338.75,0,Mph_IM
4687.25,-2336.75,0,Mph_IM
4151.75,-2329.75,0,Mph_IM
4112.25,-2322.75,0,Mph_IM
4264.75,-2330.75,0,Mph_IM
4293.75,-2325.75,0,Mph_IM
4464.75,-2320.75,0,Mph_IM
4425.25,-2314.25,0,Mph_IM
3995.75,-2323.75,0,Mph_IM
4368.25,-2329.75,0,Mph_IM
4682.75,-2317.75,0,Mph_IM
4148.25,-2311.25,0,Mph_IM
4258.75,-2320.75,0,Mph_IM
4589.25,-2318.25,0,Mph_IM
4166.75,-2300.75,0,Mph_IM
4318.25,-2311.75,0,Mph_IM
4366.75,-2299.75,0,Mph_IM
4655.75,-2310.25,0,Mph_IM
4276.25,-2299.25,0,Mph_IM
4416.75,-2304.25,0,Mph_IM
4315.75,-2296.25,0,Mph_IM
4340.75,-2297.25,0,Mph_IM
4394.75,-2303.75,0,Mph_IM
4222.75,-2300.25,0,Mph_IM
4618.25,-2296.75,0,Mph_IM
4659.25,-2290.75,0,Mph_IM
4686.75,-2292.75,0,Mph_IM
4356.75,-2287.75,0,Mph_IM
4275.25,-2276.25,0,Mph_IM
4332.25,-2274.75,0,Mph_IM
4206.25,-2283.25,0,Mph_IM
4639.75,-2288.25,0,Mph_IM
4595.75,-2278.75,0,Mph_IM
4664.25,-2277.25,0,Mph_IM
4303.25,-2270.75,0,Mph_IM
4691.75,-2271.25,0,Mph_IM
4431.25,-2268.25,0,Mph_IM
4575.75,-2273.75,0,Mph_IM
4109.25,-2271.25,0,Mph_IM
4240.75,-2265.75,0,Mph_IM
4027.75,-2265.75,0,Mph_IM
4674.25,-2267.75,0,Mph_IM
4458.25,-2254.75,0,Mph_IM
4614.25,-2263.25,0,Mph_IM
4630.75,-2260.25,0,Mph_IM
4359.75,-2256.75,0,Mph_IM
4562.25,-2266.75,0,Mph_IM
4219.75,-2251.75,0,Mph_IM
4145.25,-2261.25,0,Mph_IM
4085.75,-2256.75,0,Mph_IM
4668.25,-2250.75,0,Mph_IM
4550.75,-2253.25,0,Mph_IM
3965.75,-2246.75,0,Mph_IM
4195.25,-2238.75,0,Mph_IM
4250.75,-2251.25,0,Mph_IM
4695.25,-2243.25,0,Mph_IM
4617.25,-2238.25,0,Mph_IM
4094.75,-2235.25,0,Mph_IM
4168.75,-2227.25,0,Mph_IM
4220.75,-2236.25,0,Mph_IM
4267.25,-2232.75,0,Mph_IM
4033.25,-2225.75,0,Mph_IM
4592.75,-2233.25,0,Mph_IM
4009.25,-2229.25,0,Mph_IM
4399.75,-2225.25,0,Mph_IM
4701.25,-2218.25,0,Mph_IM
4226.25,-2216.25,0,Mph_IM
4663.25,-2215.25,0,Mph_IM
4129.25,-2206.75,0,Mph_IM
4683.25,-2214.75,0,Mph_IM
3931.25,-2198.75,0,Mph_IM
4148.25,-2219.25,0,Mph_IM
4595.25,-2213.25,0,Mph_IM
4374.25,-2214.75,0,Mph_IM
4020.75,-2208.75,0,Mph_IM
4153.75,-2199.25,0,Mph_IM
4642.25,-2198.25,0,Mph_IM
4616.25,-2200.75,0,Mph_IM
4332.25,-2193.25,0,Mph_IM
4385.25,-2195.75,0,Mph_IM
4702.75,-2195.75,0,Mph_IM
4310.25,-2194.75,0,Mph_IM
4365.25,-2180.75,0,Mph_IM
4327.25,-2179.25,0,Mph_IM
4613.75,-2175.25,0,Mph_IM
4296.75,-2182.75,0,Mph_IM
3985.25,-2179.25,0,Mph_IM
4447.75,-2176.75,0,Mph_IM
4638.25,-2171.25,0,Mph_IM
4552.75,-2177.75,0,Mph_IM
4710.25,-2167.25,0,Mph_IM
4579.75,-2173.25,0,Mph_IM
4357.75,-2170.25,0,Mph_IM
3980.75,-2170.75,0,Mph_IM
3944.75,-2160.25,0,Mph_IM
4545.75,-2160.25,0,Mph_IM
4646.25,-2151.25,0,Mph_IM
4616.25,-2141.25,0,Mph_IM
3984.75,-2145.25,0,Mph_IM
4563.75,-2136.75,0,Mph_IM
4710.75,-2139.75,0,Mph_IM
4801.25,-2931.75,0,Mph_IM
5186.75,-2934.75,0,Mph_IM
5328.25,-2926.75,0,Mph_IM
5241.75,-2932.75,0,Mph_IM
5499.75,-2931.75,0,Mph_IM
5442.25,-2929.25,0,Mph_IM
4771.75,-2918.75,0,Mph_IM
4753.75,-2929.75,0,Mph_IM
5073.25,-2918.25,0,Mph_IM
5170.25,-2920.25,0,Mph_IM
5045.25,-2922.25,0,Mph_IM
4725.25,-2923.75,0,Mph_IM
4997.75,-2923.25,0,Mph_IM
5100.75,-2911.75,0,Mph_IM
5498.25,-2916.75,0,Mph_IM
4740.75,-2912.25,0,Mph_IM
5151.25,-2917.25,0,Mph_IM
4965.75,-2913.75,0,Mph_IM
4755.25,-2905.25,0,Mph_IM
5033.75,-2906.25,0,Mph_IM
5443.75,-2905.25,0,Mph_IM
4723.25,-2905.75,0,Mph_IM
5471.25,-2899.25,0,Mph_IM
4791.75,-2900.75,0,Mph_IM
5270.75,-2899.25,0,Mph_IM
5496.75,-2900.75,0,Mph_IM
5116.25,-2891.25,0,Mph_IM
5044.25,-2884.75,0,Mph_IM
4729.75,-2887.75,0,Mph_IM
5385.75,-2884.25,0,Mph_IM
4754.75,-2887.75,0,Mph_IM
4774.25,-2887.25,0,Mph_IM
4782.75,-2873.25,0,Mph_IM
5341.75,-2889.25,0,Mph_IM
5500.75,-2883.75,0,Mph_IM
4745.25,-2876.75,0,Mph_IM
5378.75,-2874.25,0,Mph_IM
4765.25,-2867.75,0,Mph_IM
5493.25,-2872.25,0,Mph_IM
4727.75,-2865.75,0,Mph_IM
5471.75,-2870.75,0,Mph_IM
5508.75,-2865.25,0,Mph_IM
5049.75,-2868.75,0,Mph_IM
5332.25,-2867.25,0,Mph_IM
4973.75,-2864.25,0,Mph_IM
5083.25,-2862.75,0,Mph_IM
5488.25,-2853.75,0,Mph_IM
5153.75,-2852.25,0,Mph_IM
4744.25,-2857.25,0,Mph_IM
5029.75,-2846.75,0,Mph_IM
4764.75,-2844.25,0,Mph_IM
4738.75,-2839.75,0,Mph_IM
5311.75,-2838.75,0,Mph_IM
5333.25,-2835.25,0,Mph_IM
5064.25,-2833.75,0,Mph_IM
5005.25,-2833.25,0,Mph_IM
4724.25,-2837.25,0,Mph_IM
5232.25,-2838.25,0,Mph_IM
4969.75,-2826.25,0,Mph_IM
5459.25,-2831.25,0,Mph_IM
4763.25,-2829.25,0,Mph_IM
5023.75,-2815.75,0,Mph_IM
4778.25,-2833.25,0,Mph_IM
5492.25,-2823.75,0,Mph_IM
4751.25,-2825.75,0,Mph_IM
5280.75,-2825.75,0,Mph_IM
4717.75,-2820.25,0,Mph_IM
4738.75,-2812.75,0,Mph_IM
4796.25,-2828.25,0,Mph_IM
4818.75,-2829.25,0,Mph_IM
4783.25,-2818.75,0,Mph_IM
5217.25,-2817.25,0,Mph_IM
5196.25,-2809.75,0,Mph_IM
4772.25,-2806.25,0,Mph_IM
5093.75,-2808.75,0,Mph_IM
5506.75,-2811.75,0,Mph_IM
4817.25,-2801.75,0,Mph_IM
5258.75,-2803.75,0,Mph_IM
5429.25,-2814.25,0,Mph_IM
5241.75,-2811.75,0,Mph_IM
5474.75,-2808.25,0,Mph_IM
4799.25,-2807.75,0,Mph_IM
5287.25,-2805.25,0,Mph_IM
5449.75,-2807.75,0,Mph_IM
5312.75,-2803.25,0,Mph_IM
5465.25,-2789.25,0,Mph_IM
5173.25,-2788.75,0,Mph_IM
5434.75,-2790.25,0,Mph_IM
4746.25,-2787.25,0,Mph_IM
5077.25,-2788.75,0,Mph_IM
4730.25,-2788.75,0,Mph_IM
4781.25,-2790.75,0,Mph_IM
5496.25,-2795.25,0,Mph_IM
5008.75,-2777.25,0,Mph_IM
5137.75,-2784.75,0,Mph_IM
4820.75,-2775.75,0,Mph_IM
5509.25,-2779.75,0,Mph_IM
4764.75,-2776.75,0,Mph_IM
4779.25,-2762.25,0,Mph_IM
4844.75,-2776.75,0,Mph_IM
4800.25,-2769.75,0,Mph_IM
5442.75,-2764.75,0,Mph_IM
4734.25,-2768.75,0,Mph_IM
5223.75,-2760.75,0,Mph_IM
5464.75,-2765.75,0,Mph_IM
5424.25,-2756.75,0,Mph_IM
4855.75,-2768.25,0,Mph_IM
5497.75,-2762.25,0,Mph_IM
4754.75,-2752.25,0,Mph_IM
5118.75,-2761.75,0,Mph_IM
5390.25,-2759.75,0,Mph_IM
4824.75,-2753.25,0,Mph_IM
5457.75,-2748.25,0,Mph_IM
5502.75,-2753.25,0,Mph_IM
5477.25,-2748.75,0,Mph_IM
4719.25,-2749.25,0,Mph_IM
4970.25,-2740.75,0,Mph_IM
5137.75,-2745.25,0,Mph_IM
4848.25,-2742.75,0,Mph_IM
5441.25,-2734.75,0,Mph_IM
4738.25,-2737.25,0,Mph_IM
5497.75,-2731.75,0,Mph_IM
4935.25,-2732.75,0,Mph_IM
5475.75,-2725.25,0,Mph_IM
5124.75,-2729.75,0,Mph_IM
5464.25,-2721.25,0,Mph_IM
4849.75,-2717.75,0,Mph_IM
5105.25,-2717.25,0,Mph_IM
5451.25,-2724.75,0,Mph_IM
5335.75,-2725.25,0,Mph_IM
5419.75,-2710.25,0,Mph_IM
4770.75,-2726.25,0,Mph_IM
5511.75,-2722.25,0,Mph_IM
5489.75,-2714.25,0,Mph_IM
4754.25,-2716.75,0,Mph_IM
4831.25,-2712.75,0,Mph_IM
4733.75,-2713.25,0,Mph_IM
5164.75,-2712.75,0,Mph_IM
5505.25,-2701.75,0,Mph_IM
4800.25,-2715.25,0,Mph_IM
5472.25,-2707.25,0,Mph_IM
5449.75,-2699.25,0,Mph_IM
4792.75,-2700.75,0,Mph_IM
4902.25,-2705.75,0,Mph_IM
5073.25,-2700.25,0,Mph_IM
4760.75,-2688.75,0,Mph_IM
5172.25,-2703.25,0,Mph_IM
5026.75,-2695.25,0,Mph_IM
5469.25,-2693.75,0,Mph_IM
4726.75,-2694.75,0,Mph_IM
5482.75,-2691.75,0,Mph_IM
4829.75,-2689.25,0,Mph_IM
4888.75,-2686.75,0,Mph_IM
4993.25,-2689.25,0,Mph_IM
4769.75,-2678.25,0,Mph_IM
4745.75,-2671.25,0,Mph_IM
5507.75,-2683.25,0,Mph_IM
5489.75,-2676.75,0,Mph_IM
4788.75,-2680.25,0,Mph_IM
4804.75,-2676.75,0,Mph_IM
5251.25,-2675.25,0,Mph_IM
5008.25,-2669.75,0,Mph_IM
4847.75,-2668.25,0,Mph_IM
4830.75,-2658.75,0,Mph_IM
4867.75,-2679.25,0,Mph_IM
5320.25,-2670.75,0,Mph_IM
5510.75,-2670.25,0,Mph_IM
4722.75,-2671.75,0,Mph_IM
5476.75,-2668.25,0,Mph_IM
5460.25,-2672.75,0,Mph_IM
5062.75,-2661.75,0,Mph_IM
4769.75,-2660.75,0,Mph_IM
4817.25,-2668.25,0,Mph_IM
4787.75,-2664.75,0,Mph_IM
5132.25,-2668.25,0,Mph_IM
4919.75,-2656.25,0,Mph_IM
5276.25,-2665.25,0,Mph_IM
5356.25,-2662.25,0,Mph_IM
4869.25,-2655.25,0,Mph_IM
4895.25,-2654.25,0,Mph_IM
4801.75,-2648.75,0,Mph_IM
5445.75,-2652.75,0,Mph_IM
4745.75,-2644.75,0,Mph_IM
5492.25,-2658.25,0,Mph_IM
4757.75,-2648.75,0,Mph_IM
5467.25,-2647.75,0,Mph_IM
5507.75,-2656.25,0,Mph_IM
5090.75,-2656.75,0,Mph_IM
4781.75,-2639.25,0,Mph_IM
5120.25,-2640.25,0,Mph_IM
5075.25,-2646.75,0,Mph_IM
5492.75,-2633.25,0,Mph_IM
4722.75,-2634.75,0,Mph_IM
5055.75,-2633.25,0,Mph_IM
4999.25,-2634.25,0,Mph_IM
5304.25,-2634.25,0,Mph_IM
5097.75,-2630.25,0,Mph_IM
5210.25,-2620.25,0,Mph_IM
5067.75,-2620.75,0,Mph_IM
4936.75,-2623.25,0,Mph_IM
4814.25,-2626.75,0,Mph_IM
5037.75,-2619.75,0,Mph_IM
4735.25,-2612.75,0,Mph_IM
5325.25,-2612.75,0,Mph_IM
5105.25,-2603.25,0,Mph_IM
5453.75,-2616.25,0,Mph_IM
5086.75,-2606.75,0,Mph_IM
4878.75,-2605.25,0,Mph_IM
4845.25,-2613.75,0,Mph_IM
4808.25,-2606.75,0,Mph_IM
5387.75,-2603.25,0,Mph_IM
5067.75,-2594.75,0,Mph_IM
4964.25,-2600.75,0,Mph_IM
5443.75,-2596.75,0,Mph_IM
5417.25,-2597.75,0,Mph_IM
5291.75,-2589.25,0,Mph_IM
4844.25,-2591.25,0,Mph_IM
5467.75,-2586.75,0,Mph_IM
5340.25,-2586.25,0,Mph_IM
5442.25,-2583.25,0,Mph_IM
5313.25,-2578.25,0,Mph_IM
5064.25,-2557.25,0,Mph_IM
5356.75,-2563.25,0,Mph_IM
4832.25,-2563.75,0,Mph_IM
5234.25,-2564.75,0,Mph_IM
4737.75,-2569.75,0,Mph_IM
4935.25,-2557.75,0,Mph_IM
4942.25,-2571.75,0,Mph_IM
4786.75,-2555.75,0,Mph_IM
4918.75,-2566.75,0,Mph_IM
5406.75,-2562.75,0,Mph_IM
4812.75,-2564.25,0,Mph_IM
5205.75,-2566.25,0,Mph_IM
5024.25,-2566.25,0,Mph_IM
4961.75,-2554.75,0,Mph_IM
5436.75,-2558.25,0,Mph_IM
4759.25,-2551.75,0,Mph_IM
4878.25,-2554.75,0,Mph_IM
4722.75,-2542.25,0,Mph_IM
5216.25,-2539.25,0,Mph_IM
4812.25,-2542.25,0,Mph_IM
4742.25,-2542.25,0,Mph_IM
5091.25,-2547.25,0,Mph_IM
5027.75,-2536.25,0,Mph_IM
5449.25,-2534.75,0,Mph_IM
4772.75,-2533.25,0,Mph_IM
5389.75,-2520.25,0,Mph_IM
4833.75,-2538.25,0,Mph_IM
5235.75,-2529.25,0,Mph_IM
5308.25,-2529.75,0,Mph_IM
4818.25,-2517.25,0,Mph_IM
4748.75,-2529.25,0,Mph_IM
4802.25,-2521.75,0,Mph_IM
4759.75,-2510.25,0,Mph_IM
4780.25,-2504.25,0,Mph_IM
4732.25,-2519.75,0,Mph_IM
4837.75,-2508.75,0,Mph_IM
4888.25,-2500.75,0,Mph_IM
4913.75,-2502.75,0,Mph_IM
5260.25,-2514.75,0,Mph_IM
5445.75,-2512.25,0,Mph_IM
5076.75,-2503.25,0,Mph_IM
4725.25,-2504.25,0,Mph_IM
5346.75,-2504.75,0,Mph_IM
4800.25,-2504.25,0,Mph_IM
5295.25,-2496.25,0,Mph_IM
5448.75,-2492.25,0,Mph_IM
5254.75,-2495.75,0,Mph_IM
5240.25,-2492.75,0,Mph_IM
5012.75,-2485.75,0,Mph_IM
5440.25,-2474.25,0,Mph_IM
4938.75,-2475.25,0,Mph_IM
5251.75,-2462.75,0,Mph_IM
4914.25,-2470.25,0,Mph_IM
5362.25,-2469.25,0,Mph_IM
5417.25,-2444.25,0,Mph_IM
5351.75,-2441.25,0,Mph_IM
5015.25,-2441.25,0,Mph_IM
5440.25,-2444.25,0,Mph_IM
4905.25,-2434.25,0,Mph_IM
5386.25,-2432.75,0,Mph_IM
4883.25,-2431.75,0,Mph_IM
5258.75,-2429.75,0,Mph_IM
5068.25,-2419.75,0,Mph_IM
5323.75,-2434.25,0,Mph_IM
5045.25,-2416.75,0,Mph_IM
5197.75,-2420.25,0,Mph_IM
4986.25,-2426.25,0,Mph_IM
5429.25,-2417.75,0,Mph_IM
5019.75,-2414.25,0,Mph_IM
5343.75,-2415.25,0,Mph_IM
4991.25,-2402.25,0,Mph_IM
5343.75,-2397.25,0,Mph_IM
4888.75,-2400.25,0,Mph_IM
5367.25,-2403.25,0,Mph_IM
4831.25,-2403.25,0,Mph_IM
5441.75,-2396.75,0,Mph_IM
4801.25,-2404.75,0,Mph_IM
5421.25,-2401.25,0,Mph_IM
4965.75,-2394.25,0,Mph_IM
4937.25,-2396.75,0,Mph_IM
4909.75,-2392.75,0,Mph_IM
4816.25,-2374.75,0,Mph_IM
5307.25,-2381.25,0,Mph_IM
4980.75,-2385.75,0,Mph_IM
4926.75,-2372.75,0,Mph_IM
4946.75,-2369.25,0,Mph_IM
5007.25,-2367.25,0,Mph_IM
5371.75,-2377.75,0,Mph_IM
5402.25,-2374.25,0,Mph_IM
4904.25,-2366.25,0,Mph_IM
4969.75,-2367.75,0,Mph_IM
4993.25,-2363.75,0,Mph_IM
4872.25,-2358.25,0,Mph_IM
5427.25,-2365.25,0,Mph_IM
5210.75,-2353.75,0,Mph_IM
5361.75,-2354.75,0,Mph_IM
5294.25,-2358.25,0,Mph_IM
5385.75,-2348.75,0,Mph_IM
4921.75,-2346.75,0,Mph_IM
4961.25,-2339.75,0,Mph_IM
5416.25,-2347.75,0,Mph_IM
4984.75,-2351.75,0,Mph_IM
4937.75,-2344.75,0,Mph_IM
4939.75,-2334.75,0,Mph_IM
5160.75,-2339.75,0,Mph_IM
5407.75,-2324.25,0,Mph_IM
4915.75,-2316.25,0,Mph_IM
5231.75,-2330.75,0,Mph_IM
5166.75,-2316.75,0,Mph_IM
4940.25,-2319.75,0,Mph_IM
4808.25,-2313.25,0,Mph_IM
5220.75,-2307.75,0,Mph_IM
4895.25,-2310.25,0,Mph_IM
4829.75,-2303.25,0,Mph_IM
4851.75,-2299.25,0,Mph_IM
5181.25,-2296.75,0,Mph_IM
5390.25,-2307.25,0,Mph_IM
4876.25,-2306.25,0,Mph_IM
4906.25,-2296.25,0,Mph_IM
5272.75,-2296.25,0,Mph_IM
5309.25,-2297.25,0,Mph_IM
5158.25,-2296.75,0,Mph_IM
4742.75,-2286.75,0,Mph_IM
5411.75,-2297.25,0,Mph_IM
5368.25,-2299.25,0,Mph_IM
5211.25,-2283.25,0,Mph_IM
4838.75,-2283.25,0,Mph_IM
4876.25,-2286.25,0,Mph_IM
5306.25,-2287.75,0,Mph_IM
4793.25,-2277.75,0,Mph_IM
5395.25,-2286.75,0,Mph_IM
4827.75,-2281.25,0,Mph_IM
4851.25,-2278.25,0,Mph_IM
4890.25,-2281.75,0,Mph_IM
5153.75,-2285.75,0,Mph_IM
4865.75,-2276.25,0,Mph_IM
5382.75,-2277.25,0,Mph_IM
4911.75,-2278.75,0,Mph_IM
5305.25,-2268.25,0,Mph_IM
5347.25,-2281.25,0,Mph_IM
5399.75,-2267.25,0,Mph_IM
5365.25,-2272.75,0,Mph_IM
4821.75,-2267.75,0,Mph_IM
5220.25,-2260.25,0,Mph_IM
4920.25,-2256.25,0,Mph_IM
5169.75,-2262.25,0,Mph_IM
5353.75,-2260.25,0,Mph_IM
4791.75,-2258.75,0,Mph_IM
5381.75,-2259.75,0,Mph_IM
5325.75,-2268.75,0,Mph_IM
5341.25,-2258.25,0,Mph_IM
4839.25,-2259.75,0,Mph_IM
4869.75,-2252.75,0,Mph_IM
4876.75,-2257.25,0,Mph_IM
4945.75,-2262.25,0,Mph_IM
4807.75,-2241.25,0,Mph_IM
5357.25,-2241.25,0,Mph_IM
4841.75,-2250.25,0,Mph_IM
5323.75,-2240.75,0,Mph_IM
5379.25,-2236.75,0,Mph_IM
4894.75,-2241.25,0,Mph_IM
4935.75,-2235.75,0,Mph_IM
4854.25,-2240.75,0,Mph_IM
4960.75,-2239.25,0,Mph_IM
5309.75,-2238.75,0,Mph_IM
4819.75,-2236.25,0,Mph_IM
4838.75,-2235.25,0,Mph_IM
4735.75,-2238.75,0,Mph_IM
4875.25,-2228.75,0,Mph_IM
5168.75,-2234.25,0,Mph_IM
5344.75,-2223.75,0,Mph_IM
5235.25,-2227.75,0,Mph_IM
4749.75,-2228.25,0,Mph_IM
4831.25,-2225.25,0,Mph_IM
4863.75,-2219.25,0,Mph_IM
4817.75,-2215.75,0,Mph_IM
4747.75,-2209.75,0,Mph_IM
5283.25,-2206.25,0,Mph_IM
5327.75,-2205.25,0,Mph_IM
4770.25,-2207.75,0,Mph_IM
4787.75,-2206.75,0,Mph_IM
4856.75,-2187.75,0,Mph_IM
4816.75,-2190.75,0,Mph_IM
5258.25,-2188.25,0,Mph_IM
4917.25,-2192.25,0,Mph_IM
4749.25,-2185.75,0,Mph_IM
5304.75,-2191.75,0,Mph_IM
4770.75,-2185.25,0,Mph_IM
4872.75,-2192.25,0,Mph_IM
5328.25,-2183.75,0,Mph_IM
4717.75,-2187.25,0,Mph_IM
4895.75,-2188.25,0,Mph_IM
4789.25,-2181.25,0,Mph_IM
4796.75,-2175.25,0,Mph_IM
5232.25,-2182.75,0,Mph_IM
5287.75,-2183.25,0,Mph_IM
5201.75,-2181.25,0,Mph_IM
4757.25,-2164.25,0,Mph_IM
4922.75,-2166.75,0,Mph_IM
4714.25,-2166.25,0,Mph_IM
5349.75,-2176.25,0,Mph_IM
5249.75,-2174.25,0,Mph_IM
5096.25,-2171.75,0,Mph_IM
4778.75,-2163.75,0,Mph_IM
5311.25,-2165.25,0,Mph_IM
5329.75,-2164.25,0,Mph_IM
5278.25,-2166.25,0,Mph_IM
5290.75,-2166.75,0,Mph_IM
5250.25,-2159.75,0,Mph_IM
4816.25,-2159.75,0,Mph_IM
5343.75,-2155.75,0,Mph_IM
5360.25,-2155.25,0,Mph_IM
4794.75,-2151.25,0,Mph_IM
5232.25,-2153.75,0,Mph_IM
5100.75,-2149.25,0,Mph_IM
5205.25,-2153.25,0,Mph_IM
4831.25,-2150.75,0,Mph_IM
5324.75,-2139.75,0,Mph_IM
5303.25,-2148.75,0,Mph_IM
4775.75,-2139.75,0,Mph_IM
5261.25,-2139.75,0,Mph_IM
4889.75,-2147.75,0,Mph_IM
5284.25,-2140.25,0,Mph_IM
4910.75,-2141.75,0,Mph_IM
5246.25,-2137.25,0,Mph_IM
5212.75,-2138.75,0,Mph_IM
5325.25,-2133.75,0,Mph_IM
5183.75,-2135.25,0,Mph_IM
4847.75,-2134.25,0,Mph_IM
5300.25,-2135.75,0,Mph_IM
4810.75,-2130.75,0,Mph_IM
4781.75,-2133.25,0,Mph_IM
4898.75,-2120.75,0,Mph_IM
5090.75,-2121.75,0,Mph_IM
4831.25,-2125.25,0,Mph_IM
5210.25,-2120.25,0,Mph_IM
5260.25,-2122.75,0,Mph_IM
4771.25,-2109.25,0,Mph_IM
4790.75,-2114.75,0,Mph_IM
4854.75,-2117.75,0,Mph_IM
4809.75,-2109.75,0,Mph_IM
5308.75,-2109.25,0,Mph_IM
5269.75,-2109.75,0,Mph_IM
4842.25,-2108.75,0,Mph_IM
5135.25,-2107.75,0,Mph_IM
4859.25,-2102.25,0,Mph_IM
5286.75,-2104.75,0,Mph_IM
5273.75,-2095.25,0,Mph_IM
4734.25,-2093.25,0,Mph_IM
4792.75,-2092.75,0,Mph_IM
5252.25,-2083.75,0,Mph_IM
5197.25,-2096.25,0,Mph_IM
4863.75,-2081.75,0,Mph_IM
5182.75,-2087.75,0,Mph_IM
5087.25,-2084.75,0,Mph_IM
4718.25,-2084.75,0,Mph_IM
4755.75,-2082.25,0,Mph_IM
4803.75,-2081.25,0,Mph_IM
4738.25,-2081.75,0,Mph_IM
4828.25,-2075.25,0,Mph_IM
4846.75,-2076.25,0,Mph_IM
5135.75,-2067.25,0,Mph_IM
4773.25,-2077.75,0,Mph_IM
4795.75,-2068.75,0,Mph_IM
4726.25,-2056.75,0,Mph_IM
5270.25,-2073.75,0,Mph_IM
5107.75,-2061.25,0,Mph_IM
5184.25,-2067.25,0,Mph_IM
4742.25,-2066.75,0,Mph_IM
4778.25,-2062.75,0,Mph_IM
4816.75,-2062.75,0,Mph_IM
5056.75,-2062.25,0,Mph_IM
5161.25,-2059.25,0,Mph_IM
5089.25,-2061.25,0,Mph_IM
5210.75,-2060.25,0,Mph_IM
4765.75,-2054.75,0,Mph_IM
5073.75,-2060.25,0,Mph_IM
4854.25,-2059.75,0,Mph_IM
5270.25,-2054.25,0,Mph_IM
4831.75,-2057.25,0,Mph_IM
5195.75,-2051.25,0,Mph_IM
4747.25,-2053.25,0,Mph_IM
5255.75,-2048.75,0,Mph_IM
4809.75,-2044.25,0,Mph_IM
4848.75,-2046.75,0,Mph_IM
4827.25,-2039.75,0,Mph_IM
5078.75,-2041.25,0,Mph_IM
5231.75,-2032.25,0,Mph_IM
4750.75,-2042.25,0,Mph_IM
5052.25,-2038.75,0,Mph_IM
4786.75,-2030.25,0,Mph_IM
4801.75,-2033.75,0,Mph_IM
4865.25,-2035.75,0,Mph_IM
5133.25,-2032.75,0,Mph_IM
4740.25,-2035.75,0,Mph_IM
4851.75,-2029.25,0,Mph_IM
5203.25,-2029.75,0,Mph_IM
4763.25,-2033.75,0,Mph_IM
5018.75,-2028.75,0,Mph_IM
5094.75,-2031.75,0,Mph_IM
5112.25,-2028.25,0,Mph_IM
4728.25,-2023.75,0,Mph_IM
4842.25,-2012.25,0,Mph_IM
5187.25,-2024.25,0,Mph_IM
4754.75,-2018.75,0,Mph_IM
4988.75,-2023.75,0,Mph_IM
5170.75,-2013.25,0,Mph_IM
5196.25,-2014.75,0,Mph_IM
4722.75,-2006.25,0,Mph_IM
5214.25,-2002.75,0,Mph_IM
4786.75,-2003.25,0,Mph_IM
5085.25,-2006.75,0,Mph_IM
5105.75,-2008.25,0,Mph_IM
4770.25,-1992.75,0,Mph_IM
4824.25,-2005.75,0,Mph_IM
4912.75,-1996.75,0,Mph_IM
5186.25,-1993.25,0,Mph_IM
4741.25,-1994.25,0,Mph_IM
4940.75,-1992.75,0,Mph_IM
4988.75,-1995.25,0,Mph_IM
5085.25,-1993.25,0,Mph_IM
5056.75,-1994.25,0,Mph_IM
4962.75,-1993.75,0,Mph_IM
5027.25,-1988.75,0,Mph_IM
5070.75,-1986.75,0,Mph_IM
5154.25,-1994.25,0,Mph_IM
4808.75,-1984.75,0,Mph_IM
4836.25,-1977.25,0,Mph_IM
5111.25,-1981.75,0,Mph_IM
5010.75,-1982.25,0,Mph_IM
4978.75,-1967.25,0,Mph_IM
4771.25,-1965.75,0,Mph_IM
5001.25,-1972.25,0,Mph_IM
5075.75,-1965.75,0,Mph_IM
4814.25,-1961.25,0,Mph_IM
5062.25,-1958.75,0,Mph_IM
5115.75,-1948.75,0,Mph_IM
5001.25,-1950.75,0,Mph_IM
4820.75,-1950.25,0,Mph_IM
4797.25,-1945.25,0,Mph_IM
5029.25,-1948.25,0,Mph_IM
5079.75,-1947.25,0,Mph_IM
4964.25,-1940.25,0,Mph_IM
4836.75,-1939.25,0,Mph_IM
4743.25,-1939.75,0,Mph_IM
5009.75,-1922.25,0,Mph_IM
5036.25,-1927.25,0,Mph_IM
4815.75,-1918.25,0,Mph_IM
5065.25,-1924.25,0,Mph_IM
4762.25,-1925.75,0,Mph_IM
5080.75,-1932.75,0,Mph_IM
5107.75,-1934.25,0,Mph_IM
5089.25,-1920.75,0,Mph_IM
4983.25,-1906.75,0,Mph_IM
4953.75,-1920.25,0,Mph_IM
4989.75,-1916.75,0,Mph_IM
5046.25,-1911.75,0,Mph_IM
4959.75,-1899.75,0,Mph_IM
4756.25,-1898.25,0,Mph_IM
4744.75,-1869.25,0,Mph_IM
4717.25,-1860.75,0,Mph_IM
4962.75,-1866.25,0,Mph_IM
4990.25,-1861.25,0,Mph_IM
4908.75,-1847.75,0,Mph_IM
4972.25,-1834.25,0,Mph_IM
4950.75,-1844.25,0,Mph_IM
4749.25,-1838.25,0,Mph_IM
4775.75,-1828.75,0,Mph_IM
4854.75,-1820.75,0,Mph_IM
4756.25,-1812.25,0,Mph_IM
4950.75,-1817.75,0,Mph_IM
4909.25,-1807.75,0,Mph_IM
4756.25,-1780.25,0,Mph_IM
4892.75,-1785.75,0,Mph_IM
4987.75,-1776.25,0,Mph_IM
4912.75,-1759.75,0,Mph_IM
4859.25,-1779.25,0,Mph_IM
4973.25,-1765.75,0,Mph_IM
4824.75,-1741.75,0,Mph_IM
4976.25,-1737.25,0,Mph_IM
4719.75,-1727.25,0,Mph_IM
4953.25,-1711.75,0,Mph_IM
4902.75,-1701.75,0,Mph_IM
4862.75,-1701.25,0,Mph_IM
4887.25,-1697.75,0,Mph_IM
4833.75,-1699.25,0,Mph_IM
4166.25,-1330.25,0,Mph_IM
4540.75,-1323.75,0,Mph_IM
4409.75,-1315.75,0,Mph_IM
4475.25,-1310.75,0,Mph_IM
4177.25,-1305.75,0,Mph_IM
4462.25,-1309.75,0,Mph_IM
4444.75,-1305.75,0,Mph_IM
4360.75,-1289.25,0,Mph_IM
4154.25,-1303.25,0,Mph_IM
4485.25,-1293.75,0,Mph_IM
4455.25,-1286.75,0,Mph_IM
4376.25,-1284.25,0,Mph_IM
4404.25,-1286.25,0,Mph_IM
4176.25,-1277.75,0,Mph_IM
4389.25,-1272.75,0,Mph_IM
4444.75,-1275.25,0,Mph_IM
4255.75,-1275.25,0,Mph_IM
4478.25,-1268.25,0,Mph_IM
4401.25,-1251.75,0,Mph_IM
4455.75,-1245.75,0,Mph_IM
4239.75,-1242.25,0,Mph_IM
4259.75,-1247.25,0,Mph_IM
4211.25,-1239.75,0,Mph_IM
4315.25,-1229.75,0,Mph_IM
4260.75,-1227.25,0,Mph_IM
4273.75,-1218.25,0,Mph_IM
4385.75,-1210.75,0,Mph_IM
4255.75,-1207.25,0,Mph_IM
4327.25,-1201.75,0,Mph_IM
4346.75,-1184.75,0,Mph_IM
4368.25,-1201.25,0,Mph_IM
4265.25,-1184.25,0,Mph_IM
4325.25,-1182.25,0,Mph_IM
4366.25,-1165.25,0,Mph_IM
4320.75,-1166.25,0,Mph_IM
-4896.25,1861.25,0,Mph_IM
4216.25,-2132.25,0,Mph_IM
4581.25,-2134.25,0,Mph_IM
4028.25,-2128.75,0,Mph_IM
4526.75,-2122.75,0,Mph_IM
4600.25,-2123.75,0,Mph_IM
4666.75,-2125.25,0,Mph_IM
4052.25,-2117.25,0,Mph_IM
4101.75,-2106.25,0,Mph_IM
4488.25,-2109.25,0,Mph_IM
4176.25,-2112.75,0,Mph_IM
4254.25,-2110.75,0,Mph_IM
4139.75,-2105.25,0,Mph_IM
4446.25,-2101.25,0,Mph_IM
4709.25,-2104.25,0,Mph_IM
4514.75,-2094.25,0,Mph_IM
4249.25,-2095.25,0,Mph_IM
4665.75,-2094.25,0,Mph_IM
4688.25,-2098.25,0,Mph_IM
4070.25,-2090.75,0,Mph_IM
4647.75,-2094.25,0,Mph_IM
3970.75,-2078.25,0,Mph_IM
4175.75,-2083.25,0,Mph_IM
4641.75,-2077.25,0,Mph_IM
4688.25,-2069.25,0,Mph_IM
4708.25,-2072.75,0,Mph_IM
4661.75,-2072.25,0,Mph_IM
4300.25,-2062.75,0,Mph_IM
4191.25,-2051.25,0,Mph_IM
4664.25,-2053.75,0,Mph_IM
4523.75,-2054.25,0,Mph_IM
4239.25,-2056.25,0,Mph_IM
4459.25,-2058.25,0,Mph_IM
4694.75,-2039.75,0,Mph_IM
4029.25,-2051.75,0,Mph_IM
4004.75,-2038.25,0,Mph_IM
4610.75,-2036.75,0,Mph_IM
4428.75,-2022.75,0,Mph_IM
4467.75,-2031.25,0,Mph_IM
4489.25,-2039.75,0,Mph_IM
4668.75,-2030.75,0,Mph_IM
4214.25,-2032.75,0,Mph_IM
4512.25,-2033.25,0,Mph_IM
4652.25,-2018.75,0,Mph_IM
4616.25,-2007.75,0,Mph_IM
4693.75,-2010.75,0,Mph_IM
4669.25,-2009.25,0,Mph_IM
4557.25,-1989.75,0,Mph_IM
4440.75,-1989.25,0,Mph_IM
4415.75,-1990.25,0,Mph_IM
4388.75,-1982.75,0,Mph_IM
4403.75,-1970.75,0,Mph_IM
4443.25,-1967.75,0,Mph_IM
4418.75,-1963.75,0,Mph_IM
3931.25,-1960.25,0,Mph_IM
4427.75,-1955.25,0,Mph_IM
4265.25,-1941.75,0,Mph_IM
4407.25,-1942.75,0,Mph_IM
3934.75,-1945.75,0,Mph_IM
4684.75,-1956.75,0,Mph_IM
4535.25,-1934.75,0,Mph_IM
4422.75,-1931.25,0,Mph_IM
4401.75,-1921.25,0,Mph_IM
4130.75,-1926.25,0,Mph_IM
4510.75,-1916.75,0,Mph_IM
4470.25,-1906.75,0,Mph_IM
3963.25,-1905.25,0,Mph_IM
4489.75,-1906.75,0,Mph_IM
4643.25,-1911.25,0,Mph_IM
4478.75,-1889.25,0,Mph_IM
3992.25,-1892.25,0,Mph_IM
4347.75,-1894.25,0,Mph_IM
4365.75,-1885.75,0,Mph_IM
4660.25,-1886.75,0,Mph_IM
4680.75,-1893.25,0,Mph_IM
4630.75,-1882.25,0,Mph_IM
4285.25,-1887.25,0,Mph_IM
4346.75,-1880.75,0,Mph_IM
4103.25,-1885.75,0,Mph_IM
4141.75,-1879.25,0,Mph_IM
4124.25,-1878.75,0,Mph_IM
4162.75,-1874.25,0,Mph_IM
4432.25,-1876.25,0,Mph_IM
4301.75,-1866.75,0,Mph_IM
4497.25,-1870.25,0,Mph_IM
4686.25,-1857.25,0,Mph_IM
4612.25,-1866.75,0,Mph_IM
4111.25,-1863.75,0,Mph_IM
4161.75,-1858.25,0,Mph_IM
4178.25,-1859.75,0,Mph_IM
4341.25,-1852.75,0,Mph_IM
4360.25,-1849.75,0,Mph_IM
4615.75,-1848.75,0,Mph_IM
4103.75,-1844.25,0,Mph_IM
4387.25,-1842.25,0,Mph_IM
4179.75,-1837.75,0,Mph_IM
4304.75,-1845.75,0,Mph_IM
4707.25,-1835.75,0,Mph_IM
4257.25,-1831.25,0,Mph_IM
4284.75,-1830.75,0,Mph_IM
4383.75,-1803.25,0,Mph_IM
4060.75,-1797.75,0,Mph_IM
4506.25,-1802.25,0,Mph_IM
4483.25,-1799.75,0,Mph_IM
3961.75,-1794.75,0,Mph_IM
4454.25,-1794.75,0,Mph_IM
4567.75,-1783.75,0,Mph_IM
4623.75,-1782.25,0,Mph_IM
4593.25,-1777.75,0,Mph_IM
4601.25,-1784.75,0,Mph_IM
4523.75,-1781.75,0,Mph_IM
3975.75,-1770.25,0,Mph_IM
4546.75,-1783.75,0,Mph_IM
4498.75,-1771.75,0,Mph_IM
3930.25,-1775.25,0,Mph_IM
4669.75,-1779.25,0,Mph_IM
4551.25,-1768.25,0,Mph_IM
4624.75,-1758.25,0,Mph_IM
4461.75,-1763.25,0,Mph_IM
4675.25,-1756.25,0,Mph_IM
4544.75,-1743.75,0,Mph_IM
4414.75,-1752.75,0,Mph_IM
4446.25,-1753.25,0,Mph_IM
4384.25,-1752.75,0,Mph_IM
4692.25,-1741.25,0,Mph_IM
4401.25,-1732.25,0,Mph_IM
4453.25,-1724.75,0,Mph_IM
4078.75,-1728.75,0,Mph_IM
4594.25,-1718.25,0,Mph_IM
4688.75,-1717.25,0,Mph_IM
4037.25,-1724.75,0,Mph_IM
4673.25,-1705.25,0,Mph_IM
4702.75,-1711.25,0,Mph_IM
4084.75,-1697.75,0,Mph_IM
4060.75,-1707.25,0,Mph_IM
4471.75,-1710.25,0,Mph_IM
4171.25,-1702.25,0,Mph_IM
4455.75,-1697.25,0,Mph_IM
4103.75,-1694.25,0,Mph_IM
4471.75,-1695.25,0,Mph_IM
4431.75,-1692.25,0,Mph_IM
4494.25,-1694.25,0,Mph_IM
4120.25,-1694.75,0,Mph_IM
3980.25,-1682.75,0,Mph_IM
4705.25,-1683.75,0,Mph_IM
4504.75,-1673.75,0,Mph_IM
4166.75,-1679.25,0,Mph_IM
4677.75,-1676.25,0,Mph_IM
4449.25,-1676.25,0,Mph_IM
4595.75,-1662.75,0,Mph_IM
4559.75,-1655.75,0,Mph_IM
4276.75,-1657.25,0,Mph_IM
4682.25,-1656.75,0,Mph_IM
4543.25,-1650.25,0,Mph_IM
4648.25,-1652.75,0,Mph_IM
4584.25,-1636.25,0,Mph_IM
4424.75,-1635.75,0,Mph_IM
4552.25,-1633.25,0,Mph_IM
4501.75,-1634.75,0,Mph_IM
4527.25,-1629.75,0,Mph_IM
4304.25,-1634.25,0,Mph_IM
4405.75,-1629.25,0,Mph_IM
4677.25,-1618.25,0,Mph_IM
4513.75,-1611.25,0,Mph_IM
4578.25,-1616.75,0,Mph_IM
4539.25,-1605.25,0,Mph_IM
4287.75,-1606.25,0,Mph_IM
4618.75,-1608.75,0,Mph_IM
4639.25,-1611.25,0,Mph_IM
4091.75,-1603.75,0,Mph_IM
4553.75,-1607.75,0,Mph_IM
4605.75,-1607.25,0,Mph_IM
4108.75,-1599.25,0,Mph_IM
4683.25,-1582.75,0,Mph_IM
4295.25,-1574.75,0,Mph_IM
4315.75,-1560.75,0,Mph_IM
4503.75,-1558.25,0,Mph_IM
4535.75,-1557.25,0,Mph_IM
4295.75,-1552.25,0,Mph_IM
4261.25,-1556.75,0,Mph_IM
4641.25,-1552.75,0,Mph_IM
4603.75,-1545.75,0,Mph_IM
4335.25,-1550.75,0,Mph_IM
4539.25,-1544.75,0,Mph_IM
4549.75,-1530.75,0,Mph_IM
4570.25,-1528.75,0,Mph_IM
4656.25,-1526.25,0,Mph_IM
4687.25,-1519.75,0,Mph_IM
4381.75,-1509.75,0,Mph_IM
4282.25,-1499.75,0,Mph_IM
4582.25,-1506.75,0,Mph_IM
4041.75,-1511.25,0,Mph_IM
4505.25,-1505.25,0,Mph_IM
4335.25,-1482.25,0,Mph_IM
4545.25,-1482.75,0,Mph_IM
4474.25,-1485.75,0,Mph_IM
4509.75,-1472.75,0,Mph_IM
4271.75,-1476.75,0,Mph_IM
4223.25,-1460.75,0,Mph_IM
4479.75,-1462.25,0,Mph_IM
4561.75,-1469.75,0,Mph_IM
4600.25,-1460.75,0,Mph_IM
4541.75,-1447.75,0,Mph_IM
4526.25,-1452.25,0,Mph_IM
4509.75,-1449.25,0,Mph_IM
4463.25,-1446.25,0,Mph_IM
4347.75,-1450.25,0,Mph_IM
4555.75,-1439.25,0,Mph_IM
4491.25,-1442.25,0,Mph_IM
4377.25,-1437.25,0,Mph_IM
4526.25,-1428.75,0,Mph_IM
4584.25,-1423.25,0,Mph_IM
4205.25,-1433.75,0,Mph_IM
4339.25,-1430.75,0,Mph_IM
4482.75,-1425.25,0,Mph_IM
4519.75,-1415.75,0,Mph_IM
4557.75,-1416.75,0,Mph_IM
4325.25,-1405.75,0,Mph_IM
4191.25,-1384.25,0,Mph_IM
4303.75,-1387.25,0,Mph_IM
4474.75,-1401.25,0,Mph_IM
4521.25,-1390.75,0,Mph_IM
4262.25,-1388.75,0,Mph_IM
4396.75,-1391.75,0,Mph_IM
4225.75,-1387.25,0,Mph_IM
4549.75,-1387.75,0,Mph_IM
4327.75,-1382.75,0,Mph_IM
4405.25,-1366.25,0,Mph_IM
4215.75,-1372.25,0,Mph_IM
4348.25,-1373.75,0,Mph_IM
4296.25,-1356.75,0,Mph_IM
4322.75,-1354.25,0,Mph_IM
4448.75,-1348.75,0,Mph_IM
-4158.75,1451.25,0,Mph_IM
-4133.75,1458.25,0,Mph_IM
-4181.75,1484.25,0,Mph_IM
-4156.25,1477.25,0,Mph_IM
-4201.75,1493.25,0,Mph_IM
-4096.25,1499.75,0,Mph_IM
-4223.75,1494.75,0,Mph_IM
-4160.75,1502.25,0,Mph_IM
-4126.75,1522.25,0,Mph_IM
-4263.75,1530.25,0,Mph_IM
-4150.25,1535.25,0,Mph_IM
-4240.25,1532.75,0,Mph_IM
-4290.75,1554.75,0,Mph_IM
-4163.25,1557.25,0,Mph_IM
-4211.75,1554.75,0,Mph_IM
-4321.25,1566.25,0,Mph_IM
-4137.25,1575.75,0,Mph_IM
-4117.75,1581.75,0,Mph_IM
-4453.75,1596.75,0,Mph_IM
-4141.75,1592.25,0,Mph_IM
-4263.75,1592.75,0,Mph_IM
-4310.75,1600.75,0,Mph_IM
-4417.25,1603.75,0,Mph_IM
-4219.75,1594.25,0,Mph_IM
-4182.75,1596.25,0,Mph_IM
-4224.25,1619.75,0,Mph_IM
-4154.25,1606.25,0,Mph_IM
-4190.75,1618.75,0,Mph_IM
-4475.25,1626.25,0,Mph_IM
-4367.75,1623.25,0,Mph_IM
-4281.25,1630.75,0,Mph_IM
-4454.25,1641.75,0,Mph_IM
-4467.75,1641.75,0,Mph_IM
-4520.75,1642.75,0,Mph_IM
-4155.25,1655.75,0,Mph_IM
-4506.75,1661.25,0,Mph_IM
-4454.75,1668.75,0,Mph_IM
-4464.25,1679.25,0,Mph_IM
-4203.25,1665.75,0,Mph_IM
-4579.75,1684.75,0,Mph_IM
-4238.75,1668.25,0,Mph_IM
-4504.75,1689.25,0,Mph_IM
-4480.25,1697.25,0,Mph_IM
-4285.25,1694.75,0,Mph_IM
-4546.25,1703.25,0,Mph_IM
-4603.25,1700.75,0,Mph_IM
-4369.25,1695.25,0,Mph_IM
-4397.25,1698.75,0,Mph_IM
-4178.25,1700.25,0,Mph_IM
-4396.75,1715.75,0,Mph_IM
-4350.25,1725.25,0,Mph_IM
-4329.75,1720.75,0,Mph_IM
-4231.75,1740.25,0,Mph_IM
-4545.25,1743.25,0,Mph_IM
-4253.25,1745.75,0,Mph_IM
-4729.75,1761.25,0,Mph_IM
-4609.75,1783.25,0,Mph_IM
-4176.75,1768.75,0,Mph_IM
-4154.25,1772.75,0,Mph_IM
-4407.25,1774.75,0,Mph_IM
-4121.75,1770.75,0,Mph_IM
-4139.25,1780.75,0,Mph_IM
-4420.75,1784.75,0,Mph_IM
-4403.75,1791.75,0,Mph_IM
-4706.25,1789.75,0,Mph_IM
-4435.75,1794.75,0,Mph_IM
-4691.75,1801.25,0,Mph_IM
-4198.75,1794.25,0,Mph_IM
-4546.25,1797.25,0,Mph_IM
-4276.25,1797.75,0,Mph_IM
-4246.75,1810.25,0,Mph_IM
-4744.75,1815.75,0,Mph_IM
-4193.75,1824.75,0,Mph_IM
-4210.75,1825.25,0,Mph_IM
-4860.75,1823.25,0,Mph_IM
-4265.25,1827.25,0,Mph_IM
-4719.25,1829.75,0,Mph_IM
-4538.25,1823.25,0,Mph_IM
-4587.75,1822.75,0,Mph_IM
-4137.25,1836.75,0,Mph_IM
-4610.75,1830.75,0,Mph_IM
-4580.25,1844.25,0,Mph_IM
-4156.75,1854.75,0,Mph_IM
-4284.75,1853.25,0,Mph_IM
-4519.75,1858.75,0,Mph_IM
-4598.25,1850.25,0,Mph_IM
-4496.25,1851.25,0,Mph_IM
-4753.25,1851.75,0,Mph_IM
-4783.75,1862.25,0,Mph_IM
-4892.75,1864.75,0,Mph_IM
-4890.75,1899.75,0,Mph_IM
-4967.75,1918.75,0,Mph_IM
-4917.25,1930.75,0,Mph_IM
-4971.75,1944.75,0,Mph_IM
-4989.25,1939.25,0,Mph_IM
-4895.25,1946.25,0,Mph_IM
-5034.75,1947.25,0,Mph_IM
-5010.25,1949.25,0,Mph_IM
-4959.25,1968.25,0,Mph_IM
-4998.75,1967.25,0,Mph_IM
-4895.25,1969.75,0,Mph_IM
-5034.25,1972.25,0,Mph_IM
-5052.25,1986.25,0,Mph_IM
-5002.75,1986.75,0,Mph_IM
-4920.25,1981.75,0,Mph_IM
-5022.75,1994.75,0,Mph_IM
-5074.25,1989.25,0,Mph_IM
-4966.25,1994.25,0,Mph_IM
-4892.75,1987.75,0,Mph_IM
-5095.75,1995.75,0,Mph_IM
-4998.75,1996.75,0,Mph_IM
-5068.25,2001.75,0,Mph_IM
-5104.75,2016.75,0,Mph_IM
-5071.75,2017.75,0,Mph_IM
-5054.75,2018.75,0,Mph_IM
-4998.75,2018.25,0,Mph_IM
-4909.25,2039.75,0,Mph_IM
-4956.25,2035.25,0,Mph_IM
-4974.25,2044.75,0,Mph_IM
-5121.25,2057.75,0,Mph_IM
-5095.75,2063.75,0,Mph_IM
-4951.75,2075.25,0,Mph_IM
-5103.25,2080.75,0,Mph_IM
-4967.25,2103.75,0,Mph_IM
-4891.25,2154.75,0,Mph_IM
-4944.25,2179.25,0,Mph_IM
-5229.75,2232.75,0,Mph_IM
-5015.25,2242.75,0,Mph_IM
-4982.75,2241.75,0,Mph_IM
-4952.75,2250.75,0,Mph_IM
-5088.75,2268.75,0,Mph_IM
-5110.75,2267.25,0,Mph_IM
-4928.25,2278.25,0,Mph_IM
-4887.25,2320.75,0,Mph_IM
-4993.25,2353.25,0,Mph_IM
-4902.25,2381.25,0,Mph_IM
-4985.75,2380.75,0,Mph_IM
-5020.75,2418.75,0,Mph_IM
-5101.75,2432.25,0,Mph_IM
-5141.25,2437.25,0,Mph_IM
-5414.25,2443.25,0,Mph_IM
-4948.75,2448.75,0,Mph_IM
-5139.75,2470.75,0,Mph_IM
-5466.25,2460.75,0,Mph_IM
-5422.75,2459.75,0,Mph_IM
-5009.25,2476.25,0,Mph_IM
-5388.75,2466.75,0,Mph_IM
-5085.75,2475.25,0,Mph_IM
-5341.25,2473.25,0,Mph_IM
-5415.25,2483.75,0,Mph_IM
-4939.75,2488.25,0,Mph_IM
-5041.75,2491.75,0,Mph_IM
-4928.75,2496.75,0,Mph_IM
-4977.25,2497.25,0,Mph_IM
-5132.25,2498.25,0,Mph_IM
-5198.25,2507.25,0,Mph_IM
-4913.25,2511.75,0,Mph_IM
-5391.75,2503.75,0,Mph_IM
-4886.75,2520.75,0,Mph_IM
-5045.25,2516.75,0,Mph_IM
-4965.75,2522.25,0,Mph_IM
-5110.25,2527.75,0,Mph_IM
-5005.25,2519.25,0,Mph_IM
-5030.75,2547.25,0,Mph_IM
-4994.25,2542.75,0,Mph_IM
-5597.75,2541.75,0,Mph_IM
-4916.25,2550.75,0,Mph_IM
-4982.25,2560.75,0,Mph_IM
-4963.75,2589.75,0,Mph_IM
-4984.25,2592.25,0,Mph_IM
-5003.25,2589.25,0,Mph_IM
-5177.75,2639.25,0,Mph_IM
-4068.75,1447.75,0,Mph_IM
-3977.25,1468.25,0,Mph_IM
-4083.75,1475.25,0,Mph_IM
-3951.75,1487.75,0,Mph_IM
-3978.25,1507.75,0,Mph_IM
-3833.75,1530.25,0,Mph_IM
-3999.25,1552.25,0,Mph_IM
-3964.25,1551.75,0,Mph_IM
-4017.25,1573.75,0,Mph_IM
-3800.75,1581.25,0,Mph_IM
-3971.25,1578.75,0,Mph_IM
-3831.25,1580.25,0,Mph_IM
-3983.75,1593.25,0,Mph_IM
-3939.25,1600.75,0,Mph_IM
-4082.25,1618.75,0,Mph_IM
-3749.25,1628.75,0,Mph_IM
-3735.25,1647.75,0,Mph_IM
-3744.75,1667.25,0,Mph_IM
-3912.25,1655.75,0,Mph_IM
-3916.75,1680.25,0,Mph_IM
-3805.25,1682.75,0,Mph_IM
-3883.75,1688.25,0,Mph_IM
-4015.75,1675.75,0,Mph_IM
-3728.25,1692.25,0,Mph_IM
-3599.75,1693.75,0,Mph_IM
-3895.75,1699.25,0,Mph_IM
-3765.25,1691.75,0,Mph_IM
-3928.75,1693.75,0,Mph_IM
-3586.75,1703.25,0,Mph_IM
-3757.25,1712.75,0,Mph_IM
-3657.75,1711.75,0,Mph_IM
-3560.25,1718.25,0,Mph_IM
-4038.25,1723.75,0,Mph_IM
-3583.25,1729.75,0,Mph_IM
-3749.75,1735.75,0,Mph_IM
-3847.25,1736.75,0,Mph_IM
-3819.75,1749.25,0,Mph_IM
-4080.25,1739.25,0,Mph_IM
-3869.75,1751.25,0,Mph_IM
-3547.25,1766.25,0,Mph_IM
-3525.25,1769.75,0,Mph_IM
-3771.75,1765.25,0,Mph_IM
-4057.25,1776.25,0,Mph_IM
-3893.75,1773.25,0,Mph_IM
-3951.75,1780.75,0,Mph_IM
-3516.25,1792.25,0,Mph_IM
-3768.75,1797.75,0,Mph_IM
-3746.25,1814.25,0,Mph_IM
-3836.75,1814.75,0,Mph_IM
-3560.75,1826.25,0,Mph_IM
-3472.25,1832.25,0,Mph_IM
-3784.25,1831.25,0,Mph_IM
-3849.75,1831.25,0,Mph_IM
-3520.25,1828.25,0,Mph_IM
-4037.75,1833.25,0,Mph_IM
-3779.75,1855.75,0,Mph_IM
-3445.25,1845.25,0,Mph_IM
-3981.75,1848.75,0,Mph_IM
-4026.75,1859.25,0,Mph_IM
-3907.25,1861.75,0,Mph_IM
-4079.25,1860.75,0,Mph_IM
-3821.75,1863.25,0,Mph_IM
-4575.25,1868.75,0,Mph_IM
-4337.25,1874.75,0,Mph_IM
-4143.25,1869.75,0,Mph_IM
-4686.75,1872.75,0,Mph_IM
-4425.75,1869.75,0,Mph_IM
-4262.25,1874.25,0,Mph_IM
-4608.25,1878.75,0,Mph_IM
-4589.75,1871.75,0,Mph_IM
-4636.25,1872.75,0,Mph_IM
-4508.75,1888.75,0,Mph_IM
-4153.25,1883.25,0,Mph_IM
-4786.25,1882.75,0,Mph_IM
-4726.25,1883.75,0,Mph_IM
-4217.75,1889.25,0,Mph_IM
-4174.75,1888.25,0,Mph_IM
-4584.75,1896.25,0,Mph_IM
-4667.25,1887.75,0,Mph_IM
-4475.25,1895.75,0,Mph_IM
-4428.25,1894.75,0,Mph_IM
-4113.25,1894.75,0,Mph_IM
-4622.25,1900.25,0,Mph_IM
-4236.75,1911.25,0,Mph_IM
-4782.75,1901.25,0,Mph_IM
-4144.75,1899.75,0,Mph_IM
-4280.75,1902.25,0,Mph_IM
-4577.75,1910.75,0,Mph_IM
-4180.75,1910.25,0,Mph_IM
-4729.75,1911.25,0,Mph_IM
-4685.25,1911.75,0,Mph_IM
-4755.25,1910.75,0,Mph_IM
-4447.75,1908.75,0,Mph_IM
-4273.25,1918.75,0,Mph_IM
-4707.75,1911.25,0,Mph_IM
-4471.75,1920.25,0,Mph_IM
-4621.75,1927.75,0,Mph_IM
-4520.75,1927.75,0,Mph_IM
-4699.25,1932.25,0,Mph_IM
-4139.75,1931.75,0,Mph_IM
-4756.75,1931.25,0,Mph_IM
-4658.75,1934.25,0,Mph_IM
-4685.25,1933.75,0,Mph_IM
-4724.25,1941.25,0,Mph_IM
-4607.75,1936.75,0,Mph_IM
-4783.75,1945.25,0,Mph_IM
-4536.25,1947.75,0,Mph_IM
-4478.75,1946.75,0,Mph_IM
-4751.25,1958.75,0,Mph_IM
-4674.25,1952.25,0,Mph_IM
-4581.75,1940.75,0,Mph_IM
-4728.25,1952.75,0,Mph_IM
-4690.25,1952.75,0,Mph_IM
-4507.75,1954.25,0,Mph_IM
-4643.75,1950.25,0,Mph_IM
-4810.25,1952.25,0,Mph_IM
-4833.75,1954.25,0,Mph_IM
-4576.75,1962.25,0,Mph_IM
-4336.75,1956.25,0,Mph_IM
-4533.75,1972.25,0,Mph_IM
-4487.25,1966.25,0,Mph_IM
-4465.25,1965.25,0,Mph_IM
-4649.75,1969.75,0,Mph_IM
-4880.25,1963.75,0,Mph_IM
-4727.75,1970.75,0,Mph_IM
-4690.25,1969.25,0,Mph_IM
-4503.75,1971.25,0,Mph_IM
-4390.75,1978.75,0,Mph_IM
-4094.75,1974.75,0,Mph_IM
-4214.25,1975.25,0,Mph_IM
-4672.25,1974.25,0,Mph_IM
-4724.75,1982.75,0,Mph_IM
-4868.75,1975.75,0,Mph_IM
-4582.75,1988.25,0,Mph_IM
-4281.75,1979.25,0,Mph_IM
-4698.25,1981.25,0,Mph_IM
-4513.25,1992.75,0,Mph_IM
-4478.75,1989.25,0,Mph_IM
-4559.75,1990.25,0,Mph_IM
-4252.75,1995.25,0,Mph_IM
-4177.25,1992.75,0,Mph_IM
-4105.25,1998.75,0,Mph_IM
-4344.25,2000.25,0,Mph_IM
-4293.25,1994.25,0,Mph_IM
-4273.75,1994.75,0,Mph_IM
-4605.25,2011.25,0,Mph_IM
-4238.25,2005.75,0,Mph_IM
-4885.25,2006.25,0,Mph_IM
-4210.75,2008.75,0,Mph_IM
-4510.25,2009.25,0,Mph_IM
-4713.25,2010.25,0,Mph_IM
-4271.25,2013.75,0,Mph_IM
-4584.75,2011.25,0,Mph_IM
-4413.25,2016.75,0,Mph_IM
-4555.75,2012.25,0,Mph_IM
-4574.75,2017.75,0,Mph_IM
-4145.25,2020.25,0,Mph_IM
-4090.25,2021.75,0,Mph_IM
-4546.25,2025.75,0,Mph_IM
-4513.25,2026.75,0,Mph_IM
-4116.25,2026.25,0,Mph_IM
-4302.25,2033.75,0,Mph_IM
-4557.75,2035.75,0,Mph_IM
-4575.75,2038.75,0,Mph_IM
-4264.75,2032.25,0,Mph_IM
-4225.75,2031.25,0,Mph_IM
-4374.25,2038.25,0,Mph_IM
-4200.75,2027.75,0,Mph_IM
-4776.25,2041.25,0,Mph_IM
-4247.25,2042.75,0,Mph_IM
-4197.75,2049.75,0,Mph_IM
-4153.25,2045.75,0,Mph_IM
-4234.75,2053.75,0,Mph_IM
-4265.75,2050.25,0,Mph_IM
-4101.75,2052.75,0,Mph_IM
-4869.25,2062.25,0,Mph_IM
-4378.25,2057.25,0,Mph_IM
-4124.75,2061.75,0,Mph_IM
-4597.75,2056.75,0,Mph_IM
-4181.75,2058.75,0,Mph_IM
-4271.25,2075.75,0,Mph_IM
-4217.75,2069.75,0,Mph_IM
-4763.25,2076.75,0,Mph_IM
-4102.25,2074.75,0,Mph_IM
-4418.75,2073.75,0,Mph_IM
-4240.75,2082.75,0,Mph_IM
-4842.25,2077.75,0,Mph_IM
-4134.25,2073.75,0,Mph_IM
-4872.25,2084.75,0,Mph_IM
-4187.75,2079.75,0,Mph_IM
-4679.25,2077.25,0,Mph_IM
-4605.75,2079.75,0,Mph_IM
-4562.75,2085.75,0,Mph_IM
-4133.75,2096.75,0,Mph_IM
-4331.75,2098.75,0,Mph_IM
-4256.75,2095.75,0,Mph_IM
-4847.75,2101.75,0,Mph_IM
-4785.25,2097.25,0,Mph_IM
-4424.75,2111.25,0,Mph_IM
-4290.75,2107.25,0,Mph_IM
-4145.25,2122.75,0,Mph_IM
-4699.25,2112.75,0,Mph_IM
-4417.75,2136.25,0,Mph_IM
-4251.25,2129.75,0,Mph_IM
-4501.75,2130.25,0,Mph_IM
-4177.25,2131.75,0,Mph_IM
-4790.75,2138.75,0,Mph_IM
-4730.75,2131.25,0,Mph_IM
-4288.25,2142.25,0,Mph_IM
-4144.75,2148.75,0,Mph_IM
-4421.25,2148.25,0,Mph_IM
-4368.25,2144.75,0,Mph_IM
-4180.25,2144.75,0,Mph_IM
-4249.25,2149.75,0,Mph_IM
-4215.25,2140.25,0,Mph_IM
-4728.25,2153.75,0,Mph_IM
-4342.25,2144.25,0,Mph_IM
-4685.25,2159.75,0,Mph_IM
-4321.25,2158.25,0,Mph_IM
-4465.25,2157.75,0,Mph_IM
-4815.75,2159.75,0,Mph_IM
-4488.25,2170.75,0,Mph_IM
-4169.75,2169.25,0,Mph_IM
-4341.25,2181.25,0,Mph_IM
-4463.75,2172.25,0,Mph_IM
-4364.75,2169.25,0,Mph_IM
-4114.25,2170.25,0,Mph_IM
-4203.75,2181.75,0,Mph_IM
-4421.25,2187.25,0,Mph_IM
-4177.25,2178.75,0,Mph_IM
-4247.75,2182.75,0,Mph_IM
-4720.25,2181.75,0,Mph_IM
-4360.75,2191.25,0,Mph_IM
-4135.25,2188.25,0,Mph_IM
-4286.75,2192.75,0,Mph_IM
-4313.25,2189.75,0,Mph_IM
-4728.25,2201.25,0,Mph_IM
-4128.25,2209.25,0,Mph_IM
-4311.25,2206.75,0,Mph_IM
-4289.75,2218.25,0,Mph_IM
-4325.75,2219.25,0,Mph_IM
-4767.25,2221.25,0,Mph_IM
-4152.25,2216.25,0,Mph_IM
-4732.75,2226.25,0,Mph_IM
-4445.75,2231.25,0,Mph_IM
-4874.75,2234.75,0,Mph_IM
-4149.25,2243.75,0,Mph_IM
-4172.75,2238.25,0,Mph_IM
-4327.25,2244.25,0,Mph_IM
-4183.25,2257.75,0,Mph_IM
-4348.25,2254.25,0,Mph_IM
-4302.25,2255.25,0,Mph_IM
-4439.75,2255.75,0,Mph_IM
-4730.75,2272.25,0,Mph_IM
-4309.25,2279.25,0,Mph_IM
-4386.75,2266.75,0,Mph_IM
-4426.75,2274.75,0,Mph_IM
-4654.25,2275.75,0,Mph_IM
-4454.75,2271.75,0,Mph_IM
-4344.75,2285.25,0,Mph_IM
-4204.75,2275.75,0,Mph_IM
-4624.75,2277.75,0,Mph_IM
-4407.25,2276.75,0,Mph_IM
-4226.75,2270.75,0,Mph_IM
-4125.25,2290.25,0,Mph_IM
-4095.25,2294.75,0,Mph_IM
-4390.25,2292.25,0,Mph_IM
-4194.75,2300.25,0,Mph_IM
-4323.75,2295.75,0,Mph_IM
-4269.25,2293.25,0,Mph_IM
-4295.25,2301.25,0,Mph_IM
-4817.25,2302.25,0,Mph_IM
-4696.25,2303.25,0,Mph_IM
-4232.75,2314.25,0,Mph_IM
-4155.75,2333.75,0,Mph_IM
-4133.75,2346.75,0,Mph_IM
-4881.25,2347.75,0,Mph_IM
-4580.25,2339.75,0,Mph_IM
-4435.25,2345.25,0,Mph_IM
-4266.75,2353.75,0,Mph_IM
-4172.25,2370.75,0,Mph_IM
-4531.75,2373.75,0,Mph_IM
-4508.75,2387.25,0,Mph_IM
-4790.25,2378.25,0,Mph_IM
-4367.25,2376.25,0,Mph_IM
-4197.25,2387.25,0,Mph_IM
-4301.75,2383.25,0,Mph_IM
-4318.75,2385.25,0,Mph_IM
-4156.25,2397.75,0,Mph_IM
-4333.25,2394.25,0,Mph_IM
-4291.75,2388.75,0,Mph_IM
-4265.25,2399.25,0,Mph_IM
-4303.75,2407.25,0,Mph_IM
-4126.25,2411.75,0,Mph_IM
-4088.75,2406.25,0,Mph_IM
-4312.75,2424.75,0,Mph_IM
-4102.25,2430.25,0,Mph_IM
-4164.25,2425.25,0,Mph_IM
-4855.25,2423.75,0,Mph_IM
-4249.75,2426.25,0,Mph_IM
-4218.75,2431.75,0,Mph_IM
-4120.25,2451.25,0,Mph_IM
-4204.25,2445.25,0,Mph_IM
-4609.25,2456.25,0,Mph_IM
-4802.75,2470.25,0,Mph_IM
-4716.25,2463.75,0,Mph_IM
-4156.25,2467.75,0,Mph_IM
-4791.75,2485.25,0,Mph_IM
-4136.25,2488.75,0,Mph_IM
-4720.75,2491.25,0,Mph_IM
-4816.75,2494.25,0,Mph_IM
-4853.75,2492.75,0,Mph_IM
-4799.75,2495.75,0,Mph_IM
-4770.25,2505.75,0,Mph_IM
-4398.25,2506.75,0,Mph_IM
-4814.25,2511.25,0,Mph_IM
-4856.25,2521.75,0,Mph_IM
-4418.75,2518.25,0,Mph_IM
-4879.25,2528.25,0,Mph_IM
-4833.75,2535.25,0,Mph_IM
-4461.25,2534.25,0,Mph_IM
-4401.75,2538.75,0,Mph_IM
-4647.25,2542.75,0,Mph_IM
-4860.25,2545.25,0,Mph_IM
-4098.75,2560.75,0,Mph_IM
-4736.25,2572.25,0,Mph_IM
-4516.75,2583.75,0,Mph_IM
-4723.25,2602.75,0,Mph_IM
-4810.75,2605.75,0,Mph_IM
-4272.25,2614.75,0,Mph_IM
-4525.25,2610.75,0,Mph_IM
-4773.25,2617.25,0,Mph_IM
-4811.75,2640.25,0,Mph_IM
-4419.25,2662.25,0,Mph_IM
-4158.75,2654.75,0,Mph_IM
-4684.75,2661.75,0,Mph_IM
-4183.25,2659.75,0,Mph_IM
-3812.25,1881.25,0,Mph_IM
-3586.25,1870.75,0,Mph_IM
-3486.75,1878.25,0,Mph_IM
-4024.25,1879.25,0,Mph_IM
-3570.75,1881.25,0,Mph_IM
-3830.25,1893.25,0,Mph_IM
-3555.25,1894.25,0,Mph_IM
-3918.75,1890.25,0,Mph_IM
-3981.25,1905.25,0,Mph_IM
-3481.75,1913.75,0,Mph_IM
-3860.75,1915.75,0,Mph_IM
-3456.25,1919.75,0,Mph_IM
-3893.75,1928.75,0,Mph_IM
-3989.75,1938.25,0,Mph_IM
-3931.75,1939.25,0,Mph_IM
-3404.75,1934.75,0,Mph_IM
-3429.25,1938.25,0,Mph_IM
-4083.75,1943.75,0,Mph_IM
-3792.75,1938.25,0,Mph_IM
-3516.75,1937.75,0,Mph_IM
-4014.25,1959.75,0,Mph_IM
-3809.75,1958.75,0,Mph_IM
-4052.75,1962.75,0,Mph_IM
-3828.25,1960.25,0,Mph_IM
-3512.25,1966.75,0,Mph_IM
-3819.75,1976.25,0,Mph_IM
-3411.25,1970.75,0,Mph_IM
-3992.75,1978.25,0,Mph_IM
-4020.25,1992.25,0,Mph_IM
-3601.75,1989.25,0,Mph_IM
-3767.75,1986.25,0,Mph_IM
-4070.25,2000.25,0,Mph_IM
-3949.75,2003.75,0,Mph_IM
-3566.75,2002.75,0,Mph_IM
-3494.25,2003.75,0,Mph_IM
-3606.25,2017.25,0,Mph_IM
-3800.75,2026.75,0,Mph_IM
-3483.25,2024.75,0,Mph_IM
-3406.25,2034.75,0,Mph_IM
-4004.75,2028.25,0,Mph_IM
-3841.25,2026.25,0,Mph_IM
-4040.25,2030.25,0,Mph_IM
-3897.25,2027.25,0,Mph_IM
-3582.75,2041.25,0,Mph_IM
-3854.25,2034.25,0,Mph_IM
-4018.25,2040.75,0,Mph_IM
-3835.75,2056.75,0,Mph_IM
-3604.25,2037.25,0,Mph_IM
-4058.25,2049.25,0,Mph_IM
-4012.75,2056.75,0,Mph_IM
-3806.75,2051.75,0,Mph_IM
-3887.25,2059.75,0,Mph_IM
-3410.25,2058.75,0,Mph_IM
-3965.75,2069.75,0,Mph_IM
-3600.75,2071.25,0,Mph_IM
-3442.75,2066.25,0,Mph_IM
-3802.25,2077.25,0,Mph_IM
-3849.75,2093.75,0,Mph_IM
-3338.25,2080.75,0,Mph_IM
-3874.25,2080.75,0,Mph_IM
-4031.25,2096.75,0,Mph_IM
-3948.75,2087.75,0,Mph_IM
-3926.75,2079.25,0,Mph_IM
-3968.25,2106.25,0,Mph_IM
-3297.25,2090.75,0,Mph_IM
-3925.75,2105.25,0,Mph_IM
-3884.25,2107.25,0,Mph_IM
-3424.25,2109.75,0,Mph_IM
-4051.25,2107.75,0,Mph_IM
-3356.75,2113.75,0,Mph_IM
-3299.75,2116.75,0,Mph_IM
-4076.75,2112.25,0,Mph_IM
-3396.25,2117.25,0,Mph_IM
-3603.25,2115.75,0,Mph_IM
-3948.75,2121.25,0,Mph_IM
-3500.75,2130.25,0,Mph_IM
-3469.75,2127.25,0,Mph_IM
-3572.25,2124.25,0,Mph_IM
-3611.75,2138.75,0,Mph_IM
-3840.75,2134.75,0,Mph_IM
-4054.25,2139.25,0,Mph_IM
-3954.75,2142.75,0,Mph_IM
-3848.75,2143.75,0,Mph_IM
-3570.25,2152.25,0,Mph_IM
-3316.25,2138.25,0,Mph_IM
-3344.25,2148.25,0,Mph_IM
-3934.75,2160.25,0,Mph_IM
-3956.75,2159.75,0,Mph_IM
-3311.25,2154.75,0,Mph_IM
-4066.75,2149.75,0,Mph_IM
-3913.25,2159.25,0,Mph_IM
-3870.25,2165.25,0,Mph_IM
-3391.75,2156.75,0,Mph_IM
-3421.25,2159.25,0,Mph_IM
-4040.75,2170.25,0,Mph_IM
-3443.25,2170.75,0,Mph_IM
-3379.25,2167.75,0,Mph_IM
-3639.75,2174.75,0,Mph_IM
-3397.75,2179.25,0,Mph_IM
-3505.75,2184.75,0,Mph_IM
-3908.25,2192.75,0,Mph_IM
-3562.75,2186.25,0,Mph_IM
-3461.25,2187.75,0,Mph_IM
-3696.75,2188.75,0,Mph_IM
-4079.75,2191.25,0,Mph_IM
-3605.75,2193.75,0,Mph_IM
-3873.75,2197.25,0,Mph_IM
-3375.25,2192.25,0,Mph_IM
-4032.25,2199.25,0,Mph_IM
-3589.25,2212.75,0,Mph_IM
-3746.75,2210.75,0,Mph_IM
-4022.75,2210.25,0,Mph_IM
-3557.75,2224.75,0,Mph_IM
-3467.25,2219.25,0,Mph_IM
-3869.75,2218.25,0,Mph_IM
-3721.75,2226.25,0,Mph_IM
-3967.75,2216.75,0,Mph_IM
-3361.75,2233.75,0,Mph_IM
-3528.25,2229.75,0,Mph_IM
-3611.25,2223.75,0,Mph_IM
-3991.75,2234.75,0,Mph_IM
-3920.25,2234.25,0,Mph_IM
-3598.25,2244.75,0,Mph_IM
-3910.25,2246.75,0,Mph_IM
-3893.25,2245.75,0,Mph_IM
-4039.25,2263.25,0,Mph_IM
-4024.25,2259.25,0,Mph_IM
-3929.75,2263.75,0,Mph_IM
-3709.75,2260.75,0,Mph_IM
-3603.75,2260.75,0,Mph_IM
-3896.75,2268.25,0,Mph_IM
-3989.75,2274.75,0,Mph_IM
-3607.25,2279.25,0,Mph_IM
-3730.25,2279.25,0,Mph_IM
-3899.75,2283.25,0,Mph_IM
-3704.75,2280.75,0,Mph_IM
-3548.75,2290.75,0,Mph_IM
-3877.25,2285.75,0,Mph_IM
-3777.75,2300.75,0,Mph_IM
-3909.75,2293.25,0,Mph_IM
-3894.25,2304.25,0,Mph_IM
-3401.25,2309.25,0,Mph_IM
-3358.75,2314.25,0,Mph_IM
-3880.75,2312.75,0,Mph_IM
-3381.25,2311.25,0,Mph_IM
-3570.25,2314.25,0,Mph_IM
-3907.75,2311.25,0,Mph_IM
-4078.25,2315.75,0,Mph_IM
-3427.25,2325.75,0,Mph_IM
-4017.75,2313.25,0,Mph_IM
-3780.25,2329.25,0,Mph_IM
-4043.75,2316.25,0,Mph_IM
-3945.75,2322.75,0,Mph_IM
-3585.75,2322.75,0,Mph_IM
-3924.75,2320.75,0,Mph_IM
-3397.25,2333.75,0,Mph_IM
-3898.75,2332.25,0,Mph_IM
-3749.75,2337.25,0,Mph_IM
-3443.75,2348.75,0,Mph_IM
-4075.75,2347.25,0,Mph_IM
-3685.75,2355.25,0,Mph_IM
-3921.75,2356.25,0,Mph_IM
-3498.25,2353.75,0,Mph_IM
-3939.75,2367.75,0,Mph_IM
-3992.25,2361.75,0,Mph_IM
-3739.25,2369.75,0,Mph_IM
-3471.75,2361.25,0,Mph_IM
-3425.25,2371.25,0,Mph_IM
-3479.25,2375.25,0,Mph_IM
-3905.25,2377.25,0,Mph_IM
-3974.75,2390.25,0,Mph_IM
-3733.25,2399.75,0,Mph_IM
-3543.75,2389.75,0,Mph_IM
-4032.25,2387.25,0,Mph_IM
-4010.25,2401.75,0,Mph_IM
-3981.75,2402.25,0,Mph_IM
-3513.75,2399.25,0,Mph_IM
-3989.25,2406.25,0,Mph_IM
-3556.25,2412.75,0,Mph_IM
-3960.75,2413.75,0,Mph_IM
-3426.25,2414.25,0,Mph_IM
-4039.75,2419.75,0,Mph_IM
-3512.75,2426.75,0,Mph_IM
-4023.25,2427.25,0,Mph_IM
-3634.25,2423.25,0,Mph_IM
-3995.25,2425.25,0,Mph_IM
-3676.75,2428.75,0,Mph_IM
-3931.75,2423.25,0,Mph_IM
-3567.25,2436.75,0,Mph_IM
-3772.25,2435.75,0,Mph_IM
-3914.25,2437.75,0,Mph_IM
-3404.25,2448.75,0,Mph_IM
-3671.25,2453.25,0,Mph_IM
-3576.75,2450.75,0,Mph_IM
-3952.25,2438.75,0,Mph_IM
-4058.75,2445.25,0,Mph_IM
-3598.25,2450.75,0,Mph_IM
-3787.25,2458.75,0,Mph_IM
-4032.75,2453.25,0,Mph_IM
-3928.75,2456.75,0,Mph_IM
-3968.75,2459.75,0,Mph_IM
-4065.75,2468.75,0,Mph_IM
-4054.75,2471.75,0,Mph_IM
-3418.25,2472.75,0,Mph_IM
-3471.25,2477.75,0,Mph_IM
-3941.75,2474.25,0,Mph_IM
-4084.25,2486.25,0,Mph_IM
-4037.75,2481.75,0,Mph_IM
-4018.25,2481.75,0,Mph_IM
-3683.75,2487.75,0,Mph_IM
-3656.75,2495.75,0,Mph_IM
-3717.25,2490.75,0,Mph_IM
-3939.25,2500.25,0,Mph_IM
-4015.25,2495.75,0,Mph_IM
-3449.25,2491.75,0,Mph_IM
-4053.25,2505.25,0,Mph_IM
-3398.75,2509.25,0,Mph_IM
-3466.75,2502.25,0,Mph_IM
-3583.75,2505.75,0,Mph_IM
-3681.25,2504.75,0,Mph_IM
-3728.25,2517.25,0,Mph_IM
-3468.75,2522.25,0,Mph_IM
-4002.25,2513.25,0,Mph_IM
-3944.25,2518.75,0,Mph_IM
-3506.25,2512.25,0,Mph_IM
-3425.25,2515.25,0,Mph_IM
-3454.25,2520.25,0,Mph_IM
-3788.75,2526.25,0,Mph_IM
-3816.75,2536.25,0,Mph_IM
-4082.25,2533.25,0,Mph_IM
-3991.25,2539.75,0,Mph_IM
-3535.75,2533.75,0,Mph_IM
-3413.25,2548.25,0,Mph_IM
-3945.75,2541.75,0,Mph_IM
-3791.75,2541.25,0,Mph_IM
-3825.75,2547.75,0,Mph_IM
-3654.75,2556.25,0,Mph_IM
-4042.75,2568.75,0,Mph_IM
-3967.75,2556.75,0,Mph_IM
-3784.75,2566.75,0,Mph_IM
-3292.25,2565.25,0,Mph_IM
-3919.25,2560.75,0,Mph_IM
-3942.75,2568.75,0,Mph_IM
-3407.75,2571.75,0,Mph_IM
-3921.25,2578.25,0,Mph_IM
-3297.25,2579.25,0,Mph_IM
-3459.75,2602.75,0,Mph_IM
-3956.25,2589.25,0,Mph_IM
-3390.25,2584.75,0,Mph_IM
-3435.25,2590.75,0,Mph_IM
-3497.25,2604.75,0,Mph_IM
-3388.25,2603.75,0,Mph_IM
-3359.25,2596.25,0,Mph_IM
-3849.25,2599.25,0,Mph_IM
-3293.25,2602.25,0,Mph_IM
-3424.25,2601.75,0,Mph_IM
-3838.75,2617.75,0,Mph_IM
-3292.75,2624.25,0,Mph_IM
-3425.25,2624.75,0,Mph_IM
-3345.25,2621.25,0,Mph_IM
-3542.75,2631.25,0,Mph_IM
-3321.25,2637.25,0,Mph_IM
-3400.75,2644.25,0,Mph_IM
-3938.25,2638.25,0,Mph_IM
-3845.25,2641.75,0,Mph_IM
-3809.75,2635.75,0,Mph_IM
-3353.75,2644.75,0,Mph_IM
-3340.75,2654.75,0,Mph_IM
-3314.25,2658.25,0,Mph_IM
-3293.75,2650.25,0,Mph_IM
-3698.25,2651.25,0,Mph_IM
-4031.25,2659.25,0,Mph_IM
-3953.25,2656.25,0,Mph_IM
-3720.75,2655.25,0,Mph_IM
-3930.25,2660.75,0,Mph_IM
-3153.25,2297.75,0,Mph_IM
-3161.75,2323.75,0,Mph_IM
-3144.75,2339.75,0,Mph_IM
-3221.25,2336.25,0,Mph_IM
-3124.25,2358.25,0,Mph_IM
-3203.75,2384.75,0,Mph_IM
-3181.25,2392.75,0,Mph_IM
-3197.75,2410.75,0,Mph_IM
-3123.25,2411.75,0,Mph_IM
-3142.25,2412.25,0,Mph_IM
-3185.25,2430.25,0,Mph_IM
-3278.75,2428.75,0,Mph_IM
-3125.75,2429.25,0,Mph_IM
-3268.75,2472.25,0,Mph_IM
-3074.75,2484.25,0,Mph_IM
-3265.25,2492.75,0,Mph_IM
-3218.75,2508.25,0,Mph_IM
-3186.75,2510.75,0,Mph_IM
-3285.25,2529.75,0,Mph_IM
-3149.25,2518.25,0,Mph_IM
-3036.25,2535.75,0,Mph_IM
-3063.25,2530.75,0,Mph_IM
-3214.25,2537.25,0,Mph_IM
-3151.75,2550.25,0,Mph_IM
-3229.25,2542.25,0,Mph_IM
-3055.25,2547.75,0,Mph_IM
-3139.25,2560.25,0,Mph_IM
-3113.75,2565.25,0,Mph_IM
-3220.75,2569.75,0,Mph_IM
-3164.75,2577.75,0,Mph_IM
-3142.25,2584.75,0,Mph_IM
-3048.75,2600.75,0,Mph_IM
-3151.75,2602.75,0,Mph_IM
-3171.75,2607.25,0,Mph_IM
-3180.25,2627.25,0,Mph_IM
-3023.75,2626.25,0,Mph_IM
-3273.75,2633.75,0,Mph_IM
-3081.25,2637.25,0,Mph_IM
-3262.75,2651.25,0,Mph_IM
-3042.75,2650.25,0,Mph_IM
-5606.25,2674.75,0,Mph_IM
-5602.25,2705.75,0,Mph_IM
-5602.75,2723.75,0,Mph_IM
-5136.75,2754.25,0,Mph_IM
-5108.25,2757.25,0,Mph_IM
-4920.25,2758.75,0,Mph_IM
-5069.75,2758.25,0,Mph_IM
-5079.75,2784.75,0,Mph_IM
-4905.25,2794.75,0,Mph_IM
-4922.25,2834.25,0,Mph_IM
-5679.25,2854.25,0,Mph_IM
-4909.75,2868.75,0,Mph_IM
-5677.75,2876.75,0,Mph_IM
-4934.75,2884.75,0,Mph_IM
-4934.75,2902.25,0,Mph_IM
-4908.25,2910.75,0,Mph_IM
-5145.75,2913.25,0,Mph_IM
-4927.25,2925.75,0,Mph_IM
-4913.25,2957.25,0,Mph_IM
-4908.25,2991.25,0,Mph_IM
-5291.75,3035.25,0,Mph_IM
-5209.75,3035.25,0,Mph_IM
-5229.25,3049.75,0,Mph_IM
-5191.75,3042.75,0,Mph_IM
-5274.25,3055.25,0,Mph_IM
-5169.75,3051.25,0,Mph_IM
-5185.75,3057.25,0,Mph_IM
-5189.75,3073.75,0,Mph_IM
-5204.75,3086.75,0,Mph_IM
-5186.25,3104.25,0,Mph_IM
-5186.75,3126.75,0,Mph_IM
-5157.75,3143.25,0,Mph_IM
-5019.75,3148.25,0,Mph_IM
-5095.75,3170.25,0,Mph_IM
-5218.25,3170.25,0,Mph_IM
-5278.25,3181.25,0,Mph_IM
-5168.75,3186.75,0,Mph_IM
-5269.75,3209.75,0,Mph_IM
-5218.25,3199.25,0,Mph_IM
-4916.25,3225.75,0,Mph_IM
-4903.75,3246.25,0,Mph_IM
-5083.75,3249.25,0,Mph_IM
-5207.75,3252.75,0,Mph_IM
-4898.25,3268.25,0,Mph_IM
-5235.25,3274.25,0,Mph_IM
-5351.75,3275.25,0,Mph_IM
-4968.25,3281.25,0,Mph_IM
-5339.25,3288.75,0,Mph_IM
-5007.25,3291.75,0,Mph_IM
-5059.25,3292.75,0,Mph_IM
-5158.25,3295.75,0,Mph_IM
-5076.75,3299.25,0,Mph_IM
-4992.25,3289.75,0,Mph_IM
-5252.25,3300.75,0,Mph_IM
-4986.75,3305.25,0,Mph_IM
-5144.25,3310.25,0,Mph_IM
-5057.75,3311.75,0,Mph_IM
-5350.75,3308.75,0,Mph_IM
-5011.25,3308.25,0,Mph_IM
-5208.25,3314.25,0,Mph_IM
-5185.75,3322.75,0,Mph_IM
-4997.25,3327.25,0,Mph_IM
-4974.75,3331.75,0,Mph_IM
-5242.25,3324.25,0,Mph_IM
-5217.75,3335.25,0,Mph_IM
-5150.75,3335.25,0,Mph_IM
-5233.25,3341.25,0,Mph_IM
-5147.25,3353.25,0,Mph_IM
-5000.25,3354.75,0,Mph_IM
-5011.25,3373.75,0,Mph_IM
-5150.25,3369.75,0,Mph_IM
-5237.75,3374.25,0,Mph_IM
-5215.75,3383.25,0,Mph_IM
-5115.25,3371.75,0,Mph_IM
-5083.75,3398.25,0,Mph_IM
-4889.75,3404.25,0,Mph_IM
-4974.75,3398.25,0,Mph_IM
-5150.75,3395.75,0,Mph_IM
-4946.75,3402.75,0,Mph_IM
-5024.75,3400.75,0,Mph_IM
-5147.25,3411.75,0,Mph_IM
-4981.75,3418.25,0,Mph_IM
-5167.25,3428.25,0,Mph_IM
-4946.75,3427.75,0,Mph_IM
-4913.25,3428.25,0,Mph_IM
-4965.75,3436.75,0,Mph_IM
-4992.75,3437.75,0,Mph_IM
-5164.75,3451.75,0,Mph_IM
-5120.75,3445.75,0,Mph_IM
-5098.25,3457.75,0,Mph_IM
-4984.25,3459.75,0,Mph_IM
-5070.25,3454.25,0,Mph_IM
-4183.25,2666.25,0,Mph_IM
-4223.75,2670.25,0,Mph_IM
-4297.25,2672.25,0,Mph_IM
-4092.25,2666.25,0,Mph_IM
-4330.75,2691.75,0,Mph_IM
-4278.25,2701.25,0,Mph_IM
-4300.25,2696.25,0,Mph_IM
-4172.75,2701.25,0,Mph_IM
-4212.25,2714.75,0,Mph_IM
-4581.25,2717.75,0,Mph_IM
-4228.25,2715.75,0,Mph_IM
-4550.75,2717.25,0,Mph_IM
-4299.75,2729.75,0,Mph_IM
-4244.75,2714.25,0,Mph_IM
-4708.25,2721.75,0,Mph_IM
-4283.25,2727.75,0,Mph_IM
-4537.25,2732.25,0,Mph_IM
-4163.25,2737.25,0,Mph_IM
-4243.25,2738.75,0,Mph_IM
-4345.75,2747.75,0,Mph_IM
-4884.75,2763.25,0,Mph_IM
-4205.25,2761.75,0,Mph_IM
-4542.75,2765.25,0,Mph_IM
-4211.75,2780.75,0,Mph_IM
-4647.25,2768.75,0,Mph_IM
-4420.25,2787.25,0,Mph_IM
-4400.25,2792.75,0,Mph_IM
-4366.25,2802.25,0,Mph_IM
-4388.75,2820.75,0,Mph_IM
-4414.75,2820.75,0,Mph_IM
-4133.25,2832.75,0,Mph_IM
-4171.75,2837.75,0,Mph_IM
-4197.75,2830.25,0,Mph_IM
-4205.75,2844.25,0,Mph_IM
-4286.75,2860.25,0,Mph_IM
-4695.25,2864.75,0,Mph_IM
-4507.75,2870.75,0,Mph_IM
-4304.75,2869.75,0,Mph_IM
-4092.75,2892.25,0,Mph_IM
-4722.75,2895.25,0,Mph_IM
-4688.25,2902.25,0,Mph_IM
-4842.25,2902.75,0,Mph_IM
-4811.75,2908.25,0,Mph_IM
-4563.75,2896.75,0,Mph_IM
-4308.75,2901.25,0,Mph_IM
-4746.25,2922.75,0,Mph_IM
-4108.25,2915.75,0,Mph_IM
-4438.75,2955.25,0,Mph_IM
-4229.75,2964.75,0,Mph_IM
-4211.75,2977.25,0,Mph_IM
-4477.25,2978.75,0,Mph_IM
-4313.25,2984.25,0,Mph_IM
-4611.75,2978.75,0,Mph_IM
-4339.75,2975.75,0,Mph_IM
-4363.75,2980.25,0,Mph_IM
-4869.25,3020.25,0,Mph_IM
-4396.75,3051.25,0,Mph_IM
-4122.75,3063.75,0,Mph_IM
-4397.75,3079.25,0,Mph_IM
-4150.75,3079.25,0,Mph_IM
-4167.75,3097.25,0,Mph_IM
-4638.25,3109.25,0,Mph_IM
-4675.25,3104.25,0,Mph_IM
-4796.75,3104.25,0,Mph_IM
-4663.25,3133.75,0,Mph_IM
-4269.25,3117.75,0,Mph_IM
-4539.25,3144.75,0,Mph_IM
-4269.25,3156.25,0,Mph_IM
-4403.75,3143.25,0,Mph_IM
-4618.75,3166.25,0,Mph_IM
-4764.25,3190.25,0,Mph_IM
-4729.75,3196.25,0,Mph_IM
-4250.75,3210.75,0,Mph_IM
-4877.25,3255.75,0,Mph_IM
-4679.75,3258.75,0,Mph_IM
-4765.75,3269.25,0,Mph_IM
-4859.25,3280.25,0,Mph_IM
-4737.25,3275.75,0,Mph_IM
-4714.25,3277.25,0,Mph_IM
-4754.25,3290.75,0,Mph_IM
-4769.75,3290.75,0,Mph_IM
-4727.25,3307.75,0,Mph_IM
-3662.25,2666.25,0,Mph_IM
-3946.75,2672.25,0,Mph_IM
-4004.25,2670.25,0,Mph_IM
-3696.25,2676.25,0,Mph_IM
-3724.75,2677.25,0,Mph_IM
-3764.25,2675.75,0,Mph_IM
-3983.25,2677.75,0,Mph_IM
-4014.75,2689.25,0,Mph_IM
-3748.75,2688.75,0,Mph_IM
-3771.25,2689.25,0,Mph_IM
-3930.75,2692.25,0,Mph_IM
-3456.25,2702.25,0,Mph_IM
-3377.25,2706.75,0,Mph_IM
-3925.75,2715.25,0,Mph_IM
-3757.75,2717.25,0,Mph_IM
-3768.75,2711.75,0,Mph_IM
-4004.25,2717.25,0,Mph_IM
-3645.75,2716.25,0,Mph_IM
-3874.75,2732.25,0,Mph_IM
-3954.25,2736.75,0,Mph_IM
-3837.75,2725.75,0,Mph_IM
-3399.25,2722.75,0,Mph_IM
-3376.75,2739.25,0,Mph_IM
-3813.75,2732.75,0,Mph_IM
-3536.75,2729.25,0,Mph_IM
-3560.75,2747.75,0,Mph_IM
-3766.75,2748.25,0,Mph_IM
-3741.75,2754.25,0,Mph_IM
-3681.75,2759.75,0,Mph_IM
-3820.25,2764.75,0,Mph_IM
-3508.25,2760.25,0,Mph_IM
-3859.75,2764.75,0,Mph_IM
-3945.25,2769.75,0,Mph_IM
-3414.25,2773.25,0,Mph_IM
-3387.25,2772.75,0,Mph_IM
-3529.75,2775.25,0,Mph_IM
-3741.75,2777.75,0,Mph_IM
-3826.75,2783.25,0,Mph_IM
-3427.75,2788.25,0,Mph_IM
-3752.75,2782.75,0,Mph_IM
-3390.25,2800.25,0,Mph_IM
-3321.25,2799.75,0,Mph_IM
-3433.25,2810.75,0,Mph_IM
-3512.75,2809.25,0,Mph_IM
-3368.25,2817.25,0,Mph_IM
-4027.25,2815.75,0,Mph_IM
-4007.75,2812.75,0,Mph_IM
-3700.75,2819.75,0,Mph_IM
-3746.75,2819.25,0,Mph_IM
-3967.25,2820.75,0,Mph_IM
-3397.25,2822.75,0,Mph_IM
-3778.25,2836.25,0,Mph_IM
-3599.75,2844.75,0,Mph_IM
-3397.25,2845.75,0,Mph_IM
-3863.75,2851.75,0,Mph_IM
-3443.75,2867.75,0,Mph_IM
-4044.75,2874.25,0,Mph_IM
-3555.75,2872.25,0,Mph_IM
-3734.75,2871.25,0,Mph_IM
-3528.75,2875.75,0,Mph_IM
-3590.75,2883.75,0,Mph_IM
-3463.75,2890.75,0,Mph_IM
-3492.75,2900.75,0,Mph_IM
-3829.75,2904.25,0,Mph_IM
-3574.75,2913.75,0,Mph_IM
-4030.75,2915.75,0,Mph_IM
-4083.75,2927.25,0,Mph_IM
-4021.75,2953.25,0,Mph_IM
-3901.25,2942.75,0,Mph_IM
-3926.75,2960.25,0,Mph_IM
-3655.75,2957.25,0,Mph_IM
-3981.75,2973.75,0,Mph_IM
-3642.25,2970.75,0,Mph_IM
-3356.75,2975.25,0,Mph_IM
-3675.25,2980.25,0,Mph_IM
-3785.25,2978.25,0,Mph_IM
-3551.25,2978.25,0,Mph_IM
-3486.75,2974.25,0,Mph_IM
-3815.25,2984.75,0,Mph_IM
-3372.75,2987.25,0,Mph_IM
-3750.75,2984.25,0,Mph_IM
-3459.75,2981.75,0,Mph_IM
-3356.25,2987.75,0,Mph_IM
-3639.75,2995.75,0,Mph_IM
-3781.75,2993.25,0,Mph_IM
-3480.25,2997.25,0,Mph_IM
-3496.25,2993.75,0,Mph_IM
-3992.25,2998.75,0,Mph_IM
-3572.75,2998.75,0,Mph_IM
-3458.75,2998.25,0,Mph_IM
-3388.25,3008.75,0,Mph_IM
-3728.75,3009.25,0,Mph_IM
-4035.75,3017.75,0,Mph_IM
-3860.25,3008.75,0,Mph_IM
-3796.75,3016.25,0,Mph_IM
-3444.75,3022.25,0,Mph_IM
-3469.25,3025.25,0,Mph_IM
-3988.75,3021.25,0,Mph_IM
-3824.25,3021.25,0,Mph_IM
-3440.75,3036.25,0,Mph_IM
-3877.25,3039.75,0,Mph_IM
-3939.75,3050.25,0,Mph_IM
-3728.75,3052.25,0,Mph_IM
-3446.75,3052.75,0,Mph_IM
-3816.75,3052.25,0,Mph_IM
-3468.25,3054.75,0,Mph_IM
-3903.25,3057.75,0,Mph_IM
-3565.25,3065.75,0,Mph_IM
-3609.75,3066.75,0,Mph_IM
-3876.25,3077.25,0,Mph_IM
-3672.75,3070.25,0,Mph_IM
-3633.75,3068.25,0,Mph_IM
-3528.75,3077.75,0,Mph_IM
-3963.75,3085.75,0,Mph_IM
-3559.25,3085.75,0,Mph_IM
-3620.25,3112.25,0,Mph_IM
-3861.75,3118.25,0,Mph_IM
-3637.25,3118.75,0,Mph_IM
-3884.75,3143.75,0,Mph_IM
-3791.75,3138.25,0,Mph_IM
-3980.25,3145.75,0,Mph_IM
-3841.25,3152.75,0,Mph_IM
-3994.75,3154.75,0,Mph_IM
-3927.25,3161.75,0,Mph_IM
-3888.25,3168.25,0,Mph_IM
-3866.75,3169.25,0,Mph_IM
-3842.25,3168.75,0,Mph_IM
-3933.25,3180.25,0,Mph_IM
-4039.25,3241.75,0,Mph_IM
-4007.75,3250.75,0,Mph_IM
-3074.75,2665.75,0,Mph_IM
-3277.25,2666.25,0,Mph_IM
-3049.25,2673.25,0,Mph_IM
-3146.75,2673.25,0,Mph_IM
-3161.75,2671.25,0,Mph_IM
-3098.25,2684.25,0,Mph_IM
-3027.25,2679.25,0,Mph_IM
-3062.25,2702.75,0,Mph_IM
-3210.25,2705.25,0,Mph_IM
-3095.25,2704.75,0,Mph_IM
-3163.25,2720.75,0,Mph_IM
-3175.75,2732.25,0,Mph_IM
-3209.25,2747.75,0,Mph_IM
-3080.25,2757.25,0,Mph_IM
-3109.25,2836.75,0,Mph_IM
-3134.25,2838.25,0,Mph_IM
-3217.25,2838.25,0,Mph_IM
-3149.75,2842.25,0,Mph_IM
-3201.75,2854.75,0,Mph_IM
-3103.25,2857.75,0,Mph_IM
-3272.75,2853.25,0,Mph_IM
-3137.25,2874.75,0,Mph_IM
-3257.25,2906.25,0,Mph_IM
-3234.25,2918.25,0,Mph_IM
-3266.75,2926.25,0,Mph_IM
-3261.75,2932.75,0,Mph_IM
-3282.75,2940.75,0,Mph_IM
-5115.75,3464.75,0,Mph_IM
-5137.75,3472.25,0,Mph_IM
-5078.75,3472.75,0,Mph_IM
-5107.25,3475.75,0,Mph_IM
-5091.75,3491.75,0,Mph_IM
-4987.25,3497.75,0,Mph_IM
-5181.75,3497.25,0,Mph_IM
-5114.75,3511.75,0,Mph_IM
-5039.75,3507.25,0,Mph_IM
-5075.75,3517.25,0,Mph_IM
-5107.25,3537.75,0,Mph_IM
-5029.75,3538.25,0,Mph_IM
-5015.25,3537.75,0,Mph_IM
-4983.75,3538.75,0,Mph_IM
-5002.25,3553.25,0,Mph_IM
-5016.75,3553.75,0,Mph_IM
-4990.75,3564.75,0,Mph_IM
-5005.75,3574.25,0,Mph_IM
-4986.75,3580.25,0,Mph_IM
-4973.25,3579.75,0,Mph_IM
-4993.25,3585.75,0,Mph_IM
-4996.75,3596.25,0,Mph_IM
-5008.75,3593.25,0,Mph_IM
-4965.75,3596.75,0,Mph_IM
-4985.75,3605.75,0,Mph_IM
-5005.25,3608.75,0,Mph_IM
-4976.75,3630.25,0,Mph_IM
-5021.75,3627.75,0,Mph_IM
-4952.25,3630.25,0,Mph_IM
-4996.75,3636.25,0,Mph_IM
-4950.25,3653.25,0,Mph_IM
-4995.75,3681.25,0,Mph_IM
-4773.75,3584.75,0,Mph_IM
