x,y,z,type
-1078.5,-3615.75,0,Tcell
140,-3757.75,0,Tcell
-374.5,-3655.25,0,Tcell
936.5,-4240.25,0,Tcell
861,-4157.75,0,Tcell
725.5,-3994.25,0,Tcell
359,-3847.25,0,Tcell
937.5,-3821.75,0,Tcell
700.5,-3766.25,0,Tcell
219,-3752.25,0,Tcell
689,-3664.75,0,Tcell
908.5,-3628.25,0,Tcell
1037.5,-3745.25,0,Tcell
1041.5,-3725.25,0,Tcell
1196,-3629.25,0,Tcell
-1149,-3445.75,0,Tcell
-1136.5,-3130.25,0,Tcell
-1259.5,-3001.75,0,Tcell
-1860.5,-3304.25,0,Tcell
-1632.5,-3298.75,0,Tcell
-1489.5,-3142.75,0,Tcell
-1521.5,-3125.75,0,Tcell
-1819,-2988.75,0,Tcell
-1833.5,-2968.25,0,Tcell
-1745,-2792.25,0,Tcell
-547,-3470.25,0,Tcell
-347,-3418.75,0,Tcell
-395.5,-3378.75,0,Tcell
146.5,-3062.75,0,Tcell
25,-2892.25,0,Tcell
2,-2888.75,0,Tcell
-307,-2764.75,0,Tcell
-759.5,-2659.75,0,Tcell
-894.5,-2573.75,0,Tcell
-1195,-2290.25,0,Tcell
-802.5,-2287.75,0,Tcell
-677.5,-2275.25,0,Tcell
-797,-2267.25,0,Tcell
-1380.5,-2241.75,0,Tcell
-846,-2108.75,0,Tcell
-793,-2074.75,0,Tcell
-852.5,-2062.75,0,Tcell
-802,-1997.25,0,Tcell
-766,-1998.25,0,Tcell
-667,-1994.75,0,Tcell
-716.5,-1982.75,0,Tcell
-826,-1965.25,0,Tcell
-1035.5,-1904.75,0,Tcell
-1224.5,-1815.25,0,Tcell
-1269,-1805.75,0,Tcell
-1236.5,-1764.75,0,Tcell
-1303,-1757.75,0,Tcell
-1221.5,-1702.25,0,Tcell
-1255,-1657.75,0,Tcell
-1047,-1621.25,0,Tcell
-1009,-1602.25,0,Tcell
-1386,-1557.25,0,Tcell
-904.5,-1503.25,0,Tcell
-917,-1495.25,0,Tcell
-769,-1474.75,0,Tcell
-1017.5,-1440.75,0,Tcell
-814,-1324.75,0,Tcell
-1389.5,-1285.25,0,Tcell
-1298.5,-1278.75,0,Tcell
-1343.5,-1242.75,0,Tcell
-841.5,-1223.25,0,Tcell
-1390.5,-1220.25,0,Tcell
-818.5,-1208.25,0,Tcell
-1351,-1188.75,0,Tcell
-816.5,-1175.25,0,Tcell
1033.5,-3450.25,0,Tcell
1220.5,-3171.25,0,Tcell
1218.5,-3124.75,0,Tcell
1429.5,-2969.25,0,Tcell
-332.5,-2327.25,0,Tcell
-229.5,-2176.75,0,Tcell
-23.5,-2138.75,0,Tcell
128,-2132.75,0,Tcell
-567,-2114.75,0,Tcell
98,-2089.75,0,Tcell
98,-2067.75,0,Tcell
101.5,-2035.75,0,Tcell
1579.5,-1591.25,0,Tcell
1167.5,-1566.75,0,Tcell
1125.5,-1385.75,0,Tcell
1070.5,-1343.25,0,Tcell
977.5,-1846.25,0,Tcell
947.5,-1545.25,0,Tcell
523.5,-3421.25,0,Tcell
602,-2969.25,0,Tcell
385.5,-2851.75,0,Tcell
414.5,-2847.25,0,Tcell
258,-2843.25,0,Tcell
520,-2835.25,0,Tcell
510.5,-2807.75,0,Tcell
485,-2803.25,0,Tcell
499,-2772.75,0,Tcell
-303.5,-1623.75,0,Tcell
-26.5,-1520.75,0,Tcell
-44,-1468.25,0,Tcell
-353,-1362.25,0,Tcell
61,-1360.25,0,Tcell
121,-1337.25,0,Tcell
-421,-1226.75,0,Tcell
-434.5,-1181.25,0,Tcell
1447,-2470.25,0,Tcell
1038.5,-2037.75,0,Tcell
-1670.5,-1923.75,0,Tcell
-1493,-1907.25,0,Tcell
-1447.5,-1855.75,0,Tcell
-1699.5,-1852.25,0,Tcell
-1673,-1833.75,0,Tcell
-1656.5,-1502.25,0,Tcell
-1841.5,-1500.25,0,Tcell
-1689,-1471.75,0,Tcell
-1585.5,-1452.75,0,Tcell
-1693.5,-1357.25,0,Tcell
-1423.5,-1348.25,0,Tcell
-1962,-1341.75,0,Tcell
-2036.5,-1293.75,0,Tcell
-1847,-1152.25,0,Tcell
-1592,-2650.25,0,Tcell
-2004.5,-2580.25,0,Tcell
-1965,-2441.25,0,Tcell
-1948,-2431.75,0,Tcell
-2087,-2313.25,0,Tcell
-2119,-2297.25,0,Tcell
-1400.5,-2299.25,0,Tcell
500.5,-2725.25,0,Tcell
984.5,-2676.75,0,Tcell
435.5,-2619.75,0,Tcell
728.5,-2486.75,0,Tcell
206,-2486.25,0,Tcell
902.5,-2474.75,0,Tcell
752,-2331.75,0,Tcell
269,-2308.75,0,Tcell
835,-2246.75,0,Tcell
387,-2138.25,0,Tcell
365.5,-2136.75,0,Tcell
792.5,-2045.25,0,Tcell
-1985.5,-1075.25,0,Tcell
-2044.5,-1063.25,0,Tcell
-1658,-1028.75,0,Tcell
-1755.5,-899.25,0,Tcell
-1604,-896.75,0,Tcell
-1698,-836.25,0,Tcell
-1727,-835.75,0,Tcell
-1938.5,-672.75,0,Tcell
-1399.5,-662.25,0,Tcell
-1105.5,-1070.25,0,Tcell
-958,-1029.75,0,Tcell
-877.5,-969.75,0,Tcell
-851,-914.25,0,Tcell
-1367,-912.75,0,Tcell
-886.5,-840.75,0,Tcell
-862.5,-804.75,0,Tcell
-788.5,-804.75,0,Tcell
-864,-705.75,0,Tcell
-1260,-658.75,0,Tcell
-1387.5,-618.75,0,Tcell
-1386,-592.75,0,Tcell
-1210.5,-398.75,0,Tcell
-1349.5,-380.75,0,Tcell
-1392.5,-374.25,0,Tcell
-354.5,-1150.75,0,Tcell
-369,-1115.75,0,Tcell
-205,-1110.75,0,Tcell
-135.5,-933.25,0,Tcell
-26.5,-837.75,0,Tcell
-165.5,-783.75,0,Tcell
-162,-753.75,0,Tcell
191.5,-528.75,0,Tcell
-442,-391.75,0,Tcell
-428,-369.25,0,Tcell
481.5,-769.75,0,Tcell
270,-583.75,0,Tcell
545.5,-372.75,0,Tcell
550.5,-362.25,0,Tcell
1379,-995.75,0,Tcell
1104,-723.75,0,Tcell
1071.5,-627.75,0,Tcell
1241.5,-608.25,0,Tcell
1336,-469.75,0,Tcell
1112,-421.25,0,Tcell
-1580,-5.75,0,Tcell
-1605,107.25,0,Tcell
-1610.5,225.75,0,Tcell
-804,-276.75,0,Tcell
-1121,-205.25,0,Tcell
-726.5,-198.25,0,Tcell
-1017,-144.75,0,Tcell
-1008.5,-85.75,0,Tcell
-949,-65.75,0,Tcell
-599.5,-66.75,0,Tcell
-695,-32.25,0,Tcell
-741.5,-25.25,0,Tcell
-1011.5,19.75,0,Tcell
-841,45.25,0,Tcell
-1204.5,111.75,0,Tcell
-1117,388.25,0,Tcell
-1091.5,404.25,0,Tcell
63.5,-350.25,0,Tcell
-65,-317.75,0,Tcell
-549.5,-319.75,0,Tcell
58,-266.25,0,Tcell
88,-257.75,0,Tcell
-464.5,-84.75,0,Tcell
-82.5,-31.75,0,Tcell
200.5,-16.75,0,Tcell
-563.5,101.25,0,Tcell
51.5,120.25,0,Tcell
-130,230.25,0,Tcell
453.5,-183.75,0,Tcell
509,-73.25,0,Tcell
402,78.75,0,Tcell
1440,-291.75,0,Tcell
1373,-218.75,0,Tcell
1446,-186.75,0,Tcell
1336,-157.75,0,Tcell
1137,-26.25,0,Tcell
1374.5,407.25,0,Tcell
1363,411.25,0,Tcell
1368.5,427.25,0,Tcell
1506,430.25,0,Tcell
-781,483.25,0,Tcell
-1012,711.25,0,Tcell
-702,864.25,0,Tcell
-975,903.75,0,Tcell
-891,945.75,0,Tcell
-655,1129.25,0,Tcell
-759,1135.75,0,Tcell
-540.5,509.75,0,Tcell
80.5,543.25,0,Tcell
-555.5,776.75,0,Tcell
-451,1075.25,0,Tcell
-120.5,1199.75,0,Tcell
602.5,513.75,0,Tcell
329,575.25,0,Tcell
847.5,906.75,0,Tcell
798.5,1006.75,0,Tcell
797.5,1085.25,0,Tcell
1550.5,474.25,0,Tcell
1228.5,487.25,0,Tcell
1371,554.25,0,Tcell
1472,557.75,0,Tcell
1290.5,569.75,0,Tcell
1271,608.25,0,Tcell
1523,707.25,0,Tcell
1165.5,1060.25,0,Tcell
1156,1085.25,0,Tcell
1108.5,1228.75,0,Tcell
-939,1473.75,0,Tcell
-1007.5,1658.25,0,Tcell
-706,1682.25,0,Tcell
-53,1475.25,0,Tcell
428,1260.25,0,Tcell
744.5,1342.75,0,Tcell
721,1359.25,0,Tcell
207,1452.75,0,Tcell
623,1586.25,0,Tcell
373.5,1793.25,0,Tcell
1702,1424.75,0,Tcell
1048.5,1630.25,0,Tcell
1007,1630.25,0,Tcell
1706,1724.25,0,Tcell
1629.5,1723.25,0,Tcell
1391.5,1795.25,0,Tcell
1503.5,1835.75,0,Tcell
1386.5,1859.75,0,Tcell
1192,1987.25,0,Tcell
1392.5,2010.75,0,Tcell
1391.5,2042.25,0,Tcell
-135,2283.25,0,Tcell
-575,2330.25,0,Tcell
-399,2333.25,0,Tcell
-570.5,2357.25,0,Tcell
-373,2371.75,0,Tcell
-490.5,2377.75,0,Tcell
-399,2402.75,0,Tcell
197,2463.75,0,Tcell
-508,2464.25,0,Tcell
155,2468.25,0,Tcell
181.5,2543.25,0,Tcell
-593.5,2596.25,0,Tcell
-474,2645.75,0,Tcell
-569,2694.25,0,Tcell
-405.5,2763.25,0,Tcell
-415.5,2779.25,0,Tcell
-5,2834.75,0,Tcell
527,2092.75,0,Tcell
235.5,2102.25,0,Tcell
511.5,2117.75,0,Tcell
748,2627.25,0,Tcell
764,2695.75,0,Tcell
1345.5,2097.25,0,Tcell
1191,2180.25,0,Tcell
1776,2383.75,0,Tcell
1788.5,2778.75,0,Tcell
1821.5,2554.75,0,Tcell
1810,2578.25,0,Tcell
35.5,3048.25,0,Tcell
-342,3114.75,0,Tcell
133.5,3137.75,0,Tcell
-267,3143.25,0,Tcell
-365,3220.75,0,Tcell
-300.5,3240.25,0,Tcell
1.5,3413.25,0,Tcell
-212.5,3556.75,0,Tcell
568,3035.75,0,Tcell
972.5,3204.25,0,Tcell
1524.5,2882.75,0,Tcell
1498,3097.25,0,Tcell
1564,3109.25,0,Tcell
1021,3206.75,0,Tcell
1331,3309.25,0,Tcell
1431,3386.75,0,Tcell
1314.5,3415.75,0,Tcell
1860.5,2849.75,0,Tcell
1890,2863.25,0,Tcell
1288.5,3667.25,0,Tcell
1136,3899.75,0,Tcell
-1527.5,-3718.25,0,Tcell
-1648.5,-3643.75,0,Tcell
-1677,-3614.25,0,Tcell
-1666.5,-3600.25,0,Tcell
-1440,-3603.25,0,Tcell
-1701.5,-3588.25,0,Tcell
-1588.5,-3585.25,0,Tcell
-1531,-3576.75,0,Tcell
-1950.5,-3565.75,0,Tcell
-736.5,-3951.75,0,Tcell
-844.5,-3932.25,0,Tcell
-907,-3923.75,0,Tcell
-911.5,-3915.25,0,Tcell
-786,-3905.25,0,Tcell
-1001,-3884.75,0,Tcell
-1036.5,-3861.75,0,Tcell
-902,-3850.25,0,Tcell
-886.5,-3841.75,0,Tcell
-1094.5,-3844.25,0,Tcell
-1067.5,-3832.75,0,Tcell
-862,-3824.75,0,Tcell
-984,-3825.75,0,Tcell
-1094.5,-3816.25,0,Tcell
-978.5,-3809.25,0,Tcell
-814,-3799.25,0,Tcell
-1093,-3794.75,0,Tcell
-1092.5,-3776.25,0,Tcell
-1047.5,-3766.75,0,Tcell
-1022,-3738.75,0,Tcell
-1015,-3722.75,0,Tcell
-1033.5,-3716.75,0,Tcell
-1046.5,-3706.25,0,Tcell
-1059,-3701.25,0,Tcell
-944.5,-3698.25,0,Tcell
-955,-3681.25,0,Tcell
-1049,-3678.75,0,Tcell
-814,-3658.75,0,Tcell
-1390,-3653.25,0,Tcell
-718.5,-3648.25,0,Tcell
-1178.5,-3635.25,0,Tcell
-1008.5,-3630.75,0,Tcell
-712,-3623.25,0,Tcell
-1286.5,-3611.25,0,Tcell
-600.5,-3609.25,0,Tcell
-1337.5,-3589.75,0,Tcell
-889.5,-3566.75,0,Tcell
-1033.5,-3557.25,0,Tcell
-280.5,-3892.75,0,Tcell
-362,-3873.25,0,Tcell
-71.5,-3852.25,0,Tcell
-333,-3839.75,0,Tcell
-316,-3842.25,0,Tcell
-300.5,-3810.75,0,Tcell
-201.5,-3809.75,0,Tcell
-71,-3777.75,0,Tcell
-318.5,-3764.25,0,Tcell
-447,-3760.25,0,Tcell
-168.5,-3757.75,0,Tcell
-182.5,-3743.75,0,Tcell
-120.5,-3748.75,0,Tcell
-336.5,-3747.25,0,Tcell
-308.5,-3741.75,0,Tcell
-288.5,-3732.25,0,Tcell
79.5,-3717.25,0,Tcell
-298.5,-3721.25,0,Tcell
-132,-3711.75,0,Tcell
83.5,-3694.75,0,Tcell
103,-3688.75,0,Tcell
-253,-3685.75,0,Tcell
-287.5,-3672.75,0,Tcell
115.5,-3678.75,0,Tcell
88.5,-3676.75,0,Tcell
-580.5,-3669.25,0,Tcell
157.5,-3665.25,0,Tcell
63,-3661.75,0,Tcell
103,-3659.75,0,Tcell
191,-3652.25,0,Tcell
121.5,-3652.25,0,Tcell
-66,-3644.75,0,Tcell
-224.5,-3640.25,0,Tcell
-121,-3634.25,0,Tcell
-141.5,-3629.75,0,Tcell
-51,-3632.25,0,Tcell
-277,-3623.25,0,Tcell
-297.5,-3618.25,0,Tcell
-132.5,-3616.25,0,Tcell
186.5,-3607.75,0,Tcell
13.5,-3611.75,0,Tcell
-153,-3612.25,0,Tcell
-134.5,-3597.25,0,Tcell
121.5,-3599.75,0,Tcell
-211,-3598.25,0,Tcell
-223.5,-3590.25,0,Tcell
-189.5,-3582.75,0,Tcell
-228.5,-3575.75,0,Tcell
-69.5,-3573.25,0,Tcell
-85.5,-3558.25,0,Tcell
-108,-3553.25,0,Tcell
-8.5,-3555.75,0,Tcell
639,-4098.75,0,Tcell
894,-4068.25,0,Tcell
737,-3872.75,0,Tcell
216,-3733.25,0,Tcell
731,-3728.25,0,Tcell
271.5,-3705.25,0,Tcell
227.5,-3681.25,0,Tcell
390.5,-3665.75,0,Tcell
373,-3658.75,0,Tcell
246,-3654.75,0,Tcell
294.5,-3639.25,0,Tcell
427.5,-3640.25,0,Tcell
687.5,-3630.25,0,Tcell
436.5,-3628.25,0,Tcell
321.5,-3562.75,0,Tcell
242,-3559.75,0,Tcell
340,-3556.75,0,Tcell
878.5,-3554.25,0,Tcell
1117,-4142.25,0,Tcell
1005.5,-4091.25,0,Tcell
1019,-4075.75,0,Tcell
1164,-4026.75,0,Tcell
1179.5,-4013.75,0,Tcell
1038.5,-3902.25,0,Tcell
-913.5,-3545.75,0,Tcell
-1000.5,-3544.75,0,Tcell
-1040.5,-3539.75,0,Tcell
-897.5,-3545.25,0,Tcell
-883,-3536.75,0,Tcell
-948,-3526.75,0,Tcell
-1009,-3522.75,0,Tcell
-1235.5,-3517.25,0,Tcell
-796.5,-3516.75,0,Tcell
-1154,-3515.25,0,Tcell
-1332.5,-3512.75,0,Tcell
-1024.5,-3513.25,0,Tcell
-1371.5,-3500.25,0,Tcell
-760,-3502.25,0,Tcell
-1338,-3496.25,0,Tcell
-1163,-3491.25,0,Tcell
-1193.5,-3485.25,0,Tcell
-1238.5,-3485.25,0,Tcell
-951.5,-3475.25,0,Tcell
-1365,-3479.75,0,Tcell
-1343.5,-3478.75,0,Tcell
-839.5,-3471.75,0,Tcell
-845,-3457.75,0,Tcell
-814,-3449.75,0,Tcell
-651,-3444.25,0,Tcell
-880.5,-3445.25,0,Tcell
-1303,-3427.75,0,Tcell
-953.5,-3423.25,0,Tcell
-880,-3426.75,0,Tcell
-865.5,-3425.25,0,Tcell
-737,-3415.75,0,Tcell
-854.5,-3408.75,0,Tcell
-681,-3399.75,0,Tcell
-984.5,-3391.75,0,Tcell
-1215,-3386.75,0,Tcell
-795.5,-3383.75,0,Tcell
-898,-3372.75,0,Tcell
-1262.5,-3372.75,0,Tcell
-1200.5,-3372.25,0,Tcell
-862.5,-3371.25,0,Tcell
-1290,-3369.75,0,Tcell
-1036.5,-3365.25,0,Tcell
-984,-3368.75,0,Tcell
-1279.5,-3358.25,0,Tcell
-1304.5,-3360.75,0,Tcell
-666,-3356.25,0,Tcell
-1231,-3351.25,0,Tcell
-890.5,-3343.25,0,Tcell
-858.5,-3334.25,0,Tcell
-1285.5,-3335.25,0,Tcell
-1239.5,-3333.75,0,Tcell
-804,-3318.25,0,Tcell
-1383.5,-3310.25,0,Tcell
-1252,-3309.25,0,Tcell
-856.5,-3300.75,0,Tcell
-1274,-3297.25,0,Tcell
-1245,-3291.25,0,Tcell
-749.5,-3287.25,0,Tcell
-1291,-3288.75,0,Tcell
-1303.5,-3272.75,0,Tcell
-1282.5,-3269.25,0,Tcell
-1027.5,-3249.75,0,Tcell
-1053.5,-3243.25,0,Tcell
-598.5,-3239.25,0,Tcell
-1234.5,-3241.25,0,Tcell
-1067,-3233.75,0,Tcell
-1238,-3219.25,0,Tcell
-1257,-3216.25,0,Tcell
-1057,-3217.75,0,Tcell
-910.5,-3206.25,0,Tcell
-826.5,-3200.75,0,Tcell
-1302.5,-3180.75,0,Tcell
-1286,-3169.25,0,Tcell
-1286,-3142.25,0,Tcell
-1304.5,-3131.25,0,Tcell
-1103,-3131.25,0,Tcell
-1332,-3120.75,0,Tcell
-1319.5,-3128.25,0,Tcell
-1169,-3120.75,0,Tcell
-1123.5,-3109.75,0,Tcell
-933.5,-3091.75,0,Tcell
-1144.5,-3081.25,0,Tcell
-1155.5,-3067.25,0,Tcell
-1173,-3065.25,0,Tcell
-1190,-3050.25,0,Tcell
-695,-3044.25,0,Tcell
-987.5,-3040.25,0,Tcell
-1165,-3041.75,0,Tcell
-1229,-3032.25,0,Tcell
-984.5,-3026.75,0,Tcell
-745,-3018.25,0,Tcell
-893,-3013.75,0,Tcell
-916,-3015.75,0,Tcell
-1157.5,-3007.25,0,Tcell
-1018.5,-3003.25,0,Tcell
-1039,-3001.75,0,Tcell
-1191.5,-2989.75,0,Tcell
-1022.5,-2981.25,0,Tcell
-1043.5,-2975.25,0,Tcell
-1219,-2981.75,0,Tcell
-1007,-2976.25,0,Tcell
-666,-2963.75,0,Tcell
-1219,-2962.25,0,Tcell
-1149.5,-2960.75,0,Tcell
-1035.5,-2957.75,0,Tcell
-953.5,-2955.25,0,Tcell
-1375.5,-2948.25,0,Tcell
-1047,-2943.75,0,Tcell
-1108,-2945.25,0,Tcell
-1000.5,-2945.75,0,Tcell
-930,-2943.75,0,Tcell
-1073,-2944.25,0,Tcell
-689,-2938.75,0,Tcell
-1008.5,-2939.75,0,Tcell
-992,-2926.25,0,Tcell
-1025,-2924.75,0,Tcell
-1215.5,-2922.25,0,Tcell
-1092,-2937.25,0,Tcell
-1149,-2931.75,0,Tcell
-877,-2927.25,0,Tcell
-1072,-2922.75,0,Tcell
-1101.5,-2924.75,0,Tcell
-1041.5,-2912.75,0,Tcell
-939.5,-2903.25,0,Tcell
-1009,-2909.25,0,Tcell
-1207.5,-2902.25,0,Tcell
-960.5,-2903.75,0,Tcell
-695.5,-2898.25,0,Tcell
-1005,-2893.75,0,Tcell
-1043.5,-2888.25,0,Tcell
-1024,-2889.75,0,Tcell
-968.5,-2891.25,0,Tcell
-1064,-2885.75,0,Tcell
-1104.5,-2876.25,0,Tcell
-1050.5,-2874.25,0,Tcell
-695.5,-2865.75,0,Tcell
-678,-2870.25,0,Tcell
-1026,-2871.75,0,Tcell
-1074,-2872.75,0,Tcell
-1031,-2859.25,0,Tcell
-1096,-2857.75,0,Tcell
-1077,-2857.75,0,Tcell
-713,-2856.75,0,Tcell
-964.5,-2845.75,0,Tcell
-1087,-2843.75,0,Tcell
-1150.5,-2843.75,0,Tcell
-706,-2840.75,0,Tcell
-923,-2838.25,0,Tcell
-1186.5,-2830.75,0,Tcell
-1122.5,-2824.25,0,Tcell
-643,-2825.75,0,Tcell
-597,-2826.75,0,Tcell
-1215.5,-2824.25,0,Tcell
-667,-2825.75,0,Tcell
-1146.5,-2826.25,0,Tcell
-1022.5,-2823.25,0,Tcell
-1349.5,-2819.25,0,Tcell
-712,-2813.75,0,Tcell
-1163,-2818.25,0,Tcell
-676,-2817.75,0,Tcell
-656,-2812.75,0,Tcell
-974,-2809.25,0,Tcell
-729,-2810.75,0,Tcell
-1138,-2806.75,0,Tcell
-949,-2791.75,0,Tcell
-747.5,-2802.75,0,Tcell
-673,-2803.75,0,Tcell
-655,-2794.25,0,Tcell
-623,-2794.75,0,Tcell
-682,-2791.75,0,Tcell
-699.5,-2792.75,0,Tcell
-728,-2786.25,0,Tcell
-712,-2787.25,0,Tcell
-666.5,-2780.25,0,Tcell
-906.5,-2782.25,0,Tcell
-1296.5,-2778.75,0,Tcell
-606.5,-2777.75,0,Tcell
-1006,-2768.25,0,Tcell
-1084,-2769.25,0,Tcell
-1021,-2757.75,0,Tcell
-901,-2756.75,0,Tcell
-655.5,-2752.25,0,Tcell
-1484.5,-3510.75,0,Tcell
-1754,-3498.25,0,Tcell
-1737.5,-3496.75,0,Tcell
-1980.5,-3491.25,0,Tcell
-2072.5,-3491.25,0,Tcell
-1968.5,-3484.75,0,Tcell
-1556,-3454.75,0,Tcell
-1597.5,-3453.75,0,Tcell
-1927,-3454.25,0,Tcell
-1959,-3446.25,0,Tcell
-1401,-3433.75,0,Tcell
-1457,-3423.75,0,Tcell
-1416,-3418.75,0,Tcell
-1904,-3410.25,0,Tcell
-2060,-3397.75,0,Tcell
-1491.5,-3390.75,0,Tcell
-1519.5,-3391.25,0,Tcell
-1948,-3378.75,0,Tcell
-2111.5,-3377.75,0,Tcell
-2003,-3368.25,0,Tcell
-2093,-3361.25,0,Tcell
-1982.5,-3366.25,0,Tcell
-2039,-3353.25,0,Tcell
-1701,-3345.75,0,Tcell
-2022,-3341.75,0,Tcell
-2109.5,-3313.75,0,Tcell
-1460.5,-3311.25,0,Tcell
-1715,-3270.25,0,Tcell
-1751.5,-3245.25,0,Tcell
-1718.5,-3243.25,0,Tcell
-1748,-3217.75,0,Tcell
-1837,-3207.75,0,Tcell
-1870,-3195.25,0,Tcell
-1898,-3187.75,0,Tcell
-1684,-3181.25,0,Tcell
-2069.5,-3175.25,0,Tcell
-1452.5,-3179.75,0,Tcell
-1877.5,-3176.25,0,Tcell
-2048,-3171.25,0,Tcell
-1931.5,-3163.25,0,Tcell
-1451,-3161.75,0,Tcell
-2104,-3163.75,0,Tcell
-1871.5,-3160.75,0,Tcell
-2088.5,-3159.25,0,Tcell
-1991.5,-3156.25,0,Tcell
-2063,-3153.75,0,Tcell
-1671.5,-3146.25,0,Tcell
-2128.5,-3150.25,0,Tcell
-1977.5,-3148.75,0,Tcell
-2107.5,-3145.75,0,Tcell
-1876.5,-3143.25,0,Tcell
-1939.5,-3144.75,0,Tcell
-1959.5,-3140.25,0,Tcell
-2087,-3140.25,0,Tcell
-2055.5,-3137.25,0,Tcell
-2133,-3136.25,0,Tcell
-1916.5,-3136.25,0,Tcell
-1642.5,-3133.75,0,Tcell
-1985.5,-3131.25,0,Tcell
-1946,-3130.75,0,Tcell
-1857,-3127.25,0,Tcell
-2072.5,-3124.75,0,Tcell
-2044,-3124.25,0,Tcell
-1913,-3114.75,0,Tcell
-2035.5,-3117.25,0,Tcell
-2013.5,-3117.25,0,Tcell
-2058,-3112.25,0,Tcell
-1998,-3102.75,0,Tcell
-1953,-3088.25,0,Tcell
-1890.5,-3086.75,0,Tcell
-1951.5,-3066.25,0,Tcell
-2142.5,-3056.25,0,Tcell
-1950,-3052.25,0,Tcell
-2131,-3048.25,0,Tcell
-1873.5,-3041.75,0,Tcell
-1896,-3044.75,0,Tcell
-1862.5,-3033.25,0,Tcell
-1918,-3030.75,0,Tcell
-1899,-3029.25,0,Tcell
-1876,-3015.75,0,Tcell
-1986.5,-3010.75,0,Tcell
-1899,-3012.25,0,Tcell
-1893.5,-2994.75,0,Tcell
-1672.5,-2960.75,0,Tcell
-2004.5,-2918.75,0,Tcell
-1937,-2876.75,0,Tcell
-1931.5,-2866.25,0,Tcell
-1899.5,-2850.25,0,Tcell
-2027.5,-2809.25,0,Tcell
5,-3550.25,0,Tcell
-244,-3533.75,0,Tcell
-179,-3535.25,0,Tcell
-437.5,-3516.25,0,Tcell
190.5,-3501.75,0,Tcell
88,-3489.25,0,Tcell
-8.5,-3487.75,0,Tcell
-517.5,-3477.75,0,Tcell
-39.5,-3475.75,0,Tcell
7.5,-3477.25,0,Tcell
-216.5,-3478.25,0,Tcell
-238.5,-3477.75,0,Tcell
-271,-3446.75,0,Tcell
-155.5,-3399.25,0,Tcell
-134,-3399.75,0,Tcell
-461.5,-3379.75,0,Tcell
-477,-3358.75,0,Tcell
-414.5,-3341.75,0,Tcell
-496.5,-3319.75,0,Tcell
57,-3313.25,0,Tcell
-478.5,-3278.75,0,Tcell
-200.5,-3183.75,0,Tcell
-216,-3138.75,0,Tcell
-127.5,-3114.25,0,Tcell
-101,-3109.75,0,Tcell
-127,-3086.75,0,Tcell
-350,-3031.25,0,Tcell
-348,-2996.25,0,Tcell
-67,-2992.25,0,Tcell
-245.5,-2928.25,0,Tcell
-234,-2886.25,0,Tcell
68,-2876.25,0,Tcell
-451,-2834.25,0,Tcell
92.5,-2838.75,0,Tcell
-585,-2804.75,0,Tcell
81.5,-2783.75,0,Tcell
-523.5,-2778.75,0,Tcell
-583.5,-2754.25,0,Tcell
-1361,-2749.75,0,Tcell
-1090.5,-2749.25,0,Tcell
-1040,-2747.25,0,Tcell
-706,-2731.75,0,Tcell
-1033.5,-2734.75,0,Tcell
-1374,-2729.75,0,Tcell
-938.5,-2692.25,0,Tcell
-933,-2677.75,0,Tcell
-1016.5,-2673.25,0,Tcell
-1272.5,-2670.75,0,Tcell
-1044.5,-2669.75,0,Tcell
-969,-2659.75,0,Tcell
-1060,-2656.75,0,Tcell
-1388,-2654.25,0,Tcell
-1170.5,-2645.25,0,Tcell
-1112.5,-2638.75,0,Tcell
-1313,-2636.75,0,Tcell
-1387,-2613.75,0,Tcell
-1356.5,-2594.75,0,Tcell
-1265,-2596.25,0,Tcell
-1182,-2550.25,0,Tcell
-1033,-2539.25,0,Tcell
-1312.5,-2526.75,0,Tcell
-1366.5,-2514.75,0,Tcell
-1329.5,-2513.25,0,Tcell
-740,-2495.75,0,Tcell
-1364.5,-2496.75,0,Tcell
-1343,-2498.25,0,Tcell
-1342,-2476.25,0,Tcell
-1378.5,-2481.25,0,Tcell
-1393,-2473.25,0,Tcell
-1359,-2460.25,0,Tcell
-1381,-2461.75,0,Tcell
-953.5,-2448.25,0,Tcell
-1385,-2443.25,0,Tcell
-1102,-2445.75,0,Tcell
-843,-2430.75,0,Tcell
-1366.5,-2431.75,0,Tcell
-1394.5,-2419.25,0,Tcell
-920.5,-2424.75,0,Tcell
-1202.5,-2411.25,0,Tcell
-1222.5,-2400.25,0,Tcell
-1114,-2387.75,0,Tcell
-1156.5,-2376.25,0,Tcell
-1163,-2360.25,0,Tcell
-901.5,-2321.25,0,Tcell
-812,-2261.25,0,Tcell
-829.5,-2256.75,0,Tcell
-808,-2244.75,0,Tcell
-741,-2225.25,0,Tcell
-986,-2211.75,0,Tcell
-871,-2190.25,0,Tcell
-895,-2183.75,0,Tcell
-1394.5,-2183.25,0,Tcell
-895.5,-2150.75,0,Tcell
-1065,-2149.25,0,Tcell
-979,-2112.75,0,Tcell
-1338.5,-2089.25,0,Tcell
-1257.5,-2081.75,0,Tcell
-1006.5,-2056.25,0,Tcell
-1318.5,-2057.25,0,Tcell
-868.5,-2050.75,0,Tcell
-1364.5,-2041.75,0,Tcell
-1142,-2008.25,0,Tcell
-1094.5,-1997.75,0,Tcell
-1096.5,-1960.25,0,Tcell
-1193.5,-1951.75,0,Tcell
-1253.5,-1924.25,0,Tcell
-1336.5,-1921.25,0,Tcell
-1302,-1915.75,0,Tcell
-1340,-1887.25,0,Tcell
-1236,-1853.75,0,Tcell
-1257,-1839.75,0,Tcell
-1158.5,-1826.75,0,Tcell
-1382,-1789.75,0,Tcell
-1377.5,-1776.25,0,Tcell
-1345,-1759.25,0,Tcell
-1157,-1720.25,0,Tcell
-1221,-1667.75,0,Tcell
-1077.5,-1656.25,0,Tcell
-964,-1439.25,0,Tcell
-973.5,-1417.75,0,Tcell
-1152.5,-1380.25,0,Tcell
-1341,-1334.25,0,Tcell
-1231,-1307.75,0,Tcell
-1298,-1309.25,0,Tcell
-1343.5,-1308.75,0,Tcell
-1334.5,-1267.25,0,Tcell
-1314,-1255.75,0,Tcell
-1282.5,-1167.75,0,Tcell
1245,-3429.75,0,Tcell
1264.5,-3417.75,0,Tcell
1339,-3410.25,0,Tcell
-34,-2750.25,0,Tcell
-405,-2748.75,0,Tcell
-441,-2743.25,0,Tcell
-134.5,-2694.75,0,Tcell
-465,-2664.25,0,Tcell
-255.5,-2653.25,0,Tcell
-529,-2655.25,0,Tcell
-115,-2646.75,0,Tcell
19,-2636.25,0,Tcell
-278.5,-2629.75,0,Tcell
-21,-2627.25,0,Tcell
-527.5,-2618.75,0,Tcell
-295.5,-2614.75,0,Tcell
-297,-2580.25,0,Tcell
178,-2571.75,0,Tcell
26,-2565.75,0,Tcell
199.5,-2563.75,0,Tcell
-461.5,-2541.75,0,Tcell
-200,-2540.75,0,Tcell
119,-2542.75,0,Tcell
-487,-2532.25,0,Tcell
92,-2525.75,0,Tcell
-373,-2516.25,0,Tcell
-308.5,-2505.75,0,Tcell
-209.5,-2502.25,0,Tcell
-507,-2499.75,0,Tcell
-32.5,-2505.75,0,Tcell
-44,-2489.75,0,Tcell
-56,-2473.75,0,Tcell
-240,-2465.25,0,Tcell
-372,-2462.25,0,Tcell
-452.5,-2436.25,0,Tcell
-479,-2409.25,0,Tcell
-424.5,-2409.25,0,Tcell
-138,-2333.75,0,Tcell
-257,-2332.25,0,Tcell
-137,-2307.75,0,Tcell
-564.5,-2265.25,0,Tcell
-590.5,-2253.75,0,Tcell
-486,-2246.75,0,Tcell
-355.5,-2196.25,0,Tcell
-500.5,-2182.75,0,Tcell
-263,-2172.75,0,Tcell
-550.5,-2152.75,0,Tcell
-268,-2156.75,0,Tcell
1296.5,-1719.75,0,Tcell
1312,-1527.75,0,Tcell
530.5,-1780.75,0,Tcell
539.5,-1665.75,0,Tcell
288.5,-1609.75,0,Tcell
353.5,-1523.25,0,Tcell
229.5,-3549.75,0,Tcell
741,-3534.75,0,Tcell
209.5,-3535.75,0,Tcell
230,-3529.75,0,Tcell
848.5,-3519.75,0,Tcell
291,-3513.25,0,Tcell
287.5,-3485.75,0,Tcell
826,-3478.75,0,Tcell
246.5,-3479.25,0,Tcell
255,-3458.25,0,Tcell
571.5,-3448.25,0,Tcell
561,-3433.25,0,Tcell
829.5,-3392.75,0,Tcell
352,-3387.25,0,Tcell
327.5,-3379.75,0,Tcell
456.5,-3203.75,0,Tcell
656.5,-3128.25,0,Tcell
322.5,-3084.75,0,Tcell
781.5,-3050.25,0,Tcell
633.5,-3013.25,0,Tcell
768.5,-2929.25,0,Tcell
736,-2921.75,0,Tcell
576,-2905.25,0,Tcell
728.5,-2902.25,0,Tcell
695,-2879.25,0,Tcell
211.5,-2871.75,0,Tcell
462,-2865.25,0,Tcell
228,-2860.75,0,Tcell
723.5,-2848.25,0,Tcell
668,-2835.75,0,Tcell
390,-2827.25,0,Tcell
645,-2802.75,0,Tcell
269.5,-2782.75,0,Tcell
-221,-1949.75,0,Tcell
105,-1895.75,0,Tcell
-175.5,-1769.25,0,Tcell
-579,-1767.75,0,Tcell
-326,-1593.75,0,Tcell
-246.5,-1292.75,0,Tcell
-331,-1269.75,0,Tcell
-238,-1256.25,0,Tcell
42,-1154.75,0,Tcell
73,-1153.25,0,Tcell
-1747.5,-1941.75,0,Tcell
-1541.5,-1937.25,0,Tcell
-2015,-1892.25,0,Tcell
-2125.5,-1886.25,0,Tcell
-1863.5,-1881.75,0,Tcell
-2155.5,-1878.25,0,Tcell
-2086,-1875.75,0,Tcell
-1942,-1874.25,0,Tcell
-1869,-1865.25,0,Tcell
-1841,-1858.75,0,Tcell
-2143,-1860.75,0,Tcell
-2119,-1859.25,0,Tcell
-1898.5,-1858.25,0,Tcell
-1424.5,-1859.25,0,Tcell
-2092.5,-1857.75,0,Tcell
-1879.5,-1852.75,0,Tcell
-1749,-1848.25,0,Tcell
-1791.5,-1847.75,0,Tcell
-2148.5,-1836.25,0,Tcell
-1860.5,-1841.75,0,Tcell
-1712,-1828.75,0,Tcell
-1837.5,-1825.25,0,Tcell
-2100.5,-1816.75,0,Tcell
-1863,-1814.75,0,Tcell
-1805,-1805.75,0,Tcell
-1869.5,-1797.25,0,Tcell
-1865,-1776.25,0,Tcell
-1774,-1771.75,0,Tcell
-2038,-1751.75,0,Tcell
-1976,-1760.75,0,Tcell
-1925.5,-1752.75,0,Tcell
-1976.5,-1744.25,0,Tcell
-1913,-1740.25,0,Tcell
-2036,-1688.25,0,Tcell
-1523,-1684.25,0,Tcell
-1670.5,-1675.75,0,Tcell
-1544.5,-1677.75,0,Tcell
-2065.5,-1678.25,0,Tcell
-2049,-1677.25,0,Tcell
-1988.5,-1670.75,0,Tcell
-2083.5,-1668.25,0,Tcell
-1892.5,-1657.75,0,Tcell
-2026,-1644.75,0,Tcell
-2045.5,-1637.75,0,Tcell
-2141.5,-1634.25,0,Tcell
-1618,-1632.75,0,Tcell
-1933,-1636.75,0,Tcell
-1977,-1631.75,0,Tcell
-1919,-1633.25,0,Tcell
-2007,-1623.75,0,Tcell
-2025.5,-1619.75,0,Tcell
-1963,-1619.75,0,Tcell
-1993,-1617.25,0,Tcell
-1833.5,-1593.75,0,Tcell
-1966.5,-1593.25,0,Tcell
-1918,-1596.75,0,Tcell
-2055.5,-1593.75,0,Tcell
-1861.5,-1597.75,0,Tcell
-2026.5,-1583.25,0,Tcell
-1919.5,-1576.75,0,Tcell
-2051,-1568.75,0,Tcell
-1943,-1568.75,0,Tcell
-1993.5,-1562.25,0,Tcell
-1836,-1541.75,0,Tcell
-2068,-1540.25,0,Tcell
-2089,-1526.25,0,Tcell
-1835,-1526.75,0,Tcell
-1848,-1520.25,0,Tcell
-1879,-1505.25,0,Tcell
-2082,-1448.25,0,Tcell
-1623,-1424.25,0,Tcell
-1560,-1415.25,0,Tcell
-1491,-1403.75,0,Tcell
-2091.5,-1394.25,0,Tcell
-1508.5,-1392.75,0,Tcell
-2109.5,-1386.75,0,Tcell
-2086,-1367.75,0,Tcell
-1986,-1366.75,0,Tcell
-2112.5,-1365.75,0,Tcell
-2025,-1328.25,0,Tcell
-2068,-1323.25,0,Tcell
-2104.5,-1314.75,0,Tcell
-2093.5,-1303.75,0,Tcell
-2067,-1290.25,0,Tcell
-2083,-1248.75,0,Tcell
-1956,-1206.25,0,Tcell
-1757.5,-1179.25,0,Tcell
-1899.5,-2725.75,0,Tcell
-1966,-2706.25,0,Tcell
-1475.5,-2681.25,0,Tcell
-1428,-2598.75,0,Tcell
-1544,-2568.75,0,Tcell
-1407,-2550.75,0,Tcell
-1425,-2528.75,0,Tcell
-1560.5,-2527.25,0,Tcell
-1408.5,-2521.75,0,Tcell
-1468,-2509.75,0,Tcell
-1435.5,-2499.75,0,Tcell
-1402.5,-2485.75,0,Tcell
-1453.5,-2485.75,0,Tcell
-1443.5,-2474.75,0,Tcell
-1569,-2476.75,0,Tcell
-1533.5,-2472.75,0,Tcell
-1414,-2468.25,0,Tcell
-1489,-2460.25,0,Tcell
-1404.5,-2453.25,0,Tcell
-1538,-2453.75,0,Tcell
-1424.5,-2451.25,0,Tcell
-1408,-2427.25,0,Tcell
-1436.5,-2423.25,0,Tcell
-1470.5,-2422.25,0,Tcell
-1453.5,-2416.25,0,Tcell
-1422.5,-2410.25,0,Tcell
-1409.5,-2410.25,0,Tcell
-1473,-2405.75,0,Tcell
-1444,-2394.75,0,Tcell
-1401,-2391.25,0,Tcell
-1708,-2378.25,0,Tcell
-1520.5,-2359.75,0,Tcell
-1445.5,-2337.75,0,Tcell
-1846,-2332.75,0,Tcell
-1759.5,-2321.75,0,Tcell
-1871.5,-2316.75,0,Tcell
-1546.5,-2316.75,0,Tcell
-1863.5,-2301.25,0,Tcell
-1928.5,-2290.25,0,Tcell
-1944,-2284.25,0,Tcell
-1572,-2265.25,0,Tcell
-1492.5,-2265.25,0,Tcell
-1897,-2252.25,0,Tcell
-1520,-2259.75,0,Tcell
-1875,-2252.25,0,Tcell
-1720,-2257.25,0,Tcell
-1785.5,-2245.25,0,Tcell
-1670.5,-2243.25,0,Tcell
-1522,-2233.25,0,Tcell
-1693,-2225.75,0,Tcell
-1992,-2222.25,0,Tcell
-1674,-2219.75,0,Tcell
-1943.5,-2198.75,0,Tcell
-1681,-2199.25,0,Tcell
-2186,-2190.25,0,Tcell
-1969.5,-2184.75,0,Tcell
-1749,-2184.25,0,Tcell
-1687,-2178.25,0,Tcell
-1810,-2182.75,0,Tcell
-1433,-2172.75,0,Tcell
-1415.5,-2170.75,0,Tcell
-1804,-2173.75,0,Tcell
-2133,-2157.75,0,Tcell
-1742.5,-2159.25,0,Tcell
-1985,-2149.75,0,Tcell
-1522.5,-2150.25,0,Tcell
-2019.5,-2147.25,0,Tcell
-2177.5,-2143.25,0,Tcell
-1904,-2138.75,0,Tcell
-1871,-2129.25,0,Tcell
-2126.5,-2126.25,0,Tcell
-1610,-2100.25,0,Tcell
-2004,-2099.25,0,Tcell
-1958.5,-2097.25,0,Tcell
-1926.5,-2090.75,0,Tcell
-1692.5,-2088.25,0,Tcell
-1973,-2086.25,0,Tcell
-1948.5,-2082.75,0,Tcell
-1986.5,-2078.75,0,Tcell
-1900,-2068.75,0,Tcell
-1960.5,-2067.75,0,Tcell
-2013,-2066.75,0,Tcell
-1884.5,-2066.25,0,Tcell
-1938.5,-2062.25,0,Tcell
-1870,-2058.75,0,Tcell
-1984,-2050.25,0,Tcell
-1899,-2044.75,0,Tcell
-2000.5,-2042.75,0,Tcell
-1880,-2030.75,0,Tcell
-1911,-2032.25,0,Tcell
-1546,-2023.25,0,Tcell
-1984.5,-2019.25,0,Tcell
-1968,-2011.25,0,Tcell
-2110.5,-2011.25,0,Tcell
-2045.5,-2008.75,0,Tcell
-1869,-2006.25,0,Tcell
-1488,-1994.75,0,Tcell
-2035,-1994.75,0,Tcell
-1736,-1983.75,0,Tcell
-1610.5,-1983.75,0,Tcell
-2139,-1977.25,0,Tcell
-1937.5,-1974.25,0,Tcell
-2078.5,-1974.25,0,Tcell
-1788.5,-1968.75,0,Tcell
-1665.5,-1966.25,0,Tcell
-1873,-1967.25,0,Tcell
-1748.5,-1969.25,0,Tcell
-1955.5,-1964.75,0,Tcell
-1699,-1960.75,0,Tcell
-1735.5,-1958.25,0,Tcell
-1883.5,-1957.25,0,Tcell
-1755.5,-1954.25,0,Tcell
813.5,-2748.75,0,Tcell
828,-2746.75,0,Tcell
366,-2711.75,0,Tcell
248,-2706.75,0,Tcell
241,-2646.25,0,Tcell
525.5,-2639.25,0,Tcell
223,-2638.75,0,Tcell
232.5,-2623.25,0,Tcell
244.5,-2612.25,0,Tcell
258.5,-2614.75,0,Tcell
715,-2609.75,0,Tcell
297,-2602.25,0,Tcell
266,-2602.75,0,Tcell
356.5,-2587.75,0,Tcell
556.5,-2578.75,0,Tcell
649,-2574.75,0,Tcell
282,-2568.75,0,Tcell
381.5,-2572.25,0,Tcell
852,-2555.75,0,Tcell
353,-2551.25,0,Tcell
427,-2546.25,0,Tcell
845.5,-2532.25,0,Tcell
316.5,-2518.75,0,Tcell
222,-2504.75,0,Tcell
501,-2474.25,0,Tcell
462,-2425.25,0,Tcell
341.5,-2407.75,0,Tcell
263.5,-2376.25,0,Tcell
332,-2372.75,0,Tcell
449,-2362.25,0,Tcell
372,-2354.25,0,Tcell
315,-1976.75,0,Tcell
900,-1972.75,0,Tcell
-2014.5,-1036.25,0,Tcell
-1687.5,-888.25,0,Tcell
-1583,-793.25,0,Tcell
-1567,-750.75,0,Tcell
-1424.5,-654.25,0,Tcell
-1420,-634.75,0,Tcell
-1865,-615.75,0,Tcell
-1925,-601.75,0,Tcell
-1536.5,-597.75,0,Tcell
-1903.5,-581.25,0,Tcell
-1894,-526.25,0,Tcell
-1679,-389.25,0,Tcell
-934.5,-1147.25,0,Tcell
-886.5,-1133.75,0,Tcell
-893,-1117.25,0,Tcell
-1371.5,-1115.25,0,Tcell
-956,-1107.75,0,Tcell
-1014.5,-1067.75,0,Tcell
-943.5,-1068.75,0,Tcell
-984,-1070.75,0,Tcell
-996.5,-1066.25,0,Tcell
-971.5,-1061.75,0,Tcell
-954.5,-1058.75,0,Tcell
-830,-946.75,0,Tcell
-809,-878.75,0,Tcell
-1389.5,-645.25,0,Tcell
-829.5,-519.25,0,Tcell
-40.5,-1145.25,0,Tcell
-17.5,-1143.25,0,Tcell
61,-1140.25,0,Tcell
82,-1137.25,0,Tcell
50.5,-1133.25,0,Tcell
149,-1099.25,0,Tcell
-369,-1068.25,0,Tcell
-25,-1034.25,0,Tcell
43.5,-1038.25,0,Tcell
125,-1013.25,0,Tcell
72,-990.75,0,Tcell
54,-977.75,0,Tcell
-383,-973.25,0,Tcell
-88,-976.75,0,Tcell
-202,-970.75,0,Tcell
-454.5,-961.25,0,Tcell
-434.5,-946.75,0,Tcell
-104.5,-928.25,0,Tcell
-34.5,-934.25,0,Tcell
-206,-928.25,0,Tcell
-443.5,-919.25,0,Tcell
-149.5,-915.75,0,Tcell
84,-906.75,0,Tcell
0.5,-902.75,0,Tcell
-429.5,-845.25,0,Tcell
-414.5,-846.75,0,Tcell
-415,-777.25,0,Tcell
-405,-757.25,0,Tcell
-460.5,-686.25,0,Tcell
226.5,-1116.75,0,Tcell
910.5,-893.75,0,Tcell
915.5,-787.25,0,Tcell
896,-635.25,0,Tcell
894,-615.25,0,Tcell
844,-589.75,0,Tcell
845.5,-563.75,0,Tcell
248.5,-453.75,0,Tcell
926.5,-453.25,0,Tcell
792.5,-412.75,0,Tcell
724.5,-415.75,0,Tcell
286.5,-378.75,0,Tcell
527.5,-377.75,0,Tcell
1402,-958.25,0,Tcell
1079.5,-915.75,0,Tcell
1370.5,-912.75,0,Tcell
1448,-734.25,0,Tcell
1437,-710.75,0,Tcell
1351,-684.75,0,Tcell
1331.5,-673.75,0,Tcell
1365.5,-667.75,0,Tcell
1313,-585.25,0,Tcell
1048.5,-578.75,0,Tcell
-988,49.75,0,Tcell
-68,-339.75,0,Tcell
28,-327.75,0,Tcell
-260,-135.75,0,Tcell
-190.5,-47.75,0,Tcell
189,119.25,0,Tcell
110.5,140.25,0,Tcell
78,157.75,0,Tcell
5,210.25,0,Tcell
113.5,211.75,0,Tcell
-120,213.75,0,Tcell
193,229.25,0,Tcell
106,236.25,0,Tcell
145.5,258.75,0,Tcell
122,272.25,0,Tcell
160.5,288.25,0,Tcell
-585.5,329.25,0,Tcell
78,358.75,0,Tcell
-41.5,382.25,0,Tcell
69,400.25,0,Tcell
281.5,-340.25,0,Tcell
931.5,-316.25,0,Tcell
270,-306.25,0,Tcell
278.5,-282.25,0,Tcell
341,-174.25,0,Tcell
386.5,-169.25,0,Tcell
814.5,-147.25,0,Tcell
941,-129.25,0,Tcell
870,-107.75,0,Tcell
893.5,-91.75,0,Tcell
866,-84.25,0,Tcell
336,-86.75,0,Tcell
883.5,-58.75,0,Tcell
811,-58.75,0,Tcell
428,-52.25,0,Tcell
859.5,-48.75,0,Tcell
357.5,-45.75,0,Tcell
790.5,-35.75,0,Tcell
760,-25.25,0,Tcell
844.5,-28.25,0,Tcell
876,-24.25,0,Tcell
895.5,-19.25,0,Tcell
759,-8.75,0,Tcell
876.5,1.75,0,Tcell
752.5,1.25,0,Tcell
842.5,3.75,0,Tcell
857.5,5.75,0,Tcell
753,26.25,0,Tcell
779.5,22.75,0,Tcell
860.5,35.25,0,Tcell
743,44.25,0,Tcell
805.5,55.75,0,Tcell
756,52.75,0,Tcell
269,54.75,0,Tcell
868.5,57.25,0,Tcell
558,65.75,0,Tcell
853.5,71.75,0,Tcell
790.5,67.25,0,Tcell
537.5,83.25,0,Tcell
812.5,76.25,0,Tcell
782.5,82.25,0,Tcell
800.5,87.75,0,Tcell
839,92.25,0,Tcell
947,90.75,0,Tcell
654.5,103.25,0,Tcell
770,101.75,0,Tcell
819.5,100.75,0,Tcell
637.5,110.25,0,Tcell
833.5,111.75,0,Tcell
207.5,113.75,0,Tcell
812.5,115.25,0,Tcell
787.5,115.75,0,Tcell
838,125.75,0,Tcell
972,129.25,0,Tcell
826.5,138.75,0,Tcell
817.5,131.75,0,Tcell
727,144.75,0,Tcell
966.5,160.75,0,Tcell
786.5,160.75,0,Tcell
799.5,162.75,0,Tcell
813,164.75,0,Tcell
414.5,169.75,0,Tcell
884,171.25,0,Tcell
269,171.25,0,Tcell
472,176.75,0,Tcell
290,178.75,0,Tcell
273,192.75,0,Tcell
824,203.75,0,Tcell
840.5,207.75,0,Tcell
797,219.75,0,Tcell
873.5,215.75,0,Tcell
742,217.25,0,Tcell
732,227.75,0,Tcell
401,235.25,0,Tcell
240.5,231.75,0,Tcell
752.5,236.75,0,Tcell
423,240.25,0,Tcell
729.5,243.75,0,Tcell
266,255.75,0,Tcell
642,259.75,0,Tcell
582,260.75,0,Tcell
729,262.75,0,Tcell
439.5,265.25,0,Tcell
824.5,278.25,0,Tcell
765,285.25,0,Tcell
985,286.25,0,Tcell
792.5,294.25,0,Tcell
808.5,297.75,0,Tcell
692.5,304.75,0,Tcell
987.5,304.75,0,Tcell
874.5,314.75,0,Tcell
691,325.25,0,Tcell
364.5,318.75,0,Tcell
826,319.75,0,Tcell
783.5,332.25,0,Tcell
568.5,344.25,0,Tcell
747.5,337.75,0,Tcell
589,341.75,0,Tcell
757,351.25,0,Tcell
233,358.25,0,Tcell
798.5,360.25,0,Tcell
332,365.75,0,Tcell
833,374.25,0,Tcell
339,381.75,0,Tcell
811.5,386.25,0,Tcell
784,390.75,0,Tcell
833,397.25,0,Tcell
812.5,404.25,0,Tcell
744,414.75,0,Tcell
996.5,426.25,0,Tcell
777,440.25,0,Tcell
1002,445.75,0,Tcell
1021,-227.25,0,Tcell
1080,-170.75,0,Tcell
1121.5,-32.25,0,Tcell
1545.5,-29.75,0,Tcell
1673.5,9.25,0,Tcell
1010,55.25,0,Tcell
1068,71.75,0,Tcell
1316,167.75,0,Tcell
1102,281.25,0,Tcell
1014,292.25,0,Tcell
1551.5,405.25,0,Tcell
-1342.5,518.75,0,Tcell
-1363,529.75,0,Tcell
-876.5,542.75,0,Tcell
-1323,545.75,0,Tcell
-1075,555.25,0,Tcell
-932,571.75,0,Tcell
-877,579.25,0,Tcell
-1061.5,583.75,0,Tcell
-927.5,588.75,0,Tcell
-918.5,612.25,0,Tcell
-930,628.25,0,Tcell
-908,634.25,0,Tcell
-625.5,652.25,0,Tcell
-932.5,648.25,0,Tcell
-1118,659.25,0,Tcell
-918.5,657.75,0,Tcell
-771,724.75,0,Tcell
-1042,731.25,0,Tcell
-937.5,733.75,0,Tcell
-635,738.75,0,Tcell
-1152,733.25,0,Tcell
-1167.5,738.25,0,Tcell
-813.5,751.25,0,Tcell
-1029,749.25,0,Tcell
-1053.5,750.75,0,Tcell
-938,757.25,0,Tcell
-1054,765.25,0,Tcell
-887.5,784.75,0,Tcell
-1038.5,785.25,0,Tcell
-1198.5,792.25,0,Tcell
-719.5,798.25,0,Tcell
-1091,801.25,0,Tcell
-821,805.25,0,Tcell
-1158,812.25,0,Tcell
-1078,813.75,0,Tcell
-894,822.75,0,Tcell
-1213.5,876.75,0,Tcell
-986.5,1006.75,0,Tcell
-969.5,1019.25,0,Tcell
-1303.5,1024.75,0,Tcell
-917,1046.75,0,Tcell
-897.5,1098.75,0,Tcell
-1174,1133.25,0,Tcell
-846,1229.75,0,Tcell
-1039,1233.75,0,Tcell
-348.5,733.25,0,Tcell
146,460.25,0,Tcell
136,471.25,0,Tcell
161,502.75,0,Tcell
-23,514.25,0,Tcell
152.5,518.25,0,Tcell
172,519.75,0,Tcell
41,663.75,0,Tcell
8,679.25,0,Tcell
-30,674.75,0,Tcell
-526.5,721.75,0,Tcell
-535.5,760.25,0,Tcell
-418,770.75,0,Tcell
-540.5,776.75,0,Tcell
150.5,787.25,0,Tcell
-406.5,790.25,0,Tcell
196,796.75,0,Tcell
-87.5,861.75,0,Tcell
-526,1140.75,0,Tcell
-570.5,1148.25,0,Tcell
261.5,455.25,0,Tcell
639,461.25,0,Tcell
272.5,464.25,0,Tcell
250.5,462.25,0,Tcell
633,483.25,0,Tcell
903,486.25,0,Tcell
724,496.25,0,Tcell
230,546.75,0,Tcell
874,574.75,0,Tcell
994.5,608.25,0,Tcell
909,612.75,0,Tcell
963,660.75,0,Tcell
214,676.25,0,Tcell
883,677.25,0,Tcell
823,695.75,0,Tcell
876,753.25,0,Tcell
899.5,801.75,0,Tcell
944.5,806.75,0,Tcell
872.5,808.25,0,Tcell
848.5,839.25,0,Tcell
896,864.25,0,Tcell
936.5,955.25,0,Tcell
859.5,971.75,0,Tcell
888.5,974.75,0,Tcell
851,985.25,0,Tcell
922.5,987.25,0,Tcell
898,992.25,0,Tcell
919.5,1008.75,0,Tcell
905,1004.25,0,Tcell
894,1011.25,0,Tcell
974,1017.25,0,Tcell
839.5,1025.25,0,Tcell
911,1026.25,0,Tcell
901.5,1032.25,0,Tcell
921.5,1037.75,0,Tcell
820,1048.75,0,Tcell
836,1069.75,0,Tcell
859.5,1070.75,0,Tcell
930.5,1081.25,0,Tcell
822.5,1085.25,0,Tcell
867.5,1089.75,0,Tcell
803,1107.25,0,Tcell
851.5,1129.75,0,Tcell
836,1194.25,0,Tcell
1096,512.75,0,Tcell
1075.5,544.75,0,Tcell
1071.5,575.25,0,Tcell
1012,573.25,0,Tcell
1020,596.75,0,Tcell
1079,601.75,0,Tcell
1425,606.75,0,Tcell
1041.5,620.25,0,Tcell
1497.5,644.75,0,Tcell
1194.5,662.75,0,Tcell
1478.5,723.75,0,Tcell
1525.5,726.75,0,Tcell
1497,736.25,0,Tcell
1065.5,736.25,0,Tcell
1103,745.25,0,Tcell
1444.5,805.25,0,Tcell
1203.5,814.75,0,Tcell
1148.5,838.75,0,Tcell
1397.5,894.25,0,Tcell
1441.5,900.75,0,Tcell
1096,922.25,0,Tcell
1435,921.25,0,Tcell
1076,985.75,0,Tcell
1074,1046.75,0,Tcell
1066,1059.25,0,Tcell
1044,1078.75,0,Tcell
1263.5,1122.75,0,Tcell
1054.5,1145.75,0,Tcell
1021.5,1144.25,0,Tcell
1018.5,1159.75,0,Tcell
1423,1174.25,0,Tcell
1029.5,1168.25,0,Tcell
1050,1168.25,0,Tcell
1047.5,1191.25,0,Tcell
1030,1192.75,0,Tcell
1020,1202.75,0,Tcell
1343.5,1205.75,0,Tcell
1394,1213.25,0,Tcell
1316,1247.25,0,Tcell
-771.5,1388.75,0,Tcell
-775,1405.75,0,Tcell
-694,1483.25,0,Tcell
-780.5,1529.25,0,Tcell
-792.5,1559.75,0,Tcell
-801,1602.75,0,Tcell
-848.5,1651.75,0,Tcell
-954.5,1664.75,0,Tcell
-993,1672.25,0,Tcell
-838.5,1680.75,0,Tcell
-944,1700.75,0,Tcell
-630,1703.75,0,Tcell
-803.5,1720.75,0,Tcell
-599,1734.75,0,Tcell
-634,1742.75,0,Tcell
-761,1742.25,0,Tcell
-873,1745.25,0,Tcell
-814,1758.25,0,Tcell
-751.5,1761.75,0,Tcell
-600,1763.25,0,Tcell
-664.5,1790.25,0,Tcell
-541,1307.75,0,Tcell
-169.5,1503.25,0,Tcell
-575,1537.75,0,Tcell
-415.5,1670.75,0,Tcell
-452,1689.75,0,Tcell
-570.5,1713.75,0,Tcell
-444,1724.25,0,Tcell
-425.5,1725.25,0,Tcell
-573.5,1751.25,0,Tcell
-407.5,1760.25,0,Tcell
-469,1795.25,0,Tcell
-496.5,1798.25,0,Tcell
-462,1804.75,0,Tcell
-450,1808.25,0,Tcell
-434.5,1813.75,0,Tcell
-335.5,1827.75,0,Tcell
-589.5,1832.25,0,Tcell
-379,1859.75,0,Tcell
-488.5,1867.25,0,Tcell
-412,1875.25,0,Tcell
-351,1887.25,0,Tcell
-502.5,1895.25,0,Tcell
-541.5,1899.25,0,Tcell
-299.5,1926.25,0,Tcell
-391,1931.75,0,Tcell
-283.5,1939.75,0,Tcell
-334,1943.25,0,Tcell
-407,1957.75,0,Tcell
-281.5,1966.25,0,Tcell
-310,1989.25,0,Tcell
-332,1990.25,0,Tcell
-309,2015.25,0,Tcell
-438.5,2027.25,0,Tcell
-476,2032.25,0,Tcell
864.5,1280.25,0,Tcell
762.5,1363.75,0,Tcell
939.5,1387.75,0,Tcell
903.5,1403.25,0,Tcell
762.5,1413.25,0,Tcell
750,1433.75,0,Tcell
877.5,1435.75,0,Tcell
839,1444.25,0,Tcell
749.5,1455.75,0,Tcell
744,1475.75,0,Tcell
858.5,1475.75,0,Tcell
844,1488.75,0,Tcell
868.5,1494.25,0,Tcell
775.5,1503.25,0,Tcell
734.5,1512.25,0,Tcell
876.5,1509.25,0,Tcell
851,1512.75,0,Tcell
759,1520.25,0,Tcell
869,1522.25,0,Tcell
806,1597.75,0,Tcell
888,1624.75,0,Tcell
781,1628.75,0,Tcell
1002.5,1656.75,0,Tcell
692.5,1664.25,0,Tcell
720.5,1666.25,0,Tcell
986,1685.25,0,Tcell
953.5,1686.25,0,Tcell
879,1703.25,0,Tcell
753,1714.75,0,Tcell
838,1717.75,0,Tcell
726,1736.25,0,Tcell
792.5,1739.25,0,Tcell
824,1732.75,0,Tcell
943,1768.25,0,Tcell
979.5,1773.75,0,Tcell
613,1776.25,0,Tcell
851.5,1780.75,0,Tcell
834.5,1779.75,0,Tcell
752,1790.25,0,Tcell
808,1797.75,0,Tcell
984.5,1824.25,0,Tcell
876.5,1827.25,0,Tcell
934,1828.25,0,Tcell
815,1840.75,0,Tcell
984.5,1854.75,0,Tcell
929,1862.75,0,Tcell
725.5,1869.25,0,Tcell
698,1879.25,0,Tcell
917.5,1880.25,0,Tcell
902.5,1885.75,0,Tcell
958.5,1887.75,0,Tcell
838.5,1898.75,0,Tcell
863.5,1900.25,0,Tcell
874,1916.75,0,Tcell
686,1918.75,0,Tcell
724,1924.75,0,Tcell
983,1922.25,0,Tcell
861,1935.75,0,Tcell
836,1932.75,0,Tcell
688,1938.25,0,Tcell
752,1958.25,0,Tcell
719.5,1964.75,0,Tcell
775,1970.75,0,Tcell
864.5,1969.25,0,Tcell
900.5,1972.75,0,Tcell
749,1988.75,0,Tcell
951.5,2001.25,0,Tcell
830,2016.75,0,Tcell
746,2017.25,0,Tcell
580.5,2021.75,0,Tcell
854,2027.25,0,Tcell
591.5,2040.25,0,Tcell
885,2037.25,0,Tcell
826,2046.75,0,Tcell
1224,1252.25,0,Tcell
1334.5,1251.25,0,Tcell
1239.5,1259.25,0,Tcell
1197.5,1290.25,0,Tcell
1358.5,1295.25,0,Tcell
1272,1308.75,0,Tcell
1180.5,1366.25,0,Tcell
1290.5,1362.25,0,Tcell
1137,1367.25,0,Tcell
1286.5,1378.25,0,Tcell
1076,1384.75,0,Tcell
1117,1401.25,0,Tcell
1283.5,1412.25,0,Tcell
1045.5,1425.25,0,Tcell
1033,1432.25,0,Tcell
1086,1433.75,0,Tcell
1072,1444.25,0,Tcell
1108,1461.25,0,Tcell
1187.5,1467.75,0,Tcell
1027.5,1472.75,0,Tcell
1043,1493.25,0,Tcell
1700.5,1494.25,0,Tcell
1011,1533.75,0,Tcell
1019.5,1753.75,0,Tcell
1075.5,1781.25,0,Tcell
1006,1778.25,0,Tcell
1032,1799.25,0,Tcell
1025.5,1813.75,0,Tcell
1026,1890.25,0,Tcell
1459.5,1931.75,0,Tcell
1598.5,1938.25,0,Tcell
1263.5,1955.75,0,Tcell
1230,1954.25,0,Tcell
1217,1963.75,0,Tcell
1252.5,1966.75,0,Tcell
1180,2007.75,0,Tcell
1012.5,2043.75,0,Tcell
-601,2288.75,0,Tcell
-425,2051.25,0,Tcell
-363.5,2070.25,0,Tcell
-280.5,2073.25,0,Tcell
-293,2081.75,0,Tcell
-304.5,2095.25,0,Tcell
-338,2103.25,0,Tcell
-396.5,2107.75,0,Tcell
-426,2111.75,0,Tcell
-330.5,2124.25,0,Tcell
-318,2145.25,0,Tcell
-380.5,2146.25,0,Tcell
-362,2154.75,0,Tcell
137.5,2157.75,0,Tcell
-384.5,2164.75,0,Tcell
-340.5,2157.25,0,Tcell
-368,2169.75,0,Tcell
-380,2186.75,0,Tcell
-339,2191.25,0,Tcell
-361.5,2198.75,0,Tcell
-487.5,2201.75,0,Tcell
-447.5,2201.75,0,Tcell
-324,2198.25,0,Tcell
-435,2207.25,0,Tcell
-381.5,2208.25,0,Tcell
-336,2220.75,0,Tcell
-386,2225.75,0,Tcell
-296,2227.25,0,Tcell
-452.5,2226.75,0,Tcell
-360,2222.75,0,Tcell
-483,2234.25,0,Tcell
-358,2244.75,0,Tcell
-486,2244.75,0,Tcell
-129.5,2265.25,0,Tcell
186.5,2265.25,0,Tcell
-491,2270.25,0,Tcell
-592.5,2276.75,0,Tcell
-408,2271.25,0,Tcell
174.5,2275.25,0,Tcell
201,2276.25,0,Tcell
-401,2286.75,0,Tcell
-499,2284.75,0,Tcell
-391,2318.75,0,Tcell
-195.5,2315.25,0,Tcell
-560.5,2322.75,0,Tcell
-527.5,2332.25,0,Tcell
-81,2361.75,0,Tcell
-253.5,2366.75,0,Tcell
151,2369.75,0,Tcell
-147.5,2452.25,0,Tcell
200,2630.75,0,Tcell
-309,2641.25,0,Tcell
201.5,2697.25,0,Tcell
75.5,2745.25,0,Tcell
83.5,2774.25,0,Tcell
31.5,2774.75,0,Tcell
186.5,2773.25,0,Tcell
-337.5,2837.25,0,Tcell
556.5,2054.75,0,Tcell
948.5,2049.75,0,Tcell
584.5,2079.25,0,Tcell
782.5,2086.75,0,Tcell
554,2092.25,0,Tcell
591,2098.25,0,Tcell
650,2096.25,0,Tcell
921.5,2104.25,0,Tcell
655,2116.25,0,Tcell
875,2115.25,0,Tcell
724,2126.25,0,Tcell
599,2114.25,0,Tcell
912,2134.75,0,Tcell
725.5,2149.75,0,Tcell
860.5,2148.25,0,Tcell
393.5,2154.75,0,Tcell
431.5,2158.25,0,Tcell
749,2156.75,0,Tcell
809.5,2165.25,0,Tcell
699,2167.75,0,Tcell
831,2168.75,0,Tcell
865.5,2169.75,0,Tcell
915,2181.25,0,Tcell
613,2190.25,0,Tcell
711.5,2193.75,0,Tcell
477.5,2196.75,0,Tcell
527,2189.75,0,Tcell
839.5,2195.25,0,Tcell
685.5,2202.75,0,Tcell
858.5,2205.25,0,Tcell
518,2207.75,0,Tcell
496.5,2214.25,0,Tcell
607.5,2209.25,0,Tcell
776.5,2210.75,0,Tcell
627.5,2212.75,0,Tcell
696.5,2213.75,0,Tcell
714,2214.25,0,Tcell
335,2215.75,0,Tcell
745,2223.25,0,Tcell
289.5,2227.25,0,Tcell
605,2229.25,0,Tcell
364.5,2230.75,0,Tcell
672,2236.75,0,Tcell
693.5,2237.75,0,Tcell
524,2246.25,0,Tcell
375.5,2247.75,0,Tcell
319.5,2253.75,0,Tcell
801,2249.25,0,Tcell
357.5,2250.75,0,Tcell
422,2251.25,0,Tcell
760,2255.25,0,Tcell
826,2258.75,0,Tcell
556.5,2260.75,0,Tcell
395.5,2273.75,0,Tcell
782.5,2266.75,0,Tcell
271,2271.25,0,Tcell
421.5,2269.25,0,Tcell
811,2278.75,0,Tcell
517,2275.25,0,Tcell
797,2273.25,0,Tcell
436.5,2273.75,0,Tcell
505.5,2285.75,0,Tcell
776.5,2290.75,0,Tcell
645.5,2287.75,0,Tcell
871,2291.75,0,Tcell
755,2295.25,0,Tcell
458,2294.75,0,Tcell
633,2302.25,0,Tcell
687.5,2299.75,0,Tcell
455.5,2311.25,0,Tcell
433.5,2316.25,0,Tcell
682,2327.75,0,Tcell
847.5,2318.25,0,Tcell
715.5,2326.75,0,Tcell
638,2326.75,0,Tcell
378,2332.25,0,Tcell
258.5,2332.25,0,Tcell
598,2337.75,0,Tcell
300,2337.25,0,Tcell
693,2346.75,0,Tcell
213,2349.25,0,Tcell
362,2350.25,0,Tcell
414,2360.75,0,Tcell
748,2362.75,0,Tcell
620,2369.75,0,Tcell
667.5,2376.75,0,Tcell
258,2370.25,0,Tcell
720.5,2378.75,0,Tcell
298.5,2376.75,0,Tcell
311,2380.75,0,Tcell
584.5,2380.25,0,Tcell
234,2380.25,0,Tcell
637,2377.75,0,Tcell
744.5,2389.25,0,Tcell
826,2390.75,0,Tcell
574,2394.25,0,Tcell
423,2400.25,0,Tcell
325.5,2397.75,0,Tcell
234,2408.75,0,Tcell
477,2418.25,0,Tcell
305,2406.25,0,Tcell
700,2416.75,0,Tcell
827.5,2420.75,0,Tcell
296,2420.75,0,Tcell
410,2430.25,0,Tcell
685,2450.75,0,Tcell
320.5,2443.75,0,Tcell
758.5,2451.75,0,Tcell
262.5,2475.25,0,Tcell
577.5,2484.75,0,Tcell
300,2485.25,0,Tcell
671,2487.25,0,Tcell
273,2495.25,0,Tcell
255.5,2502.75,0,Tcell
420.5,2508.75,0,Tcell
252.5,2523.25,0,Tcell
812,2529.25,0,Tcell
257.5,2544.25,0,Tcell
339,2546.75,0,Tcell
285,2548.75,0,Tcell
604,2564.75,0,Tcell
345.5,2568.75,0,Tcell
577.5,2569.25,0,Tcell
758,2581.25,0,Tcell
968.5,2585.75,0,Tcell
803,2588.75,0,Tcell
595.5,2612.25,0,Tcell
508.5,2626.25,0,Tcell
599.5,2642.25,0,Tcell
343.5,2653.75,0,Tcell
705.5,2662.25,0,Tcell
537,2663.25,0,Tcell
651.5,2663.75,0,Tcell
673,2671.75,0,Tcell
359,2671.75,0,Tcell
692.5,2687.25,0,Tcell
613.5,2693.75,0,Tcell
443.5,2698.75,0,Tcell
661,2696.25,0,Tcell
669,2718.75,0,Tcell
309.5,2714.75,0,Tcell
256.5,2733.25,0,Tcell
397.5,2745.25,0,Tcell
647.5,2746.25,0,Tcell
590.5,2748.25,0,Tcell
570.5,2769.25,0,Tcell
597,2775.75,0,Tcell
716,2773.25,0,Tcell
642,2773.25,0,Tcell
544.5,2776.25,0,Tcell
666,2777.25,0,Tcell
654.5,2801.75,0,Tcell
247.5,2826.75,0,Tcell
674,2830.75,0,Tcell
389,2829.25,0,Tcell
705,2836.25,0,Tcell
1284.5,2134.25,0,Tcell
1063,2404.25,0,Tcell
1089,2606.25,0,Tcell
1474.5,2615.25,0,Tcell
1321.5,2688.25,0,Tcell
1212.5,2729.75,0,Tcell
1258.5,2731.25,0,Tcell
1780.5,2791.75,0,Tcell
1686.5,2823.75,0,Tcell
1729,2833.25,0,Tcell
1047,2837.75,0,Tcell
2108,2567.75,0,Tcell
2213.5,2809.25,0,Tcell
-208,2877.25,0,Tcell
69,2893.75,0,Tcell
-337.5,2890.75,0,Tcell
-330,2907.25,0,Tcell
106,2921.75,0,Tcell
-21,2932.75,0,Tcell
-279.5,2941.75,0,Tcell
-142.5,2948.75,0,Tcell
102.5,2963.25,0,Tcell
-216.5,2970.75,0,Tcell
-209,3008.25,0,Tcell
-160,3028.25,0,Tcell
-239.5,3046.75,0,Tcell
189.5,3052.75,0,Tcell
-203.5,3065.25,0,Tcell
-13,3066.75,0,Tcell
-43,3114.25,0,Tcell
-23.5,3152.75,0,Tcell
-182,3161.75,0,Tcell
-196.5,3234.75,0,Tcell
-60.5,3243.25,0,Tcell
131.5,3240.75,0,Tcell
-155,3242.25,0,Tcell
-105,3279.25,0,Tcell
-87,3285.75,0,Tcell
-270,3287.25,0,Tcell
-215.5,3289.25,0,Tcell
-212.5,3303.75,0,Tcell
-140,3322.75,0,Tcell
110.5,3345.75,0,Tcell
201.5,3341.25,0,Tcell
127,3355.25,0,Tcell
-228,3367.25,0,Tcell
-280.5,3365.25,0,Tcell
168,3373.75,0,Tcell
-309,3401.75,0,Tcell
-292,3406.75,0,Tcell
-267,3412.75,0,Tcell
3,3441.25,0,Tcell
20.5,3452.75,0,Tcell
135.5,3461.25,0,Tcell
-62,3487.25,0,Tcell
-116,3487.75,0,Tcell
89,3494.75,0,Tcell
160.5,3510.75,0,Tcell
66,3509.75,0,Tcell
75.5,3521.75,0,Tcell
-64.5,3523.75,0,Tcell
-96.5,3546.75,0,Tcell
-117,3563.75,0,Tcell
121,3584.75,0,Tcell
-46.5,3590.75,0,Tcell
-139,3596.25,0,Tcell
-85.5,3605.75,0,Tcell
-122,3598.25,0,Tcell
110.5,3625.25,0,Tcell
-44.5,3640.75,0,Tcell
47.5,3647.25,0,Tcell
451,2855.75,0,Tcell
316,2865.25,0,Tcell
554.5,2886.75,0,Tcell
495.5,2887.75,0,Tcell
600.5,2901.75,0,Tcell
979,2907.25,0,Tcell
444.5,2909.25,0,Tcell
483,2920.75,0,Tcell
549.5,2923.25,0,Tcell
570,2924.25,0,Tcell
603.5,2927.25,0,Tcell
443.5,2929.25,0,Tcell
530.5,2930.25,0,Tcell
207.5,2940.75,0,Tcell
730,2940.25,0,Tcell
576.5,2948.75,0,Tcell
220,2952.25,0,Tcell
263,2955.75,0,Tcell
474.5,2958.25,0,Tcell
647,2961.25,0,Tcell
459.5,2968.75,0,Tcell
430,2996.75,0,Tcell
651.5,2985.25,0,Tcell
234,3002.25,0,Tcell
647,3006.75,0,Tcell
527,3008.25,0,Tcell
545.5,3011.75,0,Tcell
450.5,3043.75,0,Tcell
266.5,3058.25,0,Tcell
205.5,3063.75,0,Tcell
505.5,3064.75,0,Tcell
480.5,3072.25,0,Tcell
912.5,3087.25,0,Tcell
405,3090.25,0,Tcell
828.5,3091.25,0,Tcell
535.5,3093.25,0,Tcell
657.5,3092.25,0,Tcell
386,3108.25,0,Tcell
423,3115.25,0,Tcell
847.5,3118.25,0,Tcell
824,3121.75,0,Tcell
265.5,3125.25,0,Tcell
814.5,3147.25,0,Tcell
440,3162.25,0,Tcell
807.5,3163.25,0,Tcell
401,3163.75,0,Tcell
232.5,3170.25,0,Tcell
366.5,3181.25,0,Tcell
306,3178.25,0,Tcell
455.5,3179.75,0,Tcell
309.5,3206.75,0,Tcell
341.5,3204.25,0,Tcell
389.5,3205.75,0,Tcell
375,3210.25,0,Tcell
356,3215.25,0,Tcell
331.5,3223.25,0,Tcell
753.5,3226.25,0,Tcell
485,3237.25,0,Tcell
403.5,3245.25,0,Tcell
306,3258.75,0,Tcell
710.5,3315.75,0,Tcell
266,3317.75,0,Tcell
364.5,3320.25,0,Tcell
459.5,3322.25,0,Tcell
408,3339.25,0,Tcell
292,3349.25,0,Tcell
204,3354.25,0,Tcell
419.5,3367.25,0,Tcell
218.5,3365.25,0,Tcell
346.5,3372.25,0,Tcell
266,3373.25,0,Tcell
417,3379.25,0,Tcell
317.5,3389.75,0,Tcell
482.5,3390.25,0,Tcell
626.5,3390.75,0,Tcell
286,3391.75,0,Tcell
263.5,3394.25,0,Tcell
419,3402.25,0,Tcell
284,3415.25,0,Tcell
346.5,3420.25,0,Tcell
206,3423.75,0,Tcell
272,3442.75,0,Tcell
730,3481.75,0,Tcell
256.5,3485.25,0,Tcell
225,3562.25,0,Tcell
1491.5,3003.75,0,Tcell
1183.5,3045.25,0,Tcell
1198.5,3055.25,0,Tcell
1179,3062.25,0,Tcell
1158.5,3073.25,0,Tcell
1211.5,3075.75,0,Tcell
1141,3072.75,0,Tcell
1177.5,3084.25,0,Tcell
1197.5,3096.75,0,Tcell
1188.5,3396.75,0,Tcell
1089,3515.75,0,Tcell
32,3649.25,0,Tcell
18.5,3658.25,0,Tcell
58.5,3666.75,0,Tcell
33,3671.25,0,Tcell
116,3674.25,0,Tcell
-50.5,3683.75,0,Tcell
70.5,3685.25,0,Tcell
142,3687.25,0,Tcell
111.5,3689.75,0,Tcell
-93,3732.75,0,Tcell
-56,3735.25,0,Tcell
89,3740.25,0,Tcell
50.5,3755.25,0,Tcell
59.5,3769.75,0,Tcell
-81,3789.25,0,Tcell
-59.5,3797.25,0,Tcell
-24,3819.25,0,Tcell
43,3819.75,0,Tcell
-118.5,3835.25,0,Tcell
80.5,3840.25,0,Tcell
5,3882.25,0,Tcell
-35,3882.75,0,Tcell
-19.5,3898.75,0,Tcell
26,3919.25,0,Tcell
20,3937.75,0,Tcell
756.5,3915.75,0,Tcell
676.5,4083.25,0,Tcell
820.5,4335.75,0,Tcell
804.5,4351.25,0,Tcell
1051,-4286.75,0,TU
940,-4277.75,0,TU
1074,-4232.75,0,TU
1093,-4208.75,0,TU
1007.5,-4201.75,0,TU
876,-4195.25,0,TU
1056.5,-4184.75,0,TU
861.5,-4175.75,0,TU
658.5,-4116.25,0,TU
1148.5,-4096.75,0,TU
1075.5,-4058.75,0,TU
1109,-4053.25,0,TU
395,-4042.25,0,TU
906,-4039.25,0,TU
491,-4033.25,0,TU
1114,-4029.75,0,TU
1163.5,-4009.25,0,TU
967.5,-3992.25,0,TU
514,-3986.75,0,TU
535,-3976.25,0,TU
502.5,-3974.25,0,TU
1190.5,-3959.25,0,TU
-560,-3957.75,0,TU
-805,-3954.75,0,TU
-482.5,-3953.75,0,TU
1063,-3953.75,0,TU
537.5,-3949.75,0,TU
1080.5,-3943.75,0,TU
-795,-3933.25,0,TU
-199,-3926.75,0,TU
-217.5,-3922.25,0,TU
-288.5,-3909.25,0,TU
559.5,-3908.25,0,TU
-718,-3904.75,0,TU
-45,-3904.75,0,TU
1108.5,-3904.75,0,TU
-310,-3893.25,0,TU
906,-3892.75,0,TU
686,-3887.75,0,TU
-288,-3882.25,0,TU
-446.5,-3881.75,0,TU
-682,-3878.25,0,TU
-562.5,-3870.75,0,TU
-639,-3869.75,0,TU
557.5,-3865.75,0,TU
-286.5,-3858.75,0,TU
612,-3855.75,0,TU
-1170.5,-3853.75,0,TU
-219.5,-3853.25,0,TU
-568,-3848.75,0,TU
-681,-3846.75,0,TU
-233.5,-3841.75,0,TU
822,-3837.75,0,TU
-942.5,-3833.75,0,TU
-290,-3832.25,0,TU
913,-3831.75,0,TU
-1181.5,-3821.75,0,TU
-1239.5,-3818.25,0,TU
-229,-3809.75,0,TU
-515,-3806.75,0,TU
-466,-3801.75,0,TU
-792.5,-3797.25,0,TU
-425,-3785.25,0,TU
594,-3779.25,0,TU
786.5,-3778.75,0,TU
1105,-3777.75,0,TU
647.5,-3774.25,0,TU
556.5,-3773.75,0,TU
-356,-3771.75,0,TU
-756,-3764.25,0,TU
-156,-3764.25,0,TU
876.5,-3763.25,0,TU
-348,-3761.25,0,TU
82.5,-3760.25,0,TU
843,-3759.75,0,TU
794.5,-3752.25,0,TU
-1400.5,-3744.25,0,TU
-210,-3738.25,0,TU
-156.5,-3738.25,0,TU
155.5,-3729.25,0,TU
-402,-3725.75,0,TU
-1338.5,-3724.75,0,TU
-704,-3723.25,0,TU
541.5,-3717.25,0,TU
-1481,-3708.75,0,TU
103,-3707.75,0,TU
-1035.5,-3698.25,0,TU
-142.5,-3697.75,0,TU
-1128.5,-3694.25,0,TU
327.5,-3693.25,0,TU
-436.5,-3688.75,0,TU
163.5,-3685.25,0,TU
205,-3679.75,0,TU
78,-3668.75,0,TU
978.5,-3667.25,0,TU
-105.5,-3661.75,0,TU
-741.5,-3658.25,0,TU
1149.5,-3657.25,0,TU
-1427,-3655.75,0,TU
529.5,-3652.25,0,TU
730,-3650.25,0,TU
1183.5,-3646.75,0,TU
-1233,-3645.25,0,TU
-1667.5,-3642.25,0,TU
-1722,-3631.25,0,TU
1212,-3631.25,0,TU
-1695.5,-3619.75,0,TU
-809,-3615.75,0,TU
-1637,-3615.25,0,TU
-867.5,-3609.25,0,TU
-409,-3608.75,0,TU
244,-3608.75,0,TU
-235.5,-3605.25,0,TU
-793.5,-3602.25,0,TU
-1545.5,-3597.25,0,TU
-4,-3594.75,0,TU
-1063,-3591.75,0,TU
-1451.5,-3590.25,0,TU
-1097,-3578.75,0,TU
-1850.5,-3578.25,0,TU
-207.5,-3578.25,0,TU
1218,-3577.25,0,TU
-1806,-3574.75,0,TU
-862.5,-3574.25,0,TU
-929.5,-3572.75,0,TU
-118,-3567.25,0,TU
480,-3567.25,0,TU
-1284.5,-3565.25,0,TU
-557.5,-3554.25,0,TU
-1079,-3553.75,0,TU
-949.5,-3553.25,0,TU
-1878.5,-3552.75,0,TU
-1629,-3549.25,0,TU
-1733.5,-3546.75,0,TU
-1391,-3544.25,0,TU
-141,-3538.75,0,TU
-764.5,-3536.25,0,TU
655.5,-3536.25,0,TU
-1440.5,-3534.75,0,TU
-902,-3533.25,0,TU
-1765.5,-3528.75,0,TU
-1833.5,-3526.75,0,TU
820.5,-3523.25,0,TU
-234.5,-3518.25,0,TU
-1397,-3516.25,0,TU
-109,-3514.75,0,TU
-1884.5,-3514.25,0,TU
870.5,-3513.75,0,TU
-1773,-3511.25,0,TU
-215,-3508.25,0,TU
-460.5,-3507.25,0,TU
-858.5,-3505.75,0,TU
-441.5,-3491.75,0,TU
-1722.5,-3490.25,0,TU
-339.5,-3489.75,0,TU
-1141.5,-3479.25,0,TU
-108.5,-3477.25,0,TU
-1032.5,-3474.25,0,TU
-1415,-3470.75,0,TU
-1905,-3467.25,0,TU
-2039.5,-3461.25,0,TU
-1264.5,-3457.75,0,TU
-220.5,-3456.75,0,TU
-519.5,-3456.25,0,TU
-143.5,-3453.75,0,TU
479,-3450.25,0,TU
-1422.5,-3448.25,0,TU
-204,-3441.75,0,TU
712,-3431.25,0,TU
-1351,-3429.25,0,TU
-1029,-3417.25,0,TU
1297.5,-3415.75,0,TU
143.5,-3412.75,0,TU
-1127,-3412.25,0,TU
-99,-3411.75,0,TU
-121,-3407.75,0,TU
-1441,-3406.75,0,TU
368,-3406.75,0,TU
693.5,-3405.75,0,TU
1089.5,-3404.75,0,TU
-945,-3397.25,0,TU
-1583.5,-3394.75,0,TU
-1227,-3372.25,0,TU
825.5,-3372.25,0,TU
-1920.5,-3370.75,0,TU
-176,-3368.75,0,TU
-1903.5,-3367.25,0,TU
-1181.5,-3357.25,0,TU
-537.5,-3357.25,0,TU
-1132,-3354.75,0,TU
-1336.5,-3353.25,0,TU
287.5,-3352.75,0,TU
371,-3350.75,0,TU
-300.5,-3348.75,0,TU
-1391,-3342.25,0,TU
-1057,-3337.25,0,TU
-1179.5,-3336.75,0,TU
-1751,-3334.25,0,TU
-533.5,-3333.25,0,TU
-423.5,-3312.25,0,TU
742.5,-3310.25,0,TU
-1649,-3307.25,0,TU
-7.5,-3303.25,0,TU
-1313.5,-3293.25,0,TU
-2140.5,-3288.25,0,TU
215.5,-3286.75,0,TU
-540.5,-3278.25,0,TU
-1056,-3277.25,0,TU
-1759,-3276.25,0,TU
-570.5,-3275.75,0,TU
-527.5,-3275.25,0,TU
1298.5,-3272.75,0,TU
-909.5,-3271.25,0,TU
-1648,-3268.75,0,TU
-1956.5,-3258.25,0,TU
-647,-3255.25,0,TU
589,-3255.25,0,TU
-1734.5,-3253.25,0,TU
-1545.5,-3252.75,0,TU
-1568,-3243.75,0,TU
1221,-3241.75,0,TU
-1889,-3239.75,0,TU
-133.5,-3236.75,0,TU
-669,-3233.75,0,TU
-1179,-3229.25,0,TU
-1892,-3224.75,0,TU
-1916,-3220.75,0,TU
986.5,-3220.25,0,TU
-716.5,-3212.75,0,TU
164,-3211.75,0,TU
262.5,-3206.25,0,TU
1344,-3195.25,0,TU
-584,-3187.75,0,TU
-2022,-3183.75,0,TU
-2152,-3172.75,0,TU
-823.5,-3170.25,0,TU
-926,-3169.75,0,TU
-2013.5,-3165.75,0,TU
-300.5,-3164.25,0,TU
-403.5,-3161.25,0,TU
-1697.5,-3158.75,0,TU
-1210.5,-3155.25,0,TU
-851.5,-3155.25,0,TU
620,-3154.25,0,TU
830,-3152.25,0,TU
-981,-3149.75,0,TU
927,-3147.75,0,TU
-709.5,-3143.75,0,TU
-1997.5,-3140.75,0,TU
-889,-3136.75,0,TU
855,-3124.25,0,TU
319.5,-3120.25,0,TU
-843,-3118.25,0,TU
-454.5,-3118.25,0,TU
-527,-3117.75,0,TU
-230,-3115.75,0,TU
-887.5,-3114.75,0,TU
696,-3114.75,0,TU
-811.5,-3113.25,0,TU
-1102.5,-3106.75,0,TU
-1166.5,-3104.75,0,TU
-145.5,-3096.75,0,TU
-717,-3096.25,0,TU
-663.5,-3092.25,0,TU
-2037.5,-3091.75,0,TU
-858,-3091.25,0,TU
-1023.5,-3090.25,0,TU
-801.5,-3087.75,0,TU
-462,-3081.25,0,TU
-1970,-3076.25,0,TU
-633,-3072.25,0,TU
1164,-3072.25,0,TU
-1244.5,-3071.25,0,TU
-669.5,-3068.75,0,TU
-966,-3064.25,0,TU
-998,-3055.25,0,TU
-666,-3051.75,0,TU
-305.5,-3047.75,0,TU
-1058,-3046.75,0,TU
720,-3042.75,0,TU
-1209.5,-3040.75,0,TU
-1036,-3038.25,0,TU
-1012.5,-3037.75,0,TU
-1074.5,-3036.75,0,TU
-1482.5,-3031.75,0,TU
-1988,-3029.25,0,TU
-1386,-3027.75,0,TU
717.5,-3026.25,0,TU
-1941.5,-3025.75,0,TU
-1155,-3023.75,0,TU
-946.5,-3020.25,0,TU
-851,-3019.75,0,TU
-1106.5,-3018.25,0,TU
-668.5,-3017.75,0,TU
-1297,-3012.75,0,TU
1301.5,-3003.25,0,TU
-1831,-3001.75,0,TU
-756,-3001.25,0,TU
151.5,-2999.75,0,TU
-660.5,-2998.25,0,TU
-1101,-2996.75,0,TU
-1947.5,-2996.25,0,TU
1217.5,-2983.25,0,TU
-2074,-2982.75,0,TU
-1320,-2982.75,0,TU
-1585.5,-2980.75,0,TU
-875,-2980.25,0,TU
-1532,-2978.75,0,TU
-1940,-2977.75,0,TU
-231.5,-2976.25,0,TU
-2000.5,-2971.75,0,TU
-867,-2970.25,0,TU
-962.5,-2968.75,0,TU
620.5,-2966.75,0,TU
1247,-2965.75,0,TU
518.5,-2962.75,0,TU
-1578.5,-2962.25,0,TU
-1111.5,-2961.75,0,TU
-436,-2961.75,0,TU
-1620.5,-2961.25,0,TU
-1095.5,-2959.75,0,TU
-409.5,-2952.25,0,TU
-1775.5,-2951.25,0,TU
-1137,-2950.75,0,TU
-2014,-2947.25,0,TU
-1911,-2946.75,0,TU
-1996.5,-2939.75,0,TU
695,-2939.25,0,TU
-1847.5,-2935.75,0,TU
-1126.5,-2934.75,0,TU
-496,-2934.25,0,TU
-402.5,-2933.25,0,TU
826,-2925.75,0,TU
-1546,-2922.75,0,TU
-574,-2921.75,0,TU
891,-2918.75,0,TU
-1663.5,-2915.25,0,TU
132,-2914.75,0,TU
557.5,-2914.75,0,TU
-590,-2914.25,0,TU
-1414,-2913.75,0,TU
71,-2912.25,0,TU
-979.5,-2903.75,0,TU
-1099,-2901.25,0,TU
-782,-2897.75,0,TU
-585.5,-2890.75,0,TU
-985,-2887.25,0,TU
-1137.5,-2885.25,0,TU
-1779,-2884.75,0,TU
-901.5,-2882.75,0,TU
-999,-2881.75,0,TU
-2107.5,-2877.25,0,TU
-940.5,-2873.25,0,TU
710,-2870.75,0,TU
-722.5,-2870.25,0,TU
762.5,-2869.75,0,TU
-1887,-2869.25,0,TU
746.5,-2869.25,0,TU
584.5,-2867.25,0,TU
-1271.5,-2854.75,0,TU
130.5,-2854.75,0,TU
-988,-2849.75,0,TU
-98.5,-2845.75,0,TU
-947,-2838.25,0,TU
735,-2830.25,0,TU
-1042.5,-2822.75,0,TU
-758,-2822.25,0,TU
-526,-2822.25,0,TU
1220.5,-2820.25,0,TU
-801,-2819.75,0,TU
-2057,-2816.75,0,TU
-1910.5,-2816.75,0,TU
-1099.5,-2816.75,0,TU
-624,-2815.25,0,TU
380.5,-2811.75,0,TU
447,-2809.25,0,TU
-1036.5,-2808.25,0,TU
-513.5,-2807.25,0,TU
-101,-2805.75,0,TU
603,-2802.25,0,TU
-1417.5,-2794.75,0,TU
506.5,-2791.25,0,TU
594.5,-2784.75,0,TU
331.5,-2783.25,0,TU
-1237,-2777.75,0,TU
-781.5,-2777.25,0,TU
-901,-2769.75,0,TU
-560.5,-2768.25,0,TU
-142,-2767.75,0,TU
-1485.5,-2764.75,0,TU
1274,-2764.25,0,TU
-2042,-2763.25,0,TU
-492.5,-2759.25,0,TU
-1441,-2749.75,0,TU
-354,-2749.75,0,TU
-740.5,-2749.25,0,TU
-1260.5,-2748.75,0,TU
-388.5,-2748.75,0,TU
-372,-2748.25,0,TU
-288.5,-2747.75,0,TU
-205,-2744.75,0,TU
-1069.5,-2740.25,0,TU
-1008.5,-2740.25,0,TU
-1988.5,-2734.25,0,TU
-1209,-2734.25,0,TU
-342,-2727.75,0,TU
-568,-2726.75,0,TU
-1730,-2725.75,0,TU
-2005.5,-2724.25,0,TU
-458,-2720.75,0,TU
-1027,-2720.25,0,TU
-1172.5,-2709.25,0,TU
1076.5,-2708.25,0,TU
-1401.5,-2707.75,0,TU
-582.5,-2706.25,0,TU
-546,-2704.75,0,TU
-485.5,-2702.75,0,TU
-169,-2697.25,0,TU
-1128.5,-2689.25,0,TU
714.5,-2686.75,0,TU
-1952,-2685.25,0,TU
-954.5,-2680.75,0,TU
27.5,-2675.25,0,TU
1056.5,-2674.25,0,TU
-1653.5,-2672.25,0,TU
-305,-2671.75,0,TU
1416,-2671.75,0,TU
-988,-2671.25,0,TU
-1154.5,-2670.75,0,TU
-395,-2664.75,0,TU
-176.5,-2662.75,0,TU
-446.5,-2660.25,0,TU
-142,-2655.75,0,TU
-428.5,-2653.25,0,TU
-1317,-2650.25,0,TU
-385,-2650.25,0,TU
-590.5,-2648.25,0,TU
-917,-2636.75,0,TU
251,-2635.25,0,TU
-621,-2630.25,0,TU
-1396.5,-2629.25,0,TU
-1124.5,-2620.25,0,TU
505,-2619.75,0,TU
-1503,-2615.25,0,TU
-1242,-2614.75,0,TU
550.5,-2610.25,0,TU
-119,-2607.75,0,TU
-1928,-2596.75,0,TU
-1482.5,-2596.25,0,TU
1427.5,-2587.75,0,TU
340,-2587.25,0,TU
326,-2582.75,0,TU
-405.5,-2581.75,0,TU
-315,-2579.25,0,TU
-675,-2578.75,0,TU
-780.5,-2577.25,0,TU
-957,-2572.25,0,TU
-22.5,-2570.25,0,TU
-652,-2569.75,0,TU
-1206,-2568.25,0,TU
-2072,-2565.75,0,TU
-1934,-2565.25,0,TU
-2043.5,-2563.25,0,TU
-1582,-2560.25,0,TU
-1150.5,-2560.25,0,TU
-509,-2559.75,0,TU
-1564.5,-2559.25,0,TU
-1784,-2558.75,0,TU
-950.5,-2556.25,0,TU
-393,-2554.25,0,TU
207.5,-2551.75,0,TU
-437.5,-2551.25,0,TU
-384,-2545.75,0,TU
264.5,-2543.75,0,TU
1117.5,-2542.25,0,TU
-1548.5,-2541.25,0,TU
-1209.5,-2540.25,0,TU
-1457,-2539.25,0,TU
-1888.5,-2538.75,0,TU
168.5,-2536.75,0,TU
-1331.5,-2535.75,0,TU
-7,-2533.25,0,TU
158.5,-2528.75,0,TU
-518,-2528.25,0,TU
500,-2526.75,0,TU
-592.5,-2525.75,0,TU
567,-2525.75,0,TU
-5.5,-2515.75,0,TU
-2091.5,-2514.75,0,TU
1470,-2510.75,0,TU
-1574,-2509.25,0,TU
-1970,-2501.25,0,TU
-586.5,-2497.25,0,TU
-1602,-2494.75,0,TU
1164,-2489.25,0,TU
445,-2488.25,0,TU
-990,-2487.25,0,TU
-83,-2486.75,0,TU
-22,-2486.25,0,TU
-777,-2482.25,0,TU
415,-2475.75,0,TU
-2024.5,-2474.25,0,TU
-447.5,-2472.75,0,TU
-767,-2471.75,0,TU
-111.5,-2468.75,0,TU
-1829.5,-2467.25,0,TU
-1581.5,-2459.25,0,TU
-335,-2458.25,0,TU
-1211,-2455.25,0,TU
-2101.5,-2452.25,0,TU
-1023,-2450.25,0,TU
-1773.5,-2447.25,0,TU
-354.5,-2437.25,0,TU
-1580.5,-2435.75,0,TU
-1124,-2435.25,0,TU
-72.5,-2435.25,0,TU
516.5,-2433.75,0,TU
497.5,-2433.25,0,TU
-1311,-2424.75,0,TU
-1068,-2422.75,0,TU
-1544.5,-2422.25,0,TU
-1514,-2422.25,0,TU
532,-2422.25,0,TU
-923,-2406.25,0,TU
-1514,-2404.25,0,TU
-557.5,-2404.25,0,TU
-1532.5,-2402.25,0,TU
-182,-2397.75,0,TU
-639,-2395.25,0,TU
-1482,-2394.25,0,TU
-243,-2394.25,0,TU
344,-2384.75,0,TU
-2098.5,-2372.25,0,TU
-1506.5,-2371.25,0,TU
-1886,-2367.75,0,TU
-1665,-2358.25,0,TU
-567.5,-2358.25,0,TU
-1373,-2355.75,0,TU
-461.5,-2354.25,0,TU
135,-2353.75,0,TU
-1880.5,-2346.75,0,TU
438,-2344.25,0,TU
-1904.5,-2343.25,0,TU
-1329,-2343.25,0,TU
-1288,-2341.75,0,TU
-1634.5,-2341.25,0,TU
-1940,-2338.75,0,TU
-1492.5,-2336.25,0,TU
-1344,-2335.25,0,TU
1394,-2335.25,0,TU
378,-2330.75,0,TU
-594.5,-2325.75,0,TU
-525,-2322.25,0,TU
-1726,-2321.75,0,TU
-1034,-2321.25,0,TU
-1080,-2317.25,0,TU
-1344.5,-2316.25,0,TU
-1014.5,-2315.25,0,TU
-1365.5,-2313.25,0,TU
1540,-2308.25,0,TU
-884.5,-2306.75,0,TU
-115,-2305.25,0,TU
-1730.5,-2303.25,0,TU
-1947.5,-2301.25,0,TU
-1545,-2300.75,0,TU
-1825.5,-2299.75,0,TU
-538.5,-2299.25,0,TU
-2054.5,-2295.25,0,TU
-1803.5,-2295.25,0,TU
1557,-2295.25,0,TU
1015.5,-2291.25,0,TU
536.5,-2290.75,0,TU
-1855,-2278.25,0,TU
1111.5,-2272.75,0,TU
-1884.5,-2272.25,0,TU
-1526.5,-2270.75,0,TU
594.5,-2269.75,0,TU
-2122.5,-2268.75,0,TU
-1832.5,-2261.75,0,TU
-1146.5,-2257.75,0,TU
-677,-2256.25,0,TU
-1851,-2252.75,0,TU
-1765,-2252.75,0,TU
-710.5,-2251.25,0,TU
-572.5,-2249.75,0,TU
-1310,-2249.25,0,TU
-687.5,-2247.25,0,TU
-1637.5,-2241.75,0,TU
54.5,-2239.25,0,TU
-1717.5,-2237.25,0,TU
-1487.5,-2233.25,0,TU
-995,-2233.25,0,TU
-1818.5,-2228.25,0,TU
-513.5,-2228.25,0,TU
-799.5,-2227.75,0,TU
1575,-2226.75,0,TU
-1795.5,-2226.25,0,TU
493.5,-2226.25,0,TU
-1548,-2221.75,0,TU
-1650,-2218.75,0,TU
-2120,-2217.75,0,TU
-731.5,-2215.25,0,TU
-547.5,-2215.25,0,TU
50.5,-2215.25,0,TU
-1864.5,-2211.75,0,TU
-1583,-2211.75,0,TU
-2156.5,-2201.25,0,TU
1105.5,-2200.25,0,TU
-1299.5,-2192.25,0,TU
-1551,-2191.75,0,TU
-1853,-2190.25,0,TU
-2055,-2186.75,0,TU
-735,-2182.25,0,TU
-1992,-2178.75,0,TU
-1302.5,-2174.75,0,TU
-1550.5,-2174.25,0,TU
-857,-2170.75,0,TU
-1393,-2166.25,0,TU
-1711,-2160.75,0,TU
-490.5,-2159.25,0,TU
-1728.5,-2155.75,0,TU
689.5,-2155.25,0,TU
-1238.5,-2153.25,0,TU
-1494.5,-2149.75,0,TU
-1214,-2147.25,0,TU
-1550,-2145.75,0,TU
1199.5,-2144.75,0,TU
1052,-2143.25,0,TU
-1746.5,-2132.75,0,TU
-1689,-2131.75,0,TU
-967,-2126.75,0,TU
-1163,-2126.25,0,TU
-1479.5,-2125.25,0,TU
-900.5,-2122.75,0,TU
-1672,-2117.25,0,TU
203.5,-2116.75,0,TU
-859,-2114.75,0,TU
-2136.5,-2113.75,0,TU
-1339.5,-2111.75,0,TU
-1220,-2110.75,0,TU
-1323,-2108.25,0,TU
-1203.5,-2106.75,0,TU
-664.5,-2105.75,0,TU
-1091.5,-2105.25,0,TU
-2123.5,-2104.25,0,TU
-1160,-2103.25,0,TU
1066.5,-2101.75,0,TU
-1195,-2098.25,0,TU
488.5,-2098.25,0,TU
-1825.5,-2096.75,0,TU
-1584.5,-2096.25,0,TU
-1068.5,-2095.75,0,TU
-1400,-2091.25,0,TU
-2134,-2089.75,0,TU
-1185.5,-2088.75,0,TU
-776,-2087.75,0,TU
-1733,-2073.75,0,TU
-1833,-2073.25,0,TU
-1773.5,-2063.75,0,TU
-1837,-2056.25,0,TU
-1266.5,-2051.25,0,TU
-1786.5,-2049.75,0,TU
-1345.5,-2042.75,0,TU
-1830,-2039.25,0,TU
1206.5,-2036.75,0,TU
513,-2033.75,0,TU
-1991.5,-2030.25,0,TU
-1776,-2030.25,0,TU
291.5,-2028.25,0,TU
-2045,-2026.75,0,TU
223,-2026.75,0,TU
-1521.5,-2022.75,0,TU
792.5,-2020.75,0,TU
661,-2018.75,0,TU
-1491.5,-2017.75,0,TU
-1101,-2012.25,0,TU
-1903.5,-2010.25,0,TU
505.5,-2009.75,0,TU
-1348.5,-2000.75,0,TU
-1930.5,-1996.25,0,TU
239,-1995.75,0,TU
-2080,-1991.75,0,TU
-935.5,-1991.25,0,TU
1115.5,-1991.25,0,TU
412.5,-1984.75,0,TU
-1545.5,-1981.75,0,TU
-1991.5,-1981.25,0,TU
-1480,-1979.75,0,TU
-1831,-1977.25,0,TU
-1519.5,-1971.25,0,TU
-309,-1971.25,0,TU
632,-1971.25,0,TU
-327.5,-1964.75,0,TU
-1611.5,-1963.75,0,TU
-1118.5,-1962.25,0,TU
-1224,-1961.75,0,TU
201.5,-1952.25,0,TU
544.5,-1949.75,0,TU
-1917.5,-1941.75,0,TU
-1806.5,-1937.75,0,TU
-652.5,-1936.75,0,TU
-2195.5,-1926.25,0,TU
-2016.5,-1923.75,0,TU
575.5,-1922.75,0,TU
1041,-1919.75,0,TU
1375.5,-1914.25,0,TU
-1375,-1904.25,0,TU
-1868.5,-1902.25,0,TU
-891.5,-1900.75,0,TU
-1179.5,-1899.75,0,TU
-1198.5,-1898.25,0,TU
1368,-1897.75,0,TU
-1085.5,-1896.75,0,TU
-1061,-1895.75,0,TU
-1394.5,-1891.75,0,TU
1183,-1880.75,0,TU
1334.5,-1875.25,0,TU
-1259.5,-1873.75,0,TU
-2192.5,-1873.25,0,TU
1271,-1872.25,0,TU
-474,-1867.25,0,TU
292.5,-1864.75,0,TU
-424.5,-1864.25,0,TU
-261.5,-1859.75,0,TU
-546.5,-1858.25,0,TU
1408,-1855.75,0,TU
-447,-1849.75,0,TU
-1727,-1845.25,0,TU
1345,-1842.75,0,TU
-675.5,-1841.25,0,TU
-1828.5,-1839.25,0,TU
-1215.5,-1828.75,0,TU
-34,-1824.25,0,TU
-1236,-1823.75,0,TU
-2178.5,-1822.25,0,TU
-1918.5,-1818.75,0,TU
-1283,-1814.75,0,TU
449,-1812.75,0,TU
-2067.5,-1806.75,0,TU
-1845.5,-1806.75,0,TU
-1676.5,-1806.75,0,TU
-368.5,-1801.75,0,TU
-1740.5,-1792.75,0,TU
-1781,-1791.25,0,TU
-1921.5,-1790.25,0,TU
-1652,-1763.75,0,TU
-2011,-1760.25,0,TU
1625,-1746.25,0,TU
-434.5,-1741.25,0,TU
-1172,-1736.75,0,TU
-1771.5,-1734.75,0,TU
-1261,-1723.75,0,TU
-1948.5,-1722.25,0,TU
1238.5,-1721.25,0,TU
-1473,-1720.25,0,TU
-1940.5,-1706.75,0,TU
-1897.5,-1692.75,0,TU
-2084.5,-1690.25,0,TU
-519,-1674.25,0,TU
-2068.5,-1661.25,0,TU
-1149,-1657.75,0,TU
-908,-1656.75,0,TU
-1099,-1651.25,0,TU
1274.5,-1647.75,0,TU
-1828,-1645.75,0,TU
1075.5,-1638.25,0,TU
1427,-1635.25,0,TU
-1457.5,-1633.75,0,TU
459.5,-1631.75,0,TU
-1897.5,-1626.25,0,TU
-1512,-1599.75,0,TU
191,-1596.25,0,TU
1374,-1591.75,0,TU
-360.5,-1584.25,0,TU
300.5,-1578.25,0,TU
-1534.5,-1561.25,0,TU
-1927.5,-1560.25,0,TU
-2096.5,-1559.25,0,TU
-1906.5,-1559.25,0,TU
-301,-1559.25,0,TU
303.5,-1556.25,0,TU
-1655.5,-1553.75,0,TU
1298.5,-1551.25,0,TU
-2000,-1547.75,0,TU
-94.5,-1546.75,0,TU
-1880.5,-1544.75,0,TU
-2026.5,-1539.25,0,TU
-1923,-1539.25,0,TU
-1398.5,-1534.25,0,TU
299,-1530.75,0,TU
1280,-1530.75,0,TU
-1886,-1526.75,0,TU
371,-1505.25,0,TU
-406.5,-1491.75,0,TU
-1208,-1481.75,0,TU
-2083.5,-1478.25,0,TU
-1231.5,-1476.75,0,TU
222.5,-1475.25,0,TU
-2130,-1447.25,0,TU
-288,-1430.25,0,TU
1224,-1422.25,0,TU
-1916.5,-1421.75,0,TU
-1098,-1408.75,0,TU
-29,-1408.25,0,TU
-1547.5,-1404.25,0,TU
422.5,-1403.75,0,TU
-572,-1396.75,0,TU
-622.5,-1373.75,0,TU
-1543.5,-1369.25,0,TU
-2008.5,-1368.75,0,TU
-1793.5,-1367.25,0,TU
907,-1362.25,0,TU
-752,-1352.75,0,TU
1151,-1348.25,0,TU
-614.5,-1346.75,0,TU
-526.5,-1340.75,0,TU
1449,-1330.75,0,TU
-1358.5,-1319.75,0,TU
1133.5,-1312.25,0,TU
-1886.5,-1305.25,0,TU
1394,-1304.25,0,TU
-525,-1300.75,0,TU
-1376.5,-1300.25,0,TU
-1898,-1296.25,0,TU
-599,-1295.75,0,TU
1179.5,-1288.25,0,TU
-1770.5,-1286.75,0,TU
-2008,-1283.25,0,TU
275.5,-1282.25,0,TU
-1258,-1280.75,0,TU
423.5,-1280.25,0,TU
450.5,-1270.25,0,TU
-1975.5,-1267.75,0,TU
862,-1258.75,0,TU
-1003,-1257.75,0,TU
-1785,-1252.75,0,TU
-1705,-1246.75,0,TU
1137,-1245.75,0,TU
1066.5,-1244.75,0,TU
-335.5,-1228.75,0,TU
-1194,-1225.75,0,TU
1007,-1223.25,0,TU
1021.5,-1221.75,0,TU
-607.5,-1217.25,0,TU
-88,-1212.75,0,TU
547.5,-1210.25,0,TU
1511,-1210.25,0,TU
-2000,-1209.75,0,TU
-1885,-1204.75,0,TU
-2044,-1201.25,0,TU
-1200,-1188.25,0,TU
-1960.5,-1186.75,0,TU
-1781.5,-1183.75,0,TU
1353.5,-1182.25,0,TU
714.5,-1179.25,0,TU
-129,-1178.25,0,TU
-2124,-1174.75,0,TU
541.5,-1167.25,0,TU
125.5,-1161.75,0,TU
-2111.5,-1160.75,0,TU
1207.5,-1159.75,0,TU
-493.5,-1157.75,0,TU
-1949.5,-1156.75,0,TU
-1008,-1151.75,0,TU
-1174.5,-1139.25,0,TU
-1398,-1136.25,0,TU
318,-1135.25,0,TU
1315,-1134.75,0,TU
-1368,-1131.25,0,TU
1523,-1128.25,0,TU
1559.5,-1121.25,0,TU
-1178.5,-1108.75,0,TU
16,-1106.75,0,TU
772,-1098.25,0,TU
-257,-1094.75,0,TU
968.5,-1090.25,0,TU
1310,-1089.25,0,TU
-1222.5,-1086.25,0,TU
181,-1081.75,0,TU
435.5,-1080.25,0,TU
1457.5,-1075.75,0,TU
242.5,-1074.75,0,TU
163,-1061.75,0,TU
89.5,-1061.25,0,TU
-2015,-1059.75,0,TU
-909,-1055.75,0,TU
-987.5,-1054.75,0,TU
-171,-1054.25,0,TU
-1939.5,-1052.25,0,TU
1106,-1044.25,0,TU
-9.5,-1036.25,0,TU
853.5,-1035.75,0,TU
1467,-1031.75,0,TU
-684,-1028.75,0,TU
34,-1012.75,0,TU
1265.5,-1010.25,0,TU
539,-1003.25,0,TU
-343.5,-1002.25,0,TU
-414,-1001.25,0,TU
-260.5,-1000.75,0,TU
713.5,-994.25,0,TU
-1495,-991.75,0,TU
962,-991.75,0,TU
250.5,-975.75,0,TU
124,-960.75,0,TU
1226,-956.25,0,TU
1456.5,-953.25,0,TU
-521.5,-950.25,0,TU
-271,-936.25,0,TU
667,-930.75,0,TU
462.5,-929.25,0,TU
1399.5,-920.25,0,TU
1037.5,-917.25,0,TU
-1132.5,-916.75,0,TU
1143.5,-914.25,0,TU
-277,-911.75,0,TU
108.5,-909.25,0,TU
1218.5,-905.75,0,TU
-1186.5,-894.25,0,TU
-316,-891.75,0,TU
-1576.5,-882.75,0,TU
-1724,-879.25,0,TU
-336.5,-879.25,0,TU
-1357,-877.75,0,TU
1347.5,-869.25,0,TU
-1431,-864.25,0,TU
89,-862.75,0,TU
-239,-859.25,0,TU
985.5,-853.75,0,TU
-1734.5,-852.25,0,TU
362,-852.25,0,TU
467,-850.75,0,TU
-1341.5,-832.75,0,TU
1468,-831.25,0,TU
673,-819.75,0,TU
-48.5,-817.75,0,TU
1480.5,-816.75,0,TU
-270,-814.75,0,TU
-1560,-806.75,0,TU
-1459,-806.25,0,TU
1345.5,-799.75,0,TU
-293.5,-796.25,0,TU
-1931.5,-795.25,0,TU
1078,-793.75,0,TU
-1745,-791.75,0,TU
-868,-789.75,0,TU
-449,-789.25,0,TU
306.5,-784.25,0,TU
-317.5,-776.75,0,TU
1502.5,-773.75,0,TU
-1167.5,-772.25,0,TU
-291.5,-765.25,0,TU
133.5,-761.75,0,TU
-2024.5,-757.25,0,TU
1227.5,-757.25,0,TU
1339,-756.25,0,TU
1496,-750.25,0,TU
-1027.5,-744.25,0,TU
-1041,-736.75,0,TU
1473,-735.75,0,TU
-1601,-725.75,0,TU
954.5,-725.25,0,TU
-1807.5,-722.75,0,TU
-751.5,-720.25,0,TU
-1880.5,-718.75,0,TU
-1387.5,-718.25,0,TU
1457,-709.25,0,TU
-740.5,-706.75,0,TU
-1445,-705.75,0,TU
-1480.5,-702.25,0,TU
-1532.5,-700.75,0,TU
894.5,-697.75,0,TU
-1681.5,-695.75,0,TU
-2036,-694.25,0,TU
-1906.5,-687.25,0,TU
-430.5,-679.75,0,TU
-1505.5,-675.75,0,TU
-553,-675.25,0,TU
-1443,-661.75,0,TU
-1128.5,-660.75,0,TU
917.5,-653.25,0,TU
-1663.5,-650.25,0,TU
-1557.5,-642.25,0,TU
1295.5,-633.25,0,TU
284,-632.75,0,TU
1262,-631.25,0,TU
-1501,-630.25,0,TU
237.5,-625.25,0,TU
-1529.5,-622.25,0,TU
-1581.5,-621.25,0,TU
-1438,-616.75,0,TU
-1556.5,-613.75,0,TU
850.5,-608.25,0,TU
-52,-605.25,0,TU
1261.5,-602.25,0,TU
-345,-597.75,0,TU
893,-592.25,0,TU
973,-585.25,0,TU
1273,-581.25,0,TU
-1057,-580.25,0,TU
-1869.5,-576.75,0,TU
-406,-574.75,0,TU
573,-561.25,0,TU
1291.5,-558.25,0,TU
968.5,-549.25,0,TU
317,-537.75,0,TU
-127,-536.25,0,TU
-1786,-532.75,0,TU
-959.5,-532.25,0,TU
-995.5,-531.75,0,TU
842.5,-528.25,0,TU
1474,-527.25,0,TU
-1844,-520.25,0,TU
955.5,-511.25,0,TU
-1807.5,-509.25,0,TU
-1833.5,-504.25,0,TU
887,-502.25,0,TU
924.5,-502.25,0,TU
978.5,-502.25,0,TU
-1970.5,-500.25,0,TU
-1877,-494.75,0,TU
-1896.5,-491.75,0,TU
-961,-486.25,0,TU
-922,-484.25,0,TU
972.5,-480.25,0,TU
-1869,-478.25,0,TU
840,-475.75,0,TU
958.5,-470.75,0,TU
-212,-464.75,0,TU
1279.5,-450.25,0,TU
660,-446.75,0,TU
-1906.5,-441.75,0,TU
1432,-439.75,0,TU
-1942,-431.75,0,TU
-1308,-424.75,0,TU
1464.5,-421.25,0,TU
881,-417.25,0,TU
-454.5,-410.25,0,TU
1446,-408.25,0,TU
5.5,-400.75,0,TU
568.5,-396.75,0,TU
296,-391.25,0,TU
-1255.5,-383.75,0,TU
161.5,-383.25,0,TU
583,-377.25,0,TU
-121.5,-376.75,0,TU
-1814.5,-369.75,0,TU
941.5,-367.75,0,TU
863.5,-366.75,0,TU
529,-354.25,0,TU
1232,-346.25,0,TU
1524,-340.25,0,TU
939.5,-339.75,0,TU
-1715,-336.75,0,TU
1382.5,-334.25,0,TU
593.5,-329.75,0,TU
-482.5,-329.25,0,TU
-1668,-325.75,0,TU
-1311,-323.75,0,TU
652,-323.75,0,TU
-953,-312.75,0,TU
-1349.5,-311.25,0,TU
-217.5,-305.75,0,TU
1.5,-289.25,0,TU
94,-288.75,0,TU
1386,-286.75,0,TU
351.5,-283.25,0,TU
95,-268.75,0,TU
-906.5,-266.25,0,TU
363.5,-265.25,0,TU
-1175,-261.75,0,TU
-882,-255.75,0,TU
1507,-253.75,0,TU
661.5,-250.75,0,TU
-1871.5,-242.75,0,TU
941,-242.75,0,TU
-704.5,-236.25,0,TU
1466.5,-235.75,0,TU
-1150,-213.25,0,TU
1129,-204.25,0,TU
1355,-201.75,0,TU
1035.5,-200.75,0,TU
331.5,-197.25,0,TU
49,-194.25,0,TU
-658,-189.25,0,TU
1045.5,-184.75,0,TU
-177,-183.75,0,TU
-746.5,-180.25,0,TU
-221,-178.25,0,TU
85.5,-176.25,0,TU
31,-174.75,0,TU
611,-173.25,0,TU
-633.5,-169.75,0,TU
846,-157.75,0,TU
510,-156.75,0,TU
-634,-148.75,0,TU
-662.5,-143.75,0,TU
977,-141.75,0,TU
-1315,-134.75,0,TU
-839,-128.25,0,TU
-279.5,-127.25,0,TU
282.5,-127.25,0,TU
1762.5,-127.25,0,TU
823.5,-126.25,0,TU
-1733.5,-125.75,0,TU
-195.5,-117.25,0,TU
687,-115.25,0,TU
1051.5,-114.75,0,TU
810.5,-109.75,0,TU
939,-107.75,0,TU
-941.5,-106.25,0,TU
-1020,-101.25,0,TU
327,-98.75,0,TU
-1203,-93.75,0,TU
987.5,-88.75,0,TU
1285,-88.25,0,TU
1251.5,-70.25,0,TU
64.5,-68.25,0,TU
1584.5,-67.75,0,TU
724,-58.75,0,TU
-1608,-58.25,0,TU
1000.5,-57.75,0,TU
-1177.5,-53.75,0,TU
923,-45.75,0,TU
1177.5,-45.75,0,TU
-1140.5,-43.75,0,TU
1045,-36.25,0,TU
-1775,-33.75,0,TU
944,-28.75,0,TU
-67,-27.25,0,TU
1628.5,-25.25,0,TU
340,-20.75,0,TU
-1644,-19.75,0,TU
928,-19.25,0,TU
1404.5,-13.25,0,TU
955,-9.75,0,TU
1136,-7.25,0,TU
-1491.5,-4.75,0,TU
273.5,-1.75,0,TU
1593,0.75,0,TU
1829.5,1.25,0,TU
90,2.25,0,TU
-6,5.25,0,TU
772.5,5.25,0,TU
-1247.5,12.75,0,TU
981.5,17.75,0,TU
952.5,28.25,0,TU
-1032.5,28.75,0,TU
1047,34.75,0,TU
-191.5,39.75,0,TU
439.5,45.25,0,TU
-1155,52.75,0,TU
1553.5,58.75,0,TU
-394,64.25,0,TU
909,78.75,0,TU
594.5,93.25,0,TU
1243,99.75,0,TU
-383.5,109.75,0,TU
716,110.75,0,TU
616,111.75,0,TU
756.5,115.25,0,TU
931.5,115.75,0,TU
768.5,125.25,0,TU
-1619.5,129.25,0,TU
914.5,137.75,0,TU
88.5,138.75,0,TU
155.5,138.75,0,TU
1328,139.75,0,TU
-1150,144.75,0,TU
-971.5,147.75,0,TU
-1124.5,157.75,0,TU
108,157.75,0,TU
773,159.25,0,TU
646,161.75,0,TU
-43.5,166.25,0,TU
189,180.75,0,TU
1649.5,183.25,0,TU
908,184.75,0,TU
-559.5,187.25,0,TU
246.5,187.25,0,TU
878,192.25,0,TU
167,193.25,0,TU
305.5,196.75,0,TU
1115.5,197.25,0,TU
740,199.25,0,TU
-275,200.25,0,TU
932,206.25,0,TU
-821.5,207.75,0,TU
-44,210.25,0,TU
94,225.75,0,TU
263,229.75,0,TU
-437.5,236.25,0,TU
-146,239.25,0,TU
1497,250.75,0,TU
875.5,251.75,0,TU
120,252.25,0,TU
-1253,252.75,0,TU
-123.5,253.25,0,TU
459,253.75,0,TU
998.5,253.75,0,TU
-637,254.25,0,TU
240,259.75,0,TU
853.5,260.75,0,TU
-650,261.75,0,TU
1561,268.25,0,TU
412,270.25,0,TU
672.5,270.25,0,TU
448.5,272.25,0,TU
749,273.75,0,TU
250,283.25,0,TU
-1628,289.25,0,TU
646.5,292.25,0,TU
-436.5,295.25,0,TU
130.5,297.25,0,TU
849,301.75,0,TU
-479,310.75,0,TU
774.5,311.25,0,TU
632.5,324.25,0,TU
-175.5,332.75,0,TU
-988,336.75,0,TU
1224,337.75,0,TU
967,339.75,0,TU
1018,341.25,0,TU
-871.5,343.75,0,TU
818,361.25,0,TU
-407,362.25,0,TU
-293.5,366.25,0,TU
-1259.5,377.75,0,TU
-597,386.25,0,TU
-1462.5,386.75,0,TU
-513,387.25,0,TU
740,388.75,0,TU
562,391.25,0,TU
-891,399.25,0,TU
158.5,400.75,0,TU
1034,405.75,0,TU
-965,407.75,0,TU
1260,414.75,0,TU
-342,420.25,0,TU
1047.5,421.75,0,TU
587,422.75,0,TU
-1370,434.25,0,TU
630,442.75,0,TU
-608.5,443.75,0,TU
169,444.25,0,TU
1541,444.25,0,TU
13.5,447.75,0,TU
-484,451.25,0,TU
-947.5,455.75,0,TU
-421.5,457.25,0,TU
-379,457.25,0,TU
540.5,460.25,0,TU
233,461.25,0,TU
1069,461.25,0,TU
-444.5,474.75,0,TU
-228,479.25,0,TU
283.5,481.25,0,TU
-10,483.25,0,TU
116.5,483.75,0,TU
-20,495.75,0,TU
998,496.75,0,TU
-1412.5,498.75,0,TU
801.5,504.25,0,TU
-1253.5,504.75,0,TU
68.5,510.25,0,TU
965.5,517.75,0,TU
-334,527.75,0,TU
1344.5,529.75,0,TU
184,532.75,0,TU
1356.5,539.25,0,TU
-815,543.75,0,TU
-1371,554.25,0,TU
-623,558.25,0,TU
716,559.25,0,TU
511,562.75,0,TU
-1290,578.75,0,TU
-503.5,580.25,0,TU
1003,590.25,0,TU
737,591.75,0,TU
-400.5,593.75,0,TU
-654.5,594.75,0,TU
255.5,597.75,0,TU
1123.5,600.75,0,TU
-493.5,605.25,0,TU
-1175,607.25,0,TU
-882,609.75,0,TU
1462.5,610.75,0,TU
-476.5,612.25,0,TU
1011.5,614.75,0,TU
1150,614.75,0,TU
-527,618.25,0,TU
61,623.25,0,TU
235.5,633.75,0,TU
1439.5,634.25,0,TU
-857,637.25,0,TU
-874,641.25,0,TU
1302.5,646.75,0,TU
-502,657.25,0,TU
981.5,673.75,0,TU
-455,675.25,0,TU
1191.5,675.25,0,TU
1468,681.25,0,TU
1244.5,681.75,0,TU
1166.5,682.75,0,TU
-548.5,685.75,0,TU
800.5,686.25,0,TU
1133,687.75,0,TU
690.5,694.75,0,TU
-780.5,696.75,0,TU
-228,697.25,0,TU
222,697.75,0,TU
-940.5,699.75,0,TU
1028,700.75,0,TU
1169.5,701.25,0,TU
-382.5,709.75,0,TU
256,709.75,0,TU
1505.5,714.75,0,TU
745,715.75,0,TU
-1182.5,723.25,0,TU
178.5,724.75,0,TU
1253.5,728.75,0,TU
-919.5,730.75,0,TU
-750,737.25,0,TU
1341.5,737.75,0,TU
1267.5,738.75,0,TU
-869,746.25,0,TU
1164,748.75,0,TU
-1008.5,752.75,0,TU
1436.5,760.25,0,TU
869,765.25,0,TU
-824,765.75,0,TU
887.5,770.75,0,TU
1435.5,778.25,0,TU
-430.5,779.25,0,TU
334,779.75,0,TU
211,793.75,0,TU
-1125,797.25,0,TU
-1044.5,802.75,0,TU
1153,807.25,0,TU
22.5,808.25,0,TU
992,811.25,0,TU
-102.5,819.25,0,TU
1372,822.25,0,TU
-753.5,824.75,0,TU
171,827.75,0,TU
109.5,834.75,0,TU
1404.5,837.25,0,TU
954,849.75,0,TU
849,856.25,0,TU
-1201,860.25,0,TU
967,863.75,0,TU
1349.5,865.75,0,TU
-891.5,866.25,0,TU
-1231.5,868.25,0,TU
-451,871.75,0,TU
165.5,882.75,0,TU
-369,884.25,0,TU
-1197.5,894.25,0,TU
-1093.5,896.25,0,TU
191.5,906.25,0,TU
1350,911.75,0,TU
-758.5,921.75,0,TU
784,932.25,0,TU
892,932.25,0,TU
1365,937.25,0,TU
-731.5,937.75,0,TU
-69.5,939.75,0,TU
967,940.75,0,TU
850.5,948.25,0,TU
919.5,952.25,0,TU
-1160,961.75,0,TU
-37,963.75,0,TU
-269,970.75,0,TU
-94,979.75,0,TU
1026.5,981.25,0,TU
-227,985.75,0,TU
-441.5,993.25,0,TU
1273,996.25,0,TU
471,1002.25,0,TU
851,1010.75,0,TU
-1276.5,1017.25,0,TU
-861.5,1025.75,0,TU
629.5,1034.75,0,TU
838,1047.25,0,TU
929.5,1050.25,0,TU
1051.5,1057.75,0,TU
-1022,1076.75,0,TU
1281.5,1083.75,0,TU
1077.5,1092.25,0,TU
-106.5,1093.75,0,TU
-1018.5,1098.75,0,TU
662.5,1099.75,0,TU
-37,1103.75,0,TU
-1090.5,1104.75,0,TU
1017.5,1110.75,0,TU
920,1112.75,0,TU
1086,1119.25,0,TU
-630.5,1120.25,0,TU
-149,1124.25,0,TU
1059.5,1126.25,0,TU
-784,1132.25,0,TU
-982,1136.75,0,TU
1179,1139.75,0,TU
860,1141.75,0,TU
1145.5,1143.25,0,TU
-408.5,1154.75,0,TU
833,1155.75,0,TU
960,1159.25,0,TU
86.5,1172.25,0,TU
1243,1172.75,0,TU
986.5,1178.25,0,TU
130.5,1188.75,0,TU
-555,1191.25,0,TU
-802.5,1193.25,0,TU
1148.5,1198.75,0,TU
-988,1201.75,0,TU
-1161.5,1205.25,0,TU
813.5,1205.75,0,TU
1157,1219.75,0,TU
1172.5,1226.75,0,TU
821.5,1237.25,0,TU
-876.5,1244.25,0,TU
-146,1247.75,0,TU
826.5,1250.75,0,TU
-298,1265.75,0,TU
1209.5,1279.75,0,TU
-336,1291.75,0,TU
-1126.5,1292.25,0,TU
855,1293.75,0,TU
1577.5,1303.75,0,TU
1484.5,1308.25,0,TU
1317,1312.25,0,TU
-113.5,1315.25,0,TU
867.5,1317.25,0,TU
-967.5,1321.75,0,TU
1175,1325.25,0,TU
1350,1325.25,0,TU
771.5,1333.75,0,TU
1324.5,1340.25,0,TU
910.5,1346.25,0,TU
-974,1348.25,0,TU
1004,1350.25,0,TU
1069,1350.75,0,TU
1535,1351.25,0,TU
-231,1354.25,0,TU
176.5,1363.25,0,TU
-978.5,1365.75,0,TU
872,1367.75,0,TU
1269,1375.75,0,TU
-275,1378.75,0,TU
1216,1382.25,0,TU
200,1392.75,0,TU
767.5,1393.75,0,TU
1150,1394.25,0,TU
1295.5,1396.25,0,TU
-442,1401.75,0,TU
869,1403.25,0,TU
-413,1410.75,0,TU
-800,1414.25,0,TU
872,1419.25,0,TU
1231.5,1422.25,0,TU
-250.5,1425.75,0,TU
672.5,1427.75,0,TU
-517.5,1440.25,0,TU
903,1443.75,0,TU
-227,1451.75,0,TU
1151,1451.75,0,TU
1685,1454.25,0,TU
-708,1461.25,0,TU
277,1465.75,0,TU
-319.5,1474.75,0,TU
1165.5,1475.25,0,TU
-545.5,1483.75,0,TU
885,1492.25,0,TU
-560,1492.75,0,TU
1151,1501.25,0,TU
-549,1502.75,0,TU
-271,1507.25,0,TU
679.5,1515.75,0,TU
-530,1517.75,0,TU
-487,1518.75,0,TU
-1023,1523.25,0,TU
921,1530.75,0,TU
-702,1543.25,0,TU
1092,1543.25,0,TU
-1051.5,1544.25,0,TU
1137,1544.25,0,TU
1111,1546.25,0,TU
777,1555.75,0,TU
-778.5,1563.25,0,TU
1581.5,1569.75,0,TU
-1040.5,1571.75,0,TU
755.5,1573.25,0,TU
843,1580.75,0,TU
-453,1582.75,0,TU
1060,1601.75,0,TU
-940.5,1602.75,0,TU
1153.5,1604.75,0,TU
787.5,1611.25,0,TU
1050.5,1615.25,0,TU
937.5,1616.25,0,TU
-760,1620.75,0,TU
-1003,1621.75,0,TU
-948.5,1622.75,0,TU
1132,1622.75,0,TU
1473.5,1626.75,0,TU
986,1637.75,0,TU
-20.5,1644.75,0,TU
5.5,1647.75,0,TU
1563.5,1656.25,0,TU
1399,1659.75,0,TU
105.5,1660.25,0,TU
770,1669.75,0,TU
-488,1674.25,0,TU
1680,1674.75,0,TU
171.5,1680.25,0,TU
1.5,1682.25,0,TU
710,1686.25,0,TU
782,1689.25,0,TU
-681.5,1691.25,0,TU
-160.5,1692.75,0,TU
670.5,1696.25,0,TU
970.5,1702.75,0,TU
514,1705.25,0,TU
1019,1717.75,0,TU
629.5,1718.75,0,TU
877.5,1724.75,0,TU
855,1726.25,0,TU
687.5,1728.75,0,TU
1020,1734.75,0,TU
1623,1743.25,0,TU
559,1750.75,0,TU
708,1752.25,0,TU
1108,1756.75,0,TU
-555.5,1757.25,0,TU
-908,1759.75,0,TU
-517,1761.25,0,TU
795.5,1763.75,0,TU
745.5,1764.25,0,TU
-920.5,1767.75,0,TU
1088,1771.25,0,TU
804.5,1781.25,0,TU
-488,1785.25,0,TU
683.5,1785.25,0,TU
-206.5,1787.75,0,TU
-788.5,1790.25,0,TU
965.5,1794.75,0,TU
-889,1796.25,0,TU
-860,1796.75,0,TU
905,1802.25,0,TU
-145.5,1802.75,0,TU
-241,1803.25,0,TU
389,1818.25,0,TU
-706,1820.25,0,TU
-179,1830.75,0,TU
384,1833.25,0,TU
677.5,1833.25,0,TU
1731,1838.25,0,TU
880,1849.25,0,TU
167.5,1857.75,0,TU
-145.5,1864.25,0,TU
1765.5,1864.75,0,TU
12.5,1872.75,0,TU
-604.5,1877.25,0,TU
5,1886.75,0,TU
1608,1903.25,0,TU
-662.5,1920.25,0,TU
-529,1930.75,0,TU
-831.5,1931.25,0,TU
1338,1936.75,0,TU
1271.5,1938.25,0,TU
903.5,1939.25,0,TU
954.5,1946.25,0,TU
728.5,1947.75,0,TU
-372,1949.25,0,TU
1502.5,1954.75,0,TU
470.5,1965.75,0,TU
-87.5,1984.25,0,TU
561,1986.25,0,TU
786.5,1988.25,0,TU
927.5,1988.75,0,TU
909.5,1993.25,0,TU
814,1993.75,0,TU
1336.5,1994.25,0,TU
1601.5,2000.75,0,TU
511.5,2004.75,0,TU
-502,2006.25,0,TU
874,2007.75,0,TU
934.5,2012.25,0,TU
793.5,2016.25,0,TU
689.5,2016.75,0,TU
82.5,2020.75,0,TU
1533,2022.75,0,TU
981,2029.75,0,TU
556.5,2033.25,0,TU
-105.5,2051.75,0,TU
932.5,2059.25,0,TU
827.5,2067.75,0,TU
1150.5,2068.25,0,TU
1504,2068.75,0,TU
805.5,2084.25,0,TU
1436,2088.25,0,TU
1091.5,2089.75,0,TU
1276,2089.75,0,TU
1259.5,2101.75,0,TU
1522,2103.25,0,TU
-235.5,2106.75,0,TU
-128,2111.25,0,TU
284,2123.75,0,TU
1060.5,2128.25,0,TU
927,2129.75,0,TU
-366.5,2132.75,0,TU
833.5,2141.25,0,TU
965.5,2141.25,0,TU
646.5,2146.75,0,TU
-265,2148.25,0,TU
-428,2149.25,0,TU
629,2175.75,0,TU
595,2190.75,0,TU
655,2192.75,0,TU
534,2202.75,0,TU
241,2203.25,0,TU
-578,2203.75,0,TU
1280.5,2207.75,0,TU
-288,2210.25,0,TU
1561,2214.25,0,TU
1501.5,2219.75,0,TU
720,2223.75,0,TU
-30,2228.25,0,TU
850,2229.25,0,TU
817.5,2235.75,0,TU
650.5,2236.25,0,TU
932.5,2242.25,0,TU
1162.5,2242.75,0,TU
187.5,2243.75,0,TU
215,2249.25,0,TU
4,2260.75,0,TU
1609,2266.25,0,TU
1306,2266.75,0,TU
759,2272.25,0,TU
626.5,2280.25,0,TU
1597,2285.75,0,TU
566,2286.25,0,TU
-430,2289.25,0,TU
893,2290.75,0,TU
845.5,2291.25,0,TU
287,2292.25,0,TU
1381,2296.25,0,TU
212.5,2304.25,0,TU
1018.5,2312.25,0,TU
219.5,2319.25,0,TU
835,2328.25,0,TU
169.5,2329.25,0,TU
739,2329.25,0,TU
1875.5,2329.25,0,TU
1848,2330.75,0,TU
462.5,2331.75,0,TU
-139.5,2332.25,0,TU
216.5,2335.25,0,TU
1629,2341.25,0,TU
1691,2344.25,0,TU
1407.5,2347.75,0,TU
1381.5,2348.25,0,TU
-547,2355.25,0,TU
892.5,2357.25,0,TU
1423,2357.25,0,TU
346.5,2358.25,0,TU
240.5,2362.75,0,TU
646.5,2362.75,0,TU
1158,2364.25,0,TU
1470,2366.25,0,TU
469,2368.25,0,TU
-200,2370.75,0,TU
-94,2377.75,0,TU
283,2382.75,0,TU
1784.5,2396.75,0,TU
1599.5,2402.75,0,TU
841.5,2406.75,0,TU
-588.5,2412.25,0,TU
635.5,2414.25,0,TU
1040.5,2414.25,0,TU
1479,2417.25,0,TU
551.5,2419.25,0,TU
279,2421.25,0,TU
988,2423.75,0,TU
313.5,2424.25,0,TU
305,2432.75,0,TU
1055,2436.25,0,TU
280,2436.75,0,TU
-107.5,2445.25,0,TU
814,2452.75,0,TU
422,2458.25,0,TU
495.5,2458.25,0,TU
-657,2460.75,0,TU
367.5,2463.25,0,TU
564.5,2466.25,0,TU
-439,2469.75,0,TU
1428.5,2472.75,0,TU
479.5,2486.25,0,TU
692,2489.25,0,TU
972.5,2490.25,0,TU
1197.5,2493.25,0,TU
1291.5,2499.75,0,TU
495.5,2505.25,0,TU
347,2510.25,0,TU
326,2522.25,0,TU
197.5,2527.75,0,TU
432.5,2530.25,0,TU
383.5,2531.75,0,TU
943,2533.25,0,TU
476,2534.75,0,TU
-487,2536.25,0,TU
574.5,2538.25,0,TU
1009.5,2538.25,0,TU
1418.5,2544.25,0,TU
756,2548.75,0,TU
1533,2549.25,0,TU
1458,2551.75,0,TU
1612.5,2557.75,0,TU
271,2561.25,0,TU
294.5,2577.25,0,TU
1930.5,2580.75,0,TU
560.5,2584.25,0,TU
1906.5,2612.25,0,TU
-311,2616.75,0,TU
-84.5,2616.75,0,TU
412,2622.75,0,TU
894.5,2624.75,0,TU
444,2625.75,0,TU
940,2627.75,0,TU
1908,2634.25,0,TU
1332.5,2643.75,0,TU
1438,2647.25,0,TU
1195.5,2648.75,0,TU
967.5,2650.25,0,TU
1189.5,2664.75,0,TU
1703.5,2668.75,0,TU
1625.5,2671.75,0,TU
-129.5,2672.75,0,TU
546,2676.25,0,TU
958.5,2691.75,0,TU
398,2696.25,0,TU
-359.5,2696.75,0,TU
705.5,2709.25,0,TU
472.5,2725.75,0,TU
1455.5,2743.75,0,TU
667.5,2746.25,0,TU
-330.5,2754.25,0,TU
1420,2758.75,0,TU
895,2769.25,0,TU
-150,2769.75,0,TU
2159,2775.75,0,TU
408,2776.25,0,TU
989,2779.25,0,TU
62.5,2779.75,0,TU
958,2782.25,0,TU
1199,2783.25,0,TU
-103,2786.25,0,TU
1821,2787.75,0,TU
1685.5,2789.75,0,TU
217.5,2800.25,0,TU
528,2802.75,0,TU
1810,2803.25,0,TU
1734,2807.75,0,TU
591.5,2810.25,0,TU
401,2817.75,0,TU
1395,2818.25,0,TU
1419.5,2819.25,0,TU
2142.5,2823.25,0,TU
932.5,2826.75,0,TU
1365.5,2827.25,0,TU
284.5,2829.25,0,TU
626,2834.25,0,TU
180,2837.25,0,TU
884,2837.75,0,TU
962.5,2838.75,0,TU
81,2842.75,0,TU
553.5,2845.75,0,TU
468,2846.75,0,TU
391.5,2849.25,0,TU
1006,2849.25,0,TU
569.5,2851.75,0,TU
-127.5,2871.75,0,TU
-301.5,2873.25,0,TU
451.5,2875.25,0,TU
873,2876.25,0,TU
672,2879.75,0,TU
43.5,2880.25,0,TU
1639.5,2881.75,0,TU
-317,2883.25,0,TU
600,2884.25,0,TU
256,2890.75,0,TU
946.5,2892.25,0,TU
469,2893.75,0,TU
-126,2894.25,0,TU
496.5,2903.25,0,TU
977,2922.25,0,TU
721.5,2925.25,0,TU
383.5,2932.25,0,TU
1754,2932.75,0,TU
520,2942.75,0,TU
285.5,2945.75,0,TU
1503.5,2952.25,0,TU
853,2978.75,0,TU
215.5,2982.25,0,TU
1610,2984.25,0,TU
1511,2984.75,0,TU
1473.5,2985.75,0,TU
1181,2986.25,0,TU
1216.5,2993.75,0,TU
-417,3001.75,0,TU
150.5,3008.25,0,TU
1169.5,3011.75,0,TU
1472,3014.75,0,TU
513,3016.75,0,TU
1256.5,3021.25,0,TU
-9,3024.25,0,TU
395,3024.25,0,TU
1202.5,3024.75,0,TU
1165.5,3034.75,0,TU
208.5,3039.75,0,TU
-60.5,3045.25,0,TU
804,3051.75,0,TU
237.5,3052.75,0,TU
371,3054.75,0,TU
572.5,3080.25,0,TU
1582,3082.75,0,TU
812.5,3099.25,0,TU
1159,3102.75,0,TU
163,3120.25,0,TU
1126,3120.75,0,TU
1197,3128.25,0,TU
-81.5,3133.75,0,TU
882,3139.25,0,TU
-283.5,3140.75,0,TU
1172,3146.25,0,TU
583.5,3148.25,0,TU
133.5,3159.25,0,TU
1069.5,3166.75,0,TU
285,3170.75,0,TU
1208.5,3201.75,0,TU
815.5,3204.25,0,TU
428.5,3204.75,0,TU
472.5,3214.75,0,TU
-382,3220.25,0,TU
1085,3221.25,0,TU
888,3223.25,0,TU
1130.5,3229.25,0,TU
-76,3233.25,0,TU
1396,3264.25,0,TU
195.5,3265.25,0,TU
1476,3265.75,0,TU
516.5,3271.25,0,TU
537.5,3276.75,0,TU
1319.5,3276.75,0,TU
509,3282.25,0,TU
279,3284.25,0,TU
-246,3290.25,0,TU
325,3298.75,0,TU
672,3298.75,0,TU
-98.5,3304.75,0,TU
288.5,3305.75,0,TU
1089.5,3316.25,0,TU
1038.5,3323.25,0,TU
-264,3339.25,0,TU
911,3340.25,0,TU
-183.5,3349.75,0,TU
-270.5,3350.25,0,TU
1133.5,3356.25,0,TU
843,3373.25,0,TU
1041.5,3374.25,0,TU
200.5,3382.75,0,TU
1006,3391.75,0,TU
128.5,3399.75,0,TU
477.5,3405.25,0,TU
404.5,3423.75,0,TU
87.5,3427.75,0,TU
971.5,3430.25,0,TU
871,3433.75,0,TU
1058.5,3437.75,0,TU
1079.5,3443.75,0,TU
229.5,3446.25,0,TU
994.5,3448.25,0,TU
-104.5,3459.75,0,TU
463,3470.75,0,TU
1070.5,3476.25,0,TU
548,3483.25,0,TU
946,3486.25,0,TU
348,3488.75,0,TU
148.5,3492.75,0,TU
906,3501.25,0,TU
-373.5,3501.75,0,TU
978,3503.75,0,TU
-82.5,3513.25,0,TU
398.5,3513.25,0,TU
143.5,3520.25,0,TU
-114.5,3535.25,0,TU
361,3547.25,0,TU
804,3549.25,0,TU
-184.5,3554.75,0,TU
551.5,3563.75,0,TU
1196,3571.75,0,TU
997,3573.75,0,TU
309.5,3574.25,0,TU
788.5,3584.25,0,TU
576.5,3592.75,0,TU
-16.5,3603.75,0,TU
21,3607.75,0,TU
288,3615.25,0,TU
-283,3621.75,0,TU
613.5,3624.25,0,TU
636.5,3624.25,0,TU
433.5,3631.75,0,TU
959.5,3635.75,0,TU
163,3649.25,0,TU
788.5,3649.25,0,TU
561,3649.75,0,TU
-166,3655.75,0,TU
863,3662.25,0,TU
93.5,3684.25,0,TU
806.5,3695.75,0,TU
134.5,3709.75,0,TU
900,3711.25,0,TU
-55.5,3756.75,0,TU
928,3760.75,0,TU
389,3774.25,0,TU
832.5,3781.25,0,TU
1000.5,3781.75,0,TU
246,3786.75,0,TU
916,3789.25,0,TU
-37,3798.75,0,TU
96,3805.75,0,TU
807.5,3812.75,0,TU
952,3814.75,0,TU
523,3817.75,0,TU
248,3819.75,0,TU
21.5,3838.75,0,TU
235,3839.75,0,TU
175,3843.75,0,TU
834.5,3860.75,0,TU
-189,3862.75,0,TU
76,3864.75,0,TU
516.5,3865.75,0,TU
680,3865.75,0,TU
-175.5,3870.75,0,TU
53.5,3875.25,0,TU
759.5,3884.75,0,TU
867.5,3885.75,0,TU
583,3891.75,0,TU
456.5,3894.25,0,TU
-8.5,3908.75,0,TU
907,3916.25,0,TU
444,3917.75,0,TU
509.5,3918.75,0,TU
307.5,3920.25,0,TU
330,3923.75,0,TU
-28.5,3932.75,0,TU
605,3932.75,0,TU
552.5,3933.25,0,TU
226.5,3934.25,0,TU
678.5,3937.25,0,TU
132,3942.75,0,TU
695,3944.25,0,TU
514,3951.25,0,TU
677,3954.75,0,TU
323.5,3966.25,0,TU
774,3966.25,0,TU
449,3969.75,0,TU
632.5,3970.75,0,TU
915,3986.75,0,TU
655.5,3988.75,0,TU
730,3998.25,0,TU
668.5,4009.75,0,TU
200.5,4020.75,0,TU
266.5,4024.75,0,TU
665.5,4025.75,0,TU
157.5,4042.25,0,TU
454,4043.75,0,TU
298.5,4044.75,0,TU
278.5,4055.25,0,TU
313.5,4056.25,0,TU
127.5,4060.75,0,TU
31,4063.25,0,TU
402.5,4065.25,0,TU
548,4067.75,0,TU
260,4068.75,0,TU
284.5,4074.75,0,TU
28.5,4086.75,0,TU
489,4087.25,0,TU
532.5,4091.75,0,TU
316.5,4100.25,0,TU
22,4102.25,0,TU
264,4104.75,0,TU
659.5,4107.25,0,TU
641.5,4109.75,0,TU
475.5,4120.75,0,TU
605.5,4156.25,0,TU
829.5,4276.75,0,TU
746,4279.25,0,TU
697.5,4320.75,0,TU
1034,-4369.25,0,Mph
1064.5,-4330.75,0,Mph
1025.5,-4323.25,0,Mph
1029,-4296.75,0,Mph
1059.5,-4293.25,0,Mph
999.5,-4261.75,0,Mph
1116.5,-4218.75,0,Mph
1071.5,-4217.75,0,Mph
1089.5,-4209.25,0,Mph
1044.5,-4170.75,0,Mph
1000.5,-4168.25,0,Mph
1029.5,-4147.75,0,Mph
994,-4114.75,0,Mph
1089,-4108.25,0,Mph
1103,-4095.75,0,Mph
1024.5,-4089.25,0,Mph
1045.5,-4082.75,0,Mph
1117.5,-4081.25,0,Mph
1152,-4062.25,0,Mph
1075,-4061.75,0,Mph
1169.5,-4049.75,0,Mph
1038.5,-4043.75,0,Mph
1139.5,-4032.75,0,Mph
1152.5,-4022.75,0,Mph
1039.5,-4003.25,0,Mph
1072.5,-3988.75,0,Mph
1105.5,-3990.75,0,Mph
1058,-3937.25,0,Mph
1138,-3936.75,0,Mph
1018.5,-3916.25,0,Mph
989,-3918.75,0,Mph
1135.5,-3911.25,0,Mph
1001,-3904.75,0,Mph
1140,-3882.75,0,Mph
1024,-3870.75,0,Mph
1086,-3856.75,0,Mph
1111,-3845.25,0,Mph
1083,-3842.25,0,Mph
1043.5,-3816.25,0,Mph
1085.5,-3818.75,0,Mph
1183,-3815.75,0,Mph
1014,-3786.75,0,Mph
1164,-3779.75,0,Mph
1078,-3772.25,0,Mph
1176,-3768.25,0,Mph
1103,-3760.75,0,Mph
1001,-3751.75,0,Mph
1208,-3752.25,0,Mph
1213,-3723.75,0,Mph
1228,-3677.25,0,Mph
-801.5,-4092.75,0,Mph
-676,-4092.25,0,Mph
-764.5,-4086.75,0,Mph
-782,-4088.75,0,Mph
-800,-4065.25,0,Mph
-753,-4068.25,0,Mph
-880,-4057.75,0,Mph
-768,-4061.25,0,Mph
-856.5,-4058.25,0,Mph
-774,-4041.75,0,Mph
-904.5,-4044.25,0,Mph
-861.5,-4032.75,0,Mph
-741.5,-4031.75,0,Mph
-923.5,-4030.25,0,Mph
-897.5,-4028.25,0,Mph
-1048.5,-4025.75,0,Mph
-1029.5,-4025.75,0,Mph
-692.5,-4019.75,0,Mph
-885.5,-4009.75,0,Mph
-688,-3997.75,0,Mph
-995.5,-3991.75,0,Mph
-876.5,-3991.75,0,Mph
-1160,-3982.75,0,Mph
-698,-3985.25,0,Mph
-779.5,-3973.75,0,Mph
-1054,-3977.25,0,Mph
-985,-3975.75,0,Mph
-1035.5,-3967.25,0,Mph
-743.5,-3969.75,0,Mph
-686,-3969.25,0,Mph
-1070,-3953.25,0,Mph
-1235.5,-3955.75,0,Mph
-674.5,-3949.25,0,Mph
-755,-3946.25,0,Mph
-908,-3949.25,0,Mph
-883,-3946.25,0,Mph
-723,-3934.25,0,Mph
-665.5,-3932.25,0,Mph
-884,-3925.75,0,Mph
-1009.5,-3924.25,0,Mph
-1311.5,-3918.75,0,Mph
-966.5,-3917.25,0,Mph
-652.5,-3915.25,0,Mph
-758.5,-3910.75,0,Mph
-996.5,-3905.75,0,Mph
-1303.5,-3898.75,0,Mph
-1022,-3893.75,0,Mph
-981.5,-3888.75,0,Mph
-997,-3876.75,0,Mph
-1351.5,-3875.25,0,Mph
-690,-3867.75,0,Mph
-1402.5,-3873.75,0,Mph
-626.5,-3860.75,0,Mph
-1198.5,-3865.25,0,Mph
-1389.5,-3862.75,0,Mph
-979.5,-3859.25,0,Mph
-1009.5,-3850.25,0,Mph
-672.5,-3837.75,0,Mph
-646.5,-3826.75,0,Mph
-997.5,-3820.25,0,Mph
-708,-3816.25,0,Mph
-973.5,-3811.75,0,Mph
-1076.5,-3810.25,0,Mph
-748.5,-3807.75,0,Mph
-1020.5,-3804.25,0,Mph
-639.5,-3800.75,0,Mph
-1244,-3798.75,0,Mph
-849.5,-3788.25,0,Mph
-1381,-3787.25,0,Mph
-811.5,-3787.75,0,Mph
-982.5,-3786.75,0,Mph
-1084.5,-3786.75,0,Mph
-1324,-3781.25,0,Mph
-1191,-3778.75,0,Mph
-828.5,-3766.75,0,Mph
-707,-3772.75,0,Mph
-1168,-3769.75,0,Mph
-627.5,-3776.25,0,Mph
-1097.5,-3762.25,0,Mph
-643,-3753.25,0,Mph
-1371,-3762.25,0,Mph
-777.5,-3760.75,0,Mph
-910.5,-3757.75,0,Mph
-1223,-3743.25,0,Mph
-778.5,-3737.75,0,Mph
-1344,-3741.25,0,Mph
-838,-3740.25,0,Mph
-1079,-3740.75,0,Mph
-1315.5,-3731.25,0,Mph
-755.5,-3733.75,0,Mph
-1253,-3731.25,0,Mph
-704,-3726.25,0,Mph
-882.5,-3736.25,0,Mph
-621,-3733.75,0,Mph
-1211,-3725.75,0,Mph
-875,-3702.25,0,Mph
-819,-3720.75,0,Mph
-1134,-3715.75,0,Mph
-1335,-3709.25,0,Mph
-918.5,-3710.75,0,Mph
-630.5,-3701.75,0,Mph
-928.5,-3696.75,0,Mph
-837.5,-3697.25,0,Mph
-703.5,-3694.75,0,Mph
-1118,-3693.75,0,Mph
-788.5,-3692.75,0,Mph
-826.5,-3688.75,0,Mph
-1090,-3684.75,0,Mph
-886,-3680.25,0,Mph
-1550.5,-3843.25,0,Mph
-1510.5,-3834.25,0,Mph
-1612.5,-3806.75,0,Mph
-1587.5,-3799.25,0,Mph
-1632,-3793.75,0,Mph
-1577.5,-3772.75,0,Mph
-1601.5,-3774.25,0,Mph
-1725,-3762.75,0,Mph
-1556,-3759.75,0,Mph
-1706.5,-3749.75,0,Mph
-1606.5,-3744.75,0,Mph
-1727,-3731.75,0,Mph
-1587.5,-3735.25,0,Mph
-1840.5,-3723.25,0,Mph
-1826,-3718.25,0,Mph
-1683.5,-3712.75,0,Mph
-1660.5,-3713.75,0,Mph
-1771,-3713.75,0,Mph
-1723.5,-3709.25,0,Mph
-1642.5,-3711.75,0,Mph
-1795,-3708.75,0,Mph
-1790.5,-3690.25,0,Mph
-1681,-3689.25,0,Mph
-1848.5,-3684.75,0,Mph
1204,-3662.75,0,Mph
1243.5,-3646.25,0,Mph
1084.5,-3641.75,0,Mph
1067.5,-3626.75,0,Mph
1133.5,-3593.25,0,Mph
1278.5,-3586.25,0,Mph
1282,-3566.75,0,Mph
1004,-3561.75,0,Mph
1092,-3560.25,0,Mph
1268,-3553.25,0,Mph
986,-3539.25,0,Mph
1120,-3527.75,0,Mph
1344,-3518.25,0,Mph
1086,-3512.75,0,Mph
1202.5,-3506.75,0,Mph
1311,-3504.25,0,Mph
1337,-3498.25,0,Mph
1359,-3497.75,0,Mph
1064,-3492.25,0,Mph
1142,-3493.75,0,Mph
1164,-3478.75,0,Mph
1072.5,-3475.75,0,Mph
1104,-3478.75,0,Mph
1125,-3473.25,0,Mph
1091,-3456.25,0,Mph
1265.5,-3451.75,0,Mph
1022.5,-3453.25,0,Mph
1351,-3455.75,0,Mph
1339.5,-3441.25,0,Mph
1366,-3436.25,0,Mph
1099.5,-3433.25,0,Mph
1320,-3434.25,0,Mph
1306.5,-3427.25,0,Mph
1286.5,-3412.25,0,Mph
1023,-3415.25,0,Mph
1192,-3412.75,0,Mph
1264,-3408.75,0,Mph
1340,-3395.75,0,Mph
1322.5,-3370.25,0,Mph
1216,-3372.75,0,Mph
1194.5,-3362.75,0,Mph
1292.5,-3353.75,0,Mph
1154.5,-3349.25,0,Mph
1362,-3326.25,0,Mph
1271.5,-3319.25,0,Mph
1129,-3309.75,0,Mph
1103,-3310.75,0,Mph
1074,-3305.25,0,Mph
1256.5,-3300.75,0,Mph
1033,-3301.75,0,Mph
1325.5,-3302.25,0,Mph
1360.5,-3301.75,0,Mph
1094.5,-3291.25,0,Mph
1311,-3284.25,0,Mph
1359,-3278.25,0,Mph
1042.5,-3279.25,0,Mph
1024,-3275.25,0,Mph
1344.5,-3261.25,0,Mph
1363.5,-3257.25,0,Mph
1134,-3256.75,0,Mph
1297,-3254.75,0,Mph
1371,-3241.75,0,Mph
1258,-3231.25,0,Mph
1242,-3217.25,0,Mph
1378.5,-3216.25,0,Mph
1353,-3204.75,0,Mph
1248.5,-3194.25,0,Mph
1232,-3176.75,0,Mph
1212,-3157.25,0,Mph
1172.5,-3121.25,0,Mph
1102.5,-3033.25,0,Mph
1175.5,-2974.25,0,Mph
1109,-2929.75,0,Mph
1083,-2907.25,0,Mph
-580,-4084.75,0,Mph
-453.5,-4074.25,0,Mph
-426.5,-4064.75,0,Mph
-564,-4070.75,0,Mph
-310.5,-4065.25,0,Mph
-547.5,-4062.75,0,Mph
-338,-4057.75,0,Mph
-293,-4064.75,0,Mph
-465.5,-4047.25,0,Mph
-292.5,-4047.75,0,Mph
-445,-4039.25,0,Mph
173.5,-4042.75,0,Mph
-337,-4030.25,0,Mph
-422.5,-4032.25,0,Mph
46,-4028.75,0,Mph
-591,-4029.75,0,Mph
-467.5,-4028.25,0,Mph
-104.5,-4019.25,0,Mph
-132.5,-4012.75,0,Mph
-297.5,-4018.25,0,Mph
-328,-4009.75,0,Mph
-486,-4009.75,0,Mph
-464,-4009.75,0,Mph
-457,-3995.75,0,Mph
-257.5,-3995.75,0,Mph
-153.5,-3992.75,0,Mph
-233.5,-3992.25,0,Mph
-128,-3986.25,0,Mph
-168,-3986.75,0,Mph
-572,-3982.75,0,Mph
-40,-3979.25,0,Mph
-270,-3978.75,0,Mph
-514,-3975.75,0,Mph
-189,-3969.75,0,Mph
-138.5,-3963.25,0,Mph
-169.5,-3959.25,0,Mph
19,-3947.25,0,Mph
-256.5,-3947.25,0,Mph
-138.5,-3941.25,0,Mph
-83.5,-3946.75,0,Mph
-281,-3943.25,0,Mph
-577,-3942.25,0,Mph
-523.5,-3934.75,0,Mph
-230,-3940.75,0,Mph
-155,-3939.25,0,Mph
-605.5,-3931.75,0,Mph
-173,-3925.25,0,Mph
-266.5,-3924.25,0,Mph
-226.5,-3919.75,0,Mph
-49,-3913.75,0,Mph
-546.5,-3911.25,0,Mph
-462.5,-3912.25,0,Mph
-498.5,-3907.75,0,Mph
-265,-3906.75,0,Mph
-479.5,-3903.25,0,Mph
-593.5,-3900.25,0,Mph
-565,-3902.75,0,Mph
-556,-3889.25,0,Mph
-585,-3884.25,0,Mph
-67,-3887.25,0,Mph
-470.5,-3885.75,0,Mph
-451.5,-3883.25,0,Mph
-357,-3881.25,0,Mph
136,-3876.75,0,Mph
-233,-3862.75,0,Mph
8,-3867.75,0,Mph
-87,-3861.75,0,Mph
143,-3862.75,0,Mph
-141,-3855.25,0,Mph
73,-3858.25,0,Mph
-13,-3854.25,0,Mph
95.5,-3856.25,0,Mph
15,-3843.75,0,Mph
-179,-3843.75,0,Mph
142.5,-3839.75,0,Mph
-270.5,-3836.25,0,Mph
-138,-3834.25,0,Mph
-492.5,-3832.25,0,Mph
-222,-3828.75,0,Mph
-198.5,-3830.75,0,Mph
165,-3828.75,0,Mph
-0.5,-3824.25,0,Mph
-296,-3826.75,0,Mph
-511,-3815.75,0,Mph
-469,-3817.25,0,Mph
-378.5,-3819.25,0,Mph
-90.5,-3813.25,0,Mph
81,-3807.75,0,Mph
-211,-3806.75,0,Mph
20.5,-3805.25,0,Mph
49.5,-3806.25,0,Mph
-59,-3798.25,0,Mph
-369.5,-3801.75,0,Mph
144,-3800.25,0,Mph
-521,-3794.25,0,Mph
37.5,-3797.25,0,Mph
-325,-3791.25,0,Mph
-479.5,-3783.75,0,Mph
-611.5,-3788.25,0,Mph
-590.5,-3782.75,0,Mph
-262.5,-3780.25,0,Mph
28,-3783.75,0,Mph
-531,-3779.25,0,Mph
168,-3768.75,0,Mph
-296.5,-3768.25,0,Mph
146.5,-3771.25,0,Mph
68.5,-3767.25,0,Mph
-582,-3765.25,0,Mph
27.5,-3763.25,0,Mph
-490.5,-3754.25,0,Mph
-522.5,-3755.75,0,Mph
-174.5,-3754.25,0,Mph
-567,-3741.25,0,Mph
-317,-3752.25,0,Mph
-472,-3742.75,0,Mph
-448.5,-3746.75,0,Mph
58,-3735.25,0,Mph
148,-3742.25,0,Mph
-310,-3727.25,0,Mph
-411.5,-3723.25,0,Mph
-289.5,-3726.75,0,Mph
-371,-3725.25,0,Mph
-328,-3726.75,0,Mph
151.5,-3722.25,0,Mph
-493.5,-3724.75,0,Mph
-279.5,-3712.75,0,Mph
-2,-3709.25,0,Mph
-395.5,-3702.75,0,Mph
13,-3700.75,0,Mph
-265.5,-3698.75,0,Mph
-291.5,-3690.25,0,Mph
-608.5,-3684.25,0,Mph
-499.5,-3682.25,0,Mph
-259.5,-3681.25,0,Mph
-534,-3680.25,0,Mph
873.5,-4429.75,0,Mph
932,-4427.75,0,Mph
961.5,-4394.75,0,Mph
903.5,-4380.75,0,Mph
855.5,-4365.75,0,Mph
977,-4367.75,0,Mph
959,-4334.25,0,Mph
803,-4324.25,0,Mph
891.5,-4319.25,0,Mph
856.5,-4318.25,0,Mph
935,-4311.75,0,Mph
965,-4313.75,0,Mph
842.5,-4306.25,0,Mph
898,-4292.25,0,Mph
953.5,-4291.25,0,Mph
967.5,-4283.75,0,Mph
839,-4270.25,0,Mph
692.5,-4264.75,0,Mph
876.5,-4260.25,0,Mph
645.5,-4259.25,0,Mph
827.5,-4239.75,0,Mph
724,-4235.75,0,Mph
578.5,-4230.75,0,Mph
655,-4222.25,0,Mph
666,-4208.25,0,Mph
635,-4206.75,0,Mph
832.5,-4204.75,0,Mph
716,-4190.25,0,Mph
884,-4194.75,0,Mph
406.5,-4195.25,0,Mph
803.5,-4187.75,0,Mph
426.5,-4191.75,0,Mph
577.5,-4188.75,0,Mph
760.5,-4188.25,0,Mph
982.5,-4181.75,0,Mph
783.5,-4180.25,0,Mph
949.5,-4175.25,0,Mph
928,-4172.75,0,Mph
562,-4168.25,0,Mph
603,-4161.25,0,Mph
667.5,-4152.25,0,Mph
321.5,-4151.75,0,Mph
252,-4148.75,0,Mph
956.5,-4148.25,0,Mph
534,-4133.75,0,Mph
966,-4133.25,0,Mph
326,-4133.75,0,Mph
673,-4123.25,0,Mph
325,-4117.25,0,Mph
431.5,-4123.75,0,Mph
391.5,-4117.25,0,Mph
914.5,-4111.75,0,Mph
395,-4100.75,0,Mph
510,-4098.75,0,Mph
641,-4088.75,0,Mph
771.5,-4083.25,0,Mph
482.5,-4077.25,0,Mph
568.5,-4071.25,0,Mph
335,-4056.75,0,Mph
966,-4065.75,0,Mph
845,-4064.75,0,Mph
386,-4060.25,0,Mph
314,-4039.25,0,Mph
438,-4052.25,0,Mph
816.5,-4049.75,0,Mph
597,-4039.25,0,Mph
389,-4035.75,0,Mph
274,-4021.75,0,Mph
350.5,-4028.25,0,Mph
236.5,-4028.75,0,Mph
332.5,-4024.75,0,Mph
819,-4021.75,0,Mph
598.5,-4016.25,0,Mph
481,-4012.75,0,Mph
360.5,-4004.75,0,Mph
781,-3987.25,0,Mph
358.5,-3978.75,0,Mph
643,-3979.25,0,Mph
467.5,-3977.75,0,Mph
837,-3965.25,0,Mph
581.5,-3962.25,0,Mph
519.5,-3962.25,0,Mph
342,-3951.25,0,Mph
465,-3948.25,0,Mph
496,-3951.75,0,Mph
678,-3937.75,0,Mph
816.5,-3935.25,0,Mph
276,-3930.75,0,Mph
250.5,-3925.25,0,Mph
623.5,-3918.25,0,Mph
843,-3922.25,0,Mph
474,-3917.25,0,Mph
214.5,-3918.25,0,Mph
503.5,-3911.75,0,Mph
525.5,-3905.75,0,Mph
556,-3903.75,0,Mph
809.5,-3888.25,0,Mph
192,-3887.75,0,Mph
774,-3889.25,0,Mph
974.5,-3889.25,0,Mph
213.5,-3879.25,0,Mph
561.5,-3879.75,0,Mph
579.5,-3868.75,0,Mph
698.5,-3865.75,0,Mph
670,-3856.25,0,Mph
187,-3858.75,0,Mph
218,-3851.75,0,Mph
253,-3844.25,0,Mph
742.5,-3839.75,0,Mph
596.5,-3843.25,0,Mph
193.5,-3842.75,0,Mph
709.5,-3835.75,0,Mph
335,-3833.75,0,Mph
312.5,-3833.25,0,Mph
778,-3833.75,0,Mph
195.5,-3823.25,0,Mph
450,-3827.25,0,Mph
239.5,-3813.75,0,Mph
314.5,-3809.25,0,Mph
357,-3807.75,0,Mph
595,-3807.25,0,Mph
653.5,-3805.75,0,Mph
693,-3806.75,0,Mph
347.5,-3795.75,0,Mph
536,-3789.25,0,Mph
603,-3785.25,0,Mph
568.5,-3787.75,0,Mph
677,-3780.25,0,Mph
651,-3781.75,0,Mph
895.5,-3776.75,0,Mph
295.5,-3773.25,0,Mph
558,-3769.25,0,Mph
208.5,-3768.75,0,Mph
432,-3772.25,0,Mph
538.5,-3767.25,0,Mph
509,-3763.25,0,Mph
654.5,-3761.75,0,Mph
541,-3744.75,0,Mph
591.5,-3743.75,0,Mph
358,-3744.25,0,Mph
614.5,-3728.75,0,Mph
327,-3722.75,0,Mph
813,-3718.25,0,Mph
367,-3721.75,0,Mph
440,-3711.25,0,Mph
402,-3709.25,0,Mph
605.5,-3706.75,0,Mph
566,-3692.25,0,Mph
378.5,-3688.75,0,Mph
467,-3690.25,0,Mph
594.5,-3690.25,0,Mph
285.5,-3678.25,0,Mph
11,-3670.25,0,Mph
-617,-3668.75,0,Mph
-362.5,-3662.75,0,Mph
-490.5,-3662.25,0,Mph
-521,-3661.75,0,Mph
-162.5,-3658.75,0,Mph
-252.5,-3652.25,0,Mph
-536.5,-3659.75,0,Mph
-596,-3654.75,0,Mph
-318,-3651.25,0,Mph
-475.5,-3634.25,0,Mph
-585,-3631.75,0,Mph
47,-3634.25,0,Mph
72.5,-3629.25,0,Mph
137,-3624.25,0,Mph
-492,-3617.75,0,Mph
-348.5,-3616.75,0,Mph
-417.5,-3618.25,0,Mph
110.5,-3614.75,0,Mph
-195.5,-3603.25,0,Mph
26.5,-3608.75,0,Mph
84,-3613.75,0,Mph
-381.5,-3594.75,0,Mph
-103,-3596.75,0,Mph
129.5,-3587.25,0,Mph
-89.5,-3590.25,0,Mph
161.5,-3588.75,0,Mph
-448,-3583.75,0,Mph
-272,-3584.75,0,Mph
-139,-3585.25,0,Mph
-76.5,-3584.75,0,Mph
-561,-3582.75,0,Mph
-163.5,-3581.25,0,Mph
49,-3574.25,0,Mph
-291,-3566.25,0,Mph
-541.5,-3568.25,0,Mph
-244,-3569.75,0,Mph
-170.5,-3568.75,0,Mph
-64.5,-3569.75,0,Mph
-351,-3562.75,0,Mph
-510.5,-3564.25,0,Mph
-165.5,-3554.25,0,Mph
-142.5,-3554.75,0,Mph
22,-3549.25,0,Mph
-17.5,-3550.75,0,Mph
-184,-3548.75,0,Mph
129,-3541.75,0,Mph
-330.5,-3539.75,0,Mph
-291.5,-3541.75,0,Mph
-271,-3536.75,0,Mph
-172.5,-3535.25,0,Mph
-250,-3536.25,0,Mph
-138,-3527.25,0,Mph
-559,-3528.75,0,Mph
-526.5,-3528.25,0,Mph
-242,-3520.25,0,Mph
-351,-3519.75,0,Mph
-171.5,-3512.25,0,Mph
-517,-3516.25,0,Mph
-314.5,-3515.25,0,Mph
-331,-3507.25,0,Mph
-190.5,-3507.75,0,Mph
-461,-3503.25,0,Mph
-295,-3507.75,0,Mph
-229,-3506.25,0,Mph
-496.5,-3502.75,0,Mph
-95,-3495.25,0,Mph
-378.5,-3498.25,0,Mph
-66.5,-3494.25,0,Mph
-553,-3490.25,0,Mph
-112,-3490.75,0,Mph
-416,-3485.25,0,Mph
-198,-3481.75,0,Mph
141.5,-3479.75,0,Mph
-397,-3459.25,0,Mph
-213.5,-3461.75,0,Mph
131,-3462.75,0,Mph
-180.5,-3453.75,0,Mph
-32.5,-3458.25,0,Mph
-150,-3462.25,0,Mph
-96,-3455.25,0,Mph
-72,-3458.75,0,Mph
-336.5,-3445.75,0,Mph
-418.5,-3452.25,0,Mph
-150,-3445.75,0,Mph
-78,-3436.75,0,Mph
-429,-3439.75,0,Mph
-304,-3433.25,0,Mph
-211,-3427.75,0,Mph
-247.5,-3429.75,0,Mph
-404.5,-3422.25,0,Mph
-278,-3427.25,0,Mph
-63,-3419.25,0,Mph
-442,-3423.25,0,Mph
-113.5,-3417.25,0,Mph
-347.5,-3416.25,0,Mph
-145.5,-3411.25,0,Mph
50,-3404.75,0,Mph
-386,-3407.25,0,Mph
-438,-3394.25,0,Mph
-308,-3391.25,0,Mph
77,-3381.75,0,Mph
-476,-3384.75,0,Mph
-409.5,-3382.25,0,Mph
-215,-3378.25,0,Mph
-38,-3380.75,0,Mph
-65,-3382.25,0,Mph
107,-3376.75,0,Mph
-141,-3373.75,0,Mph
50.5,-3371.75,0,Mph
-322.5,-3366.25,0,Mph
-399.5,-3367.75,0,Mph
153,-3359.25,0,Mph
-436,-3351.75,0,Mph
164,-3343.75,0,Mph
-343,-3338.75,0,Mph
-181.5,-3340.25,0,Mph
-37,-3330.75,0,Mph
20.5,-3332.75,0,Mph
57.5,-3329.25,0,Mph
174.5,-3325.75,0,Mph
-326,-3328.25,0,Mph
-485.5,-3325.25,0,Mph
-397,-3319.75,0,Mph
-239.5,-3313.75,0,Mph
-48.5,-3312.25,0,Mph
-213.5,-3302.25,0,Mph
-433,-3298.75,0,Mph
-181.5,-3290.25,0,Mph
-343,-3291.75,0,Mph
-466,-3289.75,0,Mph
-608,-3285.25,0,Mph
-494.5,-3286.75,0,Mph
-216,-3276.75,0,Mph
-334.5,-3267.75,0,Mph
-516,-3270.25,0,Mph
-489,-3264.75,0,Mph
-254.5,-3265.75,0,Mph
-424,-3261.75,0,Mph
-531,-3255.25,0,Mph
-184,-3256.75,0,Mph
-238,-3250.25,0,Mph
-585,-3253.75,0,Mph
-213.5,-3245.75,0,Mph
-517.5,-3240.75,0,Mph
-340,-3245.75,0,Mph
-491,-3238.25,0,Mph
-376,-3234.25,0,Mph
-399,-3227.75,0,Mph
-113.5,-3225.75,0,Mph
-477.5,-3225.75,0,Mph
-235.5,-3224.75,0,Mph
-85.5,-3219.75,0,Mph
-13.5,-3220.25,0,Mph
-57,-3209.75,0,Mph
-314,-3209.75,0,Mph
-390.5,-3194.75,0,Mph
-337.5,-3200.25,0,Mph
-180,-3202.25,0,Mph
-121,-3192.25,0,Mph
95.5,-3188.75,0,Mph
-153,-3193.25,0,Mph
-198,-3187.25,0,Mph
-42,-3186.75,0,Mph
-239,-3177.25,0,Mph
-473.5,-3183.25,0,Mph
-373,-3179.75,0,Mph
-430,-3181.25,0,Mph
-306,-3174.25,0,Mph
-420,-3172.75,0,Mph
-457,-3170.75,0,Mph
-417,-3155.25,0,Mph
-341.5,-3160.25,0,Mph
-395,-3148.75,0,Mph
-159.5,-3146.75,0,Mph
-327,-3145.75,0,Mph
-8.5,-3142.25,0,Mph
-350,-3141.25,0,Mph
-383,-3136.25,0,Mph
-133,-3135.25,0,Mph
-224.5,-3132.25,0,Mph
-79.5,-3121.25,0,Mph
-110,-3115.75,0,Mph
104.5,-3107.25,0,Mph
-539,-3106.75,0,Mph
12.5,-3105.25,0,Mph
-92.5,-3093.25,0,Mph
-410,-3091.25,0,Mph
-403,-3075.25,0,Mph
-601.5,-3074.25,0,Mph
-484.5,-3065.75,0,Mph
-431.5,-3061.75,0,Mph
-123,-3063.25,0,Mph
-496,-3042.75,0,Mph
-343.5,-3041.25,0,Mph
-402.5,-3040.75,0,Mph
-452.5,-3039.75,0,Mph
-514,-3033.75,0,Mph
-486.5,-3025.75,0,Mph
-592,-3029.75,0,Mph
-545,-3027.75,0,Mph
-293.5,-3025.25,0,Mph
-392.5,-3024.75,0,Mph
-182.5,-3023.25,0,Mph
59,-3010.25,0,Mph
-568.5,-3012.25,0,Mph
-231,-3012.25,0,Mph
-248,-3003.75,0,Mph
-478.5,-3006.25,0,Mph
-312,-3001.25,0,Mph
-19.5,-3006.75,0,Mph
-433.5,-3000.25,0,Mph
-546.5,-2998.25,0,Mph
33,-2991.75,0,Mph
-344,-2982.75,0,Mph
-454.5,-2982.25,0,Mph
-377,-2979.25,0,Mph
-423,-2977.75,0,Mph
-315,-2973.25,0,Mph
-487.5,-2974.75,0,Mph
17.5,-2963.75,0,Mph
-31.5,-2958.25,0,Mph
-378.5,-2955.25,0,Mph
-65,-2959.75,0,Mph
-446,-2928.75,0,Mph
-423,-2927.25,0,Mph
-124.5,-2922.75,0,Mph
-466,-2913.75,0,Mph
-413.5,-2913.25,0,Mph
-194.5,-2911.25,0,Mph
-106,-2903.25,0,Mph
-253.5,-2903.25,0,Mph
39.5,-2900.75,0,Mph
-220,-2900.25,0,Mph
-400,-2904.75,0,Mph
57.5,-2898.75,0,Mph
-396,-2887.25,0,Mph
-194.5,-2887.25,0,Mph
-34.5,-2879.25,0,Mph
1023.5,-2845.75,0,Mph
1332,-2830.75,0,Mph
998.5,-2829.25,0,Mph
1395,-2811.75,0,Mph
1385,-2794.75,0,Mph
985.5,-2782.25,0,Mph
1363.5,-2782.25,0,Mph
1327.5,-2721.75,0,Mph
1070.5,-2688.75,0,Mph
1396,-2656.25,0,Mph
1342,-2626.75,0,Mph
1024,-2620.25,0,Mph
1409,-2613.75,0,Mph
1080.5,-2598.25,0,Mph
1349.5,-2602.25,0,Mph
1210,-2590.25,0,Mph
1331,-2583.75,0,Mph
1075.5,-2556.75,0,Mph
1457.5,-2533.75,0,Mph
1119,-2507.25,0,Mph
1389,-2491.25,0,Mph
1190.5,-2489.75,0,Mph
1031,-2433.25,0,Mph
1366.5,-2432.75,0,Mph
1345,-2428.75,0,Mph
1461.5,-2391.25,0,Mph
1314,-2380.75,0,Mph
1056.5,-2374.75,0,Mph
1019,-2342.75,0,Mph
1201,-2342.25,0,Mph
1206.5,-2323.75,0,Mph
1416.5,-2325.25,0,Mph
1157.5,-2312.75,0,Mph
1537.5,-2312.25,0,Mph
1571.5,-2316.25,0,Mph
1446,-2314.75,0,Mph
1510.5,-2278.25,0,Mph
1594.5,-2270.75,0,Mph
1114,-2271.75,0,Mph
997.5,-2266.25,0,Mph
1470,-2259.75,0,Mph
1099.5,-2254.75,0,Mph
1585.5,-2253.75,0,Mph
1516,-2252.25,0,Mph
993,-2238.25,0,Mph
1600,-2243.25,0,Mph
1445,-2237.75,0,Mph
1606,-2226.25,0,Mph
1514,-2225.25,0,Mph
1600.5,-2198.75,0,Mph
1464,-2203.25,0,Mph
1143,-2194.75,0,Mph
1582,-2181.25,0,Mph
1565.5,-2168.75,0,Mph
1592.5,-2164.75,0,Mph
985,-2152.75,0,Mph
1127,-2146.75,0,Mph
1626,-2145.25,0,Mph
1267,-2138.25,0,Mph
1537,-2122.75,0,Mph
1560.5,-2125.75,0,Mph
1601,-2099.25,0,Mph
1109.5,-2084.25,0,Mph
1130.5,-2084.25,0,Mph
1620,-2078.75,0,Mph
-1921.5,-3669.75,0,Mph
-1766.5,-3673.25,0,Mph
-1716,-3670.25,0,Mph
-1668,-3664.75,0,Mph
-1844,-3663.75,0,Mph
-1875,-3658.25,0,Mph
-1690.5,-3652.25,0,Mph
-1855.5,-3654.75,0,Mph
-1772,-3653.75,0,Mph
-1902,-3652.25,0,Mph
-1938.5,-3648.25,0,Mph
-1755.5,-3642.25,0,Mph
-1671.5,-3641.75,0,Mph
-1489.5,-3636.75,0,Mph
-1610.5,-3639.25,0,Mph
-1627,-3627.75,0,Mph
-1897.5,-3628.75,0,Mph
-1440.5,-3617.75,0,Mph
-1705,-3612.75,0,Mph
-1583,-3617.75,0,Mph
-1488,-3610.25,0,Mph
-1461.5,-3607.75,0,Mph
-1978,-3605.75,0,Mph
-1890.5,-3601.75,0,Mph
-1960.5,-3606.25,0,Mph
-2042,-3596.75,0,Mph
-1958,-3590.25,0,Mph
-1758,-3592.25,0,Mph
-1604.5,-3589.75,0,Mph
-1542,-3574.25,0,Mph
-1856.5,-3572.25,0,Mph
-1936,-3571.75,0,Mph
-2045,-3568.75,0,Mph
-2070,-3564.25,0,Mph
-1957.5,-3560.75,0,Mph
-2026,-3554.25,0,Mph
-1975.5,-3551.25,0,Mph
-1765,-3545.75,0,Mph
-2057,-3533.25,0,Mph
-1934.5,-3541.75,0,Mph
-1861,-3540.25,0,Mph
-1496.5,-3535.25,0,Mph
-1745,-3531.25,0,Mph
-1673,-3534.25,0,Mph
-1879,-3535.25,0,Mph
-1717,-3532.75,0,Mph
-1774,-3532.75,0,Mph
-1628.5,-3519.75,0,Mph
-1855,-3517.75,0,Mph
-2078,-3517.75,0,Mph
-2044.5,-3515.25,0,Mph
-1674.5,-3512.25,0,Mph
-1764,-3511.75,0,Mph
-1580.5,-3503.25,0,Mph
-1646,-3508.25,0,Mph
-1627.5,-3494.75,0,Mph
-2093,-3496.25,0,Mph
-1937,-3502.25,0,Mph
-1740,-3504.75,0,Mph
-1673.5,-3490.25,0,Mph
-1611.5,-3489.25,0,Mph
-1695.5,-3484.25,0,Mph
-1935,-3481.25,0,Mph
-2080,-3474.75,0,Mph
-1984.5,-3469.75,0,Mph
-1574,-3452.25,0,Mph
-1662.5,-3460.75,0,Mph
-1939,-3460.75,0,Mph
-1895,-3462.75,0,Mph
-2102,-3459.75,0,Mph
-1964,-3452.25,0,Mph
-2113.5,-3450.75,0,Mph
-1677.5,-3440.75,0,Mph
-1945.5,-3439.25,0,Mph
-1895,-3441.25,0,Mph
-1972,-3435.75,0,Mph
-1601,-3433.75,0,Mph
-1772,-3426.75,0,Mph
-1532.5,-3423.25,0,Mph
-1660.5,-3418.75,0,Mph
-2103.5,-3417.75,0,Mph
-2084,-3416.25,0,Mph
-1895,-3414.25,0,Mph
-1509.5,-3397.25,0,Mph
-2096,-3396.25,0,Mph
-1700,-3394.75,0,Mph
-1642.5,-3396.25,0,Mph
-1933,-3390.25,0,Mph
-1911,-3389.25,0,Mph
-2061,-3375.25,0,Mph
-1446,-3372.25,0,Mph
-1965.5,-3369.75,0,Mph
-2107,-3361.75,0,Mph
-1622,-3355.75,0,Mph
-2000,-3357.25,0,Mph
-1433,-3343.25,0,Mph
-1980,-3354.75,0,Mph
-2131,-3349.25,0,Mph
-2086,-3347.25,0,Mph
-1957,-3350.25,0,Mph
-1542,-3331.25,0,Mph
-1633.5,-3325.75,0,Mph
-2110.5,-3317.25,0,Mph
-1645.5,-3316.75,0,Mph
-2082.5,-3313.25,0,Mph
-1983.5,-3305.25,0,Mph
-1611,-3308.25,0,Mph
-1903.5,-3306.25,0,Mph
-2102,-3302.25,0,Mph
-1684,-3290.75,0,Mph
-1804.5,-3285.25,0,Mph
-1631,-3280.25,0,Mph
-1762.5,-3275.75,0,Mph
-2129,-3268.25,0,Mph
-1647,-3266.75,0,Mph
-2099.5,-3267.25,0,Mph
-1629,-3257.25,0,Mph
-1854,-3256.75,0,Mph
-1937,-3250.75,0,Mph
-1534.5,-3242.75,0,Mph
-1884,-3244.75,0,Mph
-1637.5,-3236.75,0,Mph
-1979,-3238.75,0,Mph
-1718.5,-3228.25,0,Mph
-1587.5,-3222.75,0,Mph
-1700,-3219.75,0,Mph
-1678,-3210.25,0,Mph
-2135.5,-3203.25,0,Mph
-1494.5,-3188.75,0,Mph
-1654,-3200.25,0,Mph
-1417.5,-3197.75,0,Mph
-1518.5,-3178.75,0,Mph
-2120,-3184.25,0,Mph
-1721,-3180.75,0,Mph
-1422,-3178.25,0,Mph
-2131,-3173.75,0,Mph
-2129.5,-3156.75,0,Mph
-1738.5,-3150.75,0,Mph
-1773.5,-3149.75,0,Mph
-2150.5,-3140.25,0,Mph
-1524.5,-3130.25,0,Mph
-2132,-3139.25,0,Mph
-1820,-3136.75,0,Mph
-2108.5,-3130.25,0,Mph
-1694,-3122.75,0,Mph
-2131.5,-3116.25,0,Mph
-1722.5,-3116.25,0,Mph
-2105,-3110.25,0,Mph
-1828,-3109.75,0,Mph
-1755.5,-3112.75,0,Mph
-2156.5,-3107.25,0,Mph
-1533,-3095.75,0,Mph
-2091,-3070.25,0,Mph
-2076,-3056.25,0,Mph
-1505,-3052.25,0,Mph
-1459,-3056.25,0,Mph
-2108.5,-3048.25,0,Mph
-2039.5,-3048.75,0,Mph
-1812.5,-3041.25,0,Mph
-1554.5,-3043.25,0,Mph
-1747.5,-3040.25,0,Mph
-1535.5,-3022.25,0,Mph
-2037.5,-3011.75,0,Mph
-1722,-3003.25,0,Mph
-1418.5,-3002.75,0,Mph
-1955,-2996.75,0,Mph
-2054.5,-2992.75,0,Mph
-2037,-2983.75,0,Mph
-1942,-2988.25,0,Mph
-1722,-2974.75,0,Mph
-2079.5,-2975.25,0,Mph
-1781,-2974.25,0,Mph
-1893,-2972.75,0,Mph
-1916,-2970.25,0,Mph
-1993,-2968.25,0,Mph
-2093.5,-2966.25,0,Mph
-1947.5,-2962.25,0,Mph
-1767.5,-2961.75,0,Mph
-2079,-2956.25,0,Mph
-1926,-2947.25,0,Mph
-1903.5,-2942.75,0,Mph
-1787.5,-2940.25,0,Mph
-1750,-2935.25,0,Mph
-1806,-2932.75,0,Mph
-1773,-2927.25,0,Mph
-1650,-2925.25,0,Mph
-1938.5,-2922.25,0,Mph
-2093.5,-2918.75,0,Mph
-2052.5,-2909.75,0,Mph
-1486.5,-2917.25,0,Mph
-1781.5,-2914.25,0,Mph
-1708,-2913.25,0,Mph
-1634.5,-2908.25,0,Mph
-1978,-2907.75,0,Mph
-1561.5,-2896.25,0,Mph
-1526.5,-2894.25,0,Mph
-1777.5,-2889.25,0,Mph
-1749.5,-2895.25,0,Mph
-1796.5,-2893.75,0,Mph
-2094,-2890.75,0,Mph
-1951.5,-2890.25,0,Mph
-2048,-2881.25,0,Mph
-1743,-2875.25,0,Mph
-2071.5,-2878.75,0,Mph
-778,-3674.75,0,Mph
-1221.5,-3673.25,0,Mph
-1103,-3671.25,0,Mph
-961,-3665.75,0,Mph
-1122.5,-3661.25,0,Mph
-942,-3650.75,0,Mph
-760.5,-3653.25,0,Mph
-912.5,-3645.75,0,Mph
-1133,-3648.75,0,Mph
-856.5,-3645.25,0,Mph
-1161,-3640.25,0,Mph
-1113.5,-3625.25,0,Mph
-1090.5,-3621.25,0,Mph
-785.5,-3628.75,0,Mph
-866,-3623.25,0,Mph
-1273,-3616.25,0,Mph
-885,-3618.25,0,Mph
-833,-3613.25,0,Mph
-1186,-3611.25,0,Mph
-741.5,-3611.75,0,Mph
-869.5,-3599.75,0,Mph
-1079.5,-3600.25,0,Mph
-790.5,-3601.25,0,Mph
-733.5,-3596.75,0,Mph
-846,-3586.75,0,Mph
-947.5,-3583.25,0,Mph
-779,-3574.75,0,Mph
-652,-3580.75,0,Mph
-1084,-3573.25,0,Mph
-832.5,-3560.75,0,Mph
-733.5,-3562.25,0,Mph
-1073.5,-3559.25,0,Mph
-753.5,-3559.25,0,Mph
-946,-3553.75,0,Mph
-684.5,-3550.75,0,Mph
-873,-3550.75,0,Mph
-761,-3546.75,0,Mph
-931.5,-3541.25,0,Mph
-911,-3541.75,0,Mph
-787,-3544.25,0,Mph
-648,-3546.75,0,Mph
-719.5,-3535.75,0,Mph
-892,-3541.75,0,Mph
-667,-3531.25,0,Mph
-776,-3528.25,0,Mph
-1039,-3529.25,0,Mph
-884,-3518.75,0,Mph
-977.5,-3525.75,0,Mph
-1226.5,-3526.25,0,Mph
-1054,-3506.75,0,Mph
-910.5,-3511.25,0,Mph
-1030,-3499.75,0,Mph
-785,-3502.75,0,Mph
-719.5,-3501.25,0,Mph
-815.5,-3492.25,0,Mph
-991.5,-3498.25,0,Mph
-1146.5,-3485.75,0,Mph
-790.5,-3482.75,0,Mph
-1191,-3478.75,0,Mph
-958.5,-3478.25,0,Mph
-851,-3479.75,0,Mph
-1037.5,-3468.25,0,Mph
-1162,-3462.25,0,Mph
-757.5,-3455.75,0,Mph
-1094,-3456.25,0,Mph
-1064.5,-3455.25,0,Mph
-700.5,-3455.75,0,Mph
-663,-3447.75,0,Mph
-1189,-3451.75,0,Mph
-856.5,-3457.75,0,Mph
-998,-3443.25,0,Mph
-976.5,-3436.25,0,Mph
-732.5,-3442.25,0,Mph
-858.5,-3439.25,0,Mph
-1152,-3436.75,0,Mph
-1027.5,-3433.25,0,Mph
-821,-3423.25,0,Mph
-854.5,-3415.25,0,Mph
-1166,-3420.25,0,Mph
-1094.5,-3418.75,0,Mph
-724.5,-3418.75,0,Mph
-1062.5,-3409.75,0,Mph
-815,-3403.25,0,Mph
-1000.5,-3402.25,0,Mph
-784,-3400.25,0,Mph
-1018,-3399.75,0,Mph
-1248.5,-3393.75,0,Mph
-1039,-3386.75,0,Mph
-1061.5,-3379.25,0,Mph
-797.5,-3384.25,0,Mph
-1322,-3361.75,0,Mph
-1026.5,-3360.75,0,Mph
-642,-3360.25,0,Mph
-631,-3335.25,0,Mph
-1392.5,-3312.25,0,Mph
-678,-3310.75,0,Mph
-618.5,-3307.75,0,Mph
-641,-3305.75,0,Mph
-1316.5,-3291.75,0,Mph
-647.5,-3273.25,0,Mph
-778,-3259.25,0,Mph
-1374,-3252.75,0,Mph
-659.5,-3249.25,0,Mph
-1407.5,-3249.75,0,Mph
-709,-3239.75,0,Mph
-640.5,-3239.75,0,Mph
-1351,-3196.25,0,Mph
-1355,-3175.25,0,Mph
-1331,-3170.25,0,Mph
-818.5,-3133.25,0,Mph
-1340,-3131.25,0,Mph
-785,-3123.25,0,Mph
-1263.5,-3116.75,0,Mph
-1340.5,-3094.25,0,Mph
-1277,-3087.25,0,Mph
-817,-3091.75,0,Mph
-882,-3077.75,0,Mph
-911.5,-3078.25,0,Mph
-1303.5,-3078.25,0,Mph
-809.5,-3077.25,0,Mph
-1284.5,-3062.25,0,Mph
-809,-3060.25,0,Mph
-770.5,-3060.75,0,Mph
-1296.5,-3049.75,0,Mph
-826.5,-3046.75,0,Mph
-915,-3049.25,0,Mph
-1370,-3037.25,0,Mph
-625.5,-3031.75,0,Mph
-1313,-3024.25,0,Mph
-753,-2998.75,0,Mph
-790,-2996.75,0,Mph
-888,-2998.75,0,Mph
-818.5,-2984.25,0,Mph
-820,-2947.75,0,Mph
-849,-2942.25,0,Mph
-759,-2944.25,0,Mph
-766,-2918.75,0,Mph
-919,-2905.75,0,Mph
-941,-2900.75,0,Mph
-831.5,-2886.75,0,Mph
-704.5,-2883.25,0,Mph
-942,-2867.75,0,Mph
-677,-2870.25,0,Mph
-775,-2870.25,0,Mph
-844.5,-2860.75,0,Mph
-654,-2852.25,0,Mph
-1174,-2851.25,0,Mph
-765,-2842.25,0,Mph
-982,-2829.25,0,Mph
-628,-2821.75,0,Mph
-901.5,-2787.25,0,Mph
-854,-2787.25,0,Mph
-680,-2786.25,0,Mph
-1043,-2776.25,0,Mph
-692.5,-2765.75,0,Mph
-925,-2773.25,0,Mph
-856.5,-2765.75,0,Mph
-721.5,-2740.25,0,Mph
-919.5,-2736.75,0,Mph
-895.5,-2732.25,0,Mph
-1083,-2727.75,0,Mph
-697.5,-2720.75,0,Mph
-741.5,-2718.75,0,Mph
-1038,-2720.75,0,Mph
-979,-2711.75,0,Mph
-1350,-2703.25,0,Mph
-827.5,-2695.75,0,Mph
-892,-2687.75,0,Mph
-1374,-2674.25,0,Mph
-677,-2670.25,0,Mph
-731.5,-2655.75,0,Mph
-1221.5,-2652.25,0,Mph
-721.5,-2633.75,0,Mph
-1159,-2623.75,0,Mph
-971,-2632.25,0,Mph
-717.5,-2611.75,0,Mph
-1233.5,-2600.25,0,Mph
-628.5,-2601.75,0,Mph
-981.5,-2596.25,0,Mph
-1135,-2591.25,0,Mph
-990,-2580.25,0,Mph
-646.5,-2585.75,0,Mph
-881.5,-2579.75,0,Mph
-624,-2575.75,0,Mph
-996,-2561.25,0,Mph
-738.5,-2562.75,0,Mph
-1297,-2562.75,0,Mph
-1192.5,-2552.75,0,Mph
-1252.5,-2557.75,0,Mph
-967.5,-2547.75,0,Mph
-921.5,-2543.75,0,Mph
-685,-2547.25,0,Mph
-732.5,-2547.75,0,Mph
-1298,-2541.75,0,Mph
-1056,-2536.25,0,Mph
-746.5,-2534.75,0,Mph
-1004.5,-2536.75,0,Mph
-804,-2536.25,0,Mph
-985,-2534.25,0,Mph
-945,-2529.75,0,Mph
-899,-2522.75,0,Mph
-842.5,-2522.25,0,Mph
-1052.5,-2514.25,0,Mph
-1145,-2503.75,0,Mph
-916,-2494.75,0,Mph
-1056.5,-2495.25,0,Mph
-1061.5,-2476.25,0,Mph
-756,-2470.75,0,Mph
-698.5,-2464.25,0,Mph
-1056.5,-2459.25,0,Mph
-824.5,-2462.75,0,Mph
-658.5,-2461.75,0,Mph
-957,-2456.25,0,Mph
-768.5,-2456.25,0,Mph
-681,-2455.25,0,Mph
-663,-2447.75,0,Mph
-786,-2441.75,0,Mph
-999.5,-2439.75,0,Mph
-691.5,-2431.25,0,Mph
-760,-2438.25,0,Mph
-1031,-2418.75,0,Mph
-817,-2414.25,0,Mph
-684,-2407.25,0,Mph
-699.5,-2393.25,0,Mph
-721,-2390.75,0,Mph
-756.5,-2386.75,0,Mph
-678,-2361.75,0,Mph
-779,-2359.25,0,Mph
-1044.5,-2323.25,0,Mph
-1001.5,-2315.25,0,Mph
-1269.5,-2303.25,0,Mph
-1010.5,-2299.25,0,Mph
-1037.5,-2289.25,0,Mph
-729,-2286.75,0,Mph
-641.5,-2286.75,0,Mph
-1275.5,-2283.75,0,Mph
-622.5,-2259.25,0,Mph
-726.5,-2240.75,0,Mph
-753.5,-2239.75,0,Mph
-1218,-2237.75,0,Mph
-1300.5,-2216.75,0,Mph
-620,-2201.25,0,Mph
-928.5,-2184.25,0,Mph
-965,-2163.25,0,Mph
-757.5,-2176.25,0,Mph
-880,-2144.25,0,Mph
-1012,-2149.75,0,Mph
-830.5,-2143.25,0,Mph
-770.5,-2130.75,0,Mph
-1163,-2116.25,0,Mph
-1125,-2122.75,0,Mph
-978,-2116.75,0,Mph
-1180,-2100.25,0,Mph
-726,-2093.75,0,Mph
-1222.5,-2093.75,0,Mph
-1202.5,-2095.75,0,Mph
-848,-2092.25,0,Mph
-882.5,-2079.25,0,Mph
-751,-2087.25,0,Mph
-769.5,-2078.75,0,Mph
-1772,-2870.75,0,Mph
-2032,-2869.25,0,Mph
-1992.5,-2870.25,0,Mph
-2084,-2862.25,0,Mph
-1729,-2858.75,0,Mph
-1421,-2858.75,0,Mph
-1925,-2861.25,0,Mph
-2041,-2851.75,0,Mph
-1982.5,-2853.25,0,Mph
-2069.5,-2849.25,0,Mph
-1921.5,-2844.75,0,Mph
-1520,-2842.75,0,Mph
-2004,-2845.75,0,Mph
-1726,-2836.75,0,Mph
-1813,-2833.25,0,Mph
-1941,-2822.75,0,Mph
-1772,-2821.25,0,Mph
-1505.5,-2814.25,0,Mph
-1750.5,-2813.25,0,Mph
-1553.5,-2816.25,0,Mph
-1576.5,-2805.25,0,Mph
-2052.5,-2813.75,0,Mph
-1961.5,-2809.75,0,Mph
-1829.5,-2802.75,0,Mph
-2012.5,-2800.75,0,Mph
-1769,-2798.25,0,Mph
-2041.5,-2797.25,0,Mph
-1953,-2791.25,0,Mph
-1610,-2788.25,0,Mph
-1665,-2775.25,0,Mph
-1966.5,-2779.75,0,Mph
-1775,-2775.75,0,Mph
-1829.5,-2771.75,0,Mph
-1906,-2768.75,0,Mph
-2003.5,-2756.25,0,Mph
-2026,-2730.25,0,Mph
-1586.5,-2731.25,0,Mph
-1912,-2730.75,0,Mph
-1975.5,-2727.25,0,Mph
-1509,-2720.25,0,Mph
-1455,-2718.75,0,Mph
-1767,-2701.25,0,Mph
-1535.5,-2704.75,0,Mph
-1980,-2700.25,0,Mph
-1514,-2691.25,0,Mph
-1719.5,-2697.25,0,Mph
-2035,-2684.75,0,Mph
-1937,-2676.75,0,Mph
-1728,-2673.25,0,Mph
-1898,-2676.75,0,Mph
-1650.5,-2675.75,0,Mph
-1880,-2664.75,0,Mph
-2013,-2669.75,0,Mph
-1977,-2665.75,0,Mph
-1545.5,-2662.25,0,Mph
-1999.5,-2658.25,0,Mph
-1944.5,-2657.25,0,Mph
-1973.5,-2644.75,0,Mph
-1955.5,-2643.25,0,Mph
-1907.5,-2637.75,0,Mph
-1846.5,-2639.75,0,Mph
-1822.5,-2630.75,0,Mph
-1870,-2632.25,0,Mph
-1692.5,-2628.25,0,Mph
-2022.5,-2620.25,0,Mph
-1943.5,-2607.25,0,Mph
-2057.5,-2603.75,0,Mph
-2104.5,-2597.75,0,Mph
-1969,-2594.25,0,Mph
-2056.5,-2549.75,0,Mph
-1763.5,-2540.25,0,Mph
-1682.5,-2525.75,0,Mph
-2113,-2522.25,0,Mph
-1421.5,-2513.75,0,Mph
-1705.5,-2505.75,0,Mph
-1957,-2504.25,0,Mph
-2016,-2498.25,0,Mph
-1992,-2492.75,0,Mph
-1957.5,-2475.75,0,Mph
-1779.5,-2476.75,0,Mph
-2059,-2459.75,0,Mph
-2091.5,-2447.75,0,Mph
-1912,-2406.75,0,Mph
-1948.5,-2406.75,0,Mph
-2064.5,-2389.25,0,Mph
-1955.5,-2384.75,0,Mph
-2146,-2389.75,0,Mph
-2115,-2387.75,0,Mph
-1890.5,-2359.25,0,Mph
-2166,-2345.25,0,Mph
-1969.5,-2336.75,0,Mph
-1949.5,-2334.75,0,Mph
-2167,-2320.75,0,Mph
-2162,-2299.75,0,Mph
-2124.5,-2278.25,0,Mph
-1957,-2244.75,0,Mph
-2188,-2239.75,0,Mph
-2172,-2237.75,0,Mph
-1564.5,-2237.75,0,Mph
-1565.5,-2216.25,0,Mph
-2187.5,-2104.25,0,Mph
-2099.5,-2103.75,0,Mph
-2188,-2075.75,0,Mph
-13,-2873.75,0,Mph
-292.5,-2872.75,0,Mph
-60,-2863.75,0,Mph
-311.5,-2856.75,0,Mph
-594,-2856.25,0,Mph
-408.5,-2854.75,0,Mph
-379.5,-2852.75,0,Mph
62.5,-2852.75,0,Mph
-180.5,-2850.25,0,Mph
-464,-2846.75,0,Mph
-150.5,-2845.25,0,Mph
-359,-2845.75,0,Mph
-340.5,-2840.25,0,Mph
-282.5,-2837.75,0,Mph
-262.5,-2839.25,0,Mph
-171,-2835.25,0,Mph
-135,-2832.75,0,Mph
-608,-2821.75,0,Mph
-397,-2816.75,0,Mph
-29,-2821.25,0,Mph
-238,-2820.25,0,Mph
97,-2816.25,0,Mph
-225.5,-2810.25,0,Mph
82,-2804.75,0,Mph
-297,-2801.75,0,Mph
-323.5,-2795.25,0,Mph
-62.5,-2797.25,0,Mph
-13.5,-2790.75,0,Mph
-37,-2783.25,0,Mph
-207,-2773.75,0,Mph
106.5,-2778.75,0,Mph
-172.5,-2779.75,0,Mph
0,-2777.75,0,Mph
54.5,-2780.25,0,Mph
-140,-2773.25,0,Mph
19,-2773.25,0,Mph
-52,-2767.75,0,Mph
-384,-2764.75,0,Mph
-157.5,-2760.25,0,Mph
-451.5,-2757.75,0,Mph
-90,-2761.75,0,Mph
-64,-2759.75,0,Mph
-243.5,-2757.75,0,Mph
-513,-2745.25,0,Mph
-541,-2744.75,0,Mph
-478.5,-2748.25,0,Mph
-569,-2739.75,0,Mph
-66.5,-2736.75,0,Mph
-528.5,-2730.75,0,Mph
-153.5,-2716.25,0,Mph
-89.5,-2724.25,0,Mph
-66,-2717.75,0,Mph
-125.5,-2720.75,0,Mph
-300,-2718.75,0,Mph
-526,-2712.25,0,Mph
-100.5,-2712.75,0,Mph
-481,-2711.75,0,Mph
-580,-2709.25,0,Mph
-121.5,-2693.25,0,Mph
-467,-2692.75,0,Mph
-42.5,-2695.75,0,Mph
17,-2689.25,0,Mph
-151.5,-2683.25,0,Mph
-53.5,-2682.25,0,Mph
-113.5,-2674.75,0,Mph
-535,-2682.25,0,Mph
-616,-2676.25,0,Mph
-139.5,-2668.25,0,Mph
-179.5,-2656.25,0,Mph
32,-2659.25,0,Mph
-584.5,-2652.75,0,Mph
39.5,-2633.75,0,Mph
-588.5,-2635.25,0,Mph
134,-2638.75,0,Mph
-451,-2636.75,0,Mph
-500,-2617.25,0,Mph
148.5,-2614.25,0,Mph
35,-2602.25,0,Mph
-530,-2608.25,0,Mph
-192,-2601.75,0,Mph
-36,-2596.75,0,Mph
-525.5,-2589.75,0,Mph
-502,-2592.75,0,Mph
-52,-2590.25,0,Mph
162.5,-2585.25,0,Mph
-39.5,-2573.25,0,Mph
-468,-2571.25,0,Mph
172,-2565.25,0,Mph
-42,-2553.75,0,Mph
97,-2549.25,0,Mph
-323,-2539.75,0,Mph
-376.5,-2539.25,0,Mph
-62.5,-2537.25,0,Mph
-218,-2537.25,0,Mph
155,-2525.25,0,Mph
-76.5,-2522.75,0,Mph
-348.5,-2522.25,0,Mph
-2.5,-2517.75,0,Mph
-566,-2504.75,0,Mph
-174.5,-2491.75,0,Mph
-333,-2489.25,0,Mph
-245.5,-2488.25,0,Mph
-570,-2483.75,0,Mph
36,-2468.25,0,Mph
-264.5,-2469.75,0,Mph
-162,-2465.75,0,Mph
153,-2460.25,0,Mph
119,-2459.25,0,Mph
-43,-2456.25,0,Mph
-249,-2454.75,0,Mph
-143,-2441.75,0,Mph
-93.5,-2432.75,0,Mph
-273,-2432.75,0,Mph
-42.5,-2426.25,0,Mph
-7,-2422.75,0,Mph
-126.5,-2414.25,0,Mph
-64,-2416.25,0,Mph
-242,-2415.75,0,Mph
76.5,-2416.75,0,Mph
-349.5,-2409.75,0,Mph
-212,-2403.75,0,Mph
46.5,-2397.75,0,Mph
-44,-2391.75,0,Mph
-1.5,-2391.75,0,Mph
-595,-2377.75,0,Mph
-307,-2378.25,0,Mph
11,-2367.25,0,Mph
-447.5,-2353.25,0,Mph
11.5,-2350.25,0,Mph
-35.5,-2336.25,0,Mph
-428,-2333.75,0,Mph
56.5,-2325.75,0,Mph
-362,-2310.75,0,Mph
-71,-2317.25,0,Mph
-459,-2293.75,0,Mph
-481,-2288.25,0,Mph
-439,-2289.75,0,Mph
-225,-2282.25,0,Mph
-386.5,-2280.75,0,Mph
-254.5,-2274.25,0,Mph
-489.5,-2269.75,0,Mph
-282.5,-2269.25,0,Mph
-182.5,-2247.25,0,Mph
175,-2251.75,0,Mph
-509.5,-2252.25,0,Mph
-531,-2246.75,0,Mph
-609,-2241.25,0,Mph
103,-2242.25,0,Mph
72,-2240.75,0,Mph
-545.5,-2238.25,0,Mph
-14.5,-2237.75,0,Mph
-478,-2237.25,0,Mph
-2,-2228.25,0,Mph
121,-2229.25,0,Mph
-512,-2222.75,0,Mph
-237,-2216.25,0,Mph
6,-2212.75,0,Mph
127.5,-2214.25,0,Mph
-547.5,-2199.25,0,Mph
117.5,-2205.25,0,Mph
-593.5,-2203.75,0,Mph
92,-2200.25,0,Mph
-35.5,-2190.25,0,Mph
-401,-2178.75,0,Mph
113.5,-2176.25,0,Mph
-31.5,-2166.75,0,Mph
-90,-2168.75,0,Mph
-247.5,-2148.75,0,Mph
91.5,-2152.25,0,Mph
180,-2150.25,0,Mph
-127.5,-2135.25,0,Mph
-293.5,-2125.25,0,Mph
-607.5,-2125.25,0,Mph
-27.5,-2124.25,0,Mph
-423,-2126.25,0,Mph
66,-2128.75,0,Mph
77,-2120.75,0,Mph
151,-2116.25,0,Mph
-515,-2117.75,0,Mph
-145,-2119.25,0,Mph
42,-2113.25,0,Mph
117.5,-2111.25,0,Mph
93.5,-2111.25,0,Mph
-33,-2104.25,0,Mph
-475.5,-2099.75,0,Mph
-173,-2100.25,0,Mph
-152,-2094.25,0,Mph
-503.5,-2093.25,0,Mph
125.5,-2090.75,0,Mph
262.5,-3674.75,0,Mph
234.5,-3674.75,0,Mph
379,-3663.25,0,Mph
571.5,-3669.25,0,Mph
678.5,-3667.75,0,Mph
436,-3661.25,0,Mph
186.5,-3664.25,0,Mph
786,-3658.75,0,Mph
580.5,-3657.25,0,Mph
761,-3657.75,0,Mph
265.5,-3636.25,0,Mph
778.5,-3635.75,0,Mph
587.5,-3636.75,0,Mph
381,-3625.75,0,Mph
226.5,-3633.75,0,Mph
588.5,-3615.75,0,Mph
776.5,-3613.25,0,Mph
231,-3610.75,0,Mph
573.5,-3609.75,0,Mph
745.5,-3604.75,0,Mph
783.5,-3598.75,0,Mph
822.5,-3578.25,0,Mph
753.5,-3568.75,0,Mph
783,-3577.75,0,Mph
884,-3573.75,0,Mph
311,-3569.25,0,Mph
626,-3564.75,0,Mph
775.5,-3559.25,0,Mph
666.5,-3563.75,0,Mph
944,-3553.75,0,Mph
303,-3546.75,0,Mph
913,-3550.75,0,Mph
709,-3544.25,0,Mph
806,-3539.75,0,Mph
789,-3527.75,0,Mph
330,-3525.75,0,Mph
244,-3517.75,0,Mph
633,-3513.25,0,Mph
572,-3514.75,0,Mph
692,-3511.75,0,Mph
220.5,-3506.25,0,Mph
343,-3494.25,0,Mph
467.5,-3501.25,0,Mph
718,-3499.75,0,Mph
966,-3496.75,0,Mph
750.5,-3494.25,0,Mph
597,-3494.25,0,Mph
842,-3486.25,0,Mph
940.5,-3480.75,0,Mph
317.5,-3480.75,0,Mph
652,-3471.75,0,Mph
238,-3473.25,0,Mph
359.5,-3476.75,0,Mph
409.5,-3473.75,0,Mph
571.5,-3473.25,0,Mph
875,-3466.75,0,Mph
352,-3458.75,0,Mph
527.5,-3464.25,0,Mph
729.5,-3459.75,0,Mph
216.5,-3450.25,0,Mph
532.5,-3446.75,0,Mph
828.5,-3440.75,0,Mph
796,-3430.25,0,Mph
574.5,-3426.75,0,Mph
813,-3410.25,0,Mph
443.5,-3411.75,0,Mph
625.5,-3397.75,0,Mph
430.5,-3399.25,0,Mph
457.5,-3397.75,0,Mph
548.5,-3385.75,0,Mph
836.5,-3379.75,0,Mph
570,-3371.25,0,Mph
865,-3370.25,0,Mph
379.5,-3370.25,0,Mph
659.5,-3361.75,0,Mph
482,-3340.25,0,Mph
841.5,-3346.75,0,Mph
237,-3346.75,0,Mph
407,-3346.25,0,Mph
626.5,-3341.25,0,Mph
687.5,-3340.75,0,Mph
867.5,-3339.25,0,Mph
513,-3329.75,0,Mph
939,-3330.25,0,Mph
709,-3317.25,0,Mph
195,-3319.75,0,Mph
671.5,-3323.75,0,Mph
244.5,-3313.25,0,Mph
661,-3309.25,0,Mph
886,-3313.25,0,Mph
308.5,-3302.25,0,Mph
377,-3300.25,0,Mph
522,-3302.75,0,Mph
403.5,-3300.25,0,Mph
883.5,-3293.75,0,Mph
432,-3283.25,0,Mph
832.5,-3282.25,0,Mph
894.5,-3279.25,0,Mph
545,-3277.25,0,Mph
850.5,-3271.75,0,Mph
654.5,-3271.25,0,Mph
945,-3266.25,0,Mph
519.5,-3270.25,0,Mph
800.5,-3267.75,0,Mph
914,-3263.75,0,Mph
880.5,-3253.75,0,Mph
564.5,-3252.75,0,Mph
593.5,-3246.75,0,Mph
725.5,-3252.25,0,Mph
524,-3245.75,0,Mph
266,-3239.25,0,Mph
632.5,-3236.25,0,Mph
600,-3234.25,0,Mph
307.5,-3231.75,0,Mph
669.5,-3234.25,0,Mph
821.5,-3229.25,0,Mph
539.5,-3229.75,0,Mph
222.5,-3223.25,0,Mph
194,-3223.75,0,Mph
919,-3221.25,0,Mph
346.5,-3218.25,0,Mph
833,-3212.75,0,Mph
329,-3212.25,0,Mph
799.5,-3212.25,0,Mph
361,-3211.25,0,Mph
190.5,-3171.25,0,Mph
735.5,-3142.75,0,Mph
454.5,-3125.75,0,Mph
766,-3127.25,0,Mph
775,-3075.75,0,Mph
356,-3072.25,0,Mph
327,-3053.75,0,Mph
261,-3052.25,0,Mph
752,-3048.25,0,Mph
839,-3042.75,0,Mph
430,-3033.25,0,Mph
443.5,-3017.25,0,Mph
379,-3000.25,0,Mph
334,-2999.75,0,Mph
942.5,-2996.25,0,Mph
477,-2997.25,0,Mph
349,-2994.25,0,Mph
721.5,-2987.75,0,Mph
396,-2984.75,0,Mph
698.5,-2980.25,0,Mph
891,-2958.25,0,Mph
662.5,-2964.75,0,Mph
691,-2964.25,0,Mph
742.5,-2931.75,0,Mph
634,-2932.75,0,Mph
711.5,-2930.25,0,Mph
435,-2921.25,0,Mph
463.5,-2912.75,0,Mph
698,-2914.75,0,Mph
626,-2912.25,0,Mph
284.5,-2891.75,0,Mph
521.5,-2892.75,0,Mph
610,-2885.25,0,Mph
976.5,-2859.25,0,Mph
192,-2840.25,0,Mph
209.5,-2848.75,0,Mph
753.5,-2836.25,0,Mph
976,-2836.75,0,Mph
219,-2828.75,0,Mph
659.5,-2829.25,0,Mph
690.5,-2820.75,0,Mph
662.5,-2803.25,0,Mph
601.5,-2812.75,0,Mph
939,-2801.25,0,Mph
489.5,-2789.25,0,Mph
594,-2774.75,0,Mph
580,-2763.25,0,Mph
966,-2763.75,0,Mph
838.5,-2741.25,0,Mph
703.5,-2740.25,0,Mph
861.5,-2739.75,0,Mph
587.5,-2737.75,0,Mph
684.5,-2737.25,0,Mph
604.5,-2732.25,0,Mph
845.5,-2715.25,0,Mph
616,-2690.25,0,Mph
925.5,-2690.25,0,Mph
735.5,-2681.75,0,Mph
915,-2666.75,0,Mph
766,-2674.25,0,Mph
790,-2671.75,0,Mph
755,-2655.25,0,Mph
783.5,-2650.75,0,Mph
770,-2635.75,0,Mph
574,-2623.25,0,Mph
592.5,-2615.25,0,Mph
786,-2597.25,0,Mph
771,-2571.75,0,Mph
703.5,-2571.75,0,Mph
643.5,-2559.75,0,Mph
642.5,-2508.75,0,Mph
299.5,-2506.25,0,Mph
680.5,-2490.75,0,Mph
827.5,-2492.25,0,Mph
659.5,-2465.75,0,Mph
344.5,-2444.25,0,Mph
852,-2419.25,0,Mph
844,-2389.25,0,Mph
947,-2378.75,0,Mph
421,-2378.25,0,Mph
935,-2363.75,0,Mph
747.5,-2357.75,0,Mph
777.5,-2346.75,0,Mph
801,-2341.25,0,Mph
646.5,-2345.25,0,Mph
609.5,-2295.75,0,Mph
949,-2304.25,0,Mph
761.5,-2300.25,0,Mph
253.5,-2284.25,0,Mph
560.5,-2283.25,0,Mph
483.5,-2283.75,0,Mph
751.5,-2280.75,0,Mph
914.5,-2275.25,0,Mph
693,-2262.75,0,Mph
414.5,-2268.75,0,Mph
200,-2268.25,0,Mph
597,-2265.75,0,Mph
562,-2263.25,0,Mph
261,-2256.75,0,Mph
716,-2255.75,0,Mph
573,-2257.75,0,Mph
671.5,-2260.25,0,Mph
475.5,-2249.25,0,Mph
874,-2247.25,0,Mph
497.5,-2245.25,0,Mph
232,-2232.75,0,Mph
477,-2230.75,0,Mph
457.5,-2214.25,0,Mph
541,-2213.25,0,Mph
436,-2209.25,0,Mph
482,-2203.25,0,Mph
292,-2202.75,0,Mph
369.5,-2194.75,0,Mph
463.5,-2194.25,0,Mph
668,-2184.75,0,Mph
507.5,-2182.75,0,Mph
586.5,-2178.25,0,Mph
733.5,-2169.75,0,Mph
810.5,-2152.25,0,Mph
418.5,-2150.25,0,Mph
264,-2152.75,0,Mph
312.5,-2150.75,0,Mph
748.5,-2143.75,0,Mph
389.5,-2147.25,0,Mph
491,-2145.25,0,Mph
330.5,-2146.75,0,Mph
213,-2139.25,0,Mph
518,-2138.75,0,Mph
485.5,-2122.75,0,Mph
304,-2113.75,0,Mph
425.5,-2112.75,0,Mph
640.5,-2111.25,0,Mph
287.5,-2108.75,0,Mph
443.5,-2102.25,0,Mph
510,-2101.25,0,Mph
616,-2101.75,0,Mph
638,-2082.25,0,Mph
590,-2081.25,0,Mph
357,-2077.75,0,Mph
1639.5,-2072.75,0,Mph
1598,-2073.75,0,Mph
1102.5,-2059.25,0,Mph
1621,-2055.25,0,Mph
1638.5,-2028.25,0,Mph
1640.5,-2006.25,0,Mph
1615,-1989.75,0,Mph
1502.5,-1991.25,0,Mph
1417.5,-1979.75,0,Mph
1643.5,-1983.75,0,Mph
1634,-1971.75,0,Mph
1156.5,-1959.75,0,Mph
1631.5,-1942.25,0,Mph
1614,-1953.25,0,Mph
1468.5,-1941.25,0,Mph
1163.5,-1934.75,0,Mph
1382,-1930.75,0,Mph
1259.5,-1907.25,0,Mph
1509,-1904.25,0,Mph
1628,-1908.75,0,Mph
1632,-1886.25,0,Mph
986,-1878.25,0,Mph
1515.5,-1879.75,0,Mph
1160.5,-1870.75,0,Mph
1259.5,-1858.75,0,Mph
1607.5,-1871.25,0,Mph
1635,-1858.75,0,Mph
1408,-1844.25,0,Mph
1608,-1848.25,0,Mph
1505.5,-1842.25,0,Mph
1462.5,-1837.25,0,Mph
1374,-1830.75,0,Mph
1482,-1829.25,0,Mph
1418,-1823.25,0,Mph
1500,-1812.25,0,Mph
1462.5,-1802.25,0,Mph
1046,-1797.75,0,Mph
1436.5,-1786.75,0,Mph
1035.5,-1773.75,0,Mph
1133.5,-1739.75,0,Mph
1420.5,-1735.25,0,Mph
1598.5,-1718.75,0,Mph
1249.5,-1711.75,0,Mph
1456,-1706.25,0,Mph
1086.5,-1684.75,0,Mph
1136.5,-1679.75,0,Mph
1419.5,-1677.25,0,Mph
1241,-1673.25,0,Mph
1062.5,-1671.75,0,Mph
1523.5,-1670.25,0,Mph
1102.5,-1639.25,0,Mph
1242.5,-1633.25,0,Mph
1556,-1641.25,0,Mph
1556.5,-1623.25,0,Mph
1174.5,-1613.75,0,Mph
1562.5,-1606.25,0,Mph
1519.5,-1603.75,0,Mph
1251,-1596.25,0,Mph
1464,-1595.25,0,Mph
1239,-1572.25,0,Mph
1233,-1542.25,0,Mph
1478,-1538.75,0,Mph
1120.5,-1525.75,0,Mph
1475,-1502.25,0,Mph
1495.5,-1511.25,0,Mph
1119,-1498.25,0,Mph
1031,-1456.25,0,Mph
1097.5,-1443.25,0,Mph
1076.5,-1446.75,0,Mph
1248.5,-1441.25,0,Mph
1061.5,-1408.75,0,Mph
1385.5,-1389.75,0,Mph
1223,-1386.75,0,Mph
1168.5,-1378.75,0,Mph
1238.5,-1369.75,0,Mph
1050.5,-1365.75,0,Mph
1220,-1344.75,0,Mph
1517.5,-1341.75,0,Mph
1238.5,-1338.75,0,Mph
1200,-1323.75,0,Mph
1586,-1326.25,0,Mph
1194,-1296.75,0,Mph
1152,-1293.75,0,Mph
1229,-1287.75,0,Mph
-293,-2073.75,0,Mph
175.5,-2063.25,0,Mph
-545.5,-2061.75,0,Mph
-583.5,-2062.75,0,Mph
-168,-2060.75,0,Mph
-73,-2051.75,0,Mph
-396.5,-2052.25,0,Mph
-368,-2052.75,0,Mph
160.5,-2050.25,0,Mph
-42.5,-2047.25,0,Mph
-27,-2043.75,0,Mph
-551,-2035.75,0,Mph
-513,-2032.25,0,Mph
-456,-2029.75,0,Mph
-42,-2028.25,0,Mph
-382.5,-2021.25,0,Mph
-156.5,-2014.75,0,Mph
-223,-2007.25,0,Mph
-565,-1994.25,0,Mph
-202,-1987.25,0,Mph
-403,-1969.25,0,Mph
-53,-1970.25,0,Mph
-448.5,-1962.75,0,Mph
-431.5,-1962.75,0,Mph
-73,-1963.25,0,Mph
162.5,-1958.75,0,Mph
101.5,-1954.75,0,Mph
-417.5,-1948.25,0,Mph
-488,-1932.75,0,Mph
-416,-1919.25,0,Mph
150,-1931.25,0,Mph
43,-1931.75,0,Mph
-306,-1923.75,0,Mph
44.5,-1912.75,0,Mph
150.5,-1914.25,0,Mph
16.5,-1914.25,0,Mph
-553.5,-1910.25,0,Mph
-361.5,-1899.75,0,Mph
32.5,-1900.25,0,Mph
-250.5,-1893.25,0,Mph
13.5,-1892.25,0,Mph
-5.5,-1894.25,0,Mph
167.5,-1888.25,0,Mph
-10.5,-1877.25,0,Mph
146.5,-1871.75,0,Mph
-35.5,-1876.75,0,Mph
-569,-1860.25,0,Mph
-540.5,-1860.25,0,Mph
156,-1851.25,0,Mph
-386,-1848.75,0,Mph
-422,-1842.75,0,Mph
-617,-1836.25,0,Mph
-206,-1834.25,0,Mph
-512.5,-1821.25,0,Mph
-422,-1817.75,0,Mph
-197,-1815.25,0,Mph
-549,-1811.75,0,Mph
-403,-1808.75,0,Mph
-498.5,-1792.25,0,Mph
-572.5,-1780.75,0,Mph
-330,-1776.75,0,Mph
-172.5,-1778.75,0,Mph
-478.5,-1770.25,0,Mph
-309,-1774.75,0,Mph
-511,-1769.25,0,Mph
-162.5,-1756.75,0,Mph
-407,-1749.25,0,Mph
-509.5,-1747.75,0,Mph
-484,-1740.25,0,Mph
-62.5,-1734.25,0,Mph
-616.5,-1736.25,0,Mph
-324,-1734.75,0,Mph
-238,-1726.75,0,Mph
132.5,-1732.25,0,Mph
168,-1725.25,0,Mph
-351,-1718.25,0,Mph
141,-1717.75,0,Mph
118,-1712.25,0,Mph
176.5,-1703.75,0,Mph
155.5,-1706.75,0,Mph
-250,-1697.75,0,Mph
81.5,-1695.75,0,Mph
-20,-1690.75,0,Mph
144,-1691.75,0,Mph
-214,-1682.75,0,Mph
159.5,-1685.25,0,Mph
-306,-1675.25,0,Mph
-332,-1667.25,0,Mph
-274,-1649.75,0,Mph
67.5,-1655.75,0,Mph
-183,-1624.25,0,Mph
-408,-1617.75,0,Mph
-203.5,-1615.75,0,Mph
-232.5,-1598.75,0,Mph
-374.5,-1594.25,0,Mph
-351,-1592.75,0,Mph
-409,-1586.75,0,Mph
-115.5,-1562.25,0,Mph
-494,-1556.25,0,Mph
-283.5,-1538.25,0,Mph
-151,-1536.25,0,Mph
-18.5,-1516.25,0,Mph
14,-1522.25,0,Mph
-444,-1511.25,0,Mph
-278,-1503.25,0,Mph
-83,-1501.75,0,Mph
-185.5,-1504.25,0,Mph
3.5,-1500.75,0,Mph
-554,-1491.25,0,Mph
-198,-1482.75,0,Mph
-122.5,-1468.25,0,Mph
-60,-1488.75,0,Mph
-270,-1477.25,0,Mph
-320.5,-1473.25,0,Mph
-497.5,-1463.75,0,Mph
-585.5,-1468.75,0,Mph
-390.5,-1470.75,0,Mph
-100.5,-1469.75,0,Mph
-336.5,-1464.25,0,Mph
-282,-1462.25,0,Mph
6.5,-1460.25,0,Mph
-85,-1456.75,0,Mph
-38,-1450.75,0,Mph
-400,-1448.25,0,Mph
-65.5,-1452.75,0,Mph
-580,-1448.25,0,Mph
-272,-1439.75,0,Mph
-529,-1444.25,0,Mph
-494,-1432.75,0,Mph
-572,-1437.25,0,Mph
-213,-1435.25,0,Mph
-373.5,-1432.25,0,Mph
-74.5,-1433.25,0,Mph
-96,-1430.75,0,Mph
-227,-1417.75,0,Mph
-514.5,-1419.75,0,Mph
-278,-1415.25,0,Mph
-188.5,-1414.75,0,Mph
-532,-1402.25,0,Mph
-334,-1403.75,0,Mph
-510,-1399.25,0,Mph
-187,-1396.25,0,Mph
-272.5,-1389.25,0,Mph
-102,-1397.75,0,Mph
-220.5,-1394.25,0,Mph
-427,-1388.25,0,Mph
-315,-1387.25,0,Mph
-290.5,-1384.75,0,Mph
-220,-1379.25,0,Mph
-24.5,-1375.25,0,Mph
-500,-1367.75,0,Mph
-218,-1361.25,0,Mph
-429,-1359.25,0,Mph
-26,-1350.75,0,Mph
-226.5,-1348.75,0,Mph
-216,-1331.75,0,Mph
149.5,-1337.25,0,Mph
-117.5,-1338.25,0,Mph
-543,-1332.75,0,Mph
88,-1333.75,0,Mph
168.5,-1333.75,0,Mph
47.5,-1320.75,0,Mph
-110,-1321.75,0,Mph
-2,-1322.75,0,Mph
174,-1314.75,0,Mph
-72,-1316.25,0,Mph
-298.5,-1312.25,0,Mph
-570,-1306.25,0,Mph
-395.5,-1290.25,0,Mph
-434.5,-1294.75,0,Mph
-23,-1290.25,0,Mph
-230.5,-1275.75,0,Mph
20,-1276.75,0,Mph
-125.5,-1277.25,0,Mph
2,-1276.75,0,Mph
-90.5,-1275.25,0,Mph
-110,-1276.75,0,Mph
-845.5,-2072.75,0,Mph
-642.5,-2071.25,0,Mph
-1014.5,-2069.75,0,Mph
-884.5,-2061.25,0,Mph
-737,-2058.25,0,Mph
-794,-2049.75,0,Mph
-767.5,-2049.75,0,Mph
-828,-2038.75,0,Mph
-1020.5,-2040.25,0,Mph
-955.5,-2033.75,0,Mph
-981.5,-2031.75,0,Mph
-1148,-2024.25,0,Mph
-1168.5,-2017.25,0,Mph
-729,-2015.75,0,Mph
-931,-2003.75,0,Mph
-768,-1998.75,0,Mph
-643,-2002.75,0,Mph
-667.5,-1999.75,0,Mph
-622.5,-2001.75,0,Mph
-1110.5,-1999.75,0,Mph
-834.5,-2000.75,0,Mph
-847,-1986.75,0,Mph
-747.5,-1985.25,0,Mph
-1401,-1975.75,0,Mph
-1034.5,-1974.75,0,Mph
-779.5,-1970.75,0,Mph
-1061.5,-1966.25,0,Mph
-1016.5,-1968.75,0,Mph
-1113,-1961.25,0,Mph
-678.5,-1951.25,0,Mph
-1050,-1943.25,0,Mph
-1131.5,-1943.25,0,Mph
-1114,-1936.75,0,Mph
-1392.5,-1937.75,0,Mph
-1372,-1934.75,0,Mph
-962.5,-1929.75,0,Mph
-1243,-1921.75,0,Mph
-1371.5,-1903.25,0,Mph
-1086.5,-1903.25,0,Mph
-1168.5,-1894.25,0,Mph
-1319,-1883.25,0,Mph
-1303.5,-1877.25,0,Mph
-1277,-1875.25,0,Mph
-1324.5,-1865.25,0,Mph
-1303,-1856.25,0,Mph
-757,-1857.25,0,Mph
-1052.5,-1855.25,0,Mph
-781,-1832.75,0,Mph
-1344,-1830.25,0,Mph
-1071.5,-1820.25,0,Mph
-1032.5,-1822.25,0,Mph
-1108.5,-1818.75,0,Mph
-1170,-1805.25,0,Mph
-1357,-1807.25,0,Mph
-833,-1804.75,0,Mph
-1294.5,-1798.25,0,Mph
-933.5,-1794.25,0,Mph
-901.5,-1790.25,0,Mph
-1401,-1790.75,0,Mph
-782,-1794.75,0,Mph
-1180,-1781.75,0,Mph
-1148.5,-1778.75,0,Mph
-700.5,-1772.75,0,Mph
-859,-1771.75,0,Mph
-1249,-1754.75,0,Mph
-966.5,-1755.75,0,Mph
-941,-1748.25,0,Mph
-989.5,-1743.75,0,Mph
-1147.5,-1743.25,0,Mph
-1225,-1744.75,0,Mph
-1319.5,-1737.75,0,Mph
-1337,-1734.75,0,Mph
-1049,-1728.75,0,Mph
-770,-1732.75,0,Mph
-863,-1728.25,0,Mph
-659.5,-1727.75,0,Mph
-1385,-1715.75,0,Mph
-778.5,-1714.25,0,Mph
-1031,-1713.25,0,Mph
-1163.5,-1709.25,0,Mph
-923.5,-1701.75,0,Mph
-1015,-1705.75,0,Mph
-713.5,-1692.75,0,Mph
-1035.5,-1683.25,0,Mph
-811,-1684.75,0,Mph
-1357,-1680.75,0,Mph
-709,-1675.75,0,Mph
-672,-1650.25,0,Mph
-1353.5,-1631.25,0,Mph
-1311,-1614.75,0,Mph
-1397,-1608.75,0,Mph
-999.5,-1607.75,0,Mph
-808.5,-1603.75,0,Mph
-1297.5,-1599.75,0,Mph
-825.5,-1592.75,0,Mph
-853,-1583.75,0,Mph
-663.5,-1573.75,0,Mph
-806,-1575.75,0,Mph
-1137.5,-1565.75,0,Mph
-1378,-1569.25,0,Mph
-1175.5,-1559.75,0,Mph
-1353,-1559.25,0,Mph
-1042,-1540.75,0,Mph
-898,-1544.25,0,Mph
-970.5,-1537.75,0,Mph
-1378,-1528.75,0,Mph
-960,-1524.75,0,Mph
-1073,-1515.75,0,Mph
-1170,-1512.25,0,Mph
-1258,-1504.25,0,Mph
-964.5,-1499.25,0,Mph
-672,-1503.25,0,Mph
-1287,-1502.75,0,Mph
-1274,-1497.75,0,Mph
-1294,-1489.25,0,Mph
-1288.5,-1473.25,0,Mph
-1309,-1467.25,0,Mph
-950.5,-1470.75,0,Mph
-730.5,-1463.25,0,Mph
-931,-1462.25,0,Mph
-1217.5,-1458.25,0,Mph
-695,-1455.25,0,Mph
-959,-1449.75,0,Mph
-768,-1448.75,0,Mph
-1379,-1439.75,0,Mph
-1399,-1425.25,0,Mph
-1193.5,-1415.25,0,Mph
-903,-1408.25,0,Mph
-1276.5,-1403.25,0,Mph
-690,-1389.75,0,Mph
-1173,-1383.25,0,Mph
-909.5,-1378.25,0,Mph
-1153,-1360.25,0,Mph
-1343.5,-1366.25,0,Mph
-1220,-1354.25,0,Mph
-891,-1363.25,0,Mph
-737.5,-1352.25,0,Mph
-916,-1357.25,0,Mph
-940,-1345.25,0,Mph
-1185,-1349.75,0,Mph
-750,-1328.75,0,Mph
-1273,-1327.25,0,Mph
-1391,-1321.25,0,Mph
-951.5,-1293.75,0,Mph
-1387,-1291.25,0,Mph
-635.5,-1285.75,0,Mph
-1390.5,-1275.25,0,Mph
-1322.5,-1276.25,0,Mph
597.5,-2067.75,0,Mph
770,-2063.75,0,Mph
514,-2058.25,0,Mph
830,-2055.25,0,Mph
203,-2057.25,0,Mph
425,-2036.25,0,Mph
894,-2037.75,0,Mph
766,-2023.75,0,Mph
312,-2033.75,0,Mph
550.5,-2031.75,0,Mph
843.5,-2030.75,0,Mph
292,-2022.75,0,Mph
233,-2017.25,0,Mph
274.5,-2013.25,0,Mph
841,-2010.25,0,Mph
898.5,-2012.75,0,Mph
877.5,-2010.75,0,Mph
252,-2006.25,0,Mph
758,-1990.75,0,Mph
272,-1993.25,0,Mph
244.5,-1983.25,0,Mph
804.5,-1971.25,0,Mph
663.5,-1972.25,0,Mph
623.5,-1971.75,0,Mph
260.5,-1973.25,0,Mph
256,-1945.25,0,Mph
645.5,-1933.75,0,Mph
212,-1931.25,0,Mph
227,-1921.75,0,Mph
196,-1921.25,0,Mph
331.5,-1909.75,0,Mph
362,-1902.75,0,Mph
188.5,-1901.25,0,Mph
557,-1894.75,0,Mph
539,-1866.25,0,Mph
846.5,-1864.75,0,Mph
310.5,-1854.75,0,Mph
719,-1852.25,0,Mph
284.5,-1847.75,0,Mph
834,-1849.25,0,Mph
638,-1838.25,0,Mph
328.5,-1831.75,0,Mph
929.5,-1831.75,0,Mph
808,-1829.75,0,Mph
257,-1828.75,0,Mph
750.5,-1824.75,0,Mph
516.5,-1824.75,0,Mph
545.5,-1818.75,0,Mph
799,-1812.25,0,Mph
832.5,-1809.75,0,Mph
799.5,-1787.25,0,Mph
824.5,-1790.75,0,Mph
387.5,-1787.25,0,Mph
508.5,-1779.75,0,Mph
515,-1760.25,0,Mph
978.5,-1748.75,0,Mph
805.5,-1745.75,0,Mph
646,-1743.25,0,Mph
249.5,-1744.75,0,Mph
205.5,-1740.25,0,Mph
665.5,-1735.25,0,Mph
626.5,-1713.75,0,Mph
599.5,-1708.75,0,Mph
651,-1708.75,0,Mph
549,-1694.25,0,Mph
636,-1685.25,0,Mph
526,-1679.25,0,Mph
495.5,-1672.25,0,Mph
720,-1675.25,0,Mph
370,-1668.25,0,Mph
714.5,-1659.75,0,Mph
697,-1651.25,0,Mph
188,-1648.75,0,Mph
337,-1630.25,0,Mph
199,-1636.25,0,Mph
557,-1636.25,0,Mph
496.5,-1634.25,0,Mph
313.5,-1623.75,0,Mph
592,-1607.25,0,Mph
571,-1607.25,0,Mph
410,-1605.25,0,Mph
715.5,-1606.25,0,Mph
693,-1597.25,0,Mph
431.5,-1593.25,0,Mph
798,-1566.75,0,Mph
389.5,-1561.75,0,Mph
430,-1540.25,0,Mph
396.5,-1539.75,0,Mph
616,-1534.25,0,Mph
312.5,-1522.25,0,Mph
767.5,-1521.75,0,Mph
242,-1513.25,0,Mph
345.5,-1510.25,0,Mph
402,-1508.25,0,Mph
384,-1506.75,0,Mph
365,-1486.75,0,Mph
872,-1488.75,0,Mph
611,-1487.25,0,Mph
386,-1486.25,0,Mph
430,-1483.25,0,Mph
862,-1472.75,0,Mph
405,-1472.75,0,Mph
197,-1466.25,0,Mph
317.5,-1456.25,0,Mph
511.5,-1454.75,0,Mph
841,-1446.25,0,Mph
472.5,-1430.75,0,Mph
515.5,-1434.75,0,Mph
718.5,-1433.25,0,Mph
543,-1422.25,0,Mph
725.5,-1421.75,0,Mph
536,-1410.25,0,Mph
513.5,-1396.25,0,Mph
262,-1389.75,0,Mph
535.5,-1388.25,0,Mph
822,-1384.75,0,Mph
399.5,-1371.25,0,Mph
286.5,-1379.25,0,Mph
562.5,-1372.25,0,Mph
591.5,-1373.25,0,Mph
814.5,-1368.25,0,Mph
442.5,-1368.75,0,Mph
194,-1335.25,0,Mph
813.5,-1345.75,0,Mph
333,-1344.25,0,Mph
802.5,-1329.25,0,Mph
367,-1329.75,0,Mph
349,-1322.25,0,Mph
353.5,-1302.25,0,Mph
264,-1302.75,0,Mph
290.5,-1300.25,0,Mph
271,-1288.75,0,Mph
297,-1277.75,0,Mph
-2190.5,-2058.75,0,Mph
-1988.5,-2045.75,0,Mph
-2187.5,-2037.25,0,Mph
-2200.5,-2021.75,0,Mph
-1944,-2012.75,0,Mph
-2157,-2013.25,0,Mph
-2136,-2008.25,0,Mph
-1976.5,-2004.25,0,Mph
-2199.5,-1998.25,0,Mph
-2168.5,-1992.25,0,Mph
-1903.5,-1969.75,0,Mph
-1514.5,-1967.75,0,Mph
-2205,-1959.75,0,Mph
-1969,-1955.25,0,Mph
-1945,-1962.25,0,Mph
-1833.5,-1956.25,0,Mph
-2181.5,-1946.75,0,Mph
-1820,-1944.75,0,Mph
-2213.5,-1934.75,0,Mph
-1824,-1917.75,0,Mph
-2204,-1913.25,0,Mph
-2009.5,-1915.25,0,Mph
-1982,-1917.25,0,Mph
-1582.5,-1904.25,0,Mph
-1989.5,-1903.75,0,Mph
-1842,-1895.25,0,Mph
-1883,-1888.25,0,Mph
-2198,-1881.25,0,Mph
-1974.5,-1888.75,0,Mph
-1935.5,-1889.25,0,Mph
-1540,-1874.75,0,Mph
-1608.5,-1874.75,0,Mph
-1691,-1870.75,0,Mph
-1932.5,-1867.25,0,Mph
-1644,-1864.75,0,Mph
-1920.5,-1855.75,0,Mph
-1528.5,-1848.75,0,Mph
-2204.5,-1839.25,0,Mph
-1915.5,-1833.25,0,Mph
-2179.5,-1832.25,0,Mph
-1599.5,-1832.25,0,Mph
-1855,-1819.75,0,Mph
-1448,-1828.25,0,Mph
-1893,-1813.25,0,Mph
-1518,-1815.25,0,Mph
-2167,-1809.25,0,Mph
-1467.5,-1808.25,0,Mph
-1445.5,-1801.75,0,Mph
-1591,-1790.75,0,Mph
-2188,-1797.75,0,Mph
-1431,-1793.75,0,Mph
-1621,-1785.75,0,Mph
-1688,-1776.25,0,Mph
-2141,-1781.75,0,Mph
-2041.5,-1779.25,0,Mph
-1646,-1778.75,0,Mph
-2195,-1777.75,0,Mph
-1469,-1775.25,0,Mph
-1614,-1765.75,0,Mph
-1483.5,-1759.75,0,Mph
-1420,-1758.25,0,Mph
-1591.5,-1763.75,0,Mph
-2187,-1756.75,0,Mph
-1701,-1749.25,0,Mph
-2106.5,-1752.25,0,Mph
-1946,-1748.25,0,Mph
-1996.5,-1747.25,0,Mph
-1627.5,-1751.25,0,Mph
-2188.5,-1733.25,0,Mph
-2149,-1730.75,0,Mph
-1786,-1728.75,0,Mph
-2127,-1729.25,0,Mph
-2002,-1714.75,0,Mph
-2174.5,-1716.75,0,Mph
-1712.5,-1715.75,0,Mph
-2158.5,-1709.75,0,Mph
-1929,-1689.25,0,Mph
-2167.5,-1690.25,0,Mph
-1878,-1683.75,0,Mph
-1914,-1681.25,0,Mph
-1460.5,-1675.75,0,Mph
-1945,-1671.75,0,Mph
-2156.5,-1668.25,0,Mph
-1903.5,-1667.75,0,Mph
-1601,-1651.75,0,Mph
-1447.5,-1649.75,0,Mph
-1734.5,-1649.75,0,Mph
-2144.5,-1647.25,0,Mph
-1936.5,-1637.25,0,Mph
-1728,-1632.75,0,Mph
-2072.5,-1632.75,0,Mph
-1983,-1627.25,0,Mph
-1429.5,-1626.25,0,Mph
-2141,-1610.75,0,Mph
-2038.5,-1608.75,0,Mph
-2098.5,-1613.25,0,Mph
-1978,-1598.25,0,Mph
-1426,-1607.25,0,Mph
-2161,-1608.75,0,Mph
-1959.5,-1608.25,0,Mph
-1739.5,-1591.75,0,Mph
-1796.5,-1595.25,0,Mph
-1611,-1599.25,0,Mph
-2089,-1591.75,0,Mph
-1947.5,-1592.25,0,Mph
-2149.5,-1592.75,0,Mph
-2000,-1592.25,0,Mph
-2111,-1586.25,0,Mph
-1937.5,-1577.25,0,Mph
-1841,-1581.75,0,Mph
-1808.5,-1584.25,0,Mph
-2012.5,-1580.25,0,Mph
-1550.5,-1578.25,0,Mph
-2078,-1570.75,0,Mph
-2164,-1576.75,0,Mph
-1604.5,-1575.25,0,Mph
-1830,-1565.25,0,Mph
-2133.5,-1560.75,0,Mph
-1885.5,-1558.75,0,Mph
-1731,-1557.25,0,Mph
-1756.5,-1557.75,0,Mph
-2071,-1549.25,0,Mph
-1852,-1546.25,0,Mph
-2098,-1545.25,0,Mph
-1952.5,-1542.75,0,Mph
-2019.5,-1538.25,0,Mph
-2130.5,-1533.75,0,Mph
-1632,-1533.75,0,Mph
-2060.5,-1526.25,0,Mph
-1568.5,-1526.25,0,Mph
-1973,-1521.75,0,Mph
-2081.5,-1526.25,0,Mph
-2022.5,-1511.25,0,Mph
-1553,-1502.75,0,Mph
-1883,-1500.75,0,Mph
-1822.5,-1493.25,0,Mph
-1469.5,-1487.75,0,Mph
-1993.5,-1465.75,0,Mph
-1957.5,-1478.25,0,Mph
-1875,-1474.75,0,Mph
-2021.5,-1472.25,0,Mph
-1811,-1467.75,0,Mph
-1726.5,-1470.25,0,Mph
-1484,-1468.75,0,Mph
-1850,-1444.25,0,Mph
-2098,-1440.75,0,Mph
-1813,-1442.75,0,Mph
-1874.5,-1441.25,0,Mph
-1470.5,-1439.25,0,Mph
-1937.5,-1431.25,0,Mph
-1897,-1433.75,0,Mph
-2120,-1418.75,0,Mph
-1963,-1415.25,0,Mph
-1892,-1413.25,0,Mph
-2012.5,-1408.75,0,Mph
-1807.5,-1407.75,0,Mph
-1858.5,-1403.75,0,Mph
-1777.5,-1398.25,0,Mph
-1975,-1397.75,0,Mph
-1915.5,-1392.25,0,Mph
-2000.5,-1391.75,0,Mph
-1958,-1382.25,0,Mph
-1992.5,-1373.25,0,Mph
-1812,-1371.25,0,Mph
-1741.5,-1360.75,0,Mph
-1720.5,-1359.75,0,Mph
-1794,-1347.75,0,Mph
-1700.5,-1355.75,0,Mph
-1900,-1348.75,0,Mph
-1559.5,-1335.25,0,Mph
-1516,-1331.75,0,Mph
-1700,-1327.25,0,Mph
-1668,-1326.25,0,Mph
-1851.5,-1328.75,0,Mph
-1485.5,-1327.25,0,Mph
-1611.5,-1321.75,0,Mph
-2007,-1322.75,0,Mph
-1968,-1312.75,0,Mph
-1845,-1311.75,0,Mph
-1541.5,-1312.75,0,Mph
-1440.5,-1291.25,0,Mph
-2014,-1289.25,0,Mph
-2132.5,-1282.25,0,Mph
-2024.5,-1276.75,0,Mph
-1865,-1271.25,0,Mph
-2123,-1269.25,0,Mph
-1916.5,-1259.25,0,Mph
-1706.5,-1256.75,0,Mph
-1883,-1258.75,0,Mph
-1630.5,-1256.25,0,Mph
-1948,-1252.75,0,Mph
-2023,-1244.25,0,Mph
-1979,-1244.75,0,Mph
-1804.5,-1235.25,0,Mph
-1779,-1233.75,0,Mph
-1761.5,-1234.75,0,Mph
-1749.5,-1221.75,0,Mph
-2112.5,-1196.25,0,Mph
-2048.5,-1187.75,0,Mph
-1431.5,-1176.75,0,Mph
-2028,-1169.25,0,Mph
-2058,-1161.75,0,Mph
-1988.5,-1162.75,0,Mph
-1927.5,-1158.75,0,Mph
-1883.5,-1149.75,0,Mph
-1908.5,-1152.75,0,Mph
-1927.5,-1139.25,0,Mph
-1441.5,-1136.25,0,Mph
-1854,-1126.25,0,Mph
-1958,-1124.75,0,Mph
-1649.5,-1123.75,0,Mph
-1723,-1119.75,0,Mph
-1654,-1107.75,0,Mph
-1875.5,-1107.25,0,Mph
-1567,-1101.25,0,Mph
-1761,-1088.25,0,Mph
-1895,-1081.75,0,Mph
-1914.5,-1075.75,0,Mph
-1546.5,-1076.75,0,Mph
-1801,-1052.75,0,Mph
-1935,-992.25,0,Mph
-1485,-967.25,0,Mph
-2068,-960.75,0,Mph
-1512.5,-943.25,0,Mph
-1639,-930.25,0,Mph
-1626,-915.25,0,Mph
-2016,-904.25,0,Mph
-1489.5,-907.25,0,Mph
-1827.5,-897.25,0,Mph
-2057.5,-888.25,0,Mph
-1465,-888.75,0,Mph
-1980,-887.75,0,Mph
-1994.5,-874.75,0,Mph
-1967,-875.75,0,Mph
-1823,-873.25,0,Mph
-1441,-855.75,0,Mph
-1456.5,-858.75,0,Mph
-1788,-848.25,0,Mph
-2043.5,-838.75,0,Mph
-1898,-826.75,0,Mph
-1946,-823.25,0,Mph
-1959,-808.25,0,Mph
-1703.5,-800.75,0,Mph
-1984.5,-787.75,0,Mph
-1693,-773.75,0,Mph
-1921,-773.25,0,Mph
-1800.5,-745.25,0,Mph
-1990,-728.25,0,Mph
-2000.5,-716.25,0,Mph
-1637.5,-707.75,0,Mph
-1928.5,-693.25,0,Mph
-1981,-687.25,0,Mph
-1876.5,-674.75,0,Mph
-2023.5,-661.75,0,Mph
-1784,-653.25,0,Mph
-1824,-651.75,0,Mph
-1503.5,-651.25,0,Mph
-1977.5,-631.75,0,Mph
-1811.5,-630.75,0,Mph
-1451,-621.75,0,Mph
-1804,-612.25,0,Mph
-1743.5,-607.75,0,Mph
-1836,-584.25,0,Mph
-1934.5,-575.75,0,Mph
-1758,-572.75,0,Mph
-1869,-557.75,0,Mph
-1613.5,-541.25,0,Mph
-1762.5,-501.75,0,Mph
-1614.5,-495.75,0,Mph
-1559,-490.75,0,Mph
-1941.5,-485.75,0,Mph
-658,-1270.25,0,Mph
-771.5,-1264.75,0,Mph
-1351,-1267.75,0,Mph
-1389,-1252.75,0,Mph
-1139.5,-1253.75,0,Mph
-1120.5,-1233.75,0,Mph
-800.5,-1237.75,0,Mph
-1376,-1216.25,0,Mph
-1357,-1212.75,0,Mph
-1340,-1209.25,0,Mph
-1134.5,-1208.75,0,Mph
-832,-1209.25,0,Mph
-1279,-1203.75,0,Mph
-1413,-1201.25,0,Mph
-1348.5,-1182.25,0,Mph
-1194,-1157.75,0,Mph
-1102,-1152.25,0,Mph
-723,-1148.75,0,Mph
-904,-1149.25,0,Mph
-637,-1138.75,0,Mph
-962,-1140.25,0,Mph
-991,-1140.25,0,Mph
-735,-1133.75,0,Mph
-1409,-1136.75,0,Mph
-1386.5,-1134.25,0,Mph
-854.5,-1132.75,0,Mph
-890.5,-1131.25,0,Mph
-1319.5,-1116.25,0,Mph
-926.5,-1119.25,0,Mph
-900,-1116.75,0,Mph
-669.5,-1106.25,0,Mph
-769.5,-1093.25,0,Mph
-912,-1061.75,0,Mph
-1147.5,-1062.75,0,Mph
-836,-1045.25,0,Mph
-1168,-1044.75,0,Mph
-924,-1044.75,0,Mph
-813,-1040.75,0,Mph
-785,-1040.75,0,Mph
-674,-1044.75,0,Mph
-632,-1020.25,0,Mph
-694,-1027.75,0,Mph
-672.5,-1025.75,0,Mph
-776,-997.75,0,Mph
-1232.5,-981.25,0,Mph
-1116.5,-978.25,0,Mph
-733,-976.25,0,Mph
-1279,-964.75,0,Mph
-1141,-964.75,0,Mph
-1001.5,-958.75,0,Mph
-619,-957.75,0,Mph
-1021.5,-958.25,0,Mph
-1302.5,-945.75,0,Mph
-852,-943.75,0,Mph
-984,-940.75,0,Mph
-918,-943.25,0,Mph
-781,-935.75,0,Mph
-678.5,-934.25,0,Mph
-630,-931.75,0,Mph
-803.5,-931.75,0,Mph
-851,-920.75,0,Mph
-1041.5,-915.75,0,Mph
-718.5,-916.25,0,Mph
-675.5,-906.25,0,Mph
-806,-902.75,0,Mph
-622,-891.75,0,Mph
-680.5,-890.75,0,Mph
-641,-880.75,0,Mph
-634.5,-865.25,0,Mph
-1094.5,-860.25,0,Mph
-1208,-857.75,0,Mph
-1107,-843.75,0,Mph
-955,-836.75,0,Mph
-799,-839.25,0,Mph
-774,-836.75,0,Mph
-714.5,-833.25,0,Mph
-822,-837.25,0,Mph
-972.5,-830.25,0,Mph
-693,-828.25,0,Mph
-851.5,-807.75,0,Mph
-775,-807.75,0,Mph
-1386,-807.25,0,Mph
-1362,-793.75,0,Mph
-809,-790.25,0,Mph
-1223,-766.25,0,Mph
-1201.5,-753.75,0,Mph
-1066,-756.25,0,Mph
-1343.5,-738.25,0,Mph
-950,-725.25,0,Mph
-1337.5,-720.25,0,Mph
-994.5,-697.25,0,Mph
-1138,-694.25,0,Mph
-762.5,-692.75,0,Mph
-1306,-685.25,0,Mph
-721,-680.25,0,Mph
-852,-678.75,0,Mph
-754.5,-677.25,0,Mph
-1053.5,-655.75,0,Mph
-1224.5,-652.25,0,Mph
-1124.5,-645.25,0,Mph
-801,-642.25,0,Mph
-1255,-638.25,0,Mph
-1141,-636.75,0,Mph
-1239.5,-615.25,0,Mph
-904.5,-583.25,0,Mph
-924.5,-583.75,0,Mph
-874.5,-548.75,0,Mph
-743.5,-549.75,0,Mph
-863.5,-530.75,0,Mph
-1229,-517.75,0,Mph
-1173,-508.25,0,Mph
-739,-509.75,0,Mph
-1252,-481.75,0,Mph
-1140.5,-480.25,0,Mph
-1030.5,-476.75,0,Mph
-25.5,-1263.25,0,Mph
-235,-1266.25,0,Mph
114.5,-1266.75,0,Mph
12.5,-1261.75,0,Mph
-179.5,-1264.25,0,Mph
-162.5,-1256.25,0,Mph
-436.5,-1254.75,0,Mph
34.5,-1255.75,0,Mph
92.5,-1257.75,0,Mph
72,-1255.25,0,Mph
-240,-1247.25,0,Mph
-77,-1239.25,0,Mph
137.5,-1243.75,0,Mph
97.5,-1227.75,0,Mph
-491,-1216.75,0,Mph
152.5,-1217.75,0,Mph
-313,-1218.75,0,Mph
19,-1212.75,0,Mph
83.5,-1215.25,0,Mph
65.5,-1211.25,0,Mph
-320.5,-1200.75,0,Mph
56.5,-1195.75,0,Mph
-170.5,-1194.25,0,Mph
-333,-1186.25,0,Mph
-604.5,-1174.25,0,Mph
41.5,-1176.25,0,Mph
-205,-1166.25,0,Mph
-583,-1168.25,0,Mph
-453,-1162.75,0,Mph
-1.5,-1161.75,0,Mph
-60.5,-1153.75,0,Mph
60,-1147.25,0,Mph
-7.5,-1139.75,0,Mph
-545,-1137.25,0,Mph
179.5,-1138.75,0,Mph
135.5,-1129.25,0,Mph
-451,-1135.75,0,Mph
164,-1132.75,0,Mph
106,-1125.75,0,Mph
-583,-1120.25,0,Mph
-447.5,-1118.25,0,Mph
87,-1105.75,0,Mph
-416,-1102.75,0,Mph
-204.5,-1101.75,0,Mph
-450,-1084.25,0,Mph
60,-1082.25,0,Mph
-435,-1069.75,0,Mph
-616,-1066.25,0,Mph
-413,-1055.75,0,Mph
-66,-1059.75,0,Mph
178,-1054.75,0,Mph
77,-1051.25,0,Mph
-197,-1052.25,0,Mph
-62.5,-1043.75,0,Mph
16,-1037.75,0,Mph
86.5,-1040.25,0,Mph
-410,-1030.25,0,Mph
-386.5,-1028.25,0,Mph
-560,-1028.75,0,Mph
-468.5,-1014.25,0,Mph
32,-1015.25,0,Mph
-414,-1010.75,0,Mph
88,-1004.25,0,Mph
-71,-1007.75,0,Mph
-501.5,-997.75,0,Mph
-553.5,-998.75,0,Mph
-139,-996.75,0,Mph
-434,-991.25,0,Mph
64.5,-975.25,0,Mph
-136.5,-976.75,0,Mph
-393,-971.75,0,Mph
142.5,-973.75,0,Mph
-201,-969.25,0,Mph
139.5,-955.25,0,Mph
-129.5,-952.75,0,Mph
117,-952.75,0,Mph
-418,-940.25,0,Mph
-104,-938.75,0,Mph
-170,-929.25,0,Mph
22.5,-933.75,0,Mph
94.5,-929.75,0,Mph
125,-930.75,0,Mph
-554,-925.25,0,Mph
159,-925.75,0,Mph
-40.5,-922.25,0,Mph
41.5,-923.75,0,Mph
-508.5,-910.25,0,Mph
-147.5,-909.25,0,Mph
179,-908.25,0,Mph
-122.5,-901.25,0,Mph
-346,-898.75,0,Mph
-428,-892.25,0,Mph
163,-900.75,0,Mph
-363,-897.75,0,Mph
143.5,-889.75,0,Mph
79.5,-866.75,0,Mph
-551.5,-860.25,0,Mph
51,-862.25,0,Mph
11.5,-856.25,0,Mph
-220,-854.25,0,Mph
-33,-855.75,0,Mph
-347.5,-853.25,0,Mph
-68.5,-839.25,0,Mph
-333.5,-838.25,0,Mph
-296.5,-837.75,0,Mph
-469,-835.25,0,Mph
-486.5,-827.25,0,Mph
-3,-821.75,0,Mph
-357.5,-811.25,0,Mph
140.5,-801.75,0,Mph
-541,-794.75,0,Mph
-509,-779.75,0,Mph
-452.5,-768.75,0,Mph
-493,-763.25,0,Mph
-307.5,-765.75,0,Mph
-597,-749.75,0,Mph
-512,-744.75,0,Mph
-321.5,-718.25,0,Mph
-380,-687.75,0,Mph
-361,-680.25,0,Mph
-96.5,-667.75,0,Mph
-201.5,-657.25,0,Mph
180.5,-645.25,0,Mph
-164.5,-660.25,0,Mph
-540,-657.75,0,Mph
-472.5,-648.75,0,Mph
-120.5,-653.75,0,Mph
-537,-620.75,0,Mph
-47.5,-618.25,0,Mph
-438.5,-606.25,0,Mph
10.5,-606.25,0,Mph
-14,-579.75,0,Mph
65.5,-579.25,0,Mph
-109.5,-573.25,0,Mph
-59,-565.75,0,Mph
-345.5,-568.25,0,Mph
50.5,-550.25,0,Mph
-193.5,-549.25,0,Mph
103,-548.75,0,Mph
-259,-542.75,0,Mph
-215,-542.25,0,Mph
-327,-531.25,0,Mph
49,-527.25,0,Mph
-134,-534.25,0,Mph
-564,-523.75,0,Mph
-424.5,-523.75,0,Mph
-110,-523.25,0,Mph
-359.5,-522.25,0,Mph
-443.5,-515.75,0,Mph
-403,-515.25,0,Mph
-460.5,-510.25,0,Mph
-48,-507.25,0,Mph
-351,-502.25,0,Mph
-73.5,-503.25,0,Mph
-415.5,-495.75,0,Mph
-515.5,-493.25,0,Mph
-78.5,-487.75,0,Mph
-485,-486.75,0,Mph
-545.5,-480.25,0,Mph
-181.5,-475.75,0,Mph
218,-1258.25,0,Mph
263.5,-1255.75,0,Mph
969.5,-1260.25,0,Mph
309.5,-1246.25,0,Mph
821.5,-1244.75,0,Mph
199.5,-1241.75,0,Mph
437.5,-1235.25,0,Mph
224,-1230.75,0,Mph
815.5,-1214.25,0,Mph
313.5,-1214.25,0,Mph
253.5,-1210.25,0,Mph
429,-1206.25,0,Mph
327,-1198.25,0,Mph
234.5,-1192.25,0,Mph
289,-1186.75,0,Mph
240.5,-1172.25,0,Mph
292.5,-1161.75,0,Mph
196,-1161.25,0,Mph
241.5,-1133.25,0,Mph
273.5,-1130.25,0,Mph
800,-1128.25,0,Mph
896,-1129.75,0,Mph
197,-1127.75,0,Mph
269.5,-1104.25,0,Mph
895.5,-1106.25,0,Mph
345.5,-1092.75,0,Mph
900,-1091.25,0,Mph
245.5,-1080.25,0,Mph
498.5,-1081.25,0,Mph
335.5,-1069.75,0,Mph
221.5,-1071.25,0,Mph
869,-1057.25,0,Mph
349.5,-1051.75,0,Mph
380,-1045.75,0,Mph
881,-1045.25,0,Mph
272,-1028.25,0,Mph
375.5,-1019.75,0,Mph
363,-993.25,0,Mph
342,-985.75,0,Mph
854,-994.25,0,Mph
595.5,-976.75,0,Mph
838.5,-976.25,0,Mph
369,-968.75,0,Mph
410,-963.75,0,Mph
406,-941.75,0,Mph
910.5,-917.75,0,Mph
909.5,-895.25,0,Mph
801,-896.25,0,Mph
510.5,-882.25,0,Mph
784.5,-828.25,0,Mph
790.5,-814.75,0,Mph
433.5,-804.25,0,Mph
830,-776.75,0,Mph
833.5,-748.25,0,Mph
706.5,-747.25,0,Mph
404.5,-750.75,0,Mph
228.5,-735.25,0,Mph
396.5,-736.75,0,Mph
573.5,-728.25,0,Mph
798,-728.25,0,Mph
270,-720.25,0,Mph
331.5,-720.75,0,Mph
322.5,-710.75,0,Mph
802.5,-693.75,0,Mph
645,-672.25,0,Mph
241.5,-662.25,0,Mph
782,-637.75,0,Mph
414,-617.25,0,Mph
913,-610.25,0,Mph
616.5,-601.25,0,Mph
806,-609.75,0,Mph
810.5,-595.75,0,Mph
928.5,-578.75,0,Mph
957.5,-580.25,0,Mph
515.5,-577.75,0,Mph
531,-562.25,0,Mph
342.5,-556.75,0,Mph
428,-534.25,0,Mph
472.5,-513.25,0,Mph
440.5,-499.25,0,Mph
276,-489.75,0,Mph
378,-495.25,0,Mph
834,-489.75,0,Mph
1314,-1191.75,0,Mph
1306.5,-1139.25,0,Mph
1277.5,-1087.75,0,Mph
1519.5,-1067.25,0,Mph
1282.5,-1047.75,0,Mph
1498.5,-1004.25,0,Mph
1477.5,-994.75,0,Mph
1495.5,-938.25,0,Mph
1476,-887.75,0,Mph
1197,-878.75,0,Mph
1429.5,-854.75,0,Mph
1144.5,-818.75,0,Mph
1003.5,-784.25,0,Mph
1170.5,-784.25,0,Mph
1228,-769.25,0,Mph
1246,-750.75,0,Mph
1323.5,-747.25,0,Mph
1286,-744.75,0,Mph
1145.5,-733.75,0,Mph
1190,-724.25,0,Mph
1055,-723.25,0,Mph
1211.5,-698.25,0,Mph
1031,-689.75,0,Mph
1101,-695.25,0,Mph
1215.5,-678.25,0,Mph
1467.5,-669.75,0,Mph
1201.5,-669.25,0,Mph
1070.5,-648.75,0,Mph
1359.5,-650.75,0,Mph
1328.5,-653.75,0,Mph
1180.5,-647.25,0,Mph
1418.5,-641.25,0,Mph
1403,-629.75,0,Mph
1206.5,-610.25,0,Mph
1363.5,-617.75,0,Mph
1269.5,-611.75,0,Mph
1392,-612.25,0,Mph
1378,-599.75,0,Mph
1264.5,-592.25,0,Mph
1044,-591.75,0,Mph
983,-571.75,0,Mph
1081,-575.25,0,Mph
1249.5,-519.75,0,Mph
1125,-494.75,0,Mph
1280,-495.75,0,Mph
1027.5,-484.75,0,Mph
1283,-481.25,0,Mph
-1575,-470.75,0,Mph
-1790.5,-465.25,0,Mph
-1638.5,-427.25,0,Mph
-1735,-416.75,0,Mph
-1718.5,-406.75,0,Mph
-1612,-393.25,0,Mph
-1802,-376.75,0,Mph
-1575.5,-373.75,0,Mph
-1781,-369.75,0,Mph
-1756,-375.25,0,Mph
-1596,-368.25,0,Mph
-1868.5,-356.75,0,Mph
-1582,-353.75,0,Mph
-1547.5,-351.25,0,Mph
-1823.5,-348.75,0,Mph
-1716,-343.25,0,Mph
-1568.5,-334.25,0,Mph
-1829.5,-324.75,0,Mph
-1858.5,-317.25,0,Mph
-1560.5,-315.75,0,Mph
-1449,-305.75,0,Mph
-1497.5,-276.25,0,Mph
-1597,-253.75,0,Mph
-1607.5,-232.75,0,Mph
-1535,-213.75,0,Mph
-1462.5,-203.75,0,Mph
-1831.5,-199.25,0,Mph
-1533.5,-189.75,0,Mph
-1560.5,-178.25,0,Mph
-1843,-169.75,0,Mph
-1466.5,-156.25,0,Mph
-1502.5,-150.25,0,Mph
-1612.5,-144.75,0,Mph
-1456.5,-130.25,0,Mph
-1629,-125.25,0,Mph
-1569.5,-117.75,0,Mph
-1604,-114.75,0,Mph
-1495,-106.75,0,Mph
-1673,-98.75,0,Mph
-1630.5,-91.25,0,Mph
-1760.5,-82.75,0,Mph
-1602,-80.25,0,Mph
-1585.5,-81.25,0,Mph
-1739.5,7.25,0,Mph
-1517.5,16.75,0,Mph
-1526.5,34.75,0,Mph
-1537,54.25,0,Mph
-1428.5,116.75,0,Mph
-1542,203.75,0,Mph
-1665.5,219.25,0,Mph
-1642.5,246.75,0,Mph
-1633.5,258.75,0,Mph
-1418.5,296.75,0,Mph
-1488.5,316.25,0,Mph
-1508.5,320.25,0,Mph
-1576,320.75,0,Mph
-1541.5,324.25,0,Mph
-1126,-473.25,0,Mph
-1312,-464.25,0,Mph
-807,-458.25,0,Mph
-1300,-447.25,0,Mph
-847,-442.75,0,Mph
-1152.5,-442.75,0,Mph
-1224.5,-441.75,0,Mph
-1249,-423.25,0,Mph
-1210.5,-409.75,0,Mph
-1321,-411.75,0,Mph
-1237,-405.75,0,Mph
-1274,-399.25,0,Mph
-821.5,-390.75,0,Mph
-1320,-390.25,0,Mph
-1159,-389.25,0,Mph
-1192,-383.75,0,Mph
-1262.5,-384.75,0,Mph
-1358,-373.75,0,Mph
-667,-336.25,0,Mph
-1067,-304.25,0,Mph
-1089,-302.75,0,Mph
-901.5,-297.25,0,Mph
-1131.5,-292.75,0,Mph
-1077,-282.25,0,Mph
-1035.5,-267.75,0,Mph
-1270,-229.25,0,Mph
-987,-211.25,0,Mph
-965.5,-202.75,0,Mph
-965,-181.25,0,Mph
-1344,-159.25,0,Mph
-773.5,-159.25,0,Mph
-1375.5,-157.25,0,Mph
-1205,-142.75,0,Mph
-666.5,-133.75,0,Mph
-834,-116.25,0,Mph
-1381.5,-107.25,0,Mph
-914.5,-101.25,0,Mph
-1028,-96.25,0,Mph
-939.5,-92.75,0,Mph
-802,-92.75,0,Mph
-1413.5,-88.25,0,Mph
-742.5,-88.75,0,Mph
-1164,-87.25,0,Mph
-1298,-83.25,0,Mph
-885,-88.25,0,Mph
-902,-83.75,0,Mph
-983,-75.25,0,Mph
-921,-75.25,0,Mph
-962,-74.25,0,Mph
-621.5,-72.25,0,Mph
-1160.5,-66.25,0,Mph
-784.5,-47.75,0,Mph
-750,-42.25,0,Mph
-1190,-31.75,0,Mph
-769,-32.75,0,Mph
-1256.5,-21.75,0,Mph
-691,-7.25,0,Mph
-726.5,4.75,0,Mph
-1282.5,21.75,0,Mph
-746.5,27.75,0,Mph
-653.5,38.25,0,Mph
-867.5,44.25,0,Mph
-639,62.25,0,Mph
-1390,109.75,0,Mph
-889,124.25,0,Mph
-847,127.75,0,Mph
-778,132.25,0,Mph
-1323,143.25,0,Mph
-755.5,151.75,0,Mph
-658.5,157.75,0,Mph
-1111,154.25,0,Mph
-1193.5,160.75,0,Mph
-726.5,158.25,0,Mph
-1082.5,164.25,0,Mph
-642.5,166.75,0,Mph
-684.5,174.25,0,Mph
-627.5,180.25,0,Mph
-1061,173.75,0,Mph
-1359.5,182.75,0,Mph
-655.5,184.75,0,Mph
-1227,192.25,0,Mph
-642.5,199.75,0,Mph
-1281.5,203.75,0,Mph
-1258,206.75,0,Mph
-1059.5,212.25,0,Mph
-1061,226.75,0,Mph
-621,237.25,0,Mph
-931.5,249.25,0,Mph
-1003.5,251.75,0,Mph
-1018,263.75,0,Mph
-949,284.25,0,Mph
-933,279.75,0,Mph
-1350.5,291.75,0,Mph
-633,292.75,0,Mph
-1392,295.75,0,Mph
-1274,297.25,0,Mph
-786.5,301.25,0,Mph
-917,304.25,0,Mph
-844.5,305.75,0,Mph
-1295.5,308.25,0,Mph
-1195.5,314.25,0,Mph
-977.5,316.75,0,Mph
-728.5,318.25,0,Mph
-755.5,321.75,0,Mph
-46,-446.75,0,Mph
143,-447.25,0,Mph
-17.5,-441.25,0,Mph
68.5,-441.75,0,Mph
-59,-442.25,0,Mph
-330.5,-432.75,0,Mph
-448.5,-434.25,0,Mph
-76,-429.75,0,Mph
135.5,-426.75,0,Mph
-150.5,-428.75,0,Mph
-464,-423.75,0,Mph
-396.5,-421.25,0,Mph
-60,-414.25,0,Mph
-370.5,-416.25,0,Mph
-159.5,-409.25,0,Mph
96,-409.25,0,Mph
-566,-407.75,0,Mph
-345.5,-404.25,0,Mph
-251,-394.75,0,Mph
74,-387.25,0,Mph
-171,-384.25,0,Mph
90.5,-384.25,0,Mph
-4,-375.75,0,Mph
-190,-355.25,0,Mph
70,-347.25,0,Mph
-221,-337.25,0,Mph
-6,-324.25,0,Mph
78,-321.75,0,Mph
-66,-309.75,0,Mph
-255,-309.75,0,Mph
-202,-292.25,0,Mph
-581,-289.25,0,Mph
-239.5,-286.75,0,Mph
-567.5,-283.25,0,Mph
-162.5,-260.75,0,Mph
-10.5,-267.25,0,Mph
-600.5,-257.25,0,Mph
-299,-252.25,0,Mph
7.5,-247.25,0,Mph
-11.5,-247.25,0,Mph
-583.5,-245.25,0,Mph
-285.5,-239.25,0,Mph
-303,-225.25,0,Mph
-168,-224.75,0,Mph
88,-222.25,0,Mph
-460,-220.75,0,Mph
-525,-220.75,0,Mph
17,-215.75,0,Mph
-62,-213.75,0,Mph
-481,-210.25,0,Mph
-38,-202.75,0,Mph
-518,-202.75,0,Mph
-186.5,-200.75,0,Mph
-449.5,-181.25,0,Mph
-201,-181.25,0,Mph
-31.5,-179.75,0,Mph
69.5,-168.25,0,Mph
-22,-167.25,0,Mph
-188.5,-143.75,0,Mph
40,-145.75,0,Mph
173,-142.25,0,Mph
-283,-134.25,0,Mph
-66,-125.75,0,Mph
-31.5,-101.25,0,Mph
-262.5,-84.75,0,Mph
-219,-78.75,0,Mph
-350.5,-72.25,0,Mph
-40.5,-72.25,0,Mph
-579.5,-70.25,0,Mph
-56,-64.75,0,Mph
-163,-68.75,0,Mph
-190,-59.75,0,Mph
-140,-59.75,0,Mph
-329.5,-55.75,0,Mph
-283.5,-41.75,0,Mph
-33,-43.75,0,Mph
24.5,-32.75,0,Mph
-57.5,-25.25,0,Mph
-231.5,-16.75,0,Mph
-252,-14.75,0,Mph
148,-17.75,0,Mph
4,-15.75,0,Mph
72.5,-12.25,0,Mph
28.5,-11.25,0,Mph
96,-3.25,0,Mph
-544.5,7.75,0,Mph
147.5,5.25,0,Mph
60.5,11.75,0,Mph
-252.5,28.75,0,Mph
-20.5,35.25,0,Mph
35,38.75,0,Mph
-195,41.75,0,Mph
-239,48.75,0,Mph
5.5,58.25,0,Mph
-111.5,72.75,0,Mph
96,74.25,0,Mph
-139.5,81.75,0,Mph
-10.5,86.25,0,Mph
-529,85.75,0,Mph
-121,91.25,0,Mph
149,94.75,0,Mph
90,100.25,0,Mph
-239,102.75,0,Mph
3,111.75,0,Mph
-118,113.25,0,Mph
-480,112.75,0,Mph
74.5,118.75,0,Mph
-229,116.25,0,Mph
-193.5,119.75,0,Mph
-141.5,135.25,0,Mph
102,129.75,0,Mph
-124.5,138.75,0,Mph
-107.5,148.25,0,Mph
-609,157.25,0,Mph
-5.5,163.25,0,Mph
-33,172.25,0,Mph
33,182.25,0,Mph
-275.5,179.75,0,Mph
-493.5,190.25,0,Mph
-268.5,199.25,0,Mph
-547,202.75,0,Mph
-456.5,201.75,0,Mph
-118.5,207.75,0,Mph
-431,204.75,0,Mph
-76.5,208.75,0,Mph
-21,216.25,0,Mph
-404.5,213.25,0,Mph
-240,217.25,0,Mph
-166,218.25,0,Mph
103,225.75,0,Mph
-561,231.75,0,Mph
89.5,243.75,0,Mph
-583,248.75,0,Mph
-145,249.25,0,Mph
69,248.25,0,Mph
-37.5,249.75,0,Mph
28,249.75,0,Mph
-393,254.25,0,Mph
-367,257.25,0,Mph
-529,260.25,0,Mph
-100,267.75,0,Mph
59.5,283.75,0,Mph
-412.5,275.25,0,Mph
-157,280.25,0,Mph
-608.5,280.25,0,Mph
-391.5,279.75,0,Mph
38.5,281.75,0,Mph
-569.5,290.25,0,Mph
-369,287.75,0,Mph
-542.5,288.25,0,Mph
-517.5,290.25,0,Mph
16.5,292.75,0,Mph
36,302.25,0,Mph
-121.5,310.25,0,Mph
14.5,317.75,0,Mph
-12.5,321.25,0,Mph
-106,320.25,0,Mph
286,-459.25,0,Mph
527,-446.75,0,Mph
879.5,-436.25,0,Mph
215.5,-418.75,0,Mph
342.5,-416.25,0,Mph
891.5,-409.75,0,Mph
853.5,-405.25,0,Mph
343,-393.75,0,Mph
622,-386.25,0,Mph
396,-373.25,0,Mph
249,-357.75,0,Mph
913.5,-362.25,0,Mph
599,-369.25,0,Mph
363.5,-363.75,0,Mph
387,-359.25,0,Mph
594,-356.25,0,Mph
872.5,-342.75,0,Mph
959.5,-340.25,0,Mph
602,-347.75,0,Mph
819.5,-348.25,0,Mph
375.5,-340.25,0,Mph
567.5,-334.75,0,Mph
666,-334.25,0,Mph
314.5,-337.75,0,Mph
221.5,-323.25,0,Mph
583.5,-316.25,0,Mph
742,-315.75,0,Mph
886.5,-316.25,0,Mph
774.5,-312.75,0,Mph
616.5,-311.75,0,Mph
183,-302.75,0,Mph
591,-295.25,0,Mph
691,-288.75,0,Mph
198,-287.25,0,Mph
359,-275.75,0,Mph
325,-274.25,0,Mph
444,-263.75,0,Mph
866,-262.75,0,Mph
361,-251.75,0,Mph
210.5,-252.75,0,Mph
383.5,-253.25,0,Mph
848.5,-240.75,0,Mph
673,-238.75,0,Mph
642,-240.75,0,Mph
869,-235.25,0,Mph
352.5,-234.75,0,Mph
532,-229.25,0,Mph
702.5,-231.75,0,Mph
646,-222.75,0,Mph
504.5,-211.25,0,Mph
403,-210.75,0,Mph
675.5,-214.75,0,Mph
272.5,-208.75,0,Mph
564.5,-200.75,0,Mph
358,-210.25,0,Mph
185,-208.25,0,Mph
981,-205.25,0,Mph
327,-199.75,0,Mph
520,-187.75,0,Mph
738,-175.25,0,Mph
865,-171.75,0,Mph
320.5,-172.75,0,Mph
534.5,-170.25,0,Mph
711.5,-163.75,0,Mph
758,-162.25,0,Mph
736.5,-151.75,0,Mph
206.5,-157.75,0,Mph
581.5,-155.25,0,Mph
220.5,-157.25,0,Mph
280.5,-151.25,0,Mph
597.5,-150.75,0,Mph
340,-146.75,0,Mph
890,-140.75,0,Mph
296,-144.25,0,Mph
718,-141.75,0,Mph
217,-138.75,0,Mph
272.5,-131.25,0,Mph
920,-121.75,0,Mph
717,-116.25,0,Mph
405,-120.25,0,Mph
649,-114.25,0,Mph
887.5,-114.25,0,Mph
800,-116.25,0,Mph
798,-101.25,0,Mph
720,-97.75,0,Mph
259.5,-95.25,0,Mph
359,-89.75,0,Mph
235.5,-81.75,0,Mph
642.5,-78.75,0,Mph
439.5,-84.75,0,Mph
696.5,-73.75,0,Mph
416,-61.25,0,Mph
920.5,-61.25,0,Mph
632.5,-54.75,0,Mph
833.5,-52.25,0,Mph
712,-54.75,0,Mph
438.5,-50.25,0,Mph
693,-43.75,0,Mph
642,-36.75,0,Mph
626.5,-35.25,0,Mph
369,-35.25,0,Mph
483.5,-25.75,0,Mph
615,-18.75,0,Mph
388,-18.75,0,Mph
411,-14.25,0,Mph
631,-11.75,0,Mph
573.5,-13.75,0,Mph
466.5,-10.25,0,Mph
483,-4.25,0,Mph
600.5,-1.25,0,Mph
889.5,-2.75,0,Mph
461,7.75,0,Mph
443,7.25,0,Mph
217.5,9.25,0,Mph
881.5,13.25,0,Mph
833.5,17.75,0,Mph
198,11.25,0,Mph
903,12.75,0,Mph
978.5,22.75,0,Mph
908.5,24.25,0,Mph
264.5,26.75,0,Mph
878,38.25,0,Mph
969.5,37.75,0,Mph
270.5,39.75,0,Mph
901,43.75,0,Mph
702.5,42.75,0,Mph
403,43.75,0,Mph
816.5,47.25,0,Mph
462,52.25,0,Mph
696.5,60.25,0,Mph
959,74.25,0,Mph
703.5,77.25,0,Mph
615.5,81.25,0,Mph
317.5,84.25,0,Mph
272,95.25,0,Mph
464,92.75,0,Mph
699.5,93.75,0,Mph
711.5,95.75,0,Mph
732,94.75,0,Mph
828.5,105.75,0,Mph
786.5,104.25,0,Mph
687.5,107.75,0,Mph
450,110.25,0,Mph
281,119.25,0,Mph
397.5,124.75,0,Mph
709.5,126.25,0,Mph
691.5,124.25,0,Mph
787,123.75,0,Mph
675.5,131.75,0,Mph
601.5,126.75,0,Mph
553,155.25,0,Mph
696.5,155.25,0,Mph
406,155.75,0,Mph
420,167.25,0,Mph
397,181.25,0,Mph
940.5,173.25,0,Mph
337,184.25,0,Mph
919,186.25,0,Mph
940,200.75,0,Mph
979.5,204.25,0,Mph
920,222.25,0,Mph
330,214.25,0,Mph
377.5,210.25,0,Mph
537.5,213.75,0,Mph
644,216.25,0,Mph
950,234.25,0,Mph
286,229.25,0,Mph
364.5,225.25,0,Mph
675,224.25,0,Mph
653,233.25,0,Mph
451,235.75,0,Mph
378,243.75,0,Mph
502.5,257.25,0,Mph
667.5,255.25,0,Mph
840,260.25,0,Mph
837,283.75,0,Mph
466.5,274.25,0,Mph
216,277.25,0,Mph
967.5,278.75,0,Mph
943.5,282.25,0,Mph
644,283.25,0,Mph
273.5,286.25,0,Mph
539,297.25,0,Mph
579.5,289.25,0,Mph
184.5,302.75,0,Mph
212.5,300.25,0,Mph
772.5,303.75,0,Mph
930,300.25,0,Mph
282.5,303.75,0,Mph
655.5,302.75,0,Mph
979.5,298.75,0,Mph
586.5,310.75,0,Mph
552.5,322.75,0,Mph
647,324.75,0,Mph
190.5,323.75,0,Mph
1199.5,-455.75,0,Mph
1104,-453.75,0,Mph
1094.5,-438.25,0,Mph
1003.5,-414.25,0,Mph
1405.5,-418.75,0,Mph
1343.5,-414.75,0,Mph
1237,-383.75,0,Mph
1407,-377.25,0,Mph
1242.5,-358.25,0,Mph
1269,-345.25,0,Mph
1118.5,-341.75,0,Mph
1477,-327.75,0,Mph
994.5,-312.25,0,Mph
1080.5,-291.75,0,Mph
1221,-292.25,0,Mph
987,-293.25,0,Mph
1671.5,-284.75,0,Mph
1303,-270.25,0,Mph
1778.5,-268.25,0,Mph
1492.5,-264.25,0,Mph
1015.5,-259.25,0,Mph
987.5,-254.25,0,Mph
1098,-251.75,0,Mph
1155,-246.75,0,Mph
1501.5,-248.25,0,Mph
1775.5,-243.75,0,Mph
1486,-242.25,0,Mph
1569.5,-230.25,0,Mph
1339.5,-229.75,0,Mph
1415.5,-218.25,0,Mph
1173,-209.25,0,Mph
1280,-205.75,0,Mph
1332.5,-197.75,0,Mph
1468,-196.75,0,Mph
988,-176.75,0,Mph
1487.5,-182.25,0,Mph
1367.5,-164.25,0,Mph
1204.5,-159.75,0,Mph
1436,-152.75,0,Mph
1105.5,-154.75,0,Mph
1220.5,-148.25,0,Mph
1315.5,-139.25,0,Mph
1136.5,-144.75,0,Mph
1368,-142.75,0,Mph
1576.5,-142.25,0,Mph
1193,-129.75,0,Mph
1535,-128.25,0,Mph
1482.5,-116.25,0,Mph
1195,-103.25,0,Mph
1070,-111.75,0,Mph
1083.5,-102.25,0,Mph
1003.5,-98.25,0,Mph
1743,-93.25,0,Mph
1436.5,-87.25,0,Mph
1474.5,-92.25,0,Mph
1331,-87.25,0,Mph
1105,-84.75,0,Mph
1741,-73.75,0,Mph
1425.5,-49.75,0,Mph
1176.5,-33.25,0,Mph
1629.5,-24.75,0,Mph
1137,-15.25,0,Mph
1185,-8.25,0,Mph
1093,10.75,0,Mph
1451.5,18.25,0,Mph
1203.5,13.25,0,Mph
1415.5,31.75,0,Mph
1172.5,44.75,0,Mph
1634.5,56.25,0,Mph
1347,55.75,0,Mph
1217,66.25,0,Mph
1637.5,78.75,0,Mph
1652.5,79.25,0,Mph
1003.5,84.25,0,Mph
1408.5,89.25,0,Mph
1661,113.75,0,Mph
1480.5,117.25,0,Mph
1623,139.75,0,Mph
1034,166.75,0,Mph
1100.5,164.75,0,Mph
1646,169.25,0,Mph
1113.5,177.25,0,Mph
1390.5,179.25,0,Mph
1041.5,196.25,0,Mph
1584,194.25,0,Mph
1263.5,212.75,0,Mph
993,215.75,0,Mph
1580.5,220.25,0,Mph
1009.5,226.75,0,Mph
987,241.25,0,Mph
1046,239.25,0,Mph
1012,249.25,0,Mph
1273,255.75,0,Mph
1208,253.25,0,Mph
1035,261.75,0,Mph
1239.5,269.75,0,Mph
1201,273.75,0,Mph
1050,277.75,0,Mph
1075.5,278.25,0,Mph
1124.5,292.75,0,Mph
1359.5,292.75,0,Mph
1060.5,303.25,0,Mph
1152,311.75,0,Mph
1086,311.25,0,Mph
1121,317.75,0,Mph
984.5,322.25,0,Mph
1197,319.25,0,Mph
1329.5,323.25,0,Mph
1821.5,-345.25,0,Mph
1789,-341.75,0,Mph
1861,-243.75,0,Mph
1923.5,-84.75,0,Mph
1902,-80.25,0,Mph
-831.5,334.25,0,Mph
-739.5,335.75,0,Mph
-1173,337.25,0,Mph
-1333,341.25,0,Mph
-1145,340.25,0,Mph
-1301.5,343.25,0,Mph
-809,361.75,0,Mph
-755.5,366.25,0,Mph
-776,372.75,0,Mph
-735,380.25,0,Mph
-1051.5,390.25,0,Mph
-1007,394.25,0,Mph
-1120.5,399.25,0,Mph
-1234.5,400.75,0,Mph
-1215.5,412.75,0,Mph
-1053,421.25,0,Mph
-1087.5,419.75,0,Mph
-1018,435.75,0,Mph
-987,438.25,0,Mph
-1214,437.25,0,Mph
-1083,439.25,0,Mph
-1345.5,438.25,0,Mph
-908,439.75,0,Mph
-770.5,446.25,0,Mph
-846,442.75,0,Mph
-1103.5,449.75,0,Mph
-902.5,457.25,0,Mph
-842,460.75,0,Mph
-1344,457.25,0,Mph
-1088.5,460.25,0,Mph
-1014,464.75,0,Mph
-891,475.75,0,Mph
-794.5,482.25,0,Mph
-1223.5,489.25,0,Mph
-824.5,484.25,0,Mph
-1008,487.25,0,Mph
-844.5,482.25,0,Mph
-1351,485.75,0,Mph
-1166.5,491.25,0,Mph
-882,495.25,0,Mph
-1108,505.25,0,Mph
-884.5,513.75,0,Mph
-866,517.75,0,Mph
-628,523.25,0,Mph
-1019,527.75,0,Mph
-974.5,523.25,0,Mph
-1215.5,526.25,0,Mph
-884,526.75,0,Mph
-1177,527.75,0,Mph
-1056.5,543.25,0,Mph
-889,544.25,0,Mph
-868.5,552.75,0,Mph
-1149.5,549.75,0,Mph
-900.5,562.75,0,Mph
-1180.5,563.25,0,Mph
-1029,566.25,0,Mph
-1071.5,582.75,0,Mph
-1204,590.75,0,Mph
-631,590.75,0,Mph
-898,594.75,0,Mph
-865,588.75,0,Mph
-724.5,600.75,0,Mph
-728.5,615.75,0,Mph
-941.5,621.75,0,Mph
-967,628.25,0,Mph
-993,631.75,0,Mph
-949,634.75,0,Mph
-841,635.25,0,Mph
-719,634.75,0,Mph
-889.5,638.25,0,Mph
-704,645.75,0,Mph
-966,654.25,0,Mph
-1225,656.25,0,Mph
-825.5,655.75,0,Mph
-716,658.25,0,Mph
-852.5,664.75,0,Mph
-875.5,665.75,0,Mph
-964.5,672.25,0,Mph
-984.5,675.25,0,Mph
-830.5,675.75,0,Mph
-685,675.75,0,Mph
-853,693.75,0,Mph
-629.5,702.75,0,Mph
-829.5,707.75,0,Mph
-780,716.25,0,Mph
-731,723.75,0,Mph
-992.5,721.75,0,Mph
-706.5,726.25,0,Mph
-763.5,735.75,0,Mph
-686,743.25,0,Mph
-1304,738.75,0,Mph
-723.5,741.25,0,Mph
-1204.5,744.75,0,Mph
-1305,756.25,0,Mph
-840.5,757.75,0,Mph
-1000.5,755.75,0,Mph
-1268,755.75,0,Mph
-1239,756.75,0,Mph
-1025.5,759.75,0,Mph
-1252,764.25,0,Mph
-1282,765.75,0,Mph
-860,766.25,0,Mph
-742,771.25,0,Mph
-1177,774.75,0,Mph
-836,778.25,0,Mph
-1080,779.25,0,Mph
-972,787.75,0,Mph
-1221.5,784.75,0,Mph
-1174,797.75,0,Mph
-918,810.25,0,Mph
-695,806.75,0,Mph
-731,815.25,0,Mph
-1324.5,818.25,0,Mph
-966,813.75,0,Mph
-755,822.25,0,Mph
-1002,822.75,0,Mph
-709,829.75,0,Mph
-1232.5,824.25,0,Mph
-1138.5,828.75,0,Mph
-988,829.25,0,Mph
-734.5,844.75,0,Mph
-1331,839.75,0,Mph
-860,843.25,0,Mph
-765,843.75,0,Mph
-1185.5,843.75,0,Mph
-1136.5,849.25,0,Mph
-1232,857.75,0,Mph
-1161,851.25,0,Mph
-973.5,855.25,0,Mph
-1271,858.25,0,Mph
-1011,861.75,0,Mph
-1186,867.75,0,Mph
-878,869.25,0,Mph
-1206,868.25,0,Mph
-848.5,871.75,0,Mph
-1271,881.25,0,Mph
-1042,878.25,0,Mph
-925.5,888.25,0,Mph
-853,889.25,0,Mph
-1185.5,891.75,0,Mph
-943.5,895.75,0,Mph
-910.5,902.25,0,Mph
-971,902.25,0,Mph
-1071.5,900.75,0,Mph
-1028,907.25,0,Mph
-796,910.75,0,Mph
-990,910.75,0,Mph
-823.5,915.25,0,Mph
-1065,918.25,0,Mph
-1007,917.75,0,Mph
-738.5,919.25,0,Mph
-932.5,927.75,0,Mph
-1013.5,942.25,0,Mph
-1227,940.75,0,Mph
-738,939.25,0,Mph
-842.5,945.25,0,Mph
-986,958.75,0,Mph
-817.5,951.25,0,Mph
-747.5,952.25,0,Mph
-675,955.75,0,Mph
-1046,955.25,0,Mph
-651,964.25,0,Mph
-959,961.25,0,Mph
-838.5,986.25,0,Mph
-999.5,986.25,0,Mph
-974,990.75,0,Mph
-907,989.75,0,Mph
-670.5,1009.25,0,Mph
-624,1007.25,0,Mph
-992,1007.25,0,Mph
-1289,1011.75,0,Mph
-638.5,1015.75,0,Mph
-1197,1014.75,0,Mph
-841.5,1017.25,0,Mph
-746.5,1026.75,0,Mph
-1232.5,1016.25,0,Mph
-982,1024.25,0,Mph
-1034.5,1026.25,0,Mph
-1240,1029.25,0,Mph
-769.5,1039.75,0,Mph
-1124.5,1038.25,0,Mph
-947.5,1041.25,0,Mph
-1035.5,1045.25,0,Mph
-927,1040.75,0,Mph
-1146.5,1050.75,0,Mph
-907,1050.25,0,Mph
-1115.5,1057.25,0,Mph
-951.5,1064.25,0,Mph
-1197.5,1066.75,0,Mph
-771,1073.25,0,Mph
-711,1066.75,0,Mph
-985,1079.25,0,Mph
-1041,1090.75,0,Mph
-954,1094.25,0,Mph
-1164.5,1092.25,0,Mph
-624,1091.25,0,Mph
-709,1102.75,0,Mph
-1127.5,1106.25,0,Mph
-943.5,1116.25,0,Mph
-918.5,1119.75,0,Mph
-285.5,330.75,0,Mph
-239.5,343.25,0,Mph
176.5,337.75,0,Mph
3.5,348.25,0,Mph
-393.5,338.25,0,Mph
-464.5,342.25,0,Mph
-312,347.25,0,Mph
-367,349.25,0,Mph
-274.5,349.25,0,Mph
-401,368.75,0,Mph
-221,375.75,0,Mph
-256.5,377.75,0,Mph
-289,377.75,0,Mph
-13.5,384.25,0,Mph
-423,383.75,0,Mph
-329.5,379.75,0,Mph
23,387.25,0,Mph
-324.5,399.25,0,Mph
-297,395.25,0,Mph
-190.5,405.75,0,Mph
-351,402.25,0,Mph
115.5,406.25,0,Mph
180.5,410.25,0,Mph
-221.5,413.75,0,Mph
-272,414.25,0,Mph
-317.5,429.75,0,Mph
-413,433.25,0,Mph
-210.5,434.75,0,Mph
174,434.25,0,Mph
-39.5,441.25,0,Mph
-65,440.25,0,Mph
-230,444.75,0,Mph
-278,449.75,0,Mph
-616.5,457.25,0,Mph
-246.5,460.75,0,Mph
-479,463.25,0,Mph
52.5,460.25,0,Mph
-406.5,461.25,0,Mph
-510.5,468.75,0,Mph
-82,463.25,0,Mph
71,463.75,0,Mph
-530,485.25,0,Mph
-413.5,477.25,0,Mph
-267,476.75,0,Mph
-78,479.75,0,Mph
-601,483.25,0,Mph
74.5,487.25,0,Mph
-256.5,492.75,0,Mph
-351,493.75,0,Mph
-25.5,494.75,0,Mph
-572,496.75,0,Mph
-52.5,500.25,0,Mph
45.5,508.75,0,Mph
-107.5,509.75,0,Mph
83,506.25,0,Mph
11.5,507.75,0,Mph
-539,516.25,0,Mph
-41.5,516.25,0,Mph
-313,521.75,0,Mph
-263.5,522.25,0,Mph
-119,538.25,0,Mph
172,544.25,0,Mph
-302,544.25,0,Mph
127,545.75,0,Mph
-365.5,543.75,0,Mph
-47.5,557.75,0,Mph
-159.5,586.75,0,Mph
-413.5,597.75,0,Mph
-558,594.75,0,Mph
-611,598.25,0,Mph
-487,602.75,0,Mph
-142,599.25,0,Mph
-168.5,605.25,0,Mph
126,624.75,0,Mph
-505,624.25,0,Mph
-359,616.25,0,Mph
-329,622.75,0,Mph
-77,617.25,0,Mph
-92.5,633.75,0,Mph
-147.5,634.25,0,Mph
-166.5,639.25,0,Mph
-426,644.75,0,Mph
133,679.75,0,Mph
-431.5,679.75,0,Mph
163.5,680.75,0,Mph
-404,687.75,0,Mph
-332,701.75,0,Mph
-404,710.25,0,Mph
77.5,708.75,0,Mph
-122,716.25,0,Mph
92.5,720.75,0,Mph
-350,721.75,0,Mph
-388,730.25,0,Mph
-589.5,728.75,0,Mph
-76,733.75,0,Mph
-414.5,735.75,0,Mph
-333.5,733.25,0,Mph
-356,738.75,0,Mph
-108.5,742.25,0,Mph
177,743.75,0,Mph
-32.5,742.25,0,Mph
-427.5,761.25,0,Mph
-449,763.75,0,Mph
-295.5,771.25,0,Mph
52,774.25,0,Mph
-359,774.25,0,Mph
28,782.75,0,Mph
-382.5,787.25,0,Mph
-471.5,806.75,0,Mph
-333.5,808.75,0,Mph
-300,812.25,0,Mph
-181,814.75,0,Mph
170,812.25,0,Mph
47,822.25,0,Mph
-449.5,822.75,0,Mph
-298,835.25,0,Mph
5.5,839.75,0,Mph
-337,840.25,0,Mph
-406,862.75,0,Mph
-487,856.75,0,Mph
-439.5,859.75,0,Mph
-97.5,862.25,0,Mph
-570.5,869.75,0,Mph
-533.5,869.25,0,Mph
-63.5,883.25,0,Mph
-142.5,898.25,0,Mph
-537,899.75,0,Mph
-48.5,907.25,0,Mph
-483.5,914.25,0,Mph
-323.5,911.75,0,Mph
-260.5,910.75,0,Mph
-96,921.25,0,Mph
-344,914.75,0,Mph
35.5,915.75,0,Mph
56.5,918.75,0,Mph
-386,922.25,0,Mph
-251,925.25,0,Mph
-309.5,931.75,0,Mph
22.5,935.25,0,Mph
-543.5,935.25,0,Mph
-370,939.25,0,Mph
-219.5,938.25,0,Mph
-333.5,946.25,0,Mph
-575.5,952.75,0,Mph
-459,954.25,0,Mph
-546,958.75,0,Mph
-263.5,965.75,0,Mph
-321.5,959.25,0,Mph
-216,964.25,0,Mph
-234.5,962.75,0,Mph
-534,978.75,0,Mph
-515,977.25,0,Mph
-171,981.25,0,Mph
-270.5,999.25,0,Mph
-588,1001.25,0,Mph
-485,1014.75,0,Mph
-603,1018.25,0,Mph
-574,1028.75,0,Mph
-525.5,1028.25,0,Mph
-403.5,1032.75,0,Mph
-598,1028.75,0,Mph
-438,1032.75,0,Mph
-225.5,1029.25,0,Mph
-490.5,1035.75,0,Mph
117.5,1033.75,0,Mph
-226,1050.25,0,Mph
-447.5,1051.25,0,Mph
-209,1066.75,0,Mph
-539.5,1076.25,0,Mph
-616,1074.25,0,Mph
-253,1079.75,0,Mph
-484,1086.25,0,Mph
-436.5,1097.25,0,Mph
-250,1101.25,0,Mph
-265.5,1110.25,0,Mph
-584.5,1116.75,0,Mph
-413,1118.75,0,Mph
-162,1122.75,0,Mph
928,327.75,0,Mph
266.5,327.25,0,Mph
596.5,331.25,0,Mph
462,336.25,0,Mph
522,334.75,0,Mph
789.5,347.25,0,Mph
384,344.75,0,Mph
198,344.75,0,Mph
563,340.75,0,Mph
256.5,344.75,0,Mph
500,349.25,0,Mph
930,342.75,0,Mph
579.5,362.25,0,Mph
711,352.75,0,Mph
934.5,360.25,0,Mph
614,358.75,0,Mph
241,364.25,0,Mph
327,365.75,0,Mph
532.5,372.25,0,Mph
706,377.25,0,Mph
932.5,376.25,0,Mph
646.5,380.75,0,Mph
792,384.75,0,Mph
937.5,393.75,0,Mph
679.5,394.75,0,Mph
971.5,395.75,0,Mph
715.5,408.25,0,Mph
648.5,404.75,0,Mph
267.5,407.75,0,Mph
733,411.75,0,Mph
979,415.25,0,Mph
669,423.25,0,Mph
686,418.25,0,Mph
590.5,421.25,0,Mph
299,431.25,0,Mph
647,425.75,0,Mph
969,434.75,0,Mph
704,441.75,0,Mph
473.5,443.25,0,Mph
958,453.75,0,Mph
680.5,450.75,0,Mph
475,467.25,0,Mph
197,473.25,0,Mph
679.5,475.75,0,Mph
615.5,485.75,0,Mph
632,493.25,0,Mph
717,489.75,0,Mph
189.5,498.75,0,Mph
240.5,505.25,0,Mph
536.5,520.75,0,Mph
189,522.75,0,Mph
349.5,536.75,0,Mph
709.5,543.75,0,Mph
287.5,551.25,0,Mph
264,555.75,0,Mph
692,564.25,0,Mph
300,563.25,0,Mph
189.5,571.25,0,Mph
780,568.25,0,Mph
638,580.25,0,Mph
769.5,588.75,0,Mph
622.5,609.75,0,Mph
782.5,619.25,0,Mph
269,643.75,0,Mph
556,640.25,0,Mph
577,645.75,0,Mph
609,646.75,0,Mph
560.5,659.75,0,Mph
631,662.25,0,Mph
305.5,675.75,0,Mph
615.5,676.25,0,Mph
644.5,686.75,0,Mph
613,696.75,0,Mph
609,715.25,0,Mph
633,718.25,0,Mph
273,770.25,0,Mph
601,790.25,0,Mph
396,790.25,0,Mph
428,832.75,0,Mph
744.5,849.75,0,Mph
670,842.75,0,Mph
672.5,871.25,0,Mph
763,884.25,0,Mph
310.5,878.25,0,Mph
597.5,886.25,0,Mph
730.5,895.25,0,Mph
625.5,911.75,0,Mph
590.5,914.25,0,Mph
411.5,921.25,0,Mph
307.5,931.75,0,Mph
201,967.25,0,Mph
459.5,970.75,0,Mph
401,983.25,0,Mph
207,988.25,0,Mph
599,986.25,0,Mph
752.5,993.75,0,Mph
256,991.25,0,Mph
434.5,1003.75,0,Mph
259.5,1010.75,0,Mph
756.5,1019.75,0,Mph
560.5,1032.75,0,Mph
439.5,1035.25,0,Mph
638,1029.75,0,Mph
473,1040.25,0,Mph
733,1041.75,0,Mph
304.5,1058.75,0,Mph
444.5,1063.75,0,Mph
318,1075.75,0,Mph
667.5,1076.25,0,Mph
448.5,1082.75,0,Mph
520.5,1085.75,0,Mph
1106.5,331.75,0,Mph
1197,338.75,0,Mph
1143,345.25,0,Mph
1348.5,348.75,0,Mph
1143,368.25,0,Mph
1215,373.25,0,Mph
1515.5,372.75,0,Mph
1182.5,382.25,0,Mph
1150.5,379.75,0,Mph
1113.5,381.75,0,Mph
1257.5,388.75,0,Mph
1379.5,391.25,0,Mph
1151,399.75,0,Mph
1218,405.75,0,Mph
1299,408.25,0,Mph
1069,406.25,0,Mph
1372,406.25,0,Mph
1251.5,412.75,0,Mph
1015.5,409.75,0,Mph
1116,419.25,0,Mph
1362.5,421.75,0,Mph
1059,437.25,0,Mph
1136.5,430.25,0,Mph
1195,447.25,0,Mph
1243,435.75,0,Mph
1029,442.25,0,Mph
1363,444.75,0,Mph
1314,446.75,0,Mph
995.5,461.25,0,Mph
1223.5,452.25,0,Mph
1289.5,467.25,0,Mph
1072.5,468.25,0,Mph
1347,479.75,0,Mph
1215,482.75,0,Mph
988,499.25,0,Mph
1022.5,499.75,0,Mph
1204,504.25,0,Mph
1376.5,507.75,0,Mph
1067.5,520.25,0,Mph
1497.5,537.75,0,Mph
1279.5,540.25,0,Mph
1363,533.25,0,Mph
1151,543.25,0,Mph
1175.5,545.75,0,Mph
1195.5,552.25,0,Mph
1216.5,549.75,0,Mph
1368,557.25,0,Mph
1014,563.25,0,Mph
1428.5,561.75,0,Mph
1215,566.25,0,Mph
1393,567.75,0,Mph
1100,570.25,0,Mph
1454.5,567.75,0,Mph
1378,582.25,0,Mph
1204,590.25,0,Mph
985,596.25,0,Mph
1067,587.25,0,Mph
1475,594.25,0,Mph
1358,604.75,0,Mph
1012.5,600.25,0,Mph
1147,616.25,0,Mph
1287,613.75,0,Mph
1318,616.25,0,Mph
1332,626.75,0,Mph
1180.5,627.75,0,Mph
1227,632.75,0,Mph
1291,637.25,0,Mph
1459,655.75,0,Mph
1283.5,656.25,0,Mph
1318.5,679.75,0,Mph
1259,686.25,0,Mph
1418.5,704.25,0,Mph
1287,714.25,0,Mph
1423,722.25,0,Mph
1300.5,725.25,0,Mph
1240,733.25,0,Mph
1081.5,737.75,0,Mph
1317,742.75,0,Mph
1296,746.75,0,Mph
1214,759.75,0,Mph
1085.5,756.75,0,Mph
1308.5,761.25,0,Mph
1238.5,770.75,0,Mph
1332,772.75,0,Mph
1092.5,785.25,0,Mph
1312,779.25,0,Mph
1386,782.25,0,Mph
1163.5,780.75,0,Mph
1235.5,789.75,0,Mph
1288,797.25,0,Mph
1310,804.75,0,Mph
1338,802.25,0,Mph
1250.5,798.75,0,Mph
1123.5,818.25,0,Mph
1227.5,821.75,0,Mph
1070.5,824.25,0,Mph
1310,840.25,0,Mph
1145,846.75,0,Mph
1176.5,842.25,0,Mph
1079,847.25,0,Mph
1258.5,849.75,0,Mph
1226.5,849.75,0,Mph
1347.5,853.25,0,Mph
1263.5,869.25,0,Mph
1230.5,871.25,0,Mph
1126.5,890.25,0,Mph
1081,893.75,0,Mph
1253.5,911.25,0,Mph
1272.5,899.25,0,Mph
1162,919.75,0,Mph
1230,922.75,0,Mph
1203,917.75,0,Mph
1272.5,927.25,0,Mph
1113.5,929.25,0,Mph
1205.5,944.25,0,Mph
1289.5,949.25,0,Mph
1174,968.75,0,Mph
1003.5,968.75,0,Mph
1236.5,967.75,0,Mph
1268.5,985.75,0,Mph
1158,987.25,0,Mph
1076,1001.25,0,Mph
1232.5,1000.75,0,Mph
1191.5,1001.75,0,Mph
1286,1008.75,0,Mph
1191,1020.75,0,Mph
1217.5,1026.25,0,Mph
1288,1030.75,0,Mph
1267.5,1046.75,0,Mph
1099,1045.25,0,Mph
1215.5,1052.25,0,Mph
1145.5,1063.75,0,Mph
1052,1063.25,0,Mph
1226,1062.25,0,Mph
1161,1071.75,0,Mph
1089.5,1074.25,0,Mph
1175.5,1086.25,0,Mph
1472,1084.75,0,Mph
1391,1081.75,0,Mph
1241,1100.25,0,Mph
1188.5,1093.25,0,Mph
1387.5,1100.75,0,Mph
1128.5,1113.75,0,Mph
1404,1104.25,0,Mph
1102.5,1110.25,0,Mph
-870.5,1127.25,0,Mph
-970.5,1127.75,0,Mph
-1012.5,1126.75,0,Mph
-947,1141.75,0,Mph
-1120.5,1140.75,0,Mph
-985.5,1148.25,0,Mph
-903,1148.75,0,Mph
-735.5,1151.75,0,Mph
-661.5,1164.25,0,Mph
-1115.5,1158.75,0,Mph
-1026.5,1167.75,0,Mph
-900,1168.75,0,Mph
-970.5,1167.25,0,Mph
-737,1183.75,0,Mph
-1072.5,1187.75,0,Mph
-630.5,1187.25,0,Mph
-697,1185.75,0,Mph
-744,1211.25,0,Mph
-925,1210.75,0,Mph
-709.5,1218.25,0,Mph
-640.5,1237.25,0,Mph
-945.5,1252.75,0,Mph
-733,1251.75,0,Mph
-865.5,1260.75,0,Mph
-633.5,1268.25,0,Mph
-990.5,1269.25,0,Mph
-940,1269.75,0,Mph
-905.5,1271.75,0,Mph
-882,1287.25,0,Mph
-618.5,1276.75,0,Mph
-810,1278.75,0,Mph
-758.5,1282.25,0,Mph
-952.5,1287.25,0,Mph
-635,1303.75,0,Mph
-1097,1293.75,0,Mph
-1020.5,1296.75,0,Mph
-777.5,1297.25,0,Mph
-916.5,1305.25,0,Mph
-797,1302.75,0,Mph
-807,1319.25,0,Mph
-1028,1329.25,0,Mph
-831,1328.75,0,Mph
-698.5,1338.75,0,Mph
-673,1336.75,0,Mph
-1078.5,1339.75,0,Mph
-801,1351.75,0,Mph
-902,1354.75,0,Mph
-757,1361.25,0,Mph
-1110.5,1368.75,0,Mph
-718.5,1372.25,0,Mph
-879.5,1373.75,0,Mph
-756.5,1377.25,0,Mph
-1038.5,1379.75,0,Mph
-924.5,1377.25,0,Mph
-1072,1383.25,0,Mph
-872.5,1388.75,0,Mph
-706,1393.25,0,Mph
-761.5,1390.75,0,Mph
-937,1394.75,0,Mph
-1041.5,1401.25,0,Mph
-764.5,1405.25,0,Mph
-965,1418.25,0,Mph
-753,1422.25,0,Mph
-1087,1425.25,0,Mph
-991,1430.25,0,Mph
-723,1430.25,0,Mph
-908.5,1433.75,0,Mph
-754.5,1437.75,0,Mph
-1077,1451.75,0,Mph
-783.5,1461.75,0,Mph
-765,1460.75,0,Mph
-814.5,1492.75,0,Mph
-914.5,1498.25,0,Mph
-761.5,1506.75,0,Mph
-811,1507.75,0,Mph
-944.5,1517.25,0,Mph
-788.5,1522.75,0,Mph
-1017,1521.75,0,Mph
-944,1549.25,0,Mph
-915,1546.25,0,Mph
-618,1540.75,0,Mph
-903,1569.75,0,Mph
-974.5,1583.75,0,Mph
-628.5,1592.25,0,Mph
-725,1608.25,0,Mph
-694.5,1608.25,0,Mph
-626.5,1612.75,0,Mph
-660.5,1620.25,0,Mph
-667,1644.25,0,Mph
-834,1672.25,0,Mph
-743.5,1693.25,0,Mph
-927.5,1710.25,0,Mph
-682.5,1712.75,0,Mph
-757,1720.75,0,Mph
-730.5,1725.25,0,Mph
-746,1774.25,0,Mph
-635.5,1777.25,0,Mph
-675.5,1785.75,0,Mph
-840,1818.25,0,Mph
-749.5,1854.25,0,Mph
-762.5,1856.75,0,Mph
29.5,1127.75,0,Mph
-354.5,1128.25,0,Mph
-383,1133.75,0,Mph
-177,1135.75,0,Mph
-361,1148.25,0,Mph
-167,1148.25,0,Mph
-518,1149.75,0,Mph
-148.5,1159.25,0,Mph
-498.5,1155.75,0,Mph
-184,1165.25,0,Mph
-580.5,1165.25,0,Mph
-370,1175.75,0,Mph
-528,1184.25,0,Mph
-238.5,1183.75,0,Mph
-85,1189.75,0,Mph
-207.5,1188.25,0,Mph
-509,1195.75,0,Mph
-599,1229.75,0,Mph
-380.5,1219.75,0,Mph
-56.5,1242.75,0,Mph
-271,1253.75,0,Mph
-73,1254.25,0,Mph
-548,1270.75,0,Mph
-68.5,1276.25,0,Mph
-143.5,1283.75,0,Mph
-522.5,1275.75,0,Mph
157,1281.25,0,Mph
-241,1286.25,0,Mph
-555.5,1307.25,0,Mph
-202,1324.75,0,Mph
-275,1324.75,0,Mph
-121,1338.75,0,Mph
-428,1352.75,0,Mph
-497,1359.75,0,Mph
-261.5,1383.75,0,Mph
-116.5,1374.75,0,Mph
-440.5,1381.25,0,Mph
-225,1384.25,0,Mph
-577.5,1385.25,0,Mph
-491.5,1397.75,0,Mph
-292,1393.75,0,Mph
-472.5,1405.25,0,Mph
-566,1409.25,0,Mph
-283,1425.25,0,Mph
-316.5,1428.25,0,Mph
-451.5,1419.75,0,Mph
-507.5,1426.25,0,Mph
-465.5,1425.75,0,Mph
-481.5,1428.25,0,Mph
-438,1431.25,0,Mph
131,1445.25,0,Mph
-427,1450.75,0,Mph
-514,1464.25,0,Mph
-309.5,1476.25,0,Mph
-37.5,1487.75,0,Mph
-480.5,1486.75,0,Mph
-218,1506.75,0,Mph
-81.5,1503.25,0,Mph
-588.5,1508.75,0,Mph
-597,1537.25,0,Mph
-429.5,1536.75,0,Mph
-129.5,1540.25,0,Mph
-120.5,1563.25,0,Mph
-181.5,1571.25,0,Mph
-534.5,1574.75,0,Mph
-588.5,1571.75,0,Mph
-564.5,1575.25,0,Mph
-100.5,1572.25,0,Mph
-206,1576.75,0,Mph
127,1583.25,0,Mph
-453.5,1602.75,0,Mph
-559,1604.25,0,Mph
-524,1618.25,0,Mph
-419,1611.25,0,Mph
-606,1633.25,0,Mph
-302.5,1630.25,0,Mph
-499.5,1627.75,0,Mph
-303.5,1661.25,0,Mph
-229.5,1656.25,0,Mph
-498.5,1653.25,0,Mph
-181,1660.25,0,Mph
-483,1663.25,0,Mph
-95,1662.75,0,Mph
-460,1668.75,0,Mph
-569,1672.75,0,Mph
-323,1671.75,0,Mph
-133,1670.25,0,Mph
-120,1678.25,0,Mph
-94.5,1684.25,0,Mph
-443,1679.75,0,Mph
-350.5,1687.25,0,Mph
-544,1682.75,0,Mph
-299.5,1695.25,0,Mph
-182,1697.25,0,Mph
-602,1696.75,0,Mph
-516,1693.25,0,Mph
-565,1693.25,0,Mph
60.5,1695.25,0,Mph
-73,1695.25,0,Mph
-552,1699.25,0,Mph
-417,1701.25,0,Mph
-70,1717.75,0,Mph
-32.5,1713.25,0,Mph
-391,1714.75,0,Mph
-308,1735.25,0,Mph
-86.5,1727.25,0,Mph
-489,1728.25,0,Mph
-451,1730.25,0,Mph
-88,1748.25,0,Mph
-543.5,1748.75,0,Mph
-353,1747.75,0,Mph
-337,1749.25,0,Mph
-369.5,1751.25,0,Mph
-82,1757.75,0,Mph
-42,1759.75,0,Mph
-495.5,1763.75,0,Mph
-397,1764.75,0,Mph
-450,1766.75,0,Mph
-418,1775.75,0,Mph
-570,1772.25,0,Mph
-389,1786.75,0,Mph
-50,1783.75,0,Mph
-600.5,1795.75,0,Mph
-467.5,1797.75,0,Mph
-418.5,1798.75,0,Mph
119,1798.25,0,Mph
-312.5,1801.25,0,Mph
-273.5,1808.75,0,Mph
-380.5,1811.75,0,Mph
-56.5,1811.75,0,Mph
-455.5,1823.75,0,Mph
-338.5,1824.75,0,Mph
-104.5,1827.25,0,Mph
-586,1822.75,0,Mph
-386,1831.25,0,Mph
-313,1840.75,0,Mph
-10,1844.25,0,Mph
-393.5,1866.75,0,Mph
-550.5,1853.25,0,Mph
-354.5,1851.75,0,Mph
-77.5,1851.75,0,Mph
-406.5,1863.75,0,Mph
-447.5,1866.75,0,Mph
-424,1867.75,0,Mph
-366,1875.25,0,Mph
-29,1876.25,0,Mph
-470,1886.75,0,Mph
-501,1904.75,0,Mph
-200.5,1911.75,0,Mph
-332,1913.75,0,Mph
-442.5,1914.25,0,Mph
-575,1906.75,0,Mph
-552,1913.75,0,Mph
-357,1924.75,0,Mph
491.5,1128.75,0,Mph
366,1134.25,0,Mph
340.5,1160.25,0,Mph
534,1161.75,0,Mph
726,1189.25,0,Mph
735,1209.25,0,Mph
706.5,1241.75,0,Mph
645,1251.75,0,Mph
677.5,1249.75,0,Mph
660,1298.75,0,Mph
856,1295.25,0,Mph
717.5,1298.75,0,Mph
933,1299.75,0,Mph
749.5,1297.75,0,Mph
843,1306.75,0,Mph
560,1326.75,0,Mph
691.5,1332.75,0,Mph
273,1331.25,0,Mph
907.5,1360.25,0,Mph
276,1358.25,0,Mph
692,1376.75,0,Mph
668.5,1380.75,0,Mph
759.5,1384.75,0,Mph
712.5,1407.75,0,Mph
903.5,1394.25,0,Mph
579.5,1399.25,0,Mph
891.5,1414.25,0,Mph
943,1421.75,0,Mph
841,1422.25,0,Mph
830.5,1444.75,0,Mph
909,1455.75,0,Mph
790.5,1463.75,0,Mph
801.5,1486.25,0,Mph
776.5,1487.75,0,Mph
261,1493.25,0,Mph
207,1493.25,0,Mph
877.5,1489.75,0,Mph
517,1492.25,0,Mph
969,1504.25,0,Mph
862.5,1501.75,0,Mph
826,1501.75,0,Mph
886,1505.25,0,Mph
243.5,1511.25,0,Mph
859,1517.25,0,Mph
834.5,1517.25,0,Mph
935.5,1527.25,0,Mph
710,1533.25,0,Mph
829,1534.25,0,Mph
445,1534.25,0,Mph
682,1539.75,0,Mph
925.5,1543.25,0,Mph
594.5,1546.75,0,Mph
957.5,1543.25,0,Mph
753.5,1545.75,0,Mph
864.5,1549.25,0,Mph
794.5,1551.75,0,Mph
934.5,1552.25,0,Mph
668.5,1559.25,0,Mph
835,1555.25,0,Mph
574.5,1556.75,0,Mph
431.5,1558.75,0,Mph
768.5,1560.25,0,Mph
860.5,1567.25,0,Mph
787,1570.75,0,Mph
730.5,1603.25,0,Mph
951,1589.25,0,Mph
665.5,1591.25,0,Mph
925.5,1597.25,0,Mph
257,1604.25,0,Mph
645.5,1599.25,0,Mph
466,1606.25,0,Mph
792.5,1618.25,0,Mph
820,1615.75,0,Mph
949,1620.75,0,Mph
652,1626.75,0,Mph
586.5,1630.25,0,Mph
210,1625.25,0,Mph
451,1633.75,0,Mph
521.5,1631.75,0,Mph
823.5,1641.75,0,Mph
516,1652.25,0,Mph
786.5,1653.25,0,Mph
603,1657.25,0,Mph
899,1657.25,0,Mph
706.5,1659.75,0,Mph
953.5,1659.25,0,Mph
408.5,1663.25,0,Mph
732,1659.75,0,Mph
866,1659.25,0,Mph
724,1681.75,0,Mph
525.5,1679.75,0,Mph
881,1678.25,0,Mph
571.5,1683.25,0,Mph
734,1687.25,0,Mph
934.5,1684.75,0,Mph
344.5,1696.75,0,Mph
483,1694.75,0,Mph
611.5,1698.25,0,Mph
849.5,1717.25,0,Mph
719,1718.75,0,Mph
617.5,1733.75,0,Mph
589.5,1732.25,0,Mph
752,1738.25,0,Mph
920,1736.25,0,Mph
433.5,1739.75,0,Mph
566.5,1743.25,0,Mph
374,1741.25,0,Mph
891,1740.25,0,Mph
514.5,1749.25,0,Mph
393,1751.25,0,Mph
850.5,1747.75,0,Mph
598,1754.75,0,Mph
892.5,1759.75,0,Mph
631,1764.25,0,Mph
560,1765.75,0,Mph
852,1770.75,0,Mph
580.5,1771.75,0,Mph
550,1778.25,0,Mph
714,1786.75,0,Mph
647.5,1788.25,0,Mph
569,1797.25,0,Mph
851.5,1798.75,0,Mph
652.5,1810.75,0,Mph
813,1806.75,0,Mph
729.5,1810.25,0,Mph
837,1815.75,0,Mph
680.5,1819.25,0,Mph
410.5,1827.75,0,Mph
760.5,1829.75,0,Mph
737.5,1833.25,0,Mph
843.5,1832.25,0,Mph
709,1835.75,0,Mph
829.5,1845.75,0,Mph
592,1841.75,0,Mph
938,1851.25,0,Mph
552.5,1845.25,0,Mph
918.5,1848.25,0,Mph
473,1856.25,0,Mph
642,1858.75,0,Mph
757.5,1855.25,0,Mph
674.5,1857.75,0,Mph
597,1866.25,0,Mph
967,1864.75,0,Mph
829.5,1873.25,0,Mph
387,1885.25,0,Mph
876.5,1872.75,0,Mph
758.5,1876.75,0,Mph
544,1876.75,0,Mph
480.5,1882.25,0,Mph
500.5,1881.25,0,Mph
274,1891.75,0,Mph
326.5,1896.25,0,Mph
830,1896.25,0,Mph
249,1902.25,0,Mph
500,1912.75,0,Mph
765,1907.25,0,Mph
866.5,1907.25,0,Mph
954,1905.25,0,Mph
191.5,1917.25,0,Mph
455.5,1914.75,0,Mph
1416.5,1125.25,0,Mph
1118.5,1134.75,0,Mph
1217,1138.75,0,Mph
1182,1143.25,0,Mph
1119,1152.25,0,Mph
1241.5,1149.25,0,Mph
1041,1153.25,0,Mph
1140.5,1162.25,0,Mph
1054.5,1173.25,0,Mph
1195,1164.25,0,Mph
1174.5,1163.75,0,Mph
1039,1172.75,0,Mph
1076.5,1168.25,0,Mph
1238,1175.75,0,Mph
1105,1175.75,0,Mph
1085,1189.75,0,Mph
1152.5,1189.75,0,Mph
1226,1198.25,0,Mph
1173.5,1194.75,0,Mph
1296,1198.75,0,Mph
1138.5,1206.75,0,Mph
1163,1209.25,0,Mph
1162,1225.75,0,Mph
1180.5,1231.25,0,Mph
1198.5,1233.25,0,Mph
1134,1234.75,0,Mph
1054.5,1235.25,0,Mph
1089,1241.75,0,Mph
1479.5,1245.75,0,Mph
1523.5,1246.75,0,Mph
1167,1247.25,0,Mph
1133,1256.25,0,Mph
1007,1256.75,0,Mph
1027.5,1259.25,0,Mph
1107.5,1270.25,0,Mph
1011.5,1273.25,0,Mph
1137,1275.25,0,Mph
1476,1279.75,0,Mph
1085.5,1280.75,0,Mph
990,1291.75,0,Mph
1103,1309.25,0,Mph
1413.5,1306.75,0,Mph
1484.5,1314.75,0,Mph
1066.5,1323.25,0,Mph
1578.5,1328.75,0,Mph
1655,1339.75,0,Mph
1060,1348.75,0,Mph
1646,1359.25,0,Mph
1087,1362.75,0,Mph
1670.5,1373.75,0,Mph
1080,1388.25,0,Mph
1405,1387.25,0,Mph
1347.5,1413.25,0,Mph
1677.5,1412.25,0,Mph
1587,1419.25,0,Mph
1504.5,1419.25,0,Mph
1496,1431.75,0,Mph
1551.5,1433.25,0,Mph
1399.5,1436.75,0,Mph
1693,1442.25,0,Mph
1440,1445.75,0,Mph
1299,1465.25,0,Mph
1625.5,1470.75,0,Mph
1050,1487.75,0,Mph
1241,1486.25,0,Mph
1272,1494.75,0,Mph
1302,1496.25,0,Mph
1535,1508.25,0,Mph
1425.5,1507.75,0,Mph
1645,1518.25,0,Mph
1428.5,1525.75,0,Mph
1414.5,1527.75,0,Mph
1118.5,1530.25,0,Mph
1413,1552.25,0,Mph
1503,1568.25,0,Mph
1374.5,1572.75,0,Mph
1067.5,1575.75,0,Mph
1418,1575.75,0,Mph
985,1584.25,0,Mph
1658,1589.75,0,Mph
1688.5,1585.75,0,Mph
1535.5,1597.75,0,Mph
1356.5,1594.75,0,Mph
1414.5,1594.25,0,Mph
1579,1595.25,0,Mph
1062,1598.25,0,Mph
1565,1605.75,0,Mph
1055.5,1615.25,0,Mph
1259.5,1609.25,0,Mph
1400,1611.25,0,Mph
1677.5,1615.25,0,Mph
1016,1621.75,0,Mph
1515,1633.25,0,Mph
1227,1636.25,0,Mph
1556.5,1641.25,0,Mph
1717,1638.25,0,Mph
1118.5,1645.25,0,Mph
1707,1651.75,0,Mph
1068.5,1658.25,0,Mph
1172.5,1668.25,0,Mph
1537.5,1667.75,0,Mph
1513.5,1680.25,0,Mph
1214,1681.75,0,Mph
1054.5,1683.75,0,Mph
1131,1691.25,0,Mph
1651,1694.75,0,Mph
1434,1705.75,0,Mph
1451,1710.75,0,Mph
1678.5,1710.75,0,Mph
1524.5,1709.25,0,Mph
1301,1713.75,0,Mph
1714.5,1709.75,0,Mph
1095,1716.75,0,Mph
1124.5,1725.75,0,Mph
1705,1725.25,0,Mph
1569,1737.75,0,Mph
1710.5,1743.25,0,Mph
1052,1752.75,0,Mph
1148,1753.75,0,Mph
1663,1754.75,0,Mph
1608,1763.75,0,Mph
1161.5,1773.25,0,Mph
1228,1772.75,0,Mph
1137,1776.75,0,Mph
1457,1777.75,0,Mph
1116,1777.25,0,Mph
1119,1795.75,0,Mph
1509.5,1801.25,0,Mph
1246.5,1797.75,0,Mph
1052.5,1802.75,0,Mph
1099.5,1808.75,0,Mph
1661,1806.25,0,Mph
1298.5,1811.75,0,Mph
1581,1812.25,0,Mph
1249,1820.25,0,Mph
1392.5,1823.75,0,Mph
1270,1815.75,0,Mph
1550.5,1822.75,0,Mph
1154.5,1825.25,0,Mph
1509.5,1829.75,0,Mph
1007,1838.25,0,Mph
1231,1830.75,0,Mph
1204.5,1834.25,0,Mph
1259.5,1835.25,0,Mph
1594.5,1850.25,0,Mph
1341.5,1860.75,0,Mph
1260.5,1860.75,0,Mph
986.5,1862.25,0,Mph
1596,1869.75,0,Mph
1193.5,1864.75,0,Mph
1460,1874.25,0,Mph
1430.5,1874.25,0,Mph
1487,1889.75,0,Mph
1194,1888.75,0,Mph
1528,1895.25,0,Mph
1093.5,1918.25,0,Mph
1199.5,1911.25,0,Mph
1505,1916.25,0,Mph
1010,1922.25,0,Mph
-659.5,2339.75,0,Mph
-618,2386.75,0,Mph
-678.5,2410.75,0,Mph
-672.5,2424.25,0,Mph
-412.5,1927.75,0,Mph
-509.5,1935.75,0,Mph
-307,1941.75,0,Mph
-476,1950.75,0,Mph
68,1953.25,0,Mph
181,1952.25,0,Mph
151.5,1957.25,0,Mph
-517,1956.75,0,Mph
119,1973.75,0,Mph
-349.5,1977.25,0,Mph
-515,1981.25,0,Mph
-408,1981.25,0,Mph
-379,1989.25,0,Mph
-476,1986.75,0,Mph
-346,2000.25,0,Mph
17,2002.75,0,Mph
111,2005.25,0,Mph
-331.5,2006.25,0,Mph
-572.5,2012.25,0,Mph
-540,2017.25,0,Mph
33.5,2015.25,0,Mph
-482.5,2030.25,0,Mph
-430,2035.25,0,Mph
-279.5,2036.75,0,Mph
-390.5,2037.25,0,Mph
-593.5,2041.25,0,Mph
-371.5,2034.25,0,Mph
119,2053.75,0,Mph
-484.5,2057.75,0,Mph
-359.5,2056.25,0,Mph
-386.5,2055.75,0,Mph
42.5,2067.25,0,Mph
-370,2069.25,0,Mph
-274.5,2080.75,0,Mph
-588.5,2076.25,0,Mph
-491.5,2081.25,0,Mph
35,2091.75,0,Mph
-429.5,2081.75,0,Mph
65.5,2086.25,0,Mph
76.5,2095.25,0,Mph
-68,2104.25,0,Mph
-603,2110.25,0,Mph
-288.5,2106.25,0,Mph
-162.5,2110.25,0,Mph
-442.5,2133.75,0,Mph
7.5,2120.25,0,Mph
-164,2133.25,0,Mph
-610,2150.25,0,Mph
-248,2158.75,0,Mph
-151,2159.75,0,Mph
50,2157.25,0,Mph
85.5,2162.25,0,Mph
21,2166.75,0,Mph
-594,2175.75,0,Mph
50,2181.75,0,Mph
-9,2187.25,0,Mph
25.5,2190.75,0,Mph
97,2193.25,0,Mph
57,2204.75,0,Mph
-259.5,2212.25,0,Mph
-131.5,2211.25,0,Mph
-154,2217.25,0,Mph
34.5,2215.75,0,Mph
160.5,2213.25,0,Mph
-82.5,2219.25,0,Mph
-107.5,2223.75,0,Mph
-0.5,2232.25,0,Mph
-137.5,2233.75,0,Mph
-305.5,2236.75,0,Mph
-128,2243.75,0,Mph
-509,2246.75,0,Mph
-258,2250.25,0,Mph
29,2252.75,0,Mph
122.5,2256.75,0,Mph
-416.5,2261.25,0,Mph
87.5,2279.25,0,Mph
-267.5,2269.75,0,Mph
-32.5,2270.25,0,Mph
168.5,2278.75,0,Mph
-216.5,2282.75,0,Mph
-216.5,2304.75,0,Mph
160,2324.25,0,Mph
-226,2321.75,0,Mph
77,2319.25,0,Mph
-203,2329.25,0,Mph
-608,2334.75,0,Mph
-306,2339.25,0,Mph
-250.5,2347.25,0,Mph
96.5,2347.75,0,Mph
143.5,2344.75,0,Mph
-173.5,2346.25,0,Mph
-121.5,2369.25,0,Mph
75,2374.75,0,Mph
-256,2383.75,0,Mph
142.5,2380.75,0,Mph
159.5,2400.25,0,Mph
87.5,2405.25,0,Mph
118,2404.75,0,Mph
15.5,2414.75,0,Mph
-540,2421.25,0,Mph
-519.5,2440.25,0,Mph
161.5,2432.25,0,Mph
86,2441.75,0,Mph
-352.5,2440.75,0,Mph
150,2455.25,0,Mph
73,2458.25,0,Mph
96.5,2464.75,0,Mph
-129.5,2474.25,0,Mph
129,2477.75,0,Mph
-515.5,2496.75,0,Mph
-201.5,2494.75,0,Mph
-27,2503.25,0,Mph
-215,2515.25,0,Mph
80.5,2524.25,0,Mph
-140,2541.25,0,Mph
-112,2540.75,0,Mph
-30.5,2536.75,0,Mph
-219,2562.25,0,Mph
-126.5,2567.75,0,Mph
131.5,2561.75,0,Mph
112.5,2571.75,0,Mph
-22.5,2573.75,0,Mph
156.5,2583.75,0,Mph
-181,2582.75,0,Mph
-71,2588.75,0,Mph
103,2586.75,0,Mph
-187,2613.25,0,Mph
-40.5,2606.75,0,Mph
0.5,2601.75,0,Mph
-10.5,2617.25,0,Mph
123,2626.75,0,Mph
-301,2633.75,0,Mph
73,2637.25,0,Mph
-79,2640.75,0,Mph
130.5,2646.25,0,Mph
-135.5,2650.25,0,Mph
-267,2648.75,0,Mph
52,2656.75,0,Mph
85.5,2657.75,0,Mph
155.5,2655.25,0,Mph
-50,2676.75,0,Mph
-342.5,2672.75,0,Mph
-398,2678.25,0,Mph
-238.5,2690.75,0,Mph
-288.5,2700.25,0,Mph
-70,2689.25,0,Mph
-98.5,2696.25,0,Mph
-387.5,2704.75,0,Mph
-408,2696.25,0,Mph
4.5,2708.75,0,Mph
-27,2699.75,0,Mph
117,2704.25,0,Mph
-212.5,2713.25,0,Mph
-251,2719.75,0,Mph
-417.5,2712.25,0,Mph
-399.5,2718.75,0,Mph
-40.5,2720.25,0,Mph
434.5,1926.75,0,Mph
957,1929.75,0,Mph
380.5,1933.25,0,Mph
817.5,1940.75,0,Mph
335.5,1944.25,0,Mph
752.5,1942.75,0,Mph
524.5,1948.25,0,Mph
478,1949.25,0,Mph
497.5,1953.75,0,Mph
420.5,1956.75,0,Mph
938.5,1959.75,0,Mph
322.5,1962.75,0,Mph
817,1973.75,0,Mph
745.5,1970.75,0,Mph
191,1969.75,0,Mph
503,1982.75,0,Mph
196.5,1983.75,0,Mph
238,1989.25,0,Mph
723.5,1992.25,0,Mph
797,1997.25,0,Mph
306.5,1998.75,0,Mph
329,2012.75,0,Mph
294.5,2012.75,0,Mph
707,2012.75,0,Mph
823,2011.25,0,Mph
731,2012.25,0,Mph
792,2014.75,0,Mph
404,2022.75,0,Mph
493,2021.25,0,Mph
506,2026.75,0,Mph
777,2029.75,0,Mph
713.5,2032.25,0,Mph
888.5,2029.25,0,Mph
409.5,2054.75,0,Mph
722,2053.75,0,Mph
238,2061.25,0,Mph
255,2071.25,0,Mph
627.5,2069.25,0,Mph
298.5,2069.25,0,Mph
719,2073.25,0,Mph
596,2076.25,0,Mph
628,2089.25,0,Mph
210.5,2098.25,0,Mph
906,2099.25,0,Mph
383.5,2106.75,0,Mph
685.5,2108.75,0,Mph
704,2111.25,0,Mph
399,2113.75,0,Mph
978,2115.75,0,Mph
715,2124.25,0,Mph
580,2127.25,0,Mph
749.5,2126.25,0,Mph
889.5,2125.75,0,Mph
402,2131.25,0,Mph
423,2134.25,0,Mph
369,2134.25,0,Mph
681,2139.75,0,Mph
700,2140.25,0,Mph
331.5,2144.25,0,Mph
381,2156.25,0,Mph
736,2151.75,0,Mph
645,2154.25,0,Mph
334,2166.25,0,Mph
624,2161.75,0,Mph
954.5,2164.25,0,Mph
698.5,2166.75,0,Mph
642,2176.75,0,Mph
421.5,2176.25,0,Mph
967.5,2175.25,0,Mph
700.5,2190.25,0,Mph
293,2188.75,0,Mph
393,2190.25,0,Mph
538.5,2197.75,0,Mph
593,2190.25,0,Mph
819.5,2199.75,0,Mph
347,2196.75,0,Mph
612.5,2198.25,0,Mph
420.5,2205.25,0,Mph
960,2210.25,0,Mph
278.5,2214.75,0,Mph
357,2208.25,0,Mph
358.5,2229.25,0,Mph
557,2222.75,0,Mph
581.5,2224.75,0,Mph
634.5,2222.75,0,Mph
681.5,2226.25,0,Mph
333.5,2231.75,0,Mph
532.5,2227.75,0,Mph
490,2234.25,0,Mph
563.5,2248.75,0,Mph
630.5,2256.75,0,Mph
678.5,2257.75,0,Mph
484.5,2258.25,0,Mph
457,2261.75,0,Mph
577,2263.75,0,Mph
353.5,2275.75,0,Mph
500.5,2269.75,0,Mph
951,2275.75,0,Mph
594.5,2277.75,0,Mph
317.5,2287.25,0,Mph
618,2282.75,0,Mph
560,2281.75,0,Mph
666.5,2287.75,0,Mph
827,2293.75,0,Mph
543,2292.75,0,Mph
577.5,2297.75,0,Mph
649.5,2300.75,0,Mph
191.5,2304.25,0,Mph
559,2306.25,0,Mph
349,2307.75,0,Mph
430,2308.25,0,Mph
631.5,2318.25,0,Mph
525.5,2325.25,0,Mph
339,2324.25,0,Mph
424.5,2333.25,0,Mph
657,2332.75,0,Mph
414.5,2359.25,0,Mph
740.5,2365.25,0,Mph
814,2368.25,0,Mph
444.5,2375.25,0,Mph
425,2379.25,0,Mph
665.5,2378.75,0,Mph
392,2386.25,0,Mph
569.5,2385.25,0,Mph
847.5,2392.25,0,Mph
793.5,2395.25,0,Mph
403,2409.25,0,Mph
481,2408.25,0,Mph
822,2406.25,0,Mph
615,2415.25,0,Mph
455,2416.75,0,Mph
565.5,2413.75,0,Mph
653.5,2421.75,0,Mph
497,2427.25,0,Mph
784.5,2435.25,0,Mph
223.5,2427.25,0,Mph
420,2431.25,0,Mph
438,2453.25,0,Mph
577,2451.75,0,Mph
805.5,2450.25,0,Mph
395.5,2450.25,0,Mph
500.5,2450.75,0,Mph
220.5,2455.25,0,Mph
535,2457.75,0,Mph
481,2458.25,0,Mph
380,2463.25,0,Mph
849,2461.25,0,Mph
770,2465.25,0,Mph
503,2471.75,0,Mph
795.5,2467.25,0,Mph
891.5,2469.25,0,Mph
567,2471.75,0,Mph
519.5,2480.75,0,Mph
754.5,2470.75,0,Mph
735.5,2474.25,0,Mph
409,2474.25,0,Mph
406,2491.75,0,Mph
929.5,2499.25,0,Mph
500,2501.25,0,Mph
585.5,2496.25,0,Mph
799,2497.75,0,Mph
543.5,2507.25,0,Mph
873.5,2502.25,0,Mph
410.5,2509.75,0,Mph
586.5,2518.25,0,Mph
463,2519.25,0,Mph
207,2519.25,0,Mph
871,2522.75,0,Mph
351.5,2518.75,0,Mph
571,2532.75,0,Mph
367.5,2535.75,0,Mph
204.5,2542.75,0,Mph
599.5,2540.25,0,Mph
489.5,2543.75,0,Mph
806,2549.25,0,Mph
272.5,2550.75,0,Mph
367.5,2556.25,0,Mph
185,2562.75,0,Mph
525,2563.75,0,Mph
824.5,2560.25,0,Mph
396,2571.75,0,Mph
576.5,2573.25,0,Mph
271,2572.75,0,Mph
326,2579.25,0,Mph
547.5,2585.75,0,Mph
975,2586.75,0,Mph
502.5,2582.75,0,Mph
464.5,2583.75,0,Mph
410.5,2592.75,0,Mph
912.5,2592.75,0,Mph
591,2596.75,0,Mph
478.5,2599.75,0,Mph
451,2603.75,0,Mph
532,2607.75,0,Mph
373.5,2610.25,0,Mph
261.5,2613.75,0,Mph
556.5,2611.25,0,Mph
433.5,2615.25,0,Mph
492.5,2616.75,0,Mph
860,2616.75,0,Mph
515,2622.75,0,Mph
807.5,2625.25,0,Mph
706.5,2631.25,0,Mph
254.5,2638.25,0,Mph
231.5,2639.75,0,Mph
319.5,2641.25,0,Mph
859,2640.75,0,Mph
190,2643.75,0,Mph
567.5,2645.75,0,Mph
410,2647.75,0,Mph
299,2651.75,0,Mph
852.5,2662.75,0,Mph
806,2655.25,0,Mph
281,2662.25,0,Mph
761.5,2663.25,0,Mph
824.5,2665.25,0,Mph
568,2675.25,0,Mph
753.5,2678.75,0,Mph
820.5,2683.25,0,Mph
686,2686.75,0,Mph
568.5,2697.25,0,Mph
846,2695.25,0,Mph
746.5,2698.75,0,Mph
781,2700.25,0,Mph
531,2708.75,0,Mph
793,2708.25,0,Mph
898,2705.25,0,Mph
193.5,2722.75,0,Mph
1118.5,1926.75,0,Mph
1148,1927.25,0,Mph
1539,1930.25,0,Mph
996.5,1933.25,0,Mph
1026,1934.75,0,Mph
1073.5,1942.25,0,Mph
1560,1942.25,0,Mph
1461.5,1950.75,0,Mph
1492.5,1954.25,0,Mph
1019,1963.25,0,Mph
1214.5,1999.25,0,Mph
1618.5,2008.75,0,Mph
1336,2018.75,0,Mph
1518.5,2019.25,0,Mph
1137.5,2024.75,0,Mph
1106,2032.75,0,Mph
1380,2035.25,0,Mph
1152,2053.75,0,Mph
1475,2063.25,0,Mph
1709.5,2102.25,0,Mph
1505,2117.75,0,Mph
1584,2115.75,0,Mph
1031.5,2123.25,0,Mph
1703,2125.75,0,Mph
1730,2125.75,0,Mph
1361.5,2131.75,0,Mph
983.5,2134.25,0,Mph
1763.5,2134.25,0,Mph
1017.5,2137.25,0,Mph
1222.5,2145.75,0,Mph
1745.5,2151.75,0,Mph
1192,2144.25,0,Mph
1769,2151.75,0,Mph
1203,2152.75,0,Mph
1666.5,2163.25,0,Mph
987.5,2157.75,0,Mph
1203,2172.75,0,Mph
1576.5,2170.25,0,Mph
1524,2189.25,0,Mph
1447.5,2185.25,0,Mph
1332,2187.75,0,Mph
1413,2186.75,0,Mph
1568.5,2186.25,0,Mph
1140,2204.75,0,Mph
1717,2199.75,0,Mph
1302.5,2217.25,0,Mph
1485,2222.75,0,Mph
1718.5,2220.25,0,Mph
1018,2219.75,0,Mph
1428,2231.75,0,Mph
1715,2241.75,0,Mph
1544.5,2244.75,0,Mph
1772.5,2244.25,0,Mph
1547,2269.75,0,Mph
1765.5,2268.25,0,Mph
1206,2272.75,0,Mph
1385,2294.75,0,Mph
1324,2305.75,0,Mph
1627,2346.25,0,Mph
1345,2348.75,0,Mph
1387.5,2344.25,0,Mph
1343,2378.25,0,Mph
1619.5,2381.75,0,Mph
1295.5,2393.25,0,Mph
1046,2392.25,0,Mph
1735.5,2399.75,0,Mph
1234.5,2410.25,0,Mph
1566,2409.75,0,Mph
1050.5,2418.75,0,Mph
1412,2422.75,0,Mph
1231,2455.25,0,Mph
1444,2460.25,0,Mph
1376,2463.75,0,Mph
1314,2464.75,0,Mph
1270,2478.75,0,Mph
1108,2484.25,0,Mph
1463.5,2476.25,0,Mph
1444.5,2487.25,0,Mph
1557.5,2523.25,0,Mph
999,2533.25,0,Mph
1272,2538.25,0,Mph
1206,2537.25,0,Mph
1219,2541.75,0,Mph
1398,2543.75,0,Mph
1108,2545.75,0,Mph
1241.5,2546.75,0,Mph
1554.5,2551.25,0,Mph
1510.5,2556.75,0,Mph
1680,2559.75,0,Mph
1410,2558.25,0,Mph
1228,2573.75,0,Mph
1550.5,2576.25,0,Mph
1201.5,2574.25,0,Mph
1402,2588.25,0,Mph
1633.5,2590.25,0,Mph
1188.5,2597.25,0,Mph
1341,2598.75,0,Mph
1731,2596.75,0,Mph
1620.5,2612.75,0,Mph
1422.5,2602.25,0,Mph
1159.5,2606.25,0,Mph
1575,2620.75,0,Mph
1727,2624.75,0,Mph
1752,2629.25,0,Mph
1136.5,2635.75,0,Mph
1117.5,2659.25,0,Mph
1276,2662.75,0,Mph
1241,2669.25,0,Mph
1323,2675.75,0,Mph
1766.5,2690.75,0,Mph
1089.5,2699.75,0,Mph
1287,2711.25,0,Mph
1133.5,2705.75,0,Mph
1768,2709.75,0,Mph
1193.5,2720.25,0,Mph
1102.5,2713.25,0,Mph
993,2716.25,0,Mph
1773,2720.75,0,Mph
1131.5,2723.75,0,Mph
1797.5,2109.75,0,Mph
1797.5,2147.25,0,Mph
1845,2206.25,0,Mph
1883.5,2208.25,0,Mph
1853.5,2233.75,0,Mph
1796,2318.75,0,Mph
1829,2323.25,0,Mph
1893,2349.75,0,Mph
1969,2354.25,0,Mph
1918,2375.75,0,Mph
1962.5,2389.75,0,Mph
1938.5,2409.25,0,Mph
2023.5,2412.25,0,Mph
1941,2429.75,0,Mph
2028.5,2436.25,0,Mph
1921,2440.25,0,Mph
1964.5,2439.75,0,Mph
2069,2449.75,0,Mph
1949.5,2456.75,0,Mph
2036.5,2457.75,0,Mph
1896,2482.75,0,Mph
1928.5,2477.25,0,Mph
2100.5,2491.75,0,Mph
1980,2487.75,0,Mph
2083,2485.25,0,Mph
1917,2491.75,0,Mph
1936,2490.75,0,Mph
2062,2491.25,0,Mph
2027,2519.75,0,Mph
1972,2541.75,0,Mph
2065.5,2551.75,0,Mph
1905.5,2559.25,0,Mph
1798,2570.25,0,Mph
2139.5,2578.25,0,Mph
1987,2596.75,0,Mph
1924.5,2620.75,0,Mph
1838,2620.25,0,Mph
2128,2620.25,0,Mph
1956,2628.75,0,Mph
1903,2651.25,0,Mph
1828.5,2643.25,0,Mph
1931,2644.25,0,Mph
1875.5,2649.75,0,Mph
1860.5,2655.75,0,Mph
1795,2661.25,0,Mph
2136,2662.25,0,Mph
2004.5,2672.25,0,Mph
2174.5,2679.75,0,Mph
1876,2680.25,0,Mph
2015,2684.75,0,Mph
1905,2689.75,0,Mph
1889.5,2697.75,0,Mph
1871.5,2703.75,0,Mph
1792.5,2711.75,0,Mph
28,2726.25,0,Mph
-314.5,2731.25,0,Mph
-404.5,2740.25,0,Mph
82,2740.75,0,Mph
-383.5,2743.75,0,Mph
58.5,2739.25,0,Mph
-197.5,2759.25,0,Mph
-359.5,2752.25,0,Mph
-329,2756.75,0,Mph
-155,2765.25,0,Mph
-345.5,2762.25,0,Mph
-386.5,2774.75,0,Mph
61.5,2775.25,0,Mph
-357,2775.25,0,Mph
-26.5,2772.25,0,Mph
95,2774.75,0,Mph
-418.5,2777.25,0,Mph
-445.5,2784.75,0,Mph
-370,2790.25,0,Mph
-112,2801.25,0,Mph
-297.5,2792.75,0,Mph
-212,2798.75,0,Mph
-316.5,2800.75,0,Mph
93.5,2801.75,0,Mph
-406,2804.25,0,Mph
178.5,2806.25,0,Mph
-194.5,2809.25,0,Mph
-244.5,2813.75,0,Mph
51,2810.25,0,Mph
-223,2811.75,0,Mph
-292,2824.25,0,Mph
-157,2815.25,0,Mph
-476,2817.75,0,Mph
30,2826.75,0,Mph
-54,2822.25,0,Mph
-119.5,2828.75,0,Mph
-179.5,2839.25,0,Mph
-479.5,2840.25,0,Mph
91.5,2850.75,0,Mph
5.5,2854.75,0,Mph
-333,2852.75,0,Mph
36,2851.25,0,Mph
-388,2849.75,0,Mph
-165,2854.75,0,Mph
-263,2863.75,0,Mph
164,2862.25,0,Mph
-456,2866.75,0,Mph
-315,2870.25,0,Mph
109.5,2873.75,0,Mph
-438.5,2877.25,0,Mph
64,2872.75,0,Mph
-144.5,2880.75,0,Mph
-82,2883.25,0,Mph
80.5,2882.75,0,Mph
-294.5,2885.75,0,Mph
-276.5,2882.75,0,Mph
151,2890.75,0,Mph
-412,2893.25,0,Mph
-127,2895.25,0,Mph
-332,2897.75,0,Mph
-199,2902.25,0,Mph
100,2897.75,0,Mph
-374,2911.25,0,Mph
-303,2908.25,0,Mph
-223,2910.25,0,Mph
-320.5,2912.75,0,Mph
-400,2914.75,0,Mph
-434,2920.25,0,Mph
141,2919.25,0,Mph
-412,2922.25,0,Mph
-5,2934.25,0,Mph
-115,2936.25,0,Mph
163.5,2939.75,0,Mph
-388,2937.25,0,Mph
-104,2954.25,0,Mph
-246.5,2959.75,0,Mph
6.5,2977.75,0,Mph
-404,2977.25,0,Mph
172.5,2980.25,0,Mph
-189,2989.25,0,Mph
-393,2987.75,0,Mph
31,2989.75,0,Mph
-371.5,2993.75,0,Mph
150,2993.25,0,Mph
-402.5,3005.75,0,Mph
-523,3006.25,0,Mph
135,3005.75,0,Mph
-383.5,3010.75,0,Mph
155,3013.25,0,Mph
-176,3016.25,0,Mph
-364,3021.25,0,Mph
-503,3020.75,0,Mph
160.5,3032.25,0,Mph
179.5,3034.25,0,Mph
-139.5,3038.25,0,Mph
-291.5,3048.25,0,Mph
157,3048.75,0,Mph
139.5,3053.25,0,Mph
134,3074.75,0,Mph
-478,3077.75,0,Mph
-103.5,3075.75,0,Mph
159.5,3079.25,0,Mph
-331,3080.25,0,Mph
-269,3100.25,0,Mph
143.5,3103.25,0,Mph
179.5,3108.25,0,Mph
-355.5,3115.25,0,Mph
-393.5,3108.75,0,Mph
-317.5,3120.25,0,Mph
-379,3116.75,0,Mph
123,3123.75,0,Mph
-416,3118.75,0,Mph
-182.5,3125.75,0,Mph
-420.5,3135.25,0,Mph
154,3137.75,0,Mph
-165,3134.25,0,Mph
-454.5,3139.75,0,Mph
-302,3140.25,0,Mph
97.5,3149.25,0,Mph
-319,3156.75,0,Mph
-300,3164.75,0,Mph
-267.5,3170.25,0,Mph
93.5,3177.75,0,Mph
-312,3195.25,0,Mph
109.5,3190.25,0,Mph
-69,3200.25,0,Mph
-85,3212.25,0,Mph
-65,3225.25,0,Mph
-394,3226.75,0,Mph
-350.5,3234.75,0,Mph
-415,3237.25,0,Mph
-20,3249.75,0,Mph
-413,3263.75,0,Mph
-223,3271.75,0,Mph
-390.5,3271.75,0,Mph
-245.5,3269.75,0,Mph
-433.5,3269.25,0,Mph
-275.5,3282.25,0,Mph
-426,3295.25,0,Mph
-179.5,3303.75,0,Mph
-191.5,3325.75,0,Mph
-53,3318.25,0,Mph
-171.5,3330.75,0,Mph
-408,3336.75,0,Mph
-174.5,3351.25,0,Mph
-94,3351.75,0,Mph
-207.5,3360.75,0,Mph
-114,3367.25,0,Mph
-184,3369.25,0,Mph
-149.5,3371.75,0,Mph
-224.5,3372.75,0,Mph
-100,3378.75,0,Mph
-139.5,3386.75,0,Mph
-377,3391.25,0,Mph
-232.5,3395.75,0,Mph
-283,3398.25,0,Mph
-116.5,3393.25,0,Mph
-311.5,3397.25,0,Mph
-403,3415.75,0,Mph
-141.5,3417.75,0,Mph
-293.5,3435.25,0,Mph
-155,3445.25,0,Mph
-76.5,3453.75,0,Mph
-105.5,3456.25,0,Mph
-125,3481.75,0,Mph
-295,3484.25,0,Mph
-174,3489.75,0,Mph
-197.5,3503.75,0,Mph
-149,3501.75,0,Mph
-167,3511.25,0,Mph
304.5,2725.75,0,Mph
242,2731.75,0,Mph
317.5,2732.75,0,Mph
784.5,2732.75,0,Mph
752.5,2733.25,0,Mph
520,2734.25,0,Mph
819,2740.25,0,Mph
261.5,2741.25,0,Mph
733,2742.75,0,Mph
452,2748.25,0,Mph
800,2748.75,0,Mph
868.5,2749.75,0,Mph
977,2747.25,0,Mph
512.5,2752.25,0,Mph
772.5,2755.25,0,Mph
324.5,2756.75,0,Mph
706,2760.25,0,Mph
736.5,2766.75,0,Mph
430,2771.25,0,Mph
967,2763.25,0,Mph
294,2772.25,0,Mph
976.5,2780.25,0,Mph
314,2787.75,0,Mph
200.5,2787.25,0,Mph
937.5,2785.75,0,Mph
740,2791.25,0,Mph
823.5,2797.25,0,Mph
487.5,2797.25,0,Mph
233,2799.25,0,Mph
722,2800.75,0,Mph
949,2811.25,0,Mph
925.5,2800.25,0,Mph
432,2803.75,0,Mph
976.5,2807.25,0,Mph
747,2809.75,0,Mph
447.5,2811.25,0,Mph
497,2819.25,0,Mph
226.5,2827.25,0,Mph
299.5,2828.75,0,Mph
927.5,2825.75,0,Mph
402.5,2830.75,0,Mph
279.5,2834.25,0,Mph
424.5,2830.25,0,Mph
691,2831.75,0,Mph
498,2841.75,0,Mph
706.5,2840.75,0,Mph
440,2856.25,0,Mph
294,2854.75,0,Mph
729,2853.25,0,Mph
952,2857.25,0,Mph
927.5,2860.25,0,Mph
465,2869.75,0,Mph
746.5,2861.75,0,Mph
903.5,2864.75,0,Mph
191,2875.75,0,Mph
254.5,2875.75,0,Mph
719.5,2876.75,0,Mph
955.5,2878.75,0,Mph
278,2882.75,0,Mph
790.5,2888.25,0,Mph
346.5,2889.75,0,Mph
388.5,2890.75,0,Mph
637,2897.25,0,Mph
686,2893.75,0,Mph
732,2897.75,0,Mph
891.5,2901.25,0,Mph
396.5,2904.75,0,Mph
312,2900.75,0,Mph
678,2907.75,0,Mph
929.5,2906.75,0,Mph
213,2914.25,0,Mph
701.5,2915.25,0,Mph
348.5,2915.25,0,Mph
378,2919.25,0,Mph
247.5,2919.75,0,Mph
302.5,2929.75,0,Mph
249.5,2938.75,0,Mph
624,2946.75,0,Mph
308.5,2947.25,0,Mph
675,2957.25,0,Mph
850,2946.75,0,Mph
294.5,2955.25,0,Mph
244.5,2955.25,0,Mph
585,2961.75,0,Mph
326,2970.25,0,Mph
617.5,2974.75,0,Mph
810.5,2976.75,0,Mph
310,2988.25,0,Mph
815.5,2996.75,0,Mph
505.5,3002.75,0,Mph
730,3000.75,0,Mph
760,3014.25,0,Mph
971,3004.25,0,Mph
280,3012.25,0,Mph
391,3016.25,0,Mph
327.5,3033.25,0,Mph
390,3038.25,0,Mph
237,3040.75,0,Mph
429.5,3048.75,0,Mph
531,3050.25,0,Mph
568,3061.25,0,Mph
185,3058.25,0,Mph
341.5,3059.75,0,Mph
259.5,3060.75,0,Mph
758.5,3065.25,0,Mph
249,3069.25,0,Mph
206,3072.25,0,Mph
365,3077.75,0,Mph
228.5,3074.25,0,Mph
514,3080.75,0,Mph
216,3086.75,0,Mph
266,3087.25,0,Mph
236.5,3096.75,0,Mph
914,3103.75,0,Mph
485.5,3101.75,0,Mph
334.5,3103.75,0,Mph
254,3104.25,0,Mph
205,3122.75,0,Mph
273.5,3122.75,0,Mph
476,3130.25,0,Mph
273,3144.75,0,Mph
335.5,3148.75,0,Mph
870,3145.75,0,Mph
895,3148.75,0,Mph
225.5,3146.25,0,Mph
909.5,3162.75,0,Mph
918,3176.25,0,Mph
311.5,3179.75,0,Mph
863.5,3183.75,0,Mph
935.5,3178.75,0,Mph
236.5,3196.75,0,Mph
908.5,3196.75,0,Mph
931,3197.25,0,Mph
788,3205.25,0,Mph
868.5,3213.75,0,Mph
324.5,3214.25,0,Mph
261,3231.25,0,Mph
873,3243.75,0,Mph
567.5,3245.75,0,Mph
658,3252.75,0,Mph
819,3260.75,0,Mph
741,3260.75,0,Mph
715,3260.25,0,Mph
441,3272.25,0,Mph
513.5,3277.25,0,Mph
876,3268.25,0,Mph
260,3281.25,0,Mph
740,3284.25,0,Mph
868.5,3295.25,0,Mph
826.5,3296.75,0,Mph
471,3305.25,0,Mph
524,3300.25,0,Mph
747,3303.75,0,Mph
501.5,3316.25,0,Mph
691,3327.75,0,Mph
815.5,3325.75,0,Mph
882,3340.25,0,Mph
784,3357.25,0,Mph
731.5,3373.75,0,Mph
561,3374.75,0,Mph
829,3375.75,0,Mph
762,3381.75,0,Mph
544,3399.25,0,Mph
409.5,3404.25,0,Mph
573,3398.75,0,Mph
660,3408.25,0,Mph
767,3414.25,0,Mph
751.5,3431.75,0,Mph
612,3436.25,0,Mph
771.5,3442.75,0,Mph
869.5,3454.75,0,Mph
652.5,3464.25,0,Mph
566.5,3473.25,0,Mph
382.5,3486.75,0,Mph
682,3488.75,0,Mph
656.5,3514.25,0,Mph
382.5,3521.25,0,Mph
987,2730.25,0,Mph
1493,2734.75,0,Mph
1252,2746.25,0,Mph
1374.5,2747.75,0,Mph
1282.5,2747.25,0,Mph
1096.5,2743.25,0,Mph
1050.5,2744.25,0,Mph
1000.5,2751.25,0,Mph
1026.5,2752.25,0,Mph
1705.5,2756.25,0,Mph
1760,2767.25,0,Mph
1101.5,2761.75,0,Mph
1118,2769.25,0,Mph
1057,2767.25,0,Mph
1480,2775.25,0,Mph
1642,2785.25,0,Mph
1352,2784.75,0,Mph
1683.5,2794.75,0,Mph
1771.5,2790.25,0,Mph
1715,2804.75,0,Mph
1365.5,2806.25,0,Mph
1470.5,2812.75,0,Mph
1387.5,2817.25,0,Mph
1151.5,2830.75,0,Mph
1047.5,2835.25,0,Mph
1465.5,2866.75,0,Mph
1534,2877.75,0,Mph
1146,2878.75,0,Mph
1003.5,2887.75,0,Mph
1487,2886.75,0,Mph
1637.5,2893.25,0,Mph
1304.5,2906.75,0,Mph
1447.5,2918.25,0,Mph
1479,2917.75,0,Mph
1060.5,2925.25,0,Mph
1237,2925.75,0,Mph
1506.5,2921.75,0,Mph
1018,2934.75,0,Mph
1481.5,2941.75,0,Mph
1051,2955.25,0,Mph
1137.5,2969.75,0,Mph
1524.5,2989.25,0,Mph
1033.5,2994.25,0,Mph
1465,2999.25,0,Mph
1588.5,3003.75,0,Mph
1056.5,3006.75,0,Mph
1378,3011.75,0,Mph
985,3016.25,0,Mph
1352.5,3040.25,0,Mph
1446,3081.25,0,Mph
1332.5,3103.75,0,Mph
1082,3104.75,0,Mph
1217,3103.75,0,Mph
1234,3110.25,0,Mph
1280,3134.75,0,Mph
1072,3149.75,0,Mph
1184.5,3146.25,0,Mph
1093.5,3190.75,0,Mph
1114,3191.25,0,Mph
1000,3215.75,0,Mph
1421,3242.25,0,Mph
1000.5,3250.25,0,Mph
1111.5,3268.75,0,Mph
1380.5,3288.25,0,Mph
1146,3317.25,0,Mph
1197,3330.75,0,Mph
1344.5,3341.25,0,Mph
1356,3362.25,0,Mph
1203,3362.75,0,Mph
1318,3375.75,0,Mph
1372.5,3385.75,0,Mph
1206,3400.75,0,Mph
1304.5,3421.25,0,Mph
1116,3428.25,0,Mph
1194,3471.25,0,Mph
1154.5,3469.25,0,Mph
1817,2731.75,0,Mph
1856.5,2728.25,0,Mph
1784,2738.25,0,Mph
-210,3529.75,0,Mph
-137.5,3540.25,0,Mph
-195,3549.25,0,Mph
-359.5,3548.25,0,Mph
-376.5,3552.25,0,Mph
5.5,3565.75,0,Mph
-359,3571.75,0,Mph
-212,3577.75,0,Mph
-183,3597.75,0,Mph
-327,3600.25,0,Mph
-56.5,3605.25,0,Mph
-30,3614.25,0,Mph
-172.5,3621.75,0,Mph
-219.5,3625.75,0,Mph
-193,3631.25,0,Mph
-82.5,3643.25,0,Mph
-232.5,3654.25,0,Mph
-210,3662.25,0,Mph
28.5,3667.25,0,Mph
-95.5,3665.75,0,Mph
-175,3678.25,0,Mph
13,3706.25,0,Mph
-147,3707.25,0,Mph
-96,3706.25,0,Mph
-183,3723.25,0,Mph
-100,3724.25,0,Mph
-221.5,3736.75,0,Mph
-99.5,3787.25,0,Mph
-115.5,3846.25,0,Mph
-1,3850.25,0,Mph
-17,3860.25,0,Mph
-61.5,3866.75,0,Mph
-119.5,3868.25,0,Mph
-103,3871.75,0,Mph
-142.5,3879.25,0,Mph
-77.5,3909.25,0,Mph
-20.5,3906.75,0,Mph
48,3918.75,0,Mph
1,3918.25,0,Mph
-124,3914.25,0,Mph
-35.5,3917.25,0,Mph
30,3941.25,0,Mph
9.5,3942.25,0,Mph
58,3965.75,0,Mph
91,3965.75,0,Mph
174,3970.25,0,Mph
97,3988.75,0,Mph
71,4008.25,0,Mph
962.5,3529.75,0,Mph
193,3535.75,0,Mph
641.5,3540.75,0,Mph
438,3546.25,0,Mph
618,3540.25,0,Mph
662,3551.25,0,Mph
642,3567.25,0,Mph
420,3565.25,0,Mph
815,3580.75,0,Mph
609,3585.25,0,Mph
585,3622.25,0,Mph
857.5,3642.25,0,Mph
628,3681.75,0,Mph
778,3701.75,0,Mph
869.5,3731.75,0,Mph
370.5,3763.75,0,Mph
615,3767.25,0,Mph
951.5,3773.25,0,Mph
957,3797.75,0,Mph
458.5,3803.25,0,Mph
864.5,3809.75,0,Mph
475.5,3834.25,0,Mph
461.5,3883.25,0,Mph
480,3882.75,0,Mph
926.5,3922.75,0,Mph
457.5,3921.75,0,Mph
553.5,3919.75,0,Mph
758.5,3950.75,0,Mph
204,3954.75,0,Mph
437,3957.75,0,Mph
189.5,3978.25,0,Mph
727,3990.25,0,Mph
705,3993.75,0,Mph
765,3993.25,0,Mph
588.5,4006.75,0,Mph
694.5,4073.75,0,Mph
653.5,4086.75,0,Mph
580,4095.25,0,Mph
680,4109.75,0,Mph
713.5,4146.75,0,Mph
751.5,4169.75,0,Mph
594,4182.75,0,Mph
601,4202.75,0,Mph
672.5,4307.25,0,Mph
1279,3535.75,0,Mph
1109,3573.75,0,Mph
993,3583.75,0,Mph
1222,3604.25,0,Mph
1018,3613.25,0,Mph
1023.5,3635.75,0,Mph
1145.5,3642.25,0,Mph
1035,3702.25,0,Mph
1133,3734.75,0,Mph
1003,3778.75,0,Mph
1024.5,3815.75,0,Mph
683,4339.25,0,Mph
568.5,4390.75,0,Mph
588.5,4408.75,0,Mph
656.5,4414.25,0,Mph
632.5,4425.75,0,Mph
610.5,4429.75,0,Mph
-705.5,-4035.25,0,Mph
-658,-4032.75,0,Mph
-626.5,-4021.75,0,Mph
-656.5,-4015.25,0,Mph
-828.5,-4000.25,0,Mph
-647,-3999.75,0,Mph
-757.5,-3991.25,0,Mph
-1162.5,-3958.75,0,Mph
-1184,-3954.75,0,Mph
-819,-3954.75,0,Mph
-1136.5,-3946.25,0,Mph
-1175.5,-3936.25,0,Mph
-813.5,-3938.25,0,Mph
-1287.5,-3939.25,0,Mph
-931,-3936.25,0,Mph
-1120.5,-3935.75,0,Mph
-1152.5,-3928.25,0,Mph
-853.5,-3916.25,0,Mph
-1239,-3910.75,0,Mph
-1177,-3912.75,0,Mph
-1136,-3904.75,0,Mph
-1029.5,-3910.75,0,Mph
-876,-3902.75,0,Mph
-830,-3895.75,0,Mph
-897,-3894.25,0,Mph
-1067,-3892.75,0,Mph
-1147.5,-3886.75,0,Mph
-785.5,-3881.25,0,Mph
-864,-3884.25,0,Mph
-1059,-3872.25,0,Mph
-1133,-3875.25,0,Mph
-1097,-3877.75,0,Mph
-1368.5,-3874.25,0,Mph
-828.5,-3866.25,0,Mph
-1250,-3854.75,0,Mph
-1085.5,-3846.75,0,Mph
-1291.5,-3854.75,0,Mph
-1067.5,-3854.75,0,Mph
-1180,-3855.75,0,Mph
-1323,-3851.25,0,Mph
-1181,-3840.25,0,Mph
-1061,-3836.75,0,Mph
-798.5,-3838.75,0,Mph
-860.5,-3837.25,0,Mph
-1251,-3826.75,0,Mph
-1181.5,-3823.75,0,Mph
-1267.5,-3822.25,0,Mph
-853,-3818.75,0,Mph
-1036,-3808.25,0,Mph
-791,-3805.25,0,Mph
-1151.5,-3800.25,0,Mph
-1381.5,-3806.25,0,Mph
-1117.5,-3794.75,0,Mph
-1044.5,-3793.75,0,Mph
-1173,-3790.25,0,Mph
-1403,-3747.75,0,Mph
-1115.5,-3732.75,0,Mph
-1392.5,-3733.75,0,Mph
-900,-3706.75,0,Mph
-1379,-3713.75,0,Mph
-1069,-3697.75,0,Mph
-1277.5,-3688.75,0,Mph
-1443.5,-3843.75,0,Mph
-1431.5,-3832.75,0,Mph
-1419,-3810.75,0,Mph
-1526,-3775.25,0,Mph
-1455,-3780.75,0,Mph
-1434,-3772.75,0,Mph
-1467.5,-3771.75,0,Mph
-1445,-3765.25,0,Mph
-1438.5,-3747.75,0,Mph
-1461,-3737.25,0,Mph
-1530.5,-3735.75,0,Mph
-1438,-3725.75,0,Mph
-1480,-3729.75,0,Mph
-1609.5,-3721.75,0,Mph
-1536,-3716.75,0,Mph
-1485.5,-3705.75,0,Mph
-1842.5,-3704.75,0,Mph
-1466,-3696.25,0,Mph
-1447.5,-3686.25,0,Mph
-1625.5,-3680.25,0,Mph
-343.5,-4004.75,0,Mph
-366.5,-3998.25,0,Mph
-586,-3994.75,0,Mph
-211,-3987.75,0,Mph
-293,-3987.25,0,Mph
-338,-3979.75,0,Mph
-328.5,-3972.75,0,Mph
-400,-3970.25,0,Mph
-346.5,-3961.75,0,Mph
-324,-3950.25,0,Mph
-332,-3936.25,0,Mph
-380.5,-3931.75,0,Mph
-361.5,-3909.25,0,Mph
-516.5,-3908.75,0,Mph
-416.5,-3909.25,0,Mph
-377,-3898.25,0,Mph
-259,-3891.25,0,Mph
-323.5,-3894.75,0,Mph
-222,-3887.75,0,Mph
-163.5,-3894.75,0,Mph
-510,-3882.75,0,Mph
-405.5,-3859.25,0,Mph
-161,-3873.75,0,Mph
-138.5,-3876.75,0,Mph
-314,-3864.25,0,Mph
-505,-3866.75,0,Mph
-211.5,-3858.25,0,Mph
-187.5,-3865.25,0,Mph
-450.5,-3853.75,0,Mph
-331.5,-3850.75,0,Mph
-355.5,-3835.75,0,Mph
-348.5,-3821.25,0,Mph
-132.5,-3801.75,0,Mph
19,-3755.75,0,Mph
-354.5,-3731.75,0,Mph
-56,-3730.25,0,Mph
-112,-3725.75,0,Mph
-224,-3727.75,0,Mph
-137.5,-3724.75,0,Mph
-160,-3724.25,0,Mph
-262.5,-3722.75,0,Mph
-210,-3712.25,0,Mph
-146,-3703.25,0,Mph
-129.5,-3688.25,0,Mph
-171,-3677.25,0,Mph
-116.5,-3676.75,0,Mph
809.5,-4380.75,0,Mph
705.5,-4229.25,0,Mph
543.5,-4212.75,0,Mph
521,-4209.75,0,Mph
587.5,-4204.75,0,Mph
617,-4199.25,0,Mph
525.5,-4180.25,0,Mph
507,-4156.75,0,Mph
473.5,-4155.75,0,Mph
529.5,-4149.75,0,Mph
427,-4147.75,0,Mph
486,-4143.25,0,Mph
501,-4132.25,0,Mph
765.5,-4122.75,0,Mph
787,-4110.25,0,Mph
919.5,-3875.25,0,Mph
930.5,-3836.75,0,Mph
-254.5,-3671.25,0,Mph
94.5,-3660.75,0,Mph
41,-3661.75,0,Mph
67.5,-3659.75,0,Mph
-23.5,-3653.75,0,Mph
143.5,-3653.25,0,Mph
-201.5,-3647.25,0,Mph
173,-3652.25,0,Mph
-57,-3623.75,0,Mph
164.5,-3564.75,0,Mph
117,-3555.75,0,Mph
58.5,-3512.75,0,Mph
-572,-3455.75,0,Mph
-605,-3447.25,0,Mph
-587.5,-3443.75,0,Mph
-521.5,-3436.25,0,Mph
66.5,-3442.75,0,Mph
124,-3435.75,0,Mph
-556,-3435.25,0,Mph
-579,-3428.75,0,Mph
77.5,-3415.25,0,Mph
-607,-3406.25,0,Mph
-489,-3404.25,0,Mph
141.5,-3405.25,0,Mph
138,-3381.75,0,Mph
35.5,-3381.75,0,Mph
-594,-3382.25,0,Mph
120,-3365.75,0,Mph
-515,-3358.25,0,Mph
56.5,-3357.75,0,Mph
-585,-3333.75,0,Mph
41,-3326.75,0,Mph
-556.5,-3311.25,0,Mph
-573,-3283.25,0,Mph
8,-3291.25,0,Mph
26,-3287.75,0,Mph
39,-3273.75,0,Mph
-562,-3253.75,0,Mph
-281.5,-3240.75,0,Mph
-560,-3236.25,0,Mph
-560.5,-3214.75,0,Mph
-539.5,-3206.25,0,Mph
-598.5,-3202.25,0,Mph
-529,-3183.75,0,Mph
-186.5,-3169.75,0,Mph
-514.5,-3170.75,0,Mph
-498.5,-3162.75,0,Mph
-210,-3164.25,0,Mph
-492.5,-3145.75,0,Mph
-596.5,-3133.25,0,Mph
-450.5,-3126.25,0,Mph
-562,-3124.25,0,Mph
-346,-3118.75,0,Mph
-457.5,-3108.25,0,Mph
-430,-3109.75,0,Mph
-417.5,-3102.75,0,Mph
-522.5,-3099.25,0,Mph
-311.5,-3088.25,0,Mph
-151.5,-3077.75,0,Mph
-244,-3034.75,0,Mph
-437,-3028.25,0,Mph
-150.5,-3000.75,0,Mph
156,-2991.75,0,Mph
-514,-2970.75,0,Mph
134,-2976.75,0,Mph
78.5,-2951.25,0,Mph
177,-2939.25,0,Mph
110,-2921.75,0,Mph
-584,-2902.25,0,Mph
-493,-2899.75,0,Mph
-525,-2902.25,0,Mph
-543,-2896.25,0,Mph
1453,-2466.75,0,Mph
-1800.5,-3633.75,0,Mph
-1445.5,-3637.25,0,Mph
-1526.5,-3613.75,0,Mph
-1791,-3603.25,0,Mph
-1441.5,-3598.25,0,Mph
-1850.5,-3597.25,0,Mph
-1472.5,-3593.25,0,Mph
-1818.5,-3588.25,0,Mph
-1788,-3580.25,0,Mph
-1786,-3556.25,0,Mph
-1832,-3551.25,0,Mph
-1622,-3537.25,0,Mph
-2018.5,-3528.25,0,Mph
-1513,-3530.25,0,Mph
-1479.5,-3529.25,0,Mph
-1566.5,-3531.25,0,Mph
-1463,-3517.25,0,Mph
-1494,-3511.75,0,Mph
-1474.5,-3500.25,0,Mph
-2033,-3499.25,0,Mph
-1848.5,-3499.75,0,Mph
-1806,-3497.75,0,Mph
-1828.5,-3495.75,0,Mph
-1559.5,-3495.25,0,Mph
-1513.5,-3495.75,0,Mph
-1865,-3492.75,0,Mph
-2062,-3477.75,0,Mph
-1454,-3483.25,0,Mph
-1515,-3470.25,0,Mph
-2008,-3463.75,0,Mph
-1462.5,-3465.75,0,Mph
-1691,-3460.75,0,Mph
-1489,-3448.75,0,Mph
-2029.5,-3454.25,0,Mph
-1444.5,-3443.25,0,Mph
-2029.5,-3434.25,0,Mph
-2059.5,-3418.75,0,Mph
-1511,-3419.75,0,Mph
-2033.5,-3413.75,0,Mph
-2042.5,-3398.25,0,Mph
-2018.5,-3386.25,0,Mph
-2014,-3367.25,0,Mph
-2036,-3362.25,0,Mph
-1850,-3346.25,0,Mph
-2016,-3348.25,0,Mph
-2068.5,-3335.75,0,Mph
-2049.5,-3328.75,0,Mph
-2033,-3312.25,0,Mph
-2061.5,-3305.25,0,Mph
-2061,-3271.25,0,Mph
-1782,-3271.25,0,Mph
-1799.5,-3267.75,0,Mph
-1992,-3261.25,0,Mph
-2036,-3242.25,0,Mph
-2003,-3232.75,0,Mph
-1985.5,-3218.25,0,Mph
-2092.5,-3220.25,0,Mph
-1965,-3210.75,0,Mph
-1888.5,-3207.25,0,Mph
-1837,-3208.25,0,Mph
-1914,-3208.75,0,Mph
-2085,-3202.75,0,Mph
-1932,-3204.75,0,Mph
-1864,-3199.75,0,Mph
-2031,-3193.75,0,Mph
-1943.5,-3189.75,0,Mph
-2065.5,-3186.25,0,Mph
-1808,-3188.75,0,Mph
-1994.5,-3186.75,0,Mph
-1830.5,-3180.25,0,Mph
-2094,-3180.75,0,Mph
-1923,-3174.75,0,Mph
-1886,-3169.25,0,Mph
-2033.5,-3165.25,0,Mph
-1980.5,-3163.25,0,Mph
-1910,-3161.25,0,Mph
-1963,-3147.25,0,Mph
-1984.5,-3139.25,0,Mph
-2025,-3135.75,0,Mph
-1854.5,-3140.25,0,Mph
-1951.5,-3140.25,0,Mph
-2008,-3138.75,0,Mph
-2063,-3133.75,0,Mph
-2046,-3126.75,0,Mph
-1946,-3122.25,0,Mph
-1990,-3114.75,0,Mph
-1798,-3106.25,0,Mph
-1439.5,-3108.25,0,Mph
-1917.5,-3109.75,0,Mph
-1664,-3099.25,0,Mph
-1936,-3100.25,0,Mph
-2064.5,-3091.25,0,Mph
-1555,-3092.75,0,Mph
-1878,-3086.75,0,Mph
-1991.5,-3087.75,0,Mph
-2017.5,-3081.75,0,Mph
-1913.5,-3084.25,0,Mph
-1840,-3078.25,0,Mph
-2057.5,-3075.25,0,Mph
-1900,-3076.75,0,Mph
-1748.5,-3070.75,0,Mph
-1822.5,-3066.25,0,Mph
-1996,-3058.25,0,Mph
-1941.5,-3047.25,0,Mph
-1896,-3030.75,0,Mph
-1938,-3022.75,0,Mph
-1576,-3018.25,0,Mph
-1880,-3019.75,0,Mph
-1435.5,-3011.75,0,Mph
-1509.5,-2987.75,0,Mph
-1886.5,-2995.75,0,Mph
-1480.5,-2962.75,0,Mph
-1875,-2940.75,0,Mph
-1837.5,-2937.75,0,Mph
-1437.5,-2931.75,0,Mph
-1862.5,-2919.25,0,Mph
-1915.5,-2909.25,0,Mph
-1891,-2902.25,0,Mph
-1816.5,-2897.25,0,Mph
-2014.5,-2885.75,0,Mph
-1836.5,-2885.25,0,Mph
-1338,-3674.25,0,Mph
-1415.5,-3674.75,0,Mph
-1305.5,-3670.75,0,Mph
-1081,-3664.75,0,Mph
-1178,-3644.75,0,Mph
-930.5,-3625.75,0,Mph
-1376.5,-3624.75,0,Mph
-1062,-3611.25,0,Mph
-1297,-3606.75,0,Mph
-1203.5,-3597.25,0,Mph
-1161,-3601.75,0,Mph
-1057,-3591.75,0,Mph
-1180,-3587.75,0,Mph
-1357.5,-3578.75,0,Mph
-1144.5,-3585.25,0,Mph
-1383.5,-3571.25,0,Mph
-1165.5,-3566.25,0,Mph
-1035,-3569.75,0,Mph
-1055.5,-3568.75,0,Mph
-1307,-3559.25,0,Mph
-1202.5,-3563.25,0,Mph
-903,-3562.75,0,Mph
-1005.5,-3560.75,0,Mph
-1402.5,-3556.75,0,Mph
-1290,-3546.25,0,Mph
-1321,-3517.25,0,Mph
-1250,-3513.75,0,Mph
-1182,-3507.25,0,Mph
-1409.5,-3509.25,0,Mph
-1383,-3499.25,0,Mph
-1282.5,-3497.75,0,Mph
-1236.5,-3496.25,0,Mph
-931,-3488.25,0,Mph
-1207,-3483.75,0,Mph
-1256,-3474.75,0,Mph
-1228.5,-3472.25,0,Mph
-890.5,-3472.25,0,Mph
-940.5,-3453.25,0,Mph
-882,-3456.75,0,Mph
-905.5,-3457.75,0,Mph
-1246.5,-3447.75,0,Mph
-1405.5,-3444.75,0,Mph
-903.5,-3437.25,0,Mph
-1196,-3416.25,0,Mph
-1248,-3421.25,0,Mph
-949.5,-3416.25,0,Mph
-1271,-3414.25,0,Mph
-1161.5,-3399.25,0,Mph
-953.5,-3381.25,0,Mph
-1300.5,-3391.25,0,Mph
-917.5,-3391.25,0,Mph
-1274.5,-3384.75,0,Mph
-769.5,-3382.25,0,Mph
-1205,-3387.25,0,Mph
-890.5,-3377.75,0,Mph
-1133.5,-3373.25,0,Mph
-1198,-3358.25,0,Mph
-1178.5,-3361.75,0,Mph
-913,-3355.25,0,Mph
-1137.5,-3351.25,0,Mph
-1224,-3348.25,0,Mph
-1181.5,-3338.75,0,Mph
-998.5,-3340.75,0,Mph
-1159.5,-3335.75,0,Mph
-1079,-3332.75,0,Mph
-689.5,-3333.25,0,Mph
-872.5,-3338.75,0,Mph
-826.5,-3334.75,0,Mph
-713.5,-3323.75,0,Mph
-1015.5,-3326.75,0,Mph
-667.5,-3327.75,0,Mph
-1198.5,-3323.25,0,Mph
-1319.5,-3320.75,0,Mph
-1143.5,-3310.25,0,Mph
-1002.5,-3315.75,0,Mph
-824,-3316.75,0,Mph
-1077.5,-3312.75,0,Mph
-1297,-3296.75,0,Mph
-874,-3298.25,0,Mph
-1259,-3290.25,0,Mph
-830,-3289.75,0,Mph
-1275.5,-3284.25,0,Mph
-950.5,-3284.75,0,Mph
-1148,-3277.25,0,Mph
-899,-3279.75,0,Mph
-815.5,-3279.75,0,Mph
-1280,-3266.25,0,Mph
-894.5,-3262.25,0,Mph
-1230.5,-3256.75,0,Mph
-1033,-3251.75,0,Mph
-837,-3248.25,0,Mph
-1281.5,-3244.25,0,Mph
-937.5,-3245.75,0,Mph
-731.5,-3235.25,0,Mph
-818,-3237.25,0,Mph
-1131.5,-3226.75,0,Mph
-1387,-3235.25,0,Mph
-1047,-3225.75,0,Mph
-791,-3218.75,0,Mph
-960,-3221.25,0,Mph
-1356,-3221.25,0,Mph
-1076,-3221.25,0,Mph
-939.5,-3221.75,0,Mph
-850,-3224.25,0,Mph
-1004.5,-3219.25,0,Mph
-1254.5,-3209.75,0,Mph
-1202,-3214.25,0,Mph
-853.5,-3201.25,0,Mph
-1121,-3205.75,0,Mph
-924,-3201.75,0,Mph
-1002.5,-3199.75,0,Mph
-736,-3201.25,0,Mph
-1203.5,-3192.75,0,Mph
-1040.5,-3195.75,0,Mph
-766,-3195.75,0,Mph
-1374,-3189.25,0,Mph
-1060.5,-3186.75,0,Mph
-932.5,-3193.75,0,Mph
-1175,-3189.25,0,Mph
-1107.5,-3183.75,0,Mph
-1300.5,-3167.75,0,Mph
-1260.5,-3180.25,0,Mph
-922.5,-3173.75,0,Mph
-1187.5,-3162.25,0,Mph
-776.5,-3167.25,0,Mph
-1070.5,-3160.75,0,Mph
-759.5,-3163.25,0,Mph
-926.5,-3152.75,0,Mph
-648.5,-3150.75,0,Mph
-1048.5,-3149.25,0,Mph
-940,-3148.25,0,Mph
-741,-3149.25,0,Mph
-618.5,-3143.75,0,Mph
-1257.5,-3141.25,0,Mph
-1002.5,-3145.75,0,Mph
-709,-3143.75,0,Mph
-1201,-3133.25,0,Mph
-1118.5,-3135.25,0,Mph
-720,-3127.75,0,Mph
-747.5,-3122.25,0,Mph
-1238,-3122.25,0,Mph
-1136,-3121.25,0,Mph
-996,-3114.25,0,Mph
-921.5,-3114.75,0,Mph
-953.5,-3117.25,0,Mph
-617.5,-3119.25,0,Mph
-1219,-3114.25,0,Mph
-1072,-3109.75,0,Mph
-969,-3111.25,0,Mph
-721,-3102.25,0,Mph
-673,-3107.25,0,Mph
-778.5,-3101.75,0,Mph
-1094.5,-3101.75,0,Mph
-651,-3092.25,0,Mph
-1047.5,-3095.75,0,Mph
-1416,-3080.25,0,Mph
-1009,-3083.25,0,Mph
-1145.5,-3079.25,0,Mph
-741,-3076.75,0,Mph
-957,-3077.75,0,Mph
-1043.5,-3074.75,0,Mph
-988,-3074.75,0,Mph
-1064.5,-3070.25,0,Mph
-974.5,-3068.75,0,Mph
-1182,-3062.25,0,Mph
-1204.5,-3056.75,0,Mph
-1093.5,-3055.75,0,Mph
-1161,-3052.25,0,Mph
-999.5,-3053.75,0,Mph
-645.5,-3050.75,0,Mph
-973,-3037.75,0,Mph
-1174,-3039.75,0,Mph
-937,-3041.25,0,Mph
-1039.5,-3034.25,0,Mph
-998,-3034.75,0,Mph
-1240.5,-3027.25,0,Mph
-1207,-3008.75,0,Mph
-1138.5,-3016.75,0,Mph
-1009,-3017.75,0,Mph
-665,-3016.75,0,Mph
-971,-3004.25,0,Mph
-1040.5,-3009.25,0,Mph
-1107,-2998.75,0,Mph
-940,-2998.75,0,Mph
-655,-2995.25,0,Mph
-1083.5,-2993.75,0,Mph
-1189.5,-2993.75,0,Mph
-1135.5,-2985.25,0,Mph
-710,-2982.25,0,Mph
-959.5,-2976.25,0,Mph
-649.5,-2975.25,0,Mph
-1057.5,-2979.25,0,Mph
-1148.5,-2977.75,0,Mph
-994,-2973.75,0,Mph
-1070,-2972.25,0,Mph
-1110.5,-2964.25,0,Mph
-676,-2959.25,0,Mph
-1328.5,-2956.75,0,Mph
-1196,-2963.75,0,Mph
-929.5,-2957.75,0,Mph
-1238,-2948.75,0,Mph
-996,-2947.25,0,Mph
-954.5,-2946.25,0,Mph
-1138.5,-2935.75,0,Mph
-736,-2932.25,0,Mph
-1008,-2936.25,0,Mph
-1195.5,-2935.25,0,Mph
-1222.5,-2931.75,0,Mph
-662.5,-2933.25,0,Mph
-1307,-2910.25,0,Mph
-1007,-2909.25,0,Mph
-652,-2909.75,0,Mph
-629.5,-2912.75,0,Mph
-1234,-2906.25,0,Mph
-1126.5,-2905.75,0,Mph
-872.5,-2904.75,0,Mph
-1281.5,-2897.75,0,Mph
-1110.5,-2900.75,0,Mph
-713,-2898.75,0,Mph
-1035,-2895.75,0,Mph
-883,-2885.75,0,Mph
-1125,-2882.75,0,Mph
-1369,-2887.75,0,Mph
-1271.5,-2877.75,0,Mph
-1052,-2880.25,0,Mph
-1033,-2873.75,0,Mph
-1145.5,-2871.25,0,Mph
-1064,-2870.75,0,Mph
-1089.5,-2866.75,0,Mph
-1379,-2867.75,0,Mph
-1356.5,-2867.75,0,Mph
-1283,-2861.25,0,Mph
-1046.5,-2858.75,0,Mph
-1374.5,-2846.25,0,Mph
-1027.5,-2851.75,0,Mph
-1299,-2843.25,0,Mph
-897,-2838.25,0,Mph
-1327.5,-2829.75,0,Mph
-1192,-2835.25,0,Mph
-1118,-2832.75,0,Mph
-1150,-2829.25,0,Mph
-876.5,-2829.75,0,Mph
-791,-2825.75,0,Mph
-1382,-2825.25,0,Mph
-1204,-2822.75,0,Mph
-1298.5,-2810.25,0,Mph
-1406,-2806.75,0,Mph
-700.5,-2797.75,0,Mph
-1084,-2797.75,0,Mph
-1381.5,-2791.75,0,Mph
-1192.5,-2794.75,0,Mph
-729,-2792.25,0,Mph
-1203,-2780.75,0,Mph
-1009,-2775.75,0,Mph
-947,-2772.25,0,Mph
-1392.5,-2774.75,0,Mph
-737,-2768.25,0,Mph
-1323.5,-2770.25,0,Mph
-1375,-2763.75,0,Mph
-977,-2760.75,0,Mph
-1396.5,-2760.25,0,Mph
-1012.5,-2750.75,0,Mph
-950.5,-2747.75,0,Mph
-1324,-2752.25,0,Mph
-1214,-2750.75,0,Mph
-1408,-2746.25,0,Mph
-1045,-2746.25,0,Mph
-1389.5,-2742.25,0,Mph
-1369,-2740.25,0,Mph
-787.5,-2732.75,0,Mph
-1325.5,-2731.25,0,Mph
-1226,-2737.25,0,Mph
-1160.5,-2729.25,0,Mph
-1145,-2725.25,0,Mph
-1092.5,-2712.75,0,Mph
-1213.5,-2715.25,0,Mph
-1188.5,-2709.75,0,Mph
-1255,-2705.75,0,Mph
-1317.5,-2703.75,0,Mph
-1288.5,-2691.75,0,Mph
-1113,-2701.25,0,Mph
-1229.5,-2698.75,0,Mph
-1205.5,-2696.25,0,Mph
-1081,-2682.75,0,Mph
-1102,-2675.25,0,Mph
-1228,-2677.25,0,Mph
-932,-2653.75,0,Mph
-1188.5,-2659.25,0,Mph
-1064.5,-2661.75,0,Mph
-859,-2661.75,0,Mph
-1264,-2650.25,0,Mph
-1129.5,-2655.25,0,Mph
-1364.5,-2650.25,0,Mph
-1149,-2649.25,0,Mph
-1120,-2641.25,0,Mph
-1071,-2635.75,0,Mph
-870.5,-2640.25,0,Mph
-1014,-2638.25,0,Mph
-1309,-2630.25,0,Mph
-843.5,-2630.25,0,Mph
-1041,-2614.75,0,Mph
-1282.5,-2617.25,0,Mph
-833,-2617.75,0,Mph
-840,-2597.75,0,Mph
-1303.5,-2594.75,0,Mph
-1385,-2585.25,0,Mph
-1406,-2582.25,0,Mph
-1339,-2571.75,0,Mph
-772.5,-2564.75,0,Mph
-1416,-2563.25,0,Mph
-828,-2537.25,0,Mph
-1365,-2535.75,0,Mph
-1179,-2523.75,0,Mph
-1085.5,-2523.75,0,Mph
-1151.5,-2526.75,0,Mph
-1413.5,-2524.25,0,Mph
-813.5,-2507.75,0,Mph
-1198.5,-2509.75,0,Mph
-1191,-2496.25,0,Mph
-1119.5,-2495.75,0,Mph
-820.5,-2487.75,0,Mph
-1161.5,-2481.75,0,Mph
-1338.5,-2481.25,0,Mph
-1230,-2478.25,0,Mph
-1080.5,-2466.25,0,Mph
-1106,-2452.75,0,Mph
-1200,-2461.25,0,Mph
-1350,-2456.25,0,Mph
-1158.5,-2448.75,0,Mph
-1045.5,-2436.25,0,Mph
-1257,-2432.75,0,Mph
-1148,-2436.75,0,Mph
-1382,-2429.25,0,Mph
-1181,-2423.75,0,Mph
-1134,-2423.75,0,Mph
-1104.5,-2416.75,0,Mph
-1384,-2405.25,0,Mph
-1322,-2414.75,0,Mph
-1300,-2413.25,0,Mph
-869,-2408.25,0,Mph
-623,-2401.25,0,Mph
-908.5,-2405.75,0,Mph
-1321.5,-2388.25,0,Mph
-1109.5,-2394.25,0,Mph
-1252,-2397.75,0,Mph
-955,-2396.75,0,Mph
-1092.5,-2373.75,0,Mph
-1217,-2386.75,0,Mph
-938,-2386.25,0,Mph
-873.5,-2389.25,0,Mph
-1141,-2382.75,0,Mph
-1011.5,-2384.25,0,Mph
-1040,-2373.25,0,Mph
-889,-2372.75,0,Mph
-1169.5,-2371.75,0,Mph
-1239.5,-2363.25,0,Mph
-1026,-2362.25,0,Mph
-1158.5,-2360.25,0,Mph
-1284,-2352.25,0,Mph
-656.5,-2340.25,0,Mph
-1082.5,-2340.25,0,Mph
-915,-2336.75,0,Mph
-951,-2332.25,0,Mph
-803,-2325.75,0,Mph
-1416,-2325.25,0,Mph
-1275.5,-2337.25,0,Mph
-1358.5,-2326.75,0,Mph
-1147,-2330.25,0,Mph
-759.5,-2320.25,0,Mph
-921,-2321.75,0,Mph
-1306,-2319.25,0,Mph
-1270.5,-2319.25,0,Mph
-1185.5,-2315.75,0,Mph
-791,-2311.75,0,Mph
-1334.5,-2312.75,0,Mph
-1118,-2304.25,0,Mph
-891.5,-2307.75,0,Mph
-1149,-2305.75,0,Mph
-948,-2299.75,0,Mph
-836,-2289.75,0,Mph
-887,-2286.25,0,Mph
-1336,-2282.75,0,Mph
-1357,-2279.75,0,Mph
-1003.5,-2283.25,0,Mph
-959,-2272.25,0,Mph
-1214,-2266.75,0,Mph
-1338.5,-2264.25,0,Mph
-1058,-2265.25,0,Mph
-1183.5,-2255.25,0,Mph
-1121.5,-2254.25,0,Mph
-1365,-2250.75,0,Mph
-781.5,-2243.25,0,Mph
-915,-2249.75,0,Mph
-954.5,-2247.25,0,Mph
-868,-2234.75,0,Mph
-1352.5,-2230.75,0,Mph
-1399,-2236.75,0,Mph
-934.5,-2233.25,0,Mph
-1240.5,-2229.75,0,Mph
-1085,-2228.25,0,Mph
-1196,-2219.25,0,Mph
-961,-2218.25,0,Mph
-1275.5,-2216.75,0,Mph
-1037.5,-2216.25,0,Mph
-1390,-2215.75,0,Mph
-1153,-2213.75,0,Mph
-989.5,-2207.75,0,Mph
-911.5,-2205.75,0,Mph
-1318.5,-2196.75,0,Mph
-1018.5,-2196.75,0,Mph
-813,-2193.75,0,Mph
-1101,-2195.75,0,Mph
-1284,-2189.25,0,Mph
-1107.5,-2183.25,0,Mph
-746.5,-2182.25,0,Mph
-731,-2178.25,0,Mph
-1164,-2178.75,0,Mph
-1144,-2169.25,0,Mph
-1026.5,-2173.75,0,Mph
-1330,-2169.75,0,Mph
-804.5,-2170.75,0,Mph
-1109.5,-2160.25,0,Mph
-1289.5,-2163.75,0,Mph
-796,-2154.75,0,Mph
-1326.5,-2144.25,0,Mph
-1279,-2136.25,0,Mph
-1239,-2131.75,0,Mph
-977,-2131.75,0,Mph
-1334.5,-2130.75,0,Mph
-1043,-2125.75,0,Mph
-1263,-2126.75,0,Mph
-1317,-2121.75,0,Mph
-1251,-2116.25,0,Mph
-1221,-2113.25,0,Mph
-1278.5,-2110.25,0,Mph
-982,-2092.25,0,Mph
-1259,-2088.25,0,Mph
-1295.5,-2086.25,0,Mph
-1049.5,-2086.25,0,Mph
-1097,-2081.75,0,Mph
-1901,-2870.75,0,Mph
-1806,-2870.25,0,Mph
-1832.5,-2860.25,0,Mph
-1839,-2826.25,0,Mph
-1803.5,-2815.25,0,Mph
-1907,-2800.75,0,Mph
-1458.5,-2691.75,0,Mph
-1497,-2677.25,0,Mph
-1487.5,-2658.75,0,Mph
-1546,-2642.75,0,Mph
-1490,-2628.25,0,Mph
-1447,-2635.25,0,Mph
-1517,-2629.25,0,Mph
-1554,-2621.25,0,Mph
-1523.5,-2608.25,0,Mph
-1501.5,-2590.25,0,Mph
-1479.5,-2592.25,0,Mph
-1432.5,-2592.75,0,Mph
-1536,-2584.75,0,Mph
-1464.5,-2572.75,0,Mph
-1558.5,-2556.25,0,Mph
-1519.5,-2557.75,0,Mph
-1474.5,-2559.25,0,Mph
-1528.5,-2541.25,0,Mph
-1444.5,-2535.75,0,Mph
-1506,-2530.25,0,Mph
-1457.5,-2519.75,0,Mph
-1540.5,-2512.75,0,Mph
-1463.5,-2502.25,0,Mph
-1530.5,-2496.25,0,Mph
-1617,-2492.25,0,Mph
-1499.5,-2487.25,0,Mph
-1630.5,-2482.75,0,Mph
-1662,-2461.25,0,Mph
-1646.5,-2459.25,0,Mph
-1491.5,-2447.75,0,Mph
-1630,-2451.75,0,Mph
-1740,-2440.25,0,Mph
-1639.5,-2438.25,0,Mph
-1810,-2431.75,0,Mph
-1656.5,-2425.25,0,Mph
-1480,-2429.75,0,Mph
-1603,-2421.25,0,Mph
-1464.5,-2423.75,0,Mph
-1774,-2422.75,0,Mph
-1691.5,-2410.25,0,Mph
-1790.5,-2413.75,0,Mph
-1421,-2414.75,0,Mph
-1618.5,-2410.25,0,Mph
-1515.5,-2407.75,0,Mph
-1803.5,-2395.25,0,Mph
-1555.5,-2393.75,0,Mph
-1656,-2388.75,0,Mph
-1596.5,-2384.25,0,Mph
-1503.5,-2381.75,0,Mph
-1471.5,-2370.25,0,Mph
-1445.5,-2370.25,0,Mph
-1763,-2357.75,0,Mph
-1869,-2349.25,0,Mph
-1602,-2352.75,0,Mph
-1447,-2350.75,0,Mph
-1474,-2339.75,0,Mph
-1714.5,-2345.25,0,Mph
-1853.5,-2337.25,0,Mph
-1590,-2335.25,0,Mph
-1702,-2332.75,0,Mph
-1459.5,-2324.75,0,Mph
-1494,-2318.75,0,Mph
-1710,-2311.75,0,Mph
-1653,-2310.75,0,Mph
-1578.5,-2306.25,0,Mph
-1998,-2302.25,0,Mph
-1430,-2302.25,0,Mph
-1929.5,-2294.75,0,Mph
-1891.5,-2295.75,0,Mph
-1493.5,-2297.25,0,Mph
-1624.5,-2296.75,0,Mph
-1610.5,-2288.25,0,Mph
-2056.5,-2288.75,0,Mph
-1688,-2288.25,0,Mph
-2025,-2280.75,0,Mph
-1746,-2271.25,0,Mph
-1710,-2283.75,0,Mph
-1829.5,-2286.25,0,Mph
-1645,-2279.25,0,Mph
-1879,-2276.75,0,Mph
-1563,-2271.75,0,Mph
-1452,-2276.25,0,Mph
-1657,-2269.75,0,Mph
-1820.5,-2268.75,0,Mph
-1617,-2265.25,0,Mph
-1770.5,-2260.25,0,Mph
-1496.5,-2262.25,0,Mph
-1893,-2262.25,0,Mph
-1442,-2260.25,0,Mph
-2120,-2250.75,0,Mph
-1657,-2252.75,0,Mph
-2031,-2247.25,0,Mph
-1483.5,-2237.75,0,Mph
-1792.5,-2244.75,0,Mph
-1722,-2235.25,0,Mph
-1625,-2241.75,0,Mph
-1650.5,-2240.25,0,Mph
-1843,-2229.25,0,Mph
-1421,-2237.75,0,Mph
-2133,-2223.75,0,Mph
-2020.5,-2211.75,0,Mph
-1827.5,-2225.25,0,Mph
-2070.5,-2221.25,0,Mph
-1980,-2225.75,0,Mph
-1631,-2219.25,0,Mph
-1812.5,-2225.25,0,Mph
-1423.5,-2222.75,0,Mph
-1680,-2222.25,0,Mph
-1468.5,-2221.25,0,Mph
-1984.5,-2206.75,0,Mph
-1906,-2213.75,0,Mph
-1964.5,-2212.75,0,Mph
-1817,-2209.75,0,Mph
-1657.5,-2210.75,0,Mph
-2180,-2205.75,0,Mph
-2144,-2200.25,0,Mph
-1893,-2206.75,0,Mph
-1912.5,-2200.25,0,Mph
-1725,-2202.25,0,Mph
-2097.5,-2196.25,0,Mph
-1809.5,-2196.75,0,Mph
-1420,-2198.75,0,Mph
-1965.5,-2194.25,0,Mph
-1577.5,-2195.75,0,Mph
-1826.5,-2187.25,0,Mph
-1685,-2184.25,0,Mph
-2085,-2189.75,0,Mph
-1885.5,-2187.75,0,Mph
-2012.5,-2181.25,0,Mph
-2180,-2175.25,0,Mph
-1725.5,-2179.25,0,Mph
-1762,-2170.75,0,Mph
-1572.5,-2175.25,0,Mph
-2157,-2170.75,0,Mph
-1667.5,-2165.75,0,Mph
-2131.5,-2169.75,0,Mph
-1808,-2158.75,0,Mph
-2201.5,-2160.25,0,Mph
-2014.5,-2158.75,0,Mph
-1988.5,-2142.25,0,Mph
-1647,-2157.75,0,Mph
-2129.5,-2151.75,0,Mph
-2173.5,-2151.25,0,Mph
-1854,-2150.75,0,Mph
-1836.5,-2149.75,0,Mph
-1699.5,-2148.75,0,Mph
-2151.5,-2147.75,0,Mph
-2072.5,-2143.75,0,Mph
-1869,-2140.25,0,Mph
-1604.5,-2137.75,0,Mph
-2017,-2139.25,0,Mph
-1642.5,-2138.25,0,Mph
-2046,-2133.75,0,Mph
-1970.5,-2133.25,0,Mph
-1549.5,-2134.75,0,Mph
-2132.5,-2127.25,0,Mph
-1696.5,-2126.25,0,Mph
-2074.5,-2118.25,0,Mph
-1645,-2123.25,0,Mph
-2011.5,-2113.75,0,Mph
-1798.5,-2120.75,0,Mph
-1834.5,-2117.25,0,Mph
-1682.5,-2108.75,0,Mph
-2033,-2106.25,0,Mph
-1851,-2106.75,0,Mph
-1962.5,-2105.75,0,Mph
-1870,-2100.75,0,Mph
-1916,-2100.75,0,Mph
-1815.5,-2099.75,0,Mph
-1947.5,-2100.75,0,Mph
-1900,-2101.75,0,Mph
-1657.5,-2096.25,0,Mph
-1598.5,-2096.75,0,Mph
-2003,-2093.75,0,Mph
-1702,-2091.75,0,Mph
-1490,-2091.25,0,Mph
-1472,-2092.25,0,Mph
-1524.5,-2090.75,0,Mph
-2034,-2086.75,0,Mph
-1450,-2087.25,0,Mph
-1804.5,-2086.25,0,Mph
-2097,-2083.25,0,Mph
-1947,-2076.25,0,Mph
-1427.5,-2080.25,0,Mph
-1649,-2076.75,0,Mph
-1505.5,-2076.75,0,Mph
-518,-2874.25,0,Mph
-522,-2851.75,0,Mph
-349.5,-2800.75,0,Mph
-260,-2776.75,0,Mph
-323,-2767.75,0,Mph
-271,-2765.25,0,Mph
147,-2760.75,0,Mph
168,-2757.75,0,Mph
132.5,-2750.25,0,Mph
-377,-2742.25,0,Mph
-274.5,-2736.25,0,Mph
-7,-2709.75,0,Mph
-356,-2711.75,0,Mph
-41,-2714.25,0,Mph
-335.5,-2710.75,0,Mph
109,-2703.75,0,Mph
-274.5,-2702.75,0,Mph
-311.5,-2695.25,0,Mph
123,-2689.75,0,Mph
34.5,-2685.75,0,Mph
147,-2685.75,0,Mph
-318.5,-2680.25,0,Mph
-271.5,-2674.25,0,Mph
113,-2674.25,0,Mph
46.5,-2669.75,0,Mph
160.5,-2667.75,0,Mph
-408,-2665.75,0,Mph
-297.5,-2660.25,0,Mph
176.5,-2658.75,0,Mph
-62.5,-2657.75,0,Mph
-394.5,-2653.25,0,Mph
-215,-2650.25,0,Mph
-46.5,-2647.75,0,Mph
-564.5,-2639.75,0,Mph
-229,-2628.25,0,Mph
-308.5,-2630.75,0,Mph
-210.5,-2620.25,0,Mph
-278,-2621.75,0,Mph
-304,-2612.25,0,Mph
-262,-2610.75,0,Mph
-366.5,-2596.75,0,Mph
-225.5,-2585.25,0,Mph
-70,-2586.75,0,Mph
-360,-2577.75,0,Mph
-195,-2579.75,0,Mph
-381.5,-2576.25,0,Mph
-545.5,-2564.75,0,Mph
-282,-2555.25,0,Mph
-80.5,-2545.25,0,Mph
-496,-2551.25,0,Mph
-453.5,-2541.25,0,Mph
-288.5,-2530.25,0,Mph
-485,-2534.25,0,Mph
-432.5,-2529.25,0,Mph
-404.5,-2525.75,0,Mph
-471.5,-2518.75,0,Mph
-397.5,-2508.75,0,Mph
-493.5,-2507.25,0,Mph
-320.5,-2508.75,0,Mph
-475.5,-2500.75,0,Mph
-434,-2497.25,0,Mph
-300,-2498.25,0,Mph
-452,-2475.75,0,Mph
-526,-2472.75,0,Mph
-424.5,-2469.75,0,Mph
-454.5,-2455.25,0,Mph
-428,-2452.75,0,Mph
-477,-2440.75,0,Mph
-565,-2442.75,0,Mph
-394.5,-2440.75,0,Mph
-607,-2435.75,0,Mph
-412.5,-2413.75,0,Mph
-511,-2408.75,0,Mph
-398,-2392.25,0,Mph
-337,-2391.25,0,Mph
-464.5,-2393.25,0,Mph
-570.5,-2389.25,0,Mph
-558,-2377.75,0,Mph
-426,-2368.25,0,Mph
-511,-2365.25,0,Mph
-546,-2359.75,0,Mph
-528,-2354.25,0,Mph
-582,-2337.25,0,Mph
-494.5,-2318.75,0,Mph
-530,-2307.25,0,Mph
-562,-2302.25,0,Mph
-575.5,-2294.25,0,Mph
-588.5,-2272.75,0,Mph
154,-2209.25,0,Mph
172.5,-2099.75,0,Mph
195.5,-3648.25,0,Mph
418.5,-3629.75,0,Mph
498,-3627.25,0,Mph
483.5,-3616.75,0,Mph
549,-3606.25,0,Mph
465.5,-3599.25,0,Mph
207.5,-3588.25,0,Mph
510.5,-3586.75,0,Mph
232,-3581.25,0,Mph
465,-3571.75,0,Mph
549.5,-3567.75,0,Mph
521,-3569.25,0,Mph
428.5,-3568.75,0,Mph
442,-3552.75,0,Mph
262,-3539.75,0,Mph
514.5,-3542.25,0,Mph
546,-3534.75,0,Mph
684,-3540.25,0,Mph
228,-3536.75,0,Mph
310.5,-3517.75,0,Mph
431.5,-3513.25,0,Mph
521,-3516.75,0,Mph
288.5,-3494.25,0,Mph
521,-3495.25,0,Mph
774.5,-3254.25,0,Mph
688.5,-3215.25,0,Mph
656,-3212.25,0,Mph
640.5,-3190.75,0,Mph
721,-3179.75,0,Mph
704.5,-3169.75,0,Mph
630,-3168.25,0,Mph
604.5,-3160.25,0,Mph
569.5,-3150.75,0,Mph
693.5,-3127.75,0,Mph
555.5,-3125.75,0,Mph
651,-3125.75,0,Mph
428,-3093.25,0,Mph
231.5,-3089.25,0,Mph
466.5,-3082.25,0,Mph
201.5,-3075.75,0,Mph
718.5,-3070.75,0,Mph
672.5,-3059.75,0,Mph
501.5,-3058.75,0,Mph
587,-3057.25,0,Mph
700.5,-3057.75,0,Mph
642.5,-3049.25,0,Mph
595,-3038.75,0,Mph
521,-3031.25,0,Mph
626,-3022.25,0,Mph
575,-3018.75,0,Mph
496.5,-2988.75,0,Mph
207,-2971.75,0,Mph
321.5,-2970.25,0,Mph
648,-2970.75,0,Mph
539,-2961.75,0,Mph
312.5,-2953.25,0,Mph
330.5,-2945.75,0,Mph
559,-2946.75,0,Mph
359,-2937.75,0,Mph
573.5,-2925.25,0,Mph
497,-2907.25,0,Mph
581.5,-2887.75,0,Mph
379.5,-2885.25,0,Mph
545.5,-2883.75,0,Mph
768.5,-2858.25,0,Mph
229,-2749.75,0,Mph
500,-2722.75,0,Mph
704.5,-2718.75,0,Mph
243,-2724.75,0,Mph
232.5,-2713.25,0,Mph
399,-2697.75,0,Mph
226.5,-2679.25,0,Mph
595.5,-2690.25,0,Mph
200,-2678.75,0,Mph
518,-2678.75,0,Mph
540,-2671.25,0,Mph
468,-2665.75,0,Mph
604,-2655.75,0,Mph
201.5,-2656.75,0,Mph
583,-2654.25,0,Mph
514.5,-2649.75,0,Mph
199,-2617.25,0,Mph
757,-2617.25,0,Mph
385,-2614.25,0,Mph
741.5,-2604.25,0,Mph
278.5,-2569.75,0,Mph
366,-2579.75,0,Mph
377.5,-2563.25,0,Mph
453.5,-2557.25,0,Mph
443,-2547.75,0,Mph
554.5,-2543.75,0,Mph
461,-2536.25,0,Mph
353,-2529.25,0,Mph
284.5,-2522.25,0,Mph
473.5,-2524.25,0,Mph
313,-2522.75,0,Mph
219,-2511.75,0,Mph
363.5,-2489.75,0,Mph
382,-2487.25,0,Mph
519,-2464.75,0,Mph
378.5,-2462.75,0,Mph
360.5,-2454.75,0,Mph
582,-2448.25,0,Mph
428.5,-2441.25,0,Mph
517.5,-2441.25,0,Mph
500,-2437.25,0,Mph
381,-2435.75,0,Mph
544,-2425.75,0,Mph
369.5,-2421.75,0,Mph
577.5,-2419.25,0,Mph
450.5,-2411.25,0,Mph
507.5,-2403.25,0,Mph
555.5,-2401.75,0,Mph
587,-2391.75,0,Mph
520.5,-2382.75,0,Mph
600.5,-2379.75,0,Mph
583,-2373.25,0,Mph
444.5,-2369.75,0,Mph
575.5,-2351.75,0,Mph
522,-2360.25,0,Mph
498.5,-2344.25,0,Mph
460,-2340.75,0,Mph
481.5,-2337.75,0,Mph
513.5,-2330.25,0,Mph
580.5,-2323.75,0,Mph
473,-2315.25,0,Mph
553.5,-2317.75,0,Mph
554.5,-2299.75,0,Mph
518,-2289.75,0,Mph
349.5,-2174.25,0,Mph
325,-2170.75,0,Mph
1483.5,-1770.75,0,Mph
1218.5,-1722.75,0,Mph
1103.5,-1713.25,0,Mph
1128.5,-1388.75,0,Mph
1113.5,-1358.75,0,Mph
1379,-1320.25,0,Mph
1477,-1303.75,0,Mph
1437,-1293.25,0,Mph
1477.5,-1282.25,0,Mph
-265,-2048.75,0,Mph
-268,-2025.25,0,Mph
-269,-1721.75,0,Mph
-608.5,-1413.25,0,Mph
-568.5,-1390.75,0,Mph
-609.5,-1351.75,0,Mph
-591,-1346.25,0,Mph
-46,-1342.75,0,Mph
-76,-1332.75,0,Mph
-22,-1331.75,0,Mph
-583,-1328.75,0,Mph
-1251,-2072.25,0,Mph
-1416,-2068.75,0,Mph
-1271,-2067.75,0,Mph
-1121.5,-2048.75,0,Mph
-710.5,-2056.25,0,Mph
-1289.5,-2050.25,0,Mph
-1245.5,-2048.75,0,Mph
-1061,-2047.75,0,Mph
-1398.5,-2043.25,0,Mph
-1083.5,-2036.25,0,Mph
-1272.5,-2034.75,0,Mph
-1044,-2038.75,0,Mph
-1415.5,-2027.25,0,Mph
-685,-2032.25,0,Mph
-1288.5,-2026.75,0,Mph
-1041,-2014.25,0,Mph
-1400,-2017.75,0,Mph
-1270,-2000.25,0,Mph
-1411,-2002.75,0,Mph
-692.5,-1999.75,0,Mph
-1195.5,-1988.25,0,Mph
-1286,-1978.75,0,Mph
-1211.5,-1976.25,0,Mph
-1264,-1971.75,0,Mph
-1162,-1970.25,0,Mph
-1155,-1953.75,0,Mph
-1265,-1924.25,0,Mph
-1289,-1922.75,0,Mph
-1180.5,-1914.25,0,Mph
-1212,-1904.25,0,Mph
-1283.5,-1894.75,0,Mph
-1197,-1878.25,0,Mph
-1199,-1845.25,0,Mph
-1276,-1814.75,0,Mph
-1244,-1782.75,0,Mph
-912.5,-1740.75,0,Mph
-888,-1737.75,0,Mph
-680,-1441.75,0,Mph
-701,-1408.75,0,Mph
188.5,-2017.75,0,Mph
210.5,-2012.25,0,Mph
701.5,-1847.25,0,Mph
320,-1719.25,0,Mph
192,-1718.75,0,Mph
223,-1716.25,0,Mph
187,-1689.75,0,Mph
247,-1693.25,0,Mph
277.5,-1686.25,0,Mph
298,-1682.25,0,Mph
299.5,-1642.75,0,Mph
323,-1648.75,0,Mph
358,-1593.25,0,Mph
356,-1571.25,0,Mph
356,-1528.75,0,Mph
-1994,-2072.25,0,Mph
-1847.5,-2074.75,0,Mph
-1798.5,-2073.75,0,Mph
-1462,-2073.25,0,Mph
-1874.5,-2074.25,0,Mph
-1440,-2068.25,0,Mph
-2028,-2069.75,0,Mph
-1788,-2065.25,0,Mph
-1696.5,-2062.25,0,Mph
-2084.5,-2058.25,0,Mph
-1809,-2062.25,0,Mph
-1861,-2061.75,0,Mph
-1571.5,-2060.75,0,Mph
-1823,-2058.25,0,Mph
-1460,-2053.75,0,Mph
-1422.5,-2053.25,0,Mph
-1845.5,-2047.75,0,Mph
-1714,-2052.25,0,Mph
-2019.5,-2045.75,0,Mph
-1645.5,-2046.25,0,Mph
-1820.5,-2036.25,0,Mph
-1700,-2039.25,0,Mph
-1554.5,-2035.25,0,Mph
-1672,-2030.25,0,Mph
-1474.5,-2040.75,0,Mph
-1933.5,-2036.75,0,Mph
-1967.5,-2027.25,0,Mph
-2089.5,-2031.75,0,Mph
-1786,-2022.75,0,Mph
-1991,-2024.25,0,Mph
-1644.5,-2027.75,0,Mph
-1888.5,-2029.75,0,Mph
-1517.5,-2025.75,0,Mph
-1899,-2018.75,0,Mph
-1658.5,-2019.75,0,Mph
-1921,-2017.75,0,Mph
-1876,-2016.25,0,Mph
-2055.5,-2017.75,0,Mph
-1583,-2017.25,0,Mph
-2092,-2012.25,0,Mph
-2074,-2008.75,0,Mph
-1455,-2013.75,0,Mph
-1800.5,-1999.25,0,Mph
-1606,-2007.75,0,Mph
-1856,-2005.25,0,Mph
-1583,-1998.75,0,Mph
-2112.5,-1995.75,0,Mph
-1437.5,-1997.25,0,Mph
-1558,-1992.75,0,Mph
-2053.5,-1992.25,0,Mph
-1505,-1987.25,0,Mph
-1877.5,-1992.75,0,Mph
-1818,-1991.75,0,Mph
-1668.5,-1987.75,0,Mph
-1614.5,-1984.75,0,Mph
-1707,-1986.25,0,Mph
-1450,-1974.25,0,Mph
-1803,-1978.25,0,Mph
-2113.5,-1971.25,0,Mph
-1873.5,-1974.25,0,Mph
-2018,-1974.75,0,Mph
-2036.5,-1970.75,0,Mph
-1696.5,-1955.75,0,Mph
-2069.5,-1966.25,0,Mph
-1553.5,-1962.75,0,Mph
-1850,-1968.75,0,Mph
-1617,-1964.75,0,Mph
-1434,-1962.25,0,Mph
-1612,-1947.25,0,Mph
-2063.5,-1949.75,0,Mph
-2146.5,-1947.25,0,Mph
-2125,-1946.75,0,Mph
-1659.5,-1942.75,0,Mph
-1598,-1937.25,0,Mph
-2091.5,-1939.75,0,Mph
-2153.5,-1926.25,0,Mph
-2129.5,-1919.75,0,Mph
-2080.5,-1921.25,0,Mph
-2168.5,-1917.75,0,Mph
-1558.5,-1915.25,0,Mph
-2034,-1908.25,0,Mph
-2078.5,-1903.25,0,Mph
-1756,-1897.75,0,Mph
-2127.5,-1896.75,0,Mph
-1660.5,-1895.25,0,Mph
-2167,-1896.25,0,Mph
-1743,-1880.75,0,Mph
-1767.5,-1871.75,0,Mph
-2151,-1877.75,0,Mph
-2125.5,-1871.25,0,Mph
-2086.5,-1869.25,0,Mph
-2155.5,-1858.75,0,Mph
-1741.5,-1862.75,0,Mph
-2097,-1857.25,0,Mph
-1733,-1844.75,0,Mph
-2143,-1849.75,0,Mph
-2092.5,-1842.75,0,Mph
-1783.5,-1842.25,0,Mph
-2125,-1832.25,0,Mph
-1811.5,-1823.25,0,Mph
-1705.5,-1823.75,0,Mph
-2068,-1782.25,0,Mph
-1475,-1737.25,0,Mph
-1764.5,-1714.75,0,Mph
-1851.5,-1714.75,0,Mph
-1483,-1685.75,0,Mph
-1838,-1662.25,0,Mph
-1916,-1647.25,0,Mph
-1857,-1649.25,0,Mph
-1877.5,-1644.25,0,Mph
-1820,-1626.75,0,Mph
-1867,-1619.75,0,Mph
-1831,-1619.25,0,Mph
-1847.5,-1607.25,0,Mph
-1975,-1433.25,0,Mph
-1722,-696.75,0,Mph
-1741,-697.25,0,Mph
-1742,-680.25,0,Mph
-1744,-661.25,0,Mph
-1662,-665.75,0,Mph
-1683.5,-658.75,0,Mph
-1701.5,-648.75,0,Mph
-1713,-641.25,0,Mph
-1771.5,-631.75,0,Mph
-911.5,-1242.25,0,Mph
-899.5,-1228.75,0,Mph
-842,-1227.75,0,Mph
-868.5,-1201.75,0,Mph
-923,-1200.25,0,Mph
-940.5,-1177.25,0,Mph
-899.5,-1170.75,0,Mph
-768,-1055.25,0,Mph
-727.5,-1039.25,0,Mph
-888,-792.25,0,Mph
-1348.5,-757.25,0,Mph
-783,-610.75,0,Mph
-813,-611.25,0,Mph
-753,-595.25,0,Mph
124,-1253.25,0,Mph
-390,-1140.25,0,Mph
-378,-1124.75,0,Mph
156.5,-1104.25,0,Mph
-322.5,-1089.25,0,Mph
-408,-1080.25,0,Mph
5.5,-1081.25,0,Mph
-283.5,-1064.25,0,Mph
-312.5,-1052.25,0,Mph
-32,-1024.75,0,Mph
89.5,-1027.25,0,Mph
-105.5,-1022.25,0,Mph
-123,-1017.25,0,Mph
-98,-1005.75,0,Mph
8.5,-1003.25,0,Mph
-163.5,-1001.25,0,Mph
-341,-999.25,0,Mph
-194.5,-994.75,0,Mph
38.5,-997.25,0,Mph
-327,-976.25,0,Mph
-362.5,-957.25,0,Mph
-209,-950.75,0,Mph
-380.5,-946.75,0,Mph
-384.5,-916.25,0,Mph
-432,-913.25,0,Mph
9,-885.75,0,Mph
-17,-885.75,0,Mph
-183,-882.75,0,Mph
-26.5,-871.25,0,Mph
-268,-846.75,0,Mph
-383,-839.25,0,Mph
-94.5,-841.75,0,Mph
-31,-568.25,0,Mph
407,-1182.75,0,Mph
383,-1100.75,0,Mph
970,-1095.25,0,Mph
973.5,-1064.75,0,Mph
971.5,-1039.25,0,Mph
190,-818.75,0,Mph
183,-766.25,0,Mph
220,-764.75,0,Mph
897,-732.75,0,Mph
783.5,-684.75,0,Mph
893.5,-686.75,0,Mph
817,-676.75,0,Mph
890.5,-666.25,0,Mph
912,-667.25,0,Mph
902,-640.75,0,Mph
906,-624.25,0,Mph
328.5,-597.25,0,Mph
865,-568.75,0,Mph
671,-525.25,0,Mph
1379.5,-1271.25,0,Mph
1173.5,-1263.75,0,Mph
1138,-1255.25,0,Mph
1297.5,-1258.25,0,Mph
1181,-1243.75,0,Mph
1274.5,-1245.75,0,Mph
1296,-1239.25,0,Mph
1263,-1227.75,0,Mph
1393,-1192.25,0,Mph
1044.5,-1161.75,0,Mph
1098.5,-1166.75,0,Mph
1384,-1156.75,0,Mph
990,-1157.25,0,Mph
1075.5,-1119.75,0,Mph
1034,-1098.25,0,Mph
1073.5,-1095.25,0,Mph
1373.5,-1088.75,0,Mph
1308,-1086.75,0,Mph
1350,-1083.75,0,Mph
1443,-1080.25,0,Mph
1391,-1077.75,0,Mph
1312.5,-1069.75,0,Mph
1165.5,-1065.75,0,Mph
1313.5,-1048.75,0,Mph
1373.5,-1044.25,0,Mph
1301.5,-1044.25,0,Mph
1052.5,-1039.25,0,Mph
1394.5,-1039.25,0,Mph
1252,-1029.75,0,Mph
1282,-1022.25,0,Mph
1376,-1019.75,0,Mph
1219,-1017.75,0,Mph
1154,-1013.25,0,Mph
1204,-1009.25,0,Mph
1289,-988.75,0,Mph
1254.5,-980.75,0,Mph
1377.5,-974.25,0,Mph
1345.5,-967.75,0,Mph
1420,-958.25,0,Mph
1348,-928.75,0,Mph
1389.5,-918.75,0,Mph
1269.5,-905.75,0,Mph
1389.5,-889.75,0,Mph
1242,-893.75,0,Mph
1355,-881.75,0,Mph
1346.5,-858.75,0,Mph
1386,-854.25,0,Mph
1298.5,-853.75,0,Mph
1173.5,-852.25,0,Mph
1348.5,-834.75,0,Mph
1371.5,-828.75,0,Mph
1111,-726.25,0,Mph
1328.5,-562.75,0,Mph
-14,-418.75,0,Mph
56,-394.75,0,Mph
1,-403.75,0,Mph
40,-263.75,0,Mph
-209,-255.75,0,Mph
-230.5,-249.75,0,Mph
-8,-193.25,0,Mph
3.5,-124.75,0,Mph
-15,-122.25,0,Mph
0,-80.75,0,Mph
58.5,43.25,0,Mph
65.5,58.25,0,Mph
-31.5,101.25,0,Mph
176.5,104.25,0,Mph
117,109.25,0,Mph
157,118.25,0,Mph
-38,121.75,0,Mph
164.5,145.75,0,Mph
113,141.25,0,Mph
136.5,139.75,0,Mph
127,157.75,0,Mph
176,174.25,0,Mph
170,208.75,0,Mph
153,222.75,0,Mph
45,264.25,0,Mph
130.5,298.75,0,Mph
108,302.75,0,Mph
118,316.75,0,Mph
92,318.75,0,Mph
853,-458.75,0,Mph
266.5,-395.25,0,Mph
337.5,-370.25,0,Mph
924,-245.75,0,Mph
822,-242.25,0,Mph
744.5,-226.75,0,Mph
830,-222.75,0,Mph
900.5,-209.75,0,Mph
816,-201.75,0,Mph
837.5,-186.75,0,Mph
924.5,-197.75,0,Mph
788.5,-142.75,0,Mph
680.5,-139.25,0,Mph
972.5,-119.75,0,Mph
818.5,-113.75,0,Mph
837.5,-101.75,0,Mph
934,-101.75,0,Mph
961.5,-71.75,0,Mph
795.5,-69.75,0,Mph
942,-64.75,0,Mph
810,-64.75,0,Mph
955.5,-41.75,0,Mph
811,-42.75,0,Mph
789.5,-42.75,0,Mph
714,-25.75,0,Mph
748,-38.25,0,Mph
823,-35.75,0,Mph
963.5,-17.25,0,Mph
838,-15.75,0,Mph
792,-5.25,0,Mph
815,-13.25,0,Mph
731,-8.75,0,Mph
767.5,-2.25,0,Mph
719.5,12.75,0,Mph
811,20.25,0,Mph
772,23.25,0,Mph
244.5,34.25,0,Mph
722.5,61.75,0,Mph
241,59.25,0,Mph
271,63.75,0,Mph
221.5,63.25,0,Mph
751,65.25,0,Mph
814.5,70.25,0,Mph
909,74.75,0,Mph
245,87.25,0,Mph
806.5,93.25,0,Mph
909,110.25,0,Mph
924,122.25,0,Mph
811,126.75,0,Mph
891.5,129.75,0,Mph
786.5,142.25,0,Mph
900.5,145.75,0,Mph
929.5,155.25,0,Mph
792,162.75,0,Mph
735.5,157.75,0,Mph
209.5,166.25,0,Mph
819,170.75,0,Mph
644,172.75,0,Mph
748.5,169.75,0,Mph
762.5,174.75,0,Mph
735.5,188.75,0,Mph
687,180.75,0,Mph
192.5,191.25,0,Mph
709.5,185.25,0,Mph
758,190.75,0,Mph
687,199.25,0,Mph
840,211.25,0,Mph
249.5,218.75,0,Mph
785.5,229.25,0,Mph
220.5,253.75,0,Mph
809.5,249.25,0,Mph
787.5,258.25,0,Mph
715,267.25,0,Mph
815.5,268.25,0,Mph
729.5,299.75,0,Mph
795.5,293.25,0,Mph
1008,-294.75,0,Mph
1672,-264.75,0,Mph
1691.5,-260.25,0,Mph
1669.5,-239.75,0,Mph
1706.5,-229.75,0,Mph
1777.5,-221.25,0,Mph
1052.5,-203.25,0,Mph
1656.5,-183.25,0,Mph
1756.5,-179.75,0,Mph
1681.5,-183.75,0,Mph
1729.5,-179.25,0,Mph
1772,-174.75,0,Mph
1687,-166.25,0,Mph
1732.5,-150.25,0,Mph
1777,-148.25,0,Mph
1682,-145.25,0,Mph
1081,-143.25,0,Mph
1060.5,-134.25,0,Mph
1676,-129.75,0,Mph
1776.5,-128.25,0,Mph
1755,-121.75,0,Mph
1659,-113.25,0,Mph
1743.5,-110.75,0,Mph
1654,-87.25,0,Mph
1670,-38.25,0,Mph
1040.5,-23.75,0,Mph
999,13.25,0,Mph
1001,37.75,0,Mph
1039,42.75,0,Mph
987.5,59.75,0,Mph
1020,54.25,0,Mph
1351,76.25,0,Mph
1652.5,95.25,0,Mph
1633,104.25,0,Mph
1650.5,128.25,0,Mph
1622,163.75,0,Mph
1219,274.75,0,Mph
1810,-301.25,0,Mph
1819,-273.75,0,Mph
1829.5,-256.25,0,Mph
1803,-248.75,0,Mph
1795,-213.25,0,Mph
1794,-159.75,0,Mph
1865.5,-118.75,0,Mph
1892.5,-108.25,0,Mph
1839.5,-98.75,0,Mph
-1293,410.75,0,Mph
-1252,416.25,0,Mph
-1236.5,434.75,0,Mph
-1257.5,450.25,0,Mph
-1322.5,455.25,0,Mph
-1239,461.75,0,Mph
-1252,481.25,0,Mph
-1295.5,486.75,0,Mph
-1329,487.75,0,Mph
-790.5,555.25,0,Mph
-1046.5,594.75,0,Mph
-744.5,592.75,0,Mph
-981.5,599.25,0,Mph
-1012.5,615.25,0,Mph
-864,609.25,0,Mph
-1108,608.25,0,Mph
-1082,606.25,0,Mph
-1060.5,611.25,0,Mph
-1097,626.25,0,Mph
-854.5,623.25,0,Mph
-1057.5,635.25,0,Mph
-1190,645.25,0,Mph
-1145.5,635.25,0,Mph
-817,636.75,0,Mph
-1164,641.75,0,Mph
-866.5,645.25,0,Mph
-786.5,660.75,0,Mph
-1165.5,662.25,0,Mph
-1057,658.75,0,Mph
-1239,671.75,0,Mph
-1179.5,673.75,0,Mph
-1079,677.75,0,Mph
-1152.5,691.25,0,Mph
-1014.5,696.25,0,Mph
-808,696.75,0,Mph
-1100.5,694.25,0,Mph
-1168,698.75,0,Mph
-1214,695.25,0,Mph
-1087.5,703.25,0,Mph
-1119,709.75,0,Mph
-1027,710.25,0,Mph
-1048,718.75,0,Mph
-1233,712.25,0,Mph
-1208.5,721.25,0,Mph
-1068,726.75,0,Mph
-1108,725.75,0,Mph
-1134.5,725.25,0,Mph
-1093,755.75,0,Mph
-1129,771.75,0,Mph
-1157.5,773.75,0,Mph
-1131,788.75,0,Mph
-775,894.25,0,Mph
-830,901.75,0,Mph
109.5,325.75,0,Mph
103.5,347.25,0,Mph
113.5,365.25,0,Mph
141,385.75,0,Mph
-4.5,553.25,0,Mph
5.5,566.75,0,Mph
-464.5,582.25,0,Mph
-544.5,581.25,0,Mph
-485,579.25,0,Mph
55,588.25,0,Mph
-439,602.25,0,Mph
-340,754.25,0,Mph
-358,757.25,0,Mph
-344.5,781.75,0,Mph
-356.5,797.75,0,Mph
830.5,366.25,0,Mph
918,393.25,0,Mph
932,415.25,0,Mph
940,433.25,0,Mph
810,449.75,0,Mph
929,460.75,0,Mph
912,450.25,0,Mph
934,490.75,0,Mph
848.5,503.75,0,Mph
928.5,506.25,0,Mph
945.5,519.25,0,Mph
770,513.75,0,Mph
854.5,524.75,0,Mph
896,517.25,0,Mph
815.5,522.75,0,Mph
238.5,533.75,0,Mph
271.5,542.25,0,Mph
866,549.75,0,Mph
837,555.75,0,Mph
800.5,566.75,0,Mph
981,575.75,0,Mph
969,589.75,0,Mph
823.5,594.25,0,Mph
247,598.75,0,Mph
949,597.25,0,Mph
189.5,600.25,0,Mph
278.5,618.25,0,Mph
951,622.75,0,Mph
870.5,651.25,0,Mph
815,654.25,0,Mph
737.5,666.25,0,Mph
958.5,660.25,0,Mph
774,689.75,0,Mph
967,686.25,0,Mph
971,703.25,0,Mph
223.5,709.25,0,Mph
970,722.25,0,Mph
206,721.75,0,Mph
812.5,737.25,0,Mph
868.5,761.75,0,Mph
835.5,757.75,0,Mph
798,758.25,0,Mph
841.5,778.75,0,Mph
822.5,793.25,0,Mph
798,798.75,0,Mph
847,797.75,0,Mph
890,816.75,0,Mph
815.5,816.75,0,Mph
898.5,836.75,0,Mph
979,840.75,0,Mph
819.5,837.75,0,Mph
775.5,844.25,0,Mph
907.5,855.75,0,Mph
848.5,867.75,0,Mph
793,871.25,0,Mph
873.5,874.25,0,Mph
860.5,888.75,0,Mph
813.5,889.75,0,Mph
972,890.75,0,Mph
967.5,903.25,0,Mph
814.5,911.25,0,Mph
837.5,910.75,0,Mph
778,920.25,0,Mph
765,942.25,0,Mph
767,961.25,0,Mph
949,966.25,0,Mph
978,981.25,0,Mph
784,986.25,0,Mph
913,997.75,0,Mph
942.5,998.75,0,Mph
945,1028.25,0,Mph
964,1036.25,0,Mph
939,1065.25,0,Mph
749,1080.25,0,Mph
774.5,1098.25,0,Mph
765,1112.75,0,Mph
1054.5,351.75,0,Mph
1079,351.25,0,Mph
1022,360.75,0,Mph
1070.5,379.25,0,Mph
1013.5,389.25,0,Mph
1049.5,387.75,0,Mph
1097,395.25,0,Mph
1093.5,414.75,0,Mph
1087.5,451.75,0,Mph
1058.5,485.75,0,Mph
1036,486.75,0,Mph
1084,510.75,0,Mph
1010,575.75,0,Mph
1454,595.25,0,Mph
1415.5,582.75,0,Mph
1430,608.25,0,Mph
1386,602.25,0,Mph
1384.5,622.75,0,Mph
1022,620.25,0,Mph
1051.5,622.25,0,Mph
1423.5,631.25,0,Mph
1367,647.75,0,Mph
1462.5,637.25,0,Mph
1407.5,642.75,0,Mph
984.5,652.75,0,Mph
1430.5,659.75,0,Mph
1380.5,669.25,0,Mph
1409,673.75,0,Mph
1390,684.25,0,Mph
995,689.75,0,Mph
1394,709.25,0,Mph
1333.5,705.75,0,Mph
1017,807.75,0,Mph
1052.5,826.25,0,Mph
987.5,892.25,0,Mph
-989,1197.75,0,Mph
-825.5,1524.25,0,Mph
-809.5,1563.25,0,Mph
-750.5,1566.25,0,Mph
-835.5,1580.75,0,Mph
-764.5,1598.75,0,Mph
-782.5,1603.75,0,Mph
-798,1608.25,0,Mph
-817,1617.75,0,Mph
-746.5,1612.75,0,Mph
-774.5,1627.75,0,Mph
-879,1627.25,0,Mph
-845,1628.25,0,Mph
-719.5,1639.75,0,Mph
-843,1647.75,0,Mph
-804,1664.75,0,Mph
-846,1663.25,0,Mph
-759,1669.25,0,Mph
-820.5,1705.75,0,Mph
-821,1725.75,0,Mph
-863,1728.75,0,Mph
-776.5,1735.25,0,Mph
-791.5,1765.75,0,Mph
-806.5,1801.25,0,Mph
-145.5,1243.25,0,Mph
-481,1264.25,0,Mph
-543,1422.75,0,Mph
774.5,1152.25,0,Mph
754.5,1184.75,0,Mph
904.5,1183.25,0,Mph
934.5,1232.75,0,Mph
807.5,1259.75,0,Mph
847.5,1255.25,0,Mph
765.5,1272.25,0,Mph
820.5,1267.25,0,Mph
834.5,1278.75,0,Mph
860.5,1279.25,0,Mph
802.5,1290.75,0,Mph
776.5,1297.25,0,Mph
820,1311.25,0,Mph
837,1326.75,0,Mph
724,1336.25,0,Mph
825,1342.75,0,Mph
740.5,1343.75,0,Mph
796,1346.75,0,Mph
768,1357.75,0,Mph
805,1362.75,0,Mph
966,1363.75,0,Mph
712.5,1365.25,0,Mph
733,1366.75,0,Mph
779.5,1370.25,0,Mph
918,1380.75,0,Mph
775,1396.75,0,Mph
741,1395.25,0,Mph
731,1409.25,0,Mph
750.5,1415.75,0,Mph
938.5,1455.25,0,Mph
980,1476.75,0,Mph
729.5,1520.25,0,Mph
902,1519.75,0,Mph
902.5,1543.25,0,Mph
892.5,1562.25,0,Mph
917,1567.25,0,Mph
719,1577.75,0,Mph
874.5,1579.75,0,Mph
900.5,1590.25,0,Mph
827,1587.75,0,Mph
847.5,1592.75,0,Mph
848.5,1611.75,0,Mph
853,1626.75,0,Mph
868.5,1635.25,0,Mph
778.5,1686.25,0,Mph
853.5,1684.25,0,Mph
760,1698.75,0,Mph
831,1702.25,0,Mph
767,1725.25,0,Mph
785,1769.75,0,Mph
757,1776.75,0,Mph
805,1780.75,0,Mph
789,1794.75,0,Mph
781.5,1829.25,0,Mph
794.5,1842.75,0,Mph
704.5,1867.75,0,Mph
806.5,1868.75,0,Mph
724,1877.25,0,Mph
637.5,1878.25,0,Mph
748.5,1889.25,0,Mph
776.5,1890.75,0,Mph
629,1891.75,0,Mph
681.5,1895.75,0,Mph
702.5,1901.25,0,Mph
651.5,1903.25,0,Mph
798,1903.75,0,Mph
582,1916.25,0,Mph
621.5,1915.75,0,Mph
802.5,1920.25,0,Mph
671.5,1920.75,0,Mph
774.5,1924.75,0,Mph
1213,1178.25,0,Mph
1189.5,1187.75,0,Mph
997,1207.25,0,Mph
1198.5,1216.25,0,Mph
996,1239.75,0,Mph
1004,1344.75,0,Mph
984,1369.25,0,Mph
1046,1392.75,0,Mph
1033.5,1415.75,0,Mph
1027.5,1439.75,0,Mph
1003,1468.25,0,Mph
1309.5,1848.25,0,Mph
1461,1843.75,0,Mph
1511,1853.75,0,Mph
-376,1959.25,0,Mph
-399,2014.25,0,Mph
174,2012.75,0,Mph
78.5,2021.25,0,Mph
42,2042.25,0,Mph
98,2084.75,0,Mph
162.5,2112.75,0,Mph
-418,2116.75,0,Mph
-132,2119.25,0,Mph
166.5,2142.25,0,Mph
-338,2204.25,0,Mph
124.5,2212.75,0,Mph
162,2236.75,0,Mph
140,2236.75,0,Mph
538.5,1931.75,0,Mph
788,1937.25,0,Mph
606,1957.75,0,Mph
534.5,1967.25,0,Mph
643,1971.75,0,Mph
687,1965.75,0,Mph
686,1988.75,0,Mph
531.5,2001.25,0,Mph
597,2008.75,0,Mph
623.5,2007.75,0,Mph
601,2033.25,0,Mph
621,2034.75,0,Mph
647.5,2043.75,0,Mph
670.5,2037.25,0,Mph
479,2039.25,0,Mph
708,2048.75,0,Mph
503,2051.25,0,Mph
382.5,2054.25,0,Mph
592.5,2049.75,0,Mph
613.5,2057.25,0,Mph
585.5,2065.25,0,Mph
505,2078.75,0,Mph
684,2072.25,0,Mph
648,2071.25,0,Mph
665.5,2082.25,0,Mph
271.5,2087.25,0,Mph
487,2092.25,0,Mph
564.5,2089.75,0,Mph
191.5,2091.25,0,Mph
418.5,2096.75,0,Mph
632,2111.75,0,Mph
273,2116.25,0,Mph
423,2115.25,0,Mph
315,2128.25,0,Mph
532.5,2125.25,0,Mph
252,2127.25,0,Mph
445,2135.25,0,Mph
646,2133.75,0,Mph
530,2141.75,0,Mph
197.5,2152.75,0,Mph
559,2169.25,0,Mph
844.5,2175.25,0,Mph
204,2175.75,0,Mph
498.5,2182.25,0,Mph
265.5,2186.75,0,Mph
199.5,2199.25,0,Mph
213,2222.25,0,Mph
193.5,2243.75,0,Mph
216,2245.25,0,Mph
301.5,2262.75,0,Mph
246.5,2263.25,0,Mph
834,2265.75,0,Mph
809.5,2266.75,0,Mph
273.5,2267.75,0,Mph
212,2274.25,0,Mph
863,2273.75,0,Mph
226.5,2284.75,0,Mph
271,2290.25,0,Mph
300,2316.75,0,Mph
314.5,2326.75,0,Mph
231.5,2313.75,0,Mph
214.5,2324.75,0,Mph
241.5,2335.75,0,Mph
281.5,2339.25,0,Mph
858,2341.75,0,Mph
796,2356.25,0,Mph
213,2367.75,0,Mph
276,2373.25,0,Mph
247,2373.75,0,Mph
224,2392.25,0,Mph
246,2402.75,0,Mph
275,2398.25,0,Mph
920,2402.75,0,Mph
354,2429.25,0,Mph
184,2422.25,0,Mph
237.5,2464.75,0,Mph
342,2474.75,0,Mph
372.5,2482.25,0,Mph
329.5,2492.25,0,Mph
217,2505.25,0,Mph
313.5,2507.25,0,Mph
317.5,2531.25,0,Mph
449,2627.25,0,Mph
767.5,2631.25,0,Mph
515,2648.75,0,Mph
452,2650.25,0,Mph
434.5,2660.25,0,Mph
330,2664.75,0,Mph
409.5,2678.75,0,Mph
443,2678.25,0,Mph
388.5,2691.75,0,Mph
434,2699.75,0,Mph
447,2704.25,0,Mph
454.5,2721.25,0,Mph
1142,2370.25,0,Mph
1121,2448.75,0,Mph
1158,2456.75,0,Mph
1151.5,2506.25,0,Mph
1792,2689.75,0,Mph
1813.5,2683.75,0,Mph
-476,2885.75,0,Mph
72,3158.25,0,Mph
-4,3183.25,0,Mph
47.5,3173.75,0,Mph
34,3181.75,0,Mph
49,3204.25,0,Mph
72,3207.75,0,Mph
33,3222.25,0,Mph
126,3226.25,0,Mph
70,3232.75,0,Mph
16.5,3251.75,0,Mph
74,3254.25,0,Mph
96.5,3264.25,0,Mph
136.5,3274.25,0,Mph
104,3285.75,0,Mph
72.5,3295.25,0,Mph
117,3371.75,0,Mph
101.5,3426.75,0,Mph
-67.5,3469.25,0,Mph
-80.5,3513.25,0,Mph
412.5,2741.25,0,Mph
345,2735.75,0,Mph
348.5,2755.75,0,Mph
387,2778.75,0,Mph
346.5,2787.75,0,Mph
340,2817.25,0,Mph
653.5,2815.25,0,Mph
371,2835.25,0,Mph
654,2843.25,0,Mph
334,2857.25,0,Mph
312,2872.75,0,Mph
285.5,2900.75,0,Mph
183,2898.25,0,Mph
419.5,2952.25,0,Mph
930.5,2960.25,0,Mph
960,2971.75,0,Mph
977,2978.25,0,Mph
833,3022.25,0,Mph
873,3039.75,0,Mph
721,3333.25,0,Mph
217,3345.75,0,Mph
224,3374.75,0,Mph
1036,2729.25,0,Mph
1392.5,3193.25,0,Mph
1393,3219.75,0,Mph
153.5,3525.25,0,Mph
92,3570.75,0,Mph
98.5,3610.75,0,Mph
-69,3697.75,0,Mph
178.5,3794.25,0,Mph
195.5,3617.75,0,Mph
222,3662.75,0,Mph
451,3720.75,0,Mph
307,3731.75,0,Mph
363,3742.75,0,Mph
323.5,3744.25,0,Mph
206.5,3755.25,0,Mph
443,3758.25,0,Mph
267.5,3772.75,0,Mph
429,3778.25,0,Mph
550,3797.75,0,Mph
348.5,3841.75,0,Mph
495,3852.25,0,Mph
280.5,3862.75,0,Mph
393.5,3889.75,0,Mph
313.5,3898.25,0,Mph
