x,y,z,type
-1090.5,-2433.75,0,Tcell
-1264.5,-2346.25,0,Tcell
-2611.5,-1777.75,0,Tcell
-2727.5,-1662.25,0,Tcell
-2874,-1583.25,0,Tcell
-2770,-1575.75,0,Tcell
-3154,-1516.25,0,Tcell
-3317.5,-1432.25,0,Tcell
-3298.5,-1365.25,0,Tcell
-3335,-1358.75,0,Tcell
-3355,-1319.25,0,Tcell
-3405,-1285.25,0,Tcell
-3279.5,-1282.75,0,Tcell
-3441.5,-1279.25,0,Tcell
-3455.5,-1264.25,0,Tcell
-3416,-1267.75,0,Tcell
-3445,-1239.75,0,Tcell
-3467,-1225.25,0,Tcell
-3457.5,-1220.25,0,Tcell
-3499,-1210.75,0,Tcell
-3475,-1213.75,0,Tcell
-3530,-1204.25,0,Tcell
-3490,-1191.75,0,Tcell
-3496,-1168.75,0,Tcell
-3520.5,-1168.75,0,Tcell
-3549,-1148.25,0,Tcell
-3514.5,-1153.75,0,Tcell
-3558.5,-1123.25,0,Tcell
-3613,-1044.75,0,Tcell
-3659,-1027.75,0,Tcell
-3755,-893.75,0,Tcell
-3789.5,-829.75,0,Tcell
-3799.5,-812.75,0,Tcell
-3773,-771.75,0,Tcell
-3224.5,-766.75,0,Tcell
-3923.5,-764.25,0,Tcell
-3316.5,-740.75,0,Tcell
-3393,-707.25,0,Tcell
-3215,-696.75,0,Tcell
-3413,-698.25,0,Tcell
-3354.5,-678.25,0,Tcell
-3204,-640.25,0,Tcell
-3527,-628.75,0,Tcell
-3440,-625.25,0,Tcell
-2969.5,-1335.75,0,Tcell
-2740,-1298.25,0,Tcell
-2511,-1261.75,0,Tcell
-3144.5,-1259.25,0,Tcell
-2485,-1195.25,0,Tcell
-2627.5,-1186.75,0,Tcell
-2600,-1172.25,0,Tcell
-2530,-1169.75,0,Tcell
-2724,-809.75,0,Tcell
-3013,-784.25,0,Tcell
-3033,-783.25,0,Tcell
-3054,-778.25,0,Tcell
-3153.5,-754.75,0,Tcell
-3025.5,-759.75,0,Tcell
-3185.5,-747.75,0,Tcell
-3048,-740.25,0,Tcell
-3018,-734.25,0,Tcell
-3070.5,-734.25,0,Tcell
-2955.5,-721.75,0,Tcell
-3065.5,-714.75,0,Tcell
-2987,-719.25,0,Tcell
-3038,-714.25,0,Tcell
-3015.5,-714.75,0,Tcell
-3193.5,-704.25,0,Tcell
-2992.5,-706.75,0,Tcell
-2968.5,-697.75,0,Tcell
-3155,-697.75,0,Tcell
-3172.5,-692.25,0,Tcell
-3096,-690.25,0,Tcell
-3003.5,-692.25,0,Tcell
-3054,-686.25,0,Tcell
-3124.5,-683.25,0,Tcell
-2986.5,-684.25,0,Tcell
-3183,-663.75,0,Tcell
-3166.5,-667.25,0,Tcell
-3105.5,-668.25,0,Tcell
-3025.5,-659.75,0,Tcell
-3148,-654.75,0,Tcell
-3130,-656.75,0,Tcell
-2988.5,-651.75,0,Tcell
-3180.5,-639.25,0,Tcell
-313.5,-2462.75,0,Tcell
-352.5,-2457.25,0,Tcell
-114,-2365.25,0,Tcell
735,-2712.25,0,Tcell
-1242.5,-1676.25,0,Tcell
-1409.5,-1579.25,0,Tcell
-1148.5,-1488.75,0,Tcell
-978.5,-1405.75,0,Tcell
-989,-1397.25,0,Tcell
-983,-1382.75,0,Tcell
-1003.5,-1352.75,0,Tcell
-2345,-861.25,0,Tcell
-2372.5,-856.75,0,Tcell
-1933,-578.75,0,Tcell
-2044.5,-2122.75,0,Tcell
-1031.5,-1311.75,0,Tcell
-970.5,-1305.75,0,Tcell
-912,-1258.75,0,Tcell
-983,-1246.25,0,Tcell
-1049.5,-1233.75,0,Tcell
-1015.5,-1212.25,0,Tcell
-1013,-1122.75,0,Tcell
-1133,-1077.75,0,Tcell
-970,-1070.25,0,Tcell
-1176.5,-855.75,0,Tcell
-1114.5,-797.75,0,Tcell
-1560,-604.25,0,Tcell
-297.5,-1917.25,0,Tcell
-796,-1143.25,0,Tcell
-789.5,-1134.75,0,Tcell
-624.5,-995.75,0,Tcell
-599.5,-992.25,0,Tcell
-592.5,-980.25,0,Tcell
-596,-959.75,0,Tcell
-394.5,-908.75,0,Tcell
-405,-900.25,0,Tcell
-683,-746.25,0,Tcell
-715.5,-686.75,0,Tcell
-618,-686.75,0,Tcell
-639,-582.75,0,Tcell
-463.5,-563.25,0,Tcell
-394.5,-553.25,0,Tcell
2346.5,-788.75,0,Tcell
2354,-726.75,0,Tcell
2507.5,-670.25,0,Tcell
2647.5,-662.25,0,Tcell
2462.5,-584.75,0,Tcell
-3053,-327.25,0,Tcell
-2836.5,-38.75,0,Tcell
-2545.5,130.75,0,Tcell
-1795.5,-525.25,0,Tcell
-1751.5,-512.75,0,Tcell
-1860.5,-263.75,0,Tcell
-1881.5,-232.25,0,Tcell
-1908,-206.75,0,Tcell
-2355.5,135.75,0,Tcell
-427,-428.25,0,Tcell
-380,-400.25,0,Tcell
-359.5,-395.25,0,Tcell
-477.5,-393.75,0,Tcell
-369,-382.25,0,Tcell
-391.5,-339.75,0,Tcell
459,-535.75,0,Tcell
659.5,-341.75,0,Tcell
2641,130.75,0,Tcell
2705.5,230.25,0,Tcell
-2294.5,350.75,0,Tcell
-2304,384.25,0,Tcell
-1723.5,581.25,0,Tcell
-1860.5,935.75,0,Tcell
-1766.5,960.75,0,Tcell
-1556,904.75,0,Tcell
-656,342.25,0,Tcell
-700,380.25,0,Tcell
-641,440.75,0,Tcell
-646.5,456.75,0,Tcell
-53.5,744.25,0,Tcell
-100,772.75,0,Tcell
428,455.25,0,Tcell
216,535.25,0,Tcell
262,534.25,0,Tcell
55.5,660.75,0,Tcell
58.5,676.25,0,Tcell
260,709.75,0,Tcell
337.5,721.25,0,Tcell
226,753.75,0,Tcell
202,750.75,0,Tcell
239.5,761.75,0,Tcell
269,759.25,0,Tcell
103.5,806.25,0,Tcell
1143.5,945.75,0,Tcell
2260,362.75,0,Tcell
2319,429.75,0,Tcell
2390.5,625.75,0,Tcell
1889.5,657.75,0,Tcell
1719,804.75,0,Tcell
2556.5,505.25,0,Tcell
2928.5,514.25,0,Tcell
2960.5,544.25,0,Tcell
2993.5,706.25,0,Tcell
-1801,1117.25,0,Tcell
-1236.5,1699.25,0,Tcell
-158,1731.25,0,Tcell
-597.5,1828.25,0,Tcell
1616.5,1115.25,0,Tcell
3063.5,1262.75,0,Tcell
2723.5,1568.75,0,Tcell
3062.5,1573.25,0,Tcell
3007.5,1597.25,0,Tcell
3167.5,1640.25,0,Tcell
2730,1799.75,0,Tcell
3228.5,1242.25,0,Tcell
3317.5,1258.25,0,Tcell
3328,1301.75,0,Tcell
3517.5,1407.75,0,Tcell
3300,1765.25,0,Tcell
3319,1830.25,0,Tcell
3290.5,1830.75,0,Tcell
-1062,1890.25,0,Tcell
-1053.5,1907.75,0,Tcell
-841,1939.25,0,Tcell
-575.5,1872.25,0,Tcell
-380,1925.25,0,Tcell
2096.5,2115.25,0,Tcell
3187,1944.75,0,Tcell
3046,2042.25,0,Tcell
2947,2076.25,0,Tcell
2869,2089.75,0,Tcell
3169.5,2193.25,0,Tcell
2721,2271.75,0,Tcell
3125.5,2306.25,0,Tcell
2487,2407.75,0,Tcell
2937,2496.25,0,Tcell
2735.5,2555.75,0,Tcell
2716.5,2601.75,0,Tcell
3503,2053.25,0,Tcell
3247,2083.25,0,Tcell
3508.5,2135.75,0,Tcell
3258.5,2253.75,0,Tcell
3243.5,2256.75,0,Tcell
3272,2358.25,0,Tcell
3260.5,2405.25,0,Tcell
1011.5,2818.75,0,Tcell
1817.5,2819.25,0,Tcell
1889,2837.25,0,Tcell
1728.5,3134.75,0,Tcell
1969,3157.75,0,Tcell
1954.5,3164.25,0,Tcell
2901,2998.25,0,Tcell
2614,3563.75,0,Tcell
-1262.5,-2155.75,0,Tcell
-3081.5,-1627.75,0,Tcell
-3063.5,-1625.75,0,Tcell
-3092.5,-1618.75,0,Tcell
-3148,-1549.75,0,Tcell
-2671.5,-1543.75,0,Tcell
-2625,-1500.25,0,Tcell
-3003,-1381.75,0,Tcell
-3217,-1351.75,0,Tcell
-3360.5,-1303.25,0,Tcell
-3211.5,-1283.75,0,Tcell
-3333,-1197.75,0,Tcell
-3467.5,-1191.75,0,Tcell
-3385.5,-1183.75,0,Tcell
-3319,-1173.75,0,Tcell
-3407,-1170.75,0,Tcell
-3486.5,-1137.75,0,Tcell
-3344.5,-1139.75,0,Tcell
-3404,-1127.75,0,Tcell
-3467,-1115.75,0,Tcell
-3416.5,-1113.25,0,Tcell
-3409,-1099.75,0,Tcell
-3410,-1086.75,0,Tcell
-3268,-1058.75,0,Tcell
-3389,-1063.75,0,Tcell
-3464,-1048.75,0,Tcell
-3374.5,-1040.25,0,Tcell
-3449,-1015.25,0,Tcell
-3421.5,-1008.25,0,Tcell
-3518.5,-994.75,0,Tcell
-3595,-967.25,0,Tcell
-3265,-944.75,0,Tcell
-3379,-930.75,0,Tcell
-3549.5,-924.75,0,Tcell
-3272,-930.75,0,Tcell
-3432.5,-923.25,0,Tcell
-3415.5,-905.75,0,Tcell
-3350,-860.75,0,Tcell
-3752.5,-859.25,0,Tcell
-3376.5,-860.25,0,Tcell
-3487.5,-844.25,0,Tcell
-3642,-844.25,0,Tcell
-3402.5,-836.25,0,Tcell
-3460.5,-820.75,0,Tcell
-3378.5,-769.25,0,Tcell
-3515.5,-761.25,0,Tcell
-3428,-758.75,0,Tcell
-3387,-750.75,0,Tcell
-3204.5,-753.75,0,Tcell
-3575,-748.25,0,Tcell
-3340,-746.25,0,Tcell
-3295.5,-739.75,0,Tcell
-3285,-727.25,0,Tcell
-3258,-709.25,0,Tcell
-3477.5,-712.25,0,Tcell
-3355.5,-663.75,0,Tcell
-3404,-657.25,0,Tcell
-3393.5,-650.25,0,Tcell
-3230.5,-630.75,0,Tcell
-2805.5,-1325.75,0,Tcell
-2899,-1294.75,0,Tcell
-2657,-1269.25,0,Tcell
-2591.5,-1259.25,0,Tcell
-2728,-1209.25,0,Tcell
-2720.5,-1195.75,0,Tcell
-2685,-1188.75,0,Tcell
-2705.5,-1184.25,0,Tcell
-2840.5,-1183.75,0,Tcell
-2733.5,-1111.25,0,Tcell
-3123.5,-1101.75,0,Tcell
-2829.5,-1098.25,0,Tcell
-2771,-1072.25,0,Tcell
-2813.5,-1056.75,0,Tcell
-2804.5,-1046.25,0,Tcell
-3037.5,-1023.25,0,Tcell
-3102,-1009.75,0,Tcell
-2706,-1010.75,0,Tcell
-2430.5,-996.25,0,Tcell
-3131.5,-979.75,0,Tcell
-2910.5,-971.75,0,Tcell
-2893.5,-961.25,0,Tcell
-3187,-956.25,0,Tcell
-3196.5,-943.75,0,Tcell
-2905.5,-941.25,0,Tcell
-3155,-941.25,0,Tcell
-2934.5,-934.25,0,Tcell
-3036,-927.75,0,Tcell
-3021.5,-918.25,0,Tcell
-3180.5,-915.75,0,Tcell
-2893.5,-874.75,0,Tcell
-2956.5,-833.25,0,Tcell
-2921,-784.75,0,Tcell
-2922,-764.25,0,Tcell
-2671,-735.75,0,Tcell
-2880,-711.75,0,Tcell
-2724,-642.25,0,Tcell
-2699,-635.25,0,Tcell
-2964.5,-619.25,0,Tcell
-3047.5,-557.25,0,Tcell
798.5,-2737.25,0,Tcell
799,-2212.25,0,Tcell
-335,-2554.25,0,Tcell
-162.5,-2363.25,0,Tcell
-136.5,-2276.75,0,Tcell
2234.5,-2541.25,0,Tcell
624.5,-2740.25,0,Tcell
717,-2724.25,0,Tcell
546.5,-2587.25,0,Tcell
-1167.5,-1811.75,0,Tcell
-1332,-1740.25,0,Tcell
-1225.5,-1683.75,0,Tcell
-1080,-1609.25,0,Tcell
-1685,-1270.75,0,Tcell
-2017,-750.75,0,Tcell
-1633,-660.75,0,Tcell
-2369.5,-561.25,0,Tcell
-1009.5,-1194.25,0,Tcell
-946,-1172.25,0,Tcell
-911.5,-1162.25,0,Tcell
-1017,-1161.75,0,Tcell
-1121,-1153.75,0,Tcell
-992,-1153.25,0,Tcell
-1025,-1150.75,0,Tcell
-1007.5,-1137.25,0,Tcell
-1022,-1135.25,0,Tcell
-910,-1106.75,0,Tcell
-1385.5,-995.75,0,Tcell
-1276,-958.25,0,Tcell
-1005,-951.75,0,Tcell
-826.5,-946.25,0,Tcell
-833,-902.75,0,Tcell
-1127,-899.75,0,Tcell
-898,-777.25,0,Tcell
-1036,-759.25,0,Tcell
-1066.5,-597.75,0,Tcell
-631,-2035.25,0,Tcell
-169.5,-1935.25,0,Tcell
-455.5,-1628.75,0,Tcell
1151.5,-2126.75,0,Tcell
1376,-1820.25,0,Tcell
1365,-1429.75,0,Tcell
767.5,-1358.75,0,Tcell
-250,-988.75,0,Tcell
-626,-961.75,0,Tcell
-593,-915.25,0,Tcell
-687,-767.25,0,Tcell
-568,-725.75,0,Tcell
-153,-701.75,0,Tcell
-35,-683.75,0,Tcell
-353.5,-668.75,0,Tcell
-580,-587.75,0,Tcell
522.5,-585.25,0,Tcell
91,-574.25,0,Tcell
1986,-1277.75,0,Tcell
2296.5,-1128.75,0,Tcell
2333,-1085.25,0,Tcell
2312.5,-1086.75,0,Tcell
2272,-574.25,0,Tcell
2625.5,-1293.75,0,Tcell
3168.5,-1068.75,0,Tcell
2704,-953.25,0,Tcell
2893,-919.25,0,Tcell
2972.5,-855.75,0,Tcell
2435,-620.75,0,Tcell
3200,-761.75,0,Tcell
3243.5,-743.25,0,Tcell
-2873.5,-545.25,0,Tcell
-3050.5,-533.25,0,Tcell
-2608.5,2.25,0,Tcell
-2608.5,15.75,0,Tcell
-2407.5,30.75,0,Tcell
-2692.5,61.75,0,Tcell
-2442,103.25,0,Tcell
-1678.5,-515.75,0,Tcell
-1866.5,-399.25,0,Tcell
-1938,-390.75,0,Tcell
-1703.5,-339.25,0,Tcell
-1761,-326.75,0,Tcell
-1858,-288.25,0,Tcell
-1859.5,-275.25,0,Tcell
-1914.5,-68.75,0,Tcell
-2260.5,-15.75,0,Tcell
-2177.5,26.75,0,Tcell
-1144,-407.25,0,Tcell
-1032,-283.25,0,Tcell
-7,-487.75,0,Tcell
-302.5,-483.25,0,Tcell
-86.5,-406.75,0,Tcell
-599.5,-367.25,0,Tcell
-135.5,-127.25,0,Tcell
-226.5,19.75,0,Tcell
-167,204.25,0,Tcell
333.5,-443.25,0,Tcell
160,-423.75,0,Tcell
4.5,-375.75,0,Tcell
160.5,-324.25,0,Tcell
338.5,-255.75,0,Tcell
207.5,-236.25,0,Tcell
778,-227.75,0,Tcell
665.5,-218.25,0,Tcell
584.5,-150.75,0,Tcell
78,-37.25,0,Tcell
484.5,57.75,0,Tcell
1964,-375.25,0,Tcell
2234.5,117.75,0,Tcell
2655.5,170.75,0,Tcell
2831,246.25,0,Tcell
-2223.5,280.25,0,Tcell
-2279.5,525.75,0,Tcell
-1971.5,539.75,0,Tcell
-1897,550.25,0,Tcell
-2272,571.75,0,Tcell
-1935,581.25,0,Tcell
-2036,612.75,0,Tcell
-2062,620.75,0,Tcell
-2101,632.25,0,Tcell
-1989.5,641.75,0,Tcell
-1824.5,685.25,0,Tcell
-1920.5,768.75,0,Tcell
-1618.5,864.25,0,Tcell
-1632.5,888.25,0,Tcell
-1492.5,809.25,0,Tcell
-1579,819.25,0,Tcell
-1597,930.25,0,Tcell
-1575.5,957.75,0,Tcell
-1433,1034.75,0,Tcell
-616.5,353.75,0,Tcell
-448,965.25,0,Tcell
310,425.75,0,Tcell
112.5,566.25,0,Tcell
515.5,617.25,0,Tcell
182,698.25,0,Tcell
348.5,711.25,0,Tcell
135.5,723.75,0,Tcell
60.5,840.25,0,Tcell
1028.5,644.25,0,Tcell
1194,746.25,0,Tcell
1032.5,792.25,0,Tcell
1238,873.75,0,Tcell
1221.5,882.25,0,Tcell
1133,921.25,0,Tcell
1181.5,1013.25,0,Tcell
1135,1048.25,0,Tcell
2263,309.25,0,Tcell
2363,343.75,0,Tcell
2363,396.25,0,Tcell
1848,413.25,0,Tcell
1953,495.75,0,Tcell
2284,529.75,0,Tcell
2177,541.75,0,Tcell
2156.5,543.25,0,Tcell
2358.5,628.25,0,Tcell
1998,654.25,0,Tcell
2158,699.25,0,Tcell
1614,774.25,0,Tcell
1700,858.25,0,Tcell
2415,269.25,0,Tcell
2480,275.25,0,Tcell
2558.5,294.25,0,Tcell
2788.5,434.25,0,Tcell
2418,487.75,0,Tcell
2518,501.75,0,Tcell
3012.5,502.75,0,Tcell
2602,568.75,0,Tcell
2466.5,576.75,0,Tcell
2581.5,585.25,0,Tcell
2753.5,585.75,0,Tcell
2523.5,591.25,0,Tcell
2708.5,588.75,0,Tcell
2507.5,600.75,0,Tcell
2556.5,619.75,0,Tcell
2573,625.75,0,Tcell
2679.5,631.75,0,Tcell
2549.5,649.75,0,Tcell
2639.5,660.75,0,Tcell
2553,680.25,0,Tcell
2593.5,685.25,0,Tcell
2607.5,682.25,0,Tcell
2622,687.75,0,Tcell
2648.5,688.25,0,Tcell
2605,723.25,0,Tcell
2751,826.75,0,Tcell
2724.5,836.75,0,Tcell
2926,857.25,0,Tcell
3086,890.25,0,Tcell
3036.5,1018.25,0,Tcell
3845.5,792.75,0,Tcell
-1109,1803.25,0,Tcell
-1091.5,1831.25,0,Tcell
-1084.5,1849.75,0,Tcell
-937,1842.25,0,Tcell
-102.5,1135.25,0,Tcell
-139.5,1342.25,0,Tcell
-549,1546.25,0,Tcell
-111,1596.75,0,Tcell
-235.5,1630.75,0,Tcell
-446.5,1630.75,0,Tcell
-471,1689.75,0,Tcell
-107,1721.25,0,Tcell
-232.5,1728.75,0,Tcell
621.5,1774.75,0,Tcell
1175,1052.75,0,Tcell
1136.5,1050.25,0,Tcell
1544,1055.25,0,Tcell
1541.5,1136.75,0,Tcell
1535,1174.25,0,Tcell
1390,1179.75,0,Tcell
1490.5,1267.75,0,Tcell
1533.5,1395.75,0,Tcell
1359.5,1430.75,0,Tcell
1337,1745.75,0,Tcell
1750.5,1094.25,0,Tcell
2392.5,1351.75,0,Tcell
2635,1271.75,0,Tcell
2644.5,1283.75,0,Tcell
2704,1378.25,0,Tcell
2477.5,1468.75,0,Tcell
2769,1476.25,0,Tcell
2762,1503.75,0,Tcell
2680.5,1665.75,0,Tcell
3143,1809.25,0,Tcell
3240,1121.25,0,Tcell
3749,1336.75,0,Tcell
3780,1342.25,0,Tcell
3758.5,1564.75,0,Tcell
-409.5,1900.25,0,Tcell
-386,1936.75,0,Tcell
267,2375.25,0,Tcell
303.5,2476.25,0,Tcell
1570,2078.25,0,Tcell
1205.5,2141.25,0,Tcell
1234,2268.75,0,Tcell
1094.5,2363.25,0,Tcell
1262,2533.25,0,Tcell
1245,2625.25,0,Tcell
2059.5,2101.25,0,Tcell
1916.5,2102.25,0,Tcell
1772.5,2145.75,0,Tcell
2145.5,2260.25,0,Tcell
1830,2288.75,0,Tcell
1709.5,2459.25,0,Tcell
2055,2512.75,0,Tcell
1640,2636.25,0,Tcell
1808,2640.75,0,Tcell
3157,1886.25,0,Tcell
3074,1957.75,0,Tcell
2819.5,1973.75,0,Tcell
2661.5,1993.25,0,Tcell
3116.5,2084.25,0,Tcell
3072,2177.75,0,Tcell
2916,2184.25,0,Tcell
2613,2196.25,0,Tcell
3047.5,2425.25,0,Tcell
2594.5,2441.75,0,Tcell
3106.5,2568.75,0,Tcell
3351,2147.75,0,Tcell
3368.5,2171.75,0,Tcell
3341.5,2316.25,0,Tcell
3328.5,2320.25,0,Tcell
3415,2365.75,0,Tcell
3479.5,2578.75,0,Tcell
3400.5,2612.25,0,Tcell
1188,2763.75,0,Tcell
1501.5,2887.75,0,Tcell
1618,2769.25,0,Tcell
1745.5,2831.75,0,Tcell
1694.5,2867.75,0,Tcell
2329,2888.25,0,Tcell
2001.5,3112.25,0,Tcell
2276.5,3435.25,0,Tcell
2915,2650.75,0,Tcell
2794.5,2730.25,0,Tcell
3050.5,2756.75,0,Tcell
2516,3308.75,0,Tcell
2513.5,3336.25,0,Tcell
2275,3538.75,0,Tcell
2393.5,3568.25,0,Tcell
1299,-2940.25,0,TU
1186,-2930.75,0,TU
1078,-2925.75,0,TU
1101,-2923.25,0,TU
1304.5,-2923.25,0,TU
996.5,-2917.25,0,TU
975.5,-2916.25,0,TU
1473,-2915.75,0,TU
1349.5,-2915.25,0,TU
959,-2909.75,0,TU
1079,-2906.25,0,TU
1280,-2901.75,0,TU
1468,-2901.25,0,TU
856,-2900.75,0,TU
1532.5,-2899.75,0,TU
1318,-2897.75,0,TU
783.5,-2896.25,0,TU
1136,-2896.25,0,TU
1331,-2895.75,0,TU
1091.5,-2894.25,0,TU
1161,-2891.25,0,TU
1619.5,-2891.25,0,TU
1269,-2887.75,0,TU
1011.5,-2886.25,0,TU
1350,-2883.25,0,TU
1335.5,-2881.25,0,TU
1303,-2880.25,0,TU
1649,-2880.25,0,TU
1286,-2878.75,0,TU
1632.5,-2877.75,0,TU
1045,-2877.25,0,TU
1204,-2877.25,0,TU
760.5,-2876.75,0,TU
1706,-2875.25,0,TU
698,-2874.25,0,TU
1241.5,-2869.75,0,TU
1653,-2866.75,0,TU
638.5,-2866.25,0,TU
1599,-2865.25,0,TU
824,-2862.75,0,TU
864.5,-2862.75,0,TU
1312,-2862.75,0,TU
1427,-2861.25,0,TU
624.5,-2860.25,0,TU
1033.5,-2860.25,0,TU
1621.5,-2858.25,0,TU
1538.5,-2857.75,0,TU
1110,-2854.75,0,TU
1714.5,-2853.75,0,TU
745,-2852.75,0,TU
1669.5,-2852.75,0,TU
600,-2852.25,0,TU
1169.5,-2851.25,0,TU
801.5,-2850.75,0,TU
1391,-2849.25,0,TU
972,-2847.75,0,TU
1457.5,-2847.25,0,TU
729,-2843.75,0,TU
1518,-2843.25,0,TU
1607.5,-2839.75,0,TU
1095,-2838.75,0,TU
626.5,-2837.25,0,TU
1532.5,-2834.75,0,TU
1267,-2834.25,0,TU
1373.5,-2833.75,0,TU
522.5,-2833.25,0,TU
1083,-2831.25,0,TU
691,-2830.25,0,TU
1874.5,-2827.25,0,TU
1416.5,-2826.75,0,TU
1044.5,-2825.25,0,TU
1147,-2825.25,0,TU
1943.5,-2823.75,0,TU
1691,-2822.25,0,TU
1902.5,-2821.25,0,TU
1576,-2820.75,0,TU
938.5,-2819.75,0,TU
994,-2819.75,0,TU
1169.5,-2819.75,0,TU
1802.5,-2816.25,0,TU
1114.5,-2815.75,0,TU
640.5,-2814.75,0,TU
1214,-2813.25,0,TU
1472.5,-2812.25,0,TU
665.5,-2810.25,0,TU
304,-2803.75,0,TU
1802,-2803.75,0,TU
860,-2803.25,0,TU
1709,-2802.75,0,TU
973.5,-2801.75,0,TU
535,-2800.75,0,TU
1694,-2800.25,0,TU
1006.5,-2799.25,0,TU
1931.5,-2797.25,0,TU
592.5,-2796.75,0,TU
1948,-2795.75,0,TU
706.5,-2794.25,0,TU
1419,-2793.75,0,TU
1201.5,-2792.25,0,TU
833,-2790.75,0,TU
1835.5,-2790.25,0,TU
1342,-2789.75,0,TU
913,-2788.75,0,TU
1850.5,-2787.75,0,TU
660,-2786.75,0,TU
1055.5,-2786.25,0,TU
959,-2784.25,0,TU
193,-2782.75,0,TU
551,-2782.25,0,TU
1500,-2782.25,0,TU
173.5,-2781.75,0,TU
1481.5,-2781.75,0,TU
626,-2781.25,0,TU
215.5,-2780.75,0,TU
1712,-2780.25,0,TU
1401,-2779.75,0,TU
1465.5,-2779.25,0,TU
997.5,-2778.75,0,TU
936.5,-2777.75,0,TU
760.5,-2777.25,0,TU
879.5,-2777.25,0,TU
488,-2775.75,0,TU
1089,-2774.25,0,TU
784.5,-2773.25,0,TU
1735.5,-2769.75,0,TU
732.5,-2769.25,0,TU
1826.5,-2766.25,0,TU
1610.5,-2765.25,0,TU
85.5,-2764.75,0,TU
1237,-2762.25,0,TU
803,-2761.75,0,TU
1040,-2761.75,0,TU
145,-2760.25,0,TU
877.5,-2759.75,0,TU
1067,-2759.75,0,TU
1174.5,-2758.75,0,TU
467.5,-2756.25,0,TU
1147,-2755.75,0,TU
1713,-2755.75,0,TU
1851.5,-2755.75,0,TU
1399.5,-2755.25,0,TU
703.5,-2754.75,0,TU
1322,-2754.75,0,TU
1515,-2754.25,0,TU
43.5,-2750.75,0,TU
204,-2750.75,0,TU
1020,-2750.75,0,TU
646.5,-2749.25,0,TU
4,-2748.75,0,TU
1364,-2747.75,0,TU
1737,-2746.75,0,TU
499,-2745.25,0,TU
982.5,-2744.75,0,TU
98.5,-2743.75,0,TU
155,-2743.25,0,TU
1828,-2742.75,0,TU
2042,-2742.75,0,TU
288.5,-2742.25,0,TU
335.5,-2742.25,0,TU
122.5,-2741.25,0,TU
1223.5,-2740.75,0,TU
1759,-2740.75,0,TU
314.5,-2739.75,0,TU
1789,-2739.75,0,TU
-73.5,-2739.25,0,TU
739.5,-2736.75,0,TU
844.5,-2736.75,0,TU
1707.5,-2736.75,0,TU
1557,-2735.25,0,TU
1684,-2735.25,0,TU
53.5,-2734.25,0,TU
1248,-2732.75,0,TU
25,-2731.25,0,TU
1294.5,-2731.25,0,TU
1734,-2730.75,0,TU
1190,-2729.25,0,TU
2076.5,-2728.75,0,TU
530,-2727.25,0,TU
-57.5,-2726.25,0,TU
869.5,-2724.25,0,TU
1640.5,-2724.25,0,TU
1961,-2723.75,0,TU
453,-2722.75,0,TU
1165,-2721.75,0,TU
384.5,-2719.75,0,TU
689,-2719.25,0,TU
1706,-2719.25,0,TU
1840.5,-2716.25,0,TU
934.5,-2715.75,0,TU
420.5,-2714.75,0,TU
1205,-2714.75,0,TU
151,-2713.75,0,TU
760.5,-2712.75,0,TU
532,-2712.25,0,TU
583.5,-2712.25,0,TU
663,-2712.25,0,TU
320.5,-2711.75,0,TU
1782.5,-2711.75,0,TU
1452,-2711.25,0,TU
1011.5,-2710.75,0,TU
1487,-2709.75,0,TU
2108.5,-2709.75,0,TU
-157,-2709.25,0,TU
247.5,-2709.25,0,TU
963.5,-2709.25,0,TU
2030,-2707.25,0,TU
2132,-2705.75,0,TU
858.5,-2704.75,0,TU
1731.5,-2704.25,0,TU
308.5,-2703.75,0,TU
649.5,-2703.25,0,TU
103,-2702.25,0,TU
396,-2701.25,0,TU
1523.5,-2700.75,0,TU
194,-2700.25,0,TU
1968.5,-2700.25,0,TU
1407,-2699.75,0,TU
60,-2699.25,0,TU
1639,-2698.75,0,TU
1995,-2698.25,0,TU
231.5,-2697.75,0,TU
2094.5,-2697.75,0,TU
371.5,-2697.25,0,TU
1195.5,-2696.25,0,TU
-153,-2695.25,0,TU
1902.5,-2694.75,0,TU
-112,-2693.75,0,TU
884,-2693.75,0,TU
1954,-2693.25,0,TU
2147.5,-2690.75,0,TU
1478,-2690.25,0,TU
1833.5,-2690.25,0,TU
824,-2689.75,0,TU
904,-2689.75,0,TU
353,-2688.75,0,TU
512.5,-2688.25,0,TU
249,-2687.75,0,TU
317.5,-2687.75,0,TU
441.5,-2687.75,0,TU
1461.5,-2686.75,0,TU
-134,-2685.25,0,TU
-8.5,-2684.25,0,TU
965.5,-2683.75,0,TU
1252,-2681.75,0,TU
-72,-2681.25,0,TU
383.5,-2681.25,0,TU
1818.5,-2680.75,0,TU
944.5,-2680.25,0,TU
654.5,-2679.25,0,TU
849,-2679.25,0,TU
2159.5,-2674.75,0,TU
71.5,-2673.25,0,TU
1548.5,-2673.25,0,TU
-47,-2672.75,0,TU
724.5,-2672.25,0,TU
403.5,-2671.75,0,TU
2110.5,-2671.75,0,TU
1445,-2671.25,0,TU
1313,-2670.25,0,TU
245.5,-2669.75,0,TU
1931.5,-2669.25,0,TU
2045.5,-2668.75,0,TU
677.5,-2668.25,0,TU
17,-2667.25,0,TU
1596.5,-2667.25,0,TU
1427,-2665.25,0,TU
-99,-2664.25,0,TU
1138,-2663.75,0,TU
1057.5,-2662.75,0,TU
2133,-2662.75,0,TU
276.5,-2661.75,0,TU
1363,-2661.75,0,TU
1785,-2661.75,0,TU
864.5,-2661.25,0,TU
94,-2660.75,0,TU
933.5,-2660.25,0,TU
-365,-2659.75,0,TU
-378,-2659.25,0,TU
-218.5,-2659.25,0,TU
-185.5,-2658.75,0,TU
-11,-2658.75,0,TU
756,-2658.25,0,TU
2196,-2657.25,0,TU
-257,-2656.25,0,TU
207.5,-2656.25,0,TU
308.5,-2656.25,0,TU
979.5,-2654.25,0,TU
1818,-2653.25,0,TU
494,-2652.25,0,TU
-118,-2651.75,0,TU
-404,-2651.25,0,TU
-25,-2650.75,0,TU
2045,-2650.25,0,TU
-56.5,-2649.25,0,TU
1719,-2649.25,0,TU
-422,-2648.75,0,TU
324,-2648.75,0,TU
1618,-2648.75,0,TU
1250.5,-2647.75,0,TU
-235.5,-2646.75,0,TU
1397,-2645.75,0,TU
1470,-2645.75,0,TU
1083.5,-2645.25,0,TU
2145.5,-2644.75,0,TU
-447,-2643.25,0,TU
156.5,-2642.25,0,TU
-332.5,-2641.75,0,TU
1912,-2641.75,0,TU
1452.5,-2640.75,0,TU
1349.5,-2639.75,0,TU
750,-2638.25,0,TU
873,-2636.25,0,TU
2022.5,-2636.25,0,TU
1029.5,-2635.75,0,TU
1372.5,-2635.75,0,TU
2174,-2635.75,0,TU
1689.5,-2633.75,0,TU
1717,-2633.25,0,TU
906.5,-2632.75,0,TU
2052,-2630.75,0,TU
108,-2630.25,0,TU
-280,-2629.25,0,TU
1700.5,-2629.25,0,TU
317.5,-2628.75,0,TU
-165.5,-2628.25,0,TU
-485,-2627.75,0,TU
-189.5,-2626.75,0,TU
-504.5,-2626.25,0,TU
221,-2626.25,0,TU
-531,-2625.75,0,TU
-353,-2625.75,0,TU
959.5,-2624.25,0,TU
263.5,-2623.25,0,TU
1674,-2622.75,0,TU
2094.5,-2621.25,0,TU
241,-2620.25,0,TU
1318,-2619.75,0,TU
285.5,-2618.25,0,TU
1166,-2618.25,0,TU
2179.5,-2617.75,0,TU
595.5,-2617.25,0,TU
752.5,-2615.75,0,TU
2153.5,-2615.75,0,TU
1279.5,-2614.75,0,TU
2071,-2614.25,0,TU
69,-2613.75,0,TU
2004.5,-2613.75,0,TU
350,-2612.25,0,TU
-329,-2611.75,0,TU
372,-2611.75,0,TU
1123,-2611.75,0,TU
1486,-2611.25,0,TU
2267,-2611.25,0,TU
-76,-2610.25,0,TU
1897.5,-2608.75,0,TU
333,-2608.25,0,TU
-515,-2606.25,0,TU
1794,-2604.75,0,TU
-129,-2603.75,0,TU
-600,-2602.75,0,TU
-103.5,-2602.75,0,TU
5,-2601.75,0,TU
2126,-2601.25,0,TU
2176.5,-2600.75,0,TU
676.5,-2599.75,0,TU
-55,-2598.75,0,TU
302,-2597.25,0,TU
1717,-2597.25,0,TU
274.5,-2596.75,0,TU
1567,-2596.75,0,TU
2200.5,-2596.75,0,TU
-639.5,-2596.25,0,TU
1621.5,-2596.25,0,TU
1251.5,-2595.25,0,TU
757.5,-2593.75,0,TU
913,-2593.75,0,TU
1201.5,-2591.75,0,TU
-537.5,-2591.25,0,TU
-343,-2591.25,0,TU
2136,-2590.75,0,TU
2240,-2590.75,0,TU
-259,-2589.75,0,TU
1675.5,-2589.75,0,TU
2158,-2588.75,0,TU
2310,-2587.75,0,TU
1293,-2587.25,0,TU
1780.5,-2587.25,0,TU
-329,-2586.25,0,TU
1861,-2586.25,0,TU
646,-2585.75,0,TU
-160,-2585.25,0,TU
470.5,-2584.75,0,TU
1889.5,-2583.75,0,TU
94,-2583.25,0,TU
-684,-2581.75,0,TU
-576,-2581.75,0,TU
1338.5,-2581.75,0,TU
494.5,-2580.25,0,TU
908.5,-2579.75,0,TU
2207.5,-2579.25,0,TU
2327,-2579.25,0,TU
361,-2578.75,0,TU
597.5,-2578.25,0,TU
-104,-2577.25,0,TU
1223.5,-2576.75,0,TU
1631,-2576.75,0,TU
448,-2576.25,0,TU
-706.5,-2575.75,0,TU
2265.5,-2575.75,0,TU
-480,-2575.25,0,TU
-432,-2575.25,0,TU
402.5,-2574.75,0,TU
2127.5,-2574.25,0,TU
938,-2573.75,0,TU
-303.5,-2571.75,0,TU
1498,-2571.75,0,TU
1955,-2570.75,0,TU
-129,-2570.25,0,TU
60.5,-2570.25,0,TU
1193,-2569.75,0,TU
-641.5,-2568.75,0,TU
968,-2568.75,0,TU
-376,-2568.25,0,TU
239,-2568.25,0,TU
2009,-2568.25,0,TU
-532,-2567.75,0,TU
714,-2567.75,0,TU
2075,-2567.75,0,TU
322.5,-2566.25,0,TU
1885,-2565.25,0,TU
1012.5,-2564.75,0,TU
-559,-2563.25,0,TU
163.5,-2562.75,0,TU
1385,-2562.25,0,TU
1862,-2562.25,0,TU
2294.5,-2561.75,0,TU
2103.5,-2561.25,0,TU
-708.5,-2560.75,0,TU
1046.5,-2560.25,0,TU
1111.5,-2560.25,0,TU
-587.5,-2559.75,0,TU
254.5,-2559.25,0,TU
1304.5,-2558.25,0,TU
-738,-2556.25,0,TU
1450.5,-2555.75,0,TU
1646,-2553.75,0,TU
2316,-2553.75,0,TU
-206,-2551.75,0,TU
1688.5,-2551.25,0,TU
708.5,-2550.75,0,TU
656.5,-2550.25,0,TU
1792.5,-2549.75,0,TU
-815.5,-2549.25,0,TU
-284.5,-2549.25,0,TU
-644.5,-2548.75,0,TU
1215.5,-2547.75,0,TU
-368,-2547.25,0,TU
-152.5,-2547.25,0,TU
-659.5,-2546.25,0,TU
-117,-2545.25,0,TU
1953.5,-2543.25,0,TU
2078.5,-2542.75,0,TU
1062,-2542.25,0,TU
1617.5,-2542.25,0,TU
-773.5,-2539.75,0,TU
1584,-2539.75,0,TU
1077,-2539.25,0,TU
1856.5,-2538.25,0,TU
-809,-2536.75,0,TU
528,-2536.75,0,TU
2200.5,-2536.75,0,TU
1042.5,-2535.75,0,TU
1559,-2535.75,0,TU
-873,-2534.75,0,TU
-76,-2534.25,0,TU
2047,-2532.25,0,TU
-708,-2531.75,0,TU
136,-2531.75,0,TU
737,-2531.75,0,TU
-845,-2530.75,0,TU
670.5,-2530.75,0,TU
547.5,-2529.75,0,TU
2187.5,-2529.75,0,TU
902,-2529.25,0,TU
602.5,-2528.75,0,TU
1650.5,-2528.75,0,TU
2322.5,-2528.75,0,TU
1493,-2528.25,0,TU
1840.5,-2528.25,0,TU
1108,-2527.75,0,TU
-666,-2527.25,0,TU
367,-2526.25,0,TU
212.5,-2525.75,0,TU
2150,-2525.75,0,TU
-207,-2525.25,0,TU
2340.5,-2525.25,0,TU
-498.5,-2524.75,0,TU
1340,-2524.75,0,TU
42.5,-2523.75,0,TU
2097.5,-2523.75,0,TU
-924.5,-2523.25,0,TU
575,-2522.75,0,TU
-226,-2521.75,0,TU
-37.5,-2521.75,0,TU
426,-2521.75,0,TU
2126.5,-2521.75,0,TU
-163.5,-2520.25,0,TU
392.5,-2519.25,0,TU
2395.5,-2519.25,0,TU
81,-2518.75,0,TU
1797.5,-2518.75,0,TU
2178,-2518.75,0,TU
1544.5,-2518.25,0,TU
1599.5,-2518.25,0,TU
2022,-2517.25,0,TU
783.5,-2516.75,0,TU
159,-2516.25,0,TU
674,-2515.25,0,TU
1224,-2514.75,0,TU
466,-2514.25,0,TU
-772.5,-2513.75,0,TU
1279,-2513.25,0,TU
-648,-2512.75,0,TU
1734,-2512.75,0,TU
316,-2511.75,0,TU
1781.5,-2509.25,0,TU
907.5,-2508.75,0,TU
2073.5,-2508.75,0,TU
352.5,-2508.25,0,TU
1625.5,-2507.75,0,TU
1759,-2507.25,0,TU
2121.5,-2506.75,0,TU
2369.5,-2506.75,0,TU
-637.5,-2506.25,0,TU
-241,-2506.25,0,TU
135.5,-2505.75,0,TU
120,-2505.25,0,TU
1231.5,-2504.25,0,TU
1331.5,-2504.25,0,TU
938,-2503.75,0,TU
1480,-2503.75,0,TU
-198.5,-2503.25,0,TU
1904.5,-2503.25,0,TU
-449,-2502.75,0,TU
205.5,-2502.25,0,TU
836,-2502.25,0,TU
2046,-2501.75,0,TU
-23,-2500.25,0,TU
722.5,-2499.75,0,TU
2148,-2499.25,0,TU
-680,-2497.75,0,TU
-243,-2496.75,0,TU
1577.5,-2496.25,0,TU
1007.5,-2494.75,0,TU
-723,-2494.25,0,TU
28.5,-2494.25,0,TU
-79,-2490.75,0,TU
805.5,-2490.75,0,TU
-1015,-2490.25,0,TU
146,-2490.25,0,TU
1384,-2490.25,0,TU
212.5,-2489.75,0,TU
-114,-2489.25,0,TU
-522.5,-2488.75,0,TU
40.5,-2488.75,0,TU
399,-2488.75,0,TU
754,-2488.75,0,TU
1553.5,-2488.25,0,TU
1666,-2487.25,0,TU
979.5,-2486.25,0,TU
2256.5,-2485.75,0,TU
82.5,-2484.75,0,TU
2111.5,-2484.75,0,TU
2213,-2484.75,0,TU
909,-2484.25,0,TU
-278,-2482.75,0,TU
1246,-2482.25,0,TU
1691.5,-2482.25,0,TU
2415,-2482.25,0,TU
-364.5,-2481.75,0,TU
2080.5,-2481.25,0,TU
1141,-2480.75,0,TU
119.5,-2480.25,0,TU
1806,-2479.75,0,TU
1420,-2479.25,0,TU
1852,-2479.25,0,TU
-541,-2478.25,0,TU
245,-2478.25,0,TU
1099.5,-2478.25,0,TU
-933.5,-2477.75,0,TU
-792.5,-2476.75,0,TU
472,-2476.75,0,TU
382,-2476.25,0,TU
-184.5,-2474.75,0,TU
1714.5,-2474.75,0,TU
1608.5,-2474.25,0,TU
1166.5,-2473.75,0,TU
-388,-2472.75,0,TU
959,-2472.75,0,TU
-465,-2472.25,0,TU
-334.5,-2472.25,0,TU
2041.5,-2471.25,0,TU
-299,-2470.25,0,TU
200,-2470.25,0,TU
1196,-2469.75,0,TU
289,-2469.25,0,TU
-616.5,-2468.25,0,TU
500.5,-2467.75,0,TU
54,-2466.75,0,TU
1178,-2466.75,0,TU
-583.5,-2465.75,0,TU
-1036.5,-2465.25,0,TU
-1097,-2464.75,0,TU
2392.5,-2464.75,0,TU
459.5,-2464.25,0,TU
1773.5,-2463.25,0,TU
-227,-2462.25,0,TU
1631,-2460.75,0,TU
1665,-2460.25,0,TU
1752,-2460.25,0,TU
-981.5,-2459.75,0,TU
-652,-2459.25,0,TU
-140,-2459.25,0,TU
1212.5,-2459.25,0,TU
1235.5,-2459.25,0,TU
-537.5,-2458.75,0,TU
-72,-2458.75,0,TU
-799,-2457.25,0,TU
929,-2457.25,0,TU
1433,-2457.25,0,TU
1718.5,-2456.25,0,TU
671.5,-2455.75,0,TU
2423.5,-2455.75,0,TU
-706,-2455.25,0,TU
-1129.5,-2454.75,0,TU
-1062,-2454.75,0,TU
121,-2454.75,0,TU
-515,-2453.75,0,TU
-185,-2452.75,0,TU
1290.5,-2451.75,0,TU
2199,-2451.75,0,TU
265.5,-2451.25,0,TU
1810,-2451.25,0,TU
1415,-2450.75,0,TU
1539.5,-2450.75,0,TU
1872.5,-2450.75,0,TU
2257,-2450.75,0,TU
431,-2447.75,0,TU
1501,-2446.75,0,TU
78,-2446.25,0,TU
-778.5,-2445.75,0,TU
-233.5,-2444.25,0,TU
-1038.5,-2443.25,0,TU
17.5,-2442.75,0,TU
2388,-2442.75,0,TU
1471,-2441.75,0,TU
-1181,-2441.25,0,TU
-345,-2441.25,0,TU
1297.5,-2441.25,0,TU
2110,-2441.25,0,TU
166,-2440.75,0,TU
2242,-2439.75,0,TU
1800.5,-2438.75,0,TU
1994,-2438.75,0,TU
111.5,-2436.75,0,TU
95.5,-2435.25,0,TU
663.5,-2434.75,0,TU
730,-2434.75,0,TU
364.5,-2434.25,0,TU
1199,-2433.75,0,TU
2362,-2432.75,0,TU
1399.5,-2432.25,0,TU
-1019.5,-2431.25,0,TU
896,-2430.75,0,TU
1656.5,-2430.25,0,TU
745,-2429.75,0,TU
-555,-2429.25,0,TU
652,-2428.75,0,TU
455.5,-2428.25,0,TU
1781,-2428.25,0,TU
-858,-2427.25,0,TU
-1214,-2426.75,0,TU
854,-2426.75,0,TU
767,-2425.75,0,TU
-1110,-2425.25,0,TU
926,-2422.75,0,TU
204,-2421.75,0,TU
1232,-2421.75,0,TU
2287,-2421.75,0,TU
-224.5,-2421.25,0,TU
1631,-2421.25,0,TU
2239.5,-2421.25,0,TU
2465,-2420.75,0,TU
75,-2420.25,0,TU
-1072,-2419.75,0,TU
271,-2419.25,0,TU
-344,-2418.75,0,TU
-1005.5,-2417.25,0,TU
345.5,-2416.75,0,TU
667,-2416.75,0,TU
-991,-2416.25,0,TU
1320.5,-2416.25,0,TU
-730,-2415.75,0,TU
-597.5,-2415.25,0,TU
20.5,-2415.25,0,TU
1975.5,-2415.25,0,TU
-1180,-2413.75,0,TU
1915,-2413.25,0,TU
-241,-2412.75,0,TU
-109.5,-2412.25,0,TU
-1248.5,-2411.25,0,TU
-1273,-2410.75,0,TU
1087.5,-2410.75,0,TU
1452,-2410.75,0,TU
-659.5,-2410.25,0,TU
-401.5,-2409.75,0,TU
1518,-2409.75,0,TU
2308.5,-2409.25,0,TU
2516,-2409.25,0,TU
-136.5,-2408.75,0,TU
-1165,-2408.25,0,TU
1243,-2408.25,0,TU
214.5,-2407.75,0,TU
1004,-2407.75,0,TU
2191.5,-2407.75,0,TU
2354,-2407.75,0,TU
-831,-2407.25,0,TU
245.5,-2406.75,0,TU
2015.5,-2406.25,0,TU
1473.5,-2404.75,0,TU
-1071.5,-2403.75,0,TU
-640,-2403.25,0,TU
-272.5,-2402.75,0,TU
-1291,-2402.25,0,TU
-1114.5,-2401.25,0,TU
-335,-2399.75,0,TU
49.5,-2399.75,0,TU
398,-2399.25,0,TU
2345,-2398.75,0,TU
2088.5,-2398.25,0,TU
-747,-2397.25,0,TU
811.5,-2397.25,0,TU
1729,-2396.75,0,TU
893,-2396.25,0,TU
1014,-2396.25,0,TU
104.5,-2394.75,0,TU
1150,-2394.75,0,TU
1923,-2394.75,0,TU
-1322,-2393.25,0,TU
356.5,-2393.25,0,TU
683.5,-2393.25,0,TU
1867.5,-2393.25,0,TU
-1163.5,-2391.75,0,TU
-859,-2390.75,0,TU
851.5,-2390.75,0,TU
2469.5,-2390.75,0,TU
-1020.5,-2389.75,0,TU
-613,-2388.75,0,TU
2426.5,-2388.75,0,TU
1040,-2387.75,0,TU
2409,-2387.75,0,TU
-507.5,-2386.75,0,TU
-1231.5,-2384.75,0,TU
1184,-2384.75,0,TU
-1129,-2384.25,0,TU
-138.5,-2384.25,0,TU
-779,-2382.75,0,TU
9,-2382.75,0,TU
402.5,-2382.75,0,TU
1601,-2382.75,0,TU
-568.5,-2382.25,0,TU
311.5,-2382.25,0,TU
-635,-2381.75,0,TU
552.5,-2381.75,0,TU
2114.5,-2381.75,0,TU
1070,-2381.25,0,TU
2319.5,-2381.25,0,TU
-759.5,-2380.25,0,TU
1547.5,-2379.75,0,TU
937.5,-2378.25,0,TU
1418,-2378.25,0,TU
2219.5,-2378.25,0,TU
2085.5,-2377.25,0,TU
1699.5,-2376.75,0,TU
753.5,-2376.25,0,TU
585.5,-2375.75,0,TU
-225,-2375.25,0,TU
1091.5,-2374.25,0,TU
-1008,-2373.75,0,TU
-1283,-2373.25,0,TU
797,-2373.25,0,TU
66,-2372.75,0,TU
-1254,-2370.25,0,TU
-1399,-2369.25,0,TU
-528.5,-2369.25,0,TU
2021,-2369.25,0,TU
2427,-2367.75,0,TU
-978.5,-2366.75,0,TU
832,-2366.25,0,TU
652,-2365.75,0,TU
2343,-2365.25,0,TU
2374.5,-2365.25,0,TU
-810.5,-2364.75,0,TU
178,-2364.75,0,TU
2522.5,-2364.25,0,TU
1193.5,-2362.25,0,TU
-190,-2361.25,0,TU
1414.5,-2360.75,0,TU
1728.5,-2360.75,0,TU
2506,-2360.75,0,TU
2324.5,-2360.25,0,TU
2105.5,-2359.75,0,TU
-1349,-2359.25,0,TU
161,-2359.25,0,TU
2449.5,-2359.25,0,TU
2183,-2358.75,0,TU
-140,-2357.25,0,TU
209,-2357.25,0,TU
687.5,-2357.25,0,TU
1163,-2357.25,0,TU
-830,-2355.75,0,TU
1582,-2354.75,0,TU
-1455,-2354.25,0,TU
-997.5,-2353.75,0,TU
-950.5,-2353.75,0,TU
1315,-2353.25,0,TU
-1400,-2352.25,0,TU
1851,-2352.25,0,TU
2548,-2352.25,0,TU
436.5,-2351.75,0,TU
1481.5,-2351.25,0,TU
958,-2350.75,0,TU
562,-2350.25,0,TU
2156,-2349.75,0,TU
64,-2349.25,0,TU
2081,-2349.25,0,TU
1634,-2348.25,0,TU
-206.5,-2347.75,0,TU
1809.5,-2346.75,0,TU
-29.5,-2346.25,0,TU
976.5,-2346.25,0,TU
1127.5,-2346.25,0,TU
2232,-2346.25,0,TU
579,-2345.25,0,TU
1771.5,-2342.25,0,TU
-613.5,-2341.75,0,TU
-119.5,-2341.25,0,TU
2027,-2341.25,0,TU
2357,-2341.25,0,TU
1070,-2340.75,0,TU
-528.5,-2339.75,0,TU
-192.5,-2339.75,0,TU
1376,-2339.75,0,TU
-1023.5,-2338.25,0,TU
-1169,-2337.25,0,TU
633.5,-2337.25,0,TU
2245.5,-2337.25,0,TU
2346,-2337.25,0,TU
-1086.5,-2336.75,0,TU
1282,-2336.75,0,TU
1332,-2336.75,0,TU
124,-2335.75,0,TU
1599,-2335.75,0,TU
1938,-2335.75,0,TU
459,-2334.25,0,TU
-1354.5,-2333.25,0,TU
968,-2332.25,0,TU
1200.5,-2332.25,0,TU
2206,-2332.25,0,TU
1451,-2331.25,0,TU
-1480,-2330.75,0,TU
-812,-2330.25,0,TU
824.5,-2329.25,0,TU
-542.5,-2328.25,0,TU
163.5,-2327.75,0,TU
668.5,-2327.75,0,TU
1508.5,-2327.75,0,TU
-202,-2327.25,0,TU
18,-2326.75,0,TU
-387.5,-2326.25,0,TU
798,-2326.25,0,TU
1816.5,-2326.25,0,TU
2222,-2326.25,0,TU
-1504,-2325.75,0,TU
2576,-2325.25,0,TU
-216,-2324.75,0,TU
-124.5,-2324.25,0,TU
1871.5,-2324.25,0,TU
763,-2323.25,0,TU
1575,-2323.25,0,TU
2041.5,-2322.75,0,TU
-155.5,-2321.75,0,TU
574.5,-2321.25,0,TU
1636.5,-2321.25,0,TU
2294.5,-2321.25,0,TU
-1065,-2320.75,0,TU
-696,-2320.75,0,TU
-238,-2320.75,0,TU
1714.5,-2320.75,0,TU
2315,-2320.75,0,TU
2245.5,-2320.25,0,TU
1542.5,-2319.75,0,TU
627.5,-2319.25,0,TU
115,-2318.75,0,TU
736.5,-2318.75,0,TU
-1546.5,-2318.25,0,TU
981,-2318.25,0,TU
2417,-2318.25,0,TU
906,-2317.75,0,TU
2394,-2317.75,0,TU
-359,-2316.75,0,TU
1301.5,-2316.75,0,TU
2176.5,-2316.25,0,TU
-1297.5,-2315.75,0,TU
-1194.5,-2314.25,0,TU
196.5,-2310.25,0,TU
1835.5,-2308.25,0,TU
2532,-2308.25,0,TU
-331,-2307.75,0,TU
1117,-2307.75,0,TU
-96.5,-2307.25,0,TU
-1449.5,-2306.75,0,TU
-1434,-2306.25,0,TU
-973.5,-2305.75,0,TU
-627.5,-2305.75,0,TU
-1335.5,-2305.25,0,TU
-20,-2304.25,0,TU
2470,-2304.25,0,TU
769,-2303.75,0,TU
855,-2303.25,0,TU
1044.5,-2302.75,0,TU
-202.5,-2302.25,0,TU
1766.5,-2302.25,0,TU
-1592,-2300.75,0,TU
1814.5,-2300.75,0,TU
544,-2300.25,0,TU
2282,-2300.25,0,TU
985.5,-2299.75,0,TU
1456,-2299.75,0,TU
2377,-2298.75,0,TU
-410,-2298.25,0,TU
-1556,-2297.75,0,TU
-885,-2296.75,0,TU
937,-2296.75,0,TU
-1292,-2296.25,0,TU
275,-2296.25,0,TU
-1069,-2295.75,0,TU
-464,-2295.75,0,TU
702,-2294.75,0,TU
2010,-2294.75,0,TU
-312,-2293.75,0,TU
1322.5,-2293.75,0,TU
1049.5,-2293.25,0,TU
1762.5,-2292.75,0,TU
958.5,-2291.75,0,TU
1856.5,-2291.75,0,TU
1699.5,-2291.25,0,TU
1159.5,-2290.25,0,TU
1912.5,-2290.25,0,TU
1673.5,-2289.75,0,TU
1988,-2289.75,0,TU
2102.5,-2289.25,0,TU
-1083,-2288.75,0,TU
790.5,-2288.25,0,TU
-1268,-2287.75,0,TU
-84,-2287.75,0,TU
-1529.5,-2287.25,0,TU
-34.5,-2287.25,0,TU
86.5,-2287.25,0,TU
669.5,-2287.25,0,TU
2234,-2287.25,0,TU
-1343.5,-2286.75,0,TU
-209.5,-2286.25,0,TU
-15.5,-2286.25,0,TU
1748,-2286.25,0,TU
2591.5,-2286.25,0,TU
-1389,-2285.25,0,TU
1304,-2285.25,0,TU
1643.5,-2285.25,0,TU
-1123,-2283.25,0,TU
-611.5,-2282.75,0,TU
547,-2281.25,0,TU
1233.5,-2280.75,0,TU
-740.5,-2280.25,0,TU
63,-2280.25,0,TU
-333,-2278.25,0,TU
2475.5,-2278.25,0,TU
-401.5,-2277.75,0,TU
-58.5,-2276.75,0,TU
2346.5,-2276.75,0,TU
2553.5,-2276.75,0,TU
2613.5,-2276.75,0,TU
1819.5,-2275.75,0,TU
-1670,-2275.25,0,TU
-557,-2275.25,0,TU
888,-2275.25,0,TU
989,-2275.25,0,TU
1965.5,-2274.75,0,TU
-1450,-2274.25,0,TU
-724,-2274.25,0,TU
-442,-2274.25,0,TU
-235,-2274.25,0,TU
-198,-2273.25,0,TU
415,-2273.25,0,TU
1569,-2273.25,0,TU
-1314,-2272.75,0,TU
1767.5,-2272.75,0,TU
-295,-2272.25,0,TU
-265.5,-2272.25,0,TU
614.5,-2272.25,0,TU
179,-2270.75,0,TU
-1643.5,-2270.25,0,TU
-867.5,-2269.25,0,TU
-631.5,-2269.25,0,TU
596.5,-2269.25,0,TU
-1701.5,-2268.75,0,TU
-107.5,-2268.75,0,TU
1012.5,-2267.75,0,TU
352.5,-2267.25,0,TU
1303.5,-2266.75,0,TU
1934,-2265.25,0,TU
865.5,-2264.75,0,TU
1125.5,-2264.25,0,TU
1333,-2264.25,0,TU
1472,-2264.25,0,TU
2434.5,-2264.25,0,TU
-1191,-2263.75,0,TU
1376,-2263.75,0,TU
-486.5,-2262.75,0,TU
-378,-2261.75,0,TU
76.5,-2261.75,0,TU
258.5,-2261.75,0,TU
2386,-2261.25,0,TU
2237,-2260.75,0,TU
2605.5,-2260.75,0,TU
-1302,-2260.25,0,TU
-1279,-2259.25,0,TU
-1119.5,-2259.25,0,TU
2460,-2258.75,0,TU
473,-2257.75,0,TU
-1677.5,-2256.25,0,TU
-1598.5,-2256.25,0,TU
228.5,-2256.25,0,TU
742,-2256.25,0,TU
-1002,-2255.75,0,TU
665,-2255.75,0,TU
-168,-2255.25,0,TU
-901,-2254.75,0,TU
-1051.5,-2253.75,0,TU
-79,-2253.25,0,TU
443,-2253.25,0,TU
1416,-2252.75,0,TU
2339.5,-2252.75,0,TU
1721.5,-2252.25,0,TU
2633,-2252.25,0,TU
-1231.5,-2250.75,0,TU
-334,-2250.75,0,TU
37,-2250.25,0,TU
-1442.5,-2249.75,0,TU
-1743.5,-2249.25,0,TU
-19.5,-2249.25,0,TU
2482.5,-2249.25,0,TU
-1276.5,-2248.25,0,TU
-756.5,-2247.75,0,TU
2283,-2247.25,0,TU
2447.5,-2247.25,0,TU
-421.5,-2246.75,0,TU
1852,-2246.75,0,TU
-313,-2245.75,0,TU
1687.5,-2245.75,0,TU
-241.5,-2244.25,0,TU
-182,-2243.75,0,TU
346,-2243.75,0,TU
1649.5,-2243.75,0,TU
2551,-2243.75,0,TU
2586,-2243.25,0,TU
-1624,-2242.25,0,TU
-1428,-2242.25,0,TU
-931,-2242.25,0,TU
-1548,-2240.75,0,TU
2149.5,-2239.25,0,TU
-1718,-2238.75,0,TU
-1154.5,-2238.75,0,TU
25.5,-2238.75,0,TU
-119,-2238.25,0,TU
425,-2237.75,0,TU
1331,-2236.75,0,TU
-1115,-2236.25,0,TU
-1768,-2235.25,0,TU
-152,-2234.25,0,TU
-315,-2233.75,0,TU
994,-2233.75,0,TU
2179.5,-2233.75,0,TU
138.5,-2233.25,0,TU
1036.5,-2233.25,0,TU
-1030,-2232.25,0,TU
2503.5,-2231.75,0,TU
-367,-2231.25,0,TU
-1683,-2230.25,0,TU
1963,-2228.75,0,TU
1050.5,-2227.75,0,TU
1513,-2225.75,0,TU
955.5,-2225.25,0,TU
1381,-2225.25,0,TU
858.5,-2224.75,0,TU
-849,-2224.25,0,TU
-1831.5,-2223.75,0,TU
-1647.5,-2222.75,0,TU
-268,-2222.75,0,TU
1615,-2222.75,0,TU
2067,-2222.75,0,TU
2532.5,-2222.75,0,TU
-396,-2222.25,0,TU
-0.5,-2222.25,0,TU
300,-2222.25,0,TU
-205,-2221.75,0,TU
-1287.5,-2221.25,0,TU
919.5,-2221.25,0,TU
-1240.5,-2220.75,0,TU
535,-2220.25,0,TU
-1079,-2219.75,0,TU
-969.5,-2219.75,0,TU
-448.5,-2219.25,0,TU
-1746,-2218.25,0,TU
1329,-2218.25,0,TU
1060,-2217.75,0,TU
-1816,-2216.75,0,TU
1265.5,-2216.75,0,TU
418,-2215.75,0,TU
-679,-2215.25,0,TU
1189,-2215.25,0,TU
2491.5,-2214.75,0,TU
-1666.5,-2213.75,0,TU
-1568,-2213.75,0,TU
-874,-2213.75,0,TU
2521,-2213.75,0,TU
1702.5,-2212.75,0,TU
1450.5,-2212.25,0,TU
2455,-2212.25,0,TU
2661.5,-2212.25,0,TU
-104.5,-2210.75,0,TU
-1330,-2210.25,0,TU
663.5,-2210.25,0,TU
-1006,-2209.75,0,TU
2233.5,-2209.25,0,TU
2349,-2208.75,0,TU
-1526,-2208.25,0,TU
-1694,-2206.75,0,TU
295,-2206.75,0,TU
1762.5,-2206.75,0,TU
-1376.5,-2206.25,0,TU
-258,-2206.25,0,TU
-1875,-2205.25,0,TU
1870.5,-2204.25,0,TU
55,-2203.25,0,TU
2025.5,-2203.25,0,TU
2369,-2203.25,0,TU
2602,-2203.25,0,TU
115.5,-2202.75,0,TU
-1434,-2201.25,0,TU
926.5,-2201.25,0,TU
316,-2200.25,0,TU
-118.5,-2198.75,0,TU
-1713,-2198.25,0,TU
-1667,-2198.25,0,TU
-663.5,-2198.25,0,TU
2011.5,-2197.75,0,TU
551.5,-2197.25,0,TU
-73,-2196.75,0,TU
-1202.5,-2195.25,0,TU
1234.5,-2195.25,0,TU
1503.5,-2193.75,0,TU
-1317.5,-2193.25,0,TU
1711,-2192.25,0,TU
-708.5,-2191.25,0,TU
-498,-2191.25,0,TU
-1110.5,-2190.75,0,TU
1048.5,-2190.25,0,TU
1483,-2190.25,0,TU
-358,-2189.25,0,TU
-1068,-2188.75,0,TU
296.5,-2187.75,0,TU
348.5,-2187.75,0,TU
2407.5,-2187.75,0,TU
-191,-2187.25,0,TU
-571.5,-2185.75,0,TU
1341,-2185.75,0,TU
880,-2185.25,0,TU
2159.5,-2184.75,0,TU
-1602.5,-2182.25,0,TU
761,-2182.25,0,TU
1660.5,-2181.75,0,TU
2076,-2181.75,0,TU
1269,-2180.75,0,TU
2572,-2180.25,0,TU
-1663.5,-2179.75,0,TU
1760.5,-2179.75,0,TU
-1845,-2178.75,0,TU
1725.5,-2178.75,0,TU
1881,-2178.75,0,TU
-43,-2178.25,0,TU
-518.5,-2177.75,0,TU
376.5,-2177.25,0,TU
2503.5,-2176.75,0,TU
465,-2175.75,0,TU
2367,-2175.75,0,TU
-410,-2175.25,0,TU
489.5,-2175.25,0,TU
1128,-2175.25,0,TU
1948.5,-2175.25,0,TU
-1737,-2174.25,0,TU
1968,-2174.25,0,TU
1618,-2173.75,0,TU
-1020,-2172.75,0,TU
1513.5,-2172.75,0,TU
2585.5,-2172.75,0,TU
-1263.5,-2172.25,0,TU
1741.5,-2172.25,0,TU
1842.5,-2172.25,0,TU
-753,-2171.75,0,TU
736,-2171.25,0,TU
840.5,-2171.25,0,TU
1255,-2171.25,0,TU
885.5,-2169.75,0,TU
2288,-2169.75,0,TU
952,-2168.75,0,TU
705,-2167.75,0,TU
-645.5,-2167.25,0,TU
-462.5,-2166.75,0,TU
1062,-2166.75,0,TU
2395.5,-2166.25,0,TU
1577,-2165.25,0,TU
1644,-2164.75,0,TU
1222,-2163.75,0,TU
389.5,-2163.25,0,TU
2536.5,-2163.25,0,TU
2667,-2162.75,0,TU
-1477,-2162.25,0,TU
-1093.5,-2160.75,0,TU
-109,-2160.25,0,TU
2241,-2160.25,0,TU
-860.5,-2159.75,0,TU
1868.5,-2159.75,0,TU
-1443.5,-2158.75,0,TU
-1779,-2158.25,0,TU
-1572,-2158.25,0,TU
-673.5,-2158.25,0,TU
859.5,-2157.25,0,TU
1604,-2157.25,0,TU
2100.5,-2157.25,0,TU
339.5,-2156.25,0,TU
-308.5,-2155.25,0,TU
1086,-2155.25,0,TU
-714.5,-2151.75,0,TU
408.5,-2151.75,0,TU
-537,-2150.25,0,TU
2407.5,-2149.25,0,TU
1497,-2148.75,0,TU
1624.5,-2148.25,0,TU
-1007.5,-2147.75,0,TU
-1895,-2147.25,0,TU
2197.5,-2147.25,0,TU
-1771.5,-2146.75,0,TU
-1590.5,-2146.75,0,TU
2584,-2146.75,0,TU
-2042,-2145.75,0,TU
-246,-2144.75,0,TU
357.5,-2144.75,0,TU
-1237.5,-2144.25,0,TU
113,-2144.25,0,TU
-562.5,-2143.25,0,TU
607.5,-2143.25,0,TU
-2065,-2142.75,0,TU
1384.5,-2141.75,0,TU
2450,-2141.75,0,TU
883,-2141.25,0,TU
1025,-2140.75,0,TU
2669,-2140.75,0,TU
2256.5,-2140.25,0,TU
-1446.5,-2137.75,0,TU
-809,-2137.25,0,TU
-1391,-2134.75,0,TU
683.5,-2134.75,0,TU
2317.5,-2134.75,0,TU
210,-2133.75,0,TU
910,-2132.75,0,TU
-1970.5,-2131.75,0,TU
-1625,-2131.75,0,TU
-973,-2131.75,0,TU
1134,-2130.75,0,TU
1878,-2130.75,0,TU
2504,-2130.75,0,TU
2664.5,-2130.25,0,TU
333,-2129.75,0,TU
2404.5,-2129.25,0,TU
-2008,-2128.75,0,TU
-604,-2128.75,0,TU
-301,-2128.75,0,TU
1420.5,-2127.75,0,TU
1914,-2127.75,0,TU
808.5,-2127.25,0,TU
1603.5,-2127.25,0,TU
1726.5,-2127.25,0,TU
2162.5,-2127.25,0,TU
1829,-2126.75,0,TU
-1219,-2126.25,0,TU
2565.5,-2126.25,0,TU
-1277,-2125.75,0,TU
-1931,-2124.75,0,TU
-757.5,-2124.25,0,TU
135.5,-2124.25,0,TU
-1325,-2123.75,0,TU
-1727,-2122.75,0,TU
-586,-2120.25,0,TU
-232,-2119.75,0,TU
-1455.5,-2119.25,0,TU
-693,-2119.25,0,TU
-947,-2118.75,0,TU
-2120.5,-2118.25,0,TU
529.5,-2118.25,0,TU
945.5,-2116.25,0,TU
665.5,-2115.75,0,TU
-783.5,-2115.25,0,TU
-821,-2114.75,0,TU
1142.5,-2114.75,0,TU
575.5,-2112.75,0,TU
772.5,-2110.75,0,TU
-1398,-2110.25,0,TU
1999.5,-2110.25,0,TU
258,-2109.75,0,TU
2497,-2109.75,0,TU
838.5,-2108.75,0,TU
2596,-2108.75,0,TU
-2156.5,-2108.25,0,TU
365,-2108.25,0,TU
2057.5,-2108.25,0,TU
1709,-2107.75,0,TU
-2138.5,-2107.25,0,TU
868.5,-2107.25,0,TU
-1044,-2106.25,0,TU
1279.5,-2105.25,0,TU
4.5,-2104.75,0,TU
814.5,-2104.75,0,TU
-1948.5,-2104.25,0,TU
-1603,-2104.25,0,TU
222,-2104.25,0,TU
2457,-2104.25,0,TU
-1973.5,-2103.75,0,TU
-909,-2103.25,0,TU
1837,-2102.75,0,TU
-671.5,-2102.25,0,TU
908.5,-2102.25,0,TU
2301.5,-2101.75,0,TU
-2196.5,-2100.25,0,TU
-1764.5,-2099.75,0,TU
965,-2098.75,0,TU
1662.5,-2098.75,0,TU
-1688,-2098.25,0,TU
-254.5,-2098.25,0,TU
2329,-2098.25,0,TU
-2050,-2097.75,0,TU
391.5,-2097.25,0,TU
744,-2097.25,0,TU
1025.5,-2097.25,0,TU
-895.5,-2096.75,0,TU
-690.5,-2096.75,0,TU
84.5,-2096.75,0,TU
1393,-2096.75,0,TU
-340.5,-2096.25,0,TU
709,-2096.25,0,TU
2216,-2095.75,0,TU
-1357.5,-2094.75,0,TU
1581,-2094.75,0,TU
44,-2094.25,0,TU
2726,-2094.25,0,TU
1780,-2093.75,0,TU
-1259,-2092.75,0,TU
553,-2092.75,0,TU
776,-2092.75,0,TU
1685.5,-2092.75,0,TU
1411.5,-2091.25,0,TU
2400.5,-2091.25,0,TU
953,-2090.75,0,TU
-980,-2090.25,0,TU
503,-2089.75,0,TU
2349.5,-2089.75,0,TU
132,-2089.25,0,TU
1520,-2089.25,0,TU
1790,-2088.75,0,TU
-858,-2087.75,0,TU
426.5,-2087.75,0,TU
798.5,-2086.75,0,TU
-1673,-2085.75,0,TU
-933,-2085.25,0,TU
478,-2084.25,0,TU
1357,-2084.25,0,TU
2240,-2083.25,0,TU
-721,-2082.75,0,TU
2491,-2082.75,0,TU
-1019,-2082.25,0,TU
1417,-2082.25,0,TU
335,-2081.75,0,TU
1492,-2081.75,0,TU
-1378,-2080.75,0,TU
1467,-2079.75,0,TU
-2209,-2079.25,0,TU
-954.5,-2079.25,0,TU
1281.5,-2079.25,0,TU
-524.5,-2078.75,0,TU
2191.5,-2078.75,0,TU
-592,-2078.25,0,TU
-482.5,-2077.25,0,TU
10,-2077.25,0,TU
2065.5,-2077.25,0,TU
-2241.5,-2076.75,0,TU
1782.5,-2076.75,0,TU
2106,-2076.75,0,TU
1843.5,-2076.25,0,TU
1386,-2075.75,0,TU
2738.5,-2075.75,0,TU
-17,-2073.75,0,TU
1226,-2073.75,0,TU
-335.5,-2073.25,0,TU
1515.5,-2072.75,0,TU
2002.5,-2072.25,0,TU
649,-2071.75,0,TU
2174,-2071.75,0,TU
2615,-2071.75,0,TU
-2176.5,-2071.25,0,TU
-689,-2070.75,0,TU
-657.5,-2070.75,0,TU
112,-2070.75,0,TU
2291.5,-2070.25,0,TU
2681.5,-2070.25,0,TU
-2070,-2069.75,0,TU
-612.5,-2069.75,0,TU
2659.5,-2069.75,0,TU
-1664,-2069.25,0,TU
-362.5,-2069.25,0,TU
1429.5,-2069.25,0,TU
956.5,-2068.75,0,TU
2449,-2068.75,0,TU
-787,-2067.75,0,TU
2504.5,-2067.75,0,TU
-1915.5,-2067.25,0,TU
2390.5,-2066.75,0,TU
243.5,-2066.25,0,TU
-257,-2065.75,0,TU
-1037.5,-2065.25,0,TU
981.5,-2064.75,0,TU
740.5,-2064.25,0,TU
-1270.5,-2063.75,0,TU
2706.5,-2063.75,0,TU
-1458,-2063.25,0,TU
-2038.5,-2062.25,0,TU
-933,-2062.25,0,TU
1713.5,-2062.25,0,TU
-1085.5,-2061.75,0,TU
2238,-2061.75,0,TU
547,-2061.25,0,TU
1984.5,-2060.75,0,TU
621.5,-2060.25,0,TU
776.5,-2059.25,0,TU
-2195,-2058.75,0,TU
2131,-2058.75,0,TU
-1598,-2058.25,0,TU
2064,-2058.25,0,TU
1005,-2057.25,0,TU
-1483,-2056.25,0,TU
-957,-2056.25,0,TU
1114,-2056.25,0,TU
2351,-2056.25,0,TU
-897.5,-2055.75,0,TU
-1958.5,-2055.25,0,TU
-2327,-2054.75,0,TU
1273,-2054.75,0,TU
1594,-2054.25,0,TU
2731.5,-2054.25,0,TU
-2161,-2053.75,0,TU
-1641.5,-2053.75,0,TU
-607.5,-2053.75,0,TU
-123.5,-2053.75,0,TU
-1563.5,-2052.75,0,TU
437,-2052.75,0,TU
-506,-2051.75,0,TU
2084.5,-2051.75,0,TU
475,-2050.75,0,TU
401,-2050.25,0,TU
83.5,-2049.75,0,TU
-1252,-2048.75,0,TU
797.5,-2048.75,0,TU
935.5,-2048.75,0,TU
1219,-2048.25,0,TU
-2082,-2047.75,0,TU
-2306.5,-2045.75,0,TU
-675.5,-2045.75,0,TU
-163,-2045.75,0,TU
365,-2045.75,0,TU
1659,-2045.75,0,TU
1757,-2045.75,0,TU
1269,-2045.25,0,TU
1477.5,-2045.25,0,TU
1793.5,-2043.75,0,TU
-1706,-2043.25,0,TU
-589,-2042.75,0,TU
1096,-2042.25,0,TU
1233.5,-2042.25,0,TU
-2185,-2041.25,0,TU
-1447,-2041.25,0,TU
-814,-2040.75,0,TU
34.5,-2040.25,0,TU
344.5,-2040.25,0,TU
2451,-2040.25,0,TU
-481.5,-2039.75,0,TU
-314.5,-2039.75,0,TU
1371.5,-2038.75,0,TU
2254.5,-2038.75,0,TU
1850.5,-2038.25,0,TU
2732.5,-2037.75,0,TU
-1780.5,-2037.25,0,TU
218,-2037.25,0,TU
-2026.5,-2036.75,0,TU
-1400.5,-2035.75,0,TU
-1666,-2035.25,0,TU
-1630.5,-2034.75,0,TU
165,-2034.75,0,TU
1452.5,-2034.75,0,TU
-2310,-2034.25,0,TU
-1916,-2033.75,0,TU
-2200,-2033.25,0,TU
-1159.5,-2033.25,0,TU
-209,-2033.25,0,TU
1708,-2033.25,0,TU
-35,-2032.25,0,TU
-1944.5,-2031.75,0,TU
-1841.5,-2031.25,0,TU
2651.5,-2031.25,0,TU
1009.5,-2030.25,0,TU
-1688.5,-2029.75,0,TU
1984,-2029.75,0,TU
-504.5,-2029.25,0,TU
2188,-2029.25,0,TU
2750.5,-2028.25,0,TU
-1283.5,-2027.75,0,TU
-1551.5,-2026.25,0,TU
-147,-2026.25,0,TU
863,-2024.25,0,TU
1266,-2024.25,0,TU
-342.5,-2023.75,0,TU
-1087.5,-2023.25,0,TU
-231.5,-2023.25,0,TU
-1740.5,-2022.75,0,TU
-1576.5,-2022.75,0,TU
-1434,-2021.75,0,TU
-2229,-2021.25,0,TU
571.5,-2020.25,0,TU
2366,-2020.25,0,TU
1959,-2019.75,0,TU
388.5,-2019.25,0,TU
-378,-2018.75,0,TU
515,-2017.75,0,TU
-2400.5,-2016.75,0,TU
-2284,-2016.75,0,TU
-1317,-2016.25,0,TU
-803,-2016.25,0,TU
-651.5,-2016.25,0,TU
844,-2015.75,0,TU
1154.5,-2015.25,0,TU
-1250,-2014.75,0,TU
2623,-2014.75,0,TU
1883,-2014.25,0,TU
-608,-2013.75,0,TU
-1917,-2013.25,0,TU
-1657.5,-2013.25,0,TU
679,-2013.25,0,TU
1189.5,-2013.25,0,TU
-438.5,-2012.75,0,TU
871.5,-2012.75,0,TU
2278,-2012.75,0,TU
-2350.5,-2012.25,0,TU
2540.5,-2012.25,0,TU
1511.5,-2011.75,0,TU
1575.5,-2010.75,0,TU
2246.5,-2010.75,0,TU
-200,-2010.25,0,TU
-1680.5,-2009.75,0,TU
-2032.5,-2008.75,0,TU
1844.5,-2008.75,0,TU
-287,-2008.25,0,TU
1603.5,-2008.25,0,TU
-472.5,-2007.25,0,TU
2414.5,-2006.25,0,TU
-2194.5,-2005.75,0,TU
-403.5,-2005.25,0,TU
572.5,-2004.25,0,TU
-16,-2003.25,0,TU
2020,-2002.75,0,TU
-1775,-2002.25,0,TU
167.5,-2001.75,0,TU
2657.5,-2001.75,0,TU
485,-2001.25,0,TU
-1051,-2000.25,0,TU
1032,-1999.75,0,TU
2099,-1999.75,0,TU
-897.5,-1999.25,0,TU
1046,-1999.25,0,TU
-2247,-1998.75,0,TU
1691.5,-1998.75,0,TU
2496,-1998.75,0,TU
2533.5,-1998.75,0,TU
-2377,-1997.75,0,TU
-1122,-1997.75,0,TU
1652,-1997.25,0,TU
2144.5,-1997.25,0,TU
-1919,-1996.75,0,TU
198.5,-1996.75,0,TU
562.5,-1996.25,0,TU
357.5,-1995.75,0,TU
-1738,-1994.75,0,TU
-1305.5,-1993.25,0,TU
-1287.5,-1993.25,0,TU
1990,-1992.75,0,TU
2267,-1992.75,0,TU
278,-1992.25,0,TU
-1439,-1991.25,0,TU
-771.5,-1991.25,0,TU
-2440.5,-1989.75,0,TU
1525,-1989.75,0,TU
1966.5,-1989.75,0,TU
420.5,-1989.25,0,TU
508,-1989.25,0,TU
923.5,-1989.25,0,TU
-1099,-1988.75,0,TU
-1874.5,-1988.25,0,TU
751.5,-1988.25,0,TU
-268,-1987.25,0,TU
-37.5,-1987.25,0,TU
216,-1987.25,0,TU
-593,-1986.75,0,TU
-459,-1986.75,0,TU
2453,-1986.75,0,TU
-1149.5,-1985.25,0,TU
-1971.5,-1984.25,0,TU
-1588,-1984.25,0,TU
-870,-1984.25,0,TU
-386,-1984.25,0,TU
848.5,-1984.25,0,TU
-2374.5,-1983.75,0,TU
344.5,-1983.75,0,TU
1635,-1983.75,0,TU
2319,-1983.75,0,TU
-2128.5,-1983.25,0,TU
-58,-1983.25,0,TU
1347,-1981.75,0,TU
1566,-1981.75,0,TU
-1929,-1981.25,0,TU
-1210.5,-1980.75,0,TU
1187,-1980.25,0,TU
608,-1979.75,0,TU
2691,-1979.75,0,TU
-2414.5,-1979.25,0,TU
469,-1978.75,0,TU
1373.5,-1978.25,0,TU
-251,-1977.75,0,TU
994,-1977.75,0,TU
2115,-1976.75,0,TU
2589.5,-1976.75,0,TU
1136,-1976.25,0,TU
236.5,-1975.75,0,TU
2372.5,-1975.75,0,TU
-1731.5,-1974.75,0,TU
-710,-1974.75,0,TU
-2324.5,-1974.25,0,TU
1005,-1974.25,0,TU
1234,-1974.25,0,TU
1707.5,-1974.25,0,TU
-2097,-1973.25,0,TU
-800,-1973.25,0,TU
649,-1973.25,0,TU
299.5,-1972.75,0,TU
2766,-1972.75,0,TU
-2514,-1972.25,0,TU
-1352,-1971.75,0,TU
2619,-1971.75,0,TU
2655.5,-1971.75,0,TU
1261.5,-1971.25,0,TU
1743,-1971.25,0,TU
2289.5,-1970.75,0,TU
-930.5,-1969.75,0,TU
-785.5,-1969.75,0,TU
2258,-1969.25,0,TU
852.5,-1968.75,0,TU
-1336,-1968.25,0,TU
-966.5,-1968.25,0,TU
114.5,-1967.75,0,TU
731,-1966.75,0,TU
561.5,-1966.25,0,TU
2676.5,-1966.25,0,TU
-2481.5,-1965.75,0,TU
-2.5,-1965.75,0,TU
837.5,-1965.75,0,TU
-2348.5,-1965.25,0,TU
-2177.5,-1964.75,0,TU
-347.5,-1964.75,0,TU
1122,-1964.75,0,TU
1330,-1964.75,0,TU
-661,-1964.25,0,TU
-2451.5,-1963.75,0,TU
-510,-1963.75,0,TU
376,-1962.25,0,TU
2138,-1962.25,0,TU
-1635.5,-1961.75,0,TU
217,-1961.25,0,TU
1780,-1961.25,0,TU
2534.5,-1961.25,0,TU
1419,-1960.75,0,TU
-1999,-1959.75,0,TU
2504,-1959.75,0,TU
1194,-1959.25,0,TU
-2417,-1958.75,0,TU
-1039,-1958.25,0,TU
-861.5,-1957.75,0,TU
1462.5,-1957.75,0,TU
-1852.5,-1957.25,0,TU
501.5,-1956.75,0,TU
994.5,-1956.75,0,TU
2701,-1956.75,0,TU
-907,-1956.25,0,TU
1894.5,-1956.25,0,TU
-1017,-1955.75,0,TU
871,-1955.75,0,TU
1544,-1955.75,0,TU
-1727.5,-1955.25,0,TU
1170,-1955.25,0,TU
1915,-1955.25,0,TU
-1469,-1954.75,0,TU
-1220,-1954.25,0,TU
1649.5,-1954.25,0,TU
2132,-1954.25,0,TU
1247,-1953.25,0,TU
-2109.5,-1951.75,0,TU
-1169.5,-1951.25,0,TU
2334,-1950.75,0,TU
-1787,-1950.25,0,TU
-1106,-1950.25,0,TU
629.5,-1949.75,0,TU
-1441.5,-1949.25,0,TU
661,-1949.25,0,TU
1555,-1948.25,0,TU
-2088,-1947.75,0,TU
-460,-1947.25,0,TU
-2370.5,-1946.75,0,TU
-2396,-1946.25,0,TU
-60,-1946.25,0,TU
820.5,-1946.25,0,TU
-321,-1945.75,0,TU
-1596,-1945.25,0,TU
-1496,-1945.25,0,TU
-1288,-1945.25,0,TU
-1135,-1945.25,0,TU
-937,-1945.25,0,TU
1434.5,-1945.25,0,TU
-1195,-1944.25,0,TU
-1090,-1944.25,0,TU
2305,-1943.25,0,TU
-2264.5,-1942.75,0,TU
-1245.5,-1942.75,0,TU
225.5,-1942.75,0,TU
2481,-1942.75,0,TU
-2461,-1942.25,0,TU
2099.5,-1942.25,0,TU
2263,-1941.25,0,TU
322.5,-1940.75,0,TU
-631.5,-1940.25,0,TU
700.5,-1940.25,0,TU
-1329,-1939.75,0,TU
2505,-1939.75,0,TU
-1220,-1939.25,0,TU
2591.5,-1939.25,0,TU
-216,-1938.75,0,TU
755.5,-1938.25,0,TU
-1842,-1937.75,0,TU
-1616.5,-1937.75,0,TU
-1464,-1937.75,0,TU
-441.5,-1937.75,0,TU
-5.5,-1937.25,0,TU
2280.5,-1937.25,0,TU
482,-1936.25,0,TU
2629,-1934.75,0,TU
-2495,-1934.25,0,TU
-517,-1934.25,0,TU
1490.5,-1934.25,0,TU
-262,-1932.75,0,TU
-871.5,-1932.25,0,TU
376.5,-1932.25,0,TU
-1069,-1931.25,0,TU
-938.5,-1931.25,0,TU
-1010,-1930.75,0,TU
-375,-1930.75,0,TU
2366,-1930.25,0,TU
-2238,-1929.25,0,TU
-1794.5,-1928.75,0,TU
995.5,-1928.75,0,TU
-118,-1928.25,0,TU
720.5,-1927.75,0,TU
2062,-1927.75,0,TU
742.5,-1927.25,0,TU
2210,-1927.25,0,TU
-1908,-1926.75,0,TU
1256,-1926.75,0,TU
-2181.5,-1926.25,0,TU
-2142.5,-1926.25,0,TU
-2358.5,-1925.75,0,TU
-1718,-1925.75,0,TU
1620.5,-1925.75,0,TU
1941,-1925.75,0,TU
2191,-1925.25,0,TU
1326,-1924.75,0,TU
1724.5,-1924.75,0,TU
2267,-1924.75,0,TU
-1937,-1924.25,0,TU
783.5,-1923.75,0,TU
-1356,-1922.25,0,TU
148.5,-1922.25,0,TU
918.5,-1922.25,0,TU
-2636.5,-1921.75,0,TU
-996,-1921.75,0,TU
2343,-1921.75,0,TU
2243,-1921.25,0,TU
763.5,-1920.75,0,TU
683,-1920.25,0,TU
-1165,-1919.75,0,TU
-2616.5,-1919.25,0,TU
2001.5,-1919.25,0,TU
-1308.5,-1918.75,0,TU
1642.5,-1918.25,0,TU
-787.5,-1917.75,0,TU
-704,-1917.25,0,TU
-497,-1917.25,0,TU
-462,-1916.75,0,TU
-409.5,-1916.25,0,TU
2462,-1916.25,0,TU
2551,-1916.25,0,TU
-2527,-1915.75,0,TU
-2275.5,-1915.75,0,TU
2765,-1915.75,0,TU
964.5,-1915.25,0,TU
-2448.5,-1914.75,0,TU
-168.5,-1914.75,0,TU
-2471,-1914.25,0,TU
-2041.5,-1914.25,0,TU
391,-1914.25,0,TU
1770,-1914.25,0,TU
2656.5,-1914.25,0,TU
665.5,-1913.75,0,TU
1868.5,-1913.75,0,TU
-1752,-1912.75,0,TU
-1029,-1912.25,0,TU
-736.5,-1912.25,0,TU
-2399.5,-1911.75,0,TU
905.5,-1911.75,0,TU
-1983.5,-1911.25,0,TU
-1599.5,-1911.25,0,TU
-145,-1911.25,0,TU
798,-1911.25,0,TU
1218.5,-1910.75,0,TU
1496,-1910.75,0,TU
-525.5,-1909.75,0,TU
-1519,-1909.25,0,TU
1698,-1909.25,0,TU
2113.5,-1909.25,0,TU
2738,-1909.25,0,TU
-2624.5,-1908.25,0,TU
-1847.5,-1908.25,0,TU
-539.5,-1907.75,0,TU
416.5,-1907.75,0,TU
44.5,-1907.25,0,TU
2187,-1907.25,0,TU
-1414,-1906.75,0,TU
529,-1906.75,0,TU
-1106.5,-1905.75,0,TU
1171,-1905.25,0,TU
1948,-1905.25,0,TU
2060,-1904.25,0,TU
-2235,-1903.75,0,TU
-2064,-1903.75,0,TU
480,-1903.75,0,TU
-867,-1902.75,0,TU
113,-1902.75,0,TU
-1996,-1901.25,0,TU
574.5,-1901.25,0,TU
1734,-1901.25,0,TU
-625,-1900.75,0,TU
1088,-1900.75,0,TU
1196.5,-1900.75,0,TU
2298.5,-1900.25,0,TU
437.5,-1899.75,0,TU
1784,-1899.25,0,TU
2480.5,-1899.25,0,TU
2344.5,-1898.75,0,TU
1004.5,-1897.75,0,TU
-1466,-1897.25,0,TU
-211,-1897.25,0,TU
753.5,-1897.25,0,TU
-1547.5,-1896.75,0,TU
-1183,-1896.75,0,TU
836.5,-1896.25,0,TU
-10.5,-1895.75,0,TU
-2518.5,-1894.25,0,TU
-1697,-1894.25,0,TU
1390,-1894.25,0,TU
1523,-1893.75,0,TU
-1768.5,-1890.75,0,TU
2173.5,-1890.75,0,TU
-43.5,-1890.25,0,TU
2387,-1890.25,0,TU
-1727.5,-1889.75,0,TU
-150.5,-1889.75,0,TU
381,-1889.75,0,TU
-2570.5,-1889.25,0,TU
-733,-1889.25,0,TU
325,-1889.25,0,TU
1277,-1889.25,0,TU
-646,-1888.75,0,TU
-502,-1888.75,0,TU
2211,-1888.75,0,TU
1310,-1888.25,0,TU
-1970.5,-1887.75,0,TU
-684.5,-1887.75,0,TU
2547.5,-1887.75,0,TU
-1357,-1887.25,0,TU
-2418,-1886.75,0,TU
-1530.5,-1886.75,0,TU
1039,-1886.75,0,TU
2426.5,-1886.75,0,TU
-120.5,-1886.25,0,TU
2526.5,-1885.75,0,TU
-298.5,-1885.25,0,TU
2752.5,-1885.25,0,TU
-383,-1884.75,0,TU
976.5,-1884.75,0,TU
1844,-1884.75,0,TU
923.5,-1883.75,0,TU
2256.5,-1883.75,0,TU
-2699.5,-1883.25,0,TU
-1657,-1883.25,0,TU
2273.5,-1883.25,0,TU
460,-1882.75,0,TU
2734.5,-1882.75,0,TU
-2298,-1882.25,0,TU
1705,-1881.75,0,TU
-929,-1881.25,0,TU
-2102,-1880.75,0,TU
-582.5,-1880.75,0,TU
659.5,-1880.75,0,TU
947,-1880.75,0,TU
-1390,-1879.75,0,TU
-2449,-1879.25,0,TU
-2030,-1878.75,0,TU
1333,-1878.75,0,TU
-2270.5,-1878.25,0,TU
564.5,-1878.25,0,TU
-2476,-1877.25,0,TU
2405,-1877.25,0,TU
1951.5,-1876.25,0,TU
1255.5,-1875.75,0,TU
2711,-1875.25,0,TU
726,-1874.25,0,TU
804.5,-1874.25,0,TU
-36,-1873.75,0,TU
866.5,-1873.75,0,TU
-1473.5,-1873.25,0,TU
-860.5,-1872.25,0,TU
-2510,-1871.75,0,TU
1382.5,-1871.75,0,TU
-441,-1871.25,0,TU
1097,-1871.25,0,TU
-1634.5,-1870.75,0,TU
-1130,-1870.75,0,TU
276,-1870.75,0,TU
2091.5,-1870.75,0,TU
-2727,-1869.75,0,TU
-1258,-1869.75,0,TU
-1074,-1869.75,0,TU
173.5,-1869.75,0,TU
1772.5,-1869.75,0,TU
-1586.5,-1868.25,0,TU
1406,-1868.25,0,TU
-340.5,-1867.75,0,TU
-816.5,-1865.75,0,TU
-270.5,-1865.75,0,TU
1513.5,-1865.75,0,TU
-1319.5,-1864.75,0,TU
1008,-1864.75,0,TU
1631,-1864.75,0,TU
-1972.5,-1863.75,0,TU
-1651.5,-1863.75,0,TU
-299,-1863.25,0,TU
1286.5,-1862.75,0,TU
2642,-1862.75,0,TU
1167,-1862.25,0,TU
2806.5,-1862.25,0,TU
-1856.5,-1861.25,0,TU
597,-1861.25,0,TU
2680.5,-1861.25,0,TU
-1197.5,-1860.75,0,TU
-2749.5,-1860.25,0,TU
-709.5,-1860.25,0,TU
-2690.5,-1859.25,0,TU
-1016.5,-1859.25,0,TU
-97.5,-1859.25,0,TU
2425,-1858.75,0,TU
-2779,-1858.25,0,TU
-1291.5,-1858.25,0,TU
-2485,-1857.75,0,TU
655,-1857.75,0,TU
1784.5,-1856.75,0,TU
1918,-1856.75,0,TU
-2452,-1856.25,0,TU
-2548.5,-1855.75,0,TU
-2606.5,-1855.25,0,TU
-1820.5,-1855.25,0,TU
-1155.5,-1855.25,0,TU
1401,-1855.25,0,TU
-176.5,-1854.75,0,TU
780.5,-1854.75,0,TU
2768,-1854.75,0,TU
212,-1854.25,0,TU
2299.5,-1854.25,0,TU
-390.5,-1853.75,0,TU
757.5,-1853.75,0,TU
-956,-1853.25,0,TU
2028,-1853.25,0,TU
-2424.5,-1852.75,0,TU
-2060,-1851.75,0,TU
112,-1851.75,0,TU
-2536.5,-1851.25,0,TU
956.5,-1851.25,0,TU
1244,-1851.25,0,TU
1414,-1850.75,0,TU
-1650,-1850.25,0,TU
-893,-1849.75,0,TU
-736,-1848.75,0,TU
1876,-1848.25,0,TU
-2634.5,-1847.75,0,TU
-503,-1847.75,0,TU
389,-1847.75,0,TU
1206.5,-1847.75,0,TU
2014,-1847.75,0,TU
-985.5,-1846.75,0,TU
-2715,-1846.25,0,TU
0.5,-1846.25,0,TU
2391.5,-1845.75,0,TU
-2759.5,-1845.25,0,TU
-1712.5,-1844.75,0,TU
1981.5,-1844.25,0,TU
-2558,-1843.75,0,TU
2361,-1842.75,0,TU
-562,-1842.25,0,TU
312.5,-1841.75,0,TU
800.5,-1841.25,0,TU
-1957.5,-1840.75,0,TU
404,-1840.75,0,TU
173.5,-1840.25,0,TU
1111.5,-1840.25,0,TU
1815.5,-1840.25,0,TU
144.5,-1839.75,0,TU
2142,-1838.75,0,TU
-2210.5,-1838.25,0,TU
-282.5,-1838.25,0,TU
-210.5,-1838.25,0,TU
2060.5,-1837.75,0,TU
2400,-1837.25,0,TU
2787,-1837.25,0,TU
-2190.5,-1836.75,0,TU
-855,-1836.75,0,TU
1484,-1836.25,0,TU
-468.5,-1835.25,0,TU
1841,-1835.25,0,TU
477.5,-1834.75,0,TU
-1523,-1834.25,0,TU
-309.5,-1834.25,0,TU
-2427.5,-1833.75,0,TU
205,-1833.75,0,TU
1530,-1833.75,0,TU
-1239.5,-1832.75,0,TU
120.5,-1832.75,0,TU
2230,-1832.75,0,TU
2506,-1832.75,0,TU
-1453,-1832.25,0,TU
-1109,-1831.75,0,TU
-547.5,-1831.25,0,TU
105.5,-1831.25,0,TU
1333,-1831.25,0,TU
1273,-1830.75,0,TU
-626.5,-1830.25,0,TU
2691,-1830.25,0,TU
-710.5,-1829.75,0,TU
2456,-1828.75,0,TU
-2361.5,-1828.25,0,TU
-1866.5,-1828.25,0,TU
-2750,-1827.75,0,TU
-48.5,-1827.75,0,TU
-1376,-1826.75,0,TU
-266.5,-1826.25,0,TU
-197.5,-1826.25,0,TU
79,-1826.25,0,TU
2187.5,-1826.25,0,TU
-1356,-1825.75,0,TU
-1070,-1825.25,0,TU
434,-1824.75,0,TU
2627.5,-1824.75,0,TU
1021,-1824.25,0,TU
1465.5,-1824.25,0,TU
-1772.5,-1823.75,0,TU
1076.5,-1823.75,0,TU
-2108.5,-1823.25,0,TU
-1145.5,-1823.25,0,TU
2067,-1822.75,0,TU
2265,-1822.75,0,TU
-2735.5,-1822.25,0,TU
-26.5,-1822.25,0,TU
2746.5,-1822.25,0,TU
-2604.5,-1821.25,0,TU
-791.5,-1820.25,0,TU
804,-1819.75,0,TU
2393.5,-1819.75,0,TU
-1010,-1819.25,0,TU
-823,-1819.25,0,TU
-667.5,-1819.25,0,TU
-590.5,-1819.25,0,TU
461.5,-1819.25,0,TU
2430.5,-1819.25,0,TU
791.5,-1818.75,0,TU
2295.5,-1818.75,0,TU
2794.5,-1818.25,0,TU
1845.5,-1817.75,0,TU
-2630.5,-1817.25,0,TU
-1875.5,-1817.25,0,TU
-1731.5,-1817.25,0,TU
2452.5,-1817.25,0,TU
-1533,-1816.25,0,TU
2036.5,-1815.75,0,TU
352.5,-1814.75,0,TU
-2779.5,-1814.25,0,TU
577,-1814.25,0,TU
-2829,-1813.75,0,TU
-2460.5,-1813.75,0,TU
2468,-1813.75,0,TU
-1690,-1813.25,0,TU
1682,-1813.25,0,TU
926.5,-1812.25,0,TU
1275,-1810.75,0,TU
-2399,-1810.25,0,TU
-2307.5,-1809.25,0,TU
-2185.5,-1809.25,0,TU
-1075,-1809.25,0,TU
-1183,-1808.75,0,TU
2000,-1808.75,0,TU
2360.5,-1807.75,0,TU
-1552,-1807.25,0,TU
-283.5,-1807.25,0,TU
-2250.5,-1806.75,0,TU
2239.5,-1806.75,0,TU
478,-1806.25,0,TU
1794,-1806.25,0,TU
-949,-1805.25,0,TU
-181,-1805.25,0,TU
843.5,-1805.25,0,TU
-1265.5,-1804.75,0,TU
-2280.5,-1804.25,0,TU
-730.5,-1803.25,0,TU
1825,-1803.25,0,TU
-1439.5,-1802.25,0,TU
-923.5,-1802.25,0,TU
-121.5,-1802.25,0,TU
2111,-1802.25,0,TU
-2595,-1801.75,0,TU
958,-1801.75,0,TU
1145,-1801.75,0,TU
-2487.5,-1801.25,0,TU
-1715.5,-1801.25,0,TU
495.5,-1800.75,0,TU
-899.5,-1799.75,0,TU
-2031.5,-1799.25,0,TU
749,-1798.75,0,TU
-1469,-1798.25,0,TU
-2659.5,-1797.25,0,TU
-622.5,-1796.75,0,TU
2428.5,-1795.75,0,TU
303,-1795.25,0,TU
-355.5,-1794.25,0,TU
142,-1794.25,0,TU
-676,-1793.75,0,TU
-538,-1793.75,0,TU
2547,-1793.75,0,TU
-323.5,-1793.25,0,TU
649.5,-1792.75,0,TU
-2451.5,-1792.25,0,TU
-1314,-1792.25,0,TU
802.5,-1792.25,0,TU
1841.5,-1792.25,0,TU
113,-1791.75,0,TU
2447.5,-1790.75,0,TU
2690.5,-1790.25,0,TU
-2142,-1789.75,0,TU
1707.5,-1789.75,0,TU
2369.5,-1789.75,0,TU
367,-1789.25,0,TU
-2083,-1788.75,0,TU
-992.5,-1788.75,0,TU
2613,-1788.75,0,TU
-1949,-1787.75,0,TU
2180.5,-1787.75,0,TU
2224.5,-1787.75,0,TU
-1647.5,-1787.25,0,TU
273,-1786.75,0,TU
2854.5,-1786.25,0,TU
-2672,-1785.75,0,TU
-1748.5,-1785.75,0,TU
2513,-1785.75,0,TU
-198,-1785.25,0,TU
68,-1784.75,0,TU
-1125.5,-1783.75,0,TU
626.5,-1783.75,0,TU
-775,-1783.25,0,TU
-513.5,-1783.25,0,TU
2417,-1783.25,0,TU
-2421,-1781.75,0,TU
-964,-1781.75,0,TU
-667,-1781.75,0,TU
-2571,-1781.25,0,TU
-486,-1781.25,0,TU
-1712,-1779.75,0,TU
2441.5,-1779.75,0,TU
-2273,-1779.25,0,TU
-2369.5,-1778.75,0,TU
1205,-1778.75,0,TU
-2513.5,-1775.75,0,TU
-2177,-1775.75,0,TU
-1237,-1775.75,0,TU
1299.5,-1775.25,0,TU
2549,-1775.25,0,TU
-2032.5,-1774.75,0,TU
-1342,-1774.75,0,TU
-215.5,-1774.75,0,TU
-1381,-1773.75,0,TU
839,-1773.75,0,TU
930.5,-1773.25,0,TU
100.5,-1772.75,0,TU
1578,-1772.75,0,TU
1989.5,-1772.75,0,TU
-561.5,-1772.25,0,TU
809.5,-1772.25,0,TU
621,-1771.75,0,TU
-2599.5,-1771.25,0,TU
1555.5,-1770.75,0,TU
-2456,-1770.25,0,TU
2167,-1770.25,0,TU
-2155,-1768.75,0,TU
-773.5,-1768.75,0,TU
-106,-1768.75,0,TU
1162.5,-1768.75,0,TU
-462,-1767.75,0,TU
-1512,-1766.75,0,TU
1636.5,-1766.25,0,TU
-2324.5,-1765.75,0,TU
2112.5,-1765.25,0,TU
-1767.5,-1764.75,0,TU
337,-1764.25,0,TU
-2724,-1763.75,0,TU
-1082,-1763.75,0,TU
-748.5,-1763.25,0,TU
783,-1763.25,0,TU
-1423,-1762.75,0,TU
2621.5,-1762.75,0,TU
2835,-1762.75,0,TU
1199.5,-1762.25,0,TU
2189.5,-1762.25,0,TU
1389,-1761.25,0,TU
-616.5,-1760.75,0,TU
-2805,-1760.25,0,TU
2352,-1760.25,0,TU
-2842.5,-1759.75,0,TU
-423,-1759.75,0,TU
-2904.5,-1758.75,0,TU
-682,-1758.25,0,TU
393,-1757.25,0,TU
-2256,-1756.75,0,TU
1830.5,-1756.75,0,TU
2806.5,-1756.25,0,TU
2210,-1755.25,0,TU
-2956.5,-1754.25,0,TU
516,-1754.25,0,TU
554,-1754.25,0,TU
1433,-1754.25,0,TU
1886,-1754.25,0,TU
1311.5,-1753.25,0,TU
1625,-1753.25,0,TU
-2749.5,-1752.75,0,TU
-1837.5,-1752.25,0,TU
-1311,-1752.25,0,TU
774,-1750.75,0,TU
-1584,-1750.25,0,TU
608.5,-1750.25,0,TU
-25,-1749.75,0,TU
-967,-1749.25,0,TU
2078,-1749.25,0,TU
2414,-1748.75,0,TU
-183,-1748.25,0,TU
195,-1748.25,0,TU
-822.5,-1747.75,0,TU
427.5,-1747.75,0,TU
594.5,-1747.75,0,TU
2821,-1747.75,0,TU
1713,-1747.25,0,TU
2784.5,-1747.25,0,TU
-2281.5,-1746.75,0,TU
2332,-1746.75,0,TU
2436.5,-1745.75,0,TU
-1233,-1745.25,0,TU
1782.5,-1745.25,0,TU
2497,-1745.25,0,TU
1504.5,-1744.75,0,TU
-1603.5,-1744.25,0,TU
688.5,-1744.25,0,TU
1676,-1744.25,0,TU
-396,-1743.75,0,TU
-2792,-1743.25,0,TU
-774,-1743.25,0,TU
1814,-1743.25,0,TU
-2744,-1742.75,0,TU
-2200,-1742.75,0,TU
-591.5,-1742.75,0,TU
214.5,-1742.25,0,TU
1857,-1741.75,0,TU
-2941,-1741.25,0,TU
-1812,-1741.25,0,TU
1924.5,-1741.25,0,TU
2743.5,-1741.25,0,TU
-2373,-1740.75,0,TU
2245,-1740.75,0,TU
-2728,-1740.25,0,TU
2303,-1739.25,0,TU
-478,-1738.75,0,TU
982,-1738.75,0,TU
-2316,-1738.25,0,TU
3.5,-1738.25,0,TU
928,-1738.25,0,TU
2622,-1738.25,0,TU
-304,-1737.75,0,TU
1242.5,-1737.75,0,TU
1536.5,-1737.75,0,TU
-886.5,-1737.25,0,TU
-1626,-1736.25,0,TU
-2913.5,-1735.75,0,TU
146,-1735.75,0,TU
276,-1735.75,0,TU
860.5,-1735.75,0,TU
794.5,-1735.25,0,TU
1645,-1735.25,0,TU
-2155.5,-1734.75,0,TU
-2057,-1734.75,0,TU
-1732.5,-1734.75,0,TU
375,-1734.75,0,TU
-1653.5,-1734.25,0,TU
1719.5,-1734.25,0,TU
-1519.5,-1733.75,0,TU
-1270,-1733.75,0,TU
590,-1733.25,0,TU
1121,-1733.25,0,TU
-801.5,-1732.25,0,TU
-937,-1731.25,0,TU
-2097,-1729.75,0,TU
182,-1729.75,0,TU
2658,-1729.25,0,TU
-1293.5,-1728.25,0,TU
-84,-1728.25,0,TU
2780,-1728.25,0,TU
-2116.5,-1727.75,0,TU
111,-1727.75,0,TU
1766.5,-1727.75,0,TU
-999,-1727.25,0,TU
-786,-1727.25,0,TU
-539,-1726.75,0,TU
-310.5,-1726.25,0,TU
800,-1726.25,0,TU
1845.5,-1726.25,0,TU
487.5,-1725.75,0,TU
-1449.5,-1725.25,0,TU
-975,-1725.25,0,TU
-639,-1725.25,0,TU
1624.5,-1725.25,0,TU
-2930.5,-1724.75,0,TU
825.5,-1723.75,0,TU
224,-1722.75,0,TU
1027,-1722.75,0,TU
1702.5,-1722.25,0,TU
2151.5,-1722.25,0,TU
-2952.5,-1721.25,0,TU
-2288,-1721.25,0,TU
2187.5,-1720.75,0,TU
431,-1720.25,0,TU
2525.5,-1718.75,0,TU
-2809.5,-1718.25,0,TU
-211,-1717.75,0,TU
1686.5,-1717.75,0,TU
2225.5,-1717.75,0,TU
1357.5,-1716.75,0,TU
696.5,-1716.25,0,TU
2458,-1716.25,0,TU
-1342,-1715.75,0,TU
740.5,-1715.75,0,TU
1915.5,-1715.75,0,TU
-2141,-1714.75,0,TU
-2,-1714.75,0,TU
-1020.5,-1713.75,0,TU
-2470,-1713.25,0,TU
-1229.5,-1713.25,0,TU
-992.5,-1713.25,0,TU
756.5,-1713.25,0,TU
2345.5,-1713.25,0,TU
2720.5,-1713.25,0,TU
-1533,-1712.75,0,TU
-586.5,-1712.75,0,TU
-235,-1712.25,0,TU
281,-1711.75,0,TU
-2746.5,-1711.25,0,TU
2046,-1711.25,0,TU
-2526.5,-1710.75,0,TU
-707,-1709.75,0,TU
418,-1709.75,0,TU
-1397.5,-1709.25,0,TU
-1564.5,-1708.75,0,TU
-2557.5,-1708.25,0,TU
-1109.5,-1707.75,0,TU
1158,-1707.75,0,TU
1854,-1707.75,0,TU
1953.5,-1707.75,0,TU
-2910.5,-1707.25,0,TU
981,-1707.25,0,TU
320,-1705.25,0,TU
2670,-1705.25,0,TU
-1710.5,-1704.75,0,TU
-1942.5,-1703.25,0,TU
348,-1703.25,0,TU
533,-1703.25,0,TU
-603,-1702.75,0,TU
-565,-1702.75,0,TU
-1198.5,-1702.25,0,TU
-1140,-1702.25,0,TU
-461,-1702.25,0,TU
920.5,-1702.25,0,TU
2856.5,-1702.25,0,TU
-1611.5,-1701.75,0,TU
577.5,-1701.25,0,TU
-886,-1700.25,0,TU
-1511.5,-1699.75,0,TU
-3028,-1698.75,0,TU
2311.5,-1698.75,0,TU
2027,-1698.25,0,TU
-799,-1697.75,0,TU
1261.5,-1697.25,0,TU
2073,-1697.25,0,TU
-2439.5,-1696.75,0,TU
1174,-1695.75,0,TU
208,-1695.25,0,TU
2474,-1695.25,0,TU
-2793.5,-1694.25,0,TU
-2513.5,-1694.25,0,TU
860.5,-1693.75,0,TU
1058.5,-1693.75,0,TU
-3050,-1693.25,0,TU
-2660.5,-1693.25,0,TU
-3013,-1691.25,0,TU
-1545,-1691.25,0,TU
2551.5,-1690.75,0,TU
624,-1690.25,0,TU
-37.5,-1688.75,0,TU
1854,-1688.75,0,TU
728,-1688.25,0,TU
1156,-1687.75,0,TU
1197.5,-1687.75,0,TU
-2028,-1685.75,0,TU
-1932.5,-1685.75,0,TU
1685,-1685.75,0,TU
-2711.5,-1685.25,0,TU
-2044.5,-1685.25,0,TU
-1037.5,-1685.25,0,TU
-2102,-1684.25,0,TU
-2683.5,-1683.25,0,TU
-296.5,-1683.25,0,TU
407,-1683.25,0,TU
1114,-1683.25,0,TU
1577,-1682.25,0,TU
1974,-1682.25,0,TU
1436.5,-1681.75,0,TU
-2290.5,-1680.75,0,TU
-878,-1680.75,0,TU
-161.5,-1680.75,0,TU
869,-1679.75,0,TU
-228.5,-1679.25,0,TU
-3037,-1678.25,0,TU
-1274,-1678.25,0,TU
-192,-1678.25,0,TU
-2599.5,-1677.75,0,TU
-2427,-1677.75,0,TU
1016.5,-1677.75,0,TU
1089,-1677.25,0,TU
172,-1676.25,0,TU
898.5,-1675.75,0,TU
-1770,-1675.25,0,TU
484.5,-1675.25,0,TU
1789.5,-1674.75,0,TU
-3063.5,-1674.25,0,TU
-477,-1673.25,0,TU
1350,-1673.25,0,TU
-795,-1672.75,0,TU
-1184,-1672.25,0,TU
593.5,-1672.25,0,TU
-2398.5,-1671.75,0,TU
-1518.5,-1671.75,0,TU
-837.5,-1671.75,0,TU
1414.5,-1671.75,0,TU
-2476,-1671.25,0,TU
32.5,-1671.25,0,TU
1932.5,-1671.25,0,TU
1950.5,-1671.25,0,TU
1828.5,-1670.75,0,TU
2204.5,-1670.75,0,TU
2679,-1670.75,0,TU
-2307,-1670.25,0,TU
-1363.5,-1670.25,0,TU
2700.5,-1670.25,0,TU
-1618.5,-1669.75,0,TU
436,-1669.75,0,TU
370,-1669.25,0,TU
1065.5,-1669.25,0,TU
2591,-1668.75,0,TU
-2179,-1668.25,0,TU
-1098.5,-1668.25,0,TU
561,-1668.25,0,TU
-1331,-1667.25,0,TU
-536.5,-1667.25,0,TU
1038,-1667.25,0,TU
-1498,-1666.75,0,TU
2841,-1666.25,0,TU
-985,-1665.75,0,TU
-2091.5,-1665.25,0,TU
2169.5,-1664.75,0,TU
1288,-1664.25,0,TU
-1149.5,-1663.75,0,TU
2814.5,-1663.75,0,TU
2230,-1662.75,0,TU
-1542,-1662.25,0,TU
-245,-1661.75,0,TU
508,-1661.75,0,TU
-456.5,-1660.25,0,TU
-384.5,-1660.25,0,TU
221.5,-1660.25,0,TU
2789.5,-1660.25,0,TU
1145,-1659.75,0,TU
909,-1658.75,0,TU
1174,-1658.25,0,TU
-1971.5,-1657.25,0,TU
-216.5,-1656.75,0,TU
994.5,-1656.75,0,TU
1503.5,-1655.75,0,TU
-2871.5,-1655.25,0,TU
-2208.5,-1654.75,0,TU
1634,-1653.75,0,TU
-1213,-1653.25,0,TU
-1397,-1652.75,0,TU
12,-1652.25,0,TU
2147.5,-1651.25,0,TU
1262,-1649.75,0,TU
-2345.5,-1649.25,0,TU
2913,-1649.25,0,TU
1832,-1648.25,0,TU
1764.5,-1647.75,0,TU
-2626.5,-1647.25,0,TU
-1486.5,-1647.25,0,TU
315.5,-1647.25,0,TU
-2045.5,-1646.25,0,TU
-1875.5,-1646.25,0,TU
159.5,-1646.25,0,TU
2705,-1646.25,0,TU
-1039,-1645.75,0,TU
-1432.5,-1645.25,0,TU
2367,-1645.25,0,TU
1668,-1644.75,0,TU
-3094,-1644.25,0,TU
-497,-1644.25,0,TU
-339,-1644.25,0,TU
-1016,-1643.75,0,TU
-2152,-1643.25,0,TU
2591,-1642.75,0,TU
83,-1642.25,0,TU
412,-1641.75,0,TU
-2185,-1640.75,0,TU
-938,-1640.25,0,TU
-277.5,-1640.25,0,TU
1994,-1640.25,0,TU
1246.5,-1639.75,0,TU
2560,-1639.75,0,TU
-1111.5,-1639.25,0,TU
782,-1639.25,0,TU
2176,-1639.25,0,TU
1850.5,-1638.75,0,TU
1426,-1638.25,0,TU
-1077,-1637.75,0,TU
-589.5,-1637.75,0,TU
-249.5,-1637.75,0,TU
-1182.5,-1636.75,0,TU
-716.5,-1635.75,0,TU
2522.5,-1635.75,0,TU
-1726,-1635.25,0,TU
-1519.5,-1635.25,0,TU
1106,-1635.25,0,TU
2224,-1635.25,0,TU
1692,-1634.75,0,TU
-2090,-1634.25,0,TU
-84,-1634.25,0,TU
2071.5,-1634.25,0,TU
-369.5,-1632.75,0,TU
1071,-1632.75,0,TU
382.5,-1632.25,0,TU
2671.5,-1632.25,0,TU
-56.5,-1630.75,0,TU
1545.5,-1630.75,0,TU
-1795,-1630.25,0,TU
-1047.5,-1629.25,0,TU
-1007,-1629.25,0,TU
-765.5,-1629.25,0,TU
1213.5,-1629.25,0,TU
-2631.5,-1628.75,0,TU
2828,-1628.75,0,TU
-2572.5,-1628.25,0,TU
2007,-1628.25,0,TU
-2424.5,-1627.75,0,TU
905,-1627.75,0,TU
1182.5,-1627.75,0,TU
1900,-1627.75,0,TU
2161,-1627.75,0,TU
238,-1626.75,0,TU
1870.5,-1626.75,0,TU
-1326,-1626.25,0,TU
1306,-1626.25,0,TU
-2714.5,-1625.75,0,TU
-1842,-1625.75,0,TU
-2064.5,-1625.25,0,TU
1508.5,-1624.25,0,TU
2584.5,-1624.25,0,TU
2651,-1624.25,0,TU
2729,-1624.25,0,TU
941,-1623.75,0,TU
-70,-1623.25,0,TU
2242.5,-1623.25,0,TU
-2109,-1622.25,0,TU
-2302,-1621.75,0,TU
-155,-1621.75,0,TU
2602.5,-1621.75,0,TU
323,-1620.75,0,TU
-894.5,-1619.75,0,TU
-336,-1619.75,0,TU
848,-1619.25,0,TU
-1447,-1618.75,0,TU
2314,-1618.75,0,TU
2519,-1617.75,0,TU
-203.5,-1617.25,0,TU
41,-1616.25,0,TU
-27.5,-1615.75,0,TU
-1477.5,-1615.25,0,TU
-364,-1614.75,0,TU
-2141.5,-1614.25,0,TU
501.5,-1614.25,0,TU
-1338.5,-1613.75,0,TU
-889.5,-1613.75,0,TU
2845,-1613.75,0,TU
-323.5,-1613.25,0,TU
-1208.5,-1612.25,0,TU
-2547,-1611.25,0,TU
-1910,-1611.25,0,TU
-3154.5,-1610.75,0,TU
368,-1610.25,0,TU
286.5,-1609.25,0,TU
1742.5,-1609.25,0,TU
-2500.5,-1608.75,0,TU
1442,-1608.75,0,TU
-118.5,-1608.25,0,TU
2079,-1607.75,0,TU
-782,-1607.25,0,TU
394,-1607.25,0,TU
1819,-1607.25,0,TU
1525.5,-1606.75,0,TU
968.5,-1606.25,0,TU
-1225.5,-1605.75,0,TU
1247,-1604.25,0,TU
-2823,-1603.75,0,TU
-2629,-1603.75,0,TU
-219,-1603.75,0,TU
-975,-1602.75,0,TU
-371.5,-1601.75,0,TU
2210.5,-1601.75,0,TU
1673.5,-1601.25,0,TU
-396.5,-1600.75,0,TU
838.5,-1600.75,0,TU
-1459,-1600.25,0,TU
-1372,-1600.25,0,TU
417,-1600.25,0,TU
-1943.5,-1599.75,0,TU
1992.5,-1599.25,0,TU
-2291.5,-1598.75,0,TU
-313,-1598.75,0,TU
-2171,-1598.25,0,TU
1191,-1597.25,0,TU
2699,-1597.25,0,TU
-2473,-1596.75,0,TU
-787.5,-1596.75,0,TU
109,-1596.25,0,TU
2896,-1596.25,0,TU
-1254,-1595.75,0,TU
2534.5,-1595.25,0,TU
-1828.5,-1594.75,0,TU
-1005.5,-1594.75,0,TU
-1321.5,-1593.75,0,TU
-276.5,-1593.25,0,TU
781,-1590.25,0,TU
2709.5,-1590.25,0,TU
-581.5,-1589.75,0,TU
-96.5,-1589.75,0,TU
-420.5,-1589.25,0,TU
-2495.5,-1588.75,0,TU
-1982.5,-1588.75,0,TU
625.5,-1588.25,0,TU
581.5,-1587.75,0,TU
-830.5,-1587.25,0,TU
-1429.5,-1586.75,0,TU
-1133,-1586.75,0,TU
1962,-1586.75,0,TU
1780.5,-1586.25,0,TU
-2967,-1585.75,0,TU
-396,-1585.75,0,TU
-1090,-1585.25,0,TU
-196,-1584.75,0,TU
2086.5,-1584.75,0,TU
858,-1583.75,0,TU
1087.5,-1583.75,0,TU
153,-1583.25,0,TU
471,-1581.75,0,TU
2824.5,-1581.75,0,TU
-1108.5,-1581.25,0,TU
652,-1581.25,0,TU
2578,-1581.25,0,TU
-296,-1580.75,0,TU
334.5,-1580.25,0,TU
2275.5,-1580.25,0,TU
2699.5,-1579.75,0,TU
-1546.5,-1579.25,0,TU
-2437,-1578.75,0,TU
-218.5,-1578.75,0,TU
2616.5,-1578.75,0,TU
2378,-1578.25,0,TU
2524.5,-1578.25,0,TU
124,-1577.75,0,TU
-2103.5,-1577.25,0,TU
-1650,-1577.25,0,TU
-1294.5,-1577.25,0,TU
54,-1576.75,0,TU
1802.5,-1576.25,0,TU
94.5,-1575.75,0,TU
1319,-1575.75,0,TU
-739,-1575.25,0,TU
1105.5,-1575.25,0,TU
-600.5,-1574.75,0,TU
1612,-1574.75,0,TU
-3091,-1574.25,0,TU
1904,-1574.25,0,TU
2226.5,-1574.25,0,TU
2294.5,-1573.75,0,TU
-1433,-1573.25,0,TU
-1695.5,-1572.25,0,TU
2909.5,-1572.25,0,TU
-1066,-1571.75,0,TU
-810.5,-1571.75,0,TU
-1864,-1571.25,0,TU
-2238.5,-1570.75,0,TU
-2154.5,-1570.75,0,TU
1276.5,-1570.75,0,TU
1881.5,-1570.75,0,TU
2492.5,-1570.75,0,TU
2438.5,-1570.25,0,TU
-2960,-1569.75,0,TU
-369.5,-1568.25,0,TU
1498.5,-1568.25,0,TU
186.5,-1567.75,0,TU
841.5,-1567.75,0,TU
972,-1567.25,0,TU
-317.5,-1566.75,0,TU
1073.5,-1566.75,0,TU
1693.5,-1566.75,0,TU
2173.5,-1566.75,0,TU
443.5,-1566.25,0,TU
-3157,-1565.25,0,TU
818.5,-1564.25,0,TU
1196,-1564.25,0,TU
-1126.5,-1563.25,0,TU
-756.5,-1563.25,0,TU
900.5,-1563.25,0,TU
-2585,-1562.75,0,TU
-638,-1562.75,0,TU
1790.5,-1562.75,0,TU
-3049.5,-1561.25,0,TU
2126,-1559.75,0,TU
657.5,-1559.25,0,TU
-1256.5,-1558.75,0,TU
-661.5,-1558.75,0,TU
2639,-1558.75,0,TU
1133,-1558.25,0,TU
1442,-1558.25,0,TU
-424.5,-1557.25,0,TU
577,-1557.25,0,TU
-1995.5,-1556.75,0,TU
607,-1556.75,0,TU
2254,-1556.75,0,TU
1245,-1556.25,0,TU
2923.5,-1556.25,0,TU
-2700,-1555.25,0,TU
1582,-1554.75,0,TU
43.5,-1553.75,0,TU
-2903.5,-1553.25,0,TU
-2645.5,-1553.25,0,TU
-1838.5,-1553.25,0,TU
398.5,-1552.75,0,TU
543.5,-1552.25,0,TU
2760.5,-1552.25,0,TU
-1144,-1551.75,0,TU
-2980.5,-1551.25,0,TU
-2528,-1551.25,0,TU
470,-1551.25,0,TU
1668,-1551.25,0,TU
1762.5,-1551.25,0,TU
1931.5,-1551.25,0,TU
-2833,-1550.25,0,TU
-1672,-1550.25,0,TU
1991.5,-1550.25,0,TU
-2493,-1549.75,0,TU
-2188.5,-1549.75,0,TU
-1635,-1549.75,0,TU
-278,-1549.75,0,TU
1033,-1549.75,0,TU
2090,-1549.75,0,TU
-1749.5,-1548.75,0,TU
-903,-1548.75,0,TU
-321.5,-1548.75,0,TU
-1818,-1548.25,0,TU
-602,-1548.25,0,TU
2022.5,-1548.25,0,TU
-2625.5,-1547.75,0,TU
1383,-1547.75,0,TU
-1719.5,-1547.25,0,TU
-1088,-1547.25,0,TU
-141.5,-1547.25,0,TU
1049,-1546.25,0,TU
-477,-1545.75,0,TU
1156,-1545.75,0,TU
231,-1544.75,0,TU
-2895.5,-1543.75,0,TU
-1908,-1543.75,0,TU
-1376,-1543.75,0,TU
-1657,-1543.25,0,TU
-102,-1543.25,0,TU
-2106,-1542.75,0,TU
-770,-1542.75,0,TU
-1038.5,-1542.25,0,TU
2075.5,-1542.25,0,TU
-674.5,-1541.75,0,TU
-500,-1541.75,0,TU
-1178,-1540.75,0,TU
1868.5,-1540.75,0,TU
1248.5,-1540.25,0,TU
293,-1539.75,0,TU
1691.5,-1539.75,0,TU
2313,-1539.75,0,TU
-2692,-1539.25,0,TU
-253,-1539.25,0,TU
2750.5,-1538.75,0,TU
113,-1538.25,0,TU
212.5,-1538.25,0,TU
1844,-1538.25,0,TU
1886,-1537.75,0,TU
2209,-1537.75,0,TU
-1526.5,-1537.25,0,TU
-950,-1537.25,0,TU
1297,-1537.25,0,TU
1445.5,-1537.25,0,TU
-2386.5,-1535.75,0,TU
-125,-1535.75,0,TU
-2541.5,-1535.25,0,TU
786.5,-1535.25,0,TU
-3122.5,-1534.75,0,TU
2330,-1534.25,0,TU
898.5,-1533.75,0,TU
1911.5,-1533.75,0,TU
-1745,-1532.75,0,TU
1680.5,-1532.25,0,TU
2904,-1531.25,0,TU
-2979,-1530.75,0,TU
-835.5,-1530.75,0,TU
2501.5,-1530.25,0,TU
534,-1529.75,0,TU
-1919.5,-1529.25,0,TU
1472,-1529.25,0,TU
2413.5,-1529.25,0,TU
2869,-1529.25,0,TU
-563,-1528.75,0,TU
2147.5,-1528.75,0,TU
2467.5,-1528.75,0,TU
1830.5,-1527.25,0,TU
-2016,-1526.75,0,TU
-2081.5,-1525.75,0,TU
1861.5,-1525.75,0,TU
-2052,-1525.25,0,TU
-729.5,-1525.25,0,TU
-461.5,-1525.25,0,TU
1725.5,-1525.25,0,TU
1967.5,-1525.25,0,TU
2437,-1524.75,0,TU
-2197.5,-1524.25,0,TU
-1298,-1524.25,0,TU
414,-1524.25,0,TU
2617.5,-1523.75,0,TU
-864.5,-1523.25,0,TU
1567.5,-1522.25,0,TU
-927.5,-1521.75,0,TU
1999,-1521.75,0,TU
-79,-1521.25,0,TU
-2132,-1520.25,0,TU
-2937,-1518.75,0,TU
-1021,-1517.75,0,TU
44,-1517.75,0,TU
1271,-1516.25,0,TU
2084.5,-1516.25,0,TU
2781,-1516.25,0,TU
-1714,-1515.75,0,TU
-1686,-1515.25,0,TU
-2989.5,-1513.75,0,TU
-2253,-1513.75,0,TU
1058.5,-1513.25,0,TU
-1041.5,-1512.75,0,TU
2689,-1512.75,0,TU
-1262,-1512.25,0,TU
1739.5,-1512.25,0,TU
2569,-1512.25,0,TU
-2633,-1511.25,0,TU
899,-1511.25,0,TU
-1889.5,-1510.75,0,TU
505,-1510.75,0,TU
1446,-1510.75,0,TU
1841,-1509.75,0,TU
-2593.5,-1509.25,0,TU
427.5,-1509.25,0,TU
1290.5,-1509.25,0,TU
2610.5,-1508.75,0,TU
188.5,-1507.75,0,TU
344.5,-1507.75,0,TU
669.5,-1507.75,0,TU
-2078,-1507.25,0,TU
933,-1507.25,0,TU
1624.5,-1507.25,0,TU
1721.5,-1506.25,0,TU
-2608.5,-1505.75,0,TU
-900.5,-1505.25,0,TU
1855.5,-1505.25,0,TU
1954.5,-1503.25,0,TU
-1485,-1502.75,0,TU
802,-1502.75,0,TU
-1181.5,-1502.25,0,TU
-2022,-1501.25,0,TU
2051,-1500.75,0,TU
-1397,-1500.25,0,TU
-1273,-1500.25,0,TU
-803,-1500.25,0,TU
-3208,-1499.75,0,TU
-2127.5,-1499.75,0,TU
-1991,-1498.75,0,TU
1478,-1498.75,0,TU
-2827.5,-1498.25,0,TU
-2209.5,-1497.25,0,TU
-1211,-1497.25,0,TU
867,-1497.25,0,TU
-3177.5,-1496.75,0,TU
-1911.5,-1496.75,0,TU
-3005,-1496.25,0,TU
364.5,-1496.25,0,TU
1644.5,-1496.25,0,TU
-1241,-1495.75,0,TU
1928.5,-1495.75,0,TU
2447,-1495.75,0,TU
-3245.5,-1495.25,0,TU
1136,-1494.75,0,TU
1907.5,-1494.75,0,TU
-3098,-1493.75,0,TU
-886,-1493.75,0,TU
2820.5,-1493.75,0,TU
-2446,-1493.25,0,TU
-131.5,-1493.25,0,TU
-2166,-1492.75,0,TU
1846,-1492.75,0,TU
1232.5,-1492.25,0,TU
485,-1491.25,0,TU
2022,-1491.25,0,TU
-1821,-1490.75,0,TU
-1503.5,-1490.75,0,TU
-662.5,-1490.75,0,TU
2688,-1490.75,0,TU
-1437.5,-1490.25,0,TU
-637,-1490.25,0,TU
-1099,-1489.75,0,TU
2604,-1489.75,0,TU
-1938.5,-1489.25,0,TU
-599.5,-1489.25,0,TU
-251,-1489.25,0,TU
1580,-1489.25,0,TU
2940,-1489.25,0,TU
-2598,-1488.25,0,TU
-283,-1488.25,0,TU
1120.5,-1488.25,0,TU
-1610.5,-1487.25,0,TU
450.5,-1487.25,0,TU
-2497,-1486.75,0,TU
741,-1486.25,0,TU
-3126,-1485.25,0,TU
1755.5,-1484.25,0,TU
2151,-1484.25,0,TU
-1534,-1483.75,0,TU
1245,-1483.75,0,TU
-462.5,-1481.75,0,TU
-1961,-1481.25,0,TU
682.5,-1480.75,0,TU
1881,-1480.75,0,TU
2003,-1480.75,0,TU
2908,-1480.75,0,TU
-3199,-1480.25,0,TU
-823.5,-1478.75,0,TU
2578.5,-1478.75,0,TU
-430.5,-1477.75,0,TU
1084.5,-1477.75,0,TU
1484.5,-1477.75,0,TU
2742,-1477.75,0,TU
-1978.5,-1476.75,0,TU
517.5,-1476.75,0,TU
1365,-1476.75,0,TU
-2864.5,-1475.75,0,TU
745,-1475.75,0,TU
1535,-1475.75,0,TU
2539.5,-1475.75,0,TU
-791.5,-1475.25,0,TU
-114,-1475.25,0,TU
283.5,-1475.25,0,TU
992,-1475.25,0,TU
257.5,-1474.75,0,TU
1453.5,-1474.75,0,TU
-3254,-1473.75,0,TU
-522.5,-1473.75,0,TU
-86,-1472.75,0,TU
-2048,-1471.75,0,TU
-1796,-1471.75,0,TU
-1010.5,-1471.75,0,TU
2058.5,-1471.75,0,TU
2623.5,-1471.25,0,TU
2644,-1471.25,0,TU
-3282,-1470.75,0,TU
2967,-1470.75,0,TU
-1656,-1470.25,0,TU
73.5,-1470.25,0,TU
-3147,-1469.25,0,TU
-2656.5,-1469.25,0,TU
-1894,-1469.25,0,TU
1909.5,-1469.25,0,TU
-2541.5,-1468.75,0,TU
-1850.5,-1468.75,0,TU
-1499.5,-1468.75,0,TU
-2139.5,-1468.25,0,TU
1752,-1468.25,0,TU
-2829.5,-1467.25,0,TU
-1824,-1465.25,0,TU
-933,-1465.25,0,TU
1337,-1464.75,0,TU
2517.5,-1464.75,0,TU
2888.5,-1464.75,0,TU
1584,-1464.25,0,TU
-2483.5,-1463.75,0,TU
-761.5,-1463.25,0,TU
1658.5,-1463.25,0,TU
1988.5,-1462.75,0,TU
-3029,-1462.25,0,TU
-1130.5,-1462.25,0,TU
-623,-1461.75,0,TU
1110,-1461.75,0,TU
1214.5,-1461.75,0,TU
391.5,-1461.25,0,TU
2593.5,-1460.75,0,TU
-456,-1460.25,0,TU
419,-1456.75,0,TU
-3192.5,-1456.25,0,TU
-2207,-1456.25,0,TU
53.5,-1456.25,0,TU
680.5,-1456.25,0,TU
-3305.5,-1455.75,0,TU
-2558,-1455.75,0,TU
618,-1455.75,0,TU
-2115.5,-1454.75,0,TU
1191.5,-1454.75,0,TU
-570,-1454.25,0,TU
1355,-1454.25,0,TU
-3089.5,-1453.75,0,TU
1606,-1453.75,0,TU
-1998,-1453.25,0,TU
1843.5,-1453.25,0,TU
171.5,-1452.75,0,TU
1885,-1452.25,0,TU
-1264.5,-1451.75,0,TU
187.5,-1451.25,0,TU
1639.5,-1451.25,0,TU
-2711.5,-1450.75,0,TU
1011.5,-1450.25,0,TU
2918,-1450.25,0,TU
3011.5,-1449.75,0,TU
-3167,-1449.25,0,TU
-2597.5,-1449.25,0,TU
-2300,-1448.75,0,TU
-1028.5,-1448.75,0,TU
883,-1448.75,0,TU
-3221,-1448.25,0,TU
453,-1448.25,0,TU
1125,-1448.25,0,TU
-2082.5,-1447.75,0,TU
-859,-1447.75,0,TU
-2025.5,-1447.25,0,TU
218.5,-1446.75,0,TU
596.5,-1446.25,0,TU
-1406,-1445.75,0,TU
-596,-1445.75,0,TU
2952,-1445.75,0,TU
-2880,-1444.75,0,TU
2474.5,-1444.25,0,TU
-809,-1443.75,0,TU
-1563.5,-1442.75,0,TU
-962,-1442.75,0,TU
-686,-1442.75,0,TU
-2191,-1441.75,0,TU
1408.5,-1441.25,0,TU
1878,-1441.25,0,TU
-998.5,-1440.25,0,TU
725,-1439.75,0,TU
-1853,-1439.25,0,TU
-23,-1439.25,0,TU
2489.5,-1439.25,0,TU
-1354.5,-1438.75,0,TU
-823.5,-1438.25,0,TU
409.5,-1438.25,0,TU
1144,-1438.25,0,TU
-1728,-1437.75,0,TU
-1086.5,-1437.75,0,TU
2253.5,-1437.75,0,TU
1460,-1435.75,0,TU
-1189.5,-1435.25,0,TU
-590,-1435.25,0,TU
36.5,-1435.25,0,TU
-2812,-1434.75,0,TU
-238,-1434.75,0,TU
1703.5,-1434.75,0,TU
983,-1434.25,0,TU
1500,-1433.75,0,TU
-3247.5,-1433.25,0,TU
-2843.5,-1433.25,0,TU
-1153,-1432.75,0,TU
-561,-1432.75,0,TU
-2615.5,-1431.75,0,TU
-745.5,-1431.75,0,TU
631.5,-1431.75,0,TU
2788,-1431.75,0,TU
2839,-1431.25,0,TU
586.5,-1430.25,0,TU
743.5,-1430.25,0,TU
-2899.5,-1429.75,0,TU
-49,-1429.75,0,TU
-3101.5,-1429.25,0,TU
-2467,-1429.25,0,TU
1213.5,-1429.25,0,TU
1626.5,-1429.25,0,TU
1663,-1429.25,0,TU
2748,-1429.25,0,TU
-2376,-1428.75,0,TU
2029.5,-1428.75,0,TU
2595,-1428.75,0,TU
-2590.5,-1427.75,0,TU
80.5,-1427.75,0,TU
-2158,-1426.25,0,TU
511,-1425.75,0,TU
-594.5,-1424.25,0,TU
1334.5,-1424.25,0,TU
1964.5,-1424.25,0,TU
-2512.5,-1423.75,0,TU
1376,-1423.75,0,TU
-1598,-1423.25,0,TU
771.5,-1423.25,0,TU
1438.5,-1423.25,0,TU
2889.5,-1423.25,0,TU
2439,-1422.75,0,TU
2815,-1422.75,0,TU
898.5,-1422.25,0,TU
-1919.5,-1420.25,0,TU
-2406.5,-1419.25,0,TU
-2749.5,-1418.75,0,TU
-2126,-1418.75,0,TU
104,-1418.75,0,TU
-2062.5,-1418.25,0,TU
611.5,-1417.75,0,TU
2950,-1417.75,0,TU
1415.5,-1417.25,0,TU
2253.5,-1416.75,0,TU
-200,-1416.25,0,TU
1508,-1415.75,0,TU
2100.5,-1414.75,0,TU
-1001,-1414.25,0,TU
-481.5,-1413.75,0,TU
364,-1413.75,0,TU
-1813,-1413.25,0,TU
-621,-1413.25,0,TU
-2269.5,-1412.75,0,TU
-3131.5,-1412.25,0,TU
141,-1412.25,0,TU
1823,-1412.25,0,TU
-1231,-1411.75,0,TU
-3283,-1410.75,0,TU
-3096.5,-1410.75,0,TU
-1043,-1410.75,0,TU
347.5,-1410.75,0,TU
-1840.5,-1410.25,0,TU
297.5,-1410.25,0,TU
2007,-1409.75,0,TU
-2690,-1409.25,0,TU
-178.5,-1409.25,0,TU
713,-1409.25,0,TU
2577,-1409.25,0,TU
1936,-1406.75,0,TU
513,-1406.25,0,TU
-2210.5,-1405.75,0,TU
1977,-1405.75,0,TU
-3059,-1405.25,0,TU
446.5,-1405.25,0,TU
-2144.5,-1404.75,0,TU
-1359.5,-1404.75,0,TU
2281.5,-1404.75,0,TU
-862,-1404.25,0,TU
1420,-1403.75,0,TU
-572,-1403.25,0,TU
652.5,-1403.25,0,TU
-155.5,-1402.75,0,TU
66,-1402.75,0,TU
1472,-1401.25,0,TU
-2463.5,-1400.25,0,TU
-1946.5,-1399.75,0,TU
2542,-1399.75,0,TU
2677,-1399.75,0,TU
-3181,-1399.25,0,TU
-2310,-1399.25,0,TU
-2003,-1399.25,0,TU
1563.5,-1399.25,0,TU
-1459.5,-1398.75,0,TU
362.5,-1398.75,0,TU
2183.5,-1398.75,0,TU
-916.5,-1397.25,0,TU
1269.5,-1397.25,0,TU
1648,-1396.75,0,TU
2026.5,-1396.25,0,TU
253,-1395.75,0,TU
1776.5,-1395.75,0,TU
2612,-1395.75,0,TU
-2069.5,-1395.25,0,TU
982.5,-1395.25,0,TU
1202,-1393.75,0,TU
-2811.5,-1392.75,0,TU
-1510.5,-1392.75,0,TU
1161,-1392.75,0,TU
1860.5,-1392.75,0,TU
-2871.5,-1391.75,0,TU
3004.5,-1391.75,0,TU
-3283.5,-1391.25,0,TU
-1091,-1391.25,0,TU
-626.5,-1390.75,0,TU
2104,-1390.75,0,TU
2518,-1390.75,0,TU
-3206,-1388.75,0,TU
-1915.5,-1388.75,0,TU
2633.5,-1388.75,0,TU
2810.5,-1388.75,0,TU
2359,-1388.25,0,TU
-264.5,-1387.75,0,TU
-171,-1387.75,0,TU
2049.5,-1387.75,0,TU
-3194,-1387.25,0,TU
-1069.5,-1385.75,0,TU
393.5,-1385.75,0,TU
2410,-1385.75,0,TU
-310.5,-1385.25,0,TU
315.5,-1385.25,0,TU
-1672.5,-1384.75,0,TU
-3348,-1384.25,0,TU
-1257,-1384.25,0,TU
-591,-1383.75,0,TU
296.5,-1383.75,0,TU
-944,-1382.75,0,TU
-2384,-1382.25,0,TU
2837,-1382.25,0,TU
2005.5,-1381.75,0,TU
-1957.5,-1381.25,0,TU
-765.5,-1380.75,0,TU
-1539,-1380.25,0,TU
223.5,-1380.25,0,TU
467,-1379.75,0,TU
3012.5,-1379.75,0,TU
-2196.5,-1379.25,0,TU
-1352,-1379.25,0,TU
-1287.5,-1379.25,0,TU
2711,-1379.25,0,TU
1609.5,-1378.75,0,TU
-3022,-1378.25,0,TU
2436.5,-1377.75,0,TU
-1725.5,-1377.25,0,TU
116,-1377.25,0,TU
-919,-1376.75,0,TU
858.5,-1376.75,0,TU
1439.5,-1376.75,0,TU
2117.5,-1376.75,0,TU
-2730,-1376.25,0,TU
-2665,-1376.25,0,TU
-1567.5,-1376.25,0,TU
-2247.5,-1375.25,0,TU
-1833.5,-1375.25,0,TU
2888.5,-1375.25,0,TU
-1702.5,-1374.75,0,TU
-702.5,-1374.75,0,TU
150,-1374.75,0,TU
-2985,-1374.25,0,TU
1359,-1374.25,0,TU
2023.5,-1374.25,0,TU
2216,-1374.25,0,TU
597,-1373.75,0,TU
1631.5,-1373.75,0,TU
-154,-1373.25,0,TU
1660,-1373.25,0,TU
1842.5,-1373.25,0,TU
3034,-1373.25,0,TU
-3148,-1372.75,0,TU
-2611.5,-1372.75,0,TU
-879.5,-1372.75,0,TU
1879,-1372.25,0,TU
-490,-1371.75,0,TU
821.5,-1371.75,0,TU
1740.5,-1371.25,0,TU
-110,-1370.75,0,TU
562,-1370.75,0,TU
-2973.5,-1370.25,0,TU
1892.5,-1370.25,0,TU
2187,-1370.25,0,TU
-1081.5,-1369.75,0,TU
2129,-1369.75,0,TU
641.5,-1369.25,0,TU
-182.5,-1368.25,0,TU
-2896,-1367.75,0,TU
17,-1367.75,0,TU
-974.5,-1367.25,0,TU
-3047.5,-1366.75,0,TU
-1136.5,-1366.25,0,TU
-663,-1366.25,0,TU
1564.5,-1366.25,0,TU
-741,-1365.75,0,TU
1097,-1364.75,0,TU
-1793,-1364.25,0,TU
2913.5,-1364.25,0,TU
-1763.5,-1363.75,0,TU
-1970.5,-1362.75,0,TU
1203.5,-1361.25,0,TU
-3125,-1360.75,0,TU
-511.5,-1360.75,0,TU
2062.5,-1360.75,0,TU
-1511,-1360.25,0,TU
1935.5,-1360.25,0,TU
1451,-1358.75,0,TU
471,-1358.25,0,TU
1283.5,-1358.25,0,TU
-2594,-1356.25,0,TU
1551,-1356.25,0,TU
1849.5,-1356.25,0,TU
-2800.5,-1355.75,0,TU
-2333,-1354.75,0,TU
243.5,-1354.75,0,TU
-3252.5,-1354.25,0,TU
-1816.5,-1354.25,0,TU
-2144.5,-1353.75,0,TU
-840,-1353.25,0,TU
1169,-1353.25,0,TU
-2866,-1352.75,0,TU
-1605,-1352.75,0,TU
-43,-1352.75,0,TU
-2960.5,-1352.25,0,TU
-606,-1352.25,0,TU
-92,-1352.25,0,TU
553,-1352.25,0,TU
603,-1352.25,0,TU
1485.5,-1352.25,0,TU
363,-1351.75,0,TU
953.5,-1351.75,0,TU
-126,-1350.75,0,TU
-66,-1350.75,0,TU
156,-1350.75,0,TU
1096.5,-1350.75,0,TU
-327.5,-1349.75,0,TU
1011,-1349.75,0,TU
-3359.5,-1349.25,0,TU
-2719,-1348.75,0,TU
652.5,-1348.75,0,TU
2493,-1348.75,0,TU
-2214.5,-1348.25,0,TU
-2092,-1348.25,0,TU
-1771.5,-1348.25,0,TU
-580,-1347.75,0,TU
1401.5,-1347.75,0,TU
-2229.5,-1347.25,0,TU
-1459,-1347.25,0,TU
178,-1347.25,0,TU
-1208.5,-1346.75,0,TU
2698.5,-1346.75,0,TU
-2358,-1346.25,0,TU
749,-1346.25,0,TU
1649,-1346.25,0,TU
1766.5,-1346.25,0,TU
863.5,-1345.75,0,TU
-1302,-1345.25,0,TU
-711.5,-1345.25,0,TU
-2014.5,-1344.75,0,TU
-1918,-1344.75,0,TU
2827,-1344.25,0,TU
836,-1343.75,0,TU
3055,-1343.75,0,TU
-3397.5,-1343.25,0,TU
-2924.5,-1342.75,0,TU
-1029,-1342.25,0,TU
1449.5,-1341.75,0,TU
761.5,-1340.75,0,TU
1129,-1340.75,0,TU
-301,-1340.25,0,TU
1698,-1339.75,0,TU
-547,-1339.25,0,TU
-268,-1339.25,0,TU
778.5,-1338.25,0,TU
1256.5,-1337.75,0,TU
-1327,-1337.25,0,TU
-1138.5,-1337.25,0,TU
3120,-1337.25,0,TU
-1110,-1336.25,0,TU
1635,-1336.25,0,TU
-3086,-1335.75,0,TU
-2653,-1335.75,0,TU
408,-1335.25,0,TU
500,-1335.25,0,TU
3011.5,-1335.25,0,TU
-3060,-1334.75,0,TU
-2777,-1334.25,0,TU
-2520.5,-1334.25,0,TU
-1081,-1332.25,0,TU
-810,-1332.25,0,TU
-101,-1332.25,0,TU
-2500,-1331.75,0,TU
-233.5,-1331.75,0,TU
309.5,-1331.75,0,TU
336,-1331.75,0,TU
483.5,-1331.75,0,TU
-3416,-1331.25,0,TU
-2317,-1331.25,0,TU
1030.5,-1330.25,0,TU
1231.5,-1329.75,0,TU
-2878.5,-1329.25,0,TU
469,-1329.25,0,TU
2116,-1328.75,0,TU
-3199.5,-1328.25,0,TU
-1678,-1328.25,0,TU
-1353.5,-1328.25,0,TU
-1224.5,-1328.25,0,TU
-342,-1328.25,0,TU
254.5,-1328.25,0,TU
2773.5,-1328.25,0,TU
-3256.5,-1327.75,0,TU
190.5,-1327.25,0,TU
2416.5,-1327.25,0,TU
1938,-1326.75,0,TU
385,-1326.25,0,TU
-781.5,-1325.25,0,TU
2710,-1325.25,0,TU
-176,-1324.75,0,TU
-1330,-1324.25,0,TU
-992.5,-1324.25,0,TU
-218.5,-1324.25,0,TU
897.5,-1324.25,0,TU
1995.5,-1324.25,0,TU
-724,-1323.75,0,TU
206,-1323.75,0,TU
-690.5,-1323.25,0,TU
2943,-1322.75,0,TU
-2951,-1322.25,0,TU
1866,-1322.25,0,TU
-1917.5,-1321.25,0,TU
1429.5,-1321.25,0,TU
-556.5,-1320.25,0,TU
-3278,-1319.75,0,TU
-318.5,-1319.75,0,TU
1290,-1319.75,0,TU
-2432,-1319.25,0,TU
3074.5,-1319.25,0,TU
2749.5,-1318.75,0,TU
714.5,-1317.75,0,TU
-5,-1317.25,0,TU
-2901,-1316.75,0,TU
-1134.5,-1316.75,0,TU
-2391.5,-1316.25,0,TU
853.5,-1316.25,0,TU
-79,-1315.75,0,TU
868.5,-1315.75,0,TU
-3300,-1314.75,0,TU
231.5,-1314.75,0,TU
2152,-1314.75,0,TU
2286,-1314.25,0,TU
-2536.5,-1313.75,0,TU
-2182.5,-1313.75,0,TU
-2118.5,-1313.75,0,TU
345.5,-1313.75,0,TU
-1345,-1313.25,0,TU
424,-1313.25,0,TU
1086,-1312.75,0,TU
2782.5,-1312.75,0,TU
955,-1311.75,0,TU
985,-1311.75,0,TU
1379.5,-1311.75,0,TU
2487.5,-1311.25,0,TU
-210.5,-1310.75,0,TU
2521,-1310.75,0,TU
1312,-1310.25,0,TU
177.5,-1309.75,0,TU
1598,-1309.75,0,TU
-780,-1309.25,0,TU
621,-1309.25,0,TU
1162,-1309.25,0,TU
1253,-1309.25,0,TU
-1468,-1308.75,0,TU
1719,-1308.75,0,TU
2655.5,-1308.75,0,TU
2701.5,-1308.75,0,TU
1701,-1307.75,0,TU
2338.5,-1307.75,0,TU
318,-1307.25,0,TU
2721,-1307.25,0,TU
-1901,-1306.75,0,TU
-395,-1306.75,0,TU
-3254,-1305.75,0,TU
-159,-1305.75,0,TU
-2221.5,-1305.25,0,TU
-1748,-1305.25,0,TU
-1922.5,-1304.75,0,TU
-1676.5,-1304.75,0,TU
-1007.5,-1304.75,0,TU
479.5,-1304.75,0,TU
1952.5,-1304.75,0,TU
-2766.5,-1303.75,0,TU
-2266.5,-1303.75,0,TU
-513,-1303.75,0,TU
-3426.5,-1303.25,0,TU
-1531.5,-1303.25,0,TU
-108,-1303.25,0,TU
718.5,-1303.25,0,TU
2218,-1302.75,0,TU
-2469,-1301.75,0,TU
437.5,-1301.75,0,TU
2118.5,-1301.75,0,TU
2380,-1301.75,0,TU
2999,-1301.75,0,TU
-1292.5,-1301.25,0,TU
-2932,-1300.75,0,TU
-1179.5,-1300.75,0,TU
-1107,-1300.75,0,TU
-294,-1300.75,0,TU
1179,-1300.75,0,TU
-2309.5,-1300.25,0,TU
1879.5,-1300.25,0,TU
-2507,-1299.75,0,TU
265.5,-1299.75,0,TU
-3450,-1298.75,0,TU
-318,-1298.75,0,TU
2836.5,-1298.25,0,TU
748.5,-1297.75,0,TU
-2190,-1297.25,0,TU
2809,-1297.25,0,TU
234.5,-1296.75,0,TU
-1245.5,-1296.25,0,TU
-876,-1296.25,0,TU
-79.5,-1296.25,0,TU
-3317,-1295.75,0,TU
70,-1295.75,0,TU
2677,-1295.75,0,TU
1477.5,-1295.25,0,TU
25.5,-1293.75,0,TU
1579.5,-1293.75,0,TU
-2075,-1293.25,0,TU
149,-1293.25,0,TU
1386,-1293.25,0,TU
1500,-1292.75,0,TU
-1671.5,-1292.25,0,TU
-1089,-1292.25,0,TU
1267,-1292.25,0,TU
2370.5,-1291.75,0,TU
1776.5,-1290.75,0,TU
-2616,-1290.25,0,TU
1939.5,-1290.25,0,TU
-1861,-1289.25,0,TU
425.5,-1289.25,0,TU
988.5,-1289.25,0,TU
315.5,-1288.75,0,TU
584,-1288.75,0,TU
1462,-1288.75,0,TU
3154.5,-1288.75,0,TU
-2830.5,-1287.75,0,TU
2605.5,-1287.25,0,TU
-2709,-1286.25,0,TU
-1405.5,-1285.25,0,TU
-2179.5,-1284.75,0,TU
-34,-1284.25,0,TU
1676.5,-1283.75,0,TU
-1732,-1283.25,0,TU
513,-1283.25,0,TU
-425,-1282.75,0,TU
270.5,-1282.75,0,TU
1737.5,-1282.75,0,TU
1912,-1282.75,0,TU
-1816,-1281.75,0,TU
618,-1281.75,0,TU
-1055,-1281.25,0,TU
-539,-1281.25,0,TU
2934.5,-1281.25,0,TU
-2104,-1280.75,0,TU
-1880,-1280.75,0,TU
-172,-1280.25,0,TU
-2270,-1279.75,0,TU
2586,-1279.75,0,TU
-819,-1278.75,0,TU
-201,-1278.75,0,TU
483,-1278.75,0,TU
-19.5,-1278.25,0,TU
726,-1278.25,0,TU
-295,-1277.75,0,TU
1278,-1277.75,0,TU
2323.5,-1277.75,0,TU
2499.5,-1277.75,0,TU
-125,-1277.25,0,TU
5.5,-1277.25,0,TU
1552.5,-1277.25,0,TU
-2913,-1276.75,0,TU
-2520.5,-1276.75,0,TU
-1751,-1276.75,0,TU
124,-1276.75,0,TU
3060.5,-1276.25,0,TU
-1908.5,-1275.75,0,TU
2638.5,-1275.75,0,TU
2817.5,-1275.75,0,TU
-2786,-1274.75,0,TU
-503,-1274.75,0,TU
-3079.5,-1274.25,0,TU
-976,-1274.25,0,TU
1517,-1274.25,0,TU
-2348,-1273.75,0,TU
-948,-1273.75,0,TU
424.5,-1273.75,0,TU
-2207,-1273.25,0,TU
-637.5,-1273.25,0,TU
3141.5,-1272.75,0,TU
-1208,-1272.25,0,TU
2771,-1272.25,0,TU
-1108,-1271.25,0,TU
-1176,-1270.75,0,TU
-752,-1270.75,0,TU
87.5,-1270.75,0,TU
576,-1270.75,0,TU
1253,-1269.25,0,TU
1404,-1269.25,0,TU
-850,-1268.75,0,TU
2221,-1268.75,0,TU
-599,-1268.25,0,TU
-1284,-1267.75,0,TU
453.5,-1267.75,0,TU
-429.5,-1267.25,0,TU
-1083,-1266.75,0,TU
1588.5,-1266.75,0,TU
-2153,-1266.25,0,TU
-348,-1265.75,0,TU
-3292.5,-1265.25,0,TU
-1539.5,-1264.75,0,TU
-99,-1264.25,0,TU
-2448,-1263.75,0,TU
99,-1263.25,0,TU
1915,-1262.75,0,TU
-1390.5,-1262.25,0,TU
1016,-1262.25,0,TU
-2845,-1261.75,0,TU
-2473.5,-1261.75,0,TU
-784,-1261.75,0,TU
9,-1261.75,0,TU
-945,-1260.75,0,TU
855.5,-1260.75,0,TU
2909,-1260.75,0,TU
674,-1259.75,0,TU
-1046,-1258.25,0,TU
201.5,-1258.25,0,TU
1205,-1258.25,0,TU
-1024,-1257.25,0,TU
520.5,-1256.75,0,TU
2676.5,-1256.75,0,TU
3131,-1256.75,0,TU
2858,-1256.25,0,TU
2940,-1256.25,0,TU
992.5,-1255.25,0,TU
2121,-1255.25,0,TU
2463.5,-1254.75,0,TU
113.5,-1254.25,0,TU
-371,-1253.75,0,TU
1960.5,-1253.25,0,TU
891.5,-1252.75,0,TU
1225,-1252.75,0,TU
-1772.5,-1252.25,0,TU
-461.5,-1251.75,0,TU
1345.5,-1251.75,0,TU
1865,-1251.75,0,TU
2517.5,-1251.75,0,TU
618.5,-1251.25,0,TU
-1741.5,-1250.75,0,TU
-2823,-1250.25,0,TU
-1131.5,-1250.25,0,TU
263.5,-1250.25,0,TU
478,-1250.25,0,TU
-2750.5,-1249.75,0,TU
-2578.5,-1249.75,0,TU
-1884.5,-1249.75,0,TU
-387.5,-1249.75,0,TU
1041,-1249.75,0,TU
-922,-1249.25,0,TU
-3099.5,-1248.75,0,TU
-2420,-1248.75,0,TU
-3498,-1247.75,0,TU
-261.5,-1247.75,0,TU
-2167.5,-1247.25,0,TU
-1797.5,-1246.75,0,TU
-1033,-1246.75,0,TU
-1682,-1246.25,0,TU
1691,-1246.25,0,TU
1719.5,-1246.25,0,TU
107.5,-1245.25,0,TU
2139,-1245.25,0,TU
2909,-1245.25,0,TU
415.5,-1243.75,0,TU
1314,-1243.25,0,TU
-307,-1242.75,0,TU
698,-1242.75,0,TU
950.5,-1242.75,0,TU
1932.5,-1242.25,0,TU
3128.5,-1242.25,0,TU
-1916,-1241.75,0,TU
-3212,-1241.25,0,TU
-3170.5,-1241.25,0,TU
-663,-1241.25,0,TU
-1264,-1240.25,0,TU
2481,-1240.25,0,TU
87.5,-1239.75,0,TU
-3146,-1239.25,0,TU
1075,-1238.25,0,TU
-596,-1237.75,0,TU
444,-1237.75,0,TU
871,-1237.75,0,TU
15,-1237.25,0,TU
2204.5,-1237.25,0,TU
238,-1236.75,0,TU
2788.5,-1236.75,0,TU
-2547,-1235.75,0,TU
-2466.5,-1235.75,0,TU
-2028.5,-1235.75,0,TU
1187,-1235.75,0,TU
1412.5,-1235.75,0,TU
2092,-1235.25,0,TU
912.5,-1234.75,0,TU
2610,-1234.75,0,TU
1987.5,-1234.25,0,TU
-1312,-1232.75,0,TU
-780.5,-1232.75,0,TU
-3049.5,-1232.25,0,TU
-2635,-1232.25,0,TU
1318.5,-1231.75,0,TU
-1695.5,-1231.25,0,TU
-210,-1231.25,0,TU
-2355.5,-1230.75,0,TU
1025.5,-1230.75,0,TU
-3329.5,-1230.25,0,TU
-1878.5,-1230.25,0,TU
-1096.5,-1230.25,0,TU
1003,-1230.25,0,TU
-2337.5,-1229.75,0,TU
-768.5,-1229.75,0,TU
1782,-1229.75,0,TU
651.5,-1229.25,0,TU
-2990,-1228.75,0,TU
-1992,-1228.75,0,TU
-1647,-1228.75,0,TU
-1458.5,-1228.75,0,TU
-804,-1228.75,0,TU
2055.5,-1228.75,0,TU
937,-1228.25,0,TU
-1743.5,-1227.75,0,TU
-1009.5,-1227.75,0,TU
-2945,-1227.25,0,TU
1296,-1226.75,0,TU
-3228.5,-1225.75,0,TU
-1774,-1225.75,0,TU
-490.5,-1224.75,0,TU
-825,-1224.25,0,TU
1890,-1224.25,0,TU
-1139.5,-1223.75,0,TU
2843.5,-1223.75,0,TU
-1977,-1223.25,0,TU
-912.5,-1223.25,0,TU
-123,-1223.25,0,TU
2328,-1223.25,0,TU
2485.5,-1222.75,0,TU
2812.5,-1221.75,0,TU
-3149,-1221.25,0,TU
318.5,-1221.25,0,TU
2086.5,-1221.25,0,TU
-3242,-1220.25,0,TU
-2190.5,-1219.75,0,TU
883.5,-1219.75,0,TU
-2035.5,-1219.25,0,TU
1160.5,-1218.75,0,TU
1504.5,-1218.75,0,TU
3049.5,-1218.75,0,TU
-2535.5,-1218.25,0,TU
-1496.5,-1218.25,0,TU
1375,-1218.25,0,TU
2009.5,-1218.25,0,TU
-2647.5,-1217.75,0,TU
1617,-1217.75,0,TU
2677.5,-1217.75,0,TU
-2596,-1217.25,0,TU
213,-1217.25,0,TU
-1581.5,-1216.25,0,TU
1357,-1216.25,0,TU
-2079.5,-1215.75,0,TU
-652,-1215.25,0,TU
1535.5,-1215.25,0,TU
-939.5,-1214.75,0,TU
31,-1214.75,0,TU
1114,-1214.75,0,TU
66.5,-1214.25,0,TU
419.5,-1214.25,0,TU
2174,-1213.75,0,TU
-1813,-1213.25,0,TU
-1463,-1213.25,0,TU
1333.5,-1213.25,0,TU
-1925,-1212.25,0,TU
-1292.5,-1212.25,0,TU
2722.5,-1212.25,0,TU
-2821.5,-1211.75,0,TU
2983.5,-1211.25,0,TU
2789.5,-1210.75,0,TU
-200.5,-1210.25,0,TU
-1559,-1209.75,0,TU
-2508.5,-1209.25,0,TU
1842.5,-1209.25,0,TU
-711,-1208.75,0,TU
-87.5,-1208.75,0,TU
1079,-1207.75,0,TU
2371,-1207.75,0,TU
2066.5,-1207.25,0,TU
3082.5,-1207.25,0,TU
-3004,-1206.75,0,TU
-1781,-1206.25,0,TU
-1420.5,-1206.25,0,TU
11,-1205.75,0,TU
1733.5,-1205.75,0,TU
-621,-1205.25,0,TU
-586,-1205.25,0,TU
538.5,-1205.25,0,TU
-3184.5,-1204.75,0,TU
1039,-1204.75,0,TU
-989,-1204.25,0,TU
631.5,-1204.25,0,TU
1408,-1204.25,0,TU
3016.5,-1204.25,0,TU
-2874.5,-1203.75,0,TU
-3036,-1203.25,0,TU
458.5,-1203.25,0,TU
2090,-1203.25,0,TU
1277.5,-1202.75,0,TU
3134.5,-1202.75,0,TU
2936,-1202.25,0,TU
1871,-1200.75,0,TU
-2334,-1200.25,0,TU
-2961.5,-1199.75,0,TU
-520,-1199.75,0,TU
2565.5,-1199.75,0,TU
1181.5,-1199.25,0,TU
-544,-1198.25,0,TU
-488.5,-1198.25,0,TU
-3260.5,-1197.75,0,TU
-3069.5,-1197.75,0,TU
-68.5,-1197.75,0,TU
-27.5,-1197.75,0,TU
369.5,-1197.75,0,TU
2905,-1197.75,0,TU
-1644,-1197.25,0,TU
-565.5,-1197.25,0,TU
1685.5,-1196.75,0,TU
-700.5,-1196.25,0,TU
-3309,-1195.75,0,TU
-2936,-1195.75,0,TU
128.5,-1195.75,0,TU
1968.5,-1195.75,0,TU
2488.5,-1195.75,0,TU
-611,-1195.25,0,TU
-2539.5,-1194.25,0,TU
-1131.5,-1194.25,0,TU
-2599,-1193.75,0,TU
-2140.5,-1193.75,0,TU
-308,-1193.75,0,TU
2695.5,-1193.75,0,TU
-1992,-1193.25,0,TU
-2107.5,-1192.75,0,TU
-107,-1191.75,0,TU
-2461.5,-1191.25,0,TU
91.5,-1190.75,0,TU
554.5,-1190.25,0,TU
-3424.5,-1189.75,0,TU
296,-1189.75,0,TU
1555.5,-1189.75,0,TU
2418.5,-1189.75,0,TU
-3125.5,-1189.25,0,TU
-2569,-1189.25,0,TU
-2582.5,-1188.75,0,TU
1347,-1188.75,0,TU
2549.5,-1188.75,0,TU
-2184,-1187.75,0,TU
-345.5,-1187.75,0,TU
1614.5,-1187.25,0,TU
-1418,-1186.25,0,TU
-1209,-1186.25,0,TU
1396.5,-1186.25,0,TU
-745,-1185.75,0,TU
399,-1185.75,0,TU
1432,-1185.75,0,TU
2335.5,-1185.75,0,TU
-1864.5,-1185.25,0,TU
433.5,-1185.25,0,TU
2372.5,-1184.75,0,TU
-3519,-1184.25,0,TU
-179.5,-1184.25,0,TU
2095.5,-1184.25,0,TU
2393.5,-1183.75,0,TU
2598,-1182.25,0,TU
2817,-1182.25,0,TU
-402,-1181.75,0,TU
2063.5,-1181.75,0,TU
-2252.5,-1180.75,0,TU
2184.5,-1180.75,0,TU
2752.5,-1180.75,0,TU
1931.5,-1180.25,0,TU
2163,-1180.25,0,TU
-1307.5,-1179.75,0,TU
1254.5,-1179.75,0,TU
-635,-1177.75,0,TU
-1751,-1177.25,0,TU
-2927,-1176.75,0,TU
-1357.5,-1176.75,0,TU
924,-1176.75,0,TU
1794,-1176.75,0,TU
-1798,-1175.25,0,TU
3201,-1174.75,0,TU
1066,-1174.25,0,TU
-2398,-1173.75,0,TU
-2116,-1173.75,0,TU
-242.5,-1173.75,0,TU
2936.5,-1172.75,0,TU
-1467,-1171.75,0,TU
405.5,-1171.75,0,TU
2297.5,-1171.75,0,TU
-2366,-1171.25,0,TU
2119,-1171.25,0,TU
2780,-1171.25,0,TU
-1164,-1170.75,0,TU
-850,-1170.75,0,TU
-364.5,-1170.75,0,TU
-316,-1170.75,0,TU
-1181.5,-1170.25,0,TU
511.5,-1170.25,0,TU
-3058.5,-1169.75,0,TU
-1682.5,-1169.75,0,TU
2149,-1169.75,0,TU
3129.5,-1169.75,0,TU
-2204.5,-1169.25,0,TU
-1732.5,-1169.25,0,TU
-3111.5,-1168.75,0,TU
-1781,-1168.75,0,TU
374,-1168.25,0,TU
1888.5,-1168.25,0,TU
2324,-1167.75,0,TU
-603.5,-1166.75,0,TU
175,-1166.75,0,TU
-2467.5,-1165.75,0,TU
-156,-1165.75,0,TU
-133.5,-1165.75,0,TU
2413,-1165.25,0,TU
2854,-1165.25,0,TU
-3252,-1163.75,0,TU
-2969.5,-1163.75,0,TU
-107,-1161.75,0,TU
2621.5,-1161.25,0,TU
3196.5,-1161.25,0,TU
1616.5,-1160.75,0,TU
2554.5,-1160.75,0,TU
2913,-1160.75,0,TU
1440.5,-1160.25,0,TU
126,-1159.75,0,TU
-534,-1158.75,0,TU
1591.5,-1158.75,0,TU
-338.5,-1158.25,0,TU
1242.5,-1158.25,0,TU
2884,-1158.25,0,TU
-2843.5,-1157.25,0,TU
1780.5,-1156.75,0,TU
1804,-1156.75,0,TU
-3034,-1156.25,0,TU
1136.5,-1156.25,0,TU
3175.5,-1156.25,0,TU
-741,-1155.75,0,TU
-3214.5,-1155.25,0,TU
-1989,-1154.75,0,TU
-1827.5,-1154.75,0,TU
-1647.5,-1154.25,0,TU
2036,-1153.75,0,TU
828,-1153.25,0,TU
2301,-1153.25,0,TU
-3473,-1152.75,0,TU
-2422.5,-1152.75,0,TU
-359.5,-1152.75,0,TU
-2921,-1151.75,0,TU
-1407,-1151.75,0,TU
-1748.5,-1151.25,0,TU
1757.5,-1151.25,0,TU
-2310.5,-1149.75,0,TU
-1527.5,-1149.75,0,TU
-1194,-1149.75,0,TU
538.5,-1149.75,0,TU
-418.5,-1149.25,0,TU
494.5,-1149.25,0,TU
-705,-1148.75,0,TU
-1155.5,-1148.25,0,TU
-262.5,-1148.25,0,TU
1567,-1148.25,0,TU
2088,-1148.25,0,TU
2510,-1148.25,0,TU
-3327.5,-1147.75,0,TU
-2134.5,-1147.25,0,TU
1461,-1146.75,0,TU
-2874.5,-1146.25,0,TU
2988.5,-1145.75,0,TU
-928.5,-1145.25,0,TU
-1975,-1144.75,0,TU
-865,-1144.75,0,TU
3207,-1144.75,0,TU
-1874.5,-1143.75,0,TU
599,-1143.25,0,TU
-2512.5,-1141.25,0,TU
-1315.5,-1141.25,0,TU
1857,-1141.25,0,TU
1057.5,-1140.75,0,TU
-3586,-1140.25,0,TU
-2704,-1140.25,0,TU
1312.5,-1140.25,0,TU
-3227,-1139.75,0,TU
-2745.5,-1139.75,0,TU
-2042.5,-1139.75,0,TU
2051.5,-1138.75,0,TU
-1570.5,-1138.25,0,TU
928,-1138.25,0,TU
2477,-1138.25,0,TU
2600.5,-1138.25,0,TU
-2349,-1137.75,0,TU
2440,-1137.75,0,TU
2681.5,-1137.75,0,TU
-440,-1137.25,0,TU
962,-1137.25,0,TU
-1346,-1136.75,0,TU
-838.5,-1136.75,0,TU
-3119,-1136.25,0,TU
-2587.5,-1136.25,0,TU
102,-1135.75,0,TU
-572,-1134.75,0,TU
-1701.5,-1134.25,0,TU
2254,-1134.25,0,TU
-2831.5,-1133.75,0,TU
-1921,-1133.75,0,TU
-466,-1133.75,0,TU
-2673,-1133.25,0,TU
41,-1133.25,0,TU
708,-1133.25,0,TU
1741,-1133.25,0,TU
458.5,-1132.75,0,TU
2389,-1132.75,0,TU
-1836.5,-1132.25,0,TU
-1461,-1132.25,0,TU
2737,-1132.25,0,TU
2640,-1131.75,0,TU
-1986.5,-1130.75,0,TU
-3528.5,-1130.25,0,TU
-1299.5,-1129.75,0,TU
-2545.5,-1129.25,0,TU
1444.5,-1129.25,0,TU
-1127,-1128.75,0,TU
1188.5,-1128.75,0,TU
1800.5,-1128.25,0,TU
-1158.5,-1127.25,0,TU
1400,-1127.25,0,TU
-2761,-1126.75,0,TU
2874.5,-1126.75,0,TU
-2429,-1125.75,0,TU
3086.5,-1125.75,0,TU
-1598.5,-1125.25,0,TU
-515.5,-1125.25,0,TU
-252.5,-1125.25,0,TU
-1636.5,-1124.75,0,TU
2139.5,-1124.25,0,TU
-2963.5,-1123.75,0,TU
-2922,-1123.75,0,TU
-1500,-1123.75,0,TU
-3082,-1123.25,0,TU
-1938.5,-1123.25,0,TU
1037.5,-1123.25,0,TU
404,-1122.75,0,TU
-3013,-1122.25,0,TU
-405,-1122.25,0,TU
-1389.5,-1121.75,0,TU
-354,-1121.75,0,TU
121.5,-1121.25,0,TU
2533,-1121.25,0,TU
-931,-1120.75,0,TU
201,-1120.25,0,TU
3109,-1120.25,0,TU
-642.5,-1119.75,0,TU
2744.5,-1119.25,0,TU
2909.5,-1119.25,0,TU
-3613.5,-1118.75,0,TU
-2234.5,-1118.75,0,TU
2052,-1118.75,0,TU
-2379.5,-1118.25,0,TU
-3352,-1116.75,0,TU
-3236,-1116.75,0,TU
-1145.5,-1116.75,0,TU
-2869,-1116.25,0,TU
-1686,-1116.25,0,TU
1482.5,-1114.75,0,TU
2080,-1114.75,0,TU
2269.5,-1114.75,0,TU
1543,-1114.25,0,TU
1784,-1114.25,0,TU
-19,-1113.75,0,TU
894.5,-1113.25,0,TU
2807,-1113.25,0,TU
3027.5,-1113.25,0,TU
-2474.5,-1112.75,0,TU
-2988.5,-1112.25,0,TU
-789,-1112.25,0,TU
856,-1112.25,0,TU
-2576,-1111.25,0,TU
-1213,-1111.25,0,TU
-3592.5,-1110.25,0,TU
-1990,-1110.25,0,TU
-1511,-1110.25,0,TU
-823.5,-1110.25,0,TU
85.5,-1110.25,0,TU
-1496,-1109.75,0,TU
-931.5,-1109.25,0,TU
711,-1109.25,0,TU
-2669,-1108.75,0,TU
-1091.5,-1108.75,0,TU
-2326.5,-1108.25,0,TU
-515,-1107.75,0,TU
932.5,-1107.75,0,TU
1085.5,-1107.75,0,TU
-2427,-1107.25,0,TU
-955,-1106.75,0,TU
345,-1106.75,0,TU
407,-1106.75,0,TU
-3306.5,-1106.25,0,TU
-847,-1106.25,0,TU
-449,-1106.25,0,TU
2148,-1106.25,0,TU
3183,-1106.25,0,TU
3048,-1105.75,0,TU
-573.5,-1105.25,0,TU
-373,-1105.25,0,TU
606,-1105.25,0,TU
-3621,-1103.75,0,TU
-3184.5,-1103.25,0,TU
-2114.5,-1103.25,0,TU
1432.5,-1103.25,0,TU
3069.5,-1103.25,0,TU
-243.5,-1101.75,0,TU
-1001.5,-1101.25,0,TU
-2008.5,-1100.75,0,TU
1257,-1100.75,0,TU
-3451.5,-1100.25,0,TU
-1569.5,-1100.25,0,TU
2113.5,-1100.25,0,TU
-2952.5,-1099.75,0,TU
-767,-1099.25,0,TU
-411,-1099.25,0,TU
2443.5,-1099.25,0,TU
-2642.5,-1098.25,0,TU
1031,-1098.25,0,TU
-2795,-1097.75,0,TU
2421.5,-1097.25,0,TU
-2721.5,-1096.75,0,TU
2597.5,-1096.25,0,TU
-3386.5,-1095.75,0,TU
-2566,-1095.75,0,TU
-2417,-1094.75,0,TU
514.5,-1094.75,0,TU
-2667,-1094.25,0,TU
-1064.5,-1094.25,0,TU
-3254,-1093.75,0,TU
-2980.5,-1093.75,0,TU
1157,-1093.25,0,TU
3087,-1092.75,0,TU
1502,-1091.75,0,TU
-1294,-1091.25,0,TU
1223,-1090.75,0,TU
1811,-1090.75,0,TU
2044.5,-1090.75,0,TU
2888,-1090.75,0,TU
-3502.5,-1090.25,0,TU
-2867,-1090.25,0,TU
-2461,-1090.25,0,TU
241,-1090.25,0,TU
-1339.5,-1089.75,0,TU
-340,-1089.75,0,TU
1289,-1089.75,0,TU
1459.5,-1089.75,0,TU
-1182.5,-1089.25,0,TU
2747.5,-1089.25,0,TU
-1384,-1088.75,0,TU
-1268.5,-1088.25,0,TU
-95.5,-1088.25,0,TU
689,-1088.25,0,TU
-3444,-1087.75,0,TU
2690,-1087.75,0,TU
-3636.5,-1086.75,0,TU
5.5,-1086.75,0,TU
1603,-1086.75,0,TU
-3106.5,-1086.25,0,TU
-854.5,-1086.25,0,TU
-394.5,-1086.25,0,TU
2139.5,-1085.75,0,TU
3138,-1084.75,0,TU
3000,-1084.25,0,TU
-192.5,-1083.75,0,TU
1846,-1083.75,0,TU
-2113.5,-1081.75,0,TU
436.5,-1081.25,0,TU
3025.5,-1081.25,0,TU
-1019.5,-1080.75,0,TU
1306,-1080.75,0,TU
340,-1080.25,0,TU
752.5,-1080.25,0,TU
837,-1080.25,0,TU
-2281,-1079.75,0,TU
-352,-1079.75,0,TU
3122,-1079.75,0,TU
2466.5,-1079.25,0,TU
2502.5,-1079.25,0,TU
-1504.5,-1077.75,0,TU
2808,-1077.75,0,TU
-304.5,-1076.75,0,TU
2629,-1076.25,0,TU
-2710,-1075.75,0,TU
-3134,-1075.25,0,TU
-1450,-1075.25,0,TU
1013.5,-1075.25,0,TU
-3603,-1074.25,0,TU
1588.5,-1074.25,0,TU
-1592.5,-1073.75,0,TU
-1221.5,-1073.75,0,TU
2017.5,-1073.25,0,TU
-2012.5,-1072.75,0,TU
-323.5,-1071.25,0,TU
-3415.5,-1070.75,0,TU
973,-1070.75,0,TU
1627.5,-1070.25,0,TU
-1985.5,-1069.75,0,TU
-1655.5,-1069.75,0,TU
-3569.5,-1068.75,0,TU
-3438,-1068.75,0,TU
-3253,-1068.75,0,TU
-3227.5,-1068.75,0,TU
-2317,-1068.75,0,TU
238.5,-1068.75,0,TU
-1050.5,-1068.25,0,TU
1144.5,-1068.25,0,TU
-911,-1067.25,0,TU
364.5,-1067.25,0,TU
-797.5,-1066.75,0,TU
-653.5,-1066.25,0,TU
-601,-1066.25,0,TU
1066.5,-1066.25,0,TU
-3122,-1064.75,0,TU
406.5,-1064.75,0,TU
-3506.5,-1064.25,0,TU
2054,-1064.25,0,TU
2095.5,-1064.25,0,TU
1786.5,-1063.25,0,TU
-2684.5,-1062.75,0,TU
-1403,-1062.75,0,TU
-25,-1062.75,0,TU
-7.5,-1062.25,0,TU
305,-1061.75,0,TU
1797,-1061.75,0,TU
-2969,-1061.25,0,TU
-1710.5,-1061.25,0,TU
1734.5,-1061.25,0,TU
133.5,-1060.75,0,TU
-3595,-1060.25,0,TU
-164,-1060.25,0,TU
-1336,-1059.75,0,TU
-3637,-1059.25,0,TU
-1964,-1059.25,0,TU
-1285.5,-1059.25,0,TU
2521.5,-1059.25,0,TU
2539.5,-1058.75,0,TU
2757.5,-1058.25,0,TU
1535.5,-1057.75,0,TU
-3362,-1057.25,0,TU
-1308.5,-1057.25,0,TU
-2854,-1056.75,0,TU
-2440,-1056.75,0,TU
-2916.5,-1056.25,0,TU
-2411,-1056.25,0,TU
478,-1056.25,0,TU
256,-1055.75,0,TU
-3418,-1055.25,0,TU
1875,-1055.25,0,TU
784.5,-1054.75,0,TU
1376.5,-1054.25,0,TU
1180,-1053.25,0,TU
-3151,-1052.75,0,TU
-128,-1052.75,0,TU
1129,-1052.25,0,TU
2674.5,-1052.25,0,TU
3046.5,-1052.25,0,TU
-1817.5,-1051.75,0,TU
-1495,-1051.75,0,TU
-808,-1051.75,0,TU
903,-1051.75,0,TU
3208.5,-1051.25,0,TU
-1905,-1050.75,0,TU
571,-1050.75,0,TU
1753,-1050.25,0,TU
1279,-1049.75,0,TU
1780,-1049.75,0,TU
3182.5,-1049.75,0,TU
-1594.5,-1049.25,0,TU
2012,-1049.25,0,TU
2131.5,-1048.75,0,TU
-2046,-1047.75,0,TU
-3576,-1047.25,0,TU
493,-1047.25,0,TU
-3344.5,-1046.75,0,TU
697.5,-1046.75,0,TU
-3291.5,-1046.25,0,TU
124,-1046.25,0,TU
1569.5,-1045.75,0,TU
2709.5,-1045.75,0,TU
353,-1045.25,0,TU
1002.5,-1045.25,0,TU
2991,-1045.25,0,TU
-2640.5,-1044.25,0,TU
-975,-1044.25,0,TU
-630.5,-1044.25,0,TU
-2224,-1043.75,0,TU
-3686,-1043.25,0,TU
1110.5,-1043.25,0,TU
2950,-1043.25,0,TU
-2830.5,-1042.75,0,TU
-287,-1042.75,0,TU
255.5,-1042.75,0,TU
-2269,-1041.75,0,TU
837.5,-1041.75,0,TU
-3071,-1040.75,0,TU
394,-1040.75,0,TU
2141.5,-1040.75,0,TU
-3206,-1040.25,0,TU
-1853.5,-1039.75,0,TU
-559,-1039.75,0,TU
656,-1039.75,0,TU
2093,-1039.75,0,TU
-1535,-1039.25,0,TU
296.5,-1037.75,0,TU
2822,-1036.75,0,TU
-873.5,-1036.25,0,TU
-166.5,-1036.25,0,TU
88,-1036.25,0,TU
-1945,-1035.75,0,TU
1036.5,-1035.75,0,TU
885,-1035.25,0,TU
1157,-1035.25,0,TU
1553,-1035.25,0,TU
3100.5,-1035.25,0,TU
-1313.5,-1034.75,0,TU
1816.5,-1034.75,0,TU
-1285.5,-1034.25,0,TU
-588,-1033.75,0,TU
716.5,-1033.75,0,TU
2918,-1033.25,0,TU
747.5,-1032.75,0,TU
2535,-1032.75,0,TU
-1201,-1032.25,0,TU
2207.5,-1032.25,0,TU
-1802.5,-1031.75,0,TU
-705.5,-1031.25,0,TU
188,-1030.75,0,TU
1190.5,-1030.75,0,TU
480,-1030.25,0,TU
-2412.5,-1029.75,0,TU
1485,-1029.75,0,TU
2179,-1029.75,0,TU
-3166.5,-1028.75,0,TU
-2713,-1028.25,0,TU
21.5,-1028.25,0,TU
-1361.5,-1027.75,0,TU
-2096,-1026.75,0,TU
-1162.5,-1026.75,0,TU
-1736,-1026.25,0,TU
2029.5,-1026.25,0,TU
1672.5,-1025.75,0,TU
-2059.5,-1025.25,0,TU
-325.5,-1025.25,0,TU
1794,-1025.25,0,TU
-69,-1024.75,0,TU
2285.5,-1024.75,0,TU
3169.5,-1024.75,0,TU
-3673.5,-1023.25,0,TU
327,-1021.25,0,TU
141,-1020.75,0,TU
-3374,-1020.25,0,TU
-3008.5,-1020.25,0,TU
-3303.5,-1019.25,0,TU
-242.5,-1019.25,0,TU
3252.5,-1019.25,0,TU
-211.5,-1018.75,0,TU
893.5,-1017.75,0,TU
-742.5,-1017.25,0,TU
1143.5,-1017.25,0,TU
-5.5,-1016.75,0,TU
664.5,-1016.25,0,TU
-772.5,-1015.75,0,TU
-614,-1015.75,0,TU
2971.5,-1015.25,0,TU
2901,-1014.25,0,TU
3089.5,-1014.25,0,TU
1455.5,-1013.75,0,TU
1879,-1013.25,0,TU
2429,-1012.75,0,TU
699.5,-1012.25,0,TU
1351.5,-1011.75,0,TU
-3076.5,-1011.25,0,TU
-2002,-1011.25,0,TU
-365.5,-1011.25,0,TU
-1562.5,-1010.75,0,TU
1100.5,-1010.75,0,TU
-1894.5,-1009.75,0,TU
2105.5,-1009.75,0,TU
-1592.5,-1009.25,0,TU
-2104.5,-1008.75,0,TU
5,-1008.75,0,TU
-495,-1008.25,0,TU
-1525.5,-1007.75,0,TU
-861.5,-1007.75,0,TU
-527,-1007.75,0,TU
2838.5,-1007.75,0,TU
-595,-1007.25,0,TU
-2524,-1006.75,0,TU
-2300,-1006.75,0,TU
-2646,-1006.25,0,TU
-1145,-1006.25,0,TU
-1117.5,-1006.25,0,TU
-3536,-1005.25,0,TU
-2262.5,-1005.25,0,TU
2731.5,-1005.25,0,TU
1185,-1004.75,0,TU
-2025,-1004.25,0,TU
2358,-1004.25,0,TU
-3366.5,-1003.75,0,TU
-3027,-1003.75,0,TU
1512.5,-1003.75,0,TU
-2477.5,-1003.25,0,TU
-1024,-1003.25,0,TU
1047.5,-1003.25,0,TU
-1621,-1002.75,0,TU
1692,-1002.25,0,TU
-1543.5,-1001.75,0,TU
-840.5,-1001.25,0,TU
-298,-1001.25,0,TU
633.5,-1000.75,0,TU
-2416,-1000.25,0,TU
-66,-1000.25,0,TU
2751,-1000.25,0,TU
-3259,-999.75,0,TU
-2091.5,-999.75,0,TU
-901.5,-999.25,0,TU
3178,-999.25,0,TU
2606.5,-998.75,0,TU
-2742.5,-998.25,0,TU
438.5,-998.25,0,TU
496,-998.25,0,TU
-3433,-996.75,0,TU
-3048,-996.75,0,TU
746.5,-996.25,0,TU
-41.5,-995.75,0,TU
-199.5,-995.25,0,TU
846.5,-995.25,0,TU
349,-994.75,0,TU
-3562,-994.25,0,TU
403,-994.25,0,TU
1562.5,-994.25,0,TU
-1669,-993.75,0,TU
-1055,-993.75,0,TU
463,-993.75,0,TU
-3237.5,-993.25,0,TU
-2334.5,-993.25,0,TU
-2049,-993.25,0,TU
-3479,-992.25,0,TU
-494,-991.75,0,TU
2229.5,-991.75,0,TU
2802,-991.75,0,TU
-2494.5,-991.25,0,TU
-1254.5,-991.25,0,TU
-387.5,-990.25,0,TU
-113,-990.25,0,TU
-883,-989.75,0,TU
-718.5,-989.75,0,TU
3081.5,-989.75,0,TU
-2572.5,-988.75,0,TU
-1519.5,-988.75,0,TU
2250,-988.75,0,TU
-1991,-988.25,0,TU
1419,-988.25,0,TU
3100.5,-987.25,0,TU
3226,-987.25,0,TU
3249.5,-987.25,0,TU
-3283,-986.75,0,TU
-1296,-986.75,0,TU
-923,-986.75,0,TU
-2712,-986.25,0,TU
2733.5,-986.25,0,TU
-1614,-985.75,0,TU
2170.5,-985.75,0,TU
-1278.5,-985.25,0,TU
1447.5,-985.25,0,TU
-1399.5,-984.75,0,TU
1734,-984.75,0,TU
-1079,-984.25,0,TU
-829,-983.75,0,TU
1972.5,-983.75,0,TU
2197,-982.75,0,TU
1488.5,-982.25,0,TU
1946,-982.25,0,TU
3178.5,-982.25,0,TU
288.5,-981.75,0,TU
417.5,-981.25,0,TU
3130.5,-981.25,0,TU
-1338.5,-980.75,0,TU
-2228.5,-980.25,0,TU
-1123.5,-980.25,0,TU
-620.5,-980.25,0,TU
-3221,-979.75,0,TU
-2281.5,-979.75,0,TU
-1058,-979.75,0,TU
-3262,-979.25,0,TU
447,-978.75,0,TU
-3561.5,-978.25,0,TU
938,-978.25,0,TU
1174.5,-978.25,0,TU
714,-977.75,0,TU
-2884.5,-977.25,0,TU
1602.5,-977.25,0,TU
2828.5,-977.25,0,TU
-3450,-976.75,0,TU
-1791,-976.75,0,TU
1363.5,-976.75,0,TU
-3041.5,-976.25,0,TU
62,-975.75,0,TU
1705.5,-975.75,0,TU
-1868.5,-975.25,0,TU
2280,-974.75,0,TU
-2817.5,-974.25,0,TU
-533,-974.25,0,TU
539.5,-974.25,0,TU
2532,-974.25,0,TU
951.5,-973.75,0,TU
-2788,-973.25,0,TU
-3619,-972.75,0,TU
132,-972.25,0,TU
-2159.5,-971.25,0,TU
-1001.5,-971.25,0,TU
1811,-971.25,0,TU
1826.5,-970.75,0,TU
2556,-970.75,0,TU
-2613.5,-969.75,0,TU
-78.5,-969.25,0,TU
-2775,-968.75,0,TU
-2008.5,-968.75,0,TU
-1099,-968.25,0,TU
-3077,-967.75,0,TU
-1904.5,-967.75,0,TU
264,-967.75,0,TU
2038.5,-967.75,0,TU
-2204.5,-967.25,0,TU
-3652.5,-966.75,0,TU
-2754,-966.75,0,TU
1131,-966.75,0,TU
-3206,-966.25,0,TU
-160.5,-966.25,0,TU
2181.5,-965.75,0,TU
-485.5,-965.25,0,TU
225.5,-965.25,0,TU
743,-965.25,0,TU
-2667.5,-964.75,0,TU
2157,-964.25,0,TU
-2405.5,-963.75,0,TU
-2113.5,-962.75,0,TU
-421.5,-962.75,0,TU
2092,-962.25,0,TU
-3479,-961.75,0,TU
-2177,-961.25,0,TU
-580.5,-961.25,0,TU
-3057,-960.75,0,TU
-910.5,-960.75,0,TU
-2083,-960.25,0,TU
-283.5,-960.25,0,TU
644.5,-960.25,0,TU
809.5,-960.25,0,TU
-3233.5,-959.25,0,TU
-1248,-959.25,0,TU
1902,-959.25,0,TU
2844,-958.75,0,TU
1874.5,-957.75,0,TU
174,-957.25,0,TU
3064,-957.25,0,TU
-1522.5,-956.25,0,TU
1259,-956.25,0,TU
2505,-956.25,0,TU
29,-955.75,0,TU
2405.5,-955.75,0,TU
1207.5,-955.25,0,TU
-665.5,-954.25,0,TU
904,-954.25,0,TU
2246,-954.25,0,TU
2660,-954.25,0,TU
2815,-953.75,0,TU
-3569,-953.25,0,TU
616.5,-953.25,0,TU
273,-952.75,0,TU
453,-952.75,0,TU
-3734.5,-952.25,0,TU
354.5,-951.75,0,TU
2949.5,-951.75,0,TU
-785,-951.25,0,TU
321.5,-951.25,0,TU
-1886.5,-950.25,0,TU
-1605.5,-950.25,0,TU
772.5,-950.25,0,TU
-3470.5,-949.75,0,TU
965,-949.75,0,TU
1315,-949.75,0,TU
2860,-949.75,0,TU
-3637.5,-949.25,0,TU
-3140,-948.25,0,TU
258,-948.25,0,TU
-716,-947.75,0,TU
1035,-947.75,0,TU
2460,-947.75,0,TU
-1388.5,-947.25,0,TU
-1153,-947.25,0,TU
2152,-947.25,0,TU
-2754,-945.25,0,TU
-358.5,-945.25,0,TU
-3413,-944.75,0,TU
-3334.5,-944.75,0,TU
-1109.5,-944.75,0,TU
116,-944.75,0,TU
800,-944.75,0,TU
-2445.5,-944.25,0,TU
-46,-944.25,0,TU
675.5,-944.25,0,TU
2482.5,-944.25,0,TU
-1130,-943.75,0,TU
-3085.5,-943.25,0,TU
-976,-943.25,0,TU
2170,-943.25,0,TU
-3682.5,-942.25,0,TU
136,-941.75,0,TU
1990,-941.75,0,TU
2509,-941.25,0,TU
-2954.5,-940.75,0,TU
3154,-940.75,0,TU
-521,-940.25,0,TU
-3234,-939.75,0,TU
1083.5,-939.75,0,TU
2533,-939.75,0,TU
-3369.5,-938.75,0,TU
1659,-938.75,0,TU
2899,-938.75,0,TU
-2135,-938.25,0,TU
2728,-938.25,0,TU
3175,-937.75,0,TU
-59,-937.25,0,TU
1400.5,-936.25,0,TU
-1402.5,-935.25,0,TU
723,-935.25,0,TU
689.5,-934.75,0,TU
1778,-934.75,0,TU
1373.5,-934.25,0,TU
2701,-934.25,0,TU
2845.5,-934.25,0,TU
-811,-933.75,0,TU
-3713.5,-933.25,0,TU
-2674.5,-933.25,0,TU
-2104,-932.75,0,TU
-1703,-932.75,0,TU
1594,-932.75,0,TU
3385.5,-932.75,0,TU
-1123,-932.25,0,TU
3101.5,-932.25,0,TU
2963.5,-931.75,0,TU
-2418.5,-931.25,0,TU
2051,-930.25,0,TU
-3400.5,-929.75,0,TU
-2254,-929.75,0,TU
-1002.5,-929.75,0,TU
-3253,-929.25,0,TU
-1575.5,-929.25,0,TU
285,-929.25,0,TU
-1323.5,-928.75,0,TU
-1638,-928.25,0,TU
1010,-928.25,0,TU
2085.5,-928.25,0,TU
-726,-927.25,0,TU
-3294.5,-926.75,0,TU
3205.5,-926.75,0,TU
-3507,-926.25,0,TU
-2829,-926.25,0,TU
1967.5,-926.25,0,TU
2744,-926.25,0,TU
-3531,-925.75,0,TU
-459.5,-925.25,0,TU
1800,-925.25,0,TU
2686.5,-925.25,0,TU
-2036,-923.25,0,TU
1279.5,-922.75,0,TU
3054.5,-922.75,0,TU
-1892.5,-922.25,0,TU
-2629,-921.75,0,TU
1829,-921.75,0,TU
2597,-921.75,0,TU
406,-921.25,0,TU
1471,-921.25,0,TU
2864,-921.25,0,TU
910,-920.75,0,TU
1186,-920.75,0,TU
2162.5,-920.75,0,TU
-3044.5,-920.25,0,TU
-2389.5,-920.25,0,TU
-898.5,-920.25,0,TU
6,-920.25,0,TU
3245,-919.75,0,TU
2670.5,-918.75,0,TU
-3245.5,-918.25,0,TU
-658,-917.75,0,TU
-1448.5,-917.25,0,TU
2932,-917.25,0,TU
-2022.5,-916.75,0,TU
-3754.5,-916.25,0,TU
-2447.5,-915.75,0,TU
-1494,-915.75,0,TU
3336,-915.25,0,TU
-3692,-914.75,0,TU
-2655.5,-914.75,0,TU
205.5,-914.75,0,TU
1929,-914.75,0,TU
-1301.5,-914.25,0,TU
350.5,-914.25,0,TU
2454,-914.25,0,TU
745,-913.75,0,TU
1644.5,-913.75,0,TU
-3406.5,-913.25,0,TU
-3194.5,-913.25,0,TU
-1316,-913.25,0,TU
1811.5,-913.25,0,TU
2129.5,-913.25,0,TU
-1265,-912.75,0,TU
-320.5,-912.75,0,TU
-1988.5,-912.25,0,TU
67,-911.75,0,TU
1958.5,-911.75,0,TU
-2117,-910.75,0,TU
604,-910.75,0,TU
826.5,-910.75,0,TU
1922,-910.75,0,TU
-1118,-910.25,0,TU
-3126,-909.75,0,TU
-2416.5,-909.75,0,TU
3077,-909.75,0,TU
731.5,-909.25,0,TU
-183,-908.75,0,TU
-32.5,-908.25,0,TU
-1716,-907.75,0,TU
95,-906.75,0,TU
1400.5,-906.75,0,TU
1112,-906.25,0,TU
839,-905.25,0,TU
1693,-905.25,0,TU
-3005.5,-904.75,0,TU
-229,-904.25,0,TU
1447.5,-904.25,0,TU
-860,-903.75,0,TU
-454.5,-903.75,0,TU
2516,-903.75,0,TU
-3108.5,-903.25,0,TU
211.5,-903.25,0,TU
2333,-902.25,0,TU
-3645.5,-901.25,0,TU
-2083,-901.25,0,TU
-918,-900.75,0,TU
1615,-900.75,0,TU
3412,-900.75,0,TU
-2819.5,-900.25,0,TU
-3464,-899.25,0,TU
-2947,-899.25,0,TU
448,-899.25,0,TU
2965.5,-899.25,0,TU
3084.5,-899.25,0,TU
-1463.5,-898.75,0,TU
-1350.5,-898.75,0,TU
-2916,-898.25,0,TU
-3797,-897.75,0,TU
-1845.5,-897.25,0,TU
-1748,-897.25,0,TU
-1442.5,-897.25,0,TU
-1289,-897.25,0,TU
-696.5,-897.25,0,TU
-472,-897.25,0,TU
2631.5,-897.25,0,TU
-3734,-896.75,0,TU
-1732,-896.75,0,TU
771.5,-896.25,0,TU
905.5,-896.25,0,TU
2911,-896.25,0,TU
-3359,-895.25,0,TU
-3335.5,-895.25,0,TU
2828.5,-895.25,0,TU
-3540.5,-894.75,0,TU
-891,-894.75,0,TU
3104,-894.75,0,TU
-878.5,-894.25,0,TU
272,-893.75,0,TU
-3486.5,-893.25,0,TU
-3045.5,-893.25,0,TU
-2975.5,-893.25,0,TU
-1404.5,-892.75,0,TU
-1542,-891.75,0,TU
-1245.5,-891.75,0,TU
-1062.5,-891.75,0,TU
3352,-891.75,0,TU
2238,-891.25,0,TU
3270.5,-891.25,0,TU
513.5,-890.75,0,TU
-3120.5,-889.25,0,TU
-1175.5,-889.25,0,TU
1932,-889.25,0,TU
2395,-889.25,0,TU
3125.5,-888.75,0,TU
3246,-888.75,0,TU
538.5,-888.25,0,TU
2700.5,-888.25,0,TU
2851.5,-888.25,0,TU
-3509,-887.75,0,TU
1698.5,-887.25,0,TU
2079.5,-887.25,0,TU
2145,-887.25,0,TU
-2366.5,-886.75,0,TU
693,-886.75,0,TU
1550,-886.75,0,TU
2460,-886.75,0,TU
384.5,-885.75,0,TU
-1485,-885.25,0,TU
618.5,-885.25,0,TU
3159,-885.25,0,TU
-2414,-884.75,0,TU
824,-884.25,0,TU
-2221,-883.75,0,TU
-3618,-883.25,0,TU
-1514,-883.25,0,TU
-1106.5,-883.25,0,TU
-1368.5,-882.75,0,TU
2897,-882.25,0,TU
3232.5,-882.25,0,TU
2287,-881.75,0,TU
-560.5,-880.75,0,TU
42.5,-880.75,0,TU
104.5,-880.75,0,TU
757,-880.75,0,TU
-1655.5,-879.75,0,TU
-125.5,-879.75,0,TU
-2758.5,-879.25,0,TU
-1139,-878.75,0,TU
218,-878.75,0,TU
846,-877.75,0,TU
-3389,-877.25,0,TU
733.5,-877.25,0,TU
584.5,-876.75,0,TU
3163.5,-876.75,0,TU
-3567,-876.25,0,TU
1061,-876.25,0,TU
2365.5,-876.25,0,TU
-2559.5,-875.75,0,TU
-1192,-875.75,0,TU
-589.5,-875.25,0,TU
-2672.5,-874.75,0,TU
-2249.5,-874.75,0,TU
-957.5,-874.75,0,TU
2614.5,-874.75,0,TU
-2275,-873.75,0,TU
-2509.5,-873.25,0,TU
-1934.5,-873.25,0,TU
1269.5,-872.75,0,TU
3339,-872.75,0,TU
-188.5,-871.75,0,TU
-2085.5,-871.25,0,TU
-1965.5,-871.25,0,TU
-630,-871.25,0,TU
3367.5,-871.25,0,TU
-3823,-870.25,0,TU
-2810.5,-869.75,0,TU
-1243.5,-869.75,0,TU
-532,-869.75,0,TU
-2984.5,-869.25,0,TU
3314.5,-869.25,0,TU
-3470,-868.75,0,TU
-3435,-868.75,0,TU
-2180,-868.75,0,TU
-440,-868.75,0,TU
3395.5,-868.75,0,TU
-2864.5,-868.25,0,TU
-1308.5,-868.25,0,TU
1908.5,-866.25,0,TU
-3701,-865.75,0,TU
-839,-865.25,0,TU
-467,-865.25,0,TU
-3732,-864.75,0,TU
-1847.5,-864.25,0,TU
821.5,-864.25,0,TU
881,-863.25,0,TU
-412,-861.75,0,TU
-2937,-861.25,0,TU
3024.5,-861.25,0,TU
-2958,-860.75,0,TU
-1745,-860.75,0,TU
-52,-860.75,0,TU
2124.5,-860.75,0,TU
2240.5,-860.75,0,TU
2555.5,-860.75,0,TU
-1049,-860.25,0,TU
-1320.5,-859.75,0,TU
1753.5,-859.75,0,TU
1298.5,-859.25,0,TU
2833.5,-858.75,0,TU
-3587.5,-858.25,0,TU
1343,-858.25,0,TU
-507,-857.25,0,TU
2057,-857.25,0,TU
3166,-856.75,0,TU
-290,-856.25,0,TU
1607.5,-856.25,0,TU
3146,-856.25,0,TU
228.5,-855.75,0,TU
-3794.5,-854.75,0,TU
2911,-854.75,0,TU
-3003,-854.25,0,TU
-968.5,-854.25,0,TU
1469.5,-854.25,0,TU
-2453,-853.75,0,TU
-1645,-853.75,0,TU
-212,-853.25,0,TU
3.5,-852.75,0,TU
1184,-852.75,0,TU
-2598.5,-852.25,0,TU
-33.5,-852.25,0,TU
1589,-852.25,0,TU
-2434.5,-851.75,0,TU
-592,-851.75,0,TU
-708,-851.25,0,TU
2668.5,-850.25,0,TU
3065,-849.75,0,TU
-2675.5,-849.25,0,TU
-338,-849.25,0,TU
1334,-848.25,0,TU
-1438.5,-847.75,0,TU
-1568.5,-847.25,0,TU
3190,-846.25,0,TU
-1600,-845.25,0,TU
-2977.5,-844.75,0,TU
-3847,-844.25,0,TU
-2763,-844.25,0,TU
-2405.5,-844.25,0,TU
-315.5,-842.75,0,TU
-3830,-842.25,0,TU
-362,-842.25,0,TU
644,-842.25,0,TU
2926,-842.25,0,TU
394,-841.75,0,TU
2651.5,-841.75,0,TU
-1038.5,-840.75,0,TU
2402,-840.75,0,TU
-809.5,-840.25,0,TU
-237.5,-840.25,0,TU
-164.5,-840.25,0,TU
2821,-840.25,0,TU
-186,-839.75,0,TU
-2380,-838.75,0,TU
2358,-838.75,0,TU
-2812.5,-838.25,0,TU
-2277,-837.75,0,TU
-1720,-837.75,0,TU
-2660,-837.25,0,TU
-2345,-837.25,0,TU
410.5,-837.25,0,TU
832,-837.25,0,TU
-3718,-836.75,0,TU
1627.5,-836.75,0,TU
-2015.5,-836.25,0,TU
473,-836.25,0,TU
-2898.5,-835.75,0,TU
259,-835.75,0,TU
2529.5,-835.75,0,TU
2989,-835.75,0,TU
-1301,-835.25,0,TU
15.5,-835.25,0,TU
3304.5,-835.25,0,TU
-1485,-834.75,0,TU
757.5,-834.25,0,TU
-992.5,-833.25,0,TU
-214.5,-833.25,0,TU
2739.5,-833.25,0,TU
-575,-832.75,0,TU
553,-832.75,0,TU
-3862.5,-832.25,0,TU
-2548,-832.25,0,TU
564.5,-832.25,0,TU
-2975.5,-831.75,0,TU
-1746,-831.75,0,TU
440,-831.75,0,TU
1315,-831.75,0,TU
-1162,-831.25,0,TU
1225,-831.25,0,TU
2428,-830.75,0,TU
-2761.5,-830.25,0,TU
-1347,-830.25,0,TU
-115.5,-830.25,0,TU
536,-830.25,0,TU
-2255,-829.75,0,TU
-1257.5,-829.75,0,TU
3238,-829.75,0,TU
-453.5,-829.25,0,TU
3217.5,-828.75,0,TU
209,-828.25,0,TU
-864.5,-827.75,0,TU
1294.5,-827.75,0,TU
-2611,-827.25,0,TU
-1195,-827.25,0,TU
1746.5,-826.75,0,TU
-2891,-826.25,0,TU
-1009,-826.25,0,TU
3403,-826.25,0,TU
1601,-825.75,0,TU
-408.5,-825.25,0,TU
-24.5,-825.25,0,TU
2581,-825.25,0,TU
2635,-824.75,0,TU
3020,-823.75,0,TU
-3631,-823.25,0,TU
1361.5,-823.25,0,TU
-724.5,-822.75,0,TU
-2779.5,-822.25,0,TU
2519,-822.25,0,TU
-1905,-821.75,0,TU
-1434.5,-821.75,0,TU
-2843.5,-821.25,0,TU
-2537.5,-821.25,0,TU
-1781.5,-821.25,0,TU
339,-821.25,0,TU
-2166,-820.75,0,TU
290.5,-820.75,0,TU
-3501.5,-820.25,0,TU
-1402,-820.25,0,TU
-142.5,-820.25,0,TU
2808.5,-818.75,0,TU
-1663.5,-818.25,0,TU
1679.5,-818.25,0,TU
-3922.5,-817.25,0,TU
1464.5,-817.25,0,TU
2752.5,-817.25,0,TU
-3817.5,-816.25,0,TU
-2297.5,-815.25,0,TU
-263,-814.75,0,TU
3290,-814.25,0,TU
-3530.5,-813.75,0,TU
789.5,-813.75,0,TU
-2076,-813.25,0,TU
-2044,-813.25,0,TU
2157.5,-812.75,0,TU
-3558.5,-812.25,0,TU
-3716,-811.75,0,TU
2677.5,-811.75,0,TU
-3851,-810.75,0,TU
-2779,-810.25,0,TU
-2638.5,-810.25,0,TU
-2094.5,-810.25,0,TU
-3400.5,-809.25,0,TU
-2592.5,-809.25,0,TU
823,-809.25,0,TU
-1553.5,-808.25,0,TU
-1577,-807.75,0,TU
-120,-807.75,0,TU
632.5,-807.75,0,TU
-2902,-807.25,0,TU
-2248,-807.25,0,TU
-1269,-807.25,0,TU
3016.5,-806.75,0,TU
-1910,-806.25,0,TU
76.5,-806.25,0,TU
2883,-806.25,0,TU
-87.5,-805.25,0,TU
1525.5,-805.25,0,TU
1983.5,-805.25,0,TU
885.5,-804.75,0,TU
428.5,-804.25,0,TU
2604.5,-803.75,0,TU
1096.5,-803.25,0,TU
2291.5,-803.25,0,TU
-1487.5,-801.75,0,TU
251,-801.75,0,TU
-1520.5,-801.25,0,TU
-1164.5,-800.75,0,TU
3385.5,-800.25,0,TU
-3389.5,-799.75,0,TU
3114,-799.75,0,TU
-3042.5,-798.75,0,TU
-433,-798.75,0,TU
-65,-798.75,0,TU
2622.5,-798.75,0,TU
-1807.5,-798.25,0,TU
-189.5,-797.75,0,TU
1649.5,-797.75,0,TU
-1735.5,-797.25,0,TU
359,-797.25,0,TU
1809,-796.75,0,TU
2908.5,-796.75,0,TU
-1757.5,-796.25,0,TU
1829,-796.25,0,TU
-1006,-795.75,0,TU
2259,-795.75,0,TU
13.5,-795.25,0,TU
1870,-795.25,0,TU
-581,-794.75,0,TU
-564.5,-794.75,0,TU
-254,-794.25,0,TU
-3816.5,-793.75,0,TU
-2885,-793.75,0,TU
2322.5,-793.75,0,TU
-3728.5,-793.25,0,TU
-212.5,-793.25,0,TU
2152.5,-793.25,0,TU
-3087.5,-792.75,0,TU
-270.5,-792.75,0,TU
590.5,-792.25,0,TU
-673.5,-791.75,0,TU
1347,-791.75,0,TU
-2858,-791.25,0,TU
2428,-791.25,0,TU
-1893,-790.75,0,TU
-1407.5,-790.25,0,TU
2639.5,-790.25,0,TU
-3068,-789.75,0,TU
-592.5,-789.75,0,TU
-790.5,-789.25,0,TU
1299.5,-789.25,0,TU
3147.5,-789.25,0,TU
-364,-788.75,0,TU
3303.5,-788.25,0,TU
-2668.5,-787.75,0,TU
937.5,-787.75,0,TU
-1914,-787.25,0,TU
1379,-787.25,0,TU
2662.5,-787.25,0,TU
2174.5,-786.25,0,TU
2583.5,-786.25,0,TU
2566.5,-785.75,0,TU
-2234,-784.75,0,TU
-1036,-784.75,0,TU
299.5,-784.75,0,TU
685.5,-784.75,0,TU
2966,-784.75,0,TU
-347,-784.25,0,TU
242.5,-784.25,0,TU
-1373.5,-783.75,0,TU
2708,-783.75,0,TU
3255.5,-783.75,0,TU
-2044,-782.75,0,TU
-3914,-781.75,0,TU
-3885.5,-781.75,0,TU
-1707.5,-781.25,0,TU
1281,-781.25,0,TU
1229.5,-780.75,0,TU
-2191.5,-780.25,0,TU
-3957,-779.25,0,TU
-2779,-779.25,0,TU
-1337,-778.75,0,TU
576,-778.75,0,TU
-42.5,-778.25,0,TU
1732,-778.25,0,TU
-3353,-777.75,0,TU
-1946.5,-777.25,0,TU
1336,-777.25,0,TU
1858.5,-777.25,0,TU
38.5,-776.75,0,TU
-3410,-776.25,0,TU
-136.5,-776.25,0,TU
-214.5,-775.75,0,TU
80,-775.75,0,TU
2467,-775.75,0,TU
-3489.5,-774.75,0,TU
-3430,-774.75,0,TU
-2314.5,-774.75,0,TU
-1170,-774.75,0,TU
-630,-774.75,0,TU
2187.5,-774.75,0,TU
2348.5,-773.25,0,TU
-1452.5,-772.25,0,TU
-366,-772.25,0,TU
1403.5,-772.25,0,TU
-1524.5,-770.75,0,TU
-2409.5,-769.25,0,TU
-2114,-769.25,0,TU
-1587,-769.25,0,TU
2858.5,-769.25,0,TU
-1599.5,-768.75,0,TU
1542.5,-768.75,0,TU
-2792.5,-768.25,0,TU
-1134.5,-768.25,0,TU
-870.5,-768.25,0,TU
3244,-768.25,0,TU
-2333.5,-767.75,0,TU
-759.5,-767.75,0,TU
997.5,-767.75,0,TU
3369.5,-767.75,0,TU
-2962,-767.25,0,TU
3454.5,-767.25,0,TU
1593,-766.75,0,TU
-3628,-766.25,0,TU
-2612.5,-766.25,0,TU
1176.5,-766.25,0,TU
2617,-766.25,0,TU
-1889,-765.75,0,TU
889,-765.75,0,TU
-2358,-765.25,0,TU
-3900,-764.75,0,TU
-3268,-764.75,0,TU
-605,-764.75,0,TU
-2697.5,-764.25,0,TU
2249.5,-764.25,0,TU
2573,-764.25,0,TU
-3088,-763.75,0,TU
1105.5,-763.75,0,TU
2108,-763.25,0,TU
97,-762.75,0,TU
2466,-762.25,0,TU
-368,-761.75,0,TU
2886,-761.75,0,TU
1993,-761.25,0,TU
-3842,-760.75,0,TU
1030,-760.75,0,TU
2153,-759.25,0,TU
3275,-759.25,0,TU
178.5,-758.25,0,TU
706.5,-758.25,0,TU
-2452.5,-756.75,0,TU
-170.5,-756.75,0,TU
1517.5,-756.75,0,TU
-2428,-756.25,0,TU
-1976.5,-756.25,0,TU
-1328,-756.25,0,TU
600,-756.25,0,TU
1965,-755.75,0,TU
2371.5,-755.75,0,TU
614.5,-754.75,0,TU
292,-754.25,0,TU
808.5,-754.25,0,TU
1195,-754.25,0,TU
2691.5,-754.25,0,TU
-1998.5,-753.75,0,TU
3342,-753.75,0,TU
-2754,-753.25,0,TU
-2704,-753.25,0,TU
-1168.5,-753.25,0,TU
2130,-753.25,0,TU
-1934.5,-752.75,0,TU
2552.5,-752.25,0,TU
2910.5,-751.25,0,TU
3182,-751.25,0,TU
2212.5,-750.75,0,TU
2672.5,-750.75,0,TU
2783.5,-750.75,0,TU
-3762,-750.25,0,TU
-2725.5,-750.25,0,TU
-2072,-749.75,0,TU
-243,-749.75,0,TU
1430,-749.75,0,TU
1262,-749.25,0,TU
-2644.5,-748.25,0,TU
3131,-748.25,0,TU
-630.5,-747.25,0,TU
-3826,-746.75,0,TU
-3527.5,-746.75,0,TU
63.5,-746.75,0,TU
161,-746.75,0,TU
-2256.5,-746.25,0,TU
-2042,-746.25,0,TU
1719.5,-746.25,0,TU
2528.5,-746.25,0,TU
460,-745.75,0,TU
665.5,-745.75,0,TU
-713.5,-745.25,0,TU
-1219.5,-744.25,0,TU
-100,-744.25,0,TU
1756.5,-744.25,0,TU
-1247.5,-743.75,0,TU
-1012.5,-743.75,0,TU
-136,-743.75,0,TU
2967.5,-743.75,0,TU
1452,-743.25,0,TU
557.5,-742.75,0,TU
2871,-742.75,0,TU
1139.5,-741.75,0,TU
1983,-741.75,0,TU
891,-741.25,0,TU
-765,-740.75,0,TU
-508,-740.75,0,TU
-1891,-740.25,0,TU
-1837,-740.25,0,TU
3041,-740.25,0,TU
-1109,-738.75,0,TU
-3097,-738.25,0,TU
2182,-737.75,0,TU
-2860,-737.25,0,TU
-2358.5,-737.25,0,TU
2947.5,-737.25,0,TU
-2333.5,-736.75,0,TU
-2156,-736.75,0,TU
519.5,-736.75,0,TU
1600.5,-736.75,0,TU
-1284,-736.25,0,TU
-1030,-735.25,0,TU
-3424.5,-734.75,0,TU
-2297,-734.75,0,TU
-1556,-734.75,0,TU
-657.5,-734.25,0,TU
-172,-734.25,0,TU
3292,-734.25,0,TU
607.5,-733.75,0,TU
1367,-733.75,0,TU
2586.5,-733.75,0,TU
-2787,-733.25,0,TU
2635.5,-733.25,0,TU
-3631,-732.75,0,TU
-3256.5,-732.75,0,TU
-1343.5,-732.75,0,TU
-1533,-732.25,0,TU
-1049.5,-731.75,0,TU
1005,-731.75,0,TU
2805.5,-731.75,0,TU
2746.5,-731.25,0,TU
3074,-731.25,0,TU
1413,-730.75,0,TU
-1233,-729.75,0,TU
-1875,-729.25,0,TU
-3828,-728.75,0,TU
3482,-728.75,0,TU
-3316.5,-728.25,0,TU
-2841,-728.25,0,TU
400.5,-728.25,0,TU
-2402,-727.75,0,TU
-1998,-727.25,0,TU
2696.5,-727.25,0,TU
-626.5,-726.25,0,TU
-2968,-725.25,0,TU
-1067.5,-725.25,0,TU
2917.5,-725.25,0,TU
824,-724.75,0,TU
2403,-724.75,0,TU
1852.5,-724.25,0,TU
1936,-724.25,0,TU
-1819,-723.25,0,TU
-1674,-723.25,0,TU
-101.5,-723.25,0,TU
344,-723.25,0,TU
-3584,-722.75,0,TU
-2937.5,-721.75,0,TU
1148.5,-721.75,0,TU
2562,-721.75,0,TU
-3674.5,-721.25,0,TU
-0.5,-719.75,0,TU
242,-719.25,0,TU
2253,-719.25,0,TU
-2179,-718.75,0,TU
-1150,-718.25,0,TU
1462,-718.25,0,TU
728.5,-717.75,0,TU
-3116.5,-717.25,0,TU
-3098,-717.25,0,TU
-1256.5,-717.25,0,TU
108,-717.25,0,TU
2631.5,-716.75,0,TU
-130,-716.25,0,TU
442.5,-716.25,0,TU
1016,-716.25,0,TU
2603,-716.25,0,TU
3381,-716.25,0,TU
-2421,-715.75,0,TU
2503.5,-715.75,0,TU
-3229,-714.75,0,TU
-2243,-714.75,0,TU
1489,-714.75,0,TU
-29.5,-714.25,0,TU
-3341.5,-713.25,0,TU
-1377.5,-712.75,0,TU
-966,-712.75,0,TU
-2017,-712.25,0,TU
-1025,-712.25,0,TU
391,-712.25,0,TU
855,-711.75,0,TU
2937,-711.75,0,TU
-1735.5,-711.25,0,TU
302.5,-711.25,0,TU
-1494.5,-710.75,0,TU
830,-710.75,0,TU
-1092,-710.25,0,TU
-742.5,-710.25,0,TU
1122,-710.25,0,TU
2906.5,-710.25,0,TU
2532,-709.75,0,TU
-3504,-709.25,0,TU
-521,-708.75,0,TU
-784,-707.75,0,TU
1429.5,-707.75,0,TU
-593.5,-707.25,0,TU
52,-707.25,0,TU
2167,-707.25,0,TU
1211,-706.25,0,TU
2139.5,-706.25,0,TU
3035.5,-706.25,0,TU
-2670,-705.75,0,TU
1358.5,-705.75,0,TU
-437,-705.25,0,TU
2747,-705.25,0,TU
2221,-704.75,0,TU
2067.5,-704.25,0,TU
-3327,-703.75,0,TU
-1199.5,-703.75,0,TU
2362.5,-703.75,0,TU
-1656.5,-703.25,0,TU
-1403,-702.75,0,TU
-571.5,-702.25,0,TU
-2115,-701.75,0,TU
-1467,-700.25,0,TU
13,-700.25,0,TU
2397.5,-699.75,0,TU
-3626.5,-699.25,0,TU
1506.5,-699.25,0,TU
-3650,-698.75,0,TU
-2142.5,-698.75,0,TU
-1704.5,-698.75,0,TU
-1109.5,-698.75,0,TU
1544,-698.75,0,TU
2800.5,-698.75,0,TU
-3131,-698.25,0,TU
-2219,-698.25,0,TU
-911,-698.25,0,TU
279.5,-698.25,0,TU
-2558.5,-697.75,0,TU
-210,-697.75,0,TU
386,-697.25,0,TU
-288,-696.75,0,TU
-13.5,-696.75,0,TU
-997.5,-695.25,0,TU
-1574,-694.75,0,TU
1194,-694.75,0,TU
1716,-694.75,0,TU
174.5,-694.25,0,TU
-1073,-693.25,0,TU
1388,-693.25,0,TU
-3393.5,-691.25,0,TU
-2375,-691.25,0,TU
-1296,-691.25,0,TU
-2927.5,-690.75,0,TU
-1499.5,-689.75,0,TU
266,-689.75,0,TU
833.5,-689.75,0,TU
1343,-689.75,0,TU
1811,-689.75,0,TU
-2326,-688.25,0,TU
-1257,-688.25,0,TU
2406,-687.75,0,TU
-2068,-687.25,0,TU
603.5,-687.25,0,TU
-3252,-686.25,0,TU
-1157.5,-685.75,0,TU
-484.5,-685.75,0,TU
3456.5,-685.75,0,TU
-762.5,-685.25,0,TU
2503,-685.25,0,TU
1944,-684.75,0,TU
2630,-684.75,0,TU
3061.5,-684.25,0,TU
-442,-683.75,0,TU
2850,-683.75,0,TU
-2213.5,-683.25,0,TU
-1614,-683.25,0,TU
-527.5,-680.75,0,TU
3134.5,-680.75,0,TU
456,-680.25,0,TU
-826,-679.75,0,TU
-251.5,-679.75,0,TU
2128,-679.75,0,TU
3150,-679.75,0,TU
-2410.5,-679.25,0,TU
-694,-679.25,0,TU
1359,-679.25,0,TU
2233.5,-678.75,0,TU
2751,-678.75,0,TU
-3469.5,-677.75,0,TU
-2295,-677.75,0,TU
241,-677.75,0,TU
855.5,-677.75,0,TU
1082.5,-677.75,0,TU
3035,-677.75,0,TU
173.5,-677.25,0,TU
910.5,-677.25,0,TU
-3304.5,-676.75,0,TU
-1017,-676.25,0,TU
1664,-676.25,0,TU
-3502.5,-675.75,0,TU
-1123.5,-675.75,0,TU
3243.5,-675.75,0,TU
1452,-675.25,0,TU
-1658,-674.25,0,TU
-845.5,-674.25,0,TU
-2600.5,-673.75,0,TU
2315.5,-673.75,0,TU
147.5,-673.25,0,TU
-551.5,-672.75,0,TU
1106,-672.75,0,TU
-1727.5,-672.25,0,TU
-425.5,-672.25,0,TU
-3075.5,-671.75,0,TU
921,-671.75,0,TU
-2440,-671.25,0,TU
3104.5,-671.25,0,TU
2530.5,-670.25,0,TU
-2963,-669.75,0,TU
-1584,-669.75,0,TU
-1408.5,-669.25,0,TU
1184,-668.75,0,TU
-2762,-668.25,0,TU
-2244,-668.25,0,TU
-2140.5,-668.25,0,TU
-1308,-668.25,0,TU
1248,-668.25,0,TU
-1454.5,-667.75,0,TU
-176.5,-667.75,0,TU
770.5,-667.75,0,TU
816,-667.25,0,TU
979.5,-667.25,0,TU
-651,-666.75,0,TU
205.5,-666.75,0,TU
1217,-666.75,0,TU
2067.5,-666.75,0,TU
-1901,-666.25,0,TU
957.5,-666.25,0,TU
1983.5,-666.25,0,TU
256.5,-665.75,0,TU
-380,-665.25,0,TU
1647,-665.25,0,TU
1790,-665.25,0,TU
2441,-665.25,0,TU
3431.5,-664.75,0,TU
-899.5,-664.25,0,TU
-794.5,-663.75,0,TU
-104,-663.75,0,TU
289,-663.75,0,TU
485.5,-663.25,0,TU
-2352,-662.25,0,TU
-2529,-661.75,0,TU
-2456.5,-661.75,0,TU
-600.5,-661.25,0,TU
-2065.5,-660.75,0,TU
2354.5,-660.75,0,TU
2103,-659.75,0,TU
-2305,-659.25,0,TU
608.5,-659.25,0,TU
870,-659.25,0,TU
-2103,-658.75,0,TU
-2152,-658.25,0,TU
17.5,-658.25,0,TU
-3494,-657.75,0,TU
1278,-657.75,0,TU
-1771.5,-657.25,0,TU
-1826,-656.75,0,TU
-337.5,-656.75,0,TU
1525,-656.75,0,TU
2877,-656.75,0,TU
3395,-656.75,0,TU
-1221,-656.25,0,TU
-773,-656.25,0,TU
-742,-655.25,0,TU
677,-655.25,0,TU
834,-655.25,0,TU
-200,-654.75,0,TU
1869.5,-654.25,0,TU
-1931,-653.75,0,TU
2153,-653.75,0,TU
171.5,-652.75,0,TU
3019,-652.75,0,TU
-493,-652.25,0,TU
521.5,-652.25,0,TU
2495,-652.25,0,TU
-2903.5,-651.75,0,TU
-674.5,-651.75,0,TU
2543.5,-651.25,0,TU
-3603.5,-650.75,0,TU
-2172.5,-650.75,0,TU
2134.5,-649.25,0,TU
-826,-648.75,0,TU
433,-648.25,0,TU
1318,-648.25,0,TU
2046,-648.25,0,TU
3381.5,-648.25,0,TU
-1064,-647.75,0,TU
-581,-647.75,0,TU
-2395.5,-647.25,0,TU
1019,-647.25,0,TU
3040.5,-647.25,0,TU
2936.5,-646.75,0,TU
-957.5,-646.25,0,TU
1159,-646.25,0,TU
3243.5,-646.25,0,TU
-3262.5,-645.75,0,TU
-723.5,-645.25,0,TU
-1723.5,-644.25,0,TU
-471.5,-644.25,0,TU
1636,-644.25,0,TU
-2505,-643.75,0,TU
2321.5,-643.75,0,TU
3454.5,-643.75,0,TU
-3424,-643.25,0,TU
-748.5,-643.25,0,TU
225,-641.75,0,TU
-1965.5,-641.25,0,TU
57.5,-641.25,0,TU
939,-641.25,0,TU
-2999.5,-640.25,0,TU
-2243.5,-639.75,0,TU
-438.5,-639.75,0,TU
600.5,-639.25,0,TU
-1088,-638.75,0,TU
1908.5,-638.75,0,TU
-3552.5,-638.25,0,TU
-1905.5,-638.25,0,TU
-354,-638.25,0,TU
967.5,-638.25,0,TU
2597,-638.25,0,TU
2903,-638.25,0,TU
-2470,-637.75,0,TU
-1277.5,-637.25,0,TU
490.5,-637.25,0,TU
1490.5,-637.25,0,TU
2709,-637.25,0,TU
-2743.5,-636.75,0,TU
570,-636.75,0,TU
1363,-636.75,0,TU
3521,-636.75,0,TU
2468.5,-636.25,0,TU
-1629,-635.75,0,TU
-1394,-635.75,0,TU
1266,-635.75,0,TU
2508,-635.25,0,TU
-865,-634.75,0,TU
344,-634.75,0,TU
1533,-634.75,0,TU
-1345,-634.25,0,TU
-406.5,-634.25,0,TU
1929.5,-634.25,0,TU
-2983.5,-633.75,0,TU
1000.5,-633.75,0,TU
3508.5,-633.75,0,TU
659.5,-633.25,0,TU
2069,-633.25,0,TU
-1152,-632.75,0,TU
-336,-632.25,0,TU
2802.5,-632.25,0,TU
-1078.5,-631.75,0,TU
2537,-631.75,0,TU
3392.5,-631.75,0,TU
-618.5,-630.25,0,TU
388.5,-629.75,0,TU
852,-629.75,0,TU
-1741.5,-629.25,0,TU
-2858.5,-627.75,0,TU
-1287.5,-627.25,0,TU
1655,-627.25,0,TU
-889,-626.25,0,TU
-464.5,-626.25,0,TU
2371.5,-625.75,0,TU
-1225,-625.25,0,TU
-2304.5,-624.75,0,TU
1320.5,-624.75,0,TU
-364.5,-624.25,0,TU
2916.5,-624.25,0,TU
-2832,-623.75,0,TU
-1896.5,-623.75,0,TU
1805,-623.75,0,TU
3357.5,-623.75,0,TU
-2279.5,-622.75,0,TU
150,-622.75,0,TU
-2785.5,-622.25,0,TU
-1066,-622.25,0,TU
-528.5,-622.25,0,TU
-49.5,-622.25,0,TU
99.5,-622.25,0,TU
-916,-621.25,0,TU
31,-621.25,0,TU
3490,-620.75,0,TU
-3411,-619.25,0,TU
-2220,-618.75,0,TU
2785,-618.75,0,TU
-3471.5,-618.25,0,TU
-1429,-617.75,0,TU
1889,-617.75,0,TU
2623,-617.75,0,TU
-3267.5,-617.25,0,TU
-668,-616.75,0,TU
-635.5,-616.75,0,TU
467,-616.75,0,TU
-1309,-615.75,0,TU
-1474,-615.25,0,TU
938.5,-615.25,0,TU
2146.5,-615.25,0,TU
-1991,-614.75,0,TU
694,-614.75,0,TU
794.5,-614.25,0,TU
-1941.5,-613.75,0,TU
-1541,-613.75,0,TU
-3089.5,-613.25,0,TU
2739.5,-613.25,0,TU
-2660.5,-612.75,0,TU
1395.5,-612.75,0,TU
2266,-612.75,0,TU
69.5,-612.25,0,TU
118,-611.75,0,TU
373,-611.75,0,TU
2316,-611.75,0,TU
2593,-611.75,0,TU
-2896,-610.75,0,TU
-941,-610.75,0,TU
-1053.5,-610.25,0,TU
2978.5,-610.25,0,TU
429.5,-609.75,0,TU
2659.5,-609.75,0,TU
3506.5,-609.75,0,TU
3543.5,-609.75,0,TU
-1792,-609.25,0,TU
-599.5,-608.75,0,TU
-1824,-608.25,0,TU
457,-608.25,0,TU
2017,-608.25,0,TU
3274,-608.25,0,TU
-1638.5,-607.75,0,TU
-2243,-607.25,0,TU
-1923,-607.25,0,TU
2699,-607.25,0,TU
1935,-606.75,0,TU
-2381,-606.25,0,TU
-1346.5,-606.25,0,TU
-1172.5,-606.25,0,TU
3306,-605.75,0,TU
1910,-604.75,0,TU
3018.5,-604.75,0,TU
-3118.5,-604.25,0,TU
-3393,-603.75,0,TU
877,-603.75,0,TU
2535,-603.75,0,TU
3447,-603.75,0,TU
-888,-603.25,0,TU
316.5,-602.75,0,TU
3136,-602.75,0,TU
-1684.5,-601.75,0,TU
2097.5,-601.75,0,TU
3248.5,-601.75,0,TU
-2612,-601.25,0,TU
-2347,-601.25,0,TU
3503,-601.25,0,TU
2199,-600.75,0,TU
3474.5,-600.75,0,TU
-3345,-599.75,0,TU
761.5,-598.25,0,TU
1020,-598.25,0,TU
2884.5,-598.25,0,TU
-1426.5,-597.25,0,TU
-450,-597.25,0,TU
3088.5,-597.25,0,TU
-1727,-596.75,0,TU
-1594,-596.75,0,TU
1796,-596.75,0,TU
-2874,-596.25,0,TU
-2519.5,-595.25,0,TU
-2110.5,-595.25,0,TU
-1322,-595.25,0,TU
-564.5,-595.25,0,TU
-369.5,-594.75,0,TU
2923.5,-594.75,0,TU
1093,-594.25,0,TU
2348.5,-594.25,0,TU
-3281.5,-593.25,0,TU
-1519.5,-593.25,0,TU
468,-593.25,0,TU
-2307.5,-592.75,0,TU
-1812,-592.75,0,TU
38,-592.75,0,TU
1468,-590.75,0,TU
2480,-590.75,0,TU
2826.5,-590.25,0,TU
625.5,-589.75,0,TU
1115.5,-589.75,0,TU
-2034,-589.25,0,TU
-442,-589.25,0,TU
-3370.5,-588.25,0,TU
3229.5,-588.25,0,TU
-1579.5,-587.75,0,TU
-1132.5,-587.75,0,TU
1608,-587.75,0,TU
1441.5,-586.75,0,TU
2567,-586.75,0,TU
-485,-586.25,0,TU
645,-586.25,0,TU
1372,-586.25,0,TU
3260.5,-586.25,0,TU
2592,-585.75,0,TU
982.5,-585.25,0,TU
-1997,-584.75,0,TU
-208.5,-584.75,0,TU
939.5,-584.75,0,TU
3464.5,-584.75,0,TU
-1825.5,-583.75,0,TU
574.5,-583.75,0,TU
1426.5,-583.75,0,TU
1977,-583.25,0,TU
3326.5,-583.25,0,TU
-1194.5,-582.75,0,TU
-775,-582.75,0,TU
1009,-581.75,0,TU
1398.5,-581.75,0,TU
3202.5,-581.75,0,TU
-388.5,-581.25,0,TU
706,-581.25,0,TU
2100,-580.75,0,TU
-928.5,-579.75,0,TU
1999,-579.75,0,TU
-1075.5,-579.25,0,TU
-400.5,-579.25,0,TU
3432.5,-579.25,0,TU
-1795.5,-578.75,0,TU
1776.5,-578.75,0,TU
302.5,-578.25,0,TU
797,-578.25,0,TU
2142,-578.25,0,TU
-3052,-577.75,0,TU
1957,-577.75,0,TU
2011,-577.75,0,TU
2179,-577.75,0,TU
-1770.5,-577.25,0,TU
-1696,-576.75,0,TU
1262,-576.75,0,TU
2511,-576.75,0,TU
-1051.5,-576.25,0,TU
-2092.5,-575.75,0,TU
-1147.5,-575.25,0,TU
-356,-575.25,0,TU
-1403,-574.75,0,TU
-1829,-574.25,0,TU
-1487,-574.25,0,TU
-27,-574.25,0,TU
-2646,-573.75,0,TU
-3175.5,-572.25,0,TU
-1992.5,-572.25,0,TU
-2697.5,-571.75,0,TU
1319.5,-571.25,0,TU
-2262.5,-570.75,0,TU
1388.5,-570.75,0,TU
-516.5,-570.25,0,TU
-773,-569.75,0,TU
864.5,-569.75,0,TU
1405,-569.75,0,TU
1830.5,-569.75,0,TU
3508,-569.25,0,TU
-3002.5,-567.75,0,TU
-2485.5,-567.75,0,TU
2558,-567.25,0,TU
-2768,-566.75,0,TU
2534.5,-566.75,0,TU
964,-566.25,0,TU
1711,-566.25,0,TU
-2440,-565.75,0,TU
-2218.5,-565.75,0,TU
1150,-565.75,0,TU
-344.5,-565.25,0,TU
1647,-565.25,0,TU
-1509.5,-564.75,0,TU
139.5,-564.25,0,TU
3407.5,-564.25,0,TU
466,-563.75,0,TU
2050.5,-563.75,0,TU
-2800,-563.25,0,TU
3192.5,-563.25,0,TU
1671.5,-562.25,0,TU
-621.5,-561.25,0,TU
-412.5,-561.25,0,TU
-2144,-560.75,0,TU
735.5,-560.75,0,TU
-3206,-559.25,0,TU
-773.5,-559.25,0,TU
-2868.5,-558.75,0,TU
-2547,-558.75,0,TU
1905.5,-558.75,0,TU
1186.5,-558.25,0,TU
1565.5,-558.25,0,TU
3071.5,-557.75,0,TU
-2397.5,-557.25,0,TU
231.5,-557.25,0,TU
634.5,-557.25,0,TU
-591.5,-556.75,0,TU
305,-556.75,0,TU
-1860,-556.25,0,TU
-2519.5,-555.75,0,TU
-1787,-555.75,0,TU
-1161,-555.75,0,TU
-2636.5,-555.25,0,TU
-2039.5,-554.75,0,TU
2835.5,-554.75,0,TU
3426,-554.75,0,TU
3607,-554.25,0,TU
-1276,-553.75,0,TU
3258.5,-553.75,0,TU
-2565,-553.25,0,TU
-1811,-553.25,0,TU
23,-553.25,0,TU
-1375,-552.25,0,TU
1805.5,-551.25,0,TU
2454,-551.25,0,TU
-2784.5,-550.75,0,TU
2393.5,-550.75,0,TU
1002.5,-550.25,0,TU
2601,-550.25,0,TU
917.5,-549.75,0,TU
2354.5,-549.75,0,TU
-3030.5,-547.75,0,TU
-1003,-547.75,0,TU
2343,-547.75,0,TU
-2675.5,-547.25,0,TU
-1912.5,-547.25,0,TU
-1113,-546.75,0,TU
2445,-546.25,0,TU
2872,-546.25,0,TU
3066,-546.25,0,TU
-274,-545.75,0,TU
1726,-545.75,0,TU
-2087.5,-545.25,0,TU
63.5,-545.25,0,TU
3587,-544.25,0,TU
3411.5,-543.75,0,TU
-1300.5,-543.25,0,TU
-2371,-542.75,0,TU
-530,-542.75,0,TU
-178.5,-542.25,0,TU
3333.5,-542.25,0,TU
-805,-541.75,0,TU
-204.5,-541.75,0,TU
760,-541.75,0,TU
828.5,-541.75,0,TU
-2352,-541.25,0,TU
-326,-541.25,0,TU
1339,-540.75,0,TU
2813,-540.75,0,TU
-2531,-540.25,0,TU
-2449,-539.75,0,TU
-1730.5,-539.75,0,TU
482.5,-539.75,0,TU
-309.5,-539.25,0,TU
425,-538.75,0,TU
1833,-538.75,0,TU
-2418.5,-538.25,0,TU
-1134,-538.25,0,TU
-675,-538.25,0,TU
28.5,-538.25,0,TU
2744,-537.75,0,TU
-1936.5,-537.25,0,TU
614.5,-537.25,0,TU
2937,-537.25,0,TU
1281.5,-536.75,0,TU
2119.5,-536.75,0,TU
-1056.5,-536.25,0,TU
-840.5,-536.25,0,TU
-367.5,-536.25,0,TU
2564.5,-535.25,0,TU
-2768.5,-534.75,0,TU
-2058.5,-534.75,0,TU
130.5,-534.75,0,TU
-1695,-534.25,0,TU
2390.5,-534.25,0,TU
-2617,-533.25,0,TU
-38,-532.25,0,TU
539.5,-532.25,0,TU
1573.5,-532.25,0,TU
1599.5,-532.25,0,TU
-2660,-531.25,0,TU
-1396,-530.75,0,TU
-477.5,-530.75,0,TU
2196,-530.75,0,TU
-569,-529.25,0,TU
-335.5,-528.75,0,TU
1031.5,-528.75,0,TU
-1547,-528.25,0,TU
-903.5,-528.25,0,TU
3164,-528.25,0,TU
-1248,-527.75,0,TU
3423,-527.75,0,TU
-1636.5,-527.25,0,TU
798.5,-527.25,0,TU
-2858.5,-526.75,0,TU
-1223,-526.75,0,TU
-607.5,-526.75,0,TU
3139,-526.75,0,TU
-255.5,-526.25,0,TU
-184,-526.25,0,TU
-1202.5,-525.75,0,TU
-405,-525.75,0,TU
2957,-525.75,0,TU
-2126.5,-525.25,0,TU
-1981.5,-524.75,0,TU
-66.5,-524.75,0,TU
2610,-524.25,0,TU
-2968,-523.25,0,TU
-966,-522.75,0,TU
3074,-522.75,0,TU
-3022,-522.25,0,TU
-2875.5,-522.25,0,TU
-2702,-522.25,0,TU
959,-522.25,0,TU
1106.5,-522.25,0,TU
-3077.5,-521.75,0,TU
-2400.5,-520.25,0,TU
-1471.5,-519.75,0,TU
2920,-519.75,0,TU
-75.5,-519.25,0,TU
2075.5,-518.75,0,TU
-204.5,-518.25,0,TU
-2101.5,-517.75,0,TU
915.5,-517.75,0,TU
1968.5,-517.75,0,TU
3462,-517.25,0,TU
-2305.5,-516.25,0,TU
-276.5,-516.25,0,TU
1914,-516.25,0,TU
2102.5,-516.25,0,TU
-2471.5,-515.75,0,TU
-2279,-515.75,0,TU
1768,-515.75,0,TU
-3180.5,-514.75,0,TU
-1340,-514.75,0,TU
-1719.5,-514.25,0,TU
-1296.5,-514.25,0,TU
635,-514.25,0,TU
1819,-514.25,0,TU
298.5,-513.75,0,TU
-2044,-513.25,0,TU
1649,-513.25,0,TU
-2819.5,-512.75,0,TU
-2361,-512.75,0,TU
-2232,-512.75,0,TU
-1023,-512.75,0,TU
-2798.5,-512.25,0,TU
-815.5,-512.25,0,TU
138,-512.25,0,TU
1622.5,-512.25,0,TU
3308.5,-512.25,0,TU
735.5,-511.75,0,TU
-473,-511.25,0,TU
2164.5,-510.75,0,TU
-507.5,-510.25,0,TU
2680,-510.25,0,TU
3155.5,-510.25,0,TU
3439,-510.25,0,TU
-2580.5,-509.75,0,TU
2350,-509.75,0,TU
-1326.5,-509.25,0,TU
350.5,-508.75,0,TU
423,-508.75,0,TU
-153,-508.25,0,TU
-585.5,-507.75,0,TU
-310.5,-507.75,0,TU
1291,-507.75,0,TU
-231.5,-507.25,0,TU
1031.5,-507.25,0,TU
2789,-507.25,0,TU
-2773.5,-506.75,0,TU
-2664,-506.25,0,TU
-285.5,-506.25,0,TU
61.5,-506.25,0,TU
-1988,-505.75,0,TU
-177.5,-505.75,0,TU
2882,-505.75,0,TU
590.5,-505.25,0,TU
1105.5,-505.25,0,TU
-1112,-504.75,0,TU
-826.5,-504.25,0,TU
289,-504.25,0,TU
1182,-503.75,0,TU
1566.5,-503.25,0,TU
1890.5,-503.25,0,TU
-2923.5,-502.75,0,TU
-2428,-502.75,0,TU
-464.5,-502.25,0,TU
2257,-502.25,0,TU
2508.5,-502.25,0,TU
2845.5,-502.25,0,TU
-1578,-501.75,0,TU
-1618.5,-501.25,0,TU
-1515.5,-501.25,0,TU
969,-501.25,0,TU
1680.5,-501.25,0,TU
-2259.5,-500.75,0,TU
-2193,-500.75,0,TU
-2560,-499.75,0,TU
860.5,-498.25,0,TU
892,-498.25,0,TU
-1643.5,-497.25,0,TU
36,-497.25,0,TU
3238,-497.25,0,TU
-1137.5,-496.25,0,TU
-905,-496.25,0,TU
2812,-496.25,0,TU
-2079.5,-495.75,0,TU
686,-495.75,0,TU
2206.5,-495.75,0,TU
711.5,-495.25,0,TU
171.5,-494.75,0,TU
584.5,-494.75,0,TU
2020,-494.75,0,TU
-1865,-494.25,0,TU
-1697.5,-494.25,0,TU
3412,-494.25,0,TU
237,-493.75,0,TU
367,-493.75,0,TU
-3021.5,-493.25,0,TU
-2007.5,-493.25,0,TU
-1666,-493.25,0,TU
-1460,-493.25,0,TU
-600,-491.25,0,TU
-217,-491.25,0,TU
-1947,-490.75,0,TU
-1734,-490.75,0,TU
-1309.5,-489.25,0,TU
2235,-489.25,0,TU
-2980.5,-488.25,0,TU
-2277.5,-488.25,0,TU
-2891,-487.75,0,TU
-568,-487.75,0,TU
-352.5,-486.75,0,TU
-534,-486.25,0,TU
1540.5,-486.25,0,TU
-2642,-485.75,0,TU
128.5,-485.75,0,TU
1370,-485.75,0,TU
2029,-485.75,0,TU
727.5,-484.75,0,TU
-2467,-484.25,0,TU
-1280,-483.25,0,TU
511.5,-483.25,0,TU
-1436.5,-482.75,0,TU
-2487,-482.25,0,TU
-3048.5,-481.25,0,TU
-2700,-480.75,0,TU
2117,-480.75,0,TU
2523.5,-480.75,0,TU
-1406,-480.25,0,TU
-981.5,-480.25,0,TU
-1262,-479.75,0,TU
-954,-479.75,0,TU
1734.5,-479.75,0,TU
1151.5,-479.25,0,TU
87.5,-478.75,0,TU
1214,-478.75,0,TU
-2366,-478.25,0,TU
1201.5,-478.25,0,TU
-1876.5,-477.75,0,TU
-1081,-477.75,0,TU
409.5,-477.25,0,TU
2191.5,-477.25,0,TU
-2919.5,-476.75,0,TU
-2123,-476.75,0,TU
-2834.5,-475.75,0,TU
-1710,-475.75,0,TU
919,-475.25,0,TU
1667.5,-475.25,0,TU
-2431.5,-474.75,0,TU
-1220,-474.75,0,TU
3202.5,-474.75,0,TU
-1609,-473.25,0,TU
-194,-473.25,0,TU
3227.5,-472.25,0,TU
3481,-472.25,0,TU
3299.5,-471.75,0,TU
544,-471.25,0,TU
2130.5,-471.25,0,TU
-2396,-470.75,0,TU
-2162.5,-470.75,0,TU
1504.5,-470.75,0,TU
3015.5,-470.75,0,TU
-3021,-470.25,0,TU
-1035,-470.25,0,TU
-2306,-469.75,0,TU
-1575.5,-469.75,0,TU
-1864,-469.25,0,TU
106.5,-468.75,0,TU
-438.5,-468.25,0,TU
2277.5,-468.25,0,TU
344.5,-467.75,0,TU
-3138,-467.25,0,TU
-2020,-467.25,0,TU
-1647,-467.25,0,TU
-1433.5,-467.25,0,TU
3032,-466.75,0,TU
1167.5,-466.25,0,TU
1417.5,-466.25,0,TU
-1731.5,-465.75,0,TU
747,-465.75,0,TU
3411.5,-465.25,0,TU
982.5,-464.75,0,TU
1376.5,-464.75,0,TU
-3106,-464.25,0,TU
1763.5,-464.25,0,TU
2400,-464.25,0,TU
3108,-464.25,0,TU
-407,-463.75,0,TU
-49.5,-463.75,0,TU
-2952.5,-463.25,0,TU
1206.5,-463.25,0,TU
663.5,-462.75,0,TU
2819,-462.75,0,TU
-377,-462.25,0,TU
2366,-462.25,0,TU
-2860,-461.75,0,TU
2966,-461.25,0,TU
-2616.5,-460.75,0,TU
-854,-460.75,0,TU
943.5,-460.75,0,TU
2775.5,-460.25,0,TU
-1666.5,-459.75,0,TU
1592,-459.75,0,TU
-2104,-459.25,0,TU
-1561,-459.25,0,TU
-2322.5,-458.75,0,TU
3367.5,-458.75,0,TU
-3157,-458.25,0,TU
3061.5,-458.25,0,TU
-1115,-457.75,0,TU
586.5,-457.75,0,TU
1620.5,-457.75,0,TU
3586.5,-457.75,0,TU
-1855.5,-457.25,0,TU
1142,-457.25,0,TU
1800.5,-457.25,0,TU
2985,-457.25,0,TU
1490,-456.75,0,TU
-1709,-456.25,0,TU
-1280,-456.25,0,TU
25.5,-456.25,0,TU
1364,-456.25,0,TU
2545,-455.75,0,TU
-3135,-455.25,0,TU
-599.5,-455.25,0,TU
694.5,-455.25,0,TU
1570,-455.25,0,TU
1936.5,-455.25,0,TU
-2076.5,-454.25,0,TU
758,-454.25,0,TU
-884,-453.75,0,TU
-2777,-453.25,0,TU
2190.5,-453.25,0,TU
-102.5,-452.75,0,TU
1294,-452.75,0,TU
2084.5,-452.75,0,TU
-2521.5,-452.25,0,TU
-1387,-452.25,0,TU
-464,-451.75,0,TU
1910,-451.75,0,TU
2748.5,-451.75,0,TU
-2557.5,-451.25,0,TU
-3069,-450.75,0,TU
2445.5,-450.75,0,TU
3429,-450.75,0,TU
-3043,-450.25,0,TU
2508.5,-450.25,0,TU
-3122,-449.75,0,TU
-3089,-448.75,0,TU
1557,-448.75,0,TU
-2937,-448.25,0,TU
2688,-448.25,0,TU
-2899.5,-447.75,0,TU
2561,-447.75,0,TU
-1595.5,-447.25,0,TU
1776,-447.25,0,TU
-1787.5,-446.25,0,TU
3088,-445.75,0,TU
-2121,-445.25,0,TU
1608.5,-445.25,0,TU
3378.5,-444.75,0,TU
-2223,-444.25,0,TU
2494.5,-443.25,0,TU
80.5,-442.75,0,TU
2814,-442.75,0,TU
-1629,-442.25,0,TU
1383.5,-442.25,0,TU
-273,-441.75,0,TU
-149.5,-441.75,0,TU
630.5,-441.75,0,TU
-2438,-441.25,0,TU
1235,-440.75,0,TU
1901,-440.75,0,TU
3466,-440.75,0,TU
-2337.5,-440.25,0,TU
2121,-439.25,0,TU
-1210,-438.75,0,TU
2089.5,-438.75,0,TU
3026.5,-438.75,0,TU
-868.5,-437.75,0,TU
383.5,-437.75,0,TU
489.5,-437.75,0,TU
1657.5,-437.75,0,TU
2393.5,-437.75,0,TU
2702,-437.75,0,TU
3506,-437.75,0,TU
-2317.5,-437.25,0,TU
-3190,-436.75,0,TU
-1371.5,-436.25,0,TU
-513,-436.25,0,TU
2541.5,-436.25,0,TU
3412.5,-436.25,0,TU
-2729.5,-435.75,0,TU
-1183.5,-435.75,0,TU
510.5,-435.25,0,TU
-3204.5,-434.25,0,TU
-1547,-434.25,0,TU
-1818,-433.75,0,TU
-1746,-433.25,0,TU
-386,-433.25,0,TU
-90,-432.75,0,TU
1637.5,-432.75,0,TU
-3142,-432.25,0,TU
-62,-432.25,0,TU
-675,-431.75,0,TU
-1058.5,-431.25,0,TU
2186.5,-430.25,0,TU
-3086.5,-429.75,0,TU
-2283.5,-429.75,0,TU
-703,-429.75,0,TU
-291,-429.25,0,TU
275.5,-429.25,0,TU
1315,-429.25,0,TU
2796,-429.25,0,TU
-2051.5,-428.75,0,TU
-354,-428.75,0,TU
-2550.5,-427.25,0,TU
-1955,-427.25,0,TU
-404.5,-427.25,0,TU
784.5,-426.75,0,TU
882,-426.25,0,TU
1521.5,-425.75,0,TU
3579.5,-425.75,0,TU
-1412.5,-424.75,0,TU
1847,-424.75,0,TU
2827,-424.25,0,TU
-2659,-423.75,0,TU
-144,-423.25,0,TU
2761.5,-423.25,0,TU
-2805,-422.75,0,TU
-117.5,-422.25,0,TU
1374,-422.25,0,TU
-2575,-421.25,0,TU
43.5,-420.75,0,TU
2440,-420.75,0,TU
2467.5,-420.75,0,TU
-1500,-420.25,0,TU
1046,-420.25,0,TU
394,-419.75,0,TU
-2819.5,-419.25,0,TU
2520,-419.25,0,TU
-1851,-418.25,0,TU
-1307,-417.75,0,TU
995.5,-417.75,0,TU
3536,-417.75,0,TU
-2411.5,-417.25,0,TU
-1639.5,-417.25,0,TU
-595.5,-417.25,0,TU
2835,-417.25,0,TU
855.5,-416.75,0,TU
-2937.5,-416.25,0,TU
-983.5,-416.25,0,TU
2656,-416.25,0,TU
-2525,-415.25,0,TU
-1924,-414.75,0,TU
951,-414.25,0,TU
-2302.5,-413.75,0,TU
1607.5,-413.25,0,TU
147.5,-412.75,0,TU
1825,-412.75,0,TU
2487.5,-412.75,0,TU
3410,-411.75,0,TU
-969.5,-411.25,0,TU
-2029.5,-410.75,0,TU
-1547.5,-410.25,0,TU
2093.5,-410.25,0,TU
2123.5,-410.25,0,TU
-2707,-409.75,0,TU
3332,-409.75,0,TU
2330.5,-408.75,0,TU
1249.5,-408.25,0,TU
-2335.5,-407.75,0,TU
-2188.5,-407.75,0,TU
1206,-407.25,0,TU
2147.5,-407.25,0,TU
-164.5,-406.75,0,TU
-258,-406.25,0,TU
-3062.5,-405.75,0,TU
-2799.5,-405.75,0,TU
-1512.5,-405.75,0,TU
-99.5,-405.75,0,TU
-2751,-405.25,0,TU
-2628.5,-405.25,0,TU
-1894,-405.25,0,TU
-2730,-404.75,0,TU
-1047,-403.75,0,TU
-430,-403.75,0,TU
-366.5,-403.75,0,TU
54.5,-403.75,0,TU
-1243,-401.75,0,TU
120.5,-400.75,0,TU
-3155,-400.25,0,TU
-2915.5,-399.25,0,TU
-874,-399.25,0,TU
1137,-398.75,0,TU
1580,-398.75,0,TU
-215,-398.25,0,TU
-2030,-397.75,0,TU
-768.5,-397.25,0,TU
1302,-397.25,0,TU
-2663,-396.75,0,TU
-2056,-396.75,0,TU
-1918,-396.75,0,TU
-1054.5,-396.75,0,TU
-1020,-396.75,0,TU
3384,-396.75,0,TU
512,-396.25,0,TU
650.5,-395.25,0,TU
1470.5,-395.25,0,TU
3567,-395.25,0,TU
701.5,-394.75,0,TU
-924,-394.25,0,TU
-678.5,-394.25,0,TU
3142.5,-394.25,0,TU
1172,-393.75,0,TU
-1350,-393.25,0,TU
-328.5,-392.25,0,TU
2868.5,-391.25,0,TU
-1585,-390.75,0,TU
-1464,-390.75,0,TU
-3034,-390.25,0,TU
-165.5,-390.25,0,TU
-2260,-389.75,0,TU
2895.5,-389.75,0,TU
-2944.5,-389.25,0,TU
-813.5,-389.25,0,TU
3201.5,-389.25,0,TU
1988,-388.75,0,TU
491,-388.25,0,TU
-1611,-387.75,0,TU
820,-387.75,0,TU
-2289,-387.25,0,TU
-2170.5,-387.25,0,TU
976.5,-385.75,0,TU
165,-385.25,0,TU
-36.5,-384.75,0,TU
-1503,-383.75,0,TU
-1089,-383.75,0,TU
1257,-383.75,0,TU
-452.5,-383.25,0,TU
289.5,-382.75,0,TU
394.5,-382.75,0,TU
-944,-382.25,0,TU
-262,-382.25,0,TU
602.5,-381.75,0,TU
-542,-381.25,0,TU
-2451,-380.75,0,TU
3307,-380.75,0,TU
-1043.5,-380.25,0,TU
-2057,-379.75,0,TU
355,-379.75,0,TU
1007.5,-379.75,0,TU
2920.5,-379.75,0,TU
-427,-379.25,0,TU
-2563,-378.75,0,TU
-1366.5,-378.25,0,TU
-962.5,-378.25,0,TU
-144,-378.25,0,TU
-65,-378.25,0,TU
-2230.5,-377.75,0,TU
-2153.5,-377.75,0,TU
-1252.5,-377.75,0,TU
-992,-377.75,0,TU
-3144.5,-377.25,0,TU
-1860.5,-376.75,0,TU
-1839.5,-376.75,0,TU
-1291.5,-376.75,0,TU
2670,-376.75,0,TU
537.5,-376.25,0,TU
-2996,-375.75,0,TU
1351,-375.75,0,TU
-209.5,-374.25,0,TU
1919.5,-374.25,0,TU
-1583,-373.25,0,TU
-177,-373.25,0,TU
89.5,-373.25,0,TU
1696.5,-373.25,0,TU
3334,-372.75,0,TU
-578,-371.25,0,TU
631.5,-370.75,0,TU
1286.5,-370.75,0,TU
-1610.5,-370.25,0,TU
3681,-370.25,0,TU
-2028,-369.75,0,TU
-3070,-369.25,0,TU
-1441,-369.25,0,TU
-89.5,-369.25,0,TU
38,-369.25,0,TU
501.5,-368.75,0,TU
1643.5,-368.75,0,TU
2842,-368.75,0,TU
1949,-367.75,0,TU
-1104.5,-367.25,0,TU
-1016,-367.25,0,TU
-1718.5,-366.75,0,TU
568.5,-366.75,0,TU
3073.5,-366.75,0,TU
1089.5,-366.25,0,TU
1852.5,-366.25,0,TU
-2059,-365.75,0,TU
3437.5,-365.75,0,TU
3587,-365.75,0,TU
-3049,-364.25,0,TU
1760.5,-364.25,0,TU
-2962,-363.75,0,TU
433.5,-363.75,0,TU
2538.5,-363.75,0,TU
3451.5,-363.75,0,TU
-435,-362.25,0,TU
794.5,-362.25,0,TU
3410.5,-362.25,0,TU
1579.5,-361.75,0,TU
1998,-361.75,0,TU
2431,-361.75,0,TU
-2698,-360.75,0,TU
-268,-360.25,0,TU
3662,-360.25,0,TU
-2289.5,-359.75,0,TU
205,-359.75,0,TU
2123,-358.75,0,TU
-2262.5,-357.75,0,TU
3143.5,-357.75,0,TU
3503.5,-357.75,0,TU
-1891.5,-357.25,0,TU
-2053.5,-355.75,0,TU
-532,-355.75,0,TU
1814.5,-355.75,0,TU
2171.5,-355.75,0,TU
134.5,-355.25,0,TU
-2481,-354.75,0,TU
0.5,-354.75,0,TU
-2010.5,-354.25,0,TU
962,-354.25,0,TU
1066,-354.25,0,TU
1789.5,-353.75,0,TU
2916.5,-353.75,0,TU
2856,-353.25,0,TU
728.5,-352.75,0,TU
-1534.5,-352.25,0,TU
3561.5,-352.25,0,TU
-2775,-351.25,0,TU
1095.5,-351.25,0,TU
-2210,-350.75,0,TU
-1342.5,-350.75,0,TU
3058,-350.75,0,TU
-2936,-350.25,0,TU
1153.5,-349.75,0,TU
3169.5,-349.75,0,TU
2694,-349.25,0,TU
-1326.5,-348.75,0,TU
-747,-348.25,0,TU
374.5,-347.25,0,TU
1487.5,-347.25,0,TU
2359,-347.25,0,TU
-1735.5,-346.75,0,TU
-924,-346.75,0,TU
-2358.5,-346.25,0,TU
-1414.5,-346.25,0,TU
-940.5,-346.25,0,TU
-1070,-344.25,0,TU
-1990.5,-342.75,0,TU
-1287.5,-342.75,0,TU
-766.5,-342.75,0,TU
-150.5,-342.75,0,TU
3591,-342.75,0,TU
-590.5,-342.25,0,TU
3123,-341.75,0,TU
-2658,-341.25,0,TU
-109.5,-341.25,0,TU
2991,-340.75,0,TU
-3081.5,-339.25,0,TU
-1926,-339.25,0,TU
-1883.5,-338.75,0,TU
-65,-338.25,0,TU
-507.5,-337.75,0,TU
257.5,-337.25,0,TU
643.5,-336.75,0,TU
3376.5,-336.75,0,TU
3711,-336.75,0,TU
-699,-336.25,0,TU
-1366,-335.75,0,TU
-986,-335.75,0,TU
-192,-335.75,0,TU
-480.5,-335.25,0,TU
492.5,-335.25,0,TU
-1247.5,-334.25,0,TU
415.5,-334.25,0,TU
2090,-333.75,0,TU
-3004.5,-332.75,0,TU
3499.5,-332.75,0,TU
1215.5,-332.25,0,TU
-605,-331.75,0,TU
531,-331.75,0,TU
1378,-331.75,0,TU
3102.5,-330.75,0,TU
-1276.5,-330.25,0,TU
1005.5,-329.75,0,TU
-654.5,-329.25,0,TU
-307,-328.75,0,TU
1147,-328.75,0,TU
1466.5,-328.75,0,TU
3626.5,-328.75,0,TU
-2575,-327.75,0,TU
-1503,-327.25,0,TU
2800,-327.25,0,TU
-495,-326.75,0,TU
-217.5,-326.75,0,TU
-2944.5,-326.25,0,TU
-2138,-326.25,0,TU
3025,-326.25,0,TU
3571,-326.25,0,TU
773.5,-325.75,0,TU
1029,-325.75,0,TU
2036,-325.25,0,TU
-2920.5,-324.75,0,TU
1490.5,-324.75,0,TU
377,-323.25,0,TU
-2842.5,-322.75,0,TU
1725,-320.25,0,TU
2748.5,-320.25,0,TU
3063,-319.75,0,TU
-1409,-319.25,0,TU
-1201,-318.75,0,TU
881.5,-318.75,0,TU
2915,-318.75,0,TU
-2684.5,-318.25,0,TU
3312,-318.25,0,TU
-452,-317.75,0,TU
1909,-317.25,0,TU
-2343.5,-316.75,0,TU
-555.5,-316.75,0,TU
52.5,-316.75,0,TU
-2796.5,-316.25,0,TU
1844.5,-315.25,0,TU
-58,-314.75,0,TU
3296,-314.75,0,TU
-1159.5,-314.25,0,TU
-419.5,-313.75,0,TU
-1982.5,-312.75,0,TU
-1739.5,-312.75,0,TU
847.5,-312.75,0,TU
-1016,-312.25,0,TU
314,-312.25,0,TU
642.5,-312.25,0,TU
-767.5,-311.25,0,TU
-2317.5,-310.75,0,TU
-1047,-310.75,0,TU
1636.5,-310.75,0,TU
3373.5,-310.25,0,TU
-1233,-309.75,0,TU
712.5,-309.75,0,TU
1439.5,-309.75,0,TU
-1606.5,-309.25,0,TU
274.5,-309.25,0,TU
3547,-309.25,0,TU
-1512.5,-308.25,0,TU
515.5,-307.75,0,TU
-864,-307.25,0,TU
1824.5,-307.25,0,TU
-2548,-306.25,0,TU
-1262,-305.75,0,TU
1096.5,-305.75,0,TU
3164.5,-305.75,0,TU
-1499,-305.25,0,TU
974,-304.75,0,TU
1249,-304.75,0,TU
-370.5,-303.75,0,TU
1502,-303.75,0,TU
-3040,-303.25,0,TU
-1820.5,-303.25,0,TU
-87,-303.25,0,TU
-3021,-302.75,0,TU
-1958.5,-302.25,0,TU
-2586,-301.75,0,TU
-1282,-301.75,0,TU
163.5,-301.75,0,TU
1043,-301.75,0,TU
1574,-301.75,0,TU
-2850.5,-301.25,0,TU
-548.5,-301.25,0,TU
330.5,-301.25,0,TU
3219.5,-301.25,0,TU
-289,-300.75,0,TU
188,-300.75,0,TU
3414,-300.75,0,TU
-1377,-300.25,0,TU
-791.5,-300.25,0,TU
-6.5,-300.25,0,TU
3250,-300.25,0,TU
117.5,-299.75,0,TU
1343,-299.75,0,TU
3003,-299.75,0,TU
3591.5,-299.75,0,TU
374.5,-299.25,0,TU
1260,-299.25,0,TU
1720.5,-299.25,0,TU
-1181,-298.75,0,TU
1842.5,-298.25,0,TU
-939,-297.75,0,TU
2690.5,-297.75,0,TU
-2250,-297.25,0,TU
1473.5,-296.75,0,TU
-2099.5,-296.25,0,TU
-3078.5,-295.25,0,TU
1762.5,-295.25,0,TU
3347.5,-294.75,0,TU
3695,-294.75,0,TU
534,-294.25,0,TU
1287.5,-294.25,0,TU
2280.5,-294.25,0,TU
-1317,-293.25,0,TU
1136,-292.25,0,TU
1964.5,-292.25,0,TU
-1920,-290.75,0,TU
3308,-290.25,0,TU
-389.5,-289.75,0,TU
-212,-289.75,0,TU
3666,-289.25,0,TU
-1133.5,-288.75,0,TU
1006.5,-288.75,0,TU
-1898.5,-288.25,0,TU
940.5,-288.25,0,TU
-999.5,-287.75,0,TU
3270.5,-287.75,0,TU
2667,-287.25,0,TU
1678.5,-286.75,0,TU
-2707.5,-286.25,0,TU
-1248,-286.25,0,TU
-1084.5,-286.25,0,TU
-183,-285.75,0,TU
1620,-285.25,0,TU
-1797,-284.75,0,TU
-2966,-284.25,0,TU
-486,-284.25,0,TU
1870,-284.25,0,TU
-2194,-283.75,0,TU
62,-282.75,0,TU
-1104,-281.75,0,TU
474,-281.75,0,TU
-1598,-281.25,0,TU
2400.5,-281.25,0,TU
2976,-281.25,0,TU
-2500.5,-280.75,0,TU
-452.5,-280.75,0,TU
-1241,-280.25,0,TU
2092,-279.75,0,TU
2186,-279.75,0,TU
-3061.5,-278.75,0,TU
2692,-278.75,0,TU
3402,-277.25,0,TU
-161,-276.75,0,TU
1987.5,-276.75,0,TU
97,-276.25,0,TU
1090.5,-276.25,0,TU
3474.5,-276.25,0,TU
-2277.5,-275.25,0,TU
25.5,-275.25,0,TU
2647,-275.25,0,TU
-2167,-274.75,0,TU
-1392.5,-274.75,0,TU
1546,-274.75,0,TU
-144.5,-274.25,0,TU
837,-274.25,0,TU
-1715.5,-273.75,0,TU
-2460.5,-273.25,0,TU
1049,-273.25,0,TU
-296,-272.25,0,TU
2724,-272.25,0,TU
-1958.5,-271.75,0,TU
-892,-271.75,0,TU
-835.5,-271.75,0,TU
2915,-271.75,0,TU
-2840.5,-271.25,0,TU
-1196.5,-271.25,0,TU
-616,-271.25,0,TU
320.5,-270.75,0,TU
1776.5,-269.75,0,TU
256,-269.25,0,TU
1118,-269.25,0,TU
2967.5,-269.25,0,TU
-1482.5,-268.75,0,TU
-353.5,-268.75,0,TU
51,-268.75,0,TU
3570.5,-268.75,0,TU
-2424.5,-268.25,0,TU
-1998.5,-268.25,0,TU
992.5,-268.25,0,TU
-1741,-267.75,0,TU
1513.5,-267.75,0,TU
2205.5,-267.75,0,TU
2472,-267.75,0,TU
2941.5,-267.75,0,TU
140.5,-266.75,0,TU
-2208,-266.25,0,TU
-586.5,-266.25,0,TU
-726.5,-265.75,0,TU
1261,-264.75,0,TU
-2657,-263.75,0,TU
1388,-263.75,0,TU
-2087,-261.75,0,TU
-1923,-261.75,0,TU
2249,-261.75,0,TU
3287.5,-261.75,0,TU
-556.5,-261.25,0,TU
2539.5,-261.25,0,TU
1364,-260.25,0,TU
1469,-260.25,0,TU
1563.5,-260.25,0,TU
192.5,-259.75,0,TU
1139.5,-259.75,0,TU
3504,-259.75,0,TU
436,-258.75,0,TU
-436,-258.25,0,TU
307.5,-258.25,0,TU
-2108.5,-257.25,0,TU
-2056,-257.25,0,TU
825.5,-256.75,0,TU
-1607,-255.75,0,TU
2424.5,-255.25,0,TU
-2355,-254.25,0,TU
-2247.5,-254.25,0,TU
-1241,-254.25,0,TU
1709.5,-254.25,0,TU
2845.5,-253.75,0,TU
-477,-253.25,0,TU
3411,-253.25,0,TU
-2691,-252.75,0,TU
3341.5,-252.75,0,TU
3615.5,-252.75,0,TU
-299.5,-252.25,0,TU
2883.5,-252.25,0,TU
588.5,-251.75,0,TU
1917,-251.75,0,TU
-2276,-251.25,0,TU
-802,-251.25,0,TU
121,-250.75,0,TU
2301.5,-250.75,0,TU
-345,-250.25,0,TU
-224,-250.25,0,TU
1978.5,-250.25,0,TU
2456.5,-250.25,0,TU
-3063,-249.25,0,TU
-2740.5,-249.25,0,TU
3702.5,-249.25,0,TU
-1994.5,-248.75,0,TU
1865.5,-248.75,0,TU
1959,-248.75,0,TU
-2420,-248.25,0,TU
174,-248.25,0,TU
2338,-248.25,0,TU
-1082,-247.75,0,TU
2759.5,-247.75,0,TU
1173.5,-247.25,0,TU
-2461,-246.75,0,TU
1800.5,-246.75,0,TU
-1405,-246.25,0,TU
-1192.5,-246.25,0,TU
-2558.5,-245.25,0,TU
53,-245.25,0,TU
1837,-244.25,0,TU
-1496,-243.75,0,TU
1595,-243.75,0,TU
2399.5,-243.75,0,TU
-677.5,-243.25,0,TU
1153.5,-243.25,0,TU
1191.5,-243.25,0,TU
2145,-243.25,0,TU
3431,-243.25,0,TU
-1942,-242.25,0,TU
1509.5,-242.25,0,TU
-2376.5,-241.75,0,TU
682,-241.75,0,TU
-2824,-241.25,0,TU
-2699.5,-241.25,0,TU
3096,-241.25,0,TU
-954,-240.75,0,TU
-96,-239.75,0,TU
283,-239.75,0,TU
-1329.5,-239.25,0,TU
400.5,-239.25,0,TU
1018.5,-239.25,0,TU
3164.5,-239.25,0,TU
3276.5,-239.25,0,TU
-2849,-238.75,0,TU
-1717,-238.75,0,TU
-2934,-238.25,0,TU
-1903,-238.25,0,TU
1787.5,-238.25,0,TU
-186,-237.75,0,TU
1814,-237.75,0,TU
2536,-237.75,0,TU
3585.5,-237.75,0,TU
-2155.5,-236.75,0,TU
866,-236.75,0,TU
991.5,-236.75,0,TU
2352.5,-236.25,0,TU
1650.5,-234.75,0,TU
2807,-234.25,0,TU
2216.5,-233.75,0,TU
949,-233.25,0,TU
-1137.5,-232.75,0,TU
458,-232.25,0,TU
3677.5,-232.25,0,TU
-2082.5,-231.75,0,TU
2009.5,-231.75,0,TU
-1103.5,-231.25,0,TU
325,-231.25,0,TU
-971,-230.75,0,TU
-369,-230.75,0,TU
3400,-230.75,0,TU
426.5,-230.25,0,TU
1222.5,-229.75,0,TU
-2123,-229.25,0,TU
-1254,-229.25,0,TU
146.5,-229.25,0,TU
737,-228.75,0,TU
967,-228.75,0,TU
-1447,-228.25,0,TU
-113,-228.25,0,TU
1335,-228.25,0,TU
-2640.5,-227.75,0,TU
-805,-227.75,0,TU
-656.5,-227.75,0,TU
3764.5,-227.75,0,TU
-2753,-227.25,0,TU
-733.5,-227.25,0,TU
-204.5,-227.25,0,TU
1751,-227.25,0,TU
2789,-227.25,0,TU
1926.5,-226.75,0,TU
2715.5,-226.75,0,TU
2760,-226.75,0,TU
1474.5,-226.25,0,TU
-299,-225.75,0,TU
2258,-225.75,0,TU
-623,-225.25,0,TU
1.5,-225.25,0,TU
2388.5,-225.25,0,TU
2692,-225.25,0,TU
-1688.5,-224.75,0,TU
-1475,-224.75,0,TU
534.5,-224.75,0,TU
1441.5,-224.75,0,TU
478,-224.25,0,TU
569,-223.75,0,TU
81,-223.25,0,TU
57,-222.75,0,TU
1883.5,-222.25,0,TU
-2997,-221.75,0,TU
3600,-221.25,0,TU
-566,-220.25,0,TU
1103.5,-219.75,0,TU
2107.5,-219.25,0,TU
285.5,-218.75,0,TU
2630.5,-217.75,0,TU
-932.5,-217.25,0,TU
-193,-216.75,0,TU
3108.5,-216.75,0,TU
-1660.5,-216.25,0,TU
844.5,-216.25,0,TU
1758.5,-216.25,0,TU
1971,-216.25,0,TU
-1533,-215.75,0,TU
1728,-215.75,0,TU
2273.5,-215.75,0,TU
3422.5,-215.25,0,TU
1056.5,-214.75,0,TU
232,-214.25,0,TU
-1016,-213.75,0,TU
-905.5,-213.25,0,TU
-796.5,-213.25,0,TU
1385.5,-213.25,0,TU
1428.5,-213.25,0,TU
2986.5,-213.25,0,TU
-2609.5,-212.75,0,TU
3665,-212.75,0,TU
-2000.5,-211.75,0,TU
-344,-211.75,0,TU
-1566.5,-211.25,0,TU
-251,-211.25,0,TU
880.5,-211.25,0,TU
1696.5,-210.75,0,TU
2858.5,-210.75,0,TU
-2931,-210.25,0,TU
-2785.5,-210.25,0,TU
1782.5,-210.25,0,TU
3577,-210.25,0,TU
-877.5,-209.75,0,TU
1453,-209.75,0,TU
1567,-209.75,0,TU
2684.5,-209.75,0,TU
3353.5,-209.75,0,TU
2200.5,-209.25,0,TU
3737.5,-209.25,0,TU
-1051,-208.75,0,TU
3614.5,-208.75,0,TU
-1511.5,-207.75,0,TU
-848,-207.75,0,TU
132,-207.75,0,TU
-2651.5,-207.25,0,TU
-2083,-207.25,0,TU
-2677,-206.75,0,TU
-1185,-206.75,0,TU
-310,-206.75,0,TU
3229,-206.75,0,TU
-2872,-206.25,0,TU
-2158,-206.25,0,TU
-1866,-206.25,0,TU
537,-206.25,0,TU
1030,-206.25,0,TU
1337.5,-206.25,0,TU
-1356.5,-205.75,0,TU
-486,-205.75,0,TU
2828.5,-205.75,0,TU
3554,-205.75,0,TU
175,-205.25,0,TU
3121,-205.25,0,TU
-2033,-204.75,0,TU
873.5,-204.75,0,TU
-2719.5,-204.25,0,TU
-1451.5,-203.75,0,TU
-812.5,-203.75,0,TU
57,-203.75,0,TU
-2839,-203.25,0,TU
205,-203.25,0,TU
728.5,-203.25,0,TU
1640.5,-203.25,0,TU
3298.5,-202.25,0,TU
3479,-201.75,0,TU
151.5,-201.25,0,TU
351,-201.25,0,TU
2225,-201.25,0,TU
3180,-200.25,0,TU
-2476,-199.75,0,TU
-929,-199.75,0,TU
-90,-199.75,0,TU
-263,-199.25,0,TU
2444,-199.25,0,TU
-695,-198.75,0,TU
-1835.5,-198.25,0,TU
1703.5,-198.25,0,TU
606.5,-197.75,0,TU
2560.5,-197.75,0,TU
854,-197.25,0,TU
3451.5,-197.25,0,TU
3200,-196.75,0,TU
-2958,-195.75,0,TU
-2428.5,-195.75,0,TU
-2095,-195.25,0,TU
-1693.5,-195.25,0,TU
2870.5,-195.25,0,TU
2977,-195.25,0,TU
-2457,-193.25,0,TU
-1433,-193.25,0,TU
-1363.5,-192.75,0,TU
496,-192.25,0,TU
-2503.5,-191.25,0,TU
1110,-190.75,0,TU
2398.5,-190.75,0,TU
3417.5,-190.75,0,TU
-2831,-190.25,0,TU
1576,-190.25,0,TU
1911.5,-190.25,0,TU
2260.5,-190.25,0,TU
1598.5,-189.25,0,TU
-369,-188.75,0,TU
-3,-188.75,0,TU
-2970.5,-188.25,0,TU
-2033.5,-188.25,0,TU
-901,-188.25,0,TU
-1407.5,-187.75,0,TU
827.5,-187.75,0,TU
1060.5,-187.25,0,TU
2829,-187.25,0,TU
3494.5,-187.25,0,TU
3584.5,-187.25,0,TU
422.5,-186.75,0,TU
794,-186.75,0,TU
1158.5,-186.25,0,TU
-2011,-185.25,0,TU
-1884,-185.25,0,TU
-996,-185.25,0,TU
760.5,-185.25,0,TU
-746.5,-184.75,0,TU
686.5,-184.75,0,TU
2800,-184.75,0,TU
-1824.5,-184.25,0,TU
151.5,-184.25,0,TU
1474,-184.25,0,TU
1806.5,-184.25,0,TU
1490.5,-183.75,0,TU
3753,-183.75,0,TU
-2065.5,-182.75,0,TU
-767.5,-182.75,0,TU
297.5,-182.75,0,TU
992,-181.75,0,TU
1262.5,-180.75,0,TU
2494.5,-180.75,0,TU
-2692,-180.25,0,TU
-1870,-179.75,0,TU
1786,-179.75,0,TU
2201,-179.75,0,TU
-1919,-178.25,0,TU
39,-178.25,0,TU
-2776.5,-177.75,0,TU
-1070.5,-177.75,0,TU
-333.5,-177.75,0,TU
2791,-177.75,0,TU
-2152.5,-177.25,0,TU
3780.5,-177.25,0,TU
-571.5,-176.75,0,TU
-2875,-176.25,0,TU
1340,-176.25,0,TU
7.5,-175.25,0,TU
461.5,-174.75,0,TU
-1627.5,-174.25,0,TU
898.5,-174.25,0,TU
3104.5,-173.25,0,TU
-58.5,-172.25,0,TU
2302,-172.25,0,TU
2478,-172.25,0,TU
2704.5,-172.25,0,TU
3320.5,-172.25,0,TU
-1601.5,-171.75,0,TU
1138,-171.25,0,TU
3633.5,-171.25,0,TU
-510,-170.75,0,TU
748,-170.75,0,TU
-2313,-170.25,0,TU
-436.5,-169.75,0,TU
1826,-169.75,0,TU
-89.5,-169.25,0,TU
938.5,-169.25,0,TU
1555,-169.25,0,TU
2457.5,-168.75,0,TU
2524.5,-168.75,0,TU
-542,-168.25,0,TU
-1867.5,-167.75,0,TU
3455.5,-167.75,0,TU
2395.5,-167.25,0,TU
1523.5,-166.75,0,TU
-1184,-166.25,0,TU
480,-165.75,0,TU
3208.5,-165.75,0,TU
-2998,-165.25,0,TU
-2182.5,-165.25,0,TU
2248,-165.25,0,TU
-1980.5,-164.75,0,TU
2737,-164.75,0,TU
1301.5,-164.25,0,TU
-2897.5,-163.25,0,TU
-2107,-163.25,0,TU
-1353,-163.25,0,TU
-2599.5,-162.75,0,TU
-2974,-162.25,0,TU
-675.5,-162.25,0,TU
611,-162.25,0,TU
2035.5,-161.75,0,TU
-1276.5,-161.25,0,TU
-386,-161.25,0,TU
-257,-161.25,0,TU
720,-161.25,0,TU
1851.5,-161.25,0,TU
-1873.5,-159.75,0,TU
3590.5,-159.75,0,TU
1038,-159.25,0,TU
1080,-159.25,0,TU
1663.5,-159.25,0,TU
1770.5,-159.25,0,TU
1997.5,-159.25,0,TU
3774,-159.25,0,TU
3,-158.75,0,TU
2701,-158.75,0,TU
-1084.5,-157.75,0,TU
1733,-157.75,0,TU
2086.5,-157.75,0,TU
-2251,-157.25,0,TU
-1026,-156.75,0,TU
-895.5,-156.75,0,TU
225.5,-156.75,0,TU
3281,-156.25,0,TU
-2686,-155.75,0,TU
1928,-154.75,0,TU
506,-154.25,0,TU
-1432.5,-153.75,0,TU
823.5,-153.75,0,TU
-1809,-152.75,0,TU
-1781.5,-152.75,0,TU
-1321.5,-152.75,0,TU
-740.5,-152.75,0,TU
1456,-152.25,0,TU
2017.5,-152.25,0,TU
-2283,-151.75,0,TU
-1409.5,-151.75,0,TU
-2493,-151.25,0,TU
-278.5,-151.25,0,TU
2640,-151.25,0,TU
396.5,-150.75,0,TU
1216,-150.75,0,TU
-125.5,-150.25,0,TU
184,-150.25,0,TU
558.5,-150.25,0,TU
3076.5,-149.75,0,TU
1507,-149.25,0,TU
-836,-148.75,0,TU
542.5,-148.75,0,TU
3381,-148.75,0,TU
2595,-147.75,0,TU
-2513,-147.25,0,TU
-1910,-147.25,0,TU
1380,-147.25,0,TU
1634,-147.25,0,TU
-1232.5,-146.75,0,TU
-2379.5,-146.25,0,TU
-2350.5,-146.25,0,TU
1159.5,-146.25,0,TU
-2030.5,-145.75,0,TU
464.5,-145.75,0,TU
1080,-145.75,0,TU
1116.5,-145.75,0,TU
2755.5,-145.25,0,TU
-1892.5,-144.75,0,TU
22.5,-144.75,0,TU
-359,-144.25,0,TU
1606,-144.25,0,TU
2572,-144.25,0,TU
-1741,-143.75,0,TU
-411,-143.25,0,TU
1725,-143.25,0,TU
2056.5,-142.75,0,TU
-881,-142.25,0,TU
2104,-142.25,0,TU
2327.5,-141.75,0,TU
2410,-141.75,0,TU
2733.5,-141.75,0,TU
-2599,-141.25,0,TU
137.5,-141.25,0,TU
2884,-141.25,0,TU
-2161.5,-140.75,0,TU
-1841.5,-140.75,0,TU
-2903,-139.75,0,TU
-2538.5,-139.75,0,TU
-1977.5,-139.75,0,TU
82.5,-139.75,0,TU
3715,-139.25,0,TU
504,-138.75,0,TU
3441,-138.75,0,TU
-1556.5,-138.25,0,TU
3000,-138.25,0,TU
-2847,-137.25,0,TU
-1299.5,-137.25,0,TU
3203,-137.25,0,TU
-637,-136.75,0,TU
-611,-136.75,0,TU
44.5,-136.75,0,TU
-171,-136.25,0,TU
586.5,-136.25,0,TU
1394,-136.25,0,TU
-697.5,-135.75,0,TU
-1780,-134.25,0,TU
1419.5,-134.25,0,TU
-2948,-133.75,0,TU
-2764.5,-133.25,0,TU
-681,-133.25,0,TU
-1929.5,-132.75,0,TU
-76.5,-132.75,0,TU
839,-132.75,0,TU
3488.5,-132.75,0,TU
-9,-132.25,0,TU
1440.5,-132.25,0,TU
-2672.5,-131.75,0,TU
2230.5,-131.75,0,TU
-2111,-131.25,0,TU
-623,-130.75,0,TU
2116,-130.75,0,TU
2365.5,-130.75,0,TU
-954,-130.25,0,TU
-1689,-129.75,0,TU
-1000,-129.75,0,TU
3311.5,-129.75,0,TU
748.5,-129.25,0,TU
-2137.5,-128.75,0,TU
-1093.5,-128.75,0,TU
3036,-128.25,0,TU
651.5,-127.75,0,TU
972.5,-127.75,0,TU
3113,-127.75,0,TU
-653.5,-127.25,0,TU
2501.5,-127.25,0,TU
2892.5,-127.25,0,TU
-302.5,-126.75,0,TU
1162,-126.75,0,TU
1236,-126.75,0,TU
-889,-125.75,0,TU
-2721.5,-125.25,0,TU
-1237.5,-125.25,0,TU
423,-125.25,0,TU
-725.5,-124.75,0,TU
3761.5,-124.75,0,TU
-2542,-124.25,0,TU
1055,-124.25,0,TU
3061,-124.25,0,TU
-928,-123.75,0,TU
-254,-123.75,0,TU
1426,-123.75,0,TU
1472,-123.75,0,TU
2068,-123.75,0,TU
-2813,-123.25,0,TU
-586.5,-123.25,0,TU
1715,-123.25,0,TU
3518.5,-123.25,0,TU
3606,-123.25,0,TU
1644.5,-122.25,0,TU
1695.5,-122.25,0,TU
-696,-121.25,0,TU
38.5,-121.25,0,TU
383.5,-121.25,0,TU
675.5,-121.25,0,TU
-2324.5,-119.75,0,TU
2200.5,-119.75,0,TU
2693,-119.75,0,TU
499.5,-119.25,0,TU
3642.5,-119.25,0,TU
-1993.5,-118.25,0,TU
1015,-118.25,0,TU
3672.5,-118.25,0,TU
-2290.5,-117.25,0,TU
1365.5,-117.25,0,TU
3377,-117.25,0,TU
-1553.5,-116.75,0,TU
-1494,-115.75,0,TU
-1471,-115.25,0,TU
-964.5,-115.25,0,TU
991,-114.75,0,TU
3792.5,-114.25,0,TU
-2195,-113.75,0,TU
889.5,-113.75,0,TU
828,-113.25,0,TU
-1850.5,-112.75,0,TU
2378,-112.75,0,TU
-2025,-111.75,0,TU
141.5,-111.75,0,TU
-1147.5,-110.75,0,TU
-145,-110.75,0,TU
-2755,-110.25,0,TU
1900.5,-110.25,0,TU
-2065,-109.75,0,TU
106,-109.75,0,TU
2151,-109.75,0,TU
2255,-109.75,0,TU
-659,-109.25,0,TU
295.5,-108.75,0,TU
1270,-108.75,0,TU
-2045,-108.25,0,TU
2643.5,-108.25,0,TU
2665,-108.25,0,TU
3453.5,-108.25,0,TU
3003,-107.75,0,TU
-2900.5,-107.25,0,TU
1938,-107.25,0,TU
1170.5,-106.75,0,TU
1688.5,-106.75,0,TU
3743.5,-106.75,0,TU
-1587,-106.25,0,TU
408.5,-106.25,0,TU
3098,-106.25,0,TU
-1791.5,-105.75,0,TU
-121,-105.25,0,TU
1595,-105.25,0,TU
-836,-104.75,0,TU
-2469.5,-102.75,0,TU
-2438,-102.75,0,TU
-1527.5,-102.75,0,TU
1636.5,-102.25,0,TU
-1305,-101.75,0,TU
891,-101.75,0,TU
-2085.5,-101.25,0,TU
-747.5,-101.25,0,TU
3414.5,-101.25,0,TU
-2874.5,-100.25,0,TU
-2697,-100.25,0,TU
773.5,-100.25,0,TU
-2940,-99.75,0,TU
2889.5,-99.75,0,TU
-2348,-99.25,0,TU
3720.5,-98.75,0,TU
-2654,-98.25,0,TU
-1752,-97.75,0,TU
1901.5,-97.25,0,TU
732.5,-96.25,0,TU
1920,-96.25,0,TU
2182,-96.25,0,TU
-238.5,-95.75,0,TU
486.5,-95.75,0,TU
917,-95.75,0,TU
2333.5,-95.75,0,TU
107.5,-95.25,0,TU
752,-95.25,0,TU
-2746,-94.75,0,TU
-714.5,-94.25,0,TU
2056,-94.25,0,TU
-1965,-93.75,0,TU
3606.5,-93.75,0,TU
-2830,-92.75,0,TU
-2103,-92.75,0,TU
2369.5,-92.25,0,TU
-2389.5,-91.75,0,TU
1158,-91.75,0,TU
3072.5,-91.75,0,TU
-1439,-91.25,0,TU
1439,-90.75,0,TU
392,-90.25,0,TU
3768,-89.25,0,TU
186.5,-88.75,0,TU
500.5,-88.75,0,TU
-1947,-87.75,0,TU
3364,-87.75,0,TU
2137,-86.75,0,TU
2525.5,-86.75,0,TU
-1161.5,-86.25,0,TU
-896.5,-86.25,0,TU
-116.5,-86.25,0,TU
1187,-86.25,0,TU
-297,-84.25,0,TU
2207.5,-84.25,0,TU
-127,-83.75,0,TU
3781.5,-83.75,0,TU
1069.5,-83.25,0,TU
1549.5,-83.25,0,TU
2447,-83.25,0,TU
-406,-82.25,0,TU
1045,-81.75,0,TU
-602,-81.25,0,TU
1105.5,-81.25,0,TU
-1926.5,-80.75,0,TU
-667.5,-80.75,0,TU
1373,-80.75,0,TU
1223.5,-80.25,0,TU
1888.5,-80.25,0,TU
2803.5,-80.25,0,TU
-2230.5,-79.75,0,TU
481.5,-79.75,0,TU
1133.5,-79.75,0,TU
3337,-79.25,0,TU
27,-78.75,0,TU
-1397,-78.25,0,TU
-2914,-77.75,0,TU
-1458,-77.25,0,TU
-1096.5,-77.25,0,TU
-249.5,-77.25,0,TU
2826.5,-76.75,0,TU
-2731,-76.25,0,TU
-366,-76.25,0,TU
1715,-76.25,0,TU
-151.5,-75.75,0,TU
3627.5,-75.75,0,TU
-1243,-75.25,0,TU
-2440.5,-74.75,0,TU
-1660.5,-74.75,0,TU
-1285.5,-74.75,0,TU
723,-74.25,0,TU
-2582.5,-73.75,0,TU
763.5,-73.25,0,TU
-2779.5,-72.75,0,TU
2990,-72.75,0,TU
3534,-72.75,0,TU
1420.5,-71.75,0,TU
3029.5,-70.75,0,TU
-2259.5,-70.25,0,TU
-2030.5,-70.25,0,TU
1970,-70.25,0,TU
68.5,-69.75,0,TU
-2814.5,-69.25,0,TU
2515.5,-69.25,0,TU
1023.5,-68.75,0,TU
2860,-68.75,0,TU
-446,-68.25,0,TU
3073,-68.25,0,TU
3461,-68.25,0,TU
-2328.5,-67.75,0,TU
-1130,-67.75,0,TU
-929,-67.75,0,TU
2115.5,-67.75,0,TU
-1547.5,-66.75,0,TU
2375,-66.75,0,TU
-67.5,-66.25,0,TU
145,-66.25,0,TU
1057,-65.75,0,TU
3757,-65.75,0,TU
-2370.5,-65.25,0,TU
-697,-65.25,0,TU
-1971,-64.75,0,TU
-1209.5,-64.75,0,TU
1349.5,-64.75,0,TU
1752.5,-64.75,0,TU
-526,-64.25,0,TU
1625.5,-64.25,0,TU
3225,-64.25,0,TU
3584.5,-64.25,0,TU
-2788.5,-63.25,0,TU
1586.5,-63.25,0,TU
2597,-63.25,0,TU
3043.5,-63.25,0,TU
-31.5,-62.75,0,TU
2795.5,-62.75,0,TU
3612.5,-62.25,0,TU
-2919.5,-61.75,0,TU
-1322.5,-61.25,0,TU
1090.5,-61.25,0,TU
-1756,-60.25,0,TU
888.5,-60.25,0,TU
-2839.5,-59.25,0,TU
-2088.5,-58.75,0,TU
1442,-58.75,0,TU
2962,-58.25,0,TU
-909,-57.25,0,TU
2151.5,-57.25,0,TU
-1672,-56.75,0,TU
2712.5,-56.75,0,TU
349,-56.25,0,TU
2213.5,-56.25,0,TU
-1893,-55.75,0,TU
-2674,-55.25,0,TU
-1519,-55.25,0,TU
-2355.5,-54.25,0,TU
1478,-54.25,0,TU
-548.5,-52.75,0,TU
3147,-52.25,0,TU
-1640.5,-51.75,0,TU
927,-51.75,0,TU
2252,-50.75,0,TU
2848,-50.25,0,TU
-2642,-49.75,0,TU
-1257,-49.75,0,TU
1807.5,-49.75,0,TU
1956.5,-49.25,0,TU
2892,-49.25,0,TU
-1451.5,-48.75,0,TU
-2867,-48.25,0,TU
-607,-46.75,0,TU
1253.5,-46.75,0,TU
-920,-46.25,0,TU
3423.5,-46.25,0,TU
146.5,-45.75,0,TU
-475,-45.25,0,TU
-1567.5,-44.75,0,TU
1409,-44.75,0,TU
3575.5,-44.75,0,TU
3403,-44.25,0,TU
36,-43.75,0,TU
1575,-43.25,0,TU
3082.5,-42.25,0,TU
-1802.5,-41.75,0,TU
3723.5,-41.75,0,TU
3796.5,-41.25,0,TU
-1052,-40.75,0,TU
2043,-40.75,0,TU
2584.5,-40.75,0,TU
-2396,-40.25,0,TU
-1072,-40.25,0,TU
-380,-40.25,0,TU
-274.5,-39.75,0,TU
-1710.5,-39.25,0,TU
-501.5,-38.25,0,TU
-2216.5,-37.75,0,TU
2537,-37.75,0,TU
-2045.5,-37.25,0,TU
-1874,-37.25,0,TU
-14.5,-37.25,0,TU
-2248.5,-36.75,0,TU
-1305,-36.75,0,TU
563.5,-36.75,0,TU
2816.5,-36.75,0,TU
3239,-35.75,0,TU
-1011.5,-35.25,0,TU
1773,-34.75,0,TU
3657,-34.75,0,TU
-2624,-33.75,0,TU
-847.5,-33.75,0,TU
1917,-33.75,0,TU
3640,-33.75,0,TU
-71,-33.25,0,TU
2173,-32.75,0,TU
3026.5,-32.75,0,TU
-2793,-32.25,0,TU
-100.5,-32.25,0,TU
771,-32.25,0,TU
1336.5,-32.25,0,TU
3518.5,-32.25,0,TU
-1955,-31.25,0,TU
-347,-31.25,0,TU
-1908,-30.75,0,TU
-2303.5,-29.75,0,TU
-1338.5,-29.75,0,TU
1951,-29.75,0,TU
-1762,-29.25,0,TU
-1189.5,-29.25,0,TU
3691,-29.25,0,TU
-429,-28.75,0,TU
1742.5,-28.75,0,TU
1874.5,-28.75,0,TU
-222,-27.75,0,TU
1570.5,-27.75,0,TU
-1854.5,-27.25,0,TU
-1092,-27.25,0,TU
-1353.5,-26.75,0,TU
-37.5,-26.75,0,TU
979,-26.75,0,TU
-1795,-25.75,0,TU
595.5,-25.75,0,TU
2146.5,-24.25,0,TU
-655,-23.75,0,TU
1185,-23.75,0,TU
2855,-23.75,0,TU
1310.5,-23.25,0,TU
1466,-23.25,0,TU
2415,-23.25,0,TU
-2837,-22.25,0,TU
-1235.5,-22.25,0,TU
225,-22.25,0,TU
1697,-21.75,0,TU
2197,-21.75,0,TU
-1668,-21.25,0,TU
-1001.5,-20.75,0,TU
1070,-20.75,0,TU
1712.5,-20.75,0,TU
1134,-20.25,0,TU
3783,-20.25,0,TU
3800.5,-20.25,0,TU
-1517.5,-19.75,0,TU
-195.5,-19.75,0,TU
-2002,-19.25,0,TU
-2399,-18.75,0,TU
-1432.5,-18.75,0,TU
2119,-18.75,0,TU
3616.5,-18.75,0,TU
-296,-17.75,0,TU
468,-17.75,0,TU
2573,-17.25,0,TU
-1161.5,-16.75,0,TU
-1122,-15.75,0,TU
2551.5,-15.25,0,TU
370.5,-14.75,0,TU
1495.5,-14.75,0,TU
1968.5,-14.75,0,TU
-756,-14.25,0,TU
189.5,-13.75,0,TU
2294.5,-13.25,0,TU
1232.5,-12.25,0,TU
1349,-11.25,0,TU
1783,-10.75,0,TU
-1710.5,-10.25,0,TU
952,-9.25,0,TU
731,-8.75,0,TU
-2563.5,-8.25,0,TU
3839,-8.25,0,TU
2522,-7.75,0,TU
2660.5,-7.75,0,TU
-871,-6.25,0,TU
2788,-6.25,0,TU
2034.5,-5.75,0,TU
-484,-5.25,0,TU
49.5,-5.25,0,TU
104.5,-4.75,0,TU
1808,-4.25,0,TU
2498,-4.25,0,TU
-2239,-3.75,0,TU
-915.5,-3.75,0,TU
-274.5,-3.75,0,TU
439.5,-3.75,0,TU
-439.5,-3.25,0,TU
-1630,-2.75,0,TU
28,-2.75,0,TU
-1091,-1.75,0,TU
684.5,-1.75,0,TU
2743.5,-1.75,0,TU
-1803.5,-1.25,0,TU
-1762.5,-1.25,0,TU
-769,-1.25,0,TU
-228.5,-0.75,0,TU
1270,-0.75,0,TU
1512,-0.75,0,TU
-2075.5,-0.25,0,TU
577.5,-0.25,0,TU
1246,-0.25,0,TU
2600.5,-0.25,0,TU
3255.5,-0.25,0,TU
-2725,1.25,0,TU
-2151.5,1.25,0,TU
-1081,1.75,0,TU
1627.5,1.75,0,TU
1988,1.75,0,TU
-2794,2.25,0,TU
1216,2.25,0,TU
-574,2.75,0,TU
-337,3.25,0,TU
-2824,3.75,0,TU
3374.5,3.75,0,TU
3394.5,3.75,0,TU
-2642,4.25,0,TU
-459.5,4.25,0,TU
985,4.25,0,TU
1603.5,4.25,0,TU
1459.5,4.75,0,TU
2262,4.75,0,TU
-2200.5,5.25,0,TU
2931,5.25,0,TU
3459,5.25,0,TU
2161,5.75,0,TU
-52.5,6.75,0,TU
-967.5,7.25,0,TU
900,7.25,0,TU
2889.5,7.25,0,TU
-1840,7.75,0,TU
1719,7.75,0,TU
766,8.25,0,TU
2450,8.75,0,TU
-112.5,9.25,0,TU
1287,9.75,0,TU
3022.5,9.75,0,TU
-1431,10.25,0,TU
798.5,10.25,0,TU
1410,10.25,0,TU
-2570,11.25,0,TU
-2101,11.25,0,TU
-2701,11.75,0,TU
-1333.5,11.75,0,TU
-1164.5,11.75,0,TU
-1130.5,11.75,0,TU
-813,11.75,0,TU
643.5,11.75,0,TU
1843.5,11.75,0,TU
-1785,12.25,0,TU
756,12.25,0,TU
31.5,12.75,0,TU
2493,13.75,0,TU
3493.5,13.75,0,TU
66,14.25,0,TU
-187.5,14.75,0,TU
614.5,15.25,0,TU
3380.5,15.25,0,TU
3552,15.25,0,TU
-398,15.75,0,TU
670,15.75,0,TU
524,16.25,0,TU
1744.5,16.25,0,TU
2302,16.25,0,TU
-1476,16.75,0,TU
-205.5,16.75,0,TU
3050.5,16.75,0,TU
-81,17.25,0,TU
1000.5,17.25,0,TU
3834,17.25,0,TU
1363,18.25,0,TU
3146,18.25,0,TU
-2668.5,18.75,0,TU
-871,18.75,0,TU
3352.5,18.75,0,TU
3733,18.75,0,TU
-1658.5,19.75,0,TU
1644.5,20.25,0,TU
-2256.5,20.75,0,TU
2515,20.75,0,TU
-2107.5,21.25,0,TU
-24.5,21.25,0,TU
-1889,21.75,0,TU
3859.5,21.75,0,TU
-1179.5,22.25,0,TU
-1557,22.75,0,TU
480,22.75,0,TU
2111.5,22.75,0,TU
2408,22.75,0,TU
-2798.5,24.25,0,TU
-458.5,24.25,0,TU
-1778,24.75,0,TU
-251,24.75,0,TU
2162.5,24.75,0,TU
-2510.5,26.25,0,TU
3202.5,26.25,0,TU
-2625.5,27.75,0,TU
817.5,28.25,0,TU
-1288.5,28.75,0,TU
-544.5,28.75,0,TU
-185,29.75,0,TU
2907.5,30.25,0,TU
-2333.5,30.75,0,TU
1246,30.75,0,TU
-124.5,31.25,0,TU
3495.5,31.25,0,TU
-768.5,31.75,0,TU
2700.5,32.25,0,TU
3014.5,32.25,0,TU
3564.5,32.25,0,TU
-1417.5,32.75,0,TU
2545.5,32.75,0,TU
-302.5,33.25,0,TU
49,33.25,0,TU
586.5,33.25,0,TU
-2715,34.25,0,TU
1701,34.25,0,TU
2844,34.25,0,TU
3334,34.75,0,TU
781,35.25,0,TU
2761.5,35.25,0,TU
-2744,36.25,0,TU
-354.5,36.25,0,TU
2877.5,36.25,0,TU
-1556.5,36.75,0,TU
-284,36.75,0,TU
1409.5,36.75,0,TU
3521.5,36.75,0,TU
-1314.5,37.25,0,TU
-898.5,37.25,0,TU
-90.5,37.25,0,TU
-1760,37.75,0,TU
-161.5,37.75,0,TU
1058,37.75,0,TU
209.5,38.25,0,TU
3369,38.25,0,TU
-2277,39.25,0,TU
619,39.25,0,TU
1442,39.25,0,TU
436.5,39.75,0,TU
2931,39.75,0,TU
3759,39.75,0,TU
762,40.25,0,TU
3647,40.25,0,TU
3401.5,40.75,0,TU
1212.5,41.25,0,TU
1380,41.25,0,TU
843.5,41.75,0,TU
-377.5,42.25,0,TU
-1813.5,42.75,0,TU
-1622.5,43.25,0,TU
-1431,43.25,0,TU
-695.5,43.25,0,TU
1349.5,43.25,0,TU
2639,43.25,0,TU
3069.5,43.25,0,TU
3466.5,43.75,0,TU
-251.5,44.75,0,TU
1182,44.75,0,TU
2300.5,44.75,0,TU
2329.5,44.75,0,TU
-2153,45.25,0,TU
-61,45.25,0,TU
914.5,45.25,0,TU
-1736.5,46.25,0,TU
-1131,46.75,0,TU
2358,47.25,0,TU
-2332.5,47.75,0,TU
-1973.5,48.25,0,TU
-1872,48.25,0,TU
-2399,48.75,0,TU
-1093.5,48.75,0,TU
1681,48.75,0,TU
-749,49.25,0,TU
575.5,49.25,0,TU
3243.5,49.25,0,TU
-2031.5,50.75,0,TU
-407.5,50.75,0,TU
2734.5,50.75,0,TU
1577.5,51.75,0,TU
-2212,52.75,0,TU
2785,52.75,0,TU
-180,53.25,0,TU
-40,53.25,0,TU
1542.5,53.75,0,TU
3000.5,54.25,0,TU
1910.5,54.75,0,TU
2401,54.75,0,TU
3427.5,54.75,0,TU
-2452.5,55.25,0,TU
-389.5,55.25,0,TU
209.5,55.75,0,TU
141,56.25,0,TU
-2622.5,56.75,0,TU
2481.5,56.75,0,TU
-1237.5,57.25,0,TU
-891,57.25,0,TU
840,57.25,0,TU
3567,57.25,0,TU
2800.5,57.75,0,TU
3715.5,57.75,0,TU
-2753.5,58.75,0,TU
2096.5,58.75,0,TU
-2121.5,59.25,0,TU
513.5,59.75,0,TU
887,60.25,0,TU
-2677,60.75,0,TU
2516,60.75,0,TU
3275,62.75,0,TU
-1578.5,63.25,0,TU
630.5,63.75,0,TU
-453,64.25,0,TU
3382,64.25,0,TU
-1929,64.75,0,TU
-1605.5,64.75,0,TU
2218,64.75,0,TU
3837,65.25,0,TU
-492.5,65.75,0,TU
14,65.75,0,TU
3646.5,65.75,0,TU
-1042.5,66.25,0,TU
952,66.25,0,TU
1252,66.25,0,TU
-2717,66.75,0,TU
-16,66.75,0,TU
1053,66.75,0,TU
1341,67.75,0,TU
429,69.25,0,TU
-2472.5,69.75,0,TU
2065,70.25,0,TU
3469.5,70.25,0,TU
1228,70.75,0,TU
-580,71.75,0,TU
3502.5,71.75,0,TU
-1446.5,72.25,0,TU
525.5,72.25,0,TU
-2098,72.75,0,TU
-2445.5,73.75,0,TU
-1827,73.75,0,TU
-860,73.75,0,TU
3756,73.75,0,TU
-2504,74.25,0,TU
-2424,74.75,0,TU
480.5,74.75,0,TU
2902,76.25,0,TU
-522,77.25,0,TU
-1794.5,78.75,0,TU
-1704.5,78.75,0,TU
-2618.5,79.25,0,TU
-1984.5,80.75,0,TU
3235.5,80.75,0,TU
725,81.25,0,TU
851,81.25,0,TU
1193.5,81.25,0,TU
3413.5,81.25,0,TU
220.5,81.75,0,TU
2467,81.75,0,TU
-2403.5,82.25,0,TU
-1060,82.25,0,TU
1531,83.25,0,TU
2937,83.75,0,TU
1572.5,84.75,0,TU
-67,85.75,0,TU
-1092,86.25,0,TU
-289.5,86.75,0,TU
-98,87.25,0,TU
92,87.25,0,TU
3794,87.25,0,TU
-2316.5,87.75,0,TU
427,88.25,0,TU
2402,88.75,0,TU
2953,89.25,0,TU
-853,90.75,0,TU
1168.5,90.75,0,TU
1977,90.75,0,TU
-1938,91.75,0,TU
-1631.5,92.25,0,TU
-2598.5,93.75,0,TU
1873,94.25,0,TU
-2237.5,94.75,0,TU
-327,94.75,0,TU
-1145,95.25,0,TU
3071,95.25,0,TU
-1965,95.75,0,TU
507.5,95.75,0,TU
823,95.75,0,TU
881,95.75,0,TU
1475.5,95.75,0,TU
3213,95.75,0,TU
-1829.5,96.25,0,TU
-917.5,96.75,0,TU
3742.5,96.75,0,TU
-1035.5,97.25,0,TU
-2041,97.75,0,TU
1778,97.75,0,TU
3114,97.75,0,TU
-484,98.25,0,TU
-1233,98.75,0,TU
2727.5,98.75,0,TU
-2072.5,99.25,0,TU
3178.5,99.25,0,TU
-2515,99.75,0,TU
1510,99.75,0,TU
3779.5,100.25,0,TU
109,100.75,0,TU
186,100.75,0,TU
342,100.75,0,TU
-437.5,101.25,0,TU
2979.5,101.25,0,TU
3464.5,101.75,0,TU
-1695,102.75,0,TU
-1330,102.75,0,TU
303,102.75,0,TU
412,102.75,0,TU
-2134.5,103.25,0,TU
976,103.25,0,TU
1697.5,103.25,0,TU
2223.5,103.75,0,TU
2429.5,103.75,0,TU
246.5,104.25,0,TU
1227.5,104.25,0,TU
1634,104.25,0,TU
-2362.5,105.25,0,TU
2271,105.25,0,TU
3297,105.25,0,TU
-2414.5,105.75,0,TU
272.5,105.75,0,TU
-2542,106.25,0,TU
-1171.5,106.75,0,TU
1823,106.75,0,TU
-1423.5,107.25,0,TU
1909.5,107.75,0,TU
-1512.5,108.25,0,TU
999.5,108.25,0,TU
1315.5,108.25,0,TU
-562.5,109.25,0,TU
-322,109.25,0,TU
2893.5,109.25,0,TU
2689.5,110.25,0,TU
3531,110.25,0,TU
-1107.5,110.75,0,TU
3222,111.25,0,TU
-1061,111.75,0,TU
2868,111.75,0,TU
3392.5,111.75,0,TU
-1475,112.25,0,TU
-2104,113.25,0,TU
2346.5,113.25,0,TU
2659.5,113.25,0,TU
-877.5,113.75,0,TU
-234,113.75,0,TU
1942,114.25,0,TU
3325,114.75,0,TU
-1262.5,115.25,0,TU
1708,115.25,0,TU
3860,115.25,0,TU
2391,115.75,0,TU
774,116.75,0,TU
-301,117.25,0,TU
1580,117.25,0,TU
-2245,118.25,0,TU
990.5,118.25,0,TU
-100.5,118.75,0,TU
2679,118.75,0,TU
-1004.5,119.25,0,TU
-2128.5,119.75,0,TU
1625.5,119.75,0,TU
676,120.25,0,TU
-202,120.75,0,TU
2314.5,120.75,0,TU
-1959.5,121.25,0,TU
-24.5,121.25,0,TU
3614,121.75,0,TU
-1992.5,122.25,0,TU
-1778.5,122.25,0,TU
1131.5,123.75,0,TU
3072,123.75,0,TU
-557,124.25,0,TU
932,124.25,0,TU
-1879.5,125.25,0,TU
28,125.25,0,TU
-1813.5,125.75,0,TU
-1562.5,125.75,0,TU
2088.5,125.75,0,TU
-2288.5,126.25,0,TU
3012,126.75,0,TU
3670.5,126.75,0,TU
-2223.5,127.25,0,TU
-1376.5,127.25,0,TU
1344.5,127.25,0,TU
2178.5,127.25,0,TU
-1485.5,127.75,0,TU
1743.5,127.75,0,TU
2717,127.75,0,TU
-657.5,128.25,0,TU
-1345.5,128.75,0,TU
465,129.25,0,TU
822.5,129.25,0,TU
2205.5,129.25,0,TU
-2374.5,129.75,0,TU
959.5,130.25,0,TU
2231,130.25,0,TU
2559,130.25,0,TU
3227,130.25,0,TU
-485.5,130.75,0,TU
1230,130.75,0,TU
314,131.75,0,TU
-2436,132.25,0,TU
162.5,132.25,0,TU
2836.5,132.25,0,TU
-1426,132.75,0,TU
2256.5,132.75,0,TU
-1611,133.25,0,TU
2611.5,133.25,0,TU
3476.5,133.25,0,TU
2884.5,133.75,0,TU
661,134.25,0,TU
3618,134.25,0,TU
-2527,134.75,0,TU
-843.5,134.75,0,TU
1068,134.75,0,TU
2107.5,135.75,0,TU
2758.5,135.75,0,TU
-1761,136.25,0,TU
-1729.5,136.25,0,TU
-1534.5,136.25,0,TU
-1403.5,136.25,0,TU
708.5,136.25,0,TU
-2148.5,137.25,0,TU
-895.5,137.25,0,TU
-538,137.25,0,TU
351,137.75,0,TU
1522,137.75,0,TU
-978,138.75,0,TU
2598,139.75,0,TU
1939.5,140.75,0,TU
-1506.5,141.25,0,TU
1778,141.25,0,TU
3791,141.25,0,TU
-2391.5,142.25,0,TU
2690.5,142.25,0,TU
524.5,142.75,0,TU
-2231.5,143.25,0,TU
77.5,143.25,0,TU
-955,144.25,0,TU
882,144.25,0,TU
3206.5,144.75,0,TU
-2434,145.25,0,TU
-1073.5,145.25,0,TU
1703,145.25,0,TU
3501,145.25,0,TU
-2166.5,145.75,0,TU
-513.5,145.75,0,TU
223,146.25,0,TU
-2445.5,147.25,0,TU
197.5,147.25,0,TU
-1004,147.75,0,TU
-2321,148.25,0,TU
-415,148.25,0,TU
137.5,148.25,0,TU
1148,148.25,0,TU
3532,148.25,0,TU
-2502.5,148.75,0,TU
-2463,148.75,0,TU
2288.5,148.75,0,TU
-1899.5,149.25,0,TU
-1271.5,150.25,0,TU
3885,150.25,0,TU
-2484,151.25,0,TU
-2281.5,151.25,0,TU
798.5,153.75,0,TU
-190.5,154.25,0,TU
2415,154.25,0,TU
3560,155.25,0,TU
-1703.5,155.75,0,TU
-536,156.75,0,TU
1484,156.75,0,TU
779.5,157.25,0,TU
-2185.5,158.25,0,TU
-1046.5,158.75,0,TU
1179,158.75,0,TU
3848.5,158.75,0,TU
-1997.5,159.25,0,TU
-1184.5,159.25,0,TU
-1565.5,159.75,0,TU
3465.5,159.75,0,TU
3896.5,159.75,0,TU
-720,160.25,0,TU
-316,160.25,0,TU
-279.5,160.25,0,TU
1328.5,160.25,0,TU
859,160.75,0,TU
-494,161.75,0,TU
1010,161.75,0,TU
2607,161.75,0,TU
-1920,162.75,0,TU
906,162.75,0,TU
-2319,163.25,0,TU
-165.5,163.25,0,TU
1286.5,163.25,0,TU
3082,163.25,0,TU
1512,163.75,0,TU
3115.5,163.75,0,TU
752.5,164.25,0,TU
961.5,164.25,0,TU
3646,165.25,0,TU
-1246,165.75,0,TU
3426.5,165.75,0,TU
-1019,166.75,0,TU
830.5,166.75,0,TU
410,167.25,0,TU
3041,167.25,0,TU
3411,167.25,0,TU
-216.5,167.75,0,TU
-2395,168.25,0,TU
-582.5,168.75,0,TU
1956,169.25,0,TU
-2245.5,169.75,0,TU
-652.5,170.25,0,TU
1728.5,170.25,0,TU
2318,170.25,0,TU
2432,170.75,0,TU
2491,170.75,0,TU
2875,170.75,0,TU
-2377,171.25,0,TU
-556.5,171.25,0,TU
1687,171.25,0,TU
1990,171.25,0,TU
487,171.75,0,TU
-2461.5,172.75,0,TU
645.5,173.75,0,TU
3279.5,174.25,0,TU
-1559.5,174.75,0,TU
1457,174.75,0,TU
1917,174.75,0,TU
-1422,175.25,0,TU
-1307.5,175.75,0,TU
-1447.5,176.25,0,TU
-787,176.25,0,TU
-157.5,176.25,0,TU
3753.5,176.25,0,TU
-345,176.75,0,TU
-10.5,177.75,0,TU
2230,177.75,0,TU
3563,177.75,0,TU
3200.5,178.25,0,TU
-1951,179.25,0,TU
1318.5,179.25,0,TU
-1411.5,180.25,0,TU
-2339,180.75,0,TU
-631,180.75,0,TU
-212.5,180.75,0,TU
850,180.75,0,TU
1155.5,180.75,0,TU
1648,180.75,0,TU
2930.5,180.75,0,TU
-2192.5,181.25,0,TU
3144.5,181.25,0,TU
-2144.5,182.25,0,TU
201.5,182.25,0,TU
2221.5,182.25,0,TU
-767.5,182.75,0,TU
-389,182.75,0,TU
2113.5,182.75,0,TU
1870,183.25,0,TU
-240.5,184.25,0,TU
1756.5,184.25,0,TU
-1152,184.75,0,TU
729.5,185.75,0,TU
805,185.75,0,TU
-328,186.25,0,TU
342.5,186.25,0,TU
3530.5,186.25,0,TU
3709,186.25,0,TU
11.5,186.75,0,TU
103.5,186.75,0,TU
989.5,186.75,0,TU
2058.5,186.75,0,TU
1996.5,187.25,0,TU
2826.5,187.75,0,TU
693.5,188.25,0,TU
2131,188.75,0,TU
1191,189.25,0,TU
-820,190.25,0,TU
2390,190.25,0,TU
1062.5,190.75,0,TU
827.5,191.75,0,TU
-552.5,192.25,0,TU
3096,192.25,0,TU
-1576,192.75,0,TU
254,192.75,0,TU
544,193.25,0,TU
2181.5,193.25,0,TU
-359.5,193.75,0,TU
1484,193.75,0,TU
-2085,194.25,0,TU
73.5,194.25,0,TU
-1234.5,195.25,0,TU
2258,195.25,0,TU
2578,195.25,0,TU
-2170.5,196.25,0,TU
3147.5,196.25,0,TU
3555.5,196.25,0,TU
-2311.5,197.25,0,TU
-780,197.25,0,TU
512,197.25,0,TU
2592,197.25,0,TU
2412.5,198.75,0,TU
2643.5,199.25,0,TU
-80.5,199.75,0,TU
1039,199.75,0,TU
762,200.25,0,TU
-1681.5,200.75,0,TU
912.5,200.75,0,TU
-874.5,201.25,0,TU
-606,201.25,0,TU
-2223.5,201.75,0,TU
-1335,201.75,0,TU
3.5,201.75,0,TU
2071.5,201.75,0,TU
2912,202.25,0,TU
-1279.5,202.75,0,TU
-1128,203.25,0,TU
1252,203.25,0,TU
3303,203.25,0,TU
-248.5,203.75,0,TU
856,204.25,0,TU
2487.5,204.25,0,TU
3063.5,204.25,0,TU
-1785,204.75,0,TU
-234.5,205.75,0,TU
1124.5,205.75,0,TU
1856.5,205.75,0,TU
2463,205.75,0,TU
2981.5,205.75,0,TU
2507,206.25,0,TU
-47.5,207.25,0,TU
3232.5,207.75,0,TU
784,208.75,0,TU
1509.5,208.75,0,TU
2685,208.75,0,TU
2033,209.25,0,TU
-950,209.75,0,TU
-1382.5,210.25,0,TU
235.5,210.25,0,TU
-754.5,210.75,0,TU
-1160.5,211.25,0,TU
3568,211.75,0,TU
386,212.75,0,TU
1665,213.25,0,TU
3622.5,213.25,0,TU
-1953.5,213.75,0,TU
338.5,214.75,0,TU
1204.5,216.25,0,TU
-919.5,216.75,0,TU
683,217.25,0,TU
1292.5,217.25,0,TU
1114.5,217.75,0,TU
1174.5,217.75,0,TU
-1536.5,218.25,0,TU
260.5,218.25,0,TU
-1582,219.25,0,TU
-1070,219.25,0,TU
311.5,220.75,0,TU
3805,220.75,0,TU
-1723.5,221.25,0,TU
1810,221.25,0,TU
3251.5,221.25,0,TU
2912.5,221.75,0,TU
-2261,222.25,0,TU
1693.5,222.25,0,TU
3452,222.25,0,TU
-1835.5,223.75,0,TU
-459.5,224.75,0,TU
-293,224.75,0,TU
206,224.75,0,TU
932.5,225.25,0,TU
2844,225.25,0,TU
3420,225.25,0,TU
732.5,225.75,0,TU
1252.5,225.75,0,TU
2821.5,225.75,0,TU
-1023,226.25,0,TU
-388,226.25,0,TU
1525,226.75,0,TU
3109,226.75,0,TU
-127,227.25,0,TU
3134.5,228.25,0,TU
1026,228.75,0,TU
1375,228.75,0,TU
2959,229.75,0,TU
3469.5,229.75,0,TU
-318,230.25,0,TU
3696.5,231.25,0,TU
-803.5,231.75,0,TU
139.5,231.75,0,TU
534.5,231.75,0,TU
1655.5,231.75,0,TU
2728,232.25,0,TU
2241.5,232.75,0,TU
3514.5,233.25,0,TU
-1312.5,233.75,0,TU
-92,233.75,0,TU
-38,233.75,0,TU
2039.5,233.75,0,TU
454,234.25,0,TU
384.5,234.75,0,TU
470.5,235.25,0,TU
853,235.25,0,TU
1218.5,235.25,0,TU
3606,235.75,0,TU
-1668.5,236.25,0,TU
-1212.5,236.25,0,TU
-843.5,236.75,0,TU
3090.5,236.75,0,TU
906.5,237.25,0,TU
-743.5,237.75,0,TU
2499.5,238.25,0,TU
2603.5,238.25,0,TU
-504.5,238.75,0,TU
1915,238.75,0,TU
-520.5,239.75,0,TU
1892,239.75,0,TU
-1900,240.25,0,TU
-1872.5,240.25,0,TU
-1744.5,240.25,0,TU
2262.5,240.25,0,TU
2867.5,240.25,0,TU
-1170,240.75,0,TU
802.5,241.25,0,TU
-68,241.75,0,TU
-1585.5,242.25,0,TU
1931.5,242.25,0,TU
3543.5,242.25,0,TU
3846,242.25,0,TU
-967,242.75,0,TU
1076,243.25,0,TU
-873.5,243.75,0,TU
-256,243.75,0,TU
2666.5,243.75,0,TU
-1713.5,244.25,0,TU
2464.5,244.25,0,TU
-2181.5,244.75,0,TU
1416,245.25,0,TU
2515,245.25,0,TU
3343.5,245.25,0,TU
2334,246.25,0,TU
3649.5,247.25,0,TU
312,247.75,0,TU
3871,247.75,0,TU
-140,248.75,0,TU
-51.5,249.75,0,TU
1467.5,249.75,0,TU
3566.5,249.75,0,TU
269.5,250.25,0,TU
2110.5,250.75,0,TU
2011.5,251.25,0,TU
2772.5,251.25,0,TU
1856.5,252.75,0,TU
2186,252.75,0,TU
2877.5,252.75,0,TU
3628,253.25,0,TU
2990.5,254.25,0,TU
3015,254.25,0,TU
-1947,255.25,0,TU
-395,255.75,0,TU
1640,255.75,0,TU
3247,255.75,0,TU
-334,256.25,0,TU
416.5,256.75,0,TU
1500.5,256.75,0,TU
-1112.5,257.25,0,TU
-448.5,257.25,0,TU
-1009.5,257.75,0,TU
-232,258.25,0,TU
1246,258.25,0,TU
2509,258.25,0,TU
2432.5,258.75,0,TU
2039,259.25,0,TU
3276.5,259.25,0,TU
3377.5,259.25,0,TU
3768.5,259.25,0,TU
-608.5,260.25,0,TU
685,260.25,0,TU
2479.5,260.25,0,TU
2810,260.25,0,TU
-1483.5,260.75,0,TU
-2211,261.25,0,TU
-1220,261.75,0,TU
2539.5,261.75,0,TU
-1557,262.25,0,TU
-156,262.25,0,TU
-1178,262.75,0,TU
1230.5,262.75,0,TU
2614,262.75,0,TU
3403.5,262.75,0,TU
-767.5,264.25,0,TU
984,264.25,0,TU
3327.5,264.25,0,TU
3197.5,264.75,0,TU
-1141.5,265.75,0,TU
-108.5,265.75,0,TU
2303,265.75,0,TU
-365.5,267.25,0,TU
-38.5,267.25,0,TU
-1884,267.75,0,TU
-1292,267.75,0,TU
2600,268.75,0,TU
-1447.5,269.25,0,TU
-62.5,269.75,0,TU
2641.5,269.75,0,TU
3039.5,270.25,0,TU
2249,271.75,0,TU
-2259.5,272.25,0,TU
-2239.5,273.25,0,TU
-176,273.25,0,TU
201.5,273.25,0,TU
1764,273.25,0,TU
-1728.5,274.25,0,TU
-418,274.75,0,TU
-230,274.75,0,TU
977,275.25,0,TU
-1245.5,276.25,0,TU
-737,276.25,0,TU
72,276.25,0,TU
859,276.25,0,TU
-1434,276.75,0,TU
2702,277.25,0,TU
3062.5,277.25,0,TU
11.5,278.25,0,TU
559.5,278.25,0,TU
876.5,278.25,0,TU
1913,278.25,0,TU
2572,278.75,0,TU
146.5,279.25,0,TU
1852.5,279.25,0,TU
2051,279.25,0,TU
-1639.5,280.25,0,TU
1470.5,280.25,0,TU
1826,280.75,0,TU
3012,280.75,0,TU
-493,281.75,0,TU
2661,281.75,0,TU
3772.5,281.75,0,TU
1642.5,282.75,0,TU
-2091.5,283.75,0,TU
-1226,283.75,0,TU
287,283.75,0,TU
1046,283.75,0,TU
1575,283.75,0,TU
3643.5,283.75,0,TU
2308.5,284.25,0,TU
3791.5,284.25,0,TU
-1910,284.75,0,TU
-14,284.75,0,TU
-1020,285.25,0,TU
1210,285.25,0,TU
2441.5,285.25,0,TU
704.5,285.75,0,TU
-1937,286.25,0,TU
1383.5,286.25,0,TU
2411,286.25,0,TU
-1861,286.75,0,TU
-1513.5,286.75,0,TU
-743,286.75,0,TU
-631,287.25,0,TU
1622.5,287.25,0,TU
3682.5,287.25,0,TU
3108.5,287.75,0,TU
117.5,288.25,0,TU
-391,288.75,0,TU
2507,289.25,0,TU
-196,289.75,0,TU
1970,289.75,0,TU
409.5,290.25,0,TU
1941.5,290.75,0,TU
2771,290.75,0,TU
3754,290.75,0,TU
-648.5,291.25,0,TU
2632,291.25,0,TU
-780,291.75,0,TU
-1961,292.25,0,TU
-848,292.25,0,TU
2037,292.75,0,TU
2249.5,293.75,0,TU
1834.5,294.25,0,TU
2345.5,294.25,0,TU
3241,294.25,0,TU
2173,294.75,0,TU
993.5,295.25,0,TU
1817.5,295.25,0,TU
2096.5,295.75,0,TU
3736,296.25,0,TU
-116,296.75,0,TU
1022.5,296.75,0,TU
1725.5,297.75,0,TU
958,298.25,0,TU
3887.5,298.75,0,TU
-1778.5,299.25,0,TU
1980,299.25,0,TU
-1628,300.25,0,TU
3451,300.25,0,TU
-1689.5,300.75,0,TU
3167,301.25,0,TU
-1381.5,301.75,0,TU
-538,301.75,0,TU
3427.5,302.25,0,TU
-175,302.75,0,TU
-912,303.75,0,TU
1192,303.75,0,TU
984.5,304.75,0,TU
3499.5,304.75,0,TU
-2149.5,305.25,0,TU
1396,305.25,0,TU
2062.5,305.25,0,TU
3130,305.75,0,TU
-1925,307.25,0,TU
3653,307.25,0,TU
-1347,308.25,0,TU
2940.5,308.75,0,TU
2375.5,309.25,0,TU
1375.5,309.75,0,TU
1606.5,309.75,0,TU
-685,310.25,0,TU
1507,310.25,0,TU
1784,310.75,0,TU
-1299.5,311.25,0,TU
3062.5,311.25,0,TU
131,312.75,0,TU
451,312.75,0,TU
2024.5,312.75,0,TU
2416.5,313.75,0,TU
1163.5,314.25,0,TU
473,315.25,0,TU
766,315.25,0,TU
3389.5,315.25,0,TU
-597,315.75,0,TU
3150,316.25,0,TU
-1548,316.75,0,TU
-1648,317.25,0,TU
-1754,318.25,0,TU
-632.5,318.25,0,TU
2905.5,318.25,0,TU
2503.5,318.75,0,TU
3718.5,318.75,0,TU
-1938.5,319.25,0,TU
1094,319.25,0,TU
3902,319.25,0,TU
-1319,319.75,0,TU
1068,319.75,0,TU
3537,319.75,0,TU
3751.5,320.25,0,TU
-1005,321.25,0,TU
-50,321.75,0,TU
1184.5,322.25,0,TU
2352,322.75,0,TU
-764.5,323.75,0,TU
-541,323.75,0,TU
-1819.5,324.25,0,TU
1001,324.25,0,TU
3585.5,325.25,0,TU
-1161.5,326.25,0,TU
1574.5,326.25,0,TU
-855,326.75,0,TU
3184.5,326.75,0,TU
2255,327.25,0,TU
3130,327.25,0,TU
2533.5,327.75,0,TU
2170,328.25,0,TU
3934,328.25,0,TU
-1720.5,328.75,0,TU
-1098,328.75,0,TU
1969,328.75,0,TU
-620.5,331.25,0,TU
68.5,331.75,0,TU
100.5,331.75,0,TU
1666.5,332.25,0,TU
1886,332.25,0,TU
3253,332.25,0,TU
3694,332.25,0,TU
-2106,335.25,0,TU
2864.5,335.25,0,TU
3062,335.25,0,TU
-640.5,335.75,0,TU
1728,335.75,0,TU
-941.5,336.25,0,TU
3887,336.75,0,TU
2152,337.25,0,TU
-679.5,337.75,0,TU
1790,337.75,0,TU
2928.5,337.75,0,TU
-2243,338.25,0,TU
3159,338.75,0,TU
3204,338.75,0,TU
-961.5,339.25,0,TU
-2221,340.25,0,TU
-1420,340.25,0,TU
2342.5,340.25,0,TU
3221,340.25,0,TU
2692,341.25,0,TU
2743,341.25,0,TU
-1280,341.75,0,TU
-1296,342.25,0,TU
-196,342.25,0,TU
531,342.25,0,TU
1921.5,342.25,0,TU
-1608.5,342.75,0,TU
-1230,343.25,0,TU
1632,343.25,0,TU
3298,343.75,0,TU
1900,344.25,0,TU
2452.5,346.25,0,TU
2924.5,346.25,0,TU
-137.5,346.75,0,TU
2788,346.75,0,TU
-2012,347.25,0,TU
-900,347.25,0,TU
-472,347.75,0,TU
-1066.5,348.25,0,TU
-100.5,348.25,0,TU
1269,348.75,0,TU
2473.5,348.75,0,TU
3504,349.25,0,TU
-1173,349.75,0,TU
-2268,350.25,0,TU
2438,350.25,0,TU
1022.5,350.75,0,TU
2497,351.25,0,TU
-2139,352.25,0,TU
1514,352.75,0,TU
2957.5,352.75,0,TU
3734.5,352.75,0,TU
2237,353.25,0,TU
3332,353.25,0,TU
3764,353.75,0,TU
2125.5,354.25,0,TU
3466,354.25,0,TU
3685.5,354.75,0,TU
1710,355.75,0,TU
2540.5,356.25,0,TU
1488,357.25,0,TU
3582.5,357.25,0,TU
-1148,358.75,0,TU
-45,359.25,0,TU
-979.5,359.75,0,TU
2876.5,359.75,0,TU
703,360.25,0,TU
2411.5,360.25,0,TU
2778,360.25,0,TU
3549.5,360.25,0,TU
-704.5,360.75,0,TU
464,360.75,0,TU
1396.5,360.75,0,TU
-364,361.75,0,TU
-159,362.25,0,TU
3652.5,362.25,0,TU
-210.5,364.25,0,TU
-2116.5,364.75,0,TU
-824.5,364.75,0,TU
-382,365.25,0,TU
2467.5,365.75,0,TU
-1683,366.25,0,TU
577.5,366.75,0,TU
3803,366.75,0,TU
-855.5,367.25,0,TU
-416.5,367.25,0,TU
-114.5,367.25,0,TU
2362,367.25,0,TU
-506.5,367.75,0,TU
1429.5,368.25,0,TU
550.5,368.75,0,TU
2699.5,368.75,0,TU
3204,368.75,0,TU
-478,369.25,0,TU
2020.5,370.75,0,TU
3245.5,370.75,0,TU
3309,370.75,0,TU
3708.5,370.75,0,TU
-1173,371.25,0,TU
271,371.25,0,TU
-2146.5,371.75,0,TU
-310.5,372.25,0,TU
3491,372.25,0,TU
1636,372.75,0,TU
-101,373.25,0,TU
2342.5,373.25,0,TU
-1560.5,373.75,0,TU
-185.5,373.75,0,TU
2117,373.75,0,TU
-2208.5,375.25,0,TU
-530,375.25,0,TU
607,375.25,0,TU
2743,375.75,0,TU
1315,376.25,0,TU
243.5,378.25,0,TU
-2241.5,378.75,0,TU
1816.5,378.75,0,TU
3590,378.75,0,TU
1278.5,379.25,0,TU
-1783,379.75,0,TU
2261,379.75,0,TU
2588.5,380.25,0,TU
-1012,380.75,0,TU
3423,380.75,0,TU
-236.5,381.25,0,TU
3106.5,382.25,0,TU
-7,383.25,0,TU
9,383.25,0,TU
3542.5,383.75,0,TU
768.5,384.25,0,TU
2078.5,384.25,0,TU
1051,385.25,0,TU
1547.5,385.25,0,TU
-1083,385.75,0,TU
126,385.75,0,TU
-2049,386.75,0,TU
2886.5,386.75,0,TU
527,389.25,0,TU
1977.5,389.75,0,TU
3062,389.75,0,TU
3329.5,389.75,0,TU
369.5,390.25,0,TU
48,390.75,0,TU
2403,390.75,0,TU
-649.5,391.25,0,TU
2907,391.25,0,TU
3508,392.25,0,TU
-2107.5,393.25,0,TU
-1508.5,393.25,0,TU
2782,393.25,0,TU
-2154.5,393.75,0,TU
-1807,394.75,0,TU
-873.5,395.25,0,TU
3719,395.25,0,TU
632,395.75,0,TU
-1832.5,397.25,0,TU
2030.5,397.25,0,TU
-815.5,398.25,0,TU
-583,398.25,0,TU
3642.5,398.75,0,TU
2851,399.25,0,TU
3470,399.25,0,TU
-1325.5,399.75,0,TU
71,399.75,0,TU
2972,400.25,0,TU
3087,400.25,0,TU
-304.5,400.75,0,TU
3428.5,400.75,0,TU
2385,401.25,0,TU
-2070,402.25,0,TU
2131,402.25,0,TU
3599,402.25,0,TU
3756.5,402.75,0,TU
2112.5,403.25,0,TU
-255,403.75,0,TU
1022.5,403.75,0,TU
30,404.25,0,TU
3208,404.25,0,TU
-275,405.75,0,TU
300,407.25,0,TU
1362.5,407.25,0,TU
2921,407.75,0,TU
-1639.5,408.25,0,TU
-1223.5,408.25,0,TU
-2272.5,408.75,0,TU
1836,408.75,0,TU
-2301.5,409.25,0,TU
3018.5,410.25,0,TU
3630,410.25,0,TU
2489.5,411.25,0,TU
425,411.75,0,TU
3521,411.75,0,TU
-1665,412.25,0,TU
1201,412.75,0,TU
279.5,413.75,0,TU
1373.5,413.75,0,TU
-1906.5,414.25,0,TU
-1136,414.75,0,TU
-204.5,414.75,0,TU
-128.5,414.75,0,TU
-2158.5,416.75,0,TU
1281,416.75,0,TU
2754.5,417.25,0,TU
3713,417.25,0,TU
-7.5,417.75,0,TU
2162,417.75,0,TU
3670.5,417.75,0,TU
3784,417.75,0,TU
3945.5,417.75,0,TU
-48.5,418.25,0,TU
-377.5,418.75,0,TU
2810,418.75,0,TU
3480,418.75,0,TU
-1624.5,419.25,0,TU
631,419.25,0,TU
1333,419.25,0,TU
511.5,419.75,0,TU
2629.5,419.75,0,TU
3306,419.75,0,TU
-1263.5,420.25,0,TU
199,420.75,0,TU
1618.5,420.75,0,TU
3107,420.75,0,TU
-548.5,421.25,0,TU
-770,421.75,0,TU
-611.5,421.75,0,TU
1776.5,421.75,0,TU
3843,421.75,0,TU
3583.5,422.25,0,TU
-1795.5,424.25,0,TU
-841,424.75,0,TU
1642,424.75,0,TU
2585,425.25,0,TU
3053.5,425.25,0,TU
-709,426.25,0,TU
-1933,427.25,0,TU
-1090.5,427.75,0,TU
-569.5,427.75,0,TU
2381,428.25,0,TU
3077.5,428.25,0,TU
-1575.5,429.25,0,TU
743.5,429.75,0,TU
2196.5,429.75,0,TU
2221,429.75,0,TU
-1605,430.25,0,TU
1959,430.25,0,TU
2009.5,430.25,0,TU
3458,430.75,0,TU
-801.5,431.25,0,TU
1736,431.25,0,TU
-938.5,431.75,0,TU
942.5,431.75,0,TU
2826,431.75,0,TU
-1483.5,433.25,0,TU
-1404.5,433.25,0,TU
31.5,433.25,0,TU
144,434.25,0,TU
1473.5,434.75,0,TU
3036,435.25,0,TU
3685,435.75,0,TU
-2229.5,436.25,0,TU
409,436.25,0,TU
-2162,436.75,0,TU
-1512.5,436.75,0,TU
-2292,437.25,0,TU
116.5,437.25,0,TU
3262.5,437.25,0,TU
-2099.5,437.75,0,TU
-331,437.75,0,TU
611,437.75,0,TU
671.5,437.75,0,TU
1308.5,437.75,0,TU
-1769.5,438.25,0,TU
-1153,438.25,0,TU
-76.5,438.25,0,TU
697.5,438.75,0,TU
2760.5,438.75,0,TU
3828.5,438.75,0,TU
-1736,439.25,0,TU
448.5,439.25,0,TU
-614,440.25,0,TU
875,440.25,0,TU
1995,441.75,0,TU
554.5,442.25,0,TU
3493.5,442.75,0,TU
64,444.25,0,TU
573.5,444.25,0,TU
-2263.5,444.75,0,TU
-1281,444.75,0,TU
-891,444.75,0,TU
-1659,445.25,0,TU
2183,445.75,0,TU
158.5,446.25,0,TU
1714,446.25,0,TU
2500,446.75,0,TU
3018,446.75,0,TU
-670,448.25,0,TU
1186,448.25,0,TU
3518.5,448.25,0,TU
-1063,448.75,0,TU
-388,448.75,0,TU
-366.5,448.75,0,TU
-97.5,448.75,0,TU
-30.5,448.75,0,TU
1041,448.75,0,TU
2245,448.75,0,TU
3158,448.75,0,TU
-1690,449.25,0,TU
1255,449.25,0,TU
-1125,449.75,0,TU
1318.5,449.75,0,TU
-256,450.75,0,TU
691,451.25,0,TU
2311,451.75,0,TU
190.5,452.25,0,TU
-1626,452.75,0,TU
2279.5,453.25,0,TU
-2047,453.75,0,TU
594,453.75,0,TU
2937,454.25,0,TU
1385,454.75,0,TU
3233,455.25,0,TU
3677,455.75,0,TU
-761,456.25,0,TU
-545.5,456.25,0,TU
1475.5,456.25,0,TU
-333.5,456.75,0,TU
-1948.5,457.25,0,TU
3368,457.25,0,TU
1841.5,457.75,0,TU
576,458.25,0,TU
-1476,459.25,0,TU
-568,459.75,0,TU
1952.5,459.75,0,TU
2821,459.75,0,TU
3582.5,460.25,0,TU
3928.5,460.75,0,TU
480.5,461.25,0,TU
-612.5,461.75,0,TU
-848.5,462.25,0,TU
-427.5,462.25,0,TU
2143,462.25,0,TU
1330,462.75,0,TU
-1271.5,463.25,0,TU
-1008.5,463.25,0,TU
-173,463.25,0,TU
1104,463.25,0,TU
2531,463.25,0,TU
3794,463.25,0,TU
-2166,464.25,0,TU
-2018.5,464.25,0,TU
214,464.25,0,TU
-738,464.75,0,TU
-384.5,464.75,0,TU
845.5,464.75,0,TU
2911,465.25,0,TU
3043.5,465.25,0,TU
2351.5,465.75,0,TU
2293.5,466.25,0,TU
3954.5,467.75,0,TU
1032.5,468.25,0,TU
1427.5,468.25,0,TU
-1577,468.75,0,TU
1077.5,468.75,0,TU
86,470.25,0,TU
1305,470.75,0,TU
2886,470.75,0,TU
-61.5,472.25,0,TU
952.5,472.25,0,TU
-353,472.75,0,TU
-266,472.75,0,TU
-249.5,472.75,0,TU
2177,472.75,0,TU
-1244.5,473.25,0,TU
-957,473.75,0,TU
3259,473.75,0,TU
-1045.5,474.25,0,TU
3415,474.75,0,TU
891,475.25,0,TU
1790.5,475.25,0,TU
639.5,475.75,0,TU
2833.5,475.75,0,TU
3740.5,475.75,0,TU
-305.5,476.25,0,TU
330,476.25,0,TU
1711.5,476.25,0,TU
3777,476.75,0,TU
1565,477.75,0,TU
-1674,478.25,0,TU
1769,478.25,0,TU
-1797.5,478.75,0,TU
-2283,479.25,0,TU
-749.5,479.25,0,TU
100,479.25,0,TU
479,479.75,0,TU
-452,480.25,0,TU
614,480.25,0,TU
3176.5,480.25,0,TU
3383,480.25,0,TU
3136,480.75,0,TU
131.5,481.25,0,TU
-509,481.75,0,TU
-665.5,482.75,0,TU
819.5,482.75,0,TU
-1338,483.25,0,TU
1461,483.75,0,TU
-2081,484.75,0,TU
-1461.5,485.25,0,TU
-8.5,485.25,0,TU
3466,486.25,0,TU
3570,486.75,0,TU
3692.5,487.25,0,TU
-2146,488.25,0,TU
2275,489.25,0,TU
-437,489.75,0,TU
146,489.75,0,TU
969.5,489.75,0,TU
2245.5,489.75,0,TU
-1192.5,490.25,0,TU
2576.5,490.25,0,TU
3362.5,490.25,0,TU
-1759,490.75,0,TU
293,490.75,0,TU
3929.5,490.75,0,TU
-1099.5,491.25,0,TU
-1028.5,491.25,0,TU
-356,491.25,0,TU
3035,491.25,0,TU
1928.5,491.75,0,TU
3618.5,492.25,0,TU
-615,492.75,0,TU
1104.5,492.75,0,TU
2397,492.75,0,TU
-133,493.25,0,TU
212.5,493.25,0,TU
731.5,493.25,0,TU
2811.5,493.25,0,TU
-848,494.25,0,TU
419,494.25,0,TU
3252,494.25,0,TU
-1891.5,494.75,0,TU
-1302,494.75,0,TU
-1070,494.75,0,TU
621,494.75,0,TU
1394.5,494.75,0,TU
760.5,495.25,0,TU
1613,495.25,0,TU
2696.5,495.25,0,TU
3757.5,495.75,0,TU
-986.5,496.25,0,TU
-782.5,496.25,0,TU
-2047.5,496.75,0,TU
565.5,496.75,0,TU
1683,496.75,0,TU
1779,497.25,0,TU
-476.5,497.75,0,TU
3891,497.75,0,TU
-756,498.25,0,TU
-1529,498.75,0,TU
-1450.5,498.75,0,TU
1097,499.25,0,TU
1624.5,499.25,0,TU
2361.5,499.25,0,TU
-2024.5,499.75,0,TU
-1265.5,500.75,0,TU
1812.5,500.75,0,TU
3104,501.25,0,TU
-2097.5,501.75,0,TU
-797.5,501.75,0,TU
-2166,502.25,0,TU
494.5,502.25,0,TU
1704,502.75,0,TU
3153.5,502.75,0,TU
3777.5,502.75,0,TU
-1791,503.25,0,TU
-47,503.75,0,TU
2330.5,503.75,0,TU
2465.5,503.75,0,TU
174.5,504.25,0,TU
2303.5,504.25,0,TU
55,504.75,0,TU
1886.5,504.75,0,TU
33,505.25,0,TU
262,505.25,0,TU
-2288,505.75,0,TU
3495.5,506.75,0,TU
-954,507.25,0,TU
2602,507.25,0,TU
-200.5,507.75,0,TU
-13,508.25,0,TU
871.5,508.25,0,TU
-1326.5,508.75,0,TU
1046.5,508.75,0,TU
-1937,509.25,0,TU
-1183,509.25,0,TU
3819,509.25,0,TU
2910.5,509.75,0,TU
3709,510.25,0,TU
-1964,510.75,0,TU
-145,510.75,0,TU
553.5,510.75,0,TU
2210,510.75,0,TU
3208.5,511.25,0,TU
1205,512.75,0,TU
2852,513.75,0,TU
3845,513.75,0,TU
1854,514.25,0,TU
431,515.75,0,TU
3157.5,516.25,0,TU
-923.5,516.75,0,TU
2007.5,516.75,0,TU
2501.5,516.75,0,TU
3037,516.75,0,TU
-592.5,517.75,0,TU
2146,517.75,0,TU
3931,517.75,0,TU
-89.5,518.25,0,TU
1926.5,518.25,0,TU
2977.5,518.25,0,TU
-427,518.75,0,TU
3533,518.75,0,TU
-1090.5,519.75,0,TU
3228,520.25,0,TU
2883,521.25,0,TU
-1431.5,521.75,0,TU
-1398.5,521.75,0,TU
-745.5,521.75,0,TU
1741.5,521.75,0,TU
702.5,522.25,0,TU
1009,522.25,0,TU
1095.5,522.25,0,TU
-671.5,522.75,0,TU
1495.5,522.75,0,TU
-2200.5,523.75,0,TU
-2139.5,523.75,0,TU
3149,523.75,0,TU
-1511,524.25,0,TU
500.5,524.75,0,TU
2067,524.75,0,TU
-1463.5,525.25,0,TU
-940,525.25,0,TU
2443,525.25,0,TU
-1996,525.75,0,TU
1481.5,525.75,0,TU
-798.5,526.25,0,TU
3758,526.25,0,TU
-1615.5,526.75,0,TU
-984,527.25,0,TU
2035.5,528.25,0,TU
2209.5,528.25,0,TU
3854.5,529.25,0,TU
517.5,529.75,0,TU
3679.5,529.75,0,TU
103.5,530.25,0,TU
1368.5,530.25,0,TU
2518.5,530.25,0,TU
3803.5,530.75,0,TU
-715,531.25,0,TU
187,531.25,0,TU
3318.5,531.25,0,TU
-1791,531.75,0,TU
-385,532.25,0,TU
3486.5,532.25,0,TU
-2302,532.75,0,TU
1568.5,532.75,0,TU
-2181,534.25,0,TU
-589.5,534.25,0,TU
-1058.5,535.25,0,TU
-10.5,535.25,0,TU
244,535.75,0,TU
-1229.5,536.25,0,TU
-856.5,537.25,0,TU
-1497,537.75,0,TU
166,537.75,0,TU
1835,538.25,0,TU
-320,538.75,0,TU
934,538.75,0,TU
3943.5,539.25,0,TU
-1721.5,539.75,0,TU
427,539.75,0,TU
2099.5,539.75,0,TU
3236,540.25,0,TU
-1213.5,540.75,0,TU
289.5,540.75,0,TU
2652,540.75,0,TU
-182,542.25,0,TU
2207.5,542.25,0,TU
3413,542.25,0,TU
3365.5,543.25,0,TU
3969,543.25,0,TU
-1261,543.75,0,TU
-506.5,543.75,0,TU
-160.5,543.75,0,TU
1859,543.75,0,TU
22,544.25,0,TU
458,544.25,0,TU
3133,544.25,0,TU
2084.5,544.75,0,TU
-41,545.75,0,TU
2490.5,545.75,0,TU
904,546.25,0,TU
2609.5,546.25,0,TU
3398,546.75,0,TU
-904.5,547.25,0,TU
1324,547.25,0,TU
2634,547.25,0,TU
3534,547.75,0,TU
-2056,548.75,0,TU
3463.5,548.75,0,TU
-1830,549.25,0,TU
770,549.25,0,TU
1187.5,550.25,0,TU
-1870,551.25,0,TU
-1330.5,551.25,0,TU
146,551.25,0,TU
1062,551.25,0,TU
1612,551.75,0,TU
-962.5,552.25,0,TU
-217,552.25,0,TU
2733,552.25,0,TU
-1796,552.75,0,TU
-1362,553.25,0,TU
2474.5,553.25,0,TU
361,553.75,0,TU
510.5,555.75,0,TU
1808,555.75,0,TU
1898.5,555.75,0,TU
2419.5,555.75,0,TU
2663,556.25,0,TU
-1602.5,556.75,0,TU
293,556.75,0,TU
3700,556.75,0,TU
-700,557.25,0,TU
995.5,557.25,0,TU
576,558.25,0,TU
-1687,558.75,0,TU
-1192,559.25,0,TU
-1176,559.25,0,TU
2483.5,559.25,0,TU
2541.5,559.25,0,TU
-2167.5,559.75,0,TU
-123.5,560.25,0,TU
3023.5,560.25,0,TU
250,560.75,0,TU
-331,561.25,0,TU
874,561.25,0,TU
-1417,562.25,0,TU
-82.5,562.25,0,TU
3739,562.25,0,TU
1573,562.75,0,TU
1687,562.75,0,TU
1833.5,562.75,0,TU
2199.5,562.75,0,TU
2397.5,562.75,0,TU
-581.5,563.25,0,TU
597,563.25,0,TU
2625,563.75,0,TU
2953.5,564.25,0,TU
3943.5,564.25,0,TU
-2069,564.75,0,TU
-132.5,565.75,0,TU
-1239.5,567.25,0,TU
-745.5,567.25,0,TU
2889.5,567.25,0,TU
3481.5,567.25,0,TU
339.5,567.75,0,TU
1703.5,567.75,0,TU
1919,568.25,0,TU
3838,569.25,0,TU
361,569.75,0,TU
783,569.75,0,TU
1147,569.75,0,TU
-624,570.25,0,TU
-2213.5,570.75,0,TU
86.5,570.75,0,TU
-374,571.25,0,TU
68.5,571.25,0,TU
2645,571.75,0,TU
-1498.5,572.25,0,TU
-859.5,572.25,0,TU
1509,572.25,0,TU
2514,572.25,0,TU
2583.5,572.25,0,TU
2664.5,572.75,0,TU
3220.5,572.75,0,TU
2130,573.25,0,TU
152.5,574.25,0,TU
3453.5,574.25,0,TU
451,574.75,0,TU
3311,574.75,0,TU
-1897,575.25,0,TU
623,575.25,0,TU
1127.5,575.25,0,TU
-393.5,575.75,0,TU
1862.5,575.75,0,TU
-181,576.75,0,TU
-1560,577.75,0,TU
760,577.75,0,TU
658.5,578.25,0,TU
-94.5,579.25,0,TU
953.5,579.25,0,TU
3057,579.25,0,TU
-885.5,580.25,0,TU
1532.5,581.25,0,TU
1884.5,581.25,0,TU
2494.5,582.25,0,TU
-237,582.75,0,TU
1326.5,583.25,0,TU
1733.5,583.25,0,TU
-1794,583.75,0,TU
2218.5,583.75,0,TU
3324.5,584.25,0,TU
1948,584.75,0,TU
883.5,585.75,0,TU
2438,585.75,0,TU
806.5,586.25,0,TU
1489,586.75,0,TU
2629.5,586.75,0,TU
3285,586.75,0,TU
3693,586.75,0,TU
-1749,587.75,0,TU
2275,588.25,0,TU
217.5,588.75,0,TU
1684.5,589.25,0,TU
3945.5,589.75,0,TU
2958.5,590.75,0,TU
2974,591.75,0,TU
158.5,592.25,0,TU
459,592.25,0,TU
-1009.5,592.75,0,TU
113,592.75,0,TU
410,592.75,0,TU
2457,592.75,0,TU
-736.5,593.25,0,TU
988,593.75,0,TU
2599.5,593.75,0,TU
-1122.5,594.25,0,TU
-762.5,594.25,0,TU
690.5,594.25,0,TU
2347.5,594.25,0,TU
2996,594.75,0,TU
3263.5,594.75,0,TU
256,595.25,0,TU
-2067,596.25,0,TU
-604,596.25,0,TU
206,596.25,0,TU
1907,596.25,0,TU
3911.5,596.75,0,TU
2933,597.25,0,TU
2775,597.75,0,TU
-1198.5,598.25,0,TU
-1030.5,598.25,0,TU
860.5,598.25,0,TU
3847,598.25,0,TU
-1069,598.75,0,TU
-1951,599.25,0,TU
1267.5,599.25,0,TU
-1626,599.75,0,TU
3366,600.25,0,TU
3740,600.25,0,TU
3410.5,601.25,0,TU
1356.5,601.75,0,TU
3670.5,601.75,0,TU
3988.5,601.75,0,TU
-1400.5,602.25,0,TU
-717,602.25,0,TU
1076.5,602.25,0,TU
2483,602.25,0,TU
2070.5,602.75,0,TU
-1266,603.25,0,TU
-666,603.25,0,TU
730,603.25,0,TU
1102.5,603.25,0,TU
1959,603.75,0,TU
2307,603.75,0,TU
-1600,604.25,0,TU
631.5,604.25,0,TU
-2119,604.75,0,TU
-399,604.75,0,TU
89,604.75,0,TU
2100,605.25,0,TU
-2105.5,605.75,0,TU
2637.5,606.25,0,TU
883,606.75,0,TU
3812.5,606.75,0,TU
-1360.5,608.75,0,TU
-887,608.75,0,TU
1377.5,608.75,0,TU
3648.5,608.75,0,TU
1234,609.25,0,TU
2577,609.25,0,TU
3905.5,609.25,0,TU
-1475.5,609.75,0,TU
-73.5,609.75,0,TU
1931,609.75,0,TU
2325,609.75,0,TU
3789,609.75,0,TU
-2240.5,610.25,0,TU
-1096,610.25,0,TU
1877.5,610.75,0,TU
2007.5,610.75,0,TU
-1744.5,611.25,0,TU
-1559.5,611.25,0,TU
360.5,611.25,0,TU
2157.5,611.75,0,TU
556,612.25,0,TU
2238,612.75,0,TU
2823.5,612.75,0,TU
3874,612.75,0,TU
1541.5,613.25,0,TU
3947,613.25,0,TU
2737,613.75,0,TU
-2150.5,614.25,0,TU
1418,614.25,0,TU
1594,614.75,0,TU
-839.5,615.25,0,TU
2650.5,615.25,0,TU
3769,615.25,0,TU
-371,615.75,0,TU
3126,616.75,0,TU
-2203,617.25,0,TU
-1662.5,617.25,0,TU
2953.5,617.25,0,TU
3472,617.25,0,TU
693.5,618.25,0,TU
-1487,618.75,0,TU
-774,619.25,0,TU
-2223.5,619.75,0,TU
-1575.5,619.75,0,TU
-475.5,620.75,0,TU
921.5,620.75,0,TU
2622.5,620.75,0,TU
1027.5,622.25,0,TU
-421.5,622.75,0,TU
2025.5,622.75,0,TU
-200,623.75,0,TU
-130.5,623.75,0,TU
-1542.5,624.25,0,TU
1891.5,624.25,0,TU
-1039.5,624.75,0,TU
1989.5,625.25,0,TU
-907.5,625.75,0,TU
-2009.5,626.25,0,TU
341,626.25,0,TU
2051.5,626.25,0,TU
1934,626.75,0,TU
-96,627.25,0,TU
734.5,627.75,0,TU
1909.5,627.75,0,TU
1958,627.75,0,TU
3163,627.75,0,TU
3447.5,627.75,0,TU
-402.5,628.25,0,TU
3800.5,628.25,0,TU
3737.5,629.25,0,TU
1103,629.75,0,TU
3204,629.75,0,TU
-2127,631.75,0,TU
2808.5,631.75,0,TU
-668.5,632.25,0,TU
888.5,632.25,0,TU
3258.5,633.25,0,TU
2515.5,633.75,0,TU
-1455.5,634.25,0,TU
658,634.75,0,TU
1444,634.75,0,TU
3914,634.75,0,TU
306.5,636.25,0,TU
-1327,637.25,0,TU
2831.5,637.25,0,TU
2857,637.25,0,TU
3940.5,637.25,0,TU
83.5,637.75,0,TU
1395.5,637.75,0,TU
872.5,639.75,0,TU
-1917,640.25,0,TU
3481.5,640.25,0,TU
-1279.5,640.75,0,TU
1196.5,640.75,0,TU
3714.5,640.75,0,TU
842.5,641.25,0,TU
2436,641.75,0,TU
3494.5,641.75,0,TU
-1692,642.25,0,TU
18,642.25,0,TU
1590,642.75,0,TU
2073,642.75,0,TU
3560,642.75,0,TU
3536,643.25,0,TU
-55,643.75,0,TU
3264.5,643.75,0,TU
1656.5,645.25,0,TU
-2059.5,645.75,0,TU
-1016,646.25,0,TU
2991.5,646.25,0,TU
712.5,646.75,0,TU
796.5,646.75,0,TU
-1359.5,647.25,0,TU
1257,647.25,0,TU
-488,647.75,0,TU
2603.5,647.75,0,TU
-2089.5,648.25,0,TU
-783,648.25,0,TU
287,648.25,0,TU
3779,648.25,0,TU
995,648.75,0,TU
380,649.25,0,TU
693,651.25,0,TU
2039.5,651.75,0,TU
3242.5,651.75,0,TU
3105,653.25,0,TU
3089,654.25,0,TU
3805.5,654.25,0,TU
-1828.5,654.75,0,TU
1919.5,654.75,0,TU
3199.5,654.75,0,TU
480.5,655.25,0,TU
3530.5,655.25,0,TU
-1217,656.75,0,TU
2961,656.75,0,TU
2585.5,657.25,0,TU
2882.5,657.25,0,TU
-1870.5,657.75,0,TU
448,657.75,0,TU
-959,658.25,0,TU
2436.5,658.75,0,TU
3619.5,658.75,0,TU
826,659.25,0,TU
102,659.75,0,TU
569,659.75,0,TU
3598,659.75,0,TU
869,660.75,0,TU
2080,660.75,0,TU
3914,660.75,0,TU
32,662.75,0,TU
2273,662.75,0,TU
3384,662.75,0,TU
3956.5,662.75,0,TU
2386,663.25,0,TU
1243,664.25,0,TU
2151.5,664.25,0,TU
3415.5,664.25,0,TU
3663.5,664.75,0,TU
2304.5,665.25,0,TU
-551.5,665.75,0,TU
591.5,665.75,0,TU
1005,665.75,0,TU
-2067,666.25,0,TU
2453.5,667.25,0,TU
2477.5,667.75,0,TU
-1356,668.25,0,TU
338.5,670.25,0,TU
1386,670.25,0,TU
2729,670.75,0,TU
2788,670.75,0,TU
2528.5,671.25,0,TU
3821.5,671.75,0,TU
3292.5,672.25,0,TU
-1298.5,673.75,0,TU
3273,673.75,0,TU
3047.5,674.25,0,TU
-1616,674.75,0,TU
-2088.5,675.25,0,TU
717.5,675.25,0,TU
1892.5,675.75,0,TU
3396.5,676.25,0,TU
-1267.5,676.75,0,TU
3145,677.25,0,TU
-285,678.25,0,TU
-165.5,678.25,0,TU
946.5,678.25,0,TU
3381.5,678.25,0,TU
409,678.75,0,TU
-1808,679.25,0,TU
2791,679.25,0,TU
2123,679.75,0,TU
2328.5,680.25,0,TU
-808.5,680.75,0,TU
-1886.5,681.25,0,TU
-201.5,681.25,0,TU
-727,682.25,0,TU
2835.5,682.75,0,TU
-2034.5,683.75,0,TU
3844.5,684.75,0,TU
722,685.25,0,TU
-1686.5,685.75,0,TU
-1475,685.75,0,TU
-1598.5,686.25,0,TU
-238,686.25,0,TU
3488.5,686.25,0,TU
3595.5,686.25,0,TU
-2106,686.75,0,TU
-331.5,686.75,0,TU
-595.5,688.75,0,TU
560.5,688.75,0,TU
1688,688.75,0,TU
3752,689.75,0,TU
-473,690.25,0,TU
2569,692.25,0,TU
3634.5,692.25,0,TU
-1660.5,693.25,0,TU
-1069.5,693.25,0,TU
1452.5,693.25,0,TU
2236.5,693.25,0,TU
513,693.75,0,TU
1661.5,693.75,0,TU
2202,694.25,0,TU
1544,695.75,0,TU
606,696.25,0,TU
40.5,696.75,0,TU
-76.5,697.25,0,TU
657.5,697.75,0,TU
-844.5,698.25,0,TU
154.5,698.75,0,TU
1712.5,698.75,0,TU
1867.5,698.75,0,TU
-885.5,699.25,0,TU
3451,699.25,0,TU
215.5,699.75,0,TU
1379.5,699.75,0,TU
169,700.25,0,TU
2458,700.25,0,TU
-1083.5,700.75,0,TU
799,700.75,0,TU
-1692,701.25,0,TU
1837.5,701.75,0,TU
1995,702.25,0,TU
3718,702.25,0,TU
1359,702.75,0,TU
2909,702.75,0,TU
-1971,703.75,0,TU
3609.5,703.75,0,TU
-1196,704.75,0,TU
-1048.5,705.25,0,TU
-211,705.25,0,TU
2039.5,705.25,0,TU
-1813,705.75,0,TU
-671,706.25,0,TU
1007,706.25,0,TU
1791.5,706.25,0,TU
1119.5,706.75,0,TU
3841.5,706.75,0,TU
-1345,707.25,0,TU
2114,707.25,0,TU
2876,707.25,0,TU
-1632,708.75,0,TU
1470.5,708.75,0,TU
1973,708.75,0,TU
1614,709.75,0,TU
2289.5,709.75,0,TU
3367,709.75,0,TU
3406,709.75,0,TU
3819.5,710.25,0,TU
-2084,711.25,0,TU
2343.5,711.25,0,TU
-1765,711.75,0,TU
-807,711.75,0,TU
285.5,711.75,0,TU
398.5,711.75,0,TU
3141,711.75,0,TU
-424.5,712.25,0,TU
590,712.25,0,TU
1288,712.25,0,TU
-1407.5,712.75,0,TU
1325.5,712.75,0,TU
2541,712.75,0,TU
2194.5,713.25,0,TU
2273.5,713.25,0,TU
3635,714.75,0,TU
1393,715.25,0,TU
-1845,715.75,0,TU
3499,716.25,0,TU
3656,716.25,0,TU
-302.5,716.75,0,TU
3425.5,716.75,0,TU
924.5,717.25,0,TU
-1923.5,717.75,0,TU
3009.5,717.75,0,TU
-147.5,718.25,0,TU
3310,718.25,0,TU
1155.5,718.75,0,TU
3772,718.75,0,TU
2170,719.25,0,TU
-127.5,719.75,0,TU
1673,719.75,0,TU
2735,719.75,0,TU
27,720.25,0,TU
-1114.5,720.75,0,TU
-197.5,720.75,0,TU
2427,720.75,0,TU
-281.5,721.25,0,TU
-845.5,721.75,0,TU
1778,721.75,0,TU
2940,722.25,0,TU
963,724.25,0,TU
2836.5,724.25,0,TU
-588,724.75,0,TU
-69.5,724.75,0,TU
3867,724.75,0,TU
2626,725.25,0,TU
-1971.5,725.75,0,TU
-105,725.75,0,TU
3843.5,725.75,0,TU
-1088,726.25,0,TU
-564.5,727.75,0,TU
382,727.75,0,TU
745,728.25,0,TU
2655,728.25,0,TU
2324,728.75,0,TU
3547.5,728.75,0,TU
2703.5,729.25,0,TU
3964.5,729.25,0,TU
-465.5,729.75,0,TU
1418.5,729.75,0,TU
2375,729.75,0,TU
3022,729.75,0,TU
3619.5,729.75,0,TU
-1229.5,730.25,0,TU
2011.5,731.25,0,TU
1452.5,731.75,0,TU
-2099.5,732.25,0,TU
49,732.25,0,TU
-1215,732.75,0,TU
-494.5,733.25,0,TU
656,733.25,0,TU
-1045,733.75,0,TU
-285.5,733.75,0,TU
1734.5,733.75,0,TU
-327.5,734.25,0,TU
-1316.5,735.25,0,TU
260.5,735.75,0,TU
2137,735.75,0,TU
3478,735.75,0,TU
-913.5,736.25,0,TU
2855.5,736.25,0,TU
1093.5,737.25,0,TU
1222,737.25,0,TU
1240,737.75,0,TU
-1688.5,738.75,0,TU
2753.5,738.75,0,TU
-1332.5,739.25,0,TU
-1153,739.25,0,TU
313,739.25,0,TU
1610.5,739.25,0,TU
-1617.5,740.25,0,TU
-366,740.25,0,TU
-249,740.75,0,TU
-1545,741.25,0,TU
18.5,742.25,0,TU
2559.5,742.25,0,TU
-1423,742.75,0,TU
-743,742.75,0,TU
418.5,742.75,0,TU
485,742.75,0,TU
3366,742.75,0,TU
-1874,743.25,0,TU
1175.5,743.25,0,TU
838,743.75,0,TU
3144.5,743.75,0,TU
3966,744.25,0,TU
151,745.75,0,TU
3325,745.75,0,TU
2626,746.25,0,TU
-781,747.25,0,TU
-1951,747.75,0,TU
3044,748.25,0,TU
3303.5,748.75,0,TU
-957.5,749.25,0,TU
330,749.75,0,TU
2883,749.75,0,TU
3837,749.75,0,TU
-78,750.25,0,TU
557.5,751.75,0,TU
1810,751.75,0,TU
2092,751.75,0,TU
3277.5,751.75,0,TU
-113,752.25,0,TU
3248.5,752.25,0,TU
702.5,752.75,0,TU
-908.5,753.25,0,TU
3648.5,753.25,0,TU
1934,753.75,0,TU
2419.5,753.75,0,TU
1564,754.25,0,TU
2006.5,754.25,0,TU
-1792,754.75,0,TU
1141.5,754.75,0,TU
-1769.5,755.25,0,TU
-150,755.25,0,TU
2215.5,755.75,0,TU
2839.5,755.75,0,TU
3393.5,755.75,0,TU
-1514,756.25,0,TU
1977.5,756.25,0,TU
2509.5,756.25,0,TU
-1126.5,756.75,0,TU
910.5,757.25,0,TU
1715,758.25,0,TU
541.5,759.25,0,TU
3724,759.25,0,TU
-826.5,759.75,0,TU
1226,759.75,0,TU
-271.5,760.25,0,TU
-172.5,760.25,0,TU
375,760.25,0,TU
-1876,760.75,0,TU
-1368,760.75,0,TU
-545.5,760.75,0,TU
-243,760.75,0,TU
684.5,760.75,0,TU
3797,760.75,0,TU
2723.5,761.75,0,TU
670.5,762.25,0,TU
-526,762.75,0,TU
1318.5,762.75,0,TU
402,763.25,0,TU
1206.5,763.25,0,TU
3813.5,764.25,0,TU
3858,764.25,0,TU
34,765.25,0,TU
94,765.25,0,TU
330,765.75,0,TU
1879.5,765.75,0,TU
-1993,767.25,0,TU
-803.5,767.25,0,TU
945,767.25,0,TU
2382,767.25,0,TU
2585,767.25,0,TU
2741,767.25,0,TU
3882.5,767.25,0,TU
-760,767.75,0,TU
2473.5,767.75,0,TU
3580.5,767.75,0,TU
-1828,768.25,0,TU
3907,768.25,0,TU
1949.5,768.75,0,TU
3219.5,768.75,0,TU
-1934.5,769.25,0,TU
-571,769.25,0,TU
-127.5,769.25,0,TU
-360,770.25,0,TU
1296,770.25,0,TU
2221,770.25,0,TU
-632,770.75,0,TU
-288,770.75,0,TU
1556,770.75,0,TU
1276.5,771.25,0,TU
1508.5,771.25,0,TU
2283.5,771.25,0,TU
3041,771.25,0,TU
2827.5,771.75,0,TU
443,772.25,0,TU
-198.5,772.75,0,TU
2011,772.75,0,TU
2430.5,772.75,0,TU
-1217.5,773.75,0,TU
2056.5,774.75,0,TU
483.5,775.75,0,TU
996.5,776.25,0,TU
3067,776.25,0,TU
3748.5,776.25,0,TU
681,776.75,0,TU
-1456.5,777.25,0,TU
-1170.5,777.75,0,TU
-884.5,777.75,0,TU
886,777.75,0,TU
1813.5,777.75,0,TU
2414.5,777.75,0,TU
2884,778.75,0,TU
3721.5,779.25,0,TU
252,779.75,0,TU
283,780.25,0,TU
2531.5,780.75,0,TU
-1877,781.25,0,TU
1727.5,781.75,0,TU
2227.5,781.75,0,TU
3770,782.25,0,TU
726,783.25,0,TU
3272,783.25,0,TU
137,783.75,0,TU
900,784.75,0,TU
3948,784.75,0,TU
-1901,785.25,0,TU
746.5,785.25,0,TU
3102,785.25,0,TU
956,786.25,0,TU
1642,786.25,0,TU
-1732,786.75,0,TU
3449,786.75,0,TU
-706.5,787.25,0,TU
-920.5,787.75,0,TU
-961,788.25,0,TU
2083,788.25,0,TU
-1843,788.75,0,TU
778.5,789.25,0,TU
1563.5,789.25,0,TU
2423.5,789.75,0,TU
2706,789.75,0,TU
-1502,790.25,0,TU
3249.5,790.75,0,TU
1821.5,791.25,0,TU
1199.5,791.75,0,TU
2034.5,792.75,0,TU
-1054,793.75,0,TU
565,793.75,0,TU
3653.5,793.75,0,TU
-65.5,794.25,0,TU
1973.5,795.25,0,TU
-1440,796.25,0,TU
2221,797.25,0,TU
-1709.5,797.75,0,TU
1912,797.75,0,TU
1880,798.25,0,TU
3824,798.25,0,TU
79,798.75,0,TU
313.5,798.75,0,TU
3421,798.75,0,TU
2478.5,799.75,0,TU
3792.5,800.75,0,TU
-1024,801.75,0,TU
401.5,801.75,0,TU
3568.5,802.25,0,TU
189,802.75,0,TU
-594,803.75,0,TU
-464.5,803.75,0,TU
590.5,803.75,0,TU
-1687.5,804.75,0,TU
2013,804.75,0,TU
452.5,805.25,0,TU
-1530.5,805.75,0,TU
3490,805.75,0,TU
3310,806.25,0,TU
1794.5,807.25,0,TU
2461,807.25,0,TU
3400,807.25,0,TU
-303,807.75,0,TU
906,807.75,0,TU
2581.5,807.75,0,TU
2840.5,807.75,0,TU
3734,808.75,0,TU
641,809.25,0,TU
941.5,809.75,0,TU
1879,810.75,0,TU
2966,811.25,0,TU
3911,811.25,0,TU
-528.5,811.75,0,TU
3129.5,811.75,0,TU
-286,812.25,0,TU
-807.5,812.75,0,TU
2122,812.75,0,TU
3844.5,813.25,0,TU
431.5,814.25,0,TU
3172.5,814.25,0,TU
-1624.5,814.75,0,TU
919.5,814.75,0,TU
2435.5,815.75,0,TU
-1732,816.75,0,TU
-372.5,816.75,0,TU
1239.5,816.75,0,TU
-1277.5,817.25,0,TU
740.5,817.25,0,TU
-693.5,817.75,0,TU
193.5,817.75,0,TU
-710.5,818.75,0,TU
-1443,820.75,0,TU
-1058.5,820.75,0,TU
1151.5,821.25,0,TU
2664,821.25,0,TU
683,821.75,0,TU
3199.5,821.75,0,TU
3933.5,821.75,0,TU
-1701.5,822.25,0,TU
1957,822.25,0,TU
3052.5,822.25,0,TU
-929,822.75,0,TU
2313.5,823.25,0,TU
-1826,823.75,0,TU
3501.5,823.75,0,TU
276.5,824.25,0,TU
1973.5,824.25,0,TU
-1924.5,824.75,0,TU
506,824.75,0,TU
1051.5,825.25,0,TU
-1594.5,825.75,0,TU
574,825.75,0,TU
-860.5,826.25,0,TU
374.5,826.25,0,TU
2233,826.25,0,TU
3666,826.75,0,TU
3715,826.75,0,TU
-1246,827.75,0,TU
3249.5,827.75,0,TU
3966.5,827.75,0,TU
245,828.25,0,TU
3795.5,828.25,0,TU
-636,828.75,0,TU
-309.5,829.25,0,TU
2469,829.25,0,TU
2948.5,830.25,0,TU
3542.5,830.25,0,TU
-676.5,830.75,0,TU
-968.5,831.25,0,TU
-463,831.75,0,TU
2007,832.25,0,TU
-1040.5,832.75,0,TU
-534,833.25,0,TU
2773,833.25,0,TU
452.5,833.75,0,TU
3130.5,833.75,0,TU
1258.5,834.25,0,TU
3507.5,834.75,0,TU
3306,835.25,0,TU
776,835.75,0,TU
1065.5,835.75,0,TU
1050.5,836.25,0,TU
480.5,836.75,0,TU
1196.5,836.75,0,TU
-582,837.25,0,TU
-551,837.25,0,TU
1976,837.75,0,TU
623.5,838.25,0,TU
720.5,838.25,0,TU
2922,838.25,0,TU
3453.5,838.75,0,TU
3599,839.25,0,TU
-115,839.75,0,TU
290,840.75,0,TU
2873.5,840.75,0,TU
305.5,841.25,0,TU
848,842.25,0,TU
-1404.5,842.75,0,TU
3110,843.25,0,TU
2376.5,843.75,0,TU
3229.5,843.75,0,TU
-610.5,844.25,0,TU
-202.5,844.25,0,TU
243.5,844.25,0,TU
930,844.25,0,TU
2482.5,844.25,0,TU
-1076.5,845.25,0,TU
-500,845.25,0,TU
1935.5,845.25,0,TU
2132,846.25,0,TU
-1544.5,846.75,0,TU
319,846.75,0,TU
2298,846.75,0,TU
3845.5,846.75,0,TU
637,847.25,0,TU
1658,847.25,0,TU
-710.5,848.25,0,TU
3073,848.25,0,TU
-1512,849.25,0,TU
2890.5,849.25,0,TU
3326,849.25,0,TU
-1588.5,849.75,0,TU
1147.5,850.75,0,TU
-1169.5,851.25,0,TU
3867,851.75,0,TU
-1302.5,852.25,0,TU
-287.5,852.25,0,TU
2605,852.75,0,TU
-460,853.25,0,TU
3689,853.25,0,TU
3826,853.25,0,TU
-403.5,853.75,0,TU
-223,853.75,0,TU
987,854.25,0,TU
2069.5,854.25,0,TU
2740.5,855.25,0,TU
3048,855.75,0,TU
-55,856.25,0,TU
1180.5,856.75,0,TU
1601,856.75,0,TU
1726.5,857.25,0,TU
803.5,857.75,0,TU
-130.5,858.25,0,TU
300,858.25,0,TU
-1482,858.75,0,TU
-914,858.75,0,TU
1211.5,858.75,0,TU
2144.5,859.25,0,TU
-855.5,861.25,0,TU
1897.5,861.25,0,TU
1642,861.75,0,TU
1267.5,862.75,0,TU
3379,863.25,0,TU
884,863.75,0,TU
3410,863.75,0,TU
2557,864.25,0,TU
1318,865.25,0,TU
3023.5,865.25,0,TU
-1507.5,866.25,0,TU
2211,866.25,0,TU
-153,866.75,0,TU
272,866.75,0,TU
2853,866.75,0,TU
966.5,867.25,0,TU
3562,867.25,0,TU
-876.5,868.25,0,TU
47.5,868.25,0,TU
2752.5,868.75,0,TU
952,869.25,0,TU
2961.5,869.25,0,TU
-550,869.75,0,TU
1045,869.75,0,TU
2081.5,870.25,0,TU
3581.5,870.25,0,TU
1969,870.75,0,TU
3929,870.75,0,TU
-28.5,871.25,0,TU
-1093.5,873.75,0,TU
-340.5,873.75,0,TU
1700,873.75,0,TU
2392,874.25,0,TU
3459.5,874.25,0,TU
1161.5,875.25,0,TU
3174.5,875.25,0,TU
129.5,876.25,0,TU
-297.5,876.75,0,TU
730,877.75,0,TU
916.5,877.75,0,TU
-1213,878.25,0,TU
2448.5,878.25,0,TU
3902.5,878.25,0,TU
3276.5,878.75,0,TU
-564.5,879.25,0,TU
2285,879.25,0,TU
-1681,879.75,0,TU
3879,879.75,0,TU
-1663.5,880.25,0,TU
-682,880.25,0,TU
2148,880.25,0,TU
-1055.5,880.75,0,TU
1298.5,880.75,0,TU
1683.5,880.75,0,TU
241,881.75,0,TU
3808.5,881.75,0,TU
-446,882.25,0,TU
1260.5,882.25,0,TU
2791.5,882.25,0,TU
-534,882.75,0,TU
147,883.75,0,TU
-1535.5,884.25,0,TU
3769,884.25,0,TU
3288.5,884.75,0,TU
506.5,885.25,0,TU
3115,885.25,0,TU
-101,886.25,0,TU
3850.5,886.25,0,TU
-502,886.75,0,TU
530,886.75,0,TU
2117,886.75,0,TU
-1125.5,887.25,0,TU
493,887.75,0,TU
-1164,888.25,0,TU
-1841,888.75,0,TU
-1067,888.75,0,TU
374,888.75,0,TU
-1475,889.25,0,TU
3669.5,889.25,0,TU
2634,889.75,0,TU
3425,890.75,0,TU
-653,891.25,0,TU
1645,891.25,0,TU
3069.5,891.25,0,TU
3492,891.75,0,TU
136,892.25,0,TU
1278,892.25,0,TU
-190.5,892.75,0,TU
459.5,893.25,0,TU
1613.5,893.25,0,TU
3105.5,893.25,0,TU
783,894.25,0,TU
954,894.25,0,TU
3518,894.25,0,TU
708.5,895.75,0,TU
1239.5,896.25,0,TU
1999.5,896.25,0,TU
3004,896.75,0,TU
-114.5,897.75,0,TU
-31.5,898.25,0,TU
3545,899.25,0,TU
-843,899.75,0,TU
1140,900.25,0,TU
-812,900.75,0,TU
2531.5,901.25,0,TU
2605.5,901.75,0,TU
1203,902.25,0,TU
2564,902.25,0,TU
-1668,902.75,0,TU
-1528,902.75,0,TU
617.5,903.75,0,TU
3376,904.25,0,TU
-329.5,904.75,0,TU
-1848.5,905.75,0,TU
-1359,905.75,0,TU
2958,905.75,0,TU
3735,905.75,0,TU
2752,906.75,0,TU
-1180,907.25,0,TU
2410,907.75,0,TU
2774,908.75,0,TU
3524.5,908.75,0,TU
3117.5,909.25,0,TU
607.5,909.75,0,TU
1795,909.75,0,TU
-1758,911.25,0,TU
1268.5,911.25,0,TU
2036,911.25,0,TU
3768,911.75,0,TU
335,912.25,0,TU
816.5,912.25,0,TU
1312,912.25,0,TU
2227.5,912.25,0,TU
353,912.75,0,TU
760,912.75,0,TU
-1806,913.25,0,TU
-1249,913.75,0,TU
2375,914.25,0,TU
-69,914.75,0,TU
1964,914.75,0,TU
-1475,915.75,0,TU
-1383.5,915.75,0,TU
1677,915.75,0,TU
201.5,916.25,0,TU
-1198.5,916.75,0,TU
-892,916.75,0,TU
-568.5,916.75,0,TU
-1626.5,917.25,0,TU
-1162.5,917.25,0,TU
-1280.5,917.75,0,TU
-350,917.75,0,TU
1830.5,918.25,0,TU
3571,919.25,0,TU
3104.5,919.75,0,TU
-172,920.25,0,TU
3061,920.25,0,TU
-1319,920.75,0,TU
2877,920.75,0,TU
3242,920.75,0,TU
-1413.5,921.25,0,TU
1593.5,921.25,0,TU
397,921.75,0,TU
-374,922.25,0,TU
2864.5,922.25,0,TU
-1731.5,922.75,0,TU
669.5,923.25,0,TU
941.5,923.25,0,TU
-789,923.75,0,TU
3264.5,924.25,0,TU
1738.5,924.75,0,TU
3253,924.75,0,TU
-1782.5,925.25,0,TU
3515,925.25,0,TU
3592,925.25,0,TU
3855.5,926.25,0,TU
2837.5,927.75,0,TU
-93.5,928.25,0,TU
2424.5,928.25,0,TU
1016.5,928.75,0,TU
1293.5,928.75,0,TU
2765,929.75,0,TU
2473.5,930.25,0,TU
2174.5,930.75,0,TU
2901.5,930.75,0,TU
1125,932.25,0,TU
807,933.25,0,TU
-925,934.25,0,TU
-886,934.25,0,TU
284.5,934.25,0,TU
3163.5,934.25,0,TU
616,934.75,0,TU
-1649.5,935.75,0,TU
-563,935.75,0,TU
-1688.5,936.75,0,TU
2641.5,936.75,0,TU
3046,936.75,0,TU
764,937.25,0,TU
2515.5,938.25,0,TU
1795,938.75,0,TU
-1764,939.25,0,TU
4,939.25,0,TU
2625,939.25,0,TU
-775.5,939.75,0,TU
2116.5,939.75,0,TU
2258,939.75,0,TU
3685,940.25,0,TU
1759.5,940.75,0,TU
-1826.5,941.25,0,TU
206,941.25,0,TU
2952.5,941.25,0,TU
3025.5,941.25,0,TU
678,941.75,0,TU
1267,941.75,0,TU
-1417,942.25,0,TU
2027.5,942.25,0,TU
3074,942.25,0,TU
3456.5,942.25,0,TU
2393,942.75,0,TU
-631.5,943.75,0,TU
1322,943.75,0,TU
2000.5,943.75,0,TU
-1179.5,944.25,0,TU
-1387,945.25,0,TU
-757.5,945.75,0,TU
1882.5,945.75,0,TU
2908.5,945.75,0,TU
-57.5,946.25,0,TU
2599.5,947.25,0,TU
-1724,947.75,0,TU
3620.5,947.75,0,TU
2443,948.25,0,TU
2468.5,948.25,0,TU
-706.5,948.75,0,TU
-165,948.75,0,TU
1825.5,949.75,0,TU
-502,950.25,0,TU
-372.5,950.25,0,TU
1120,950.25,0,TU
3700.5,950.25,0,TU
-464.5,950.75,0,TU
2326.5,950.75,0,TU
-1309,952.75,0,TU
-536,954.25,0,TU
3828.5,954.75,0,TU
-890,955.25,0,TU
1278,955.25,0,TU
-1623,955.75,0,TU
1191.5,955.75,0,TU
2752.5,956.25,0,TU
-1641,956.75,0,TU
3273,956.75,0,TU
-234.5,957.25,0,TU
-211,957.25,0,TU
1610.5,957.25,0,TU
2370,957.75,0,TU
3410,958.25,0,TU
-1594,959.25,0,TU
734,959.25,0,TU
1100,959.25,0,TU
2928,959.25,0,TU
451,959.75,0,TU
-1428,960.25,0,TU
-267.5,960.25,0,TU
2799,960.25,0,TU
-977,960.75,0,TU
3649.5,961.25,0,TU
374,961.75,0,TU
1923,961.75,0,TU
3322.5,961.75,0,TU
-336,962.25,0,TU
408,962.25,0,TU
3671,962.25,0,TU
-1751.5,962.75,0,TU
2703,962.75,0,TU
-1680,963.75,0,TU
3217.5,963.75,0,TU
-1239,964.25,0,TU
1755,964.25,0,TU
-709.5,964.75,0,TU
-179.5,965.25,0,TU
-151.5,966.25,0,TU
-1084.5,966.75,0,TU
-73.5,966.75,0,TU
596.5,967.25,0,TU
3023.5,967.25,0,TU
312.5,967.75,0,TU
2223.5,967.75,0,TU
3529,967.75,0,TU
628.5,968.25,0,TU
3394.5,968.75,0,TU
-1207,969.25,0,TU
3561,969.25,0,TU
3727.5,969.25,0,TU
2508,969.75,0,TU
-889,970.25,0,TU
2955,970.25,0,TU
466.5,970.75,0,TU
2665,971.75,0,TU
-859.5,972.75,0,TU
-205,973.75,0,TU
3277.5,973.75,0,TU
3367.5,973.75,0,TU
1146.5,974.25,0,TU
2753,974.25,0,TU
2448.5,975.25,0,TU
-1701,975.75,0,TU
1968,975.75,0,TU
-1433,976.25,0,TU
2346,976.25,0,TU
3876,976.25,0,TU
3347,976.75,0,TU
3051,977.75,0,TU
2096,979.25,0,TU
-935,979.75,0,TU
1285.5,979.75,0,TU
-1420.5,980.25,0,TU
1049,981.25,0,TU
2406.5,981.75,0,TU
1197,982.25,0,TU
2813,982.25,0,TU
2295.5,982.75,0,TU
2265.5,983.25,0,TU
-1532.5,983.75,0,TU
3379,984.75,0,TU
-1565.5,985.25,0,TU
3206,985.25,0,TU
-1491,986.25,0,TU
-387.5,986.25,0,TU
-516,986.75,0,TU
870,986.75,0,TU
3750.5,986.75,0,TU
389,987.25,0,TU
343.5,987.75,0,TU
1064,987.75,0,TU
-1468,988.75,0,TU
-713,988.75,0,TU
2832.5,988.75,0,TU
3111,988.75,0,TU
-88.5,989.25,0,TU
843.5,989.25,0,TU
1111.5,989.25,0,TU
1304,989.25,0,TU
-1379.5,989.75,0,TU
-504,989.75,0,TU
2380.5,989.75,0,TU
-979.5,990.25,0,TU
-297,990.25,0,TU
171,991.25,0,TU
-1281.5,992.75,0,TU
982,992.75,0,TU
1350.5,993.75,0,TU
1576.5,993.75,0,TU
-1243.5,994.25,0,TU
-3,994.25,0,TU
-60.5,994.75,0,TU
1647.5,995.75,0,TU
618,996.25,0,TU
3670,996.25,0,TU
-478,996.75,0,TU
3553.5,996.75,0,TU
-1336,997.25,0,TU
3195,997.75,0,TU
198,998.25,0,TU
661.5,998.25,0,TU
-1012,998.75,0,TU
2157.5,998.75,0,TU
2906,998.75,0,TU
-1723,1000.25,0,TU
2454.5,1000.25,0,TU
-771,1000.75,0,TU
-1658,1001.25,0,TU
87,1001.25,0,TU
-1153,1001.75,0,TU
-129.5,1002.25,0,TU
3889,1002.25,0,TU
720.5,1002.75,0,TU
-1311.5,1003.25,0,TU
-571.5,1003.75,0,TU
1773.5,1003.75,0,TU
635.5,1004.25,0,TU
3132,1004.25,0,TU
-1829,1005.25,0,TU
-1068.5,1005.75,0,TU
2789.5,1005.75,0,TU
877.5,1006.75,0,TU
-1392.5,1007.25,0,TU
2479,1007.25,0,TU
-1421,1007.75,0,TU
-728.5,1007.75,0,TU
-1778.5,1008.25,0,TU
-1556,1009.25,0,TU
-1095,1009.25,0,TU
1085.5,1009.25,0,TU
1670,1009.75,0,TU
-520,1010.25,0,TU
2027,1010.25,0,TU
2727.5,1010.25,0,TU
2334,1011.25,0,TU
2846.5,1012.25,0,TU
3815,1012.25,0,TU
-956.5,1013.75,0,TU
-344,1014.25,0,TU
-226.5,1014.25,0,TU
3052.5,1014.75,0,TU
-710.5,1015.25,0,TU
-421.5,1015.25,0,TU
3382.5,1015.75,0,TU
-915,1017.75,0,TU
477,1017.75,0,TU
3705,1018.25,0,TU
2177.5,1018.75,0,TU
2047.5,1019.25,0,TU
3353,1019.25,0,TU
3836.5,1019.25,0,TU
-1183,1020.25,0,TU
10,1020.25,0,TU
1204,1021.75,0,TU
1339.5,1022.25,0,TU
3919,1022.25,0,TU
598.5,1022.75,0,TU
3234.5,1022.75,0,TU
2451,1023.25,0,TU
-1844,1023.75,0,TU
-1744,1024.25,0,TU
246.5,1024.25,0,TU
2571.5,1024.25,0,TU
104.5,1024.75,0,TU
1935,1024.75,0,TU
3003,1024.75,0,TU
-1197,1025.75,0,TU
736.5,1025.75,0,TU
-1468.5,1026.25,0,TU
3679.5,1026.25,0,TU
3782.5,1026.75,0,TU
-1624.5,1027.25,0,TU
1098,1027.75,0,TU
1537,1028.75,0,TU
-1065.5,1029.75,0,TU
-1709.5,1030.75,0,TU
560,1030.75,0,TU
3614.5,1031.75,0,TU
647,1032.25,0,TU
2039.5,1032.75,0,TU
-1586,1033.75,0,TU
-215,1033.75,0,TU
3162,1033.75,0,TU
-642,1034.75,0,TU
944,1035.75,0,TU
1148,1035.75,0,TU
-537,1036.25,0,TU
-288,1036.25,0,TU
1167.5,1036.25,0,TU
-777,1037.25,0,TU
1194,1037.25,0,TU
2661.5,1037.75,0,TU
3869.5,1037.75,0,TU
3884.5,1038.25,0,TU
-384,1038.75,0,TU
2979.5,1038.75,0,TU
3114.5,1039.25,0,TU
3326,1039.25,0,TU
900.5,1039.75,0,TU
1049.5,1039.75,0,TU
2905.5,1039.75,0,TU
-1088.5,1040.25,0,TU
1731.5,1040.25,0,TU
-605.5,1040.75,0,TU
2019,1040.75,0,TU
2345,1040.75,0,TU
3253.5,1042.25,0,TU
1085.5,1042.75,0,TU
-628,1043.25,0,TU
184.5,1043.75,0,TU
-1711.5,1044.25,0,TU
-1145.5,1044.25,0,TU
814.5,1044.75,0,TU
2770,1044.75,0,TU
3542.5,1044.75,0,TU
-811.5,1045.25,0,TU
285,1045.25,0,TU
513.5,1045.25,0,TU
-1042.5,1045.75,0,TU
-238.5,1045.75,0,TU
1.5,1045.75,0,TU
3732.5,1045.75,0,TU
-1304,1046.25,0,TU
3146.5,1046.75,0,TU
3418.5,1047.25,0,TU
-1641.5,1047.75,0,TU
1529.5,1048.25,0,TU
-1194.5,1049.25,0,TU
-1765,1049.75,0,TU
2602,1049.75,0,TU
594.5,1050.25,0,TU
1835.5,1050.25,0,TU
536.5,1051.75,0,TU
1259,1052.25,0,TU
-747.5,1052.75,0,TU
2124.5,1053.75,0,TU
3358,1053.75,0,TU
-1689.5,1054.25,0,TU
2085.5,1054.25,0,TU
2699,1055.25,0,TU
-406,1055.75,0,TU
2267,1055.75,0,TU
3916,1055.75,0,TU
773.5,1056.25,0,TU
3587,1056.75,0,TU
-1327,1057.25,0,TU
1033.5,1057.75,0,TU
2725.5,1057.75,0,TU
3776,1057.75,0,TU
3059,1058.25,0,TU
-632,1058.75,0,TU
3822,1058.75,0,TU
-1051.5,1059.25,0,TU
2158.5,1059.25,0,TU
-481.5,1059.75,0,TU
82.5,1060.75,0,TU
410,1061.25,0,TU
-805,1061.75,0,TU
-157.5,1061.75,0,TU
1002.5,1061.75,0,TU
3888.5,1062.25,0,TU
-900,1063.25,0,TU
693,1063.25,0,TU
1763.5,1063.25,0,TU
-1295,1063.75,0,TU
-1073,1064.25,0,TU
-185.5,1064.25,0,TU
3300.5,1064.25,0,TU
2964.5,1064.75,0,TU
56,1065.25,0,TU
125,1065.25,0,TU
-595.5,1065.75,0,TU
2550,1065.75,0,TU
3751,1065.75,0,TU
716.5,1066.25,0,TU
795.5,1066.25,0,TU
-1819,1066.75,0,TU
1573.5,1067.25,0,TU
2147.5,1067.75,0,TU
1245,1068.25,0,TU
252,1068.75,0,TU
-554.5,1069.75,0,TU
2791.5,1069.75,0,TU
654.5,1070.25,0,TU
1735.5,1070.75,0,TU
-837.5,1071.25,0,TU
223,1071.25,0,TU
-983.5,1071.75,0,TU
2518.5,1072.25,0,TU
3070,1072.25,0,TU
-1478,1072.75,0,TU
-1263.5,1072.75,0,TU
1190.5,1073.25,0,TU
1288,1073.25,0,TU
3335.5,1073.25,0,TU
455.5,1073.75,0,TU
2706.5,1073.75,0,TU
-297,1074.25,0,TU
2113.5,1074.25,0,TU
-963.5,1075.25,0,TU
3014.5,1075.25,0,TU
11,1076.75,0,TU
-882,1077.25,0,TU
2750,1077.25,0,TU
2333.5,1077.75,0,TU
2892.5,1078.75,0,TU
2175,1079.75,0,TU
-1613.5,1080.25,0,TU
675.5,1080.25,0,TU
-209,1080.75,0,TU
532.5,1080.75,0,TU
1519,1080.75,0,TU
2056.5,1081.25,0,TU
1983,1081.75,0,TU
-227.5,1082.25,0,TU
1939,1082.25,0,TU
-737,1082.75,0,TU
-127.5,1082.75,0,TU
-254,1083.25,0,TU
2242,1083.25,0,TU
-513.5,1084.25,0,TU
701,1086.75,0,TU
642,1087.75,0,TU
-1516.5,1088.25,0,TU
-54.5,1088.25,0,TU
1646,1088.25,0,TU
1002,1089.25,0,TU
1045,1089.25,0,TU
1833.5,1090.75,0,TU
3747,1090.75,0,TU
382,1091.25,0,TU
555.5,1091.75,0,TU
1315,1091.75,0,TU
2038,1092.25,0,TU
3916,1092.75,0,TU
3360,1093.25,0,TU
206.5,1093.75,0,TU
432.5,1094.25,0,TU
-1439.5,1094.75,0,TU
774,1094.75,0,TU
-1227,1095.75,0,TU
1277,1095.75,0,TU
-1621,1096.25,0,TU
1780.5,1096.25,0,TU
2873,1096.25,0,TU
3538.5,1096.75,0,TU
2298,1097.75,0,TU
2737.5,1097.75,0,TU
-858.5,1098.25,0,TU
-1331,1098.75,0,TU
-640.5,1098.75,0,TU
3442.5,1098.75,0,TU
3461.5,1099.25,0,TU
-939,1100.25,0,TU
-343,1100.25,0,TU
22,1101.25,0,TU
608,1101.25,0,TU
89,1101.75,0,TU
2683.5,1101.75,0,TU
2901,1101.75,0,TU
3619.5,1101.75,0,TU
3686.5,1101.75,0,TU
815.5,1102.25,0,TU
2433,1102.25,0,TU
3845,1102.25,0,TU
1083.5,1103.25,0,TU
1730,1103.25,0,TU
2326,1103.75,0,TU
2929.5,1103.75,0,TU
-586,1104.75,0,TU
-147,1104.75,0,TU
946,1104.75,0,TU
-1255,1105.25,0,TU
353.5,1105.25,0,TU
665,1105.25,0,TU
-441.5,1106.25,0,TU
-103,1106.25,0,TU
181.5,1106.25,0,TU
2947,1106.25,0,TU
-1035,1106.75,0,TU
-670,1106.75,0,TU
2607.5,1107.25,0,TU
862.5,1108.25,0,TU
1659.5,1108.25,0,TU
47,1110.25,0,TU
-1699.5,1110.75,0,TU
-849,1111.25,0,TU
-302,1111.25,0,TU
279.5,1111.25,0,TU
-1310.5,1111.75,0,TU
1749,1111.75,0,TU
15,1112.25,0,TU
3419.5,1112.25,0,TU
895.5,1112.75,0,TU
1336,1112.75,0,TU
-1188.5,1113.25,0,TU
1351.5,1113.25,0,TU
3824,1115.25,0,TU
3859,1115.25,0,TU
-1415.5,1115.75,0,TU
-988.5,1115.75,0,TU
-230.5,1117.25,0,TU
1216.5,1117.25,0,TU
-683.5,1117.75,0,TU
3212,1117.75,0,TU
-1833.5,1118.25,0,TU
1275,1118.25,0,TU
1702.5,1118.25,0,TU
2286.5,1118.25,0,TU
3084,1118.25,0,TU
1248.5,1119.75,0,TU
1834.5,1119.75,0,TU
-550,1120.25,0,TU
484,1120.75,0,TU
1583.5,1121.25,0,TU
-1733.5,1122.25,0,TU
460,1122.25,0,TU
-17.5,1122.75,0,TU
-751,1124.25,0,TU
2047.5,1124.25,0,TU
3459.5,1124.25,0,TU
3701.5,1124.75,0,TU
-1481.5,1125.25,0,TU
1000.5,1125.25,0,TU
838,1125.75,0,TU
1468,1125.75,0,TU
-1260.5,1126.75,0,TU
2158,1127.25,0,TU
2190.5,1127.25,0,TU
2517.5,1128.25,0,TU
-993.5,1129.25,0,TU
68,1129.25,0,TU
-1111,1129.75,0,TU
689,1129.75,0,TU
1058.5,1129.75,0,TU
3134,1129.75,0,TU
286,1130.25,0,TU
2667.5,1130.25,0,TU
922,1130.75,0,TU
1524,1130.75,0,TU
-505,1131.25,0,TU
3061.5,1131.25,0,TU
-73,1132.75,0,TU
1870,1132.75,0,TU
3314.5,1132.75,0,TU
3644.5,1132.75,0,TU
-934.5,1133.25,0,TU
-575.5,1133.25,0,TU
-1690.5,1134.25,0,TU
493.5,1134.25,0,TU
3436.5,1134.25,0,TU
1352,1134.75,0,TU
2319.5,1134.75,0,TU
2562.5,1135.75,0,TU
-549.5,1137.25,0,TU
122,1137.25,0,TU
2634.5,1137.25,0,TU
2013,1137.75,0,TU
2417,1138.75,0,TU
-1801,1139.25,0,TU
-664,1139.25,0,TU
3414.5,1140.25,0,TU
-1087.5,1140.75,0,TU
-336,1141.25,0,TU
2211,1141.25,0,TU
-1478.5,1141.75,0,TU
1272.5,1141.75,0,TU
3893,1141.75,0,TU
18.5,1142.75,0,TU
-1194.5,1143.25,0,TU
1894.5,1143.25,0,TU
2759,1143.25,0,TU
-178,1143.75,0,TU
2155,1143.75,0,TU
-1162,1144.25,0,TU
1096,1144.25,0,TU
2940.5,1144.75,0,TU
112,1145.25,0,TU
945,1145.75,0,TU
1690,1145.75,0,TU
3452.5,1146.25,0,TU
3848,1146.25,0,TU
-523,1146.75,0,TU
1339.5,1146.75,0,TU
3486,1146.75,0,TU
-726,1147.25,0,TU
2044.5,1147.75,0,TU
50,1148.25,0,TU
2704,1148.25,0,TU
745,1148.75,0,TU
3247.5,1148.75,0,TU
3731.5,1148.75,0,TU
853.5,1149.75,0,TU
2273,1150.25,0,TU
3744.5,1150.25,0,TU
2562.5,1151.25,0,TU
2537,1151.75,0,TU
801,1152.25,0,TU
-1022,1152.75,0,TU
-978,1152.75,0,TU
-1261,1153.75,0,TU
1987,1153.75,0,TU
3329.5,1153.75,0,TU
-1246.5,1154.75,0,TU
-308.5,1154.75,0,TU
1429,1154.75,0,TU
2236.5,1154.75,0,TU
3287,1154.75,0,TU
1151.5,1155.25,0,TU
1518.5,1155.25,0,TU
1957,1155.25,0,TU
3027.5,1155.25,0,TU
823,1155.75,0,TU
-707,1156.25,0,TU
-400.5,1156.25,0,TU
-111.5,1156.75,0,TU
2512.5,1156.75,0,TU
-1804.5,1158.25,0,TU
477,1158.75,0,TU
-612.5,1159.25,0,TU
3047.5,1159.25,0,TU
905,1159.75,0,TU
2831,1159.75,0,TU
3653.5,1159.75,0,TU
3508.5,1160.25,0,TU
3810,1160.25,0,TU
-493,1161.25,0,TU
-273,1161.25,0,TU
1905,1161.25,0,TU
3780.5,1161.75,0,TU
-1478,1163.75,0,TU
3372,1165.25,0,TU
217.5,1166.75,0,TU
1207.5,1166.75,0,TU
-1118,1167.25,0,TU
791.5,1167.25,0,TU
3134,1167.75,0,TU
-979,1168.75,0,TU
-210.5,1169.25,0,TU
2139,1169.75,0,TU
-1652.5,1170.25,0,TU
408,1170.25,0,TU
441,1170.25,0,TU
1559,1170.25,0,TU
2626.5,1170.25,0,TU
-417.5,1170.75,0,TU
1580,1171.25,0,TU
2882.5,1171.25,0,TU
2958,1171.25,0,TU
-817.5,1172.25,0,TU
-1340.5,1172.75,0,TU
-1157,1173.25,0,TU
332,1173.25,0,TU
2060,1173.25,0,TU
2396.5,1173.25,0,TU
734.5,1173.75,0,TU
1884,1173.75,0,TU
2184.5,1173.75,0,TU
-126,1174.25,0,TU
-1041.5,1174.75,0,TU
145.5,1174.75,0,TU
2090,1174.75,0,TU
45,1175.25,0,TU
296,1175.25,0,TU
3082.5,1175.75,0,TU
3800,1175.75,0,TU
1236,1176.75,0,TU
2431.5,1176.75,0,TU
17,1177.25,0,TU
2714.5,1177.75,0,TU
1047.5,1178.25,0,TU
-1075,1178.75,0,TU
1845.5,1178.75,0,TU
-195,1179.25,0,TU
2619.5,1179.75,0,TU
-1364.5,1180.25,0,TU
1020,1180.25,0,TU
1270.5,1180.25,0,TU
2225.5,1180.25,0,TU
-1621.5,1180.75,0,TU
-764,1180.75,0,TU
2637,1180.75,0,TU
-842,1181.25,0,TU
2171.5,1183.25,0,TU
-1506,1183.75,0,TU
-1124,1183.75,0,TU
3106,1183.75,0,TU
1862,1184.25,0,TU
3705.5,1184.25,0,TU
-342,1184.75,0,TU
2898.5,1185.25,0,TU
3816.5,1185.25,0,TU
1646.5,1185.75,0,TU
2580,1185.75,0,TU
2804.5,1185.75,0,TU
3023,1185.75,0,TU
-429.5,1186.25,0,TU
782,1186.75,0,TU
-1200,1187.25,0,TU
-673,1187.25,0,TU
595.5,1187.25,0,TU
2597.5,1187.25,0,TU
1485.5,1188.25,0,TU
-636.5,1188.75,0,TU
-995.5,1189.25,0,TU
-170.5,1189.75,0,TU
187.5,1189.75,0,TU
1148,1189.75,0,TU
1557.5,1189.75,0,TU
1601,1190.25,0,TU
2286.5,1190.75,0,TU
625.5,1191.25,0,TU
1132,1191.25,0,TU
-452.5,1192.25,0,TU
120,1192.75,0,TU
-123,1193.75,0,TU
1334.5,1193.75,0,TU
2460.5,1193.75,0,TU
236.5,1194.25,0,TU
2501.5,1194.25,0,TU
2955,1194.25,0,TU
1580.5,1194.75,0,TU
-49,1195.25,0,TU
-1665.5,1195.75,0,TU
-1644.5,1195.75,0,TU
-1472.5,1196.25,0,TU
-369.5,1196.25,0,TU
1801.5,1196.25,0,TU
3053,1196.75,0,TU
-935.5,1198.75,0,TU
673,1198.75,0,TU
1373.5,1198.75,0,TU
3205.5,1198.75,0,TU
1179.5,1199.75,0,TU
3786,1200.25,0,TU
760,1200.75,0,TU
455.5,1201.25,0,TU
-488.5,1202.75,0,TU
2044,1202.75,0,TU
1725,1203.75,0,TU
-1233,1204.75,0,TU
1470.5,1204.75,0,TU
2348.5,1204.75,0,TU
-269,1205.25,0,TU
2467.5,1205.25,0,TU
2868.5,1205.25,0,TU
-474,1205.75,0,TU
-241,1205.75,0,TU
-1354,1206.25,0,TU
-691.5,1206.25,0,TU
939.5,1206.25,0,TU
2743,1206.25,0,TU
1295.5,1206.75,0,TU
3437,1207.25,0,TU
-1276.5,1207.75,0,TU
-626,1208.25,0,TU
43.5,1208.25,0,TU
2920.5,1208.25,0,TU
-769.5,1209.25,0,TU
1405.5,1209.75,0,TU
2839,1209.75,0,TU
2611.5,1210.25,0,TU
3936,1210.75,0,TU
-924,1211.25,0,TU
828,1212.25,0,TU
3223.5,1212.25,0,TU
1543,1212.75,0,TU
576,1213.75,0,TU
2887.5,1213.75,0,TU
-1039.5,1214.25,0,TU
1718.5,1214.25,0,TU
2131,1214.25,0,TU
2196,1215.25,0,TU
12,1215.75,0,TU
-142,1216.25,0,TU
1926,1216.25,0,TU
-1427,1216.75,0,TU
3316,1216.75,0,TU
1249,1218.25,0,TU
1743.5,1219.25,0,TU
3554,1219.75,0,TU
-810,1220.25,0,TU
-790.5,1220.25,0,TU
2960,1220.25,0,TU
-1644.5,1220.75,0,TU
-1227.5,1221.75,0,TU
-296.5,1221.75,0,TU
746.5,1222.25,0,TU
2216.5,1222.25,0,TU
3209.5,1222.25,0,TU
2447.5,1222.75,0,TU
-1309,1223.25,0,TU
-196,1223.75,0,TU
3039.5,1223.75,0,TU
3708,1223.75,0,TU
3267.5,1224.25,0,TU
-835,1225.25,0,TU
3635.5,1225.25,0,TU
-1109,1225.75,0,TU
3917.5,1225.75,0,TU
603,1226.25,0,TU
2101.5,1226.25,0,TU
55.5,1227.25,0,TU
389,1227.25,0,TU
-248.5,1228.75,0,TU
194,1228.75,0,TU
3250,1228.75,0,TU
1006.5,1229.25,0,TU
3392.5,1229.25,0,TU
3503.5,1229.25,0,TU
551.5,1229.75,0,TU
2848.5,1229.75,0,TU
2584.5,1230.25,0,TU
1299.5,1231.25,0,TU
2817,1231.25,0,TU
-927.5,1232.25,0,TU
1148,1232.25,0,TU
1226,1232.25,0,TU
1795.5,1232.25,0,TU
314.5,1233.25,0,TU
3613,1233.75,0,TU
-530.5,1235.75,0,TU
1120,1235.75,0,TU
1487.5,1235.75,0,TU
3432,1236.25,0,TU
225.5,1236.75,0,TU
468,1236.75,0,TU
2025,1237.25,0,TU
-461.5,1237.75,0,TU
-91.5,1237.75,0,TU
1963.5,1238.25,0,TU
2447.5,1238.25,0,TU
257,1238.75,0,TU
1561.5,1239.25,0,TU
3922.5,1239.25,0,TU
2267.5,1240.25,0,TU
2469,1240.25,0,TU
2422,1240.75,0,TU
1204,1241.25,0,TU
3659,1241.25,0,TU
-1456,1241.75,0,TU
2340,1242.25,0,TU
501,1242.75,0,TU
1009.5,1242.75,0,TU
2312,1242.75,0,TU
3901.5,1243.75,0,TU
27,1244.75,0,TU
434,1244.75,0,TU
-1121.5,1245.25,0,TU
1749,1245.25,0,TU
3409.5,1245.75,0,TU
1647,1246.75,0,TU
1854.5,1246.75,0,TU
-1516,1247.25,0,TU
-1659,1247.75,0,TU
-1004,1247.75,0,TU
1659,1247.75,0,TU
2131,1247.75,0,TU
3186,1247.75,0,TU
-146.5,1249.25,0,TU
1342.5,1249.25,0,TU
2002,1249.25,0,TU
-1389.5,1249.75,0,TU
-1044.5,1249.75,0,TU
-554,1250.25,0,TU
2433,1250.75,0,TU
352.5,1251.75,0,TU
740.5,1251.75,0,TU
2885.5,1251.75,0,TU
-1030,1252.75,0,TU
2618.5,1252.75,0,TU
1926,1253.75,0,TU
3257,1253.75,0,TU
-44,1254.25,0,TU
3926.5,1254.75,0,TU
-1471.5,1256.25,0,TU
-1098.5,1256.25,0,TU
950.5,1256.25,0,TU
2156,1256.25,0,TU
-1710,1257.25,0,TU
1089.5,1257.25,0,TU
2313,1257.25,0,TU
-742.5,1257.75,0,TU
-510,1257.75,0,TU
2772,1257.75,0,TU
3592,1258.75,0,TU
-1064.5,1259.25,0,TU
-949.5,1259.25,0,TU
77,1259.25,0,TU
-206.5,1259.75,0,TU
-1670,1260.25,0,TU
-1553,1260.25,0,TU
1452.5,1260.25,0,TU
-305,1261.25,0,TU
2375.5,1261.25,0,TU
2900.5,1261.25,0,TU
1769.5,1261.75,0,TU
-163.5,1262.25,0,TU
-884.5,1262.75,0,TU
3557.5,1262.75,0,TU
2986,1263.75,0,TU
2086.5,1264.25,0,TU
1047.5,1264.75,0,TU
-1224,1265.75,0,TU
-1734,1266.25,0,TU
1966.5,1266.75,0,TU
-1407.5,1267.25,0,TU
1184,1267.25,0,TU
-674.5,1268.75,0,TU
-251.5,1269.75,0,TU
1065,1269.75,0,TU
-1043,1270.25,0,TU
1174,1270.25,0,TU
1560,1270.25,0,TU
-1176.5,1270.75,0,TU
3282.5,1271.25,0,TU
-1006,1272.25,0,TU
-476.5,1272.25,0,TU
-13,1272.25,0,TU
215.5,1272.75,0,TU
-808,1273.25,0,TU
-860.5,1273.75,0,TU
-127.5,1274.25,0,TU
2818.5,1274.75,0,TU
3611.5,1274.75,0,TU
-273.5,1275.25,0,TU
1515,1275.25,0,TU
3809.5,1275.25,0,TU
2288.5,1275.75,0,TU
3171.5,1275.75,0,TU
-948.5,1276.75,0,TU
424.5,1277.25,0,TU
3456.5,1277.25,0,TU
3650.5,1277.25,0,TU
201.5,1277.75,0,TU
2165,1277.75,0,TU
-1279.5,1278.75,0,TU
2843,1278.75,0,TU
3835.5,1278.75,0,TU
2447,1279.25,0,TU
2902.5,1279.25,0,TU
2616.5,1279.75,0,TU
2106.5,1280.25,0,TU
-1689.5,1280.75,0,TU
868.5,1280.75,0,TU
3076.5,1280.75,0,TU
1092.5,1281.25,0,TU
-700.5,1281.75,0,TU
2415.5,1282.75,0,TU
3052,1283.25,0,TU
-1121,1283.75,0,TU
1262,1283.75,0,TU
-77,1284.25,0,TU
2867,1284.25,0,TU
1205,1286.75,0,TU
2988,1286.75,0,TU
297,1287.25,0,TU
1325.5,1287.25,0,TU
-1384,1287.75,0,TU
1987.5,1287.75,0,TU
-877.5,1288.75,0,TU
-437.5,1288.75,0,TU
1866,1288.75,0,TU
848,1289.25,0,TU
3190,1289.25,0,TU
3892,1289.25,0,TU
1538.5,1290.75,0,TU
1922.5,1290.75,0,TU
-1542,1291.25,0,TU
3016,1291.25,0,TU
3440,1291.75,0,TU
-746.5,1292.25,0,TU
2095.5,1292.25,0,TU
1462,1292.75,0,TU
-1165.5,1293.75,0,TU
-1522,1294.25,0,TU
-1573,1294.75,0,TU
1236,1294.75,0,TU
2634,1294.75,0,TU
3688,1294.75,0,TU
3916,1295.25,0,TU
-762.5,1295.75,0,TU
-1638,1296.25,0,TU
-713,1296.75,0,TU
2066,1296.75,0,TU
3105,1296.75,0,TU
-177,1297.25,0,TU
1268,1297.75,0,TU
3231,1297.75,0,TU
-1727,1298.75,0,TU
-827,1298.75,0,TU
1817.5,1298.75,0,TU
630.5,1299.25,0,TU
-299.5,1299.75,0,TU
2918.5,1300.25,0,TU
3280,1300.25,0,TU
250,1301.25,0,TU
2816.5,1301.25,0,TU
3217,1301.25,0,TU
-1107,1301.75,0,TU
2253,1301.75,0,TU
-1316.5,1302.25,0,TU
3511,1302.75,0,TU
-851,1304.25,0,TU
2281,1304.25,0,TU
374,1305.25,0,TU
1991,1305.25,0,TU
1176.5,1305.75,0,TU
1367,1305.75,0,TU
3364.5,1305.75,0,TU
-1474.5,1306.25,0,TU
1566.5,1306.25,0,TU
2148.5,1306.25,0,TU
2608,1306.25,0,TU
2833.5,1306.25,0,TU
-345.5,1306.75,0,TU
-1349.5,1307.25,0,TU
2230.5,1307.75,0,TU
150.5,1308.25,0,TU
1596.5,1308.25,0,TU
3178,1308.25,0,TU
-452,1308.75,0,TU
-254.5,1308.75,0,TU
-3,1308.75,0,TU
-1448.5,1309.25,0,TU
1517.5,1309.25,0,TU
2536,1309.25,0,TU
205.5,1310.25,0,TU
2793,1311.25,0,TU
887,1311.75,0,TU
983,1312.25,0,TU
108.5,1314.25,0,TU
126,1314.75,0,TU
2031,1314.75,0,TU
3467.5,1314.75,0,TU
3602.5,1314.75,0,TU
1739,1315.25,0,TU
1821.5,1315.25,0,TU
3532.5,1315.25,0,TU
1540.5,1315.75,0,TU
-1690.5,1316.25,0,TU
3498.5,1316.25,0,TU
3772.5,1316.25,0,TU
3798,1318.25,0,TU
1698,1319.25,0,TU
3850,1319.25,0,TU
2878.5,1319.75,0,TU
-1374.5,1320.25,0,TU
1781,1320.25,0,TU
530,1320.75,0,TU
1672.5,1320.75,0,TU
3824,1321.25,0,TU
827.5,1322.25,0,TU
2369,1322.25,0,TU
3319.5,1322.25,0,TU
-1419,1322.75,0,TU
-244.5,1323.25,0,TU
29,1323.25,0,TU
578,1323.25,0,TU
1179,1323.75,0,TU
2593,1323.75,0,TU
2844,1324.25,0,TU
-1198,1324.75,0,TU
463,1324.75,0,TU
942.5,1324.75,0,TU
1290,1325.25,0,TU
1466,1325.25,0,TU
3694.5,1325.25,0,TU
2513,1325.75,0,TU
3372.5,1325.75,0,TU
406.5,1326.25,0,TU
2388.5,1327.25,0,TU
3195.5,1327.25,0,TU
-867.5,1327.75,0,TU
3461.5,1327.75,0,TU
-374,1329.25,0,TU
1513,1329.25,0,TU
-1456.5,1329.75,0,TU
350,1329.75,0,TU
-1124.5,1330.25,0,TU
3667.5,1330.25,0,TU
1957.5,1330.75,0,TU
3241,1330.75,0,TU
-903.5,1331.25,0,TU
-1010.5,1332.75,0,TU
-1284.5,1333.75,0,TU
-1238,1334.25,0,TU
-448.5,1334.25,0,TU
1498,1334.25,0,TU
3834,1334.25,0,TU
-569,1334.75,0,TU
996.5,1334.75,0,TU
-682.5,1335.25,0,TU
-281,1335.75,0,TU
3292.5,1335.75,0,TU
-888,1336.25,0,TU
1700,1336.25,0,TU
448,1336.75,0,TU
795.5,1336.75,0,TU
2957.5,1336.75,0,TU
207,1338.25,0,TU
2421.5,1338.25,0,TU
2768.5,1338.25,0,TU
3870,1338.25,0,TU
1725,1339.25,0,TU
1841,1339.25,0,TU
-969.5,1340.25,0,TU
-751.5,1340.25,0,TU
3256,1340.25,0,TU
-1673,1340.75,0,TU
1210,1341.25,0,TU
1906,1341.75,0,TU
2537,1341.75,0,TU
2561,1341.75,0,TU
2640,1341.75,0,TU
-1166,1342.75,0,TU
-780,1342.75,0,TU
836.5,1343.25,0,TU
1426.5,1343.25,0,TU
1975.5,1343.25,0,TU
1757,1343.75,0,TU
-362.5,1344.25,0,TU
918,1344.25,0,TU
-639,1344.75,0,TU
541.5,1344.75,0,TU
113,1345.75,0,TU
1368.5,1345.75,0,TU
248,1346.25,0,TU
-1225,1347.25,0,TU
-507,1347.75,0,TU
128,1347.75,0,TU
-1571,1348.25,0,TU
-897,1348.25,0,TU
1302.5,1348.75,0,TU
2057,1348.75,0,TU
2870.5,1348.75,0,TU
2922,1348.75,0,TU
3323,1349.25,0,TU
-462,1350.75,0,TU
3752,1350.75,0,TU
3145.5,1351.25,0,TU
-111.5,1351.75,0,TU
958.5,1352.25,0,TU
-1117.5,1352.75,0,TU
-175,1352.75,0,TU
2278,1353.25,0,TU
1815.5,1353.75,0,TU
-312,1354.25,0,TU
-151,1355.75,0,TU
3262,1355.75,0,TU
3500,1355.75,0,TU
741.5,1356.25,0,TU
1175.5,1357.25,0,TU
-727.5,1360.25,0,TU
3028,1360.25,0,TU
3848,1360.25,0,TU
629.5,1361.25,0,TU
1750.5,1361.75,0,TU
3192,1361.75,0,TU
3004,1362.25,0,TU
-863.5,1362.75,0,TU
1451.5,1362.75,0,TU
-1139,1363.25,0,TU
3240.5,1363.25,0,TU
3358,1363.75,0,TU
1262,1364.25,0,TU
42.5,1365.75,0,TU
-48,1366.25,0,TU
2215.5,1366.25,0,TU
499.5,1366.75,0,TU
6.5,1367.25,0,TU
3121.5,1367.25,0,TU
1097,1367.75,0,TU
1323.5,1368.25,0,TU
-403.5,1368.75,0,TU
722,1368.75,0,TU
546,1369.25,0,TU
1741.5,1370.25,0,TU
3539.5,1370.25,0,TU
2054,1370.75,0,TU
-676.5,1371.25,0,TU
2767,1371.25,0,TU
3162.5,1371.75,0,TU
1542.5,1372.25,0,TU
3668,1372.75,0,TU
2623,1373.25,0,TU
-345,1373.75,0,TU
966,1373.75,0,TU
1511.5,1373.75,0,TU
522.5,1374.25,0,TU
-1460.5,1374.75,0,TU
-650.5,1375.25,0,TU
3419,1375.25,0,TU
2031,1375.75,0,TU
3046.5,1375.75,0,TU
-1398.5,1376.25,0,TU
3389,1376.25,0,TU
-811.5,1376.75,0,TU
-94,1376.75,0,TU
995.5,1377.25,0,TU
-1191.5,1378.75,0,TU
1126,1379.25,0,TU
-1306,1379.75,0,TU
1754,1379.75,0,TU
3622.5,1379.75,0,TU
-846,1380.25,0,TU
-504.5,1380.25,0,TU
3075,1380.25,0,TU
1805,1381.25,0,TU
2456.5,1381.25,0,TU
-1437,1381.75,0,TU
276,1381.75,0,TU
776,1382.25,0,TU
2369.5,1383.25,0,TU
877,1383.75,0,TU
-1562,1384.25,0,TU
481,1384.25,0,TU
1207.5,1384.75,0,TU
-161.5,1386.75,0,TU
1489,1387.25,0,TU
3645.5,1387.25,0,TU
140,1387.75,0,TU
592,1387.75,0,TU
665,1388.25,0,TU
642.5,1390.75,0,TU
2245.5,1391.25,0,TU
3519.5,1391.75,0,TU
-710.5,1392.75,0,TU
3357.5,1392.75,0,TU
3603.5,1392.75,0,TU
3181,1394.75,0,TU
363,1395.25,0,TU
533.5,1395.25,0,TU
3025.5,1395.25,0,TU
-347.5,1395.75,0,TU
2686,1395.75,0,TU
-1371,1396.75,0,TU
-308.5,1396.75,0,TU
413,1396.75,0,TU
2985.5,1396.75,0,TU
3139,1396.75,0,TU
1006,1397.25,0,TU
-1026.5,1398.25,0,TU
-41,1398.25,0,TU
1682.5,1399.25,0,TU
1161.5,1399.75,0,TU
1246.5,1399.75,0,TU
3454,1399.75,0,TU
-1578.5,1401.25,0,TU
811.5,1401.25,0,TU
2133.5,1401.25,0,TU
-1244.5,1402.25,0,TU
-1147.5,1403.75,0,TU
-594,1404.25,0,TU
954,1404.25,0,TU
1550,1405.75,0,TU
-1327,1406.25,0,TU
-1048.5,1406.25,0,TU
1323.5,1406.75,0,TU
3422.5,1406.75,0,TU
2296,1407.25,0,TU
1047,1407.75,0,TU
-1057.5,1408.25,0,TU
-500.5,1408.25,0,TU
1910,1408.25,0,TU
2883.5,1408.75,0,TU
-532,1409.25,0,TU
-1015.5,1410.25,0,TU
1601,1410.25,0,TU
-961,1410.75,0,TU
728.5,1412.25,0,TU
499.5,1413.25,0,TU
3298.5,1413.75,0,TU
-1076,1414.25,0,TU
1400.5,1414.25,0,TU
2052,1415.25,0,TU
-269,1415.75,0,TU
636,1416.75,0,TU
1446,1416.75,0,TU
2747,1417.25,0,TU
3542,1417.25,0,TU
970,1417.75,0,TU
3031.5,1418.25,0,TU
-184,1419.25,0,TU
-885,1419.75,0,TU
3497.5,1419.75,0,TU
-1222.5,1420.25,0,TU
1247,1421.75,0,TU
436,1423.25,0,TU
-1210,1423.75,0,TU
139.5,1423.75,0,TU
2033,1423.75,0,TU
2805.5,1424.25,0,TU
413,1424.75,0,TU
989,1425.75,0,TU
-154.5,1426.25,0,TU
1001.5,1426.25,0,TU
-317,1426.75,0,TU
3450,1426.75,0,TU
608.5,1427.25,0,TU
-42,1427.75,0,TU
-1505,1428.25,0,TU
3718.5,1429.25,0,TU
1933,1429.75,0,TU
378,1430.25,0,TU
834,1430.25,0,TU
45.5,1430.75,0,TU
-514.5,1431.75,0,TU
3810,1431.75,0,TU
2559.5,1433.75,0,TU
3011.5,1434.25,0,TU
492.5,1434.75,0,TU
1862,1434.75,0,TU
2042.5,1434.75,0,TU
-657.5,1435.25,0,TU
-553.5,1435.25,0,TU
307,1435.75,0,TU
2871,1435.75,0,TU
655.5,1436.25,0,TU
1410,1436.25,0,TU
797,1437.25,0,TU
66.5,1437.75,0,TU
1214.5,1438.75,0,TU
-1311,1439.25,0,TU
-1191,1440.25,0,TU
-777,1440.25,0,TU
-194.5,1441.25,0,TU
273,1441.25,0,TU
1030.5,1441.75,0,TU
2660,1441.75,0,TU
-1164.5,1442.25,0,TU
929,1442.25,0,TU
1636,1443.25,0,TU
3342.5,1443.25,0,TU
-1431,1443.75,0,TU
1310.5,1443.75,0,TU
1955,1444.25,0,TU
-689.5,1444.75,0,TU
776.5,1445.75,0,TU
3421,1445.75,0,TU
594,1446.25,0,TU
3451.5,1446.25,0,TU
839.5,1446.75,0,TU
2075.5,1447.25,0,TU
3264,1447.25,0,TU
-539.5,1447.75,0,TU
398,1447.75,0,TU
2134,1447.75,0,TU
1574.5,1448.25,0,TU
-1531,1448.75,0,TU
-580,1448.75,0,TU
-431,1448.75,0,TU
1297,1448.75,0,TU
-1254,1449.25,0,TU
-239,1449.25,0,TU
496.5,1449.25,0,TU
2775,1449.25,0,TU
2222.5,1450.25,0,TU
-1118.5,1450.75,0,TU
125.5,1450.75,0,TU
446,1451.25,0,TU
1538.5,1451.25,0,TU
-394,1451.75,0,TU
1724.5,1451.75,0,TU
3168,1451.75,0,TU
3101,1452.75,0,TU
-144.5,1453.25,0,TU
1095.5,1453.75,0,TU
2044,1454.75,0,TU
1432.5,1455.75,0,TU
-819.5,1456.25,0,TU
1589.5,1456.25,0,TU
2496,1456.25,0,TU
-1446,1456.75,0,TU
2015,1458.75,0,TU
3584,1458.75,0,TU
-1065,1459.75,0,TU
1756.5,1459.75,0,TU
1379.5,1460.75,0,TU
1649,1460.75,0,TU
3212.5,1460.75,0,TU
2207.5,1461.25,0,TU
3016.5,1461.25,0,TU
3697,1461.25,0,TU
-1183.5,1461.75,0,TU
622.5,1461.75,0,TU
1677.5,1461.75,0,TU
-792.5,1462.25,0,TU
-1417,1463.75,0,TU
2262.5,1463.75,0,TU
3368.5,1463.75,0,TU
-256,1464.25,0,TU
217,1464.25,0,TU
-1469.5,1464.75,0,TU
1354,1464.75,0,TU
1514.5,1464.75,0,TU
1248,1465.25,0,TU
3116.5,1465.25,0,TU
1766.5,1467.25,0,TU
3483,1467.25,0,TU
-635.5,1467.75,0,TU
2750,1467.75,0,TU
2925,1467.75,0,TU
-349,1468.25,0,TU
3745.5,1468.25,0,TU
-1029.5,1468.75,0,TU
-125.5,1468.75,0,TU
-676,1469.25,0,TU
168,1469.25,0,TU
1905,1469.25,0,TU
115,1469.75,0,TU
263,1469.75,0,TU
594,1469.75,0,TU
2949.5,1469.75,0,TU
3002,1469.75,0,TU
-1523.5,1470.25,0,TU
-1273.5,1470.25,0,TU
318.5,1471.25,0,TU
2070,1471.25,0,TU
3396.5,1471.75,0,TU
1811,1472.25,0,TU
3819,1472.25,0,TU
-761.5,1472.75,0,TU
-698.5,1472.75,0,TU
-96,1472.75,0,TU
2553.5,1473.75,0,TU
481.5,1474.25,0,TU
84.5,1474.75,0,TU
1310.5,1475.75,0,TU
3355,1475.75,0,TU
1739,1476.25,0,TU
2649,1476.75,0,TU
2977.5,1476.75,0,TU
3675.5,1476.75,0,TU
-1405.5,1477.25,0,TU
3547.5,1478.25,0,TU
3568.5,1478.25,0,TU
408,1478.75,0,TU
2272,1478.75,0,TU
2403,1478.75,0,TU
-727.5,1479.25,0,TU
3631,1479.75,0,TU
-1559,1480.25,0,TU
-72.5,1480.75,0,TU
2931,1481.25,0,TU
1940,1481.75,0,TU
2736,1482.25,0,TU
-1219,1482.75,0,TU
-964.5,1483.25,0,TU
1069.5,1483.25,0,TU
2026.5,1483.25,0,TU
2152,1483.25,0,TU
3180,1483.25,0,TU
231.5,1483.75,0,TU
1367.5,1483.75,0,TU
2701,1484.25,0,TU
3041,1484.25,0,TU
1461,1485.25,0,TU
1396,1485.75,0,TU
1719.5,1486.25,0,TU
1891.5,1486.25,0,TU
-1366,1487.25,0,TU
-423.5,1487.25,0,TU
209,1488.25,0,TU
2900,1488.25,0,TU
2956.5,1488.75,0,TU
1611,1489.25,0,TU
3220,1489.75,0,TU
-1456.5,1490.25,0,TU
50,1490.25,0,TU
-1155,1490.75,0,TU
973.5,1491.75,0,TU
2875,1491.75,0,TU
-737.5,1492.75,0,TU
-397,1493.25,0,TU
1785.5,1493.25,0,TU
3124,1493.25,0,TU
2539.5,1493.75,0,TU
547.5,1494.25,0,TU
-1299.5,1495.25,0,TU
1582,1495.25,0,TU
-1335,1495.75,0,TU
2384.5,1496.25,0,TU
-98.5,1496.75,0,TU
331.5,1496.75,0,TU
-1045,1497.25,0,TU
165.5,1497.25,0,TU
-1512,1498.75,0,TU
-1192.5,1498.75,0,TU
-785.5,1498.75,0,TU
654,1499.25,0,TU
1546,1499.75,0,TU
2340.5,1500.25,0,TU
13,1500.75,0,TU
-709.5,1501.25,0,TU
2251,1502.25,0,TU
-472.5,1503.25,0,TU
-847.5,1504.75,0,TU
-1414,1505.75,0,TU
-573.5,1505.75,0,TU
-548.5,1506.25,0,TU
3187,1506.25,0,TU
3753,1506.25,0,TU
2517,1506.75,0,TU
-1449.5,1508.25,0,TU
3252.5,1508.75,0,TU
1985.5,1509.25,0,TU
3567.5,1509.25,0,TU
199,1509.75,0,TU
2139.5,1509.75,0,TU
2710.5,1509.75,0,TU
1098.5,1510.25,0,TU
3333,1510.25,0,TU
3464.5,1510.25,0,TU
3781,1510.75,0,TU
1231,1511.25,0,TU
-1072,1511.75,0,TU
905.5,1512.75,0,TU
-1222.5,1513.25,0,TU
-1562.5,1514.25,0,TU
2373.5,1514.25,0,TU
2660.5,1514.25,0,TU
1635,1514.75,0,TU
2353,1514.75,0,TU
-745,1515.75,0,TU
58,1516.25,0,TU
272,1516.25,0,TU
1350,1516.25,0,TU
2584.5,1516.25,0,TU
3306,1516.25,0,TU
1918.5,1516.75,0,TU
308,1517.25,0,TU
765,1517.25,0,TU
637.5,1518.75,0,TU
3040.5,1518.75,0,TU
-196.5,1519.25,0,TU
521.5,1519.25,0,TU
2641,1519.75,0,TU
102.5,1520.25,0,TU
-1093.5,1520.75,0,TU
1062.5,1520.75,0,TU
1844,1521.25,0,TU
-1329.5,1522.25,0,TU
567.5,1522.25,0,TU
-828,1522.75,0,TU
-1470.5,1523.25,0,TU
-218.5,1524.25,0,TU
-38.5,1524.25,0,TU
3110,1524.25,0,TU
3401,1524.75,0,TU
-545.5,1525.25,0,TU
903,1525.25,0,TU
1797,1525.25,0,TU
2410.5,1526.25,0,TU
3892.5,1526.25,0,TU
1159,1526.75,0,TU
-275,1527.75,0,TU
435,1527.75,0,TU
1400.5,1527.75,0,TU
809.5,1528.25,0,TU
-607.5,1528.75,0,TU
973,1528.75,0,TU
1493.5,1528.75,0,TU
871,1529.25,0,TU
2604.5,1529.75,0,TU
343,1530.75,0,TU
-1491.5,1531.25,0,TU
3590.5,1531.25,0,TU
3215.5,1532.75,0,TU
-1404.5,1533.25,0,TU
-1122,1533.25,0,TU
3822.5,1533.25,0,TU
1970,1533.75,0,TU
2692.5,1534.25,0,TU
-1225.5,1534.75,0,TU
2378,1534.75,0,TU
1989.5,1535.25,0,TU
2128,1535.25,0,TU
266.5,1535.75,0,TU
-1249.5,1537.25,0,TU
644.5,1537.25,0,TU
3721,1537.25,0,TU
1747.5,1537.75,0,TU
2661.5,1537.75,0,TU
-877.5,1538.25,0,TU
842.5,1538.75,0,TU
3667,1538.75,0,TU
1131,1539.25,0,TU
-141,1539.75,0,TU
-716,1540.25,0,TU
3467,1540.25,0,TU
-68.5,1541.25,0,TU
-1012,1541.75,0,TU
1698,1542.75,0,TU
2509,1542.75,0,TU
-861.5,1543.25,0,TU
-623.5,1543.25,0,TU
934,1543.75,0,TU
-1451,1544.25,0,TU
879.5,1544.25,0,TU
2319,1544.75,0,TU
-119,1545.25,0,TU
2451,1545.25,0,TU
3439.5,1545.25,0,TU
84.5,1545.75,0,TU
910.5,1546.25,0,TU
3031,1546.25,0,TU
3356.5,1546.25,0,TU
2396,1547.25,0,TU
2599,1547.25,0,TU
2373,1547.75,0,TU
-845.5,1548.75,0,TU
-322.5,1549.25,0,TU
1022,1549.75,0,TU
2699.5,1550.25,0,TU
-893,1550.75,0,TU
2225.5,1550.75,0,TU
3255,1550.75,0,TU
2860,1551.25,0,TU
3006.5,1552.75,0,TU
1205.5,1553.75,0,TU
2090.5,1553.75,0,TU
46.5,1554.25,0,TU
2060,1554.25,0,TU
687,1554.75,0,TU
-1100.5,1555.25,0,TU
751.5,1555.25,0,TU
-94.5,1555.75,0,TU
37.5,1556.25,0,TU
3037.5,1556.75,0,TU
400,1557.25,0,TU
1467.5,1557.75,0,TU
1843,1557.75,0,TU
1625,1558.25,0,TU
2568.5,1558.25,0,TU
1065.5,1559.25,0,TU
1808.5,1560.25,0,TU
1696,1560.75,0,TU
3737,1560.75,0,TU
-1182.5,1561.25,0,TU
-1425,1562.25,0,TU
236.5,1562.25,0,TU
844.5,1562.75,0,TU
2501.5,1562.75,0,TU
2340.5,1563.25,0,TU
-803,1563.75,0,TU
171,1563.75,0,TU
3237.5,1563.75,0,TU
3640.5,1563.75,0,TU
300,1564.25,0,TU
922.5,1564.25,0,TU
2968,1564.25,0,TU
-1249.5,1564.75,0,TU
-539.5,1564.75,0,TU
2808.5,1564.75,0,TU
3578.5,1565.75,0,TU
-1467,1566.75,0,TU
471.5,1567.75,0,TU
3117,1567.75,0,TU
3327,1567.75,0,TU
94,1568.25,0,TU
1655.5,1568.75,0,TU
2689,1568.75,0,TU
351,1570.25,0,TU
949.5,1570.25,0,TU
1955,1570.75,0,TU
2413,1570.75,0,TU
-164,1572.25,0,TU
3824.5,1572.25,0,TU
2479,1573.25,0,TU
606.5,1574.25,0,TU
870.5,1574.75,0,TU
1268,1574.75,0,TU
2351.5,1575.25,0,TU
-1045,1575.75,0,TU
2378,1576.25,0,TU
1396,1576.75,0,TU
712.5,1577.25,0,TU
-1125,1578.25,0,TU
774,1578.25,0,TU
2630,1578.25,0,TU
-827.5,1579.25,0,TU
1892.5,1580.25,0,TU
-1074.5,1581.75,0,TU
2911.5,1582.25,0,TU
-141,1583.75,0,TU
3425,1583.75,0,TU
1053,1584.25,0,TU
1324,1584.25,0,TU
315,1584.75,0,TU
-900.5,1585.25,0,TU
3490,1586.25,0,TU
2595.5,1586.75,0,TU
3052.5,1586.75,0,TU
3638,1587.25,0,TU
2657,1587.75,0,TU
279.5,1588.25,0,TU
3254,1588.75,0,TU
3622,1588.75,0,TU
-1358,1589.75,0,TU
500.5,1589.75,0,TU
-274,1590.25,0,TU
2364.5,1590.25,0,TU
1560,1590.75,0,TU
2426,1590.75,0,TU
3310.5,1590.75,0,TU
196.5,1591.75,0,TU
794,1591.75,0,TU
3455,1591.75,0,TU
1870.5,1592.25,0,TU
-747.5,1592.75,0,TU
3395,1592.75,0,TU
250,1593.25,0,TU
-1223,1593.75,0,TU
2512,1593.75,0,TU
-1102,1594.75,0,TU
-652,1595.75,0,TU
2963.5,1595.75,0,TU
-968.5,1596.75,0,TU
223,1596.75,0,TU
2298.5,1596.75,0,TU
2396.5,1596.75,0,TU
2227,1597.25,0,TU
3522.5,1597.25,0,TU
-616.5,1598.25,0,TU
1456.5,1598.25,0,TU
1330,1598.75,0,TU
1796.5,1598.75,0,TU
1816.5,1598.75,0,TU
3101.5,1598.75,0,TU
1583,1599.25,0,TU
3840.5,1599.25,0,TU
-1050,1599.75,0,TU
2928.5,1599.75,0,TU
2894.5,1600.25,0,TU
1272.5,1601.25,0,TU
1718.5,1601.25,0,TU
-1027.5,1601.75,0,TU
625,1601.75,0,TU
1194.5,1602.25,0,TU
1911.5,1602.25,0,TU
2474.5,1602.25,0,TU
3215.5,1602.25,0,TU
-588,1603.25,0,TU
-569.5,1604.25,0,TU
1993,1604.25,0,TU
2449.5,1605.25,0,TU
2857,1605.75,0,TU
108.5,1606.25,0,TU
1525,1606.25,0,TU
897.5,1606.75,0,TU
-1135.5,1608.25,0,TU
1179,1608.25,0,TU
2137,1608.25,0,TU
3127.5,1608.25,0,TU
274,1608.75,0,TU
2384.5,1608.75,0,TU
3037.5,1609.25,0,TU
-927,1609.75,0,TU
3283.5,1609.75,0,TU
3820,1609.75,0,TU
2426,1610.75,0,TU
-152,1611.25,0,TU
1770.5,1611.25,0,TU
2991,1611.25,0,TU
502.5,1611.75,0,TU
575,1611.75,0,TU
2586,1611.75,0,TU
-829.5,1612.75,0,TU
2947,1613.25,0,TU
1813,1613.75,0,TU
3844.5,1613.75,0,TU
-1192.5,1614.25,0,TU
1642.5,1615.25,0,TU
482.5,1616.75,0,TU
1615.5,1616.75,0,TU
1865,1616.75,0,TU
796,1617.25,0,TU
1888.5,1617.25,0,TU
2908,1617.25,0,TU
3174.5,1617.75,0,TU
2248.5,1619.25,0,TU
3254,1619.25,0,TU
-1302,1619.75,0,TU
-659.5,1620.75,0,TU
2929,1620.75,0,TU
-1176.5,1621.25,0,TU
-784,1621.25,0,TU
305,1621.75,0,TU
1361,1622.75,0,TU
635.5,1623.25,0,TU
2128.5,1623.25,0,TU
1402,1623.75,0,TU
1750.5,1623.75,0,TU
1591,1624.25,0,TU
101,1625.75,0,TU
-1069.5,1626.25,0,TU
-973,1626.25,0,TU
24.5,1626.25,0,TU
1284,1626.75,0,TU
-10.5,1628.25,0,TU
1481,1628.25,0,TU
-352.5,1628.75,0,TU
3576,1628.75,0,TU
-196.5,1629.25,0,TU
2815.5,1630.25,0,TU
-1326,1630.75,0,TU
36,1631.25,0,TU
2450.5,1632.25,0,TU
-800,1632.75,0,TU
159.5,1632.75,0,TU
3096.5,1632.75,0,TU
787,1633.25,0,TU
-759.5,1634.25,0,TU
1917,1634.25,0,TU
3141,1634.75,0,TU
2716,1635.25,0,TU
-865,1635.75,0,TU
969,1636.25,0,TU
334,1637.75,0,TU
2389,1638.75,0,TU
3052,1638.75,0,TU
1939.5,1639.25,0,TU
1251.5,1639.75,0,TU
2358,1639.75,0,TU
1147,1640.25,0,TU
-947.5,1640.75,0,TU
-405.5,1640.75,0,TU
2433,1640.75,0,TU
2737,1640.75,0,TU
3681.5,1640.75,0,TU
1672,1641.25,0,TU
2883.5,1641.25,0,TU
3383.5,1642.25,0,TU
2058,1642.75,0,TU
3596.5,1642.75,0,TU
896,1644.75,0,TU
3523.5,1644.75,0,TU
3760,1645.25,0,TU
-1096,1645.75,0,TU
-841.5,1646.25,0,TU
-44.5,1646.25,0,TU
863.5,1646.25,0,TU
2198.5,1646.25,0,TU
2861.5,1646.25,0,TU
126,1647.75,0,TU
2127,1647.75,0,TU
3737,1647.75,0,TU
-1248,1648.75,0,TU
2802,1649.25,0,TU
77,1649.75,0,TU
217.5,1649.75,0,TU
-1310,1650.75,0,TU
1936.5,1650.75,0,TU
-628,1651.75,0,TU
169,1651.75,0,TU
1626,1651.75,0,TU
1759.5,1652.75,0,TU
2514,1652.75,0,TU
443,1653.25,0,TU
2952,1653.25,0,TU
627.5,1653.75,0,TU
1330,1653.75,0,TU
2005,1653.75,0,TU
2629.5,1653.75,0,TU
-825,1654.25,0,TU
2922.5,1654.75,0,TU
1343,1655.75,0,TU
2775,1656.25,0,TU
-854,1656.75,0,TU
-315.5,1657.75,0,TU
1187.5,1658.25,0,TU
504.5,1658.75,0,TU
50,1659.25,0,TU
-392,1659.75,0,TU
-1045,1660.25,0,TU
-516,1660.25,0,TU
3184,1660.25,0,TU
-213.5,1660.75,0,TU
3291,1660.75,0,TU
1597,1661.25,0,TU
-769.5,1661.75,0,TU
-940.5,1662.25,0,TU
1248.5,1662.25,0,TU
2469,1662.25,0,TU
-683,1662.75,0,TU
3152.5,1662.75,0,TU
2992,1663.25,0,TU
255.5,1663.75,0,TU
2093,1664.25,0,TU
-1345.5,1664.75,0,TU
864.5,1664.75,0,TU
1289,1664.75,0,TU
3103,1664.75,0,TU
2647,1665.75,0,TU
541.5,1666.25,0,TU
1853.5,1666.25,0,TU
3245.5,1667.25,0,TU
-1101,1667.75,0,TU
1498.5,1667.75,0,TU
2235.5,1667.75,0,TU
-886,1669.25,0,TU
-796.5,1669.25,0,TU
2725.5,1670.75,0,TU
-88,1671.25,0,TU
369.5,1671.75,0,TU
2070.5,1672.25,0,TU
2939,1672.25,0,TU
2554.5,1673.25,0,TU
1705.5,1673.75,0,TU
2593,1674.25,0,TU
-936,1674.75,0,TU
1475.5,1674.75,0,TU
3531,1674.75,0,TU
1035.5,1675.25,0,TU
2019.5,1675.75,0,TU
1385,1676.25,0,TU
1530,1676.25,0,TU
1775,1676.25,0,TU
-635.5,1676.75,0,TU
3795,1676.75,0,TU
-1190.5,1677.25,0,TU
481.5,1677.75,0,TU
-7,1678.25,0,TU
672.5,1678.25,0,TU
1832.5,1678.25,0,TU
3737,1678.25,0,TU
2384,1679.25,0,TU
2653,1679.25,0,TU
-1334,1679.75,0,TU
171,1680.25,0,TU
1796.5,1680.25,0,TU
-1146.5,1680.75,0,TU
3314,1680.75,0,TU
499.5,1681.75,0,TU
3168.5,1681.75,0,TU
-125,1686.25,0,TU
112,1686.25,0,TU
2644.5,1686.75,0,TU
-1301.5,1687.25,0,TU
-68,1687.25,0,TU
2482.5,1688.25,0,TU
3233,1688.25,0,TU
-1258,1688.75,0,TU
1479,1688.75,0,TU
410.5,1689.25,0,TU
1324.5,1689.25,0,TU
-400.5,1689.75,0,TU
3264,1689.75,0,TU
3516.5,1689.75,0,TU
3283,1690.25,0,TU
1991,1690.75,0,TU
277.5,1692.75,0,TU
3071,1692.75,0,TU
-994,1693.25,0,TU
-921.5,1693.25,0,TU
528.5,1693.25,0,TU
2065,1693.25,0,TU
333.5,1693.75,0,TU
-44.5,1694.25,0,TU
-313,1694.75,0,TU
-338.5,1695.25,0,TU
657,1695.25,0,TU
1674.5,1695.25,0,TU
1917.5,1695.25,0,TU
-190,1695.75,0,TU
3217.5,1695.75,0,TU
2618.5,1696.25,0,TU
947,1696.75,0,TU
89,1697.25,0,TU
-98.5,1697.75,0,TU
230,1697.75,0,TU
750,1698.25,0,TU
1870,1698.25,0,TU
1944,1698.25,0,TU
-1026.5,1698.75,0,TU
303,1699.25,0,TU
1373.5,1699.25,0,TU
-752.5,1701.25,0,TU
-239.5,1702.25,0,TU
363.5,1702.75,0,TU
484,1702.75,0,TU
2082,1703.25,0,TU
-1109,1703.75,0,TU
-707,1703.75,0,TU
1610,1704.25,0,TU
839,1705.25,0,TU
3542,1705.25,0,TU
-212.5,1705.75,0,TU
641.5,1705.75,0,TU
2402.5,1705.75,0,TU
34,1706.75,0,TU
3152.5,1706.75,0,TU
1093,1708.25,0,TU
155.5,1708.75,0,TU
1042.5,1709.75,0,TU
2734.5,1709.75,0,TU
3793.5,1709.75,0,TU
1414.5,1710.25,0,TU
-732,1711.25,0,TU
-529.5,1711.25,0,TU
596.5,1711.25,0,TU
2794.5,1711.25,0,TU
135.5,1711.75,0,TU
870,1712.25,0,TU
1503,1713.25,0,TU
503,1713.75,0,TU
2425,1713.75,0,TU
3268.5,1713.75,0,TU
3752,1714.75,0,TU
-566,1715.25,0,TU
652.5,1715.25,0,TU
2036,1715.75,0,TU
-639,1716.75,0,TU
3487,1717.25,0,TU
697,1717.75,0,TU
207,1718.75,0,TU
999,1719.25,0,TU
1737,1719.25,0,TU
890.5,1719.75,0,TU
2496.5,1719.75,0,TU
730.5,1720.25,0,TU
53.5,1721.25,0,TU
1061,1721.75,0,TU
2535,1721.75,0,TU
1118.5,1722.25,0,TU
745,1722.75,0,TU
-1116.5,1723.75,0,TU
2059,1723.75,0,TU
1886.5,1726.25,0,TU
-259,1726.75,0,TU
3662,1727.25,0,TU
3452,1728.25,0,TU
3582.5,1728.25,0,TU
-1205.5,1728.75,0,TU
1387.5,1728.75,0,TU
270,1729.25,0,TU
1986,1729.25,0,TU
75.5,1729.75,0,TU
2961.5,1729.75,0,TU
3620.5,1729.75,0,TU
-480,1730.25,0,TU
2768.5,1730.25,0,TU
2811.5,1731.25,0,TU
2211,1731.75,0,TU
1153,1732.25,0,TU
2306.5,1732.75,0,TU
-701.5,1733.25,0,TU
246.5,1733.25,0,TU
1209.5,1733.25,0,TU
432.5,1733.75,0,TU
535.5,1733.75,0,TU
802.5,1733.75,0,TU
-381,1735.25,0,TU
2568.5,1735.25,0,TU
1555,1735.75,0,TU
1636.5,1735.75,0,TU
-1178,1737.25,0,TU
2029.5,1737.75,0,TU
-351,1739.25,0,TU
-874,1739.75,0,TU
-832.5,1739.75,0,TU
-752,1740.25,0,TU
1086.5,1740.25,0,TU
-73,1740.75,0,TU
2606.5,1741.25,0,TU
3339.5,1741.75,0,TU
3019,1742.75,0,TU
1053,1743.25,0,TU
2915,1743.75,0,TU
3797,1743.75,0,TU
2436.5,1744.25,0,TU
-1147.5,1744.75,0,TU
3050.5,1744.75,0,TU
3203,1744.75,0,TU
732.5,1745.25,0,TU
-448,1745.75,0,TU
1362,1745.75,0,TU
360.5,1746.25,0,TU
-1125,1746.75,0,TU
1423,1747.25,0,TU
-898,1747.75,0,TU
-224,1747.75,0,TU
2644,1747.75,0,TU
514,1748.25,0,TU
2101,1748.25,0,TU
1784,1749.25,0,TU
3746.5,1749.75,0,TU
3285.5,1750.25,0,TU
2874,1750.75,0,TU
3378.5,1750.75,0,TU
2343.5,1752.25,0,TU
1511.5,1752.75,0,TU
2501.5,1752.75,0,TU
-354,1754.25,0,TU
-877,1754.75,0,TU
2208.5,1755.25,0,TU
2539,1756.75,0,TU
-853,1757.25,0,TU
2769.5,1757.25,0,TU
-264,1757.75,0,TU
-65.5,1758.25,0,TU
802.5,1759.75,0,TU
955,1759.75,0,TU
3193,1759.75,0,TU
-551.5,1760.25,0,TU
148,1760.25,0,TU
3590.5,1760.75,0,TU
3710,1760.75,0,TU
1536.5,1763.25,0,TU
-462.5,1763.75,0,TU
880.5,1763.75,0,TU
-364,1764.25,0,TU
3418,1764.25,0,TU
67.5,1765.25,0,TU
3155,1766.75,0,TU
1019,1767.25,0,TU
521.5,1767.75,0,TU
-205.5,1769.25,0,TU
940,1769.75,0,TU
-390,1770.25,0,TU
1635,1770.25,0,TU
3567.5,1770.25,0,TU
2301.5,1770.75,0,TU
764,1771.25,0,TU
1051,1771.75,0,TU
1223,1772.25,0,TU
-535,1772.75,0,TU
2185.5,1772.75,0,TU
128,1774.75,0,TU
2558,1774.75,0,TU
-892.5,1775.25,0,TU
2772.5,1775.25,0,TU
-38.5,1776.25,0,TU
2420,1776.25,0,TU
3495,1776.25,0,TU
2702,1776.75,0,TU
152.5,1777.75,0,TU
429.5,1777.75,0,TU
-633,1778.25,0,TU
2230.5,1778.25,0,TU
3596.5,1778.25,0,TU
2267,1778.75,0,TU
-989.5,1779.25,0,TU
-16.5,1779.25,0,TU
12.5,1779.25,0,TU
-195.5,1779.75,0,TU
1170.5,1780.25,0,TU
2158.5,1780.25,0,TU
-499,1781.25,0,TU
457.5,1781.25,0,TU
927.5,1781.25,0,TU
3443,1781.25,0,TU
1379,1781.75,0,TU
3768.5,1782.75,0,TU
1002,1783.75,0,TU
1698.5,1783.75,0,TU
2354,1783.75,0,TU
3354.5,1783.75,0,TU
-127,1784.75,0,TU
-591.5,1785.25,0,TU
3281,1785.25,0,TU
1748.5,1785.75,0,TU
593,1786.75,0,TU
2902,1786.75,0,TU
3084,1786.75,0,TU
-884.5,1787.25,0,TU
319.5,1787.75,0,TU
1509,1787.75,0,TU
2514.5,1787.75,0,TU
251.5,1788.25,0,TU
3719,1788.25,0,TU
2091.5,1788.75,0,TU
3802,1788.75,0,TU
-687,1790.25,0,TU
2322.5,1790.25,0,TU
1546,1790.75,0,TU
431.5,1791.75,0,TU
-88.5,1792.25,0,TU
-645,1792.75,0,TU
-277.5,1792.75,0,TU
3159.5,1793.75,0,TU
3432,1794.75,0,TU
3625,1794.75,0,TU
3815,1795.25,0,TU
1640.5,1795.75,0,TU
375.5,1796.75,0,TU
3469,1796.75,0,TU
1791.5,1797.25,0,TU
2036,1797.25,0,TU
2932.5,1798.75,0,TU
527,1799.25,0,TU
696.5,1799.25,0,TU
3549.5,1799.25,0,TU
-378.5,1799.75,0,TU
411.5,1800.25,0,TU
446,1800.75,0,TU
270.5,1801.75,0,TU
2081,1802.75,0,TU
177,1803.75,0,TU
1130,1804.75,0,TU
2047.5,1804.75,0,TU
1479,1805.25,0,TU
1219.5,1805.75,0,TU
-349.5,1806.25,0,TU
1961,1806.75,0,TU
-7,1807.25,0,TU
-44,1807.75,0,TU
-434,1808.25,0,TU
-257,1808.25,0,TU
3258.5,1808.25,0,TU
-776,1809.75,0,TU
485,1809.75,0,TU
-1027.5,1810.25,0,TU
3307.5,1810.25,0,TU
-935.5,1810.75,0,TU
999.5,1811.75,0,TU
2163.5,1811.75,0,TU
3382,1813.75,0,TU
-891,1814.25,0,TU
-386,1815.25,0,TU
-27,1815.75,0,TU
1487,1815.75,0,TU
-569.5,1816.25,0,TU
-243,1816.25,0,TU
1099,1816.25,0,TU
10.5,1816.75,0,TU
-111,1817.25,0,TU
-687,1818.25,0,TU
-484.5,1818.25,0,TU
572,1818.25,0,TU
2855.5,1818.75,0,TU
1661.5,1819.25,0,TU
2741,1819.25,0,TU
2306.5,1819.75,0,TU
2442.5,1819.75,0,TU
-134,1820.25,0,TU
2680.5,1820.25,0,TU
3482,1820.25,0,TU
3522,1820.25,0,TU
-450.5,1820.75,0,TU
-84,1820.75,0,TU
3364,1820.75,0,TU
3501,1821.25,0,TU
1301.5,1821.75,0,TU
1942,1821.75,0,TU
1998.5,1821.75,0,TU
827,1822.25,0,TU
1342.5,1822.25,0,TU
3666,1822.25,0,TU
28.5,1822.75,0,TU
1620.5,1822.75,0,TU
-795,1823.25,0,TU
-171,1823.25,0,TU
250,1823.25,0,TU
1426,1824.25,0,TU
1529,1824.75,0,TU
2201.5,1824.75,0,TU
-60.5,1825.25,0,TU
1596.5,1825.75,0,TU
229.5,1826.25,0,TU
1020,1826.25,0,TU
3267,1826.25,0,TU
784.5,1826.75,0,TU
189,1827.25,0,TU
881.5,1827.25,0,TU
-260.5,1827.75,0,TU
1693.5,1827.75,0,TU
-463,1828.75,0,TU
433.5,1828.75,0,TU
2030.5,1828.75,0,TU
-535,1829.25,0,TU
-118.5,1829.25,0,TU
3622,1829.25,0,TU
408,1829.75,0,TU
2171.5,1829.75,0,TU
-203,1831.75,0,TU
1643,1831.75,0,TU
-781.5,1833.25,0,TU
-393.5,1833.25,0,TU
1097.5,1833.25,0,TU
2650,1833.25,0,TU
-715,1834.25,0,TU
2022.5,1834.25,0,TU
3696,1834.75,0,TU
3397.5,1835.25,0,TU
3228,1835.75,0,TU
3099,1836.25,0,TU
-997.5,1837.25,0,TU
-920,1837.25,0,TU
1898.5,1837.25,0,TU
2747.5,1837.25,0,TU
379,1837.75,0,TU
3490,1837.75,0,TU
3815,1838.25,0,TU
-695,1838.75,0,TU
-363.5,1840.25,0,TU
-826.5,1840.75,0,TU
1406,1841.25,0,TU
3081.5,1841.25,0,TU
3189.5,1841.25,0,TU
-866,1842.25,0,TU
165.5,1842.25,0,TU
-1132,1843.75,0,TU
484,1843.75,0,TU
402.5,1844.25,0,TU
2461.5,1844.25,0,TU
3338.5,1844.25,0,TU
-437.5,1846.25,0,TU
3726,1846.25,0,TU
-627,1846.75,0,TU
-955,1847.25,0,TU
-120.5,1847.25,0,TU
808,1847.25,0,TU
514.5,1847.75,0,TU
2317,1847.75,0,TU
2736.5,1847.75,0,TU
2928.5,1848.25,0,TU
127,1848.75,0,TU
451,1848.75,0,TU
709,1848.75,0,TU
2281,1848.75,0,TU
3027.5,1848.75,0,TU
-549,1849.25,0,TU
2063,1849.25,0,TU
2968,1849.25,0,TU
2994.5,1849.25,0,TU
1974,1849.75,0,TU
3638,1849.75,0,TU
3610.5,1850.25,0,TU
3534.5,1850.75,0,TU
-597.5,1852.25,0,TU
-382,1852.25,0,TU
603,1852.25,0,TU
1045,1852.25,0,TU
1338,1852.25,0,TU
643.5,1855.25,0,TU
1593,1855.25,0,TU
-328,1855.75,0,TU
2879,1856.25,0,TU
2395,1856.75,0,TU
295.5,1857.25,0,TU
915,1857.25,0,TU
3243,1857.25,0,TU
2071.5,1857.75,0,TU
-723,1858.75,0,TU
194.5,1859.25,0,TU
582,1859.25,0,TU
3785.5,1859.75,0,TU
2124.5,1860.25,0,TU
863,1860.75,0,TU
1945,1860.75,0,TU
3296,1861.25,0,TU
2513.5,1861.75,0,TU
2780.5,1861.75,0,TU
2896.5,1861.75,0,TU
353,1862.25,0,TU
769.5,1862.25,0,TU
1091.5,1862.75,0,TU
2752,1863.75,0,TU
3115.5,1864.75,0,TU
22,1865.25,0,TU
934,1865.25,0,TU
1541,1865.75,0,TU
2364.5,1865.75,0,TU
2488.5,1866.25,0,TU
3211.5,1866.25,0,TU
-780.5,1870.25,0,TU
1855,1870.25,0,TU
2315.5,1870.25,0,TU
2622.5,1870.25,0,TU
3753.5,1870.25,0,TU
1673,1870.75,0,TU
-735.5,1871.25,0,TU
-430,1871.75,0,TU
252,1871.75,0,TU
1884,1872.75,0,TU
621.5,1873.25,0,TU
56.5,1873.75,0,TU
2977,1873.75,0,TU
-396,1874.25,0,TU
-96,1874.25,0,TU
2601,1874.25,0,TU
1053.5,1875.25,0,TU
3432,1875.25,0,TU
579.5,1875.75,0,TU
3177.5,1875.75,0,TU
-520,1876.75,0,TU
1146.5,1876.75,0,TU
2955,1877.25,0,TU
3088.5,1877.75,0,TU
2512.5,1878.25,0,TU
-631,1879.25,0,TU
1205,1879.25,0,TU
1412,1879.75,0,TU
116,1880.25,0,TU
691.5,1880.25,0,TU
-310,1880.75,0,TU
547,1880.75,0,TU
1257,1880.75,0,TU
-969,1881.25,0,TU
-595.5,1881.25,0,TU
3544,1881.75,0,TU
954,1882.25,0,TU
3588.5,1882.75,0,TU
-425,1883.25,0,TU
409.5,1883.25,0,TU
3489,1883.25,0,TU
2098.5,1884.25,0,TU
528.5,1884.75,0,TU
1178,1884.75,0,TU
2454,1885.25,0,TU
2033.5,1885.75,0,TU
2408,1885.75,0,TU
2535,1886.75,0,TU
3364,1886.75,0,TU
-614,1887.75,0,TU
-891,1888.25,0,TU
184.5,1888.25,0,TU
1338.5,1889.25,0,TU
333.5,1889.75,0,TU
2129,1889.75,0,TU
3506,1890.75,0,TU
1890,1892.25,0,TU
2774.5,1892.25,0,TU
3441,1892.75,0,TU
-2.5,1893.25,0,TU
2921,1893.25,0,TU
3697,1894.75,0,TU
1144,1895.25,0,TU
-578,1895.75,0,TU
1489,1895.75,0,TU
2748.5,1896.25,0,TU
829,1896.75,0,TU
2580.5,1896.75,0,TU
1788,1897.25,0,TU
2046,1897.25,0,TU
3639.5,1897.25,0,TU
1745,1897.75,0,TU
3806.5,1899.25,0,TU
-1080.5,1901.25,0,TU
1569.5,1901.25,0,TU
147,1902.25,0,TU
799,1902.25,0,TU
3786,1902.25,0,TU
-439.5,1902.75,0,TU
1775,1902.75,0,TU
386,1903.25,0,TU
-1010,1903.75,0,TU
26,1904.25,0,TU
613.5,1904.25,0,TU
1221.5,1904.25,0,TU
2074.5,1904.25,0,TU
-822,1905.25,0,TU
-84,1905.25,0,TU
-1096.5,1905.75,0,TU
1178,1905.75,0,TU
3360.5,1905.75,0,TU
3455.5,1906.75,0,TU
2211,1907.25,0,TU
732,1908.25,0,TU
784.5,1908.25,0,TU
1418.5,1908.25,0,TU
2308,1908.25,0,TU
2958,1908.75,0,TU
-791,1909.25,0,TU
424.5,1909.25,0,TU
3575,1909.25,0,TU
867.5,1909.75,0,TU
816,1910.75,0,TU
2894,1911.25,0,TU
3767,1911.75,0,TU
2335.5,1912.25,0,TU
-607,1913.25,0,TU
467.5,1913.25,0,TU
1475.5,1913.25,0,TU
2423,1913.25,0,TU
769,1913.75,0,TU
97.5,1914.75,0,TU
1586.5,1914.75,0,TU
3505,1915.25,0,TU
931.5,1916.25,0,TU
2039,1917.25,0,TU
3393.5,1917.75,0,TU
-831.5,1918.25,0,TU
2227.5,1919.25,0,TU
-926.5,1920.25,0,TU
1066,1920.25,0,TU
1127,1920.75,0,TU
567,1921.25,0,TU
641,1921.25,0,TU
1397,1921.25,0,TU
591,1922.25,0,TU
3318,1922.25,0,TU
1835,1922.75,0,TU
2474.5,1923.25,0,TU
2941,1923.75,0,TU
806,1924.25,0,TU
1785.5,1925.25,0,TU
1961,1925.25,0,TU
-981.5,1925.75,0,TU
2514.5,1925.75,0,TU
3076,1926.25,0,TU
-453,1926.75,0,TU
1302,1926.75,0,TU
-856,1927.25,0,TU
-646.5,1927.25,0,TU
3118.5,1927.75,0,TU
210,1928.75,0,TU
3676.5,1928.75,0,TU
-1052.5,1929.25,0,TU
611,1930.25,0,TU
1858,1930.25,0,TU
2314.5,1930.75,0,TU
2695.5,1930.75,0,TU
1088,1932.75,0,TU
-527.5,1934.25,0,TU
2578,1934.75,0,TU
82.5,1935.25,0,TU
1534.5,1935.25,0,TU
1935,1935.25,0,TU
3441.5,1935.75,0,TU
-875.5,1936.75,0,TU
1603.5,1936.75,0,TU
-502.5,1937.75,0,TU
1334,1937.75,0,TU
2627,1937.75,0,TU
2077,1938.25,0,TU
3512,1938.25,0,TU
33.5,1939.25,0,TU
2370.5,1939.25,0,TU
903,1940.25,0,TU
-965,1940.75,0,TU
-622.5,1940.75,0,TU
2825.5,1940.75,0,TU
-565.5,1942.75,0,TU
564,1942.75,0,TU
2989.5,1942.75,0,TU
-826,1943.25,0,TU
478,1943.25,0,TU
2426.5,1943.75,0,TU
-984,1944.25,0,TU
870,1945.25,0,TU
1292,1945.25,0,TU
-375,1945.75,0,TU
168.5,1945.75,0,TU
1410,1945.75,0,TU
2910.5,1946.25,0,TU
2695.5,1947.75,0,TU
1831,1948.75,0,TU
284.5,1949.25,0,TU
2292.5,1949.25,0,TU
-863,1949.75,0,TU
-402,1949.75,0,TU
113,1949.75,0,TU
587,1949.75,0,TU
1260.5,1949.75,0,TU
3715,1950.25,0,TU
975,1951.25,0,TU
1474.5,1951.25,0,TU
2059,1952.25,0,TU
-634.5,1952.75,0,TU
497,1953.25,0,TU
1617.5,1953.25,0,TU
2352.5,1953.25,0,TU
2514,1953.25,0,TU
2555.5,1953.75,0,TU
3576.5,1953.75,0,TU
3226,1954.25,0,TU
-889.5,1955.25,0,TU
883,1955.25,0,TU
1110.5,1955.25,0,TU
3769.5,1955.75,0,TU
1387.5,1957.25,0,TU
467,1958.25,0,TU
1147.5,1958.25,0,TU
-90.5,1958.75,0,TU
421,1959.25,0,TU
-47.5,1961.25,0,TU
1585.5,1961.25,0,TU
3015,1961.25,0,TU
-116.5,1961.75,0,TU
78.5,1961.75,0,TU
234.5,1962.25,0,TU
1900.5,1962.75,0,TU
3100.5,1962.75,0,TU
-0.5,1963.25,0,TU
2587.5,1963.25,0,TU
2871.5,1963.25,0,TU
3416,1963.25,0,TU
-834.5,1963.75,0,TU
3739.5,1964.25,0,TU
3595,1966.25,0,TU
3459.5,1967.25,0,TU
349,1968.25,0,TU
453,1968.25,0,TU
2638.5,1968.25,0,TU
2688.5,1968.25,0,TU
645,1968.75,0,TU
3698,1968.75,0,TU
377.5,1969.25,0,TU
3298.5,1969.75,0,TU
-850,1970.25,0,TU
1383,1970.25,0,TU
2164,1971.25,0,TU
3187,1971.25,0,TU
122.5,1973.25,0,TU
3229.5,1973.25,0,TU
6.5,1974.25,0,TU
-80.5,1974.75,0,TU
1107.5,1974.75,0,TU
920.5,1975.25,0,TU
1066,1975.25,0,TU
1657.5,1977.25,0,TU
3646.5,1977.25,0,TU
2929,1977.75,0,TU
2361,1978.75,0,TU
3495,1978.75,0,TU
-378,1979.25,0,TU
3033.5,1979.25,0,TU
1607.5,1980.25,0,TU
2284,1980.75,0,TU
-614.5,1981.25,0,TU
2583.5,1981.25,0,TU
159.5,1981.75,0,TU
3431.5,1981.75,0,TU
1876.5,1982.25,0,TU
2253.5,1982.25,0,TU
1261,1983.25,0,TU
2407.5,1986.25,0,TU
-15,1986.75,0,TU
943.5,1988.25,0,TU
2799.5,1988.25,0,TU
-781,1988.75,0,TU
1176,1988.75,0,TU
274.5,1989.25,0,TU
469.5,1989.75,0,TU
1205.5,1989.75,0,TU
2974.5,1989.75,0,TU
3469,1989.75,0,TU
23.5,1990.25,0,TU
70.5,1991.25,0,TU
403,1991.25,0,TU
1441,1992.25,0,TU
2384,1992.25,0,TU
2764,1992.75,0,TU
2879,1992.75,0,TU
3223,1993.75,0,TU
188.5,1994.25,0,TU
3247,1994.25,0,TU
1234.5,1994.75,0,TU
2942.5,1994.75,0,TU
3309.5,1994.75,0,TU
2450,1996.75,0,TU
3282,1997.25,0,TU
-565.5,1997.75,0,TU
3514.5,1997.75,0,TU
600.5,1998.75,0,TU
627,1999.25,0,TU
3634.5,1999.25,0,TU
-75.5,2000.25,0,TU
2200,2000.25,0,TU
-543,2000.75,0,TU
308,2001.25,0,TU
3782.5,2003.25,0,TU
327,2003.75,0,TU
1626.5,2003.75,0,TU
986,2004.25,0,TU
2489.5,2004.75,0,TU
1417,2005.25,0,TU
1502.5,2005.25,0,TU
3582.5,2006.75,0,TU
2829,2007.25,0,TU
3350.5,2007.25,0,TU
438.5,2008.25,0,TU
3223.5,2008.25,0,TU
2268.5,2008.75,0,TU
2300.5,2008.75,0,TU
3729.5,2009.75,0,TU
3764.5,2009.75,0,TU
1753.5,2010.75,0,TU
2757.5,2011.25,0,TU
749.5,2011.75,0,TU
2936.5,2012.25,0,TU
2669,2012.75,0,TU
-922.5,2014.25,0,TU
96.5,2014.25,0,TU
2684,2014.25,0,TU
1798.5,2014.75,0,TU
3074,2016.25,0,TU
580,2016.75,0,TU
3751.5,2016.75,0,TU
896,2017.25,0,TU
3112,2017.25,0,TU
635.5,2017.75,0,TU
1183,2017.75,0,TU
-794,2018.75,0,TU
213,2018.75,0,TU
821,2020.25,0,TU
1866.5,2020.25,0,TU
3151.5,2020.75,0,TU
1951,2022.75,0,TU
-112,2023.25,0,TU
3092,2023.25,0,TU
918,2024.75,0,TU
2176.5,2024.75,0,TU
2894.5,2024.75,0,TU
3491,2024.75,0,TU
3324.5,2026.25,0,TU
-947.5,2026.75,0,TU
1309.5,2026.75,0,TU
3184,2027.75,0,TU
2700,2028.25,0,TU
-590.5,2028.75,0,TU
150,2029.75,0,TU
1282.5,2029.75,0,TU
1777.5,2029.75,0,TU
3681.5,2029.75,0,TU
3720,2029.75,0,TU
3635.5,2030.25,0,TU
2864.5,2031.75,0,TU
2019,2032.25,0,TU
2782,2032.25,0,TU
3167.5,2032.75,0,TU
-14.5,2033.25,0,TU
353.5,2033.25,0,TU
1977.5,2033.75,0,TU
2225,2033.75,0,TU
2478,2035.75,0,TU
-885,2036.25,0,TU
499,2036.75,0,TU
1227,2037.25,0,TU
2150.5,2037.75,0,TU
465,2038.75,0,TU
1624,2038.75,0,TU
2932.5,2040.25,0,TU
874,2040.75,0,TU
3077,2040.75,0,TU
1366,2041.25,0,TU
2266,2041.25,0,TU
2400,2041.25,0,TU
3356,2041.75,0,TU
3738.5,2043.25,0,TU
1514,2044.25,0,TU
3225,2044.25,0,TU
676,2045.25,0,TU
1451.5,2045.25,0,TU
2659,2045.25,0,TU
3194,2045.75,0,TU
3560,2045.75,0,TU
2524,2047.25,0,TU
1872.5,2047.75,0,TU
1928,2047.75,0,TU
36,2048.25,0,TU
2225.5,2048.75,0,TU
138.5,2050.25,0,TU
60.5,2050.75,0,TU
2544.5,2050.75,0,TU
548,2051.25,0,TU
937,2053.25,0,TU
523.5,2053.75,0,TU
2952,2053.75,0,TU
3589.5,2053.75,0,TU
1589,2054.25,0,TU
1314,2054.75,0,TU
787.5,2055.25,0,TU
3629,2055.75,0,TU
3703,2055.75,0,TU
2444.5,2056.75,0,TU
3743,2056.75,0,TU
1635.5,2057.25,0,TU
2470.5,2057.25,0,TU
750,2058.25,0,TU
856.5,2058.25,0,TU
2332.5,2058.25,0,TU
702,2058.75,0,TU
2895.5,2058.75,0,TU
3299,2059.25,0,TU
-185.5,2059.75,0,TU
1868.5,2060.25,0,TU
952.5,2062.25,0,TU
-903,2062.75,0,TU
2305,2063.25,0,TU
2631.5,2063.75,0,TU
3218.5,2063.75,0,TU
2155.5,2064.75,0,TU
1263.5,2065.75,0,TU
619.5,2066.75,0,TU
1699.5,2066.75,0,TU
2104.5,2066.75,0,TU
688.5,2067.25,0,TU
1421.5,2067.25,0,TU
2020.5,2067.25,0,TU
2502.5,2067.75,0,TU
1490.5,2069.25,0,TU
2653.5,2069.25,0,TU
1149.5,2069.75,0,TU
2967.5,2070.25,0,TU
134,2071.25,0,TU
1622,2071.25,0,TU
2318,2072.25,0,TU
2852.5,2072.25,0,TU
23,2072.75,0,TU
642.5,2073.75,0,TU
699,2073.75,0,TU
909,2074.25,0,TU
2452,2074.25,0,TU
-191.5,2075.25,0,TU
582,2075.25,0,TU
390.5,2075.75,0,TU
2125.5,2075.75,0,TU
3674.5,2075.75,0,TU
159,2076.25,0,TU
2553.5,2076.25,0,TU
2838.5,2076.25,0,TU
1553.5,2076.75,0,TU
746.5,2077.75,0,TU
2885,2078.25,0,TU
2913.5,2078.25,0,TU
3612,2078.25,0,TU
2373.5,2079.25,0,TU
425,2079.75,0,TU
982,2080.75,0,TU
1870,2081.75,0,TU
3064.5,2082.25,0,TU
5,2086.25,0,TU
1372.5,2086.25,0,TU
3580.5,2086.25,0,TU
3625,2086.25,0,TU
260,2087.25,0,TU
2930,2087.25,0,TU
472,2087.75,0,TU
1764,2087.75,0,TU
3397,2087.75,0,TU
3718.5,2088.75,0,TU
607,2089.25,0,TU
3319,2089.25,0,TU
2258,2089.75,0,TU
3280.5,2090.25,0,TU
3546,2090.75,0,TU
2183.5,2091.25,0,TU
350,2091.75,0,TU
1278,2091.75,0,TU
1337,2092.25,0,TU
3207.5,2092.25,0,TU
726,2092.75,0,TU
1120,2093.75,0,TU
2997,2093.75,0,TU
1597.5,2094.25,0,TU
1838,2095.25,0,TU
2612,2096.75,0,TU
1537.5,2097.25,0,TU
2589,2097.25,0,TU
2300.5,2098.25,0,TU
3049.5,2098.25,0,TU
2117.5,2098.75,0,TU
3011,2098.75,0,TU
1614,2099.25,0,TU
3347.5,2099.25,0,TU
3616.5,2100.25,0,TU
1486.5,2101.75,0,TU
3397,2103.25,0,TU
2821,2103.75,0,TU
-184.5,2104.25,0,TU
1633,2105.25,0,TU
2716.5,2105.75,0,TU
3713,2106.25,0,TU
458,2106.75,0,TU
584.5,2106.75,0,TU
-20,2107.25,0,TU
1452.5,2107.75,0,TU
110.5,2109.25,0,TU
614.5,2109.75,0,TU
3480.5,2109.75,0,TU
745.5,2110.75,0,TU
2549,2111.25,0,TU
1712.5,2112.25,0,TU
2927,2112.25,0,TU
3234.5,2112.25,0,TU
3374,2112.25,0,TU
-79,2113.25,0,TU
2417.5,2113.75,0,TU
2392.5,2115.25,0,TU
1521.5,2115.75,0,TU
400,2116.25,0,TU
2356.5,2116.25,0,TU
258.5,2116.75,0,TU
3592.5,2117.25,0,TU
1165.5,2117.75,0,TU
3271.5,2117.75,0,TU
1622,2118.25,0,TU
2767.5,2118.25,0,TU
3013,2118.75,0,TU
3322,2119.25,0,TU
2190.5,2120.75,0,TU
1928,2121.25,0,TU
3558,2121.75,0,TU
838,2122.25,0,TU
3167.5,2122.25,0,TU
3395,2122.25,0,TU
91.5,2122.75,0,TU
2040,2122.75,0,TU
3300,2123.25,0,TU
3351,2123.25,0,TU
2973.5,2124.25,0,TU
692.5,2124.75,0,TU
1413,2125.25,0,TU
2220.5,2125.25,0,TU
2812,2125.75,0,TU
756.5,2126.25,0,TU
2339,2127.25,0,TU
3071,2127.75,0,TU
526,2128.25,0,TU
2839,2128.25,0,TU
3416,2128.25,0,TU
2293.5,2129.25,0,TU
3461,2129.25,0,TU
450,2129.75,0,TU
3539,2129.75,0,TU
427.5,2130.25,0,TU
129,2130.75,0,TU
2942.5,2132.25,0,TU
2536,2134.25,0,TU
3443.5,2135.25,0,TU
564,2135.75,0,TU
1581.5,2135.75,0,TU
2829.5,2135.75,0,TU
-83,2136.25,0,TU
3217.5,2136.25,0,TU
2680,2136.75,0,TU
2702,2136.75,0,TU
1438.5,2137.25,0,TU
2345,2137.75,0,TU
3048,2137.75,0,TU
1943.5,2138.75,0,TU
1176.5,2139.75,0,TU
1140,2140.75,0,TU
-49,2141.25,0,TU
107.5,2141.25,0,TU
323,2142.75,0,TU
3119.5,2142.75,0,TU
3191,2142.75,0,TU
1472,2143.75,0,TU
2602.5,2144.75,0,TU
853,2145.25,0,TU
3159,2146.25,0,TU
418.5,2147.25,0,TU
-111.5,2147.75,0,TU
2656,2148.25,0,TU
254.5,2149.25,0,TU
2839,2149.75,0,TU
3329,2149.75,0,TU
1396.5,2150.75,0,TU
2414,2151.25,0,TU
2632.5,2151.25,0,TU
2810,2152.25,0,TU
3411,2153.25,0,TU
990,2153.75,0,TU
2694,2154.25,0,TU
1105,2154.75,0,TU
1499.5,2156.75,0,TU
3448.5,2157.75,0,TU
3492.5,2157.75,0,TU
3527.5,2158.25,0,TU
1818,2158.75,0,TU
2544.5,2159.25,0,TU
903.5,2159.75,0,TU
1277.5,2159.75,0,TU
2708.5,2159.75,0,TU
2441,2160.25,0,TU
2163,2160.75,0,TU
2671,2160.75,0,TU
1725,2161.25,0,TU
1063.5,2161.75,0,TU
-105,2163.25,0,TU
1177.5,2163.25,0,TU
113,2163.75,0,TU
1922,2164.25,0,TU
421,2165.75,0,TU
3267,2165.75,0,TU
830,2166.25,0,TU
932,2166.25,0,TU
3192.5,2166.25,0,TU
-56,2167.25,0,TU
2764,2167.75,0,TU
810,2168.25,0,TU
2124,2168.75,0,TU
953,2169.25,0,TU
1987,2169.75,0,TU
339.5,2170.25,0,TU
2082.5,2170.25,0,TU
3568.5,2170.25,0,TU
1358.5,2171.25,0,TU
3166,2171.25,0,TU
2611.5,2171.75,0,TU
3105,2171.75,0,TU
3312,2171.75,0,TU
-162,2172.25,0,TU
1459.5,2173.75,0,TU
1244,2174.75,0,TU
3344,2175.25,0,TU
3502.5,2176.75,0,TU
622.5,2177.25,0,TU
749,2177.25,0,TU
2953.5,2177.75,0,TU
1611,2178.75,0,TU
1221.5,2179.25,0,TU
2251.5,2179.75,0,TU
2521,2179.75,0,TU
3141.5,2180.25,0,TU
3394.5,2180.25,0,TU
2885,2181.75,0,TU
2829.5,2182.25,0,TU
776.5,2182.75,0,TU
-95.5,2183.75,0,TU
3406.5,2183.75,0,TU
3114.5,2184.25,0,TU
3212,2184.75,0,TU
2581,2185.75,0,TU
1701,2186.25,0,TU
3485.5,2186.75,0,TU
1308.5,2187.25,0,TU
2855.5,2187.75,0,TU
3426,2187.75,0,TU
1648.5,2189.25,0,TU
1174,2190.75,0,TU
3322.5,2192.25,0,TU
1267,2193.25,0,TU
368,2193.75,0,TU
3523,2193.75,0,TU
2089,2194.75,0,TU
2673.5,2194.75,0,TU
2798,2194.75,0,TU
1896,2195.25,0,TU
2868,2196.25,0,TU
313,2196.75,0,TU
473.5,2196.75,0,TU
1566.5,2196.75,0,TU
3451,2196.75,0,TU
716.5,2197.25,0,TU
2029.5,2197.25,0,TU
3406,2197.25,0,TU
-153,2197.75,0,TU
642,2197.75,0,TU
665.5,2197.75,0,TU
2983,2198.25,0,TU
1514,2198.75,0,TU
2638,2198.75,0,TU
-120.5,2199.25,0,TU
240.5,2199.75,0,TU
3363.5,2200.25,0,TU
-42.5,2201.25,0,TU
1069,2201.25,0,TU
3594,2201.25,0,TU
1935.5,2201.75,0,TU
284,2202.25,0,TU
1794,2202.25,0,TU
3136.5,2202.75,0,TU
3265.5,2202.75,0,TU
1454,2203.25,0,TU
3300.5,2203.25,0,TU
2463,2203.75,0,TU
814.5,2204.75,0,TU
3096.5,2205.25,0,TU
1727,2205.75,0,TU
-62,2206.75,0,TU
1242.5,2207.25,0,TU
2119.5,2207.25,0,TU
423.5,2207.75,0,TU
2327,2208.75,0,TU
3312.5,2208.75,0,TU
3473.5,2209.75,0,TU
1695.5,2210.25,0,TU
2918,2210.75,0,TU
3161.5,2213.75,0,TU
1362,2214.75,0,TU
3670.5,2214.75,0,TU
507,2215.25,0,TU
2242.5,2215.75,0,TU
1171,2217.25,0,TU
3113,2217.25,0,TU
596.5,2217.75,0,TU
2822.5,2218.25,0,TU
3247.5,2218.75,0,TU
3444,2218.75,0,TU
2184,2219.75,0,TU
554.5,2220.25,0,TU
303,2221.25,0,TU
3135,2221.25,0,TU
983.5,2221.75,0,TU
2611.5,2221.75,0,TU
374.5,2222.25,0,TU
1677.5,2222.25,0,TU
1574,2222.75,0,TU
1617,2222.75,0,TU
1741.5,2222.75,0,TU
1131,2223.75,0,TU
3406.5,2223.75,0,TU
3426.5,2224.25,0,TU
675,2224.75,0,TU
3300.5,2224.75,0,TU
3488.5,2225.75,0,TU
1495,2227.25,0,TU
2085.5,2227.25,0,TU
1066,2227.75,0,TU
2870,2227.75,0,TU
782.5,2228.25,0,TU
2152.5,2229.75,0,TU
3207.5,2229.75,0,TU
395,2230.75,0,TU
809.5,2230.75,0,TU
3125,2231.25,0,TU
3312,2231.75,0,TU
3652.5,2233.25,0,TU
760,2234.75,0,TU
2642,2235.25,0,TU
654,2236.75,0,TU
3157,2236.75,0,TU
2467.5,2237.25,0,TU
2330.5,2237.75,0,TU
3347,2237.75,0,TU
488,2239.25,0,TU
1400,2239.75,0,TU
2750,2239.75,0,TU
2955,2239.75,0,TU
3396,2239.75,0,TU
2558,2240.25,0,TU
1852,2240.75,0,TU
3323,2241.75,0,TU
213.5,2242.25,0,TU
2926.5,2242.75,0,TU
1801,2243.25,0,TU
892.5,2243.75,0,TU
1300.5,2244.25,0,TU
1418,2244.25,0,TU
2179,2244.25,0,TU
877.5,2244.75,0,TU
1115.5,2244.75,0,TU
3472.5,2244.75,0,TU
1003.5,2245.25,0,TU
3641,2245.25,0,TU
2850.5,2245.75,0,TU
3104,2245.75,0,TU
3303,2245.75,0,TU
975.5,2246.75,0,TU
2265,2246.75,0,TU
282.5,2247.25,0,TU
2574.5,2248.75,0,TU
2907,2248.75,0,TU
3177.5,2248.75,0,TU
2675.5,2249.25,0,TU
3416,2249.25,0,TU
1971.5,2249.75,0,TU
1284,2251.25,0,TU
3668.5,2251.25,0,TU
387.5,2252.75,0,TU
782.5,2252.75,0,TU
1944,2252.75,0,TU
3496,2252.75,0,TU
2201,2254.25,0,TU
57.5,2255.25,0,TU
2467,2255.25,0,TU
2396,2256.25,0,TU
649,2256.75,0,TU
1527.5,2256.75,0,TU
1575.5,2256.75,0,TU
1913,2257.75,0,TU
3150.5,2258.25,0,TU
159.5,2258.75,0,TU
1446.5,2258.75,0,TU
3347.5,2259.25,0,TU
3194,2261.25,0,TU
3215,2262.75,0,TU
2638.5,2264.25,0,TU
200.5,2265.75,0,TU
329.5,2266.75,0,TU
3542,2266.75,0,TU
133.5,2267.25,0,TU
220.5,2268.25,0,TU
3608,2268.75,0,TU
1715,2269.25,0,TU
1317,2270.75,0,TU
2862.5,2270.75,0,TU
3296.5,2271.75,0,TU
937,2272.25,0,TU
2327.5,2272.25,0,TU
1690,2273.25,0,TU
3393,2273.75,0,TU
3592,2273.75,0,TU
813.5,2274.75,0,TU
1385.5,2274.75,0,TU
958,2275.75,0,TU
2419,2275.75,0,TU
655.5,2276.75,0,TU
3650.5,2276.75,0,TU
3437,2277.25,0,TU
710,2277.75,0,TU
733,2277.75,0,TU
1748,2277.75,0,TU
1026.5,2278.75,0,TU
1952.5,2279.25,0,TU
21,2279.75,0,TU
2290,2279.75,0,TU
1935,2280.25,0,TU
2042,2283.25,0,TU
2262,2286.25,0,TU
1599.5,2286.75,0,TU
1339.5,2288.75,0,TU
2954,2288.75,0,TU
3601,2290.25,0,TU
44,2292.25,0,TU
2671,2293.25,0,TU
919.5,2294.25,0,TU
2062.5,2294.25,0,TU
3112,2294.75,0,TU
2418.5,2295.25,0,TU
774,2297.75,0,TU
1203,2297.75,0,TU
853,2298.75,0,TU
2772,2299.25,0,TU
708.5,2300.25,0,TU
1680,2300.75,0,TU
3427.5,2300.75,0,TU
388.5,2301.75,0,TU
666.5,2301.75,0,TU
121.5,2302.25,0,TU
135.5,2302.25,0,TU
1281.5,2302.25,0,TU
736,2303.75,0,TU
1859.5,2303.75,0,TU
3514.5,2303.75,0,TU
2229.5,2304.25,0,TU
195.5,2304.75,0,TU
1451.5,2306.25,0,TU
3064.5,2306.75,0,TU
460,2309.25,0,TU
491.5,2309.25,0,TU
2862.5,2309.25,0,TU
241.5,2310.25,0,TU
2970,2310.25,0,TU
167.5,2310.75,0,TU
1078.5,2310.75,0,TU
3247.5,2310.75,0,TU
930.5,2314.25,0,TU
1823.5,2315.25,0,TU
2002.5,2315.75,0,TU
3081,2316.25,0,TU
3484,2316.75,0,TU
1164,2317.75,0,TU
1863.5,2317.75,0,TU
1125,2318.75,0,TU
2490,2318.75,0,TU
2520,2318.75,0,TU
287,2319.25,0,TU
3546,2319.75,0,TU
1093,2320.75,0,TU
3367.5,2321.75,0,TU
3.5,2322.75,0,TU
630.5,2323.25,0,TU
2741.5,2323.25,0,TU
3140.5,2323.25,0,TU
3568,2323.25,0,TU
2657.5,2323.75,0,TU
2824,2324.75,0,TU
3056,2326.25,0,TU
112,2326.75,0,TU
1328,2326.75,0,TU
2546,2326.75,0,TU
734,2327.25,0,TU
262.5,2327.75,0,TU
156,2328.75,0,TU
43.5,2329.75,0,TU
2789.5,2329.75,0,TU
2842.5,2329.75,0,TU
1289.5,2330.25,0,TU
3178,2330.25,0,TU
683.5,2331.25,0,TU
2974.5,2332.75,0,TU
1722.5,2333.25,0,TU
238.5,2334.25,0,TU
3598.5,2334.25,0,TU
200,2334.75,0,TU
3305,2334.75,0,TU
3129,2335.25,0,TU
598.5,2336.75,0,TU
1846.5,2336.75,0,TU
3033,2337.25,0,TU
1549,2337.75,0,TU
2004,2338.25,0,TU
3467.5,2338.75,0,TU
1189,2339.25,0,TU
2852.5,2339.25,0,TU
1833.5,2340.25,0,TU
222.5,2340.75,0,TU
3511,2341.25,0,TU
3141.5,2341.75,0,TU
2993.5,2342.25,0,TU
1144.5,2342.75,0,TU
2682,2343.25,0,TU
66.5,2345.25,0,TU
994.5,2345.75,0,TU
915,2347.25,0,TU
1024.5,2347.75,0,TU
1380.5,2348.25,0,TU
2592.5,2348.25,0,TU
166,2348.75,0,TU
768.5,2348.75,0,TU
2711,2349.25,0,TU
136,2349.75,0,TU
2077.5,2350.25,0,TU
3115,2350.25,0,TU
3483.5,2350.75,0,TU
1752,2351.25,0,TU
293,2352.25,0,TU
1778,2352.75,0,TU
33.5,2356.25,0,TU
1291,2356.25,0,TU
1431.5,2356.75,0,TU
2738.5,2356.75,0,TU
1689.5,2359.25,0,TU
1792.5,2360.75,0,TU
2374.5,2361.75,0,TU
3238.5,2361.75,0,TU
733,2362.25,0,TU
3312,2363.25,0,TU
351,2363.75,0,TU
2851,2364.75,0,TU
3049,2365.25,0,TU
919.5,2365.75,0,TU
3132.5,2366.25,0,TU
111.5,2367.75,0,TU
1338.5,2368.25,0,TU
2834.5,2368.25,0,TU
86,2369.75,0,TU
2339.5,2370.25,0,TU
2998.5,2370.75,0,TU
1614.5,2371.25,0,TU
2554.5,2371.25,0,TU
3346.5,2372.75,0,TU
3198,2373.75,0,TU
3391,2373.75,0,TU
1847,2374.25,0,TU
2585,2374.75,0,TU
709.5,2375.25,0,TU
2474,2375.25,0,TU
2660,2375.25,0,TU
231.5,2376.75,0,TU
2610,2376.75,0,TU
3132,2377.25,0,TU
2914.5,2377.75,0,TU
636.5,2378.75,0,TU
2233,2379.25,0,TU
879.5,2379.75,0,TU
2366.5,2379.75,0,TU
1211.5,2380.25,0,TU
1021,2380.75,0,TU
316.5,2381.25,0,TU
411,2381.25,0,TU
3524,2381.25,0,TU
120,2382.25,0,TU
2812,2383.75,0,TU
3564,2383.75,0,TU
1074.5,2384.75,0,TU
2437.5,2384.75,0,TU
1113,2385.25,0,TU
1787.5,2385.75,0,TU
2023.5,2385.75,0,TU
1745,2387.75,0,TU
437,2388.75,0,TU
1168.5,2389.25,0,TU
2500,2389.25,0,TU
3364.5,2389.25,0,TU
2847,2389.75,0,TU
1916.5,2390.25,0,TU
826.5,2390.75,0,TU
2781.5,2391.25,0,TU
1341.5,2392.25,0,TU
1695.5,2392.75,0,TU
1836,2392.75,0,TU
1293.5,2393.75,0,TU
2696,2393.75,0,TU
3300.5,2393.75,0,TU
2137,2395.25,0,TU
188.5,2395.75,0,TU
3077.5,2395.75,0,TU
2401,2399.75,0,TU
86.5,2401.25,0,TU
555,2401.25,0,TU
2165,2401.25,0,TU
2274.5,2401.25,0,TU
465,2401.75,0,TU
3465,2401.75,0,TU
587,2402.75,0,TU
2194,2404.75,0,TU
1138,2405.25,0,TU
3049.5,2405.25,0,TU
725.5,2405.75,0,TU
2527,2405.75,0,TU
3006.5,2406.75,0,TU
157,2407.25,0,TU
419.5,2407.75,0,TU
3644,2407.75,0,TU
61.5,2408.75,0,TU
955.5,2409.25,0,TU
2578.5,2409.25,0,TU
3536.5,2409.75,0,TU
2087,2410.25,0,TU
2452,2410.75,0,TU
3409,2412.25,0,TU
3436,2412.25,0,TU
2705.5,2412.75,0,TU
335.5,2414.75,0,TU
1027,2414.75,0,TU
73,2417.25,0,TU
130.5,2417.25,0,TU
2641,2417.25,0,TU
565,2418.25,0,TU
862,2419.25,0,TU
1673.5,2419.25,0,TU
2862,2420.25,0,TU
112.5,2420.75,0,TU
3631.5,2420.75,0,TU
2662.5,2421.25,0,TU
2686,2421.25,0,TU
3135.5,2421.75,0,TU
1461,2422.25,0,TU
2952.5,2422.25,0,TU
901.5,2423.25,0,TU
1219,2423.75,0,TU
1634.5,2423.75,0,TU
151.5,2424.25,0,TU
675,2424.75,0,TU
2524.5,2424.75,0,TU
3182.5,2427.25,0,TU
2774,2427.75,0,TU
60.5,2428.25,0,TU
2731.5,2428.25,0,TU
238,2429.25,0,TU
1614,2429.25,0,TU
2842.5,2429.75,0,TU
1098,2430.75,0,TU
2490.5,2430.75,0,TU
2799,2431.25,0,TU
2441,2431.75,0,TU
2817,2431.75,0,TU
533.5,2432.25,0,TU
1377.5,2432.25,0,TU
1142.5,2432.75,0,TU
1051.5,2433.25,0,TU
1666.5,2433.25,0,TU
2126.5,2433.75,0,TU
808,2435.25,0,TU
2710,2435.25,0,TU
3257.5,2435.25,0,TU
3202,2436.75,0,TU
86,2437.25,0,TU
1811.5,2437.25,0,TU
1498,2438.75,0,TU
2859,2438.75,0,TU
1872.5,2439.25,0,TU
2554,2439.25,0,TU
3604,2439.25,0,TU
1333,2440.25,0,TU
1715,2440.25,0,TU
2334.5,2440.25,0,TU
2937,2440.75,0,TU
3313,2442.25,0,TU
874,2442.75,0,TU
1071.5,2442.75,0,TU
459,2443.75,0,TU
188.5,2446.25,0,TU
1114.5,2446.75,0,TU
733,2447.25,0,TU
3110.5,2447.75,0,TU
2005,2449.25,0,TU
2169,2449.25,0,TU
223.5,2450.25,0,TU
2684.5,2452.75,0,TU
286.5,2453.25,0,TU
312.5,2453.75,0,TU
1052.5,2453.75,0,TU
946,2454.75,0,TU
2538,2455.25,0,TU
3416.5,2456.25,0,TU
377.5,2457.25,0,TU
989.5,2458.25,0,TU
2894.5,2458.25,0,TU
3219.5,2458.75,0,TU
3465,2459.75,0,TU
1849,2460.75,0,TU
741.5,2461.25,0,TU
3041.5,2461.75,0,TU
341.5,2462.75,0,TU
767,2462.75,0,TU
1218.5,2463.25,0,TU
716,2463.75,0,TU
1946,2463.75,0,TU
164,2465.75,0,TU
926,2465.75,0,TU
1817,2465.75,0,TU
2348,2466.75,0,TU
2945,2466.75,0,TU
1086,2467.25,0,TU
638.5,2467.75,0,TU
1626.5,2467.75,0,TU
3548.5,2467.75,0,TU
787,2468.25,0,TU
1469.5,2468.75,0,TU
2437.5,2470.25,0,TU
3124,2470.75,0,TU
2245,2471.25,0,TU
2872.5,2471.25,0,TU
2817,2471.75,0,TU
1348,2473.25,0,TU
2781,2473.25,0,TU
3415,2473.25,0,TU
1048,2475.25,0,TU
249.5,2475.75,0,TU
2570,2475.75,0,TU
1197,2476.25,0,TU
3204.5,2476.75,0,TU
3383,2477.75,0,TU
1616,2479.25,0,TU
1665.5,2479.75,0,TU
2148,2480.75,0,TU
3472.5,2480.75,0,TU
693.5,2481.75,0,TU
3247,2481.75,0,TU
492.5,2482.25,0,TU
1282.5,2482.75,0,TU
2892,2482.75,0,TU
2353,2483.25,0,TU
2607.5,2483.75,0,TU
3018,2484.25,0,TU
3551,2485.25,0,TU
1161.5,2485.75,0,TU
3454,2485.75,0,TU
1641,2487.75,0,TU
2469.5,2488.25,0,TU
2864,2488.25,0,TU
728,2488.75,0,TU
2177.5,2489.75,0,TU
2298.5,2490.25,0,TU
2433.5,2491.25,0,TU
423,2492.75,0,TU
806.5,2492.75,0,TU
1886.5,2492.75,0,TU
898.5,2493.25,0,TU
1440,2493.25,0,TU
2043,2493.25,0,TU
3195,2493.75,0,TU
2647,2494.75,0,TU
1220.5,2495.25,0,TU
619,2495.75,0,TU
2019,2495.75,0,TU
2382.5,2495.75,0,TU
1079,2497.25,0,TU
749.5,2498.25,0,TU
1992,2498.75,0,TU
2076.5,2499.25,0,TU
2991,2499.75,0,TU
265,2500.25,0,TU
1717,2500.75,0,TU
2914.5,2501.25,0,TU
1362,2502.75,0,TU
3287.5,2503.25,0,TU
2213,2504.75,0,TU
681.5,2505.25,0,TU
401.5,2505.75,0,TU
836,2505.75,0,TU
917.5,2505.75,0,TU
2795.5,2505.75,0,TU
648,2507.25,0,TU
3435.5,2507.25,0,TU
2535.5,2508.25,0,TU
341,2508.75,0,TU
3171.5,2508.75,0,TU
761,2509.25,0,TU
862.5,2509.25,0,TU
1266,2509.25,0,TU
3340,2510.25,0,TU
1055,2510.75,0,TU
2026,2512.25,0,TU
3323.5,2512.25,0,TU
1180.5,2513.25,0,TU
2319,2513.25,0,TU
2698.5,2513.25,0,TU
973.5,2515.25,0,TU
1664.5,2515.25,0,TU
603.5,2515.75,0,TU
1587.5,2515.75,0,TU
2626.5,2515.75,0,TU
1241.5,2516.25,0,TU
1561,2516.25,0,TU
3571.5,2516.25,0,TU
2960,2517.75,0,TU
2569,2518.25,0,TU
3215.5,2520.75,0,TU
468,2521.25,0,TU
931.5,2521.25,0,TU
1309,2521.25,0,TU
3590,2521.75,0,TU
419,2522.75,0,TU
2752,2524.25,0,TU
666.5,2524.75,0,TU
1358.5,2524.75,0,TU
3136,2525.25,0,TU
751.5,2526.25,0,TU
1081,2526.75,0,TU
2999,2526.75,0,TU
1769.5,2527.75,0,TU
2484,2527.75,0,TU
3387,2527.75,0,TU
2896,2528.25,0,TU
2264,2528.75,0,TU
2852.5,2528.75,0,TU
388.5,2529.75,0,TU
1482.5,2530.25,0,TU
1792.5,2530.75,0,TU
2077,2531.25,0,TU
3401,2531.25,0,TU
2095.5,2532.75,0,TU
2443,2532.75,0,TU
2978.5,2532.75,0,TU
3423.5,2532.75,0,TU
827,2533.25,0,TU
880,2533.25,0,TU
1455.5,2533.75,0,TU
1858.5,2534.25,0,TU
2914,2534.25,0,TU
3159.5,2534.25,0,TU
696.5,2534.75,0,TU
541,2535.25,0,TU
1810.5,2535.25,0,TU
1645,2536.75,0,TU
494,2537.25,0,TU
639.5,2537.25,0,TU
2039,2537.25,0,TU
2702,2537.75,0,TU
2787,2537.75,0,TU
3549.5,2537.75,0,TU
1581,2538.25,0,TU
1105.5,2541.25,0,TU
1830,2543.75,0,TU
2611,2545.75,0,TU
3391.5,2545.75,0,TU
2944.5,2546.25,0,TU
1396,2546.75,0,TU
2684,2546.75,0,TU
1927,2547.75,0,TU
3149,2548.25,0,TU
3366.5,2548.25,0,TU
2986,2548.75,0,TU
1061,2549.25,0,TU
1314,2549.25,0,TU
1974.5,2549.25,0,TU
2418,2549.25,0,TU
3572,2550.25,0,TU
3182.5,2550.75,0,TU
1163.5,2552.25,0,TU
1273,2553.25,0,TU
2825,2553.25,0,TU
1596.5,2554.75,0,TU
2398,2555.25,0,TU
491,2555.75,0,TU
2175,2556.75,0,TU
2884,2556.75,0,TU
3243.5,2557.75,0,TU
3282.5,2557.75,0,TU
787,2558.25,0,TU
934,2559.75,0,TU
2813,2560.75,0,TU
2863,2560.75,0,TU
3431.5,2560.75,0,TU
2274,2562.75,0,TU
727.5,2563.25,0,TU
1943,2563.75,0,TU
544,2564.25,0,TU
579,2565.25,0,TU
3445.5,2565.75,0,TU
1118.5,2566.25,0,TU
2212.5,2566.25,0,TU
1625,2566.75,0,TU
1006.5,2567.25,0,TU
1768.5,2568.25,0,TU
1706.5,2568.75,0,TU
2935,2568.75,0,TU
427,2570.75,0,TU
1469.5,2570.75,0,TU
3395.5,2570.75,0,TU
839.5,2571.25,0,TU
1373,2571.25,0,TU
2579,2571.25,0,TU
556.5,2571.75,0,TU
2614.5,2571.75,0,TU
3405,2571.75,0,TU
1842.5,2572.25,0,TU
3218.5,2573.75,0,TU
3003.5,2575.25,0,TU
1401,2576.75,0,TU
2656,2576.75,0,TU
3239.5,2577.25,0,TU
3196,2577.75,0,TU
2155.5,2579.75,0,TU
769.5,2581.75,0,TU
1176,2582.25,0,TU
2060.5,2582.25,0,TU
2634.5,2582.25,0,TU
2731.5,2582.25,0,TU
2249.5,2582.75,0,TU
2812.5,2583.25,0,TU
2120.5,2584.75,0,TU
565.5,2585.25,0,TU
2092.5,2585.25,0,TU
1952.5,2586.75,0,TU
2402.5,2587.25,0,TU
1320,2587.75,0,TU
3398,2588.25,0,TU
1796.5,2590.25,0,TU
2900.5,2590.25,0,TU
3077,2590.25,0,TU
3226,2590.25,0,TU
3584.5,2590.75,0,TU
1201.5,2591.75,0,TU
1728.5,2591.75,0,TU
541.5,2592.25,0,TU
2310,2593.25,0,TU
2485,2594.25,0,TU
589.5,2594.75,0,TU
3311,2594.75,0,TU
1578.5,2595.25,0,TU
1367.5,2596.25,0,TU
2169,2597.75,0,TU
1052,2598.25,0,TU
2595.5,2598.75,0,TU
843,2600.75,0,TU
1554.5,2601.75,0,TU
1962,2601.75,0,TU
3258,2601.75,0,TU
1503.5,2602.25,0,TU
1392,2605.25,0,TU
1229.5,2607.25,0,TU
1079,2607.75,0,TU
2351,2607.75,0,TU
763.5,2608.25,0,TU
3211.5,2608.25,0,TU
1767.5,2608.75,0,TU
3283,2608.75,0,TU
497.5,2609.75,0,TU
1496,2610.25,0,TU
3102.5,2610.25,0,TU
1284,2610.75,0,TU
651.5,2613.25,0,TU
3537,2613.25,0,TU
1794,2615.25,0,TU
2331.5,2615.25,0,TU
2036.5,2618.25,0,TU
667.5,2621.75,0,TU
699,2622.25,0,TU
3432,2622.75,0,TU
2221,2623.25,0,TU
2170,2623.75,0,TU
870,2624.75,0,TU
911.5,2626.25,0,TU
2359.5,2626.25,0,TU
1453,2627.25,0,TU
1569,2627.25,0,TU
3123,2627.25,0,TU
1739,2627.75,0,TU
968.5,2628.25,0,TU
1214,2629.25,0,TU
3382.5,2629.25,0,TU
1346.5,2629.75,0,TU
1881,2629.75,0,TU
2275,2632.25,0,TU
2603.5,2632.25,0,TU
2661.5,2632.25,0,TU
2841.5,2632.75,0,TU
1109,2634.25,0,TU
2687,2635.75,0,TU
1368,2636.75,0,TU
2717,2637.75,0,TU
3245.5,2637.75,0,TU
3214,2639.25,0,TU
2032.5,2639.75,0,TU
646.5,2641.25,0,TU
1777,2641.75,0,TU
2788,2641.75,0,TU
2994,2641.75,0,TU
1869,2642.75,0,TU
3270,2642.75,0,TU
2763.5,2643.25,0,TU
2008,2643.75,0,TU
554.5,2644.25,0,TU
681.5,2644.25,0,TU
2882,2644.25,0,TU
3470.5,2644.75,0,TU
1252,2646.25,0,TU
3302.5,2646.25,0,TU
850.5,2646.75,0,TU
1754,2647.25,0,TU
2416,2647.25,0,TU
3491.5,2648.75,0,TU
567,2649.25,0,TU
876,2649.25,0,TU
2860,2649.25,0,TU
3129.5,2650.25,0,TU
2650,2650.75,0,TU
1467.5,2652.25,0,TU
3170.5,2652.25,0,TU
3074.5,2654.75,0,TU
1022,2656.25,0,TU
2055,2656.25,0,TU
2948,2656.75,0,TU
1910.5,2658.25,0,TU
3538,2659.25,0,TU
1679.5,2660.25,0,TU
1202.5,2661.75,0,TU
2813,2664.25,0,TU
3294,2664.25,0,TU
2596.5,2665.75,0,TU
2833,2666.25,0,TU
3223,2666.25,0,TU
2188,2666.75,0,TU
2618,2667.25,0,TU
2896,2667.25,0,TU
3317.5,2667.75,0,TU
1872,2668.25,0,TU
1613,2669.25,0,TU
2641.5,2669.25,0,TU
1311,2670.75,0,TU
2941,2671.25,0,TU
1046,2671.75,0,TU
1069.5,2672.25,0,TU
1380,2672.25,0,TU
3506.5,2672.25,0,TU
3007,2673.75,0,TU
2093,2674.25,0,TU
3277,2675.25,0,TU
583.5,2676.25,0,TU
3252.5,2676.25,0,TU
1225.5,2677.75,0,TU
2037.5,2678.25,0,TU
2371.5,2679.75,0,TU
631,2680.25,0,TU
3343,2680.25,0,TU
1660,2680.75,0,TU
642.5,2681.25,0,TU
3441.5,2682.75,0,TU
1506,2683.25,0,TU
3483,2683.25,0,TU
2780.5,2684.25,0,TU
616,2684.75,0,TU
965,2685.75,0,TU
708.5,2686.75,0,TU
1141,2688.75,0,TU
2935,2690.25,0,TU
1560.5,2691.75,0,TU
1230.5,2692.75,0,TU
1877.5,2692.75,0,TU
2559.5,2692.75,0,TU
2902,2692.75,0,TU
1059,2693.25,0,TU
1253,2693.25,0,TU
1369,2693.75,0,TU
3281,2693.75,0,TU
1746.5,2694.25,0,TU
1027.5,2694.75,0,TU
2718.5,2695.25,0,TU
1639.5,2696.75,0,TU
2967.5,2696.75,0,TU
1923.5,2697.75,0,TU
2601,2697.75,0,TU
1110,2698.25,0,TU
908.5,2698.75,0,TU
1402.5,2698.75,0,TU
2530.5,2698.75,0,TU
868.5,2699.25,0,TU
1322,2699.25,0,TU
3356,2699.25,0,TU
841.5,2700.75,0,TU
2406.5,2700.75,0,TU
3155.5,2700.75,0,TU
2092.5,2701.75,0,TU
3208.5,2704.25,0,TU
2301,2705.25,0,TU
1092,2706.25,0,TU
1694,2706.25,0,TU
3097,2706.25,0,TU
1506,2707.25,0,TU
1825,2707.75,0,TU
3299,2707.75,0,TU
2005,2708.75,0,TU
3486.5,2709.25,0,TU
3533,2709.25,0,TU
2868.5,2710.25,0,TU
744.5,2711.25,0,TU
1264,2711.75,0,TU
2191.5,2711.75,0,TU
3438.5,2711.75,0,TU
2773,2712.25,0,TU
2106,2713.25,0,TU
932,2715.25,0,TU
2583,2717.75,0,TU
2483.5,2718.75,0,TU
1594,2720.25,0,TU
1725.5,2720.25,0,TU
2302.5,2720.75,0,TU
2424.5,2722.75,0,TU
3206.5,2722.75,0,TU
2211,2723.75,0,TU
2565.5,2723.75,0,TU
2837.5,2723.75,0,TU
2034.5,2724.25,0,TU
2752,2725.25,0,TU
3107,2725.75,0,TU
1962.5,2726.25,0,TU
2963.5,2727.25,0,TU
3373.5,2727.75,0,TU
2375.5,2728.25,0,TU
1644.5,2728.75,0,TU
3359.5,2728.75,0,TU
1375.5,2729.25,0,TU
2503.5,2729.25,0,TU
1441,2730.25,0,TU
2245.5,2731.75,0,TU
2878.5,2731.75,0,TU
1175.5,2732.25,0,TU
2920.5,2732.75,0,TU
3310.5,2732.75,0,TU
851.5,2733.25,0,TU
3016,2734.25,0,TU
838,2734.75,0,TU
1715,2734.75,0,TU
1913.5,2734.75,0,TU
3126.5,2735.75,0,TU
1492,2736.75,0,TU
1531,2737.25,0,TU
752.5,2738.25,0,TU
3078.5,2739.25,0,TU
1156,2740.25,0,TU
3502,2740.75,0,TU
3181,2741.75,0,TU
2934,2743.25,0,TU
3372,2746.75,0,TU
2700,2748.75,0,TU
2651,2749.25,0,TU
1307.5,2749.75,0,TU
2302,2749.75,0,TU
2603.5,2750.25,0,TU
1644,2752.25,0,TU
1429.5,2752.75,0,TU
1859.5,2752.75,0,TU
1723.5,2753.25,0,TU
1794.5,2756.25,0,TU
799.5,2756.75,0,TU
1993,2759.25,0,TU
3205.5,2759.25,0,TU
1590.5,2759.75,0,TU
1758.5,2760.25,0,TU
2581,2760.25,0,TU
3394.5,2760.25,0,TU
3419.5,2761.25,0,TU
1362.5,2761.75,0,TU
962,2762.25,0,TU
1071,2762.25,0,TU
2419.5,2762.25,0,TU
2334.5,2762.75,0,TU
2788.5,2763.25,0,TU
1161,2764.75,0,TU
3265,2765.25,0,TU
2913,2766.25,0,TU
1821.5,2767.25,0,TU
1293.5,2769.25,0,TU
2025,2769.25,0,TU
2941.5,2769.25,0,TU
1091.5,2769.75,0,TU
2730.5,2770.25,0,TU
1648.5,2771.25,0,TU
2278.5,2771.25,0,TU
1126,2773.75,0,TU
1881.5,2774.25,0,TU
1052,2774.75,0,TU
2628.5,2775.25,0,TU
1958,2775.75,0,TU
1209,2777.25,0,TU
3378,2779.75,0,TU
3238.5,2780.75,0,TU
964.5,2781.75,0,TU
3266.5,2782.75,0,TU
3336,2784.75,0,TU
3504,2784.75,0,TU
1628,2785.25,0,TU
872.5,2786.25,0,TU
1251,2786.75,0,TU
2261.5,2786.75,0,TU
2818.5,2786.75,0,TU
2480.5,2788.25,0,TU
856.5,2788.75,0,TU
1837,2789.25,0,TU
1850.5,2789.25,0,TU
1669,2790.75,0,TU
3019,2790.75,0,TU
1810.5,2792.75,0,TU
2932,2792.75,0,TU
1143.5,2793.25,0,TU
2210,2793.75,0,TU
1422.5,2796.25,0,TU
2234,2796.25,0,TU
3354.5,2796.75,0,TU
1062.5,2798.25,0,TU
2451.5,2798.25,0,TU
2830.5,2798.75,0,TU
3179.5,2798.75,0,TU
1498.5,2799.75,0,TU
1662,2799.75,0,TU
886.5,2801.25,0,TU
1351,2801.75,0,TU
1001,2802.25,0,TU
1844.5,2803.25,0,TU
3448,2803.25,0,TU
1160.5,2804.25,0,TU
1216.5,2804.75,0,TU
975,2805.25,0,TU
2938,2806.75,0,TU
2112,2811.75,0,TU
2954,2812.25,0,TU
3387.5,2812.75,0,TU
3085,2813.75,0,TU
2391,2815.25,0,TU
2270,2815.75,0,TU
2767,2816.25,0,TU
1108.5,2817.25,0,TU
2668.5,2817.75,0,TU
2804,2817.75,0,TU
1236.5,2818.25,0,TU
1569,2818.25,0,TU
3305.5,2818.75,0,TU
1592.5,2820.25,0,TU
953,2820.75,0,TU
2591,2820.75,0,TU
3020.5,2820.75,0,TU
3178.5,2821.25,0,TU
3200.5,2822.75,0,TU
1135.5,2823.25,0,TU
1172,2823.75,0,TU
1443.5,2823.75,0,TU
1503,2823.75,0,TU
1324,2824.25,0,TU
2501,2825.75,0,TU
2926.5,2825.75,0,TU
3501.5,2825.75,0,TU
2980.5,2827.75,0,TU
3434,2828.25,0,TU
3069.5,2830.25,0,TU
2203.5,2831.25,0,TU
2348,2831.25,0,TU
2237,2833.25,0,TU
3407.5,2833.75,0,TU
1924,2835.25,0,TU
1457,2835.75,0,TU
3457.5,2841.25,0,TU
3505,2841.75,0,TU
2966.5,2843.75,0,TU
1723.5,2845.75,0,TU
3355,2846.25,0,TU
2655.5,2847.25,0,TU
2488,2848.25,0,TU
1196.5,2850.75,0,TU
3173.5,2852.25,0,TU
1437.5,2853.75,0,TU
2014.5,2854.25,0,TU
1249,2854.75,0,TU
3277,2855.25,0,TU
3330.5,2856.25,0,TU
1354.5,2858.25,0,TU
2674,2858.25,0,TU
2591.5,2859.75,0,TU
2543,2860.75,0,TU
2886.5,2861.75,0,TU
3445,2861.75,0,TU
2107,2862.25,0,TU
1225,2862.75,0,TU
2606.5,2863.25,0,TU
2433,2863.75,0,TU
1964,2864.75,0,TU
1682.5,2865.25,0,TU
2196.5,2868.75,0,TU
2968.5,2868.75,0,TU
2409,2869.75,0,TU
2237,2871.75,0,TU
3209,2872.75,0,TU
3158,2873.75,0,TU
1212.5,2874.75,0,TU
1395.5,2875.25,0,TU
2004,2876.75,0,TU
3087.5,2876.75,0,TU
2574,2877.25,0,TU
3320.5,2877.25,0,TU
1948,2877.75,0,TU
2662.5,2877.75,0,TU
2791,2878.25,0,TU
2169,2879.75,0,TU
2905,2880.25,0,TU
1353,2880.75,0,TU
2948.5,2880.75,0,TU
3228,2880.75,0,TU
1650.5,2881.25,0,TU
2074,2881.75,0,TU
2260,2883.25,0,TU
2704,2884.75,0,TU
2121.5,2886.75,0,TU
1297.5,2887.75,0,TU
1408.5,2888.75,0,TU
3139.5,2888.75,0,TU
3245.5,2889.75,0,TU
3469,2889.75,0,TU
1327,2891.25,0,TU
3198,2893.25,0,TU
2049,2893.75,0,TU
3046,2893.75,0,TU
3100.5,2894.25,0,TU
1963.5,2894.75,0,TU
3359.5,2894.75,0,TU
3269,2896.25,0,TU
2303,2897.25,0,TU
1439.5,2900.25,0,TU
1861,2901.25,0,TU
3157.5,2902.25,0,TU
1463.5,2904.25,0,TU
1620,2905.75,0,TU
2187.5,2906.25,0,TU
3025.5,2906.25,0,TU
1575.5,2906.75,0,TU
2810.5,2907.25,0,TU
1341.5,2908.75,0,TU
3090,2909.25,0,TU
1484,2912.25,0,TU
1920,2912.25,0,TU
1420.5,2913.25,0,TU
1596.5,2913.75,0,TU
1306.5,2915.75,0,TU
1957,2916.75,0,TU
2103,2917.25,0,TU
3075.5,2917.75,0,TU
3033,2918.75,0,TU
2697.5,2919.75,0,TU
1744,2923.25,0,TU
2685.5,2923.25,0,TU
2644,2926.75,0,TU
3168.5,2929.25,0,TU
2178,2929.75,0,TU
2206.5,2929.75,0,TU
1330.5,2930.25,0,TU
2227,2930.25,0,TU
3456.5,2930.75,0,TU
3050,2933.75,0,TU
1778,2934.25,0,TU
1944,2934.25,0,TU
2769,2934.75,0,TU
2008.5,2935.25,0,TU
3347.5,2936.25,0,TU
2979.5,2937.75,0,TU
2496.5,2940.25,0,TU
1675.5,2942.25,0,TU
2052.5,2942.75,0,TU
3313.5,2942.75,0,TU
2279,2943.75,0,TU
2951,2947.25,0,TU
3202,2947.25,0,TU
1991,2947.75,0,TU
2433.5,2952.25,0,TU
3098.5,2952.25,0,TU
3332,2953.25,0,TU
1750,2954.25,0,TU
3021.5,2954.25,0,TU
2810.5,2955.75,0,TU
1792.5,2958.25,0,TU
2138.5,2958.25,0,TU
2466.5,2960.25,0,TU
3149.5,2960.25,0,TU
2511,2961.75,0,TU
2362.5,2962.75,0,TU
3132.5,2962.75,0,TU
1424,2963.25,0,TU
2721.5,2963.25,0,TU
1877,2964.75,0,TU
2409.5,2966.75,0,TU
2089,2971.25,0,TU
1826.5,2972.25,0,TU
2812,2973.25,0,TU
3392,2974.25,0,TU
1657.5,2974.75,0,TU
2742,2975.25,0,TU
2251.5,2977.25,0,TU
2329.5,2977.75,0,TU
3165,2978.75,0,TU
3048.5,2979.75,0,TU
2064,2982.25,0,TU
3107.5,2983.75,0,TU
3015.5,2985.25,0,TU
2379.5,2986.75,0,TU
2585,2987.25,0,TU
2136.5,2987.75,0,TU
1771,2988.75,0,TU
2444.5,2989.25,0,TU
3362.5,2990.25,0,TU
3328,2993.75,0,TU
3297,2995.25,0,TU
2593,2999.25,0,TU
3424,2999.25,0,TU
2022.5,2999.75,0,TU
2214.5,3000.75,0,TU
2276,3003.25,0,TU
2674.5,3005.25,0,TU
2295.5,3005.75,0,TU
3150.5,3006.25,0,TU
1632.5,3007.25,0,TU
3302.5,3009.75,0,TU
1875,3010.75,0,TU
2545,3012.75,0,TU
3061,3013.75,0,TU
3328.5,3014.25,0,TU
2100.5,3014.75,0,TU
2768.5,3014.75,0,TU
3106,3017.25,0,TU
2298.5,3019.25,0,TU
2651.5,3019.25,0,TU
1839.5,3020.25,0,TU
3017.5,3020.75,0,TU
2217.5,3021.75,0,TU
2702,3021.75,0,TU
2181.5,3022.75,0,TU
3217,3023.75,0,TU
2260,3025.25,0,TU
1953.5,3025.75,0,TU
3140.5,3027.25,0,TU
2530.5,3027.75,0,TU
2797,3027.75,0,TU
2288.5,3028.25,0,TU
2843,3028.25,0,TU
2742,3029.75,0,TU
2967,3030.25,0,TU
3196.5,3031.75,0,TU
2238,3033.25,0,TU
3388.5,3033.25,0,TU
1723.5,3033.75,0,TU
1793.5,3033.75,0,TU
1748.5,3034.75,0,TU
2819.5,3034.75,0,TU
2876.5,3036.75,0,TU
2585.5,3038.75,0,TU
3257.5,3043.25,0,TU
2279.5,3045.75,0,TU
2683,3046.25,0,TU
3114.5,3046.75,0,TU
1930.5,3047.25,0,TU
2231,3047.25,0,TU
3375,3047.25,0,TU
2919.5,3049.75,0,TU
2347,3050.25,0,TU
1646,3050.75,0,TU
1759,3051.75,0,TU
2492,3051.75,0,TU
1694,3052.25,0,TU
1954.5,3053.25,0,TU
2972.5,3053.25,0,TU
3223,3054.25,0,TU
3142,3054.75,0,TU
2820.5,3057.75,0,TU
2303.5,3058.25,0,TU
1841,3058.75,0,TU
2605.5,3058.75,0,TU
3175.5,3059.25,0,TU
1723.5,3062.25,0,TU
2794,3062.25,0,TU
3060.5,3062.25,0,TU
2384,3063.75,0,TU
1821.5,3065.75,0,TU
1861.5,3065.75,0,TU
2091,3067.25,0,TU
2981,3068.75,0,TU
2742.5,3069.25,0,TU
1886.5,3071.75,0,TU
2346.5,3072.75,0,TU
3131,3073.75,0,TU
3258,3073.75,0,TU
2627,3074.75,0,TU
2712,3079.75,0,TU
2999.5,3079.75,0,TU
2949.5,3081.75,0,TU
2758.5,3083.25,0,TU
1685,3084.75,0,TU
1944.5,3084.75,0,TU
2591,3085.75,0,TU
2668.5,3086.75,0,TU
2067.5,3088.25,0,TU
2703.5,3090.25,0,TU
2886.5,3091.25,0,TU
2827,3093.25,0,TU
1878,3093.75,0,TU
1989.5,3095.75,0,TU
3055,3096.75,0,TU
3083,3097.25,0,TU
2730.5,3098.25,0,TU
1691.5,3101.25,0,TU
2635,3102.75,0,TU
2857,3102.75,0,TU
3265.5,3106.25,0,TU
2596.5,3106.75,0,TU
3126.5,3107.75,0,TU
1820.5,3108.25,0,TU
1975,3108.25,0,TU
2741,3109.25,0,TU
1731.5,3111.75,0,TU
3318,3111.75,0,TU
2128,3112.25,0,TU
2373.5,3112.75,0,TU
1845.5,3115.25,0,TU
2025,3115.75,0,TU
2926,3116.75,0,TU
3234.5,3117.25,0,TU
1706.5,3117.75,0,TU
1875,3118.25,0,TU
1906.5,3120.25,0,TU
2161.5,3122.25,0,TU
2218,3124.75,0,TU
3000,3125.25,0,TU
1745,3125.75,0,TU
2288,3126.25,0,TU
3290,3127.75,0,TU
2051.5,3130.75,0,TU
2778,3130.75,0,TU
2316.5,3131.25,0,TU
2108.5,3133.75,0,TU
2746,3133.75,0,TU
2581,3135.25,0,TU
3232.5,3137.75,0,TU
1692,3140.75,0,TU
2703,3142.25,0,TU
2946.5,3142.75,0,TU
2082.5,3143.75,0,TU
2825.5,3144.25,0,TU
2039,3149.25,0,TU
3258.5,3150.25,0,TU
1750.5,3150.75,0,TU
2897.5,3150.75,0,TU
2307,3155.25,0,TU
3195.5,3156.25,0,TU
2722,3161.75,0,TU
2802,3162.25,0,TU
2756.5,3164.25,0,TU
2089,3168.25,0,TU
2532.5,3168.25,0,TU
3062,3168.75,0,TU
2375.5,3169.75,0,TU
2140,3171.75,0,TU
2481,3172.25,0,TU
2201.5,3173.75,0,TU
1979.5,3174.75,0,TU
2320.5,3176.75,0,TU
1736,3177.75,0,TU
2627,3178.25,0,TU
2568,3179.25,0,TU
2404,3180.25,0,TU
2025.5,3180.75,0,TU
2220.5,3180.75,0,TU
2493.5,3184.75,0,TU
2431,3185.25,0,TU
1837.5,3186.25,0,TU
2270.5,3190.25,0,TU
2709,3190.75,0,TU
2950,3190.75,0,TU
3225,3191.25,0,TU
1993.5,3192.25,0,TU
3260.5,3192.25,0,TU
2748,3193.25,0,TU
2650.5,3194.75,0,TU
2064.5,3196.25,0,TU
3141,3197.75,0,TU
1863.5,3199.25,0,TU
1881,3203.75,0,TU
1959.5,3206.25,0,TU
2304.5,3206.25,0,TU
1934,3206.75,0,TU
1834,3207.25,0,TU
2428,3207.75,0,TU
1910.5,3210.25,0,TU
3052,3210.25,0,TU
2334.5,3212.75,0,TU
2124,3213.75,0,TU
2187,3213.75,0,TU
2101.5,3214.25,0,TU
2265.5,3214.75,0,TU
2027.5,3216.25,0,TU
3152,3216.25,0,TU
2997,3216.75,0,TU
1867,3222.25,0,TU
2617,3222.75,0,TU
2547,3224.25,0,TU
3271,3224.75,0,TU
1894.5,3228.75,0,TU
3173,3229.25,0,TU
2331.5,3231.75,0,TU
2018.5,3233.25,0,TU
2245,3233.75,0,TU
2117.5,3234.75,0,TU
3236.5,3235.75,0,TU
2174.5,3237.75,0,TU
2278,3238.75,0,TU
2880.5,3241.75,0,TU
3132.5,3243.75,0,TU
2695.5,3244.25,0,TU
2591,3246.25,0,TU
2390,3248.25,0,TU
2939,3248.25,0,TU
1996,3248.75,0,TU
2032.5,3249.75,0,TU
3185,3252.75,0,TU
2342,3253.25,0,TU
2746,3254.25,0,TU
2972,3254.75,0,TU
2774.5,3255.75,0,TU
3061.5,3255.75,0,TU
2818,3256.25,0,TU
2548,3260.25,0,TU
1834.5,3263.75,0,TU
2756.5,3263.75,0,TU
1951,3266.25,0,TU
2322.5,3266.25,0,TU
2145,3266.75,0,TU
2254,3268.25,0,TU
2295,3274.75,0,TU
2377.5,3275.25,0,TU
2720.5,3275.75,0,TU
1870,3277.25,0,TU
2412,3277.75,0,TU
1966,3279.75,0,TU
2794.5,3281.25,0,TU
2950,3283.75,0,TU
2010.5,3284.75,0,TU
2124,3285.25,0,TU
2597,3287.25,0,TU
3166.5,3288.25,0,TU
3059,3289.75,0,TU
2343,3290.25,0,TU
3022.5,3291.25,0,TU
2196.5,3295.75,0,TU
2874,3295.75,0,TU
2806.5,3296.75,0,TU
2742.5,3297.25,0,TU
2317,3298.25,0,TU
3113,3298.25,0,TU
2025,3299.75,0,TU
3091.5,3300.25,0,TU
2039,3301.75,0,TU
2135,3301.75,0,TU
2717,3301.75,0,TU
2546.5,3305.25,0,TU
2464,3306.25,0,TU
3184,3306.25,0,TU
2380,3307.25,0,TU
2491.5,3307.75,0,TU
2172.5,3308.75,0,TU
2434,3308.75,0,TU
2785.5,3308.75,0,TU
1878,3311.25,0,TU
2706,3312.25,0,TU
2287,3313.75,0,TU
2262,3320.25,0,TU
3067.5,3320.25,0,TU
2394,3321.75,0,TU
2808,3321.75,0,TU
2004.5,3322.75,0,TU
3179.5,3325.75,0,TU
2474,3326.25,0,TU
2494.5,3330.25,0,TU
2463,3331.75,0,TU
2930,3331.75,0,TU
2018.5,3332.75,0,TU
2697,3334.25,0,TU
3134,3334.25,0,TU
2443,3336.25,0,TU
3061.5,3336.25,0,TU
2043,3339.25,0,TU
2539.5,3339.75,0,TU
1998,3340.75,0,TU
2875,3342.25,0,TU
2122.5,3342.75,0,TU
2084,3346.25,0,TU
3126,3346.25,0,TU
1969.5,3348.25,0,TU
2380,3349.75,0,TU
2980.5,3351.25,0,TU
3005,3351.25,0,TU
2255,3351.75,0,TU
3046.5,3353.75,0,TU
3149.5,3356.75,0,TU
3034,3364.25,0,TU
2245.5,3365.25,0,TU
2945,3367.75,0,TU
3003,3367.75,0,TU
2127.5,3368.25,0,TU
2478,3369.75,0,TU
2435,3373.75,0,TU
2286,3374.25,0,TU
2121,3380.75,0,TU
2085.5,3381.75,0,TU
2920,3381.75,0,TU
2771.5,3382.75,0,TU
2037,3383.75,0,TU
2726.5,3384.25,0,TU
2823,3386.25,0,TU
2967,3386.25,0,TU
2588.5,3387.75,0,TU
2128,3389.25,0,TU
2095,3391.75,0,TU
3017,3393.75,0,TU
3029.5,3394.75,0,TU
2224,3395.25,0,TU
2668,3400.25,0,TU
2151,3402.25,0,TU
2312.5,3402.25,0,TU
2070,3405.25,0,TU
2188.5,3405.75,0,TU
2972,3406.25,0,TU
3090,3406.75,0,TU
3125.5,3407.25,0,TU
2112,3412.75,0,TU
3059,3413.25,0,TU
2206,3416.25,0,TU
2886,3421.75,0,TU
2055.5,3424.25,0,TU
2154.5,3425.25,0,TU
2068,3429.75,0,TU
2736,3432.25,0,TU
2954,3433.25,0,TU
2181,3434.25,0,TU
2756,3438.75,0,TU
2768.5,3441.25,0,TU
2033,3441.75,0,TU
2463,3442.25,0,TU
3082.5,3442.25,0,TU
3053,3444.25,0,TU
2591,3445.25,0,TU
2636.5,3445.25,0,TU
2661.5,3446.25,0,TU
2126.5,3450.25,0,TU
2203.5,3451.75,0,TU
2245,3456.75,0,TU
2922,3457.75,0,TU
2588.5,3460.25,0,TU
2417.5,3464.25,0,TU
2960.5,3465.25,0,TU
2523,3466.25,0,TU
2942.5,3467.25,0,TU
2389,3473.25,0,TU
2870.5,3475.75,0,TU
3002.5,3479.25,0,TU
2233,3482.75,0,TU
2346,3485.25,0,TU
2106.5,3486.25,0,TU
2941.5,3488.25,0,TU
2263,3489.25,0,TU
2656.5,3490.25,0,TU
2213,3491.25,0,TU
2277.5,3497.25,0,TU
2910.5,3498.25,0,TU
2394.5,3505.25,0,TU
2477,3506.75,0,TU
2731,3507.25,0,TU
2416.5,3510.25,0,TU
2551.5,3518.75,0,TU
2651.5,3518.75,0,TU
2586,3531.25,0,TU
2409,3538.75,0,TU
2648.5,3541.25,0,TU
2332.5,3545.75,0,TU
2556.5,3548.25,0,TU
2687,3556.25,0,TU
2632,3557.25,0,TU
2520.5,3558.75,0,TU
2568,3558.75,0,TU
2549,3566.25,0,TU
2486.5,3576.75,0,TU
2644.5,3581.25,0,TU
-448,-2880.75,0,Mph
-466,-2880.25,0,Mph
-524,-2869.25,0,Mph
-542.5,-2862.75,0,Mph
-468,-2859.75,0,Mph
-590,-2855.75,0,Mph
-478.5,-2844.75,0,Mph
-592.5,-2838.75,0,Mph
-673.5,-2837.75,0,Mph
-493.5,-2837.25,0,Mph
-706.5,-2837.25,0,Mph
-576.5,-2826.75,0,Mph
-761.5,-2824.75,0,Mph
-789.5,-2819.75,0,Mph
-616,-2818.25,0,Mph
-706.5,-2814.25,0,Mph
-675,-2813.75,0,Mph
-727,-2813.25,0,Mph
-653.5,-2812.25,0,Mph
-816,-2806.25,0,Mph
-637,-2800.25,0,Mph
-569.5,-2803.25,0,Mph
-605,-2801.75,0,Mph
-774,-2799.25,0,Mph
-739,-2793.25,0,Mph
-939.5,-2787.75,0,Mph
-537.5,-2788.75,0,Mph
-677,-2786.75,0,Mph
-982,-2783.75,0,Mph
-859,-2782.25,0,Mph
-752,-2784.25,0,Mph
-617.5,-2779.75,0,Mph
-1022.5,-2768.75,0,Mph
-1067,-2765.25,0,Mph
-725.5,-2769.25,0,Mph
-646.5,-2770.75,0,Mph
-968,-2764.25,0,Mph
-806,-2764.25,0,Mph
-772,-2760.25,0,Mph
-563,-2761.75,0,Mph
-947.5,-2760.75,0,Mph
-994,-2757.75,0,Mph
-858.5,-2757.75,0,Mph
-720,-2738.25,0,Mph
-1027.5,-2742.25,0,Mph
-1048.5,-2734.25,0,Mph
-1198,-2739.75,0,Mph
-1209,-2718.75,0,Mph
-748,-2719.75,0,Mph
-781.5,-2705.75,0,Mph
-1077,-2703.25,0,Mph
-1188.5,-2704.25,0,Mph
-1035.5,-2695.25,0,Mph
-1021,-2684.75,0,Mph
-1066.5,-2682.25,0,Mph
-1102,-2673.25,0,Mph
-522,-2671.75,0,Mph
-992,-2664.75,0,Mph
-932,-2658.75,0,Mph
-1016.5,-2655.75,0,Mph
-467.5,-2654.75,0,Mph
-785,-2654.75,0,Mph
-995.5,-2640.75,0,Mph
-934.5,-2639.75,0,Mph
-960,-2622.75,0,Mph
-1009.5,-2615.75,0,Mph
-1067.5,-2614.75,0,Mph
-1028.5,-2602.75,0,Mph
-781,-2605.25,0,Mph
-991.5,-2592.25,0,Mph
-971,-2591.25,0,Mph
-539,-2591.75,0,Mph
-442.5,-2590.75,0,Mph
-506,-2581.25,0,Mph
-1071,-2582.25,0,Mph
-1014,-2575.75,0,Mph
-433,-2572.75,0,Mph
-533.5,-2557.25,0,Mph
-1031.5,-2539.25,0,Mph
-1006.5,-2527.25,0,Mph
-1062,-2522.25,0,Mph
-1032,-2500.25,0,Mph
-529,-2493.25,0,Mph
-1059.5,-2491.75,0,Mph
-1222.5,-2488.75,0,Mph
-577,-2450.25,0,Mph
-571.5,-2429.25,0,Mph
-768.5,-2405.75,0,Mph
-581,-2396.75,0,Mph
-744,-2387.25,0,Mph
-617.5,-2388.25,0,Mph
-810.5,-2344.25,0,Mph
-786,-2341.75,0,Mph
-769,-2329.25,0,Mph
-838.5,-2326.75,0,Mph
-583,-2320.25,0,Mph
-731,-2316.75,0,Mph
-458,-2312.25,0,Mph
-657.5,-2309.25,0,Mph
-487,-2309.25,0,Mph
-819.5,-2310.75,0,Mph
-838,-2300.25,0,Mph
-686,-2299.75,0,Mph
-735,-2292.25,0,Mph
-665,-2279.25,0,Mph
-839.5,-2275.75,0,Mph
-718.5,-2271.75,0,Mph
-472.5,-2270.25,0,Mph
-639,-2269.75,0,Mph
-1174,-2267.75,0,Mph
1141,-3029.75,0,Mph
1163.5,-3031.25,0,Mph
1108,-3029.75,0,Mph
1086.5,-3021.75,0,Mph
1055,-3022.25,0,Mph
1010.5,-3020.25,0,Mph
1031,-3016.75,0,Mph
938,-3014.25,0,Mph
970,-3014.75,0,Mph
1168.5,-3016.25,0,Mph
1106,-3010.25,0,Mph
870.5,-3009.75,0,Mph
828.5,-3008.75,0,Mph
1003,-3003.25,0,Mph
599.5,-3004.25,0,Mph
624,-3003.75,0,Mph
1137,-3000.25,0,Mph
576.5,-3003.25,0,Mph
1043,-3001.75,0,Mph
1163,-2994.25,0,Mph
424.5,-2988.75,0,Mph
634.5,-2986.75,0,Mph
577.5,-2990.25,0,Mph
1029,-2982.75,0,Mph
1071.5,-2992.25,0,Mph
461,-2988.25,0,Mph
478.5,-2989.75,0,Mph
1106.5,-2987.75,0,Mph
811.5,-2988.25,0,Mph
563.5,-2982.75,0,Mph
652.5,-2984.75,0,Mph
374.5,-2978.25,0,Mph
848,-2983.25,0,Mph
1074.5,-2975.75,0,Mph
1153.5,-2975.25,0,Mph
486.5,-2971.25,0,Mph
675.5,-2975.25,0,Mph
779.5,-2966.25,0,Mph
1097,-2971.75,0,Mph
811,-2965.25,0,Mph
1120.5,-2967.25,0,Mph
570,-2965.25,0,Mph
847,-2966.75,0,Mph
605.5,-2962.75,0,Mph
444.5,-2960.25,0,Mph
519.5,-2960.75,0,Mph
695.5,-2956.75,0,Mph
1048,-2955.25,0,Mph
398.5,-2949.25,0,Mph
1017,-2949.75,0,Mph
828,-2946.75,0,Mph
857.5,-2945.75,0,Mph
960.5,-2945.75,0,Mph
1108,-2942.75,0,Mph
768,-2943.25,0,Mph
1039,-2938.25,0,Mph
452,-2935.75,0,Mph
1167,-2935.75,0,Mph
938.5,-2925.75,0,Mph
1114,-2926.25,0,Mph
434,-2927.75,0,Mph
684.5,-2922.75,0,Mph
1006.5,-2922.25,0,Mph
910,-2919.75,0,Mph
786,-2919.25,0,Mph
424,-2913.25,0,Mph
747.5,-2913.75,0,Mph
616.5,-2909.75,0,Mph
667.5,-2906.75,0,Mph
998,-2908.25,0,Mph
568.5,-2899.25,0,Mph
382,-2902.75,0,Mph
525.5,-2902.25,0,Mph
1008.5,-2895.75,0,Mph
1096,-2901.25,0,Mph
490,-2895.75,0,Mph
411,-2898.25,0,Mph
703.5,-2888.75,0,Mph
871,-2898.75,0,Mph
802,-2895.25,0,Mph
1049.5,-2897.25,0,Mph
945,-2895.25,0,Mph
429,-2884.75,0,Mph
726.5,-2887.75,0,Mph
902,-2886.75,0,Mph
679.5,-2879.75,0,Mph
641.5,-2878.75,0,Mph
826.5,-2882.25,0,Mph
922.5,-2880.75,0,Mph
470.5,-2875.75,0,Mph
961,-2874.25,0,Mph
808,-2869.25,0,Mph
1007.5,-2865.25,0,Mph
457.5,-2859.25,0,Mph
380.5,-2852.75,0,Mph
407.5,-2856.75,0,Mph
443,-2856.25,0,Mph
678,-2849.75,0,Mph
811.5,-2848.25,0,Mph
559,-2839.75,0,Mph
656,-2842.25,0,Mph
434,-2839.75,0,Mph
861.5,-2822.75,0,Mph
661.5,-2821.25,0,Mph
395,-2802.75,0,Mph
819,-2793.25,0,Mph
852,-2786.75,0,Mph
409.5,-2787.75,0,Mph
548,-2782.25,0,Mph
627,-2761.75,0,Mph
568,-2758.25,0,Mph
848.5,-2760.75,0,Mph
598,-2759.25,0,Mph
397.5,-2755.25,0,Mph
832.5,-2756.75,0,Mph
873,-2750.75,0,Mph
795,-2739.75,0,Mph
536.5,-2731.75,0,Mph
651,-2725.75,0,Mph
602.5,-2728.75,0,Mph
426,-2724.25,0,Mph
764,-2714.75,0,Mph
812,-2708.75,0,Mph
439,-2719.75,0,Mph
587.5,-2704.25,0,Mph
551.5,-2707.25,0,Mph
1034.5,-2705.75,0,Mph
615,-2697.25,0,Mph
696,-2698.75,0,Mph
792.5,-2690.75,0,Mph
845.5,-2686.75,0,Mph
1124.5,-2691.75,0,Mph
571.5,-2682.25,0,Mph
663,-2690.25,0,Mph
1012,-2685.75,0,Mph
1050.5,-2687.75,0,Mph
405.5,-2685.75,0,Mph
1109,-2681.75,0,Mph
702.5,-2672.75,0,Mph
442.5,-2675.75,0,Mph
652,-2671.75,0,Mph
1039,-2673.75,0,Mph
1144,-2668.25,0,Mph
746,-2667.75,0,Mph
605,-2661.75,0,Mph
1067.5,-2663.75,0,Mph
581,-2657.25,0,Mph
1089.5,-2661.75,0,Mph
458.5,-2658.25,0,Mph
1125.5,-2656.25,0,Mph
415,-2655.25,0,Mph
1146.5,-2650.75,0,Mph
754,-2646.75,0,Mph
628.5,-2641.75,0,Mph
1105,-2645.25,0,Mph
1141,-2633.75,0,Mph
1144.5,-2610.75,0,Mph
715.5,-2620.75,0,Mph
1098.5,-2616.25,0,Mph
725.5,-2594.25,0,Mph
1172,-2589.75,0,Mph
629,-2584.25,0,Mph
721,-2580.75,0,Mph
595.5,-2576.75,0,Mph
613,-2558.25,0,Mph
383.5,-2538.75,0,Mph
580.5,-2538.25,0,Mph
601.5,-2537.25,0,Mph
505.5,-2522.25,0,Mph
751,-2526.75,0,Mph
802,-2523.25,0,Mph
395,-2522.25,0,Mph
577,-2518.25,0,Mph
641.5,-2520.75,0,Mph
601.5,-2517.75,0,Mph
765.5,-2512.75,0,Mph
686.5,-2508.25,0,Mph
643.5,-2506.25,0,Mph
606,-2503.75,0,Mph
876,-2500.25,0,Mph
380.5,-2502.75,0,Mph
587.5,-2492.25,0,Mph
558,-2488.75,0,Mph
1114,-2487.25,0,Mph
628,-2486.75,0,Mph
735,-2478.25,0,Mph
1142.5,-2479.25,0,Mph
1128.5,-2478.25,0,Mph
548,-2468.75,0,Mph
674.5,-2468.25,0,Mph
983.5,-2468.25,0,Mph
579,-2444.25,0,Mph
689,-2445.75,0,Mph
466,-2448.75,0,Mph
533,-2449.25,0,Mph
643.5,-2447.75,0,Mph
620,-2434.25,0,Mph
605,-2427.25,0,Mph
644.5,-2414.25,0,Mph
569,-2416.25,0,Mph
623.5,-2404.75,0,Mph
543,-2397.75,0,Mph
551,-2387.25,0,Mph
621.5,-2389.75,0,Mph
1003.5,-2390.75,0,Mph
587.5,-2386.75,0,Mph
1050,-2380.25,0,Mph
1049,-2357.25,0,Mph
1032.5,-2342.75,0,Mph
516.5,-2349.25,0,Mph
1055.5,-2326.75,0,Mph
1068,-2314.25,0,Mph
536,-2299.75,0,Mph
1003,-2301.25,0,Mph
1060.5,-2297.25,0,Mph
1080,-2282.75,0,Mph
522,-2277.25,0,Mph
990.5,-2277.25,0,Mph
1159.5,-2272.75,0,Mph
951.5,-2255.25,0,Mph
-1228.5,-2727.25,0,Mph
-1305,-2709.25,0,Mph
-1336.5,-2710.25,0,Mph
-1279.5,-2704.75,0,Mph
-1394.5,-2690.25,0,Mph
-1258.5,-2692.75,0,Mph
-1270,-2688.25,0,Mph
-1324.5,-2688.75,0,Mph
-1453.5,-2686.75,0,Mph
-1483.5,-2678.75,0,Mph
-1434,-2672.25,0,Mph
-1385,-2664.75,0,Mph
-1574.5,-2660.25,0,Mph
-1406.5,-2657.75,0,Mph
-1591.5,-2655.25,0,Mph
-1496,-2652.25,0,Mph
-1450,-2646.25,0,Mph
-1625.5,-2648.75,0,Mph
-1517.5,-2637.75,0,Mph
-1424.5,-2625.75,0,Mph
-1698,-2630.25,0,Mph
-1733.5,-2628.75,0,Mph
-1566,-2621.75,0,Mph
-1770.5,-2620.25,0,Mph
-1524,-2622.25,0,Mph
-1500.5,-2616.25,0,Mph
-1399.5,-2620.75,0,Mph
-1708,-2616.75,0,Mph
-1606.5,-2611.75,0,Mph
-1808.5,-2611.75,0,Mph
-1830,-2610.25,0,Mph
-1693.5,-2605.25,0,Mph
-1398.5,-2597.25,0,Mph
-1770.5,-2600.75,0,Mph
-1887,-2596.25,0,Mph
-1720.5,-2597.75,0,Mph
-1489.5,-2592.25,0,Mph
-1685.5,-2591.75,0,Mph
-1553.5,-2592.25,0,Mph
-1753,-2590.25,0,Mph
-1528,-2590.75,0,Mph
-1834,-2588.25,0,Mph
-1922.5,-2588.25,0,Mph
-1950,-2588.25,0,Mph
-1433.5,-2585.25,0,Mph
-1789.5,-2581.75,0,Mph
-1574,-2579.75,0,Mph
-1644,-2575.25,0,Mph
-1979.5,-2575.75,0,Mph
-1512,-2574.75,0,Mph
-1816.5,-2571.75,0,Mph
-1764.5,-2571.75,0,Mph
-1409.5,-2570.75,0,Mph
-1795,-2566.25,0,Mph
-1459,-2567.75,0,Mph
-1917,-2567.25,0,Mph
-1830,-2560.75,0,Mph
-1392.5,-2556.75,0,Mph
-1430.5,-2559.75,0,Mph
-1675,-2554.75,0,Mph
-1972.5,-2551.25,0,Mph
-1766,-2549.75,0,Mph
-1633.5,-2550.25,0,Mph
-1586.5,-2546.75,0,Mph
-1911.5,-2550.75,0,Mph
-1728,-2549.75,0,Mph
-1560,-2550.25,0,Mph
-1463.5,-2546.25,0,Mph
-1614,-2540.75,0,Mph
-1828.5,-2541.25,0,Mph
-1553.5,-2537.75,0,Mph
-2005.5,-2535.75,0,Mph
-1793,-2535.25,0,Mph
-1382,-2532.75,0,Mph
-1598.5,-2528.75,0,Mph
-1672.5,-2524.25,0,Mph
-1411,-2524.25,0,Mph
-1488,-2520.25,0,Mph
-1777,-2521.25,0,Mph
-1506,-2519.25,0,Mph
-1301.5,-2516.75,0,Mph
-1722.5,-2519.25,0,Mph
-1693.5,-2515.75,0,Mph
-1561.5,-2510.25,0,Mph
-1649.5,-2506.75,0,Mph
-1426.5,-2498.75,0,Mph
-1528,-2499.75,0,Mph
-1251.5,-2500.25,0,Mph
-1777.5,-2496.75,0,Mph
-1830.5,-2494.75,0,Mph
-1627,-2494.75,0,Mph
-1683.5,-2492.75,0,Mph
-1547,-2492.75,0,Mph
-1723.5,-2488.75,0,Mph
-1450.5,-2488.25,0,Mph
-1409,-2482.75,0,Mph
-1511.5,-2486.25,0,Mph
-1395,-2482.25,0,Mph
-1331,-2486.25,0,Mph
-1608,-2486.25,0,Mph
-1573,-2481.25,0,Mph
-1268,-2482.75,0,Mph
-1801.5,-2481.75,0,Mph
-1535.5,-2483.25,0,Mph
-1783,-2472.75,0,Mph
-1315,-2471.75,0,Mph
-1504.5,-2468.75,0,Mph
-1553,-2471.25,0,Mph
-1860,-2467.25,0,Mph
-1615,-2464.25,0,Mph
-1695,-2459.75,0,Mph
-1304,-2461.25,0,Mph
-1766.5,-2450.75,0,Mph
-1597,-2456.25,0,Mph
-1792,-2448.75,0,Mph
-1637.5,-2453.75,0,Mph
-1344,-2450.25,0,Mph
-1585,-2448.25,0,Mph
-1556.5,-2450.25,0,Mph
-1664,-2445.75,0,Mph
-1855.5,-2439.75,0,Mph
-1595,-2436.25,0,Mph
-1573,-2435.25,0,Mph
-1634,-2428.75,0,Mph
-1683.5,-2420.75,0,Mph
-1743,-2418.25,0,Mph
-1601.5,-2414.75,0,Mph
-1778.5,-2408.25,0,Mph
-1582,-2408.75,0,Mph
-1558,-2408.75,0,Mph
-1719.5,-2402.75,0,Mph
-1586.5,-2389.25,0,Mph
-1700,-2384.75,0,Mph
-1648,-2382.75,0,Mph
-1559.5,-2383.75,0,Mph
-1614,-2371.25,0,Mph
-1597.5,-2372.75,0,Mph
-1747.5,-2368.25,0,Mph
-1698.5,-2360.25,0,Mph
-1566.5,-2351.25,0,Mph
-1677,-2349.75,0,Mph
-1633.5,-2344.25,0,Mph
-1658,-2343.75,0,Mph
-1501,-2342.25,0,Mph
-1610,-2340.75,0,Mph
-1704,-2340.75,0,Mph
-1863.5,-2336.25,0,Mph
-1760.5,-2328.75,0,Mph
-1891,-2327.25,0,Mph
-1949,-2324.25,0,Mph
-1743.5,-2320.75,0,Mph
-1656.5,-2320.75,0,Mph
-1706.5,-2320.75,0,Mph
-1603.5,-2316.25,0,Mph
-1687,-2312.25,0,Mph
-1571.5,-2305.25,0,Mph
-1793,-2306.25,0,Mph
-1723.5,-2299.75,0,Mph
-1862,-2295.25,0,Mph
-1935,-2299.75,0,Mph
-1655,-2297.25,0,Mph
-1674.5,-2291.75,0,Mph
-1694,-2293.25,0,Mph
-1803.5,-2283.75,0,Mph
-1620,-2282.25,0,Mph
-1636,-2281.25,0,Mph
-1570,-2281.25,0,Mph
-1948.5,-2279.25,0,Mph
-1657,-2277.75,0,Mph
-1489.5,-2277.25,0,Mph
-1561.5,-2271.25,0,Mph
-1515,-2275.75,0,Mph
-1877,-2273.25,0,Mph
-1693.5,-2260.75,0,Mph
-1827.5,-2267.25,0,Mph
-1604,-2261.75,0,Mph
-1785,-2261.75,0,Mph
-1947,-2259.25,0,Mph
-1814,-2254.75,0,Mph
-2127.5,-2524.25,0,Mph
-2056.5,-2518.75,0,Mph
-2178.5,-2506.25,0,Mph
-2207.5,-2502.75,0,Mph
-2241.5,-2493.25,0,Mph
-2217,-2482.75,0,Mph
-2129,-2473.75,0,Mph
-2319.5,-2465.75,0,Mph
-2345.5,-2458.75,0,Mph
-2282.5,-2454.75,0,Mph
-2382.5,-2445.75,0,Mph
-2245,-2441.25,0,Mph
-2364.5,-2430.25,0,Mph
-2123.5,-2428.25,0,Mph
-2429.5,-2428.75,0,Mph
-2278.5,-2420.25,0,Mph
-2319,-2418.25,0,Mph
-2465.5,-2413.75,0,Mph
-2309,-2410.75,0,Mph
-2203,-2408.25,0,Mph
-2496.5,-2404.25,0,Mph
-2408,-2402.75,0,Mph
-2241,-2404.25,0,Mph
-2298.5,-2400.75,0,Mph
-2100.5,-2386.75,0,Mph
-2471.5,-2387.75,0,Mph
-2516,-2389.75,0,Mph
-2433,-2385.75,0,Mph
-2284.5,-2384.75,0,Mph
-2492.5,-2383.25,0,Mph
-2131.5,-2381.75,0,Mph
-2530,-2378.25,0,Mph
-2266.5,-2371.75,0,Mph
-2505.5,-2370.75,0,Mph
-2562.5,-2368.25,0,Mph
-2152.5,-2363.75,0,Mph
-2173.5,-2357.25,0,Mph
-2301.5,-2363.25,0,Mph
-2220.5,-2352.75,0,Mph
-2192,-2350.25,0,Mph
-2498.5,-2348.75,0,Mph
-2617.5,-2347.25,0,Mph
-2588,-2346.75,0,Mph
-2285,-2338.25,0,Mph
-2646,-2328.75,0,Mph
-2258.5,-2329.25,0,Mph
-2622.5,-2327.75,0,Mph
-2224,-2324.75,0,Mph
-2131.5,-2326.25,0,Mph
-2675.5,-2301.25,0,Mph
-2165.5,-2311.25,0,Mph
-2121.5,-2306.75,0,Mph
-2139.5,-2297.75,0,Mph
-2709,-2288.75,0,Mph
-2154,-2289.75,0,Mph
-2693.5,-2285.25,0,Mph
-2673,-2266.25,0,Mph
-2691,-2263.75,0,Mph
-2182.5,-2255.75,0,Mph
-2292.5,-2252.25,0,Mph
1283.5,-3035.75,0,Mph
1356.5,-3038.75,0,Mph
1403,-3039.25,0,Mph
1333.5,-3031.75,0,Mph
1371.5,-3032.75,0,Mph
1240.5,-3030.75,0,Mph
1222,-3033.25,0,Mph
1421,-3026.75,0,Mph
1446.5,-3032.75,0,Mph
1472,-3027.75,0,Mph
1200,-3023.75,0,Mph
1498.5,-3031.25,0,Mph
1547.5,-3026.25,0,Mph
1573.5,-3024.75,0,Mph
1520,-3030.75,0,Mph
1388,-3024.75,0,Mph
1603.5,-3023.25,0,Mph
1641,-3015.75,0,Mph
1268.5,-3015.75,0,Mph
1530,-3013.75,0,Mph
1670.5,-3008.75,0,Mph
1413,-3009.25,0,Mph
1755.5,-3008.25,0,Mph
1438.5,-3007.25,0,Mph
1219.5,-3006.25,0,Mph
1596.5,-3004.25,0,Mph
1794,-3004.75,0,Mph
1187.5,-3001.75,0,Mph
1304.5,-2998.75,0,Mph
1814,-2996.75,0,Mph
1832,-2996.75,0,Mph
1857,-2992.25,0,Mph
1668.5,-2987.75,0,Mph
1777,-2989.75,0,Mph
1630.5,-2983.75,0,Mph
1880,-2987.25,0,Mph
1693.5,-2986.75,0,Mph
1798,-2984.75,0,Mph
1543.5,-2981.25,0,Mph
1180.5,-2980.75,0,Mph
1904,-2976.75,0,Mph
1773.5,-2971.25,0,Mph
1876.5,-2967.75,0,Mph
1323.5,-2965.75,0,Mph
1360.5,-2964.25,0,Mph
1953,-2963.25,0,Mph
1226.5,-2961.75,0,Mph
1377,-2957.25,0,Mph
1964.5,-2956.25,0,Mph
1339,-2953.25,0,Mph
1208,-2944.75,0,Mph
1286,-2950.75,0,Mph
1303,-2949.75,0,Mph
1544.5,-2948.25,0,Mph
1899,-2946.75,0,Mph
1927.5,-2948.75,0,Mph
1297.5,-2934.25,0,Mph
1926,-2927.75,0,Mph
1352,-2920.25,0,Mph
1385.5,-2900.25,0,Mph
1347.5,-2901.75,0,Mph
1265,-2898.25,0,Mph
1370.5,-2877.75,0,Mph
1320.5,-2880.75,0,Mph
1300.5,-2873.75,0,Mph
1263,-2877.25,0,Mph
1329,-2860.25,0,Mph
1347,-2852.25,0,Mph
1278.5,-2848.75,0,Mph
1319.5,-2845.25,0,Mph
1299.5,-2828.75,0,Mph
1845,-2776.25,0,Mph
1865.5,-2775.75,0,Mph
1815,-2772.25,0,Mph
1732,-2736.75,0,Mph
1747,-2722.25,0,Mph
1804,-2717.75,0,Mph
1775,-2712.25,0,Mph
1223.5,-2611.75,0,Mph
1943,-2596.25,0,Mph
1211,-2604.75,0,Mph
1218,-2593.75,0,Mph
1487,-2572.25,0,Mph
1280.5,-2576.25,0,Mph
1401,-2573.25,0,Mph
1942,-2570.25,0,Mph
1471,-2557.75,0,Mph
1209.5,-2535.25,0,Mph
1489,-2536.25,0,Mph
1190.5,-2531.75,0,Mph
1960.5,-2522.75,0,Mph
1266,-2490.25,0,Mph
1284,-2478.25,0,Mph
1614,-2471.25,0,Mph
1354.5,-2470.75,0,Mph
1813.5,-2461.25,0,Mph
1286.5,-2454.75,0,Mph
1245.5,-2436.75,0,Mph
1921.5,-2439.25,0,Mph
1346.5,-2414.75,0,Mph
1245.5,-2398.75,0,Mph
1360,-2388.25,0,Mph
1861.5,-2395.25,0,Mph
1229,-2391.75,0,Mph
1321,-2391.75,0,Mph
1269.5,-2377.25,0,Mph
1608,-2361.25,0,Mph
1498.5,-2362.75,0,Mph
1306,-2362.25,0,Mph
1577,-2361.25,0,Mph
1329,-2354.25,0,Mph
1387.5,-2351.75,0,Mph
1585.5,-2349.75,0,Mph
1516,-2342.75,0,Mph
1283.5,-2343.25,0,Mph
1305,-2341.25,0,Mph
1851.5,-2338.25,0,Mph
1359,-2325.75,0,Mph
1273.5,-2320.75,0,Mph
1315,-2320.75,0,Mph
1309,-2307.75,0,Mph
1242,-2300.75,0,Mph
1510.5,-2298.75,0,Mph
1324,-2293.25,0,Mph
1294,-2294.25,0,Mph
1568,-2295.75,0,Mph
1226.5,-2289.25,0,Mph
1588,-2284.25,0,Mph
1480.5,-2287.25,0,Mph
1538,-2282.25,0,Mph
1259.5,-2281.75,0,Mph
1842.5,-2274.25,0,Mph
1236.5,-2279.25,0,Mph
1181,-2270.75,0,Mph
1621.5,-2270.25,0,Mph
1197.5,-2269.75,0,Mph
1216.5,-2267.25,0,Mph
1311,-2261.75,0,Mph
1444.5,-2256.75,0,Mph
1493,-2259.75,0,Mph
1256,-2257.25,0,Mph
345,-2969.25,0,Mph
313.5,-2972.25,0,Mph
263,-2970.25,0,Mph
225,-2967.75,0,Mph
197,-2953.75,0,Mph
355,-2951.75,0,Mph
112,-2944.75,0,Mph
91,-2948.25,0,Mph
71.5,-2945.25,0,Mph
316.5,-2943.75,0,Mph
28,-2940.75,0,Mph
-4,-2939.25,0,Mph
-88.5,-2925.25,0,Mph
-59.5,-2932.75,0,Mph
279,-2924.75,0,Mph
-1.5,-2926.25,0,Mph
-114,-2917.75,0,Mph
345.5,-2922.25,0,Mph
197,-2921.75,0,Mph
31,-2920.75,0,Mph
123.5,-2917.75,0,Mph
332,-2920.25,0,Mph
-170,-2919.25,0,Mph
48,-2913.75,0,Mph
-193,-2916.75,0,Mph
-218.5,-2912.25,0,Mph
306,-2911.25,0,Mph
-254.5,-2906.25,0,Mph
-61.5,-2907.75,0,Mph
135.5,-2903.75,0,Mph
-287.5,-2903.25,0,Mph
268,-2896.75,0,Mph
-314,-2895.25,0,Mph
-85,-2894.75,0,Mph
-44,-2896.75,0,Mph
-342,-2894.75,0,Mph
-233,-2895.25,0,Mph
244.5,-2892.75,0,Mph
330.5,-2893.75,0,Mph
-365,-2886.75,0,Mph
-383,-2891.75,0,Mph
54.5,-2884.25,0,Mph
-202.5,-2886.75,0,Mph
-66,-2887.25,0,Mph
165,-2885.25,0,Mph
-399,-2881.75,0,Mph
32.5,-2883.25,0,Mph
229.5,-2887.25,0,Mph
-261.5,-2884.25,0,Mph
-301,-2881.75,0,Mph
332,-2875.25,0,Mph
212.5,-2871.75,0,Mph
-241,-2870.75,0,Mph
252.5,-2872.75,0,Mph
-114,-2870.75,0,Mph
178.5,-2870.25,0,Mph
-182.5,-2866.75,0,Mph
305,-2866.75,0,Mph
-413.5,-2862.75,0,Mph
-349.5,-2863.75,0,Mph
-289.5,-2862.75,0,Mph
-142,-2859.75,0,Mph
-38,-2845.75,0,Mph
356.5,-2847.75,0,Mph
12.5,-2843.25,0,Mph
296,-2840.75,0,Mph
335.5,-2843.75,0,Mph
319,-2838.75,0,Mph
263,-2840.25,0,Mph
-287.5,-2832.75,0,Mph
-249,-2836.25,0,Mph
-265,-2832.25,0,Mph
-313.5,-2833.25,0,Mph
243.5,-2832.75,0,Mph
344,-2830.25,0,Mph
-223,-2830.75,0,Mph
-117,-2827.75,0,Mph
361,-2825.25,0,Mph
-187.5,-2818.75,0,Mph
-215,-2812.75,0,Mph
368,-2803.25,0,Mph
-263.5,-2798.25,0,Mph
-297,-2789.75,0,Mph
344.5,-2790.75,0,Mph
-236,-2787.25,0,Mph
-190.5,-2773.25,0,Mph
-225,-2766.25,0,Mph
174.5,-2762.25,0,Mph
229.5,-2762.75,0,Mph
299,-2757.25,0,Mph
-149,-2760.75,0,Mph
158,-2759.25,0,Mph
349.5,-2752.75,0,Mph
247,-2752.25,0,Mph
-191.5,-2751.25,0,Mph
134,-2749.75,0,Mph
161,-2743.25,0,Mph
202,-2738.25,0,Mph
179,-2737.25,0,Mph
-253.5,-2730.75,0,Mph
-201.5,-2729.25,0,Mph
-92.5,-2724.75,0,Mph
-227,-2718.75,0,Mph
289.5,-2720.25,0,Mph
338,-2712.75,0,Mph
-78.5,-2714.75,0,Mph
-186,-2706.25,0,Mph
248.5,-2707.25,0,Mph
369,-2702.25,0,Mph
-122.5,-2703.25,0,Mph
-369,-2701.75,0,Mph
-244,-2701.75,0,Mph
324.5,-2694.25,0,Mph
-204,-2693.25,0,Mph
192,-2694.25,0,Mph
290,-2694.25,0,Mph
221,-2688.25,0,Mph
15.5,-2688.25,0,Mph
128,-2690.25,0,Mph
-14.5,-2685.75,0,Mph
238.5,-2685.25,0,Mph
-82.5,-2682.75,0,Mph
-256.5,-2681.25,0,Mph
-186,-2679.75,0,Mph
-38,-2671.25,0,Mph
-56,-2667.25,0,Mph
88.5,-2661.25,0,Mph
24,-2651.25,0,Mph
4,-2647.75,0,Mph
241,-2649.25,0,Mph
-195,-2647.75,0,Mph
204.5,-2629.25,0,Mph
38.5,-2624.25,0,Mph
213.5,-2605.25,0,Mph
251,-2609.75,0,Mph
219,-2561.75,0,Mph
223,-2545.25,0,Mph
-205,-2539.75,0,Mph
-192,-2529.75,0,Mph
205.5,-2516.75,0,Mph
277,-2521.25,0,Mph
372,-2516.75,0,Mph
176,-2493.75,0,Mph
204,-2480.75,0,Mph
177,-2477.75,0,Mph
301.5,-2418.25,0,Mph
275.5,-2405.75,0,Mph
283,-2379.25,0,Mph
326,-2354.25,0,Mph
-229,-2334.25,0,Mph
-393.5,-2329.25,0,Mph
-206.5,-2324.75,0,Mph
-243,-2320.75,0,Mph
-293.5,-2317.75,0,Mph
-183,-2319.75,0,Mph
-375,-2309.75,0,Mph
-314,-2297.25,0,Mph
-220,-2299.75,0,Mph
-202.5,-2298.25,0,Mph
268.5,-2298.75,0,Mph
-247,-2293.75,0,Mph
337.5,-2291.75,0,Mph
-347,-2291.75,0,Mph
128.5,-2273.75,0,Mph
-249.5,-2273.25,0,Mph
-207,-2269.75,0,Mph
-280.5,-2272.75,0,Mph
-264.5,-2269.75,0,Mph
199,-2263.25,0,Mph
152,-2254.25,0,Mph
1975,-2942.25,0,Mph
2056.5,-2928.75,0,Mph
2010,-2926.75,0,Mph
2079.5,-2921.25,0,Mph
2093.5,-2920.75,0,Mph
2024,-2909.25,0,Mph
2127.5,-2905.75,0,Mph
2169.5,-2890.75,0,Mph
2203,-2876.75,0,Mph
2170,-2865.75,0,Mph
2233.5,-2859.25,0,Mph
2266,-2859.75,0,Mph
2248.5,-2837.75,0,Mph
2331,-2825.75,0,Mph
2291.5,-2823.25,0,Mph
2357,-2811.25,0,Mph
2307.5,-2802.75,0,Mph
2392.5,-2791.25,0,Mph
2403,-2778.75,0,Mph
2347,-2781.25,0,Mph
2440,-2755.25,0,Mph
2414.5,-2763.25,0,Mph
2421,-2748.25,0,Mph
2473.5,-2739.25,0,Mph
2500.5,-2712.25,0,Mph
2527.5,-2699.75,0,Mph
2541.5,-2668.75,0,Mph
2571.5,-2654.25,0,Mph
2524,-2652.25,0,Mph
2593.5,-2647.25,0,Mph
2566,-2640.75,0,Mph
2589,-2629.25,0,Mph
2617,-2611.25,0,Mph
1978,-2603.25,0,Mph
2636,-2594.25,0,Mph
2015.5,-2590.25,0,Mph
2056.5,-2577.25,0,Mph
2285.5,-2573.25,0,Mph
2102,-2574.75,0,Mph
2630.5,-2571.75,0,Mph
2665.5,-2570.25,0,Mph
1977,-2567.25,0,Mph
2113,-2564.75,0,Mph
2698,-2558.25,0,Mph
2144.5,-2557.25,0,Mph
2248.5,-2556.25,0,Mph
2066,-2544.75,0,Mph
2309,-2545.25,0,Mph
2230.5,-2551.75,0,Mph
2119,-2544.25,0,Mph
1997,-2536.25,0,Mph
2277,-2546.25,0,Mph
2713.5,-2543.25,0,Mph
2088.5,-2534.75,0,Mph
2106.5,-2533.75,0,Mph
2164,-2530.75,0,Mph
1979.5,-2532.75,0,Mph
2195.5,-2514.25,0,Mph
2266.5,-2512.25,0,Mph
2070,-2515.75,0,Mph
1978.5,-2514.25,0,Mph
2094,-2513.75,0,Mph
2153,-2499.25,0,Mph
2180,-2457.75,0,Mph
2046,-2454.75,0,Mph
2239,-2444.75,0,Mph
2044,-2430.75,0,Mph
2205,-2385.25,0,Mph
2235,-2379.75,0,Mph
2242,-2362.75,0,Mph
2216,-2354.25,0,Mph
2187.5,-2346.25,0,Mph
2407,-2314.25,0,Mph
2370.5,-2296.75,0,Mph
2395.5,-2305.25,0,Mph
2302,-2300.25,0,Mph
2309,-2282.25,0,Mph
2023.5,-2273.75,0,Mph
2594,-2264.75,0,Mph
-2855,-2176.75,0,Mph
-2876.5,-2163.25,0,Mph
-2831,-2150.75,0,Mph
-2914.5,-2136.25,0,Mph
-2894.5,-2129.75,0,Mph
-2914,-2119.25,0,Mph
-2947,-2100.75,0,Mph
-2965.5,-2091.25,0,Mph
-2898.5,-2082.75,0,Mph
-2979,-2083.25,0,Mph
-2959.5,-2072.75,0,Mph
-2935.5,-2073.75,0,Mph
-2995.5,-2064.25,0,Mph
-2922.5,-2058.75,0,Mph
-2841,-2062.75,0,Mph
-3011,-2056.25,0,Mph
-2872,-2055.25,0,Mph
-2896,-2045.75,0,Mph
-2830.5,-2040.75,0,Mph
-2974.5,-2042.25,0,Mph
-2865,-2041.25,0,Mph
-2912.5,-2035.75,0,Mph
-3003.5,-2026.25,0,Mph
-3051.5,-2015.25,0,Mph
-3057.5,-1991.25,0,Mph
-3087,-1977.25,0,Mph
-2855,-1972.75,0,Mph
-3101.5,-1962.25,0,Mph
-3127.5,-1944.25,0,Mph
-3115,-1930.75,0,Mph
-3153,-1922.75,0,Mph
-3168.5,-1903.75,0,Mph
-2879.5,-1889.75,0,Mph
-3185,-1890.25,0,Mph
-3199,-1872.25,0,Mph
-2852,-1865.25,0,Mph
-2887,-1853.25,0,Mph
-2942.5,-1840.75,0,Mph
-3185,-1846.75,0,Mph
-3237.5,-1835.75,0,Mph
-2891,-1833.25,0,Mph
-3221,-1820.75,0,Mph
-2840.5,-1827.25,0,Mph
-2881,-1813.25,0,Mph
-2946.5,-1810.25,0,Mph
-2841.5,-1808.75,0,Mph
-3191,-1812.25,0,Mph
-3182,-1791.75,0,Mph
-2938.5,-1787.75,0,Mph
-3262,-1789.75,0,Mph
-3218,-1788.75,0,Mph
-2836,-1786.75,0,Mph
-3242,-1780.75,0,Mph
-2908,-1773.75,0,Mph
-3284.5,-1773.25,0,Mph
-3309.5,-1770.75,0,Mph
-3165.5,-1772.25,0,Mph
-2945,-1770.75,0,Mph
-2838.5,-1768.25,0,Mph
-3196.5,-1764.25,0,Mph
-2891,-1763.25,0,Mph
-3266.5,-1765.25,0,Mph
-2992,-1757.75,0,Mph
-3249.5,-1760.25,0,Mph
-3040,-1759.25,0,Mph
-2876,-1755.25,0,Mph
-3103.5,-1756.75,0,Mph
-3018,-1755.25,0,Mph
-3084.5,-1748.75,0,Mph
-2854.5,-1751.25,0,Mph
-3188,-1741.25,0,Mph
-2952.5,-1744.75,0,Mph
-3351.5,-1735.75,0,Mph
-3314.5,-1743.25,0,Mph
-3230,-1743.75,0,Mph
-3131.5,-1738.75,0,Mph
-2912,-1738.75,0,Mph
-3013,-1735.25,0,Mph
-2884,-1729.25,0,Mph
-2999,-1731.75,0,Mph
-3067.5,-1729.75,0,Mph
-3212,-1727.25,0,Mph
-3311,-1721.75,0,Mph
-3231,-1718.75,0,Mph
-3147.5,-1720.25,0,Mph
-3335.5,-1719.25,0,Mph
-3036.5,-1716.25,0,Mph
-3385,-1710.75,0,Mph
-3075.5,-1715.25,0,Mph
-2901.5,-1709.75,0,Mph
-3288,-1708.25,0,Mph
-3267.5,-1701.75,0,Mph
-3332.5,-1702.75,0,Mph
-3205,-1698.25,0,Mph
-3358,-1699.25,0,Mph
-2937.5,-1692.75,0,Mph
-3319.5,-1686.25,0,Mph
-3234.5,-1689.75,0,Mph
-3183.5,-1677.25,0,Mph
-3165,-1682.25,0,Mph
-2953.5,-1683.75,0,Mph
-2847,-1681.75,0,Mph
-3258,-1678.25,0,Mph
-2896.5,-1677.75,0,Mph
-3231.5,-1668.25,0,Mph
-3298.5,-1672.25,0,Mph
-2855.5,-1667.75,0,Mph
-3379.5,-1663.25,0,Mph
-3336,-1656.75,0,Mph
-2836.5,-1653.25,0,Mph
-3424,-1647.25,0,Mph
-3465.5,-1644.75,0,Mph
-3313,-1641.25,0,Mph
-3354.5,-1643.25,0,Mph
-3212,-1642.75,0,Mph
-2908,-1641.25,0,Mph
-3290.5,-1631.75,0,Mph
-2875,-1636.75,0,Mph
-3225,-1622.25,0,Mph
-3470.5,-1618.75,0,Mph
-3330.5,-1630.25,0,Mph
-3444,-1617.25,0,Mph
-2877,-1615.75,0,Mph
-3247,-1612.75,0,Mph
-2901.5,-1608.25,0,Mph
-3606,-1610.75,0,Mph
-3574.5,-1610.75,0,Mph
-3543.5,-1599.75,0,Mph
-3596.5,-1599.25,0,Mph
-3207.5,-1601.75,0,Mph
-3327,-1600.25,0,Mph
-3492.5,-1593.25,0,Mph
-3619.5,-1586.25,0,Mph
-3521.5,-1594.75,0,Mph
-3303.5,-1587.25,0,Mph
-3577.5,-1574.25,0,Mph
-3331,-1565.75,0,Mph
-3234.5,-1560.25,0,Mph
-3559.5,-1550.75,0,Mph
-3180.5,-1545.25,0,Mph
-3221,-1539.75,0,Mph
-3289.5,-1533.75,0,Mph
-3326.5,-1539.25,0,Mph
-3534.5,-1535.75,0,Mph
-3151.5,-1537.25,0,Mph
-3483.5,-1528.25,0,Mph
-3321,-1528.25,0,Mph
-3256.5,-1521.25,0,Mph
-3460,-1526.25,0,Mph
-3144.5,-1525.75,0,Mph
-3541,-1515.25,0,Mph
-3166.5,-1515.75,0,Mph
-3454.5,-1511.25,0,Mph
-3137,-1505.75,0,Mph
-3321,-1502.75,0,Mph
-3402.5,-1507.25,0,Mph
-3292.5,-1500.75,0,Mph
-3206,-1499.75,0,Mph
-3235.5,-1496.75,0,Mph
-3432.5,-1493.25,0,Mph
-3126.5,-1491.75,0,Mph
-3358.5,-1489.75,0,Mph
-3387,-1489.25,0,Mph
-3449.5,-1486.25,0,Mph
-3187.5,-1479.75,0,Mph
-3411.5,-1478.25,0,Mph
-3354,-1461.75,0,Mph
-3291,-1472.75,0,Mph
-3125,-1474.75,0,Mph
-3258,-1465.75,0,Mph
-3161,-1469.25,0,Mph
2798.5,-2455.75,0,Mph
2807.5,-2447.75,0,Mph
2781.5,-2424.25,0,Mph
2823,-2426.25,0,Mph
2787,-2404.25,0,Mph
2857,-2378.75,0,Mph
2854,-2357.25,0,Mph
2871.5,-2319.75,0,Mph
2923.5,-2304.25,0,Mph
2906,-2287.75,0,Mph
-1204,-2239.25,0,Mph
-927,-2245.75,0,Mph
-911.5,-2242.75,0,Mph
-802.5,-2233.75,0,Mph
-1145.5,-2223.25,0,Mph
-874.5,-2227.75,0,Mph
-1198,-2203.25,0,Mph
-908,-2204.75,0,Mph
-980.5,-2200.75,0,Mph
-904.5,-2162.75,0,Mph
-914,-2150.75,0,Mph
-1224.5,-2146.75,0,Mph
-986.5,-2135.75,0,Mph
-942,-2137.25,0,Mph
-531.5,-2118.25,0,Mph
-969.5,-2112.25,0,Mph
-1019.5,-2112.75,0,Mph
-993,-2109.75,0,Mph
-569,-2094.75,0,Mph
-1007,-2089.75,0,Mph
-675,-2091.25,0,Mph
-638,-2085.75,0,Mph
-1019,-2079.75,0,Mph
-553.5,-2074.75,0,Mph
-518,-2064.25,0,Mph
-593.5,-2059.75,0,Mph
-456.5,-2047.25,0,Mph
-782.5,-2041.75,0,Mph
-584.5,-2040.25,0,Mph
-751,-2037.25,0,Mph
-717.5,-2036.25,0,Mph
-546,-2030.75,0,Mph
-455,-2029.75,0,Mph
-522,-2026.75,0,Mph
-768,-2024.25,0,Mph
-438,-2018.25,0,Mph
-1192.5,-1995.75,0,Mph
-477.5,-2005.75,0,Mph
-506,-2005.75,0,Mph
-733.5,-1986.25,0,Mph
-1219.5,-1988.25,0,Mph
-713,-1981.75,0,Mph
-1042.5,-1978.75,0,Mph
-1133.5,-1960.75,0,Mph
-1185,-1960.75,0,Mph
-1158.5,-1957.75,0,Mph
-1205,-1947.25,0,Mph
-1095.5,-1943.25,0,Mph
-1028.5,-1933.25,0,Mph
-1123,-1924.75,0,Mph
-1093.5,-1920.25,0,Mph
-1012.5,-1921.75,0,Mph
-1053.5,-1907.75,0,Mph
-1220,-1906.25,0,Mph
-1124,-1895.25,0,Mph
-1105,-1887.75,0,Mph
-1074.5,-1879.25,0,Mph
-1126.5,-1859.25,0,Mph
-1216.5,-1856.25,0,Mph
-1199,-1846.75,0,Mph
-1139,-1830.75,0,Mph
-1066,-1826.25,0,Mph
-1130.5,-1817.75,0,Mph
-1158.5,-1811.25,0,Mph
-1178.5,-1796.75,0,Mph
-1133,-1799.25,0,Mph
-1141,-1783.75,0,Mph
-1158,-1771.75,0,Mph
-1076,-1704.25,0,Mph
-1144.5,-1698.25,0,Mph
-1133.5,-1674.75,0,Mph
-1037.5,-1665.25,0,Mph
-1061.5,-1661.75,0,Mph
-1156.5,-1651.25,0,Mph
-1028,-1649.25,0,Mph
-1082.5,-1637.25,0,Mph
-1057.5,-1614.25,0,Mph
-1138.5,-1615.75,0,Mph
-1145.5,-1595.75,0,Mph
-1095,-1595.75,0,Mph
-713,-1588.25,0,Mph
-775,-1580.75,0,Mph
-1014,-1569.25,0,Mph
-704.5,-1570.75,0,Mph
-1050,-1563.75,0,Mph
-753,-1556.25,0,Mph
-1035,-1557.75,0,Mph
-992.5,-1555.75,0,Mph
-698.5,-1554.25,0,Mph
-786,-1542.75,0,Mph
-1137.5,-1537.25,0,Mph
-701.5,-1535.25,0,Mph
-982.5,-1533.75,0,Mph
-659.5,-1525.25,0,Mph
-478.5,-1503.75,0,Mph
-724.5,-1506.75,0,Mph
-747.5,-1501.75,0,Mph
-708,-1483.75,0,Mph
-184,-2251.25,0,Mph
214,-2248.25,0,Mph
-305.5,-2246.25,0,Mph
290.5,-2240.25,0,Mph
269,-2228.25,0,Mph
234.5,-2231.75,0,Mph
230.5,-2217.75,0,Mph
127,-2203.25,0,Mph
148,-2198.25,0,Mph
292,-2194.25,0,Mph
248,-2199.25,0,Mph
263.5,-2191.75,0,Mph
152.5,-2182.25,0,Mph
249,-2171.25,0,Mph
275,-2173.75,0,Mph
291,-2171.25,0,Mph
212,-2156.75,0,Mph
198.5,-2159.25,0,Mph
156.5,-2150.75,0,Mph
192,-2143.75,0,Mph
178,-2122.25,0,Mph
-219.5,-2120.25,0,Mph
209.5,-2106.75,0,Mph
166.5,-2105.25,0,Mph
136.5,-2095.75,0,Mph
161,-2082.25,0,Mph
244,-2070.75,0,Mph
138.5,-2068.75,0,Mph
166.5,-2065.75,0,Mph
230,-2056.25,0,Mph
-326.5,-2043.75,0,Mph
162,-2037.75,0,Mph
-329.5,-2027.25,0,Mph
235,-2020.75,0,Mph
184,-2023.25,0,Mph
136,-2011.75,0,Mph
158.5,-2010.75,0,Mph
196,-2007.75,0,Mph
-319.5,-2005.25,0,Mph
96,-2000.25,0,Mph
-423.5,-1996.75,0,Mph
187.5,-1996.25,0,Mph
209,-1997.25,0,Mph
143,-1990.25,0,Mph
-326,-1989.25,0,Mph
230.5,-1988.25,0,Mph
-353,-1986.75,0,Mph
75,-1982.75,0,Mph
201.5,-1977.25,0,Mph
175,-1980.75,0,Mph
-312.5,-1976.25,0,Mph
-241,-1972.25,0,Mph
-343.5,-1969.75,0,Mph
312,-1969.75,0,Mph
-225,-1960.25,0,Mph
-341,-1953.25,0,Mph
65.5,-1953.25,0,Mph
120.5,-1936.75,0,Mph
-215.5,-1940.75,0,Mph
-292,-1931.25,0,Mph
53.5,-1929.25,0,Mph
-370.5,-1924.75,0,Mph
-278.5,-1919.25,0,Mph
-382.5,-1912.25,0,Mph
9.5,-1911.75,0,Mph
-359.5,-1903.25,0,Mph
-298,-1903.75,0,Mph
-262.5,-1909.75,0,Mph
370.5,-1904.75,0,Mph
-245,-1901.25,0,Mph
74,-1902.75,0,Mph
-171,-1899.25,0,Mph
-185,-1890.75,0,Mph
15,-1891.25,0,Mph
-278,-1885.75,0,Mph
-346,-1885.25,0,Mph
103,-1889.25,0,Mph
-171,-1881.75,0,Mph
1.5,-1867.75,0,Mph
-146.5,-1855.25,0,Mph
-386,-1849.75,0,Mph
-135.5,-1843.25,0,Mph
219,-1825.25,0,Mph
-322.5,-1679.75,0,Mph
-305,-1657.25,0,Mph
-414,-1635.25,0,Mph
-325.5,-1611.75,0,Mph
-192.5,-1604.25,0,Mph
-231,-1591.25,0,Mph
-161,-1588.25,0,Mph
-390,-1584.25,0,Mph
-405,-1570.25,0,Mph
-222,-1566.75,0,Mph
-203.5,-1563.75,0,Mph
-184,-1538.25,0,Mph
-218.5,-1526.75,0,Mph
-397,-1508.75,0,Mph
-183.5,-1501.25,0,Mph
-360.5,-1490.25,0,Mph
-220,-1490.25,0,Mph
-335,-1486.25,0,Mph
-304.5,-1483.25,0,Mph
-150,-1470.75,0,Mph
-179,-1461.75,0,Mph
-117.5,-1458.75,0,Mph
-2720.5,-2244.25,0,Mph
-2683,-2248.75,0,Mph
-2612.5,-2240.25,0,Mph
-2173.5,-2242.75,0,Mph
-2801.5,-2227.75,0,Mph
-2773,-2215.75,0,Mph
-2177,-2220.25,0,Mph
-2750,-2215.25,0,Mph
-2825,-2210.75,0,Mph
-2208,-2215.75,0,Mph
-2728.5,-2204.25,0,Mph
-2806,-2193.75,0,Mph
-2609.5,-2186.75,0,Mph
-2504,-2174.25,0,Mph
-2432,-2166.75,0,Mph
-2798,-2164.25,0,Mph
-2455,-2160.25,0,Mph
-2240.5,-2155.75,0,Mph
-2817.5,-2121.75,0,Mph
-2346.5,-2038.25,0,Mph
-2368,-2017.75,0,Mph
-2346,-2001.75,0,Mph
-2412,-1992.75,0,Mph
-2810.5,-1983.75,0,Mph
-2780.5,-1981.25,0,Mph
-2058,-1963.75,0,Mph
-2551.5,-1963.75,0,Mph
-2560,-1949.25,0,Mph
-2298.5,-1944.75,0,Mph
-2070,-1941.75,0,Mph
-2792,-1941.75,0,Mph
-2744.5,-1937.75,0,Mph
-2536.5,-1935.75,0,Mph
-2325.5,-1930.25,0,Mph
-2035,-1924.25,0,Mph
-2371.5,-1914.75,0,Mph
-2785,-1921.25,0,Mph
-2443.5,-1915.25,0,Mph
-2808.5,-1906.75,0,Mph
-2727.5,-1906.75,0,Mph
-2102.5,-1902.75,0,Mph
-2318,-1904.75,0,Mph
-2045.5,-1901.25,0,Mph
-2688,-1901.25,0,Mph
-2789.5,-1882.25,0,Mph
-2725.5,-1872.75,0,Mph
-2047,-1872.75,0,Mph
-2800.5,-1870.75,0,Mph
-2113.5,-1859.25,0,Mph
-2440.5,-1861.75,0,Mph
-2819.5,-1856.75,0,Mph
-2797.5,-1853.25,0,Mph
-2063,-1856.25,0,Mph
-2406,-1847.25,0,Mph
-2766,-1840.25,0,Mph
-2074.5,-1836.75,0,Mph
-2787,-1829.75,0,Mph
-2132.5,-1830.25,0,Mph
-2339.5,-1814.75,0,Mph
-2505.5,-1780.75,0,Mph
-2809.5,-1768.25,0,Mph
-2472.5,-1760.75,0,Mph
-2821,-1750.75,0,Mph
-2515,-1748.75,0,Mph
-2360.5,-1743.75,0,Mph
-2572,-1730.25,0,Mph
-2395,-1735.75,0,Mph
-2429,-1728.25,0,Mph
-2493,-1725.75,0,Mph
-2413.5,-1712.25,0,Mph
-2454,-1710.75,0,Mph
-2658,-1708.75,0,Mph
-2619,-1707.75,0,Mph
-2550.5,-1709.25,0,Mph
-2306.5,-1707.25,0,Mph
-2438,-1695.75,0,Mph
-2821.5,-1687.75,0,Mph
-2730,-1684.25,0,Mph
-2675.5,-1682.75,0,Mph
-2453.5,-1680.75,0,Mph
-2532.5,-1671.75,0,Mph
-2691.5,-1665.75,0,Mph
-2623.5,-1660.25,0,Mph
-2598.5,-1659.75,0,Mph
-2457.5,-1657.25,0,Mph
-2320,-1645.75,0,Mph
-2795,-1649.75,0,Mph
-2705.5,-1646.25,0,Mph
-2524,-1648.25,0,Mph
-2491.5,-1643.25,0,Mph
-2360.5,-1634.25,0,Mph
-2663.5,-1634.75,0,Mph
-2613.5,-1632.75,0,Mph
-2565,-1627.25,0,Mph
-2228,-1629.25,0,Mph
-2807.5,-1618.75,0,Mph
-2683,-1626.75,0,Mph
-2651,-1624.75,0,Mph
-2292.5,-1617.75,0,Mph
-2774,-1613.25,0,Mph
-2503.5,-1618.75,0,Mph
-2731.5,-1612.25,0,Mph
-2202.5,-1609.25,0,Mph
-2308.5,-1598.75,0,Mph
-2473,-1605.25,0,Mph
-2448,-1604.25,0,Mph
-2655,-1602.25,0,Mph
-2216.5,-1598.25,0,Mph
-2349.5,-1599.75,0,Mph
-2582.5,-1590.25,0,Mph
-2689.5,-1591.25,0,Mph
-2416,-1586.75,0,Mph
-2466.5,-1591.75,0,Mph
-2483.5,-1586.25,0,Mph
-2342.5,-1584.75,0,Mph
-2732,-1581.25,0,Mph
-2275.5,-1572.25,0,Mph
-2493.5,-1579.75,0,Mph
-2290.5,-1569.75,0,Mph
-2431.5,-1558.75,0,Mph
-2670,-1560.75,0,Mph
-2487.5,-1562.75,0,Mph
-2335,-1559.75,0,Mph
-2653,-1555.75,0,Mph
-2359.5,-1549.25,0,Mph
-2642,-1545.75,0,Mph
-2679,-1543.25,0,Mph
-2342,-1541.75,0,Mph
-2276.5,-1537.75,0,Mph
-2371.5,-1527.75,0,Mph
-2722,-1525.75,0,Mph
-2400.5,-1523.75,0,Mph
-2273,-1521.25,0,Mph
-2244,-1517.25,0,Mph
-2531,-1502.25,0,Mph
-2064,-1504.25,0,Mph
-2126.5,-1497.75,0,Mph
-2598,-1492.25,0,Mph
-2391,-1495.75,0,Mph
-2285.5,-1495.75,0,Mph
-2372,-1485.75,0,Mph
-2267,-1490.75,0,Mph
-2358,-1471.75,0,Mph
-2327.5,-1471.25,0,Mph
-2268.5,-1471.75,0,Mph
-2079.5,-1466.25,0,Mph
-1668,-2250.75,0,Mph
-1915.5,-2251.25,0,Mph
-1726.5,-2247.75,0,Mph
-1763,-2244.75,0,Mph
-1544.5,-2241.75,0,Mph
-1746,-2241.25,0,Mph
-1997.5,-2239.25,0,Mph
-1852,-2238.75,0,Mph
-1946.5,-2238.25,0,Mph
-1921.5,-2235.75,0,Mph
-1801.5,-2220.75,0,Mph
-1546,-2220.25,0,Mph
-1867,-2223.25,0,Mph
-1631.5,-2221.75,0,Mph
-1728,-2218.25,0,Mph
-2001.5,-2217.75,0,Mph
-1833,-2211.75,0,Mph
-1649.5,-2209.75,0,Mph
-1759.5,-2213.75,0,Mph
-1748,-2203.25,0,Mph
-1699.5,-2197.75,0,Mph
-1886,-2198.75,0,Mph
-1858.5,-2199.25,0,Mph
-1593,-2193.25,0,Mph
-1622.5,-2195.25,0,Mph
-1971.5,-2194.75,0,Mph
-1531.5,-2195.25,0,Mph
-1674.5,-2191.25,0,Mph
-1848.5,-2188.25,0,Mph
-1571.5,-2188.75,0,Mph
-1904,-2181.25,0,Mph
-1653.5,-2181.75,0,Mph
-1767,-2179.75,0,Mph
-1984,-2181.25,0,Mph
-1521.5,-2177.75,0,Mph
-1619.5,-2175.75,0,Mph
-1684.5,-2171.25,0,Mph
-1931.5,-2172.75,0,Mph
-1991.5,-2164.75,0,Mph
-1563.5,-2154.25,0,Mph
-1700.5,-2164.75,0,Mph
-1847.5,-2158.75,0,Mph
-1600.5,-2165.75,0,Mph
-1819,-2161.25,0,Mph
-1527,-2159.25,0,Mph
-1724,-2158.25,0,Mph
-1704.5,-2148.75,0,Mph
-1913,-2143.25,0,Mph
-1535.5,-2140.75,0,Mph
-1685,-2143.25,0,Mph
-1851,-2138.75,0,Mph
-1983,-2134.25,0,Mph
-1813,-2133.75,0,Mph
-1866,-2128.25,0,Mph
-1917,-2112.25,0,Mph
-1849.5,-2116.25,0,Mph
-1730,-2106.25,0,Mph
-1752,-2100.25,0,Mph
-1997.5,-2094.25,0,Mph
-1715.5,-2082.25,0,Mph
-1762.5,-2078.75,0,Mph
-1287.5,-2076.25,0,Mph
-1734,-2067.75,0,Mph
-1266,-2071.25,0,Mph
-1827.5,-2065.25,0,Mph
-1762,-2052.75,0,Mph
-1779,-2052.25,0,Mph
-1827,-2041.75,0,Mph
-1780.5,-2035.75,0,Mph
-1488.5,-2036.25,0,Mph
-1264.5,-2018.75,0,Mph
-2021.5,-2015.75,0,Mph
-1489.5,-2016.75,0,Mph
-1244.5,-2002.75,0,Mph
-1867.5,-1988.75,0,Mph
-1290.5,-1980.75,0,Mph
-1253.5,-1973.25,0,Mph
-1998,-1965.25,0,Mph
-1886.5,-1971.25,0,Mph
-1853,-1969.25,0,Mph
-1276.5,-1965.75,0,Mph
-1878,-1959.25,0,Mph
-1585.5,-1951.25,0,Mph
-1440,-1948.75,0,Mph
-1864.5,-1945.25,0,Mph
-1601.5,-1945.25,0,Mph
-1922,-1946.25,0,Mph
-1706.5,-1939.75,0,Mph
-2025.5,-1937.25,0,Mph
-1962,-1932.25,0,Mph
-1643,-1930.75,0,Mph
-1905,-1928.75,0,Mph
-1603.5,-1923.75,0,Mph
-2006,-1923.25,0,Mph
-1894.5,-1921.75,0,Mph
-1704.5,-1922.25,0,Mph
-1564,-1916.75,0,Mph
-2000,-1911.25,0,Mph
-1231,-1911.25,0,Mph
-1663,-1904.75,0,Mph
-1552.5,-1903.75,0,Mph
-1589,-1899.25,0,Mph
-1653,-1898.75,0,Mph
-1631.5,-1890.75,0,Mph
-1895.5,-1895.75,0,Mph
-1547.5,-1892.75,0,Mph
-1658.5,-1881.75,0,Mph
-1575,-1882.25,0,Mph
-1370,-1876.25,0,Mph
-2011.5,-1873.25,0,Mph
-1700,-1871.75,0,Mph
-1611,-1876.25,0,Mph
-1914.5,-1866.25,0,Mph
-1692.5,-1857.25,0,Mph
-1566.5,-1852.25,0,Mph
-1635.5,-1844.75,0,Mph
-1596.5,-1845.25,0,Mph
-1230,-1845.75,0,Mph
-1846,-1836.75,0,Mph
-1474.5,-1832.25,0,Mph
-1662,-1837.75,0,Mph
-1885,-1837.25,0,Mph
-1682,-1834.75,0,Mph
-1576,-1831.25,0,Mph
-1834,-1820.25,0,Mph
-1645.5,-1815.25,0,Mph
-1628,-1819.75,0,Mph
-1547,-1816.25,0,Mph
-1446,-1810.25,0,Mph
-1283.5,-1811.75,0,Mph
-1674.5,-1810.75,0,Mph
-1502.5,-1813.25,0,Mph
-1394.5,-1809.25,0,Mph
-1628,-1803.75,0,Mph
-1474,-1805.25,0,Mph
-1661,-1799.75,0,Mph
-1487.5,-1792.25,0,Mph
-1372,-1791.75,0,Mph
-1597.5,-1782.25,0,Mph
-1276,-1790.25,0,Mph
-1644.5,-1778.25,0,Mph
-1668,-1781.75,0,Mph
-1542.5,-1786.75,0,Mph
-1728.5,-1783.75,0,Mph
-1891.5,-1780.75,0,Mph
-1571,-1779.25,0,Mph
-1513.5,-1780.75,0,Mph
-1693,-1777.75,0,Mph
-1557,-1774.25,0,Mph
-1253.5,-1771.25,0,Mph
-1731.5,-1764.75,0,Mph
-1715.5,-1772.75,0,Mph
-1288,-1772.25,0,Mph
-1681,-1764.75,0,Mph
-1845.5,-1763.75,0,Mph
-1527.5,-1767.25,0,Mph
-1354.5,-1766.25,0,Mph
-1475.5,-1768.25,0,Mph
-1510.5,-1762.25,0,Mph
-1575.5,-1751.25,0,Mph
-1541,-1756.25,0,Mph
-1670.5,-1753.25,0,Mph
-1611,-1752.25,0,Mph
-1647.5,-1748.75,0,Mph
-1750,-1750.25,0,Mph
-1690.5,-1743.75,0,Mph
-1829,-1735.25,0,Mph
-1484.5,-1735.75,0,Mph
-1519.5,-1737.25,0,Mph
-1585.5,-1730.75,0,Mph
-1856.5,-1730.25,0,Mph
-1605,-1729.25,0,Mph
-1913.5,-1722.25,0,Mph
-1628,-1719.25,0,Mph
-1508,-1723.25,0,Mph
-1571.5,-1721.25,0,Mph
-1704,-1720.25,0,Mph
-1823.5,-1715.25,0,Mph
-1890,-1713.75,0,Mph
-1655,-1715.25,0,Mph
-1735,-1714.25,0,Mph
-1507.5,-1708.75,0,Mph
-1572,-1701.75,0,Mph
-1654.5,-1695.75,0,Mph
-1535,-1695.75,0,Mph
-1719,-1695.25,0,Mph
-1501,-1693.25,0,Mph
-1452,-1689.75,0,Mph
-1746.5,-1686.75,0,Mph
-1475,-1684.75,0,Mph
-1604.5,-1684.25,0,Mph
-1564,-1673.75,0,Mph
-1550,-1678.25,0,Mph
-1695,-1678.25,0,Mph
-1458,-1676.75,0,Mph
-1648.5,-1670.75,0,Mph
-1531.5,-1668.25,0,Mph
-1712.5,-1665.25,0,Mph
-1661.5,-1666.75,0,Mph
-1606,-1667.25,0,Mph
-1482,-1664.75,0,Mph
-1452.5,-1653.75,0,Mph
-1681,-1656.25,0,Mph
-1596,-1652.75,0,Mph
-1495,-1642.25,0,Mph
-1472.5,-1639.25,0,Mph
-1678.5,-1639.25,0,Mph
-1720,-1632.25,0,Mph
-1456.5,-1628.25,0,Mph
-1441.5,-1622.75,0,Mph
-1704,-1610.25,0,Mph
-1526.5,-1609.25,0,Mph
-1624.5,-1598.75,0,Mph
-1500.5,-1599.75,0,Mph
-1443,-1589.25,0,Mph
-1714.5,-1582.25,0,Mph
-1419.5,-1583.75,0,Mph
-1333,-1582.25,0,Mph
-1511.5,-1577.75,0,Mph
-1736,-1573.25,0,Mph
-1701,-1567.75,0,Mph
-1323,-1564.75,0,Mph
-1401.5,-1570.75,0,Mph
-1620.5,-1569.75,0,Mph
-1499.5,-1565.25,0,Mph
-1950,-1563.25,0,Mph
-1609,-1563.75,0,Mph
-1485,-1558.25,0,Mph
-1712.5,-1549.75,0,Mph
-1442,-1544.75,0,Mph
-1276.5,-1550.75,0,Mph
-1341.5,-1546.75,0,Mph
-1584.5,-1541.25,0,Mph
-1565,-1539.25,0,Mph
-1522,-1538.75,0,Mph
-1930,-1538.25,0,Mph
-1655,-1541.25,0,Mph
-1478.5,-1536.25,0,Mph
-1370.5,-1535.75,0,Mph
-1271.5,-1532.25,0,Mph
-1961.5,-1534.25,0,Mph
-1626.5,-1531.25,0,Mph
-1332.5,-1526.75,0,Mph
-1744.5,-1527.75,0,Mph
-1425.5,-1530.75,0,Mph
-1677.5,-1522.75,0,Mph
-1540.5,-1523.25,0,Mph
-1646,-1520.75,0,Mph
-1473.5,-1522.75,0,Mph
-1563,-1519.25,0,Mph
-1405,-1510.25,0,Mph
-1444.5,-1505.25,0,Mph
-1494,-1509.75,0,Mph
-1373,-1496.25,0,Mph
-1567,-1486.75,0,Mph
-1542,-1454.75,0,Mph
-2119.5,-1428.75,0,Mph
-2074.5,-1416.25,0,Mph
-2110,-1407.25,0,Mph
-2067.5,-1376.75,0,Mph
-2582.5,-1259.75,0,Mph
-2568.5,-1248.75,0,Mph
-2144.5,-1126.25,0,Mph
-2797.5,-1062.25,0,Mph
-2773,-1040.25,0,Mph
-2480.5,-966.75,0,Mph
-2793.5,-962.25,0,Mph
-2769.5,-964.75,0,Mph
-2745.5,-943.75,0,Mph
-2810,-941.25,0,Mph
-2724,-942.25,0,Mph
-2776.5,-926.25,0,Mph
-2806,-921.75,0,Mph
-2709.5,-913.25,0,Mph
-2806.5,-903.75,0,Mph
-2743.5,-901.25,0,Mph
-2776,-896.25,0,Mph
-2755,-870.75,0,Mph
-2259.5,-873.75,0,Mph
-2649,-872.75,0,Mph
-2690.5,-855.25,0,Mph
-2279.5,-840.75,0,Mph
-2652.5,-837.25,0,Mph
-2734,-838.75,0,Mph
-2607.5,-829.75,0,Mph
-2295.5,-822.25,0,Mph
-2759,-823.75,0,Mph
-2708,-818.25,0,Mph
-2622.5,-816.75,0,Mph
-2735.5,-808.25,0,Mph
-2640,-808.25,0,Mph
-2600.5,-805.75,0,Mph
-2640.5,-785.25,0,Mph
-2728,-781.25,0,Mph
-2659,-779.25,0,Mph
-2680,-764.75,0,Mph
-2710.5,-757.75,0,Mph
-2595.5,-748.25,0,Mph
-2682.5,-745.25,0,Mph
-2684.5,-728.75,0,Mph
-2606,-721.75,0,Mph
-2699,-708.25,0,Mph
-2335,-708.75,0,Mph
-2643.5,-706.25,0,Mph
-2620,-697.25,0,Mph
-2576,-694.25,0,Mph
-2401,-688.25,0,Mph
-2688.5,-684.75,0,Mph
-2366.5,-687.25,0,Mph
-2617.5,-676.75,0,Mph
-2380,-674.25,0,Mph
-2650,-673.25,0,Mph
-2583.5,-659.25,0,Mph
-2623.5,-658.75,0,Mph
-2604.5,-656.75,0,Mph
-2410,-659.25,0,Mph
-2393,-652.75,0,Mph
1142,-2247.75,0,Mph
914,-2243.25,0,Mph
1166.5,-2238.25,0,Mph
936.5,-2234.75,0,Mph
1062,-2220.75,0,Mph
940,-2211.25,0,Mph
1135,-2211.75,0,Mph
1161,-2201.25,0,Mph
906.5,-2190.25,0,Mph
960.5,-2190.75,0,Mph
449,-2146.75,0,Mph
505.5,-2088.25,0,Mph
453.5,-2088.75,0,Mph
496.5,-2080.75,0,Mph
893,-2072.75,0,Mph
894.5,-2052.75,0,Mph
558,-2055.75,0,Mph
937,-2048.25,0,Mph
909.5,-2041.25,0,Mph
1011.5,-2035.25,0,Mph
927.5,-2021.25,0,Mph
374,-2015.25,0,Mph
1064.5,-2015.25,0,Mph
1046.5,-2015.25,0,Mph
391,-2001.75,0,Mph
1056,-2002.25,0,Mph
413.5,-1999.25,0,Mph
845,-1984.25,0,Mph
1151,-1989.25,0,Mph
1107,-1987.25,0,Mph
401,-1980.25,0,Mph
1124.5,-1970.75,0,Mph
415.5,-1972.25,0,Mph
746,-1967.75,0,Mph
988,-1956.25,0,Mph
1079.5,-1960.25,0,Mph
418,-1951.75,0,Mph
1016,-1942.25,0,Mph
1171,-1876.25,0,Mph
1126.5,-1832.75,0,Mph
609.5,-1816.25,0,Mph
1142.5,-1802.25,0,Mph
1093.5,-1801.75,0,Mph
576.5,-1781.75,0,Mph
521,-1781.75,0,Mph
1047,-1772.75,0,Mph
1087.5,-1767.75,0,Mph
1141.5,-1773.25,0,Mph
1126.5,-1765.25,0,Mph
523.5,-1755.25,0,Mph
539.5,-1751.75,0,Mph
1133.5,-1746.25,0,Mph
1159.5,-1740.75,0,Mph
534.5,-1735.75,0,Mph
987.5,-1733.25,0,Mph
1004,-1726.75,0,Mph
577,-1720.25,0,Mph
558,-1719.25,0,Mph
1163,-1708.75,0,Mph
531,-1713.25,0,Mph
1001,-1704.25,0,Mph
494,-1698.25,0,Mph
1016.5,-1683.25,0,Mph
632.5,-1678.25,0,Mph
607,-1671.75,0,Mph
539,-1664.25,0,Mph
1051.5,-1657.75,0,Mph
590.5,-1662.25,0,Mph
606,-1652.75,0,Mph
624.5,-1645.75,0,Mph
1134,-1637.75,0,Mph
1161,-1628.75,0,Mph
1059.5,-1603.75,0,Mph
574.5,-1594.25,0,Mph
900,-1600.75,0,Mph
883.5,-1595.75,0,Mph
1053,-1578.75,0,Mph
570,-1567.25,0,Mph
587,-1563.75,0,Mph
1123.5,-1549.25,0,Mph
544,-1541.25,0,Mph
571.5,-1533.75,0,Mph
542.5,-1529.75,0,Mph
622,-1520.25,0,Mph
542.5,-1515.75,0,Mph
560.5,-1514.75,0,Mph
-1396.5,-1376.25,0,Mph
-1343.5,-1366.25,0,Mph
-1371.5,-1352.75,0,Mph
-1414,-1350.25,0,Mph
-1477.5,-1335.25,0,Mph
-1726,-1328.25,0,Mph
-1399.5,-1311.75,0,Mph
-1333,-1306.25,0,Mph
-1382,-1306.25,0,Mph
-1667,-1303.75,0,Mph
-1419,-1302.25,0,Mph
-1303,-1297.75,0,Mph
-1260,-1291.75,0,Mph
-1635,-1278.25,0,Mph
-1387,-1283.75,0,Mph
-1330.5,-1284.75,0,Mph
-1251.5,-1278.75,0,Mph
-1696.5,-1276.75,0,Mph
-1477.5,-1278.25,0,Mph
-1374,-1277.25,0,Mph
-1526,-1269.25,0,Mph
-1410,-1268.25,0,Mph
-1397,-1265.25,0,Mph
-1451.5,-1263.25,0,Mph
-1362,-1260.25,0,Mph
-1381,-1258.75,0,Mph
-1433.5,-1250.25,0,Mph
-1471.5,-1245.25,0,Mph
-1701,-1243.25,0,Mph
-1325,-1232.75,0,Mph
-1261.5,-1214.25,0,Mph
-1315,-1209.25,0,Mph
-1690.5,-1210.75,0,Mph
-1406.5,-1204.75,0,Mph
-1677,-1191.75,0,Mph
-1777.5,-1183.75,0,Mph
-1636.5,-1184.75,0,Mph
-1382,-1179.75,0,Mph
-1625,-1171.25,0,Mph
-1359,-1174.25,0,Mph
-1786.5,-1168.75,0,Mph
-1810,-1167.75,0,Mph
-1692.5,-1154.25,0,Mph
-1751,-1148.75,0,Mph
-1712.5,-1148.25,0,Mph
-1810.5,-1143.75,0,Mph
-1676,-1145.25,0,Mph
-1668.5,-1130.25,0,Mph
-1687.5,-1116.75,0,Mph
-1577.5,-1104.75,0,Mph
-1660.5,-1103.75,0,Mph
-1746,-1097.25,0,Mph
-1659.5,-1088.75,0,Mph
-1729.5,-1076.25,0,Mph
-1654,-1072.25,0,Mph
-1836,-1071.25,0,Mph
-1604.5,-1064.75,0,Mph
-1414.5,-1063.25,0,Mph
-1694,-1063.75,0,Mph
-1673.5,-1058.25,0,Mph
-1395.5,-1053.75,0,Mph
-1618,-1057.25,0,Mph
-1831.5,-1054.75,0,Mph
-1442,-1047.75,0,Mph
-1798.5,-1041.75,0,Mph
-1767,-1042.75,0,Mph
-1826.5,-1043.25,0,Mph
-1417.5,-1039.25,0,Mph
-1735.5,-1030.25,0,Mph
-1390,-1033.25,0,Mph
-1377.5,-1034.75,0,Mph
-1667,-1026.25,0,Mph
-1447.5,-1021.25,0,Mph
-1362.5,-1015.75,0,Mph
-1867.5,-1003.25,0,Mph
-1762,-994.25,0,Mph
-1434,-988.75,0,Mph
-1791,-984.25,0,Mph
-1419.5,-969.75,0,Mph
-1392.5,-946.25,0,Mph
-1731,-940.25,0,Mph
-1417.5,-943.25,0,Mph
-1417,-926.75,0,Mph
-1630.5,-678.75,0,Mph
-1676,-676.25,0,Mph
-1744.5,-655.75,0,Mph
1832.5,-2247.25,0,Mph
1420.5,-2249.75,0,Mph
1241.5,-2239.25,0,Mph
1337.5,-2233.25,0,Mph
1309.5,-2232.75,0,Mph
1874.5,-2228.25,0,Mph
1848,-2224.25,0,Mph
1264,-2222.25,0,Mph
1785.5,-2211.75,0,Mph
1233,-2211.75,0,Mph
1902,-2213.25,0,Mph
1417,-2206.75,0,Mph
1766,-2202.75,0,Mph
1864,-2196.75,0,Mph
1740.5,-2202.75,0,Mph
1902.5,-2199.75,0,Mph
1691.5,-2193.25,0,Mph
1299,-2191.75,0,Mph
1898.5,-2189.25,0,Mph
1780.5,-2182.25,0,Mph
1711,-2184.25,0,Mph
1470.5,-2179.75,0,Mph
1699,-2177.75,0,Mph
1282,-2173.75,0,Mph
1474.5,-2167.25,0,Mph
1872,-2169.75,0,Mph
1732.5,-2165.25,0,Mph
1854.5,-2165.25,0,Mph
1288,-2159.25,0,Mph
1575,-2149.75,0,Mph
1761.5,-2153.75,0,Mph
1587,-2140.75,0,Mph
1866.5,-2139.75,0,Mph
1766,-2136.25,0,Mph
1662.5,-2135.75,0,Mph
1553.5,-2134.75,0,Mph
1646.5,-2135.75,0,Mph
1269,-2133.25,0,Mph
1346,-2133.25,0,Mph
1483.5,-2123.75,0,Mph
1702.5,-2122.75,0,Mph
1257.5,-2120.75,0,Mph
1273,-2117.25,0,Mph
1571.5,-2121.25,0,Mph
1226,-2116.75,0,Mph
1649,-2105.75,0,Mph
1729.5,-2108.75,0,Mph
1598,-2110.75,0,Mph
1684.5,-2103.25,0,Mph
1244,-2097.25,0,Mph
1537.5,-2104.25,0,Mph
1799,-2096.75,0,Mph
1553.5,-2085.25,0,Mph
1272.5,-2090.25,0,Mph
1690.5,-2082.25,0,Mph
1766,-2077.25,0,Mph
1665.5,-2072.25,0,Mph
1750,-2077.25,0,Mph
1813.5,-2072.75,0,Mph
1320.5,-2070.75,0,Mph
1376.5,-2053.25,0,Mph
1783.5,-2058.25,0,Mph
1742.5,-2045.75,0,Mph
1586.5,-2055.25,0,Mph
1801.5,-2046.25,0,Mph
1336.5,-2034.75,0,Mph
1602,-2042.75,0,Mph
1828,-2036.75,0,Mph
1791,-2035.25,0,Mph
1907.5,-2036.75,0,Mph
1851.5,-2027.25,0,Mph
1618.5,-2030.75,0,Mph
1768,-2029.75,0,Mph
1890.5,-2025.75,0,Mph
1734,-2020.75,0,Mph
1810,-2024.75,0,Mph
1908.5,-2014.25,0,Mph
1312,-2019.75,0,Mph
1202.5,-2015.75,0,Mph
1231.5,-2017.75,0,Mph
1863.5,-2015.25,0,Mph
1949,-2006.25,0,Mph
1959.5,-1994.25,0,Mph
1714,-1993.75,0,Mph
1790,-1984.25,0,Mph
1546.5,-1993.25,0,Mph
1729.5,-1993.25,0,Mph
1919.5,-1991.25,0,Mph
1750,-1986.25,0,Mph
1947,-1984.25,0,Mph
1932.5,-1973.75,0,Mph
1737.5,-1964.75,0,Mph
1701,-1970.75,0,Mph
1936.5,-1961.25,0,Mph
1968,-1964.25,0,Mph
1769.5,-1958.25,0,Mph
1868.5,-1957.25,0,Mph
1211.5,-1943.25,0,Mph
1667,-1934.75,0,Mph
1723.5,-1942.75,0,Mph
1193,-1939.75,0,Mph
1903,-1933.75,0,Mph
1878,-1930.25,0,Mph
1399,-1926.75,0,Mph
1205.5,-1922.25,0,Mph
1713,-1919.25,0,Mph
1916,-1920.75,0,Mph
1314,-1913.75,0,Mph
1344,-1910.25,0,Mph
1221.5,-1905.75,0,Mph
1674.5,-1902.75,0,Mph
1201,-1903.25,0,Mph
1546.5,-1899.75,0,Mph
1602,-1897.25,0,Mph
1893.5,-1895.25,0,Mph
1364,-1883.75,0,Mph
1559,-1886.75,0,Mph
1214.5,-1885.25,0,Mph
1374.5,-1874.25,0,Mph
1888.5,-1865.75,0,Mph
1909,-1863.25,0,Mph
1942,-1857.25,0,Mph
1297.5,-1849.25,0,Mph
1277.5,-1836.75,0,Mph
1906,-1846.25,0,Mph
1203.5,-1833.25,0,Mph
1317.5,-1818.25,0,Mph
1424,-1823.75,0,Mph
1444,-1822.75,0,Mph
1398,-1814.75,0,Mph
1364.5,-1814.75,0,Mph
1375.5,-1793.75,0,Mph
1400.5,-1794.75,0,Mph
1210,-1789.75,0,Mph
1429.5,-1778.75,0,Mph
1358,-1768.75,0,Mph
1452.5,-1768.25,0,Mph
1396.5,-1760.75,0,Mph
1180.5,-1759.75,0,Mph
1849.5,-1751.75,0,Mph
1242.5,-1752.25,0,Mph
1470,-1750.75,0,Mph
1487,-1749.75,0,Mph
1531.5,-1744.75,0,Mph
1840.5,-1742.25,0,Mph
1488,-1713.75,0,Mph
1909,-1710.25,0,Mph
1546.5,-1707.25,0,Mph
1766.5,-1708.25,0,Mph
1928.5,-1707.25,0,Mph
1818,-1708.75,0,Mph
1748,-1702.25,0,Mph
1264.5,-1690.75,0,Mph
1575.5,-1691.75,0,Mph
1928,-1687.75,0,Mph
1836.5,-1679.75,0,Mph
1199,-1679.75,0,Mph
1747.5,-1673.75,0,Mph
1212,-1670.75,0,Mph
1185.5,-1662.25,0,Mph
1397,-1653.75,0,Mph
1597.5,-1649.25,0,Mph
1537.5,-1651.75,0,Mph
1194,-1646.75,0,Mph
1470,-1645.75,0,Mph
1966.5,-1648.75,0,Mph
1748.5,-1641.75,0,Mph
1528.5,-1631.75,0,Mph
1597.5,-1624.25,0,Mph
1528.5,-1593.75,0,Mph
1576,-1593.25,0,Mph
1349,-1589.75,0,Mph
1500,-1582.75,0,Mph
1362,-1573.25,0,Mph
1419.5,-1545.75,0,Mph
1431.5,-1538.75,0,Mph
1833.5,-1533.75,0,Mph
1714.5,-1531.25,0,Mph
1929.5,-1522.75,0,Mph
1399.5,-1511.75,0,Mph
1701.5,-1520.75,0,Mph
1849.5,-1511.75,0,Mph
1547,-1509.25,0,Mph
1625,-1512.25,0,Mph
1880.5,-1496.75,0,Mph
1965.5,-1498.25,0,Mph
1709.5,-1491.25,0,Mph
1856,-1488.25,0,Mph
1424,-1477.75,0,Mph
1902,-1475.75,0,Mph
1964.5,-1478.75,0,Mph
1471,-1476.75,0,Mph
1714,-1468.75,0,Mph
1856,-1463.75,0,Mph
1562,-1459.75,0,Mph
1461.5,-1460.75,0,Mph
1624.5,-1452.25,0,Mph
1890.5,-1456.75,0,Mph
-3380.5,-1449.75,0,Mph
-3164.5,-1446.75,0,Mph
-3291,-1444.75,0,Mph
-3221.5,-1448.25,0,Mph
-3147,-1434.75,0,Mph
-3271.5,-1440.75,0,Mph
-3267.5,-1426.75,0,Mph
-3335.5,-1406.75,0,Mph
-3200.5,-1394.75,0,Mph
-3230,-1398.75,0,Mph
-3135.5,-1395.25,0,Mph
-3114,-1398.75,0,Mph
-3183,-1389.25,0,Mph
-3157.5,-1384.75,0,Mph
-3220.5,-1375.25,0,Mph
-3250.5,-1370.75,0,Mph
-3153.5,-1365.25,0,Mph
-3179,-1366.75,0,Mph
-3209.5,-1357.75,0,Mph
-3266.5,-1347.25,0,Mph
-3104.5,-1351.25,0,Mph
-3193,-1342.75,0,Mph
-3080,-1336.25,0,Mph
-3107,-1333.25,0,Mph
-3127,-1326.25,0,Mph
-3158,-1321.75,0,Mph
-3089.5,-1321.75,0,Mph
-3037,-1315.75,0,Mph
-2992.5,-1308.25,0,Mph
-3094,-1301.75,0,Mph
-3043,-1291.25,0,Mph
-3065.5,-1281.75,0,Mph
-3091.5,-1275.25,0,Mph
-3104,-1269.25,0,Mph
-3079.5,-1265.75,0,Mph
-3013.5,-1261.75,0,Mph
-3069,-1256.25,0,Mph
-3001,-1244.25,0,Mph
-2979.5,-1235.25,0,Mph
-3085.5,-1229.75,0,Mph
-2933,-1210.75,0,Mph
-2956.5,-1198.75,0,Mph
-2923,-1167.25,0,Mph
-2943.5,-1158.25,0,Mph
-2864.5,-1134.75,0,Mph
-2924,-1145.75,0,Mph
-2898.5,-1139.75,0,Mph
-2846,-1114.75,0,Mph
-2903,-1118.75,0,Mph
-2927,-1112.75,0,Mph
-2854.5,-1090.75,0,Mph
-2891.5,-1082.25,0,Mph
-2863,-1071.25,0,Mph
-2873,-1055.25,0,Mph
-2852.5,-1028.25,0,Mph
2055.5,-2247.25,0,Mph
2071.5,-2240.25,0,Mph
2087.5,-2238.25,0,Mph
2299,-2227.75,0,Mph
2352,-2216.75,0,Mph
2473,-2180.75,0,Mph
2247.5,-2179.75,0,Mph
2547.5,-2170.25,0,Mph
2444.5,-2162.75,0,Mph
2308.5,-2163.75,0,Mph
2245,-2163.25,0,Mph
2491.5,-2161.75,0,Mph
2191,-2153.75,0,Mph
2326,-2150.25,0,Mph
2406.5,-2144.25,0,Mph
2496.5,-2146.75,0,Mph
2339,-2132.75,0,Mph
2385.5,-2127.75,0,Mph
2415,-2125.25,0,Mph
2353.5,-2122.75,0,Mph
2444,-2109.25,0,Mph
2212,-2108.75,0,Mph
2238.5,-2085.75,0,Mph
2378.5,-2093.75,0,Mph
2284.5,-2083.75,0,Mph
2252,-2082.25,0,Mph
2334.5,-2060.25,0,Mph
2286,-2066.75,0,Mph
2163,-2053.75,0,Mph
2262,-2055.75,0,Mph
2306.5,-2040.75,0,Mph
2280.5,-2039.75,0,Mph
2414.5,-2030.25,0,Mph
2049.5,-2033.75,0,Mph
2075,-2032.75,0,Mph
2325.5,-2032.75,0,Mph
2091.5,-2028.25,0,Mph
2294,-2026.25,0,Mph
2033.5,-2019.25,0,Mph
2342,-2013.75,0,Mph
2117,-2008.25,0,Mph
2097,-2005.75,0,Mph
2209,-1995.75,0,Mph
2386.5,-1998.75,0,Mph
2131.5,-2001.25,0,Mph
2051.5,-1991.25,0,Mph
2143.5,-1987.25,0,Mph
2237.5,-1981.75,0,Mph
2354.5,-1980.75,0,Mph
2400,-1968.75,0,Mph
2380.5,-1977.75,0,Mph
2172.5,-1972.25,0,Mph
2326.5,-1968.25,0,Mph
2037.5,-1969.75,0,Mph
2277,-1954.75,0,Mph
2345.5,-1946.75,0,Mph
2005.5,-1926.25,0,Mph
2273.5,-1900.25,0,Mph
2007.5,-1902.25,0,Mph
2080.5,-1900.25,0,Mph
2386,-1898.75,0,Mph
2050.5,-1884.75,0,Mph
2323,-1879.75,0,Mph
1977,-1877.75,0,Mph
2405,-1876.25,0,Mph
2391,-1851.25,0,Mph
2314.5,-1849.75,0,Mph
2355,-1839.75,0,Mph
2093,-1807.25,0,Mph
1986,-1721.75,0,Mph
2010.5,-1711.75,0,Mph
2034,-1699.25,0,Mph
2048.5,-1692.75,0,Mph
2024,-1680.25,0,Mph
2261,-1674.75,0,Mph
2051.5,-1669.75,0,Mph
2243,-1664.75,0,Mph
2033,-1656.25,0,Mph
2179,-1656.25,0,Mph
2069,-1606.75,0,Mph
1982.5,-1591.75,0,Mph
1995,-1580.25,0,Mph
2225,-1565.75,0,Mph
2605,-1551.75,0,Mph
2580,-1546.75,0,Mph
2598.5,-1535.75,0,Mph
1995,-1515.25,0,Mph
2231.5,-1510.75,0,Mph
2582,-1501.25,0,Mph
2313,-1498.25,0,Mph
2570,-1490.75,0,Mph
2010,-1493.75,0,Mph
2223.5,-1483.75,0,Mph
2238,-1476.75,0,Mph
2206.5,-1478.75,0,Mph
2254.5,-1469.75,0,Mph
3573.5,-796.75,0,Mph
3588,-773.75,0,Mph
3596,-749.75,0,Mph
3581,-730.25,0,Mph
3602.5,-718.75,0,Mph
3619,-699.75,0,Mph
3629.5,-677.75,0,Mph
3639.5,-659.75,0,Mph
-43,-1447.25,0,Mph
-98.5,-1440.25,0,Mph
-180,-1431.25,0,Mph
-65,-1440.25,0,Mph
-7,-1435.75,0,Mph
-85.5,-1435.25,0,Mph
-28,-1435.75,0,Mph
-160.5,-1435.75,0,Mph
-137.5,-1426.25,0,Mph
36,-1396.25,0,Mph
-2.5,-1387.75,0,Mph
-21.5,-1382.25,0,Mph
-55,-1373.75,0,Mph
13,-1368.25,0,Mph
8.5,-1356.25,0,Mph
-16.5,-1352.25,0,Mph
-381,-1304.75,0,Mph
18,-1305.75,0,Mph
-398,-1306.25,0,Mph
349,-1292.25,0,Mph
-346,-1288.25,0,Mph
-390.5,-1288.75,0,Mph
67.5,-1277.75,0,Mph
274.5,-1275.25,0,Mph
-330,-1272.25,0,Mph
-395.5,-1259.75,0,Mph
-372.5,-1254.75,0,Mph
333.5,-1252.25,0,Mph
202.5,-1249.75,0,Mph
-389,-1231.25,0,Mph
199.5,-1228.75,0,Mph
324.5,-1222.75,0,Mph
65,-1217.75,0,Mph
342,-1210.25,0,Mph
-258.5,-1198.75,0,Mph
-378,-1207.25,0,Mph
308.5,-1199.25,0,Mph
195.5,-1202.75,0,Mph
-328,-1202.25,0,Mph
-308,-1201.75,0,Mph
257,-1200.75,0,Mph
42.5,-1198.75,0,Mph
339,-1191.25,0,Mph
-197,-1188.75,0,Mph
-361.5,-1192.25,0,Mph
-221,-1182.75,0,Mph
-346.5,-1183.75,0,Mph
271.5,-1184.25,0,Mph
-294.5,-1174.75,0,Mph
317,-1155.75,0,Mph
-148,-1123.25,0,Mph
-116.5,-1114.75,0,Mph
-157.5,-1111.25,0,Mph
-105.5,-1099.25,0,Mph
-149,-1088.25,0,Mph
-316,-1083.25,0,Mph
-127,-1075.75,0,Mph
-171.5,-1072.25,0,Mph
-110.5,-1061.25,0,Mph
-206,-1049.75,0,Mph
62,-1034.75,0,Mph
-32,-1040.25,0,Mph
-316.5,-1033.25,0,Mph
353.5,-1023.75,0,Mph
-46.5,-1012.75,0,Mph
-158,-1010.75,0,Mph
44,-1010.25,0,Mph
23.5,-999.75,0,Mph
261.5,-987.75,0,Mph
361.5,-965.75,0,Mph
149.5,-952.25,0,Mph
-167,-940.25,0,Mph
175.5,-941.75,0,Mph
-147.5,-929.75,0,Mph
126,-929.25,0,Mph
165.5,-922.25,0,Mph
226.5,-919.25,0,Mph
190,-901.25,0,Mph
171,-894.25,0,Mph
174,-872.75,0,Mph
73.5,-863.25,0,Mph
159.5,-861.25,0,Mph
198.5,-861.75,0,Mph
137.5,-843.25,0,Mph
87.5,-836.25,0,Mph
175.5,-822.25,0,Mph
156,-821.75,0,Mph
-243,-805.75,0,Mph
-187.5,-799.75,0,Mph
-233,-787.25,0,Mph
-195,-783.25,0,Mph
324,-775.75,0,Mph
-179.5,-768.75,0,Mph
-247,-765.25,0,Mph
-136.5,-756.25,0,Mph
-197,-753.25,0,Mph
-228,-751.75,0,Mph
293,-751.25,0,Mph
-293.5,-735.25,0,Mph
-274.5,-729.75,0,Mph
-112.5,-725.75,0,Mph
-94,-721.75,0,Mph
-82.5,-709.25,0,Mph
-149.5,-704.25,0,Mph
326,-693.75,0,Mph
-229,-697.75,0,Mph
-143.5,-692.75,0,Mph
-278,-689.75,0,Mph
254.5,-688.75,0,Mph
-77.5,-688.75,0,Mph
-65,-683.25,0,Mph
18.5,-680.75,0,Mph
-87.5,-666.75,0,Mph
-209.5,-669.25,0,Mph
-185.5,-663.75,0,Mph
-264.5,-661.75,0,Mph
-66.5,-663.75,0,Mph
-630.5,-1450.75,0,Mph
-644,-1417.75,0,Mph
-952.5,-1392.75,0,Mph
-659,-1381.75,0,Mph
-1005,-1374.75,0,Mph
-624.5,-1371.25,0,Mph
-1031,-1364.75,0,Mph
-978,-1364.75,0,Mph
-610,-1357.25,0,Mph
-1004.5,-1345.25,0,Mph
-622.5,-1321.25,0,Mph
-604.5,-1313.75,0,Mph
-615.5,-1297.75,0,Mph
-635.5,-1290.75,0,Mph
-652.5,-1270.25,0,Mph
-590,-1260.75,0,Mph
-557,-1260.25,0,Mph
-617,-1253.75,0,Mph
-456.5,-1250.25,0,Mph
-587,-1241.25,0,Mph
-630.5,-1230.25,0,Mph
-680,-1233.25,0,Mph
-453,-1218.75,0,Mph
-690,-1220.25,0,Mph
-534.5,-1215.75,0,Mph
-569.5,-1208.75,0,Mph
-612,-1203.25,0,Mph
-519,-1200.75,0,Mph
-914.5,-1200.25,0,Mph
-709,-1191.25,0,Mph
-912.5,-1173.75,0,Mph
-522.5,-1177.25,0,Mph
-903,-1166.75,0,Mph
-947.5,-1168.75,0,Mph
-687.5,-1150.25,0,Mph
-939.5,-1127.25,0,Mph
-964,-1114.75,0,Mph
-712.5,-1104.75,0,Mph
-934.5,-1094.75,0,Mph
-701,-1094.25,0,Mph
-708.5,-1054.75,0,Mph
-919.5,-987.25,0,Mph
-970.5,-973.25,0,Mph
-923.5,-969.25,0,Mph
-848,-943.75,0,Mph
-827.5,-949.75,0,Mph
-964,-948.75,0,Mph
-786,-933.25,0,Mph
-725,-934.25,0,Mph
-991.5,-917.75,0,Mph
-952,-916.25,0,Mph
-724,-900.25,0,Mph
-962,-891.25,0,Mph
-972,-879.25,0,Mph
-680,-882.25,0,Mph
-1209.5,-858.25,0,Mph
-809,-857.25,0,Mph
-765,-854.75,0,Mph
-846.5,-854.25,0,Mph
-722.5,-842.25,0,Mph
-789,-843.75,0,Mph
-708.5,-828.75,0,Mph
-804.5,-821.75,0,Mph
-715,-806.25,0,Mph
-839,-785.75,0,Mph
-801.5,-765.25,0,Mph
-705,-765.75,0,Mph
-749.5,-754.25,0,Mph
-905,-746.75,0,Mph
-817,-742.25,0,Mph
-747,-740.25,0,Mph
-755,-711.75,0,Mph
-795.5,-706.25,0,Mph
-935,-704.75,0,Mph
-763,-704.25,0,Mph
-931.5,-688.25,0,Mph
-956.5,-665.75,0,Mph
-872,-661.75,0,Mph
-920,-659.25,0,Mph
807,-1415.75,0,Mph
787.5,-1416.25,0,Mph
774.5,-1395.75,0,Mph
782,-1379.75,0,Mph
747.5,-1370.75,0,Mph
777,-1360.75,0,Mph
529.5,-1346.75,0,Mph
739.5,-1348.75,0,Mph
483.5,-1332.25,0,Mph
736.5,-1331.25,0,Mph
732.5,-1314.25,0,Mph
537.5,-1301.75,0,Mph
1124.5,-1298.25,0,Mph
1147.5,-1298.75,0,Mph
498.5,-1288.25,0,Mph
1134,-1286.75,0,Mph
538.5,-1276.25,0,Mph
900,-1269.75,0,Mph
1147,-1258.75,0,Mph
417,-1244.75,0,Mph
396.5,-1197.75,0,Mph
401,-1178.75,0,Mph
435,-1136.75,0,Mph
383,-1115.25,0,Mph
427.5,-1102.25,0,Mph
393.5,-1097.25,0,Mph
377,-1072.25,0,Mph
390,-1023.75,0,Mph
805,-1000.25,0,Mph
741,-932.25,0,Mph
532.5,-905.25,0,Mph
485,-901.25,0,Mph
522.5,-880.25,0,Mph
1064.5,-883.25,0,Mph
482.5,-881.25,0,Mph
505,-873.25,0,Mph
414.5,-856.75,0,Mph
469.5,-851.75,0,Mph
539,-845.75,0,Mph
502.5,-836.25,0,Mph
527.5,-834.75,0,Mph
694,-824.25,0,Mph
1045.5,-822.75,0,Mph
514.5,-822.75,0,Mph
618,-809.75,0,Mph
541,-812.25,0,Mph
665,-807.75,0,Mph
1151.5,-796.25,0,Mph
414.5,-795.75,0,Mph
1052.5,-793.75,0,Mph
1121.5,-780.75,0,Mph
532,-781.25,0,Mph
584,-770.75,0,Mph
752,-778.25,0,Mph
737.5,-777.25,0,Mph
827,-770.25,0,Mph
1154,-776.25,0,Mph
686.5,-774.25,0,Mph
522,-767.75,0,Mph
538,-762.75,0,Mph
611.5,-757.75,0,Mph
750.5,-761.75,0,Mph
1103.5,-760.75,0,Mph
550.5,-753.75,0,Mph
963.5,-751.25,0,Mph
892.5,-744.75,0,Mph
684.5,-736.75,0,Mph
915,-736.25,0,Mph
749,-737.25,0,Mph
791,-734.25,0,Mph
698,-727.25,0,Mph
940,-728.25,0,Mph
479,-722.25,0,Mph
758,-724.25,0,Mph
861.5,-723.75,0,Mph
581.5,-717.25,0,Mph
376,-718.25,0,Mph
1130.5,-712.75,0,Mph
810,-711.25,0,Mph
849,-706.25,0,Mph
533,-704.25,0,Mph
547,-696.25,0,Mph
910.5,-692.25,0,Mph
932,-684.25,0,Mph
843.5,-684.25,0,Mph
862,-667.25,0,Mph
920.5,-663.75,0,Mph
395,-663.25,0,Mph
877.5,-655.25,0,Mph
1699.5,-1435.25,0,Mph
1703.5,-1418.25,0,Mph
1411,-1421.25,0,Mph
1429,-1408.25,0,Mph
1486.5,-1417.25,0,Mph
1835.5,-1401.75,0,Mph
1505.5,-1381.75,0,Mph
1838,-1373.25,0,Mph
1714,-1349.75,0,Mph
1788,-1339.75,0,Mph
1734,-1335.25,0,Mph
1755,-1334.25,0,Mph
1700.5,-1320.75,0,Mph
1821,-1301.25,0,Mph
1729,-1305.75,0,Mph
1701,-1302.25,0,Mph
1797.5,-1297.25,0,Mph
1737.5,-1279.25,0,Mph
1801,-1265.75,0,Mph
1769.5,-1261.75,0,Mph
1855.5,-1264.75,0,Mph
1884.5,-1264.75,0,Mph
1614.5,-1253.75,0,Mph
1865.5,-1253.25,0,Mph
1719.5,-1247.75,0,Mph
1639.5,-1244.75,0,Mph
1645.5,-1221.25,0,Mph
1719,-1221.75,0,Mph
1745.5,-1217.25,0,Mph
1656,-1213.75,0,Mph
1520,-1215.75,0,Mph
1706,-1202.75,0,Mph
1723,-1198.75,0,Mph
1574.5,-1202.25,0,Mph
1604.5,-1195.75,0,Mph
1547.5,-1181.75,0,Mph
1616,-1179.75,0,Mph
1679,-1176.75,0,Mph
1558.5,-1172.75,0,Mph
1632.5,-1174.25,0,Mph
1654.5,-1163.25,0,Mph
1717.5,-1158.25,0,Mph
1834,-1161.75,0,Mph
1817,-1151.25,0,Mph
1673.5,-1156.25,0,Mph
1639,-1142.25,0,Mph
1656,-1138.75,0,Mph
1741.5,-1128.25,0,Mph
1641.5,-1120.25,0,Mph
1813.5,-1123.25,0,Mph
1828.5,-1122.75,0,Mph
1852,-1104.25,0,Mph
1900,-1101.75,0,Mph
1944.5,-1100.75,0,Mph
1810.5,-1093.75,0,Mph
1827.5,-1078.75,0,Mph
1930.5,-1080.25,0,Mph
1950,-1072.25,0,Mph
1892,-1073.25,0,Mph
1227.5,-1049.25,0,Mph
1576,-1046.75,0,Mph
1270,-1044.75,0,Mph
1593.5,-1040.25,0,Mph
1415.5,-1030.75,0,Mph
1280.5,-1030.25,0,Mph
1235,-1012.75,0,Mph
1914.5,-1009.75,0,Mph
1277.5,-991.75,0,Mph
1546.5,-993.75,0,Mph
1255.5,-983.75,0,Mph
1180,-979.75,0,Mph
1923.5,-968.25,0,Mph
1908,-948.75,0,Mph
1942,-947.75,0,Mph
1268.5,-939.75,0,Mph
1698,-938.75,0,Mph
1602.5,-915.25,0,Mph
1708,-918.75,0,Mph
1578,-909.25,0,Mph
1745,-896.75,0,Mph
1644,-868.75,0,Mph
1692,-858.25,0,Mph
1645,-853.75,0,Mph
1619.5,-848.75,0,Mph
1181.5,-815.25,0,Mph
1197.5,-817.25,0,Mph
1479.5,-781.25,0,Mph
1463.5,-773.75,0,Mph
1207,-772.75,0,Mph
1445.5,-757.25,0,Mph
1390.5,-751.25,0,Mph
1492.5,-740.25,0,Mph
1409.5,-739.75,0,Mph
1516.5,-717.25,0,Mph
1756,-707.25,0,Mph
1716,-707.75,0,Mph
1526.5,-696.75,0,Mph
1832.5,-673.75,0,Mph
1231,-664.25,0,Mph
1690,-666.25,0,Mph
1849,-661.75,0,Mph
1478,-658.25,0,Mph
2284.5,-1446.75,0,Mph
2010,-1426.75,0,Mph
1987.5,-1420.75,0,Mph
2037.5,-1416.25,0,Mph
2055.5,-1414.75,0,Mph
2060.5,-1394.75,0,Mph
2142.5,-1368.75,0,Mph
2027,-1354.25,0,Mph
2701.5,-1339.25,0,Mph
2678.5,-1338.75,0,Mph
2714.5,-1333.75,0,Mph
2725,-1313.75,0,Mph
2058.5,-1303.25,0,Mph
2022,-1297.25,0,Mph
2082.5,-1285.25,0,Mph
2129,-1270.75,0,Mph
2031,-1267.25,0,Mph
2086.5,-1267.25,0,Mph
2470,-1265.75,0,Mph
2100.5,-1259.75,0,Mph
2479,-1247.25,0,Mph
2095,-1228.75,0,Mph
2120.5,-1224.75,0,Mph
2070.5,-1219.75,0,Mph
2050.5,-1220.25,0,Mph
2038.5,-1171.25,0,Mph
2080,-1167.75,0,Mph
2347,-1158.25,0,Mph
2371,-1156.25,0,Mph
2394,-1153.25,0,Mph
2342.5,-1138.25,0,Mph
2431,-1118.25,0,Mph
2397.5,-1113.75,0,Mph
2434.5,-1084.75,0,Mph
2485,-1084.75,0,Mph
2512,-1071.25,0,Mph
2452.5,-1070.75,0,Mph
1989.5,-1069.75,0,Mph
2430.5,-1063.75,0,Mph
2392.5,-1055.75,0,Mph
2524.5,-1060.25,0,Mph
2462.5,-1060.75,0,Mph
2407,-1042.25,0,Mph
2000,-1040.25,0,Mph
1986,-1036.75,0,Mph
2428.5,-1014.75,0,Mph
2498,-1007.75,0,Mph
2525,-992.75,0,Mph
2496.5,-990.25,0,Mph
2426.5,-983.25,0,Mph
2732.5,-939.75,0,Mph
2753,-935.25,0,Mph
2728,-920.75,0,Mph
2520,-907.25,0,Mph
2718.5,-895.25,0,Mph
2531,-893.25,0,Mph
2521,-862.25,0,Mph
2005.5,-824.25,0,Mph
2052.5,-819.75,0,Mph
1992.5,-801.75,0,Mph
2436.5,-679.75,0,Mph
2965.5,-2230.75,0,Mph
2981.5,-2212.25,0,Mph
2970.5,-2207.25,0,Mph
2990,-2201.25,0,Mph
2994.5,-2185.25,0,Mph
2964,-2159.75,0,Mph
3008.5,-2157.25,0,Mph
3015,-2140.75,0,Mph
3019,-2106.25,0,Mph
3031.5,-2091.75,0,Mph
3106,-1928.25,0,Mph
3111,-1902.75,0,Mph
3099,-1910.25,0,Mph
3092,-1884.75,0,Mph
3125,-1882.25,0,Mph
3166.5,-1774.25,0,Mph
2901.5,-1755.25,0,Mph
3189.5,-1722.75,0,Mph
2835.5,-1729.25,0,Mph
2925.5,-1729.25,0,Mph
3115,-1693.75,0,Mph
3203,-1685.75,0,Mph
3124.5,-1681.25,0,Mph
3098.5,-1624.25,0,Mph
3111,-1611.75,0,Mph
3091.5,-1608.25,0,Mph
3126,-1594.25,0,Mph
3092,-1591.75,0,Mph
3111,-1552.25,0,Mph
3119.5,-1544.25,0,Mph
3049.5,-1484.25,0,Mph
3027.5,-1481.25,0,Mph
3135,-1474.75,0,Mph
2996.5,-1470.75,0,Mph
2999.5,-1448.75,0,Mph
3055.5,-1434.75,0,Mph
3085.5,-1421.25,0,Mph
3038.5,-1406.75,0,Mph
2819,-1406.25,0,Mph
3005.5,-1402.25,0,Mph
2801,-1392.75,0,Mph
2818.5,-1384.25,0,Mph
2910,-1361.75,0,Mph
3069.5,-1359.25,0,Mph
2803,-1351.75,0,Mph
3036.5,-1353.25,0,Mph
3028.5,-1323.25,0,Mph
3016.5,-1310.25,0,Mph
3066,-1314.75,0,Mph
3091.5,-1296.75,0,Mph
2957.5,-1273.75,0,Mph
3112,-1271.75,0,Mph
3011,-1268.25,0,Mph
3047.5,-1259.25,0,Mph
3136.5,-1238.25,0,Mph
3072,-1241.25,0,Mph
3200,-1215.75,0,Mph
3131.5,-1209.75,0,Mph
3168.5,-1207.25,0,Mph
3150.5,-1196.75,0,Mph
3180,-1184.25,0,Mph
3115.5,-1188.25,0,Mph
3279.5,-1184.75,0,Mph
3144.5,-1168.75,0,Mph
3245.5,-1158.75,0,Mph
3126.5,-1152.75,0,Mph
3146,-1147.25,0,Mph
3207,-1139.25,0,Mph
3138,-1135.25,0,Mph
3148.5,-1126.75,0,Mph
3259,-1122.75,0,Mph
3165,-1114.25,0,Mph
3190.5,-1101.75,0,Mph
3224,-1103.25,0,Mph
2902,-1074.75,0,Mph
3180.5,-1073.75,0,Mph
3165,-1062.25,0,Mph
2889.5,-1063.25,0,Mph
3283,-1023.25,0,Mph
3480.5,-1014.25,0,Mph
3278,-1006.75,0,Mph
2845,-1008.75,0,Mph
3265,-978.75,0,Mph
3222.5,-978.25,0,Mph
3496,-971.75,0,Mph
3240,-967.75,0,Mph
3284.5,-958.25,0,Mph
3504,-954.25,0,Mph
3249,-951.25,0,Mph
3435,-941.25,0,Mph
3259,-934.25,0,Mph
3513,-933.75,0,Mph
3289.5,-928.25,0,Mph
3213,-920.75,0,Mph
2863,-917.25,0,Mph
2794.5,-914.25,0,Mph
3505,-916.25,0,Mph
3526,-905.75,0,Mph
2776.5,-896.75,0,Mph
3187.5,-902.75,0,Mph
2832.5,-891.25,0,Mph
3318,-887.75,0,Mph
2791.5,-881.25,0,Mph
3537.5,-875.25,0,Mph
3322,-861.25,0,Mph
3357,-852.75,0,Mph
3523.5,-857.75,0,Mph
3309,-855.25,0,Mph
2915,-837.75,0,Mph
3312.5,-826.75,0,Mph
3564.5,-821.25,0,Mph
3538.5,-814.25,0,Mph
3531,-796.25,0,Mph
2908,-795.75,0,Mph
3170,-738.75,0,Mph
3145.5,-710.25,0,Mph
3132,-684.75,0,Mph
2843.5,-694.75,0,Mph
2819.5,-680.75,0,Mph
3225,-675.75,0,Mph
2865,-663.75,0,Mph
2841,-667.25,0,Mph
3245.5,-653.75,0,Mph
-2652,-649.75,0,Mph
-2355.5,-647.25,0,Mph
-2412.5,-642.25,0,Mph
-2573.5,-629.75,0,Mph
-2654,-631.75,0,Mph
-2594.5,-627.25,0,Mph
-2635.5,-626.25,0,Mph
-2615.5,-609.75,0,Mph
-2560,-605.75,0,Mph
-2394,-590.25,0,Mph
-2559.5,-578.25,0,Mph
-2479,-559.75,0,Mph
-2556,-548.25,0,Mph
-2467.5,-537.75,0,Mph
-2529.5,-535.75,0,Mph
-2445.5,-527.75,0,Mph
-2479.5,-525.75,0,Mph
-2415.5,-516.25,0,Mph
-2390,-495.25,0,Mph
-2435,-497.25,0,Mph
-2367.5,-475.75,0,Mph
-2335.5,-449.75,0,Mph
-2306,-436.75,0,Mph
-2279,-433.25,0,Mph
-2212.5,-413.25,0,Mph
-2197.5,-380.75,0,Mph
-2160,-378.75,0,Mph
-2146,-345.75,0,Mph
-2148.5,-323.25,0,Mph
-2117.5,-311.25,0,Mph
-2120,-291.75,0,Mph
-2129,-230.25,0,Mph
-2132.5,-204.25,0,Mph
-2124,-171.25,0,Mph
-2136.5,-149.75,0,Mph
-2136.5,-123.25,0,Mph
-2114,-112.25,0,Mph
-2138.5,-91.25,0,Mph
-2126.5,-60.75,0,Mph
-2119,-33.25,0,Mph
-2108,-19.25,0,Mph
-2098,-5.75,0,Mph
-2142.5,21.75,0,Mph
-2106,26.75,0,Mph
-2086,38.25,0,Mph
-2118,41.25,0,Mph
-2067.5,52.25,0,Mph
-2087.5,68.25,0,Mph
-2037,88.25,0,Mph
-2030,120.25,0,Mph
-1682.5,-645.75,0,Mph
-1707,-630.75,0,Mph
-1383.5,-614.25,0,Mph
-1731,-616.75,0,Mph
-1648.5,-615.75,0,Mph
-1232.5,-584.25,0,Mph
-1292,-566.75,0,Mph
-1751.5,-556.75,0,Mph
-1332,-565.25,0,Mph
-1684,-557.75,0,Mph
-1251,-538.25,0,Mph
-1297.5,-528.75,0,Mph
-1271.5,-526.25,0,Mph
-1293,-501.25,0,Mph
-1264,-480.25,0,Mph
-1300,-472.25,0,Mph
-1765,-441.75,0,Mph
-1265.5,-419.25,0,Mph
-1772,-418.75,0,Mph
-1302.5,-300.75,0,Mph
-1269.5,-266.25,0,Mph
-1290,-252.75,0,Mph
-1322,-119.25,0,Mph
-1335.5,-45.25,0,Mph
-1632,63.25,0,Mph
-1649.5,68.75,0,Mph
-2010,93.75,0,Mph
-1587,101.25,0,Mph
-1781,104.25,0,Mph
-1986,122.75,0,Mph
-1784,124.25,0,Mph
-1738,126.25,0,Mph
-1567,137.25,0,Mph
-1961.5,140.25,0,Mph
-1763,147.75,0,Mph
-931.5,-640.25,0,Mph
-1009.5,-636.25,0,Mph
-933,-620.75,0,Mph
-1061,-616.25,0,Mph
-1216,-594.25,0,Mph
-1034,-590.25,0,Mph
-1023.5,-578.25,0,Mph
-455.5,-558.75,0,Mph
-1152.5,-559.75,0,Mph
-468,-541.75,0,Mph
-440.5,-534.75,0,Mph
-1157.5,-505.25,0,Mph
-466.5,-513.25,0,Mph
-429,-494.25,0,Mph
-707,-474.75,0,Mph
-1173,-468.25,0,Mph
-924,-462.25,0,Mph
-1188.5,-447.25,0,Mph
-1063.5,-451.75,0,Mph
-1047,-450.75,0,Mph
-484.5,-447.25,0,Mph
-926.5,-444.25,0,Mph
-1168.5,-444.75,0,Mph
-661.5,-437.75,0,Mph
-487.5,-429.75,0,Mph
-1111,-430.25,0,Mph
-658,-415.25,0,Mph
-490.5,-411.75,0,Mph
-1099,-398.75,0,Mph
-1033.5,-391.75,0,Mph
-451.5,-374.75,0,Mph
-488,-345.25,0,Mph
-1040,-346.75,0,Mph
-1082.5,-335.75,0,Mph
-1199,-332.25,0,Mph
-453.5,-328.75,0,Mph
-481,-326.75,0,Mph
-430.5,-300.75,0,Mph
-463.5,-258.75,0,Mph
-498,-247.25,0,Mph
-870,-84.25,0,Mph
-1138.5,-59.75,0,Mph
-863.5,-59.75,0,Mph
-908,-33.75,0,Mph
-855,-10.75,0,Mph
-896,-11.75,0,Mph
-818.5,-8.25,0,Mph
-864,15.25,0,Mph
-870,28.25,0,Mph
-900,59.75,0,Mph
-161.5,-645.25,0,Mph
-176.5,-641.25,0,Mph
-193,-635.25,0,Mph
-49.5,-641.25,0,Mph
-266,-631.25,0,Mph
-237.5,-634.75,0,Mph
-235,-616.25,0,Mph
-241,-595.25,0,Mph
-263.5,-577.75,0,Mph
298,-564.75,0,Mph
-288.5,-554.25,0,Mph
-226.5,-549.75,0,Mph
326.5,-553.25,0,Mph
332,-536.75,0,Mph
-214,-529.25,0,Mph
321.5,-530.25,0,Mph
-328.5,-515.75,0,Mph
-420,-525.75,0,Mph
-298.5,-522.25,0,Mph
-227.5,-509.25,0,Mph
-264.5,-507.25,0,Mph
-245.5,-497.75,0,Mph
-314,-493.75,0,Mph
275,-486.25,0,Mph
-401.5,-481.25,0,Mph
227.5,-460.75,0,Mph
-98.5,-454.25,0,Mph
252.5,-452.75,0,Mph
327.5,-446.25,0,Mph
283.5,-448.25,0,Mph
177,-434.25,0,Mph
-88.5,-435.25,0,Mph
112,-425.25,0,Mph
199.5,-421.25,0,Mph
156.5,-416.25,0,Mph
123,-413.25,0,Mph
-90,-310.25,0,Mph
-360.5,-303.25,0,Mph
-358.5,-285.75,0,Mph
-391.5,-265.25,0,Mph
-416.5,-265.75,0,Mph
-369,-262.75,0,Mph
-354.5,-257.25,0,Mph
104,-246.25,0,Mph
-353.5,-236.75,0,Mph
-129.5,-225.25,0,Mph
-167,-225.25,0,Mph
-133.5,-159.75,0,Mph
-164.5,-159.25,0,Mph
208,-130.25,0,Mph
323,-113.75,0,Mph
200,-95.25,0,Mph
127,-92.25,0,Mph
214.5,-73.75,0,Mph
24,-68.75,0,Mph
143.5,-50.25,0,Mph
224.5,-51.25,0,Mph
-9,-52.75,0,Mph
22,-46.75,0,Mph
-32,-45.75,0,Mph
154.5,-26.25,0,Mph
22,-21.25,0,Mph
105.5,-24.75,0,Mph
-252,-9.75,0,Mph
4,-8.25,0,Mph
-226,0.25,0,Mph
116,0.75,0,Mph
327,54.75,0,Mph
336,67.25,0,Mph
-413,138.75,0,Mph
945,-642.75,0,Mph
1124,-639.75,0,Mph
960.5,-620.75,0,Mph
871,-586.25,0,Mph
1007,-564.25,0,Mph
918.5,-551.25,0,Mph
967,-547.75,0,Mph
1016,-546.25,0,Mph
900.5,-538.75,0,Mph
864,-536.75,0,Mph
1048.5,-536.75,0,Mph
939.5,-536.75,0,Mph
561,-529.75,0,Mph
525,-528.25,0,Mph
953,-529.75,0,Mph
1033.5,-526.25,0,Mph
496.5,-521.75,0,Mph
639.5,-518.25,0,Mph
887,-524.25,0,Mph
834,-520.75,0,Mph
935,-521.75,0,Mph
978,-513.25,0,Mph
521,-504.75,0,Mph
615.5,-508.25,0,Mph
559,-500.75,0,Mph
988,-498.25,0,Mph
923,-493.25,0,Mph
448.5,-484.75,0,Mph
881,-479.75,0,Mph
488,-484.25,0,Mph
1011,-477.25,0,Mph
694,-471.75,0,Mph
948,-473.75,0,Mph
1031,-468.25,0,Mph
465.5,-471.75,0,Mph
491,-466.25,0,Mph
746,-447.75,0,Mph
513,-445.75,0,Mph
1036,-446.25,0,Mph
1050.5,-440.25,0,Mph
986,-437.25,0,Mph
1006.5,-434.75,0,Mph
817,-422.75,0,Mph
790.5,-421.25,0,Mph
768,-408.75,0,Mph
473.5,-194.75,0,Mph
391,-170.25,0,Mph
474,-162.75,0,Mph
631.5,-147.25,0,Mph
469.5,-120.25,0,Mph
921,-68.25,0,Mph
742,-32.75,0,Mph
645,-25.75,0,Mph
763.5,-27.75,0,Mph
682,12.75,0,Mph
404.5,12.75,0,Mph
885,14.25,0,Mph
704.5,22.75,0,Mph
756.5,22.75,0,Mph
800,34.75,0,Mph
908.5,42.75,0,Mph
750.5,41.75,0,Mph
430,49.25,0,Mph
833,57.75,0,Mph
571.5,54.25,0,Mph
414,59.25,0,Mph
797.5,57.75,0,Mph
805,73.25,0,Mph
908,71.75,0,Mph
892.5,103.75,0,Mph
963.5,116.75,0,Mph
1003.5,112.25,0,Mph
1130,112.75,0,Mph
642,124.25,0,Mph
562,132.75,0,Mph
1131,138.25,0,Mph
943,141.25,0,Mph
1690,-650.75,0,Mph
1495.5,-646.75,0,Mph
1510,-626.25,0,Mph
1173,-624.25,0,Mph
1734.5,-624.75,0,Mph
1768,-622.75,0,Mph
1809,-620.75,0,Mph
1254.5,-613.75,0,Mph
1716.5,-615.25,0,Mph
1653,-612.75,0,Mph
1744,-611.25,0,Mph
1764,-594.75,0,Mph
1681,-602.75,0,Mph
1242,-602.25,0,Mph
1305.5,-602.25,0,Mph
1539,-593.75,0,Mph
1218,-589.75,0,Mph
1547,-568.25,0,Mph
1293,-567.75,0,Mph
1709.5,-559.75,0,Mph
1311,-564.25,0,Mph
1648,-559.75,0,Mph
1479,-555.75,0,Mph
1410,-546.75,0,Mph
1624,-545.25,0,Mph
1342.5,-542.25,0,Mph
1724,-538.75,0,Mph
1315,-538.25,0,Mph
1434,-533.75,0,Mph
1642.5,-519.75,0,Mph
1325,-528.75,0,Mph
1466.5,-521.25,0,Mph
1750,-519.75,0,Mph
1685.5,-519.75,0,Mph
1276,-511.75,0,Mph
1301,-517.75,0,Mph
1339,-514.75,0,Mph
1351,-504.75,0,Mph
1495,-498.75,0,Mph
1379,-503.25,0,Mph
1283,-493.75,0,Mph
1395.5,-500.75,0,Mph
1237.5,-494.75,0,Mph
1560,-492.75,0,Mph
1259.5,-481.75,0,Mph
1244,-480.25,0,Mph
1565.5,-477.75,0,Mph
1480,-466.25,0,Mph
1635.5,-472.25,0,Mph
1697,-464.25,0,Mph
1205.5,-461.75,0,Mph
1429,-460.75,0,Mph
1767.5,-458.25,0,Mph
1390,-440.75,0,Mph
1357.5,-439.25,0,Mph
1558.5,-436.75,0,Mph
1489.5,-436.25,0,Mph
1382,-426.25,0,Mph
1546,-428.25,0,Mph
1308.5,-424.75,0,Mph
1236,-422.75,0,Mph
1434,-407.25,0,Mph
1298,-393.25,0,Mph
1529,-392.75,0,Mph
1421.5,-389.75,0,Mph
1362,-388.75,0,Mph
1441,-386.25,0,Mph
1834,-384.75,0,Mph
1313,-377.25,0,Mph
1288,-370.25,0,Mph
1270,-365.25,0,Mph
1353.5,-353.75,0,Mph
1485,-359.25,0,Mph
1340.5,-355.25,0,Mph
1304.5,-353.75,0,Mph
1729.5,-350.25,0,Mph
1440,-338.25,0,Mph
1504.5,-339.75,0,Mph
1281.5,-335.75,0,Mph
1524,-327.25,0,Mph
1280,-313.75,0,Mph
1300,-315.25,0,Mph
1321,-313.75,0,Mph
1836,-312.25,0,Mph
1359,-304.25,0,Mph
1417.5,-303.75,0,Mph
1520.5,-301.75,0,Mph
1294.5,-291.75,0,Mph
1868.5,-300.25,0,Mph
1335,-289.25,0,Mph
1560,-287.25,0,Mph
1374,-282.75,0,Mph
1871.5,-281.75,0,Mph
1591.5,-265.25,0,Mph
1606.5,-253.75,0,Mph
1289.5,-237.25,0,Mph
1313.5,-230.25,0,Mph
1325,-223.25,0,Mph
1864.5,-218.75,0,Mph
1248,-213.75,0,Mph
1837,-210.25,0,Mph
1384.5,-204.25,0,Mph
1865,-196.75,0,Mph
1402,-193.75,0,Mph
1290,-185.75,0,Mph
1233.5,-185.25,0,Mph
1207.5,-185.75,0,Mph
1269.5,-185.25,0,Mph
1316,-185.75,0,Mph
1371.5,-182.75,0,Mph
1839,-175.75,0,Mph
1205,-171.75,0,Mph
1417,-171.75,0,Mph
1380,-168.25,0,Mph
1485.5,-162.75,0,Mph
1846,-161.25,0,Mph
1268.5,-159.75,0,Mph
1301.5,-150.25,0,Mph
1393.5,-160.75,0,Mph
1326.5,-151.25,0,Mph
1787.5,-152.25,0,Mph
1914,-144.75,0,Mph
1798.5,-141.75,0,Mph
1924,-136.25,0,Mph
1812.5,-128.25,0,Mph
1799,-116.25,0,Mph
1830,-104.25,0,Mph
1794.5,-96.75,0,Mph
1802,-74.25,0,Mph
1761,-64.25,0,Mph
1806.5,-51.75,0,Mph
1731,-52.25,0,Mph
1776.5,-33.25,0,Mph
1731,-30.25,0,Mph
1755.5,-18.75,0,Mph
1625.5,41.75,0,Mph
1204,49.25,0,Mph
1637.5,53.25,0,Mph
1228,58.25,0,Mph
1622.5,59.75,0,Mph
1633.5,137.75,0,Mph
2394,-636.75,0,Mph
2210.5,-636.75,0,Mph
2415,-622.25,0,Mph
2465,-627.75,0,Mph
2364,-619.25,0,Mph
2237.5,-616.75,0,Mph
2287.5,-605.75,0,Mph
2466,-605.75,0,Mph
2319.5,-601.75,0,Mph
2031.5,-588.25,0,Mph
1985,-595.75,0,Mph
2254,-593.75,0,Mph
2244.5,-587.75,0,Mph
2360,-590.75,0,Mph
2071,-585.25,0,Mph
2225,-568.75,0,Mph
2007.5,-562.75,0,Mph
2301,-562.75,0,Mph
2026,-559.75,0,Mph
2472.5,-533.75,0,Mph
2014,-531.75,0,Mph
2109,-526.25,0,Mph
2731,-527.25,0,Mph
2030.5,-512.25,0,Mph
2114.5,-510.25,0,Mph
2209.5,-505.75,0,Mph
2045,-501.25,0,Mph
2180.5,-497.25,0,Mph
2237.5,-493.25,0,Mph
2404.5,-492.75,0,Mph
2476,-492.75,0,Mph
2459.5,-490.75,0,Mph
2161.5,-483.75,0,Mph
2437.5,-482.75,0,Mph
2475,-473.75,0,Mph
2460,-475.25,0,Mph
2737,-469.75,0,Mph
2507,-472.25,0,Mph
2722,-454.75,0,Mph
2737,-443.25,0,Mph
2715,-425.75,0,Mph
2446,-415.25,0,Mph
2743.5,-416.75,0,Mph
2438,-399.75,0,Mph
2454.5,-392.25,0,Mph
2471.5,-384.25,0,Mph
2049.5,-371.25,0,Mph
2656,-339.75,0,Mph
2386,-271.75,0,Mph
2130,-268.75,0,Mph
2133.5,-248.75,0,Mph
2189.5,-236.25,0,Mph
2207.5,-231.75,0,Mph
2755.5,-209.25,0,Mph
2406.5,-210.25,0,Mph
2392.5,-193.75,0,Mph
2770.5,-194.25,0,Mph
2411.5,-186.25,0,Mph
2633,-174.25,0,Mph
2655.5,-171.25,0,Mph
2440.5,-174.75,0,Mph
2607.5,-163.25,0,Mph
2757.5,-160.25,0,Mph
2380.5,-159.75,0,Mph
1976.5,-150.75,0,Mph
2437,-156.75,0,Mph
2275.5,-135.75,0,Mph
2690,-135.75,0,Mph
2767.5,-133.75,0,Mph
1993,-125.75,0,Mph
2707.5,-128.75,0,Mph
2379.5,-122.25,0,Mph
2668,-122.75,0,Mph
2642.5,-117.75,0,Mph
2503.5,-113.75,0,Mph
2328.5,-108.75,0,Mph
2257.5,-110.75,0,Mph
2545.5,-112.75,0,Mph
2350.5,-105.75,0,Mph
2046,-104.25,0,Mph
2450,-102.75,0,Mph
2754,-102.75,0,Mph
2233.5,-92.25,0,Mph
2255.5,-92.75,0,Mph
2538,-90.25,0,Mph
2373.5,-90.25,0,Mph
2025,-90.75,0,Mph
2570,-83.75,0,Mph
2585.5,-82.75,0,Mph
2566,-73.75,0,Mph
2507.5,-74.75,0,Mph
2658.5,-63.75,0,Mph
2473,-68.75,0,Mph
2589,-69.75,0,Mph
2736.5,-63.25,0,Mph
2248,-69.75,0,Mph
2582.5,-48.75,0,Mph
2443,-46.75,0,Mph
2479,-36.25,0,Mph
2652.5,-37.25,0,Mph
2247,-22.75,0,Mph
2621.5,-29.75,0,Mph
2637,-24.25,0,Mph
2457,-15.75,0,Mph
2575,-14.25,0,Mph
1993.5,3.25,0,Mph
2618.5,4.25,0,Mph
2668,20.25,0,Mph
2610.5,20.75,0,Mph
1986,25.25,0,Mph
2656,36.25,0,Mph
2732,42.75,0,Mph
2747,51.25,0,Mph
2754.5,67.25,0,Mph
2613.5,74.25,0,Mph
2647.5,93.25,0,Mph
2621.5,98.75,0,Mph
2578.5,97.25,0,Mph
2682.5,98.25,0,Mph
2591,111.25,0,Mph
2256.5,110.25,0,Mph
2680,118.75,0,Mph
2235,117.25,0,Mph
2670.5,137.75,0,Mph
3138.5,-649.25,0,Mph
3272,-627.75,0,Mph
2888,-632.75,0,Mph
2927.5,-636.75,0,Mph
2864,-632.75,0,Mph
3567,-632.25,0,Mph
3116,-628.75,0,Mph
3146.5,-622.75,0,Mph
2901.5,-616.75,0,Mph
2955,-607.25,0,Mph
3530,-609.75,0,Mph
3506.5,-595.75,0,Mph
3273,-598.75,0,Mph
3200,-586.25,0,Mph
3046.5,-571.25,0,Mph
3558.5,-581.25,0,Mph
3228.5,-567.25,0,Mph
3551.5,-563.75,0,Mph
3319.5,-561.25,0,Mph
2989.5,-552.75,0,Mph
3527.5,-554.75,0,Mph
2971.5,-550.75,0,Mph
2948,-546.75,0,Mph
3053,-545.25,0,Mph
2998,-535.25,0,Mph
3058.5,-528.75,0,Mph
3117,-527.75,0,Mph
3045,-487.25,0,Mph
3451.5,-481.75,0,Mph
3462,-459.75,0,Mph
3566.5,-452.75,0,Mph
3448,-452.25,0,Mph
3444.5,-438.25,0,Mph
3440,-425.75,0,Mph
3535.5,-420.75,0,Mph
3488.5,-394.75,0,Mph
3097.5,-367.75,0,Mph
3118,-353.25,0,Mph
3180.5,-350.25,0,Mph
3496.5,-340.75,0,Mph
3133.5,-350.25,0,Mph
3214.5,-339.75,0,Mph
3130,-338.25,0,Mph
3148.5,-331.25,0,Mph
3093.5,-333.25,0,Mph
3068.5,-328.75,0,Mph
2891.5,-325.25,0,Mph
3206,-323.25,0,Mph
3172,-316.25,0,Mph
2905.5,-320.25,0,Mph
3132.5,-319.75,0,Mph
3077.5,-308.75,0,Mph
3030,-303.25,0,Mph
3055.5,-305.25,0,Mph
3101.5,-298.75,0,Mph
3142,-288.75,0,Mph
2874.5,-287.25,0,Mph
3124.5,-274.25,0,Mph
3177,-278.25,0,Mph
2961,-267.75,0,Mph
3012,-267.25,0,Mph
3046.5,-268.25,0,Mph
3188.5,-267.75,0,Mph
2985,-261.75,0,Mph
2848.5,-260.75,0,Mph
3061,-254.75,0,Mph
3192,-236.75,0,Mph
2891,-254.75,0,Mph
2909,-253.25,0,Mph
3006,-242.25,0,Mph
3151.5,-243.75,0,Mph
3031,-241.25,0,Mph
3072.5,-238.25,0,Mph
3499,-237.75,0,Mph
2836,-230.75,0,Mph
3132.5,-234.75,0,Mph
2858.5,-226.25,0,Mph
3126.5,-223.25,0,Mph
2929.5,-219.75,0,Mph
3501,-219.25,0,Mph
3041,-220.75,0,Mph
3151.5,-213.75,0,Mph
2905,-216.25,0,Mph
2800,-204.75,0,Mph
2787.5,-209.75,0,Mph
3469,-204.25,0,Mph
3000,-200.75,0,Mph
3405.5,-193.25,0,Mph
2932,-193.75,0,Mph
2877,-198.25,0,Mph
2966,-193.25,0,Mph
3031,-194.25,0,Mph
3374,-190.75,0,Mph
2998,-183.75,0,Mph
3391.5,-182.25,0,Mph
3050,-176.75,0,Mph
3079.5,-180.75,0,Mph
2894.5,-171.25,0,Mph
2920.5,-170.75,0,Mph
2939.5,-166.25,0,Mph
3153.5,-160.25,0,Mph
2963,-159.75,0,Mph
3104.5,-158.75,0,Mph
2804,-162.25,0,Mph
2827.5,-160.75,0,Mph
2851,-155.25,0,Mph
2895.5,-150.25,0,Mph
3038,-150.75,0,Mph
2917.5,-137.75,0,Mph
2775,-131.75,0,Mph
3025.5,-128.25,0,Mph
3053,-127.75,0,Mph
3133,-127.25,0,Mph
2945.5,-125.25,0,Mph
2992.5,-119.75,0,Mph
2914.5,-117.75,0,Mph
2802,-114.25,0,Mph
2957,-105.25,0,Mph
3005,-112.75,0,Mph
2820,-109.75,0,Mph
3032.5,-103.75,0,Mph
3052.5,-102.75,0,Mph
2974,-97.75,0,Mph
2830,-89.25,0,Mph
3127,-75.25,0,Mph
2949,-69.25,0,Mph
2792.5,-73.75,0,Mph
3069.5,-60.25,0,Mph
2888,-60.25,0,Mph
2989,-59.75,0,Mph
2828.5,-42.75,0,Mph
2902.5,-49.75,0,Mph
2879,-47.75,0,Mph
3028.5,-38.75,0,Mph
3110,-45.75,0,Mph
2950,-40.75,0,Mph
2894,-41.25,0,Mph
3078,-37.75,0,Mph
3054,-35.75,0,Mph
3116,-27.75,0,Mph
2886.5,-12.25,0,Mph
2958.5,-28.75,0,Mph
3175,-28.25,0,Mph
3238.5,-25.25,0,Mph
2974.5,-21.25,0,Mph
2909.5,-22.25,0,Mph
3209,-14.25,0,Mph
3260,-19.25,0,Mph
2810,-10.25,0,Mph
3079.5,-7.25,0,Mph
2954,-7.25,0,Mph
2843,-5.75,0,Mph
3010,-1.75,0,Mph
3038.5,-7.75,0,Mph
3186.5,-1.75,0,Mph
3343.5,-7.25,0,Mph
3247,-1.25,0,Mph
3292.5,4.25,0,Mph
3116.5,6.75,0,Mph
3145,14.75,0,Mph
2837.5,14.25,0,Mph
3201,9.25,0,Mph
2933,14.25,0,Mph
3045,21.75,0,Mph
2809.5,12.75,0,Mph
2901,12.25,0,Mph
2857,14.75,0,Mph
3247,15.25,0,Mph
3277,20.75,0,Mph
3318.5,14.25,0,Mph
3012.5,23.75,0,Mph
3196,27.25,0,Mph
3130.5,33.25,0,Mph
3172,31.75,0,Mph
3076.5,32.75,0,Mph
3236,35.75,0,Mph
2944,46.25,0,Mph
3263.5,43.75,0,Mph
3113.5,48.75,0,Mph
3053,44.75,0,Mph
3178.5,52.25,0,Mph
3154.5,61.25,0,Mph
3138.5,51.25,0,Mph
3210.5,57.25,0,Mph
2982.5,61.75,0,Mph
3033.5,61.75,0,Mph
3065,61.25,0,Mph
3226.5,63.75,0,Mph
3252,68.25,0,Mph
3277,67.75,0,Mph
2821.5,69.25,0,Mph
3005,67.25,0,Mph
3134,77.75,0,Mph
3296.5,73.75,0,Mph
3242,83.75,0,Mph
3316,81.75,0,Mph
3483.5,84.25,0,Mph
2832,86.75,0,Mph
3329,89.25,0,Mph
3195.5,94.75,0,Mph
3467,94.25,0,Mph
3085.5,94.75,0,Mph
3174.5,97.25,0,Mph
3251,100.75,0,Mph
3514.5,106.25,0,Mph
3492,101.25,0,Mph
3459,111.75,0,Mph
3058,111.25,0,Mph
3413,113.75,0,Mph
3111.5,116.75,0,Mph
3132,114.75,0,Mph
3312,121.25,0,Mph
3432,115.75,0,Mph
3159.5,122.75,0,Mph
3245.5,122.75,0,Mph
3493.5,124.75,0,Mph
3141.5,123.75,0,Mph
3290.5,125.25,0,Mph
3027,132.75,0,Mph
3210.5,145.25,0,Mph
3541,139.75,0,Mph
3175.5,138.75,0,Mph
3472.5,140.25,0,Mph
3146,141.25,0,Mph
3251,144.75,0,Mph
3641.5,-650.75,0,Mph
3652.5,-630.25,0,Mph
3660.5,-606.75,0,Mph
3575.5,-598.25,0,Mph
3670.5,-585.75,0,Mph
3679.5,-562.75,0,Mph
3587,-567.75,0,Mph
3690.5,-547.75,0,Mph
3690,-534.75,0,Mph
3699,-513.25,0,Mph
3575.5,-520.25,0,Mph
3608.5,-519.75,0,Mph
3619.5,-505.75,0,Mph
3605.5,-494.25,0,Mph
3590,-484.75,0,Mph
3577.5,-407.75,0,Mph
3772,-346.75,0,Mph
3775,-324.25,0,Mph
3783,-308.75,0,Mph
3795.5,-285.25,0,Mph
3802.5,-258.75,0,Mph
3779.5,-236.25,0,Mph
3815,-230.75,0,Mph
3801,-209.25,0,Mph
3822.5,-198.75,0,Mph
3778,-169.75,0,Mph
3842,-154.75,0,Mph
3853.5,-117.75,0,Mph
3861.5,-99.75,0,Mph
3864,-69.25,0,Mph
3680.5,-9.25,0,Mph
3696.5,-4.25,0,Mph
3753,15.75,0,Mph
3677.5,9.75,0,Mph
3693,18.75,0,Mph
3675.5,51.75,0,Mph
3914.5,78.75,0,Mph
3890.5,87.25,0,Mph
3918.5,94.25,0,Mph
3918.5,109.25,0,Mph
3895,109.25,0,Mph
3927.5,128.25,0,Mph
3609.5,128.75,0,Mph
3881,131.25,0,Mph
3626,146.75,0,Mph
-1120.5,381.75,0,Mph
-1088.5,379.25,0,Mph
-1206.5,416.75,0,Mph
-690.5,446.75,0,Mph
-1175,448.25,0,Mph
-719.5,444.75,0,Mph
-1175,478.75,0,Mph
-1118.5,614.25,0,Mph
-1073,614.75,0,Mph
-1095,622.75,0,Mph
-1097,645.25,0,Mph
-1078.5,701.25,0,Mph
-733,718.25,0,Mph
-694,740.75,0,Mph
-774,765.75,0,Mph
-738,793.75,0,Mph
-1036.5,794.75,0,Mph
-1992,148.25,0,Mph
-1829,149.75,0,Mph
-1894.5,166.25,0,Mph
-1848.5,165.25,0,Mph
-1980.5,165.25,0,Mph
-1775.5,173.75,0,Mph
-1793,175.75,0,Mph
-1822,174.75,0,Mph
-1564,175.25,0,Mph
-1706,180.75,0,Mph
-1865.5,186.25,0,Mph
-1844,183.75,0,Mph
-1962.5,185.75,0,Mph
-1846.5,197.75,0,Mph
-1739.5,204.25,0,Mph
-1559,215.75,0,Mph
-1791,203.75,0,Mph
-1883.5,204.25,0,Mph
-1864,218.75,0,Mph
-1817,218.25,0,Mph
-1670,222.75,0,Mph
-1803,224.75,0,Mph
-1736,227.25,0,Mph
-1783.5,227.75,0,Mph
-1563.5,238.75,0,Mph
-1828,240.25,0,Mph
-1883,240.75,0,Mph
-1733,242.75,0,Mph
-1810.5,250.25,0,Mph
-1849,248.75,0,Mph
-1572.5,268.25,0,Mph
-1457,267.75,0,Mph
-1690,275.75,0,Mph
-1748.5,282.75,0,Mph
-1689,293.75,0,Mph
-1813,292.75,0,Mph
-1787,307.75,0,Mph
-1758,299.25,0,Mph
-1714.5,308.75,0,Mph
-1826.5,310.25,0,Mph
-1854.5,314.25,0,Mph
-1237,325.25,0,Mph
-1735.5,324.75,0,Mph
-1756.5,327.25,0,Mph
-1827.5,332.25,0,Mph
-1801,339.25,0,Mph
-1776.5,345.25,0,Mph
-1793.5,359.25,0,Mph
-1323,367.25,0,Mph
-1765,369.75,0,Mph
-1749,388.25,0,Mph
-1819,391.25,0,Mph
-1300.5,394.25,0,Mph
-1701,401.75,0,Mph
-1768.5,398.25,0,Mph
-1651.5,400.75,0,Mph
-1735,407.75,0,Mph
-1784.5,415.25,0,Mph
-1651,417.25,0,Mph
-1688,417.75,0,Mph
-1757.5,425.75,0,Mph
-1740,428.75,0,Mph
-1711.5,426.75,0,Mph
-1774.5,440.75,0,Mph
-1791.5,454.25,0,Mph
-1771.5,463.75,0,Mph
-1785.5,498.25,0,Mph
-1758.5,503.25,0,Mph
-1793,512.25,0,Mph
-1787.5,529.25,0,Mph
-1638,541.75,0,Mph
-1779,548.25,0,Mph
-1550,556.25,0,Mph
-1578.5,560.25,0,Mph
-1734,567.25,0,Mph
-1676.5,578.75,0,Mph
-1577.5,579.75,0,Mph
-1606.5,577.75,0,Mph
-1777.5,579.25,0,Mph
-1646.5,585.25,0,Mph
-1747,589.25,0,Mph
-1594.5,592.25,0,Mph
-1780.5,598.75,0,Mph
-1738,615.75,0,Mph
-1618,614.75,0,Mph
-1641.5,648.25,0,Mph
-1723.5,658.25,0,Mph
-1625.5,659.25,0,Mph
-1717,678.75,0,Mph
-1689.5,708.75,0,Mph
-1722.5,731.75,0,Mph
-1695.5,729.75,0,Mph
-1523.5,740.25,0,Mph
-1676,745.25,0,Mph
-1453.5,749.75,0,Mph
-1535,750.75,0,Mph
-1696.5,754.25,0,Mph
-1556.5,770.25,0,Mph
-1514,775.75,0,Mph
-1674,785.75,0,Mph
-1476,788.25,0,Mph
-1456,800.75,0,Mph
-1650,814.25,0,Mph
-1617,819.25,0,Mph
-1517,821.25,0,Mph
-1669,821.75,0,Mph
-1586,825.25,0,Mph
-1520.5,835.25,0,Mph
-1448.5,840.75,0,Mph
-1494,847.75,0,Mph
-1607,853.25,0,Mph
-1557.5,852.25,0,Mph
-1522.5,852.75,0,Mph
-1640.5,856.75,0,Mph
-1539.5,870.25,0,Mph
-1506.5,865.75,0,Mph
-1600,872.75,0,Mph
-1482,885.25,0,Mph
-1648,891.75,0,Mph
-1424,891.25,0,Mph
-1605.5,890.75,0,Mph
-1511.5,897.75,0,Mph
-1529.5,901.25,0,Mph
-1570.5,906.75,0,Mph
-1468,913.75,0,Mph
-1437,909.75,0,Mph
-1400,915.25,0,Mph
-1622,926.75,0,Mph
-1593.5,927.25,0,Mph
-1441.5,927.25,0,Mph
-1571.5,932.25,0,Mph
-1448.5,947.75,0,Mph
-404.5,159.25,0,Mph
-425,174.75,0,Mph
-402,187.25,0,Mph
361.5,379.25,0,Mph
-299,390.75,0,Mph
-331,403.25,0,Mph
352,402.25,0,Mph
229,605.25,0,Mph
238.5,615.75,0,Mph
55.5,761.75,0,Mph
-123,759.75,0,Mph
281,784.75,0,Mph
238,790.25,0,Mph
24.5,904.25,0,Mph
-52,945.25,0,Mph
986,148.25,0,Mph
793.5,156.75,0,Mph
917,153.75,0,Mph
718.5,159.75,0,Mph
777.5,162.75,0,Mph
802.5,173.25,0,Mph
927.5,164.25,0,Mph
1013.5,166.75,0,Mph
643.5,176.25,0,Mph
725.5,178.75,0,Mph
1060.5,174.25,0,Mph
1142.5,183.25,0,Mph
1077,186.75,0,Mph
976,191.25,0,Mph
1040.5,205.25,0,Mph
985,203.75,0,Mph
553,269.25,0,Mph
393,311.25,0,Mph
397,326.75,0,Mph
514,341.75,0,Mph
413,352.25,0,Mph
538.5,345.75,0,Mph
460,359.25,0,Mph
442.5,368.25,0,Mph
454.5,375.25,0,Mph
408.5,382.25,0,Mph
514.5,381.25,0,Mph
954.5,381.75,0,Mph
1165,577.25,0,Mph
1114,607.25,0,Mph
1107.5,621.25,0,Mph
1132.5,624.25,0,Mph
1080.5,638.75,0,Mph
1154.5,645.75,0,Mph
1130,661.75,0,Mph
1165.5,682.25,0,Mph
1117.5,685.75,0,Mph
1134.5,716.25,0,Mph
845,760.25,0,Mph
934.5,757.75,0,Mph
879.5,770.75,0,Mph
836.5,778.75,0,Mph
852,785.25,0,Mph
956,793.25,0,Mph
865,805.25,0,Mph
914,825.75,0,Mph
990.5,832.25,0,Mph
909,845.75,0,Mph
984.5,866.25,0,Mph
1003.5,869.25,0,Mph
929.5,870.25,0,Mph
976,884.25,0,Mph
898.5,890.25,0,Mph
454,917.25,0,Mph
1160,912.75,0,Mph
490,926.25,0,Mph
502.5,938.75,0,Mph
534.5,935.75,0,Mph
1204.5,184.75,0,Mph
1259.5,204.75,0,Mph
1297.5,202.25,0,Mph
1277.5,206.75,0,Mph
1363.5,209.25,0,Mph
1345.5,227.75,0,Mph
1608.5,278.75,0,Mph
1354.5,300.75,0,Mph
1546,306.25,0,Mph
1329.5,335.75,0,Mph
1392.5,367.25,0,Mph
1476.5,366.25,0,Mph
1324.5,369.25,0,Mph
1258,371.25,0,Mph
1463.5,378.75,0,Mph
1490.5,386.25,0,Mph
1307,384.25,0,Mph
1288.5,404.25,0,Mph
1308,401.25,0,Mph
1244,419.75,0,Mph
1375,424.25,0,Mph
1913.5,426.75,0,Mph
1380.5,438.25,0,Mph
1950.5,442.25,0,Mph
1496.5,464.75,0,Mph
1300,461.25,0,Mph
1904.5,461.75,0,Mph
1284,461.75,0,Mph
1947.5,465.25,0,Mph
1388,463.25,0,Mph
1320.5,463.75,0,Mph
1400,471.75,0,Mph
1302.5,482.25,0,Mph
1478,477.75,0,Mph
1287,477.75,0,Mph
1441,483.75,0,Mph
1782,482.75,0,Mph
1374.5,488.25,0,Mph
1416,489.25,0,Mph
1483,493.25,0,Mph
1383.5,501.25,0,Mph
1282.5,500.25,0,Mph
1351.5,508.75,0,Mph
1428.5,500.75,0,Mph
1966.5,503.75,0,Mph
1314.5,518.25,0,Mph
1490,523.25,0,Mph
1448.5,525.25,0,Mph
1967,531.75,0,Mph
1459,537.25,0,Mph
1943.5,537.75,0,Mph
1790.5,547.75,0,Mph
1916,542.75,0,Mph
1361.5,545.75,0,Mph
1754.5,557.25,0,Mph
1893.5,561.75,0,Mph
1531,563.75,0,Mph
1762,574.25,0,Mph
1738,594.25,0,Mph
1528.5,592.75,0,Mph
1787.5,590.25,0,Mph
1174,602.25,0,Mph
1805.5,605.25,0,Mph
1784,626.25,0,Mph
1760,624.75,0,Mph
1703.5,630.75,0,Mph
1728.5,629.75,0,Mph
1182,641.75,0,Mph
1743,643.25,0,Mph
1680.5,641.75,0,Mph
1661,645.25,0,Mph
1190,653.25,0,Mph
1173.5,656.75,0,Mph
1730,663.75,0,Mph
1713.5,670.75,0,Mph
1691.5,678.75,0,Mph
1751,678.75,0,Mph
1174.5,697.25,0,Mph
1703,695.75,0,Mph
1718,706.75,0,Mph
1940.5,701.75,0,Mph
1743,704.75,0,Mph
1814,705.25,0,Mph
1188.5,706.75,0,Mph
1970.5,713.75,0,Mph
1930,722.75,0,Mph
1948,720.75,0,Mph
1226.5,780.25,0,Mph
1221.5,794.25,0,Mph
1243.5,817.75,0,Mph
1264,817.75,0,Mph
1806.5,841.25,0,Mph
1174,859.75,0,Mph
1820.5,869.75,0,Mph
1731.5,888.25,0,Mph
1752.5,899.75,0,Mph
1238.5,923.75,0,Mph
2632.5,183.25,0,Mph
2596,192.75,0,Mph
2635.5,216.25,0,Mph
2604,219.75,0,Mph
2217.5,228.25,0,Mph
2396.5,249.75,0,Mph
2663,241.75,0,Mph
2611,248.75,0,Mph
2234,279.25,0,Mph
2263,289.25,0,Mph
2477.5,293.75,0,Mph
2262.5,305.25,0,Mph
2230.5,347.75,0,Mph
1989,463.75,0,Mph
2024.5,473.25,0,Mph
1996,498.25,0,Mph
1981,499.25,0,Mph
2015,505.25,0,Mph
1976,540.75,0,Mph
2043,545.25,0,Mph
2136.5,566.75,0,Mph
2109.5,565.75,0,Mph
2186.5,578.25,0,Mph
1991.5,583.75,0,Mph
2059.5,600.25,0,Mph
2119,596.75,0,Mph
2114.5,619.25,0,Mph
2080.5,628.25,0,Mph
2136,645.75,0,Mph
2217,669.75,0,Mph
2247,683.75,0,Mph
2212.5,701.75,0,Mph
2005,695.25,0,Mph
1986,700.25,0,Mph
2051.5,706.75,0,Mph
2024.5,706.75,0,Mph
1991.5,721.25,0,Mph
2033,723.25,0,Mph
2004.5,779.75,0,Mph
2250,786.75,0,Mph
2025.5,805.75,0,Mph
2043,824.75,0,Mph
3400.5,149.25,0,Mph
3296,153.75,0,Mph
3121.5,160.25,0,Mph
3439.5,156.25,0,Mph
3455,156.25,0,Mph
3267.5,160.25,0,Mph
3227.5,162.25,0,Mph
3479,165.25,0,Mph
3141,168.75,0,Mph
3308.5,170.25,0,Mph
3033,181.25,0,Mph
3213,184.25,0,Mph
3071.5,187.25,0,Mph
3108,192.25,0,Mph
3133,193.75,0,Mph
3440,195.75,0,Mph
3206.5,203.25,0,Mph
3512.5,208.25,0,Mph
3471,207.25,0,Mph
3403,222.25,0,Mph
3157,209.25,0,Mph
3180.5,218.75,0,Mph
3369.5,218.75,0,Mph
3432.5,218.75,0,Mph
3158.5,223.75,0,Mph
3063,232.25,0,Mph
3384.5,228.25,0,Mph
3402,233.25,0,Mph
3116,235.75,0,Mph
3460.5,237.75,0,Mph
3431.5,246.25,0,Mph
3164.5,244.25,0,Mph
3187.5,251.25,0,Mph
3149.5,258.75,0,Mph
3542,261.25,0,Mph
3167,261.25,0,Mph
3405.5,258.75,0,Mph
3469,263.25,0,Mph
3119.5,271.25,0,Mph
3415,279.75,0,Mph
3166,283.25,0,Mph
3390,279.25,0,Mph
3463,291.75,0,Mph
3180.5,308.25,0,Mph
3483.5,309.25,0,Mph
3202.5,312.25,0,Mph
3562,310.25,0,Mph
3504,307.75,0,Mph
3435,313.25,0,Mph
3397,319.75,0,Mph
3519,323.75,0,Mph
3191,329.25,0,Mph
3493,337.25,0,Mph
3160,344.25,0,Mph
3187.5,351.25,0,Mph
3498.5,362.75,0,Mph
3201,379.75,0,Mph
3154.5,385.75,0,Mph
3500.5,379.25,0,Mph
3171.5,391.25,0,Mph
3537,400.25,0,Mph
3492.5,400.25,0,Mph
3417.5,403.75,0,Mph
3500,418.75,0,Mph
3544.5,423.25,0,Mph
3478.5,426.75,0,Mph
3142.5,422.25,0,Mph
3405.5,427.75,0,Mph
3190.5,423.75,0,Mph
3456.5,420.75,0,Mph
3453.5,438.75,0,Mph
3185,449.75,0,Mph
3137.5,447.25,0,Mph
3502,467.25,0,Mph
3448,478.25,0,Mph
2922.5,483.75,0,Mph
2924.5,508.75,0,Mph
3404.5,509.25,0,Mph
2949.5,544.75,0,Mph
2926.5,547.75,0,Mph
2935.5,666.25,0,Mph
3239.5,674.75,0,Mph
2923,675.75,0,Mph
3413.5,698.25,0,Mph
3244,696.25,0,Mph
2943,699.75,0,Mph
3207,716.75,0,Mph
2967.5,709.25,0,Mph
2993,722.75,0,Mph
3274,730.25,0,Mph
2944,734.75,0,Mph
3237.5,754.25,0,Mph
2961.5,766.25,0,Mph
3210,766.75,0,Mph
3217,780.75,0,Mph
3312,777.25,0,Mph
3247.5,777.75,0,Mph
2980.5,786.25,0,Mph
3235.5,788.75,0,Mph
3178,813.75,0,Mph
3135.5,813.25,0,Mph
3163,825.75,0,Mph
3141,839.25,0,Mph
3168.5,850.75,0,Mph
3137,852.75,0,Mph
3149,876.25,0,Mph
3064.5,930.25,0,Mph
3914,148.25,0,Mph
3932.5,159.25,0,Mph
3636,165.75,0,Mph
3628,183.75,0,Mph
3591.5,180.25,0,Mph
3925.5,182.25,0,Mph
3912,195.75,0,Mph
3887,196.75,0,Mph
3611,189.25,0,Mph
3649.5,199.75,0,Mph
3578,206.75,0,Mph
3928.5,203.25,0,Mph
3698.5,220.75,0,Mph
3943,230.25,0,Mph
3908,227.75,0,Mph
3605,229.25,0,Mph
3725.5,231.25,0,Mph
3580.5,233.25,0,Mph
3714.5,240.25,0,Mph
3946,249.75,0,Mph
3702,269.75,0,Mph
3944.5,278.25,0,Mph
3708.5,281.75,0,Mph
3592.5,289.75,0,Mph
3686,286.25,0,Mph
3956.5,296.75,0,Mph
3663.5,298.25,0,Mph
3681,308.75,0,Mph
3725,308.25,0,Mph
3702,313.25,0,Mph
3633,320.25,0,Mph
3958.5,315.75,0,Mph
3928,321.75,0,Mph
3572.5,332.75,0,Mph
3960.5,335.25,0,Mph
3967,370.25,0,Mph
3967,390.75,0,Mph
3720,396.25,0,Mph
3699.5,398.75,0,Mph
3664.5,409.75,0,Mph
3696.5,419.75,0,Mph
3970,422.25,0,Mph
3743,439.75,0,Mph
3696,440.25,0,Mph
3841,447.75,0,Mph
3973,447.75,0,Mph
3869,448.25,0,Mph
3850,463.75,0,Mph
3975,467.25,0,Mph
3893,475.75,0,Mph
3949.5,474.25,0,Mph
3868.5,484.75,0,Mph
3920.5,486.75,0,Mph
3969.5,494.75,0,Mph
3963,507.75,0,Mph
3897.5,507.25,0,Mph
3984.5,518.25,0,Mph
3838.5,531.75,0,Mph
3952.5,527.25,0,Mph
3911.5,532.25,0,Mph
3983,534.25,0,Mph
3956,541.25,0,Mph
3877.5,540.75,0,Mph
3987,559.75,0,Mph
3883,550.75,0,Mph
3830,566.75,0,Mph
3849.5,567.25,0,Mph
3969,568.75,0,Mph
3932.5,584.75,0,Mph
3988,598.75,0,Mph
3959.5,586.75,0,Mph
3921.5,602.75,0,Mph
3965,601.75,0,Mph
3968,618.25,0,Mph
3934.5,626.25,0,Mph
3991,631.25,0,Mph
3967.5,640.75,0,Mph
3951,645.75,0,Mph
3993,657.25,0,Mph
3981,670.75,0,Mph
3913.5,675.75,0,Mph
3942.5,695.25,0,Mph
3994.5,689.25,0,Mph
3913.5,705.25,0,Mph
3989.5,710.25,0,Mph
3902.5,713.25,0,Mph
3911,721.75,0,Mph
3961,723.25,0,Mph
3991.5,733.25,0,Mph
3967.5,742.25,0,Mph
3959,756.75,0,Mph
3994,779.75,0,Mph
3952,784.75,0,Mph
3971,801.25,0,Mph
3997,818.25,0,Mph
3908.5,824.75,0,Mph
3990,872.25,0,Mph
3963,889.25,0,Mph
3990,936.75,0,Mph
-1514,949.25,0,Mph
-1584.5,948.25,0,Mph
-1542.5,962.25,0,Mph
-1573.5,970.75,0,Mph
-1554,998.75,0,Mph
-1574,998.75,0,Mph
-1508.5,1029.75,0,Mph
-1556.5,1022.25,0,Mph
-1556.5,1039.75,0,Mph
-1481,1059.75,0,Mph
-1450,1084.75,0,Mph
-1432.5,1081.75,0,Mph
-1410.5,1096.75,0,Mph
-1472,1102.75,0,Mph
-1434.5,1112.75,0,Mph
-1454,1124.75,0,Mph
-1413.5,1128.75,0,Mph
-1232,1146.25,0,Mph
-1372,1150.75,0,Mph
-1261.5,1155.25,0,Mph
-1440.5,1158.75,0,Mph
-1236,1160.75,0,Mph
-1343,1164.25,0,Mph
-1384.5,1169.25,0,Mph
-1314.5,1173.25,0,Mph
-1369,1182.25,0,Mph
-1233.5,1187.25,0,Mph
-1336.5,1212.25,0,Mph
-1310,1223.75,0,Mph
-1365,1227.75,0,Mph
-1323,1233.25,0,Mph
-1335.5,1245.25,0,Mph
-1297,1251.25,0,Mph
-1321.5,1261.25,0,Mph
-1306,1280.25,0,Mph
-1287.5,1283.75,0,Mph
-1230.5,1350.25,0,Mph
-832,1250.75,0,Mph
-799,1264.75,0,Mph
-774,1267.25,0,Mph
-825.5,1296.25,0,Mph
-825.5,1317.75,0,Mph
-740.5,1329.25,0,Mph
-713.5,1335.25,0,Mph
-852.5,1350.25,0,Mph
-751.5,1359.25,0,Mph
-731.5,1360.75,0,Mph
-1195,1386.75,0,Mph
-1192,1414.25,0,Mph
-1176.5,1423.75,0,Mph
-1187,1444.25,0,Mph
-1134,1455.25,0,Mph
-1182,1471.75,0,Mph
-1146.5,1475.75,0,Mph
-1166.5,1471.75,0,Mph
-1166,1490.75,0,Mph
-1136,1498.75,0,Mph
-1094,1520.75,0,Mph
-1133,1523.75,0,Mph
-765.5,1522.75,0,Mph
-1071,1546.25,0,Mph
-733,1566.25,0,Mph
-711,1589.25,0,Mph
-1042.5,1597.25,0,Mph
-437,1605.25,0,Mph
-852,1615.75,0,Mph
-1068,1616.25,0,Mph
-876.5,1619.25,0,Mph
-443,1618.75,0,Mph
-1025.5,1629.75,0,Mph
-754,1642.75,0,Mph
-638.5,1641.75,0,Mph
-619.5,1645.75,0,Mph
-489.5,1643.75,0,Mph
-985,1654.75,0,Mph
-966,1671.75,0,Mph
13,948.25,0,Mph
292.5,1106.75,0,Mph
327,1106.25,0,Mph
306.5,1116.25,0,Mph
342.5,1115.25,0,Mph
-311.5,1503.75,0,Mph
-270,1512.25,0,Mph
-330.5,1517.75,0,Mph
-424.5,1562.25,0,Mph
-184,1661.25,0,Mph
-205,1669.25,0,Mph
-186.5,1692.75,0,Mph
-221,1697.25,0,Mph
-238.5,1725.75,0,Mph
-208.5,1733.75,0,Mph
-253.5,1742.75,0,Mph
547.5,950.25,0,Mph
473.5,950.25,0,Mph
518,956.25,0,Mph
604.5,964.75,0,Mph
554.5,964.25,0,Mph
588.5,966.25,0,Mph
636,970.25,0,Mph
566,978.75,0,Mph
641.5,989.25,0,Mph
536.5,992.75,0,Mph
1112.5,993.25,0,Mph
513,998.75,0,Mph
663.5,1001.75,0,Mph
571,1005.25,0,Mph
610,1014.75,0,Mph
1030.5,1019.25,0,Mph
631,1019.75,0,Mph
682,1017.75,0,Mph
516.5,1024.25,0,Mph
725,1023.25,0,Mph
589,1026.75,0,Mph
543.5,1030.25,0,Mph
577,1038.75,0,Mph
662.5,1048.25,0,Mph
681.5,1054.75,0,Mph
549,1049.75,0,Mph
512.5,1053.75,0,Mph
720,1051.25,0,Mph
742,1054.25,0,Mph
563,1065.25,0,Mph
542,1067.75,0,Mph
630,1068.25,0,Mph
1119.5,1075.75,0,Mph
709,1082.75,0,Mph
1037,1086.75,0,Mph
840.5,1093.75,0,Mph
928.5,1099.75,0,Mph
701.5,1101.75,0,Mph
726.5,1101.75,0,Mph
762,1107.25,0,Mph
872.5,1115.75,0,Mph
932,1118.75,0,Mph
564,1126.75,0,Mph
768,1129.75,0,Mph
916.5,1133.75,0,Mph
555,1136.25,0,Mph
898.5,1142.75,0,Mph
752,1144.25,0,Mph
569.5,1152.25,0,Mph
543,1155.25,0,Mph
829.5,1160.75,0,Mph
744,1168.75,0,Mph
873,1165.75,0,Mph
918,1189.25,0,Mph
561,1208.25,0,Mph
526.5,1213.75,0,Mph
599.5,1221.75,0,Mph
583,1221.25,0,Mph
551.5,1237.25,0,Mph
600,1242.75,0,Mph
561.5,1245.25,0,Mph
620,1250.25,0,Mph
721.5,1274.75,0,Mph
1161,1289.75,0,Mph
605,1292.75,0,Mph
679,1291.25,0,Mph
1078,1298.25,0,Mph
574.5,1298.75,0,Mph
1096.5,1303.75,0,Mph
754,1303.75,0,Mph
960,1307.75,0,Mph
558,1309.25,0,Mph
654.5,1311.75,0,Mph
690.5,1312.75,0,Mph
919,1313.75,0,Mph
616.5,1318.25,0,Mph
717.5,1318.25,0,Mph
787.5,1319.75,0,Mph
1061,1323.75,0,Mph
650.5,1325.75,0,Mph
730.5,1326.75,0,Mph
687.5,1332.75,0,Mph
1082.5,1336.75,0,Mph
731.5,1345.75,0,Mph
1046.5,1346.75,0,Mph
712.5,1351.75,0,Mph
1017.5,1358.25,0,Mph
1116,1361.25,0,Mph
1064,1359.75,0,Mph
758.5,1373.25,0,Mph
681,1373.25,0,Mph
704.5,1378.75,0,Mph
728,1383.75,0,Mph
1068,1382.75,0,Mph
1086,1386.25,0,Mph
639.5,1390.25,0,Mph
1070.5,1412.75,0,Mph
539.5,1410.75,0,Mph
1089.5,1422.25,0,Mph
563.5,1422.25,0,Mph
535,1423.75,0,Mph
1141.5,1424.25,0,Mph
657,1431.25,0,Mph
494.5,1432.75,0,Mph
1105.5,1433.75,0,Mph
517.5,1438.25,0,Mph
545.5,1439.75,0,Mph
553,1454.75,0,Mph
566,1472.75,0,Mph
525,1483.75,0,Mph
763,1486.25,0,Mph
632.5,1493.25,0,Mph
540,1506.25,0,Mph
651.5,1509.75,0,Mph
511.5,1511.75,0,Mph
897.5,1520.75,0,Mph
579.5,1517.75,0,Mph
484.5,1521.75,0,Mph
554.5,1521.25,0,Mph
495.5,1539.75,0,Mph
619,1534.25,0,Mph
668.5,1542.75,0,Mph
901.5,1545.25,0,Mph
548.5,1546.75,0,Mph
580,1551.25,0,Mph
718,1553.75,0,Mph
695,1562.25,0,Mph
618,1559.25,0,Mph
795,1567.25,0,Mph
633.5,1568.25,0,Mph
602,1572.25,0,Mph
651,1583.25,0,Mph
728.5,1578.75,0,Mph
739.5,1585.75,0,Mph
559,1591.25,0,Mph
714,1591.75,0,Mph
750.5,1593.75,0,Mph
688.5,1599.25,0,Mph
611,1602.75,0,Mph
767.5,1607.25,0,Mph
787,1610.25,0,Mph
540,1616.75,0,Mph
558.5,1613.25,0,Mph
584,1615.25,0,Mph
673,1618.25,0,Mph
731,1621.75,0,Mph
807,1620.25,0,Mph
626,1621.75,0,Mph
828.5,1621.25,0,Mph
680.5,1632.25,0,Mph
516.5,1630.25,0,Mph
565,1640.25,0,Mph
604,1638.25,0,Mph
699.5,1641.25,0,Mph
630,1643.75,0,Mph
498.5,1648.25,0,Mph
721,1654.25,0,Mph
762,1652.25,0,Mph
635,1656.25,0,Mph
540.5,1658.25,0,Mph
670.5,1664.25,0,Mph
504.5,1662.25,0,Mph
727.5,1667.75,0,Mph
639,1672.25,0,Mph
606,1674.75,0,Mph
659.5,1686.75,0,Mph
730,1689.75,0,Mph
571,1698.25,0,Mph
707.5,1687.75,0,Mph
673.5,1707.25,0,Mph
610,1715.25,0,Mph
677.5,1719.25,0,Mph
559,1731.75,0,Mph
723,1727.25,0,Mph
691.5,1739.75,0,Mph
505.5,1734.25,0,Mph
618,1735.25,0,Mph
539,1742.25,0,Mph
1794,954.75,0,Mph
1739.5,966.75,0,Mph
1756.5,987.25,0,Mph
1777,984.75,0,Mph
1803.5,988.25,0,Mph
1713,986.25,0,Mph
1740,999.25,0,Mph
1767.5,1043.25,0,Mph
1437,1052.75,0,Mph
1408.5,1117.75,0,Mph
1412.5,1134.75,0,Mph
1271,1186.25,0,Mph
1345,1192.25,0,Mph
1291,1197.75,0,Mph
1244.5,1212.75,0,Mph
1377,1210.25,0,Mph
1312,1214.75,0,Mph
1352.5,1220.25,0,Mph
1328.5,1213.25,0,Mph
1320,1235.25,0,Mph
1240.5,1234.25,0,Mph
1370.5,1237.75,0,Mph
1328.5,1261.25,0,Mph
1379,1259.25,0,Mph
1182,1276.25,0,Mph
1249.5,1275.75,0,Mph
1340.5,1280.75,0,Mph
1272.5,1288.75,0,Mph
1879,1289.75,0,Mph
1300,1293.75,0,Mph
1805,1297.75,0,Mph
1235,1309.75,0,Mph
1883.5,1304.75,0,Mph
1179.5,1305.25,0,Mph
1262,1310.75,0,Mph
1814,1311.75,0,Mph
1173,1315.25,0,Mph
1215.5,1312.75,0,Mph
1188.5,1317.75,0,Mph
1882.5,1324.25,0,Mph
1385,1322.25,0,Mph
1288.5,1331.75,0,Mph
1337.5,1324.25,0,Mph
1264.5,1327.75,0,Mph
1309.5,1334.25,0,Mph
1245,1342.25,0,Mph
1795,1349.75,0,Mph
1316,1355.75,0,Mph
1283.5,1358.25,0,Mph
1277.5,1405.25,0,Mph
1208,1430.75,0,Mph
1223,1428.75,0,Mph
1245,1611.25,0,Mph
1266.5,1666.75,0,Mph
2548,1030.25,0,Mph
2221,1037.25,0,Mph
2183.5,1043.25,0,Mph
2316.5,1120.75,0,Mph
2457.5,1119.75,0,Mph
2206,1133.25,0,Mph
2218,1146.25,0,Mph
2317,1158.25,0,Mph
2377.5,1170.25,0,Mph
2283.5,1191.75,0,Mph
2284.5,1214.75,0,Mph
2101,1243.75,0,Mph
2123,1255.25,0,Mph
2049,1261.25,0,Mph
2083.5,1275.75,0,Mph
2107.5,1278.25,0,Mph
2025,1286.75,0,Mph
2065,1294.75,0,Mph
2036.5,1305.25,0,Mph
2050.5,1321.25,0,Mph
2095,1324.25,0,Mph
2089,1340.75,0,Mph
2046,1350.75,0,Mph
2100.5,1354.25,0,Mph
2030,1360.75,0,Mph
2083,1362.25,0,Mph
2069,1389.25,0,Mph
2101.5,1380.25,0,Mph
2046,1384.75,0,Mph
2102.5,1403.25,0,Mph
2120.5,1409.75,0,Mph
2008,1422.25,0,Mph
2128,1425.25,0,Mph
2018,1426.75,0,Mph
2041.5,1430.75,0,Mph
2015.5,1440.25,0,Mph
2011.5,1467.25,0,Mph
2047.5,1475.75,0,Mph
2009.5,1496.25,0,Mph
2062.5,1555.75,0,Mph
2055.5,1608.75,0,Mph
3416.5,991.25,0,Mph
3530,1073.75,0,Mph
3500.5,1078.75,0,Mph
3462,1097.25,0,Mph
3497.5,1113.25,0,Mph
3379,1146.75,0,Mph
3406.5,1157.75,0,Mph
3420.5,1154.25,0,Mph
3387.5,1164.75,0,Mph
2996,1169.25,0,Mph
3422,1176.25,0,Mph
3404,1180.25,0,Mph
2998,1185.75,0,Mph
2984.5,1206.75,0,Mph
2927.5,1215.25,0,Mph
2955.5,1217.75,0,Mph
2821,1239.25,0,Mph
3004.5,1232.25,0,Mph
2847.5,1241.25,0,Mph
2935,1255.25,0,Mph
3483.5,1256.75,0,Mph
3417,1259.75,0,Mph
3000.5,1259.75,0,Mph
3027,1267.75,0,Mph
2871.5,1272.25,0,Mph
3014,1277.75,0,Mph
2943.5,1284.75,0,Mph
3417,1290.75,0,Mph
3498.5,1286.25,0,Mph
3515.5,1293.75,0,Mph
3556,1300.75,0,Mph
3036,1301.75,0,Mph
3459,1314.75,0,Mph
3537.5,1309.25,0,Mph
3569.5,1318.75,0,Mph
3468,1334.75,0,Mph
3399.5,1333.75,0,Mph
3191.5,1382.25,0,Mph
3545.5,1386.75,0,Mph
3243.5,1392.25,0,Mph
3111.5,1403.75,0,Mph
3227,1414.25,0,Mph
3112.5,1435.25,0,Mph
3160,1431.25,0,Mph
3513,1443.25,0,Mph
3225.5,1443.75,0,Mph
3534.5,1452.75,0,Mph
3571,1454.75,0,Mph
3246,1459.25,0,Mph
3243,1476.25,0,Mph
3214.5,1483.25,0,Mph
3115.5,1491.75,0,Mph
3227,1497.25,0,Mph
3242.5,1496.75,0,Mph
2965,1536.75,0,Mph
3015.5,1551.25,0,Mph
3546,1663.75,0,Mph
3569,1709.25,0,Mph
3984,969.75,0,Mph
3983.5,998.75,0,Mph
3980.5,1019.75,0,Mph
3977.5,1040.25,0,Mph
3970.5,1066.25,0,Mph
3906.5,1077.75,0,Mph
3964.5,1109.75,0,Mph
3947.5,1093.75,0,Mph
3956.5,1146.25,0,Mph
3938.5,1162.75,0,Mph
3584.5,1161.75,0,Mph
3952,1170.25,0,Mph
3943.5,1202.75,0,Mph
3938.5,1231.25,0,Mph
3930,1252.75,0,Mph
3927.5,1278.25,0,Mph
3892,1291.75,0,Mph
3914,1305.75,0,Mph
3831.5,1319.25,0,Mph
3655.5,1323.75,0,Mph
3913,1333.25,0,Mph
3625.5,1335.25,0,Mph
3609.5,1351.25,0,Mph
3906,1346.75,0,Mph
3641,1356.75,0,Mph
3887,1356.25,0,Mph
3903.5,1367.75,0,Mph
3818,1361.75,0,Mph
3591.5,1371.25,0,Mph
3874.5,1375.25,0,Mph
3575,1376.75,0,Mph
3608.5,1379.25,0,Mph
3663,1384.25,0,Mph
3813,1387.75,0,Mph
3894.5,1400.75,0,Mph
3625.5,1387.75,0,Mph
3829.5,1401.25,0,Mph
3594,1401.75,0,Mph
3618.5,1409.25,0,Mph
3583.5,1421.75,0,Mph
3620,1425.75,0,Mph
3882.5,1433.25,0,Mph
3825.5,1430.25,0,Mph
3857.5,1434.25,0,Mph
3581,1441.25,0,Mph
3659.5,1459.75,0,Mph
3874,1458.25,0,Mph
3622.5,1458.75,0,Mph
3602.5,1462.75,0,Mph
3615.5,1471.75,0,Mph
3842,1479.75,0,Mph
3671.5,1480.25,0,Mph
3804.5,1482.75,0,Mph
3864,1497.25,0,Mph
3651,1493.75,0,Mph
3665.5,1496.25,0,Mph
3861,1522.25,0,Mph
3857,1537.25,0,Mph
3741,1550.75,0,Mph
3842.5,1542.75,0,Mph
3750,1560.25,0,Mph
3849.5,1558.75,0,Mph
3638.5,1570.75,0,Mph
3844.5,1577.75,0,Mph
3626,1598.25,0,Mph
3584.5,1686.75,0,Mph
-234,1750.25,0,Mph
-244,1809.25,0,Mph
-265,1874.75,0,Mph
-186.5,1906.75,0,Mph
-174.5,1952.25,0,Mph
-112,1973.25,0,Mph
-156,1981.25,0,Mph
-98,1996.75,0,Mph
-133.5,2005.75,0,Mph
-51,2022.75,0,Mph
-88.5,2022.75,0,Mph
-120,2031.25,0,Mph
-83,2047.75,0,Mph
-59.5,2053.75,0,Mph
-97,2070.75,0,Mph
-76.5,2087.25,0,Mph
-48,2085.75,0,Mph
-63,2106.75,0,Mph
1.5,2110.25,0,Mph
-52.5,2126.75,0,Mph
6.5,2132.25,0,Mph
23.5,2138.75,0,Mph
-13,2137.25,0,Mph
-1,2147.75,0,Mph
-28,2149.75,0,Mph
51.5,2151.75,0,Mph
37.5,2155.25,0,Mph
70.5,2173.75,0,Mph
61.5,2196.25,0,Mph
106.5,2204.25,0,Mph
129.5,2226.25,0,Mph
158,2229.75,0,Mph
184.5,2243.25,0,Mph
123.5,2249.25,0,Mph
163,2257.25,0,Mph
144,2259.25,0,Mph
193.5,2265.75,0,Mph
220,2272.25,0,Mph
178,2279.75,0,Mph
238.5,2281.25,0,Mph
204,2284.25,0,Mph
296,2327.25,0,Mph
304,2351.75,0,Mph
308,2366.75,0,Mph
331,2375.25,0,Mph
369.5,2379.75,0,Mph
317,2387.75,0,Mph
890,1760.75,0,Mph
665.5,1759.25,0,Mph
593,1763.25,0,Mph
533,1762.25,0,Mph
632.5,1769.25,0,Mph
541,1773.75,0,Mph
649,1771.25,0,Mph
901.5,1780.75,0,Mph
591,1787.75,0,Mph
568.5,1787.75,0,Mph
961,1800.75,0,Mph
549.5,1802.75,0,Mph
641,1804.25,0,Mph
933,1805.25,0,Mph
622.5,1811.75,0,Mph
595,1820.25,0,Mph
634.5,1823.75,0,Mph
604.5,1829.25,0,Mph
545.5,1831.25,0,Mph
556,1850.25,0,Mph
573.5,1856.75,0,Mph
632,1862.25,0,Mph
589,1876.25,0,Mph
659,1878.25,0,Mph
1164.5,1923.75,0,Mph
1140,1930.75,0,Mph
1118.5,1938.25,0,Mph
1157.5,1974.25,0,Mph
1117,1974.75,0,Mph
1130.5,1986.75,0,Mph
1122,2013.75,0,Mph
1158,2023.25,0,Mph
1132,2031.75,0,Mph
1153,2040.25,0,Mph
406.5,2380.75,0,Mph
388.5,2391.75,0,Mph
439,2407.75,0,Mph
464,2421.25,0,Mph
462.5,2433.75,0,Mph
412.5,2433.25,0,Mph
475.5,2457.75,0,Mph
513,2468.25,0,Mph
487.5,2469.75,0,Mph
545,2511.25,0,Mph
588,2521.25,0,Mph
541.5,2528.25,0,Mph
573.5,2529.25,0,Mph
659,2545.25,0,Mph
607.5,2547.75,0,Mph
1940.5,1776.25,0,Mph
1502,1825.25,0,Mph
1900.5,1835.25,0,Mph
1224.5,1923.75,0,Mph
1202.5,1933.25,0,Mph
1857,2164.75,0,Mph
1606,2181.75,0,Mph
1813.5,2175.75,0,Mph
1587,2185.75,0,Mph
1844.5,2191.75,0,Mph
1519,2219.25,0,Mph
1578.5,2215.75,0,Mph
1562,2227.25,0,Mph
1607,2229.75,0,Mph
1544.5,2236.25,0,Mph
1577.5,2237.75,0,Mph
1916,2314.25,0,Mph
1660,2532.75,0,Mph
2128,1822.25,0,Mph
2206,1856.25,0,Mph
2252,1858.25,0,Mph
2233.5,1871.75,0,Mph
2253.5,1903.75,0,Mph
2188.5,1939.75,0,Mph
2284,1946.75,0,Mph
2269.5,1946.75,0,Mph
2223.5,1965.25,0,Mph
2299.5,1968.25,0,Mph
2198.5,1977.75,0,Mph
2532.5,1993.25,0,Mph
2251.5,1995.75,0,Mph
2232,2004.75,0,Mph
2570.5,2006.25,0,Mph
2585,2009.75,0,Mph
2271.5,2012.25,0,Mph
2327,2012.25,0,Mph
2609,2018.75,0,Mph
2169.5,2042.75,0,Mph
2259,2046.25,0,Mph
2310,2045.75,0,Mph
2569.5,2055.25,0,Mph
2235.5,2055.25,0,Mph
2460.5,2059.25,0,Mph
2404,2059.25,0,Mph
2314,2065.25,0,Mph
2250.5,2067.25,0,Mph
2434.5,2068.25,0,Mph
2645,2080.25,0,Mph
2240.5,2087.75,0,Mph
2297.5,2082.75,0,Mph
2480.5,2089.75,0,Mph
2204,2095.25,0,Mph
2458.5,2097.25,0,Mph
2666,2100.75,0,Mph
2618,2104.75,0,Mph
2239,2108.75,0,Mph
2752.5,2120.75,0,Mph
2471,2118.25,0,Mph
2721.5,2125.75,0,Mph
2287.5,2130.75,0,Mph
2522,2143.25,0,Mph
2635,2150.25,0,Mph
2676.5,2162.75,0,Mph
2549.5,2165.25,0,Mph
2752,2167.75,0,Mph
2311,2184.75,0,Mph
2236,2181.75,0,Mph
2510.5,2178.75,0,Mph
2692,2182.25,0,Mph
2503.5,2188.75,0,Mph
2752.5,2196.75,0,Mph
2707,2216.75,0,Mph
2655,2221.25,0,Mph
2682.5,2218.25,0,Mph
2751.5,2226.75,0,Mph
2681,2242.75,0,Mph
2023,2245.75,0,Mph
2763,2248.75,0,Mph
2660.5,2251.75,0,Mph
2702.5,2256.75,0,Mph
2639.5,2262.75,0,Mph
2723.5,2261.25,0,Mph
2748,2282.75,0,Mph
1988,2284.25,0,Mph
2296,2283.75,0,Mph
2008,2287.25,0,Mph
2234,2297.75,0,Mph
2258.5,2300.25,0,Mph
2338.5,2308.75,0,Mph
2742.5,2307.75,0,Mph
2190.5,2313.75,0,Mph
2168.5,2325.25,0,Mph
2246,2324.75,0,Mph
2709.5,2330.75,0,Mph
2303,2326.75,0,Mph
2733.5,2328.75,0,Mph
2208,2329.75,0,Mph
2189,2331.25,0,Mph
2561,2333.25,0,Mph
2758,2336.75,0,Mph
2623.5,2338.75,0,Mph
2315,2345.25,0,Mph
2245.5,2344.75,0,Mph
2726,2345.25,0,Mph
2772,2351.75,0,Mph
2217,2353.75,0,Mph
2564,2352.75,0,Mph
2355,2355.25,0,Mph
2301.5,2362.25,0,Mph
2703.5,2363.75,0,Mph
2242.5,2365.25,0,Mph
2520,2361.25,0,Mph
2542,2363.25,0,Mph
2203,2373.25,0,Mph
2610,2375.25,0,Mph
2326.5,2375.75,0,Mph
2360,2372.25,0,Mph
2447,2380.25,0,Mph
2685,2375.25,0,Mph
2550,2375.75,0,Mph
2430,2385.75,0,Mph
2632.5,2386.25,0,Mph
2250.5,2382.75,0,Mph
2564.5,2387.75,0,Mph
2664,2382.25,0,Mph
2273.5,2388.25,0,Mph
2510.5,2394.25,0,Mph
2771,2394.25,0,Mph
2534.5,2398.25,0,Mph
2260.5,2395.25,0,Mph
2681.5,2398.25,0,Mph
2742,2401.75,0,Mph
2653,2400.25,0,Mph
2203.5,2406.75,0,Mph
2463.5,2405.25,0,Mph
2476.5,2412.75,0,Mph
2600,2414.25,0,Mph
2344.5,2423.75,0,Mph
2227.5,2422.75,0,Mph
2694,2419.25,0,Mph
2768,2425.25,0,Mph
2711.5,2424.75,0,Mph
2660.5,2427.75,0,Mph
2569.5,2431.75,0,Mph
2434,2437.25,0,Mph
2621.5,2441.75,0,Mph
2499,2435.75,0,Mph
2374,2434.75,0,Mph
2709,2439.75,0,Mph
2686.5,2438.75,0,Mph
2481,2446.25,0,Mph
2644.5,2445.25,0,Mph
2412.5,2446.75,0,Mph
2374,2448.75,0,Mph
2239.5,2446.25,0,Mph
2516,2451.25,0,Mph
2590.5,2452.75,0,Mph
2743,2450.75,0,Mph
2142,2459.25,0,Mph
2757,2462.25,0,Mph
2691,2462.25,0,Mph
2555,2464.75,0,Mph
2725,2467.75,0,Mph
2469,2470.75,0,Mph
2638.5,2469.25,0,Mph
2598,2483.25,0,Mph
2700,2476.25,0,Mph
2738,2481.75,0,Mph
2668.5,2482.25,0,Mph
2434,2477.75,0,Mph
2370.5,2481.75,0,Mph
2474,2486.25,0,Mph
2646,2486.75,0,Mph
2403,2491.25,0,Mph
2506,2484.75,0,Mph
2446,2488.75,0,Mph
2703,2494.75,0,Mph
2552,2490.25,0,Mph
2097,2499.25,0,Mph
2727,2499.75,0,Mph
2619.5,2505.25,0,Mph
2739,2508.25,0,Mph
2683,2510.25,0,Mph
2160.5,2512.75,0,Mph
2129.5,2516.75,0,Mph
2605.5,2520.25,0,Mph
2393,2517.25,0,Mph
2665.5,2518.25,0,Mph
2626,2522.75,0,Mph
2471.5,2527.25,0,Mph
2121.5,2530.75,0,Mph
2382,2531.75,0,Mph
2675,2533.75,0,Mph
2639.5,2530.25,0,Mph
2089.5,2535.75,0,Mph
2403.5,2538.25,0,Mph
2033.5,2535.25,0,Mph
2748,2543.25,0,Mph
2050.5,2545.75,0,Mph
2184,2544.75,0,Mph
2552,2542.75,0,Mph
2642,2546.25,0,Mph
2782.5,1826.75,0,Mph
2787,1857.25,0,Mph
2819.5,1870.25,0,Mph
3568,1865.75,0,Mph
2787,1875.25,0,Mph
3550,1884.75,0,Mph
3545,1952.75,0,Mph
3034,1993.25,0,Mph
3539,2002.25,0,Mph
3200,2094.75,0,Mph
3128.5,2102.75,0,Mph
3178.5,2119.75,0,Mph
3217,2123.75,0,Mph
2785.5,2135.25,0,Mph
3205.5,2141.25,0,Mph
3110,2153.25,0,Mph
3127.5,2153.25,0,Mph
3184.5,2158.75,0,Mph
2859,2160.25,0,Mph
2937,2163.25,0,Mph
2818,2166.25,0,Mph
3202.5,2173.75,0,Mph
2804.5,2175.75,0,Mph
3123.5,2182.75,0,Mph
3167,2188.25,0,Mph
3136.5,2188.25,0,Mph
2784.5,2184.25,0,Mph
2820,2191.25,0,Mph
2840,2190.75,0,Mph
2798.5,2193.75,0,Mph
3489.5,2202.75,0,Mph
2881.5,2198.75,0,Mph
3397,2209.25,0,Mph
3445,2213.75,0,Mph
2909.5,2216.75,0,Mph
3416.5,2223.75,0,Mph
2843,2228.75,0,Mph
3504.5,2219.75,0,Mph
2784.5,2218.75,0,Mph
3485.5,2228.25,0,Mph
2778.5,2231.25,0,Mph
3382,2231.25,0,Mph
2826,2233.75,0,Mph
2793,2242.75,0,Mph
3406,2243.25,0,Mph
3453.5,2252.25,0,Mph
2864,2247.25,0,Mph
3411,2259.75,0,Mph
3556,2260.75,0,Mph
3528.5,2271.75,0,Mph
2789,2271.25,0,Mph
3464,2284.25,0,Mph
2786.5,2286.25,0,Mph
2821.5,2288.75,0,Mph
3441,2291.75,0,Mph
3417,2296.25,0,Mph
3500,2300.75,0,Mph
2803.5,2300.25,0,Mph
2867.5,2303.25,0,Mph
3393.5,2303.25,0,Mph
3364.5,2305.25,0,Mph
3420.5,2307.75,0,Mph
2778.5,2311.25,0,Mph
3500,2316.75,0,Mph
3532,2317.25,0,Mph
3403.5,2320.75,0,Mph
3553.5,2329.25,0,Mph
3521.5,2340.25,0,Mph
3401,2340.25,0,Mph
3548.5,2346.75,0,Mph
2793,2343.25,0,Mph
2840.5,2353.75,0,Mph
3505.5,2363.75,0,Mph
3481,2365.75,0,Mph
2857,2365.75,0,Mph
2835,2370.75,0,Mph
2790,2385.25,0,Mph
3519.5,2399.75,0,Mph
3356,2395.25,0,Mph
2839.5,2398.75,0,Mph
2784.5,2404.75,0,Mph
2860.5,2414.75,0,Mph
3362.5,2411.25,0,Mph
3450.5,2411.75,0,Mph
3492.5,2413.75,0,Mph
2827,2417.25,0,Mph
3069,2421.75,0,Mph
3340.5,2424.25,0,Mph
3469,2428.75,0,Mph
3028,2427.75,0,Mph
2794,2432.75,0,Mph
3497.5,2441.25,0,Mph
2994.5,2431.75,0,Mph
3086.5,2432.75,0,Mph
3108.5,2435.75,0,Mph
3434.5,2437.75,0,Mph
2993.5,2443.75,0,Mph
2898,2444.25,0,Mph
3296.5,2446.75,0,Mph
2880,2449.25,0,Mph
3262.5,2452.25,0,Mph
3218.5,2451.25,0,Mph
2781.5,2458.25,0,Mph
3400.5,2450.75,0,Mph
3458,2459.25,0,Mph
3135,2459.75,0,Mph
3352,2457.75,0,Mph
2798.5,2454.25,0,Mph
3333.5,2459.75,0,Mph
2857,2459.75,0,Mph
3389.5,2466.25,0,Mph
2798,2478.75,0,Mph
3166.5,2472.75,0,Mph
3487,2469.75,0,Mph
3274,2470.75,0,Mph
3108,2473.75,0,Mph
2930.5,2469.75,0,Mph
3011.5,2472.75,0,Mph
3185,2473.75,0,Mph
3215.5,2470.25,0,Mph
3254,2477.75,0,Mph
2867,2484.25,0,Mph
2928.5,2482.25,0,Mph
3474,2482.75,0,Mph
3029,2486.75,0,Mph
3342.5,2483.75,0,Mph
3062,2488.75,0,Mph
2829.5,2491.75,0,Mph
3287.5,2497.25,0,Mph
3158.5,2501.75,0,Mph
3178.5,2502.25,0,Mph
3471.5,2499.75,0,Mph
3256.5,2499.25,0,Mph
2845,2505.25,0,Mph
2979,2504.75,0,Mph
2802,2515.25,0,Mph
3456,2518.75,0,Mph
2826,2514.25,0,Mph
2903,2519.75,0,Mph
3375.5,2515.75,0,Mph
3009,2518.25,0,Mph
3255,2517.75,0,Mph
3304,2526.75,0,Mph
3378.5,2534.25,0,Mph
3132,2534.75,0,Mph
3060,2542.25,0,Mph
3006,2542.75,0,Mph
3238.5,2547.75,0,Mph
3597.5,1867.75,0,Mph
3616,1879.25,0,Mph
3676.5,1888.25,0,Mph
3714.5,1891.25,0,Mph
3584.5,1908.75,0,Mph
3700.5,1912.75,0,Mph
3665,1921.25,0,Mph
3696,1927.75,0,Mph
3607,1938.25,0,Mph
3685,1943.75,0,Mph
3596.5,1953.25,0,Mph
3636,1974.25,0,Mph
3688.5,1967.75,0,Mph
3688.5,1990.75,0,Mph
3685.5,2020.25,0,Mph
3657,2009.25,0,Mph
3593,2024.25,0,Mph
3672,2054.25,0,Mph
3668.5,2079.25,0,Mph
3624,2167.25,0,Mph
3616,2193.75,0,Mph
3573,2214.25,0,Mph
3604,2226.75,0,Mph
3594,2243.25,0,Mph
3580,2283.75,0,Mph
670,2556.25,0,Mph
627.5,2564.75,0,Mph
686,2575.25,0,Mph
682,2601.25,0,Mph
704,2611.75,0,Mph
749.5,2617.25,0,Mph
809,2627.75,0,Mph
927,2681.25,0,Mph
900,2687.25,0,Mph
919,2700.25,0,Mph
1014.5,2712.75,0,Mph
1058.5,2756.25,0,Mph
1032.5,2761.25,0,Mph
1072.5,2774.75,0,Mph
1653.5,2577.25,0,Mph
1629,2583.75,0,Mph
1694.5,2599.75,0,Mph
1669,2618.25,0,Mph
1188,2807.25,0,Mph
1192.5,2829.25,0,Mph
1211.5,2845.25,0,Mph
1391,2959.75,0,Mph
1395,2986.75,0,Mph
1372,2986.75,0,Mph
1438.5,3011.25,0,Mph
1424,3011.75,0,Mph
1405,3017.25,0,Mph
1401.5,3033.75,0,Mph
1471.5,3046.25,0,Mph
1493,3056.75,0,Mph
1447,3075.75,0,Mph
1451.5,3086.75,0,Mph
1474.5,3091.75,0,Mph
1514.5,3093.75,0,Mph
1567,3127.25,0,Mph
1536,3153.75,0,Mph
1585,3158.25,0,Mph
1597,3176.75,0,Mph
1603,3191.25,0,Mph
1576.5,3202.25,0,Mph
1673.5,3223.75,0,Mph
1597,3245.75,0,Mph
1685.5,3246.75,0,Mph
1697.5,3261.75,0,Mph
1697.5,3279.25,0,Mph
1675,3285.25,0,Mph
1728,3297.25,0,Mph
1741.5,3310.75,0,Mph
1725.5,3316.25,0,Mph
1721,3333.25,0,Mph
2033.5,2554.25,0,Mph
2693.5,2548.25,0,Mph
2368.5,2552.25,0,Mph
2088.5,2553.75,0,Mph
2486,2555.25,0,Mph
2130,2560.25,0,Mph
2456.5,2565.75,0,Mph
2203,2560.25,0,Mph
2708,2561.75,0,Mph
2238.5,2571.75,0,Mph
2081,2567.75,0,Mph
2614,2570.25,0,Mph
2342,2570.75,0,Mph
2365,2573.25,0,Mph
2256,2575.25,0,Mph
2406,2576.25,0,Mph
2178.5,2575.75,0,Mph
2326,2575.75,0,Mph
2124.5,2580.75,0,Mph
2650,2580.25,0,Mph
2416,2590.75,0,Mph
2651.5,2594.25,0,Mph
2710,2593.25,0,Mph
2369.5,2595.25,0,Mph
2487,2597.25,0,Mph
2072.5,2593.75,0,Mph
2243,2602.75,0,Mph
2295.5,2604.25,0,Mph
2383.5,2606.75,0,Mph
2337,2612.75,0,Mph
2164.5,2609.75,0,Mph
2213.5,2618.25,0,Mph
2419.5,2624.25,0,Mph
2318,2626.75,0,Mph
2469.5,2634.75,0,Mph
2226.5,2640.25,0,Mph
2488,2638.75,0,Mph
2424.5,2645.75,0,Mph
2333.5,2643.75,0,Mph
2739,2645.75,0,Mph
2530,2650.25,0,Mph
2169,2650.75,0,Mph
2262.5,2656.75,0,Mph
2393.5,2662.75,0,Mph
2492.5,2660.25,0,Mph
2570.5,2669.75,0,Mph
2599,2668.25,0,Mph
2356,2671.75,0,Mph
2506,2673.25,0,Mph
2295,2676.75,0,Mph
2408.5,2684.25,0,Mph
2265,2689.25,0,Mph
2512,2684.25,0,Mph
2198,2686.25,0,Mph
2637.5,2692.75,0,Mph
2601,2690.25,0,Mph
2743.5,2695.25,0,Mph
2225,2695.25,0,Mph
2333,2696.25,0,Mph
2296,2703.75,0,Mph
2186,2702.75,0,Mph
2538,2705.75,0,Mph
2241.5,2708.25,0,Mph
2411,2712.75,0,Mph
2189,2714.75,0,Mph
2608.5,2711.75,0,Mph
2354.5,2715.75,0,Mph
2278.5,2718.75,0,Mph
2572,2724.25,0,Mph
2536,2724.75,0,Mph
2640,2725.25,0,Mph
2379,2729.25,0,Mph
2278,2732.25,0,Mph
2357,2730.75,0,Mph
2662.5,2732.75,0,Mph
2239,2737.75,0,Mph
2321.5,2740.75,0,Mph
2634,2744.25,0,Mph
2478.5,2747.25,0,Mph
2543.5,2753.25,0,Mph
2598,2756.25,0,Mph
2246,2749.25,0,Mph
2570.5,2755.75,0,Mph
2653,2756.25,0,Mph
2509,2754.25,0,Mph
2193,2758.25,0,Mph
2283,2762.75,0,Mph
2407,2764.75,0,Mph
2433.5,2766.25,0,Mph
2462,2766.25,0,Mph
2264,2774.75,0,Mph
2320,2773.25,0,Mph
2377.5,2780.75,0,Mph
2685.5,2784.25,0,Mph
2500,2778.75,0,Mph
2586.5,2780.25,0,Mph
2454,2786.75,0,Mph
2246,2788.25,0,Mph
2333.5,2792.25,0,Mph
2509,2794.25,0,Mph
2639.5,2805.25,0,Mph
2455.5,2803.25,0,Mph
2674,2813.25,0,Mph
2476.5,2809.75,0,Mph
2371,2812.25,0,Mph
2600.5,2813.75,0,Mph
2169,2817.25,0,Mph
2231,2819.25,0,Mph
2143.5,2821.75,0,Mph
2323.5,2822.75,0,Mph
2571,2824.75,0,Mph
2666,2834.25,0,Mph
2295.5,2838.25,0,Mph
2183,2836.75,0,Mph
2510,2841.25,0,Mph
2374.5,2841.25,0,Mph
2584,2837.75,0,Mph
2478.5,2853.75,0,Mph
2189.5,2849.75,0,Mph
2414.5,2849.25,0,Mph
2546,2853.25,0,Mph
2318.5,2860.75,0,Mph
2455.5,2863.75,0,Mph
2612.5,2878.75,0,Mph
2128.5,2875.25,0,Mph
2332,2874.25,0,Mph
2464.5,2880.75,0,Mph
2397,2882.25,0,Mph
2168,2883.75,0,Mph
2242.5,2882.25,0,Mph
2208.5,2884.25,0,Mph
2308,2887.25,0,Mph
2141,2890.25,0,Mph
2432.5,2892.75,0,Mph
2528,2893.75,0,Mph
2270.5,2897.25,0,Mph
2126.5,2897.75,0,Mph
2305.5,2902.75,0,Mph
2137.5,2908.75,0,Mph
2156,2918.25,0,Mph
2210.5,2911.25,0,Mph
2376,2908.25,0,Mph
2453,2911.75,0,Mph
2469.5,2910.25,0,Mph
2409,2913.75,0,Mph
2428.5,2919.75,0,Mph
2318,2930.25,0,Mph
2497,2929.75,0,Mph
2257.5,2936.25,0,Mph
2442,2936.75,0,Mph
2287,2944.25,0,Mph
2520,2955.75,0,Mph
2609,2954.25,0,Mph
2169,2958.25,0,Mph
2366.5,2952.25,0,Mph
2429.5,2954.25,0,Mph
2239,2951.25,0,Mph
2486.5,2962.25,0,Mph
2453.5,2966.25,0,Mph
2199.5,2969.25,0,Mph
2399.5,2986.75,0,Mph
2495,2996.75,0,Mph
2542.5,3003.75,0,Mph
2492,3017.75,0,Mph
2608.5,3023.75,0,Mph
2583,3043.75,0,Mph
2484.5,3053.25,0,Mph
2407.5,3086.25,0,Mph
2465.5,3083.25,0,Mph
2480.5,3089.25,0,Mph
2421.5,3112.25,0,Mph
2484,3119.75,0,Mph
2399.5,3131.75,0,Mph
2595.5,3127.75,0,Mph
2349.5,3145.25,0,Mph
2245.5,3153.25,0,Mph
2372,3156.25,0,Mph
2244.5,3173.25,0,Mph
2278,3193.75,0,Mph
2406,3208.75,0,Mph
2292.5,3213.25,0,Mph
2379.5,3213.75,0,Mph
2367.5,3231.75,0,Mph
2394,3247.25,0,Mph
2252,3344.25,0,Mph
3449.5,2548.25,0,Mph
2908,2550.75,0,Mph
2799,2551.25,0,Mph
2954.5,2553.75,0,Mph
3335,2557.25,0,Mph
3415.5,2556.75,0,Mph
2848.5,2561.25,0,Mph
3233,2560.75,0,Mph
2785.5,2567.75,0,Mph
2929.5,2568.25,0,Mph
3073.5,2562.25,0,Mph
2958.5,2570.75,0,Mph
3435,2570.75,0,Mph
3159,2567.25,0,Mph
3418.5,2570.75,0,Mph
3326.5,2574.25,0,Mph
3359.5,2580.75,0,Mph
2875,2580.75,0,Mph
3079.5,2578.25,0,Mph
3196,2579.25,0,Mph
3132.5,2584.25,0,Mph
2809,2583.75,0,Mph
2942.5,2585.25,0,Mph
3175.5,2584.75,0,Mph
2912,2584.25,0,Mph
2973,2586.25,0,Mph
2818,2592.25,0,Mph
3018,2590.25,0,Mph
2853.5,2595.25,0,Mph
2891,2591.25,0,Mph
3178,2601.75,0,Mph
2984.5,2604.75,0,Mph
2799.5,2607.25,0,Mph
3281.5,2607.25,0,Mph
3416,2612.75,0,Mph
2827.5,2610.25,0,Mph
2973.5,2613.75,0,Mph
2887.5,2614.75,0,Mph
2849,2624.75,0,Mph
3415.5,2628.75,0,Mph
2950,2627.25,0,Mph
2916.5,2630.25,0,Mph
2834.5,2632.75,0,Mph
2883,2633.75,0,Mph
2985.5,2633.25,0,Mph
3026,2644.75,0,Mph
3380.5,2639.25,0,Mph
2991,2645.25,0,Mph
2953,2647.75,0,Mph
2852,2645.75,0,Mph
2806.5,2648.25,0,Mph
3341.5,2653.75,0,Mph
3107,2663.25,0,Mph
3393,2665.75,0,Mph
2782,2668.25,0,Mph
2886.5,2668.25,0,Mph
2863.5,2668.25,0,Mph
2946,2675.75,0,Mph
3348.5,2675.75,0,Mph
2809.5,2690.25,0,Mph
3369,2680.75,0,Mph
2791.5,2679.75,0,Mph
2868.5,2687.75,0,Mph
2977.5,2690.75,0,Mph
2787,2699.75,0,Mph
3381.5,2699.25,0,Mph
2925.5,2697.75,0,Mph
2963,2699.25,0,Mph
2945.5,2703.25,0,Mph
3042.5,2702.75,0,Mph
2828.5,2712.75,0,Mph
3095,2711.75,0,Mph
3317,2707.25,0,Mph
3368,2717.25,0,Mph
3041.5,2717.25,0,Mph
2850,2730.25,0,Mph
2887,2741.75,0,Mph
3364.5,2746.75,0,Mph
2828,2747.25,0,Mph
3047,2749.75,0,Mph
2929,2759.25,0,Mph
3316,2765.75,0,Mph
3337,2771.75,0,Mph
2923,2786.75,0,Mph
3336,2790.25,0,Mph
3219.5,2802.25,0,Mph
3330,2802.25,0,Mph
3305,2807.25,0,Mph
2938,2816.25,0,Mph
3282,2822.75,0,Mph
3323,2819.25,0,Mph
2947,2840.75,0,Mph
3307.5,2847.25,0,Mph
3206.5,2846.25,0,Mph
2936.5,2850.75,0,Mph
2913,2851.75,0,Mph
3227.5,2866.75,0,Mph
3223.5,2881.75,0,Mph
3277,2898.25,0,Mph
3220,2894.75,0,Mph
3245.5,2897.75,0,Mph
3129,2905.75,0,Mph
3175.5,2905.25,0,Mph
3209,2908.75,0,Mph
3269.5,2917.25,0,Mph
3147.5,2920.25,0,Mph
3182,2926.75,0,Mph
3219,2931.75,0,Mph
3262.5,2934.75,0,Mph
3249,2950.75,0,Mph
3203.5,2962.25,0,Mph
3237,2976.25,0,Mph
3166.5,2975.25,0,Mph
3231.5,2992.75,0,Mph
3160,3010.75,0,Mph
3184.5,3026.75,0,Mph
3190,3048.25,0,Mph
3167,3066.75,0,Mph
3159,3090.25,0,Mph
3128,3126.75,0,Mph
2973,3193.25,0,Mph
3082,3193.25,0,Mph
3047.5,3194.75,0,Mph
2946,3211.75,0,Mph
3059,3218.25,0,Mph
3002,3227.25,0,Mph
3035,3242.25,0,Mph
2877,3243.75,0,Mph
3014.5,3249.75,0,Mph
2926,3259.75,0,Mph
2992,3260.75,0,Mph
3017,3275.25,0,Mph
2896.5,3282.25,0,Mph
2976.5,3285.75,0,Mph
2930.5,3292.25,0,Mph
2940.5,3311.75,0,Mph
2971.5,3314.25,0,Mph
2917.5,3312.75,0,Mph
2866.5,3321.25,0,Mph
2923.5,3329.75,0,Mph
2897.5,3328.25,0,Mph
2947,3342.75,0,Mph
2888.5,3347.25,0,Mph
1763,3371.75,0,Mph
1797,3381.25,0,Mph
1789,3402.75,0,Mph
1809.5,3413.75,0,Mph
1848,3415.25,0,Mph
1839.5,3436.75,0,Mph
1913.5,3455.75,0,Mph
1895,3452.75,0,Mph
1853,3457.25,0,Mph
1934.5,3455.75,0,Mph
1971,3465.75,0,Mph
1928,3481.75,0,Mph
1963,3495.25,0,Mph
1936.5,3505.75,0,Mph
2288,3349.25,0,Mph
2250.5,3387.25,0,Mph
2312,3392.25,0,Mph
2329,3403.75,0,Mph
2281.5,3414.75,0,Mph
2321,3424.25,0,Mph
2059,3424.75,0,Mph
2345,3435.75,0,Mph
2763,3444.25,0,Mph
2260.5,3450.25,0,Mph
2716,3459.25,0,Mph
2097.5,3455.25,0,Mph
2767.5,3476.25,0,Mph
2730.5,3478.75,0,Mph
2008.5,3495.25,0,Mph
2100,3488.75,0,Mph
2045.5,3500.25,0,Mph
2140,3506.25,0,Mph
2214.5,3504.75,0,Mph
1986,3510.75,0,Mph
2067.5,3510.25,0,Mph
2181.5,3520.25,0,Mph
2720.5,3514.25,0,Mph
2081.5,3521.25,0,Mph
2269.5,3528.25,0,Mph
2656.5,3525.25,0,Mph
2705,3525.75,0,Mph
2240,3534.25,0,Mph
2067.5,3534.75,0,Mph
2685.5,3532.25,0,Mph
2304.5,3540.25,0,Mph
2535,3542.75,0,Mph
2638,3543.25,0,Mph
2332.5,3550.25,0,Mph
2403,3546.75,0,Mph
2653,3547.25,0,Mph
2357.5,3559.75,0,Mph
2398.5,3565.75,0,Mph
2472,3567.75,0,Mph
2335,3568.75,0,Mph
2520.5,3570.75,0,Mph
2450,3574.25,0,Mph
2558.5,3573.75,0,Mph
2367,3585.25,0,Mph
2485,3583.75,0,Mph
2407.5,3588.75,0,Mph
2900,3357.25,0,Mph
2900,3383.25,0,Mph
2880.5,3404.25,0,Mph
2811.5,3411.25,0,Mph
2840.5,3414.75,0,Mph
2865.5,3421.75,0,Mph
2827.5,3428.75,0,Mph
2781,3462.25,0,Mph
2804.5,3475.75,0,Mph
2778,3493.75,0,Mph
-451,-2834.75,0,Mph
-522,-2827.25,0,Mph
-506.5,-2813.75,0,Mph
-521.5,-2802.75,0,Mph
-497,-2795.25,0,Mph
-461,-2772.75,0,Mph
-504.5,-2759.25,0,Mph
-881,-2755.75,0,Mph
-833,-2748.25,0,Mph
-908,-2752.25,0,Mph
-469,-2754.75,0,Mph
-644,-2750.75,0,Mph
-591.5,-2747.75,0,Mph
-619.5,-2747.25,0,Mph
-932,-2741.75,0,Mph
-456.5,-2733.25,0,Mph
-954,-2740.25,0,Mph
-980,-2732.25,0,Mph
-508,-2731.25,0,Mph
-869,-2728.25,0,Mph
-638,-2725.75,0,Mph
-609,-2730.25,0,Mph
-907.5,-2724.25,0,Mph
-967,-2720.25,0,Mph
-588.5,-2725.75,0,Mph
-1020,-2723.75,0,Mph
-432.5,-2722.75,0,Mph
-536.5,-2723.25,0,Mph
-620.5,-2716.75,0,Mph
-834.5,-2707.25,0,Mph
-522.5,-2705.75,0,Mph
-564,-2700.75,0,Mph
-465.5,-2702.75,0,Mph
-940,-2702.75,0,Mph
-882.5,-2702.75,0,Mph
-1160.5,-2695.25,0,Mph
-654.5,-2690.75,0,Mph
-429,-2697.75,0,Mph
-851.5,-2695.25,0,Mph
-731.5,-2692.75,0,Mph
-612,-2688.25,0,Mph
-874,-2686.25,0,Mph
-797,-2681.25,0,Mph
-954,-2679.75,0,Mph
-678.5,-2680.25,0,Mph
-429.5,-2676.75,0,Mph
-1191.5,-2684.25,0,Mph
-705.5,-2683.25,0,Mph
-589,-2675.75,0,Mph
-1215.5,-2678.75,0,Mph
-849.5,-2673.25,0,Mph
-1137.5,-2665.75,0,Mph
-820,-2670.75,0,Mph
-662.5,-2664.75,0,Mph
-453,-2668.25,0,Mph
-864.5,-2660.75,0,Mph
-630.5,-2653.75,0,Mph
-1207.5,-2661.25,0,Mph
-1084.5,-2650.25,0,Mph
-1062,-2652.25,0,Mph
-826,-2653.75,0,Mph
-581,-2653.75,0,Mph
-744.5,-2644.75,0,Mph
-1109,-2641.25,0,Mph
-767,-2640.75,0,Mph
-713.5,-2642.25,0,Mph
-445.5,-2633.75,0,Mph
-1167.5,-2631.75,0,Mph
-865.5,-2631.25,0,Mph
-560.5,-2632.75,0,Mph
-706,-2626.25,0,Mph
-811.5,-2624.25,0,Mph
-595.5,-2616.25,0,Mph
-1139,-2622.25,0,Mph
-844,-2620.25,0,Mph
-465,-2615.25,0,Mph
-726,-2607.25,0,Mph
-1119,-2610.75,0,Mph
-828,-2607.25,0,Mph
-861,-2593.75,0,Mph
-1186.5,-2596.25,0,Mph
-482,-2590.25,0,Mph
-1090,-2592.75,0,Mph
-565,-2590.25,0,Mph
-1135.5,-2584.75,0,Mph
-739.5,-2583.75,0,Mph
-820,-2579.75,0,Mph
-757.5,-2583.25,0,Mph
-1168.5,-2578.75,0,Mph
-886.5,-2575.25,0,Mph
-837,-2573.75,0,Mph
-798,-2578.25,0,Mph
-1107.5,-2564.75,0,Mph
-1221.5,-2571.25,0,Mph
-909.5,-2570.25,0,Mph
-734.5,-2566.25,0,Mph
-582.5,-2563.75,0,Mph
-798,-2562.75,0,Mph
-962,-2560.25,0,Mph
-769,-2564.25,0,Mph
-461.5,-2552.75,0,Mph
-480.5,-2556.25,0,Mph
-1068,-2554.75,0,Mph
-1183.5,-2555.25,0,Mph
-932.5,-2547.25,0,Mph
-852,-2545.25,0,Mph
-870.5,-2541.25,0,Mph
-1096,-2537.75,0,Mph
-827,-2536.75,0,Mph
-628,-2536.25,0,Mph
-1081,-2529.25,0,Mph
-479.5,-2530.75,0,Mph
-917.5,-2515.75,0,Mph
-762,-2521.25,0,Mph
-1121,-2525.75,0,Mph
-695.5,-2521.75,0,Mph
-1201,-2512.75,0,Mph
-464.5,-2518.75,0,Mph
-950.5,-2504.25,0,Mph
-637,-2504.75,0,Mph
-694.5,-2499.25,0,Mph
-671.5,-2496.75,0,Mph
-1100.5,-2500.75,0,Mph
-454,-2495.25,0,Mph
-498.5,-2494.25,0,Mph
-815,-2484.75,0,Mph
-688.5,-2480.25,0,Mph
-955.5,-2478.25,0,Mph
-473,-2470.25,0,Mph
-1130,-2475.25,0,Mph
-615.5,-2472.25,0,Mph
-663.5,-2470.25,0,Mph
-862,-2471.25,0,Mph
-937,-2464.75,0,Mph
-554,-2470.25,0,Mph
-447.5,-2468.75,0,Mph
-636.5,-2462.25,0,Mph
-699.5,-2464.25,0,Mph
-574,-2466.75,0,Mph
-1085.5,-2459.75,0,Mph
-1123.5,-2451.25,0,Mph
-454,-2456.25,0,Mph
-685,-2450.25,0,Mph
-1069,-2446.75,0,Mph
-986,-2441.75,0,Mph
-617,-2443.75,0,Mph
-882.5,-2441.75,0,Mph
-733.5,-2441.25,0,Mph
-1016,-2438.75,0,Mph
-917,-2435.25,0,Mph
-1155,-2430.25,0,Mph
-1060.5,-2428.25,0,Mph
-1222.5,-2426.25,0,Mph
-1199.5,-2419.25,0,Mph
-820,-2414.25,0,Mph
-745.5,-2415.75,0,Mph
-791.5,-2415.75,0,Mph
-857.5,-2413.75,0,Mph
-714,-2408.25,0,Mph
-507,-2405.75,0,Mph
-626,-2407.25,0,Mph
-520.5,-2409.25,0,Mph
-1182,-2401.75,0,Mph
-532,-2391.25,0,Mph
-1201.5,-2382.75,0,Mph
-1166,-2382.25,0,Mph
-835,-2381.75,0,Mph
-796,-2380.25,0,Mph
-486.5,-2375.25,0,Mph
-518,-2363.75,0,Mph
-695,-2353.25,0,Mph
-567.5,-2358.25,0,Mph
-1130,-2356.25,0,Mph
-868,-2348.75,0,Mph
-460,-2348.75,0,Mph
-1182.5,-2352.75,0,Mph
-495.5,-2346.25,0,Mph
-1012.5,-2340.25,0,Mph
-562,-2340.25,0,Mph
-996.5,-2340.75,0,Mph
-434.5,-2339.75,0,Mph
-478,-2337.75,0,Mph
-1062.5,-2331.75,0,Mph
-494,-2332.75,0,Mph
-552.5,-2325.25,0,Mph
-1117,-2321.25,0,Mph
-537.5,-2312.25,0,Mph
-522,-2308.75,0,Mph
-1101.5,-2304.25,0,Mph
-1127,-2305.25,0,Mph
-1008,-2304.75,0,Mph
-1056.5,-2295.25,0,Mph
-1080.5,-2293.75,0,Mph
-528.5,-2288.75,0,Mph
-994.5,-2287.25,0,Mph
-1192,-2283.25,0,Mph
-507.5,-2278.75,0,Mph
-1107,-2278.75,0,Mph
-1008.5,-2271.75,0,Mph
-497.5,-2268.75,0,Mph
-945,-2270.75,0,Mph
-572,-2264.75,0,Mph
-868.5,-2262.25,0,Mph
-596,-2256.25,0,Mph
-689.5,-2262.25,0,Mph
-657.5,-2252.75,0,Mph
-969.5,-2254.75,0,Mph
1135,-2955.75,0,Mph
568.5,-2947.75,0,Mph
545.5,-2932.75,0,Mph
579,-2932.25,0,Mph
1132,-2912.75,0,Mph
1148,-2899.75,0,Mph
615,-2884.25,0,Mph
1147,-2878.75,0,Mph
570.5,-2874.75,0,Mph
595,-2868.75,0,Mph
525.5,-2853.25,0,Mph
606.5,-2853.25,0,Mph
469.5,-2841.75,0,Mph
1115.5,-2843.75,0,Mph
939.5,-2838.75,0,Mph
629,-2825.75,0,Mph
513,-2828.25,0,Mph
956,-2827.75,0,Mph
1029,-2827.25,0,Mph
1127.5,-2820.75,0,Mph
576,-2823.75,0,Mph
426.5,-2815.75,0,Mph
469,-2817.25,0,Mph
731,-2816.25,0,Mph
992.5,-2817.25,0,Mph
555,-2807.75,0,Mph
499.5,-2805.75,0,Mph
432.5,-2804.25,0,Mph
932.5,-2804.75,0,Mph
775,-2801.25,0,Mph
629.5,-2795.25,0,Mph
386,-2785.25,0,Mph
984,-2785.25,0,Mph
998,-2782.25,0,Mph
430.5,-2777.75,0,Mph
614.5,-2773.75,0,Mph
736,-2766.75,0,Mph
824,-2772.25,0,Mph
1157,-2771.75,0,Mph
501.5,-2766.75,0,Mph
775.5,-2759.25,0,Mph
457,-2762.25,0,Mph
526.5,-2759.75,0,Mph
1109,-2759.25,0,Mph
934.5,-2756.75,0,Mph
723,-2746.25,0,Mph
895,-2744.75,0,Mph
1137,-2737.75,0,Mph
425.5,-2739.25,0,Mph
739,-2735.75,0,Mph
457.5,-2735.75,0,Mph
494.5,-2733.75,0,Mph
877,-2731.75,0,Mph
1103.5,-2727.75,0,Mph
912,-2729.25,0,Mph
1170.5,-2721.75,0,Mph
918,-2717.75,0,Mph
896.5,-2719.25,0,Mph
719.5,-2717.25,0,Mph
1151.5,-2717.75,0,Mph
472,-2716.25,0,Mph
483,-2708.25,0,Mph
944.5,-2701.75,0,Mph
740,-2696.75,0,Mph
864,-2694.75,0,Mph
989.5,-2698.25,0,Mph
501,-2697.75,0,Mph
522,-2697.75,0,Mph
827,-2690.75,0,Mph
968.5,-2692.75,0,Mph
538.5,-2668.75,0,Mph
501.5,-2670.75,0,Mph
391.5,-2660.25,0,Mph
837,-2658.75,0,Mph
808,-2647.25,0,Mph
925.5,-2641.25,0,Mph
441,-2632.75,0,Mph
395.5,-2633.75,0,Mph
480.5,-2637.25,0,Mph
510.5,-2628.25,0,Mph
991,-2624.25,0,Mph
975.5,-2630.25,0,Mph
687,-2626.75,0,Mph
922,-2623.25,0,Mph
1025,-2622.25,0,Mph
456,-2619.25,0,Mph
811,-2613.75,0,Mph
781,-2614.75,0,Mph
888,-2615.75,0,Mph
533.5,-2611.25,0,Mph
386.5,-2603.25,0,Mph
503.5,-2602.25,0,Mph
1002.5,-2602.25,0,Mph
888,-2590.75,0,Mph
527.5,-2584.25,0,Mph
398.5,-2583.75,0,Mph
791,-2583.25,0,Mph
835,-2581.75,0,Mph
811,-2580.25,0,Mph
905.5,-2572.75,0,Mph
378.5,-2566.25,0,Mph
650.5,-2560.75,0,Mph
922,-2558.25,0,Mph
512.5,-2549.75,0,Mph
741.5,-2547.75,0,Mph
1051.5,-2541.25,0,Mph
662,-2535.25,0,Mph
477.5,-2532.75,0,Mph
978.5,-2532.75,0,Mph
899.5,-2529.25,0,Mph
898,-2500.75,0,Mph
776.5,-2483.75,0,Mph
439,-2478.75,0,Mph
812,-2478.75,0,Mph
1076.5,-2468.75,0,Mph
767,-2468.25,0,Mph
791,-2459.25,0,Mph
1127.5,-2454.75,0,Mph
1099.5,-2454.25,0,Mph
412,-2449.75,0,Mph
1148.5,-2449.75,0,Mph
373,-2441.25,0,Mph
448,-2434.25,0,Mph
422,-2429.75,0,Mph
1107,-2431.25,0,Mph
952.5,-2421.25,0,Mph
1144,-2417.25,0,Mph
1031,-2424.25,0,Mph
1002,-2415.25,0,Mph
739,-2413.25,0,Mph
416,-2405.25,0,Mph
946,-2405.25,0,Mph
377.5,-2404.75,0,Mph
500,-2389.75,0,Mph
958,-2387.75,0,Mph
436.5,-2382.25,0,Mph
829.5,-2382.75,0,Mph
641,-2383.25,0,Mph
528,-2379.25,0,Mph
771.5,-2379.75,0,Mph
1019,-2372.75,0,Mph
962,-2374.25,0,Mph
795.5,-2372.25,0,Mph
762,-2369.75,0,Mph
509,-2369.25,0,Mph
652,-2366.25,0,Mph
560.5,-2353.25,0,Mph
815.5,-2356.75,0,Mph
418,-2338.75,0,Mph
688.5,-2335.75,0,Mph
977,-2322.75,0,Mph
564.5,-2322.25,0,Mph
1008,-2322.25,0,Mph
469,-2305.75,0,Mph
608.5,-2299.25,0,Mph
485.5,-2300.25,0,Mph
853.5,-2286.75,0,Mph
458.5,-2283.75,0,Mph
569.5,-2268.75,0,Mph
868.5,-2272.25,0,Mph
704.5,-2260.75,0,Mph
889.5,-2259.75,0,Mph
863,-2256.75,0,Mph
439.5,-2253.75,0,Mph
-1243.5,-2687.25,0,Mph
-1235,-2655.75,0,Mph
-1350,-2641.25,0,Mph
-1315.5,-2644.75,0,Mph
-1369,-2638.25,0,Mph
-1333.5,-2635.75,0,Mph
-1322,-2614.75,0,Mph
-1298,-2607.75,0,Mph
-1289.5,-2596.75,0,Mph
-1244,-2590.25,0,Mph
-1365,-2586.75,0,Mph
-1268.5,-2578.25,0,Mph
-1229.5,-2569.25,0,Mph
-1344.5,-2561.25,0,Mph
-1231.5,-2536.75,0,Mph
-1879,-2531.75,0,Mph
-1986,-2529.25,0,Mph
-1335.5,-2529.25,0,Mph
-1937,-2529.25,0,Mph
-1264.5,-2529.25,0,Mph
-1863.5,-2522.25,0,Mph
-1290.5,-2520.75,0,Mph
-1902.5,-2514.25,0,Mph
-1946,-2508.25,0,Mph
-1882.5,-2505.75,0,Mph
-1467.5,-2501.25,0,Mph
-1667,-2504.75,0,Mph
-1724.5,-2503.25,0,Mph
-2012.5,-2499.75,0,Mph
-1967,-2501.75,0,Mph
-1365,-2493.75,0,Mph
-1846,-2493.25,0,Mph
-1994.5,-2491.25,0,Mph
-1350,-2472.75,0,Mph
-1976.5,-2470.75,0,Mph
-1374.5,-2469.75,0,Mph
-1444,-2466.25,0,Mph
-2014.5,-2465.75,0,Mph
-1463,-2463.75,0,Mph
-1934.5,-2455.25,0,Mph
-1448.5,-2451.75,0,Mph
-1369,-2449.75,0,Mph
-2024.5,-2447.25,0,Mph
-1829,-2447.75,0,Mph
-1516.5,-2447.25,0,Mph
-1484,-2445.75,0,Mph
-1467,-2439.25,0,Mph
-1897.5,-2436.25,0,Mph
-1509.5,-2428.25,0,Mph
-1982,-2432.75,0,Mph
-1483,-2429.75,0,Mph
-1447,-2430.25,0,Mph
-1882,-2423.25,0,Mph
-1312.5,-2422.75,0,Mph
-1967.5,-2418.25,0,Mph
-1526,-2416.25,0,Mph
-1442,-2416.25,0,Mph
-1480.5,-2414.25,0,Mph
-2013.5,-2405.75,0,Mph
-1800,-2405.25,0,Mph
-1985.5,-2398.25,0,Mph
-1454.5,-2399.25,0,Mph
-1427,-2398.25,0,Mph
-1354.5,-2396.25,0,Mph
-1833,-2389.75,0,Mph
-1537,-2391.25,0,Mph
-1511.5,-2391.25,0,Mph
-1489.5,-2388.25,0,Mph
-1414,-2380.25,0,Mph
-1921,-2379.25,0,Mph
-1367.5,-2373.25,0,Mph
-1495.5,-2370.75,0,Mph
-1895,-2369.75,0,Mph
-1808,-2368.75,0,Mph
-1993.5,-2362.75,0,Mph
-1400.5,-2360.75,0,Mph
-1774.5,-2361.25,0,Mph
-1887.5,-2355.75,0,Mph
-1436.5,-2349.75,0,Mph
-1467,-2349.25,0,Mph
-1815.5,-2338.75,0,Mph
-1396.5,-2341.75,0,Mph
-1773.5,-2341.25,0,Mph
-1843.5,-2339.25,0,Mph
-1988.5,-2335.25,0,Mph
-1915.5,-2331.25,0,Mph
-1292.5,-2326.25,0,Mph
-2020.5,-2323.75,0,Mph
-1373.5,-2326.25,0,Mph
-1466,-2311.25,0,Mph
-1999,-2305.25,0,Mph
-1824.5,-2304.25,0,Mph
-1977.5,-2305.75,0,Mph
-1230,-2305.25,0,Mph
-1444.5,-2300.75,0,Mph
-1911,-2299.25,0,Mph
-1363,-2283.75,0,Mph
-1266.5,-2277.75,0,Mph
-1433.5,-2274.75,0,Mph
-1411,-2271.75,0,Mph
-1468.5,-2267.25,0,Mph
-1384,-2271.25,0,Mph
-1989.5,-2269.75,0,Mph
-1379,-2252.75,0,Mph
-2001.5,-2252.75,0,Mph
-2048,-2491.75,0,Mph
-2093.5,-2482.75,0,Mph
-2105.5,-2475.75,0,Mph
-2039.5,-2461.75,0,Mph
-2073.5,-2450.25,0,Mph
-2212,-2441.25,0,Mph
-2047.5,-2442.75,0,Mph
-2040,-2422.75,0,Mph
-2054,-2421.75,0,Mph
-2149.5,-2419.25,0,Mph
-2028,-2414.75,0,Mph
-2177.5,-2414.75,0,Mph
-2107,-2411.25,0,Mph
-2194,-2398.75,0,Mph
-2063.5,-2395.25,0,Mph
-2354,-2373.25,0,Mph
-2442.5,-2361.75,0,Mph
-2347.5,-2354.25,0,Mph
-2108.5,-2355.25,0,Mph
-2042.5,-2349.75,0,Mph
-2468,-2353.75,0,Mph
-2068,-2349.75,0,Mph
-2089.5,-2352.75,0,Mph
-2314,-2346.75,0,Mph
-2409.5,-2345.25,0,Mph
-2460,-2337.75,0,Mph
-2085.5,-2319.75,0,Mph
-2303.5,-2317.25,0,Mph
-2320,-2298.75,0,Mph
-2276.5,-2298.75,0,Mph
-2346,-2289.75,0,Mph
-2297.5,-2276.25,0,Mph
-2551,-2265.75,0,Mph
-2583.5,-2256.25,0,Mph
1505,-2998.25,0,Mph
1373.5,-2995.75,0,Mph
1273.5,-2990.75,0,Mph
1201.5,-2989.75,0,Mph
1220.5,-2986.75,0,Mph
1609,-2984.75,0,Mph
1411,-2980.75,0,Mph
1336,-2980.75,0,Mph
1673,-2969.75,0,Mph
1643.5,-2970.75,0,Mph
1199.5,-2967.25,0,Mph
1693.5,-2968.75,0,Mph
1789,-2961.75,0,Mph
1619,-2957.75,0,Mph
1819.5,-2956.75,0,Mph
1245.5,-2953.75,0,Mph
1444,-2953.75,0,Mph
1793.5,-2949.75,0,Mph
1652,-2948.75,0,Mph
1693,-2946.25,0,Mph
1269.5,-2945.25,0,Mph
1487.5,-2942.25,0,Mph
1756.5,-2936.75,0,Mph
1405.5,-2930.25,0,Mph
1715.5,-2927.25,0,Mph
1877.5,-2932.25,0,Mph
1570,-2930.25,0,Mph
1611.5,-2926.25,0,Mph
1898,-2926.75,0,Mph
1182,-2918.75,0,Mph
1797.5,-2923.75,0,Mph
1820.5,-2918.75,0,Mph
1955,-2917.75,0,Mph
1518.5,-2920.75,0,Mph
1550.5,-2915.75,0,Mph
1460,-2914.25,0,Mph
1769,-2914.75,0,Mph
1867,-2915.25,0,Mph
1510.5,-2908.75,0,Mph
1936,-2905.25,0,Mph
1885,-2903.25,0,Mph
1609,-2900.75,0,Mph
1958,-2895.75,0,Mph
1451,-2896.25,0,Mph
1176.5,-2892.75,0,Mph
1782.5,-2892.75,0,Mph
1538,-2893.75,0,Mph
1823,-2888.75,0,Mph
1211,-2890.25,0,Mph
1427,-2887.25,0,Mph
1566.5,-2890.75,0,Mph
1879.5,-2878.75,0,Mph
1177,-2872.25,0,Mph
1443,-2876.75,0,Mph
1529.5,-2873.75,0,Mph
1934.5,-2877.75,0,Mph
1550,-2875.75,0,Mph
1632.5,-2872.75,0,Mph
1577.5,-2874.25,0,Mph
1910.5,-2874.75,0,Mph
1220,-2871.25,0,Mph
1799.5,-2868.75,0,Mph
1418.5,-2866.75,0,Mph
1453.5,-2867.75,0,Mph
1732,-2867.75,0,Mph
1934.5,-2861.25,0,Mph
1240.5,-2855.25,0,Mph
1664,-2858.25,0,Mph
1465.5,-2854.25,0,Mph
1202,-2859.25,0,Mph
1393,-2854.75,0,Mph
1405.5,-2851.75,0,Mph
1749,-2850.75,0,Mph
1214,-2843.75,0,Mph
1648.5,-2842.25,0,Mph
1668.5,-2837.75,0,Mph
1775,-2835.75,0,Mph
1254.5,-2833.25,0,Mph
1433.5,-2831.25,0,Mph
1417,-2826.75,0,Mph
1819,-2823.25,0,Mph
1681,-2826.25,0,Mph
1865.5,-2816.75,0,Mph
1509.5,-2820.75,0,Mph
1234,-2811.25,0,Mph
1778,-2813.75,0,Mph
1886,-2811.75,0,Mph
1934.5,-2811.25,0,Mph
1266.5,-2806.25,0,Mph
1477,-2809.75,0,Mph
1497.5,-2796.25,0,Mph
1461,-2797.25,0,Mph
1715.5,-2802.75,0,Mph
1336.5,-2801.75,0,Mph
1794.5,-2797.25,0,Mph
1832.5,-2798.75,0,Mph
1421.5,-2799.25,0,Mph
1479,-2789.25,0,Mph
1177,-2791.25,0,Mph
1353.5,-2783.75,0,Mph
1431.5,-2785.25,0,Mph
1901.5,-2780.25,0,Mph
1298,-2779.25,0,Mph
1178.5,-2775.25,0,Mph
1268.5,-2774.75,0,Mph
1732,-2774.25,0,Mph
1226.5,-2772.25,0,Mph
1204.5,-2769.75,0,Mph
1680.5,-2766.25,0,Mph
1699,-2769.75,0,Mph
1372,-2764.25,0,Mph
1494,-2758.75,0,Mph
1333,-2752.75,0,Mph
1276,-2750.75,0,Mph
1228.5,-2749.25,0,Mph
1204,-2748.75,0,Mph
1900,-2744.75,0,Mph
1381,-2742.75,0,Mph
1339.5,-2734.75,0,Mph
1928,-2738.75,0,Mph
1284.5,-2721.25,0,Mph
1224.5,-2726.75,0,Mph
1362,-2720.25,0,Mph
1925.5,-2722.25,0,Mph
1456.5,-2718.25,0,Mph
1238,-2714.25,0,Mph
1320,-2708.25,0,Mph
1483.5,-2699.25,0,Mph
1663,-2704.75,0,Mph
1297.5,-2701.75,0,Mph
1960,-2702.25,0,Mph
1338.5,-2695.75,0,Mph
1937.5,-2694.25,0,Mph
1209,-2686.25,0,Mph
1499,-2681.25,0,Mph
1971.5,-2676.75,0,Mph
1259.5,-2675.75,0,Mph
1324.5,-2675.75,0,Mph
1342,-2676.25,0,Mph
1776.5,-2665.75,0,Mph
1794,-2659.75,0,Mph
1289.5,-2662.25,0,Mph
1390,-2665.25,0,Mph
1358.5,-2654.25,0,Mph
1920.5,-2653.75,0,Mph
1503,-2655.75,0,Mph
1573,-2649.75,0,Mph
1220,-2651.75,0,Mph
1954.5,-2645.25,0,Mph
1502.5,-2638.75,0,Mph
1342,-2639.75,0,Mph
1523.5,-2629.75,0,Mph
1681.5,-2634.75,0,Mph
1583.5,-2626.75,0,Mph
1430,-2625.25,0,Mph
1347,-2621.25,0,Mph
1396,-2618.25,0,Mph
1443.5,-2619.75,0,Mph
1898,-2607.25,0,Mph
1729,-2614.75,0,Mph
1747.5,-2614.75,0,Mph
1439,-2603.75,0,Mph
1516,-2595.25,0,Mph
1476.5,-2598.75,0,Mph
1536.5,-2595.25,0,Mph
1776,-2590.25,0,Mph
1391.5,-2595.25,0,Mph
1717.5,-2589.75,0,Mph
1312,-2568.25,0,Mph
1555,-2578.75,0,Mph
1534.5,-2576.75,0,Mph
1338.5,-2573.25,0,Mph
1739.5,-2574.25,0,Mph
1600,-2572.75,0,Mph
1620.5,-2571.75,0,Mph
1427,-2555.25,0,Mph
1343.5,-2554.25,0,Mph
1763,-2555.75,0,Mph
1893.5,-2544.25,0,Mph
1372.5,-2527.75,0,Mph
1441.5,-2526.25,0,Mph
1835.5,-2525.75,0,Mph
1540.5,-2519.25,0,Mph
1645,-2520.25,0,Mph
1852,-2516.75,0,Mph
1261.5,-2511.75,0,Mph
1440.5,-2490.75,0,Mph
1638,-2500.75,0,Mph
1668,-2503.25,0,Mph
1859.5,-2500.75,0,Mph
1284.5,-2500.25,0,Mph
1543.5,-2497.75,0,Mph
1525.5,-2491.75,0,Mph
1777.5,-2473.75,0,Mph
1651,-2475.25,0,Mph
1867.5,-2475.75,0,Mph
1695,-2466.75,0,Mph
1193.5,-2460.25,0,Mph
1426.5,-2460.75,0,Mph
1677.5,-2458.25,0,Mph
1203.5,-2438.75,0,Mph
1902,-2435.75,0,Mph
1758.5,-2429.25,0,Mph
1871.5,-2426.75,0,Mph
1789,-2425.25,0,Mph
1386,-2404.75,0,Mph
1761.5,-2410.75,0,Mph
1643,-2405.25,0,Mph
1869.5,-2408.75,0,Mph
1890,-2407.25,0,Mph
1549,-2400.25,0,Mph
1594,-2402.25,0,Mph
1700,-2394.25,0,Mph
1420.5,-2383.25,0,Mph
1795,-2387.25,0,Mph
1720.5,-2378.25,0,Mph
1810,-2374.75,0,Mph
1565.5,-2372.75,0,Mph
1456,-2371.25,0,Mph
1695.5,-2362.75,0,Mph
1718.5,-2357.25,0,Mph
1730,-2349.25,0,Mph
1830,-2328.75,0,Mph
1833.5,-2309.25,0,Mph
1745,-2305.75,0,Mph
1819,-2301.75,0,Mph
1829.5,-2285.75,0,Mph
1705,-2276.25,0,Mph
1557,-2262.75,0,Mph
1692,-2262.25,0,Mph
1944.5,-2262.75,0,Mph
93.5,-2896.75,0,Mph
121,-2881.25,0,Mph
74,-2868.25,0,Mph
108,-2865.25,0,Mph
-51,-2861.75,0,Mph
-75.5,-2857.75,0,Mph
-124.5,-2853.75,0,Mph
144.5,-2846.75,0,Mph
232.5,-2848.75,0,Mph
186.5,-2836.25,0,Mph
-425.5,-2844.25,0,Mph
-335.5,-2843.75,0,Mph
50,-2838.25,0,Mph
-89.5,-2840.75,0,Mph
-48,-2831.25,0,Mph
142,-2824.25,0,Mph
98.5,-2821.25,0,Mph
-91.5,-2822.75,0,Mph
-328.5,-2812.75,0,Mph
-351.5,-2814.75,0,Mph
111,-2810.25,0,Mph
-417.5,-2809.75,0,Mph
-66.5,-2806.75,0,Mph
-368,-2807.75,0,Mph
73.5,-2799.75,0,Mph
-45.5,-2803.25,0,Mph
-119.5,-2798.75,0,Mph
-90.5,-2799.75,0,Mph
233,-2798.75,0,Mph
4.5,-2800.25,0,Mph
36,-2798.75,0,Mph
180.5,-2787.25,0,Mph
-145.5,-2790.25,0,Mph
-392,-2786.75,0,Mph
133,-2785.75,0,Mph
-13,-2778.75,0,Mph
-168.5,-2779.25,0,Mph
53.5,-2779.75,0,Mph
84.5,-2779.25,0,Mph
-316,-2767.25,0,Mph
-57,-2775.25,0,Mph
-425.5,-2771.75,0,Mph
365.5,-2769.25,0,Mph
-128,-2765.25,0,Mph
-357,-2764.75,0,Mph
116,-2760.75,0,Mph
-377.5,-2756.25,0,Mph
-167.5,-2755.25,0,Mph
-56.5,-2748.75,0,Mph
-338,-2743.75,0,Mph
83.5,-2742.75,0,Mph
271.5,-2735.25,0,Mph
-399,-2740.75,0,Mph
-23.5,-2742.75,0,Mph
45,-2734.75,0,Mph
1.5,-2733.75,0,Mph
-273.5,-2725.75,0,Mph
-65.5,-2731.75,0,Mph
-38,-2727.75,0,Mph
54.5,-2717.25,0,Mph
361,-2721.25,0,Mph
77.5,-2719.25,0,Mph
-58.5,-2713.75,0,Mph
97,-2710.25,0,Mph
-399,-2705.75,0,Mph
-102,-2703.25,0,Mph
-274,-2690.75,0,Mph
261,-2691.75,0,Mph
-327.5,-2677.75,0,Mph
-391.5,-2681.25,0,Mph
160.5,-2681.25,0,Mph
262,-2679.25,0,Mph
31,-2677.75,0,Mph
153.5,-2665.25,0,Mph
-301,-2670.75,0,Mph
-174.5,-2665.25,0,Mph
-408.5,-2655.25,0,Mph
359.5,-2654.75,0,Mph
-102.5,-2651.25,0,Mph
309.5,-2655.75,0,Mph
-329.5,-2654.25,0,Mph
172,-2655.25,0,Mph
138.5,-2646.25,0,Mph
-352.5,-2647.75,0,Mph
290.5,-2646.25,0,Mph
-287.5,-2642.75,0,Mph
-41.5,-2633.25,0,Mph
-258,-2639.75,0,Mph
-16,-2633.75,0,Mph
-406.5,-2639.25,0,Mph
256,-2633.25,0,Mph
311.5,-2633.25,0,Mph
-312,-2633.25,0,Mph
343,-2630.75,0,Mph
60,-2628.25,0,Mph
167,-2625.75,0,Mph
280,-2626.75,0,Mph
-63.5,-2604.75,0,Mph
289.5,-2605.25,0,Mph
162.5,-2606.25,0,Mph
-6,-2595.25,0,Mph
185.5,-2596.25,0,Mph
358.5,-2600.75,0,Mph
32,-2604.25,0,Mph
263.5,-2600.25,0,Mph
-37.5,-2599.25,0,Mph
81,-2594.75,0,Mph
-160,-2589.25,0,Mph
25,-2586.25,0,Mph
256,-2585.75,0,Mph
180.5,-2579.75,0,Mph
-110.5,-2576.75,0,Mph
303,-2579.75,0,Mph
157.5,-2575.25,0,Mph
-203,-2574.75,0,Mph
55,-2576.25,0,Mph
313,-2572.75,0,Mph
-141,-2561.75,0,Mph
357.5,-2560.75,0,Mph
-365,-2562.25,0,Mph
-51,-2557.25,0,Mph
266,-2557.25,0,Mph
-342,-2559.25,0,Mph
-225.5,-2556.75,0,Mph
43.5,-2557.75,0,Mph
252.5,-2557.25,0,Mph
294,-2556.75,0,Mph
175,-2548.25,0,Mph
-178.5,-2551.25,0,Mph
333.5,-2549.75,0,Mph
55,-2546.25,0,Mph
-278.5,-2541.75,0,Mph
305,-2543.75,0,Mph
-358.5,-2539.75,0,Mph
-328,-2539.25,0,Mph
280,-2536.75,0,Mph
-407.5,-2536.25,0,Mph
-268.5,-2529.25,0,Mph
-382.5,-2528.25,0,Mph
154,-2518.25,0,Mph
-111,-2526.25,0,Mph
-314.5,-2524.75,0,Mph
-417.5,-2522.75,0,Mph
345.5,-2516.75,0,Mph
63.5,-2517.25,0,Mph
29.5,-2510.25,0,Mph
70.5,-2499.25,0,Mph
51,-2500.25,0,Mph
123,-2501.25,0,Mph
-149,-2491.25,0,Mph
6,-2494.25,0,Mph
-259,-2491.25,0,Mph
136,-2489.75,0,Mph
151.5,-2487.75,0,Mph
-179.5,-2486.25,0,Mph
-335,-2478.75,0,Mph
-165.5,-2470.25,0,Mph
-197,-2472.25,0,Mph
334,-2473.25,0,Mph
34,-2471.75,0,Mph
-29.5,-2465.75,0,Mph
-350,-2462.75,0,Mph
-327.5,-2463.75,0,Mph
250,-2462.75,0,Mph
279,-2462.75,0,Mph
42.5,-2456.25,0,Mph
0.5,-2452.75,0,Mph
275,-2449.75,0,Mph
326.5,-2448.25,0,Mph
158,-2446.25,0,Mph
220.5,-2444.75,0,Mph
53,-2446.25,0,Mph
-45,-2440.75,0,Mph
171,-2439.25,0,Mph
-373,-2438.75,0,Mph
26,-2435.25,0,Mph
-22,-2429.25,0,Mph
-78.5,-2433.75,0,Mph
-63,-2429.75,0,Mph
-393,-2426.25,0,Mph
-85,-2416.75,0,Mph
250,-2413.25,0,Mph
-175,-2412.75,0,Mph
-283.5,-2414.75,0,Mph
-125.5,-2405.75,0,Mph
-61.5,-2398.75,0,Mph
17,-2404.75,0,Mph
-262,-2403.75,0,Mph
-286,-2397.75,0,Mph
-16,-2399.25,0,Mph
-362,-2394.25,0,Mph
-89,-2388.75,0,Mph
250,-2389.75,0,Mph
-234,-2383.25,0,Mph
-6.5,-2381.75,0,Mph
-352.5,-2378.25,0,Mph
-202,-2372.25,0,Mph
-254,-2374.75,0,Mph
-292,-2365.75,0,Mph
-113,-2369.25,0,Mph
251,-2361.75,0,Mph
84.5,-2358.75,0,Mph
-164.5,-2355.25,0,Mph
-151.5,-2336.75,0,Mph
-206,-2341.25,0,Mph
95.5,-2338.25,0,Mph
244.5,-2331.25,0,Mph
264.5,-2328.75,0,Mph
-345,-2327.75,0,Mph
-68.5,-2321.25,0,Mph
-35.5,-2316.25,0,Mph
353.5,-2311.75,0,Mph
-163,-2312.25,0,Mph
-79.5,-2307.75,0,Mph
201,-2307.25,0,Mph
128.5,-2301.25,0,Mph
104.5,-2300.25,0,Mph
236.5,-2290.75,0,Mph
-223,-2283.25,0,Mph
78,-2280.75,0,Mph
41.5,-2277.25,0,Mph
58,-2273.25,0,Mph
-183.5,-2277.25,0,Mph
315.5,-2270.75,0,Mph
177.5,-2268.75,0,Mph
96,-2272.25,0,Mph
272,-2272.25,0,Mph
80,-2266.25,0,Mph
347.5,-2261.75,0,Mph
6.5,-2255.25,0,Mph
1974.5,-2908.75,0,Mph
2115,-2890.75,0,Mph
2007,-2885.75,0,Mph
1991,-2880.75,0,Mph
2047.5,-2878.75,0,Mph
1978.5,-2870.75,0,Mph
2062,-2863.25,0,Mph
1989.5,-2849.25,0,Mph
2152,-2844.75,0,Mph
2168.5,-2837.25,0,Mph
2265,-2811.75,0,Mph
2171,-2815.25,0,Mph
2068.5,-2806.75,0,Mph
2085,-2803.75,0,Mph
2066,-2787.75,0,Mph
2281,-2788.75,0,Mph
2096,-2782.75,0,Mph
2257,-2779.25,0,Mph
2057,-2768.75,0,Mph
2020,-2769.25,0,Mph
2280,-2761.25,0,Mph
2303.5,-2763.75,0,Mph
2178.5,-2758.75,0,Mph
2363.5,-2759.75,0,Mph
2257,-2759.75,0,Mph
2321,-2760.25,0,Mph
1990.5,-2742.25,0,Mph
2038,-2747.25,0,Mph
2140,-2746.75,0,Mph
2066.5,-2741.25,0,Mph
2310.5,-2737.25,0,Mph
2270.5,-2731.75,0,Mph
2154,-2729.25,0,Mph
2329,-2725.25,0,Mph
2228.5,-2726.25,0,Mph
2140,-2718.25,0,Mph
2252.5,-2711.75,0,Mph
2363,-2714.75,0,Mph
2466.5,-2706.25,0,Mph
2182,-2703.75,0,Mph
1986,-2701.75,0,Mph
2195,-2694.75,0,Mph
2286.5,-2695.75,0,Mph
2390,-2695.75,0,Mph
2485.5,-2688.75,0,Mph
2072.5,-2690.25,0,Mph
2406.5,-2687.75,0,Mph
2152.5,-2678.75,0,Mph
2331.5,-2677.75,0,Mph
2303,-2673.25,0,Mph
2453.5,-2667.25,0,Mph
2024,-2659.75,0,Mph
2052.5,-2663.75,0,Mph
2299.5,-2658.75,0,Mph
1994.5,-2662.25,0,Mph
2243.5,-2652.75,0,Mph
2362.5,-2656.75,0,Mph
2477.5,-2651.75,0,Mph
2076.5,-2649.25,0,Mph
2452,-2649.75,0,Mph
2107,-2642.75,0,Mph
2148,-2636.75,0,Mph
2317.5,-2632.25,0,Mph
2123.5,-2632.75,0,Mph
2027,-2632.75,0,Mph
2051.5,-2636.25,0,Mph
2484,-2633.75,0,Mph
2085,-2619.75,0,Mph
2393.5,-2625.75,0,Mph
2358.5,-2611.25,0,Mph
2342.5,-2613.25,0,Mph
2456,-2609.75,0,Mph
2184,-2606.25,0,Mph
2577,-2604.75,0,Mph
2286.5,-2603.25,0,Mph
2123.5,-2599.75,0,Mph
2533.5,-2596.75,0,Mph
2555,-2600.75,0,Mph
2212,-2592.75,0,Mph
2139.5,-2579.25,0,Mph
2168,-2574.25,0,Mph
2185,-2577.25,0,Mph
2212,-2567.75,0,Mph
2468.5,-2560.75,0,Mph
2631,-2555.75,0,Mph
2597.5,-2545.75,0,Mph
2469.5,-2543.75,0,Mph
2582.5,-2549.75,0,Mph
2650.5,-2548.25,0,Mph
2409.5,-2528.75,0,Mph
2489.5,-2529.75,0,Mph
2659,-2525.25,0,Mph
2387,-2520.25,0,Mph
2615.5,-2509.75,0,Mph
2645,-2507.75,0,Mph
2351,-2508.25,0,Mph
2426,-2506.25,0,Mph
2692.5,-2495.25,0,Mph
2478,-2496.25,0,Mph
2106,-2493.25,0,Mph
2593,-2486.25,0,Mph
2411.5,-2488.25,0,Mph
2362,-2476.25,0,Mph
2479,-2480.25,0,Mph
1996.5,-2475.75,0,Mph
2507,-2478.75,0,Mph
2563.5,-2473.25,0,Mph
2279.5,-2479.25,0,Mph
2267,-2475.75,0,Mph
2165.5,-2474.75,0,Mph
2442.5,-2465.25,0,Mph
2718,-2458.75,0,Mph
2279.5,-2463.75,0,Mph
2511,-2460.75,0,Mph
2478.5,-2454.75,0,Mph
2387,-2452.25,0,Mph
2413,-2440.75,0,Mph
2463.5,-2448.75,0,Mph
2305,-2447.75,0,Mph
2492.5,-2446.25,0,Mph
2361,-2434.25,0,Mph
2086.5,-2432.75,0,Mph
2245.5,-2429.75,0,Mph
2458,-2426.25,0,Mph
2187,-2423.75,0,Mph
2721.5,-2422.75,0,Mph
1998.5,-2415.75,0,Mph
2249,-2411.25,0,Mph
2199.5,-2413.25,0,Mph
2740.5,-2412.75,0,Mph
2567.5,-2409.75,0,Mph
2079,-2409.25,0,Mph
2460,-2408.25,0,Mph
2725,-2402.75,0,Mph
2498.5,-2395.25,0,Mph
2157,-2398.75,0,Mph
2637.5,-2387.25,0,Mph
2463.5,-2384.75,0,Mph
2541.5,-2384.75,0,Mph
2271,-2374.75,0,Mph
2437,-2379.75,0,Mph
2754.5,-2370.25,0,Mph
2637,-2373.25,0,Mph
2772,-2375.75,0,Mph
2469,-2367.25,0,Mph
2594,-2370.75,0,Mph
2571,-2368.25,0,Mph
2444.5,-2361.25,0,Mph
2536.5,-2364.25,0,Mph
2711.5,-2360.25,0,Mph
2513,-2361.75,0,Mph
2263.5,-2355.25,0,Mph
2367,-2346.25,0,Mph
2452.5,-2344.75,0,Mph
2086,-2335.25,0,Mph
2378.5,-2333.25,0,Mph
2625,-2324.25,0,Mph
2681,-2332.75,0,Mph
2459,-2325.25,0,Mph
2270.5,-2326.75,0,Mph
2215,-2317.75,0,Mph
2382.5,-2315.75,0,Mph
2138,-2318.75,0,Mph
2023,-2312.75,0,Mph
2718.5,-2304.25,0,Mph
2144.5,-2300.75,0,Mph
2490,-2295.25,0,Mph
2065.5,-2297.25,0,Mph
2270,-2293.75,0,Mph
2615,-2295.75,0,Mph
2643.5,-2290.25,0,Mph
2016.5,-2291.25,0,Mph
2070.5,-2279.25,0,Mph
2635,-2281.25,0,Mph
2439,-2284.75,0,Mph
2283.5,-2275.25,0,Mph
2659,-2265.75,0,Mph
2363,-2257.75,0,Mph
-2945,-2028.75,0,Mph
-2928,-2025.75,0,Mph
-2981,-2013.25,0,Mph
-2920,-1998.75,0,Mph
-2953.5,-2000.75,0,Mph
-3014.5,-1996.25,0,Mph
-3034.5,-1984.75,0,Mph
-2987,-1987.75,0,Mph
-2943.5,-1985.25,0,Mph
-2888,-1965.25,0,Mph
-2830.5,-1964.25,0,Mph
-2981.5,-1964.75,0,Mph
-2920.5,-1957.75,0,Mph
-2878,-1956.75,0,Mph
-3021.5,-1954.75,0,Mph
-3001,-1952.75,0,Mph
-2865,-1944.75,0,Mph
-2989,-1947.25,0,Mph
-2923,-1945.25,0,Mph
-3093,-1931.25,0,Mph
-2962,-1939.25,0,Mph
-3008,-1939.75,0,Mph
-3062,-1938.25,0,Mph
-2899,-1927.75,0,Mph
-3030.5,-1928.75,0,Mph
-2875.5,-1927.25,0,Mph
-3072.5,-1923.25,0,Mph
-2928.5,-1910.25,0,Mph
-3129,-1906.75,0,Mph
-2955,-1908.75,0,Mph
-2876.5,-1903.75,0,Mph
-3079.5,-1904.25,0,Mph
-2900,-1898.75,0,Mph
-3092.5,-1898.25,0,Mph
-2951.5,-1894.25,0,Mph
-3006,-1886.25,0,Mph
-3043.5,-1878.75,0,Mph
-3100,-1875.75,0,Mph
-2988,-1879.25,0,Mph
-3084.5,-1869.75,0,Mph
-2951,-1871.25,0,Mph
-3014.5,-1841.25,0,Mph
-3144,-1841.25,0,Mph
-3060,-1837.75,0,Mph
-3124.5,-1808.75,0,Mph
-3042,-1808.75,0,Mph
-3025,-1799.25,0,Mph
-3096.5,-1784.25,0,Mph
-3050.5,-1781.25,0,Mph
-3078.5,-1771.25,0,Mph
-3065,-1763.75,0,Mph
-2979.5,-1705.25,0,Mph
-3087.5,-1689.25,0,Mph
-2996,-1670.25,0,Mph
-3144,-1672.75,0,Mph
-2949.5,-1667.25,0,Mph
-2980.5,-1653.75,0,Mph
-2955.5,-1648.75,0,Mph
-3000,-1646.25,0,Mph
-3133.5,-1644.75,0,Mph
-3105,-1643.75,0,Mph
-3031,-1630.25,0,Mph
-3381.5,-1633.75,0,Mph
-2982,-1632.25,0,Mph
-3013,-1628.25,0,Mph
-3177.5,-1620.25,0,Mph
-2836,-1617.75,0,Mph
-3116.5,-1619.75,0,Mph
-2914.5,-1609.75,0,Mph
-3091.5,-1609.25,0,Mph
-2971,-1602.75,0,Mph
-3051.5,-1605.25,0,Mph
-3126.5,-1604.25,0,Mph
-3349,-1602.75,0,Mph
-3383,-1599.75,0,Mph
-3409,-1597.75,0,Mph
-3169.5,-1594.25,0,Mph
-3458,-1589.75,0,Mph
-3084.5,-1588.75,0,Mph
-3341,-1582.25,0,Mph
-3441,-1576.25,0,Mph
-2856.5,-1578.75,0,Mph
-3486.5,-1578.25,0,Mph
-2873.5,-1574.75,0,Mph
-2955,-1572.75,0,Mph
-3098.5,-1573.75,0,Mph
-3526.5,-1572.25,0,Mph
-3465.5,-1570.75,0,Mph
-3051,-1562.75,0,Mph
-3390,-1559.25,0,Mph
-3499,-1558.25,0,Mph
-3366,-1545.75,0,Mph
-3463,-1551.75,0,Mph
-2963.5,-1551.25,0,Mph
-3488,-1544.25,0,Mph
-3102,-1541.75,0,Mph
-3140.5,-1542.25,0,Mph
-3033.5,-1539.75,0,Mph
-3445.5,-1533.75,0,Mph
-3014.5,-1534.75,0,Mph
-3406.5,-1527.75,0,Mph
-3127,-1529.75,0,Mph
-3341,-1520.25,0,Mph
-3091.5,-1515.25,0,Mph
-3430,-1514.75,0,Mph
-3023.5,-1511.75,0,Mph
-3369.5,-1513.25,0,Mph
-3053.5,-1513.75,0,Mph
-3036.5,-1500.75,0,Mph
-2941.5,-1496.25,0,Mph
-2920.5,-1491.25,0,Mph
-3053,-1492.75,0,Mph
-3098.5,-1477.75,0,Mph
-3030.5,-1473.25,0,Mph
-3054,-1473.75,0,Mph
-2983.5,-1474.75,0,Mph
-3007.5,-1472.75,0,Mph
-2899.5,-1465.75,0,Mph
-3049,-1453.25,0,Mph
2812.5,-2366.25,0,Mph
2860,-2329.25,0,Mph
2890,-2308.75,0,Mph
2824,-2301.25,0,Mph
2860.5,-2298.75,0,Mph
2853,-2276.75,0,Mph
2886,-2275.75,0,Mph
2796,-2259.75,0,Mph
2880.5,-2254.25,0,Mph
-786.5,-2250.75,0,Mph
-1031.5,-2244.75,0,Mph
-808.5,-2248.25,0,Mph
-725,-2241.25,0,Mph
-1002.5,-2228.75,0,Mph
-560.5,-2238.25,0,Mph
-613,-2234.75,0,Mph
-1012.5,-2230.75,0,Mph
-673,-2226.25,0,Mph
-717.5,-2221.75,0,Mph
-642.5,-2222.75,0,Mph
-515.5,-2222.25,0,Mph
-475,-2216.25,0,Mph
-1027,-2216.25,0,Mph
-784.5,-2206.25,0,Mph
-1116,-2212.25,0,Mph
-442,-2212.25,0,Mph
-511.5,-2206.75,0,Mph
-1081.5,-2207.75,0,Mph
-737.5,-2201.25,0,Mph
-1019,-2198.75,0,Mph
-495,-2195.25,0,Mph
-831,-2191.75,0,Mph
-739,-2184.75,0,Mph
-467,-2186.75,0,Mph
-547,-2180.25,0,Mph
-1214,-2173.75,0,Mph
-1137,-2179.25,0,Mph
-1024,-2171.75,0,Mph
-817,-2172.25,0,Mph
-788.5,-2171.25,0,Mph
-767,-2172.75,0,Mph
-710,-2171.75,0,Mph
-1075.5,-2163.75,0,Mph
-750.5,-2166.75,0,Mph
-1049.5,-2157.75,0,Mph
-679.5,-2155.75,0,Mph
-869.5,-2153.75,0,Mph
-497,-2148.75,0,Mph
-834,-2156.75,0,Mph
-743,-2154.25,0,Mph
-726.5,-2154.75,0,Mph
-476,-2150.25,0,Mph
-606,-2145.25,0,Mph
-771,-2143.75,0,Mph
-836,-2132.75,0,Mph
-619.5,-2129.25,0,Mph
-597.5,-2129.25,0,Mph
-772.5,-2119.25,0,Mph
-887,-2124.75,0,Mph
-907.5,-2118.75,0,Mph
-635,-2113.75,0,Mph
-559,-2116.25,0,Mph
-820,-2116.25,0,Mph
-596,-2103.75,0,Mph
-475,-2108.25,0,Mph
-798.5,-2098.25,0,Mph
-884.5,-2101.75,0,Mph
-725.5,-2093.25,0,Mph
-1177.5,-2087.25,0,Mph
-929,-2074.75,0,Mph
-1183,-2066.25,0,Mph
-817.5,-2062.75,0,Mph
-995,-2059.75,0,Mph
-1045,-2058.75,0,Mph
-1025.5,-2043.25,0,Mph
-894.5,-2044.25,0,Mph
-1226,-2044.75,0,Mph
-1034,-2033.25,0,Mph
-1222.5,-2026.75,0,Mph
-850.5,-2027.75,0,Mph
-804,-2024.25,0,Mph
-745,-2021.75,0,Mph
-602.5,-2014.25,0,Mph
-1022.5,-2006.25,0,Mph
-930.5,-2018.75,0,Mph
-785,-2018.75,0,Mph
-999,-2018.75,0,Mph
-813.5,-2011.75,0,Mph
-863,-2009.75,0,Mph
-1042,-2005.25,0,Mph
-992,-2005.75,0,Mph
-918,-2005.25,0,Mph
-899.5,-1983.75,0,Mph
-759.5,-1993.75,0,Mph
-985,-1988.75,0,Mph
-671,-1990.25,0,Mph
-571,-1983.75,0,Mph
-799.5,-1982.25,0,Mph
-608.5,-1978.75,0,Mph
-867.5,-1980.25,0,Mph
-994,-1969.75,0,Mph
-638,-1975.75,0,Mph
-1026.5,-1975.25,0,Mph
-698,-1973.75,0,Mph
-1010,-1953.75,0,Mph
-470.5,-1963.75,0,Mph
-581,-1962.25,0,Mph
-914,-1959.75,0,Mph
-747,-1959.25,0,Mph
-486,-1943.25,0,Mph
-675.5,-1945.75,0,Mph
-788,-1940.75,0,Mph
-734,-1941.75,0,Mph
-593,-1938.75,0,Mph
-922.5,-1932.25,0,Mph
-962,-1923.75,0,Mph
-459,-1922.25,0,Mph
-773.5,-1917.75,0,Mph
-989,-1906.25,0,Mph
-449.5,-1901.75,0,Mph
-1026.5,-1902.25,0,Mph
-938.5,-1892.25,0,Mph
-681.5,-1896.25,0,Mph
-462.5,-1892.25,0,Mph
-978.5,-1892.25,0,Mph
-593,-1888.75,0,Mph
-732,-1873.25,0,Mph
-957,-1883.25,0,Mph
-799,-1880.75,0,Mph
-483.5,-1879.75,0,Mph
-444,-1877.25,0,Mph
-979,-1872.25,0,Mph
-912,-1873.75,0,Mph
-764.5,-1872.75,0,Mph
-673.5,-1868.75,0,Mph
-999.5,-1862.75,0,Mph
-906.5,-1856.25,0,Mph
-430.5,-1853.75,0,Mph
-970.5,-1853.75,0,Mph
-811.5,-1850.25,0,Mph
-717.5,-1846.25,0,Mph
-1033.5,-1848.75,0,Mph
-665.5,-1835.25,0,Mph
-774,-1838.25,0,Mph
-648.5,-1837.75,0,Mph
-974.5,-1834.25,0,Mph
-1032.5,-1831.25,0,Mph
-801.5,-1833.25,0,Mph
-817,-1827.75,0,Mph
-498.5,-1822.25,0,Mph
-744.5,-1819.25,0,Mph
-522,-1821.25,0,Mph
-1048.5,-1818.75,0,Mph
-460.5,-1815.25,0,Mph
-1013.5,-1814.75,0,Mph
-1081,-1812.75,0,Mph
-1186,-1813.75,0,Mph
-723.5,-1806.25,0,Mph
-968.5,-1810.25,0,Mph
-652.5,-1803.75,0,Mph
-924,-1807.75,0,Mph
-1107.5,-1797.25,0,Mph
-771.5,-1800.75,0,Mph
-953,-1793.25,0,Mph
-1081,-1789.75,0,Mph
-883.5,-1790.25,0,Mph
-715,-1781.25,0,Mph
-487.5,-1778.25,0,Mph
-859,-1784.25,0,Mph
-660,-1780.75,0,Mph
-789,-1773.25,0,Mph
-525,-1771.25,0,Mph
-976,-1747.75,0,Mph
-640,-1756.75,0,Mph
-1171,-1750.25,0,Mph
-888.5,-1754.25,0,Mph
-799.5,-1749.25,0,Mph
-1026.5,-1745.25,0,Mph
-723.5,-1742.25,0,Mph
-705.5,-1745.75,0,Mph
-652.5,-1741.25,0,Mph
-531,-1738.75,0,Mph
-880,-1736.75,0,Mph
-745.5,-1730.75,0,Mph
-953.5,-1732.25,0,Mph
-691.5,-1730.75,0,Mph
-1185.5,-1730.25,0,Mph
-1020.5,-1726.75,0,Mph
-815,-1725.75,0,Mph
-623.5,-1724.25,0,Mph
-1211,-1722.75,0,Mph
-988,-1718.75,0,Mph
-666,-1719.75,0,Mph
-875,-1720.75,0,Mph
-610.5,-1714.25,0,Mph
-536,-1704.75,0,Mph
-675.5,-1704.25,0,Mph
-890,-1700.25,0,Mph
-703.5,-1701.25,0,Mph
-796,-1696.25,0,Mph
-991,-1692.25,0,Mph
-591,-1689.75,0,Mph
-567,-1690.75,0,Mph
-520,-1684.75,0,Mph
-659.5,-1678.75,0,Mph
-696.5,-1683.25,0,Mph
-576,-1675.25,0,Mph
-675.5,-1659.75,0,Mph
-554,-1651.75,0,Mph
-694,-1650.25,0,Mph
-497,-1650.25,0,Mph
-515.5,-1642.75,0,Mph
-1006,-1641.25,0,Mph
-919.5,-1639.75,0,Mph
-662,-1642.25,0,Mph
-1186,-1640.75,0,Mph
-968,-1636.25,0,Mph
-566,-1636.25,0,Mph
-493,-1636.25,0,Mph
-1105,-1631.25,0,Mph
-467.5,-1626.25,0,Mph
-1009.5,-1626.25,0,Mph
-540.5,-1627.25,0,Mph
-906,-1618.75,0,Mph
-441,-1621.75,0,Mph
-1166.5,-1620.25,0,Mph
-680,-1621.25,0,Mph
-1113,-1612.25,0,Mph
-978,-1608.25,0,Mph
-674,-1605.75,0,Mph
-1213.5,-1601.25,0,Mph
-1185.5,-1595.25,0,Mph
-1007.5,-1600.75,0,Mph
-955,-1596.25,0,Mph
-889.5,-1597.25,0,Mph
-463,-1586.75,0,Mph
-914.5,-1582.25,0,Mph
-1207.5,-1574.75,0,Mph
-991.5,-1570.75,0,Mph
-960,-1567.25,0,Mph
-486,-1565.75,0,Mph
-678,-1564.25,0,Mph
-872,-1556.75,0,Mph
-551.5,-1548.75,0,Mph
-438.5,-1552.25,0,Mph
-1149.5,-1550.75,0,Mph
-478,-1548.25,0,Mph
-1206,-1542.25,0,Mph
-464,-1541.75,0,Mph
-1088,-1538.75,0,Mph
-1187.5,-1530.75,0,Mph
-633,-1528.25,0,Mph
-1075,-1523.75,0,Mph
-513,-1523.25,0,Mph
-1213,-1519.25,0,Mph
-1111,-1516.75,0,Mph
-949.5,-1516.75,0,Mph
-619,-1515.25,0,Mph
-974,-1514.25,0,Mph
-548,-1505.25,0,Mph
-1005.5,-1511.25,0,Mph
-783.5,-1506.25,0,Mph
-946.5,-1503.25,0,Mph
-498,-1500.75,0,Mph
-1026,-1498.75,0,Mph
-659.5,-1485.75,0,Mph
-812.5,-1493.75,0,Mph
-1158,-1481.25,0,Mph
-733,-1489.25,0,Mph
-641,-1484.25,0,Mph
-1187,-1486.75,0,Mph
-789.5,-1483.75,0,Mph
-683,-1478.75,0,Mph
-582.5,-1478.25,0,Mph
-814.5,-1479.75,0,Mph
-876,-1476.75,0,Mph
-614,-1470.25,0,Mph
-776,-1472.25,0,Mph
-648,-1469.75,0,Mph
-854.5,-1466.75,0,Mph
-735.5,-1467.25,0,Mph
-1081,-1465.75,0,Mph
-693,-1461.25,0,Mph
-679,-1459.75,0,Mph
-1070,-1454.75,0,Mph
-142,-2239.75,0,Mph
20,-2249.75,0,Mph
69,-2243.75,0,Mph
-353,-2233.25,0,Mph
-247.5,-2229.25,0,Mph
-164.5,-2222.75,0,Mph
19,-2228.75,0,Mph
38.5,-2221.75,0,Mph
332.5,-2216.25,0,Mph
56.5,-2219.25,0,Mph
82.5,-2216.25,0,Mph
-381.5,-2213.75,0,Mph
-3,-2215.75,0,Mph
-25,-2210.75,0,Mph
-223,-2205.75,0,Mph
313,-2205.75,0,Mph
-86,-2206.75,0,Mph
-359,-2204.75,0,Mph
-165.5,-2200.75,0,Mph
-420,-2202.75,0,Mph
-326,-2197.25,0,Mph
-401,-2197.75,0,Mph
358,-2200.25,0,Mph
-17,-2199.75,0,Mph
-280.5,-2194.75,0,Mph
-73,-2192.75,0,Mph
-148,-2183.25,0,Mph
-37.5,-2178.25,0,Mph
71.5,-2177.75,0,Mph
-17.5,-2181.25,0,Mph
-234,-2172.25,0,Mph
-390,-2162.25,0,Mph
88.5,-2154.25,0,Mph
306.5,-2142.75,0,Mph
63.5,-2137.25,0,Mph
127,-2139.25,0,Mph
-155.5,-2136.25,0,Mph
330,-2135.75,0,Mph
111,-2130.25,0,Mph
-292.5,-2128.25,0,Mph
-323.5,-2129.75,0,Mph
-98.5,-2129.75,0,Mph
125.5,-2123.25,0,Mph
-406,-2116.75,0,Mph
-327,-2112.25,0,Mph
-17,-2108.25,0,Mph
-194,-2108.25,0,Mph
115.5,-2097.75,0,Mph
-398.5,-2096.75,0,Mph
-317,-2090.75,0,Mph
-285,-2080.75,0,Mph
-260.5,-2086.25,0,Mph
-392.5,-2083.25,0,Mph
-236,-2079.75,0,Mph
-382,-2070.75,0,Mph
339,-2060.25,0,Mph
371.5,-2061.25,0,Mph
260,-2062.75,0,Mph
115,-2060.75,0,Mph
286,-2058.25,0,Mph
357.5,-2055.75,0,Mph
-137.5,-2058.25,0,Mph
306.5,-2051.25,0,Mph
370.5,-2039.25,0,Mph
-156,-2037.75,0,Mph
300.5,-2031.25,0,Mph
-15,-2024.25,0,Mph
-198.5,-2022.25,0,Mph
285,-2021.75,0,Mph
-238,-2018.75,0,Mph
264,-2016.75,0,Mph
333,-2019.25,0,Mph
-216,-2015.25,0,Mph
278,-2000.25,0,Mph
317.5,-2003.25,0,Mph
-45,-1998.25,0,Mph
-107,-1982.75,0,Mph
-23.5,-1985.25,0,Mph
-217.5,-1986.25,0,Mph
-52.5,-1982.25,0,Mph
247.5,-1982.25,0,Mph
268,-1970.75,0,Mph
-141.5,-1968.75,0,Mph
19.5,-1963.25,0,Mph
5.5,-1956.25,0,Mph
20,-1934.75,0,Mph
-31.5,-1942.25,0,Mph
-22,-1916.75,0,Mph
125,-1905.25,0,Mph
-38.5,-1901.25,0,Mph
-120,-1898.25,0,Mph
-96,-1893.25,0,Mph
-24,-1888.25,0,Mph
256,-1894.75,0,Mph
-426.5,-1887.25,0,Mph
119.5,-1885.75,0,Mph
-48,-1884.25,0,Mph
265,-1876.25,0,Mph
238.5,-1860.25,0,Mph
146.5,-1864.25,0,Mph
-27,-1859.25,0,Mph
368.5,-1853.25,0,Mph
-340.5,-1849.75,0,Mph
-184,-1840.25,0,Mph
145,-1844.25,0,Mph
31,-1844.75,0,Mph
-353.5,-1834.75,0,Mph
46.5,-1829.75,0,Mph
-102,-1827.25,0,Mph
242,-1824.75,0,Mph
-413,-1827.75,0,Mph
-389.5,-1819.75,0,Mph
-340.5,-1813.75,0,Mph
87,-1808.25,0,Mph
252.5,-1813.25,0,Mph
-356.5,-1811.25,0,Mph
5.5,-1806.75,0,Mph
233.5,-1811.25,0,Mph
-118,-1803.25,0,Mph
-419.5,-1803.75,0,Mph
18,-1800.75,0,Mph
146,-1801.25,0,Mph
-78,-1800.25,0,Mph
222.5,-1796.25,0,Mph
-223,-1792.25,0,Mph
171,-1786.25,0,Mph
-367,-1785.25,0,Mph
65.5,-1783.75,0,Mph
143,-1783.75,0,Mph
-339.5,-1780.25,0,Mph
-123,-1778.75,0,Mph
11,-1769.25,0,Mph
268.5,-1777.25,0,Mph
95,-1777.75,0,Mph
186,-1774.25,0,Mph
-390.5,-1771.25,0,Mph
290.5,-1764.75,0,Mph
310.5,-1759.25,0,Mph
-238.5,-1751.75,0,Mph
265,-1756.75,0,Mph
119,-1753.75,0,Mph
-105.5,-1747.75,0,Mph
174,-1743.75,0,Mph
284,-1746.25,0,Mph
255.5,-1734.75,0,Mph
-338.5,-1741.25,0,Mph
324.5,-1733.75,0,Mph
140.5,-1731.75,0,Mph
-71,-1724.25,0,Mph
59,-1724.25,0,Mph
159.5,-1724.25,0,Mph
-348.5,-1722.75,0,Mph
-50,-1724.75,0,Mph
-165,-1720.75,0,Mph
-101,-1712.75,0,Mph
-186,-1711.25,0,Mph
15,-1714.25,0,Mph
196.5,-1710.75,0,Mph
218,-1707.25,0,Mph
304.5,-1707.75,0,Mph
-31,-1699.75,0,Mph
126.5,-1693.75,0,Mph
146,-1701.75,0,Mph
158.5,-1695.25,0,Mph
182,-1691.75,0,Mph
-66.5,-1691.75,0,Mph
9.5,-1691.75,0,Mph
-359,-1691.25,0,Mph
-5.5,-1693.25,0,Mph
-18.5,-1681.75,0,Mph
-43.5,-1682.25,0,Mph
-339.5,-1681.25,0,Mph
-4,-1678.75,0,Mph
-398,-1678.75,0,Mph
-104,-1673.25,0,Mph
20.5,-1675.25,0,Mph
212,-1673.75,0,Mph
-219.5,-1672.75,0,Mph
-66.5,-1664.25,0,Mph
-40,-1659.75,0,Mph
282.5,-1656.25,0,Mph
-126,-1660.25,0,Mph
-6.5,-1655.75,0,Mph
91,-1658.75,0,Mph
218.5,-1656.75,0,Mph
-407,-1652.25,0,Mph
369,-1654.25,0,Mph
164.5,-1649.25,0,Mph
264.5,-1651.25,0,Mph
74,-1649.75,0,Mph
38,-1647.75,0,Mph
224,-1641.25,0,Mph
119,-1642.75,0,Mph
-95.5,-1638.25,0,Mph
92,-1641.75,0,Mph
-64,-1638.25,0,Mph
9.5,-1630.75,0,Mph
80.5,-1638.25,0,Mph
258,-1635.25,0,Mph
273.5,-1636.75,0,Mph
204.5,-1637.25,0,Mph
182,-1634.75,0,Mph
-82.5,-1629.25,0,Mph
137,-1629.25,0,Mph
-44,-1623.75,0,Mph
218.5,-1618.75,0,Mph
161.5,-1616.25,0,Mph
306,-1613.75,0,Mph
292,-1612.75,0,Mph
-78,-1611.25,0,Mph
187,-1603.75,0,Mph
-377.5,-1603.25,0,Mph
154,-1586.75,0,Mph
231.5,-1585.75,0,Mph
17,-1588.25,0,Mph
83,-1588.25,0,Mph
140,-1583.25,0,Mph
302,-1578.75,0,Mph
103.5,-1573.25,0,Mph
247,-1572.25,0,Mph
215.5,-1556.25,0,Mph
123,-1541.75,0,Mph
-72.5,-1549.75,0,Mph
90.5,-1544.25,0,Mph
198,-1542.75,0,Mph
228,-1527.25,0,Mph
43.5,-1530.25,0,Mph
172.5,-1526.75,0,Mph
103.5,-1530.75,0,Mph
19,-1526.75,0,Mph
-263,-1525.25,0,Mph
197.5,-1523.25,0,Mph
-281,-1521.25,0,Mph
332,-1514.25,0,Mph
-345.5,-1518.75,0,Mph
120.5,-1516.75,0,Mph
52.5,-1505.75,0,Mph
35,-1511.75,0,Mph
339,-1496.25,0,Mph
273,-1488.25,0,Mph
123,-1491.25,0,Mph
76,-1488.25,0,Mph
214,-1493.25,0,Mph
-97,-1488.75,0,Mph
139.5,-1485.75,0,Mph
232.5,-1476.75,0,Mph
57.5,-1482.75,0,Mph
194,-1483.75,0,Mph
204,-1475.75,0,Mph
-47,-1476.25,0,Mph
250.5,-1476.25,0,Mph
365.5,-1470.75,0,Mph
142.5,-1471.75,0,Mph
-374,-1472.75,0,Mph
-340,-1464.75,0,Mph
-365,-1460.75,0,Mph
-297.5,-1461.75,0,Mph
-205.5,-1457.25,0,Mph
-31,-1463.75,0,Mph
-194,-1456.75,0,Mph
-2558,-2246.75,0,Mph
-2647.5,-2238.75,0,Mph
-2585.5,-2236.75,0,Mph
-2514.5,-2241.75,0,Mph
-2538,-2237.25,0,Mph
-2471,-2235.25,0,Mph
-2567.5,-2232.75,0,Mph
-2515.5,-2227.75,0,Mph
-2130,-2226.25,0,Mph
-2684,-2210.75,0,Mph
-2595.5,-2207.75,0,Mph
-2493.5,-2210.25,0,Mph
-2032.5,-2204.25,0,Mph
-2509.5,-2207.25,0,Mph
-2105,-2205.75,0,Mph
-2072,-2201.25,0,Mph
-2571,-2201.25,0,Mph
-2534.5,-2199.75,0,Mph
-2440.5,-2192.75,0,Mph
-2644.5,-2196.75,0,Mph
-2465,-2195.25,0,Mph
-2503.5,-2192.75,0,Mph
-2699.5,-2191.75,0,Mph
-2092.5,-2191.75,0,Mph
-2057.5,-2188.25,0,Mph
-2660.5,-2190.75,0,Mph
-2420.5,-2185.25,0,Mph
-2261.5,-2180.25,0,Mph
-2581.5,-2178.75,0,Mph
-2547,-2183.25,0,Mph
-2685,-2182.25,0,Mph
-2111.5,-2175.25,0,Mph
-2373,-2179.25,0,Mph
-2072.5,-2182.25,0,Mph
-2651,-2168.75,0,Mph
-2040,-2171.75,0,Mph
-2375.5,-2162.75,0,Mph
-2330,-2160.75,0,Mph
-2056.5,-2155.25,0,Mph
-2297.5,-2153.25,0,Mph
-2476,-2155.75,0,Mph
-2425.5,-2149.25,0,Mph
-2780,-2147.75,0,Mph
-2734,-2151.75,0,Mph
-2803.5,-2145.25,0,Mph
-2517,-2136.25,0,Mph
-2327.5,-2132.75,0,Mph
-2385.5,-2132.75,0,Mph
-2718,-2128.75,0,Mph
-2477.5,-2132.25,0,Mph
-2667,-2130.25,0,Mph
-2302.5,-2124.75,0,Mph
-2533,-2118.25,0,Mph
-2369,-2117.25,0,Mph
-2181,-2115.75,0,Mph
-2208,-2115.25,0,Mph
-2417,-2111.75,0,Mph
-2196,-2110.75,0,Mph
-2290.5,-2109.75,0,Mph
-2805,-2101.75,0,Mph
-2270,-2102.75,0,Mph
-2374.5,-2097.75,0,Mph
-2495.5,-2097.25,0,Mph
-2133.5,-2092.75,0,Mph
-2437,-2094.75,0,Mph
-2251.5,-2095.75,0,Mph
-2072,-2092.25,0,Mph
-2046,-2088.25,0,Mph
-2370,-2086.25,0,Mph
-2295.5,-2074.25,0,Mph
-2243.5,-2075.75,0,Mph
-2390,-2075.25,0,Mph
-2484.5,-2075.25,0,Mph
-2689,-2071.75,0,Mph
-2580.5,-2070.75,0,Mph
-2062.5,-2069.25,0,Mph
-2094.5,-2065.25,0,Mph
-2203.5,-2057.75,0,Mph
-2614.5,-2058.25,0,Mph
-2172.5,-2054.25,0,Mph
-2370.5,-2053.25,0,Mph
-2550.5,-2044.75,0,Mph
-2794.5,-2051.75,0,Mph
-2778,-2048.75,0,Mph
-2759.5,-2043.75,0,Mph
-2119.5,-2040.75,0,Mph
-2620.5,-2040.75,0,Mph
-2410.5,-2039.25,0,Mph
-2089.5,-2036.25,0,Mph
-2587.5,-2033.75,0,Mph
-2388,-2035.25,0,Mph
-2232,-2029.25,0,Mph
-2258,-2031.25,0,Mph
-2754,-2021.25,0,Mph
-2539,-2022.75,0,Mph
-2205.5,-2018.75,0,Mph
-2602,-2014.75,0,Mph
-2631,-2018.25,0,Mph
-2463.5,-2020.25,0,Mph
-2164,-2020.25,0,Mph
-2041.5,-2014.25,0,Mph
-2490.5,-2007.25,0,Mph
-2152,-2010.25,0,Mph
-2132.5,-2003.75,0,Mph
-2263,-2000.25,0,Mph
-2665.5,-1999.75,0,Mph
-2535.5,-1995.75,0,Mph
-2746,-1992.75,0,Mph
-2291,-1991.75,0,Mph
-2505,-1983.75,0,Mph
-2526,-1984.75,0,Mph
-2678,-1978.25,0,Mph
-2089.5,-1977.25,0,Mph
-2223,-1975.75,0,Mph
-2631,-1972.75,0,Mph
-2595,-1977.25,0,Mph
-2140,-1974.75,0,Mph
-2714,-1965.75,0,Mph
-2277.5,-1965.25,0,Mph
-2128,-1960.25,0,Mph
-2097.5,-1959.25,0,Mph
-2690.5,-1960.75,0,Mph
-2662.5,-1960.25,0,Mph
-2612,-1952.25,0,Mph
-2199,-1952.25,0,Mph
-2174.5,-1945.75,0,Mph
-2488,-1946.25,0,Mph
-2094,-1945.25,0,Mph
-2128.5,-1940.25,0,Mph
-2620,-1936.75,0,Mph
-2501.5,-1932.25,0,Mph
-2582.5,-1929.75,0,Mph
-2216.5,-1929.75,0,Mph
-2468.5,-1929.75,0,Mph
-2176,-1914.25,0,Mph
-2504,-1910.25,0,Mph
-2474,-1904.25,0,Mph
-2162.5,-1895.75,0,Mph
-2582,-1892.75,0,Mph
-2703.5,-1889.25,0,Mph
-2357,-1882.25,0,Mph
-2518.5,-1876.75,0,Mph
-2653.5,-1877.25,0,Mph
-2614.5,-1879.25,0,Mph
-2686.5,-1871.75,0,Mph
-2495,-1867.25,0,Mph
-2087.5,-1865.25,0,Mph
-2615.5,-1861.75,0,Mph
-2313.5,-1861.75,0,Mph
-2679.5,-1856.75,0,Mph
-2508.5,-1854.25,0,Mph
-2290,-1849.75,0,Mph
-2040,-1851.25,0,Mph
-2259.5,-1844.75,0,Mph
-2192,-1846.25,0,Mph
-2471,-1842.75,0,Mph
-2245,-1835.25,0,Mph
-2318,-1839.75,0,Mph
-2636.5,-1824.25,0,Mph
-2499.5,-1830.75,0,Mph
-2184,-1828.25,0,Mph
-2390.5,-1820.75,0,Mph
-2411.5,-1825.75,0,Mph
-2226.5,-1819.25,0,Mph
-2688,-1820.25,0,Mph
-2158.5,-1817.75,0,Mph
-2200,-1815.75,0,Mph
-2493,-1813.75,0,Mph
-2549,-1808.25,0,Mph
-2517.5,-1805.75,0,Mph
-2256,-1806.75,0,Mph
-2371,-1803.75,0,Mph
-2294.5,-1794.25,0,Mph
-2242,-1800.75,0,Mph
-2684.5,-1794.25,0,Mph
-2135,-1792.25,0,Mph
-2711,-1789.75,0,Mph
-2215,-1790.75,0,Mph
-2355,-1787.75,0,Mph
-2241,-1786.25,0,Mph
-2383.5,-1781.75,0,Mph
-2328,-1774.75,0,Mph
-2061.5,-1777.25,0,Mph
-2755,-1775.75,0,Mph
-2635.5,-1766.75,0,Mph
-2546,-1771.25,0,Mph
-2042,-1771.25,0,Mph
-2568.5,-1768.75,0,Mph
-2607.5,-1764.25,0,Mph
-2750.5,-1758.75,0,Mph
-2145.5,-1755.75,0,Mph
-2233,-1750.25,0,Mph
-2316,-1737.75,0,Mph
-2651.5,-1730.75,0,Mph
-2236.5,-1730.25,0,Mph
-2128,-1721.75,0,Mph
-2031.5,-1723.75,0,Mph
-2075,-1707.75,0,Mph
-2112,-1685.25,0,Mph
-2078.5,-1687.25,0,Mph
-2374.5,-1675.75,0,Mph
-2759,-1672.25,0,Mph
-2095.5,-1646.75,0,Mph
-2200.5,-1643.25,0,Mph
-2084.5,-1629.25,0,Mph
-2186.5,-1618.75,0,Mph
-2056,-1613.25,0,Mph
-2184.5,-1601.75,0,Mph
-2163,-1593.75,0,Mph
-2749.5,-1585.25,0,Mph
-2814,-1584.25,0,Mph
-2794.5,-1583.75,0,Mph
-2158.5,-1574.75,0,Mph
-2470,-1574.25,0,Mph
-2822.5,-1565.25,0,Mph
-2128,-1566.75,0,Mph
-2099.5,-1566.25,0,Mph
-2190.5,-1563.75,0,Mph
-2737.5,-1547.25,0,Mph
-2093.5,-1551.75,0,Mph
-2470.5,-1542.25,0,Mph
-2786,-1539.25,0,Mph
-2550.5,-1538.25,0,Mph
-2572,-1531.75,0,Mph
-2471.5,-1520.25,0,Mph
-2704.5,-1520.25,0,Mph
-2576,-1516.75,0,Mph
-2760.5,-1503.25,0,Mph
-2194,-1504.25,0,Mph
-2714,-1501.25,0,Mph
-2580.5,-1492.75,0,Mph
-2624.5,-1487.25,0,Mph
-2688,-1485.75,0,Mph
-2206,-1476.75,0,Mph
-2563,-1465.75,0,Mph
-2682.5,-1468.75,0,Mph
-2534.5,-1458.75,0,Mph
-2784,-1462.25,0,Mph
-2717.5,-1462.25,0,Mph
-2602,-1459.25,0,Mph
-2147.5,-1456.25,0,Mph
-1372,-2232.25,0,Mph
-1372.5,-2200.25,0,Mph
-1310.5,-2201.75,0,Mph
-1233,-2197.75,0,Mph
-1335,-2175.75,0,Mph
-2016,-2170.25,0,Mph
-1502.5,-2161.25,0,Mph
-1258,-2157.75,0,Mph
-1489,-2138.75,0,Mph
-1325,-2129.75,0,Mph
-1293,-2114.25,0,Mph
-1537,-2112.75,0,Mph
-1250,-2103.75,0,Mph
-1331,-2106.25,0,Mph
-1835,-2096.75,0,Mph
-1805.5,-2090.75,0,Mph
-1304.5,-2089.75,0,Mph
-1898,-2092.75,0,Mph
-1530,-2089.25,0,Mph
-1952,-2068.75,0,Mph
-1351,-2062.75,0,Mph
-1405,-2054.25,0,Mph
-1464,-2057.75,0,Mph
-2002.5,-2053.25,0,Mph
-1301,-2050.75,0,Mph
-1442,-2050.75,0,Mph
-1429,-2045.75,0,Mph
-1395,-2040.75,0,Mph
-1466,-2026.25,0,Mph
-1758.5,-2035.75,0,Mph
-1541,-2035.25,0,Mph
-1710,-2026.75,0,Mph
-1409,-2029.75,0,Mph
-1852,-2020.75,0,Mph
-1341.5,-2026.75,0,Mph
-1904,-2021.75,0,Mph
-1760.5,-2012.75,0,Mph
-1292,-2013.25,0,Mph
-1367,-2008.75,0,Mph
-1657.5,-2007.25,0,Mph
-1811.5,-2009.25,0,Mph
-1558,-2009.25,0,Mph
-1800,-1998.25,0,Mph
-1320.5,-2002.75,0,Mph
-1704.5,-1992.75,0,Mph
-1557.5,-1990.75,0,Mph
-1692.5,-1984.25,0,Mph
-2025.5,-1977.25,0,Mph
-1672.5,-1973.75,0,Mph
-1759.5,-1971.25,0,Mph
-1545.5,-1962.25,0,Mph
-1795,-1966.75,0,Mph
-1348,-1969.75,0,Mph
-1658.5,-1962.75,0,Mph
-1623.5,-1964.75,0,Mph
-1840.5,-1963.75,0,Mph
-1819.5,-1962.75,0,Mph
-1563.5,-1961.25,0,Mph
-1707.5,-1962.25,0,Mph
-1752.5,-1954.75,0,Mph
-1780.5,-1954.25,0,Mph
-1463.5,-1950.75,0,Mph
-1804,-1949.75,0,Mph
-1360.5,-1936.75,0,Mph
-1836,-1938.75,0,Mph
-1771.5,-1936.75,0,Mph
-1465.5,-1926.75,0,Mph
-1309,-1925.25,0,Mph
-1340.5,-1921.75,0,Mph
-1754.5,-1925.75,0,Mph
-1730.5,-1921.75,0,Mph
-1809,-1917.75,0,Mph
-1847,-1904.75,0,Mph
-1497,-1895.75,0,Mph
-1947,-1894.75,0,Mph
-1830,-1895.25,0,Mph
-1342,-1893.25,0,Mph
-1801.5,-1886.75,0,Mph
-1749,-1883.75,0,Mph
-1773.5,-1880.75,0,Mph
-1728.5,-1881.75,0,Mph
-1743.5,-1862.25,0,Mph
-1973,-1850.25,0,Mph
-1724.5,-1853.75,0,Mph
-1893,-1849.25,0,Mph
-1775.5,-1833.75,0,Mph
-1816.5,-1833.25,0,Mph
-1807.5,-1816.75,0,Mph
-1985,-1810.75,0,Mph
-1756,-1807.75,0,Mph
-1964.5,-1755.25,0,Mph
-2007,-1740.75,0,Mph
-1324,-1740.25,0,Mph
-1980,-1740.25,0,Mph
-1344,-1733.25,0,Mph
-1306,-1731.25,0,Mph
-1967.5,-1727.75,0,Mph
-1405,-1709.25,0,Mph
-1958.5,-1708.75,0,Mph
-1937.5,-1705.25,0,Mph
-1793,-1696.75,0,Mph
-1871.5,-1687.75,0,Mph
-1837,-1685.75,0,Mph
-1399.5,-1670.75,0,Mph
-1385.5,-1665.75,0,Mph
-1420.5,-1663.75,0,Mph
-1876.5,-1653.25,0,Mph
-1515.5,-1653.25,0,Mph
-1935.5,-1643.25,0,Mph
-1746.5,-1644.25,0,Mph
-1995,-1627.25,0,Mph
-1920.5,-1619.25,0,Mph
-1248,-1626.75,0,Mph
-1977.5,-1612.75,0,Mph
-1531.5,-1625.75,0,Mph
-1741,-1621.25,0,Mph
-2007.5,-1611.25,0,Mph
-1944.5,-1615.25,0,Mph
-1785.5,-1614.75,0,Mph
-1278.5,-1608.75,0,Mph
-1816,-1597.25,0,Mph
-1852.5,-1579.25,0,Mph
-2012.5,-1577.75,0,Mph
-1892,-1565.25,0,Mph
-1879,-1543.25,0,Mph
-1838.5,-1533.75,0,Mph
-1807,-1526.75,0,Mph
-1600.5,-1523.25,0,Mph
-1982.5,-1512.75,0,Mph
-1900,-1510.75,0,Mph
-1864.5,-1506.25,0,Mph
-1693,-1504.75,0,Mph
-1332.5,-1498.25,0,Mph
-1276.5,-1496.25,0,Mph
-1461,-1485.25,0,Mph
-1794,-1490.25,0,Mph
-1966,-1471.25,0,Mph
-1253.5,-1467.25,0,Mph
-1318.5,-1467.75,0,Mph
-1982.5,-1453.75,0,Mph
-2520,-1449.75,0,Mph
-2662.5,-1450.25,0,Mph
-2800.5,-1448.25,0,Mph
-2717,-1447.25,0,Mph
-2160,-1443.25,0,Mph
-2733.5,-1445.25,0,Mph
-2497.5,-1445.75,0,Mph
-2781.5,-1443.75,0,Mph
-2696,-1439.75,0,Mph
-2376,-1439.75,0,Mph
-2572,-1441.75,0,Mph
-2555,-1438.25,0,Mph
-2141.5,-1437.75,0,Mph
-2363,-1439.75,0,Mph
-2344.5,-1438.75,0,Mph
-2227,-1427.75,0,Mph
-2290.5,-1429.75,0,Mph
-2262,-1428.25,0,Mph
-2587,-1427.75,0,Mph
-2475.5,-1420.25,0,Mph
-2368.5,-1424.25,0,Mph
-2807,-1423.75,0,Mph
-2725,-1418.75,0,Mph
-2750.5,-1413.75,0,Mph
-2606,-1412.25,0,Mph
-2337,-1413.25,0,Mph
-2211,-1415.75,0,Mph
-2561.5,-1412.25,0,Mph
-2580,-1409.75,0,Mph
-2707,-1408.25,0,Mph
-2248.5,-1405.75,0,Mph
-2182,-1405.75,0,Mph
-2596.5,-1396.25,0,Mph
-2821.5,-1399.25,0,Mph
-2524.5,-1401.75,0,Mph
-2769,-1400.75,0,Mph
-2715.5,-1396.75,0,Mph
-2635.5,-1399.25,0,Mph
-2413.5,-1400.25,0,Mph
-2656.5,-1395.75,0,Mph
-2703,-1392.25,0,Mph
-2749.5,-1393.75,0,Mph
-2735,-1393.75,0,Mph
-2621.5,-1384.25,0,Mph
-2487.5,-1391.25,0,Mph
-2180.5,-1386.75,0,Mph
-2798.5,-1386.25,0,Mph
-2570,-1389.75,0,Mph
-2782.5,-1382.75,0,Mph
-2644.5,-1382.75,0,Mph
-2551.5,-1385.75,0,Mph
-2766,-1381.75,0,Mph
-2397,-1382.25,0,Mph
-2534.5,-1377.25,0,Mph
-2735.5,-1363.25,0,Mph
-2695,-1374.75,0,Mph
-2378.5,-1360.75,0,Mph
-2143.5,-1360.25,0,Mph
-2807,-1357.75,0,Mph
-2113.5,-1349.25,0,Mph
-2063.5,-1358.75,0,Mph
-2784.5,-1351.75,0,Mph
-2621,-1350.75,0,Mph
-2665.5,-1347.25,0,Mph
-2139,-1343.75,0,Mph
-2816.5,-1341.25,0,Mph
-2251.5,-1337.75,0,Mph
-2206.5,-1336.25,0,Mph
-2759,-1331.25,0,Mph
-2182.5,-1337.25,0,Mph
-2684.5,-1332.25,0,Mph
-2373.5,-1331.75,0,Mph
-2480,-1329.25,0,Mph
-2712.5,-1326.75,0,Mph
-2734,-1322.25,0,Mph
-2694.5,-1303.75,0,Mph
-2672.5,-1299.25,0,Mph
-2288.5,-1297.75,0,Mph
-2245.5,-1300.25,0,Mph
-2474.5,-1286.25,0,Mph
-2360,-1290.25,0,Mph
-2752.5,-1279.75,0,Mph
-2384,-1273.75,0,Mph
-2239.5,-1277.25,0,Mph
-2692,-1269.25,0,Mph
-2539,-1279.75,0,Mph
-2722.5,-1277.25,0,Mph
-2640.5,-1276.25,0,Mph
-2400.5,-1273.25,0,Mph
-2327,-1271.25,0,Mph
-2304.5,-1273.25,0,Mph
-2674.5,-1263.75,0,Mph
-2347.5,-1271.75,0,Mph
-2462.5,-1271.25,0,Mph
-2595.5,-1272.25,0,Mph
-2508.5,-1265.25,0,Mph
-2619,-1263.25,0,Mph
-2491,-1257.25,0,Mph
-2715,-1247.75,0,Mph
-2608,-1246.75,0,Mph
-2442,-1246.75,0,Mph
-2032,-1247.75,0,Mph
-2072,-1236.75,0,Mph
-2702,-1238.75,0,Mph
-2666,-1230.75,0,Mph
-2350.5,-1235.25,0,Mph
-2733.5,-1226.25,0,Mph
-2528.5,-1225.75,0,Mph
-2786.5,-1224.75,0,Mph
-2233.5,-1219.75,0,Mph
-2708,-1219.75,0,Mph
-2079.5,-1220.25,0,Mph
-2768,-1218.25,0,Mph
-2097,-1220.25,0,Mph
-2392,-1214.25,0,Mph
-2597.5,-1206.75,0,Mph
-2253.5,-1213.75,0,Mph
-2667.5,-1209.25,0,Mph
-2402,-1202.25,0,Mph
-2062.5,-1202.25,0,Mph
-2767,-1195.75,0,Mph
-2163.5,-1196.75,0,Mph
-2785,-1194.25,0,Mph
-2141.5,-1191.75,0,Mph
-2522.5,-1184.25,0,Mph
-2256,-1180.25,0,Mph
-2057.5,-1186.75,0,Mph
-2218.5,-1177.25,0,Mph
-2188.5,-1182.25,0,Mph
-2548.5,-1187.25,0,Mph
-2586.5,-1180.25,0,Mph
-2610,-1177.25,0,Mph
-2288.5,-1175.75,0,Mph
-2827.5,-1177.25,0,Mph
-2554.5,-1170.25,0,Mph
-2642.5,-1168.75,0,Mph
-2119,-1165.75,0,Mph
-2403,-1168.25,0,Mph
-2773,-1165.75,0,Mph
-2488.5,-1158.75,0,Mph
-2064,-1157.75,0,Mph
-2786.5,-1157.25,0,Mph
-2278,-1156.75,0,Mph
-2590.5,-1150.25,0,Mph
-2298.5,-1153.75,0,Mph
-2567,-1153.25,0,Mph
-2483.5,-1143.25,0,Mph
-2370.5,-1147.25,0,Mph
-2143,-1147.25,0,Mph
-2241.5,-1146.25,0,Mph
-2824.5,-1137.75,0,Mph
-2158.5,-1137.75,0,Mph
-2798,-1143.75,0,Mph
-2555,-1139.75,0,Mph
-2281,-1139.25,0,Mph
-2070,-1134.75,0,Mph
-2750.5,-1132.25,0,Mph
-2309,-1133.25,0,Mph
-2568,-1129.25,0,Mph
-2598.5,-1123.75,0,Mph
-2233,-1129.25,0,Mph
-2398.5,-1123.75,0,Mph
-2350,-1126.75,0,Mph
-2108.5,-1125.25,0,Mph
-2101.5,-1112.75,0,Mph
-2059,-1110.25,0,Mph
-2218,-1103.25,0,Mph
-2382.5,-1111.75,0,Mph
-2815,-1103.25,0,Mph
-2253,-1096.25,0,Mph
-2029.5,-1093.25,0,Mph
-2720,-1097.25,0,Mph
-2282.5,-1086.25,0,Mph
-2117,-1078.25,0,Mph
-2067.5,-1074.75,0,Mph
-2707,-1072.75,0,Mph
-2031.5,-1072.75,0,Mph
-2105,-1071.25,0,Mph
-2330,-1057.75,0,Mph
-2120,-1062.25,0,Mph
-2639.5,-1056.75,0,Mph
-2744.5,-1053.75,0,Mph
-2702.5,-1030.25,0,Mph
-2082,-1034.75,0,Mph
-2459.5,-1022.75,0,Mph
-2204,-1029.25,0,Mph
-2627,-1024.25,0,Mph
-2189.5,-1018.25,0,Mph
-2685,-1017.75,0,Mph
-2106,-1022.25,0,Mph
-2065,-1009.75,0,Mph
-2707,-1012.75,0,Mph
-2757,-1013.75,0,Mph
-2546,-996.25,0,Mph
-2135,-1001.75,0,Mph
-2100,-1001.25,0,Mph
-2709.5,-995.75,0,Mph
-2231.5,-993.75,0,Mph
-2740.5,-990.25,0,Mph
-2057,-986.25,0,Mph
-2172,-988.25,0,Mph
-2118.5,-984.25,0,Mph
-2038.5,-975.75,0,Mph
-2371,-976.25,0,Mph
-2542.5,-974.75,0,Mph
-2353,-956.25,0,Mph
-2189,-959.75,0,Mph
-2743,-960.75,0,Mph
-2606,-947.75,0,Mph
-2683.5,-956.25,0,Mph
-2674.5,-941.25,0,Mph
-2577,-941.75,0,Mph
-2121.5,-937.25,0,Mph
-2153,-929.75,0,Mph
-2198.5,-932.25,0,Mph
-2414.5,-921.25,0,Mph
-2216,-925.25,0,Mph
-2090.5,-918.25,0,Mph
-2422.5,-912.75,0,Mph
-2664.5,-912.75,0,Mph
-2253,-909.25,0,Mph
-2054,-897.25,0,Mph
-2631.5,-902.25,0,Mph
-2083,-896.75,0,Mph
-2498.5,-896.25,0,Mph
-2206,-889.75,0,Mph
-2274,-886.75,0,Mph
-2553,-878.75,0,Mph
-2361.5,-870.75,0,Mph
-2065,-871.75,0,Mph
-2090,-867.75,0,Mph
-2384,-869.75,0,Mph
-2490.5,-866.25,0,Mph
-2544.5,-853.75,0,Mph
-2398.5,-850.25,0,Mph
-2065,-847.25,0,Mph
-2307,-839.75,0,Mph
-2056.5,-837.75,0,Mph
-2387,-832.75,0,Mph
-2035.5,-835.75,0,Mph
-2579,-830.25,0,Mph
-2352,-822.25,0,Mph
-2547,-825.75,0,Mph
-2468,-822.25,0,Mph
-2234.5,-818.75,0,Mph
-2418,-821.25,0,Mph
-2540,-809.75,0,Mph
-2229,-805.25,0,Mph
-2448.5,-803.75,0,Mph
-2412.5,-797.75,0,Mph
-2376.5,-795.25,0,Mph
-2261.5,-800.75,0,Mph
-2555.5,-785.75,0,Mph
-2175,-791.75,0,Mph
-2340,-784.75,0,Mph
-2215,-784.25,0,Mph
-2171.5,-772.75,0,Mph
-2228,-769.25,0,Mph
-2538.5,-765.25,0,Mph
-2568,-758.25,0,Mph
-2373,-758.75,0,Mph
-2214,-747.25,0,Mph
-2189,-745.25,0,Mph
-2563.5,-745.25,0,Mph
-2389.5,-742.25,0,Mph
-2264,-739.75,0,Mph
-2282,-737.25,0,Mph
-2243.5,-737.75,0,Mph
-2475,-740.75,0,Mph
-2200.5,-737.75,0,Mph
-2447,-735.75,0,Mph
-2544.5,-726.75,0,Mph
-2431,-725.25,0,Mph
-2519,-720.75,0,Mph
-2144,-721.25,0,Mph
-2094.5,-711.75,0,Mph
-2245.5,-715.75,0,Mph
-2204.5,-712.75,0,Mph
-2471,-717.25,0,Mph
-2173.5,-712.25,0,Mph
-2457.5,-704.75,0,Mph
-2559.5,-702.25,0,Mph
-2246,-699.25,0,Mph
-2438.5,-702.75,0,Mph
-2029.5,-698.25,0,Mph
-2422,-697.75,0,Mph
-2193,-690.25,0,Mph
-2161.5,-676.25,0,Mph
-2181,-673.75,0,Mph
-2141.5,-677.25,0,Mph
-2223,-673.75,0,Mph
-2582.5,-675.25,0,Mph
-2247.5,-670.75,0,Mph
-2113,-672.75,0,Mph
-2265.5,-670.25,0,Mph
-2517,-668.25,0,Mph
-2551,-659.25,0,Mph
-2478,-654.75,0,Mph
-2122.5,-652.75,0,Mph
493,-2243.25,0,Mph
890,-2243.75,0,Mph
564,-2238.25,0,Mph
732,-2233.75,0,Mph
837.5,-2230.75,0,Mph
923,-2230.75,0,Mph
548.5,-2216.75,0,Mph
857.5,-2217.75,0,Mph
842,-2217.25,0,Mph
519,-2204.75,0,Mph
540.5,-2194.75,0,Mph
390,-2193.25,0,Mph
936.5,-2185.75,0,Mph
921.5,-2183.25,0,Mph
975,-2182.25,0,Mph
688.5,-2176.75,0,Mph
1029,-2183.75,0,Mph
385.5,-2174.25,0,Mph
768,-2172.25,0,Mph
1045.5,-2166.25,0,Mph
1014,-2170.25,0,Mph
408,-2165.75,0,Mph
990.5,-2167.75,0,Mph
928.5,-2166.75,0,Mph
631,-2144.25,0,Mph
593.5,-2144.75,0,Mph
469,-2147.75,0,Mph
486.5,-2138.25,0,Mph
568.5,-2136.25,0,Mph
1016,-2143.75,0,Mph
620,-2135.25,0,Mph
522.5,-2126.25,0,Mph
549,-2121.75,0,Mph
455,-2111.25,0,Mph
569,-2111.75,0,Mph
1007,-2102.75,0,Mph
482,-2103.75,0,Mph
794.5,-2103.25,0,Mph
705.5,-2102.75,0,Mph
840.5,-2097.25,0,Mph
595,-2086.25,0,Mph
685,-2085.75,0,Mph
573.5,-2079.25,0,Mph
841,-2080.25,0,Mph
703.5,-2066.75,0,Mph
1109.5,-2059.25,0,Mph
582,-2061.75,0,Mph
823,-2061.75,0,Mph
1065,-2042.25,0,Mph
1086,-2036.75,0,Mph
479,-2036.25,0,Mph
577.5,-2038.75,0,Mph
1133.5,-2035.25,0,Mph
840,-2024.75,0,Mph
509.5,-2030.75,0,Mph
1150.5,-2027.25,0,Mph
537,-2027.25,0,Mph
562,-2023.75,0,Mph
608,-2025.25,0,Mph
693,-2022.75,0,Mph
440.5,-2016.25,0,Mph
580.5,-2018.25,0,Mph
513,-2014.75,0,Mph
605,-2007.75,0,Mph
541.5,-2006.25,0,Mph
427.5,-2005.25,0,Mph
1097,-2003.75,0,Mph
748.5,-2009.25,0,Mph
1168,-2004.75,0,Mph
457,-2004.75,0,Mph
525.5,-2000.75,0,Mph
696,-1996.75,0,Mph
562.5,-1988.25,0,Mph
585.5,-1982.75,0,Mph
599.5,-1969.25,0,Mph
763.5,-1952.25,0,Mph
731.5,-1943.75,0,Mph
603.5,-1953.25,0,Mph
443,-1943.25,0,Mph
567.5,-1943.25,0,Mph
668,-1942.75,0,Mph
642,-1940.75,0,Mph
448,-1929.75,0,Mph
783,-1932.25,0,Mph
688,-1921.75,0,Mph
941,-1916.25,0,Mph
409.5,-1905.75,0,Mph
663,-1911.25,0,Mph
972.5,-1912.25,0,Mph
440.5,-1899.25,0,Mph
773.5,-1888.75,0,Mph
1035.5,-1890.25,0,Mph
952.5,-1888.75,0,Mph
858.5,-1882.25,0,Mph
1047.5,-1882.75,0,Mph
744.5,-1879.75,0,Mph
779,-1873.75,0,Mph
564,-1870.25,0,Mph
757,-1867.75,0,Mph
951.5,-1866.25,0,Mph
1035.5,-1867.25,0,Mph
389.5,-1856.25,0,Mph
426,-1857.75,0,Mph
1046,-1858.75,0,Mph
778,-1855.25,0,Mph
666,-1847.25,0,Mph
400,-1843.25,0,Mph
426,-1835.75,0,Mph
644,-1835.25,0,Mph
809,-1836.25,0,Mph
981,-1835.25,0,Mph
580,-1828.25,0,Mph
992.5,-1824.25,0,Mph
827.5,-1825.75,0,Mph
679.5,-1818.25,0,Mph
976,-1810.75,0,Mph
704.5,-1807.25,0,Mph
827.5,-1810.25,0,Mph
997.5,-1805.25,0,Mph
622.5,-1797.75,0,Mph
956,-1805.25,0,Mph
1046.5,-1802.75,0,Mph
573.5,-1802.75,0,Mph
869.5,-1803.25,0,Mph
543,-1794.25,0,Mph
810,-1789.25,0,Mph
1003,-1783.75,0,Mph
734,-1786.25,0,Mph
948.5,-1786.25,0,Mph
462.5,-1783.75,0,Mph
885,-1784.25,0,Mph
967,-1783.25,0,Mph
541.5,-1773.75,0,Mph
770.5,-1769.75,0,Mph
837,-1762.75,0,Mph
983.5,-1764.75,0,Mph
470,-1758.25,0,Mph
759.5,-1758.25,0,Mph
856.5,-1755.75,0,Mph
816,-1748.75,0,Mph
940.5,-1739.75,0,Mph
791,-1734.25,0,Mph
825,-1733.75,0,Mph
824,-1709.25,0,Mph
481,-1700.25,0,Mph
843.5,-1700.25,0,Mph
875,-1687.75,0,Mph
812.5,-1680.75,0,Mph
798,-1663.25,0,Mph
438.5,-1661.25,0,Mph
787,-1654.75,0,Mph
960,-1652.75,0,Mph
867.5,-1652.75,0,Mph
818.5,-1644.25,0,Mph
983.5,-1644.25,0,Mph
836.5,-1637.25,0,Mph
862.5,-1636.25,0,Mph
899.5,-1629.25,0,Mph
956.5,-1631.75,0,Mph
611.5,-1626.75,0,Mph
631,-1628.75,0,Mph
950.5,-1620.75,0,Mph
727,-1614.75,0,Mph
626,-1614.25,0,Mph
866.5,-1612.25,0,Mph
975.5,-1616.25,0,Mph
1166,-1612.75,0,Mph
924.5,-1609.75,0,Mph
783,-1596.25,0,Mph
837,-1606.25,0,Mph
705,-1594.75,0,Mph
460.5,-1580.75,0,Mph
860.5,-1580.75,0,Mph
839,-1582.75,0,Mph
976.5,-1573.25,0,Mph
1012.5,-1569.75,0,Mph
466,-1562.75,0,Mph
831,-1555.75,0,Mph
1026.5,-1558.25,0,Mph
494,-1549.75,0,Mph
761.5,-1549.75,0,Mph
911,-1547.75,0,Mph
858,-1549.75,0,Mph
1054.5,-1551.25,0,Mph
686,-1545.25,0,Mph
454,-1544.75,0,Mph
788,-1539.25,0,Mph
896.5,-1536.25,0,Mph
721.5,-1534.75,0,Mph
523,-1537.25,0,Mph
1032,-1533.75,0,Mph
1164.5,-1529.75,0,Mph
827.5,-1534.75,0,Mph
456.5,-1528.25,0,Mph
842,-1529.25,0,Mph
1145,-1527.75,0,Mph
662.5,-1526.75,0,Mph
743,-1527.75,0,Mph
934.5,-1527.75,0,Mph
702,-1517.25,0,Mph
487,-1525.25,0,Mph
922,-1523.25,0,Mph
758,-1518.75,0,Mph
588,-1521.25,0,Mph
511,-1519.75,0,Mph
1088.5,-1510.75,0,Mph
486,-1508.75,0,Mph
1074.5,-1496.25,0,Mph
767,-1499.75,0,Mph
667.5,-1494.75,0,Mph
688.5,-1494.75,0,Mph
502,-1490.25,0,Mph
963,-1488.75,0,Mph
526.5,-1484.25,0,Mph
771.5,-1479.75,0,Mph
681,-1476.75,0,Mph
413.5,-1473.25,0,Mph
948.5,-1473.75,0,Mph
440.5,-1461.25,0,Mph
427,-1459.25,0,Mph
476,-1458.25,0,Mph
976,-1459.75,0,Mph
1067,-1457.75,0,Mph
399.5,-1455.75,0,Mph
-1585.5,-1424.25,0,Mph
-1547.5,-1431.75,0,Mph
-2007,-1400.75,0,Mph
-1826.5,-1409.25,0,Mph
-1870,-1404.25,0,Mph
-1845,-1408.25,0,Mph
-1806.5,-1400.75,0,Mph
-1942,-1395.75,0,Mph
-1899.5,-1400.75,0,Mph
-1411,-1395.75,0,Mph
-1968.5,-1385.25,0,Mph
-1738.5,-1380.75,0,Mph
-1908.5,-1372.75,0,Mph
-2001.5,-1374.25,0,Mph
-1425.5,-1359.75,0,Mph
-1624.5,-1305.75,0,Mph
-1606.5,-1303.75,0,Mph
-1851.5,-1308.25,0,Mph
-2011,-1295.25,0,Mph
-1794,-1289.75,0,Mph
-1233.5,-1290.25,0,Mph
-1778.5,-1284.75,0,Mph
-1597,-1286.25,0,Mph
-2002.5,-1279.75,0,Mph
-1503,-1258.25,0,Mph
-1682,-1259.25,0,Mph
-1887,-1250.75,0,Mph
-1910,-1240.25,0,Mph
-1529,-1233.25,0,Mph
-1426,-1228.25,0,Mph
-1419,-1213.25,0,Mph
-1258.5,-1193.75,0,Mph
-1782.5,-1198.25,0,Mph
-1310.5,-1190.25,0,Mph
-1492,-1179.75,0,Mph
-1314,-1177.25,0,Mph
-1566,-1168.75,0,Mph
-1333,-1154.25,0,Mph
-1884.5,-1151.75,0,Mph
-1299,-1143.25,0,Mph
-1851,-1134.75,0,Mph
-1978,-1133.25,0,Mph
-1585,-1131.75,0,Mph
-1406,-1106.75,0,Mph
-1539,-1119.25,0,Mph
-1267,-1112.25,0,Mph
-1521,-1107.75,0,Mph
-1496,-1103.75,0,Mph
-1471,-1099.25,0,Mph
-1508,-1095.75,0,Mph
-1424,-1096.75,0,Mph
-1386.5,-1097.25,0,Mph
-1533.5,-1097.75,0,Mph
-1333.5,-1094.25,0,Mph
-1951,-1089.75,0,Mph
-1977.5,-1086.25,0,Mph
-1490,-1085.25,0,Mph
-1288.5,-1077.75,0,Mph
-1346,-1077.25,0,Mph
-1995.5,-1074.25,0,Mph
-1893.5,-1073.75,0,Mph
-1853,-1072.25,0,Mph
-1554,-1068.75,0,Mph
-1364,-1061.25,0,Mph
-1254,-1065.75,0,Mph
-1340.5,-1060.75,0,Mph
-1473.5,-1059.25,0,Mph
-1318.5,-1046.25,0,Mph
-1534.5,-1053.75,0,Mph
-1948.5,-1049.75,0,Mph
-1978.5,-1045.25,0,Mph
-1246,-1049.75,0,Mph
-1542,-1041.25,0,Mph
-1617,-1029.25,0,Mph
-1457,-1034.75,0,Mph
-2020.5,-1026.75,0,Mph
-1865.5,-1026.25,0,Mph
-1930,-1018.25,0,Mph
-1853.5,-1014.75,0,Mph
-2024.5,-1005.75,0,Mph
-1609,-1002.75,0,Mph
-1686,-993.75,0,Mph
-1367.5,-994.25,0,Mph
-1530.5,-997.75,0,Mph
-1634,-995.75,0,Mph
-1452.5,-983.25,0,Mph
-1597,-975.75,0,Mph
-1967.5,-973.75,0,Mph
-1935.5,-976.25,0,Mph
-1234.5,-973.25,0,Mph
-1702,-968.25,0,Mph
-1951.5,-967.25,0,Mph
-1680,-963.75,0,Mph
-1617.5,-969.25,0,Mph
-1856.5,-967.25,0,Mph
-1771.5,-967.75,0,Mph
-1840,-964.25,0,Mph
-1576,-964.75,0,Mph
-1909.5,-958.25,0,Mph
-1651.5,-954.25,0,Mph
-1588.5,-957.75,0,Mph
-1546,-954.75,0,Mph
-1611.5,-956.25,0,Mph
-1568.5,-951.25,0,Mph
-1497.5,-952.25,0,Mph
-1952,-940.75,0,Mph
-1828,-948.25,0,Mph
-1625,-950.75,0,Mph
-1899,-948.25,0,Mph
-1852,-947.75,0,Mph
-1484,-945.75,0,Mph
-1463.5,-941.75,0,Mph
-1440.5,-942.75,0,Mph
-1981.5,-933.75,0,Mph
-1314.5,-926.25,0,Mph
-1780,-926.75,0,Mph
-1972,-927.75,0,Mph
-1924,-922.75,0,Mph
-1477.5,-922.25,0,Mph
-1504,-913.25,0,Mph
-1928,-909.25,0,Mph
-1661.5,-911.75,0,Mph
-1248,-916.75,0,Mph
-1838.5,-913.25,0,Mph
-1799,-909.25,0,Mph
-1234.5,-905.75,0,Mph
-1471.5,-901.25,0,Mph
-1975.5,-900.25,0,Mph
-1750,-901.75,0,Mph
-1614,-891.75,0,Mph
-1409,-901.75,0,Mph
-1643.5,-901.25,0,Mph
-1940,-888.75,0,Mph
-1685,-890.25,0,Mph
-1656.5,-891.75,0,Mph
-1801.5,-888.25,0,Mph
-1635,-885.75,0,Mph
-1838.5,-879.75,0,Mph
-1472.5,-877.75,0,Mph
-1396,-878.25,0,Mph
-1263.5,-874.25,0,Mph
-1694.5,-867.25,0,Mph
-1652.5,-863.75,0,Mph
-1478,-855.75,0,Mph
-1790,-850.25,0,Mph
-1499,-853.75,0,Mph
-1879.5,-844.75,0,Mph
-1903,-844.75,0,Mph
-1640,-840.75,0,Mph
-1459,-844.25,0,Mph
-1688,-843.25,0,Mph
-1569,-838.75,0,Mph
-1495.5,-833.75,0,Mph
-1855.5,-831.75,0,Mph
-1271.5,-825.25,0,Mph
-1461.5,-828.25,0,Mph
-1441.5,-827.25,0,Mph
-1381,-828.25,0,Mph
-1614,-824.75,0,Mph
-1648.5,-817.75,0,Mph
-1509,-812.75,0,Mph
-1595,-816.25,0,Mph
-1377.5,-815.75,0,Mph
-1553,-806.25,0,Mph
-1851.5,-812.75,0,Mph
-1428,-806.75,0,Mph
-1381.5,-803.75,0,Mph
-1579,-796.75,0,Mph
-1256,-797.75,0,Mph
-1774,-796.75,0,Mph
-1489,-795.25,0,Mph
-1877.5,-792.25,0,Mph
-1565,-789.25,0,Mph
-1839.5,-787.75,0,Mph
-1763.5,-780.25,0,Mph
-1288,-786.75,0,Mph
-1579.5,-781.75,0,Mph
-1277.5,-775.25,0,Mph
-1834.5,-772.25,0,Mph
-1873,-774.75,0,Mph
-1710,-772.25,0,Mph
-1409,-774.25,0,Mph
-1361,-771.25,0,Mph
-1789.5,-769.75,0,Mph
-1538,-770.75,0,Mph
-1797,-758.75,0,Mph
-1782,-754.75,0,Mph
-2014.5,-740.75,0,Mph
-1336.5,-736.25,0,Mph
-1320.5,-722.25,0,Mph
-1696.5,-716.25,0,Mph
-1810.5,-713.25,0,Mph
-1425,-717.75,0,Mph
-1314,-706.25,0,Mph
-1632.5,-714.75,0,Mph
-1412.5,-709.25,0,Mph
-1282.5,-708.25,0,Mph
-1641,-696.25,0,Mph
-1370.5,-694.75,0,Mph
-2015.5,-687.25,0,Mph
-1507,-690.75,0,Mph
-1688.5,-690.75,0,Mph
-1828,-681.25,0,Mph
-1918.5,-673.75,0,Mph
-1300.5,-667.75,0,Mph
-1900,-662.25,0,Mph
-2013.5,-663.75,0,Mph
-1948.5,-663.75,0,Mph
-1877,-660.75,0,Mph
-1641.5,-652.75,0,Mph
-1593,-652.25,0,Mph
-1709,-653.75,0,Mph
-1852,-656.75,0,Mph
-1923.5,-654.25,0,Mph
-1438.5,-655.25,0,Mph
1647,-2247.25,0,Mph
1581.5,-2239.25,0,Mph
1606.5,-2227.75,0,Mph
1564.5,-2219.75,0,Mph
1699,-2208.25,0,Mph
1175.5,-2188.75,0,Mph
1484,-2188.75,0,Mph
1897,-2158.75,0,Mph
1881,-2151.75,0,Mph
1500.5,-2131.75,0,Mph
1878.5,-2128.75,0,Mph
1893.5,-2126.75,0,Mph
1888,-2106.75,0,Mph
1921.5,-2093.25,0,Mph
1525.5,-2011.75,0,Mph
1203,-1994.75,0,Mph
1561,-1970.75,0,Mph
1575,-1956.25,0,Mph
1516.5,-1936.75,0,Mph
1488,-1913.25,0,Mph
1518.5,-1903.75,0,Mph
1646.5,-1897.25,0,Mph
1414.5,-1876.75,0,Mph
1742.5,-1878.75,0,Mph
1425.5,-1867.25,0,Mph
1441,-1864.25,0,Mph
1500,-1854.75,0,Mph
1465.5,-1829.75,0,Mph
1487.5,-1825.25,0,Mph
1639.5,-1808.25,0,Mph
1471,-1810.75,0,Mph
1942.5,-1811.25,0,Mph
1665,-1796.75,0,Mph
1849.5,-1792.25,0,Mph
1849,-1771.75,0,Mph
1509.5,-1758.25,0,Mph
1942.5,-1748.75,0,Mph
1603.5,-1743.75,0,Mph
1928.5,-1724.75,0,Mph
1627.5,-1675.25,0,Mph
1857,-1663.25,0,Mph
1912.5,-1668.75,0,Mph
1611,-1658.25,0,Mph
1863,-1634.25,0,Mph
1922.5,-1601.75,0,Mph
1173.5,-1594.75,0,Mph
1589.5,-1584.25,0,Mph
1515.5,-1560.75,0,Mph
1663,-1563.25,0,Mph
1439,-1555.75,0,Mph
1567,-1541.25,0,Mph
1660.5,-1541.75,0,Mph
1197.5,-1535.25,0,Mph
1251.5,-1531.75,0,Mph
1212.5,-1524.75,0,Mph
1724.5,-1519.75,0,Mph
1298,-1519.25,0,Mph
1318,-1500.25,0,Mph
1182.5,-1504.25,0,Mph
1374.5,-1498.75,0,Mph
1675.5,-1491.25,0,Mph
1335.5,-1475.75,0,Mph
1615.5,-1463.75,0,Mph
1180,-1452.75,0,Mph
1588,-1454.75,0,Mph
-3128,-1451.25,0,Mph
-2991,-1450.25,0,Mph
-3071.5,-1446.75,0,Mph
-2933,-1442.75,0,Mph
-3096.5,-1437.75,0,Mph
-2859.5,-1441.25,0,Mph
-2839.5,-1438.75,0,Mph
-3104,-1429.75,0,Mph
-2900,-1430.75,0,Mph
-2994,-1427.75,0,Mph
-3063.5,-1423.25,0,Mph
-2979.5,-1413.75,0,Mph
-2923.5,-1412.25,0,Mph
-3079.5,-1411.25,0,Mph
-3019,-1407.25,0,Mph
-2951,-1406.25,0,Mph
-2907.5,-1403.25,0,Mph
-2856,-1396.25,0,Mph
-3035.5,-1396.25,0,Mph
-2998,-1391.75,0,Mph
-2874,-1390.25,0,Mph
-2940,-1388.75,0,Mph
-3050,-1388.75,0,Mph
-3019,-1382.75,0,Mph
-2970.5,-1381.25,0,Mph
-2904.5,-1378.75,0,Mph
-2921,-1365.75,0,Mph
-3091,-1366.25,0,Mph
-2851.5,-1365.75,0,Mph
-3015.5,-1365.25,0,Mph
-2974,-1365.25,0,Mph
-2873.5,-1362.75,0,Mph
-3068,-1362.75,0,Mph
-3041.5,-1359.25,0,Mph
-2834.5,-1356.75,0,Mph
-2991.5,-1355.25,0,Mph
-3006,-1343.75,0,Mph
-2978,-1345.25,0,Mph
-2840.5,-1339.75,0,Mph
-2952,-1333.25,0,Mph
-3043,-1337.25,0,Mph
-3056,-1335.25,0,Mph
-2856,-1325.75,0,Mph
-2881,-1314.75,0,Mph
-2859,-1309.75,0,Mph
-2868,-1260.75,0,Mph
-2931,-1255.75,0,Mph
-2884,-1247.25,0,Mph
-2833,-1225.25,0,Mph
-2906.5,-1224.25,0,Mph
-2828.5,-1195.75,0,Mph
-2887,-1191.25,0,Mph
-2869.5,-1181.75,0,Mph
-2853,-1179.25,0,Mph
-2894.5,-1173.25,0,Mph
-2830,-1159.75,0,Mph
-2895,-1152.75,0,Mph
2678,-2247.25,0,Mph
2163,-2243.75,0,Mph
2000,-2243.25,0,Mph
2014.5,-2236.25,0,Mph
2418.5,-2234.75,0,Mph
2616.5,-2234.25,0,Mph
2671.5,-2231.25,0,Mph
2141.5,-2220.75,0,Mph
2163.5,-2222.75,0,Mph
2046.5,-2225.25,0,Mph
2618,-2218.75,0,Mph
2200.5,-2213.25,0,Mph
2063,-2215.25,0,Mph
2016,-2213.75,0,Mph
2556,-2211.75,0,Mph
2575.5,-2202.75,0,Mph
2082,-2206.75,0,Mph
2421.5,-2212.75,0,Mph
2637,-2208.75,0,Mph
2438.5,-2205.75,0,Mph
2474,-2204.75,0,Mph
2227,-2192.75,0,Mph
2725.5,-2191.75,0,Mph
2450,-2191.25,0,Mph
2149.5,-2182.75,0,Mph
2194,-2189.75,0,Mph
2084,-2175.75,0,Mph
2317.5,-2178.25,0,Mph
2183.5,-2175.25,0,Mph
2582.5,-2172.25,0,Mph
2713,-2176.25,0,Mph
2162.5,-2156.75,0,Mph
2053.5,-2158.75,0,Mph
1978.5,-2149.25,0,Mph
2231.5,-2136.25,0,Mph
2068.5,-2148.75,0,Mph
2726,-2142.75,0,Mph
2039,-2133.75,0,Mph
2062,-2133.25,0,Mph
2200,-2125.75,0,Mph
2562.5,-2123.75,0,Mph
2737,-2122.25,0,Mph
2493.5,-2125.25,0,Mph
2150,-2114.25,0,Mph
2523.5,-2105.25,0,Mph
2195,-2106.75,0,Mph
2463.5,-2107.75,0,Mph
2097,-2098.75,0,Mph
2744,-2096.25,0,Mph
2129.5,-2099.75,0,Mph
2704.5,-2097.25,0,Mph
2571,-2091.75,0,Mph
2189.5,-2088.75,0,Mph
2106,-2085.25,0,Mph
2617,-2085.75,0,Mph
2448.5,-2085.25,0,Mph
2508.5,-2077.75,0,Mph
2753,-2076.75,0,Mph
2583,-2075.25,0,Mph
2150,-2070.25,0,Mph
2451.5,-2062.75,0,Mph
2511.5,-2055.75,0,Mph
2703.5,-2040.75,0,Mph
2464,-2040.25,0,Mph
2718.5,-2041.25,0,Mph
2729.5,-2031.25,0,Mph
2599,-2029.25,0,Mph
2623,-2026.75,0,Mph
2473,-2019.25,0,Mph
2448.5,-2014.25,0,Mph
2625.5,-2009.75,0,Mph
2426,-2004.75,0,Mph
2487,-1997.25,0,Mph
2432.5,-1957.75,0,Mph
2611.5,-1954.25,0,Mph
2739,-1953.25,0,Mph
2193,-1942.75,0,Mph
2253,-1938.25,0,Mph
2732,-1929.25,0,Mph
2765,-1927.25,0,Mph
2212.5,-1919.25,0,Mph
2238,-1916.75,0,Mph
2564.5,-1918.25,0,Mph
2189,-1914.25,0,Mph
2117,-1912.75,0,Mph
2581.5,-1907.25,0,Mph
2755,-1905.25,0,Mph
2279,-1889.25,0,Mph
2770,-1884.75,0,Mph
2298,-1879.75,0,Mph
2440,-1880.75,0,Mph
2376.5,-1872.75,0,Mph
2705.5,-1872.75,0,Mph
2549.5,-1862.25,0,Mph
2261,-1859.25,0,Mph
2136.5,-1867.25,0,Mph
2154,-1864.75,0,Mph
2364.5,-1865.25,0,Mph
2215,-1855.25,0,Mph
2713,-1851.75,0,Mph
2075,-1845.75,0,Mph
2472.5,-1841.25,0,Mph
2016,-1841.75,0,Mph
2158,-1838.25,0,Mph
2245,-1839.75,0,Mph
2142.5,-1837.25,0,Mph
2310.5,-1831.75,0,Mph
2234.5,-1823.75,0,Mph
2008,-1822.25,0,Mph
2290.5,-1824.75,0,Mph
2189.5,-1822.25,0,Mph
2021.5,-1817.75,0,Mph
2168,-1813.25,0,Mph
2422.5,-1810.75,0,Mph
2747.5,-1808.25,0,Mph
2032,-1811.75,0,Mph
2068,-1808.75,0,Mph
2446.5,-1810.25,0,Mph
2196,-1807.75,0,Mph
2254,-1797.25,0,Mph
2201,-1792.25,0,Mph
2163,-1784.75,0,Mph
1984,-1787.75,0,Mph
2538.5,-1781.75,0,Mph
2103,-1775.75,0,Mph
2714.5,-1779.25,0,Mph
2765,-1777.25,0,Mph
2027,-1765.75,0,Mph
1974,-1763.25,0,Mph
2698.5,-1768.75,0,Mph
2708,-1755.75,0,Mph
2572,-1755.25,0,Mph
2658,-1749.75,0,Mph
2169.5,-1750.75,0,Mph
2640.5,-1750.25,0,Mph
2601,-1744.75,0,Mph
2264.5,-1740.75,0,Mph
2088,-1730.25,0,Mph
2747,-1729.25,0,Mph
2365.5,-1716.25,0,Mph
2147.5,-1724.25,0,Mph
2195,-1715.75,0,Mph
2189,-1704.75,0,Mph
2234.5,-1703.75,0,Mph
2544,-1689.25,0,Mph
2345,-1690.75,0,Mph
2084,-1685.75,0,Mph
2704,-1674.75,0,Mph
2696,-1656.25,0,Mph
2271.5,-1648.25,0,Mph
2191.5,-1632.25,0,Mph
2359,-1626.75,0,Mph
2255,-1628.25,0,Mph
2143,-1628.25,0,Mph
2310.5,-1629.25,0,Mph
2233.5,-1622.25,0,Mph
2744,-1621.25,0,Mph
2287.5,-1619.75,0,Mph
2408,-1610.75,0,Mph
2333.5,-1605.25,0,Mph
2210,-1606.25,0,Mph
2741,-1597.25,0,Mph
2280.5,-1596.75,0,Mph
2320,-1592.25,0,Mph
2569,-1590.75,0,Mph
2647.5,-1575.25,0,Mph
2400.5,-1578.75,0,Mph
2749,-1566.75,0,Mph
2488.5,-1554.75,0,Mph
2279,-1554.75,0,Mph
2657.5,-1540.25,0,Mph
2452.5,-1532.75,0,Mph
2608,-1527.75,0,Mph
2298.5,-1531.75,0,Mph
2350.5,-1528.25,0,Mph
2727.5,-1521.25,0,Mph
2333,-1511.75,0,Mph
2450.5,-1512.25,0,Mph
2389,-1500.75,0,Mph
2406.5,-1495.75,0,Mph
2738,-1473.25,0,Mph
2682,-1463.25,0,Mph
2722,-1455.75,0,Mph
2498,-1452.75,0,Mph
3604,-666.75,0,Mph
-351.5,-1444.75,0,Mph
185.5,-1445.25,0,Mph
54.5,-1447.75,0,Mph
-412.5,-1443.25,0,Mph
-294.5,-1441.75,0,Mph
261,-1437.75,0,Mph
-234,-1434.25,0,Mph
44.5,-1435.25,0,Mph
-219,-1426.75,0,Mph
287.5,-1409.25,0,Mph
70,-1417.25,0,Mph
309.5,-1414.25,0,Mph
361,-1415.25,0,Mph
-165.5,-1413.75,0,Mph
259.5,-1410.25,0,Mph
82.5,-1404.75,0,Mph
297.5,-1397.75,0,Mph
-83.5,-1395.25,0,Mph
58,-1398.75,0,Mph
-192.5,-1392.25,0,Mph
363.5,-1387.25,0,Mph
229,-1387.25,0,Mph
-77,-1380.75,0,Mph
-160,-1380.75,0,Mph
291,-1378.75,0,Mph
368.5,-1374.75,0,Mph
62,-1375.75,0,Mph
157,-1371.25,0,Mph
88.5,-1355.25,0,Mph
-102.5,-1343.75,0,Mph
-329.5,-1334.75,0,Mph
-419,-1322.25,0,Mph
-89.5,-1322.75,0,Mph
325,-1318.25,0,Mph
96.5,-1317.25,0,Mph
-349,-1317.75,0,Mph
-314.5,-1309.25,0,Mph
209.5,-1314.25,0,Mph
-64.5,-1311.75,0,Mph
347.5,-1310.75,0,Mph
-43,-1307.25,0,Mph
-153,-1299.25,0,Mph
283.5,-1302.75,0,Mph
204.5,-1295.75,0,Mph
-124.5,-1277.25,0,Mph
85,-1278.75,0,Mph
105.5,-1273.75,0,Mph
-284,-1270.75,0,Mph
-161,-1261.25,0,Mph
84,-1255.75,0,Mph
-267.5,-1253.25,0,Mph
91,-1238.25,0,Mph
-273.5,-1235.75,0,Mph
-291.5,-1230.75,0,Mph
37,-1229.25,0,Mph
153,-1227.75,0,Mph
-18.5,-1218.75,0,Mph
36,-1212.75,0,Mph
183,-1214.75,0,Mph
85.5,-1215.25,0,Mph
-26.5,-1205.75,0,Mph
-36,-1189.25,0,Mph
345.5,-1170.75,0,Mph
-52,-1181.25,0,Mph
-66.5,-1174.75,0,Mph
39,-1171.75,0,Mph
-248.5,-1159.75,0,Mph
-355,-1161.25,0,Mph
284.5,-1164.25,0,Mph
43,-1156.75,0,Mph
301,-1156.75,0,Mph
-305.5,-1152.75,0,Mph
-336,-1146.75,0,Mph
71.5,-1148.25,0,Mph
-192.5,-1147.25,0,Mph
107,-1146.75,0,Mph
-222,-1140.75,0,Mph
-261,-1131.75,0,Mph
-79.5,-1140.25,0,Mph
351.5,-1138.25,0,Mph
369,-1133.75,0,Mph
-301,-1128.25,0,Mph
76,-1124.25,0,Mph
112,-1121.25,0,Mph
-350,-1124.75,0,Mph
-391.5,-1101.75,0,Mph
-335.5,-1107.75,0,Mph
-371,-1104.75,0,Mph
96,-1101.25,0,Mph
232.5,-1090.25,0,Mph
128,-1078.75,0,Mph
240,-1075.25,0,Mph
-363.5,-1077.75,0,Mph
-72,-1074.75,0,Mph
350.5,-1057.25,0,Mph
151.5,-1058.25,0,Mph
224.5,-1055.75,0,Mph
-350.5,-1051.75,0,Mph
-369,-1045.25,0,Mph
-299.5,-1042.75,0,Mph
-237.5,-1034.25,0,Mph
287,-1041.25,0,Mph
326.5,-1038.25,0,Mph
-334.5,-1025.25,0,Mph
151,-1008.75,0,Mph
251.5,-999.75,0,Mph
-365,-1001.75,0,Mph
-286,-998.75,0,Mph
-386,-997.75,0,Mph
-309,-988.25,0,Mph
-243.5,-989.75,0,Mph
-290.5,-981.75,0,Mph
-266,-984.25,0,Mph
236.5,-979.75,0,Mph
5,-976.25,0,Mph
-91,-977.75,0,Mph
-272,-971.75,0,Mph
189,-971.25,0,Mph
-216,-970.75,0,Mph
258,-972.25,0,Mph
-253.5,-964.75,0,Mph
164.5,-965.75,0,Mph
91,-961.75,0,Mph
-296,-952.75,0,Mph
259.5,-955.75,0,Mph
119.5,-952.75,0,Mph
-276.5,-940.75,0,Mph
-249.5,-942.25,0,Mph
-334,-942.25,0,Mph
234.5,-944.25,0,Mph
198,-943.75,0,Mph
98,-939.75,0,Mph
68,-927.75,0,Mph
-397,-920.75,0,Mph
-296.5,-914.75,0,Mph
-235.5,-912.25,0,Mph
-283,-903.25,0,Mph
-360,-899.25,0,Mph
-386.5,-894.25,0,Mph
-156,-890.25,0,Mph
-227,-890.75,0,Mph
228,-887.25,0,Mph
-319.5,-880.25,0,Mph
-264.5,-874.25,0,Mph
227.5,-874.25,0,Mph
-249.5,-870.75,0,Mph
-300,-870.75,0,Mph
-148.5,-863.25,0,Mph
239.5,-863.25,0,Mph
-177,-863.75,0,Mph
-44.5,-857.25,0,Mph
-102.5,-863.25,0,Mph
10,-862.25,0,Mph
-325,-848.25,0,Mph
-7,-859.75,0,Mph
26.5,-845.75,0,Mph
-100.5,-843.75,0,Mph
8,-844.25,0,Mph
-276,-838.75,0,Mph
233.5,-838.75,0,Mph
-75.5,-836.75,0,Mph
-302,-829.75,0,Mph
-418,-825.75,0,Mph
-164.5,-826.75,0,Mph
-14.5,-830.25,0,Mph
-34.5,-821.75,0,Mph
240,-820.75,0,Mph
25.5,-818.25,0,Mph
-8,-816.75,0,Mph
-322.5,-815.25,0,Mph
45.5,-812.75,0,Mph
213,-812.75,0,Mph
9,-808.25,0,Mph
259,-804.25,0,Mph
51,-795.25,0,Mph
198.5,-795.75,0,Mph
-167,-788.25,0,Mph
-32.5,-793.75,0,Mph
-260,-786.75,0,Mph
20.5,-791.75,0,Mph
286.5,-782.75,0,Mph
349.5,-778.25,0,Mph
29,-778.75,0,Mph
270,-779.25,0,Mph
154,-771.75,0,Mph
221,-775.25,0,Mph
197,-775.25,0,Mph
62.5,-768.75,0,Mph
7.5,-772.25,0,Mph
-45,-766.25,0,Mph
-411,-758.25,0,Mph
269.5,-758.25,0,Mph
0.5,-755.75,0,Mph
84.5,-746.25,0,Mph
158.5,-749.25,0,Mph
144,-745.25,0,Mph
-50,-743.75,0,Mph
-385.5,-737.75,0,Mph
-363.5,-737.25,0,Mph
167.5,-738.25,0,Mph
-402.5,-727.25,0,Mph
-1,-722.25,0,Mph
-375,-719.25,0,Mph
-348.5,-715.75,0,Mph
158,-720.25,0,Mph
-302,-717.75,0,Mph
115.5,-711.25,0,Mph
220,-715.25,0,Mph
11,-713.25,0,Mph
179.5,-709.75,0,Mph
88.5,-702.25,0,Mph
136,-707.25,0,Mph
-304,-699.25,0,Mph
220.5,-701.75,0,Mph
193,-701.75,0,Mph
-25,-693.25,0,Mph
-7.5,-695.75,0,Mph
104,-686.25,0,Mph
148.5,-677.25,0,Mph
230,-684.25,0,Mph
69.5,-676.25,0,Mph
193.5,-675.25,0,Mph
-317.5,-676.75,0,Mph
-290,-669.25,0,Mph
-127.5,-674.25,0,Mph
-117.5,-666.75,0,Mph
351.5,-661.75,0,Mph
-22.5,-655.25,0,Mph
42,-655.75,0,Mph
-130,-656.75,0,Mph
-886,-1451.25,0,Mph
-486.5,-1448.75,0,Mph
-754.5,-1446.75,0,Mph
-739.5,-1432.75,0,Mph
-863,-1437.75,0,Mph
-442,-1432.25,0,Mph
-1179,-1435.25,0,Mph
-562,-1431.25,0,Mph
-789.5,-1431.75,0,Mph
-480,-1424.25,0,Mph
-522.5,-1421.75,0,Mph
-1054,-1410.75,0,Mph
-715,-1414.75,0,Mph
-930.5,-1409.75,0,Mph
-696,-1413.75,0,Mph
-805,-1412.25,0,Mph
-684,-1404.75,0,Mph
-875,-1403.75,0,Mph
-898,-1401.25,0,Mph
-1148,-1392.75,0,Mph
-836,-1394.75,0,Mph
-792,-1396.75,0,Mph
-464,-1393.25,0,Mph
-1038.5,-1384.25,0,Mph
-928.5,-1373.75,0,Mph
-772,-1378.75,0,Mph
-1169.5,-1362.75,0,Mph
-458.5,-1368.25,0,Mph
-446.5,-1362.75,0,Mph
-833.5,-1363.75,0,Mph
-773.5,-1366.75,0,Mph
-579.5,-1360.75,0,Mph
-749,-1361.75,0,Mph
-794,-1360.25,0,Mph
-850.5,-1350.25,0,Mph
-715.5,-1346.25,0,Mph
-788.5,-1342.75,0,Mph
-977.5,-1340.75,0,Mph
-813.5,-1339.25,0,Mph
-681,-1341.75,0,Mph
-883,-1335.75,0,Mph
-957,-1333.75,0,Mph
-603,-1333.25,0,Mph
-444.5,-1326.75,0,Mph
-580.5,-1322.25,0,Mph
-824,-1320.25,0,Mph
-993.5,-1315.25,0,Mph
-974,-1318.25,0,Mph
-757,-1316.25,0,Mph
-842,-1313.25,0,Mph
-953.5,-1311.75,0,Mph
-487.5,-1310.75,0,Mph
-1048.5,-1306.25,0,Mph
-826.5,-1303.75,0,Mph
-1216.5,-1302.75,0,Mph
-941.5,-1291.75,0,Mph
-508.5,-1298.25,0,Mph
-1015.5,-1295.75,0,Mph
-886,-1294.75,0,Mph
-866.5,-1284.25,0,Mph
-566.5,-1285.25,0,Mph
-1183,-1291.25,0,Mph
-520,-1288.75,0,Mph
-490,-1287.75,0,Mph
-825.5,-1279.75,0,Mph
-1079,-1280.75,0,Mph
-901,-1281.25,0,Mph
-543.5,-1277.25,0,Mph
-1172.5,-1279.25,0,Mph
-914,-1269.75,0,Mph
-1162.5,-1263.75,0,Mph
-750.5,-1266.75,0,Mph
-1196,-1259.75,0,Mph
-475,-1261.75,0,Mph
-765,-1253.75,0,Mph
-496.5,-1253.25,0,Mph
-983.5,-1242.25,0,Mph
-691,-1251.75,0,Mph
-798,-1245.25,0,Mph
-480.5,-1245.25,0,Mph
-959,-1241.25,0,Mph
-1132.5,-1228.25,0,Mph
-496.5,-1234.25,0,Mph
-1064,-1217.75,0,Mph
-479.5,-1211.75,0,Mph
-867.5,-1204.25,0,Mph
-843.5,-1216.75,0,Mph
-436.5,-1203.75,0,Mph
-958.5,-1209.75,0,Mph
-827.5,-1207.75,0,Mph
-1185.5,-1201.25,0,Mph
-746.5,-1204.25,0,Mph
-490.5,-1202.75,0,Mph
-838.5,-1200.75,0,Mph
-726.5,-1197.25,0,Mph
-678,-1190.25,0,Mph
-1051,-1195.75,0,Mph
-542.5,-1189.75,0,Mph
-956.5,-1191.75,0,Mph
-857.5,-1194.75,0,Mph
-486.5,-1189.75,0,Mph
-806.5,-1191.75,0,Mph
-1112.5,-1189.75,0,Mph
-1062,-1181.75,0,Mph
-594.5,-1182.75,0,Mph
-1089.5,-1178.75,0,Mph
-814,-1181.75,0,Mph
-1192,-1176.25,0,Mph
-1118.5,-1174.25,0,Mph
-761,-1162.75,0,Mph
-604.5,-1166.75,0,Mph
-813.5,-1164.75,0,Mph
-534,-1158.25,0,Mph
-963,-1156.25,0,Mph
-789,-1159.25,0,Mph
-582.5,-1156.25,0,Mph
-1081.5,-1147.75,0,Mph
-615,-1137.75,0,Mph
-550.5,-1137.25,0,Mph
-436.5,-1131.75,0,Mph
-657.5,-1136.75,0,Mph
-1091,-1132.25,0,Mph
-853,-1131.25,0,Mph
-675,-1130.75,0,Mph
-581.5,-1130.25,0,Mph
-1132,-1129.75,0,Mph
-884,-1128.75,0,Mph
-817,-1129.75,0,Mph
-1001,-1117.25,0,Mph
-1055,-1121.75,0,Mph
-1157.5,-1122.25,0,Mph
-494.5,-1125.75,0,Mph
-473.5,-1115.25,0,Mph
-780.5,-1110.25,0,Mph
-874.5,-1114.25,0,Mph
-458.5,-1114.75,0,Mph
-521,-1115.25,0,Mph
-662,-1102.75,0,Mph
-850,-1109.75,0,Mph
-601.5,-1110.25,0,Mph
-1036.5,-1109.75,0,Mph
-908,-1109.25,0,Mph
-576,-1104.75,0,Mph
-513.5,-1102.25,0,Mph
-870.5,-1098.75,0,Mph
-846,-1094.25,0,Mph
-466.5,-1099.25,0,Mph
-447,-1096.25,0,Mph
-493.5,-1093.75,0,Mph
-749,-1086.75,0,Mph
-766,-1073.25,0,Mph
-907,-1084.75,0,Mph
-557.5,-1081.75,0,Mph
-802,-1073.25,0,Mph
-985.5,-1082.25,0,Mph
-1102.5,-1076.75,0,Mph
-1024,-1073.75,0,Mph
-831,-1074.75,0,Mph
-861.5,-1068.25,0,Mph
-1219.5,-1064.25,0,Mph
-996.5,-1065.75,0,Mph
-784.5,-1066.75,0,Mph
-596.5,-1068.25,0,Mph
-575,-1066.25,0,Mph
-612.5,-1061.25,0,Mph
-1115,-1058.25,0,Mph
-823.5,-1061.25,0,Mph
-748,-1059.75,0,Mph
-1088,-1058.75,0,Mph
-593,-1053.25,0,Mph
-788.5,-1042.75,0,Mph
-569.5,-1048.75,0,Mph
-690.5,-1042.25,0,Mph
-987,-1035.25,0,Mph
-621,-1042.75,0,Mph
-1150.5,-1043.25,0,Mph
-848,-1039.25,0,Mph
-1187.5,-1039.25,0,Mph
-917.5,-1036.75,0,Mph
-1030,-1027.75,0,Mph
-682,-1030.25,0,Mph
-566,-1033.25,0,Mph
-724.5,-1025.75,0,Mph
-1151.5,-1018.75,0,Mph
-806,-1018.75,0,Mph
-623,-1023.75,0,Mph
-945,-1015.25,0,Mph
-994,-1005.75,0,Mph
-857,-1002.75,0,Mph
-1026.5,-998.75,0,Mph
-576.5,-1000.75,0,Mph
-629.5,-994.75,0,Mph
-1125.5,-998.75,0,Mph
-813,-989.75,0,Mph
-553,-993.75,0,Mph
-507.5,-989.75,0,Mph
-745,-988.25,0,Mph
-1069,-986.25,0,Mph
-729,-985.25,0,Mph
-1217,-978.75,0,Mph
-823.5,-972.25,0,Mph
-551,-976.25,0,Mph
-606.5,-973.75,0,Mph
-539.5,-963.25,0,Mph
-795,-970.25,0,Mph
-1158,-962.75,0,Mph
-1172.5,-956.75,0,Mph
-1074,-956.75,0,Mph
-640.5,-947.75,0,Mph
-1099.5,-938.75,0,Mph
-1191,-940.75,0,Mph
-563.5,-933.75,0,Mph
-1141,-928.75,0,Mph
-547,-917.75,0,Mph
-1010,-925.25,0,Mph
-642,-920.75,0,Mph
-572.5,-905.75,0,Mph
-689,-897.75,0,Mph
-602,-880.75,0,Mph
-650.5,-874.75,0,Mph
-1142,-872.75,0,Mph
-1102.5,-871.25,0,Mph
-552,-870.25,0,Mph
-443.5,-868.75,0,Mph
-1157.5,-868.75,0,Mph
-1087,-856.25,0,Mph
-1137.5,-852.25,0,Mph
-1104,-853.75,0,Mph
-1170.5,-847.75,0,Mph
-1146,-833.25,0,Mph
-576.5,-831.25,0,Mph
-667.5,-828.25,0,Mph
-551,-827.25,0,Mph
-432,-823.25,0,Mph
-504.5,-822.25,0,Mph
-1100,-822.25,0,Mph
-532,-816.25,0,Mph
-630.5,-807.75,0,Mph
-519.5,-800.25,0,Mph
-544.5,-802.25,0,Mph
-883.5,-799.25,0,Mph
-1184.5,-787.75,0,Mph
-501,-791.75,0,Mph
-1212,-782.75,0,Mph
-559.5,-788.25,0,Mph
-465,-771.75,0,Mph
-550.5,-770.75,0,Mph
-1045.5,-755.75,0,Mph
-1189.5,-761.25,0,Mph
-1208.5,-754.25,0,Mph
-469.5,-755.25,0,Mph
-589.5,-752.25,0,Mph
-1192,-745.75,0,Mph
-1168.5,-736.25,0,Mph
-581.5,-726.25,0,Mph
-1062.5,-725.25,0,Mph
-517.5,-705.75,0,Mph
-1196,-700.25,0,Mph
-1048,-695.75,0,Mph
-844.5,-684.75,0,Mph
-1189,-691.75,0,Mph
-732.5,-691.75,0,Mph
-754.5,-685.25,0,Mph
-1099.5,-675.25,0,Mph
-1012,-663.75,0,Mph
-1085,-657.75,0,Mph
-1114.5,-657.25,0,Mph
819,-1444.75,0,Mph
926.5,-1451.25,0,Mph
434.5,-1449.75,0,Mph
1061,-1439.75,0,Mph
756.5,-1449.75,0,Mph
406,-1441.25,0,Mph
567,-1432.75,0,Mph
725.5,-1441.25,0,Mph
747.5,-1438.75,0,Mph
847.5,-1438.75,0,Mph
963.5,-1435.75,0,Mph
471.5,-1437.75,0,Mph
768.5,-1430.75,0,Mph
1134,-1426.25,0,Mph
1059.5,-1425.25,0,Mph
381.5,-1411.75,0,Mph
650.5,-1417.25,0,Mph
1079.5,-1411.25,0,Mph
613.5,-1414.75,0,Mph
826,-1398.25,0,Mph
462.5,-1396.75,0,Mph
401,-1393.25,0,Mph
848.5,-1386.25,0,Mph
657.5,-1391.25,0,Mph
628.5,-1390.25,0,Mph
664,-1373.25,0,Mph
863.5,-1365.25,0,Mph
1089,-1362.25,0,Mph
584.5,-1358.75,0,Mph
440,-1360.75,0,Mph
470.5,-1355.25,0,Mph
506,-1360.75,0,Mph
929,-1354.75,0,Mph
374,-1354.25,0,Mph
759,-1348.75,0,Mph
687,-1345.75,0,Mph
839.5,-1342.25,0,Mph
1087,-1343.75,0,Mph
802,-1337.75,0,Mph
399.5,-1332.25,0,Mph
501.5,-1337.75,0,Mph
382,-1332.75,0,Mph
876.5,-1325.25,0,Mph
1088,-1328.75,0,Mph
667.5,-1322.25,0,Mph
586.5,-1326.75,0,Mph
1113,-1320.75,0,Mph
776.5,-1319.75,0,Mph
1089.5,-1313.25,0,Mph
409.5,-1303.25,0,Mph
1025.5,-1304.25,0,Mph
626.5,-1299.75,0,Mph
709,-1291.75,0,Mph
612.5,-1275.75,0,Mph
1032.5,-1286.75,0,Mph
511,-1277.75,0,Mph
661.5,-1273.75,0,Mph
919,-1269.25,0,Mph
1089.5,-1267.75,0,Mph
831.5,-1267.75,0,Mph
1047.5,-1262.75,0,Mph
558,-1267.75,0,Mph
860,-1267.25,0,Mph
1063.5,-1262.75,0,Mph
634.5,-1264.75,0,Mph
1023.5,-1264.75,0,Mph
873.5,-1260.25,0,Mph
585.5,-1259.75,0,Mph
841.5,-1249.75,0,Mph
971.5,-1248.25,0,Mph
1025.5,-1247.25,0,Mph
605,-1239.75,0,Mph
701.5,-1237.25,0,Mph
1052,-1239.25,0,Mph
751,-1236.25,0,Mph
735.5,-1230.25,0,Mph
847,-1231.75,0,Mph
720.5,-1211.75,0,Mph
512,-1201.25,0,Mph
863,-1212.75,0,Mph
867.5,-1196.25,0,Mph
1157,-1198.75,0,Mph
1110.5,-1187.25,0,Mph
536,-1191.25,0,Mph
481.5,-1190.75,0,Mph
605,-1190.25,0,Mph
932.5,-1183.25,0,Mph
1129.5,-1182.25,0,Mph
918,-1180.75,0,Mph
555,-1175.25,0,Mph
491.5,-1177.25,0,Mph
1157,-1166.75,0,Mph
589.5,-1170.25,0,Mph
1133,-1157.75,0,Mph
517.5,-1154.25,0,Mph
896.5,-1148.75,0,Mph
682,-1139.25,0,Mph
558,-1149.25,0,Mph
760,-1136.75,0,Mph
651,-1141.75,0,Mph
1124,-1134.75,0,Mph
507,-1122.75,0,Mph
1098,-1125.25,0,Mph
649,-1121.25,0,Mph
1156.5,-1120.75,0,Mph
1082,-1120.25,0,Mph
951,-1114.25,0,Mph
1006.5,-1108.75,0,Mph
749,-1109.25,0,Mph
987.5,-1108.75,0,Mph
626,-1104.75,0,Mph
1168.5,-1105.75,0,Mph
680,-1104.75,0,Mph
780.5,-1098.75,0,Mph
1016,-1089.75,0,Mph
634,-1076.25,0,Mph
928,-1080.25,0,Mph
648.5,-1083.25,0,Mph
1031,-1075.25,0,Mph
1093.5,-1068.25,0,Mph
1119,-1065.25,0,Mph
922,-1064.75,0,Mph
418.5,-1060.25,0,Mph
1051.5,-1050.75,0,Mph
968.5,-1048.75,0,Mph
382.5,-1049.25,0,Mph
884,-1047.25,0,Mph
914.5,-1048.75,0,Mph
622,-1046.25,0,Mph
1070.5,-1042.25,0,Mph
417.5,-1032.75,0,Mph
871.5,-1035.75,0,Mph
979,-1032.75,0,Mph
441,-1030.75,0,Mph
858.5,-1024.25,0,Mph
995.5,-1020.25,0,Mph
1146.5,-1012.25,0,Mph
836.5,-1007.25,0,Mph
1102,-1010.75,0,Mph
1056,-1007.75,0,Mph
1129,-1007.25,0,Mph
879,-1000.75,0,Mph
1026.5,-995.75,0,Mph
440,-996.25,0,Mph
1118,-990.75,0,Mph
892,-989.75,0,Mph
1002,-978.25,0,Mph
463,-982.25,0,Mph
828,-979.75,0,Mph
1055.5,-974.25,0,Mph
795,-975.75,0,Mph
445,-977.25,0,Mph
505,-972.25,0,Mph
708,-976.75,0,Mph
547,-972.75,0,Mph
569.5,-972.25,0,Mph
1083.5,-965.25,0,Mph
865.5,-967.75,0,Mph
576.5,-959.75,0,Mph
438,-963.25,0,Mph
589,-953.25,0,Mph
521,-956.25,0,Mph
422,-947.75,0,Mph
578,-939.75,0,Mph
767.5,-917.25,0,Mph
585,-914.25,0,Mph
994.5,-902.25,0,Mph
1025.5,-906.25,0,Mph
840,-902.75,0,Mph
781,-896.75,0,Mph
761.5,-895.75,0,Mph
828,-888.75,0,Mph
848.5,-877.25,0,Mph
894.5,-880.75,0,Mph
914.5,-882.25,0,Mph
987,-878.25,0,Mph
871,-878.25,0,Mph
663.5,-876.75,0,Mph
791.5,-875.75,0,Mph
1074,-872.25,0,Mph
866,-856.75,0,Mph
902,-855.75,0,Mph
992.5,-851.75,0,Mph
914.5,-848.25,0,Mph
677.5,-844.75,0,Mph
975,-845.25,0,Mph
824.5,-839.25,0,Mph
897,-837.25,0,Mph
1003,-832.25,0,Mph
983.5,-812.25,0,Mph
1090,-816.25,0,Mph
812,-812.75,0,Mph
900.5,-803.75,0,Mph
394,-804.75,0,Mph
954,-773.75,0,Mph
886.5,-763.75,0,Mph
991,-761.75,0,Mph
993.5,-736.75,0,Mph
447.5,-725.25,0,Mph
943,-714.75,0,Mph
717.5,-679.75,0,Mph
628.5,-666.75,0,Mph
587,-657.25,0,Mph
1050,-653.25,0,Mph
1179.5,-1451.75,0,Mph
1872,-1427.75,0,Mph
1567.5,-1425.75,0,Mph
1788,-1420.25,0,Mph
1366,-1421.25,0,Mph
1825.5,-1420.25,0,Mph
1299.5,-1419.25,0,Mph
1389,-1405.75,0,Mph
1517.5,-1408.75,0,Mph
1368.5,-1410.25,0,Mph
1884.5,-1400.25,0,Mph
1310,-1401.25,0,Mph
1955.5,-1394.75,0,Mph
1459.5,-1392.25,0,Mph
1278.5,-1384.25,0,Mph
1520,-1383.75,0,Mph
1896,-1383.25,0,Mph
1932,-1379.25,0,Mph
1248,-1382.75,0,Mph
1359.5,-1375.75,0,Mph
1641,-1376.25,0,Mph
1606.5,-1369.75,0,Mph
1892.5,-1364.25,0,Mph
1490.5,-1364.75,0,Mph
1375,-1362.25,0,Mph
1862,-1354.25,0,Mph
1904,-1350.25,0,Mph
1517.5,-1347.75,0,Mph
1494.5,-1345.75,0,Mph
1215,-1332.75,0,Mph
1522,-1330.75,0,Mph
1547,-1322.75,0,Mph
1965,-1321.25,0,Mph
1440,-1308.25,0,Mph
1419,-1296.25,0,Mph
1601,-1299.75,0,Mph
1464.5,-1301.25,0,Mph
1560,-1295.75,0,Mph
1504.5,-1288.75,0,Mph
1484.5,-1290.25,0,Mph
1301.5,-1278.25,0,Mph
1276.5,-1270.75,0,Mph
1638.5,-1271.25,0,Mph
1899,-1274.75,0,Mph
1523.5,-1268.75,0,Mph
1282.5,-1258.25,0,Mph
1902,-1255.75,0,Mph
1937.5,-1254.25,0,Mph
1482.5,-1246.75,0,Mph
1454.5,-1246.25,0,Mph
1435,-1243.75,0,Mph
1420,-1241.25,0,Mph
1356.5,-1222.25,0,Mph
1334.5,-1201.25,0,Mph
1308.5,-1187.75,0,Mph
1177,-1173.75,0,Mph
1928.5,-1166.25,0,Mph
1197.5,-1159.25,0,Mph
1345,-1159.25,0,Mph
1177.5,-1157.25,0,Mph
1509.5,-1147.75,0,Mph
1220.5,-1146.75,0,Mph
1231.5,-1130.25,0,Mph
1246,-1130.25,0,Mph
1658.5,-1123.25,0,Mph
1419,-1125.75,0,Mph
1757,-1120.25,0,Mph
1777,-1114.25,0,Mph
1179,-1118.25,0,Mph
1406.5,-1115.25,0,Mph
1189.5,-1103.25,0,Mph
1540,-1067.25,0,Mph
1451.5,-1068.75,0,Mph
1683.5,-1055.75,0,Mph
1756,-1063.25,0,Mph
1416,-1058.25,0,Mph
1465.5,-1054.25,0,Mph
1871.5,-1037.25,0,Mph
1641.5,-1021.75,0,Mph
1871,-1009.75,0,Mph
1730.5,-997.75,0,Mph
1181.5,-998.25,0,Mph
1887.5,-994.25,0,Mph
1412.5,-988.75,0,Mph
1436.5,-971.75,0,Mph
1437,-953.75,0,Mph
1629,-930.25,0,Mph
1435,-931.25,0,Mph
1341,-929.25,0,Mph
1437,-917.75,0,Mph
1506.5,-914.25,0,Mph
1285,-914.75,0,Mph
1193,-905.25,0,Mph
1805,-902.75,0,Mph
1421.5,-902.75,0,Mph
1871.5,-901.25,0,Mph
1770.5,-893.75,0,Mph
1212.5,-891.25,0,Mph
1374,-883.75,0,Mph
1499.5,-884.25,0,Mph
1420,-868.75,0,Mph
1561,-875.25,0,Mph
1842.5,-873.25,0,Mph
1197,-872.75,0,Mph
1496.5,-863.75,0,Mph
1519,-856.25,0,Mph
1483.5,-854.75,0,Mph
1503.5,-845.25,0,Mph
1409,-845.25,0,Mph
1450,-830.25,0,Mph
1734.5,-831.25,0,Mph
1580.5,-827.25,0,Mph
1480.5,-814.25,0,Mph
1279.5,-812.75,0,Mph
1698.5,-812.75,0,Mph
1305.5,-806.75,0,Mph
1677,-795.75,0,Mph
1416,-791.25,0,Mph
1434.5,-785.75,0,Mph
1462,-793.75,0,Mph
1698,-788.25,0,Mph
1735.5,-766.75,0,Mph
1876,-770.75,0,Mph
1719.5,-755.25,0,Mph
1855,-760.25,0,Mph
1871.5,-755.25,0,Mph
1775,-738.25,0,Mph
1711.5,-729.25,0,Mph
1901.5,-716.75,0,Mph
1184,-701.75,0,Mph
1234,-702.25,0,Mph
1393,-693.75,0,Mph
1276.5,-680.25,0,Mph
1294.5,-658.75,0,Mph
2318,-1443.25,0,Mph
2296,-1438.75,0,Mph
2233,-1436.25,0,Mph
2354,-1435.75,0,Mph
2327.5,-1421.25,0,Mph
2513.5,-1425.75,0,Mph
2242,-1413.25,0,Mph
2599,-1405.25,0,Mph
2375,-1389.25,0,Mph
2650.5,-1387.75,0,Mph
2633.5,-1379.25,0,Mph
2245.5,-1386.75,0,Mph
2299.5,-1381.75,0,Mph
2171.5,-1373.75,0,Mph
2383,-1367.25,0,Mph
2310.5,-1360.25,0,Mph
2587.5,-1355.75,0,Mph
2425,-1346.25,0,Mph
2620.5,-1343.75,0,Mph
2500,-1325.75,0,Mph
2344.5,-1323.25,0,Mph
2465.5,-1321.25,0,Mph
2436.5,-1322.25,0,Mph
2279.5,-1293.75,0,Mph
2299.5,-1291.75,0,Mph
2383,-1287.25,0,Mph
1974.5,-1283.25,0,Mph
2251.5,-1279.25,0,Mph
2611,-1274.75,0,Mph
2350,-1274.75,0,Mph
2244,-1263.25,0,Mph
2374.5,-1259.25,0,Mph
2017,-1257.25,0,Mph
2038,-1255.75,0,Mph
2425.5,-1238.75,0,Mph
2577.5,-1236.25,0,Mph
2302.5,-1237.75,0,Mph
2196.5,-1231.75,0,Mph
2693,-1232.75,0,Mph
2153.5,-1227.25,0,Mph
2557.5,-1227.75,0,Mph
2516,-1221.25,0,Mph
2228,-1214.75,0,Mph
2706,-1211.75,0,Mph
2478.5,-1212.75,0,Mph
2396,-1212.25,0,Mph
2422,-1200.25,0,Mph
2557,-1203.25,0,Mph
2669,-1207.75,0,Mph
2574.5,-1195.75,0,Mph
2304.5,-1188.75,0,Mph
2216,-1173.75,0,Mph
2059,-1164.75,0,Mph
2492,-1158.75,0,Mph
2281.5,-1154.75,0,Mph
2691,-1152.25,0,Mph
2652.5,-1145.75,0,Mph
2044,-1146.25,0,Mph
2747,-1146.75,0,Mph
2307.5,-1132.25,0,Mph
2292.5,-1137.75,0,Mph
2060,-1131.25,0,Mph
2741,-1121.75,0,Mph
2664,-1102.25,0,Mph
2701.5,-1100.75,0,Mph
2159,-1101.25,0,Mph
2615.5,-1088.25,0,Mph
2675,-1081.75,0,Mph
2610.5,-1075.25,0,Mph
2369.5,-1071.75,0,Mph
2585.5,-1074.75,0,Mph
2632,-1073.75,0,Mph
2235.5,-1068.75,0,Mph
2739,-1063.25,0,Mph
2685.5,-1061.75,0,Mph
2306.5,-1055.75,0,Mph
2187,-1050.75,0,Mph
2172.5,-1041.25,0,Mph
2038.5,-1034.25,0,Mph
2236.5,-1035.25,0,Mph
2575,-981.25,0,Mph
2307,-981.25,0,Mph
2333,-971.75,0,Mph
2696.5,-974.25,0,Mph
2448.5,-971.25,0,Mph
2304,-966.25,0,Mph
2674.5,-955.25,0,Mph
2619,-949.25,0,Mph
2699,-951.75,0,Mph
2066,-944.75,0,Mph
2482.5,-950.25,0,Mph
2513.5,-948.75,0,Mph
2197.5,-940.25,0,Mph
2644,-941.25,0,Mph
1993.5,-930.25,0,Mph
2409,-933.75,0,Mph
2323,-933.25,0,Mph
2347.5,-928.25,0,Mph
2587.5,-932.75,0,Mph
2653.5,-928.75,0,Mph
2066,-920.75,0,Mph
2605.5,-922.25,0,Mph
2330,-917.75,0,Mph
2357,-909.75,0,Mph
2557.5,-906.25,0,Mph
1977.5,-902.25,0,Mph
2445,-903.75,0,Mph
2646,-888.75,0,Mph
2466,-887.75,0,Mph
2550.5,-875.75,0,Mph
2453.5,-866.75,0,Mph
2120,-859.25,0,Mph
2461.5,-856.25,0,Mph
2494.5,-853.75,0,Mph
2541.5,-843.75,0,Mph
2094,-839.75,0,Mph
2111.5,-834.25,0,Mph
2152.5,-832.25,0,Mph
2099,-823.75,0,Mph
2308,-809.25,0,Mph
2582,-789.75,0,Mph
2712,-780.75,0,Mph
2640.5,-777.75,0,Mph
2420.5,-774.75,0,Mph
2599,-774.75,0,Mph
2063.5,-775.25,0,Mph
2220,-761.25,0,Mph
2272.5,-761.75,0,Mph
2534.5,-751.75,0,Mph
2253.5,-755.75,0,Mph
2384.5,-746.75,0,Mph
2645,-736.25,0,Mph
2679,-731.25,0,Mph
2710.5,-727.25,0,Mph
2441.5,-724.25,0,Mph
2622,-728.75,0,Mph
2525.5,-727.75,0,Mph
2086,-716.25,0,Mph
2761,-722.25,0,Mph
2103.5,-718.25,0,Mph
2177.5,-706.75,0,Mph
2727.5,-705.75,0,Mph
2515,-694.25,0,Mph
2225,-687.75,0,Mph
2771.5,-688.75,0,Mph
2008.5,-681.75,0,Mph
2666,-676.25,0,Mph
2753.5,-682.25,0,Mph
2261,-671.75,0,Mph
2353.5,-671.25,0,Mph
2533,-669.25,0,Mph
2061,-668.25,0,Mph
2233,-661.25,0,Mph
2697,-660.75,0,Mph
2362.5,-659.75,0,Mph
2848.5,-2243.75,0,Mph
2881.5,-2216.25,0,Mph
2846.5,-2213.25,0,Mph
2792.5,-2208.25,0,Mph
2829,-2205.75,0,Mph
2811,-2195.75,0,Mph
2884,-2185.25,0,Mph
2800.5,-2182.25,0,Mph
2780.5,-2158.25,0,Mph
2919.5,-2150.25,0,Mph
2994.5,-2127.75,0,Mph
3006,-2120.75,0,Mph
2957.5,-2114.75,0,Mph
2974,-2115.25,0,Mph
2883.5,-2112.25,0,Mph
2883.5,-2098.75,0,Mph
2849.5,-2097.75,0,Mph
2854.5,-2082.75,0,Mph
2810,-2075.25,0,Mph
2882,-2075.75,0,Mph
3033.5,-2048.75,0,Mph
2922.5,-2048.75,0,Mph
2794,-2039.75,0,Mph
2814,-2042.75,0,Mph
2901.5,-2041.75,0,Mph
2917.5,-2017.75,0,Mph
2891.5,-2011.75,0,Mph
2859.5,-1988.75,0,Mph
2814,-1953.25,0,Mph
3010.5,-1938.75,0,Mph
2802,-1938.25,0,Mph
2779,-1930.75,0,Mph
2836.5,-1918.75,0,Mph
2929.5,-1912.25,0,Mph
3052,-1909.25,0,Mph
2964,-1895.25,0,Mph
2905.5,-1901.75,0,Mph
2944.5,-1896.75,0,Mph
2802.5,-1893.25,0,Mph
2874.5,-1880.25,0,Mph
2942,-1870.75,0,Mph
2847.5,-1860.25,0,Mph
3078,-1859.75,0,Mph
3053,-1850.25,0,Mph
2839.5,-1833.75,0,Mph
2914,-1835.75,0,Mph
3083,-1836.25,0,Mph
3037.5,-1833.75,0,Mph
2860,-1823.25,0,Mph
3047.5,-1820.25,0,Mph
3075,-1818.75,0,Mph
2920.5,-1805.25,0,Mph
3045,-1802.25,0,Mph
3068.5,-1793.25,0,Mph
3082.5,-1791.25,0,Mph
2862,-1789.25,0,Mph
2788,-1759.75,0,Mph
3045,-1753.25,0,Mph
3005,-1733.25,0,Mph
2797,-1732.25,0,Mph
3040.5,-1733.25,0,Mph
3115,-1721.75,0,Mph
3065.5,-1706.75,0,Mph
2778.5,-1679.75,0,Mph
3146,-1671.25,0,Mph
3035,-1668.25,0,Mph
2775.5,-1654.75,0,Mph
3220,-1648.25,0,Mph
3043,-1649.25,0,Mph
2789.5,-1635.75,0,Mph
3043.5,-1629.25,0,Mph
3232.5,-1619.25,0,Mph
3155.5,-1619.25,0,Mph
2792,-1614.75,0,Mph
3172,-1604.25,0,Mph
2776,-1599.25,0,Mph
3241,-1599.25,0,Mph
2844,-1589.75,0,Mph
3192.5,-1575.75,0,Mph
2887,-1574.25,0,Mph
3254.5,-1563.75,0,Mph
2892.5,-1554.75,0,Mph
2916,-1544.25,0,Mph
3264,-1537.25,0,Mph
3198.5,-1536.25,0,Mph
2854,-1514.25,0,Mph
3219,-1514.25,0,Mph
3233.5,-1510.25,0,Mph
3276,-1508.25,0,Mph
2961.5,-1503.75,0,Mph
2931.5,-1508.75,0,Mph
3163,-1502.75,0,Mph
3115,-1494.75,0,Mph
3186,-1494.75,0,Mph
2790,-1485.75,0,Mph
3284,-1480.25,0,Mph
3006,-1489.25,0,Mph
2930.5,-1487.75,0,Mph
2909,-1480.25,0,Mph
3216,-1482.75,0,Mph
3230.5,-1464.75,0,Mph
2973,-1463.25,0,Mph
2951.5,-1465.25,0,Mph
3248.5,-1447.75,0,Mph
3299,-1448.75,0,Mph
2914.5,-1430.25,0,Mph
2865,-1424.25,0,Mph
3172,-1412.75,0,Mph
3083.5,-1400.25,0,Mph
3317.5,-1397.25,0,Mph
2854,-1392.25,0,Mph
2953.5,-1383.75,0,Mph
3135,-1382.75,0,Mph
3327.5,-1375.75,0,Mph
3219,-1370.25,0,Mph
3282.5,-1371.75,0,Mph
3336,-1361.25,0,Mph
3246,-1356.25,0,Mph
3338.5,-1344.25,0,Mph
2877.5,-1339.75,0,Mph
3250.5,-1329.25,0,Mph
2933.5,-1330.75,0,Mph
3347.5,-1326.25,0,Mph
2955.5,-1323.25,0,Mph
3053,-1320.25,0,Mph
3313.5,-1315.25,0,Mph
2859.5,-1313.75,0,Mph
2814,-1311.25,0,Mph
2933,-1309.75,0,Mph
3118.5,-1301.75,0,Mph
3285.5,-1297.25,0,Mph
3186.5,-1294.25,0,Mph
3362.5,-1289.75,0,Mph
3053,-1284.75,0,Mph
3312,-1276.75,0,Mph
3371.5,-1260.25,0,Mph
2893.5,-1262.75,0,Mph
2912,-1259.25,0,Mph
3193.5,-1252.25,0,Mph
2973,-1254.25,0,Mph
3342.5,-1248.25,0,Mph
3243,-1248.25,0,Mph
3384.5,-1241.75,0,Mph
3051,-1229.25,0,Mph
3307.5,-1238.25,0,Mph
2939.5,-1226.25,0,Mph
2872,-1229.25,0,Mph
3390.5,-1228.75,0,Mph
2896,-1223.75,0,Mph
3106.5,-1218.25,0,Mph
3323,-1213.25,0,Mph
3394.5,-1212.25,0,Mph
3014.5,-1204.75,0,Mph
3059,-1203.75,0,Mph
2981.5,-1203.25,0,Mph
2891.5,-1194.75,0,Mph
2845,-1197.75,0,Mph
3408,-1191.25,0,Mph
2776.5,-1191.25,0,Mph
3343,-1181.25,0,Mph
2902.5,-1184.25,0,Mph
2955.5,-1171.75,0,Mph
2903.5,-1164.75,0,Mph
3417.5,-1160.75,0,Mph
3034,-1156.75,0,Mph
2989.5,-1150.25,0,Mph
2808,-1144.25,0,Mph
3349,-1141.25,0,Mph
2892.5,-1138.75,0,Mph
2937,-1138.25,0,Mph
3027,-1132.75,0,Mph
3433.5,-1122.75,0,Mph
3291.5,-1122.75,0,Mph
3076.5,-1116.25,0,Mph
3319,-1113.75,0,Mph
3355,-1114.75,0,Mph
2812,-1111.75,0,Mph
2835,-1109.25,0,Mph
2921.5,-1113.75,0,Mph
2940.5,-1111.25,0,Mph
2986,-1107.75,0,Mph
3298,-1107.75,0,Mph
2778,-1099.75,0,Mph
3438,-1097.25,0,Mph
3408,-1095.75,0,Mph
3125,-1086.75,0,Mph
3310,-1089.25,0,Mph
2943.5,-1084.75,0,Mph
3086.5,-1088.25,0,Mph
3287,-1085.25,0,Mph
2830.5,-1087.25,0,Mph
3449,-1079.75,0,Mph
2803.5,-1077.75,0,Mph
3388,-1080.25,0,Mph
3041.5,-1073.25,0,Mph
3312,-1069.25,0,Mph
2777.5,-1059.25,0,Mph
3125.5,-1059.25,0,Mph
3457.5,-1060.25,0,Mph
3183.5,-1052.25,0,Mph
3162.5,-1047.25,0,Mph
3061.5,-1048.75,0,Mph
3099.5,-1046.25,0,Mph
2941.5,-1045.25,0,Mph
3137.5,-1041.25,0,Mph
3465.5,-1041.25,0,Mph
3297.5,-1039.25,0,Mph
3039.5,-1028.25,0,Mph
3165,-1019.25,0,Mph
3451.5,-1015.25,0,Mph
3390,-1014.25,0,Mph
2996.5,-1013.75,0,Mph
3304,-1006.25,0,Mph
3335.5,-1004.75,0,Mph
2978.5,-993.25,0,Mph
3445,-984.25,0,Mph
3431,-991.75,0,Mph
2920.5,-989.25,0,Mph
3394,-982.25,0,Mph
3320.5,-978.75,0,Mph
3042,-977.75,0,Mph
3203,-965.75,0,Mph
3419,-975.75,0,Mph
2995,-971.25,0,Mph
3345,-966.25,0,Mph
3110,-965.25,0,Mph
2931,-956.25,0,Mph
3436,-954.25,0,Mph
3013,-944.25,0,Mph
3104.5,-942.25,0,Mph
2979.5,-935.75,0,Mph
2955,-934.75,0,Mph
3067.5,-930.25,0,Mph
3449.5,-928.25,0,Mph
3133.5,-924.75,0,Mph
3019.5,-917.25,0,Mph
2995,-915.25,0,Mph
3155,-907.75,0,Mph
3098,-900.75,0,Mph
3392.5,-903.75,0,Mph
3017,-887.75,0,Mph
3388,-884.75,0,Mph
3182,-883.75,0,Mph
2981,-877.75,0,Mph
2957.5,-871.75,0,Mph
3353,-871.25,0,Mph
3436,-855.75,0,Mph
3099,-846.75,0,Mph
3493,-847.25,0,Mph
3139.5,-847.75,0,Mph
2995,-836.25,0,Mph
2881.5,-832.25,0,Mph
2898.5,-831.25,0,Mph
3474.5,-816.75,0,Mph
2977,-817.75,0,Mph
2856.5,-804.25,0,Mph
3420.5,-802.75,0,Mph
3137,-793.25,0,Mph
3403,-799.75,0,Mph
3111.5,-779.25,0,Mph
3092,-775.75,0,Mph
2975.5,-759.25,0,Mph
3130.5,-766.75,0,Mph
3331.5,-764.75,0,Mph
3069,-760.75,0,Mph
3040,-757.75,0,Mph
3513,-759.75,0,Mph
3125.5,-756.25,0,Mph
3152,-756.75,0,Mph
3549,-745.75,0,Mph
3265,-747.25,0,Mph
3050,-744.25,0,Mph
2819.5,-738.75,0,Mph
3472.5,-716.75,0,Mph
3357.5,-717.25,0,Mph
3329,-717.25,0,Mph
3306.5,-714.25,0,Mph
2772.5,-711.75,0,Mph
3382,-704.25,0,Mph
2782,-697.75,0,Mph
3110.5,-694.75,0,Mph
3348.5,-680.25,0,Mph
3368,-683.75,0,Mph
2787,-670.25,0,Mph
3101,-653.75,0,Mph
3380.5,-653.25,0,Mph
-2247,-644.25,0,Mph
-2462,-644.75,0,Mph
-2563,-646.25,0,Mph
-2203.5,-644.75,0,Mph
-2520.5,-640.25,0,Mph
-2167,-631.25,0,Mph
-2221.5,-623.75,0,Mph
-2139,-617.75,0,Mph
-2457,-622.25,0,Mph
-2064.5,-621.25,0,Mph
-2482.5,-616.25,0,Mph
-2528.5,-613.75,0,Mph
-2242.5,-614.75,0,Mph
-2184.5,-611.25,0,Mph
-2110,-603.75,0,Mph
-2038.5,-594.75,0,Mph
-2173.5,-598.75,0,Mph
-2329,-595.25,0,Mph
-2509,-588.75,0,Mph
-2247.5,-588.25,0,Mph
-2310,-588.75,0,Mph
-2114.5,-586.75,0,Mph
-2432.5,-581.25,0,Mph
-2335.5,-577.75,0,Mph
-2304.5,-572.75,0,Mph
-2038,-571.25,0,Mph
-2228,-562.75,0,Mph
-2179.5,-568.25,0,Mph
-2414.5,-555.25,0,Mph
-2354,-550.25,0,Mph
-2187.5,-544.25,0,Mph
-2070,-548.25,0,Mph
-2126,-542.75,0,Mph
-2099.5,-538.25,0,Mph
-2039,-538.25,0,Mph
-2155.5,-534.25,0,Mph
-2269,-530.25,0,Mph
-2430,-526.25,0,Mph
-2363.5,-524.25,0,Mph
-2333.5,-506.25,0,Mph
-2091,-498.75,0,Mph
-2172,-496.75,0,Mph
-2362.5,-489.75,0,Mph
-2207,-486.75,0,Mph
-2334.5,-476.75,0,Mph
-2305.5,-468.25,0,Mph
-2070.5,-469.75,0,Mph
-2244.5,-462.25,0,Mph
-2118.5,-466.25,0,Mph
-2105,-458.75,0,Mph
-2229,-459.25,0,Mph
-2144,-447.25,0,Mph
-2110.5,-440.75,0,Mph
-2261.5,-432.75,0,Mph
-2052,-441.75,0,Mph
-2072.5,-440.75,0,Mph
-2209,-435.25,0,Mph
-2232,-431.25,0,Mph
-2193,-430.75,0,Mph
-2165.5,-421.25,0,Mph
-2085.5,-422.25,0,Mph
-2192.5,-408.75,0,Mph
-2175,-408.75,0,Mph
-2171.5,-395.75,0,Mph
-2032,-389.75,0,Mph
-2083.5,-375.25,0,Mph
-2054,-362.25,0,Mph
-2127.5,-362.25,0,Mph
-2043,-331.75,0,Mph
-2073.5,-280.75,0,Mph
-2034,-265.25,0,Mph
-2032.5,-246.25,0,Mph
-2061.5,-245.75,0,Mph
-2094.5,-216.25,0,Mph
-2064.5,-213.25,0,Mph
-2110.5,-190.25,0,Mph
-2080,-182.25,0,Mph
-2055,-181.25,0,Mph
-2071,-141.75,0,Mph
-2100.5,-141.75,0,Mph
-2038.5,-132.75,0,Mph
-2053.5,-111.25,0,Mph
-2052.5,-30.25,0,Mph
-2038.5,8.25,0,Mph
-2090,15.75,0,Mph
-2053.5,26.25,0,Mph
-2033.5,50.75,0,Mph
-2042,75.75,0,Mph
-1820.5,-646.75,0,Mph
-1564.5,-650.75,0,Mph
-1578,-651.25,0,Mph
-1838.5,-648.75,0,Mph
-1250.5,-649.75,0,Mph
-1423.5,-638.75,0,Mph
-1519.5,-630.25,0,Mph
-1241.5,-630.75,0,Mph
-1411.5,-627.75,0,Mph
-1421.5,-598.25,0,Mph
-1530.5,-605.75,0,Mph
-1927.5,-602.25,0,Mph
-1512.5,-604.75,0,Mph
-1235.5,-603.25,0,Mph
-1659.5,-586.25,0,Mph
-1837.5,-587.75,0,Mph
-1730,-583.75,0,Mph
-1548,-577.25,0,Mph
-1409.5,-579.25,0,Mph
-1871.5,-578.75,0,Mph
-1476.5,-573.25,0,Mph
-1606,-574.75,0,Mph
-2023.5,-571.75,0,Mph
-1801,-566.25,0,Mph
-1721,-567.75,0,Mph
-1454.5,-566.25,0,Mph
-1863,-561.25,0,Mph
-1997,-555.75,0,Mph
-1411,-555.25,0,Mph
-1447.5,-551.75,0,Mph
-1919.5,-549.75,0,Mph
-1538.5,-541.25,0,Mph
-1998.5,-528.25,0,Mph
-1981.5,-527.25,0,Mph
-1559,-512.75,0,Mph
-1548.5,-517.25,0,Mph
-1466,-510.75,0,Mph
-1380,-510.25,0,Mph
-1606,-503.25,0,Mph
-1311,-499.25,0,Mph
-1331.5,-506.75,0,Mph
-1662,-505.25,0,Mph
-1432.5,-487.25,0,Mph
-1879.5,-502.25,0,Mph
-1663,-483.75,0,Mph
-1964.5,-477.25,0,Mph
-1946,-475.25,0,Mph
-1722.5,-462.75,0,Mph
-1926.5,-459.25,0,Mph
-2016,-458.75,0,Mph
-1956,-453.75,0,Mph
-1909.5,-453.75,0,Mph
-1718,-430.25,0,Mph
-1476,-425.75,0,Mph
-1460.5,-417.25,0,Mph
-1796,-412.25,0,Mph
-2013,-412.75,0,Mph
-1415,-398.25,0,Mph
-1432,-399.75,0,Mph
-1779,-392.25,0,Mph
-1321.5,-392.25,0,Mph
-1456.5,-391.75,0,Mph
-1697.5,-392.75,0,Mph
-1721.5,-388.75,0,Mph
-1283,-384.25,0,Mph
-1255,-379.25,0,Mph
-1738.5,-371.75,0,Mph
-1714.5,-360.75,0,Mph
-1562,-354.75,0,Mph
-1470.5,-346.25,0,Mph
-1943.5,-334.75,0,Mph
-1334,-340.25,0,Mph
-1629.5,-330.25,0,Mph
-1534.5,-339.75,0,Mph
-1555,-335.25,0,Mph
-1608.5,-334.75,0,Mph
-1541,-323.25,0,Mph
-1964.5,-316.25,0,Mph
-1389,-309.75,0,Mph
-1452.5,-301.25,0,Mph
-1963,-295.25,0,Mph
-1418.5,-298.25,0,Mph
-1944,-290.75,0,Mph
-1261,-292.25,0,Mph
-2003,-287.25,0,Mph
-1699.5,-275.75,0,Mph
-1389,-276.75,0,Mph
-1782,-271.75,0,Mph
-1961.5,-260.75,0,Mph
-1797,-250.25,0,Mph
-1629.5,-258.25,0,Mph
-1246.5,-251.75,0,Mph
-1813.5,-245.75,0,Mph
-1995,-250.75,0,Mph
-1740.5,-248.75,0,Mph
-1715.5,-245.75,0,Mph
-1971,-241.25,0,Mph
-1843.5,-227.75,0,Mph
-1574.5,-220.25,0,Mph
-1987.5,-218.25,0,Mph
-1283.5,-213.25,0,Mph
-1330,-206.25,0,Mph
-1256,-203.25,0,Mph
-1894.5,-197.25,0,Mph
-1723,-192.75,0,Mph
-1534,-194.25,0,Mph
-1619.5,-187.25,0,Mph
-1679.5,-175.25,0,Mph
-1640.5,-175.75,0,Mph
-1709.5,-169.25,0,Mph
-2026.5,-171.25,0,Mph
-1498.5,-168.25,0,Mph
-1962,-164.75,0,Mph
-1888.5,-164.25,0,Mph
-1696,-158.25,0,Mph
-1638,-157.75,0,Mph
-1300,-151.25,0,Mph
-1798.5,-150.25,0,Mph
-1885,-145.75,0,Mph
-1663.5,-148.25,0,Mph
-1952.5,-148.75,0,Mph
-1621,-145.75,0,Mph
-1638.5,-134.25,0,Mph
-1611,-135.75,0,Mph
-1589,-135.75,0,Mph
-1779.5,-127.75,0,Mph
-1801,-126.75,0,Mph
-1814.5,-123.25,0,Mph
-1362,-121.25,0,Mph
-1437.5,-123.25,0,Mph
-1845,-119.75,0,Mph
-1859.5,-106.75,0,Mph
-1420,-107.25,0,Mph
-1691,-99.75,0,Mph
-1632.5,-108.25,0,Mph
-1955,-106.25,0,Mph
-1899,-95.25,0,Mph
-1480.5,-97.75,0,Mph
-1432.5,-97.25,0,Mph
-1428,-80.75,0,Mph
-1515,-78.75,0,Mph
-1287,-72.75,0,Mph
-1549,-69.75,0,Mph
-1533.5,-54.25,0,Mph
-1385.5,-58.75,0,Mph
-1476,-55.25,0,Mph
-1772,-58.25,0,Mph
-1354.5,-48.75,0,Mph
-1511,-44.25,0,Mph
-1244,-48.25,0,Mph
-1862,-43.25,0,Mph
-1953.5,-42.25,0,Mph
-1770.5,-36.25,0,Mph
-1791,-33.25,0,Mph
-1749,-26.75,0,Mph
-1475,-29.25,0,Mph
-1234,-32.25,0,Mph
-1958,-27.25,0,Mph
-1857.5,-26.25,0,Mph
-1455.5,-13.25,0,Mph
-1873,-16.75,0,Mph
-1892,-16.75,0,Mph
-1234,-11.75,0,Mph
-1986,-6.25,0,Mph
-1485.5,-5.75,0,Mph
-1369.5,-8.25,0,Mph
-1953,-6.75,0,Mph
-1766,-2.75,0,Mph
-1860,-0.25,0,Mph
-1839.5,4.25,0,Mph
-1677,14.25,0,Mph
-1476,14.75,0,Mph
-1852,12.25,0,Mph
-1940.5,16.75,0,Mph
-1732.5,14.75,0,Mph
-1374.5,15.75,0,Mph
-1551.5,24.25,0,Mph
-1719.5,24.75,0,Mph
-1792.5,24.25,0,Mph
-1761.5,25.75,0,Mph
-1511.5,32.75,0,Mph
-1352.5,34.25,0,Mph
-1819.5,31.25,0,Mph
-1314,36.25,0,Mph
-1972.5,39.75,0,Mph
-1843,38.25,0,Mph
-1478.5,42.75,0,Mph
-1790,41.25,0,Mph
-1715.5,40.75,0,Mph
-1617,44.25,0,Mph
-1371,39.75,0,Mph
-1693.5,47.25,0,Mph
-1900,48.75,0,Mph
-1819.5,55.75,0,Mph
-1598,60.25,0,Mph
-1538,47.25,0,Mph
-1306,58.25,0,Mph
-1655,52.25,0,Mph
-1836.5,58.75,0,Mph
-1236.5,55.25,0,Mph
-1865.5,63.25,0,Mph
-1670.5,57.25,0,Mph
-1258.5,65.75,0,Mph
-2020.5,66.25,0,Mph
-1970.5,70.25,0,Mph
-1949,81.25,0,Mph
-1552.5,74.25,0,Mph
-1906.5,81.25,0,Mph
-1246.5,75.25,0,Mph
-1337,72.75,0,Mph
-1885.5,80.25,0,Mph
-1996,83.25,0,Mph
-1666,84.25,0,Mph
-1342.5,91.25,0,Mph
-1373.5,93.25,0,Mph
-1800,98.25,0,Mph
-1237.5,104.75,0,Mph
-1914.5,102.75,0,Mph
-1523.5,107.25,0,Mph
-1993.5,108.25,0,Mph
-1845.5,113.75,0,Mph
-1559,113.25,0,Mph
-1424.5,113.75,0,Mph
-1341.5,116.25,0,Mph
-1934,120.25,0,Mph
-1914,119.75,0,Mph
-1446,131.75,0,Mph
-1810,128.25,0,Mph
-1870,132.25,0,Mph
-1420,135.75,0,Mph
-1844,139.25,0,Mph
-1524,145.25,0,Mph
-1466,140.25,0,Mph
-1363,146.75,0,Mph
-1136.5,-649.75,0,Mph
-557.5,-647.25,0,Mph
-1082.5,-641.75,0,Mph
-781,-643.25,0,Mph
-625,-623.75,0,Mph
-726.5,-633.25,0,Mph
-547,-632.25,0,Mph
-743,-632.75,0,Mph
-770.5,-619.75,0,Mph
-511,-617.75,0,Mph
-891,-613.75,0,Mph
-787.5,-607.25,0,Mph
-919.5,-605.75,0,Mph
-1144,-599.75,0,Mph
-663.5,-604.75,0,Mph
-750,-585.25,0,Mph
-694,-579.75,0,Mph
-724.5,-579.25,0,Mph
-1103,-580.75,0,Mph
-655.5,-572.75,0,Mph
-905,-574.25,0,Mph
-677.5,-568.25,0,Mph
-791,-569.25,0,Mph
-1003.5,-567.25,0,Mph
-759,-561.25,0,Mph
-1049.5,-559.75,0,Mph
-885,-560.25,0,Mph
-668,-558.75,0,Mph
-1129.5,-548.75,0,Mph
-786.5,-554.75,0,Mph
-573.5,-555.25,0,Mph
-980.5,-552.25,0,Mph
-537.5,-543.75,0,Mph
-717.5,-539.75,0,Mph
-656,-545.75,0,Mph
-1101,-542.25,0,Mph
-1053.5,-532.75,0,Mph
-1000.5,-530.25,0,Mph
-1107.5,-522.75,0,Mph
-928.5,-516.75,0,Mph
-770.5,-520.25,0,Mph
-605.5,-507.75,0,Mph
-1018.5,-498.75,0,Mph
-694.5,-499.25,0,Mph
-1136.5,-486.75,0,Mph
-967,-494.75,0,Mph
-582,-494.25,0,Mph
-983,-483.25,0,Mph
-946,-483.75,0,Mph
-1146,-481.25,0,Mph
-576,-482.75,0,Mph
-889,-481.75,0,Mph
-561.5,-480.25,0,Mph
-548,-478.25,0,Mph
-875,-475.75,0,Mph
-840,-476.25,0,Mph
-819,-475.25,0,Mph
-532.5,-469.25,0,Mph
-796.5,-458.75,0,Mph
-602.5,-466.75,0,Mph
-619.5,-462.75,0,Mph
-871,-460.25,0,Mph
-580,-459.75,0,Mph
-556.5,-456.75,0,Mph
-643.5,-451.75,0,Mph
-719,-448.25,0,Mph
-595.5,-443.25,0,Mph
-868,-438.25,0,Mph
-843.5,-443.25,0,Mph
-544.5,-437.25,0,Mph
-578,-431.75,0,Mph
-881.5,-425.25,0,Mph
-1137.5,-418.25,0,Mph
-882.5,-405.75,0,Mph
-1025,-410.25,0,Mph
-955.5,-406.25,0,Mph
-787.5,-407.25,0,Mph
-532,-393.75,0,Mph
-507,-385.75,0,Mph
-859,-381.25,0,Mph
-513.5,-367.75,0,Mph
-885.5,-357.75,0,Mph
-858.5,-359.25,0,Mph
-802.5,-339.75,0,Mph
-991,-342.75,0,Mph
-920.5,-333.75,0,Mph
-1218.5,-322.25,0,Mph
-901.5,-327.25,0,Mph
-638,-327.75,0,Mph
-564,-323.25,0,Mph
-1076.5,-314.25,0,Mph
-785,-318.25,0,Mph
-1194.5,-309.25,0,Mph
-1154,-303.25,0,Mph
-968.5,-298.25,0,Mph
-677.5,-293.25,0,Mph
-650,-295.75,0,Mph
-700.5,-286.25,0,Mph
-897,-278.75,0,Mph
-1096,-270.75,0,Mph
-1081.5,-266.75,0,Mph
-990,-267.75,0,Mph
-1114.5,-256.25,0,Mph
-1225,-253.75,0,Mph
-901,-255.25,0,Mph
-929.5,-248.75,0,Mph
-478.5,-223.75,0,Mph
-441.5,-228.25,0,Mph
-776.5,-212.25,0,Mph
-923,-194.25,0,Mph
-761,-204.25,0,Mph
-593.5,-193.25,0,Mph
-599.5,-165.75,0,Mph
-580,-165.75,0,Mph
-957.5,-160.25,0,Mph
-902,-152.75,0,Mph
-1216.5,-140.25,0,Mph
-474.5,-138.75,0,Mph
-1026,-138.25,0,Mph
-1195,-136.25,0,Mph
-461.5,-125.75,0,Mph
-1145.5,-118.25,0,Mph
-874.5,-119.75,0,Mph
-914.5,-111.75,0,Mph
-447,-105.25,0,Mph
-709,-97.75,0,Mph
-927.5,-96.75,0,Mph
-674.5,-101.25,0,Mph
-472,-101.75,0,Mph
-818.5,-88.25,0,Mph
-480,-89.75,0,Mph
-1045,-89.25,0,Mph
-911,-89.25,0,Mph
-1205.5,-86.25,0,Mph
-464,-80.25,0,Mph
-1085.5,-79.25,0,Mph
-684,-79.75,0,Mph
-750,-75.25,0,Mph
-804,-62.75,0,Mph
-552,-67.25,0,Mph
-1118,-63.75,0,Mph
-656,-54.75,0,Mph
-1199.5,-56.25,0,Mph
-1104,-56.75,0,Mph
-1138,-45.75,0,Mph
-1201.5,-41.75,0,Mph
-773.5,-36.25,0,Mph
-1092,-37.75,0,Mph
-751,-39.75,0,Mph
-454.5,-36.25,0,Mph
-825.5,-28.75,0,Mph
-1174.5,-23.75,0,Mph
-955,-20.25,0,Mph
-1084.5,-16.25,0,Mph
-464.5,-14.75,0,Mph
-584,-4.25,0,Mph
-497.5,2.25,0,Mph
-1042.5,7.25,0,Mph
-465.5,2.75,0,Mph
-608,16.25,0,Mph
-521.5,20.75,0,Mph
-707.5,28.25,0,Mph
-773,25.25,0,Mph
-656.5,34.75,0,Mph
-628.5,35.25,0,Mph
-1047,35.75,0,Mph
-473,39.75,0,Mph
-1174,42.25,0,Mph
-496.5,38.25,0,Mph
-850.5,44.25,0,Mph
-547,50.75,0,Mph
-1195,50.25,0,Mph
-610,60.25,0,Mph
-1118.5,60.25,0,Mph
-639,57.25,0,Mph
-944.5,58.75,0,Mph
-515.5,60.25,0,Mph
-1143.5,60.25,0,Mph
-1026,63.25,0,Mph
-839.5,60.25,0,Mph
-682,65.25,0,Mph
-756.5,63.25,0,Mph
-469,63.25,0,Mph
-561.5,65.75,0,Mph
-653,73.75,0,Mph
-450.5,73.75,0,Mph
-1108.5,73.75,0,Mph
-984,74.25,0,Mph
-746,88.75,0,Mph
-780.5,87.75,0,Mph
-713,91.75,0,Mph
-498,96.75,0,Mph
-439.5,99.75,0,Mph
-1019,103.25,0,Mph
-545.5,102.75,0,Mph
-584.5,101.25,0,Mph
-772.5,107.25,0,Mph
-687.5,113.25,0,Mph
-815.5,119.75,0,Mph
-602,119.75,0,Mph
-578.5,121.25,0,Mph
-1036,129.75,0,Mph
-627,122.75,0,Mph
-518,125.75,0,Mph
-753,129.25,0,Mph
-782,130.75,0,Mph
-802.5,132.75,0,Mph
-965.5,134.75,0,Mph
-510,136.25,0,Mph
-1023,145.75,0,Mph
-982.5,146.25,0,Mph
-306.5,-650.25,0,Mph
-27,-644.75,0,Mph
-375,-641.75,0,Mph
-113.5,-639.75,0,Mph
213.5,-640.75,0,Mph
76.5,-628.25,0,Mph
-299.5,-629.75,0,Mph
283.5,-624.75,0,Mph
-330,-623.25,0,Mph
-40,-620.25,0,Mph
-368,-616.75,0,Mph
-352.5,-614.25,0,Mph
-299,-609.25,0,Mph
-86,-605.25,0,Mph
338,-594.25,0,Mph
130,-597.25,0,Mph
-12.5,-581.25,0,Mph
-318,-568.25,0,Mph
138,-563.25,0,Mph
-50.5,-565.75,0,Mph
252,-565.25,0,Mph
66.5,-558.25,0,Mph
159,-557.75,0,Mph
-146,-536.25,0,Mph
-87.5,-535.25,0,Mph
344.5,-505.75,0,Mph
111,-497.75,0,Mph
236,-492.75,0,Mph
67,-486.75,0,Mph
-302,-465.75,0,Mph
320,-476.75,0,Mph
-384.5,-461.75,0,Mph
-333.5,-452.25,0,Mph
55.5,-457.75,0,Mph
67.5,-435.25,0,Mph
6.5,-421.75,0,Mph
309,-427.75,0,Mph
-304.5,-415.25,0,Mph
256.5,-401.25,0,Mph
214.5,-407.25,0,Mph
-264,-406.75,0,Mph
-379.5,-403.25,0,Mph
-194,-398.75,0,Mph
130,-391.75,0,Mph
-160.5,-395.25,0,Mph
-179,-394.75,0,Mph
-141,-393.25,0,Mph
236,-389.25,0,Mph
-387.5,-385.75,0,Mph
-417.5,-383.25,0,Mph
153,-381.75,0,Mph
-309.5,-365.75,0,Mph
-268.5,-368.75,0,Mph
-138,-364.25,0,Mph
247.5,-367.75,0,Mph
-419,-358.25,0,Mph
-73,-352.75,0,Mph
135,-354.75,0,Mph
-155.5,-348.75,0,Mph
-116.5,-345.75,0,Mph
-210.5,-337.75,0,Mph
345.5,-327.25,0,Mph
-150,-316.25,0,Mph
-39,-311.75,0,Mph
-124,-310.75,0,Mph
-295,-299.75,0,Mph
-274.5,-300.25,0,Mph
-234,-302.25,0,Mph
180,-295.75,0,Mph
151.5,-292.25,0,Mph
-249,-292.25,0,Mph
194.5,-292.25,0,Mph
-72,-287.75,0,Mph
349.5,-282.75,0,Mph
-227,-277.25,0,Mph
-195,-282.75,0,Mph
-263.5,-271.25,0,Mph
362,-268.25,0,Mph
-246,-256.25,0,Mph
-202.5,-258.25,0,Mph
-217.5,-256.25,0,Mph
-1.5,-246.25,0,Mph
-397.5,-242.25,0,Mph
-378.5,-240.25,0,Mph
-178,-236.75,0,Mph
42,-227.75,0,Mph
294,-235.25,0,Mph
-108.5,-223.75,0,Mph
323.5,-225.75,0,Mph
-336.5,-222.75,0,Mph
-57.5,-220.25,0,Mph
-180.5,-216.25,0,Mph
284,-203.75,0,Mph
-323.5,-207.75,0,Mph
-301,-205.25,0,Mph
-226.5,-202.25,0,Mph
78.5,-205.25,0,Mph
-164,-197.25,0,Mph
-399.5,-197.75,0,Mph
-386,-191.75,0,Mph
232,-189.75,0,Mph
-301.5,-187.25,0,Mph
-61.5,-182.75,0,Mph
7,-179.75,0,Mph
-369,-176.75,0,Mph
-176.5,-175.25,0,Mph
-133,-176.25,0,Mph
-214,-172.25,0,Mph
164,-168.25,0,Mph
-114.5,-164.75,0,Mph
75,-167.75,0,Mph
-19,-150.25,0,Mph
-203,-152.75,0,Mph
-232,-150.75,0,Mph
316,-146.25,0,Mph
72,-147.75,0,Mph
2,-132.25,0,Mph
-185.5,-132.25,0,Mph
61,-130.75,0,Mph
-345.5,-132.25,0,Mph
244.5,-129.75,0,Mph
-95,-116.25,0,Mph
-366.5,-120.75,0,Mph
-74.5,-120.25,0,Mph
139.5,-115.75,0,Mph
37.5,-104.75,0,Mph
-242.5,-104.75,0,Mph
-424,-102.25,0,Mph
337,-105.75,0,Mph
222.5,-99.75,0,Mph
-277,-91.25,0,Mph
255.5,-87.75,0,Mph
312.5,-87.75,0,Mph
348,-85.25,0,Mph
-193.5,-77.75,0,Mph
-4.5,-80.75,0,Mph
-215,-78.25,0,Mph
327.5,-76.75,0,Mph
364,-78.75,0,Mph
-234,-72.75,0,Mph
234.5,-73.25,0,Mph
262.5,-63.25,0,Mph
-184,-57.75,0,Mph
-306.5,-49.75,0,Mph
-91.5,-43.75,0,Mph
-67.5,-46.75,0,Mph
-397,-38.25,0,Mph
-255.5,-41.75,0,Mph
-385,-27.75,0,Mph
-325.5,-24.75,0,Mph
-281.5,-20.25,0,Mph
-274,-8.25,0,Mph
171.5,-10.75,0,Mph
-318.5,5.25,0,Mph
-100.5,3.75,0,Mph
-130.5,8.75,0,Mph
194.5,12.25,0,Mph
-259,17.25,0,Mph
-206.5,18.75,0,Mph
156.5,24.25,0,Mph
-245,28.25,0,Mph
128.5,40.75,0,Mph
-186,35.75,0,Mph
-325,36.25,0,Mph
-212.5,53.25,0,Mph
293.5,50.75,0,Mph
-29.5,59.75,0,Mph
-278.5,68.75,0,Mph
-143.5,74.25,0,Mph
-331.5,77.75,0,Mph
81,81.75,0,Mph
-258,88.75,0,Mph
249.5,110.25,0,Mph
-426.5,111.75,0,Mph
204,117.75,0,Mph
-236.5,124.25,0,Mph
175.5,127.75,0,Mph
13.5,131.25,0,Mph
-161,130.25,0,Mph
219.5,139.75,0,Mph
253.5,142.25,0,Mph
-176.5,142.25,0,Mph
25.5,139.75,0,Mph
566,-651.25,0,Mph
398.5,-649.75,0,Mph
717.5,-646.25,0,Mph
537.5,-641.75,0,Mph
382.5,-634.75,0,Mph
585,-634.25,0,Mph
559.5,-627.75,0,Mph
1124,-624.25,0,Mph
760,-614.75,0,Mph
775.5,-612.25,0,Mph
1165.5,-605.75,0,Mph
1120.5,-598.25,0,Mph
739,-599.25,0,Mph
459.5,-596.25,0,Mph
702,-587.75,0,Mph
988,-596.25,0,Mph
788,-591.75,0,Mph
1126.5,-585.75,0,Mph
1007.5,-583.25,0,Mph
803.5,-578.25,0,Mph
748.5,-579.25,0,Mph
1115.5,-566.75,0,Mph
634,-561.75,0,Mph
755,-549.25,0,Mph
555,-551.25,0,Mph
811.5,-546.75,0,Mph
671,-543.25,0,Mph
1115.5,-484.75,0,Mph
1140.5,-469.75,0,Mph
1087,-464.25,0,Mph
401,-455.75,0,Mph
717.5,-454.75,0,Mph
1135,-450.75,0,Mph
923.5,-445.25,0,Mph
1171,-451.25,0,Mph
1093,-444.75,0,Mph
530.5,-441.75,0,Mph
1082.5,-422.75,0,Mph
1045,-405.25,0,Mph
1065.5,-403.25,0,Mph
790,-400.75,0,Mph
958,-400.75,0,Mph
998.5,-400.75,0,Mph
484,-398.75,0,Mph
819.5,-389.75,0,Mph
386.5,-387.25,0,Mph
858.5,-385.25,0,Mph
766,-385.25,0,Mph
1010,-383.25,0,Mph
892.5,-374.25,0,Mph
926,-371.25,0,Mph
1171.5,-363.75,0,Mph
1014.5,-361.75,0,Mph
821,-364.25,0,Mph
933.5,-357.25,0,Mph
695.5,-358.75,0,Mph
755,-351.75,0,Mph
1109,-353.25,0,Mph
1033,-349.75,0,Mph
586,-348.75,0,Mph
826,-345.25,0,Mph
811.5,-340.25,0,Mph
792,-334.75,0,Mph
937,-340.25,0,Mph
918.5,-324.75,0,Mph
640.5,-333.75,0,Mph
681,-323.25,0,Mph
740.5,-323.75,0,Mph
481.5,-314.25,0,Mph
1036,-311.25,0,Mph
691.5,-300.25,0,Mph
721,-301.25,0,Mph
1124,-282.75,0,Mph
567,-277.75,0,Mph
986.5,-264.25,0,Mph
907,-254.75,0,Mph
577.5,-252.75,0,Mph
737.5,-247.25,0,Mph
389.5,-249.25,0,Mph
748,-237.75,0,Mph
560,-231.75,0,Mph
863,-232.25,0,Mph
847.5,-222.75,0,Mph
578.5,-224.25,0,Mph
887.5,-218.25,0,Mph
1074,-212.25,0,Mph
658,-206.75,0,Mph
753,-208.25,0,Mph
1096,-199.75,0,Mph
763.5,-196.75,0,Mph
1051,-192.75,0,Mph
725,-196.75,0,Mph
1111.5,-189.75,0,Mph
1132.5,-190.75,0,Mph
744,-189.75,0,Mph
929,-185.75,0,Mph
1038,-183.75,0,Mph
1076,-176.75,0,Mph
730,-181.75,0,Mph
953.5,-162.25,0,Mph
1127.5,-167.75,0,Mph
1053,-155.75,0,Mph
870,-157.75,0,Mph
1026.5,-149.25,0,Mph
1064,-148.25,0,Mph
1110,-143.25,0,Mph
643,-135.25,0,Mph
881,-137.75,0,Mph
910,-136.25,0,Mph
961.5,-133.75,0,Mph
711,-128.75,0,Mph
1011.5,-121.75,0,Mph
1032,-120.75,0,Mph
933,-115.75,0,Mph
1069,-122.25,0,Mph
805,-115.25,0,Mph
724,-116.25,0,Mph
913,-118.75,0,Mph
747.5,-117.75,0,Mph
821,-114.75,0,Mph
1099.5,-86.25,0,Mph
682,-58.75,0,Mph
478.5,-49.75,0,Mph
929,-50.75,0,Mph
451.5,-44.75,0,Mph
498.5,-42.75,0,Mph
1087.5,-36.25,0,Mph
457,-24.25,0,Mph
488,-19.75,0,Mph
1097.5,-19.75,0,Mph
1081,-15.75,0,Mph
476.5,-5.25,0,Mph
756.5,3.75,0,Mph
513.5,3.75,0,Mph
987.5,6.75,0,Mph
1114,12.75,0,Mph
486.5,16.75,0,Mph
510,23.75,0,Mph
982.5,24.25,0,Mph
954.5,28.25,0,Mph
404.5,38.25,0,Mph
532.5,43.25,0,Mph
963.5,53.25,0,Mph
1090.5,53.75,0,Mph
452,59.75,0,Mph
1080.5,63.25,0,Mph
943,79.25,0,Mph
862,90.25,0,Mph
417.5,109.75,0,Mph
863,112.25,0,Mph
401.5,117.25,0,Mph
456.5,118.25,0,Mph
884.5,128.25,0,Mph
899.5,138.75,0,Mph
1923.5,-622.75,0,Mph
1830,-614.75,0,Mph
1943.5,-606.25,0,Mph
1884.5,-599.75,0,Mph
1337.5,-566.25,0,Mph
1405.5,-562.25,0,Mph
1816,-533.25,0,Mph
1895.5,-534.75,0,Mph
1918.5,-530.75,0,Mph
1829,-524.75,0,Mph
1930.5,-507.25,0,Mph
1600.5,-500.25,0,Mph
1661.5,-488.25,0,Mph
1690.5,-487.25,0,Mph
1840.5,-486.75,0,Mph
1681.5,-472.25,0,Mph
1645,-457.25,0,Mph
1656,-449.75,0,Mph
1263.5,-439.25,0,Mph
1961,-447.75,0,Mph
1211.5,-424.75,0,Mph
1716,-429.25,0,Mph
1684.5,-427.75,0,Mph
1567,-419.25,0,Mph
1220,-414.25,0,Mph
1554.5,-412.75,0,Mph
1620,-406.75,0,Mph
1661.5,-402.75,0,Mph
1672.5,-389.25,0,Mph
1538.5,-377.25,0,Mph
1966,-366.25,0,Mph
1856.5,-368.25,0,Mph
1936.5,-357.25,0,Mph
1183.5,-354.75,0,Mph
1209.5,-357.75,0,Mph
1594,-348.75,0,Mph
1616.5,-344.25,0,Mph
1574,-332.75,0,Mph
1677,-330.75,0,Mph
1949.5,-335.75,0,Mph
1944.5,-323.75,0,Mph
1965.5,-324.25,0,Mph
1786,-307.25,0,Mph
1224,-298.25,0,Mph
1415.5,-261.25,0,Mph
1205,-257.75,0,Mph
1581,-249.75,0,Mph
1520.5,-253.25,0,Mph
1531.5,-241.75,0,Mph
1655,-233.25,0,Mph
1807,-226.75,0,Mph
1883.5,-232.75,0,Mph
1220,-230.75,0,Mph
1200,-229.75,0,Mph
1881.5,-211.25,0,Mph
1637.5,-200.75,0,Mph
1511,-172.25,0,Mph
1643.5,-168.25,0,Mph
1524,-165.25,0,Mph
1451.5,-156.25,0,Mph
1669.5,-151.75,0,Mph
1462.5,-149.75,0,Mph
1696,-145.75,0,Mph
1410.5,-140.25,0,Mph
1683,-136.25,0,Mph
1378,-132.75,0,Mph
1668.5,-123.75,0,Mph
1686.5,-121.25,0,Mph
1443.5,-121.25,0,Mph
1386.5,-113.25,0,Mph
1545.5,-111.75,0,Mph
1906.5,-105.75,0,Mph
1465.5,-103.25,0,Mph
1366,-88.25,0,Mph
1472,-71.75,0,Mph
1451.5,-72.75,0,Mph
1189.5,-66.25,0,Mph
1211.5,-35.75,0,Mph
1633,-32.25,0,Mph
1587,-21.75,0,Mph
1244.5,-21.25,0,Mph
1543.5,-13.25,0,Mph
1928.5,-17.75,0,Mph
1652,-21.75,0,Mph
1668.5,-18.25,0,Mph
1909,0.75,0,Mph
1924.5,0.25,0,Mph
1629.5,10.25,0,Mph
1728,20.75,0,Mph
1917.5,15.25,0,Mph
1239.5,28.75,0,Mph
1942.5,39.75,0,Mph
1920,40.25,0,Mph
1655.5,38.75,0,Mph
1248,48.25,0,Mph
1284.5,50.25,0,Mph
1672.5,45.25,0,Mph
1812.5,59.25,0,Mph
1500,69.25,0,Mph
1356,76.75,0,Mph
1606,79.25,0,Mph
1206,89.75,0,Mph
1222.5,85.25,0,Mph
1932,80.25,0,Mph
1248,119.25,0,Mph
1478.5,121.75,0,Mph
1220.5,130.75,0,Mph
1245.5,141.75,0,Mph
1823.5,143.75,0,Mph
2369,-645.75,0,Mph
2532,-638.25,0,Mph
2238.5,-637.25,0,Mph
2698,-625.75,0,Mph
2148,-628.25,0,Mph
2551.5,-630.75,0,Mph
2289,-625.25,0,Mph
2565.5,-618.25,0,Mph
2065.5,-614.75,0,Mph
2079.5,-612.75,0,Mph
2516,-610.25,0,Mph
2263.5,-618.25,0,Mph
2579.5,-614.25,0,Mph
2704,-602.75,0,Mph
2588,-598.75,0,Mph
2414.5,-589.75,0,Mph
2508.5,-581.25,0,Mph
2696,-580.25,0,Mph
2541,-585.25,0,Mph
2625.5,-574.75,0,Mph
2425.5,-570.25,0,Mph
2581,-572.25,0,Mph
2641,-566.25,0,Mph
2471.5,-560.75,0,Mph
2673,-559.25,0,Mph
2406,-554.75,0,Mph
2316.5,-551.75,0,Mph
2598.5,-550.25,0,Mph
2433,-550.25,0,Mph
2517,-553.25,0,Mph
2694.5,-544.75,0,Mph
2641,-548.25,0,Mph
2677.5,-540.25,0,Mph
2692.5,-501.75,0,Mph
2574,-496.25,0,Mph
2247.5,-482.75,0,Mph
2700,-480.75,0,Mph
2213.5,-457.25,0,Mph
1980.5,-456.25,0,Mph
2001.5,-449.25,0,Mph
2508,-442.25,0,Mph
2528,-437.75,0,Mph
2217,-438.25,0,Mph
2244,-416.25,0,Mph
2660,-401.25,0,Mph
2543,-382.75,0,Mph
2330.5,-380.25,0,Mph
2595.5,-382.25,0,Mph
2764.5,-377.25,0,Mph
2491,-365.75,0,Mph
2317,-353.25,0,Mph
2235,-345.75,0,Mph
2488.5,-340.75,0,Mph
2190,-337.75,0,Mph
2523,-335.75,0,Mph
2215.5,-335.75,0,Mph
2277.5,-325.75,0,Mph
2466.5,-319.25,0,Mph
2494,-305.25,0,Mph
2465.5,-304.25,0,Mph
2324,-294.25,0,Mph
2080.5,-253.25,0,Mph
2337,-240.75,0,Mph
2400.5,-247.25,0,Mph
2425,-237.75,0,Mph
2161,-237.75,0,Mph
2083.5,-232.25,0,Mph
2611.5,-227.25,0,Mph
2116,-221.25,0,Mph
2434.5,-223.75,0,Mph
2328.5,-219.25,0,Mph
2134.5,-200.75,0,Mph
2068.5,-188.25,0,Mph
1973.5,-186.75,0,Mph
2010,-182.75,0,Mph
2087.5,-181.25,0,Mph
2371,-167.75,0,Mph
2457,-159.75,0,Mph
2674,-151.25,0,Mph
2641,-134.75,0,Mph
2067.5,-110.25,0,Mph
2084.5,-77.25,0,Mph
2102.5,-75.75,0,Mph
2388.5,-64.75,0,Mph
2351,-45.75,0,Mph
2673,-21.25,0,Mph
2656,-22.75,0,Mph
1978,-15.75,0,Mph
2474,-9.75,0,Mph
2077.5,1.75,0,Mph
2273.5,-6.75,0,Mph
2291,-6.75,0,Mph
2299,11.75,0,Mph
2316.5,27.75,0,Mph
2078.5,33.75,0,Mph
2332.5,41.25,0,Mph
2091.5,43.75,0,Mph
2356,62.25,0,Mph
2082.5,66.25,0,Mph
2393,73.25,0,Mph
2753.5,83.25,0,Mph
2410.5,89.75,0,Mph
2203,96.75,0,Mph
2272.5,98.25,0,Mph
2179.5,105.75,0,Mph
2372.5,109.25,0,Mph
2278,112.75,0,Mph
2533.5,116.25,0,Mph
2515,140.75,0,Mph
2789.5,-651.75,0,Mph
3379,-634.25,0,Mph
3105,-633.25,0,Mph
2965,-630.75,0,Mph
3117.5,-610.75,0,Mph
3475.5,-614.75,0,Mph
3402.5,-607.75,0,Mph
2823.5,-597.25,0,Mph
2877.5,-599.75,0,Mph
3487.5,-599.25,0,Mph
2798,-596.25,0,Mph
3047,-596.25,0,Mph
2777,-586.75,0,Mph
2791.5,-573.25,0,Mph
2773,-569.25,0,Mph
2948,-566.75,0,Mph
3172.5,-568.75,0,Mph
3488.5,-567.75,0,Mph
2910.5,-560.25,0,Mph
3190,-549.75,0,Mph
2796,-536.25,0,Mph
3200,-537.75,0,Mph
3492,-532.25,0,Mph
3156,-527.75,0,Mph
3308.5,-520.75,0,Mph
2783,-513.25,0,Mph
2892.5,-514.75,0,Mph
3431,-512.75,0,Mph
3471,-506.25,0,Mph
3125,-499.25,0,Mph
3291.5,-503.25,0,Mph
2841,-493.25,0,Mph
3438.5,-497.75,0,Mph
3314,-495.25,0,Mph
2899,-494.25,0,Mph
2789.5,-490.25,0,Mph
3164.5,-481.75,0,Mph
2915.5,-479.75,0,Mph
2932,-463.75,0,Mph
3346,-456.75,0,Mph
3048,-457.25,0,Mph
2981,-443.25,0,Mph
2911.5,-453.25,0,Mph
3157.5,-447.75,0,Mph
2932.5,-442.25,0,Mph
3225,-433.25,0,Mph
3337.5,-428.25,0,Mph
3399,-429.75,0,Mph
3427.5,-431.75,0,Mph
3160.5,-424.25,0,Mph
3376.5,-398.75,0,Mph
2926.5,-406.75,0,Mph
2778,-400.25,0,Mph
3042,-373.75,0,Mph
3025,-356.25,0,Mph
3398,-361.25,0,Mph
3468.5,-349.75,0,Mph
3420,-345.75,0,Mph
2918.5,-335.25,0,Mph
3051,-335.75,0,Mph
3514.5,-319.75,0,Mph
3568,-316.25,0,Mph
3529,-294.25,0,Mph
3414.5,-298.75,0,Mph
3499.5,-261.75,0,Mph
3486.5,-251.75,0,Mph
3409.5,-254.25,0,Mph
3379,-246.75,0,Mph
3407.5,-237.75,0,Mph
3405.5,-218.25,0,Mph
3520,-198.25,0,Mph
3531,-182.25,0,Mph
3203.5,-156.25,0,Mph
3508,-143.75,0,Mph
3212,-142.25,0,Mph
3525,-134.25,0,Mph
3457,-125.75,0,Mph
3203.5,-113.25,0,Mph
3485,-57.25,0,Mph
3186.5,-52.75,0,Mph
3205,-46.75,0,Mph
3512,-29.25,0,Mph
3526.5,-25.75,0,Mph
3513,-2.25,0,Mph
2898,57.75,0,Mph
3514.5,71.25,0,Mph
2801.5,129.75,0,Mph
3602.5,-610.25,0,Mph
3623,-584.75,0,Mph
3607.5,-578.25,0,Mph
3620.5,-563.75,0,Mph
3643.5,-518.75,0,Mph
3652.5,-494.75,0,Mph
3684,-478.25,0,Mph
3628.5,-475.75,0,Mph
3721,-474.75,0,Mph
3633.5,-462.75,0,Mph
3724.5,-454.75,0,Mph
3668.5,-456.75,0,Mph
3733,-441.75,0,Mph
3666.5,-428.75,0,Mph
3740.5,-419.25,0,Mph
3751.5,-396.25,0,Mph
3697.5,-391.75,0,Mph
3714,-386.25,0,Mph
3733.5,-385.25,0,Mph
3581.5,-375.75,0,Mph
3755,-374.25,0,Mph
3669.5,-334.25,0,Mph
3641.5,-331.25,0,Mph
3720,-299.25,0,Mph
3738.5,-281.25,0,Mph
3655.5,-271.25,0,Mph
3750.5,-265.75,0,Mph
3731,-253.75,0,Mph
3608,-242.75,0,Mph
3669.5,-237.25,0,Mph
3714,-219.25,0,Mph
3624,-212.25,0,Mph
3687,-213.25,0,Mph
3754.5,-203.25,0,Mph
3690.5,-173.25,0,Mph
3735.5,-166.75,0,Mph
3683.5,-161.75,0,Mph
3705,-152.25,0,Mph
3745,-152.75,0,Mph
3661.5,-143.75,0,Mph
3760.5,-146.25,0,Mph
3791,-136.75,0,Mph
3710,-123.75,0,Mph
3670.5,-113.25,0,Mph
3814,-114.75,0,Mph
3714,-101.25,0,Mph
3728.5,-93.75,0,Mph
3646,-87.75,0,Mph
3765.5,-69.25,0,Mph
3875.5,-47.75,0,Mph
3826,-46.25,0,Mph
3732.5,-43.75,0,Mph
3816.5,-15.75,0,Mph
3641,-3.75,0,Mph
3786.5,-9.75,0,Mph
3838,-2.75,0,Mph
3806.5,3.75,0,Mph
3714,6.75,0,Mph
3846.5,15.75,0,Mph
3896,24.75,0,Mph
3718.5,24.25,0,Mph
3783.5,33.75,0,Mph
3813.5,53.75,0,Mph
3901.5,52.75,0,Mph
3708,61.25,0,Mph
3763,66.75,0,Mph
3743.5,69.25,0,Mph
3712.5,79.25,0,Mph
3750.5,83.75,0,Mph
3866.5,82.75,0,Mph
3719,97.75,0,Mph
3634.5,100.25,0,Mph
3867,104.75,0,Mph
3780.5,118.75,0,Mph
3817.5,118.25,0,Mph
3769,133.75,0,Mph
3831,139.25,0,Mph
3757.5,136.75,0,Mph
3688,145.25,0,Mph
-1003,150.25,0,Mph
-772.5,157.75,0,Mph
-910.5,151.25,0,Mph
-854,154.75,0,Mph
-893,159.25,0,Mph
-1134.5,158.25,0,Mph
-991,159.25,0,Mph
-809,172.25,0,Mph
-863,173.75,0,Mph
-917,169.25,0,Mph
-463.5,171.25,0,Mph
-691.5,174.25,0,Mph
-1016,180.25,0,Mph
-994,181.75,0,Mph
-467.5,188.75,0,Mph
-752.5,195.75,0,Mph
-981,199.25,0,Mph
-682.5,197.75,0,Mph
-443.5,197.25,0,Mph
-664,197.25,0,Mph
-531,213.75,0,Mph
-502.5,214.75,0,Mph
-668.5,215.25,0,Mph
-445,224.25,0,Mph
-625.5,220.75,0,Mph
-1204,222.75,0,Mph
-1138.5,230.75,0,Mph
-522,234.25,0,Mph
-481,232.75,0,Mph
-936,244.75,0,Mph
-901.5,242.75,0,Mph
-492.5,246.75,0,Mph
-433.5,250.75,0,Mph
-716.5,253.25,0,Mph
-685,263.75,0,Mph
-1032.5,265.75,0,Mph
-910,258.75,0,Mph
-703.5,272.25,0,Mph
-737.5,274.25,0,Mph
-1155.5,281.25,0,Mph
-963,286.25,0,Mph
-775,278.25,0,Mph
-1123,286.25,0,Mph
-658,286.25,0,Mph
-596,295.75,0,Mph
-505,296.25,0,Mph
-531.5,302.75,0,Mph
-982,302.75,0,Mph
-1142,304.25,0,Mph
-692,305.25,0,Mph
-1000,307.25,0,Mph
-1122,310.75,0,Mph
-463,310.25,0,Mph
-1160,317.75,0,Mph
-490.5,326.25,0,Mph
-535.5,326.75,0,Mph
-1116,336.75,0,Mph
-657,342.25,0,Mph
-629.5,342.75,0,Mph
-498.5,359.75,0,Mph
-616,351.75,0,Mph
-1129.5,358.75,0,Mph
-1160,369.25,0,Mph
-1005,373.25,0,Mph
-901.5,372.25,0,Mph
-867,375.75,0,Mph
-988,382.75,0,Mph
-1144.5,379.75,0,Mph
-1031.5,379.75,0,Mph
-497.5,402.75,0,Mph
-654.5,391.75,0,Mph
-1087.5,399.25,0,Mph
-456,401.25,0,Mph
-1041.5,402.25,0,Mph
-1102,404.25,0,Mph
-1160.5,409.25,0,Mph
-661,414.25,0,Mph
-962,419.75,0,Mph
-1124.5,417.25,0,Mph
-933.5,419.75,0,Mph
-752,420.25,0,Mph
-1097.5,420.25,0,Mph
-606.5,425.25,0,Mph
-578.5,433.25,0,Mph
-917.5,428.25,0,Mph
-638.5,431.25,0,Mph
-456.5,445.25,0,Mph
-957.5,442.75,0,Mph
-551,448.75,0,Mph
-592.5,445.75,0,Mph
-974.5,452.75,0,Mph
-851,466.25,0,Mph
-868.5,465.75,0,Mph
-883.5,470.75,0,Mph
-487.5,468.25,0,Mph
-581,472.25,0,Mph
-906.5,473.75,0,Mph
-601,476.75,0,Mph
-920.5,476.75,0,Mph
-539,488.25,0,Mph
-562.5,483.25,0,Mph
-506,485.25,0,Mph
-432.5,486.25,0,Mph
-1038,495.25,0,Mph
-1131,488.25,0,Mph
-861,493.75,0,Mph
-1174.5,499.75,0,Mph
-973,505.75,0,Mph
-881,503.75,0,Mph
-512.5,503.75,0,Mph
-1119.5,508.75,0,Mph
-1222.5,505.75,0,Mph
-593,510.25,0,Mph
-841.5,507.75,0,Mph
-565,511.75,0,Mph
-1193.5,513.75,0,Mph
-750.5,511.25,0,Mph
-580.5,517.25,0,Mph
-847,521.25,0,Mph
-1179.5,518.75,0,Mph
-974,529.25,0,Mph
-911.5,530.25,0,Mph
-535,539.25,0,Mph
-1186.5,536.75,0,Mph
-510,538.75,0,Mph
-1002,560.25,0,Mph
-495,552.75,0,Mph
-1210.5,557.25,0,Mph
-820,559.75,0,Mph
-850.5,570.75,0,Mph
-556,562.75,0,Mph
-626.5,572.75,0,Mph
-687.5,579.75,0,Mph
-1046.5,576.25,0,Mph
-438.5,577.25,0,Mph
-1014,583.25,0,Mph
-672,585.75,0,Mph
-602.5,586.25,0,Mph
-997.5,594.25,0,Mph
-976.5,596.25,0,Mph
-449.5,594.75,0,Mph
-950.5,595.75,0,Mph
-1138.5,598.75,0,Mph
-1077.5,600.25,0,Mph
-924.5,604.75,0,Mph
-1047,604.25,0,Mph
-486,603.75,0,Mph
-468.5,604.25,0,Mph
-615,611.25,0,Mph
-956,609.75,0,Mph
-1220,617.25,0,Mph
-1162.5,618.25,0,Mph
-1055,620.25,0,Mph
-642,620.75,0,Mph
-459,626.75,0,Mph
-625,628.75,0,Mph
-600.5,632.25,0,Mph
-1219.5,644.75,0,Mph
-440,644.75,0,Mph
-1122.5,638.25,0,Mph
-1043,639.25,0,Mph
-1022.5,652.75,0,Mph
-615,655.75,0,Mph
-1128,657.25,0,Mph
-1105,662.75,0,Mph
-700,663.75,0,Mph
-590,668.25,0,Mph
-973.5,662.25,0,Mph
-443.5,676.25,0,Mph
-1018,675.25,0,Mph
-763,676.75,0,Mph
-971,679.25,0,Mph
-1131,684.25,0,Mph
-1081.5,683.25,0,Mph
-934,687.75,0,Mph
-1163,690.25,0,Mph
-1007.5,691.25,0,Mph
-649,699.25,0,Mph
-1183,695.25,0,Mph
-1208.5,697.75,0,Mph
-1140,697.75,0,Mph
-1027,699.75,0,Mph
-964,699.25,0,Mph
-1094.5,700.75,0,Mph
-530.5,716.75,0,Mph
-963,719.25,0,Mph
-1174,717.75,0,Mph
-1206.5,726.75,0,Mph
-1035.5,720.75,0,Mph
-809,730.25,0,Mph
-628,726.25,0,Mph
-1114,726.25,0,Mph
-916,727.75,0,Mph
-900,735.75,0,Mph
-836,742.25,0,Mph
-936.5,740.25,0,Mph
-669,741.25,0,Mph
-854,744.75,0,Mph
-526.5,746.25,0,Mph
-993,749.75,0,Mph
-960.5,745.25,0,Mph
-639,755.25,0,Mph
-798,752.75,0,Mph
-1153.5,753.25,0,Mph
-1033,753.25,0,Mph
-893,758.25,0,Mph
-937.5,763.75,0,Mph
-991.5,768.25,0,Mph
-824,771.25,0,Mph
-1201,769.75,0,Mph
-1118.5,779.75,0,Mph
-1161.5,778.75,0,Mph
-1069,779.75,0,Mph
-546,789.25,0,Mph
-963.5,789.75,0,Mph
-533,785.25,0,Mph
-984,790.75,0,Mph
-922.5,786.75,0,Mph
-810,786.25,0,Mph
-897.5,788.25,0,Mph
-1076,791.25,0,Mph
-870,789.75,0,Mph
-513.5,794.25,0,Mph
-1083,801.75,0,Mph
-501.5,803.25,0,Mph
-886.5,808.75,0,Mph
-677.5,806.75,0,Mph
-810.5,809.25,0,Mph
-642,810.75,0,Mph
-834.5,818.25,0,Mph
-675,824.75,0,Mph
-924,820.25,0,Mph
-525,823.25,0,Mph
-1215.5,825.25,0,Mph
-1181.5,828.75,0,Mph
-908,824.25,0,Mph
-450.5,823.25,0,Mph
-967.5,825.25,0,Mph
-1074,829.75,0,Mph
-1147,827.75,0,Mph
-714.5,830.75,0,Mph
-880,833.25,0,Mph
-791,832.75,0,Mph
-957,840.75,0,Mph
-914,845.25,0,Mph
-781.5,845.25,0,Mph
-1197,841.75,0,Mph
-995,842.25,0,Mph
-766,849.25,0,Mph
-1071,848.25,0,Mph
-529.5,845.75,0,Mph
-939,858.75,0,Mph
-812,858.25,0,Mph
-980,859.25,0,Mph
-620,859.75,0,Mph
-902,874.75,0,Mph
-881,863.75,0,Mph
-1141,866.25,0,Mph
-840,864.75,0,Mph
-788.5,871.25,0,Mph
-708,867.75,0,Mph
-692.5,882.75,0,Mph
-969,879.25,0,Mph
-929.5,885.25,0,Mph
-770,882.25,0,Mph
-754.5,883.75,0,Mph
-672,883.75,0,Mph
-1195,888.75,0,Mph
-1170,885.75,0,Mph
-1133.5,888.25,0,Mph
-1043.5,900.75,0,Mph
-879,889.25,0,Mph
-953,893.75,0,Mph
-839.5,896.25,0,Mph
-861,899.25,0,Mph
-1065,893.75,0,Mph
-1112,898.75,0,Mph
-785,903.25,0,Mph
-1027.5,901.25,0,Mph
-1074.5,905.25,0,Mph
-1007.5,905.75,0,Mph
-1155,914.75,0,Mph
-770.5,910.25,0,Mph
-942,913.75,0,Mph
-835,922.25,0,Mph
-1070,923.75,0,Mph
-956,921.25,0,Mph
-879.5,927.75,0,Mph
-786.5,935.75,0,Mph
-1029.5,939.25,0,Mph
-854.5,942.25,0,Mph
-1123.5,945.25,0,Mph
-1351.5,152.25,0,Mph
-1380.5,155.25,0,Mph
-1416,159.25,0,Mph
-1258.5,158.25,0,Mph
-1601,165.25,0,Mph
-1495,170.25,0,Mph
-1401,183.75,0,Mph
-1457.5,181.75,0,Mph
-1528,184.25,0,Mph
-1254.5,181.25,0,Mph
-1359,193.75,0,Mph
-1250,197.25,0,Mph
-1342.5,209.75,0,Mph
-1539,208.25,0,Mph
-1228,210.75,0,Mph
-1474,208.25,0,Mph
-1289.5,212.75,0,Mph
-1449.5,221.25,0,Mph
-1524.5,228.25,0,Mph
-1491.5,235.25,0,Mph
-1787,244.25,0,Mph
-1347,247.75,0,Mph
-1474.5,247.25,0,Mph
-1518.5,248.75,0,Mph
-1441.5,252.75,0,Mph
-1315,256.25,0,Mph
-1488,280.75,0,Mph
-1554,278.75,0,Mph
-1453.5,289.25,0,Mph
-1424,290.75,0,Mph
-1505,288.25,0,Mph
-1512.5,326.25,0,Mph
-1432,326.25,0,Mph
-1410,325.25,0,Mph
-1374.5,337.25,0,Mph
-1477.5,356.75,0,Mph
-1369,360.75,0,Mph
-1647,360.25,0,Mph
-1622.5,372.25,0,Mph
-1523.5,371.25,0,Mph
-1588.5,370.25,0,Mph
-1573.5,371.25,0,Mph
-1342.5,374.75,0,Mph
-1601.5,391.75,0,Mph
-1514.5,398.75,0,Mph
-1621,402.25,0,Mph
-1636.5,409.75,0,Mph
-1387,414.25,0,Mph
-1511,418.75,0,Mph
-1667.5,429.25,0,Mph
-1632.5,426.25,0,Mph
-1374.5,435.75,0,Mph
-1696.5,439.75,0,Mph
-1476,447.75,0,Mph
-1570,456.75,0,Mph
-1355,447.75,0,Mph
-1275,450.75,0,Mph
-1712,457.75,0,Mph
-1518,453.25,0,Mph
-1634,451.75,0,Mph
-1545.5,466.25,0,Mph
-1489,467.75,0,Mph
-1403.5,464.75,0,Mph
-1675,464.75,0,Mph
-1642,466.25,0,Mph
-1689,471.25,0,Mph
-1252,468.25,0,Mph
-1731.5,477.25,0,Mph
-1387,475.25,0,Mph
-1665.5,479.25,0,Mph
-1239,489.75,0,Mph
-1563,490.75,0,Mph
-1592.5,503.75,0,Mph
-1395,504.25,0,Mph
-1534,512.25,0,Mph
-1739,506.25,0,Mph
-1321,510.25,0,Mph
-1494.5,510.75,0,Mph
-1346,516.25,0,Mph
-1431.5,519.75,0,Mph
-1726.5,523.25,0,Mph
-1381,522.75,0,Mph
-1266.5,535.75,0,Mph
-1703,542.75,0,Mph
-1656,537.25,0,Mph
-1295,546.25,0,Mph
-1426.5,547.75,0,Mph
-1400.5,551.25,0,Mph
-1423.5,565.75,0,Mph
-1314,564.75,0,Mph
-1705,578.75,0,Mph
-1490,582.25,0,Mph
-1295,584.75,0,Mph
-1389,594.25,0,Mph
-1721.5,598.25,0,Mph
-1537,599.75,0,Mph
-1572,605.75,0,Mph
-1549,615.25,0,Mph
-1593.5,612.25,0,Mph
-1650.5,613.25,0,Mph
-1696.5,623.75,0,Mph
-1586,625.25,0,Mph
-1571.5,627.75,0,Mph
-1461.5,625.75,0,Mph
-1387,635.75,0,Mph
-1452,644.75,0,Mph
-1398,649.25,0,Mph
-1696.5,650.75,0,Mph
-1307,654.75,0,Mph
-1595,663.75,0,Mph
-1423,661.75,0,Mph
-1364.5,667.75,0,Mph
-1531,677.75,0,Mph
-1487,673.75,0,Mph
-1312,671.25,0,Mph
-1666.5,674.25,0,Mph
-1564.5,683.75,0,Mph
-1303,682.25,0,Mph
-1274.5,685.25,0,Mph
-1595.5,691.25,0,Mph
-1466.5,693.25,0,Mph
-1658,699.25,0,Mph
-1503,705.25,0,Mph
-1373.5,696.75,0,Mph
-1292,706.75,0,Mph
-1305.5,707.25,0,Mph
-1228.5,707.75,0,Mph
-1480.5,716.25,0,Mph
-1329,714.75,0,Mph
-1579,724.75,0,Mph
-1379,720.75,0,Mph
-1301,723.75,0,Mph
-1597.5,728.25,0,Mph
-1248,737.25,0,Mph
-1373.5,746.75,0,Mph
-1646.5,757.25,0,Mph
-1485,761.75,0,Mph
-1417,762.75,0,Mph
-1605,767.75,0,Mph
-1242.5,773.25,0,Mph
-1307.5,775.75,0,Mph
-1277.5,792.25,0,Mph
-1594.5,800.25,0,Mph
-1369,809.25,0,Mph
-1338.5,801.25,0,Mph
-1622.5,803.75,0,Mph
-1238.5,804.25,0,Mph
-1427.5,809.25,0,Mph
-1325.5,836.75,0,Mph
-1387.5,830.25,0,Mph
-1236.5,834.75,0,Mph
-1299.5,841.75,0,Mph
-1280,843.25,0,Mph
-1419.5,859.25,0,Mph
-1377,859.25,0,Mph
-1246,862.75,0,Mph
-1284,872.75,0,Mph
-1351.5,877.75,0,Mph
-1316,884.25,0,Mph
-1256.5,891.75,0,Mph
-1290,901.75,0,Mph
-1363,904.75,0,Mph
-1336.5,911.25,0,Mph
-1241,930.25,0,Mph
-1273,933.25,0,Mph
-1379.5,934.25,0,Mph
-1310.5,939.25,0,Mph
45,153.25,0,Mph
16.5,154.25,0,Mph
-258.5,159.25,0,Mph
-161,167.25,0,Mph
218,176.25,0,Mph
-258,178.25,0,Mph
-142,178.75,0,Mph
188,178.75,0,Mph
19,185.25,0,Mph
37.5,187.25,0,Mph
-273,189.75,0,Mph
-136,188.75,0,Mph
-113.5,190.75,0,Mph
-225,192.25,0,Mph
10.5,201.75,0,Mph
-73.5,205.25,0,Mph
-172.5,203.75,0,Mph
-109,210.25,0,Mph
-309,207.25,0,Mph
35.5,208.25,0,Mph
145.5,212.25,0,Mph
-134,208.75,0,Mph
124.5,215.25,0,Mph
-182,221.25,0,Mph
-56,222.25,0,Mph
-291,228.25,0,Mph
109,233.75,0,Mph
153.5,233.75,0,Mph
-94,242.25,0,Mph
-237.5,251.75,0,Mph
-44.5,247.25,0,Mph
173.5,244.25,0,Mph
-123.5,254.25,0,Mph
-296.5,254.75,0,Mph
264.5,258.25,0,Mph
8.5,265.25,0,Mph
100.5,269.75,0,Mph
-305.5,268.25,0,Mph
-58,266.75,0,Mph
-90.5,271.75,0,Mph
229,274.25,0,Mph
248,278.75,0,Mph
287,274.75,0,Mph
-73,287.75,0,Mph
324,279.25,0,Mph
349.5,282.25,0,Mph
-5.5,286.75,0,Mph
332.5,289.25,0,Mph
311,287.25,0,Mph
-195.5,310.25,0,Mph
-21.5,317.25,0,Mph
73,317.25,0,Mph
271,324.25,0,Mph
228,316.25,0,Mph
98.5,321.25,0,Mph
-264.5,321.25,0,Mph
-218,326.75,0,Mph
237.5,329.25,0,Mph
203.5,328.25,0,Mph
-148,327.75,0,Mph
108,336.75,0,Mph
-259.5,346.75,0,Mph
255.5,344.25,0,Mph
245.5,354.25,0,Mph
214,376.75,0,Mph
-93.5,379.75,0,Mph
129.5,368.25,0,Mph
247.5,380.75,0,Mph
137.5,382.25,0,Mph
161,385.75,0,Mph
230,392.25,0,Mph
216.5,402.75,0,Mph
249,418.25,0,Mph
165.5,412.25,0,Mph
272.5,411.75,0,Mph
350.5,425.25,0,Mph
221,430.75,0,Mph
320,432.25,0,Mph
269,429.75,0,Mph
364.5,431.75,0,Mph
162.5,435.75,0,Mph
-153.5,442.25,0,Mph
230,444.25,0,Mph
-127,445.25,0,Mph
9,447.75,0,Mph
-167,449.75,0,Mph
301.5,454.25,0,Mph
168.5,454.25,0,Mph
-71,464.75,0,Mph
205,456.75,0,Mph
187.5,459.25,0,Mph
-138.5,460.75,0,Mph
-50,468.25,0,Mph
-423.5,467.25,0,Mph
256,473.25,0,Mph
315,467.75,0,Mph
-399,469.75,0,Mph
-28.5,473.25,0,Mph
218,480.25,0,Mph
281,479.75,0,Mph
146,481.75,0,Mph
190.5,479.25,0,Mph
-17,483.75,0,Mph
97.5,491.75,0,Mph
-382.5,492.25,0,Mph
185.5,495.25,0,Mph
-308,506.25,0,Mph
156,500.75,0,Mph
26.5,502.75,0,Mph
-164,516.75,0,Mph
62.5,515.25,0,Mph
167.5,515.25,0,Mph
341.5,518.25,0,Mph
219.5,521.25,0,Mph
306.5,522.25,0,Mph
81,524.75,0,Mph
-108.5,528.75,0,Mph
46.5,525.75,0,Mph
207,536.75,0,Mph
151,536.25,0,Mph
-203.5,540.25,0,Mph
-382,542.25,0,Mph
-214,551.25,0,Mph
-75,554.25,0,Mph
158,560.75,0,Mph
-396,564.75,0,Mph
94,561.75,0,Mph
-116.5,563.75,0,Mph
15.5,574.25,0,Mph
110.5,568.75,0,Mph
-247,579.75,0,Mph
-295.5,590.75,0,Mph
-237.5,592.75,0,Mph
10.5,584.25,0,Mph
47,593.75,0,Mph
204,590.25,0,Mph
-319,596.75,0,Mph
168.5,598.25,0,Mph
13,606.25,0,Mph
-52,611.25,0,Mph
298.5,625.75,0,Mph
263.5,628.75,0,Mph
362.5,633.75,0,Mph
328.5,632.75,0,Mph
-244.5,635.25,0,Mph
-362,637.75,0,Mph
-236.5,648.75,0,Mph
316.5,657.75,0,Mph
-320.5,660.25,0,Mph
-420.5,664.25,0,Mph
-389.5,674.75,0,Mph
-196.5,671.75,0,Mph
-215.5,675.25,0,Mph
-367,684.75,0,Mph
-287,692.75,0,Mph
-421.5,698.75,0,Mph
-182,701.75,0,Mph
-193,711.25,0,Mph
195,712.25,0,Mph
-134,717.75,0,Mph
149.5,723.75,0,Mph
-228.5,726.25,0,Mph
-215,733.25,0,Mph
-34,736.25,0,Mph
-152.5,736.25,0,Mph
95.5,743.75,0,Mph
62.5,743.75,0,Mph
-415.5,742.25,0,Mph
-115.5,742.75,0,Mph
239.5,741.75,0,Mph
223.5,749.25,0,Mph
-16,747.75,0,Mph
5.5,750.75,0,Mph
351.5,755.25,0,Mph
11,765.75,0,Mph
-108.5,765.75,0,Mph
271.5,769.75,0,Mph
333.5,776.25,0,Mph
345.5,789.75,0,Mph
-268,808.75,0,Mph
-200.5,805.75,0,Mph
-140.5,802.75,0,Mph
-118.5,811.25,0,Mph
339.5,811.75,0,Mph
-418.5,824.25,0,Mph
-54.5,831.25,0,Mph
151,827.25,0,Mph
82,831.75,0,Mph
342.5,837.75,0,Mph
-266.5,833.25,0,Mph
-279,852.75,0,Mph
-71,852.75,0,Mph
200.5,857.25,0,Mph
67.5,867.75,0,Mph
-132,867.75,0,Mph
-392.5,866.25,0,Mph
-42.5,863.25,0,Mph
312,871.25,0,Mph
-359,878.75,0,Mph
333.5,877.75,0,Mph
-41.5,886.25,0,Mph
-96,888.25,0,Mph
-406,890.25,0,Mph
-383.5,893.75,0,Mph
-7,897.75,0,Mph
155.5,917.75,0,Mph
41.5,916.25,0,Mph
-323.5,929.25,0,Mph
86,932.25,0,Mph
117,935.75,0,Mph
-93,935.25,0,Mph
55.5,939.25,0,Mph
-153.5,937.75,0,Mph
-398,945.25,0,Mph
497.5,162.25,0,Mph
508,195.25,0,Mph
1122.5,186.25,0,Mph
840.5,189.25,0,Mph
820.5,195.25,0,Mph
423.5,213.75,0,Mph
840,205.75,0,Mph
957,205.75,0,Mph
488.5,229.25,0,Mph
527.5,231.25,0,Mph
506.5,231.75,0,Mph
465.5,235.25,0,Mph
393.5,237.75,0,Mph
592.5,236.75,0,Mph
445.5,236.25,0,Mph
374.5,244.25,0,Mph
607,254.25,0,Mph
720,256.75,0,Mph
659,261.25,0,Mph
674.5,278.75,0,Mph
701.5,277.75,0,Mph
815,286.75,0,Mph
603.5,284.25,0,Mph
715.5,285.25,0,Mph
840,289.25,0,Mph
857.5,292.75,0,Mph
736,299.25,0,Mph
399.5,296.25,0,Mph
717,303.75,0,Mph
764.5,310.75,0,Mph
679.5,306.25,0,Mph
375,306.75,0,Mph
644,308.25,0,Mph
624.5,316.25,0,Mph
695.5,314.75,0,Mph
650.5,326.75,0,Mph
712.5,330.25,0,Mph
808,333.75,0,Mph
733,339.25,0,Mph
820,346.25,0,Mph
605,349.75,0,Mph
690,346.75,0,Mph
562.5,348.75,0,Mph
585,358.25,0,Mph
752,364.75,0,Mph
654.5,361.25,0,Mph
825.5,359.75,0,Mph
624,360.25,0,Mph
699,365.75,0,Mph
680,366.75,0,Mph
831.5,378.75,0,Mph
610,377.25,0,Mph
674,378.25,0,Mph
937.5,387.75,0,Mph
1161,387.25,0,Mph
559,387.25,0,Mph
605,391.75,0,Mph
941.5,407.25,0,Mph
459.5,406.25,0,Mph
391.5,406.25,0,Mph
980,411.75,0,Mph
754,410.25,0,Mph
731,417.25,0,Mph
866.5,420.75,0,Mph
888,427.75,0,Mph
787.5,426.75,0,Mph
381.5,435.25,0,Mph
1164.5,438.25,0,Mph
477,434.75,0,Mph
806,449.75,0,Mph
1099.5,447.25,0,Mph
851.5,463.25,0,Mph
877,466.25,0,Mph
1035.5,470.25,0,Mph
919.5,482.25,0,Mph
695,483.25,0,Mph
877,488.25,0,Mph
853.5,484.75,0,Mph
940.5,485.75,0,Mph
1017,489.75,0,Mph
787.5,497.75,0,Mph
713.5,501.75,0,Mph
591.5,506.25,0,Mph
960,499.75,0,Mph
531,502.25,0,Mph
814,516.25,0,Mph
390.5,506.75,0,Mph
750.5,512.75,0,Mph
495,515.75,0,Mph
1024,511.25,0,Mph
509.5,519.25,0,Mph
1143.5,512.75,0,Mph
416.5,515.25,0,Mph
604,530.75,0,Mph
423,528.25,0,Mph
1023,532.75,0,Mph
684.5,532.25,0,Mph
568.5,543.25,0,Mph
615,540.75,0,Mph
672,538.75,0,Mph
1045.5,548.75,0,Mph
687.5,549.75,0,Mph
624,571.75,0,Mph
852,561.75,0,Mph
521.5,577.25,0,Mph
443.5,572.75,0,Mph
871,592.75,0,Mph
581,584.25,0,Mph
486.5,589.75,0,Mph
907,580.25,0,Mph
1107.5,581.25,0,Mph
562,580.75,0,Mph
856,594.75,0,Mph
470,592.25,0,Mph
539,591.75,0,Mph
560,597.25,0,Mph
1132,592.75,0,Mph
817.5,599.25,0,Mph
595.5,596.75,0,Mph
1084.5,597.75,0,Mph
451,606.75,0,Mph
623,617.75,0,Mph
665.5,607.75,0,Mph
577.5,619.25,0,Mph
506,630.25,0,Mph
690,624.75,0,Mph
821,628.75,0,Mph
840.5,625.75,0,Mph
751.5,635.75,0,Mph
482.5,642.25,0,Mph
627.5,648.25,0,Mph
391.5,660.25,0,Mph
491,669.75,0,Mph
728.5,676.25,0,Mph
614.5,677.25,0,Mph
647,676.75,0,Mph
960,679.25,0,Mph
944.5,687.75,0,Mph
397,687.75,0,Mph
1055.5,691.75,0,Mph
505,691.25,0,Mph
934.5,695.75,0,Mph
964,694.75,0,Mph
1042.5,700.75,0,Mph
1098.5,703.25,0,Mph
1010,715.25,0,Mph
980.5,724.75,0,Mph
1092.5,728.75,0,Mph
1149.5,725.25,0,Mph
525,727.25,0,Mph
900,734.75,0,Mph
516,742.25,0,Mph
565.5,740.75,0,Mph
936,740.25,0,Mph
805,746.25,0,Mph
390.5,750.25,0,Mph
1159.5,749.25,0,Mph
1062,756.25,0,Mph
424,769.25,0,Mph
550,759.25,0,Mph
1045.5,764.75,0,Mph
451,764.75,0,Mph
1012,770.25,0,Mph
1067.5,776.75,0,Mph
1156.5,784.25,0,Mph
1036.5,790.25,0,Mph
1010.5,797.25,0,Mph
1167,804.25,0,Mph
1017,821.25,0,Mph
1035,823.25,0,Mph
606.5,834.25,0,Mph
559,842.75,0,Mph
1129.5,840.25,0,Mph
932,845.25,0,Mph
1112.5,849.25,0,Mph
1027,850.75,0,Mph
1042,854.75,0,Mph
1064,854.25,0,Mph
612,865.75,0,Mph
434,873.25,0,Mph
523.5,874.25,0,Mph
421,881.25,0,Mph
618.5,887.75,0,Mph
400.5,889.75,0,Mph
1028,893.25,0,Mph
876,903.75,0,Mph
1151.5,903.25,0,Mph
420.5,911.25,0,Mph
993.5,915.75,0,Mph
532.5,920.25,0,Mph
868.5,925.25,0,Mph
1052.5,923.75,0,Mph
1164,925.25,0,Mph
1147.5,933.25,0,Mph
620.5,935.25,0,Mph
653.5,933.25,0,Mph
1001,935.75,0,Mph
718,937.75,0,Mph
1078,947.25,0,Mph
1866.5,155.25,0,Mph
1287.5,149.25,0,Mph
1631,171.25,0,Mph
1843.5,166.25,0,Mph
1363.5,178.25,0,Mph
1476.5,174.75,0,Mph
1181,189.25,0,Mph
1467.5,195.25,0,Mph
1198.5,199.25,0,Mph
1485.5,202.25,0,Mph
1650.5,230.75,0,Mph
1424,242.75,0,Mph
1936,271.25,0,Mph
1431,270.75,0,Mph
1702,275.25,0,Mph
1738,283.25,0,Mph
1805,286.25,0,Mph
1817.5,301.75,0,Mph
1721,295.25,0,Mph
1525,306.75,0,Mph
1725.5,313.25,0,Mph
1434,315.25,0,Mph
1488,313.25,0,Mph
1939,318.75,0,Mph
1786,329.75,0,Mph
1607.5,357.75,0,Mph
1830,347.25,0,Mph
1859,349.25,0,Mph
1800.5,352.75,0,Mph
1944,358.25,0,Mph
1730.5,365.75,0,Mph
1811.5,373.75,0,Mph
1705,376.25,0,Mph
1540,384.75,0,Mph
1689,382.75,0,Mph
1745.5,392.75,0,Mph
1714,394.75,0,Mph
1785.5,395.75,0,Mph
1838.5,414.75,0,Mph
1216,409.75,0,Mph
1715.5,417.75,0,Mph
1543.5,418.75,0,Mph
1699,419.25,0,Mph
1232,444.75,0,Mph
1533.5,468.75,0,Mph
1789,468.75,0,Mph
1758,473.25,0,Mph
1659.5,478.25,0,Mph
1810,479.25,0,Mph
1748,488.25,0,Mph
1724,498.75,0,Mph
1741.5,511.25,0,Mph
1872.5,511.75,0,Mph
1261,518.75,0,Mph
1595.5,527.75,0,Mph
1780,524.25,0,Mph
1562,524.75,0,Mph
1824.5,535.25,0,Mph
1291.5,531.25,0,Mph
1246.5,536.75,0,Mph
1877,537.25,0,Mph
1601,544.25,0,Mph
1571.5,544.75,0,Mph
1185.5,548.25,0,Mph
1321.5,549.25,0,Mph
1520,549.75,0,Mph
1378,559.75,0,Mph
1454,566.75,0,Mph
1970,567.25,0,Mph
1583.5,577.75,0,Mph
1915.5,575.75,0,Mph
1869.5,583.25,0,Mph
1378,575.75,0,Mph
1468.5,581.25,0,Mph
1358.5,590.25,0,Mph
1667.5,589.25,0,Mph
1932,585.25,0,Mph
1331.5,589.75,0,Mph
1636.5,599.25,0,Mph
1615.5,605.75,0,Mph
1275,602.75,0,Mph
1252.5,611.75,0,Mph
1920,614.25,0,Mph
1952,616.25,0,Mph
1549.5,617.75,0,Mph
1806.5,623.75,0,Mph
1476,629.25,0,Mph
1827,627.75,0,Mph
1813.5,634.75,0,Mph
1205.5,636.25,0,Mph
1608,643.25,0,Mph
1634.5,652.25,0,Mph
1527.5,646.25,0,Mph
1936.5,648.25,0,Mph
1574,661.25,0,Mph
1662.5,661.75,0,Mph
1603.5,673.75,0,Mph
1917,671.25,0,Mph
1878.5,672.75,0,Mph
1672.5,674.75,0,Mph
1858.5,674.75,0,Mph
1628,695.75,0,Mph
1681.5,700.25,0,Mph
1260.5,700.25,0,Mph
1927,704.75,0,Mph
1661,704.25,0,Mph
1885.5,715.75,0,Mph
1251,720.75,0,Mph
1861.5,720.25,0,Mph
1228,729.75,0,Mph
1672,728.25,0,Mph
1889,732.25,0,Mph
1253,737.75,0,Mph
1809.5,738.75,0,Mph
1685.5,739.75,0,Mph
1934,741.25,0,Mph
1833.5,749.25,0,Mph
1275,761.75,0,Mph
1820,767.75,0,Mph
1214.5,769.75,0,Mph
1714.5,774.25,0,Mph
1282,777.75,0,Mph
1875.5,780.25,0,Mph
1208.5,782.75,0,Mph
1817,785.25,0,Mph
1926,788.75,0,Mph
1676.5,805.25,0,Mph
1735.5,795.75,0,Mph
1910,795.25,0,Mph
1280.5,799.25,0,Mph
1199.5,801.25,0,Mph
1936,798.25,0,Mph
1291,809.75,0,Mph
1761.5,822.25,0,Mph
1936,822.25,0,Mph
1219.5,821.75,0,Mph
1809,825.25,0,Mph
1705,827.75,0,Mph
1840.5,838.75,0,Mph
1742,841.25,0,Mph
1651.5,843.25,0,Mph
1939.5,845.25,0,Mph
1256,847.75,0,Mph
1638.5,852.75,0,Mph
1705,848.25,0,Mph
1227,853.75,0,Mph
1732,862.75,0,Mph
1320.5,865.25,0,Mph
1199.5,873.75,0,Mph
1620,874.25,0,Mph
1841.5,868.25,0,Mph
1296,886.25,0,Mph
1262,891.25,0,Mph
1652.5,893.25,0,Mph
1223,900.25,0,Mph
1430,902.75,0,Mph
1193,912.25,0,Mph
1207.5,917.75,0,Mph
1702,914.25,0,Mph
1655,921.25,0,Mph
1537.5,927.25,0,Mph
1921.5,933.25,0,Mph
1660,944.75,0,Mph
1677,947.25,0,Mph
2387,173.25,0,Mph
2084.5,180.25,0,Mph
2009,178.75,0,Mph
2681.5,190.25,0,Mph
2105,199.75,0,Mph
2127,199.75,0,Mph
2390.5,206.25,0,Mph
2688,217.25,0,Mph
2508.5,243.75,0,Mph
2690,248.75,0,Mph
2637,251.75,0,Mph
2738.5,251.25,0,Mph
2718.5,256.25,0,Mph
2655,269.25,0,Mph
2629,275.75,0,Mph
2719.5,274.75,0,Mph
2737.5,273.25,0,Mph
2599.5,275.25,0,Mph
2433,287.25,0,Mph
2379.5,291.75,0,Mph
2606.5,292.25,0,Mph
2282,292.75,0,Mph
2736.5,293.75,0,Mph
2758,301.25,0,Mph
2503,301.25,0,Mph
2361,301.75,0,Mph
2425,305.75,0,Mph
2635.5,309.25,0,Mph
2565.5,305.25,0,Mph
2034,310.75,0,Mph
2585,311.75,0,Mph
2448.5,314.25,0,Mph
2739.5,317.25,0,Mph
2489,318.25,0,Mph
2620,316.25,0,Mph
2549,319.75,0,Mph
1982,321.75,0,Mph
2204.5,321.25,0,Mph
2295,320.75,0,Mph
2520,318.75,0,Mph
2565,322.25,0,Mph
2176,323.75,0,Mph
2762.5,328.25,0,Mph
2257.5,333.25,0,Mph
1973,336.25,0,Mph
2213,343.75,0,Mph
2752.5,342.25,0,Mph
2248.5,344.75,0,Mph
2158.5,352.75,0,Mph
2499,358.25,0,Mph
2085,359.25,0,Mph
2268,365.75,0,Mph
2234,375.25,0,Mph
2341,374.75,0,Mph
2246.5,385.75,0,Mph
2264,386.25,0,Mph
2293.5,391.75,0,Mph
2331.5,389.25,0,Mph
2175,398.25,0,Mph
2732.5,398.25,0,Mph
2565,407.25,0,Mph
2520.5,412.75,0,Mph
2579.5,417.25,0,Mph
2318.5,425.25,0,Mph
2347,427.75,0,Mph
2398,430.75,0,Mph
2342,445.25,0,Mph
2361.5,446.75,0,Mph
2316.5,453.25,0,Mph
2092.5,470.25,0,Mph
2684,469.75,0,Mph
2336.5,470.25,0,Mph
2665,468.75,0,Mph
2361.5,477.25,0,Mph
2204.5,476.25,0,Mph
2382.5,477.75,0,Mph
2179.5,489.25,0,Mph
2267,485.25,0,Mph
2610.5,495.75,0,Mph
2486,494.75,0,Mph
2690,502.25,0,Mph
2305,509.75,0,Mph
2733,515.25,0,Mph
2695,518.25,0,Mph
2492.5,521.25,0,Mph
2154,530.25,0,Mph
2632,539.75,0,Mph
2298,542.25,0,Mph
2204.5,543.75,0,Mph
2694,541.75,0,Mph
2732,551.75,0,Mph
2379.5,550.25,0,Mph
2162,557.75,0,Mph
2274,550.75,0,Mph
2371.5,560.25,0,Mph
2189.5,558.25,0,Mph
2015.5,563.25,0,Mph
2741.5,569.25,0,Mph
1997,569.75,0,Mph
2217,577.25,0,Mph
2274.5,570.75,0,Mph
2618.5,568.75,0,Mph
2541.5,570.25,0,Mph
2724.5,574.75,0,Mph
2048.5,580.25,0,Mph
2239.5,575.75,0,Mph
2562.5,576.75,0,Mph
2686.5,576.25,0,Mph
2613,580.25,0,Mph
2455.5,579.25,0,Mph
2527,585.25,0,Mph
2159.5,583.25,0,Mph
2642.5,588.75,0,Mph
2252.5,594.25,0,Mph
2549.5,588.75,0,Mph
2759.5,589.75,0,Mph
2672.5,598.75,0,Mph
2577.5,598.75,0,Mph
2597,597.75,0,Mph
2692.5,604.25,0,Mph
2614,604.25,0,Mph
2540,605.25,0,Mph
2742.5,608.75,0,Mph
2483.5,608.75,0,Mph
2504,612.75,0,Mph
2569.5,609.75,0,Mph
2709.5,612.25,0,Mph
1972.5,613.75,0,Mph
2606,619.25,0,Mph
2658,617.25,0,Mph
2285.5,619.75,0,Mph
2333,622.75,0,Mph
2629,626.75,0,Mph
2645.5,632.75,0,Mph
2096.5,628.25,0,Mph
2389,631.75,0,Mph
2021,633.25,0,Mph
2710,631.25,0,Mph
2570.5,640.25,0,Mph
2680.5,641.25,0,Mph
2337,642.75,0,Mph
2359.5,637.75,0,Mph
2268.5,639.75,0,Mph
2658.5,639.75,0,Mph
2305.5,643.75,0,Mph
2321,641.75,0,Mph
2516.5,643.75,0,Mph
2353.5,654.25,0,Mph
2709.5,649.25,0,Mph
2412,653.25,0,Mph
2536.5,659.75,0,Mph
2397.5,656.75,0,Mph
2009.5,658.25,0,Mph
2289,658.25,0,Mph
2673,666.75,0,Mph
2551.5,661.75,0,Mph
1977.5,665.75,0,Mph
2264.5,666.25,0,Mph
2311.5,666.25,0,Mph
2496,666.75,0,Mph
2243.5,668.75,0,Mph
2293.5,669.25,0,Mph
2705.5,673.75,0,Mph
2355,675.25,0,Mph
2617,675.25,0,Mph
2079.5,678.25,0,Mph
2633,679.25,0,Mph
2476.5,686.75,0,Mph
2652.5,684.25,0,Mph
2140.5,684.25,0,Mph
2504,685.75,0,Mph
2563,689.75,0,Mph
2038.5,684.25,0,Mph
2411.5,687.75,0,Mph
2333,690.75,0,Mph
2310,700.75,0,Mph
2622.5,694.75,0,Mph
2082.5,693.75,0,Mph
2759.5,695.75,0,Mph
2662.5,700.25,0,Mph
2100,708.75,0,Mph
2571,705.75,0,Mph
2077,708.25,0,Mph
2464,712.75,0,Mph
2601.5,714.25,0,Mph
2551.5,719.25,0,Mph
2615.5,718.25,0,Mph
2369,722.25,0,Mph
2065,727.25,0,Mph
2636.5,736.75,0,Mph
2610.5,747.75,0,Mph
2056.5,757.75,0,Mph
2313,763.75,0,Mph
2099.5,760.25,0,Mph
2079,765.75,0,Mph
2564.5,766.25,0,Mph
2616,772.25,0,Mph
2035,772.25,0,Mph
2333.5,778.75,0,Mph
2551,781.75,0,Mph
2354,797.75,0,Mph
2569.5,797.75,0,Mph
2591,798.75,0,Mph
2628,806.75,0,Mph
2131,812.75,0,Mph
2233,809.75,0,Mph
2306,813.25,0,Mph
2191.5,818.25,0,Mph
2640.5,823.25,0,Mph
2608,820.75,0,Mph
2395,828.25,0,Mph
2003,830.75,0,Mph
2618.5,835.75,0,Mph
2467,847.25,0,Mph
2171,838.25,0,Mph
2432,839.25,0,Mph
2189.5,842.75,0,Mph
2213.5,845.25,0,Mph
2638,849.25,0,Mph
2702,845.75,0,Mph
2400.5,848.25,0,Mph
2422,854.25,0,Mph
2120.5,849.75,0,Mph
2332.5,861.25,0,Mph
2311,858.25,0,Mph
2671.5,865.25,0,Mph
2024.5,864.25,0,Mph
2648,872.25,0,Mph
2280.5,873.75,0,Mph
2473.5,867.75,0,Mph
2434.5,876.25,0,Mph
1988,878.75,0,Mph
2465,882.75,0,Mph
2311.5,884.75,0,Mph
2023,888.75,0,Mph
2478,895.75,0,Mph
2660,901.25,0,Mph
2000.5,901.75,0,Mph
2210,912.75,0,Mph
2315,919.25,0,Mph
2667,914.25,0,Mph
2174.5,909.75,0,Mph
2255,923.25,0,Mph
2684,926.75,0,Mph
2329.5,935.25,0,Mph
2755.5,935.75,0,Mph
2560,942.75,0,Mph
2665,941.75,0,Mph
2694.5,944.75,0,Mph
3024,163.75,0,Mph
3021,230.25,0,Mph
3023.5,245.75,0,Mph
3305.5,248.25,0,Mph
3026,261.25,0,Mph
2814.5,267.25,0,Mph
3214,276.25,0,Mph
3022.5,294.25,0,Mph
2995,309.75,0,Mph
2944,307.25,0,Mph
2986.5,317.75,0,Mph
2776,321.25,0,Mph
3354,325.25,0,Mph
2950.5,329.25,0,Mph
2865.5,334.25,0,Mph
3373,342.25,0,Mph
2867.5,354.75,0,Mph
3326.5,356.25,0,Mph
3104,364.25,0,Mph
3086.5,357.25,0,Mph
2775.5,368.25,0,Mph
2804.5,366.25,0,Mph
3136,371.25,0,Mph
3087,374.75,0,Mph
3327,378.75,0,Mph
2780,390.25,0,Mph
3279,402.25,0,Mph
2805.5,415.75,0,Mph
2782,414.75,0,Mph
2845.5,415.25,0,Mph
2859,423.25,0,Mph
2943,433.25,0,Mph
3540.5,440.25,0,Mph
2817.5,442.75,0,Mph
2845,441.25,0,Mph
3004,448.75,0,Mph
3048,455.75,0,Mph
3274,449.25,0,Mph
3526.5,447.75,0,Mph
2970.5,452.75,0,Mph
2905,459.25,0,Mph
2937,465.25,0,Mph
2951.5,475.25,0,Mph
2889,471.25,0,Mph
3149,482.25,0,Mph
2905,491.25,0,Mph
3218.5,494.75,0,Mph
3199.5,495.25,0,Mph
3151.5,506.25,0,Mph
2877.5,500.75,0,Mph
2854.5,500.25,0,Mph
2975,513.25,0,Mph
2855.5,531.25,0,Mph
2877,526.75,0,Mph
3513,534.25,0,Mph
3141,541.25,0,Mph
3403.5,542.75,0,Mph
2965.5,548.25,0,Mph
2891,546.25,0,Mph
2878,545.75,0,Mph
2985,553.25,0,Mph
3298.5,559.75,0,Mph
2880,563.75,0,Mph
2948.5,565.75,0,Mph
3155.5,584.75,0,Mph
2987,581.75,0,Mph
2890.5,582.75,0,Mph
3001,584.25,0,Mph
2963,586.75,0,Mph
2874.5,593.75,0,Mph
2936.5,599.75,0,Mph
2956,605.25,0,Mph
2887.5,609.75,0,Mph
2776,611.25,0,Mph
2840,617.75,0,Mph
3426.5,621.75,0,Mph
3140,629.75,0,Mph
3271,631.25,0,Mph
2799.5,635.75,0,Mph
2913,638.75,0,Mph
3251.5,630.75,0,Mph
3074,635.75,0,Mph
2850.5,637.25,0,Mph
3151.5,652.25,0,Mph
2970,645.75,0,Mph
3299.5,655.25,0,Mph
3129,656.25,0,Mph
2869.5,670.25,0,Mph
2982,657.75,0,Mph
3263,666.75,0,Mph
2969,668.75,0,Mph
2848,691.25,0,Mph
3312.5,693.75,0,Mph
3191,696.75,0,Mph
2864,715.75,0,Mph
3307,722.25,0,Mph
3425.5,718.75,0,Mph
3408,735.75,0,Mph
3433.5,737.25,0,Mph
3023.5,743.75,0,Mph
2785.5,750.75,0,Mph
3345,746.75,0,Mph
3423,748.25,0,Mph
3038,753.75,0,Mph
3001,761.75,0,Mph
2904,768.25,0,Mph
3339.5,776.75,0,Mph
2792.5,773.75,0,Mph
3466,775.25,0,Mph
3372.5,781.25,0,Mph
2921.5,791.25,0,Mph
3007.5,788.75,0,Mph
3171,785.25,0,Mph
3148,796.75,0,Mph
3259,797.75,0,Mph
2981.5,805.75,0,Mph
3353.5,804.25,0,Mph
3371,807.25,0,Mph
3004,824.25,0,Mph
3396.5,835.75,0,Mph
3413,836.25,0,Mph
2931,843.75,0,Mph
3003.5,839.25,0,Mph
3214,842.25,0,Mph
3326.5,838.75,0,Mph
3343,843.75,0,Mph
3196.5,849.75,0,Mph
2937,860.25,0,Mph
3003,859.25,0,Mph
3316.5,856.25,0,Mph
3018.5,863.75,0,Mph
3337,863.75,0,Mph
3364,878.25,0,Mph
3379.5,889.75,0,Mph
2923.5,905.25,0,Mph
2949,910.25,0,Mph
3408.5,907.25,0,Mph
3339.5,914.25,0,Mph
3426,909.75,0,Mph
3306.5,919.75,0,Mph
3483.5,934.75,0,Mph
2931,931.25,0,Mph
3270,927.25,0,Mph
3293,937.75,0,Mph
3045.5,938.25,0,Mph
2813.5,940.25,0,Mph
3323,944.75,0,Mph
3536,945.75,0,Mph
3560,943.25,0,Mph
3267.5,944.75,0,Mph
3763.5,150.25,0,Mph
3819,164.75,0,Mph
3835,176.75,0,Mph
3747,166.25,0,Mph
3682,193.75,0,Mph
3734,188.75,0,Mph
3705,187.25,0,Mph
3810,226.25,0,Mph
3774.5,229.75,0,Mph
3744,239.25,0,Mph
3808,247.25,0,Mph
3899,254.25,0,Mph
3755.5,265.25,0,Mph
3769,269.25,0,Mph
3877,271.25,0,Mph
3913.5,277.75,0,Mph
3924,295.25,0,Mph
3872.5,304.25,0,Mph
3877,337.75,0,Mph
3921.5,366.75,0,Mph
3873.5,376.25,0,Mph
3778.5,375.25,0,Mph
3935.5,387.75,0,Mph
3854,394.25,0,Mph
3624,408.25,0,Mph
3808,412.25,0,Mph
3872.5,415.25,0,Mph
3622,425.75,0,Mph
3814.5,437.25,0,Mph
3605,446.75,0,Mph
3697.5,464.25,0,Mph
3815.5,482.25,0,Mph
3841,505.25,0,Mph
3766,521.25,0,Mph
3603,521.25,0,Mph
3641,535.25,0,Mph
3595,534.75,0,Mph
3612.5,536.75,0,Mph
3802,538.75,0,Mph
3795,561.25,0,Mph
3654.5,578.25,0,Mph
3733.5,577.25,0,Mph
3864,585.25,0,Mph
3844.5,591.25,0,Mph
3735,603.75,0,Mph
3811,617.75,0,Mph
3584,645.25,0,Mph
3873,646.75,0,Mph
3667.5,667.75,0,Mph
3719.5,668.25,0,Mph
3765,663.75,0,Mph
3851.5,665.75,0,Mph
3868,675.75,0,Mph
3809.5,682.75,0,Mph
3829.5,680.75,0,Mph
3705.5,684.75,0,Mph
3771.5,687.75,0,Mph
3838,689.25,0,Mph
3851,730.25,0,Mph
3778.5,731.75,0,Mph
3936.5,741.75,0,Mph
3695.5,746.25,0,Mph
3768.5,744.25,0,Mph
3890.5,746.75,0,Mph
3849,751.25,0,Mph
3927,765.75,0,Mph
3808,771.75,0,Mph
3853.5,778.25,0,Mph
3828,786.75,0,Mph
3829.5,803.25,0,Mph
3853.5,804.25,0,Mph
3832.5,819.75,0,Mph
3864,826.25,0,Mph
3941,829.25,0,Mph
3701.5,824.75,0,Mph
3883,826.75,0,Mph
3830.5,836.75,0,Mph
3646.5,840.75,0,Mph
3713.5,851.25,0,Mph
3732.5,865.75,0,Mph
3948,863.75,0,Mph
3907,865.25,0,Mph
3937.5,879.75,0,Mph
3773,883.25,0,Mph
3900.5,887.75,0,Mph
3920.5,889.75,0,Mph
3689.5,887.25,0,Mph
3776,903.25,0,Mph
3939,932.25,0,Mph
-1435,962.75,0,Mph
-1454.5,958.25,0,Mph
-1270,957.25,0,Mph
-1526,968.75,0,Mph
-1460.5,976.25,0,Mph
-1297,972.25,0,Mph
-1277.5,975.75,0,Mph
-1408.5,972.75,0,Mph
-1509,980.25,0,Mph
-1400.5,987.75,0,Mph
-1247.5,986.75,0,Mph
-1417,988.75,0,Mph
-1437,998.25,0,Mph
-1324,992.75,0,Mph
-1360,1001.25,0,Mph
-1460.5,1008.75,0,Mph
-1268,1010.25,0,Mph
-1375,1029.75,0,Mph
-1325,1029.25,0,Mph
-1246.5,1038.25,0,Mph
-1429.5,1036.75,0,Mph
-1447,1044.25,0,Mph
-1378.5,1059.75,0,Mph
-1351,1064.75,0,Mph
-1329.5,1083.75,0,Mph
-1303.5,1086.25,0,Mph
-1282,1091.25,0,Mph
-1251,1096.75,0,Mph
-1352,1107.75,0,Mph
-1318,1112.25,0,Mph
-1377.5,1109.25,0,Mph
-1270.5,1119.25,0,Mph
-1236,1113.75,0,Mph
-1243.5,1126.75,0,Mph
-1323,1132.75,0,Mph
-1302,1146.25,0,Mph
-1284,1147.25,0,Mph
-1290,1196.25,0,Mph
-1258.5,1207.75,0,Mph
-1294,1216.75,0,Mph
-1270.5,1238.75,0,Mph
-1262,1247.75,0,Mph
-1232,1254.25,0,Mph
-1254,1271.75,0,Mph
-1254.5,1292.75,0,Mph
-1239,1304.25,0,Mph
-1060,950.75,0,Mph
-877,953.25,0,Mph
-962.5,954.25,0,Mph
-1117,956.75,0,Mph
-790,966.75,0,Mph
-592,962.25,0,Mph
-908,964.75,0,Mph
-1215.5,975.75,0,Mph
-754,972.75,0,Mph
-1163.5,975.75,0,Mph
-855,977.75,0,Mph
-837,987.25,0,Mph
-1134,985.25,0,Mph
-814.5,991.75,0,Mph
-1055,997.25,0,Mph
-1093.5,991.75,0,Mph
-685,996.25,0,Mph
-666,1004.75,0,Mph
-848.5,1014.75,0,Mph
-702.5,1018.75,0,Mph
-629.5,1031.25,0,Mph
-697,1040.75,0,Mph
-712,1039.25,0,Mph
-769.5,1048.25,0,Mph
-601,1041.75,0,Mph
-546,1044.25,0,Mph
-741.5,1054.25,0,Mph
-978.5,1053.25,0,Mph
-935.5,1059.25,0,Mph
-596.5,1057.25,0,Mph
-1167.5,1063.75,0,Mph
-537,1057.75,0,Mph
-823,1062.25,0,Mph
-433,1066.75,0,Mph
-952,1070.75,0,Mph
-1052.5,1068.75,0,Mph
-633.5,1068.75,0,Mph
-609.5,1073.75,0,Mph
-582.5,1069.75,0,Mph
-535.5,1072.75,0,Mph
-571,1085.25,0,Mph
-1188,1085.25,0,Mph
-922,1088.25,0,Mph
-634,1087.25,0,Mph
-610.5,1093.75,0,Mph
-1146.5,1097.25,0,Mph
-656,1100.25,0,Mph
-1125.5,1103.75,0,Mph
-1195.5,1112.25,0,Mph
-821,1107.75,0,Mph
-932.5,1117.75,0,Mph
-566.5,1125.25,0,Mph
-453.5,1121.25,0,Mph
-1126.5,1126.25,0,Mph
-580,1124.25,0,Mph
-1053,1131.25,0,Mph
-1168.5,1132.75,0,Mph
-645,1132.25,0,Mph
-880.5,1135.75,0,Mph
-626.5,1131.75,0,Mph
-970,1143.75,0,Mph
-916,1138.25,0,Mph
-1207,1146.25,0,Mph
-1141,1146.25,0,Mph
-855,1144.25,0,Mph
-891,1153.25,0,Mph
-548,1160.25,0,Mph
-725,1164.25,0,Mph
-785.5,1169.25,0,Mph
-1053,1166.25,0,Mph
-912.5,1161.75,0,Mph
-1192,1163.75,0,Mph
-873,1169.75,0,Mph
-513,1168.25,0,Mph
-445.5,1174.75,0,Mph
-1162.5,1182.25,0,Mph
-572,1182.25,0,Mph
-545,1184.75,0,Mph
-1198.5,1186.75,0,Mph
-1147.5,1195.25,0,Mph
-979.5,1189.75,0,Mph
-678,1196.25,0,Mph
-990.5,1195.75,0,Mph
-726.5,1213.25,0,Mph
-569,1203.75,0,Mph
-1185.5,1211.75,0,Mph
-1117,1206.75,0,Mph
-638.5,1218.75,0,Mph
-1143,1218.75,0,Mph
-589.5,1227.75,0,Mph
-564,1224.75,0,Mph
-947,1226.25,0,Mph
-1083.5,1236.75,0,Mph
-1172,1235.25,0,Mph
-741,1242.75,0,Mph
-939.5,1242.25,0,Mph
-1151.5,1248.75,0,Mph
-976.5,1242.75,0,Mph
-782,1245.75,0,Mph
-1189,1248.75,0,Mph
-1089,1257.75,0,Mph
-460.5,1258.25,0,Mph
-1115.5,1264.25,0,Mph
-1175,1261.75,0,Mph
-952.5,1261.75,0,Mph
-868,1262.25,0,Mph
-670,1265.25,0,Mph
-977.5,1273.75,0,Mph
-889.5,1273.75,0,Mph
-994.5,1272.75,0,Mph
-1215.5,1272.25,0,Mph
-1141,1280.25,0,Mph
-952.5,1276.75,0,Mph
-867.5,1277.25,0,Mph
-528,1284.25,0,Mph
-1203.5,1285.75,0,Mph
-654.5,1292.75,0,Mph
-564,1291.75,0,Mph
-499,1295.25,0,Mph
-718.5,1290.75,0,Mph
-931,1295.25,0,Mph
-1119.5,1298.25,0,Mph
-478,1297.25,0,Mph
-1092.5,1302.25,0,Mph
-890.5,1301.25,0,Mph
-1166.5,1302.75,0,Mph
-708,1300.75,0,Mph
-875,1304.25,0,Mph
-689,1306.75,0,Mph
-577,1314.75,0,Mph
-970,1310.75,0,Mph
-1221,1309.25,0,Mph
-630.5,1311.25,0,Mph
-1186.5,1317.25,0,Mph
-542.5,1318.25,0,Mph
-471,1324.25,0,Mph
-936,1321.25,0,Mph
-688,1325.75,0,Mph
-530.5,1328.25,0,Mph
-924,1329.75,0,Mph
-1137.5,1331.25,0,Mph
-1049.5,1334.25,0,Mph
-1217,1335.25,0,Mph
-859.5,1333.75,0,Mph
-622.5,1331.75,0,Mph
-483,1341.25,0,Mph
-1159.5,1333.25,0,Mph
-591.5,1336.25,0,Mph
-511.5,1337.25,0,Mph
-445,1334.75,0,Mph
-1180,1341.25,0,Mph
-871.5,1345.75,0,Mph
-435.5,1347.25,0,Mph
-942,1350.25,0,Mph
-656,1356.75,0,Mph
-457.5,1353.25,0,Mph
-1039,1356.25,0,Mph
-1055,1360.25,0,Mph
-1167.5,1364.75,0,Mph
-1002.5,1365.75,0,Mph
-670,1371.25,0,Mph
-1025,1383.75,0,Mph
-432.5,1381.25,0,Mph
-1155,1383.25,0,Mph
-718.5,1382.75,0,Mph
-943.5,1383.25,0,Mph
-697.5,1391.75,0,Mph
-1064,1396.25,0,Mph
-872.5,1393.75,0,Mph
-515,1393.25,0,Mph
-1083.5,1393.25,0,Mph
-926.5,1395.75,0,Mph
-771.5,1400.75,0,Mph
-555,1401.75,0,Mph
-944,1399.25,0,Mph
-810.5,1410.25,0,Mph
-977,1405.75,0,Mph
-1141,1408.25,0,Mph
-698,1414.75,0,Mph
-1004,1414.25,0,Mph
-569,1411.25,0,Mph
-859,1414.75,0,Mph
-913.5,1429.25,0,Mph
-835,1417.75,0,Mph
-641.5,1422.75,0,Mph
-676.5,1420.25,0,Mph
-1142,1423.25,0,Mph
-761.5,1421.25,0,Mph
-1037,1424.75,0,Mph
-981,1421.75,0,Mph
-1119,1428.75,0,Mph
-585,1427.75,0,Mph
-468.5,1427.75,0,Mph
-635,1436.75,0,Mph
-611,1438.75,0,Mph
-960.5,1438.75,0,Mph
-807,1435.75,0,Mph
-457,1437.25,0,Mph
-1074,1442.25,0,Mph
-870.5,1437.25,0,Mph
-543.5,1444.25,0,Mph
-1029.5,1440.75,0,Mph
-1010.5,1446.25,0,Mph
-788.5,1449.75,0,Mph
-989.5,1448.75,0,Mph
-569.5,1454.25,0,Mph
-901,1455.75,0,Mph
-870.5,1461.75,0,Mph
-941.5,1457.75,0,Mph
-591.5,1458.25,0,Mph
-721,1466.75,0,Mph
-696.5,1463.25,0,Mph
-978,1469.25,0,Mph
-920,1470.25,0,Mph
-1103,1471.75,0,Mph
-487.5,1472.25,0,Mph
-539,1477.75,0,Mph
-1065.5,1482.75,0,Mph
-501.5,1476.25,0,Mph
-798.5,1478.25,0,Mph
-780.5,1484.25,0,Mph
-599.5,1483.25,0,Mph
-508,1489.25,0,Mph
-432,1484.25,0,Mph
-847,1485.75,0,Mph
-931,1492.25,0,Mph
-448,1487.25,0,Mph
-871.5,1489.75,0,Mph
-592,1496.25,0,Mph
-1076.5,1500.25,0,Mph
-909,1499.25,0,Mph
-522,1504.75,0,Mph
-858,1512.25,0,Mph
-656.5,1512.25,0,Mph
-934.5,1513.25,0,Mph
-891.5,1508.75,0,Mph
-639.5,1513.75,0,Mph
-496,1517.75,0,Mph
-602.5,1519.75,0,Mph
-888.5,1528.25,0,Mph
-741,1534.75,0,Mph
-577.5,1530.25,0,Mph
-800.5,1533.25,0,Mph
-911.5,1526.75,0,Mph
-538,1533.25,0,Mph
-476.5,1533.75,0,Mph
-698,1528.75,0,Mph
-852.5,1536.75,0,Mph
-655.5,1534.25,0,Mph
-446.5,1535.75,0,Mph
-624,1546.75,0,Mph
-504,1542.25,0,Mph
-595.5,1547.75,0,Mph
-584.5,1556.75,0,Mph
-955,1556.25,0,Mph
-892,1556.75,0,Mph
-444,1557.25,0,Mph
-502.5,1560.25,0,Mph
-609,1561.75,0,Mph
-937,1564.75,0,Mph
-911.5,1565.75,0,Mph
-749,1566.75,0,Mph
-475,1567.25,0,Mph
-1054,1574.75,0,Mph
-1020,1574.25,0,Mph
-882,1575.25,0,Mph
-576.5,1579.75,0,Mph
-756,1592.25,0,Mph
-547,1588.75,0,Mph
-503,1586.75,0,Mph
-906,1596.75,0,Mph
-932.5,1607.25,0,Mph
-526,1608.25,0,Mph
-479.5,1614.75,0,Mph
-583,1632.25,0,Mph
-575.5,1642.25,0,Mph
-253,950.75,0,Mph
-374,952.75,0,Mph
-152.5,956.75,0,Mph
283,957.75,0,Mph
352,954.75,0,Mph
173,954.75,0,Mph
-93.5,963.75,0,Mph
-232.5,966.25,0,Mph
123.5,969.25,0,Mph
-358,970.25,0,Mph
-4.5,972.25,0,Mph
149,977.25,0,Mph
26.5,981.25,0,Mph
280,985.75,0,Mph
-341,983.25,0,Mph
319.5,993.25,0,Mph
302.5,998.25,0,Mph
8.5,989.75,0,Mph
122,994.75,0,Mph
365.5,992.75,0,Mph
24.5,1008.75,0,Mph
249,1013.75,0,Mph
204.5,1006.75,0,Mph
-29,1009.25,0,Mph
358.5,1012.75,0,Mph
313,1020.75,0,Mph
-46.5,1020.25,0,Mph
245.5,1030.25,0,Mph
57.5,1025.75,0,Mph
287,1027.25,0,Mph
-255.5,1034.25,0,Mph
-43.5,1033.75,0,Mph
-26.5,1031.75,0,Mph
209.5,1034.75,0,Mph
-411,1041.25,0,Mph
120,1037.25,0,Mph
-175,1039.75,0,Mph
299.5,1039.75,0,Mph
331,1042.75,0,Mph
102,1049.75,0,Mph
288,1050.75,0,Mph
342,1050.25,0,Mph
-167.5,1056.75,0,Mph
-201.5,1088.75,0,Mph
-287.5,1097.75,0,Mph
258.5,1104.25,0,Mph
-176.5,1109.25,0,Mph
-423,1119.25,0,Mph
-87,1125.25,0,Mph
-157,1123.25,0,Mph
92,1126.75,0,Mph
191.5,1129.75,0,Mph
-174.5,1133.25,0,Mph
-113,1130.75,0,Mph
110.5,1135.25,0,Mph
63,1140.75,0,Mph
-358,1149.75,0,Mph
-201.5,1146.75,0,Mph
199,1148.25,0,Mph
70.5,1150.25,0,Mph
-190.5,1162.75,0,Mph
27.5,1157.75,0,Mph
-415,1172.25,0,Mph
-201.5,1163.25,0,Mph
-167,1167.75,0,Mph
70.5,1165.25,0,Mph
-393.5,1169.75,0,Mph
189.5,1166.25,0,Mph
-72,1173.25,0,Mph
-34,1173.75,0,Mph
-374.5,1177.25,0,Mph
81.5,1182.75,0,Mph
51.5,1185.75,0,Mph
-75.5,1193.25,0,Mph
354.5,1214.75,0,Mph
-146.5,1219.25,0,Mph
-140.5,1237.25,0,Mph
-274.5,1248.25,0,Mph
-240.5,1250.25,0,Mph
46,1268.25,0,Mph
333,1251.75,0,Mph
332.5,1267.25,0,Mph
302,1277.75,0,Mph
-264,1280.75,0,Mph
-106.5,1286.75,0,Mph
-65,1288.75,0,Mph
-39,1291.25,0,Mph
2.5,1289.25,0,Mph
-192.5,1302.25,0,Mph
-13,1296.25,0,Mph
-159.5,1305.75,0,Mph
-104,1309.25,0,Mph
-63.5,1306.25,0,Mph
-224,1308.75,0,Mph
-267.5,1314.25,0,Mph
16,1328.25,0,Mph
35,1333.75,0,Mph
-199,1335.25,0,Mph
-414.5,1354.75,0,Mph
355,1367.75,0,Mph
-366,1363.25,0,Mph
-193,1366.25,0,Mph
-393.5,1378.25,0,Mph
27,1368.75,0,Mph
72.5,1382.75,0,Mph
130,1381.75,0,Mph
188.5,1384.25,0,Mph
-286,1385.25,0,Mph
-377.5,1394.25,0,Mph
146.5,1392.75,0,Mph
-300,1391.25,0,Mph
-116,1402.75,0,Mph
-57.5,1396.75,0,Mph
-264,1397.25,0,Mph
281.5,1404.25,0,Mph
-306.5,1406.25,0,Mph
243.5,1408.75,0,Mph
-426.5,1408.75,0,Mph
-46,1409.75,0,Mph
221.5,1415.75,0,Mph
-381.5,1419.25,0,Mph
-415.5,1426.25,0,Mph
182,1431.75,0,Mph
-250.5,1429.75,0,Mph
146,1429.25,0,Mph
-162,1431.25,0,Mph
-281,1447.25,0,Mph
-147.5,1438.25,0,Mph
115,1438.75,0,Mph
-404,1448.25,0,Mph
-380,1455.25,0,Mph
133.5,1445.75,0,Mph
-257.5,1456.25,0,Mph
-213.5,1458.75,0,Mph
171.5,1456.75,0,Mph
-240.5,1458.75,0,Mph
-353,1468.25,0,Mph
31,1463.25,0,Mph
-186,1462.25,0,Mph
-163.5,1467.75,0,Mph
-122.5,1466.75,0,Mph
-295,1468.25,0,Mph
-244.5,1476.25,0,Mph
59.5,1480.25,0,Mph
-195.5,1480.75,0,Mph
-305,1480.75,0,Mph
-176.5,1485.75,0,Mph
4.5,1490.75,0,Mph
-132.5,1489.75,0,Mph
-326.5,1489.75,0,Mph
72.5,1496.75,0,Mph
-297,1492.25,0,Mph
-162,1489.75,0,Mph
-76,1495.25,0,Mph
-423.5,1503.75,0,Mph
37.5,1501.25,0,Mph
-146.5,1495.75,0,Mph
-106,1495.25,0,Mph
-182,1502.25,0,Mph
-230.5,1500.75,0,Mph
-161.5,1506.25,0,Mph
181.5,1508.25,0,Mph
-143.5,1512.75,0,Mph
-106,1511.25,0,Mph
-122,1519.25,0,Mph
-102,1531.75,0,Mph
152,1536.25,0,Mph
171.5,1539.75,0,Mph
203.5,1540.75,0,Mph
-157.5,1540.75,0,Mph
26.5,1547.25,0,Mph
224.5,1549.25,0,Mph
-92.5,1550.75,0,Mph
288.5,1557.75,0,Mph
9.5,1558.25,0,Mph
31.5,1563.25,0,Mph
-122,1563.75,0,Mph
81,1577.75,0,Mph
92,1596.75,0,Mph
-49,1601.75,0,Mph
221,1604.75,0,Mph
-96.5,1632.75,0,Mph
-58,1627.75,0,Mph
-22.5,1628.75,0,Mph
-50.5,1653.75,0,Mph
250,1654.75,0,Mph
-104,1666.25,0,Mph
270,1665.75,0,Mph
-65,1671.25,0,Mph
65.5,1681.25,0,Mph
-99.5,1685.25,0,Mph
154,1689.25,0,Mph
43.5,1705.75,0,Mph
-70,1699.75,0,Mph
161,1704.75,0,Mph
-116.5,1704.25,0,Mph
-196,1717.25,0,Mph
-100.5,1722.25,0,Mph
-60.5,1717.25,0,Mph
174.5,1717.25,0,Mph
-120.5,1723.75,0,Mph
-168,1732.25,0,Mph
51,1731.75,0,Mph
390,949.75,0,Mph
472.5,967.75,0,Mph
375.5,976.75,0,Mph
1089.5,984.75,0,Mph
385,996.75,0,Mph
1018,999.75,0,Mph
988.5,1000.25,0,Mph
878,1021.75,0,Mph
740,1023.75,0,Mph
1014,1032.25,0,Mph
373,1038.25,0,Mph
490,1043.75,0,Mph
1122.5,1055.25,0,Mph
463.5,1055.75,0,Mph
381.5,1060.75,0,Mph
437,1066.25,0,Mph
609.5,1071.25,0,Mph
391.5,1073.25,0,Mph
1066,1086.25,0,Mph
373,1081.75,0,Mph
483,1085.75,0,Mph
437,1090.25,0,Mph
527.5,1092.25,0,Mph
615,1096.25,0,Mph
955.5,1096.25,0,Mph
567.5,1107.25,0,Mph
1146.5,1106.25,0,Mph
502,1109.25,0,Mph
524,1110.25,0,Mph
1127.5,1112.25,0,Mph
452,1114.25,0,Mph
386,1123.25,0,Mph
417,1127.25,0,Mph
685.5,1126.25,0,Mph
485.5,1128.25,0,Mph
616.5,1126.75,0,Mph
954.5,1126.25,0,Mph
514,1133.75,0,Mph
1133,1133.75,0,Mph
725,1144.25,0,Mph
946.5,1140.25,0,Mph
595,1143.25,0,Mph
691,1143.75,0,Mph
1036,1146.75,0,Mph
631.5,1149.75,0,Mph
482.5,1151.25,0,Mph
1137,1159.75,0,Mph
677.5,1164.25,0,Mph
400.5,1161.75,0,Mph
645,1162.25,0,Mph
424.5,1162.75,0,Mph
461.5,1161.75,0,Mph
500,1163.25,0,Mph
1139.5,1184.25,0,Mph
612.5,1180.75,0,Mph
703,1183.75,0,Mph
747.5,1198.25,0,Mph
825.5,1186.25,0,Mph
453.5,1190.75,0,Mph
788.5,1196.75,0,Mph
496,1212.25,0,Mph
517.5,1196.75,0,Mph
637.5,1203.25,0,Mph
660,1200.25,0,Mph
1033,1208.25,0,Mph
711.5,1203.25,0,Mph
937,1206.25,0,Mph
674.5,1215.75,0,Mph
1098,1207.75,0,Mph
1150.5,1208.75,0,Mph
465.5,1213.75,0,Mph
769.5,1210.25,0,Mph
800.5,1215.25,0,Mph
454.5,1221.75,0,Mph
728,1216.75,0,Mph
921,1218.25,0,Mph
819.5,1228.25,0,Mph
1164.5,1224.25,0,Mph
952.5,1227.75,0,Mph
876,1245.75,0,Mph
1095,1231.25,0,Mph
768,1245.75,0,Mph
1033,1236.25,0,Mph
484.5,1245.25,0,Mph
1105,1243.25,0,Mph
664.5,1244.75,0,Mph
972,1247.25,0,Mph
783,1252.75,0,Mph
737.5,1253.25,0,Mph
636.5,1251.75,0,Mph
441,1257.25,0,Mph
901.5,1262.25,0,Mph
1022.5,1256.25,0,Mph
504,1260.75,0,Mph
397,1265.25,0,Mph
483,1271.25,0,Mph
940.5,1271.25,0,Mph
871.5,1279.25,0,Mph
534,1281.25,0,Mph
846.5,1282.25,0,Mph
1074.5,1286.75,0,Mph
765,1287.75,0,Mph
955,1287.75,0,Mph
551.5,1288.75,0,Mph
482,1292.75,0,Mph
533.5,1295.25,0,Mph
846.5,1302.75,0,Mph
535,1311.75,0,Mph
588.5,1318.75,0,Mph
416.5,1323.75,0,Mph
503,1326.75,0,Mph
530,1333.75,0,Mph
895.5,1337.75,0,Mph
436,1330.25,0,Mph
775,1333.75,0,Mph
390,1336.75,0,Mph
907.5,1344.25,0,Mph
802.5,1343.75,0,Mph
986,1349.25,0,Mph
649.5,1348.25,0,Mph
848.5,1348.25,0,Mph
498,1351.25,0,Mph
481.5,1352.25,0,Mph
774,1353.25,0,Mph
390,1355.25,0,Mph
870,1353.75,0,Mph
599,1360.25,0,Mph
432.5,1369.75,0,Mph
965,1364.75,0,Mph
563,1372.25,0,Mph
841,1368.25,0,Mph
878.5,1370.75,0,Mph
463.5,1375.25,0,Mph
498.5,1379.75,0,Mph
945.5,1374.75,0,Mph
615.5,1378.75,0,Mph
820,1383.25,0,Mph
970,1381.25,0,Mph
451,1387.75,0,Mph
790,1383.75,0,Mph
529,1385.25,0,Mph
871,1391.25,0,Mph
488,1397.75,0,Mph
588,1395.75,0,Mph
764,1405.75,0,Mph
837.5,1407.25,0,Mph
998.5,1407.75,0,Mph
857.5,1414.75,0,Mph
835,1423.25,0,Mph
781,1424.75,0,Mph
886,1431.25,0,Mph
867,1435.75,0,Mph
794,1439.25,0,Mph
1053,1442.75,0,Mph
416.5,1445.75,0,Mph
770,1446.25,0,Mph
685,1443.25,0,Mph
448.5,1448.75,0,Mph
825,1450.25,0,Mph
705,1451.75,0,Mph
850.5,1455.75,0,Mph
720,1460.25,0,Mph
468,1463.25,0,Mph
943.5,1465.75,0,Mph
615,1466.75,0,Mph
971,1470.75,0,Mph
592.5,1472.75,0,Mph
994.5,1474.75,0,Mph
870.5,1480.75,0,Mph
604.5,1499.25,0,Mph
674.5,1498.75,0,Mph
805,1506.75,0,Mph
1014,1516.25,0,Mph
776,1509.75,0,Mph
458,1518.25,0,Mph
866,1518.75,0,Mph
612,1520.75,0,Mph
678.5,1521.75,0,Mph
786.5,1526.25,0,Mph
730,1533.25,0,Mph
665.5,1529.25,0,Mph
841,1540.75,0,Mph
814.5,1543.25,0,Mph
856.5,1545.25,0,Mph
986.5,1562.75,0,Mph
953,1573.75,0,Mph
468.5,1579.75,0,Mph
852,1573.75,0,Mph
999,1581.75,0,Mph
678.5,1581.75,0,Mph
1019,1587.75,0,Mph
847.5,1598.25,0,Mph
800.5,1591.25,0,Mph
881.5,1593.75,0,Mph
450.5,1594.25,0,Mph
481,1598.75,0,Mph
891,1607.75,0,Mph
981,1616.75,0,Mph
949,1617.25,0,Mph
918,1619.75,0,Mph
856,1614.75,0,Mph
450.5,1626.75,0,Mph
384,1629.75,0,Mph
469,1634.75,0,Mph
835,1640.25,0,Mph
850,1646.25,0,Mph
1013,1645.75,0,Mph
866,1647.25,0,Mph
1124,1650.25,0,Mph
453.5,1654.75,0,Mph
864,1662.75,0,Mph
420.5,1669.75,0,Mph
1097.5,1666.75,0,Mph
880.5,1672.75,0,Mph
463.5,1678.75,0,Mph
493.5,1681.25,0,Mph
1090.5,1686.25,0,Mph
888,1689.75,0,Mph
474.5,1692.75,0,Mph
919.5,1695.75,0,Mph
761.5,1701.25,0,Mph
829.5,1701.25,0,Mph
422,1698.25,0,Mph
805,1704.25,0,Mph
509,1703.75,0,Mph
869.5,1709.75,0,Mph
941.5,1709.75,0,Mph
480,1712.25,0,Mph
498.5,1711.75,0,Mph
1030.5,1710.75,0,Mph
897.5,1718.75,0,Mph
524.5,1717.75,0,Mph
858.5,1722.25,0,Mph
1103.5,1721.75,0,Mph
544,1723.25,0,Mph
810,1726.25,0,Mph
406.5,1728.75,0,Mph
772.5,1728.75,0,Mph
1108,1735.25,0,Mph
731,1734.75,0,Mph
754.5,1740.75,0,Mph
467,1741.25,0,Mph
487,1740.75,0,Mph
849,1739.75,0,Mph
963.5,1746.75,0,Mph
406,1746.75,0,Mph
1694,949.25,0,Mph
1320,956.25,0,Mph
1602.5,953.25,0,Mph
1206,954.25,0,Mph
1280,954.75,0,Mph
1669.5,959.25,0,Mph
1229.5,958.25,0,Mph
1903,955.25,0,Mph
1251.5,970.25,0,Mph
1574,967.25,0,Mph
1554,974.25,0,Mph
1533,976.25,0,Mph
1281,979.75,0,Mph
1463.5,985.25,0,Mph
1963.5,987.75,0,Mph
1301.5,983.25,0,Mph
1573,988.25,0,Mph
1246.5,989.25,0,Mph
1265,993.25,0,Mph
1313.5,1001.75,0,Mph
1708,1005.25,0,Mph
1332.5,997.75,0,Mph
1923,1007.25,0,Mph
1884,1007.75,0,Mph
1234,1012.25,0,Mph
1253.5,1008.25,0,Mph
1655,1016.75,0,Mph
1333,1010.75,0,Mph
1630.5,1013.25,0,Mph
1376.5,1018.25,0,Mph
1361,1014.75,0,Mph
1701,1018.75,0,Mph
1453,1020.25,0,Mph
1509.5,1021.75,0,Mph
1315,1024.25,0,Mph
1541.5,1025.25,0,Mph
1254.5,1027.25,0,Mph
1357,1029.25,0,Mph
1599,1032.75,0,Mph
1949,1031.25,0,Mph
1429.5,1034.75,0,Mph
1237.5,1031.25,0,Mph
1392,1039.75,0,Mph
1738.5,1045.75,0,Mph
1695,1048.75,0,Mph
1565,1050.25,0,Mph
1342.5,1052.75,0,Mph
1510.5,1054.75,0,Mph
1796,1055.25,0,Mph
1368.5,1050.75,0,Mph
1662,1051.75,0,Mph
1836,1060.25,0,Mph
1315.5,1062.25,0,Mph
1741,1071.75,0,Mph
1371,1067.75,0,Mph
1543,1069.75,0,Mph
1417,1072.75,0,Mph
1481,1074.25,0,Mph
1312,1078.75,0,Mph
1389.5,1078.75,0,Mph
1708.5,1082.25,0,Mph
1953.5,1083.75,0,Mph
1445.5,1087.25,0,Mph
1790.5,1086.75,0,Mph
1514.5,1094.25,0,Mph
1733.5,1089.25,0,Mph
1476.5,1095.25,0,Mph
1285.5,1097.25,0,Mph
1391.5,1095.25,0,Mph
1454,1101.25,0,Mph
1416.5,1097.25,0,Mph
1438.5,1104.75,0,Mph
1658,1106.75,0,Mph
1246.5,1134.25,0,Mph
1535.5,1136.25,0,Mph
1463.5,1151.25,0,Mph
1384,1150.25,0,Mph
1240,1155.25,0,Mph
1709,1155.75,0,Mph
1413.5,1171.25,0,Mph
1708.5,1177.75,0,Mph
1477.5,1188.75,0,Mph
1382,1184.25,0,Mph
1716.5,1194.25,0,Mph
1449,1216.25,0,Mph
1749.5,1213.75,0,Mph
1722.5,1217.75,0,Mph
1891.5,1223.75,0,Mph
1173.5,1241.75,0,Mph
1435.5,1261.25,0,Mph
1715.5,1281.75,0,Mph
1730,1287.25,0,Mph
1865.5,1307.75,0,Mph
1724,1303.75,0,Mph
1771,1314.25,0,Mph
1775.5,1340.25,0,Mph
1401,1347.25,0,Mph
1918.5,1342.75,0,Mph
1432.5,1339.75,0,Mph
1540,1345.25,0,Mph
1962,1352.25,0,Mph
1428.5,1355.25,0,Mph
1763.5,1369.25,0,Mph
1866,1367.25,0,Mph
1444,1365.25,0,Mph
1462.5,1371.25,0,Mph
1372.5,1379.25,0,Mph
1407,1392.75,0,Mph
1331,1395.75,0,Mph
1776,1398.75,0,Mph
1931,1404.75,0,Mph
1663.5,1432.75,0,Mph
1243,1437.75,0,Mph
1610.5,1443.75,0,Mph
1594.5,1443.75,0,Mph
1492,1451.25,0,Mph
1230.5,1447.25,0,Mph
1824.5,1448.25,0,Mph
1599.5,1464.75,0,Mph
1238,1464.75,0,Mph
1462.5,1469.25,0,Mph
1785,1474.75,0,Mph
1471,1487.25,0,Mph
1709.5,1483.25,0,Mph
1881,1482.25,0,Mph
1488.5,1488.25,0,Mph
1842.5,1486.75,0,Mph
1947,1487.75,0,Mph
1926,1491.75,0,Mph
1505,1507.25,0,Mph
1398.5,1513.25,0,Mph
1329.5,1523.75,0,Mph
1389,1531.75,0,Mph
1408,1535.25,0,Mph
1399.5,1547.75,0,Mph
1298,1560.25,0,Mph
1961.5,1570.75,0,Mph
1221,1594.75,0,Mph
1376.5,1588.75,0,Mph
1710.5,1588.25,0,Mph
1247.5,1587.25,0,Mph
1652.5,1601.25,0,Mph
1390.5,1606.75,0,Mph
1893,1607.75,0,Mph
1811.5,1610.75,0,Mph
1596.5,1613.25,0,Mph
1372.5,1621.25,0,Mph
1531,1620.25,0,Mph
1823,1625.25,0,Mph
1497,1622.75,0,Mph
1863.5,1634.75,0,Mph
1389,1630.25,0,Mph
1462,1634.25,0,Mph
1622,1638.75,0,Mph
1736.5,1642.25,0,Mph
1694.5,1639.75,0,Mph
1641.5,1643.75,0,Mph
1476,1655.25,0,Mph
1825,1669.75,0,Mph
1402,1664.25,0,Mph
1851,1663.75,0,Mph
1379.5,1668.25,0,Mph
1198.5,1669.25,0,Mph
1181,1676.25,0,Mph
1200,1685.75,0,Mph
1274,1688.75,0,Mph
1252.5,1694.25,0,Mph
1173.5,1698.75,0,Mph
1217,1704.25,0,Mph
1315,1706.25,0,Mph
1411,1719.25,0,Mph
1909,1720.75,0,Mph
1636,1721.25,0,Mph
1270.5,1728.25,0,Mph
1639.5,1736.25,0,Mph
1721,1736.75,0,Mph
1332,1739.75,0,Mph
2289,951.25,0,Mph
2767.5,951.75,0,Mph
2562.5,959.25,0,Mph
2703.5,969.75,0,Mph
2727.5,967.75,0,Mph
2238,977.25,0,Mph
2546,976.25,0,Mph
2747.5,972.75,0,Mph
2740,990.75,0,Mph
2391.5,995.75,0,Mph
2372,998.25,0,Mph
2696.5,996.25,0,Mph
2604.5,1018.75,0,Mph
2379.5,1018.75,0,Mph
1985.5,1033.25,0,Mph
1996,1074.75,0,Mph
2746.5,1083.25,0,Mph
2724.5,1088.25,0,Mph
2139,1098.25,0,Mph
2764,1105.75,0,Mph
1978.5,1115.25,0,Mph
2753,1111.75,0,Mph
2088.5,1113.75,0,Mph
2720,1132.25,0,Mph
2660.5,1133.75,0,Mph
2452.5,1149.25,0,Mph
2717,1147.75,0,Mph
2333.5,1161.75,0,Mph
1999,1165.75,0,Mph
2106,1173.25,0,Mph
2645.5,1182.75,0,Mph
2333,1183.25,0,Mph
2764,1183.75,0,Mph
2619,1185.25,0,Mph
2130,1194.75,0,Mph
2114,1198.25,0,Mph
2084.5,1201.25,0,Mph
2355.5,1199.75,0,Mph
2000,1215.75,0,Mph
2147,1214.25,0,Mph
2051.5,1223.25,0,Mph
2556.5,1224.25,0,Mph
2159,1240.75,0,Mph
2129.5,1237.75,0,Mph
2563.5,1246.75,0,Mph
2052.5,1240.25,0,Mph
2029,1247.25,0,Mph
2255,1251.25,0,Mph
2144.5,1249.75,0,Mph
2233.5,1253.75,0,Mph
2337.5,1250.25,0,Mph
2476,1256.75,0,Mph
2137.5,1274.25,0,Mph
2646,1278.25,0,Mph
2243.5,1279.25,0,Mph
2104,1297.75,0,Mph
2240,1304.25,0,Mph
2734.5,1307.25,0,Mph
2128.5,1302.75,0,Mph
2647.5,1313.25,0,Mph
2770.5,1322.25,0,Mph
2121.5,1322.75,0,Mph
2735.5,1333.25,0,Mph
2595,1375.75,0,Mph
2696,1372.75,0,Mph
2327.5,1381.75,0,Mph
2697.5,1393.75,0,Mph
2669.5,1398.75,0,Mph
2608.5,1419.25,0,Mph
2161.5,1420.25,0,Mph
2693.5,1420.25,0,Mph
2292.5,1423.25,0,Mph
2764.5,1446.25,0,Mph
2693.5,1447.75,0,Mph
2672,1476.75,0,Mph
2771,1486.75,0,Mph
2714.5,1489.25,0,Mph
2766.5,1512.25,0,Mph
2396.5,1521.25,0,Mph
2681.5,1522.25,0,Mph
2375.5,1528.75,0,Mph
2100.5,1540.75,0,Mph
2678,1543.75,0,Mph
2125.5,1547.75,0,Mph
2398,1546.75,0,Mph
2663,1556.75,0,Mph
1975,1561.75,0,Mph
2673.5,1572.75,0,Mph
2595,1574.25,0,Mph
2590,1588.75,0,Mph
2750.5,1598.25,0,Mph
2578,1599.75,0,Mph
2642.5,1603.25,0,Mph
2457,1612.25,0,Mph
2596,1610.75,0,Mph
2375.5,1614.75,0,Mph
2527.5,1619.25,0,Mph
2659.5,1632.25,0,Mph
2433.5,1643.25,0,Mph
2043,1640.25,0,Mph
2586,1648.75,0,Mph
2279,1657.25,0,Mph
2746,1650.75,0,Mph
2147.5,1662.25,0,Mph
2553.5,1664.25,0,Mph
2338.5,1670.25,0,Mph
2659,1669.75,0,Mph
2568.5,1668.75,0,Mph
2361,1675.25,0,Mph
2642.5,1680.25,0,Mph
2354.5,1688.25,0,Mph
2770.5,1686.75,0,Mph
2754.5,1686.25,0,Mph
2687.5,1692.25,0,Mph
2646.5,1692.75,0,Mph
2099,1703.25,0,Mph
2704.5,1710.25,0,Mph
2580.5,1715.75,0,Mph
2749,1705.75,0,Mph
2604.5,1715.75,0,Mph
2289.5,1716.75,0,Mph
2650.5,1713.25,0,Mph
2639.5,1723.25,0,Mph
2770,1718.75,0,Mph
2362.5,1722.25,0,Mph
2333.5,1736.25,0,Mph
2352.5,1731.75,0,Mph
2299,1741.75,0,Mph
2366,1740.75,0,Mph
2586,1746.75,0,Mph
2461,1746.75,0,Mph
3197.5,953.25,0,Mph
3489,956.25,0,Mph
2936.5,955.75,0,Mph
3556,959.25,0,Mph
2922.5,962.75,0,Mph
2930.5,979.25,0,Mph
3003.5,990.25,0,Mph
2781.5,985.75,0,Mph
2810,996.25,0,Mph
3551.5,998.25,0,Mph
3389.5,1003.25,0,Mph
2780,1007.25,0,Mph
3413,1009.25,0,Mph
2926,1011.75,0,Mph
3439,1017.75,0,Mph
2825,1020.75,0,Mph
3528,1034.25,0,Mph
2845.5,1032.75,0,Mph
2878.5,1042.25,0,Mph
2937,1036.25,0,Mph
2947.5,1040.75,0,Mph
3107.5,1051.75,0,Mph
2857,1050.75,0,Mph
3522,1057.25,0,Mph
3050,1068.25,0,Mph
3340,1078.25,0,Mph
3317,1088.25,0,Mph
3063.5,1092.75,0,Mph
3417.5,1092.25,0,Mph
2884.5,1100.75,0,Mph
3124,1113.75,0,Mph
3559,1112.75,0,Mph
2943.5,1124.25,0,Mph
3068.5,1119.75,0,Mph
2982,1127.75,0,Mph
3548,1121.25,0,Mph
2826.5,1137.75,0,Mph
3081,1134.75,0,Mph
3135.5,1150.25,0,Mph
2959,1142.25,0,Mph
3155.5,1165.25,0,Mph
3016,1152.25,0,Mph
2982.5,1154.75,0,Mph
2960,1161.25,0,Mph
3337,1161.75,0,Mph
3564.5,1158.25,0,Mph
3362,1178.75,0,Mph
3132,1196.75,0,Mph
2866.5,1214.75,0,Mph
3163.5,1211.25,0,Mph
3178.5,1212.75,0,Mph
2853,1216.25,0,Mph
2833,1215.75,0,Mph
2817.5,1218.25,0,Mph
3042,1225.25,0,Mph
3144,1227.75,0,Mph
3175,1235.25,0,Mph
3033.5,1241.75,0,Mph
3359.5,1237.75,0,Mph
3089.5,1243.75,0,Mph
3148,1248.25,0,Mph
3291,1249.75,0,Mph
3367,1252.25,0,Mph
3353,1258.25,0,Mph
3158,1269.75,0,Mph
3187,1264.75,0,Mph
3203,1275.25,0,Mph
2827,1272.25,0,Mph
2829.5,1292.25,0,Mph
2786.5,1295.25,0,Mph
3383,1291.25,0,Mph
3205.5,1294.75,0,Mph
3261.5,1296.75,0,Mph
2871,1300.75,0,Mph
2846.5,1303.25,0,Mph
3121.5,1302.75,0,Mph
3329.5,1305.25,0,Mph
3015,1312.75,0,Mph
3234.5,1311.25,0,Mph
3388,1315.25,0,Mph
2841,1316.25,0,Mph
3104,1315.75,0,Mph
2940,1319.25,0,Mph
2863,1322.25,0,Mph
3350.5,1329.75,0,Mph
2976,1329.25,0,Mph
3288,1330.75,0,Mph
3234.5,1332.25,0,Mph
3009.5,1331.25,0,Mph
3326,1330.25,0,Mph
3155,1332.75,0,Mph
2955.5,1339.25,0,Mph
3178.5,1341.75,0,Mph
2831,1338.75,0,Mph
3223.5,1340.25,0,Mph
3360,1341.25,0,Mph
3376.5,1340.75,0,Mph
3255,1344.75,0,Mph
3039,1354.25,0,Mph
3056.5,1353.75,0,Mph
3378,1354.25,0,Mph
3260,1357.75,0,Mph
2810.5,1357.25,0,Mph
3461.5,1359.25,0,Mph
3234,1364.75,0,Mph
2928.5,1363.75,0,Mph
3387,1367.25,0,Mph
3310.5,1372.25,0,Mph
3319,1383.25,0,Mph
2785,1384.75,0,Mph
3410,1389.25,0,Mph
3073.5,1386.25,0,Mph
3301,1388.25,0,Mph
2949.5,1405.75,0,Mph
2777,1414.25,0,Mph
3290,1412.75,0,Mph
3072.5,1424.75,0,Mph
3365,1413.75,0,Mph
3347.5,1415.75,0,Mph
3506,1419.25,0,Mph
2942.5,1421.25,0,Mph
2966.5,1425.25,0,Mph
3304,1430.75,0,Mph
3495.5,1432.25,0,Mph
3402,1431.75,0,Mph
3276,1443.25,0,Mph
2885.5,1443.25,0,Mph
2867.5,1443.75,0,Mph
2786.5,1444.25,0,Mph
3105,1451.25,0,Mph
3455,1460.25,0,Mph
2809.5,1461.75,0,Mph
2773.5,1467.75,0,Mph
2879.5,1467.25,0,Mph
2894.5,1472.25,0,Mph
3087,1476.25,0,Mph
3456,1484.75,0,Mph
3071.5,1485.25,0,Mph
2842,1487.75,0,Mph
3048.5,1498.75,0,Mph
2973.5,1506.25,0,Mph
3509.5,1518.25,0,Mph
3277,1516.75,0,Mph
3541.5,1519.25,0,Mph
3082.5,1516.75,0,Mph
2944.5,1518.25,0,Mph
2856,1540.75,0,Mph
3268,1540.75,0,Mph
2985,1547.75,0,Mph
3351.5,1546.25,0,Mph
2863.5,1553.75,0,Mph
2776.5,1555.75,0,Mph
2843,1561.75,0,Mph
2937.5,1565.25,0,Mph
2917.5,1558.25,0,Mph
2797.5,1564.25,0,Mph
3311,1569.75,0,Mph
3452,1574.25,0,Mph
3331.5,1572.75,0,Mph
2808,1579.75,0,Mph
2887,1581.25,0,Mph
3312.5,1582.75,0,Mph
2986,1593.25,0,Mph
3477.5,1597.75,0,Mph
3298.5,1605.25,0,Mph
3034,1603.25,0,Mph
3503.5,1602.75,0,Mph
3053.5,1610.25,0,Mph
3391.5,1621.25,0,Mph
2936.5,1613.75,0,Mph
3569,1617.75,0,Mph
3418.5,1615.75,0,Mph
3092,1620.75,0,Mph
3074.5,1624.75,0,Mph
3119.5,1625.75,0,Mph
3511,1622.25,0,Mph
3487.5,1631.75,0,Mph
3304.5,1636.25,0,Mph
2885,1634.75,0,Mph
3411.5,1635.75,0,Mph
3549,1636.25,0,Mph
3160.5,1641.25,0,Mph
3122,1649.25,0,Mph
3287,1651.75,0,Mph
3474.5,1671.25,0,Mph
3351.5,1663.25,0,Mph
3108,1670.75,0,Mph
2823.5,1670.25,0,Mph
3457,1675.25,0,Mph
2954,1665.75,0,Mph
3125.5,1669.75,0,Mph
3507.5,1670.25,0,Mph
3191,1689.75,0,Mph
3274,1690.75,0,Mph
3127,1688.75,0,Mph
3527.5,1687.75,0,Mph
2817.5,1692.25,0,Mph
3506,1694.25,0,Mph
3459,1700.25,0,Mph
3142,1711.25,0,Mph
3518,1712.25,0,Mph
2795,1713.25,0,Mph
3248,1717.25,0,Mph
2853.5,1722.75,0,Mph
2965,1727.25,0,Mph
3553.5,1721.75,0,Mph
2814.5,1719.75,0,Mph
2836,1722.75,0,Mph
3223,1726.25,0,Mph
3443,1733.25,0,Mph
3357.5,1729.75,0,Mph
3255,1731.75,0,Mph
3376.5,1730.25,0,Mph
2816.5,1738.25,0,Mph
3413.5,1742.25,0,Mph
3535,1747.25,0,Mph
3500,1745.75,0,Mph
3811,949.25,0,Mph
3887,954.25,0,Mph
3869,976.25,0,Mph
3634.5,975.75,0,Mph
3635.5,998.75,0,Mph
3602.5,1002.75,0,Mph
3933.5,998.75,0,Mph
3655.5,1013.75,0,Mph
3779,1018.25,0,Mph
3941.5,1018.25,0,Mph
3846.5,1023.75,0,Mph
3768,1030.25,0,Mph
3602,1034.25,0,Mph
3917.5,1040.25,0,Mph
3867,1046.25,0,Mph
3890,1045.25,0,Mph
3604,1054.75,0,Mph
3635,1088.75,0,Mph
3878,1099.25,0,Mph
3918.5,1098.75,0,Mph
3798.5,1103.25,0,Mph
3847.5,1109.25,0,Mph
3938,1113.75,0,Mph
3597,1125.75,0,Mph
3861,1122.75,0,Mph
3783.5,1137.75,0,Mph
3819,1137.25,0,Mph
3912.5,1139.25,0,Mph
3850.5,1140.75,0,Mph
3615,1152.25,0,Mph
3631,1155.25,0,Mph
3670.5,1159.75,0,Mph
3797.5,1166.75,0,Mph
3882.5,1175.25,0,Mph
3774.5,1182.75,0,Mph
3579,1186.25,0,Mph
3801.5,1190.25,0,Mph
3821,1193.25,0,Mph
3886.5,1206.25,0,Mph
3841.5,1207.75,0,Mph
3813.5,1216.75,0,Mph
3899,1214.25,0,Mph
3732.5,1230.25,0,Mph
3833,1239.25,0,Mph
3740,1260.25,0,Mph
3847.5,1266.75,0,Mph
3771,1276.75,0,Mph
3844.5,1287.75,0,Mph
3703,1321.75,0,Mph
3788,1323.25,0,Mph
3754.5,1331.75,0,Mph
3796,1354.75,0,Mph
3730.5,1355.75,0,Mph
3733.5,1390.25,0,Mph
3752.5,1393.75,0,Mph
3782.5,1397.75,0,Mph
3688.5,1407.25,0,Mph
3787,1423.25,0,Mph
3742,1446.75,0,Mph
3795,1457.75,0,Mph
3822.5,1459.75,0,Mph
3743.5,1473.75,0,Mph
3768.5,1480.25,0,Mph
3732,1495.25,0,Mph
3734,1513.25,0,Mph
3719.5,1514.75,0,Mph
3761,1517.25,0,Mph
3611.5,1516.75,0,Mph
3690,1518.75,0,Mph
3588,1534.25,0,Mph
3684.5,1534.75,0,Mph
3789,1541.75,0,Mph
3770.5,1562.25,0,Mph
3583,1576.25,0,Mph
3825,1565.75,0,Mph
3726.5,1590.25,0,Mph
3809.5,1597.25,0,Mph
3600,1599.25,0,Mph
3837,1602.75,0,Mph
3723,1613.75,0,Mph
3827,1625.75,0,Mph
3602,1635.75,0,Mph
3722.5,1633.25,0,Mph
3693.5,1638.25,0,Mph
3793,1642.75,0,Mph
3816,1667.25,0,Mph
3590,1663.25,0,Mph
3705,1686.75,0,Mph
3804,1701.75,0,Mph
3603.5,1704.75,0,Mph
3779.5,1708.75,0,Mph
3795,1723.75,0,Mph
3688.5,1717.25,0,Mph
3613.5,1723.25,0,Mph
3662,1741.25,0,Mph
3788.5,1747.25,0,Mph
206,1751.25,0,Mph
-155.5,1751.75,0,Mph
-180.5,1755.25,0,Mph
-1.5,1755.25,0,Mph
56,1759.25,0,Mph
-159,1767.25,0,Mph
223,1767.25,0,Mph
311,1768.25,0,Mph
12.5,1771.75,0,Mph
-139.5,1770.25,0,Mph
-59,1775.25,0,Mph
240.5,1771.75,0,Mph
-234.5,1783.75,0,Mph
-86.5,1783.25,0,Mph
-17.5,1790.25,0,Mph
71.5,1792.75,0,Mph
-75.5,1797.75,0,Mph
31,1798.75,0,Mph
-162,1799.25,0,Mph
112.5,1800.25,0,Mph
103,1816.25,0,Mph
-177,1809.75,0,Mph
-154.5,1819.75,0,Mph
-61,1820.25,0,Mph
-208.5,1827.25,0,Mph
30,1823.25,0,Mph
-21.5,1825.75,0,Mph
-133.5,1832.25,0,Mph
-54.5,1839.75,0,Mph
-216.5,1841.75,0,Mph
-21.5,1839.75,0,Mph
3,1839.75,0,Mph
63,1856.25,0,Mph
2.5,1864.25,0,Mph
-210,1873.75,0,Mph
-181,1868.75,0,Mph
-44.5,1872.25,0,Mph
206.5,1887.25,0,Mph
-174,1883.25,0,Mph
-137,1892.25,0,Mph
145.5,1890.75,0,Mph
-4.5,1890.75,0,Mph
306.5,1900.75,0,Mph
238,1899.75,0,Mph
152.5,1900.75,0,Mph
128,1906.75,0,Mph
-120,1905.25,0,Mph
352.5,1915.25,0,Mph
220.5,1912.25,0,Mph
-109.5,1922.75,0,Mph
162.5,1920.75,0,Mph
324,1920.75,0,Mph
146,1922.25,0,Mph
125,1928.75,0,Mph
184,1932.25,0,Mph
-77.5,1934.75,0,Mph
170,1947.25,0,Mph
82.5,1954.25,0,Mph
-51.5,1956.25,0,Mph
128,1959.75,0,Mph
42.5,1959.75,0,Mph
-82.5,1969.75,0,Mph
300,1976.75,0,Mph
214,1979.25,0,Mph
94,1982.25,0,Mph
114,1983.25,0,Mph
-72.5,1995.25,0,Mph
233.5,1992.25,0,Mph
-46,1993.75,0,Mph
116,1999.75,0,Mph
44.5,1997.25,0,Mph
8,2002.25,0,Mph
157.5,2007.75,0,Mph
302,2007.75,0,Mph
101,2013.75,0,Mph
26.5,2018.75,0,Mph
341.5,2021.75,0,Mph
-21,2028.75,0,Mph
155,2029.25,0,Mph
12.5,2034.25,0,Mph
126,2049.75,0,Mph
170,2054.75,0,Mph
-12.5,2047.75,0,Mph
51,2051.75,0,Mph
69.5,2057.75,0,Mph
327,2056.25,0,Mph
267.5,2053.75,0,Mph
142.5,2066.75,0,Mph
286.5,2065.25,0,Mph
350,2066.25,0,Mph
308.5,2069.75,0,Mph
40.5,2071.25,0,Mph
-35.5,2074.25,0,Mph
19.5,2076.75,0,Mph
66.5,2085.25,0,Mph
248,2082.25,0,Mph
-28.5,2092.75,0,Mph
275.5,2086.25,0,Mph
152,2087.25,0,Mph
270.5,2107.75,0,Mph
154,2116.75,0,Mph
42.5,2117.75,0,Mph
185.5,2124.75,0,Mph
291.5,2137.75,0,Mph
356.5,2140.25,0,Mph
325.5,2154.25,0,Mph
143.5,2155.75,0,Mph
274,2163.25,0,Mph
302,2166.75,0,Mph
170.5,2182.75,0,Mph
247.5,2192.75,0,Mph
180,2194.75,0,Mph
210,2202.75,0,Mph
170,2209.25,0,Mph
234.5,2215.25,0,Mph
258,2232.25,0,Mph
195,2228.25,0,Mph
351,2231.75,0,Mph
314.5,2250.25,0,Mph
245.5,2264.75,0,Mph
273.5,2269.75,0,Mph
314,2276.75,0,Mph
314.5,2303.25,0,Mph
343.5,2305.25,0,Mph
323,2320.25,0,Mph
371.5,2349.75,0,Mph
498.5,1758.75,0,Mph
809.5,1753.75,0,Mph
860.5,1755.25,0,Mph
724.5,1753.25,0,Mph
762,1760.75,0,Mph
779,1759.25,0,Mph
835.5,1761.25,0,Mph
1041,1763.25,0,Mph
456.5,1765.25,0,Mph
483,1773.25,0,Mph
695,1767.25,0,Mph
523,1779.75,0,Mph
868.5,1776.75,0,Mph
1071,1777.75,0,Mph
847.5,1779.75,0,Mph
830.5,1784.75,0,Mph
1035.5,1789.75,0,Mph
760,1786.75,0,Mph
387,1786.75,0,Mph
792.5,1786.75,0,Mph
1071,1795.75,0,Mph
406.5,1793.25,0,Mph
711,1790.25,0,Mph
800,1800.75,0,Mph
504.5,1802.25,0,Mph
692,1808.25,0,Mph
893,1806.25,0,Mph
908,1812.75,0,Mph
848.5,1813.75,0,Mph
400,1816.25,0,Mph
381.5,1824.25,0,Mph
435,1826.25,0,Mph
835.5,1822.75,0,Mph
971.5,1835.75,0,Mph
944.5,1824.75,0,Mph
475,1826.75,0,Mph
1165.5,1838.75,0,Mph
391.5,1834.25,0,Mph
664.5,1834.25,0,Mph
692,1830.25,0,Mph
884,1838.75,0,Mph
713,1838.75,0,Mph
812,1833.25,0,Mph
920.5,1834.75,0,Mph
521.5,1839.25,0,Mph
849.5,1847.75,0,Mph
648.5,1843.25,0,Mph
502.5,1841.75,0,Mph
944.5,1844.25,0,Mph
1147,1842.25,0,Mph
728,1845.25,0,Mph
832.5,1845.25,0,Mph
752,1845.75,0,Mph
774,1853.25,0,Mph
480,1849.25,0,Mph
1013,1847.75,0,Mph
535.5,1856.25,0,Mph
1126.5,1869.25,0,Mph
1146.5,1861.25,0,Mph
493,1861.75,0,Mph
702,1866.25,0,Mph
426,1867.25,0,Mph
476.5,1870.75,0,Mph
507,1870.75,0,Mph
538,1872.25,0,Mph
754,1874.25,0,Mph
826.5,1872.25,0,Mph
866.5,1873.25,0,Mph
680.5,1878.25,0,Mph
434.5,1880.75,0,Mph
520,1880.25,0,Mph
723,1879.25,0,Mph
786.5,1885.75,0,Mph
1151,1892.75,0,Mph
734.5,1889.25,0,Mph
861,1892.25,0,Mph
610,1895.25,0,Mph
511,1899.75,0,Mph
759,1909.25,0,Mph
567.5,1903.75,0,Mph
793.5,1909.75,0,Mph
519,1916.25,0,Mph
624,1917.75,0,Mph
653,1917.25,0,Mph
1049.5,1914.75,0,Mph
446.5,1921.25,0,Mph
962,1919.75,0,Mph
704,1924.25,0,Mph
864.5,1925.25,0,Mph
830.5,1923.25,0,Mph
766,1922.75,0,Mph
806,1928.25,0,Mph
1066,1925.25,0,Mph
578,1926.25,0,Mph
813.5,1939.25,0,Mph
647,1945.25,0,Mph
757.5,1944.75,0,Mph
624.5,1944.75,0,Mph
587.5,1945.75,0,Mph
418.5,1963.75,0,Mph
508.5,1949.25,0,Mph
1073.5,1951.25,0,Mph
855.5,1952.25,0,Mph
734.5,1958.25,0,Mph
523.5,1964.75,0,Mph
498.5,1967.75,0,Mph
543.5,1961.75,0,Mph
601,1961.25,0,Mph
828.5,1965.75,0,Mph
965.5,1967.25,0,Mph
752,1968.25,0,Mph
680,1980.75,0,Mph
976.5,1978.25,0,Mph
553.5,1982.75,0,Mph
570,1983.75,0,Mph
498.5,1995.25,0,Mph
426.5,1996.25,0,Mph
583,2005.75,0,Mph
536.5,2002.75,0,Mph
441.5,2002.25,0,Mph
958,2000.25,0,Mph
1063.5,2007.75,0,Mph
1091,2012.25,0,Mph
656.5,2016.25,0,Mph
612,2014.75,0,Mph
544.5,2014.75,0,Mph
677.5,2024.75,0,Mph
523.5,2018.25,0,Mph
1068.5,2031.25,0,Mph
519.5,2037.75,0,Mph
479,2035.25,0,Mph
552.5,2041.75,0,Mph
607.5,2035.75,0,Mph
1052.5,2042.25,0,Mph
1031.5,2041.75,0,Mph
644.5,2047.25,0,Mph
1004.5,2046.75,0,Mph
490.5,2053.25,0,Mph
587,2053.25,0,Mph
565.5,2057.25,0,Mph
608,2056.75,0,Mph
532.5,2063.75,0,Mph
1134.5,2071.25,0,Mph
491,2070.25,0,Mph
640.5,2076.25,0,Mph
1163,2082.75,0,Mph
715.5,2083.25,0,Mph
1041,2090.25,0,Mph
1069.5,2092.75,0,Mph
1093,2091.25,0,Mph
1018,2095.25,0,Mph
607,2098.25,0,Mph
722.5,2101.75,0,Mph
405,2100.75,0,Mph
930.5,2107.25,0,Mph
657.5,2110.75,0,Mph
946.5,2116.25,0,Mph
718.5,2127.25,0,Mph
667,2129.25,0,Mph
1146.5,2135.25,0,Mph
744.5,2128.25,0,Mph
958.5,2128.25,0,Mph
1081.5,2132.75,0,Mph
1128.5,2136.75,0,Mph
571.5,2135.25,0,Mph
1105.5,2139.25,0,Mph
1026,2142.25,0,Mph
1064,2139.25,0,Mph
694,2156.75,0,Mph
400.5,2149.75,0,Mph
952,2150.25,0,Mph
577.5,2150.75,0,Mph
1171.5,2159.25,0,Mph
938.5,2154.25,0,Mph
466,2162.25,0,Mph
1061.5,2165.75,0,Mph
579.5,2167.75,0,Mph
730,2164.25,0,Mph
442,2163.75,0,Mph
638,2165.25,0,Mph
946,2167.25,0,Mph
923.5,2174.25,0,Mph
1132,2167.75,0,Mph
1089.5,2168.75,0,Mph
538,2173.75,0,Mph
615,2175.25,0,Mph
596,2179.75,0,Mph
561.5,2181.25,0,Mph
946,2184.25,0,Mph
493.5,2181.25,0,Mph
1101.5,2189.25,0,Mph
1142.5,2189.75,0,Mph
573,2190.75,0,Mph
507.5,2192.75,0,Mph
443.5,2197.75,0,Mph
925.5,2197.25,0,Mph
486.5,2201.75,0,Mph
572,2204.25,0,Mph
624,2201.75,0,Mph
1088.5,2210.25,0,Mph
1029,2215.25,0,Mph
1164.5,2209.25,0,Mph
538.5,2211.75,0,Mph
636,2212.25,0,Mph
494.5,2216.75,0,Mph
1154,2222.75,0,Mph
897,2225.25,0,Mph
646.5,2232.25,0,Mph
737.5,2233.75,0,Mph
504.5,2237.25,0,Mph
480.5,2236.75,0,Mph
1157.5,2241.75,0,Mph
372.5,2240.25,0,Mph
597,2238.75,0,Mph
463.5,2241.75,0,Mph
1021,2250.25,0,Mph
614.5,2247.75,0,Mph
520,2252.25,0,Mph
626.5,2255.25,0,Mph
693.5,2253.75,0,Mph
998.5,2260.75,0,Mph
490,2260.25,0,Mph
977.5,2270.75,0,Mph
517.5,2272.25,0,Mph
633.5,2278.25,0,Mph
446,2285.25,0,Mph
503,2291.25,0,Mph
1060,2292.75,0,Mph
939.5,2290.25,0,Mph
1023.5,2302.25,0,Mph
578.5,2293.25,0,Mph
439.5,2302.75,0,Mph
546.5,2305.25,0,Mph
952.5,2303.25,0,Mph
463.5,2307.75,0,Mph
622,2302.75,0,Mph
577,2309.25,0,Mph
818.5,2313.25,0,Mph
789,2315.75,0,Mph
422,2316.25,0,Mph
649,2322.75,0,Mph
598,2318.75,0,Mph
540.5,2330.75,0,Mph
462.5,2334.25,0,Mph
998.5,2340.75,0,Mph
925,2334.75,0,Mph
386,2339.75,0,Mph
1148,2342.75,0,Mph
807.5,2342.75,0,Mph
426,2347.25,0,Mph
552,2345.25,0,Mph
488,2348.25,0,Mph
822,2347.25,0,Mph
794.5,2348.75,0,Mph
637,2353.25,0,Mph
1113,2354.25,0,Mph
523,2361.25,0,Mph
561,2361.75,0,Mph
388,2368.25,0,Mph
496.5,2372.25,0,Mph
1080.5,2370.25,0,Mph
1156,2370.75,0,Mph
1106.5,2372.75,0,Mph
600,2374.25,0,Mph
1136,2378.25,0,Mph
572.5,2378.75,0,Mph
550.5,2378.75,0,Mph
1073.5,2384.25,0,Mph
587.5,2383.75,0,Mph
813.5,2385.75,0,Mph
936,2391.75,0,Mph
470.5,2384.25,0,Mph
1085,2391.75,0,Mph
507.5,2393.25,0,Mph
823.5,2398.25,0,Mph
479.5,2396.25,0,Mph
1103.5,2396.75,0,Mph
1165,2407.25,0,Mph
498.5,2407.75,0,Mph
774.5,2412.75,0,Mph
522.5,2414.75,0,Mph
988.5,2417.25,0,Mph
1014.5,2419.75,0,Mph
1105.5,2419.25,0,Mph
570.5,2417.75,0,Mph
1139,2418.25,0,Mph
545,2419.75,0,Mph
608,2429.75,0,Mph
485,2430.25,0,Mph
667.5,2435.25,0,Mph
790,2438.25,0,Mph
768.5,2453.25,0,Mph
508.5,2444.75,0,Mph
570.5,2449.25,0,Mph
1165.5,2455.25,0,Mph
1102,2461.25,0,Mph
979.5,2460.25,0,Mph
1058.5,2458.75,0,Mph
544,2462.75,0,Mph
1141.5,2464.25,0,Mph
1035,2465.25,0,Mph
699.5,2474.75,0,Mph
1073,2477.25,0,Mph
594,2475.75,0,Mph
1164.5,2479.75,0,Mph
996,2479.75,0,Mph
779.5,2492.25,0,Mph
1057.5,2485.25,0,Mph
1119,2483.25,0,Mph
613,2488.25,0,Mph
811.5,2497.25,0,Mph
1121.5,2501.75,0,Mph
741.5,2502.75,0,Mph
982.5,2502.75,0,Mph
1160.5,2501.75,0,Mph
1143.5,2509.25,0,Mph
1169.5,2515.25,0,Mph
1093.5,2524.25,0,Mph
854,2525.25,0,Mph
1025.5,2524.75,0,Mph
1070,2527.75,0,Mph
1051,2533.75,0,Mph
1035,2543.75,0,Mph
872,2547.75,0,Mph
1543,1752.75,0,Mph
1887,1764.75,0,Mph
1231,1771.25,0,Mph
1285.5,1765.25,0,Mph
1268.5,1764.25,0,Mph
1822.5,1768.75,0,Mph
1620.5,1770.75,0,Mph
1193,1775.25,0,Mph
1276.5,1779.25,0,Mph
1873.5,1779.75,0,Mph
1821,1789.75,0,Mph
1300,1805.25,0,Mph
1898.5,1800.75,0,Mph
1860.5,1796.75,0,Mph
1951,1800.25,0,Mph
1435.5,1827.25,0,Mph
1290.5,1823.75,0,Mph
1479.5,1844.75,0,Mph
1606,1857.25,0,Mph
1438,1852.75,0,Mph
1739.5,1858.25,0,Mph
1343,1858.25,0,Mph
1776,1859.25,0,Mph
1536.5,1865.75,0,Mph
1744,1875.25,0,Mph
1706.5,1868.25,0,Mph
1920.5,1871.25,0,Mph
1342.5,1874.75,0,Mph
1365,1879.25,0,Mph
1722,1873.25,0,Mph
1531,1889.25,0,Mph
1427.5,1896.75,0,Mph
1927.5,1894.25,0,Mph
1200,1903.25,0,Mph
1293.5,1900.25,0,Mph
1949.5,1898.75,0,Mph
1291,1919.75,0,Mph
1846,1922.75,0,Mph
1824,1924.25,0,Mph
1241,1938.75,0,Mph
1498.5,1943.75,0,Mph
1257.5,1942.25,0,Mph
1343.5,1946.75,0,Mph
1362,1951.75,0,Mph
1682.5,1949.75,0,Mph
1454,1959.75,0,Mph
1273.5,1956.25,0,Mph
1345,1961.25,0,Mph
1405.5,1959.75,0,Mph
1202,1960.25,0,Mph
1871,1960.25,0,Mph
1887.5,1961.25,0,Mph
1925,1967.75,0,Mph
1659.5,1970.25,0,Mph
1901.5,1967.25,0,Mph
1785,1963.75,0,Mph
1281.5,1971.25,0,Mph
1384.5,1976.25,0,Mph
1768,1972.75,0,Mph
1816.5,1970.25,0,Mph
1480,1969.25,0,Mph
1266.5,1972.75,0,Mph
1938,1976.25,0,Mph
1856.5,1980.75,0,Mph
1351,1982.75,0,Mph
1640,1993.25,0,Mph
1233.5,1990.25,0,Mph
1779,1993.75,0,Mph
1295.5,1999.25,0,Mph
1899.5,1996.75,0,Mph
1586,2007.75,0,Mph
1943,2003.25,0,Mph
1899.5,2014.75,0,Mph
1638.5,2020.75,0,Mph
1213,2020.25,0,Mph
1342.5,2030.75,0,Mph
1515,2040.75,0,Mph
1897.5,2033.75,0,Mph
1707.5,2045.25,0,Mph
1178.5,2064.75,0,Mph
1207,2069.75,0,Mph
1228.5,2072.75,0,Mph
1915,2066.75,0,Mph
1964.5,2074.25,0,Mph
1249.5,2070.75,0,Mph
1893,2088.25,0,Mph
1486.5,2093.75,0,Mph
1253,2095.75,0,Mph
1224,2101.75,0,Mph
1955,2107.25,0,Mph
1175,2103.75,0,Mph
1970,2104.75,0,Mph
1240.5,2105.75,0,Mph
1403.5,2109.75,0,Mph
1437.5,2120.75,0,Mph
1853,2119.25,0,Mph
1893.5,2118.75,0,Mph
1572,2128.75,0,Mph
1599.5,2122.75,0,Mph
1865,2126.75,0,Mph
1241,2136.25,0,Mph
1218,2139.75,0,Mph
1639,2144.75,0,Mph
1619,2141.25,0,Mph
1830.5,2147.75,0,Mph
1939,2150.75,0,Mph
1245.5,2152.25,0,Mph
1377.5,2151.25,0,Mph
1536.5,2154.25,0,Mph
1573.5,2157.25,0,Mph
1959.5,2165.75,0,Mph
1383,2164.25,0,Mph
1367,2166.25,0,Mph
1477,2175.75,0,Mph
1313.5,2174.25,0,Mph
1281,2177.75,0,Mph
1181,2182.75,0,Mph
1316,2185.75,0,Mph
1206,2184.75,0,Mph
1363.5,2184.25,0,Mph
1790,2182.25,0,Mph
1289,2188.75,0,Mph
1231.5,2193.75,0,Mph
1249,2193.75,0,Mph
1444.5,2202.75,0,Mph
1789,2211.75,0,Mph
1747.5,2209.25,0,Mph
1453,2210.75,0,Mph
1211.5,2212.25,0,Mph
1731.5,2219.25,0,Mph
1365,2222.25,0,Mph
1203.5,2222.75,0,Mph
1853.5,2233.25,0,Mph
1720,2228.25,0,Mph
1466.5,2230.25,0,Mph
1207.5,2236.75,0,Mph
1685,2241.75,0,Mph
1254,2244.75,0,Mph
1494.5,2249.25,0,Mph
1860,2249.25,0,Mph
1206,2253.75,0,Mph
1810,2249.25,0,Mph
1705.5,2251.25,0,Mph
1290.5,2252.25,0,Mph
1587,2262.75,0,Mph
1743.5,2259.25,0,Mph
1382.5,2271.75,0,Mph
1318.5,2277.75,0,Mph
1513.5,2278.75,0,Mph
1398,2281.25,0,Mph
1742.5,2283.75,0,Mph
1856,2283.25,0,Mph
1347,2286.25,0,Mph
1702.5,2287.25,0,Mph
1532.5,2292.25,0,Mph
1721.5,2292.25,0,Mph
1818.5,2290.75,0,Mph
1412.5,2298.25,0,Mph
1323.5,2303.25,0,Mph
1692,2303.25,0,Mph
1355,2318.75,0,Mph
1500,2315.75,0,Mph
1698.5,2312.25,0,Mph
1681,2317.25,0,Mph
1455.5,2318.75,0,Mph
1920.5,2327.75,0,Mph
1689.5,2326.25,0,Mph
1563.5,2330.25,0,Mph
1610,2335.25,0,Mph
1242.5,2332.25,0,Mph
1634.5,2338.25,0,Mph
1192.5,2340.75,0,Mph
1359.5,2349.25,0,Mph
1494.5,2348.75,0,Mph
1201.5,2353.25,0,Mph
1251,2354.75,0,Mph
1741,2353.25,0,Mph
1281,2362.75,0,Mph
1517.5,2366.25,0,Mph
1544.5,2366.25,0,Mph
1638,2361.25,0,Mph
1649,2374.75,0,Mph
1285.5,2380.25,0,Mph
1717,2385.25,0,Mph
1270.5,2391.75,0,Mph
1227.5,2393.25,0,Mph
1288,2397.75,0,Mph
1260.5,2396.75,0,Mph
1609,2404.25,0,Mph
1374.5,2415.75,0,Mph
1671.5,2416.75,0,Mph
1597.5,2415.25,0,Mph
1187,2417.25,0,Mph
1563,2420.25,0,Mph
1613,2423.25,0,Mph
1423,2428.25,0,Mph
1213,2436.75,0,Mph
1357.5,2440.75,0,Mph
1383,2441.75,0,Mph
1246.5,2450.25,0,Mph
1684,2448.75,0,Mph
1600.5,2456.75,0,Mph
1934,2465.25,0,Mph
1702,2460.75,0,Mph
1183.5,2460.75,0,Mph
1205,2463.25,0,Mph
1376.5,2465.75,0,Mph
1865,2473.75,0,Mph
1340,2478.75,0,Mph
1599,2472.25,0,Mph
1653,2491.75,0,Mph
1635,2492.25,0,Mph
1283.5,2500.75,0,Mph
1866.5,2493.75,0,Mph
1363.5,2492.25,0,Mph
1217.5,2496.75,0,Mph
1688,2497.75,0,Mph
1395.5,2503.75,0,Mph
1420.5,2508.25,0,Mph
1741,2503.25,0,Mph
1258,2505.75,0,Mph
1329,2504.25,0,Mph
1699.5,2511.25,0,Mph
1218,2513.25,0,Mph
1316,2522.25,0,Mph
1844,2516.75,0,Mph
1206,2522.75,0,Mph
1936.5,2525.75,0,Mph
1545.5,2522.25,0,Mph
1226,2527.75,0,Mph
1185,2532.75,0,Mph
1245,2535.25,0,Mph
1388,2533.75,0,Mph
1417,2537.25,0,Mph
1617,2540.25,0,Mph
1493.5,2544.25,0,Mph
2357,1756.25,0,Mph
2677.5,1757.25,0,Mph
2577.5,1765.25,0,Mph
2634,1762.25,0,Mph
2611,1768.75,0,Mph
2702,1771.25,0,Mph
2540.5,1785.25,0,Mph
2484,1784.75,0,Mph
2356.5,1793.25,0,Mph
2765.5,1804.75,0,Mph
2094.5,1800.25,0,Mph
2289,1814.75,0,Mph
1994,1808.25,0,Mph
2209.5,1824.75,0,Mph
2095.5,1826.75,0,Mph
2566,1832.25,0,Mph
2218.5,1837.75,0,Mph
2630.5,1833.75,0,Mph
2767.5,1839.25,0,Mph
2295.5,1844.75,0,Mph
2369.5,1844.75,0,Mph
2252.5,1845.25,0,Mph
2626,1846.25,0,Mph
2265,1850.25,0,Mph
2550,1854.75,0,Mph
2417.5,1856.75,0,Mph
2711,1857.75,0,Mph
2591.5,1860.25,0,Mph
2089.5,1868.75,0,Mph
2146,1861.75,0,Mph
2262.5,1864.75,0,Mph
2314.5,1870.75,0,Mph
2405,1875.25,0,Mph
1986,1876.25,0,Mph
2662,1882.75,0,Mph
2469.5,1888.25,0,Mph
2383.5,1886.25,0,Mph
2537,1892.25,0,Mph
2145,1891.25,0,Mph
2369.5,1899.75,0,Mph
1991.5,1898.75,0,Mph
2565.5,1904.75,0,Mph
2712,1912.25,0,Mph
2387,1904.75,0,Mph
2439.5,1905.75,0,Mph
2522,1907.25,0,Mph
2048.5,1930.75,0,Mph
2417.5,1923.75,0,Mph
2736.5,1935.75,0,Mph
2462,1939.75,0,Mph
2542.5,1941.25,0,Mph
2712,1946.75,0,Mph
2407,1947.25,0,Mph
2565,1956.75,0,Mph
2756,1956.75,0,Mph
2648,1961.75,0,Mph
2171.5,1960.25,0,Mph
2056,1971.25,0,Mph
2539,1963.25,0,Mph
2111,1966.25,0,Mph
2337,1971.25,0,Mph
2083,1968.75,0,Mph
2424,1967.75,0,Mph
2166.5,1984.25,0,Mph
2456.5,1977.25,0,Mph
2655,1981.75,0,Mph
2726.5,1982.75,0,Mph
2642,1985.75,0,Mph
2476.5,1992.25,0,Mph
2459,1992.25,0,Mph
2675.5,2011.25,0,Mph
2462.5,2018.25,0,Mph
2347.5,2017.25,0,Mph
2746,2018.25,0,Mph
2659.5,2024.25,0,Mph
2436,2025.75,0,Mph
2050.5,2047.75,0,Mph
2378.5,2060.75,0,Mph
2737.5,2052.75,0,Mph
2737,2068.75,0,Mph
1987.5,2066.25,0,Mph
2341.5,2085.75,0,Mph
2164.5,2085.75,0,Mph
2181,2094.25,0,Mph
2405,2098.25,0,Mph
2437.5,2104.25,0,Mph
2047.5,2105.25,0,Mph
2182.5,2114.75,0,Mph
2127,2111.75,0,Mph
2379,2119.25,0,Mph
1976.5,2118.75,0,Mph
2422,2119.25,0,Mph
2405,2123.25,0,Mph
2156,2127.25,0,Mph
2217,2134.75,0,Mph
2230.5,2147.75,0,Mph
2452,2152.25,0,Mph
2585.5,2162.25,0,Mph
2219,2160.25,0,Mph
2140.5,2174.25,0,Mph
2605.5,2167.25,0,Mph
2648.5,2183.25,0,Mph
2474.5,2199.75,0,Mph
2521.5,2198.75,0,Mph
2100.5,2203.75,0,Mph
2568,2202.75,0,Mph
2585.5,2204.75,0,Mph
2032.5,2214.25,0,Mph
2306.5,2210.25,0,Mph
2618.5,2211.75,0,Mph
2599.5,2214.25,0,Mph
2092,2218.25,0,Mph
2071.5,2224.25,0,Mph
2417,2223.75,0,Mph
2498.5,2224.25,0,Mph
2538.5,2228.25,0,Mph
2045.5,2237.25,0,Mph
2084.5,2233.75,0,Mph
2331.5,2238.25,0,Mph
2511.5,2243.75,0,Mph
2476.5,2249.25,0,Mph
2490,2259.75,0,Mph
2560.5,2265.25,0,Mph
2388.5,2267.25,0,Mph
2511.5,2264.25,0,Mph
2617.5,2269.25,0,Mph
2426.5,2271.25,0,Mph
2588.5,2273.25,0,Mph
2698,2276.25,0,Mph
2362,2282.25,0,Mph
2503.5,2282.75,0,Mph
2089.5,2297.25,0,Mph
2604.5,2292.25,0,Mph
2650.5,2296.25,0,Mph
2508.5,2299.75,0,Mph
2380.5,2303.75,0,Mph
2472,2308.75,0,Mph
2563,2311.75,0,Mph
2582,2316.25,0,Mph
2516,2315.25,0,Mph
2450,2318.25,0,Mph
2384,2322.25,0,Mph
2487,2330.25,0,Mph
2584,2336.75,0,Mph
2400,2333.25,0,Mph
2420,2331.25,0,Mph
2114.5,2338.75,0,Mph
2676,2339.75,0,Mph
2092.5,2342.75,0,Mph
2149,2356.25,0,Mph
2395,2358.75,0,Mph
2425.5,2355.75,0,Mph
2094.5,2364.75,0,Mph
2407.5,2392.25,0,Mph
2306,2396.25,0,Mph
2383,2404.75,0,Mph
2325.5,2408.75,0,Mph
2407.5,2423.75,0,Mph
2024.5,2430.75,0,Mph
2288,2437.75,0,Mph
2137.5,2440.75,0,Mph
2332.5,2442.25,0,Mph
2304,2449.75,0,Mph
2106.5,2453.75,0,Mph
2066.5,2457.25,0,Mph
2282.5,2477.75,0,Mph
2046.5,2490.25,0,Mph
1977,2516.25,0,Mph
2281.5,2518.25,0,Mph
2362.5,2521.25,0,Mph
2336.5,2523.75,0,Mph
2321,2539.25,0,Mph
2796,1748.75,0,Mph
2829.5,1757.75,0,Mph
3345,1756.75,0,Mph
3492,1758.75,0,Mph
2813.5,1763.75,0,Mph
3544,1781.75,0,Mph
3285,1779.25,0,Mph
3253.5,1780.75,0,Mph
3522.5,1782.75,0,Mph
3118,1786.25,0,Mph
3267,1784.25,0,Mph
2840.5,1795.75,0,Mph
3322.5,1793.75,0,Mph
3099.5,1808.75,0,Mph
3323,1810.25,0,Mph
3023.5,1810.25,0,Mph
2898.5,1812.75,0,Mph
3203,1828.75,0,Mph
3542.5,1830.25,0,Mph
3288.5,1836.75,0,Mph
3115,1843.25,0,Mph
3445.5,1836.25,0,Mph
3504,1843.25,0,Mph
3339.5,1842.25,0,Mph
3411,1850.75,0,Mph
3553.5,1843.75,0,Mph
2940.5,1842.25,0,Mph
3074.5,1849.25,0,Mph
3098,1848.25,0,Mph
3251,1857.75,0,Mph
3223.5,1855.75,0,Mph
2956,1857.25,0,Mph
3090.5,1863.25,0,Mph
3297.5,1877.25,0,Mph
3448,1880.25,0,Mph
2869,1874.25,0,Mph
3107.5,1873.25,0,Mph
3255,1881.25,0,Mph
2984,1887.25,0,Mph
3079,1888.75,0,Mph
3379,1890.75,0,Mph
2965,1893.25,0,Mph
2842,1901.25,0,Mph
2955,1904.25,0,Mph
3207,1908.75,0,Mph
3392.5,1902.75,0,Mph
3020.5,1908.25,0,Mph
3349,1911.25,0,Mph
3368.5,1910.25,0,Mph
3295.5,1914.75,0,Mph
3387.5,1916.75,0,Mph
2910,1922.25,0,Mph
2986.5,1918.75,0,Mph
2961.5,1926.25,0,Mph
3542,1935.25,0,Mph
3413,1931.25,0,Mph
3349,1940.75,0,Mph
2956.5,1949.25,0,Mph
2815,1955.25,0,Mph
2829,1963.75,0,Mph
3074,1961.75,0,Mph
3293.5,1973.25,0,Mph
2948,1974.75,0,Mph
3383.5,1973.75,0,Mph
3340,1977.25,0,Mph
3396.5,1981.25,0,Mph
3107,1982.25,0,Mph
3243,1981.25,0,Mph
3383.5,1991.75,0,Mph
3135,1990.75,0,Mph
3356.5,1994.75,0,Mph
3247,2000.75,0,Mph
3408.5,1997.75,0,Mph
3471,2002.75,0,Mph
3064.5,2015.75,0,Mph
2982.5,2013.25,0,Mph
3093.5,2013.25,0,Mph
2836.5,2027.25,0,Mph
3430.5,2019.25,0,Mph
2966.5,2024.25,0,Mph
2997,2025.75,0,Mph
2944.5,2027.75,0,Mph
3442,2029.25,0,Mph
2785.5,2033.25,0,Mph
3303.5,2035.75,0,Mph
3459,2033.25,0,Mph
3569.5,2033.75,0,Mph
3365.5,2042.25,0,Mph
2897.5,2042.25,0,Mph
3082,2043.25,0,Mph
2821,2046.75,0,Mph
2915,2056.25,0,Mph
2954,2047.25,0,Mph
3090.5,2054.25,0,Mph
3278.5,2056.25,0,Mph
2829,2065.75,0,Mph
3054,2065.75,0,Mph
3402.5,2066.75,0,Mph
2796.5,2072.25,0,Mph
2779.5,2074.75,0,Mph
3174.5,2082.75,0,Mph
3114,2083.25,0,Mph
2818.5,2088.25,0,Mph
3034,2087.75,0,Mph
2852.5,2084.75,0,Mph
3083,2100.25,0,Mph
2851,2101.75,0,Mph
3513,2107.75,0,Mph
2961.5,2099.25,0,Mph
2998.5,2102.75,0,Mph
2932.5,2107.25,0,Mph
3060,2108.25,0,Mph
2908,2117.75,0,Mph
3042.5,2119.75,0,Mph
3235,2120.25,0,Mph
2987.5,2120.75,0,Mph
2852.5,2123.25,0,Mph
3065,2124.25,0,Mph
3252,2121.75,0,Mph
3270.5,2124.75,0,Mph
3016.5,2134.25,0,Mph
3508.5,2128.25,0,Mph
3085.5,2137.75,0,Mph
3361,2138.25,0,Mph
2905.5,2136.25,0,Mph
3247.5,2134.25,0,Mph
3482.5,2135.75,0,Mph
2961.5,2133.75,0,Mph
2988.5,2138.75,0,Mph
2865,2140.75,0,Mph
3385.5,2145.75,0,Mph
3045.5,2148.75,0,Mph
3443,2146.75,0,Mph
3261,2152.75,0,Mph
3150.5,2157.25,0,Mph
3062.5,2161.25,0,Mph
3350.5,2161.25,0,Mph
3013,2161.25,0,Mph
3317,2172.25,0,Mph
3480,2166.75,0,Mph
3128.5,2169.75,0,Mph
3016.5,2173.75,0,Mph
3055.5,2180.25,0,Mph
3454.5,2179.25,0,Mph
3294,2177.25,0,Mph
3083.5,2185.75,0,Mph
3337,2179.75,0,Mph
3008.5,2184.75,0,Mph
3025.5,2189.75,0,Mph
3363,2188.75,0,Mph
3468,2190.75,0,Mph
3290.5,2195.75,0,Mph
3383,2197.25,0,Mph
3250,2198.75,0,Mph
2933,2227.75,0,Mph
2973,2229.75,0,Mph
3345.5,2232.25,0,Mph
3276,2238.25,0,Mph
3084,2249.25,0,Mph
3245.5,2241.75,0,Mph
3053.5,2240.75,0,Mph
3354.5,2250.75,0,Mph
2895,2246.25,0,Mph
3220,2257.75,0,Mph
3139,2256.75,0,Mph
3020,2268.25,0,Mph
3337,2262.25,0,Mph
3246.5,2264.25,0,Mph
3126,2267.25,0,Mph
3190.5,2268.75,0,Mph
3106,2275.25,0,Mph
3374,2277.25,0,Mph
3082,2281.25,0,Mph
3208.5,2280.25,0,Mph
2971.5,2288.75,0,Mph
3099,2292.25,0,Mph
3114.5,2293.25,0,Mph
2965.5,2301.75,0,Mph
3134,2309.25,0,Mph
3310.5,2315.75,0,Mph
3346.5,2320.25,0,Mph
2846,2325.25,0,Mph
2896,2327.25,0,Mph
2878.5,2329.75,0,Mph
2915,2333.75,0,Mph
3065.5,2345.75,0,Mph
3383,2341.25,0,Mph
2895.5,2353.75,0,Mph
2923.5,2357.25,0,Mph
3324.5,2361.25,0,Mph
2945.5,2366.25,0,Mph
2956.5,2378.75,0,Mph
2929.5,2378.75,0,Mph
3315,2376.75,0,Mph
3354.5,2378.25,0,Mph
3292.5,2386.25,0,Mph
2913.5,2393.75,0,Mph
3042,2394.25,0,Mph
3438.5,2395.25,0,Mph
2994,2398.25,0,Mph
2943,2398.75,0,Mph
3213,2405.75,0,Mph
2966,2410.25,0,Mph
3019,2410.25,0,Mph
3390,2409.25,0,Mph
3258,2418.25,0,Mph
3284.5,2412.25,0,Mph
2937,2413.75,0,Mph
3195.5,2422.25,0,Mph
3300.5,2413.25,0,Mph
3170,2414.75,0,Mph
3404.5,2417.75,0,Mph
3145.5,2421.75,0,Mph
2977,2421.25,0,Mph
3129.5,2427.75,0,Mph
2953,2443.75,0,Mph
3195.5,2454.25,0,Mph
3206.5,2492.75,0,Mph
3658.5,1749.75,0,Mph
3611,1762.25,0,Mph
3783.5,1766.25,0,Mph
3739,1764.75,0,Mph
3577.5,1772.25,0,Mph
3721,1773.25,0,Mph
3646.5,1782.25,0,Mph
3769.5,1804.25,0,Mph
3665,1805.25,0,Mph
3578.5,1809.25,0,Mph
3722.5,1823.75,0,Mph
3755.5,1831.75,0,Mph
3582,1846.25,0,Mph
3745.5,1853.25,0,Mph
3683,1859.25,0,Mph
3576,2078.25,0,Mph
3617,2082.25,0,Mph
3650,2111.75,0,Mph
3634.5,2147.75,0,Mph
3599.5,2177.25,0,Mph
3576.5,2185.75,0,Mph
897.5,2549.25,0,Mph
1129,2548.25,0,Mph
961,2551.25,0,Mph
987.5,2554.25,0,Mph
1111.5,2554.75,0,Mph
1069,2553.75,0,Mph
942,2554.25,0,Mph
1143.5,2559.25,0,Mph
1057,2568.25,0,Mph
734,2572.25,0,Mph
746.5,2578.25,0,Mph
1103,2578.25,0,Mph
979.5,2581.75,0,Mph
958.5,2593.75,0,Mph
995.5,2595.75,0,Mph
749.5,2601.25,0,Mph
866,2607.25,0,Mph
797,2605.25,0,Mph
977.5,2607.25,0,Mph
846,2611.25,0,Mph
908.5,2623.75,0,Mph
1000.5,2618.75,0,Mph
1073,2626.25,0,Mph
938,2627.75,0,Mph
1052,2636.25,0,Mph
830.5,2632.25,0,Mph
989,2635.75,0,Mph
893,2656.75,0,Mph
877.5,2652.25,0,Mph
1097.5,2656.25,0,Mph
968.5,2660.25,0,Mph
918,2661.75,0,Mph
1151,2671.75,0,Mph
1123.5,2679.75,0,Mph
1034.5,2688.75,0,Mph
1168,2692.75,0,Mph
1049,2697.75,0,Mph
1120,2696.25,0,Mph
1153.5,2697.75,0,Mph
1060.5,2714.75,0,Mph
1094,2716.75,0,Mph
1116.5,2726.25,0,Mph
1167,2744.25,0,Mph
1090.5,2738.75,0,Mph
1103.5,2747.25,0,Mph
1346.5,2552.25,0,Mph
1189.5,2553.75,0,Mph
1463.5,2562.25,0,Mph
1200,2564.25,0,Mph
1638.5,2565.25,0,Mph
1599,2567.75,0,Mph
1219,2570.25,0,Mph
1331.5,2572.25,0,Mph
1311.5,2573.75,0,Mph
1275,2578.75,0,Mph
1512.5,2588.75,0,Mph
1546.5,2579.75,0,Mph
1495,2578.25,0,Mph
1554,2595.75,0,Mph
1298.5,2590.25,0,Mph
1399,2597.75,0,Mph
1536,2595.75,0,Mph
1471.5,2596.25,0,Mph
1228,2601.25,0,Mph
1414,2610.25,0,Mph
1478.5,2615.25,0,Mph
1532.5,2617.75,0,Mph
1172.5,2622.75,0,Mph
1297.5,2624.75,0,Mph
1553,2624.75,0,Mph
1516.5,2630.75,0,Mph
1380,2629.75,0,Mph
1244,2628.75,0,Mph
1197.5,2634.75,0,Mph
1217,2635.75,0,Mph
1340,2635.75,0,Mph
1661.5,2642.75,0,Mph
1497.5,2635.25,0,Mph
1263,2644.75,0,Mph
1310.5,2644.75,0,Mph
1678,2649.75,0,Mph
1318,2657.75,0,Mph
1856.5,2660.25,0,Mph
1827.5,2664.25,0,Mph
1301.5,2661.75,0,Mph
1527.5,2658.75,0,Mph
1265.5,2660.75,0,Mph
1333.5,2662.25,0,Mph
1481,2668.25,0,Mph
1430,2676.75,0,Mph
1243,2677.25,0,Mph
1480,2684.75,0,Mph
1259.5,2681.25,0,Mph
1704,2685.75,0,Mph
1515,2682.75,0,Mph
1208,2689.25,0,Mph
1299.5,2693.25,0,Mph
1417,2698.75,0,Mph
1244.5,2695.75,0,Mph
1828,2699.25,0,Mph
1457,2709.75,0,Mph
1360,2721.75,0,Mph
1442,2717.75,0,Mph
1257,2730.25,0,Mph
1407,2727.75,0,Mph
1559,2734.25,0,Mph
1233.5,2733.25,0,Mph
1682,2741.75,0,Mph
1575,2737.75,0,Mph
1433.5,2738.75,0,Mph
1664,2740.25,0,Mph
1643,2744.25,0,Mph
1501.5,2750.75,0,Mph
1734.5,2775.25,0,Mph
1511.5,2771.25,0,Mph
1676.5,2774.75,0,Mph
1282.5,2782.25,0,Mph
1705,2775.75,0,Mph
1177,2779.75,0,Mph
1195,2781.25,0,Mph
1255.5,2787.75,0,Mph
1231,2786.25,0,Mph
1323,2791.75,0,Mph
1533.5,2791.75,0,Mph
1471,2794.25,0,Mph
1388,2809.75,0,Mph
1529,2810.75,0,Mph
1338,2809.25,0,Mph
1511,2813.75,0,Mph
1417,2827.25,0,Mph
1465,2825.75,0,Mph
1823.5,2832.25,0,Mph
1444.5,2840.75,0,Mph
1688,2845.25,0,Mph
1507,2853.75,0,Mph
1708,2859.25,0,Mph
1686.5,2865.25,0,Mph
1958.5,2860.75,0,Mph
1493.5,2888.25,0,Mph
1948.5,2892.25,0,Mph
1420,2903.75,0,Mph
1413.5,2930.25,0,Mph
1486,2941.25,0,Mph
1546,2944.25,0,Mph
1570.5,2952.75,0,Mph
1439.5,2948.25,0,Mph
1777,2957.25,0,Mph
1625.5,2960.25,0,Mph
1498.5,2970.25,0,Mph
1854.5,2977.75,0,Mph
1790,2980.25,0,Mph
1907,2980.75,0,Mph
1545,2994.25,0,Mph
1598.5,2982.25,0,Mph
1818,2988.25,0,Mph
1885,2985.75,0,Mph
1580,3007.25,0,Mph
1697,3003.75,0,Mph
1609,3012.75,0,Mph
1953.5,3013.25,0,Mph
1525,3013.25,0,Mph
1926,3020.25,0,Mph
1708.5,3021.25,0,Mph
1481,3026.75,0,Mph
1544,3036.75,0,Mph
1595.5,3045.75,0,Mph
1864.5,3051.25,0,Mph
1887.5,3055.25,0,Mph
1685,3059.75,0,Mph
1659.5,3071.75,0,Mph
1758.5,3069.25,0,Mph
1552.5,3070.75,0,Mph
1877,3072.75,0,Mph
1537.5,3083.25,0,Mph
1964,3083.75,0,Mph
1740,3090.25,0,Mph
1614.5,3095.25,0,Mph
1814.5,3102.25,0,Mph
1690.5,3100.75,0,Mph
1710.5,3101.75,0,Mph
1556,3106.25,0,Mph
1788,3102.75,0,Mph
1571.5,3105.75,0,Mph
1616,3117.75,0,Mph
1663.5,3115.25,0,Mph
1721,3119.25,0,Mph
1879.5,3118.25,0,Mph
1683.5,3122.25,0,Mph
1842,3122.75,0,Mph
1752,3129.75,0,Mph
1649.5,3131.75,0,Mph
1584,3136.25,0,Mph
1830.5,3139.25,0,Mph
1676.5,3136.75,0,Mph
1627,3143.25,0,Mph
1767.5,3151.25,0,Mph
1600,3152.25,0,Mph
1949.5,3162.75,0,Mph
1730,3170.25,0,Mph
1926,3170.75,0,Mph
1665.5,3175.25,0,Mph
1696,3190.25,0,Mph
1849,3196.75,0,Mph
1657,3194.75,0,Mph
1956.5,3199.25,0,Mph
1745,3212.75,0,Mph
1899,3225.75,0,Mph
1797,3228.75,0,Mph
1943,3224.75,0,Mph
1933.5,3244.25,0,Mph
1717,3251.75,0,Mph
1904,3251.75,0,Mph
1886.5,3262.25,0,Mph
1833.5,3262.25,0,Mph
1815.5,3289.25,0,Mph
1870,3283.25,0,Mph
1921,3289.75,0,Mph
1837.5,3285.75,0,Mph
1743,3292.25,0,Mph
1905,3295.75,0,Mph
1876.5,3307.25,0,Mph
1845,3309.25,0,Mph
1930.5,3313.75,0,Mph
1840,3327.75,0,Mph
1876,3341.25,0,Mph
1793,3346.25,0,Mph
2520,2574.25,0,Mph
2569.5,2575.25,0,Mph
2139.5,2592.75,0,Mph
2615,2586.75,0,Mph
2539.5,2588.25,0,Mph
2553,2597.25,0,Mph
2605,2598.25,0,Mph
2049,2607.75,0,Mph
2098,2605.25,0,Mph
2129.5,2611.25,0,Mph
2616,2612.25,0,Mph
2546.5,2624.25,0,Mph
2718.5,2625.75,0,Mph
2626.5,2621.25,0,Mph
2683,2625.25,0,Mph
2596.5,2626.75,0,Mph
2033,2629.25,0,Mph
2641,2630.75,0,Mph
2663,2636.25,0,Mph
2629.5,2641.75,0,Mph
2698,2649.75,0,Mph
2675,2653.75,0,Mph
2698.5,2679.75,0,Mph
2150.5,2685.25,0,Mph
1988.5,2690.75,0,Mph
2114,2699.25,0,Mph
2436,2704.25,0,Mph
2694,2735.25,0,Mph
2433,2741.25,0,Mph
2757.5,2744.25,0,Mph
2133,2748.75,0,Mph
2042,2764.75,0,Mph
2730,2764.25,0,Mph
2149,2767.75,0,Mph
2704.5,2765.25,0,Mph
2135,2771.75,0,Mph
2750.5,2792.75,0,Mph
2072.5,2802.75,0,Mph
2047,2802.75,0,Mph
2089,2813.75,0,Mph
2126.5,2831.75,0,Mph
2129,2854.25,0,Mph
2733.5,2865.75,0,Mph
2689.5,2869.25,0,Mph
2651.5,2877.25,0,Mph
2742.5,2888.25,0,Mph
2701,2887.25,0,Mph
2579,2888.75,0,Mph
2593,2898.75,0,Mph
2695,2909.25,0,Mph
2007.5,2919.25,0,Mph
2021.5,2929.75,0,Mph
2617.5,2933.25,0,Mph
2003,2941.75,0,Mph
2627,2945.25,0,Mph
2715.5,2945.75,0,Mph
2656.5,2949.75,0,Mph
2673.5,2954.25,0,Mph
2626,2961.25,0,Mph
2216,2962.75,0,Mph
2304.5,2969.75,0,Mph
2725.5,2967.25,0,Mph
2716,2974.75,0,Mph
2628.5,3001.25,0,Mph
2652,3005.75,0,Mph
2106,3002.75,0,Mph
2352.5,3007.25,0,Mph
2039.5,3009.25,0,Mph
2013.5,3010.75,0,Mph
2242,3018.75,0,Mph
2167.5,3015.25,0,Mph
2408,3017.25,0,Mph
2666,3027.75,0,Mph
2325,3029.75,0,Mph
2202.5,3033.25,0,Mph
2169,3035.75,0,Mph
2012.5,3033.25,0,Mph
2420.5,3035.75,0,Mph
2097.5,3047.25,0,Mph
2527,3067.25,0,Mph
2427,3056.25,0,Mph
2260,3058.75,0,Mph
2112,3064.75,0,Mph
2137,3066.25,0,Mph
2266,3076.25,0,Mph
2025,3074.25,0,Mph
2728.5,3084.25,0,Mph
2153,3090.25,0,Mph
2226.5,3090.75,0,Mph
2308.5,3103.25,0,Mph
2049,3098.25,0,Mph
2367,3102.25,0,Mph
2183,3106.75,0,Mph
2544.5,3109.75,0,Mph
2296,3112.75,0,Mph
2118,3111.75,0,Mph
2568.5,3116.75,0,Mph
2625.5,3115.25,0,Mph
2152.5,3113.25,0,Mph
2694.5,3115.75,0,Mph
2155.5,3129.25,0,Mph
2448.5,3125.75,0,Mph
2107.5,3128.75,0,Mph
2308,3128.25,0,Mph
2630.5,3135.25,0,Mph
2120.5,3141.75,0,Mph
2085.5,3144.25,0,Mph
2568.5,3141.75,0,Mph
2511.5,3149.75,0,Mph
1983.5,3146.75,0,Mph
2724,3148.25,0,Mph
2163.5,3149.25,0,Mph
2144.5,3158.75,0,Mph
2016.5,3151.25,0,Mph
2200,3162.75,0,Mph
2164,3163.25,0,Mph
2737.5,3156.75,0,Mph
2450,3162.25,0,Mph
1977.5,3177.75,0,Mph
2472,3176.25,0,Mph
2066,3172.25,0,Mph
2039,3183.75,0,Mph
2168.5,3183.75,0,Mph
2212.5,3183.25,0,Mph
2068.5,3193.25,0,Mph
2083,3204.25,0,Mph
2233,3200.75,0,Mph
2211.5,3206.25,0,Mph
2126.5,3205.75,0,Mph
2529,3210.75,0,Mph
2494,3214.75,0,Mph
1973.5,3215.75,0,Mph
2106.5,3220.25,0,Mph
2665.5,3226.25,0,Mph
2006.5,3220.25,0,Mph
2046.5,3228.75,0,Mph
2532.5,3230.25,0,Mph
2240,3228.25,0,Mph
2700.5,3235.25,0,Mph
2475.5,3238.75,0,Mph
2150.5,3249.75,0,Mph
2075.5,3243.25,0,Mph
2764,3245.75,0,Mph
2304.5,3250.25,0,Mph
2617.5,3247.75,0,Mph
2689,3246.75,0,Mph
2573,3252.25,0,Mph
2176.5,3252.75,0,Mph
2730.5,3251.75,0,Mph
2083.5,3254.75,0,Mph
2241.5,3253.75,0,Mph
2015,3258.25,0,Mph
2216.5,3263.75,0,Mph
2280,3260.75,0,Mph
2129,3268.25,0,Mph
2257,3267.75,0,Mph
1982,3266.75,0,Mph
2301.5,3271.25,0,Mph
2387.5,3269.75,0,Mph
1999,3275.75,0,Mph
2178,3278.25,0,Mph
2274.5,3283.75,0,Mph
2238,3288.75,0,Mph
2038,3286.25,0,Mph
2682.5,3285.75,0,Mph
2106,3287.75,0,Mph
2158.5,3290.75,0,Mph
2410.5,3287.75,0,Mph
2316.5,3298.75,0,Mph
2427,3301.75,0,Mph
2661.5,3309.75,0,Mph
2128.5,3304.75,0,Mph
2115,3308.25,0,Mph
2343,3319.25,0,Mph
2560.5,3322.25,0,Mph
2097,3326.25,0,Mph
2185,3327.25,0,Mph
2314,3326.25,0,Mph
1991.5,3333.75,0,Mph
2038,3334.25,0,Mph
2073.5,3333.75,0,Mph
2229,3333.25,0,Mph
2427.5,3336.75,0,Mph
2365.5,3342.75,0,Mph
2209,3340.25,0,Mph
2496.5,3346.25,0,Mph
2111,3345.75,0,Mph
3271.5,2579.75,0,Mph
3291,2584.25,0,Mph
3245,2605.25,0,Mph
3261.5,2620.75,0,Mph
3210.5,2625.25,0,Mph
3051,2628.25,0,Mph
3090.5,2631.25,0,Mph
3113.5,2643.75,0,Mph
3170.5,2661.75,0,Mph
3003,2675.25,0,Mph
3151,2689.75,0,Mph
3256,2702.25,0,Mph
3160,2705.75,0,Mph
3071,2714.25,0,Mph
3012.5,2722.25,0,Mph
3107.5,2730.75,0,Mph
3061.5,2732.25,0,Mph
3194,2736.75,0,Mph
3170.5,2736.75,0,Mph
3140,2741.25,0,Mph
2989,2743.75,0,Mph
2839,2753.25,0,Mph
2867.5,2754.25,0,Mph
2897,2755.75,0,Mph
3009.5,2757.75,0,Mph
3145,2760.25,0,Mph
3282.5,2762.25,0,Mph
2848.5,2770.25,0,Mph
2867.5,2777.75,0,Mph
3110,2769.25,0,Mph
3070,2774.25,0,Mph
2968.5,2779.25,0,Mph
3262,2781.25,0,Mph
3008,2786.75,0,Mph
3106,2791.25,0,Mph
3250,2791.75,0,Mph
3059.5,2794.25,0,Mph
3158,2809.25,0,Mph
3007,2808.25,0,Mph
3085.5,2825.75,0,Mph
3017,2848.25,0,Mph
3132,2846.25,0,Mph
3096.5,2847.75,0,Mph
2808.5,2845.25,0,Mph
2889.5,2852.25,0,Mph
3181.5,2869.25,0,Mph
3040,2862.25,0,Mph
3162.5,2863.25,0,Mph
2972,2865.25,0,Mph
2779,2871.75,0,Mph
3001,2868.75,0,Mph
3147.5,2872.75,0,Mph
3077,2870.25,0,Mph
3022.5,2874.25,0,Mph
3112.5,2879.25,0,Mph
2799.5,2885.25,0,Mph
3020,2896.75,0,Mph
2785.5,2899.75,0,Mph
2867,2906.25,0,Mph
2807.5,2902.25,0,Mph
3112.5,2919.25,0,Mph
2798,2928.75,0,Mph
2837,2927.25,0,Mph
2966,2927.75,0,Mph
2945,2933.75,0,Mph
2865.5,2963.75,0,Mph
2944,2960.25,0,Mph
3051,2960.25,0,Mph
3080.5,2960.75,0,Mph
2830.5,2966.75,0,Mph
3099,2969.75,0,Mph
2924,2991.25,0,Mph
3031.5,2993.25,0,Mph
3129.5,2997.75,0,Mph
3000.5,3000.25,0,Mph
2803.5,3006.25,0,Mph
2871.5,3010.75,0,Mph
3088,3015.25,0,Mph
2902,3017.75,0,Mph
3054,3031.25,0,Mph
2907,3031.75,0,Mph
2987.5,3038.25,0,Mph
2892.5,3036.25,0,Mph
3087,3038.25,0,Mph
2833.5,3049.75,0,Mph
2915.5,3053.25,0,Mph
2813.5,3059.25,0,Mph
2796,3108.75,0,Mph
3012,3110.25,0,Mph
2994,3113.75,0,Mph
3032.5,3114.25,0,Mph
3091.5,3119.75,0,Mph
2821,3129.75,0,Mph
2792.5,3137.75,0,Mph
3036,3139.25,0,Mph
3058,3143.75,0,Mph
2851.5,3148.75,0,Mph
3027,3163.25,0,Mph
2972.5,3164.75,0,Mph
3019,3179.75,0,Mph
2791.5,3186.75,0,Mph
2801.5,3192.25,0,Mph
2808.5,3215.25,0,Mph
2856,3255.25,0,Mph
2834,3309.75,0,Mph
2873.5,3332.75,0,Mph
1799.5,3357.25,0,Mph
1947.5,3361.75,0,Mph
1885,3366.75,0,Mph
1860.5,3368.25,0,Mph
1833,3376.25,0,Mph
1904.5,3399.25,0,Mph
1906,3418.75,0,Mph
1936.5,3436.25,0,Mph
2432,3351.25,0,Mph
2592,3348.25,0,Mph
2386.5,3352.75,0,Mph
2480.5,3355.75,0,Mph
2095.5,3367.75,0,Mph
2454,3364.75,0,Mph
2473,3368.25,0,Mph
2019,3370.25,0,Mph
2178.5,3371.75,0,Mph
2728.5,3375.75,0,Mph
2762.5,3377.25,0,Mph
2209.5,3383.75,0,Mph
2025.5,3388.75,0,Mph
2153.5,3385.75,0,Mph
2731.5,3391.25,0,Mph
2603,3394.75,0,Mph
2769,3395.75,0,Mph
2190.5,3401.75,0,Mph
2645,3400.75,0,Mph
2162.5,3402.75,0,Mph
2709,3407.75,0,Mph
2740.5,3409.75,0,Mph
2088.5,3408.25,0,Mph
2552,3415.75,0,Mph
2041.5,3418.25,0,Mph
2239,3420.75,0,Mph
2171.5,3427.25,0,Mph
2386.5,3428.75,0,Mph
2758,3428.75,0,Mph
2703.5,3432.25,0,Mph
2373.5,3431.25,0,Mph
2628.5,3431.75,0,Mph
2016.5,3434.25,0,Mph
1986.5,3436.75,0,Mph
2486.5,3440.75,0,Mph
2402,3438.75,0,Mph
2449,3438.25,0,Mph
2669.5,3439.25,0,Mph
2285.5,3446.25,0,Mph
2387.5,3451.25,0,Mph
2324.5,3444.25,0,Mph
2529,3444.25,0,Mph
2617.5,3446.25,0,Mph
2553.5,3447.75,0,Mph
2501.5,3446.25,0,Mph
2595.5,3446.75,0,Mph
2028.5,3455.75,0,Mph
2639,3451.25,0,Mph
2208,3456.25,0,Mph
2572.5,3456.75,0,Mph
2653,3456.75,0,Mph
2498.5,3461.25,0,Mph
2243,3468.75,0,Mph
2345,3466.75,0,Mph
2408.5,3463.25,0,Mph
2011.5,3463.25,0,Mph
2276,3472.75,0,Mph
2300.5,3474.75,0,Mph
2520,3470.75,0,Mph
2704.5,3479.75,0,Mph
2379,3481.75,0,Mph
2516.5,3482.25,0,Mph
2574.5,3485.25,0,Mph
2410,3488.75,0,Mph
2210.5,3487.25,0,Mph
2313,3489.75,0,Mph
2452.5,3489.75,0,Mph
2554,3493.25,0,Mph
2167.5,3493.25,0,Mph
2332.5,3494.75,0,Mph
2296.5,3498.75,0,Mph
2179,3502.75,0,Mph
2530,3499.75,0,Mph
2120.5,3503.25,0,Mph
2503,3513.75,0,Mph
2358.5,3521.25,0,Mph
2516.5,3525.25,0,Mph
2452.5,3537.75,0,Mph
2353,3536.75,0,Mph
2435.5,3541.75,0,Mph
2816.5,3353.25,0,Mph
2867,3352.25,0,Mph
2849,3358.75,0,Mph
2801.5,3369.75,0,Mph
2811,3396.75,0,Mph
-843.5,-3269.75,0,EC
-882,-3087.25,0,EC
-869.5,-3072.25,0,EC
-1304.5,-3068.75,0,EC
-900,-3066.75,0,EC
-1306,-3057.75,0,EC
-1433.5,-2971.75,0,EC
-1362.5,-2966.25,0,EC
-1137.5,-2964.75,0,EC
-301,-3486.75,0,EC
-225.5,-3472.25,0,EC
-242.5,-3469.25,0,EC
-85.5,-3394.75,0,EC
-174,-3381.25,0,EC
-681,-3363.25,0,EC
-371.5,-3359.75,0,EC
-712,-3333.25,0,EC
-337.5,-3327.25,0,EC
-182.5,-3292.25,0,EC
-193.5,-3263.75,0,EC
-336,-3217.25,0,EC
-203,-3218.75,0,EC
-430.5,-3210.25,0,EC
-562,-3161.75,0,EC
-499.5,-3157.75,0,EC
-565.5,-3127.25,0,EC
-360,-3124.75,0,EC
-452.5,-3107.25,0,EC
-351.5,-3107.25,0,EC
-639.5,-3092.25,0,EC
-23.5,-3085.75,0,EC
-96,-3084.25,0,EC
-198,-3068.25,0,EC
-780.5,-3038.75,0,EC
-808.5,-3043.75,0,EC
-686.5,-3011.75,0,EC
-279.5,-2960.25,0,EC
-300,-2956.75,0,EC
-327,-2946.75,0,EC
-221,-2943.75,0,EC
-354.5,-2924.75,0,EC
-1679,-2859.25,0,EC
-1649,-2826.75,0,EC
-1673.5,-2805.75,0,EC
-1698,-2808.25,0,EC
-1940.5,-2798.25,0,EC
-1740.5,-2776.75,0,EC
-1702,-2765.25,0,EC
-1756,-2769.75,0,EC
-2072.5,-2682.25,0,EC
-2125.5,-2676.25,0,EC
-2150,-2595.25,0,EC
-2140.5,-2589.25,0,EC
-2151.5,-2572.75,0,EC
-2011,-2560.75,0,EC
-1801,-2518.25,0,EC
-1972,-2490.75,0,EC
-2005.5,-2485.25,0,EC
-1945.5,-2485.25,0,EC
-2417,-2464.75,0,EC
-1742.5,-2455.25,0,EC
-1957.5,-2437.25,0,EC
-2182,-2423.25,0,EC
-2168.5,-2430.25,0,EC
-2406,-2415.75,0,EC
-1937.5,-2295.25,0,EC
-2163.5,-2204.25,0,EC
-2149.5,-2200.25,0,EC
-1927,-2166.25,0,EC
-1851.5,-2118.75,0,EC
1107.5,-3585.75,0,EC
968.5,-3569.25,0,EC
802,-3554.25,0,EC
827.5,-3507.25,0,EC
1088.5,-3498.75,0,EC
1000,-3481.25,0,EC
952,-3482.25,0,EC
912.5,-3379.75,0,EC
988.5,-3364.75,0,EC
935,-3362.75,0,EC
964,-3362.75,0,EC
1197,-3248.25,0,EC
860.5,-3242.25,0,EC
910.5,-3226.75,0,EC
1007.5,-3194.75,0,EC
1193.5,-3197.75,0,EC
1244,-3176.25,0,EC
1543.5,-3032.25,0,EC
1137.5,-3026.75,0,EC
1557.5,-3022.75,0,EC
905,-3017.25,0,EC
923,-2995.75,0,EC
1199,-2983.25,0,EC
1136.5,-2970.75,0,EC
1311,-2959.75,0,EC
1358,-2940.75,0,EC
1337,-2933.75,0,EC
1360,-2922.25,0,EC
-2547.5,-2435.25,0,EC
-2920,-2427.75,0,EC
-2852,-2412.25,0,EC
-2814,-2403.75,0,EC
-3005.5,-2328.25,0,EC
-3045.5,-2328.25,0,EC
-2987.5,-2324.25,0,EC
-3024,-2318.25,0,EC
-3037,-2309.75,0,EC
-2576.5,-2306.25,0,EC
-3010,-2308.75,0,EC
-3045.5,-2295.75,0,EC
-2961,-2245.75,0,EC
-3183,-2191.25,0,EC
-2711.5,-2161.25,0,EC
-2905,-2160.75,0,EC
-3042,-2158.75,0,EC
-3059,-2149.75,0,EC
-2519,-2137.25,0,EC
1775,-2953.25,0,EC
-402,-2904.25,0,EC
-661,-2887.75,0,EC
-426,-2893.75,0,EC
-450,-2890.25,0,EC
-108.5,-2887.25,0,EC
-614.5,-2858.25,0,EC
-628,-2804.75,0,EC
-109,-2793.75,0,EC
-639,-2791.75,0,EC
-658,-2786.75,0,EC
-713,-2776.75,0,EC
-153.5,-2767.25,0,EC
-611.5,-2765.25,0,EC
-523.5,-2764.25,0,EC
-748,-2755.75,0,EC
-167,-2738.25,0,EC
-763,-2727.25,0,EC
-98,-2719.25,0,EC
-612,-2646.75,0,EC
-536,-2562.25,0,EC
-236,-2528.75,0,EC
-663.5,-2395.75,0,EC
-569.5,-2365.75,0,EC
-455,-2365.75,0,EC
-519,-2357.75,0,EC
-507.5,-2340.25,0,EC
-452,-2341.25,0,EC
-491.5,-2328.75,0,EC
-258,-2295.25,0,EC
-187.5,-2253.25,0,EC
-475.5,-2224.75,0,EC
-521,-2224.75,0,EC
-584,-2212.25,0,EC
-721.5,-2208.25,0,EC
-709,-2198.75,0,EC
-756,-2193.25,0,EC
-738,-2180.75,0,EC
-481.5,-2175.75,0,EC
-403,-2153.75,0,EC
-416,-2125.25,0,EC
592.5,-3588.75,0,EC
772.5,-3522.25,0,EC
44.5,-3499.75,0,EC
310.5,-3451.75,0,EC
497,-3444.25,0,EC
568,-3427.75,0,EC
377,-3405.25,0,EC
68,-3384.25,0,EC
78,-3352.25,0,EC
418.5,-3321.75,0,EC
510,-3301.25,0,EC
270,-3292.75,0,EC
33.5,-3271.25,0,EC
538.5,-3238.75,0,EC
543,-3184.25,0,EC
749,-3161.25,0,EC
156,-3162.25,0,EC
419,-3145.75,0,EC
399,-3126.75,0,EC
491,-3110.75,0,EC
505.5,-3096.75,0,EC
570,-3088.75,0,EC
222,-2977.25,0,EC
374,-2950.25,0,EC
381.5,-2922.25,0,EC
12,-2879.25,0,EC
545.5,-2839.25,0,EC
524,-2831.75,0,EC
559,-2828.75,0,EC
461,-2780.75,0,EC
203.5,-2773.25,0,EC
530.5,-2760.25,0,EC
457.5,-2754.25,0,EC
456.5,-2733.25,0,EC
612,-2741.25,0,EC
537,-2726.75,0,EC
449.5,-2697.75,0,EC
638.5,-2677.25,0,EC
509.5,-2668.25,0,EC
131,-2630.25,0,EC
165.5,-2623.75,0,EC
692,-2589.25,0,EC
341.5,-2555.25,0,EC
581,-2459.75,0,EC
601,-2454.75,0,EC
543,-2391.75,0,EC
11,-2374.75,0,EC
572,-2375.75,0,EC
751.5,-2363.75,0,EC
774.5,-2358.25,0,EC
325.5,-2330.25,0,EC
121.5,-2246.75,0,EC
606.5,-2198.25,0,EC
519.5,-2193.75,0,EC
161,-2184.75,0,EC
531,-2188.25,0,EC
633.5,-2176.25,0,EC
558.5,-2182.25,0,EC
530,-2173.25,0,EC
578.5,-2163.75,0,EC
141.5,-2142.25,0,EC
2572.5,-2799.75,0,EC
2513.5,-2769.25,0,EC
2432,-2746.75,0,EC
2449.5,-2741.75,0,EC
2473.5,-2732.25,0,EC
2770.5,-2457.75,0,EC
2703,-2447.75,0,EC
2594.5,-2412.75,0,EC
2836.5,-2311.75,0,EC
2769.5,-2275.25,0,EC
2552,-2255.75,0,EC
2914.5,-2234.75,0,EC
2517,-2215.25,0,EC
2526,-2200.75,0,EC
2503.5,-2208.25,0,EC
2497,-2183.75,0,EC
2676,-2174.25,0,EC
2998,-2164.75,0,EC
2907.5,-2150.75,0,EC
3015.5,-2148.25,0,EC
2748.5,-2143.75,0,EC
2908,-2131.75,0,EC
2397,-2123.75,0,EC
-1501.5,-2076.75,0,EC
-1235,-2049.25,0,EC
-1207,-2020.75,0,EC
-1156,-1968.25,0,EC
-1405.5,-1969.75,0,EC
-1301,-1966.75,0,EC
-1039.5,-1943.25,0,EC
-1234.5,-1945.25,0,EC
-1195.5,-1831.25,0,EC
-1161,-1821.75,0,EC
-839,-1797.75,0,EC
-1161,-1757.25,0,EC
-1357,-1717.25,0,EC
-1586,-1641.25,0,EC
-1009.5,-1633.25,0,EC
-1221.5,-1567.75,0,EC
-1201.5,-1429.75,0,EC
-1085.5,-1367.75,0,EC
-1618,-1346.75,0,EC
-1488.5,-1343.75,0,EC
-1226,-1340.75,0,EC
-912,-2906.75,0,EC
-1437.5,-2898.75,0,EC
-1247.5,-2885.75,0,EC
-1242.5,-2863.75,0,EC
-1210.5,-2866.25,0,EC
-1184,-2864.75,0,EC
-1166.5,-2853.25,0,EC
-1246.5,-2846.25,0,EC
-1255,-2823.25,0,EC
-1164.5,-2830.75,0,EC
-873.5,-2823.25,0,EC
-949.5,-2810.25,0,EC
-1594,-2786.25,0,EC
-852,-2789.75,0,EC
-1143,-2766.25,0,EC
-1485.5,-2749.25,0,EC
-1173,-2747.75,0,EC
-1377.5,-2723.25,0,EC
-1492.5,-2707.75,0,EC
-1367.5,-2705.25,0,EC
-1058,-2693.25,0,EC
-819.5,-2657.25,0,EC
-1032,-2656.75,0,EC
-1114.5,-2628.75,0,EC
-1318.5,-2608.75,0,EC
-1236.5,-2588.25,0,EC
-1119.5,-2581.25,0,EC
-1213.5,-2572.75,0,EC
-1244,-2525.75,0,EC
-1298,-2521.75,0,EC
-1483.5,-2508.25,0,EC
-1084,-2459.25,0,EC
-1109,-2459.25,0,EC
-1255,-2439.75,0,EC
-1269,-2420.75,0,EC
-1228.5,-2393.75,0,EC
-1202,-2360.75,0,EC
-871.5,-2296.25,0,EC
-867.5,-2263.25,0,EC
-833,-2233.25,0,EC
-935.5,-2224.25,0,EC
-820,-2210.75,0,EC
-895.5,-2181.25,0,EC
-1411,-2176.75,0,EC
-1599.5,-2162.25,0,EC
-1549,-2156.75,0,EC
-3236,-2183.25,0,EC
-3278.5,-2136.25,0,EC
-3243.5,-2124.75,0,EC
-3218.5,-2121.75,0,EC
1717,-2878.25,0,EC
1616.5,-2862.75,0,EC
2035.5,-2856.25,0,EC
1870.5,-2822.25,0,EC
2274,-2811.25,0,EC
1866,-2805.75,0,EC
2039,-2786.25,0,EC
1622.5,-2751.75,0,EC
1678.5,-2748.75,0,EC
1996,-2740.25,0,EC
1649.5,-2741.75,0,EC
1793.5,-2728.75,0,EC
1999,-2715.75,0,EC
1763,-2638.25,0,EC
2261.5,-2632.75,0,EC
2207.5,-2633.75,0,EC
2103,-2627.75,0,EC
1769,-2626.25,0,EC
1789,-2611.75,0,EC
1630.5,-2579.25,0,EC
1802.5,-2576.75,0,EC
2073.5,-2578.25,0,EC
2221.5,-2570.25,0,EC
2146,-2574.25,0,EC
2099.5,-2577.25,0,EC
2202.5,-2562.25,0,EC
1688.5,-2548.25,0,EC
1673.5,-2534.25,0,EC
1637,-2525.25,0,EC
1794.5,-2515.75,0,EC
2197.5,-2513.25,0,EC
2370,-2484.25,0,EC
2235.5,-2422.25,0,EC
1880,-2410.25,0,EC
2298,-2388.75,0,EC
1696,-2338.75,0,EC
1762.5,-2302.25,0,EC
1776,-2290.25,0,EC
1766.5,-2286.75,0,EC
1777.5,-2266.25,0,EC
2107.5,-2234.25,0,EC
2276,-2216.75,0,EC
2036,-2206.25,0,EC
2280.5,-2199.25,0,EC
2126.5,-2180.25,0,EC
1679.5,-2166.75,0,EC
2194,-2153.25,0,EC
2071,-2129.25,0,EC
-2431.5,-2103.25,0,EC
-2650.5,-2075.75,0,EC
-3104,-2022.75,0,EC
-3135,-1926.75,0,EC
-2472,-1908.25,0,EC
-2719.5,-1907.25,0,EC
-2456,-1905.75,0,EC
-3090.5,-1855.25,0,EC
-2937.5,-1836.75,0,EC
-2726,-1827.25,0,EC
-2928,-1814.25,0,EC
-2956,-1783.75,0,EC
-2451.5,-1764.75,0,EC
-2974,-1765.75,0,EC
-2990,-1746.75,0,EC
-2525.5,-1710.75,0,EC
-2469.5,-1680.25,0,EC
-2697.5,-1625.75,0,EC
-3071.5,-1590.25,0,EC
-3062.5,-1441.25,0,EC
-2803.5,-1445.25,0,EC
-3020,-1421.25,0,EC
-2987.5,-1414.25,0,EC
-3045,-1404.25,0,EC
-1942,-2115.25,0,EC
-2162,-2107.25,0,EC
-1975.5,-2107.25,0,EC
-1875.5,-2108.25,0,EC
-1689.5,-2106.25,0,EC
-1826.5,-2108.25,0,EC
-1670,-2104.75,0,EC
-2110,-2101.75,0,EC
-2212.5,-2092.25,0,EC
-2195.5,-2075.25,0,EC
-1678.5,-2080.25,0,EC
-1650.5,-2065.75,0,EC
-1892.5,-2039.75,0,EC
-2195,-2042.25,0,EC
-1746.5,-2023.75,0,EC
-1739,-2001.25,0,EC
-2103.5,-1990.75,0,EC
-2355.5,-1981.75,0,EC
-2377,-1980.75,0,EC
-2344,-1968.25,0,EC
-1725,-1969.25,0,EC
-2369,-1974.25,0,EC
-1969,-1900.75,0,EC
-1893,-1900.75,0,EC
-1835,-1876.25,0,EC
-1806,-1791.75,0,EC
-1765.5,-1780.75,0,EC
-2268,-1772.25,0,EC
-2243,-1736.25,0,EC
-2391.5,-1726.75,0,EC
-2374.5,-1674.25,0,EC
-2135,-1647.75,0,EC
-1623,-1626.75,0,EC
-2378.5,-1544.25,0,EC
-1692.5,-1515.25,0,EC
-1705.5,-1505.25,0,EC
-1702.5,-1490.25,0,EC
-1991.5,-1478.25,0,EC
-2125.5,-1474.25,0,EC
-2006.5,-1473.75,0,EC
-2027.5,-1459.25,0,EC
-1992,-1443.25,0,EC
-1677.5,-1382.25,0,EC
-1950.5,-1356.25,0,EC
-1863.5,-1332.75,0,EC
1375,-2912.25,0,EC
1459.5,-2871.25,0,EC
1454.5,-2853.25,0,EC
1531.5,-2843.75,0,EC
1476.5,-2832.25,0,EC
1094.5,-2828.75,0,EC
1026,-2793.75,0,EC
1130,-2795.25,0,EC
1332.5,-2789.25,0,EC
959,-2748.25,0,EC
1037.5,-2734.75,0,EC
1498.5,-2734.25,0,EC
1487.5,-2696.25,0,EC
1567,-2701.25,0,EC
1343.5,-2687.75,0,EC
914,-2683.75,0,EC
892,-2666.75,0,EC
916,-2669.75,0,EC
1292,-2635.75,0,EC
1277.5,-2628.75,0,EC
1239,-2622.75,0,EC
1328.5,-2589.75,0,EC
1543.5,-2565.25,0,EC
1565,-2554.75,0,EC
1473,-2530.75,0,EC
1241,-2499.75,0,EC
1181,-2461.25,0,EC
992.5,-2461.25,0,EC
1159.5,-2451.75,0,EC
1466.5,-2379.25,0,EC
1384,-2276.75,0,EC
1367.5,-2258.75,0,EC
1408,-2257.75,0,EC
1379.5,-2239.75,0,EC
1422.5,-2238.25,0,EC
1396.5,-2240.75,0,EC
1410,-2213.75,0,EC
1268.5,-2172.25,0,EC
1406.5,-2157.75,0,EC
-795,-2108.25,0,EC
-342,-2114.75,0,EC
-660,-2098.75,0,EC
-543.5,-1944.25,0,EC
-525.5,-1942.25,0,EC
-614,-1842.75,0,EC
-350.5,-1751.25,0,EC
-552.5,-1572.75,0,EC
-111,-1526.75,0,EC
-381,-1368.75,0,EC
-3268.5,-2118.25,0,EC
-3418.5,-2077.75,0,EC
-3304.5,-2032.75,0,EC
-3442.5,-2022.25,0,EC
-3507.5,-1999.75,0,EC
-3458,-1995.25,0,EC
-3524,-1994.25,0,EC
-3375,-1979.75,0,EC
-3491.5,-1978.25,0,EC
-3239,-1970.25,0,EC
-3388,-1964.25,0,EC
-3548.5,-1926.25,0,EC
-3579,-1914.25,0,EC
-3275.5,-1913.25,0,EC
-3274,-1899.75,0,EC
-3403.5,-1893.25,0,EC
-3482.5,-1895.25,0,EC
-3421.5,-1891.75,0,EC
-3592.5,-1890.25,0,EC
-3223.5,-1883.75,0,EC
-3442,-1881.75,0,EC
-3284.5,-1878.25,0,EC
-3599,-1858.25,0,EC
-3220.5,-1866.75,0,EC
-3417.5,-1856.25,0,EC
-3250.5,-1859.25,0,EC
-3433.5,-1858.75,0,EC
-3322.5,-1859.75,0,EC
-3482,-1846.25,0,EC
-3654.5,-1838.75,0,EC
-3494.5,-1829.25,0,EC
-3563.5,-1822.25,0,EC
-3541.5,-1828.25,0,EC
-3366.5,-1831.75,0,EC
-3289.5,-1823.75,0,EC
-3465,-1805.75,0,EC
-3589,-1803.25,0,EC
-3511,-1790.25,0,EC
-3600.5,-1786.25,0,EC
-3675,-1784.75,0,EC
-3305.5,-1771.25,0,EC
-3725.5,-1769.75,0,EC
-3532.5,-1767.75,0,EC
-3660.5,-1734.75,0,EC
-3771.5,-1675.25,0,EC
-3458.5,-1643.25,0,EC
-3642.5,-1638.75,0,EC
-3733,-1615.75,0,EC
-3629,-1613.75,0,EC
-3782,-1601.25,0,EC
-3708,-1587.75,0,EC
-3452,-1583.75,0,EC
-3450,-1558.25,0,EC
-3805.5,-1534.25,0,EC
-3756.5,-1544.25,0,EC
-3935,-1513.75,0,EC
-3825,-1510.25,0,EC
-3855,-1501.75,0,EC
-3912,-1498.25,0,EC
-3909,-1473.25,0,EC
-3801.5,-1470.25,0,EC
-3822,-1461.25,0,EC
-3650,-1462.75,0,EC
-3918.5,-1438.75,0,EC
-3961.5,-1447.75,0,EC
-3864,-1443.25,0,EC
-3964.5,-1430.75,0,EC
-3471.5,-1429.75,0,EC
-3969,-1408.25,0,EC
-3845,-1405.25,0,EC
-3554,-1401.25,0,EC
-3940,-1388.25,0,EC
-3573.5,-1358.25,0,EC
-3821,-1338.25,0,EC
663,-2093.25,0,EC
507,-2073.25,0,EC
224,-2060.75,0,EC
462,-2054.25,0,EC
67,-2046.25,0,EC
93,-2031.25,0,EC
95,-2007.25,0,EC
92,-1987.75,0,EC
537,-1974.75,0,EC
726,-1934.75,0,EC
153,-1738.25,0,EC
390.5,-1647.75,0,EC
693,-1634.75,0,EC
665.5,-1615.25,0,EC
718.5,-1628.25,0,EC
395.5,-1618.75,0,EC
691,-1610.75,0,EC
177.5,-1558.25,0,EC
141.5,-1554.25,0,EC
211.5,-1547.75,0,EC
129,-1543.75,0,EC
549.5,-1466.75,0,EC
731.5,-1333.25,0,EC
933,-2101.25,0,EC
874,-2097.75,0,EC
1070.5,-2096.75,0,EC
800,-2064.75,0,EC
822.5,-2045.75,0,EC
1202,-2046.75,0,EC
1156.5,-1957.25,0,EC
1106.5,-1922.25,0,EC
1069.5,-1919.25,0,EC
1213.5,-1906.75,0,EC
1017.5,-1888.75,0,EC
806,-1871.75,0,EC
1173.5,-1860.75,0,EC
1241.5,-1831.75,0,EC
1394.5,-1776.25,0,EC
1238.5,-1754.25,0,EC
1147,-1601.25,0,EC
1565,-1524.25,0,EC
854,-1469.25,0,EC
965,-1452.25,0,EC
1226.5,-1414.25,0,EC
1199.5,-1407.75,0,EC
1549,-1401.25,0,EC
1177.5,-1388.75,0,EC
1198,-1380.75,0,EC
1869.5,-2101.25,0,EC
1586,-2091.25,0,EC
1945,-2090.75,0,EC
1966,-2083.75,0,EC
2302,-1993.75,0,EC
2147,-1984.25,0,EC
1986.5,-1970.75,0,EC
2007.5,-1950.25,0,EC
1977.5,-1945.25,0,EC
2203,-1915.25,0,EC
1908.5,-1898.75,0,EC
2322,-1885.25,0,EC
1914,-1884.75,0,EC
1697,-1855.75,0,EC
2353.5,-1839.75,0,EC
1582,-1820.25,0,EC
2063,-1817.25,0,EC
1589.5,-1765.75,0,EC
2083,-1713.25,0,EC
1906.5,-1481.75,0,EC
1867.5,-1456.25,0,EC
2205,-1436.25,0,EC
2302.5,-1374.25,0,EC
2326.5,-1367.75,0,EC
1626,-1337.75,0,EC
2544.5,-2102.75,0,EC
2541,-2077.25,0,EC
2557.5,-2072.25,0,EC
2432.5,-2058.75,0,EC
2404,-2033.25,0,EC
2441,-2020.25,0,EC
2754,-2017.25,0,EC
2767,-1999.75,0,EC
2757.5,-1978.25,0,EC
2581.5,-1926.25,0,EC
2715,-1901.75,0,EC
2877.5,-1890.25,0,EC
2669,-1847.25,0,EC
2639,-1792.25,0,EC
2841,-1774.75,0,EC
2522,-1753.75,0,EC
2428,-1672.75,0,EC
2757,-1649.75,0,EC
2713.5,-1638.75,0,EC
2819.5,-1553.25,0,EC
2837.5,-1546.25,0,EC
2845,-1532.25,0,EC
2868,-1515.25,0,EC
2892,-1491.75,0,EC
2937,-1481.25,0,EC
2594,-1474.75,0,EC
2954.5,-1468.25,0,EC
3273.5,-1872.75,0,EC
3427,-1672.25,0,EC
3446,-1633.75,0,EC
-3233,-1314.25,0,EC
-3517.5,-1262.75,0,EC
-3522,-1150.25,0,EC
-3652.5,-1112.75,0,EC
-3441,-1114.75,0,EC
-3599.5,-1079.25,0,EC
-3307.5,-1070.75,0,EC
-3554.5,-989.25,0,EC
-3286,-803.75,0,EC
-3338,-790.25,0,EC
-2483.5,-1228.25,0,EC
-2736.5,-1188.25,0,EC
-2734,-1156.25,0,EC
-3216.5,-1155.25,0,EC
-2712.5,-1130.75,0,EC
-2524.5,-1116.75,0,EC
-2491,-1077.25,0,EC
-3133,-764.75,0,EC
-3069,-710.25,0,EC
-3001,-639.25,0,EC
-2681.5,-597.75,0,EC
-2682.5,-579.75,0,EC
-2658.5,-550.25,0,EC
-2646.5,-522.75,0,EC
-1632.5,-1311.25,0,EC
-2393.5,-1201.75,0,EC
-1762.5,-1172.25,0,EC
-1794.5,-1037.25,0,EC
-1700,-1017.75,0,EC
-1849.5,-947.25,0,EC
-1844,-897.25,0,EC
-1900.5,-815.25,0,EC
-1913,-752.25,0,EC
-2198.5,-721.25,0,EC
-1591.5,-1278.75,0,EC
-1547,-1270.75,0,EC
-1557,-1127.75,0,EC
-938,-1049.75,0,EC
-1482,-1047.25,0,EC
-1435,-1034.25,0,EC
-1100,-992.75,0,EC
-1088.5,-916.25,0,EC
-1235.5,-910.75,0,EC
-1609.5,-841.25,0,EC
-1503,-732.25,0,EC
-1555,-609.25,0,EC
-1521,-569.75,0,EC
-1369,-538.75,0,EC
-419.5,-1318.25,0,EC
-386,-1274.25,0,EC
-168,-1163.75,0,EC
-657,-992.25,0,EC
-450,-959.25,0,EC
-454,-555.75,0,EC
18,-1277.25,0,EC
118,-911.75,0,EC
1138,-713.75,0,EC
939,-652.25,0,EC
1409.5,-595.75,0,EC
1646,-1309.25,0,EC
1901.5,-902.25,0,EC
1585,-654.75,0,EC
2409,-1271.25,0,EC
2741,-1271.75,0,EC
2418,-1254.25,0,EC
2437.5,-1104.25,0,EC
3039,-1058.75,0,EC
2709,-1000.25,0,EC
2734.5,-995.25,0,EC
3021.5,-1001.75,0,EC
2736,-962.25,0,EC
3149,-930.25,0,EC
3123.5,-914.75,0,EC
2800.5,-903.75,0,EC
3128,-872.25,0,EC
3144.5,-522.75,0,EC
3065,-520.25,0,EC
3215,-1260.25,0,EC
3683.5,-1240.75,0,EC
3703,-1166.25,0,EC
3463.5,-1152.75,0,EC
3679,-1140.75,0,EC
3429.5,-1128.75,0,EC
3688,-1121.75,0,EC
3667,-1122.75,0,EC
3332.5,-1119.25,0,EC
3489.5,-1105.75,0,EC
3508.5,-1105.75,0,EC
3608,-1093.75,0,EC
3576.5,-1075.75,0,EC
3383,-1024.25,0,EC
3455.5,-983.25,0,EC
3679.5,-985.75,0,EC
3222,-977.25,0,EC
3443.5,-985.75,0,EC
3697,-968.75,0,EC
3429.5,-963.25,0,EC
3472.5,-923.75,0,EC
3675.5,-914.25,0,EC
3706.5,-909.75,0,EC
3642,-861.25,0,EC
3447.5,-829.75,0,EC
3688.5,-797.75,0,EC
3455.5,-781.25,0,EC
3349,-732.25,0,EC
3879.5,-709.25,0,EC
3326,-705.75,0,EC
3496.5,-699.25,0,EC
3423.5,-683.25,0,EC
3336.5,-678.75,0,EC
3434.5,-667.25,0,EC
3633.5,-653.25,0,EC
3869,-655.25,0,EC
3881,-641.25,0,EC
3860.5,-638.25,0,EC
3876,-626.25,0,EC
3663,-614.75,0,EC
3889,-613.25,0,EC
3450.5,-596.75,0,EC
3587.5,-600.25,0,EC
3827,-592.25,0,EC
3590,-582.25,0,EC
3596.5,-558.25,0,EC
3646.5,-554.75,0,EC
3524.5,-549.25,0,EC
-2645,-491.75,0,EC
-2632,-456.75,0,EC
-2621,-432.75,0,EC
-2467,-357.25,0,EC
-2522.5,-121.75,0,EC
-2129,-304.75,0,EC
-1723.5,22.75,0,EC
-1714,43.25,0,EC
-2319.5,127.75,0,EC
-2191,207.25,0,EC
-1220,-430.25,0,EC
-1050.5,-217.25,0,EC
-1452.5,-106.75,0,EC
-895,279.75,0,EC
-522,-171.25,0,EC
-128.5,-18.75,0,EC
-40,22.75,0,EC
87.5,-486.25,0,EC
772.5,33.75,0,EC
745.5,144.75,0,EC
1067.5,-502.75,0,EC
1209,-54.25,0,EC
870.5,277.75,0,EC
2128,-512.75,0,EC
1676,-506.25,0,EC
2127,-492.75,0,EC
2321.5,112.25,0,EC
2359,208.75,0,EC
3036.5,-516.25,0,EC
2806,-343.75,0,EC
3094.5,-214.25,0,EC
3103,-200.25,0,EC
2923,-133.75,0,EC
3100.5,-43.25,0,EC
2846,75.75,0,EC
2396,94.75,0,EC
2810.5,180.75,0,EC
2570.5,202.75,0,EC
3755.5,-455.75,0,EC
3912.5,-454.75,0,EC
3257,-436.25,0,EC
3809.5,-390.75,0,EC
3374,-369.25,0,EC
3797,-373.75,0,EC
3433,-357.75,0,EC
3834,-339.25,0,EC
3365.5,-328.75,0,EC
3321,-317.25,0,EC
3716,-311.25,0,EC
3427.5,-309.75,0,EC
3212.5,-306.75,0,EC
3786.5,-290.25,0,EC
3831,-282.25,0,EC
3262.5,-276.25,0,EC
3690.5,-252.25,0,EC
3383,-226.75,0,EC
3536.5,-210.75,0,EC
3294,-173.75,0,EC
3914.5,-144.25,0,EC
3606,-143.75,0,EC
3902.5,-132.75,0,EC
3430,-110.25,0,EC
3374,-90.75,0,EC
3349.5,-78.75,0,EC
3275,-73.25,0,EC
3266,-57.25,0,EC
3493,-23.75,0,EC
3551,77.25,0,EC
3451.5,78.25,0,EC
3423,90.25,0,EC
3338.5,103.75,0,EC
3305,111.75,0,EC
3420.5,108.75,0,EC
3547.5,127.75,0,EC
3436,217.25,0,EC
3946,239.75,0,EC
3631,222.25,0,EC
3295.5,221.75,0,EC
-2070,394.25,0,EC
-2037,425.25,0,EC
-1642,730.25,0,EC
-1650.5,746.75,0,EC
-1630.5,747.25,0,EC
-1132,762.25,0,EC
-952.5,852.25,0,EC
-1147.5,909.75,0,EC
-1118.5,915.25,0,EC
-1110,931.75,0,EC
-1147,930.75,0,EC
-1126.5,953.75,0,EC
-1332.5,965.25,0,EC
-403.5,570.25,0,EC
-239,935.75,0,EC
-207,956.75,0,EC
-221.5,959.25,0,EC
-642,1003.75,0,EC
-635,1024.25,0,EC
-163.5,1015.75,0,EC
-626,1061.25,0,EC
698,717.25,0,EC
446,949.75,0,EC
872.5,299.75,0,EC
1110.5,396.25,0,EC
1402.5,524.75,0,EC
1510.5,602.25,0,EC
1192,719.75,0,EC
1519,732.25,0,EC
1179.5,750.75,0,EC
1191,779.25,0,EC
1364.5,852.75,0,EC
1359,883.25,0,EC
1375.5,888.75,0,EC
1196.5,889.25,0,EC
1345,910.25,0,EC
1344,941.75,0,EC
1314.5,1050.75,0,EC
1328.5,1055.75,0,EC
2861.5,283.75,0,EC
3033.5,405.75,0,EC
3241,530.25,0,EC
3610,574.25,0,EC
3291,679.75,0,EC
3407.5,759.75,0,EC
3355,770.25,0,EC
3654,892.25,0,EC
3813.5,923.25,0,EC
3813.5,949.75,0,EC
3808,982.25,0,EC
3810,1004.25,0,EC
3808,1025.25,0,EC
3806,1054.25,0,EC
3847,1072.25,0,EC
3949,1077.25,0,EC
-1196,1164.75,0,EC
-831.5,1330.75,0,EC
-819.5,1365.75,0,EC
-993,1427.25,0,EC
-940.5,1444.75,0,EC
-606,1327.25,0,EC
-614,1336.75,0,EC
-119.5,1456.25,0,EC
-109,1466.25,0,EC
276,1152.25,0,EC
334,1154.25,0,EC
478,1170.75,0,EC
583.5,1374.75,0,EC
553,1371.75,0,EC
320.5,1486.75,0,EC
189.5,1596.25,0,EC
751,1746.75,0,EC
731,1748.75,0,EC
760,1781.25,0,EC
391.5,1790.25,0,EC
528,1789.75,0,EC
415.5,1789.25,0,EC
434.5,1793.25,0,EC
463,1799.25,0,EC
539.5,1808.25,0,EC
559.5,1801.75,0,EC
419.5,1812.25,0,EC
593.5,1810.75,0,EC
564.5,1814.25,0,EC
618,1819.25,0,EC
712,1863.25,0,EC
827,1149.75,0,EC
1042.5,1307.25,0,EC
2330.5,1349.25,0,EC
2337.5,1371.25,0,EC
2261.5,1701.75,0,EC
2335,1812.25,0,EC
1889.5,1866.25,0,EC
2618,1116.75,0,EC
2655,1129.25,0,EC
2660,1142.75,0,EC
2765,1299.25,0,EC
2791.5,1320.25,0,EC
2472.5,1481.25,0,EC
3909,1082.25,0,EC
3803,1090.25,0,EC
3807,1114.75,0,EC
3808,1143.25,0,EC
3805.5,1159.75,0,EC
3811.5,1183.25,0,EC
3813,1205.25,0,EC
3728,1226.75,0,EC
3650,1238.25,0,EC
3441.5,1250.25,0,EC
3623.5,1272.25,0,EC
3715.5,1279.25,0,EC
3249,1341.75,0,EC
3228.5,1347.75,0,EC
3249,1370.25,0,EC
3246,1429.25,0,EC
3224.5,1427.75,0,EC
3695,1442.25,0,EC
3233.5,1447.25,0,EC
3888,1478.75,0,EC
3229,1488.25,0,EC
3879.5,1502.25,0,EC
3227.5,1525.75,0,EC
3869,1594.25,0,EC
3233,1607.25,0,EC
3866.5,1635.75,0,EC
3864,1647.75,0,EC
3866.5,1665.25,0,EC
3877,1744.75,0,EC
3878.5,1765.75,0,EC
3884,1779.25,0,EC
3448.5,1794.75,0,EC
3875,1812.75,0,EC
-293,1929.75,0,EC
-413,1954.25,0,EC
-593.5,2053.75,0,EC
455.5,1895.75,0,EC
695.5,1914.25,0,EC
707.5,1927.25,0,EC
707,1952.25,0,EC
702.5,1984.25,0,EC
405,1987.25,0,EC
202.5,1991.25,0,EC
464.5,1994.75,0,EC
435.5,1994.25,0,EC
496,2001.75,0,EC
717,2014.75,0,EC
549.5,2024.25,0,EC
673.5,2024.75,0,EC
711.5,2029.75,0,EC
573.5,2039.25,0,EC
1054,1950.75,0,EC
851.5,2142.25,0,EC
1156,2430.75,0,EC
1017.5,2540.25,0,EC
1172.5,2649.25,0,EC
1311.5,2657.25,0,EC
1328.5,2679.25,0,EC
1821,1888.75,0,EC
1760,2000.75,0,EC
1749.5,2028.75,0,EC
1800.5,2024.75,0,EC
1692.5,2020.75,0,EC
1717,2032.75,0,EC
1772.5,2047.25,0,EC
1717.5,2062.25,0,EC
1794.5,2078.75,0,EC
1739,2096.75,0,EC
1719,2101.25,0,EC
1805.5,2111.25,0,EC
1744.5,2126.25,0,EC
1762,2120.75,0,EC
1807.5,2154.25,0,EC
1729.5,2146.25,0,EC
1829,2145.75,0,EC
1759.5,2148.25,0,EC
1749,2148.25,0,EC
1825,2160.25,0,EC
1770,2176.25,0,EC
1787.5,2182.75,0,EC
1776,2265.25,0,EC
1759.5,2285.25,0,EC
1801,2486.75,0,EC
1802.5,2524.25,0,EC
1812.5,2554.25,0,EC
1739.5,2666.25,0,EC
2588.5,2503.75,0,EC
2510,2534.75,0,EC
2695.5,2576.75,0,EC
2806,2569.75,0,EC
2737.5,2655.75,0,EC
2727.5,2664.75,0,EC
3884.5,1893.25,0,EC
3874,1928.75,0,EC
3840,1958.25,0,EC
3848.5,1966.75,0,EC
3794.5,2033.75,0,EC
3756.5,2129.25,0,EC
3740,2143.75,0,EC
3768.5,2377.75,0,EC
3462.5,2433.75,0,EC
3334.5,2446.75,0,EC
3327.5,2455.25,0,EC
1379,2738.75,0,EC
1371,2804.25,0,EC
1375,2834.75,0,EC
1445,3192.25,0,EC
1748.5,2928.25,0,EC
1701,2938.75,0,EC
1723.5,2947.75,0,EC
1761.5,2952.75,0,EC
1678.5,2968.75,0,EC
1743.5,2968.75,0,EC
1723.5,2976.75,0,EC
1695,2981.75,0,EC
1736,2996.75,0,EC
2005,3002.75,0,EC
1705,3015.25,0,EC
1707,3085.25,0,EC
2182.5,3336.75,0,EC
2805,2763.25,0,EC
2810,2778.75,0,EC
2962.5,3099.25,0,EC
2921.5,3089.75,0,EC
3124.5,3219.75,0,EC
3143.5,3220.75,0,EC
3172,3249.25,0,EC
2686,3272.75,0,EC
2722,3269.75,0,EC
2704,3272.75,0,EC
2732.5,3287.25,0,EC
2702,3292.25,0,EC
3142.5,3362.25,0,EC
3392.5,2896.75,0,EC
3225,3134.75,0,EC
3324.5,3187.25,0,EC
3186,3252.75,0,EC
3592.5,3365.25,0,EC
3654,3519.25,0,EC
3632.5,3530.25,0,EC
3213.5,3532.25,0,EC
3629.5,3552.25,0,EC
-245.5,-3255.75,0,EC
-1658,-2751.25,0,EC
-1741.5,-2734.25,0,EC
-1793.5,-2728.25,0,EC
-1644,-2726.25,0,EC
-1655.5,-2726.75,0,EC
-1942,-2714.25,0,EC
-1679,-2709.25,0,EC
-1978,-2709.75,0,EC
-1651,-2708.75,0,EC
-1990.5,-2699.75,0,EC
-1899.5,-2700.25,0,EC
-1780,-2692.25,0,EC
-1824,-2691.75,0,EC
-1926.5,-2678.75,0,EC
-1657,-2684.75,0,EC
-1884.5,-2666.25,0,EC
-1831,-2664.75,0,EC
-1749,-2647.75,0,EC
-1780.5,-2641.75,0,EC
-1799.5,-2569.25,0,EC
-1956.5,-2550.25,0,EC
-1824,-2541.25,0,EC
-2290,-2199.75,0,EC
-2304.5,-2185.75,0,EC
-2248.5,-2173.75,0,EC
-2232,-2168.75,0,EC
1340.5,-3134.75,0,EC
1316.5,-3127.25,0,EC
835,-3037.25,0,EC
846,-2979.25,0,EC
-2546.5,-2318.75,0,EC
-2524.5,-2310.75,0,EC
-2498.5,-2303.25,0,EC
-2429,-2297.75,0,EC
-40.5,-2915.75,0,EC
-383.5,-2910.25,0,EC
-47.5,-2896.25,0,EC
-719.5,-2829.25,0,EC
-732.5,-2808.75,0,EC
-704.5,-2809.25,0,EC
-717,-2801.75,0,EC
-777.5,-2787.75,0,EC
-802.5,-2789.25,0,EC
-749.5,-2777.75,0,EC
-490.5,-2742.25,0,EC
-799,-2693.25,0,EC
-570.5,-2665.75,0,EC
-801,-2671.75,0,EC
-347.5,-2562.25,0,EC
-77.5,-2432.25,0,EC
-96.5,-2418.25,0,EC
-52,-2387.25,0,EC
-73,-2368.75,0,EC
-59.5,-2354.75,0,EC
-295.5,-2314.75,0,EC
-193,-2234.25,0,EC
-122.5,-2210.75,0,EC
-306,-2204.25,0,EC
-158,-2181.75,0,EC
-385,-2182.75,0,EC
-301.5,-2180.75,0,EC
-282,-2136.25,0,EC
-365,-2128.75,0,EC
567,-3158.75,0,EC
547.5,-3083.75,0,EC
393,-3059.75,0,EC
399,-2946.75,0,EC
28.5,-2908.75,0,EC
106.5,-2909.75,0,EC
142,-2911.75,0,EC
172.5,-2906.25,0,EC
86,-2899.25,0,EC
-14.5,-2899.25,0,EC
202.5,-2896.75,0,EC
725,-2893.25,0,EC
209,-2867.25,0,EC
741,-2878.75,0,EC
160,-2867.25,0,EC
179,-2861.75,0,EC
734.5,-2857.75,0,EC
123.5,-2849.75,0,EC
710.5,-2850.75,0,EC
451.5,-2844.25,0,EC
37,-2836.75,0,EC
197,-2823.25,0,EC
462,-2826.25,0,EC
487.5,-2824.75,0,EC
176,-2808.75,0,EC
511,-2808.75,0,EC
30.5,-2804.25,0,EC
597,-2784.75,0,EC
52,-2756.75,0,EC
106,-2710.25,0,EC
82,-2700.75,0,EC
124.5,-2671.75,0,EC
2639.5,-2173.25,0,EC
-1247,-1816.75,0,EC
-1213,-1819.75,0,EC
-1229.5,-1819.25,0,EC
-910.5,-1652.25,0,EC
-1511.5,-1648.75,0,EC
-1539.5,-1635.25,0,EC
-1484,-1633.25,0,EC
-1490.5,-1616.75,0,EC
-1448.5,-1610.25,0,EC
-1513,-1616.75,0,EC
-1403,-1598.75,0,EC
-1339,-1589.25,0,EC
-1263.5,-1586.75,0,EC
-1379,-1585.25,0,EC
-1316.5,-1567.25,0,EC
-1231,-1552.75,0,EC
-1232.5,-1525.75,0,EC
-1342.5,-1535.75,0,EC
-1284.5,-1526.75,0,EC
-1301,-1513.75,0,EC
-1271,-1510.25,0,EC
-1234.5,-1492.75,0,EC
-1344,-1483.25,0,EC
-1241.5,-1463.75,0,EC
-1325,-1459.25,0,EC
-1034.5,-1439.25,0,EC
-1248.5,-1429.75,0,EC
-1346.5,-1414.25,0,EC
-1308.5,-1406.75,0,EC
-1369.5,-1392.75,0,EC
-1309.5,-1388.25,0,EC
-1369,-1373.25,0,EC
-1426,-1380.75,0,EC
-1330,-1348.75,0,EC
-1356,-1345.75,0,EC
-1166,-2805.75,0,EC
-1201,-2804.75,0,EC
-826,-2801.75,0,EC
-1232.5,-2797.75,0,EC
-1155.5,-2786.25,0,EC
-1230.5,-2777.75,0,EC
-1208,-2774.25,0,EC
-1595.5,-2333.75,0,EC
-1310.5,-2289.75,0,EC
1863,-2895.75,0,EC
1583.5,-2803.25,0,EC
1615.5,-2781.25,0,EC
1595.5,-2774.25,0,EC
1744.5,-2610.75,0,EC
1713.5,-2593.75,0,EC
1768,-2595.75,0,EC
1745.5,-2587.75,0,EC
1782,-2578.75,0,EC
1729.5,-2583.25,0,EC
1714.5,-2566.75,0,EC
1749,-2570.25,0,EC
1731,-2559.75,0,EC
1769.5,-2556.25,0,EC
1748.5,-2548.25,0,EC
1705,-2542.25,0,EC
1690,-2537.75,0,EC
1747.5,-2529.25,0,EC
1716.5,-2528.25,0,EC
2344,-2331.25,0,EC
2360,-2336.75,0,EC
2353.5,-2318.75,0,EC
2339,-2305.25,0,EC
2357,-2305.75,0,EC
2338,-2273.25,0,EC
2330.5,-2234.75,0,EC
2299.5,-2240.75,0,EC
-2441,-1929.75,0,EC
-3161,-1916.75,0,EC
-2425.5,-1910.25,0,EC
-3178.5,-1876.25,0,EC
-2854.5,-1680.25,0,EC
-2784,-1667.75,0,EC
-2819,-1650.25,0,EC
-2803.5,-1650.25,0,EC
-2283.5,-2083.25,0,EC
-1729,-2073.75,0,EC
-1854,-2067.25,0,EC
-2247,-2050.25,0,EC
-1661.5,-2055.75,0,EC
-2228,-2046.75,0,EC
-2374.5,-1950.75,0,EC
-2405.5,-1947.75,0,EC
-2397,-1931.25,0,EC
-2061,-1918.25,0,EC
1404,-2906.25,0,EC
996.5,-2874.75,0,EC
970.5,-2867.25,0,EC
1031,-2864.75,0,EC
1481.5,-2854.25,0,EC
1507.5,-2842.75,0,EC
948,-2839.75,0,EC
1555,-2827.25,0,EC
1504.5,-2820.25,0,EC
882.5,-2824.25,0,EC
945.5,-2815.25,0,EC
1551.5,-2797.75,0,EC
990.5,-2798.75,0,EC
785,-2792.25,0,EC
1495.5,-2527.75,0,EC
1524.5,-2531.75,0,EC
1579.5,-2524.75,0,EC
1542,-2519.25,0,EC
1515,-2523.25,0,EC
1207,-2513.75,0,EC
1480,-2502.75,0,EC
1512.5,-2499.75,0,EC
1492.5,-2479.75,0,EC
1531.5,-2484.75,0,EC
1170,-2475.25,0,EC
1519.5,-2471.75,0,EC
1537.5,-2469.25,0,EC
1491.5,-2455.25,0,EC
1540,-2453.75,0,EC
1512.5,-2440.75,0,EC
1533,-2438.25,0,EC
1495.5,-2436.25,0,EC
1469,-2413.75,0,EC
1492,-2413.75,0,EC
1397.5,-2226.75,0,EC
-349,-2093.75,0,EC
-578.5,-1997.25,0,EC
-591,-1971.25,0,EC
-569,-1948.25,0,EC
-366,-1699.25,0,EC
-320.5,-1560.75,0,EC
-688.5,-1540.25,0,EC
-110,-1540.75,0,EC
-517.5,-1439.75,0,EC
-467,-1408.75,0,EC
-153,-1392.25,0,EC
-454,-1394.75,0,EC
-463,-1375.25,0,EC
-419.5,-1375.25,0,EC
-431.5,-1352.25,0,EC
-3380,-2077.75,0,EC
-3339,-2038.25,0,EC
-3363,-2023.25,0,EC
-3398.5,-2001.25,0,EC
-3433.5,-1935.75,0,EC
-3445,-1919.25,0,EC
-3430,-1909.75,0,EC
-3451,-1906.25,0,EC
-3519,-1863.75,0,EC
-3652.5,-1858.25,0,EC
-3610.5,-1765.25,0,EC
-3760.5,-1754.25,0,EC
-3564.5,-1758.75,0,EC
-3717.5,-1754.75,0,EC
-3582.5,-1749.75,0,EC
-3832.5,-1730.75,0,EC
-3714,-1731.25,0,EC
-3820.5,-1710.75,0,EC
-3754,-1705.25,0,EC
-3586.5,-1676.25,0,EC
-3626.5,-1669.75,0,EC
-3736.5,-1666.75,0,EC
-3849,-1661.25,0,EC
-3832.5,-1653.25,0,EC
-3705.5,-1654.25,0,EC
-3787.5,-1639.75,0,EC
-3712.5,-1640.75,0,EC
-3659.5,-1576.25,0,EC
-3521.5,-1515.75,0,EC
-3770,-1512.25,0,EC
-3946,-1489.75,0,EC
-3776.5,-1490.75,0,EC
-3952,-1467.75,0,EC
-3843.5,-1434.75,0,EC
-3997,-1430.75,0,EC
-3304,-1415.25,0,EC
-3230,-1403.25,0,EC
-3512,-1364.25,0,EC
-3475,-1354.75,0,EC
-3513,-1338.25,0,EC
-3778.5,-1322.75,0,EC
403.5,-1827.75,0,EC
324.5,-1694.25,0,EC
293,-1688.25,0,EC
357.5,-1687.75,0,EC
257.5,-1678.75,0,EC
374.5,-1671.75,0,EC
254.5,-1661.75,0,EC
766,-1494.25,0,EC
773.5,-1480.75,0,EC
749.5,-1470.25,0,EC
847,-1947.75,0,EC
1571.5,-1851.25,0,EC
1151.5,-1813.75,0,EC
2359.5,-1330.25,0,EC
2760,-1599.75,0,EC
2790,-1578.75,0,EC
2565.5,-1429.25,0,EC
-3759.5,-1317.75,0,EC
-3841,-1310.75,0,EC
-3729.5,-1291.25,0,EC
-3776.5,-1274.25,0,EC
-3761.5,-1280.25,0,EC
-3851,-1279.25,0,EC
-3679.5,-1258.25,0,EC
-3692.5,-1241.75,0,EC
-3786,-1223.25,0,EC
-3683,-1225.75,0,EC
-3770,-1215.75,0,EC
-3713,-1199.25,0,EC
-3749.5,-1198.75,0,EC
-3710,-1182.75,0,EC
-3354.5,-1149.75,0,EC
-3489.5,-1141.75,0,EC
-3342.5,-1113.75,0,EC
-3494.5,-1100.25,0,EC
-3458.5,-1099.25,0,EC
-3419,-1099.25,0,EC
-3385.5,-1088.75,0,EC
-3330,-1088.25,0,EC
-3516,-1083.25,0,EC
-3566.5,-1071.25,0,EC
-3360.5,-1065.25,0,EC
-3538,-1073.25,0,EC
-3292,-1058.75,0,EC
-3321.5,-1053.75,0,EC
-3340.5,-1049.75,0,EC
-3495.5,-1029.75,0,EC
-3518.5,-1023.75,0,EC
-2499,-821.25,0,EC
-2722,-637.25,0,EC
-2768.5,-619.75,0,EC
-2730,-618.75,0,EC
-2699.5,-612.25,0,EC
-2742,-611.75,0,EC
-2757,-610.25,0,EC
-2765,-594.25,0,EC
-2064,-945.75,0,EC
-1286,-1068.75,0,EC
-1176.5,-834.75,0,EC
-1221.5,-816.75,0,EC
-1198.5,-818.75,0,EC
-1160,-801.25,0,EC
-1168,-778.75,0,EC
-1249,-770.75,0,EC
-1209,-766.75,0,EC
-1168,-764.25,0,EC
-1189.5,-757.25,0,EC
-1217.5,-753.75,0,EC
-1177.5,-745.25,0,EC
-1272.5,-736.75,0,EC
-1188.5,-716.25,0,EC
-1294,-717.25,0,EC
-1221,-704.75,0,EC
-1250,-694.75,0,EC
-1285.5,-686.75,0,EC
-1316.5,-682.75,0,EC
-1195.5,-560.25,0,EC
-155,-1224.75,0,EC
-114.5,-569.25,0,EC
-155,-551.75,0,EC
-39,-558.25,0,EC
-57.5,-547.25,0,EC
-177,-539.75,0,EC
-50,-528.75,0,EC
-204.5,-522.75,0,EC
413.5,-1223.75,0,EC
21.5,-777.25,0,EC
69,-773.25,0,EC
114,-768.75,0,EC
188,-759.75,0,EC
-5,-745.25,0,EC
235,-749.75,0,EC
264.5,-751.25,0,EC
282.5,-744.25,0,EC
217,-733.25,0,EC
261.5,-737.25,0,EC
290,-733.25,0,EC
17.5,-732.25,0,EC
323,-720.75,0,EC
241.5,-722.75,0,EC
263.5,-723.25,0,EC
33,-715.75,0,EC
535.5,-709.25,0,EC
64,-704.25,0,EC
116.5,-707.25,0,EC
232.5,-706.25,0,EC
573.5,-695.75,0,EC
532.5,-697.25,0,EC
556,-691.75,0,EC
526,-679.25,0,EC
612.5,-675.25,0,EC
511,-673.75,0,EC
564,-672.25,0,EC
178,-660.75,0,EC
565.5,-661.75,0,EC
640.5,-659.25,0,EC
531.5,-656.25,0,EC
548.5,-652.75,0,EC
659.5,-644.75,0,EC
569,-638.75,0,EC
687.5,-609.75,0,EC
582,-627.25,0,EC
564.5,-621.25,0,EC
577,-596.75,0,EC
602.5,-595.25,0,EC
617.5,-583.25,0,EC
725,-570.25,0,EC
519,-574.25,0,EC
601,-561.25,0,EC
620.5,-537.25,0,EC
741.5,-533.25,0,EC
607.5,-537.75,0,EC
1108,-1094.75,0,EC
2369,-1315.25,0,EC
1742,-1139.25,0,EC
1966,-1011.25,0,EC
2152.5,-774.75,0,EC
2001.5,-645.75,0,EC
1979,-647.25,0,EC
2049,-616.25,0,EC
2041.5,-579.75,0,EC
2091,-582.75,0,EC
2069,-544.25,0,EC
2101.5,-552.75,0,EC
2101,-535.75,0,EC
2100.5,-519.75,0,EC
3030,-1042.25,0,EC
3060.5,-1031.75,0,EC
3085,-1019.75,0,EC
3042,-1017.75,0,EC
2913,-715.25,0,EC
2958.5,-631.75,0,EC
3617.5,-1040.75,0,EC
3614,-961.25,0,EC
3752.5,-877.75,0,EC
3479,-640.75,0,EC
3492.5,-618.25,0,EC
3776,-582.25,0,EC
3482.5,-578.25,0,EC
3522.5,-567.25,0,EC
3712,-533.75,0,EC
-1978,-356.75,0,EC
-852,-272.75,0,EC
-1430,210.25,0,EC
-71.5,-505.75,0,EC
-95,-507.25,0,EC
-104,-481.75,0,EC
-135,-458.75,0,EC
-168.5,-432.25,0,EC
-250.5,-437.25,0,EC
-243,-421.25,0,EC
-195,-408.25,0,EC
-266.5,-409.25,0,EC
-213.5,-396.75,0,EC
-257.5,-396.25,0,EC
-231,-380.75,0,EC
-256.5,-376.25,0,EC
-514,-283.25,0,EC
-528.5,-274.75,0,EC
-552,-250.25,0,EC
-492,-213.25,0,EC
-578.5,-223.75,0,EC
-597,-217.25,0,EC
-131,-212.75,0,EC
-647.5,-208.25,0,EC
-620,-205.25,0,EC
-638,-195.75,0,EC
-658.5,-188.25,0,EC
-505.5,-187.25,0,EC
-586.5,-182.75,0,EC
-757.5,-175.75,0,EC
-549,-177.75,0,EC
-193,48.25,0,EC
-122.5,219.25,0,EC
638.5,-505.25,0,EC
662,-486.75,0,EC
758.5,-488.75,0,EC
680,-471.25,0,EC
696,-455.25,0,EC
724.5,-424.25,0,EC
753.5,-407.75,0,EC
742.5,-401.25,0,EC
773.5,-368.75,0,EC
293,-357.75,0,EC
336.5,-367.25,0,EC
533.5,-132.25,0,EC
1397.5,-419.25,0,EC
816.5,-372.25,0,EC
804,-340.25,0,EC
853.5,-326.25,0,EC
839,-304.25,0,EC
866.5,-303.75,0,EC
867.5,-285.75,0,EC
882.5,-252.75,0,EC
904,-225.75,0,EC
1034.5,23.25,0,EC
1528,119.25,0,EC
2087,-513.75,0,EC
2103.5,-498.75,0,EC
2099.5,-190.25,0,EC
3081,-482.25,0,EC
3146,-374.25,0,EC
3112.5,-370.25,0,EC
2385,-325.25,0,EC
2383,-292.25,0,EC
2629,-222.25,0,EC
3139,-89.75,0,EC
3089,-28.75,0,EC
3148,43.75,0,EC
2515,250.25,0,EC
3525,-490.25,0,EC
3202.5,-52.25,0,EC
3289.5,-44.75,0,EC
3344.5,39.75,0,EC
3604.5,65.25,0,EC
3454,218.25,0,EC
-1191.5,660.25,0,EC
-1233.5,686.25,0,EC
-1250.5,701.25,0,EC
-1146,698.75,0,EC
-1270.5,719.75,0,EC
-1245.5,730.75,0,EC
-1280,741.75,0,EC
-1128.5,740.25,0,EC
-1258.5,745.75,0,EC
-1211,744.75,0,EC
-1233.5,751.25,0,EC
-1201,760.25,0,EC
-1259,761.75,0,EC
-1226,764.75,0,EC
-1261,785.75,0,EC
-1283,783.25,0,EC
-904.5,970.75,0,EC
-840,980.75,0,EC
-879.5,982.25,0,EC
-866,985.25,0,EC
-39.5,575.75,0,EC
-75.5,610.75,0,EC
-51,605.75,0,EC
-29.5,606.75,0,EC
-80,634.25,0,EC
-283,785.25,0,EC
-299.5,806.75,0,EC
-301.5,827.75,0,EC
-222.5,856.75,0,EC
-286,847.75,0,EC
-245,841.25,0,EC
-277,889.75,0,EC
-220.5,889.25,0,EC
-686.5,952.75,0,EC
-716,963.25,0,EC
-799,972.25,0,EC
-754.5,995.75,0,EC
-736,997.75,0,EC
22,541.25,0,EC
62.5,539.75,0,EC
4,551.75,0,EC
62,550.25,0,EC
119.5,1043.25,0,EC
1576,338.25,0,EC
1394,550.75,0,EC
1385.5,575.75,0,EC
1248.5,580.75,0,EC
1348,602.75,0,EC
1284.5,603.75,0,EC
1249,610.25,0,EC
1234.5,666.25,0,EC
1373.5,699.75,0,EC
1360.5,709.75,0,EC
1197,808.25,0,EC
1199,846.25,0,EC
1222,891.75,0,EC
1248.5,902.25,0,EC
1290.5,903.25,0,EC
1319,904.25,0,EC
1973,967.25,0,EC
2206,973.25,0,EC
2226,971.25,0,EC
1988.5,975.25,0,EC
2248,979.75,0,EC
1959.5,982.25,0,EC
2166,990.25,0,EC
2126.5,992.25,0,EC
2270.5,988.25,0,EC
2002.5,986.25,0,EC
2297,995.25,0,EC
2035,999.25,0,EC
1955.5,1004.75,0,EC
2361.5,1008.25,0,EC
2331,1004.25,0,EC
1949.5,1033.25,0,EC
1940.5,1055.25,0,EC
3033.5,495.25,0,EC
2383.5,1018.75,0,EC
2412.5,1029.75,0,EC
2446,1031.75,0,EC
2472,1043.25,0,EC
2499.5,1058.75,0,EC
3235,703.25,0,EC
-609,1099.25,0,EC
-608.5,1108.75,0,EC
-606.5,1122.25,0,EC
-587.5,1151.25,0,EC
-611.5,1165.75,0,EC
-589.5,1182.75,0,EC
-263.5,1186.25,0,EC
-584,1210.75,0,EC
-596,1280.75,0,EC
-576,1283.25,0,EC
-581,1317.25,0,EC
-593,1360.25,0,EC
-599.5,1470.75,0,EC
-567.5,1473.25,0,EC
-606.5,1498.25,0,EC
-374.5,1660.75,0,EC
-413.5,1693.25,0,EC
-387,1683.75,0,EC
-394.5,1720.25,0,EC
-380,1738.75,0,EC
-401.5,1745.25,0,EC
-380,1762.75,0,EC
-380.5,1828.25,0,EC
-376.5,1866.25,0,EC
28,1170.25,0,EC
581,1171.25,0,EC
771,1744.25,0,EC
768,1763.75,0,EC
496.5,1806.75,0,EC
519,1813.25,0,EC
460.5,1873.25,0,EC
439.5,1875.25,0,EC
1188.5,1102.25,0,EC
1273.5,1193.25,0,EC
1512,1722.75,0,EC
1525.5,1738.25,0,EC
1549,1763.75,0,EC
1572,1789.75,0,EC
1916.5,1097.75,0,EC
1904,1121.75,0,EC
1893,1147.25,0,EC
1895.5,1167.75,0,EC
1897.5,1186.25,0,EC
2375.5,1190.25,0,EC
2332.5,1206.25,0,EC
1905,1201.25,0,EC
2359.5,1205.75,0,EC
1908.5,1218.25,0,EC
1930.5,1244.75,0,EC
1954,1269.75,0,EC
1983,1283.75,0,EC
2002,1298.75,0,EC
2000,1317.25,0,EC
1993,1330.25,0,EC
2016.5,1348.25,0,EC
2035,1373.25,0,EC
2312,1387.25,0,EC
2043.5,1387.75,0,EC
2054.5,1398.75,0,EC
2070.5,1411.75,0,EC
2094,1413.75,0,EC
2292.5,1414.25,0,EC
2086,1426.25,0,EC
2268,1431.75,0,EC
2113.5,1449.75,0,EC
2261,1452.75,0,EC
2134,1472.25,0,EC
2258,1469.75,0,EC
2156,1480.75,0,EC
2277,1487.25,0,EC
2179,1494.75,0,EC
2204.5,1501.75,0,EC
2247.5,1499.75,0,EC
1952.5,1656.75,0,EC
1591,1793.75,0,EC
1635.5,1811.25,0,EC
1609.5,1811.25,0,EC
2341,1825.75,0,EC
1648,1824.75,0,EC
1666,1834.75,0,EC
1675.5,1847.25,0,EC
2333.5,1854.75,0,EC
1625.5,1870.25,0,EC
2533.5,1087.75,0,EC
2562.5,1097.25,0,EC
2584,1105.75,0,EC
2433.5,1119.75,0,EC
2526,1158.75,0,EC
2672,1157.25,0,EC
2705.5,1180.75,0,EC
2728.5,1210.25,0,EC
2756.5,1227.75,0,EC
2587,1228.25,0,EC
2541.5,1237.75,0,EC
2619,1245.75,0,EC
2651.5,1239.25,0,EC
2753,1252.75,0,EC
2470,1238.75,0,EC
2684,1264.25,0,EC
2476.5,1260.75,0,EC
2420,1253.25,0,EC
2783,1256.75,0,EC
2785.5,1270.75,0,EC
2726,1288.25,0,EC
3221.5,1372.25,0,EC
3232.5,1394.75,0,EC
3258.5,1405.25,0,EC
3221.5,1412.75,0,EC
3236.5,1561.25,0,EC
-402,1925.25,0,EC
-156,2161.25,0,EC
-543,2182.75,0,EC
437,1899.25,0,EC
521,2009.25,0,EC
611.5,2014.75,0,EC
637,2021.75,0,EC
1025.5,2091.75,0,EC
1052,2522.25,0,EC
1639,1894.25,0,EC
1643.5,1926.25,0,EC
2324,1938.25,0,EC
1753.5,1952.75,0,EC
1671.5,1983.25,0,EC
1682,2001.75,0,EC
1802,2211.25,0,EC
1739,2193.75,0,EC
1735.5,2212.75,0,EC
1743,2236.75,0,EC
1785,2248.25,0,EC
2549.5,2336.25,0,EC
2409.5,2482.25,0,EC
2408.5,2537.25,0,EC
2482.5,2550.25,0,EC
2890.5,2559.25,0,EC
2888,2569.75,0,EC
2840,2591.75,0,EC
2546,2669.25,0,EC
2569,2667.25,0,EC
2532,2673.75,0,EC
3831.5,1975.25,0,EC
3826,1990.75,0,EC
3810,2013.25,0,EC
3204.5,2505.25,0,EC
1151.5,2743.75,0,EC
1498.5,2875.25,0,EC
1529,2894.25,0,EC
1518,2913.25,0,EC
1257,2972.25,0,EC
1337.5,2986.75,0,EC
1338,3057.75,0,EC
1843.5,2884.75,0,EC
1776.5,2904.75,0,EC
1643,2914.75,0,EC
1722.5,2926.75,0,EC
1769,2938.25,0,EC
1807,2964.75,0,EC
1836,2985.25,0,EC
1895.5,2994.75,0,EC
1947,2995.25,0,EC
1862.5,2992.75,0,EC
1840.5,3002.25,0,EC
1938,3019.25,0,EC
2016,3023.75,0,EC
1938.5,3032.25,0,EC
2023,3045.25,0,EC
2036,3060.25,0,EC
1977.5,3074.25,0,EC
2030,3085.25,0,EC
2051.5,3081.25,0,EC
2065.5,3082.25,0,EC
2011,3105.25,0,EC
2006.5,3127.75,0,EC
2013.5,3158.75,0,EC
2729.5,2837.25,0,EC
2805,2860.75,0,EC
3011,3008.75,0,EC
3012,3219.25,0,EC
3713,3016.75,0,EC
3701.5,3033.75,0,EC
3673.5,3147.75,0,EC
