x,y,z,type
-2727.75,228.5,0,Tcell
-2815.25,243,0,Tcell
-218.75,-1135.5,0,Tcell
-308.75,-1109,0,Tcell
-129.75,-1050,0,Tcell
-407.75,-1048.5,0,Tcell
-386.75,-1031.5,0,Tcell
-14.75,-963,0,Tcell
-3273.75,-255,0,Tcell
-3284.75,-129,0,Tcell
-2973.75,-68,0,Tcell
-2995.25,98.5,0,Tcell
-2886.75,-1055,0,Tcell
-3332.25,-1032,0,Tcell
-3340.25,-1003.5,0,Tcell
-3434.75,-740,0,Tcell
-3168.25,-733.5,0,Tcell
-3167.25,-718.5,0,Tcell
-3384.75,-683.5,0,Tcell
-2925.25,-535.5,0,Tcell
-761.25,-26,0,Tcell
-777.75,-23.5,0,Tcell
-927.25,17.5,0,Tcell
-932.75,41.5,0,Tcell
-521.75,210,0,Tcell
-2000.75,-953,0,Tcell
-1445.75,-458,0,Tcell
-2271.25,-1679.5,0,Tcell
-2627.75,-1296,0,Tcell
-2235.25,-1262,0,Tcell
-2415.25,-1119.5,0,Tcell
-2774.25,-990.5,0,Tcell
-2838.25,-776.5,0,Tcell
-91.25,-2170.5,0,Tcell
-4.75,-2140.5,0,Tcell
-158.25,-2127.5,0,Tcell
-447.25,-2116.5,0,Tcell
-332.75,-2080.5,0,Tcell
-459.75,-2037.5,0,Tcell
-242.25,-1990.5,0,Tcell
-643.25,-2300,0,Tcell
-810.75,-1978.5,0,Tcell
1067.75,-1948,0,Tcell
933.25,-1868,0,Tcell
786.25,-1611.5,0,Tcell
432.25,-1602.5,0,Tcell
965.25,-1591,0,Tcell
1032.75,-1372.5,0,Tcell
573.25,-1333,0,Tcell
377.25,-1320,0,Tcell
386.75,-1309,0,Tcell
437.25,-1289.5,0,Tcell
345.25,-1273,0,Tcell
530.75,-1213,0,Tcell
-2358.25,618.5,0,Tcell
-2689.75,688.5,0,Tcell
-2487.75,688,0,Tcell
-2580.25,739,0,Tcell
-2620.75,865,0,Tcell
-2257.25,1029,0,Tcell
-2875.75,1156.5,0,Tcell
-2412.75,1190.5,0,Tcell
-457.25,-1881.5,0,Tcell
-337.75,-1847.5,0,Tcell
7.25,-1785.5,0,Tcell
-6.75,-1756.5,0,Tcell
15.75,-1745,0,Tcell
131.75,-1612.5,0,Tcell
203.75,-1505,0,Tcell
180.75,-1474.5,0,Tcell
1198.25,-2221,0,Tcell
1379.25,-2072.5,0,Tcell
1362.25,-2018.5,0,Tcell
-1290.25,-1521,0,Tcell
-1823.25,-1416,0,Tcell
-982.75,-1855.5,0,Tcell
-530.25,-1848.5,0,Tcell
-810.25,-1819.5,0,Tcell
-1051.25,-1783.5,0,Tcell
-1106.25,-1769,0,Tcell
1588.25,-1728.5,0,Tcell
1192.75,-1625.5,0,Tcell
1265.75,-1630,0,Tcell
1164.75,-1542,0,Tcell
1275.25,-1527,0,Tcell
1636.25,-1497.5,0,Tcell
1431.75,-1492.5,0,Tcell
1488.75,-1485,0,Tcell
1619.75,-1469,0,Tcell
1232.25,-1451,0,Tcell
1767.75,-1445,0,Tcell
1426.75,-1376.5,0,Tcell
1596.25,-1317.5,0,Tcell
1579.75,-1315,0,Tcell
1912.25,-1292.5,0,Tcell
1738.75,-1277,0,Tcell
1772.75,-1232,0,Tcell
1755.75,-1216,0,Tcell
1576.75,-1162,0,Tcell
749.25,-2094,0,Tcell
961.25,-2028,0,Tcell
1006.25,-2000.5,0,Tcell
360.25,-1116.5,0,Tcell
369.25,-924,0,Tcell
429.75,-903.5,0,Tcell
595.75,-788.5,0,Tcell
874.75,-697,0,Tcell
949.25,-652,0,Tcell
-1480.25,752.5,0,Tcell
-1839.25,837.5,0,Tcell
-1560.75,962,0,Tcell
-1523.25,1175,0,Tcell
-821.25,-1067,0,Tcell
-752.75,-695,0,Tcell
-521.75,1227.5,0,Tcell
-1203.25,1239,0,Tcell
657.25,-340,0,Tcell
832.25,-322,0,Tcell
876.75,-298,0,Tcell
472.25,-231.5,0,Tcell
676.25,-195.5,0,Tcell
1012.25,-54,0,Tcell
-1390.75,-346.5,0,Tcell
-1984.75,185.5,0,Tcell
-1901.25,242,0,Tcell
-1992.75,395.5,0,Tcell
-677.75,-3082,0,Tcell
1175.25,-1112,0,Tcell
1310.25,-916.5,0,Tcell
1665.25,-780.5,0,Tcell
1381.25,-773,0,Tcell
1560.25,-550,0,Tcell
1414.25,-409,0,Tcell
1296.75,-388,0,Tcell
2249.25,-789,0,Tcell
1357.75,-339.5,0,Tcell
1428.75,-270.5,0,Tcell
1183.75,-146,0,Tcell
1415.25,-91,0,Tcell
1442.75,336.5,0,Tcell
-2894.25,598.5,0,Tcell
-3053.75,754,0,Tcell
2356.75,-2285,0,Tcell
2293.25,-2207,0,Tcell
2243.75,-2200,0,Tcell
2291.25,-2117.5,0,Tcell
611.75,832.5,0,Tcell
1567.25,482,0,Tcell
1586.75,482,0,Tcell
1346.25,686,0,Tcell
-2996.75,1261.5,0,Tcell
-2896.75,1262,0,Tcell
-3340.25,1361,0,Tcell
-3225.25,1430,0,Tcell
-3376.75,1459,0,Tcell
-3098.75,1581,0,Tcell
-3163.75,1602.5,0,Tcell
-3339.75,1661.5,0,Tcell
-3260.75,1716.5,0,Tcell
-3044.75,1733,0,Tcell
-3154.75,1909.5,0,Tcell
-3064.75,1919,0,Tcell
-2855.75,1353.5,0,Tcell
-2508.75,1395.5,0,Tcell
-2763.75,1422.5,0,Tcell
-2634.75,1422.5,0,Tcell
-2841.25,1454.5,0,Tcell
-2806.25,1540.5,0,Tcell
-2422.25,1559,0,Tcell
-2209.25,1625.5,0,Tcell
-2511.75,1650,0,Tcell
-2506.75,1668.5,0,Tcell
-2768.75,1711.5,0,Tcell
-2222.25,1896.5,0,Tcell
-2767.75,1952,0,Tcell
-2548.75,2040.5,0,Tcell
-1451.75,1327.5,0,Tcell
231.25,1371,0,Tcell
240.75,1399,0,Tcell
57.75,1881,0,Tcell
721.25,1278.5,0,Tcell
637.75,1625,0,Tcell
1061.75,1678.5,0,Tcell
591.75,1688.5,0,Tcell
503.75,1718,0,Tcell
416.25,1877,0,Tcell
499.75,1977,0,Tcell
901.75,1995,0,Tcell
1606.25,1261,0,Tcell
1298.75,1659,0,Tcell
1378.25,1875,0,Tcell
2709.75,1757.5,0,Tcell
2521.75,1771.5,0,Tcell
2513.75,1792,0,Tcell
3580.75,1773.5,0,Tcell
3125.25,1694.5,0,Tcell
-2429.75,2068.5,0,Tcell
-2725.25,2083.5,0,Tcell
-2434.25,2097,0,Tcell
-2480.25,2209,0,Tcell
-2352.25,2223.5,0,Tcell
-2290.75,2231,0,Tcell
-2343.75,2318.5,0,Tcell
-2312.25,2346.5,0,Tcell
-2253.25,2421.5,0,Tcell
-1877.75,2306.5,0,Tcell
-1596.25,2502,0,Tcell
-1316.25,2587.5,0,Tcell
-721.75,2206,0,Tcell
-771.25,2300.5,0,Tcell
-842.75,2354.5,0,Tcell
-1203.75,2395,0,Tcell
-1211.25,2405.5,0,Tcell
-1114.75,2497,0,Tcell
-1099.25,2504.5,0,Tcell
-891.25,2516,0,Tcell
-899.25,2523,0,Tcell
-952.25,2716.5,0,Tcell
-973.25,2752,0,Tcell
-689.25,2810,0,Tcell
-915.25,2844,0,Tcell
35.75,2097.5,0,Tcell
74.25,2205.5,0,Tcell
249.75,2229,0,Tcell
-117.25,2371,0,Tcell
-137.75,2566,0,Tcell
46.25,2836,0,Tcell
650.75,2077,0,Tcell
386.25,2090,0,Tcell
578.75,2107,0,Tcell
992.75,2135.5,0,Tcell
868.75,2219.5,0,Tcell
518.75,2224,0,Tcell
831.75,2310,0,Tcell
816.75,2434.5,0,Tcell
629.25,2454.5,0,Tcell
681.75,2534,0,Tcell
1414.25,2182,0,Tcell
1425.25,2189.5,0,Tcell
1748.25,2307,0,Tcell
2466.25,2221,0,Tcell
2226.25,2269,0,Tcell
1995.25,2412.5,0,Tcell
2146.75,2420,0,Tcell
2345.25,2531,0,Tcell
2690.75,2547.5,0,Tcell
3226.75,2217,0,Tcell
2796.75,2460.5,0,Tcell
3636.75,2208.5,0,Tcell
3565.25,2255,0,Tcell
-1180.75,2927.5,0,Tcell
-541.75,2928,0,Tcell
-903.75,2949.5,0,Tcell
-876.25,2953.5,0,Tcell
-1078.25,2966,0,Tcell
-620.75,3030.5,0,Tcell
-1057.25,3033.5,0,Tcell
81.75,2869,0,Tcell
90.75,2886,0,Tcell
-309.25,3019,0,Tcell
-68.75,3263,0,Tcell
-421.25,3311.5,0,Tcell
241.75,3315,0,Tcell
730.25,3065.5,0,Tcell
988.25,3182,0,Tcell
521.25,3219,0,Tcell
-2431.25,-2177,0,Tcell
-2382.75,-2109.5,0,Tcell
-2515.75,-254.5,0,Tcell
-2649.25,5.5,0,Tcell
-2186.25,2,0,Tcell
-2538.75,88,0,Tcell
-2760.25,136,0,Tcell
-2875.25,191,0,Tcell
-2816.25,210.5,0,Tcell
-2797.75,311,0,Tcell
-2829.25,362.5,0,Tcell
-2808.25,404,0,Tcell
-2781.25,422,0,Tcell
-11.25,-1153.5,0,Tcell
-238.75,-1151.5,0,Tcell
257.75,-1121.5,0,Tcell
-17.25,-1112.5,0,Tcell
282.25,-1108.5,0,Tcell
170.25,-1107.5,0,Tcell
212.75,-1094.5,0,Tcell
-164.25,-1097.5,0,Tcell
160.75,-1086.5,0,Tcell
-22.75,-1078.5,0,Tcell
-218.25,-1070.5,0,Tcell
-41.25,-1057,0,Tcell
-233.25,-1019,0,Tcell
192.25,-1014.5,0,Tcell
-360.25,-992.5,0,Tcell
-182.75,-989,0,Tcell
-156.25,-968,0,Tcell
-305.75,-964.5,0,Tcell
-90.75,-950,0,Tcell
-337.75,-924.5,0,Tcell
-36.25,-927,0,Tcell
-203.25,-919,0,Tcell
-102.75,-906,0,Tcell
-173.25,-895,0,Tcell
-217.25,-892,0,Tcell
-189.75,-877,0,Tcell
-67.25,-872,0,Tcell
-126.75,-873.5,0,Tcell
-98.25,-870.5,0,Tcell
-83.25,-827.5,0,Tcell
-156.75,-823,0,Tcell
-222.75,-818.5,0,Tcell
-327.25,-725,0,Tcell
-131.75,-597.5,0,Tcell
-374.25,-586.5,0,Tcell
24.75,-409,0,Tcell
-2917.25,-1252.5,0,Tcell
-2965.25,234,0,Tcell
-3056.75,-459.5,0,Tcell
-3213.25,-445,0,Tcell
-1012.25,-35,0,Tcell
-990.75,-27,0,Tcell
-982.75,412.5,0,Tcell
-1763.75,-966.5,0,Tcell
-2019.75,-963,0,Tcell
-1744.25,-830.5,0,Tcell
-1759.75,-826.5,0,Tcell
-1633.75,-410.5,0,Tcell
-457.75,-324,0,Tcell
17.25,-304,0,Tcell
-99.75,-290.5,0,Tcell
-71.75,-228.5,0,Tcell
-396.25,402.5,0,Tcell
-2229.25,-1923.5,0,Tcell
-2410.75,-1875,0,Tcell
-2338.75,-1822.5,0,Tcell
-2482.75,-1811.5,0,Tcell
-2360.25,-1757,0,Tcell
-2403.25,-1729.5,0,Tcell
-2333.75,-1580.5,0,Tcell
-2346.75,-1498,0,Tcell
-2847.25,-1490.5,0,Tcell
-2370.75,-1464,0,Tcell
-2146.75,-1426.5,0,Tcell
-2549.25,-1406.5,0,Tcell
-2258.25,-1377,0,Tcell
-2125.75,-1365,0,Tcell
-2859.75,-1236.5,0,Tcell
-2816.25,-1214.5,0,Tcell
-2736.75,-894,0,Tcell
-2630.75,-822.5,0,Tcell
-2303.25,-775.5,0,Tcell
-2562.25,-693,0,Tcell
-2402.25,-679,0,Tcell
-2153.25,-663,0,Tcell
-2435.75,-610.5,0,Tcell
-2852.75,-382,0,Tcell
196.75,-2748,0,Tcell
-257.75,-2512.5,0,Tcell
-433.75,-2433,0,Tcell
6.75,-2433.5,0,Tcell
-141.75,-2389.5,0,Tcell
108.75,-2369.5,0,Tcell
-802.25,-2627,0,Tcell
-938.75,-2534.5,0,Tcell
-1008.75,-2383,0,Tcell
-780.25,-2328.5,0,Tcell
-853.25,-2306,0,Tcell
-856.75,-2277,0,Tcell
-918.75,-2104,0,Tcell
-1133.25,-1981.5,0,Tcell
983.25,-1577,0,Tcell
1025.25,-1538,0,Tcell
1020.75,-1525.5,0,Tcell
1086.25,-1512.5,0,Tcell
-2110.25,711.5,0,Tcell
-2138.25,745,0,Tcell
-2110.25,937.5,0,Tcell
-2462.75,1005.5,0,Tcell
-2448.25,1008.5,0,Tcell
-2425.75,1013,0,Tcell
-2417.75,1038.5,0,Tcell
-2378.75,1031,0,Tcell
-2449.25,1042,0,Tcell
-2431.25,1065.5,0,Tcell
-2781.25,1093.5,0,Tcell
-2744.75,1142.5,0,Tcell
-2851.75,1157,0,Tcell
-151.75,-1729,0,Tcell
-118.75,-1703.5,0,Tcell
-111.25,-1690.5,0,Tcell
-65.25,-1632,0,Tcell
-75.25,-1620,0,Tcell
-13.25,-1617,0,Tcell
-29.75,-1607.5,0,Tcell
73.75,-1563,0,Tcell
-7.75,-1540,0,Tcell
11.25,-1530,0,Tcell
33.75,-1529.5,0,Tcell
49.25,-1505,0,Tcell
40.25,-1477.5,0,Tcell
32.25,-1448,0,Tcell
-85.25,-1448,0,Tcell
46.25,-1426,0,Tcell
28.75,-1426.5,0,Tcell
-389.25,-1375.5,0,Tcell
4.25,-1375,0,Tcell
-63.25,-1375.5,0,Tcell
91.75,-1356.5,0,Tcell
16.25,-1359.5,0,Tcell
159.75,-1357.5,0,Tcell
-7.75,-1345,0,Tcell
121.25,-1339,0,Tcell
-134.25,-1319,0,Tcell
-456.25,-1307.5,0,Tcell
264.25,-1294.5,0,Tcell
234.75,-1288,0,Tcell
74.25,-1286.5,0,Tcell
-103.25,-1272,0,Tcell
216.25,-1261.5,0,Tcell
-165.75,-1261.5,0,Tcell
10.75,-1263,0,Tcell
164.75,-1253,0,Tcell
-121.75,-1254.5,0,Tcell
-304.75,-1245.5,0,Tcell
-198.25,-1246.5,0,Tcell
-178.75,-1244,0,Tcell
135.75,-1239,0,Tcell
114.75,-1236,0,Tcell
-155.75,-1239,0,Tcell
-81.75,-1226,0,Tcell
65.75,-1226.5,0,Tcell
7.75,-1219.5,0,Tcell
-35.25,-1210.5,0,Tcell
-14.75,-1217,0,Tcell
65.75,-1209.5,0,Tcell
-68.25,-1209.5,0,Tcell
-234.25,-1204,0,Tcell
-82.25,-1198,0,Tcell
-123.75,-1190,0,Tcell
-36.25,-1190,0,Tcell
3.25,-1182,0,Tcell
-52.25,-1177.5,0,Tcell
245.75,-1165,0,Tcell
-28.25,-1158,0,Tcell
-134.75,-1162.5,0,Tcell
1217.25,-2442.5,0,Tcell
1711.25,-1995,0,Tcell
1728.25,-1982.5,0,Tcell
-1767.25,-1804,0,Tcell
-1825.75,-1748,0,Tcell
-1600.75,-1702.5,0,Tcell
-1735.75,-1686.5,0,Tcell
-1642.25,-1656,0,Tcell
-1802.25,-1623,0,Tcell
-1958.75,-1487,0,Tcell
-1974.75,-1259,0,Tcell
-988.25,-1896,0,Tcell
-675.25,-1626,0,Tcell
-528.75,-1476,0,Tcell
-1191.25,-1475,0,Tcell
-823.25,-1458,0,Tcell
-942.25,-1442,0,Tcell
-1213.25,-1433,0,Tcell
-724.75,-1427.5,0,Tcell
-538.75,-1176,0,Tcell
1544.25,-1904,0,Tcell
1527.75,-1892.5,0,Tcell
1673.75,-1859.5,0,Tcell
1620.75,-1814,0,Tcell
1497.75,-1783.5,0,Tcell
1387.25,-1701.5,0,Tcell
1421.25,-1669.5,0,Tcell
1407.25,-1663,0,Tcell
1382.25,-1664,0,Tcell
1268.75,-1647,0,Tcell
1467.25,-1646.5,0,Tcell
1351.25,-1637.5,0,Tcell
1398.75,-1639,0,Tcell
1350.25,-1608.5,0,Tcell
1161.25,-1568.5,0,Tcell
1258.25,-1543,0,Tcell
1252.25,-1530.5,0,Tcell
1147.25,-1520.5,0,Tcell
1189.25,-1516,0,Tcell
1242.25,-1512,0,Tcell
1169.25,-1500.5,0,Tcell
1233.75,-1505,0,Tcell
1134.25,-1488,0,Tcell
1158.75,-1480.5,0,Tcell
1198.25,-1475.5,0,Tcell
1172.25,-1470.5,0,Tcell
1907.75,-1264.5,0,Tcell
1852.25,-1173,0,Tcell
-1292.25,-2632.5,0,Tcell
-1719.25,-2524.5,0,Tcell
-1640.25,-2375,0,Tcell
-1969.75,-2339,0,Tcell
-1981.75,-2234,0,Tcell
-1681.25,-2127.5,0,Tcell
-1770.25,-2096.5,0,Tcell
-1894.75,-2004.5,0,Tcell
-1916.25,-1995,0,Tcell
-1393.25,-1991.5,0,Tcell
332.75,-2708.5,0,Tcell
-1413.25,495.5,0,Tcell
-1581.75,819.5,0,Tcell
-2038.25,837,0,Tcell
-1916.75,1004.5,0,Tcell
-1959.75,1021,0,Tcell
-523.25,-1137,0,Tcell
-1048.25,-1125.5,0,Tcell
-1111.75,-1046.5,0,Tcell
-1281.75,-1018.5,0,Tcell
-952.75,-869,0,Tcell
-703.25,-810.5,0,Tcell
-1158.25,-791.5,0,Tcell
-616.25,-770,0,Tcell
-604.25,-747,0,Tcell
-1145.75,-712.5,0,Tcell
-1191.75,-512,0,Tcell
-1201.75,-490,0,Tcell
-946.25,468.5,0,Tcell
-972.25,702.5,0,Tcell
-938.75,702.5,0,Tcell
-914.75,744.5,0,Tcell
-821.75,884.5,0,Tcell
-510.25,1108,0,Tcell
-592.75,1140.5,0,Tcell
-643.25,1149.5,0,Tcell
385.25,-29,0,Tcell
382.75,303.5,0,Tcell
-1989.25,-311.5,0,Tcell
-1689.75,-100.5,0,Tcell
-1762.75,9.5,0,Tcell
-1330.75,88,0,Tcell
-1847.25,129,0,Tcell
-1891.75,157.5,0,Tcell
-1364.75,269,0,Tcell
-177.25,-3384.5,0,Tcell
-382.25,-3350.5,0,Tcell
157.25,-2871,0,Tcell
-109.75,-2834,0,Tcell
272.25,505.5,0,Tcell
21.75,592,0,Tcell
-328.25,635,0,Tcell
-236.75,636,0,Tcell
167.75,906.5,0,Tcell
-238.75,1004.5,0,Tcell
-56.75,1045.5,0,Tcell
-793.25,-3470,0,Tcell
-1152.75,-3029,0,Tcell
-492.75,-2941.5,0,Tcell
-1053.75,-2800.5,0,Tcell
-525.75,-2800.5,0,Tcell
-1155.75,-2788,0,Tcell
1915.75,-1131.5,0,Tcell
1806.25,-1064,0,Tcell
1866.75,-1057,0,Tcell
1874.25,-1038.5,0,Tcell
1867.25,-1015,0,Tcell
1842.25,-999,0,Tcell
1864.75,-956,0,Tcell
1768.75,-893.5,0,Tcell
1789.25,-866.5,0,Tcell
1762.25,-844.5,0,Tcell
1769.75,-808,0,Tcell
1756.75,-797.5,0,Tcell
1731.25,-762,0,Tcell
1812.75,-763.5,0,Tcell
1861.25,-729,0,Tcell
1835.75,-715.5,0,Tcell
1674.25,-516,0,Tcell
1580.25,-395.5,0,Tcell
1617.25,-392.5,0,Tcell
1604.75,-377,0,Tcell
1921.25,-1147,0,Tcell
1953.25,-1095.5,0,Tcell
1931.25,-879,0,Tcell
2530.75,-691.5,0,Tcell
1523.25,-318.5,0,Tcell
1487.75,-316,0,Tcell
1587.25,-305.5,0,Tcell
1599.25,118,0,Tcell
-2924.75,532.5,0,Tcell
-3007.25,722,0,Tcell
-3170.25,1178.5,0,Tcell
-3130.25,1201,0,Tcell
2305.25,-2389.5,0,Tcell
2239.25,-2358.5,0,Tcell
2355.75,-2321,0,Tcell
2454.75,-2237.5,0,Tcell
2373.25,-2208,0,Tcell
2359.75,-2168,0,Tcell
2424.25,-2041,0,Tcell
444.75,535,0,Tcell
438.75,983.5,0,Tcell
563.25,1052.5,0,Tcell
2236.75,-1890.5,0,Tcell
2289.75,-1874.5,0,Tcell
2295.25,-1824.5,0,Tcell
2254.25,-1799.5,0,Tcell
2318.25,-1799,0,Tcell
2187.75,-1787.5,0,Tcell
2292.25,-1781,0,Tcell
2157.75,-1745,0,Tcell
2141.75,-1749.5,0,Tcell
2199.25,-1732,0,Tcell
2239.25,-1725.5,0,Tcell
2477.75,-1726.5,0,Tcell
2250.75,-1715,0,Tcell
2193.25,-1710.5,0,Tcell
2283.25,-1708,0,Tcell
2132.25,-1696.5,0,Tcell
2235.25,-1683.5,0,Tcell
2217.75,-1685,0,Tcell
2303.25,-1671,0,Tcell
2024.75,-1410,0,Tcell
2386.75,-1328.5,0,Tcell
1961.25,-1253.5,0,Tcell
2445.75,-1211.5,0,Tcell
1941.75,-1201.5,0,Tcell
1917.75,-1178,0,Tcell
1957.75,-1182.5,0,Tcell
2417.75,-1177,0,Tcell
1387.75,724.5,0,Tcell
1404.25,734,0,Tcell
1314.25,807.5,0,Tcell
1478.25,876,0,Tcell
1496.25,878,0,Tcell
1525.25,912,0,Tcell
1498.75,1019.5,0,Tcell
1590.75,1026.5,0,Tcell
1582.75,1045.5,0,Tcell
1590.25,1079,0,Tcell
1495.25,1103,0,Tcell
1578.75,1106.5,0,Tcell
1626.75,1107,0,Tcell
1618.75,1131.5,0,Tcell
1416.25,1173.5,0,Tcell
1590.75,1226.5,0,Tcell
-3202.25,1847,0,Tcell
-2908.75,2030,0,Tcell
-2793.25,1273,0,Tcell
-2539.25,1296,0,Tcell
-2533.75,1310.5,0,Tcell
-2657.75,1326,0,Tcell
-2741.75,1434,0,Tcell
-2644.75,1453.5,0,Tcell
-2602.75,1511,0,Tcell
-2662.25,1522.5,0,Tcell
-2349.75,1571.5,0,Tcell
-1383.25,1492.5,0,Tcell
-2026.25,1519,0,Tcell
-1967.25,1629.5,0,Tcell
-1956.75,1667.5,0,Tcell
-2037.75,1808.5,0,Tcell
-1820.25,1911.5,0,Tcell
-1840.25,1941.5,0,Tcell
-1876.25,1976,0,Tcell
-1850.75,1979,0,Tcell
-1909.25,1980,0,Tcell
-527.75,1580,0,Tcell
-511.25,1584.5,0,Tcell
-523.75,1609.5,0,Tcell
-765.25,1619,0,Tcell
-974.25,1668.5,0,Tcell
-771.75,1751.5,0,Tcell
-913.25,1780.5,0,Tcell
-912.75,1795,0,Tcell
-744.75,1840,0,Tcell
-518.75,1970,0,Tcell
-727.75,1971.5,0,Tcell
-449.75,1267.5,0,Tcell
-472.75,1320.5,0,Tcell
-420.25,1409,0,Tcell
2.75,1467.5,0,Tcell
-122.25,1668.5,0,Tcell
169.75,1832,0,Tcell
60.25,1915,0,Tcell
39.75,1942,0,Tcell
527.75,1366,0,Tcell
505.25,1475,0,Tcell
1547.25,1319,0,Tcell
1475.75,1400,0,Tcell
1799.75,1453,0,Tcell
1828.75,1495.5,0,Tcell
1575.75,1656.5,0,Tcell
1573.25,1754,0,Tcell
1142.75,1784,0,Tcell
1493.75,1930,0,Tcell
2504.25,1664.5,0,Tcell
2527.25,1671.5,0,Tcell
2211.25,1687.5,0,Tcell
2700.25,1707.5,0,Tcell
2077.25,1846,0,Tcell
2090.75,1846.5,0,Tcell
2083.75,1870.5,0,Tcell
2051.25,1877.5,0,Tcell
2098.25,1884.5,0,Tcell
2036.75,1884.5,0,Tcell
2256.75,1924.5,0,Tcell
3565.25,1614.5,0,Tcell
3634.25,1946,0,Tcell
3668.25,1992,0,Tcell
3409.75,1409.5,0,Tcell
3418.25,1478,0,Tcell
3448.25,1637.5,0,Tcell
3436.25,1658,0,Tcell
2861.75,1667,0,Tcell
3305.75,1912,0,Tcell
3438.25,2040,0,Tcell
-2500.25,2373,0,Tcell
-2389.75,2372.5,0,Tcell
-2471.25,2384,0,Tcell
-2384.25,2391,0,Tcell
-2471.75,2401,0,Tcell
-2371.25,2404.5,0,Tcell
-2448.75,2453,0,Tcell
-1634.75,2544.5,0,Tcell
-555.25,2306.5,0,Tcell
-704.25,2442,0,Tcell
-706.25,2511,0,Tcell
-760.75,2607.5,0,Tcell
-289.75,2212.5,0,Tcell
-158.75,2232,0,Tcell
-203.75,2258,0,Tcell
-229.25,2264.5,0,Tcell
-268.75,2292,0,Tcell
-240.75,2300,0,Tcell
-443.75,2302.5,0,Tcell
-189.25,2322.5,0,Tcell
-291.75,2356.5,0,Tcell
1017.25,2240.5,0,Tcell
684.25,2627.5,0,Tcell
1054.25,2726,0,Tcell
1042.75,2829,0,Tcell
1864.25,2590,0,Tcell
1553.75,2843.5,0,Tcell
2705.75,2120.5,0,Tcell
2303.25,2208,0,Tcell
2715.25,2251,0,Tcell
2700.25,2267.5,0,Tcell
2365.25,2404,0,Tcell
2926.75,2240.5,0,Tcell
3238.75,2325,0,Tcell
3159.75,2350.5,0,Tcell
3186.75,2370,0,Tcell
3101.75,2390.5,0,Tcell
2888.75,2439,0,Tcell
3251.75,2460,0,Tcell
3142.75,2487.5,0,Tcell
3285.75,2490,0,Tcell
3122.25,2526,0,Tcell
3356.25,2542,0,Tcell
3129.25,2548.5,0,Tcell
3085.25,2566,0,Tcell
3011.25,2570.5,0,Tcell
3064.25,2604.5,0,Tcell
2976.75,2615,0,Tcell
-897.25,3087,0,Tcell
821.25,2897.5,0,Tcell
536.75,3037.5,0,Tcell
1319.75,2914,0,Tcell
1411.75,2925.5,0,Tcell
1287.75,2932.5,0,Tcell
1389.25,2996,0,Tcell
1329.75,3046,0,Tcell
1739.25,3189,0,Tcell
1862.25,3251,0,Tcell
1863.25,3264.5,0,Tcell
2041.75,2933.5,0,Tcell
-798.25,-3553,0,TU
-751.25,-3543,0,TU
-843.25,-3542.5,0,TU
-715.75,-3542.5,0,TU
-877.25,-3533,0,TU
-822.25,-3520,0,TU
-736.25,-3509.5,0,TU
-842.25,-3508,0,TU
-788.25,-3506.5,0,TU
-760.75,-3503.5,0,TU
-842.25,-3488.5,0,TU
-972.25,-3483.5,0,TU
-825.25,-3466.5,0,TU
-478.25,-3464.5,0,TU
-392.25,-3463.5,0,TU
-411.25,-3458,0,TU
-732.75,-3456.5,0,TU
-547.25,-3454.5,0,TU
-952.25,-3453,0,TU
-813.25,-3452,0,TU
-1045.75,-3451,0,TU
-862.75,-3449,0,TU
-449.25,-3448,0,TU
-514.75,-3447.5,0,TU
-825.75,-3446.5,0,TU
-927.75,-3442.5,0,TU
-872.25,-3438,0,TU
-951.25,-3436.5,0,TU
-401.25,-3436.5,0,TU
-904.75,-3433.5,0,TU
-342.75,-3433.5,0,TU
-1084.25,-3430.5,0,TU
-1027.75,-3430,0,TU
-1008.25,-3426.5,0,TU
-796.75,-3426.5,0,TU
-845.75,-3422.5,0,TU
-655.25,-3417,0,TU
-1026.25,-3415,0,TU
-835.75,-3414.5,0,TU
-938.75,-3412,0,TU
-281.75,-3407.5,0,TU
-425.75,-3407,0,TU
-196.25,-3405,0,TU
-511.75,-3404.5,0,TU
-998.75,-3397.5,0,TU
-468.25,-3397.5,0,TU
-346.25,-3396.5,0,TU
-893.25,-3396,0,TU
-727.75,-3396,0,TU
-290.25,-3392.5,0,TU
-443.75,-3392,0,TU
-197.25,-3391,0,TU
-799.25,-3390.5,0,TU
-545.75,-3389.5,0,TU
-390.75,-3389,0,TU
-856.75,-3387.5,0,TU
-242.75,-3385,0,TU
-885.25,-3383,0,TU
-520.25,-3382,0,TU
-902.75,-3377,0,TU
-264.25,-3369,0,TU
-1091.25,-3368.5,0,TU
-1109.75,-3367.5,0,TU
-929.25,-3367,0,TU
-222.75,-3366.5,0,TU
-955.75,-3365.5,0,TU
-357.75,-3364.5,0,TU
-309.75,-3363.5,0,TU
-199.25,-3363.5,0,TU
-761.25,-3356.5,0,TU
-819.75,-3355.5,0,TU
-1073.25,-3348,0,TU
-353.75,-3346.5,0,TU
-548.25,-3344,0,TU
-679.25,-3343.5,0,TU
-840.25,-3342.5,0,TU
-990.25,-3341.5,0,TU
-181.25,-3341,0,TU
-1139.25,-3336,0,TU
-910.75,-3330.5,0,TU
-603.25,-3330,0,TU
-153.75,-3329.5,0,TU
-1091.25,-3329,0,TU
-298.25,-3329,0,TU
-885.25,-3324,0,TU
-679.75,-3322,0,TU
-572.25,-3321.5,0,TU
-438.25,-3321,0,TU
-548.75,-3318,0,TU
-269.75,-3318,0,TU
-930.25,-3317,0,TU
-390.25,-3316.5,0,TU
-159.75,-3316.5,0,TU
-419.25,-3314.5,0,TU
-1100.25,-3310.5,0,TU
-412.25,-3305.5,0,TU
-598.75,-3305,0,TU
-707.25,-3301.5,0,TU
-341.75,-3301,0,TU
-1170.25,-3300,0,TU
46.25,-3299.5,0,TU
-986.25,-3299,0,TU
-19.25,-3298.5,0,TU
-590.75,-3297.5,0,TU
-153.75,-3295.5,0,TU
-961.75,-3294,0,TU
-833.75,-3293.5,0,TU
-483.75,-3287,0,TU
-1123.75,-3286,0,TU
-908.25,-3284.5,0,TU
-326.75,-3283.5,0,TU
-426.25,-3280,0,TU
62.25,-3279,0,TU
-240.25,-3278.5,0,TU
-280.25,-3276,0,TU
-567.25,-3275.5,0,TU
-70.25,-3275,0,TU
85.25,-3274,0,TU
-775.25,-3270.5,0,TU
-621.75,-3270.5,0,TU
-982.75,-3269,0,TU
-699.75,-3262.5,0,TU
-724.25,-3262,0,TU
-423.75,-3262,0,TU
-465.75,-3260,0,TU
-330.75,-3260,0,TU
-1153.75,-3259.5,0,TU
-514.75,-3258.5,0,TU
-257.75,-3257.5,0,TU
-741.75,-3256.5,0,TU
108.75,-3256,0,TU
-607.75,-3252.5,0,TU
-956.75,-3251,0,TU
-405.25,-3250,0,TU
-651.25,-3249.5,0,TU
-539.25,-3249.5,0,TU
-270.75,-3249.5,0,TU
88.25,-3249.5,0,TU
-1025.25,-3249,0,TU
-1111.25,-3244.5,0,TU
-730.25,-3244.5,0,TU
-325.75,-3243,0,TU
-360.75,-3242.5,0,TU
-838.25,-3242,0,TU
124.25,-3239,0,TU
-189.75,-3238,0,TU
-1071.75,-3237.5,0,TU
-969.25,-3235.5,0,TU
-380.25,-3235.5,0,TU
104.75,-3235,0,TU
-623.75,-3233.5,0,TU
-491.75,-3233.5,0,TU
-101.25,-3233.5,0,TU
-652.75,-3232.5,0,TU
-516.25,-3232,0,TU
83.25,-3231.5,0,TU
-297.75,-3231,0,TU
-1000.25,-3230.5,0,TU
-268.25,-3229.5,0,TU
143.25,-3228.5,0,TU
-64.25,-3228,0,TU
-604.25,-3227.5,0,TU
35.25,-3225,0,TU
-1016.75,-3222,0,TU
117.25,-3219,0,TU
-43.75,-3218.5,0,TU
-265.75,-3217,0,TU
-329.25,-3216.5,0,TU
3.25,-3214,0,TU
-277.75,-3213.5,0,TU
-98.75,-3213.5,0,TU
-69.25,-3212.5,0,TU
-744.75,-3211.5,0,TU
-375.25,-3209,0,TU
-626.25,-3205.5,0,TU
-19.25,-3205.5,0,TU
56.75,-3205,0,TU
-1122.75,-3204.5,0,TU
-1005.75,-3204.5,0,TU
-292.25,-3204.5,0,TU
-655.25,-3204,0,TU
-684.25,-3203.5,0,TU
31.75,-3203.5,0,TU
-418.75,-3202.5,0,TU
-117.25,-3202.5,0,TU
-891.75,-3202,0,TU
-575.75,-3201.5,0,TU
-503.25,-3201,0,TU
-1097.25,-3200.5,0,TU
-69.25,-3200.5,0,TU
-833.25,-3199.5,0,TU
-560.75,-3195,0,TU
-930.25,-3192,0,TU
-22.25,-3191,0,TU
93.25,-3189.5,0,TU
50.75,-3188,0,TU
-526.25,-3186.5,0,TU
194.25,-3186.5,0,TU
-44.25,-3185.5,0,TU
-704.25,-3185,0,TU
-1077.75,-3182.5,0,TU
-967.75,-3182,0,TU
-1156.75,-3181.5,0,TU
-642.75,-3181,0,TU
-82.75,-3180,0,TU
-928.75,-3179.5,0,TU
-11.75,-3177,0,TU
63.75,-3177,0,TU
-468.75,-3176.5,0,TU
-549.75,-3173,0,TU
-668.25,-3172.5,0,TU
-220.25,-3172,0,TU
-320.75,-3169.5,0,TU
-583.75,-3161.5,0,TU
-300.75,-3160.5,0,TU
-616.75,-3159.5,0,TU
-1045.25,-3159,0,TU
-493.75,-3156.5,0,TU
-1009.75,-3153.5,0,TU
170.75,-3153.5,0,TU
-157.25,-3153,0,TU
-889.25,-3149,0,TU
-832.25,-3146.5,0,TU
-357.25,-3146,0,TU
-7.75,-3146,0,TU
-634.25,-3143,0,TU
-175.25,-3142,0,TU
-957.25,-3141,0,TU
-300.25,-3141,0,TU
-903.75,-3140,0,TU
-444.75,-3138.5,0,TU
39.25,-3138,0,TU
-563.75,-3137.5,0,TU
-64.75,-3136,0,TU
134.75,-3135,0,TU
-646.25,-3133,0,TU
-115.75,-3130.5,0,TU
-85.25,-3127.5,0,TU
104.25,-3127.5,0,TU
-585.25,-3127,0,TU
-919.75,-3126.5,0,TU
-146.75,-3125,0,TU
-204.25,-3123,0,TU
219.25,-3122.5,0,TU
-624.75,-3120.5,0,TU
-697.25,-3120,0,TU
246.75,-3119.5,0,TU
-251.25,-3119,0,TU
-547.25,-3118.5,0,TU
-487.75,-3115,0,TU
-123.25,-3114.5,0,TU
-46.25,-3113.5,0,TU
-518.75,-3112.5,0,TU
-640.75,-3111.5,0,TU
-26.25,-3111,0,TU
63.25,-3109,0,TU
-1068.75,-3108.5,0,TU
-284.75,-3108,0,TU
192.75,-3107.5,0,TU
-72.25,-3106,0,TU
-1103.25,-3104.5,0,TU
-100.75,-3104,0,TU
-147.75,-3101.5,0,TU
-839.25,-3100,0,TU
163.25,-3098.5,0,TU
133.25,-3098,0,TU
-471.25,-3096.5,0,TU
88.25,-3096.5,0,TU
-14.25,-3096,0,TU
-815.25,-3095,0,TU
-306.25,-3094.5,0,TU
-394.75,-3093,0,TU
-362.25,-3091.5,0,TU
-1029.25,-3089,0,TU
-928.25,-3089,0,TU
33.25,-3088.5,0,TU
-593.75,-3087.5,0,TU
251.25,-3087,0,TU
-644.25,-3085,0,TU
237.75,-3085,0,TU
-1149.75,-3084,0,TU
69.25,-3082,0,TU
-1208.25,-3081.5,0,TU
-1125.25,-3081,0,TU
-123.75,-3080.5,0,TU
159.25,-3080.5,0,TU
-815.25,-3078,0,TU
17.25,-3077.5,0,TU
135.75,-3074.5,0,TU
-10.25,-3072.5,0,TU
-232.75,-3071,0,TU
-577.25,-3069,0,TU
104.75,-3067.5,0,TU
-850.25,-3066,0,TU
-74.25,-3066,0,TU
-901.75,-3065.5,0,TU
-1010.75,-3065,0,TU
-775.25,-3065,0,TU
-1257.25,-3064,0,TU
-1089.25,-3064,0,TU
61.25,-3062,0,TU
-622.75,-3061.5,0,TU
224.75,-3061.5,0,TU
-1219.75,-3061,0,TU
-41.75,-3060.5,0,TU
-1138.75,-3060,0,TU
172.75,-3060,0,TU
-1198.25,-3059,0,TU
-267.25,-3059,0,TU
-1175.25,-3058,0,TU
-498.75,-3057.5,0,TU
210.25,-3057,0,TU
-980.75,-3056.5,0,TU
-822.25,-3055.5,0,TU
-309.75,-3053.5,0,TU
-1053.75,-3052,0,TU
-209.75,-3050,0,TU
-82.25,-3050,0,TU
-1026.75,-3049.5,0,TU
-1122.25,-3049,0,TU
-1236.75,-3047.5,0,TU
90.25,-3047.5,0,TU
-584.25,-3046.5,0,TU
114.25,-3046.5,0,TU
-17.25,-3046,0,TU
-805.25,-3043,0,TU
-187.25,-3043,0,TU
-1160.25,-3042.5,0,TU
-928.25,-3042,0,TU
-285.75,-3042,0,TU
-232.75,-3039.5,0,TU
-1001.75,-3038.5,0,TU
-871.75,-3038.5,0,TU
-1046.25,-3037,0,TU
1.75,-3037,0,TU
279.25,-3036.5,0,TU
-1183.25,-3036,0,TU
-429.25,-3035.5,0,TU
-883.25,-3033,0,TU
212.75,-3033,0,TU
-401.25,-3032,0,TU
76.75,-3032,0,TU
-663.75,-3031.5,0,TU
-248.75,-3030.5,0,TU
95.75,-3030.5,0,TU
-848.25,-3030,0,TU
-1203.75,-3029,0,TU
291.75,-3028,0,TU
133.25,-3025.5,0,TU
-749.75,-3024,0,TU
-768.25,-3022.5,0,TU
-384.25,-3021,0,TU
-471.75,-3019.5,0,TU
-1133.25,-3019,0,TU
-882.25,-3018.5,0,TU
-348.75,-3016,0,TU
-160.25,-3016,0,TU
-89.75,-3015,0,TU
-365.25,-3014,0,TU
153.25,-3014,0,TU
-1065.25,-3013.5,0,TU
107.25,-3013.5,0,TU
268.25,-3013,0,TU
-1042.75,-3012.5,0,TU
-324.75,-3012.5,0,TU
-191.75,-3012,0,TU
-1090.25,-3009,0,TU
-684.75,-3008,0,TU
-59.75,-3006.5,0,TU
-27.25,-3005.5,0,TU
297.75,-3005.5,0,TU
-496.75,-3004,0,TU
-1383.75,-3003,0,TU
92.75,-3002.5,0,TU
-296.75,-3000.5,0,TU
181.75,-3000.5,0,TU
-900.25,-3000,0,TU
9.25,-2999.5,0,TU
-703.75,-2998.5,0,TU
123.75,-2998,0,TU
326.25,-2997,0,TU
265.25,-2996.5,0,TU
-483.75,-2996,0,TU
-643.75,-2995.5,0,TU
-995.75,-2995,0,TU
-350.75,-2995,0,TU
-880.75,-2994.5,0,TU
-135.25,-2994.5,0,TU
-673.25,-2992.5,0,TU
-87.75,-2992,0,TU
-861.25,-2991,0,TU
301.25,-2989,0,TU
-783.75,-2988.5,0,TU
-69.25,-2987.5,0,TU
143.25,-2987.5,0,TU
-216.75,-2987,0,TU
-176.75,-2985.5,0,TU
-99.25,-2983.5,0,TU
-1398.75,-2981,0,TU
335.25,-2981,0,TU
-367.75,-2978.5,0,TU
3.75,-2978,0,TU
256.25,-2976.5,0,TU
279.25,-2976.5,0,TU
-529.75,-2975,0,TU
-37.75,-2974.5,0,TU
-855.75,-2974,0,TU
323.25,-2971.5,0,TU
-456.25,-2970,0,TU
-76.25,-2969.5,0,TU
-12.25,-2969.5,0,TU
-291.25,-2969,0,TU
-1314.75,-2968.5,0,TU
58.75,-2968.5,0,TU
147.75,-2967,0,TU
-1382.75,-2966,0,TU
-619.75,-2964.5,0,TU
299.75,-2964.5,0,TU
-683.25,-2963,0,TU
-197.25,-2962,0,TU
-798.25,-2960,0,TU
-167.75,-2959.5,0,TU
-527.25,-2959,0,TU
-1397.75,-2958,0,TU
-896.75,-2958,0,TU
-280.75,-2956.5,0,TU
240.25,-2956,0,TU
310.75,-2955.5,0,TU
-1020.25,-2955,0,TU
-1321.25,-2954.5,0,TU
-672.75,-2954,0,TU
-1198.75,-2953.5,0,TU
-43.25,-2953,0,TU
-1087.75,-2952.5,0,TU
116.75,-2951.5,0,TU
-1119.25,-2950.5,0,TU
-92.25,-2950.5,0,TU
44.75,-2950.5,0,TU
254.25,-2950,0,TU
-618.25,-2949,0,TU
324.25,-2949,0,TU
167.25,-2948,0,TU
83.75,-2946.5,0,TU
-1416.75,-2946,0,TU
-259.25,-2946,0,TU
-187.75,-2945,0,TU
-301.25,-2942.5,0,TU
-724.75,-2941,0,TU
-118.75,-2941,0,TU
-320.75,-2940.5,0,TU
-10.75,-2939.5,0,TU
-429.25,-2937,0,TU
-997.25,-2936.5,0,TU
-1336.25,-2936,0,TU
-630.25,-2936,0,TU
-288.75,-2935.5,0,TU
-265.75,-2935.5,0,TU
195.75,-2930,0,TU
-1254.25,-2929.5,0,TU
-67.25,-2927,0,TU
-1351.75,-2926,0,TU
-545.75,-2926,0,TU
-369.25,-2926,0,TU
-474.75,-2925.5,0,TU
-172.75,-2925.5,0,TU
-963.25,-2925,0,TU
-919.75,-2924.5,0,TU
169.75,-2924,0,TU
-200.25,-2923,0,TU
60.75,-2923,0,TU
-603.75,-2921,0,TU
-1313.75,-2917.5,0,TU
-1271.75,-2917.5,0,TU
-444.75,-2917.5,0,TU
-274.75,-2917.5,0,TU
-106.25,-2917.5,0,TU
-647.75,-2917,0,TU
307.75,-2916.5,0,TU
-1223.75,-2915,0,TU
-390.25,-2915,0,TU
218.75,-2915,0,TU
-697.25,-2914.5,0,TU
-315.75,-2914.5,0,TU
-495.75,-2912.5,0,TU
-957.25,-2912,0,TU
-1406.75,-2910.5,0,TU
-1328.25,-2910.5,0,TU
-188.75,-2910,0,TU
-463.75,-2909,0,TU
-546.25,-2908,0,TU
-1187.25,-2906.5,0,TU
-901.75,-2906,0,TU
275.75,-2906,0,TU
-1422.25,-2905,0,TU
-584.75,-2904.5,0,TU
112.25,-2903,0,TU
-225.75,-2901.5,0,TU
-65.25,-2899.5,0,TU
173.75,-2898.5,0,TU
-962.25,-2897.5,0,TU
16.75,-2896.5,0,TU
-1336.75,-2895.5,0,TU
-495.25,-2895,0,TU
-1010.75,-2894.5,0,TU
-1391.75,-2894,0,TU
-563.25,-2893,0,TU
-93.75,-2893,0,TU
210.75,-2891,0,TU
-1054.25,-2890.5,0,TU
146.25,-2888.5,0,TU
-421.75,-2887,0,TU
5.75,-2887,0,TU
-145.75,-2885,0,TU
-31.25,-2885,0,TU
-1373.25,-2883.5,0,TU
-783.25,-2882,0,TU
-239.25,-2882,0,TU
250.25,-2881.5,0,TU
-1151.75,-2880.5,0,TU
82.25,-2880.5,0,TU
-838.25,-2880,0,TU
-666.75,-2880,0,TU
-882.75,-2879.5,0,TU
-559.25,-2878.5,0,TU
-957.25,-2878,0,TU
-816.75,-2878,0,TU
-48.75,-2878,0,TU
-1347.25,-2877,0,TU
-479.75,-2877,0,TU
-509.75,-2876,0,TU
-266.75,-2875.5,0,TU
-224.75,-2875,0,TU
-498.75,-2873,0,TU
-645.75,-2872,0,TU
-1295.75,-2870,0,TU
-855.75,-2870,0,TU
-380.75,-2868.5,0,TU
-453.25,-2868,0,TU
-1246.75,-2865.5,0,TU
142.25,-2865.5,0,TU
-183.75,-2865,0,TU
-1010.25,-2864,0,TU
-426.25,-2863,0,TU
-469.25,-2862.5,0,TU
-95.25,-2862.5,0,TU
86.75,-2860,0,TU
-488.25,-2859.5,0,TU
-792.75,-2858.5,0,TU
-196.25,-2858,0,TU
-525.25,-2857.5,0,TU
-9.25,-2857.5,0,TU
-829.75,-2857,0,TU
-551.75,-2857,0,TU
-1078.25,-2856,0,TU
48.25,-2853,0,TU
-59.25,-2852.5,0,TU
-970.75,-2852,0,TU
-686.25,-2852,0,TU
-995.25,-2850,0,TU
-345.25,-2849.5,0,TU
-891.25,-2849,0,TU
161.75,-2848.5,0,TU
285.75,-2847,0,TU
-1056.25,-2845.5,0,TU
-537.25,-2845.5,0,TU
314.75,-2845.5,0,TU
-766.75,-2844.5,0,TU
-451.75,-2844.5,0,TU
-748.75,-2843.5,0,TU
-170.25,-2842.5,0,TU
-1313.75,-2842,0,TU
-91.75,-2842,0,TU
-851.75,-2841.5,0,TU
-617.25,-2841,0,TU
-123.25,-2840,0,TU
-1334.25,-2838.5,0,TU
-185.25,-2838.5,0,TU
-668.75,-2837.5,0,TU
-1097.75,-2835.5,0,TU
-640.25,-2835.5,0,TU
-783.75,-2835,0,TU
-805.75,-2830.5,0,TU
-528.25,-2829,0,TU
-568.75,-2826,0,TU
-963.25,-2825.5,0,TU
-1119.75,-2824.5,0,TU
-739.75,-2824,0,TU
-483.25,-2824,0,TU
-696.75,-2823.5,0,TU
-659.75,-2823.5,0,TU
1.75,-2823.5,0,TU
-414.25,-2823,0,TU
205.75,-2823,0,TU
-150.75,-2821.5,0,TU
305.25,-2821,0,TU
-1062.75,-2820.5,0,TU
-715.25,-2820.5,0,TU
28.25,-2819,0,TU
-54.75,-2817,0,TU
-1079.25,-2814,0,TU
337.75,-2813.5,0,TU
-792.25,-2813,0,TU
-1258.25,-2812.5,0,TU
-216.25,-2810.5,0,TU
-598.25,-2809.5,0,TU
-323.25,-2809,0,TU
-673.75,-2805.5,0,TU
-740.75,-2805,0,TU
305.25,-2804.5,0,TU
-1328.25,-2804,0,TU
-35.25,-2804,0,TU
199.75,-2802,0,TU
-1141.75,-2800.5,0,TU
-620.75,-2800.5,0,TU
-709.25,-2799,0,TU
-348.25,-2799,0,TU
-789.75,-2798.5,0,TU
-153.75,-2798.5,0,TU
344.75,-2798,0,TU
-1072.25,-2797.5,0,TU
228.75,-2797.5,0,TU
170.25,-2796,0,TU
-900.25,-2795.5,0,TU
278.25,-2795.5,0,TU
-1112.75,-2794.5,0,TU
-3.25,-2794.5,0,TU
-563.75,-2793.5,0,TU
-1244.75,-2789,0,TU
-951.25,-2787.5,0,TU
-429.75,-2787.5,0,TU
-743.25,-2786.5,0,TU
-866.25,-2786,0,TU
16.75,-2786,0,TU
-115.75,-2785.5,0,TU
-1129.25,-2785,0,TU
-546.25,-2784,0,TU
-821.25,-2783,0,TU
-1272.75,-2782.5,0,TU
-1078.75,-2781.5,0,TU
-631.75,-2781,0,TU
-651.25,-2780,0,TU
-606.75,-2780,0,TU
-789.25,-2778.5,0,TU
-974.25,-2777,0,TU
-706.25,-2773,0,TU
-511.25,-2773,0,TU
-490.25,-2773,0,TU
-75.75,-2773,0,TU
-1207.75,-2772.5,0,TU
-988.25,-2772.5,0,TU
-562.75,-2772,0,TU
-475.25,-2772,0,TU
-1471.75,-2771,0,TU
-56.75,-2770,0,TU
-1225.75,-2769,0,TU
-443.25,-2768.5,0,TU
59.25,-2767.5,0,TU
-1280.75,-2767,0,TU
-1091.25,-2766.5,0,TU
-689.75,-2766.5,0,TU
7.25,-2765.5,0,TU
-812.75,-2765,0,TU
-760.25,-2765,0,TU
174.75,-2765,0,TU
-1129.25,-2764.5,0,TU
-1114.25,-2764.5,0,TU
-1439.25,-2764,0,TU
243.25,-2763.5,0,TU
-1237.25,-2762,0,TU
32.25,-2760,0,TU
-863.75,-2759.5,0,TU
-111.75,-2759,0,TU
156.75,-2758,0,TU
-398.25,-2757,0,TU
-1250.25,-2755.5,0,TU
284.75,-2755.5,0,TU
-799.75,-2753.5,0,TU
-315.25,-2753,0,TU
-1063.25,-2750.5,0,TU
-1143.25,-2750,0,TU
-126.25,-2749.5,0,TU
-493.25,-2745,0,TU
-546.75,-2743.5,0,TU
-1181.75,-2742.5,0,TU
-1438.75,-2741.5,0,TU
-102.25,-2741.5,0,TU
-652.75,-2741,0,TU
-1303.75,-2738.5,0,TU
-1374.25,-2738,0,TU
-118.25,-2734,0,TU
-1255.75,-2732.5,0,TU
311.25,-2732,0,TU
-626.25,-2730.5,0,TU
-51.75,-2730.5,0,TU
61.25,-2730.5,0,TU
24.75,-2730,0,TU
-883.25,-2728.5,0,TU
-517.75,-2727,0,TU
-773.75,-2726.5,0,TU
-345.25,-2726.5,0,TU
-1229.75,-2722,0,TU
-692.25,-2720,0,TU
-14.75,-2718.5,0,TU
-1431.25,-2715,0,TU
-654.25,-2714,0,TU
-334.75,-2714,0,TU
-1568.25,-2713,0,TU
-310.25,-2713,0,TU
-487.25,-2711,0,TU
-436.75,-2711,0,TU
-1159.75,-2710,0,TU
-1219.75,-2708.5,0,TU
-672.25,-2708.5,0,TU
292.25,-2707.5,0,TU
-1139.25,-2704.5,0,TU
195.25,-2704,0,TU
231.75,-2703.5,0,TU
-1230.25,-2703,0,TU
-1183.75,-2702.5,0,TU
-1357.75,-2701,0,TU
85.25,-2699,0,TU
-67.75,-2697.5,0,TU
-837.75,-2697,0,TU
-320.75,-2697,0,TU
-51.25,-2695.5,0,TU
-362.75,-2693,0,TU
207.75,-2693,0,TU
-1535.25,-2691,0,TU
-392.75,-2689.5,0,TU
147.25,-2689.5,0,TU
-1426.25,-2686.5,0,TU
31.75,-2686.5,0,TU
-481.25,-2685,0,TU
227.25,-2684,0,TU
-1298.25,-2683,0,TU
-341.25,-2682,0,TU
-260.75,-2679.5,0,TU
-1081.75,-2676,0,TU
-1120.75,-2675.5,0,TU
-1045.75,-2675.5,0,TU
110.25,-2675.5,0,TU
-1320.75,-2675,0,TU
-554.75,-2675,0,TU
-531.25,-2672.5,0,TU
-422.25,-2672.5,0,TU
-910.25,-2671,0,TU
-461.75,-2670,0,TU
-81.25,-2669,0,TU
-1142.25,-2668.5,0,TU
-510.75,-2666.5,0,TU
38.75,-2664.5,0,TU
-1704.75,-2663.5,0,TU
-1068.25,-2663.5,0,TU
-1382.25,-2663,0,TU
-851.25,-2663,0,TU
1.75,-2662.5,0,TU
-1306.75,-2661.5,0,TU
-1155.25,-2661,0,TU
-1672.75,-2660,0,TU
-1648.25,-2660,0,TU
-1117.75,-2660,0,TU
-1099.25,-2660,0,TU
-1426.75,-2658.5,0,TU
-1612.25,-2656.5,0,TU
-1443.75,-2656.5,0,TU
-358.25,-2656,0,TU
-56.75,-2654.5,0,TU
-815.75,-2652,0,TU
68.75,-2651,0,TU
137.25,-2650.5,0,TU
-1405.25,-2649,0,TU
44.75,-2647.5,0,TU
-1380.75,-2646.5,0,TU
-1271.75,-2645,0,TU
-1050.75,-2645,0,TU
119.75,-2645,0,TU
-418.25,-2643.5,0,TU
-1363.25,-2642.5,0,TU
-827.25,-2640,0,TU
-1112.25,-2638.5,0,TU
-1251.75,-2638,0,TU
-1078.75,-2635,0,TU
-1696.75,-2633.5,0,TU
-1224.25,-2633,0,TU
-1049.25,-2630,0,TU
-24.75,-2630,0,TU
55.75,-2630,0,TU
134.25,-2629,0,TU
-1263.25,-2626.5,0,TU
-414.75,-2626,0,TU
99.25,-2626,0,TU
-349.75,-2625.5,0,TU
678.75,-2623.5,0,TU
66.75,-2623,0,TU
-998.25,-2622,0,TU
-1713.25,-2619,0,TU
-1480.25,-2618.5,0,TU
697.25,-2615.5,0,TU
-1023.25,-2615,0,TU
-1095.75,-2614.5,0,TU
-388.75,-2614.5,0,TU
-530.75,-2613.5,0,TU
-1331.75,-2613,0,TU
-46.75,-2612.5,0,TU
-1729.25,-2611,0,TU
-1561.75,-2609,0,TU
1.25,-2607.5,0,TU
-1696.25,-2606,0,TU
-775.75,-2606,0,TU
103.75,-2606,0,TU
81.25,-2605,0,TU
16.25,-2604,0,TU
-1065.75,-2602.5,0,TU
-1186.75,-2602,0,TU
-492.75,-2602,0,TU
-932.75,-2600.5,0,TU
-747.75,-2600.5,0,TU
-1275.75,-2599.5,0,TU
57.25,-2599,0,TU
-1580.75,-2598.5,0,TU
-1682.75,-2596,0,TU
641.25,-2596,0,TU
-1664.75,-2595.5,0,TU
-785.25,-2595,0,TU
-605.25,-2595,0,TU
-1524.75,-2594.5,0,TU
281.75,-2594,0,TU
-42.75,-2593.5,0,TU
-1115.75,-2591,0,TU
-1547.25,-2590,0,TU
-301.25,-2588.5,0,TU
-423.75,-2588,0,TU
-911.25,-2587.5,0,TU
-578.75,-2586.5,0,TU
-823.25,-2585.5,0,TU
-700.25,-2585.5,0,TU
-1744.25,-2585,0,TU
-1597.25,-2585,0,TU
-1285.25,-2585,0,TU
1460.75,-2583.5,0,TU
-557.25,-2581,0,TU
-631.75,-2580.5,0,TU
-987.75,-2579.5,0,TU
-46.75,-2578.5,0,TU
-333.75,-2577,0,TU
-290.75,-2576,0,TU
-1531.25,-2575,0,TU
-673.25,-2575,0,TU
-249.75,-2575,0,TU
-1187.75,-2574.5,0,TU
-652.25,-2574,0,TU
-774.75,-2573,0,TU
320.25,-2572.5,0,TU
-1096.25,-2571,0,TU
-1344.75,-2570.5,0,TU
674.25,-2570.5,0,TU
-1056.25,-2570,0,TU
-301.25,-2570,0,TU
-1516.75,-2569.5,0,TU
-625.75,-2569.5,0,TU
-1630.25,-2569,0,TU
583.25,-2569,0,TU
-69.75,-2567,0,TU
-1500.25,-2566.5,0,TU
-457.75,-2566.5,0,TU
-269.25,-2566.5,0,TU
1505.25,-2566.5,0,TU
-1717.75,-2565,0,TU
-1.75,-2563.5,0,TU
51.25,-2562.5,0,TU
-1164.25,-2562,0,TU
-310.75,-2562,0,TU
1462.25,-2562,0,TU
-1586.25,-2561.5,0,TU
693.75,-2561.5,0,TU
1430.75,-2561.5,0,TU
-916.75,-2561,0,TU
-285.25,-2560,0,TU
-1558.25,-2559.5,0,TU
-1110.75,-2559.5,0,TU
-103.75,-2559.5,0,TU
-600.75,-2559,0,TU
-931.25,-2558.5,0,TU
-1474.25,-2556.5,0,TU
17.25,-2556,0,TU
1486.25,-2555,0,TU
-1290.75,-2554.5,0,TU
-952.25,-2554.5,0,TU
-1692.25,-2554,0,TU
-1612.25,-2554,0,TU
-58.25,-2554,0,TU
-1315.75,-2553.5,0,TU
-244.25,-2553.5,0,TU
-720.25,-2552.5,0,TU
-678.75,-2552.5,0,TU
-277.75,-2552.5,0,TU
-1711.25,-2551.5,0,TU
-1361.25,-2551,0,TU
-1492.25,-2548.5,0,TU
-420.25,-2548.5,0,TU
-1510.25,-2548,0,TU
-146.75,-2548,0,TU
-1083.25,-2547.5,0,TU
-442.25,-2547,0,TU
-119.75,-2546,0,TU
345.25,-2545.5,0,TU
-1412.75,-2545,0,TU
-261.25,-2544,0,TU
652.25,-2544,0,TU
-224.25,-2543.5,0,TU
-1035.75,-2542.5,0,TU
1186.75,-2541.5,0,TU
-1711.75,-2541,0,TU
-687.75,-2539.5,0,TU
64.25,-2539.5,0,TU
-1106.75,-2539,0,TU
581.75,-2539,0,TU
-1151.75,-2538.5,0,TU
-807.75,-2538.5,0,TU
229.25,-2538,0,TU
-974.25,-2537,0,TU
270.25,-2537,0,TU
-1446.75,-2536,0,TU
-306.25,-2533.5,0,TU
-276.75,-2531,0,TU
-1422.25,-2530.5,0,TU
-60.25,-2530.5,0,TU
-1467.25,-2530,0,TU
-710.75,-2530,0,TU
-170.75,-2530,0,TU
1320.25,-2530,0,TU
-817.25,-2529,0,TU
-153.75,-2529,0,TU
44.25,-2529,0,TU
-1587.25,-2528,0,TU
-755.75,-2528,0,TU
595.75,-2527.5,0,TU
562.75,-2526.5,0,TU
-1604.25,-2525.5,0,TU
688.75,-2525.5,0,TU
-1384.75,-2525,0,TU
1424.25,-2525,0,TU
-1069.75,-2523,0,TU
-997.75,-2523,0,TU
24.25,-2523,0,TU
-98.25,-2522,0,TU
64.75,-2520,0,TU
-4.25,-2519.5,0,TU
1190.25,-2519,0,TU
-235.75,-2518.5,0,TU
-1767.75,-2517.5,0,TU
422.25,-2517.5,0,TU
1369.75,-2517.5,0,TU
-734.75,-2517,0,TU
123.25,-2517,0,TU
-1008.25,-2516,0,TU
-1021.75,-2515.5,0,TU
-1430.25,-2515,0,TU
-671.25,-2515,0,TU
445.75,-2514,0,TU
614.25,-2513.5,0,TU
-936.75,-2513,0,TU
1214.75,-2513,0,TU
-137.25,-2512.5,0,TU
1233.75,-2512.5,0,TU
158.25,-2511,0,TU
-1605.25,-2510.5,0,TU
-1262.75,-2510.5,0,TU
176.25,-2509.5,0,TU
1297.25,-2509,0,TU
-1643.75,-2508.5,0,TU
-767.25,-2508.5,0,TU
-461.25,-2508,0,TU
1410.75,-2507,0,TU
460.75,-2505,0,TU
-1419.25,-2504.5,0,TU
-1372.25,-2504.5,0,TU
307.25,-2504.5,0,TU
-1715.75,-2503.5,0,TU
-1288.75,-2503.5,0,TU
554.75,-2502,0,TU
-844.25,-2501,0,TU
200.25,-2501,0,TU
1178.25,-2500.5,0,TU
590.25,-2499.5,0,TU
-175.25,-2499,0,TU
-1611.25,-2498.5,0,TU
-1520.75,-2498.5,0,TU
-213.75,-2498,0,TU
627.75,-2496.5,0,TU
1116.75,-2495.5,0,TU
-252.25,-2492,0,TU
101.25,-2492,0,TU
1381.25,-2492,0,TU
-35.25,-2491.5,0,TU
-1257.75,-2490,0,TU
167.75,-2490,0,TU
1334.25,-2489.5,0,TU
-1407.75,-2487.5,0,TU
-949.75,-2485.5,0,TU
-234.75,-2485.5,0,TU
-1281.75,-2485,0,TU
362.25,-2484.5,0,TU
1554.25,-2484.5,0,TU
-1728.25,-2483.5,0,TU
-141.25,-2483.5,0,TU
1226.25,-2483,0,TU
1322.25,-2482,0,TU
-1230.25,-2481.5,0,TU
132.25,-2481,0,TU
-400.25,-2480.5,0,TU
-1180.25,-2479.5,0,TU
1132.75,-2479.5,0,TU
-1433.25,-2478.5,0,TU
-1535.75,-2477,0,TU
-506.75,-2477,0,TU
564.25,-2476,0,TU
1355.25,-2476,0,TU
597.25,-2474.5,0,TU
196.75,-2474,0,TU
-1777.25,-2473,0,TU
160.25,-2473,0,TU
-89.75,-2471.5,0,TU
-1820.25,-2470,0,TU
538.25,-2470,0,TU
1620.25,-2469.5,0,TU
-439.75,-2469,0,TU
-243.25,-2469,0,TU
304.25,-2468.5,0,TU
577.75,-2468.5,0,TU
1205.75,-2468,0,TU
-704.75,-2467.5,0,TU
-1197.75,-2467,0,TU
-797.75,-2466,0,TU
274.25,-2466,0,TU
-1165.25,-2465.5,0,TU
-1377.25,-2465,0,TU
1404.75,-2465,0,TU
-225.75,-2464.5,0,TU
-829.25,-2463,0,TU
1270.25,-2463,0,TU
128.75,-2462.5,0,TU
-1228.25,-2462,0,TU
-1148.75,-2461.5,0,TU
353.75,-2461.5,0,TU
-479.25,-2460.5,0,TU
-3.25,-2460.5,0,TU
1133.75,-2459.5,0,TU
-690.25,-2458.5,0,TU
-672.25,-2458.5,0,TU
-25.25,-2458.5,0,TU
-1736.75,-2458,0,TU
611.75,-2458,0,TU
-625.75,-2457.5,0,TU
-417.75,-2457.5,0,TU
-141.75,-2457.5,0,TU
-1760.75,-2456,0,TU
-1535.25,-2455.5,0,TU
-535.75,-2455,0,TU
-286.75,-2455,0,TU
-556.75,-2454,0,TU
-160.25,-2454,0,TU
1305.75,-2454,0,TU
-1114.75,-2453.5,0,TU
1230.75,-2453.5,0,TU
-1579.75,-2452,0,TU
-714.25,-2452,0,TU
-1435.25,-2451.5,0,TU
-932.75,-2451.5,0,TU
-1559.75,-2451,0,TU
-443.75,-2450.5,0,TU
-1063.25,-2449,0,TU
-1014.25,-2449,0,TU
1251.25,-2446.5,0,TU
468.75,-2446,0,TU
1115.75,-2444.5,0,TU
-151.25,-2444,0,TU
402.75,-2444,0,TU
-1655.75,-2443.5,0,TU
384.75,-2443.5,0,TU
-1523.75,-2443,0,TU
-1691.75,-2442,0,TU
-896.75,-2442,0,TU
501.25,-2442,0,TU
-1817.25,-2441.5,0,TU
-741.75,-2441.5,0,TU
122.75,-2441.5,0,TU
348.75,-2441.5,0,TU
-1745.75,-2440.5,0,TU
-1168.25,-2440,0,TU
156.75,-2439.5,0,TU
-583.25,-2439,0,TU
487.25,-2438,0,TU
-1120.25,-2437,0,TU
-1283.75,-2436,0,TU
-861.25,-2435,0,TU
-202.25,-2435,0,TU
236.25,-2435,0,TU
-561.25,-2434,0,TU
-45.25,-2433.5,0,TU
523.75,-2433,0,TU
1366.75,-2433,0,TU
-1447.25,-2432.5,0,TU
-101.25,-2432,0,TU
-1796.75,-2431.5,0,TU
-493.75,-2431.5,0,TU
-1573.25,-2429.5,0,TU
-727.25,-2429.5,0,TU
-407.25,-2429.5,0,TU
1256.25,-2429.5,0,TU
-1666.25,-2428,0,TU
-1511.75,-2428,0,TU
-876.75,-2427.5,0,TU
-641.25,-2427.5,0,TU
347.25,-2427.5,0,TU
-1540.75,-2427,0,TU
1107.75,-2427,0,TU
-1423.75,-2426.5,0,TU
309.75,-2426.5,0,TU
-1257.75,-2425.5,0,TU
413.75,-2425.5,0,TU
-908.75,-2425,0,TU
-550.75,-2424,0,TU
-1734.75,-2423.5,0,TU
-1394.75,-2423.5,0,TU
-533.25,-2423.5,0,TU
-1777.25,-2422.5,0,TU
-962.75,-2421,0,TU
-1634.25,-2420,0,TU
-1046.75,-2420,0,TU
-1755.75,-2419.5,0,TU
-507.25,-2419.5,0,TU
130.75,-2419.5,0,TU
-1585.25,-2419,0,TU
1237.75,-2419,0,TU
1294.75,-2418,0,TU
-1452.25,-2417,0,TU
-1427.75,-2416.5,0,TU
20.25,-2416.5,0,TU
466.25,-2416.5,0,TU
-1812.75,-2415.5,0,TU
1641.25,-2415.5,0,TU
-1691.75,-2412.5,0,TU
-1788.75,-2411.5,0,TU
268.25,-2411.5,0,TU
-1506.25,-2410,0,TU
1280.25,-2410,0,TU
-1124.25,-2409.5,0,TU
-465.25,-2409.5,0,TU
2233.75,-2408.5,0,TU
1111.25,-2408,0,TU
-70.75,-2407.5,0,TU
-485.25,-2406,0,TU
724.75,-2406,0,TU
-1342.25,-2405,0,TU
-1054.25,-2404.5,0,TU
498.75,-2404.5,0,TU
146.25,-2403,0,TU
2365.75,-2403,0,TU
54.25,-2402.5,0,TU
-1560.25,-2402,0,TU
-1400.25,-2402,0,TU
-84.75,-2402,0,TU
-1591.75,-2401.5,0,TU
418.75,-2401,0,TU
-412.25,-2398,0,TU
1665.75,-2398,0,TU
-1734.75,-2397,0,TU
-1442.25,-2397,0,TU
-27.25,-2395.5,0,TU
-1541.75,-2395,0,TU
832.25,-2395,0,TU
-1718.75,-2394.5,0,TU
-1357.25,-2394.5,0,TU
-848.25,-2394.5,0,TU
2344.75,-2392.5,0,TU
1291.25,-2392,0,TU
1590.75,-2391,0,TU
-1772.75,-2390.5,0,TU
2209.25,-2389.5,0,TU
2274.25,-2389,0,TU
2459.75,-2389,0,TU
-425.75,-2388,0,TU
-1554.25,-2387.5,0,TU
-981.25,-2387.5,0,TU
-448.25,-2387.5,0,TU
-1493.75,-2387,0,TU
-1257.75,-2387,0,TU
202.75,-2386.5,0,TU
134.25,-2384,0,TU
-1527.25,-2383,0,TU
256.75,-2383,0,TU
1191.25,-2383,0,TU
-1593.25,-2382.5,0,TU
-261.25,-2382,0,TU
-1219.75,-2381.5,0,TU
-1038.25,-2380.5,0,TU
14.25,-2380.5,0,TU
2481.25,-2379.5,0,TU
-706.75,-2378.5,0,TU
-368.75,-2378.5,0,TU
409.75,-2378,0,TU
-1281.25,-2377.5,0,TU
-177.75,-2377.5,0,TU
1258.75,-2377.5,0,TU
2241.25,-2377.5,0,TU
-139.75,-2376.5,0,TU
2411.75,-2376.5,0,TU
-1709.75,-2376,0,TU
-932.75,-2375.5,0,TU
1210.25,-2375.5,0,TU
-682.25,-2375,0,TU
-387.75,-2372,0,TU
-202.75,-2372,0,TU
1626.75,-2372,0,TU
-1624.25,-2371,0,TU
1394.25,-2371,0,TU
-725.75,-2370.5,0,TU
872.75,-2370.5,0,TU
1639.75,-2370.5,0,TU
897.75,-2370,0,TU
1226.75,-2369,0,TU
2354.25,-2369,0,TU
85.75,-2367.5,0,TU
-355.75,-2367,0,TU
-1326.25,-2365,0,TU
-180.25,-2364.5,0,TU
-59.75,-2364.5,0,TU
-1728.25,-2364,0,TU
-163.75,-2363.5,0,TU
2394.75,-2363.5,0,TU
-1674.25,-2363,0,TU
-564.75,-2363,0,TU
-1930.25,-2362.5,0,TU
-459.25,-2362.5,0,TU
352.25,-2362.5,0,TU
170.75,-2362,0,TU
2209.25,-2362,0,TU
1419.75,-2360.5,0,TU
-322.75,-2360,0,TU
-134.25,-2360,0,TU
204.25,-2358.5,0,TU
695.25,-2358.5,0,TU
2496.75,-2358.5,0,TU
-1815.75,-2358,0,TU
2513.25,-2358,0,TU
1265.75,-2357.5,0,TU
1198.25,-2357,0,TU
1334.25,-2357,0,TU
1174.25,-2356.5,0,TU
31.75,-2355.5,0,TU
-737.25,-2354,0,TU
1508.75,-2354,0,TU
2352.75,-2354,0,TU
-768.25,-2353.5,0,TU
411.75,-2353.5,0,TU
-1344.75,-2353,0,TU
436.25,-2353,0,TU
2268.25,-2353,0,TU
744.75,-2352.5,0,TU
-1684.75,-2351.5,0,TU
5.75,-2351.5,0,TU
-1207.75,-2351,0,TU
2150.75,-2350.5,0,TU
-1710.75,-2350,0,TU
2369.75,-2349.5,0,TU
-263.25,-2348,0,TU
-1028.75,-2347.5,0,TU
376.75,-2347.5,0,TU
114.25,-2347,0,TU
-1799.75,-2346.5,0,TU
757.75,-2346,0,TU
-357.75,-2345.5,0,TU
2480.25,-2345.5,0,TU
-1236.75,-2345,0,TU
-960.25,-2345,0,TU
-461.75,-2345,0,TU
-1556.25,-2344.5,0,TU
236.75,-2344,0,TU
-1775.25,-2343,0,TU
-187.75,-2343,0,TU
-1743.25,-2342.5,0,TU
82.25,-2342.5,0,TU
-1332.75,-2342,0,TU
-695.25,-2342,0,TU
60.25,-2342,0,TU
2384.75,-2342,0,TU
1145.75,-2341,0,TU
-880.75,-2340,0,TU
1536.25,-2339.5,0,TU
787.25,-2339,0,TU
2433.75,-2338.5,0,TU
-1043.25,-2337.5,0,TU
-1756.25,-2337,0,TU
-122.75,-2336.5,0,TU
417.25,-2336.5,0,TU
1341.75,-2336,0,TU
-417.25,-2333.5,0,TU
325.25,-2333,0,TU
2218.25,-2332.5,0,TU
-1913.25,-2332,0,TU
-96.25,-2332,0,TU
390.75,-2331.5,0,TU
-1575.75,-2331,0,TU
-1222.75,-2330,0,TU
-233.25,-2330,0,TU
45.25,-2330,0,TU
-1596.75,-2329.5,0,TU
-1779.25,-2329,0,TU
-325.75,-2328.5,0,TU
821.75,-2328.5,0,TU
-1256.75,-2327.5,0,TU
-22.75,-2327.5,0,TU
1275.75,-2327,0,TU
724.75,-2326,0,TU
790.25,-2325.5,0,TU
-730.25,-2325,0,TU
2417.25,-2324.5,0,TU
-1678.75,-2323,0,TU
199.25,-2323,0,TU
120.25,-2322.5,0,TU
-707.25,-2321.5,0,TU
2498.75,-2321,0,TU
68.75,-2320,0,TU
1166.25,-2320,0,TU
702.75,-2319.5,0,TU
-932.25,-2319,0,TU
-667.75,-2317.5,0,TU
2402.25,-2317.5,0,TU
810.25,-2315,0,TU
-1877.25,-2314.5,0,TU
-39.75,-2314.5,0,TU
-1776.75,-2314,0,TU
2380.75,-2314,0,TU
-1398.75,-2313,0,TU
-1234.25,-2313,0,TU
-116.25,-2313,0,TU
-1612.75,-2312,0,TU
2521.75,-2311,0,TU
390.75,-2310.5,0,TU
684.75,-2310.5,0,TU
2205.75,-2310.5,0,TU
-1052.75,-2310,0,TU
-1560.75,-2309.5,0,TU
921.75,-2309.5,0,TU
1111.75,-2309.5,0,TU
53.25,-2308,0,TU
189.75,-2308,0,TU
642.25,-2308,0,TU
-965.75,-2307.5,0,TU
-140.25,-2306.5,0,TU
882.25,-2306.5,0,TU
-1648.25,-2306,0,TU
3.25,-2305,0,TU
2426.75,-2305,0,TU
-206.75,-2303,0,TU
104.25,-2303,0,TU
2538.25,-2303,0,TU
-2059.75,-2302.5,0,TU
-1996.25,-2302.5,0,TU
2177.25,-2302,0,TU
946.75,-2301.5,0,TU
2354.25,-2301.5,0,TU
778.75,-2301,0,TU
219.75,-2300,0,TU
2457.25,-2299.5,0,TU
-18.75,-2299,0,TU
2497.25,-2299,0,TU
-2016.75,-2297.5,0,TU
372.75,-2297,0,TU
1194.25,-2297,0,TU
1335.75,-2297,0,TU
-670.25,-2296.5,0,TU
2481.25,-2295.5,0,TU
-1032.75,-2295,0,TU
-704.25,-2295,0,TU
1135.25,-2294,0,TU
650.25,-2292,0,TU
-1251.25,-2291,0,TU
-225.75,-2290,0,TU
-725.25,-2289.5,0,TU
2142.75,-2289.5,0,TU
-952.75,-2289,0,TU
-103.75,-2289,0,TU
-191.75,-2288.5,0,TU
-1672.75,-2288,0,TU
-1971.75,-2287,0,TU
-1814.25,-2286,0,TU
-834.75,-2285.5,0,TU
-27.25,-2284.5,0,TU
85.75,-2283.5,0,TU
756.25,-2283.5,0,TU
2404.75,-2283.5,0,TU
-1749.25,-2283,0,TU
-1716.25,-2283,0,TU
-1766.75,-2282.5,0,TU
-524.75,-2282,0,TU
-1635.75,-2281.5,0,TU
-2090.75,-2281,0,TU
-1382.25,-2280.5,0,TU
-1229.75,-2280.5,0,TU
2338.25,-2280,0,TU
-1427.75,-2279.5,0,TU
42.25,-2278.5,0,TU
2494.75,-2277.5,0,TU
20.75,-2276.5,0,TU
-304.25,-2275,0,TU
-1169.25,-2274,0,TU
-727.25,-2273.5,0,TU
700.25,-2273.5,0,TU
-1084.75,-2273,0,TU
-125.25,-2273,0,TU
-2104.75,-2271.5,0,TU
-1009.25,-2271.5,0,TU
732.75,-2271.5,0,TU
-942.25,-2271,0,TU
-1274.25,-2270.5,0,TU
-970.25,-2270.5,0,TU
-1064.25,-2269.5,0,TU
-1990.75,-2269,0,TU
2184.25,-2268.5,0,TU
-656.75,-2266,0,TU
-577.25,-2266,0,TU
-1193.75,-2265.5,0,TU
350.25,-2265.5,0,TU
-1376.25,-2265,0,TU
1381.25,-2265,0,TU
1092.25,-2264.5,0,TU
2382.25,-2264,0,TU
-3.75,-2262.5,0,TU
256.25,-2262,0,TU
-1051.25,-2261.5,0,TU
-251.75,-2261,0,TU
1128.75,-2261,0,TU
-602.75,-2259.5,0,TU
-1246.25,-2258.5,0,TU
2438.75,-2256,0,TU
2197.75,-2255.5,0,TU
-1988.25,-2255,0,TU
-373.75,-2255,0,TU
-234.75,-2255,0,TU
2154.75,-2255,0,TU
-1970.25,-2254.5,0,TU
-1417.25,-2253.5,0,TU
2495.25,-2253.5,0,TU
2553.75,-2253.5,0,TU
-1893.75,-2253,0,TU
-1950.25,-2251,0,TU
2520.25,-2251,0,TU
-918.25,-2248,0,TU
-2096.25,-2247.5,0,TU
-1361.25,-2247.5,0,TU
2602.25,-2247.5,0,TU
749.25,-2247,0,TU
-941.75,-2245.5,0,TU
2581.75,-2245,0,TU
1076.25,-2244.5,0,TU
699.75,-2243,0,TU
-181.25,-2242.5,0,TU
582.75,-2242,0,TU
1275.25,-2241,0,TU
-1938.75,-2240,0,TU
-1912.75,-2240,0,TU
-1879.75,-2239.5,0,TU
2345.75,-2238.5,0,TU
-1720.25,-2238,0,TU
-1672.75,-2238,0,TU
-373.25,-2237.5,0,TU
-1775.75,-2237,0,TU
2364.25,-2237,0,TU
352.75,-2235.5,0,TU
295.25,-2235,0,TU
2539.75,-2235,0,TU
-1170.75,-2234,0,TU
-1021.75,-2233.5,0,TU
1399.75,-2232,0,TU
759.25,-2231.5,0,TU
-1384.25,-2231,0,TU
172.25,-2231,0,TU
1091.75,-2231,0,TU
-739.25,-2230.5,0,TU
275.25,-2230,0,TU
-920.75,-2228.5,0,TU
-445.75,-2227.5,0,TU
-1359.25,-2227,0,TU
936.75,-2227,0,TU
-1966.25,-2226.5,0,TU
-1546.75,-2226,0,TU
-1438.75,-2226,0,TU
2143.75,-2226,0,TU
2410.25,-2226,0,TU
-1506.25,-2225.5,0,TU
2430.75,-2225.5,0,TU
-2010.25,-2225,0,TU
728.75,-2225,0,TU
-1701.75,-2224.5,0,TU
564.25,-2224,0,TU
-1178.75,-2223.5,0,TU
223.25,-2223,0,TU
780.25,-2222,0,TU
818.75,-2222,0,TU
-1019.75,-2221.5,0,TU
2390.75,-2221.5,0,TU
-1812.25,-2220.5,0,TU
-1326.25,-2220,0,TU
-1342.25,-2218.5,0,TU
-1289.25,-2218.5,0,TU
659.75,-2218.5,0,TU
2633.25,-2216.5,0,TU
-1000.25,-2216,0,TU
672.75,-2216,0,TU
-894.75,-2215.5,0,TU
2175.25,-2215.5,0,TU
-1983.75,-2215,0,TU
-1553.75,-2214.5,0,TU
-1451.75,-2214.5,0,TU
-1414.25,-2214.5,0,TU
-1360.25,-2214.5,0,TU
2448.25,-2214.5,0,TU
198.75,-2213.5,0,TU
-1938.25,-2212,0,TU
-1065.25,-2212,0,TU
300.75,-2212,0,TU
-1892.75,-2210.5,0,TU
2120.25,-2209.5,0,TU
2546.75,-2208.5,0,TU
686.75,-2208,0,TU
612.25,-2207.5,0,TU
-1673.25,-2207,0,TU
1140.25,-2206.5,0,TU
-2099.25,-2205.5,0,TU
-1295.75,-2204.5,0,TU
-912.25,-2204.5,0,TU
187.75,-2204.5,0,TU
728.25,-2204,0,TU
-2040.75,-2203.5,0,TU
-1849.25,-2203,0,TU
1030.75,-2203,0,TU
-2151.75,-2202.5,0,TU
-1481.25,-2202,0,TU
-1119.25,-2202,0,TU
584.25,-2201.5,0,TU
712.25,-2201.5,0,TU
2595.25,-2201,0,TU
-1352.25,-2200,0,TU
-1438.25,-2199,0,TU
2469.25,-2199,0,TU
2570.75,-2199,0,TU
-1587.75,-2198.5,0,TU
751.25,-2198.5,0,TU
2161.25,-2198.5,0,TU
-1757.75,-2198,0,TU
1580.75,-2198,0,TU
-1988.75,-2197,0,TU
562.25,-2197,0,TU
-478.25,-2196,0,TU
-1931.75,-2195.5,0,TU
-1810.75,-2195,0,TU
-1072.75,-2195,0,TU
-1736.25,-2194,0,TU
-1559.25,-2193,0,TU
126.75,-2192.5,0,TU
-1966.75,-2192,0,TU
2187.25,-2191.5,0,TU
2308.25,-2191.5,0,TU
-2016.75,-2190,0,TU
-1513.25,-2189.5,0,TU
-1419.25,-2189,0,TU
-193.75,-2189,0,TU
-1319.25,-2188.5,0,TU
-825.25,-2188.5,0,TU
733.75,-2188.5,0,TU
764.25,-2187.5,0,TU
-1783.25,-2187,0,TU
-2307.25,-2186,0,TU
-61.75,-2185,0,TU
804.75,-2185,0,TU
-2037.75,-2184.5,0,TU
-163.25,-2182.5,0,TU
-2281.25,-2181.5,0,TU
-902.75,-2181,0,TU
-2106.75,-2180.5,0,TU
198.75,-2180.5,0,TU
1614.75,-2180,0,TU
-2068.75,-2179.5,0,TU
-1465.75,-2179.5,0,TU
-2247.25,-2179,0,TU
-2168.25,-2178.5,0,TU
-332.75,-2178.5,0,TU
-1487.25,-2178,0,TU
-1253.75,-2178,0,TU
-799.25,-2177.5,0,TU
2388.75,-2177.5,0,TU
1008.75,-2176.5,0,TU
2459.75,-2176.5,0,TU
-1007.75,-2176,0,TU
-1280.75,-2174.5,0,TU
-1068.75,-2174.5,0,TU
892.75,-2174,0,TU
2491.25,-2174,0,TU
2520.25,-2174,0,TU
-627.75,-2173.5,0,TU
-930.25,-2173,0,TU
-1443.25,-2171,0,TU
265.25,-2170.5,0,TU
743.75,-2170.5,0,TU
-2186.75,-2170,0,TU
-712.25,-2170,0,TU
-1594.75,-2168.5,0,TU
-1167.25,-2168.5,0,TU
-1916.25,-2168,0,TU
-1807.25,-2167,0,TU
1586.75,-2167,0,TU
-2399.75,-2166.5,0,TU
224.25,-2166,0,TU
292.75,-2166,0,TU
1188.75,-2165.5,0,TU
-2374.25,-2164.5,0,TU
-1507.25,-2163.5,0,TU
-1312.25,-2163.5,0,TU
-1486.25,-2163,0,TU
702.75,-2163,0,TU
808.75,-2162.5,0,TU
2442.25,-2162.5,0,TU
-1089.75,-2162,0,TU
2123.25,-2160.5,0,TU
2476.75,-2160,0,TU
-943.25,-2159.5,0,TU
-1962.25,-2159,0,TU
199.25,-2158.5,0,TU
239.25,-2158,0,TU
722.25,-2158,0,TU
-1706.25,-2157.5,0,TU
-562.75,-2157.5,0,TU
843.75,-2157.5,0,TU
2197.25,-2157.5,0,TU
-1684.75,-2156,0,TU
658.25,-2155.5,0,TU
881.25,-2155.5,0,TU
-2342.25,-2155,0,TU
-2219.75,-2155,0,TU
-2117.75,-2155,0,TU
1066.25,-2155,0,TU
1569.25,-2155,0,TU
-2469.75,-2154,0,TU
-2171.25,-2153,0,TU
-2045.75,-2153,0,TU
-904.25,-2153,0,TU
85.25,-2152,0,TU
-2485.75,-2151.5,0,TU
-2140.25,-2151.5,0,TU
-1108.25,-2151,0,TU
-2366.75,-2150.5,0,TU
-2323.75,-2150.5,0,TU
-1754.25,-2150.5,0,TU
-1552.75,-2150.5,0,TU
-108.25,-2150.5,0,TU
2533.25,-2150.5,0,TU
1383.75,-2150,0,TU
-2399.75,-2149,0,TU
-1153.25,-2149,0,TU
-883.25,-2149,0,TU
1465.25,-2148.5,0,TU
852.25,-2148,0,TU
-1982.75,-2147.5,0,TU
-2019.75,-2147,0,TU
-1719.75,-2147,0,TU
-2188.75,-2146.5,0,TU
-1520.75,-2146,0,TU
-1181.75,-2145.5,0,TU
747.25,-2145,0,TU
580.75,-2141.5,0,TU
764.75,-2141,0,TU
-1167.25,-2140.5,0,TU
640.75,-2140.5,0,TU
1011.75,-2140.5,0,TU
-2157.75,-2140,0,TU
-1709.75,-2140,0,TU
711.25,-2140,0,TU
-30.75,-2139,0,TU
-2307.75,-2138.5,0,TU
-136.25,-2138.5,0,TU
2110.75,-2138,0,TU
2503.75,-2138,0,TU
724.75,-2137.5,0,TU
-789.25,-2136.5,0,TU
-177.75,-2136.5,0,TU
681.75,-2136.5,0,TU
787.75,-2136.5,0,TU
-1391.25,-2135,0,TU
336.75,-2134.5,0,TU
2346.25,-2134,0,TU
-2131.25,-2133.5,0,TU
-976.25,-2133.5,0,TU
2527.75,-2133.5,0,TU
623.25,-2132,0,TU
821.75,-2132,0,TU
-2048.75,-2131,0,TU
-2021.25,-2130.5,0,TU
-2275.25,-2130,0,TU
-1598.25,-2130,0,TU
377.25,-2130,0,TU
2575.75,-2130,0,TU
-1809.75,-2129.5,0,TU
1994.25,-2129.5,0,TU
-2230.25,-2129,0,TU
350.75,-2129,0,TU
598.75,-2129,0,TU
2192.25,-2129,0,TU
-2372.75,-2128.5,0,TU
-1194.75,-2128.5,0,TU
2551.75,-2128.5,0,TU
-2503.25,-2128,0,TU
-2397.25,-2128,0,TU
-1411.25,-2128,0,TU
2024.25,-2127.5,0,TU
697.75,-2127,0,TU
977.75,-2126.5,0,TU
1207.75,-2126.5,0,TU
2421.25,-2126,0,TU
-1097.75,-2125.5,0,TU
-1790.25,-2125,0,TU
-2542.25,-2124.5,0,TU
-13.25,-2124.5,0,TU
754.75,-2123,0,TU
-1617.75,-2122.5,0,TU
-1588.25,-2121.5,0,TU
-548.25,-2121.5,0,TU
-227.75,-2121,0,TU
-1633.75,-2120,0,TU
-1494.25,-2120,0,TU
2441.75,-2120,0,TU
-1706.75,-2117,0,TU
2536.75,-2117,0,TU
1976.25,-2116.5,0,TU
-2196.75,-2115.5,0,TU
-984.75,-2115.5,0,TU
1777.25,-2115.5,0,TU
2336.25,-2115.5,0,TU
819.75,-2115,0,TU
1583.25,-2115,0,TU
284.25,-2114,0,TU
-286.75,-2113.5,0,TU
-2074.25,-2113,0,TU
-890.25,-2113,0,TU
-2342.75,-2112,0,TU
373.25,-2110.5,0,TU
2424.75,-2110.5,0,TU
-1578.75,-2109,0,TU
2566.25,-2109,0,TU
-1174.75,-2108.5,0,TU
659.25,-2107.5,0,TU
2496.75,-2107.5,0,TU
-172.75,-2107,0,TU
731.75,-2106.5,0,TU
336.25,-2106,0,TU
2542.75,-2106,0,TU
2285.75,-2105.5,0,TU
1546.75,-2105,0,TU
-964.75,-2104.5,0,TU
-2454.75,-2104,0,TU
-2288.25,-2103.5,0,TU
-1563.25,-2103,0,TU
-822.25,-2102.5,0,TU
618.25,-2102,0,TU
-2507.75,-2100,0,TU
2437.25,-2100,0,TU
2559.25,-2100,0,TU
2308.25,-2099,0,TU
1757.25,-2098.5,0,TU
2584.25,-2098,0,TU
-2272.25,-2097.5,0,TU
2512.25,-2097.5,0,TU
-2231.75,-2097,0,TU
-899.25,-2095.5,0,TU
-2132.25,-2094.5,0,TU
-1112.75,-2094.5,0,TU
1573.75,-2094.5,0,TU
-2151.75,-2094,0,TU
-1670.75,-2094,0,TU
1555.75,-2094,0,TU
2382.25,-2093.5,0,TU
-2307.75,-2093,0,TU
2664.75,-2093,0,TU
-2524.75,-2091.5,0,TU
-1602.25,-2091.5,0,TU
376.25,-2091.5,0,TU
-1539.75,-2091,0,TU
-945.75,-2090.5,0,TU
-678.75,-2090,0,TU
2542.25,-2089,0,TU
-1167.75,-2088.5,0,TU
2603.25,-2086,0,TU
-2328.75,-2085.5,0,TU
654.75,-2085.5,0,TU
702.75,-2085.5,0,TU
-1648.75,-2084.5,0,TU
-346.75,-2084.5,0,TU
322.25,-2083.5,0,TU
288.25,-2083,0,TU
-2478.25,-2082,0,TU
-1962.25,-2081.5,0,TU
-2301.25,-2081,0,TU
759.75,-2080.5,0,TU
-1719.25,-2080,0,TU
-2016.75,-2079,0,TU
965.25,-2079,0,TU
626.25,-2078.5,0,TU
-2504.75,-2078,0,TU
1593.75,-2078,0,TU
-1852.25,-2077.5,0,TU
-2264.75,-2077,0,TU
645.75,-2076.5,0,TU
1743.25,-2076,0,TU
2441.75,-2076,0,TU
2554.75,-2075.5,0,TU
2574.75,-2075.5,0,TU
-192.25,-2075,0,TU
-1620.75,-2074.5,0,TU
-1241.75,-2074.5,0,TU
-2460.25,-2074,0,TU
2468.75,-2073.5,0,TU
-1045.25,-2073,0,TU
-1782.75,-2072.5,0,TU
1549.25,-2072.5,0,TU
110.25,-2071.5,0,TU
2402.75,-2070,0,TU
-1879.75,-2069.5,0,TU
-1692.25,-2069,0,TU
2158.75,-2069,0,TU
-2479.75,-2067.5,0,TU
2377.25,-2067.5,0,TU
2593.75,-2066,0,TU
666.25,-2065.5,0,TU
74.25,-2064.5,0,TU
2652.25,-2064.5,0,TU
-1275.75,-2064,0,TU
-1152.75,-2063.5,0,TU
-2201.25,-2063,0,TU
1989.25,-2063,0,TU
-921.75,-2062.5,0,TU
-651.75,-2062.5,0,TU
612.75,-2062.5,0,TU
2343.75,-2062.5,0,TU
-1373.25,-2062,0,TU
1927.75,-2062,0,TU
2617.75,-2060.5,0,TU
-2036.75,-2060,0,TU
-1929.25,-2059.5,0,TU
-2231.75,-2058,0,TU
-2053.75,-2058,0,TU
-2278.75,-2057.5,0,TU
-2217.75,-2057.5,0,TU
-1136.75,-2057.5,0,TU
-2338.75,-2057,0,TU
-890.75,-2057,0,TU
-1220.25,-2056.5,0,TU
210.25,-2056.5,0,TU
-436.25,-2056,0,TU
647.75,-2054,0,TU
-986.25,-2053.5,0,TU
354.75,-2053,0,TU
-1812.25,-2052.5,0,TU
-2088.75,-2052,0,TU
-1862.75,-2052,0,TU
-2438.25,-2051,0,TU
-1907.75,-2050.5,0,TU
-1107.25,-2048.5,0,TU
-2014.75,-2048,0,TU
-2529.75,-2047.5,0,TU
2630.25,-2047,0,TU
-2068.75,-2046.5,0,TU
1590.75,-2046.5,0,TU
-2127.75,-2046,0,TU
-957.25,-2046,0,TU
-1988.75,-2045,0,TU
-2221.75,-2044,0,TU
-1084.75,-2044,0,TU
692.25,-2042,0,TU
-1363.25,-2041,0,TU
-1011.75,-2040,0,TU
2403.75,-2040,0,TU
-1160.25,-2039.5,0,TU
2545.25,-2039.5,0,TU
2665.75,-2039.5,0,TU
-2497.25,-2039,0,TU
-2469.25,-2039,0,TU
-2386.25,-2039,0,TU
1708.75,-2039,0,TU
-1258.75,-2038,0,TU
369.25,-2037,0,TU
645.25,-2037,0,TU
1623.25,-2037,0,TU
-1951.75,-2035.5,0,TU
-1425.25,-2035.5,0,TU
293.25,-2035,0,TU
2531.75,-2035,0,TU
-2107.25,-2034.5,0,TU
-2048.75,-2034.5,0,TU
1963.25,-2034,0,TU
1987.75,-2032.5,0,TU
-912.75,-2031.5,0,TU
-2295.25,-2031,0,TU
-36.75,-2031,0,TU
-1170.25,-2030.5,0,TU
-2370.75,-2029.5,0,TU
-2248.25,-2029.5,0,TU
-753.25,-2029,0,TU
-1128.75,-2027.5,0,TU
-1941.75,-2027,0,TU
98.75,-2027,0,TU
-468.75,-2025,0,TU
188.75,-2024,0,TU
2430.75,-2024,0,TU
-1958.75,-2023.5,0,TU
351.75,-2023.5,0,TU
2592.25,-2023,0,TU
-1193.25,-2022.5,0,TU
-1875.75,-2022,0,TU
-1019.75,-2021.5,0,TU
2322.25,-2021.5,0,TU
-1232.25,-2020,0,TU
-2074.25,-2019.5,0,TU
141.25,-2019.5,0,TU
-2269.25,-2019,0,TU
-967.25,-2019,0,TU
1521.25,-2019,0,TU
-1918.25,-2018.5,0,TU
-1637.25,-2018.5,0,TU
-1537.25,-2018.5,0,TU
-2098.75,-2018,0,TU
-1686.25,-2017.5,0,TU
-1606.75,-2017.5,0,TU
2383.75,-2017.5,0,TU
2472.25,-2017.5,0,TU
2546.75,-2016,0,TU
-993.25,-2015.5,0,TU
-883.75,-2015,0,TU
-1150.25,-2014.5,0,TU
-1583.25,-2014,0,TU
-1846.75,-2012,0,TU
-2196.75,-2010,0,TU
-2281.25,-2009.5,0,TU
1124.25,-2009.5,0,TU
2418.75,-2009.5,0,TU
-1463.25,-2009,0,TU
2435.25,-2008,0,TU
-2482.75,-2007.5,0,TU
-1251.25,-2007.5,0,TU
-1174.25,-2007.5,0,TU
-1662.75,-2007,0,TU
-1096.75,-2007,0,TU
2454.25,-2007,0,TU
1446.75,-2006,0,TU
-1398.25,-2005.5,0,TU
-937.75,-2005.5,0,TU
625.25,-2005.5,0,TU
2633.75,-2005.5,0,TU
1641.25,-2005,0,TU
-1495.25,-2004.5,0,TU
2659.75,-2004,0,TU
-1991.75,-2003.5,0,TU
-1971.75,-2003.5,0,TU
-854.75,-2003.5,0,TU
327.25,-2003.5,0,TU
-2239.75,-2002.5,0,TU
-1034.75,-2002.5,0,TU
289.75,-2000.5,0,TU
71.75,-2000,0,TU
350.25,-2000,0,TU
-2158.25,-1999.5,0,TU
-1480.75,-1999.5,0,TU
-1301.75,-1999,0,TU
-964.75,-1999,0,TU
2466.75,-1998.5,0,TU
-1588.25,-1997,0,TU
-369.25,-1997,0,TU
398.25,-1996.5,0,TU
-1958.25,-1996,0,TU
-1120.75,-1996,0,TU
-2027.25,-1995,0,TU
664.25,-1994,0,TU
-2067.75,-1993.5,0,TU
-2443.75,-1993,0,TU
-2318.25,-1993,0,TU
-1342.25,-1992.5,0,TU
-1283.25,-1992,0,TU
-1220.25,-1992,0,TU
812.25,-1991.5,0,TU
-1012.25,-1991,0,TU
2641.25,-1991,0,TU
-1511.25,-1990.5,0,TU
111.25,-1990,0,TU
304.25,-1989.5,0,TU
895.25,-1989.5,0,TU
-923.75,-1988,0,TU
2486.25,-1988,0,TU
-1930.25,-1987.5,0,TU
1585.75,-1987.5,0,TU
-1431.75,-1987,0,TU
-2268.25,-1986,0,TU
-2349.75,-1985.5,0,TU
377.25,-1985.5,0,TU
1240.25,-1985.5,0,TU
-1448.75,-1984,0,TU
606.75,-1983,0,TU
-2177.75,-1982.5,0,TU
-2132.25,-1981,0,TU
436.75,-1980.5,0,TU
459.75,-1980.5,0,TU
2616.75,-1980.5,0,TU
-2297.25,-1978.5,0,TU
846.75,-1978.5,0,TU
878.75,-1978.5,0,TU
2421.25,-1978,0,TU
-1804.75,-1977,0,TU
-989.25,-1976,0,TU
-1263.75,-1975.5,0,TU
-1471.25,-1975,0,TU
-687.75,-1975,0,TU
317.75,-1974.5,0,TU
-2145.75,-1973.5,0,TU
-1157.75,-1973,0,TU
2534.25,-1973,0,TU
2575.25,-1973,0,TU
-2448.75,-1972,0,TU
-195.75,-1971.5,0,TU
-1520.25,-1970.5,0,TU
-266.25,-1970,0,TU
-2063.25,-1969.5,0,TU
-1217.75,-1968.5,0,TU
-1852.25,-1968,0,TU
-1751.75,-1968,0,TU
-1276.25,-1968,0,TU
1664.25,-1967.5,0,TU
-1302.75,-1967,0,TU
-2131.25,-1966.5,0,TU
-1895.25,-1966.5,0,TU
-2042.75,-1964.5,0,TU
-1374.75,-1964.5,0,TU
-2470.25,-1963.5,0,TU
336.25,-1963,0,TU
1529.75,-1963,0,TU
-1672.75,-1962.5,0,TU
2207.25,-1961,0,TU
-1775.25,-1960,0,TU
764.75,-1960,0,TU
267.75,-1959.5,0,TU
2494.25,-1959.5,0,TU
389.25,-1958.5,0,TU
469.25,-1958.5,0,TU
2602.25,-1958.5,0,TU
-1456.75,-1958,0,TU
-2276.75,-1957.5,0,TU
-1350.25,-1957.5,0,TU
-625.25,-1957,0,TU
571.25,-1957,0,TU
1585.25,-1957,0,TU
-1870.75,-1956.5,0,TU
2415.25,-1955,0,TU
297.75,-1954.5,0,TU
-2251.75,-1954,0,TU
-2184.75,-1954,0,TU
1574.25,-1954,0,TU
-2400.75,-1953.5,0,TU
-1217.75,-1953,0,TU
1347.75,-1952.5,0,TU
-1701.25,-1951.5,0,TU
-1089.75,-1951.5,0,TU
-1018.75,-1951.5,0,TU
498.25,-1951.5,0,TU
364.75,-1950.5,0,TU
194.25,-1950,0,TU
1685.75,-1949.5,0,TU
-907.25,-1949,0,TU
-1049.75,-1948,0,TU
-2467.25,-1947,0,TU
-46.75,-1946.5,0,TU
-2160.75,-1945.5,0,TU
1640.75,-1945,0,TU
871.75,-1944.5,0,TU
2389.75,-1944,0,TU
-1834.75,-1943.5,0,TU
2367.25,-1943.5,0,TU
310.25,-1943,0,TU
-1726.75,-1941.5,0,TU
-1803.75,-1939.5,0,TU
-32.25,-1938.5,0,TU
452.75,-1938.5,0,TU
-1190.75,-1938,0,TU
2529.25,-1938,0,TU
-2444.75,-1937,0,TU
1482.75,-1937,0,TU
-2113.75,-1934.5,0,TU
-1783.25,-1934.5,0,TU
-938.75,-1934.5,0,TU
577.75,-1934,0,TU
-719.75,-1932.5,0,TU
-2090.25,-1931.5,0,TU
-868.75,-1931.5,0,TU
2423.75,-1931.5,0,TU
-2423.25,-1931,0,TU
-16.75,-1930,0,TU
410.75,-1929.5,0,TU
951.75,-1928,0,TU
-1091.25,-1927.5,0,TU
2554.75,-1927,0,TU
-1043.25,-1925.5,0,TU
1621.25,-1925.5,0,TU
368.25,-1924.5,0,TU
1562.75,-1924,0,TU
-1029.25,-1923,0,TU
1465.25,-1922.5,0,TU
-2260.25,-1921.5,0,TU
-1785.25,-1921.5,0,TU
-2476.75,-1920.5,0,TU
641.25,-1920,0,TU
1672.25,-1919,0,TU
734.75,-1917.5,0,TU
-2385.25,-1917,0,TU
-2409.25,-1916,0,TU
-392.75,-1916,0,TU
1721.75,-1916,0,TU
-372.75,-1914.5,0,TU
431.75,-1914,0,TU
854.75,-1913,0,TU
-1087.25,-1912,0,TU
-891.25,-1911.5,0,TU
2405.25,-1911,0,TU
-2439.75,-1910.5,0,TU
-2462.25,-1909,0,TU
81.75,-1909,0,TU
-2350.25,-1907.5,0,TU
-642.75,-1907.5,0,TU
1701.25,-1907.5,0,TU
1619.25,-1907,0,TU
-332.75,-1905,0,TU
-2494.25,-1904,0,TU
490.75,-1904,0,TU
2383.75,-1903.5,0,TU
2588.25,-1903.5,0,TU
-938.75,-1902.5,0,TU
-1988.75,-1902,0,TU
-1861.75,-1901.5,0,TU
2363.25,-1899,0,TU
670.75,-1898,0,TU
-835.25,-1897.5,0,TU
2284.75,-1897.5,0,TU
-2240.75,-1896.5,0,TU
2340.25,-1896,0,TU
-1236.25,-1894.5,0,TU
1583.75,-1894.5,0,TU
-2295.25,-1893.5,0,TU
-1892.75,-1893,0,TU
-1218.75,-1893,0,TU
-1141.25,-1893,0,TU
1235.75,-1892.5,0,TU
-2374.25,-1892,0,TU
-2191.75,-1889.5,0,TU
-2479.25,-1888.5,0,TU
313.25,-1888.5,0,TU
468.25,-1888.5,0,TU
-2270.25,-1888,0,TU
1675.75,-1887,0,TU
1696.25,-1887,0,TU
-1052.25,-1886,0,TU
1613.75,-1886,0,TU
-851.75,-1885.5,0,TU
-2099.25,-1883.5,0,TU
-2077.75,-1883,0,TU
-249.75,-1883,0,TU
-2357.75,-1881.5,0,TU
-938.75,-1881.5,0,TU
532.75,-1881.5,0,TU
2316.75,-1880.5,0,TU
2422.75,-1880.5,0,TU
-1710.25,-1879.5,0,TU
-1805.75,-1879,0,TU
2456.25,-1878,0,TU
2337.25,-1877,0,TU
-2503.25,-1876,0,TU
648.75,-1874.5,0,TU
-2313.25,-1873.5,0,TU
2471.25,-1873.5,0,TU
303.25,-1873,0,TU
377.75,-1872.5,0,TU
-1962.25,-1871.5,0,TU
-2130.75,-1871,0,TU
-2520.25,-1870.5,0,TU
-1933.25,-1869.5,0,TU
-829.25,-1869.5,0,TU
820.75,-1869,0,TU
-2021.25,-1868.5,0,TU
-963.75,-1868.5,0,TU
-327.25,-1868.5,0,TU
-1994.75,-1868,0,TU
-535.25,-1867,0,TU
-402.75,-1867,0,TU
-170.25,-1865.5,0,TU
2270.75,-1865.5,0,TU
-2281.25,-1865,0,TU
-2172.75,-1864,0,TU
1636.25,-1864,0,TU
-387.25,-1863,0,TU
1505.75,-1863,0,TU
-2189.75,-1862.5,0,TU
-1864.25,-1861,0,TU
-197.75,-1861,0,TU
518.75,-1861,0,TU
1546.25,-1861,0,TU
2497.25,-1860,0,TU
-301.75,-1859,0,TU
-2088.75,-1857,0,TU
2237.75,-1856,0,TU
2362.25,-1856,0,TU
-2143.75,-1854.5,0,TU
124.25,-1854,0,TU
2442.75,-1854,0,TU
-1214.25,-1853.5,0,TU
-1971.25,-1852,0,TU
-1749.25,-1852,0,TU
-598.75,-1850.5,0,TU
-1881.75,-1849,0,TU
-1699.25,-1847.5,0,TU
499.75,-1847.5,0,TU
443.25,-1847,0,TU
2456.25,-1846,0,TU
-2221.25,-1845.5,0,TU
553.75,-1845.5,0,TU
1462.25,-1845.5,0,TU
-2437.75,-1845,0,TU
-2270.75,-1845,0,TU
-1989.75,-1842,0,TU
2218.75,-1842,0,TU
2434.75,-1842,0,TU
-1952.75,-1841,0,TU
-2027.25,-1840.5,0,TU
-1921.25,-1839.5,0,TU
-192.75,-1839.5,0,TU
64.75,-1839.5,0,TU
-2047.75,-1839,0,TU
-587.75,-1839,0,TU
-415.75,-1838.5,0,TU
-2389.75,-1838,0,TU
2497.75,-1837.5,0,TU
-676.25,-1836.5,0,TU
-566.25,-1836,0,TU
-2509.25,-1835.5,0,TU
2347.75,-1834,0,TU
-2170.25,-1833.5,0,TU
-2103.25,-1833.5,0,TU
1475.75,-1832.5,0,TU
-1805.75,-1832,0,TU
-1439.75,-1832,0,TU
-1758.75,-1830,0,TU
2366.75,-1830,0,TU
404.25,-1828,0,TU
1143.25,-1828,0,TU
1577.25,-1827.5,0,TU
495.25,-1827,0,TU
-2451.75,-1825.5,0,TU
-865.75,-1825,0,TU
-1872.75,-1824.5,0,TU
-768.75,-1824,0,TU
-1122.75,-1822,0,TU
-2534.75,-1821,0,TU
2398.75,-1820.5,0,TU
-192.25,-1820,0,TU
561.25,-1819.5,0,TU
2314.75,-1819.5,0,TU
314.75,-1819,0,TU
2245.25,-1819,0,TU
19.25,-1818.5,0,TU
383.75,-1818.5,0,TU
1345.25,-1818,0,TU
-2576.25,-1817.5,0,TU
-1676.25,-1817.5,0,TU
1560.75,-1816.5,0,TU
705.75,-1815,0,TU
-1449.25,-1814.5,0,TU
1405.75,-1814.5,0,TU
-457.75,-1814,0,TU
426.75,-1813,0,TU
513.25,-1811.5,0,TU
-14.75,-1810,0,TU
2343.75,-1810,0,TU
2432.75,-1809.5,0,TU
-551.75,-1809,0,TU
-475.75,-1808.5,0,TU
474.25,-1808.5,0,TU
2290.25,-1806.5,0,TU
-1998.25,-1806,0,TU
1569.75,-1806,0,TU
1478.75,-1805.5,0,TU
1594.75,-1805.5,0,TU
-1805.25,-1805,0,TU
-2221.25,-1804.5,0,TU
-338.75,-1802,0,TU
-2330.25,-1801,0,TU
-2077.25,-1800.5,0,TU
-2296.75,-1800,0,TU
-391.75,-1800,0,TU
1239.25,-1800,0,TU
-1233.25,-1799.5,0,TU
565.25,-1799.5,0,TU
-1840.75,-1798.5,0,TU
-858.75,-1798.5,0,TU
-2022.25,-1798,0,TU
717.75,-1798,0,TU
-413.25,-1796.5,0,TU
1652.25,-1796,0,TU
-2046.75,-1795,0,TU
-1248.25,-1794.5,0,TU
-725.75,-1794.5,0,TU
1166.75,-1794.5,0,TU
609.25,-1793.5,0,TU
1558.75,-1793.5,0,TU
871.75,-1792.5,0,TU
2212.75,-1792.5,0,TU
1289.75,-1791.5,0,TU
2331.25,-1789.5,0,TU
-1401.25,-1789,0,TU
-177.25,-1789,0,TU
-1862.75,-1788.5,0,TU
-1282.75,-1788,0,TU
-674.75,-1787.5,0,TU
2422.25,-1787.5,0,TU
-1797.75,-1786,0,TU
1569.75,-1785.5,0,TU
251.25,-1784,0,TU
-2354.75,-1783.5,0,TU
-1991.75,-1783.5,0,TU
-1601.75,-1783,0,TU
1533.75,-1783,0,TU
483.25,-1781.5,0,TU
643.25,-1781.5,0,TU
413.75,-1780.5,0,TU
1322.75,-1780.5,0,TU
-242.75,-1780,0,TU
1251.25,-1779,0,TU
1460.75,-1778.5,0,TU
2142.25,-1778.5,0,TU
-2078.25,-1778,0,TU
908.75,-1778,0,TU
2328.25,-1777.5,0,TU
-1782.75,-1776.5,0,TU
72.75,-1776.5,0,TU
498.75,-1775.5,0,TU
-340.25,-1774,0,TU
-1756.75,-1773.5,0,TU
-295.75,-1773,0,TU
-1073.25,-1772,0,TU
431.75,-1772,0,TU
-568.75,-1771.5,0,TU
2398.25,-1771.5,0,TU
-1928.25,-1770,0,TU
-1302.25,-1769.5,0,TU
-2430.25,-1769,0,TU
1672.25,-1768.5,0,TU
-1492.25,-1767.5,0,TU
-1457.75,-1767.5,0,TU
-275.75,-1767,0,TU
1262.25,-1765.5,0,TU
-2304.75,-1764.5,0,TU
-1993.25,-1762.5,0,TU
1413.25,-1762.5,0,TU
-2017.25,-1762,0,TU
-1418.75,-1762,0,TU
-2320.25,-1761,0,TU
-1878.25,-1761,0,TU
-2065.25,-1760,0,TU
1532.25,-1760,0,TU
2125.75,-1760,0,TU
2476.25,-1759.5,0,TU
290.75,-1759,0,TU
-1177.75,-1758.5,0,TU
-1797.75,-1758,0,TU
-1095.75,-1758,0,TU
1300.75,-1758,0,TU
1433.75,-1758,0,TU
2537.25,-1758,0,TU
-586.75,-1757.5,0,TU
-251.75,-1757,0,TU
491.75,-1757,0,TU
2181.25,-1757,0,TU
-612.25,-1756.5,0,TU
2399.75,-1756,0,TU
-1910.25,-1755.5,0,TU
-1860.25,-1755.5,0,TU
-1300.75,-1755.5,0,TU
1463.25,-1755.5,0,TU
-1517.75,-1754.5,0,TU
1501.75,-1754.5,0,TU
519.25,-1754,0,TU
-1052.75,-1753.5,0,TU
-1203.75,-1753,0,TU
-384.25,-1753,0,TU
1702.25,-1753,0,TU
-1137.25,-1752.5,0,TU
-1027.25,-1752.5,0,TU
-210.75,-1752.5,0,TU
-2348.25,-1751,0,TU
2369.75,-1750.5,0,TU
-315.25,-1750,0,TU
1560.25,-1750,0,TU
2214.25,-1750,0,TU
-2104.25,-1749.5,0,TU
2293.75,-1749.5,0,TU
-1011.75,-1747,0,TU
-2091.25,-1746.5,0,TU
-1679.25,-1745,0,TU
509.25,-1744.5,0,TU
600.25,-1744.5,0,TU
1534.75,-1744.5,0,TU
-1614.25,-1744,0,TU
-988.75,-1744,0,TU
-35.75,-1744,0,TU
-2334.75,-1743.5,0,TU
-295.25,-1743.5,0,TU
2115.75,-1743.5,0,TU
-1233.75,-1741,0,TU
-6.75,-1740.5,0,TU
-670.75,-1740,0,TU
-223.25,-1740,0,TU
887.75,-1740,0,TU
-2258.75,-1739.5,0,TU
2425.75,-1739.5,0,TU
1429.75,-1738.5,0,TU
2447.25,-1738.5,0,TU
-1862.25,-1738,0,TU
-178.25,-1738,0,TU
-1919.75,-1737.5,0,TU
-1723.25,-1737.5,0,TU
-1468.25,-1737,0,TU
-613.25,-1737,0,TU
-496.75,-1737,0,TU
2172.25,-1737,0,TU
-2367.75,-1735,0,TU
-1796.75,-1735,0,TU
1070.75,-1733.5,0,TU
1687.75,-1733,0,TU
-1660.75,-1732.5,0,TU
-1445.75,-1732.5,0,TU
-1370.75,-1732,0,TU
-325.75,-1731,0,TU
2402.25,-1731,0,TU
-1941.75,-1730,0,TU
-1700.75,-1729.5,0,TU
2333.25,-1729.5,0,TU
-2278.75,-1729,0,TU
-2050.75,-1729,0,TU
-244.25,-1728.5,0,TU
1469.75,-1728,0,TU
-1267.25,-1727.5,0,TU
-1885.75,-1727,0,TU
528.25,-1727,0,TU
2419.75,-1727,0,TU
-1201.75,-1726.5,0,TU
555.75,-1726.5,0,TU
2183.25,-1726,0,TU
-1176.25,-1725.5,0,TU
230.75,-1725,0,TU
2494.25,-1725,0,TU
408.25,-1724.5,0,TU
429.75,-1724.5,0,TU
-210.75,-1723,0,TU
-2109.75,-1721.5,0,TU
-640.25,-1721,0,TU
726.75,-1721,0,TU
-2134.25,-1720.5,0,TU
-1154.75,-1720,0,TU
-1048.75,-1720,0,TU
449.25,-1718.5,0,TU
-1809.25,-1717.5,0,TU
1328.75,-1717.5,0,TU
-48.25,-1715,0,TU
2392.75,-1714,0,TU
-1456.75,-1713.5,0,TU
-1831.75,-1712,0,TU
877.25,-1711,0,TU
-134.75,-1710.5,0,TU
-535.75,-1709.5,0,TU
2151.25,-1709.5,0,TU
-1265.25,-1709,0,TU
637.75,-1709,0,TU
-1079.25,-1708.5,0,TU
-2429.25,-1708,0,TU
-2114.75,-1708,0,TU
-1030.75,-1707.5,0,TU
-2409.25,-1707,0,TU
2536.25,-1707,0,TU
-1232.75,-1706,0,TU
-1714.75,-1705.5,0,TU
-1194.75,-1705,0,TU
-2255.75,-1704,0,TU
-1395.25,-1703.5,0,TU
904.75,-1703.5,0,TU
-325.25,-1703,0,TU
565.75,-1702.5,0,TU
2314.75,-1702.5,0,TU
727.25,-1702,0,TU
-2170.25,-1700.5,0,TU
-1936.25,-1700,0,TU
-1650.75,-1700,0,TU
2401.25,-1698.5,0,TU
-2297.25,-1697,0,TU
-1702.75,-1697,0,TU
-1271.75,-1697,0,TU
-2446.25,-1696.5,0,TU
-1770.25,-1695.5,0,TU
-988.25,-1695.5,0,TU
588.25,-1695.5,0,TU
1313.75,-1694.5,0,TU
96.75,-1694,0,TU
1266.25,-1694,0,TU
-2006.75,-1693.5,0,TU
659.25,-1692.5,0,TU
-1418.75,-1692,0,TU
885.75,-1692,0,TU
2343.75,-1692,0,TU
2503.75,-1692,0,TU
-948.75,-1689.5,0,TU
-1124.25,-1689,0,TU
2197.75,-1688,0,TU
-1342.25,-1687.5,0,TU
1400.25,-1687.5,0,TU
-1446.75,-1687,0,TU
-644.25,-1686.5,0,TU
-1627.25,-1686,0,TU
-1255.25,-1685,0,TU
-1870.25,-1684,0,TU
926.75,-1684,0,TU
-2025.25,-1682.5,0,TU
-1204.25,-1682,0,TU
-146.75,-1682,0,TU
-1465.25,-1681.5,0,TU
669.25,-1680.5,0,TU
1236.75,-1680,0,TU
349.25,-1679.5,0,TU
-210.25,-1679,0,TU
1368.25,-1679,0,TU
2472.25,-1679,0,TU
-1599.75,-1678.5,0,TU
-239.25,-1677.5,0,TU
2103.75,-1677.5,0,TU
1536.75,-1677,0,TU
1449.75,-1676.5,0,TU
2264.25,-1676.5,0,TU
-2418.75,-1676,0,TU
-1427.25,-1675.5,0,TU
-2155.75,-1675,0,TU
2424.75,-1675,0,TU
2323.25,-1674,0,TU
-972.25,-1673,0,TU
-1756.75,-1672.5,0,TU
586.75,-1672.5,0,TU
232.75,-1672,0,TU
2387.75,-1671.5,0,TU
-1156.75,-1670,0,TU
-1233.75,-1669.5,0,TU
126.25,-1669.5,0,TU
394.25,-1669,0,TU
2197.25,-1669,0,TU
-646.25,-1668,0,TU
-1932.75,-1667,0,TU
-1651.75,-1667,0,TU
-180.75,-1667,0,TU
149.75,-1665.5,0,TU
-1511.75,-1665,0,TU
-2277.75,-1664.5,0,TU
689.75,-1663.5,0,TU
-2549.25,-1663,0,TU
2266.75,-1663,0,TU
-2614.75,-1662,0,TU
-1494.25,-1662,0,TU
-2594.75,-1661.5,0,TU
-2319.25,-1661.5,0,TU
481.75,-1661.5,0,TU
2323.75,-1661.5,0,TU
-2014.75,-1661,0,TU
-92.25,-1660.5,0,TU
2295.25,-1660.5,0,TU
2063.75,-1660,0,TU
-138.75,-1659,0,TU
-1981.75,-1658.5,0,TU
-987.25,-1658.5,0,TU
-868.25,-1658.5,0,TU
623.25,-1658.5,0,TU
2564.75,-1657.5,0,TU
1368.25,-1655.5,0,TU
-1874.75,-1654,0,TU
-692.25,-1654,0,TU
-2166.75,-1653,0,TU
-2330.75,-1651.5,0,TU
2379.75,-1651.5,0,TU
-2554.25,-1651,0,TU
-1675.75,-1651,0,TU
1205.25,-1650,0,TU
2136.25,-1647,0,TU
-1908.75,-1646.5,0,TU
-1746.75,-1646.5,0,TU
1387.75,-1646.5,0,TU
2581.25,-1646.5,0,TU
-2033.75,-1646,0,TU
2353.75,-1646,0,TU
-2452.75,-1645.5,0,TU
54.25,-1645,0,TU
668.75,-1644,0,TU
814.25,-1644,0,TU
2038.25,-1644,0,TU
-2134.25,-1642.5,0,TU
23.75,-1640.5,0,TU
-2184.25,-1639.5,0,TU
-1869.25,-1639,0,TU
-1433.25,-1638.5,0,TU
-1792.75,-1637.5,0,TU
-1158.75,-1637.5,0,TU
-993.75,-1637,0,TU
-1817.25,-1636.5,0,TU
753.75,-1636,0,TU
-495.75,-1635.5,0,TU
-2014.75,-1634.5,0,TU
-971.75,-1634.5,0,TU
-2357.25,-1634,0,TU
2169.75,-1634,0,TU
-1494.25,-1633.5,0,TU
1680.25,-1633.5,0,TU
2517.25,-1632.5,0,TU
2612.75,-1632.5,0,TU
2426.75,-1631,0,TU
-190.25,-1630.5,0,TU
-2322.25,-1629.5,0,TU
2109.75,-1629.5,0,TU
-739.25,-1626,0,TU
40.75,-1626,0,TU
1584.75,-1626,0,TU
2051.75,-1626,0,TU
2454.25,-1625.5,0,TU
1294.25,-1625,0,TU
-1205.25,-1624,0,TU
-2582.25,-1623.5,0,TU
-1460.75,-1623,0,TU
2324.75,-1621.5,0,TU
1552.75,-1621,0,TU
2348.25,-1620.5,0,TU
-2114.75,-1620,0,TU
-941.75,-1619,0,TU
-1520.25,-1618.5,0,TU
-1366.25,-1618,0,TU
813.25,-1618,0,TU
-2466.75,-1617.5,0,TU
-831.25,-1616,0,TU
-2186.75,-1615,0,TU
-1446.75,-1615,0,TU
95.75,-1614.5,0,TU
2391.25,-1614.5,0,TU
2509.25,-1614,0,TU
-2394.75,-1613,0,TU
-1950.25,-1613,0,TU
-1581.25,-1612,0,TU
1179.25,-1612,0,TU
-2623.25,-1610.5,0,TU
-1905.75,-1610.5,0,TU
-650.75,-1610.5,0,TU
1363.75,-1610.5,0,TU
-586.75,-1610,0,TU
294.25,-1609.5,0,TU
842.75,-1609,0,TU
886.25,-1608,0,TU
-2476.75,-1607.5,0,TU
-2216.75,-1607,0,TU
-959.25,-1607,0,TU
1164.75,-1606.5,0,TU
-1884.75,-1606,0,TU
-2321.25,-1605,0,TU
-84.75,-1605,0,TU
-2674.75,-1604.5,0,TU
2027.25,-1604.5,0,TU
-2644.75,-1604,0,TU
2486.75,-1603.5,0,TU
-2167.75,-1603,0,TU
2316.25,-1602.5,0,TU
-1407.75,-1602,0,TU
2096.25,-1602,0,TU
549.25,-1601.5,0,TU
2045.75,-1601,0,TU
-2707.25,-1600.5,0,TU
-671.25,-1600.5,0,TU
17.75,-1600,0,TU
2461.75,-1600,0,TU
-2286.75,-1599.5,0,TU
-183.75,-1597.5,0,TU
2507.75,-1596.5,0,TU
-2434.25,-1596,0,TU
-1591.25,-1595.5,0,TU
1557.25,-1595.5,0,TU
-2493.25,-1595,0,TU
-2408.25,-1595,0,TU
-693.25,-1595,0,TU
2405.25,-1594.5,0,TU
-731.75,-1594,0,TU
2272.75,-1593,0,TU
-1647.75,-1592,0,TU
511.75,-1590.5,0,TU
431.25,-1589.5,0,TU
2004.25,-1589.5,0,TU
-2357.25,-1589,0,TU
-2259.75,-1588.5,0,TU
-2301.25,-1587.5,0,TU
-14.75,-1587.5,0,TU
-1447.25,-1586.5,0,TU
-643.75,-1586.5,0,TU
1579.25,-1586.5,0,TU
-1628.75,-1586,0,TU
-1480.25,-1585,0,TU
-109.25,-1585,0,TU
2629.25,-1581.5,0,TU
2055.25,-1581,0,TU
-2395.25,-1580.5,0,TU
-2679.75,-1580,0,TU
-995.25,-1580,0,TU
-2200.25,-1579.5,0,TU
2023.75,-1579.5,0,TU
-873.25,-1579,0,TU
746.75,-1579,0,TU
-669.25,-1578,0,TU
2356.75,-1578,0,TU
-2032.25,-1577,0,TU
-197.75,-1575.5,0,TU
-81.25,-1575.5,0,TU
-609.75,-1575,0,TU
1412.25,-1575,0,TU
-27.25,-1574.5,0,TU
-57.75,-1574,0,TU
2277.25,-1574,0,TU
-1600.75,-1573.5,0,TU
-1938.25,-1572,0,TU
1068.75,-1572,0,TU
-98.75,-1571.5,0,TU
2428.25,-1571.5,0,TU
2484.25,-1571,0,TU
-2545.75,-1570.5,0,TU
313.25,-1570.5,0,TU
-2492.25,-1570,0,TU
-980.75,-1570,0,TU
2230.75,-1570,0,TU
-1100.25,-1569.5,0,TU
-2736.25,-1568.5,0,TU
-2698.25,-1567.5,0,TU
-1452.25,-1567.5,0,TU
2002.75,-1567.5,0,TU
-2185.75,-1566.5,0,TU
-2587.25,-1566,0,TU
-1919.25,-1566,0,TU
-2161.75,-1565.5,0,TU
1656.75,-1565,0,TU
-1289.75,-1564,0,TU
2619.75,-1564,0,TU
2342.25,-1563.5,0,TU
-2762.25,-1562,0,TU
-862.25,-1562,0,TU
105.25,-1561.5,0,TU
-571.25,-1561,0,TU
795.25,-1559,0,TU
-678.75,-1557.5,0,TU
-604.75,-1557.5,0,TU
1190.25,-1556.5,0,TU
-2007.25,-1556,0,TU
-1839.25,-1556,0,TU
-2465.75,-1555,0,TU
-156.75,-1555,0,TU
-833.75,-1554.5,0,TU
-1626.25,-1554,0,TU
-203.75,-1552.5,0,TU
-186.75,-1552.5,0,TU
1292.75,-1552.5,0,TU
-745.75,-1551,0,TU
2150.75,-1551,0,TU
-1859.75,-1550.5,0,TU
-1956.25,-1550,0,TU
-862.25,-1549.5,0,TU
-124.25,-1549.5,0,TU
2004.75,-1549.5,0,TU
2026.25,-1549,0,TU
-2714.25,-1548.5,0,TU
-1157.25,-1548.5,0,TU
195.75,-1548.5,0,TU
-1436.75,-1548,0,TU
2288.25,-1547.5,0,TU
2499.75,-1547.5,0,TU
2468.75,-1547,0,TU
328.75,-1546,0,TU
-2062.25,-1544,0,TU
-659.25,-1544,0,TU
-64.75,-1543,0,TU
1076.25,-1542.5,0,TU
-2565.25,-1542,0,TU
-884.75,-1542,0,TU
-1989.25,-1541.5,0,TU
-2703.75,-1541,0,TU
2622.25,-1541,0,TU
956.25,-1540.5,0,TU
2518.75,-1540,0,TU
-1472.25,-1539,0,TU
1233.25,-1538.5,0,TU
2239.75,-1538.5,0,TU
2589.75,-1538.5,0,TU
-2079.75,-1538,0,TU
-1101.25,-1537,0,TU
-1928.75,-1536.5,0,TU
2093.75,-1536.5,0,TU
-1002.25,-1535.5,0,TU
1633.25,-1535.5,0,TU
-1312.75,-1535,0,TU
1319.25,-1534.5,0,TU
-728.25,-1533,0,TU
235.25,-1533,0,TU
2602.75,-1533,0,TU
1652.75,-1532.5,0,TU
2339.75,-1532.5,0,TU
-1682.25,-1531.5,0,TU
2279.75,-1531.5,0,TU
-1621.25,-1531,0,TU
-1552.25,-1531,0,TU
-1863.75,-1530.5,0,TU
1972.25,-1530.5,0,TU
2015.25,-1530,0,TU
2358.75,-1530,0,TU
-1235.25,-1529.5,0,TU
1101.75,-1529.5,0,TU
-2238.25,-1529,0,TU
-566.75,-1528.5,0,TU
2296.25,-1528,0,TU
-547.25,-1527.5,0,TU
-2129.75,-1527,0,TU
-2478.75,-1526.5,0,TU
-2297.75,-1526,0,TU
-803.75,-1526,0,TU
-666.75,-1526,0,TU
2074.75,-1525.5,0,TU
-2404.75,-1525,0,TU
-2282.25,-1524,0,TU
-15.25,-1524,0,TU
152.75,-1524,0,TU
688.75,-1524,0,TU
-2046.75,-1523.5,0,TU
-158.75,-1522.5,0,TU
-2386.25,-1521.5,0,TU
-864.75,-1521.5,0,TU
2502.25,-1521.5,0,TU
-1872.75,-1521,0,TU
-1578.25,-1521,0,TU
266.25,-1520.5,0,TU
-2098.25,-1520,0,TU
-2012.25,-1519,0,TU
-502.75,-1519,0,TU
-2555.25,-1518,0,TU
-533.25,-1518,0,TU
-2364.25,-1517,0,TU
-2704.25,-1515.5,0,TU
-371.25,-1514.5,0,TU
-1803.25,-1514,0,TU
-1339.25,-1514,0,TU
-1183.25,-1514,0,TU
2527.75,-1514,0,TU
-1776.75,-1513,0,TU
1445.75,-1513,0,TU
2434.75,-1513,0,TU
-1600.75,-1512.5,0,TU
-69.75,-1512.5,0,TU
2121.75,-1512,0,TU
-1310.25,-1511.5,0,TU
2058.75,-1511.5,0,TU
-1903.75,-1511,0,TU
-1244.25,-1511,0,TU
-1096.25,-1511,0,TU
2013.75,-1511,0,TU
-2822.25,-1510.5,0,TU
-2435.75,-1510,0,TU
-2323.25,-1510,0,TU
2286.75,-1509,0,TU
111.75,-1508.5,0,TU
1688.25,-1508.5,0,TU
1523.25,-1507.5,0,TU
82.75,-1507,0,TU
2494.25,-1507,0,TU
-2598.25,-1506.5,0,TU
-2721.75,-1505.5,0,TU
-819.75,-1505.5,0,TU
2390.75,-1505.5,0,TU
-1856.75,-1505,0,TU
963.25,-1505,0,TU
-2512.25,-1504,0,TU
-2043.75,-1504,0,TU
-1877.25,-1504,0,TU
-1632.25,-1504,0,TU
-1357.75,-1504,0,TU
2255.25,-1504,0,TU
-2241.25,-1503.5,0,TU
2097.25,-1503.5,0,TU
1073.75,-1503,0,TU
-14.75,-1502.5,0,TU
1472.25,-1502.5,0,TU
-1823.75,-1501.5,0,TU
2030.25,-1501.5,0,TU
2115.25,-1501,0,TU
-1013.75,-1500.5,0,TU
-713.75,-1500.5,0,TU
1221.25,-1500.5,0,TU
2474.75,-1500.5,0,TU
-673.75,-1500,0,TU
37.75,-1500,0,TU
2463.25,-1500,0,TU
-893.75,-1499.5,0,TU
1996.75,-1499,0,TU
1316.25,-1498.5,0,TU
-583.25,-1498,0,TU
-111.25,-1498,0,TU
-993.25,-1496,0,TU
18.75,-1496,0,TU
-2577.75,-1495.5,0,TU
1055.75,-1495.5,0,TU
-2271.75,-1495,0,TU
2344.75,-1495,0,TU
-1271.75,-1494.5,0,TU
2515.75,-1494,0,TU
2290.25,-1491.5,0,TU
143.75,-1491,0,TU
1241.25,-1490.5,0,TU
-2677.75,-1490,0,TU
-1768.25,-1489.5,0,TU
-1178.25,-1489.5,0,TU
-2022.75,-1489,0,TU
1031.25,-1489,0,TU
2495.25,-1489,0,TU
357.75,-1488.5,0,TU
-2804.25,-1488,0,TU
-1303.25,-1488,0,TU
-2216.25,-1487.5,0,TU
-1378.75,-1487.5,0,TU
2179.75,-1487,0,TU
-86.75,-1486.5,0,TU
-1451.75,-1485,0,TU
2432.75,-1485,0,TU
2.25,-1483.5,0,TU
1989.25,-1483.5,0,TU
-2547.75,-1482.5,0,TU
-1690.75,-1482.5,0,TU
-1556.75,-1482.5,0,TU
-1638.25,-1482,0,TU
-557.75,-1482,0,TU
-2607.25,-1481.5,0,TU
-992.75,-1481.5,0,TU
-2640.75,-1480.5,0,TU
-2410.75,-1480.5,0,TU
-2580.75,-1480,0,TU
-2351.75,-1480,0,TU
-2880.75,-1479.5,0,TU
-1128.75,-1479.5,0,TU
2263.75,-1479,0,TU
-2290.75,-1478,0,TU
-2378.75,-1477,0,TU
883.25,-1477,0,TU
1929.75,-1476.5,0,TU
-439.75,-1476,0,TU
-2785.75,-1475.5,0,TU
-26.25,-1475.5,0,TU
-2868.75,-1475,0,TU
-2202.25,-1475,0,TU
-700.25,-1474.5,0,TU
-1267.75,-1474,0,TU
-1841.75,-1473.5,0,TU
-904.25,-1473.5,0,TU
975.75,-1473.5,0,TU
2399.75,-1473,0,TU
-742.75,-1472.5,0,TU
2363.25,-1472,0,TU
-1322.75,-1471.5,0,TU
216.25,-1471.5,0,TU
-281.75,-1471,0,TU
-583.75,-1469.5,0,TU
1055.75,-1469.5,0,TU
2136.75,-1469.5,0,TU
58.75,-1469,0,TU
2185.25,-1467,0,TU
-1442.25,-1466,0,TU
-1944.75,-1465.5,0,TU
-867.25,-1465.5,0,TU
124.75,-1465.5,0,TU
2102.75,-1465,0,TU
2508.25,-1464.5,0,TU
-2569.75,-1464,0,TU
-669.75,-1464,0,TU
-52.25,-1463,0,TU
-921.25,-1462.5,0,TU
-518.25,-1462.5,0,TU
-1637.75,-1460.5,0,TU
2322.25,-1460.5,0,TU
2417.75,-1460.5,0,TU
-734.75,-1459.5,0,TU
-2291.75,-1459,0,TU
-2098.75,-1458,0,TU
-503.25,-1457.5,0,TU
-2264.25,-1456,0,TU
-997.75,-1456,0,TU
-691.25,-1455.5,0,TU
-2875.25,-1455,0,TU
2465.25,-1455,0,TU
-2316.25,-1454,0,TU
1844.75,-1454,0,TU
-2651.25,-1453.5,0,TU
-1962.25,-1453,0,TU
2050.75,-1451.5,0,TU
132.25,-1451,0,TU
2337.25,-1450.5,0,TU
-1872.75,-1448.5,0,TU
-1219.75,-1448.5,0,TU
-1839.25,-1447.5,0,TU
-1573.75,-1447.5,0,TU
2393.75,-1447.5,0,TU
2356.25,-1446.5,0,TU
-2672.25,-1446,0,TU
2577.25,-1446,0,TU
-2882.75,-1445.5,0,TU
-1556.75,-1445.5,0,TU
-1335.25,-1445.5,0,TU
95.25,-1445.5,0,TU
-1363.75,-1445,0,TU
2199.75,-1445,0,TU
-2427.75,-1444,0,TU
-2135.25,-1444,0,TU
2107.75,-1444,0,TU
-1890.75,-1443,0,TU
2154.25,-1443,0,TU
-1120.25,-1442.5,0,TU
-1296.25,-1442,0,TU
2267.75,-1442,0,TU
2369.75,-1442,0,TU
415.25,-1441,0,TU
1185.25,-1441,0,TU
-2794.25,-1440.5,0,TU
-979.75,-1440.5,0,TU
1492.75,-1440.5,0,TU
-2038.25,-1440,0,TU
-1192.25,-1440,0,TU
2287.25,-1440,0,TU
-1391.25,-1439,0,TU
1057.75,-1439,0,TU
-2382.25,-1438.5,0,TU
-2240.25,-1437.5,0,TU
-1724.75,-1437,0,TU
-515.25,-1437,0,TU
1925.25,-1437,0,TU
-1591.25,-1436.5,0,TU
-793.75,-1436.5,0,TU
-1056.25,-1435.5,0,TU
-2715.75,-1435,0,TU
-2831.25,-1434,0,TU
-2111.75,-1434,0,TU
-1711.25,-1434,0,TU
-1787.25,-1433,0,TU
14.75,-1433,0,TU
145.75,-1433,0,TU
123.25,-1432.5,0,TU
-2320.25,-1432,0,TU
-767.75,-1432,0,TU
-748.25,-1432,0,TU
-1010.25,-1431.5,0,TU
-998.75,-1430.5,0,TU
-395.25,-1430.5,0,TU
-1765.75,-1429.5,0,TU
-649.75,-1429.5,0,TU
-1879.75,-1429,0,TU
-506.75,-1428.5,0,TU
2215.75,-1428.5,0,TU
-599.25,-1427.5,0,TU
-705.25,-1427,0,TU
-2425.25,-1426.5,0,TU
-2562.75,-1426,0,TU
2109.25,-1426,0,TU
-1238.75,-1425.5,0,TU
1979.75,-1425.5,0,TU
2052.25,-1425.5,0,TU
2423.75,-1425.5,0,TU
-1276.75,-1425,0,TU
2009.75,-1425,0,TU
-2395.25,-1424.5,0,TU
-1333.75,-1424.5,0,TU
-688.25,-1424.5,0,TU
-1938.75,-1424,0,TU
-1536.25,-1424,0,TU
2405.75,-1424,0,TU
-2644.75,-1423,0,TU
-433.75,-1423,0,TU
-1975.25,-1422,0,TU
-2871.25,-1421,0,TU
-2017.75,-1421,0,TU
-2169.75,-1420.5,0,TU
-455.75,-1420.5,0,TU
-2614.75,-1420,0,TU
-1187.25,-1420,0,TU
-2844.25,-1419.5,0,TU
-2893.25,-1419,0,TU
-1900.25,-1419,0,TU
-1628.25,-1418,0,TU
-944.25,-1418,0,TU
-630.75,-1417.5,0,TU
-1368.75,-1416.5,0,TU
-2045.75,-1416,0,TU
-1224.75,-1416,0,TU
1993.25,-1416,0,TU
-156.25,-1415,0,TU
-823.75,-1414.5,0,TU
2391.25,-1414.5,0,TU
-2937.25,-1414,0,TU
-897.75,-1414,0,TU
-609.75,-1414,0,TU
-2631.25,-1413.5,0,TU
-2810.75,-1412.5,0,TU
-1000.75,-1412.5,0,TU
2077.75,-1412,0,TU
2362.75,-1412,0,TU
-531.75,-1411.5,0,TU
156.75,-1411.5,0,TU
-1989.75,-1410.5,0,TU
-1029.75,-1410,0,TU
1344.25,-1410,0,TU
-929.25,-1409.5,0,TU
2210.75,-1409.5,0,TU
-2458.25,-1407.5,0,TU
-1436.75,-1407,0,TU
2173.75,-1406.5,0,TU
-1254.25,-1405,0,TU
-2585.25,-1404,0,TU
-2069.25,-1403.5,0,TU
-1290.25,-1403.5,0,TU
-1205.25,-1403.5,0,TU
-483.75,-1403,0,TU
2334.25,-1403,0,TU
-1587.75,-1402.5,0,TU
-392.75,-1402,0,TU
-2224.75,-1401.5,0,TU
818.75,-1401,0,TU
-2441.25,-1400,0,TU
-1919.25,-1400,0,TU
-186.25,-1400,0,TU
1325.75,-1400,0,TU
-212.75,-1399.5,0,TU
2134.75,-1399.5,0,TU
-514.25,-1398,0,TU
-38.75,-1397.5,0,TU
-725.75,-1397,0,TU
2072.25,-1397,0,TU
-1303.75,-1396.5,0,TU
2155.75,-1396.5,0,TU
-1686.25,-1396,0,TU
1840.25,-1396,0,TU
-410.75,-1394.5,0,TU
-2912.75,-1394,0,TU
-1860.75,-1394,0,TU
-1701.75,-1394,0,TU
-2011.75,-1393.5,0,TU
125.75,-1393.5,0,TU
-1022.25,-1393,0,TU
108.25,-1392.5,0,TU
2122.75,-1392.5,0,TU
2006.75,-1391.5,0,TU
-2888.25,-1391,0,TU
-2507.75,-1390.5,0,TU
-2245.25,-1390.5,0,TU
1968.75,-1390.5,0,TU
-1169.25,-1390,0,TU
-2169.75,-1389.5,0,TU
-1990.75,-1389,0,TU
-911.75,-1389,0,TU
-1908.25,-1388.5,0,TU
-1963.25,-1387.5,0,TU
-700.75,-1387.5,0,TU
-659.75,-1387.5,0,TU
251.25,-1386.5,0,TU
170.25,-1386,0,TU
-501.25,-1384.5,0,TU
2222.75,-1384,0,TU
92.25,-1383.5,0,TU
-2304.75,-1383,0,TU
2421.75,-1383,0,TU
-2820.75,-1382.5,0,TU
-1189.75,-1382.5,0,TU
-536.25,-1382.5,0,TU
-972.75,-1382,0,TU
149.75,-1382,0,TU
-2374.25,-1381.5,0,TU
-2025.75,-1381.5,0,TU
-2286.75,-1380.5,0,TU
-805.25,-1380.5,0,TU
-2430.25,-1380,0,TU
211.25,-1380,0,TU
-84.25,-1379,0,TU
-2329.25,-1378.5,0,TU
-1252.75,-1378.5,0,TU
-2536.75,-1377,0,TU
-129.75,-1377,0,TU
-464.25,-1376.5,0,TU
2362.75,-1376.5,0,TU
-1885.25,-1376,0,TU
-2861.25,-1375.5,0,TU
-1277.25,-1375.5,0,TU
-1175.25,-1375.5,0,TU
-2199.25,-1374.5,0,TU
-2147.25,-1374.5,0,TU
1917.25,-1374,0,TU
1553.25,-1373.5,0,TU
-1646.75,-1372,0,TU
-108.25,-1372,0,TU
533.25,-1372,0,TU
-18.75,-1371.5,0,TU
-775.25,-1371,0,TU
-682.25,-1371,0,TU
35.25,-1371,0,TU
-951.25,-1370.5,0,TU
-2347.25,-1370,0,TU
-1511.25,-1370,0,TU
-1940.25,-1369.5,0,TU
117.75,-1368.5,0,TU
-1572.25,-1368,0,TU
2108.75,-1368,0,TU
-3137.75,-1367,0,TU
-2242.25,-1367,0,TU
-1311.25,-1367,0,TU
-728.25,-1367,0,TU
-2876.25,-1366.5,0,TU
-2562.25,-1366,0,TU
-1994.25,-1365,0,TU
-1295.75,-1364,0,TU
-2161.25,-1363.5,0,TU
-202.25,-1363.5,0,TU
-3042.25,-1363,0,TU
-348.75,-1362.5,0,TU
-748.75,-1362,0,TU
-361.75,-1361.5,0,TU
2427.75,-1361.5,0,TU
-2023.75,-1361,0,TU
-982.25,-1361,0,TU
-1269.75,-1358.5,0,TU
-421.75,-1358.5,0,TU
-497.75,-1358,0,TU
-625.25,-1357.5,0,TU
-926.75,-1357,0,TU
-41.75,-1357,0,TU
-1500.25,-1356.5,0,TU
-650.25,-1356.5,0,TU
-906.25,-1356,0,TU
2031.75,-1356,0,TU
-2326.25,-1355.5,0,TU
-1242.75,-1355.5,0,TU
867.75,-1355.5,0,TU
47.25,-1354.5,0,TU
-3106.75,-1353.5,0,TU
1952.75,-1353.5,0,TU
-1873.75,-1353,0,TU
2153.25,-1353,0,TU
-2618.25,-1352.5,0,TU
1999.25,-1351,0,TU
-1633.75,-1350.5,0,TU
189.75,-1350,0,TU
1521.75,-1350,0,TU
-2947.75,-1349.5,0,TU
326.25,-1349.5,0,TU
-3028.75,-1349,0,TU
-3012.25,-1348.5,0,TU
-2359.25,-1348.5,0,TU
2182.75,-1348.5,0,TU
-123.25,-1348,0,TU
1894.25,-1348,0,TU
-2558.25,-1347.5,0,TU
-1326.25,-1347,0,TU
-2134.75,-1346.5,0,TU
2468.75,-1346,0,TU
-2685.25,-1345,0,TU
-2288.75,-1345,0,TU
-1900.25,-1345,0,TU
1111.25,-1345,0,TU
2121.25,-1344.5,0,TU
-1309.25,-1344,0,TU
-401.75,-1344,0,TU
2490.75,-1344,0,TU
-62.75,-1342.5,0,TU
-2960.25,-1342,0,TU
-2894.75,-1342,0,TU
-2241.25,-1342,0,TU
-1549.25,-1341.5,0,TU
-1176.25,-1341.5,0,TU
-76.75,-1341.5,0,TU
2436.25,-1341.5,0,TU
-3055.25,-1341,0,TU
-2495.25,-1340.5,0,TU
-163.25,-1339.5,0,TU
-2853.75,-1339,0,TU
1849.75,-1339,0,TU
2282.75,-1338,0,TU
-977.75,-1337,0,TU
-1983.75,-1336.5,0,TU
1267.25,-1335.5,0,TU
2103.75,-1335.5,0,TU
2169.25,-1335.5,0,TU
-1581.25,-1334,0,TU
27.75,-1334,0,TU
1236.25,-1334,0,TU
-2066.25,-1333.5,0,TU
1756.25,-1333.5,0,TU
-2554.75,-1333,0,TU
-1913.25,-1332,0,TU
2075.25,-1332,0,TU
-2979.75,-1331.5,0,TU
-383.75,-1331,0,TU
-247.25,-1330.5,0,TU
-2912.75,-1330,0,TU
-2019.25,-1330,0,TU
997.75,-1330,0,TU
2424.75,-1330,0,TU
-1820.25,-1329.5,0,TU
742.75,-1328,0,TU
-2336.75,-1327.5,0,TU
168.25,-1327.5,0,TU
1996.25,-1327.5,0,TU
-3139.75,-1327,0,TU
1552.75,-1326.5,0,TU
-2951.75,-1325.5,0,TU
-3002.25,-1325,0,TU
-901.25,-1325,0,TU
-2120.75,-1324.5,0,TU
-2638.75,-1324,0,TU
2408.75,-1324,0,TU
-3041.25,-1323.5,0,TU
-1340.25,-1323,0,TU
2260.25,-1323,0,TU
-59.25,-1322.5,0,TU
-2133.25,-1322,0,TU
-281.25,-1322,0,TU
189.75,-1321,0,TU
-1934.25,-1320,0,TU
-2323.25,-1319.5,0,TU
1690.25,-1317.5,0,TU
-550.75,-1317,0,TU
-2730.25,-1316.5,0,TU
-2615.75,-1316.5,0,TU
-969.25,-1316.5,0,TU
105.25,-1316.5,0,TU
-2357.25,-1316,0,TU
-762.75,-1316,0,TU
1232.75,-1316,0,TU
-347.75,-1315,0,TU
2460.25,-1315,0,TU
-3102.75,-1314.5,0,TU
-1671.25,-1314.5,0,TU
-159.75,-1314.5,0,TU
2154.25,-1314.5,0,TU
-210.75,-1314,0,TU
978.25,-1314,0,TU
-640.25,-1313.5,0,TU
-373.75,-1313.5,0,TU
1847.25,-1313.5,0,TU
-2786.75,-1313,0,TU
-1563.75,-1311.5,0,TU
-621.25,-1311.5,0,TU
1638.75,-1311,0,TU
510.25,-1309.5,0,TU
-3083.75,-1308.5,0,TU
-1287.75,-1308.5,0,TU
-1046.25,-1308.5,0,TU
752.25,-1308.5,0,TU
-428.75,-1308,0,TU
-410.25,-1308,0,TU
-2075.75,-1307,0,TU
2354.25,-1306,0,TU
2014.75,-1305,0,TU
-1798.75,-1304,0,TU
-1311.25,-1303.5,0,TU
1785.25,-1303.5,0,TU
1988.75,-1303.5,0,TU
-299.25,-1303,0,TU
-113.25,-1302.5,0,TU
1460.75,-1302.5,0,TU
-3154.25,-1301,0,TU
-2643.75,-1301,0,TU
-555.25,-1300.5,0,TU
2428.25,-1300,0,TU
-3132.75,-1299.5,0,TU
-1852.25,-1299.5,0,TU
207.25,-1299.5,0,TU
-3018.25,-1298.5,0,TU
26.75,-1298.5,0,TU
-2386.25,-1298,0,TU
-2320.75,-1298,0,TU
-2161.25,-1298,0,TU
-2110.25,-1297.5,0,TU
-3203.25,-1297,0,TU
-2140.25,-1296,0,TU
-1025.75,-1295,0,TU
1734.75,-1295,0,TU
-2055.75,-1294,0,TU
-172.25,-1293.5,0,TU
-2654.25,-1293,0,TU
-640.75,-1293,0,TU
-129.75,-1293,0,TU
-54.25,-1293,0,TU
1053.25,-1293,0,TU
-1080.75,-1292.5,0,TU
-545.25,-1292.5,0,TU
185.75,-1292.5,0,TU
2394.75,-1292.5,0,TU
2161.25,-1291.5,0,TU
-1156.75,-1291,0,TU
-975.75,-1291,0,TU
-2606.75,-1290.5,0,TU
-1559.25,-1290.5,0,TU
-444.25,-1290.5,0,TU
2130.75,-1290.5,0,TU
117.75,-1290,0,TU
-3097.75,-1289,0,TU
-744.75,-1286.5,0,TU
625.75,-1286.5,0,TU
1484.25,-1286.5,0,TU
-1873.25,-1286,0,TU
-457.25,-1285.5,0,TU
-307.75,-1285.5,0,TU
-88.25,-1285.5,0,TU
-2974.25,-1285,0,TU
2116.25,-1285,0,TU
2171.75,-1285,0,TU
2299.75,-1285,0,TU
-213.75,-1284.5,0,TU
99.75,-1284.5,0,TU
692.75,-1284.5,0,TU
-242.75,-1282.5,0,TU
55.75,-1282,0,TU
-2702.75,-1281,0,TU
-2478.25,-1281,0,TU
-371.75,-1281,0,TU
-1110.25,-1280,0,TU
-2765.25,-1279.5,0,TU
1964.75,-1279,0,TU
4.75,-1278.5,0,TU
2459.25,-1278.5,0,TU
-554.25,-1278,0,TU
-2437.25,-1277.5,0,TU
-1061.25,-1277.5,0,TU
-143.25,-1277.5,0,TU
-38.25,-1277.5,0,TU
2222.25,-1277,0,TU
2439.25,-1277,0,TU
-1844.25,-1276.5,0,TU
-991.25,-1276.5,0,TU
-3062.25,-1276,0,TU
-2396.25,-1275.5,0,TU
-1819.75,-1275.5,0,TU
-717.75,-1275.5,0,TU
2366.75,-1275.5,0,TU
-2724.75,-1274.5,0,TU
-2932.25,-1273,0,TU
-2605.25,-1272.5,0,TU
-1958.75,-1272.5,0,TU
-403.25,-1272,0,TU
792.25,-1272,0,TU
-2046.75,-1271,0,TU
-1158.75,-1271,0,TU
30.75,-1271,0,TU
-3094.25,-1270,0,TU
-3179.25,-1269.5,0,TU
-2896.75,-1268,0,TU
-1998.75,-1268,0,TU
2047.75,-1268,0,TU
-3263.75,-1267,0,TU
-2447.75,-1267,0,TU
-2315.25,-1267,0,TU
-1322.75,-1267,0,TU
-2521.75,-1266.5,0,TU
-2481.25,-1266.5,0,TU
-2177.25,-1265.5,0,TU
-1030.25,-1265.5,0,TU
-569.25,-1265.5,0,TU
-1465.75,-1265,0,TU
2100.75,-1265,0,TU
-2411.25,-1264.5,0,TU
-970.75,-1264.5,0,TU
-195.75,-1264.5,0,TU
-2835.75,-1263.5,0,TU
-466.25,-1263.5,0,TU
133.75,-1263.5,0,TU
-2979.25,-1263,0,TU
-221.25,-1263,0,TU
2298.25,-1261.5,0,TU
2073.25,-1261,0,TU
-2808.25,-1259.5,0,TU
83.75,-1259.5,0,TU
2126.25,-1258.5,0,TU
-3054.25,-1258,0,TU
-1786.25,-1258,0,TU
-2488.75,-1257.5,0,TU
-1587.75,-1257.5,0,TU
2463.25,-1257.5,0,TU
-1097.25,-1256.5,0,TU
-2588.25,-1256,0,TU
-58.25,-1256,0,TU
-1557.25,-1255,0,TU
423.75,-1254.5,0,TU
-2455.75,-1254,0,TU
-77.75,-1254,0,TU
2433.25,-1254,0,TU
-1844.75,-1253.5,0,TU
-1124.75,-1253.5,0,TU
188.25,-1253.5,0,TU
-2775.25,-1253,0,TU
102.25,-1253,0,TU
-2605.75,-1252.5,0,TU
2040.75,-1252.5,0,TU
-2396.75,-1252,0,TU
1807.25,-1251.5,0,TU
-2941.25,-1251,0,TU
-999.75,-1250,0,TU
-725.25,-1250,0,TU
309.75,-1250,0,TU
-133.75,-1249.5,0,TU
-3192.25,-1248.5,0,TU
2213.75,-1247.5,0,TU
261.25,-1247,0,TU
63.75,-1246,0,TU
2414.25,-1246,0,TU
2260.25,-1245.5,0,TU
2007.25,-1245,0,TU
-28.25,-1244.5,0,TU
1924.25,-1244,0,TU
-688.25,-1242.5,0,TU
-1960.25,-1241.5,0,TU
2.25,-1240.5,0,TU
690.75,-1240.5,0,TU
42.75,-1239.5,0,TU
581.75,-1239.5,0,TU
2351.25,-1239.5,0,TU
-3225.25,-1239,0,TU
-2658.25,-1239,0,TU
630.75,-1239,0,TU
542.75,-1238.5,0,TU
-1114.75,-1238,0,TU
-492.75,-1238,0,TU
1885.25,-1237.5,0,TU
-3178.25,-1237,0,TU
-125.25,-1236.5,0,TU
-2457.75,-1235.5,0,TU
-3147.75,-1234.5,0,TU
-2812.75,-1234.5,0,TU
-2990.75,-1233.5,0,TU
-346.25,-1233.5,0,TU
-640.25,-1232,0,TU
-2573.75,-1231.5,0,TU
2180.25,-1231,0,TU
2206.75,-1231,0,TU
-3074.25,-1230.5,0,TU
-443.25,-1230.5,0,TU
1901.25,-1230,0,TU
-2050.75,-1229,0,TU
-2425.25,-1228.5,0,TU
-2007.25,-1228,0,TU
1578.75,-1228,0,TU
-2768.75,-1227.5,0,TU
445.75,-1227,0,TU
-2080.75,-1226.5,0,TU
498.75,-1226.5,0,TU
2458.25,-1226.5,0,TU
-3260.75,-1225.5,0,TU
-2733.25,-1224.5,0,TU
32.25,-1224,0,TU
-324.75,-1223.5,0,TU
-2792.25,-1223,0,TU
1357.75,-1223,0,TU
2066.25,-1223,0,TU
-1522.75,-1222.5,0,TU
-699.25,-1221.5,0,TU
-57.75,-1221.5,0,TU
-132.25,-1221,0,TU
2472.75,-1220.5,0,TU
-3359.25,-1220,0,TU
-2504.25,-1220,0,TU
-1856.75,-1220,0,TU
-573.75,-1220,0,TU
-159.25,-1220,0,TU
-1806.25,-1219.5,0,TU
-3189.25,-1218,0,TU
-359.25,-1218,0,TU
164.25,-1218,0,TU
-2684.75,-1216,0,TU
292.25,-1216,0,TU
-2384.75,-1215,0,TU
-2341.25,-1215,0,TU
-1215.25,-1214,0,TU
-2616.25,-1213.5,0,TU
-2944.75,-1213,0,TU
-2529.75,-1213,0,TU
961.25,-1213,0,TU
-3017.25,-1212.5,0,TU
-1038.25,-1212.5,0,TU
2310.75,-1212,0,TU
-2403.25,-1211.5,0,TU
-1551.25,-1211.5,0,TU
-2808.25,-1208,0,TU
-2153.25,-1207.5,0,TU
1866.25,-1207.5,0,TU
-2021.25,-1207,0,TU
818.25,-1207,0,TU
2137.25,-1207,0,TU
-2093.25,-1206.5,0,TU
232.75,-1206.5,0,TU
-2874.75,-1206,0,TU
-1820.75,-1205.5,0,TU
-2119.75,-1205,0,TU
-3312.75,-1204.5,0,TU
-1005.25,-1204.5,0,TU
2174.75,-1204.5,0,TU
-2918.25,-1204,0,TU
-605.25,-1204,0,TU
-2478.75,-1203.5,0,TU
-107.25,-1203.5,0,TU
-2646.25,-1203,0,TU
140.25,-1201.5,0,TU
2190.75,-1199.5,0,TU
-2961.75,-1199,0,TU
1706.25,-1198.5,0,TU
1758.75,-1198.5,0,TU
-1722.25,-1197.5,0,TU
2096.25,-1197.5,0,TU
2344.25,-1197.5,0,TU
89.75,-1196.5,0,TU
-338.75,-1196,0,TU
-3349.75,-1195.5,0,TU
-259.75,-1195.5,0,TU
-164.75,-1195.5,0,TU
-2789.75,-1195,0,TU
-404.75,-1195,0,TU
-311.75,-1195,0,TU
-2528.75,-1194.5,0,TU
164.25,-1194.5,0,TU
-3257.25,-1194,0,TU
-630.75,-1193.5,0,TU
-2512.25,-1193,0,TU
-2406.25,-1192.5,0,TU
-1962.75,-1192.5,0,TU
-2355.75,-1191.5,0,TU
247.25,-1191.5,0,TU
-1335.75,-1191,0,TU
-3059.25,-1190,0,TU
-1520.25,-1190,0,TU
-2493.75,-1189.5,0,TU
-2713.75,-1189,0,TU
-585.75,-1188.5,0,TU
2293.25,-1188,0,TU
-3091.25,-1187.5,0,TU
-1651.25,-1187,0,TU
68.75,-1186.5,0,TU
2025.25,-1186,0,TU
1792.75,-1185.5,0,TU
-2077.75,-1185,0,TU
817.75,-1185,0,TU
-3326.75,-1184.5,0,TU
-2132.75,-1184.5,0,TU
-926.75,-1183.5,0,TU
2084.75,-1183,0,TU
-1484.75,-1182.5,0,TU
-15.25,-1182.5,0,TU
114.75,-1182.5,0,TU
2172.75,-1182.5,0,TU
2318.25,-1181.5,0,TU
146.25,-1181,0,TU
-1017.75,-1180.5,0,TU
-2883.25,-1179.5,0,TU
913.25,-1179.5,0,TU
-2983.25,-1179,0,TU
-2689.75,-1179,0,TU
-2664.25,-1177.5,0,TU
-2477.25,-1177.5,0,TU
1600.75,-1177,0,TU
-3373.75,-1176.5,0,TU
-561.25,-1175.5,0,TU
-3076.75,-1175,0,TU
-2852.75,-1174.5,0,TU
-1513.25,-1174,0,TU
438.25,-1174,0,TU
-946.25,-1172.5,0,TU
-682.75,-1171.5,0,TU
-2273.25,-1171,0,TU
-2701.75,-1170.5,0,TU
2000.75,-1170,0,TU
2101.75,-1170,0,TU
-895.75,-1169.5,0,TU
90.75,-1169,0,TU
2304.25,-1169,0,TU
1910.75,-1168.5,0,TU
-3118.75,-1168,0,TU
-2111.25,-1167,0,TU
-3170.25,-1166.5,0,TU
-2209.25,-1166.5,0,TU
-3348.25,-1166,0,TU
-610.25,-1166,0,TU
18.75,-1166,0,TU
2033.75,-1165.5,0,TU
44.25,-1165,0,TU
-2037.25,-1163.5,0,TU
616.25,-1163.5,0,TU
-2417.25,-1163,0,TU
2048.75,-1163,0,TU
-2489.75,-1162.5,0,TU
-2913.25,-1162,0,TU
-1041.75,-1162,0,TU
-2155.25,-1161,0,TU
-277.75,-1161,0,TU
-161.25,-1161,0,TU
163.25,-1161,0,TU
1398.25,-1160.5,0,TU
1669.75,-1160.5,0,TU
-1053.25,-1159.5,0,TU
-2533.75,-1159,0,TU
-569.75,-1159,0,TU
-3074.75,-1158,0,TU
1956.75,-1157.5,0,TU
2015.75,-1157.5,0,TU
-2215.75,-1156,0,TU
1973.25,-1156,0,TU
2339.75,-1156,0,TU
-1718.25,-1155,0,TU
1839.25,-1155,0,TU
-3433.25,-1154.5,0,TU
-716.75,-1154.5,0,TU
-3107.25,-1153.5,0,TU
-643.75,-1153.5,0,TU
-424.25,-1153,0,TU
-3238.75,-1152.5,0,TU
-121.25,-1152.5,0,TU
2311.75,-1152.5,0,TU
-522.75,-1152,0,TU
-2647.25,-1150.5,0,TU
-1103.25,-1150.5,0,TU
1200.75,-1150.5,0,TU
-2194.75,-1150,0,TU
290.25,-1150,0,TU
-3162.75,-1148.5,0,TU
-1677.25,-1148,0,TU
-1517.25,-1147.5,0,TU
-2864.25,-1147,0,TU
1985.75,-1146.5,0,TU
-2036.25,-1146,0,TU
-2886.25,-1145.5,0,TU
587.75,-1145,0,TU
-2092.75,-1144,0,TU
-1656.25,-1144,0,TU
13.25,-1144,0,TU
-2665.25,-1143,0,TU
-1750.25,-1143,0,TU
-2115.75,-1142.5,0,TU
-1575.25,-1142,0,TU
540.75,-1141,0,TU
1648.25,-1141,0,TU
-2427.25,-1140.5,0,TU
2017.25,-1140.5,0,TU
-2166.75,-1139.5,0,TU
682.75,-1139.5,0,TU
-2269.75,-1139,0,TU
-2713.75,-1138,0,TU
-890.75,-1137,0,TU
2315.25,-1137,0,TU
184.75,-1136.5,0,TU
-726.75,-1135.5,0,TU
-3196.75,-1134.5,0,TU
-3017.25,-1134.5,0,TU
-2515.25,-1133.5,0,TU
-2907.25,-1133,0,TU
2123.75,-1133,0,TU
2253.25,-1132,0,TU
-2310.75,-1131.5,0,TU
-2102.25,-1131.5,0,TU
-1143.25,-1131,0,TU
-1721.75,-1130.5,0,TU
1961.25,-1130.5,0,TU
53.25,-1130,0,TU
-3303.75,-1129.5,0,TU
-3458.25,-1129,0,TU
-575.75,-1129,0,TU
-2191.75,-1128.5,0,TU
-2286.75,-1128,0,TU
-317.25,-1127,0,TU
-3053.25,-1126.5,0,TU
-1416.25,-1125,0,TU
581.25,-1124,0,TU
-3238.25,-1123.5,0,TU
-2040.25,-1123.5,0,TU
-1099.25,-1123.5,0,TU
-1948.75,-1122.5,0,TU
-633.25,-1122.5,0,TU
-2659.75,-1121.5,0,TU
-902.75,-1121.5,0,TU
386.75,-1120,0,TU
1814.75,-1119.5,0,TU
2074.75,-1119,0,TU
-669.75,-1118.5,0,TU
-65.25,-1118.5,0,TU
-3265.25,-1118,0,TU
-2696.75,-1118,0,TU
-3125.75,-1117.5,0,TU
-1246.75,-1117.5,0,TU
-522.75,-1116,0,TU
150.25,-1116,0,TU
-3162.75,-1115.5,0,TU
-2543.25,-1115.5,0,TU
-551.25,-1115.5,0,TU
-2987.75,-1114.5,0,TU
-2263.25,-1114.5,0,TU
1348.25,-1114.5,0,TU
-1625.75,-1114,0,TU
-1785.25,-1113.5,0,TU
-3428.75,-1112.5,0,TU
-3297.25,-1112.5,0,TU
-619.75,-1112.5,0,TU
-2079.75,-1112,0,TU
-2886.75,-1111.5,0,TU
-2478.75,-1111.5,0,TU
-2153.25,-1111.5,0,TU
1294.25,-1111,0,TU
-2299.25,-1109.5,0,TU
-1482.75,-1109.5,0,TU
1975.25,-1109.5,0,TU
-2922.75,-1108.5,0,TU
240.75,-1108.5,0,TU
-2675.25,-1108,0,TU
1900.75,-1107.5,0,TU
-3341.25,-1107,0,TU
45.75,-1105.5,0,TU
-3451.25,-1105,0,TU
-1712.75,-1105,0,TU
-2555.25,-1103.5,0,TU
-1915.25,-1103.5,0,TU
-2711.75,-1103,0,TU
-2440.75,-1103,0,TU
-1653.75,-1101.5,0,TU
-696.75,-1101.5,0,TU
-2489.25,-1101,0,TU
-2173.25,-1101,0,TU
-1337.25,-1101,0,TU
82.75,-1101,0,TU
1536.75,-1101,0,TU
-3194.75,-1100.5,0,TU
-418.75,-1100,0,TU
1255.25,-1100,0,TU
-2063.25,-1099.5,0,TU
-605.25,-1099.5,0,TU
-1871.25,-1099,0,TU
-1092.75,-1098.5,0,TU
-2777.25,-1098,0,TU
1933.75,-1097.5,0,TU
-3132.25,-1095.5,0,TU
-2518.25,-1095.5,0,TU
350.25,-1095.5,0,TU
-1786.75,-1095,0,TU
-1432.25,-1093.5,0,TU
-2301.25,-1093,0,TU
-515.75,-1093,0,TU
1735.75,-1093,0,TU
1805.75,-1093,0,TU
-2467.75,-1090.5,0,TU
-1324.25,-1090.5,0,TU
-300.75,-1090.5,0,TU
-3158.25,-1089,0,TU
-1952.75,-1088.5,0,TU
2118.75,-1088,0,TU
-3466.75,-1087.5,0,TU
-3252.25,-1087,0,TU
-884.75,-1086.5,0,TU
-2167.75,-1086,0,TU
-3073.75,-1085.5,0,TU
-2835.25,-1084.5,0,TU
1902.25,-1084.5,0,TU
-1065.25,-1084,0,TU
1963.75,-1084,0,TU
-2205.25,-1083.5,0,TU
-2667.75,-1083,0,TU
-1667.75,-1083,0,TU
-1101.25,-1083,0,TU
636.25,-1083,0,TU
-1441.75,-1082,0,TU
-500.75,-1082,0,TU
-2613.75,-1081.5,0,TU
-1920.75,-1081.5,0,TU
-1502.25,-1081.5,0,TU
1994.25,-1081,0,TU
-617.25,-1080.5,0,TU
2.25,-1080,0,TU
-2952.75,-1079.5,0,TU
-1310.75,-1079.5,0,TU
275.75,-1078.5,0,TU
1545.75,-1078.5,0,TU
-3137.75,-1078,0,TU
-2075.25,-1077.5,0,TU
-2040.25,-1077.5,0,TU
-920.75,-1077,0,TU
-547.25,-1077,0,TU
-1127.75,-1076.5,0,TU
1571.75,-1076.5,0,TU
235.75,-1075.5,0,TU
-2983.75,-1074.5,0,TU
17.75,-1074.5,0,TU
1342.25,-1074.5,0,TU
-1821.75,-1074,0,TU
-1713.25,-1074,0,TU
-3191.75,-1073,0,TU
-2846.75,-1073,0,TU
-3205.25,-1072.5,0,TU
-1691.25,-1072.5,0,TU
-1479.25,-1072,0,TU
-1206.25,-1071.5,0,TU
-675.75,-1071,0,TU
-3338.75,-1070.5,0,TU
-2191.75,-1070.5,0,TU
470.25,-1070.5,0,TU
-1093.75,-1070,0,TU
1691.25,-1070,0,TU
1603.25,-1069.5,0,TU
-3322.75,-1069,0,TU
-2139.75,-1069,0,TU
-1330.25,-1069,0,TU
-2549.75,-1068,0,TU
-2170.25,-1067.5,0,TU
-1241.25,-1067,0,TU
-2599.75,-1066.5,0,TU
357.75,-1066.5,0,TU
2076.75,-1066.5,0,TU
-1905.75,-1065.5,0,TU
-955.75,-1065.5,0,TU
654.75,-1065,0,TU
1659.25,-1064.5,0,TU
-2424.75,-1063.5,0,TU
990.25,-1063,0,TU
1709.25,-1063,0,TU
-3089.75,-1062.5,0,TU
-1787.75,-1061,0,TU
-3063.25,-1060.5,0,TU
-93.75,-1058.5,0,TU
-3475.25,-1056.5,0,TU
-1926.25,-1056.5,0,TU
-1876.25,-1056.5,0,TU
-1310.25,-1056.5,0,TU
-3534.25,-1056,0,TU
-3419.25,-1055.5,0,TU
-2688.75,-1055.5,0,TU
-1697.25,-1055,0,TU
-620.75,-1055,0,TU
-2211.25,-1054.5,0,TU
-1058.75,-1054.5,0,TU
-3145.75,-1054,0,TU
-3282.25,-1053,0,TU
-2826.25,-1053,0,TU
-1220.25,-1053,0,TU
842.25,-1052.5,0,TU
-2851.75,-1052,0,TU
1899.25,-1052,0,TU
2063.25,-1052,0,TU
-635.75,-1051.5,0,TU
337.75,-1051.5,0,TU
-2709.25,-1050.5,0,TU
-1727.25,-1050.5,0,TU
-1168.25,-1050,0,TU
1828.75,-1050,0,TU
-2624.75,-1049.5,0,TU
-2605.25,-1049.5,0,TU
-2359.25,-1049.5,0,TU
-749.25,-1049.5,0,TU
-545.25,-1049,0,TU
-3262.25,-1048.5,0,TU
-935.25,-1048.5,0,TU
-2066.75,-1047.5,0,TU
-1916.25,-1046,0,TU
-150.25,-1045.5,0,TU
398.25,-1045,0,TU
953.25,-1045,0,TU
-2542.75,-1044.5,0,TU
-2431.25,-1044.5,0,TU
1315.75,-1044.5,0,TU
1377.75,-1044.5,0,TU
-3349.75,-1043,0,TU
-650.75,-1043,0,TU
1701.75,-1043,0,TU
-1931.25,-1042.5,0,TU
1797.75,-1042.5,0,TU
-3156.75,-1042,0,TU
2024.25,-1042,0,TU
-1265.25,-1041.5,0,TU
-3098.25,-1041,0,TU
-2301.25,-1040.5,0,TU
-1148.25,-1040,0,TU
2277.25,-1040,0,TU
-2413.75,-1039.5,0,TU
-341.75,-1039,0,TU
-2145.75,-1038,0,TU
-1433.25,-1038,0,TU
-2771.75,-1037.5,0,TU
-2593.75,-1037.5,0,TU
-199.75,-1037.5,0,TU
579.25,-1037.5,0,TU
878.25,-1036,0,TU
255.25,-1034,0,TU
1952.25,-1034,0,TU
2309.75,-1034,0,TU
-3289.75,-1033.5,0,TU
-2889.75,-1033.5,0,TU
-1627.25,-1033.5,0,TU
2100.75,-1033.5,0,TU
-3480.25,-1033,0,TU
-3444.25,-1033,0,TU
-2391.75,-1033,0,TU
-1989.25,-1033,0,TU
-1782.25,-1033,0,TU
-1662.25,-1033,0,TU
-2792.25,-1032.5,0,TU
-2566.75,-1032.5,0,TU
-2169.75,-1032.5,0,TU
-2846.75,-1032,0,TU
-1041.75,-1032,0,TU
-1329.75,-1031.5,0,TU
-1306.75,-1031,0,TU
-2529.25,-1029.5,0,TU
-1972.25,-1029.5,0,TU
-2674.75,-1029,0,TU
-289.25,-1029,0,TU
-3083.75,-1026.5,0,TU
-522.25,-1026,0,TU
-1893.75,-1025.5,0,TU
-3502.25,-1025,0,TU
-473.75,-1025,0,TU
-1859.25,-1024.5,0,TU
-1499.25,-1024,0,TU
-665.25,-1024,0,TU
-2708.75,-1023.5,0,TU
-1352.75,-1023.5,0,TU
-3170.75,-1023,0,TU
2035.25,-1023,0,TU
-2296.75,-1022.5,0,TU
-1606.75,-1021.5,0,TU
-1074.75,-1021.5,0,TU
2360.75,-1021.5,0,TU
-50.75,-1021,0,TU
-2367.25,-1020.5,0,TU
-1678.75,-1020.5,0,TU
-182.75,-1020.5,0,TU
1520.25,-1020,0,TU
2001.75,-1020,0,TU
-2598.75,-1019.5,0,TU
-2154.75,-1019.5,0,TU
1936.25,-1019.5,0,TU
-2745.25,-1019,0,TU
-495.25,-1019,0,TU
26.75,-1019,0,TU
-3209.25,-1017.5,0,TU
1847.25,-1017.5,0,TU
-3110.25,-1017,0,TU
-3029.25,-1017,0,TU
-2585.75,-1017,0,TU
-3249.75,-1016.5,0,TU
-2927.75,-1016,0,TU
-1873.75,-1015.5,0,TU
-2778.25,-1015,0,TU
-2067.75,-1015,0,TU
1884.75,-1015,0,TU
-1940.75,-1014.5,0,TU
-1760.75,-1014,0,TU
-1646.25,-1014,0,TU
-1067.75,-1013.5,0,TU
-3324.25,-1012,0,TU
-1617.25,-1012,0,TU
-695.75,-1011.5,0,TU
382.75,-1011,0,TU
-804.75,-1010.5,0,TU
1468.75,-1010.5,0,TU
-1431.75,-1009.5,0,TU
-389.25,-1009.5,0,TU
-2538.25,-1009,0,TU
-2199.25,-1009,0,TU
-1848.25,-1008,0,TU
-2717.25,-1006.5,0,TU
-461.25,-1006.5,0,TU
-3368.75,-1006,0,TU
-108.75,-1006,0,TU
166.25,-1005.5,0,TU
918.25,-1005.5,0,TU
-2955.25,-1005,0,TU
774.75,-1005,0,TU
-2684.75,-1004.5,0,TU
-3189.25,-1004,0,TU
-1363.75,-1003.5,0,TU
-2552.25,-1003,0,TU
139.75,-1002,0,TU
2036.25,-1000.5,0,TU
-1727.25,-1000,0,TU
-2813.25,-999.5,0,TU
1323.75,-999.5,0,TU
2267.75,-999,0,TU
-3079.25,-998.5,0,TU
-3055.25,-998,0,TU
1657.75,-998,0,TU
-2165.75,-997,0,TU
-1349.75,-997,0,TU
-3444.75,-996,0,TU
218.25,-996,0,TU
-1050.75,-995,0,TU
-3257.25,-994,0,TU
-1603.75,-994,0,TU
-1659.75,-993.5,0,TU
1983.75,-993,0,TU
-1255.25,-992.5,0,TU
-319.75,-992.5,0,TU
305.25,-992,0,TU
-3292.25,-991,0,TU
-2017.25,-991,0,TU
-1319.75,-990.5,0,TU
808.25,-990,0,TU
-2729.25,-989,0,TU
-253.75,-988.5,0,TU
-87.25,-988,0,TU
-3380.25,-987.5,0,TU
2358.25,-987.5,0,TU
-2959.75,-987,0,TU
-1765.75,-987,0,TU
-2193.75,-986.5,0,TU
-1552.75,-986.5,0,TU
1214.75,-986.5,0,TU
2295.25,-986.5,0,TU
-2213.75,-985.5,0,TU
2116.75,-984.5,0,TU
-1579.25,-983,0,TU
-1726.75,-982.5,0,TU
-104.25,-982.5,0,TU
-2682.25,-982,0,TU
-1003.75,-981.5,0,TU
-3315.75,-981,0,TU
885.75,-981,0,TU
-2937.25,-980,0,TU
587.75,-980,0,TU
-2277.25,-979.5,0,TU
-1627.75,-979.5,0,TU
1900.25,-979.5,0,TU
-2978.25,-979,0,TU
2339.25,-979,0,TU
85.25,-978.5,0,TU
-3042.75,-978,0,TU
-2817.75,-978,0,TU
-1805.25,-978,0,TU
-3378.25,-975,0,TU
-2445.75,-975,0,TU
-1156.75,-975,0,TU
1867.75,-975,0,TU
-3355.75,-974.5,0,TU
-2571.75,-974.5,0,TU
-2709.75,-974,0,TU
-3079.25,-973.5,0,TU
-2248.25,-973,0,TU
-1133.75,-973,0,TU
-1073.25,-973,0,TU
137.25,-973,0,TU
-2126.25,-972.5,0,TU
-1262.25,-972.5,0,TU
-779.25,-972.5,0,TU
1894.25,-972.5,0,TU
-1564.25,-972,0,TU
-3064.25,-971.5,0,TU
1700.75,-971.5,0,TU
-2732.75,-971,0,TU
-1386.25,-971,0,TU
231.25,-971,0,TU
425.75,-971,0,TU
-2912.75,-970.5,0,TU
-2230.75,-970.5,0,TU
2373.75,-970.5,0,TU
-2960.25,-970,0,TU
-1420.25,-970,0,TU
-3409.25,-969.5,0,TU
35.75,-968,0,TU
-265.75,-967.5,0,TU
-1966.75,-967,0,TU
-1294.75,-967,0,TU
-2805.75,-966.5,0,TU
-2177.75,-966.5,0,TU
-1323.25,-966.5,0,TU
-2296.75,-966,0,TU
-225.75,-966,0,TU
2287.75,-966,0,TU
-2500.75,-965.5,0,TU
-2354.75,-965.5,0,TU
-2264.75,-965.5,0,TU
-2159.25,-965.5,0,TU
707.75,-965.5,0,TU
-3185.75,-964.5,0,TU
-2332.75,-964.5,0,TU
-631.75,-964.5,0,TU
2003.25,-964.5,0,TU
-702.75,-963.5,0,TU
-3471.25,-963,0,TU
-3101.25,-961.5,0,TU
1395.25,-961,0,TU
-2471.25,-960.5,0,TU
1839.75,-960.5,0,TU
2044.25,-960,0,TU
-1795.75,-959.5,0,TU
-1443.25,-959.5,0,TU
-763.25,-958.5,0,TU
-1723.75,-958,0,TU
-2728.25,-957.5,0,TU
1416.75,-957.5,0,TU
878.75,-957,0,TU
-1933.75,-956,0,TU
-2523.75,-955.5,0,TU
187.25,-955.5,0,TU
-3512.75,-955,0,TU
-2883.75,-954.5,0,TU
-743.75,-954,0,TU
2309.25,-954,0,TU
-2912.75,-953.5,0,TU
-2781.25,-953.5,0,TU
-1064.25,-953.5,0,TU
8.25,-953.5,0,TU
-3162.25,-953,0,TU
-2135.75,-953,0,TU
-1251.25,-953,0,TU
1681.75,-953,0,TU
-128.75,-952.5,0,TU
-1596.75,-952,0,TU
-646.25,-952,0,TU
-2087.25,-951.5,0,TU
-1183.75,-951.5,0,TU
-395.25,-951.5,0,TU
1154.75,-951.5,0,TU
-3352.75,-950.5,0,TU
-1547.75,-950.5,0,TU
-1137.75,-950,0,TU
26.75,-950,0,TU
-1786.75,-949.5,0,TU
-1703.75,-949.5,0,TU
-947.75,-949.5,0,TU
-3072.75,-948.5,0,TU
-2899.25,-948.5,0,TU
2339.75,-948.5,0,TU
-1946.25,-948,0,TU
-1272.25,-948,0,TU
888.25,-947.5,0,TU
-3397.25,-947,0,TU
-2103.75,-945.5,0,TU
1983.75,-945,0,TU
2131.75,-944.5,0,TU
-3185.25,-944,0,TU
-3152.25,-944,0,TU
-2055.25,-944,0,TU
1969.25,-944,0,TU
834.25,-943.5,0,TU
-1321.75,-942,0,TU
-437.75,-941,0,TU
-3444.25,-940.5,0,TU
-2714.25,-940.5,0,TU
-705.75,-939.5,0,TU
-2584.25,-939,0,TU
285.75,-939,0,TU
-771.75,-938.5,0,TU
-2917.75,-938,0,TU
-2548.25,-938,0,TU
2116.25,-937.5,0,TU
-1745.75,-937,0,TU
-1454.25,-936.5,0,TU
-1164.75,-936,0,TU
-2515.25,-935.5,0,TU
-2331.75,-935.5,0,TU
-1486.25,-935,0,TU
-3387.75,-934.5,0,TU
-1227.75,-934.5,0,TU
300.25,-934.5,0,TU
1931.75,-934.5,0,TU
2092.75,-934.5,0,TU
-2940.75,-934,0,TU
-1575.25,-933,0,TU
-1891.25,-932.5,0,TU
-1776.25,-932.5,0,TU
-1277.25,-932,0,TU
228.75,-932,0,TU
-2142.25,-931.5,0,TU
-874.75,-931,0,TU
933.75,-930.5,0,TU
-15.25,-930,0,TU
-2045.75,-929.5,0,TU
674.25,-929.5,0,TU
17.75,-929,0,TU
-661.75,-928,0,TU
-1324.25,-927.5,0,TU
1817.75,-927.5,0,TU
-3029.75,-927,0,TU
-1593.25,-927,0,TU
-753.25,-926.5,0,TU
142.25,-926.5,0,TU
-1192.75,-926,0,TU
2274.75,-925.5,0,TU
-3123.25,-925,0,TU
-2702.75,-925,0,TU
-162.25,-924.5,0,TU
-3014.25,-924,0,TU
-1859.75,-924,0,TU
632.75,-924,0,TU
-3163.75,-923,0,TU
-2579.75,-922.5,0,TU
-3536.25,-922,0,TU
-2659.75,-922,0,TU
-803.75,-922,0,TU
-3051.25,-921.5,0,TU
-2243.25,-921.5,0,TU
-481.75,-920,0,TU
-2275.25,-919.5,0,TU
-2546.25,-918,0,TU
563.75,-918,0,TU
2387.75,-918,0,TU
-2030.75,-917,0,TU
203.75,-917,0,TU
264.25,-917,0,TU
-1712.25,-916.5,0,TU
-3101.75,-915.5,0,TU
-2763.75,-915.5,0,TU
-1118.75,-915.5,0,TU
-2204.75,-915,0,TU
-3463.25,-914.5,0,TU
-3414.25,-914,0,TU
-2619.75,-913.5,0,TU
1550.75,-913.5,0,TU
-1606.25,-913,0,TU
-3398.25,-912.5,0,TU
-2641.25,-912.5,0,TU
-363.25,-912.5,0,TU
-3296.75,-912,0,TU
-2919.75,-912,0,TU
2134.75,-911.5,0,TU
-1464.25,-911,0,TU
-404.75,-911,0,TU
1196.25,-911,0,TU
2107.75,-911,0,TU
2361.75,-911,0,TU
-3484.75,-910.5,0,TU
-678.25,-910.5,0,TU
170.25,-910,0,TU
1896.25,-909.5,0,TU
-2815.75,-909,0,TU
2235.75,-909,0,TU
112.75,-908.5,0,TU
-2256.25,-908,0,TU
-1159.25,-908,0,TU
748.25,-908,0,TU
-2595.25,-907,0,TU
-1874.75,-907,0,TU
191.75,-907,0,TU
-313.75,-906.5,0,TU
-2892.25,-906,0,TU
-2049.75,-906,0,TU
-1260.75,-906,0,TU
-542.75,-906,0,TU
-2019.25,-905.5,0,TU
-1929.75,-905.5,0,TU
1981.75,-905.5,0,TU
2031.25,-905.5,0,TU
770.25,-905,0,TU
-2998.75,-904,0,TU
-414.25,-904,0,TU
-1351.75,-903.5,0,TU
-564.75,-903,0,TU
228.25,-903,0,TU
-3472.75,-902.5,0,TU
-1719.25,-902.5,0,TU
-852.25,-902.5,0,TU
-759.75,-902.5,0,TU
-2367.75,-901.5,0,TU
1020.75,-901.5,0,TU
1574.75,-901.5,0,TU
-2309.25,-901,0,TU
-369.75,-901,0,TU
-1588.75,-900.5,0,TU
1924.75,-900.5,0,TU
-3117.25,-900,0,TU
-2945.75,-899.5,0,TU
146.75,-899.5,0,TU
1809.25,-899.5,0,TU
-2963.75,-899,0,TU
-3567.25,-898.5,0,TU
124.25,-898,0,TU
2330.75,-896.5,0,TU
-1848.25,-896,0,TU
-1195.75,-896,0,TU
-3051.25,-895.5,0,TU
-2848.25,-895.5,0,TU
-2132.25,-895.5,0,TU
23.75,-895,0,TU
-2547.75,-894.5,0,TU
2246.25,-893.5,0,TU
-3585.75,-893,0,TU
-3325.25,-892.5,0,TU
-2576.75,-892.5,0,TU
-3498.25,-892,0,TU
-2615.75,-892,0,TU
-3071.75,-891.5,0,TU
-2700.25,-891.5,0,TU
-589.25,-891.5,0,TU
776.75,-891.5,0,TU
-3404.75,-891,0,TU
-2643.75,-891,0,TU
1881.75,-891,0,TU
-2003.75,-890,0,TU
-919.75,-890,0,TU
-532.75,-889.5,0,TU
-3189.75,-889,0,TU
-3559.25,-888.5,0,TU
2396.25,-888,0,TU
-1979.75,-887.5,0,TU
-2399.75,-886.5,0,TU
-664.75,-886.5,0,TU
-2347.25,-886,0,TU
-1755.75,-885.5,0,TU
-58.25,-884.5,0,TU
75.25,-884.5,0,TU
-555.25,-884,0,TU
-3107.25,-883.5,0,TU
-1238.75,-883.5,0,TU
-3436.25,-882.5,0,TU
-2322.25,-882,0,TU
-1946.25,-881.5,0,TU
-1580.25,-880,0,TU
-1530.75,-880,0,TU
-1274.75,-880,0,TU
1907.25,-880,0,TU
2284.75,-880,0,TU
137.25,-879.5,0,TU
1752.25,-879.5,0,TU
1064.25,-879,0,TU
-3385.25,-878.5,0,TU
2236.75,-877.5,0,TU
-2812.75,-877,0,TU
-415.25,-877,0,TU
111.75,-877,0,TU
2205.25,-875.5,0,TU
82.75,-874.5,0,TU
1969.75,-874.5,0,TU
-2980.25,-873.5,0,TU
-2903.75,-873.5,0,TU
-2748.25,-873.5,0,TU
-2594.25,-873.5,0,TU
154.75,-873.5,0,TU
-1851.25,-873,0,TU
263.75,-873,0,TU
2005.75,-873,0,TU
-3146.25,-872.5,0,TU
-2421.75,-872,0,TU
-1896.75,-872,0,TU
-239.75,-872,0,TU
1430.25,-871.5,0,TU
-3321.75,-871,0,TU
-2002.75,-870.5,0,TU
-1109.25,-870.5,0,TU
-2663.75,-870,0,TU
837.75,-870,0,TU
-2216.25,-868.5,0,TU
57.25,-868,0,TU
-927.25,-867.5,0,TU
-2557.75,-865.5,0,TU
-1913.75,-865,0,TU
-542.25,-865,0,TU
-377.25,-865,0,TU
-1264.25,-864.5,0,TU
2046.25,-864,0,TU
-1681.25,-863.5,0,TU
-722.75,-863,0,TU
-266.75,-863,0,TU
1877.75,-863,0,TU
-3312.25,-862.5,0,TU
-2504.75,-862.5,0,TU
-1990.25,-862.5,0,TU
-1610.75,-862.5,0,TU
-3204.75,-862,0,TU
-300.25,-860.5,0,TU
1538.25,-860.5,0,TU
-3040.25,-860,0,TU
-2643.75,-860,0,TU
1655.25,-860,0,TU
2022.75,-860,0,TU
-3445.75,-858.5,0,TU
451.75,-858.5,0,TU
2238.75,-858.5,0,TU
-2391.75,-857.5,0,TU
908.25,-857.5,0,TU
-3421.25,-856.5,0,TU
-2593.25,-856.5,0,TU
1696.25,-856,0,TU
-1493.25,-855,0,TU
-1274.25,-855,0,TU
-181.25,-854.5,0,TU
-802.25,-854,0,TU
1813.25,-854,0,TU
-3291.75,-853.5,0,TU
-202.25,-853.5,0,TU
-2849.25,-853,0,TU
-873.75,-853,0,TU
-3350.25,-852.5,0,TU
-827.25,-852.5,0,TU
-1526.75,-852,0,TU
-1134.25,-852,0,TU
-764.25,-852,0,TU
-423.25,-852,0,TU
2405.25,-852,0,TU
1213.75,-851.5,0,TU
1883.75,-851.5,0,TU
255.25,-851,0,TU
-1566.25,-850,0,TU
28.75,-850,0,TU
-1429.25,-849.5,0,TU
-132.25,-849,0,TU
-3469.25,-848.5,0,TU
-969.25,-848.5,0,TU
-2616.75,-848,0,TU
-2164.75,-848,0,TU
-1089.75,-848,0,TU
1447.25,-848,0,TU
-3366.75,-847.5,0,TU
1730.25,-847.5,0,TU
-1103.75,-847,0,TU
2062.75,-846.5,0,TU
575.75,-846,0,TU
-2751.25,-845.5,0,TU
2391.75,-845.5,0,TU
-2474.75,-845,0,TU
-1155.25,-844.5,0,TU
-2425.25,-844,0,TU
-521.25,-844,0,TU
-2220.75,-842.5,0,TU
-167.25,-841.5,0,TU
1067.25,-840.5,0,TU
1982.75,-840.5,0,TU
-2509.25,-840,0,TU
-1647.75,-840,0,TU
2116.75,-840,0,TU
2425.25,-840,0,TU
-3447.75,-839.5,0,TU
984.75,-839.5,0,TU
2167.75,-839.5,0,TU
-2491.75,-839,0,TU
524.75,-839,0,TU
1098.25,-839,0,TU
1653.75,-839,0,TU
-1874.75,-838.5,0,TU
-818.75,-838.5,0,TU
-115.25,-838.5,0,TU
88.75,-838.5,0,TU
-2526.25,-838,0,TU
2132.75,-838,0,TU
-2137.75,-837.5,0,TU
2464.75,-837.5,0,TU
-3265.25,-836.5,0,TU
2034.25,-836,0,TU
-3601.25,-835.5,0,TU
-1896.25,-835.5,0,TU
-2642.75,-835,0,TU
1842.75,-835,0,TU
-2558.25,-834.5,0,TU
-394.75,-834.5,0,TU
310.75,-834.5,0,TU
-2935.25,-834,0,TU
297.25,-833.5,0,TU
-3037.75,-833,0,TU
-685.25,-833,0,TU
-3460.25,-832.5,0,TU
126.25,-832.5,0,TU
-3118.75,-831.5,0,TU
-2720.75,-831,0,TU
-711.25,-831,0,TU
65.75,-831,0,TU
1910.75,-831,0,TU
-3489.25,-830.5,0,TU
-544.25,-830.5,0,TU
1921.25,-830.5,0,TU
-3320.25,-830,0,TU
-40.25,-830,0,TU
2018.75,-830,0,TU
-3405.75,-829.5,0,TU
-2042.25,-829.5,0,TU
-324.75,-829.5,0,TU
-2123.75,-829,0,TU
2070.25,-829,0,TU
254.25,-828.5,0,TU
-871.25,-827.5,0,TU
1446.25,-827.5,0,TU
-2230.75,-827,0,TU
-2664.75,-826.5,0,TU
-2467.25,-826.5,0,TU
-665.75,-826.5,0,TU
929.75,-826.5,0,TU
2093.75,-826.5,0,TU
-1916.25,-826,0,TU
191.75,-826,0,TU
422.25,-826,0,TU
-2693.25,-825.5,0,TU
-3346.75,-824.5,0,TU
-1540.25,-824.5,0,TU
1884.25,-824.5,0,TU
-1568.25,-824,0,TU
2245.25,-824,0,TU
-843.75,-823,0,TU
82.25,-823,0,TU
827.25,-823,0,TU
-1148.25,-822,0,TU
-3290.25,-821.5,0,TU
-304.75,-821.5,0,TU
-1171.75,-821,0,TU
-2761.75,-819,0,TU
-2569.25,-819,0,TU
1316.75,-819,0,TU
2047.25,-819,0,TU
-3486.75,-818.5,0,TU
-3134.75,-818.5,0,TU
-931.75,-818.5,0,TU
-499.75,-818.5,0,TU
-3070.25,-818,0,TU
-1693.25,-818,0,TU
-583.75,-818,0,TU
-2995.75,-817.5,0,TU
-1652.25,-817.5,0,TU
-339.25,-817.5,0,TU
1810.75,-817.5,0,TU
1577.75,-816,0,TU
1858.25,-816,0,TU
-2345.75,-815,0,TU
2414.75,-815,0,TU
-175.75,-814.5,0,TU
-2216.75,-814,0,TU
2443.25,-814,0,TU
537.25,-813.5,0,TU
-3177.75,-813,0,TU
-356.25,-813,0,TU
-907.75,-812.5,0,TU
2217.25,-812.5,0,TU
1900.25,-811.5,0,TU
-3157.25,-811,0,TU
-2535.75,-810.5,0,TU
-3378.75,-810,0,TU
-2555.25,-809.5,0,TU
1534.25,-809.5,0,TU
2247.75,-809,0,TU
-1778.25,-808.5,0,TU
-1529.75,-808.5,0,TU
-729.25,-808.5,0,TU
-2639.75,-808,0,TU
1127.75,-808,0,TU
-2499.25,-807.5,0,TU
-2468.25,-807.5,0,TU
-2165.75,-807.5,0,TU
-416.75,-807.5,0,TU
2005.75,-807.5,0,TU
-3327.25,-805,0,TU
-2232.25,-805,0,TU
-389.25,-805,0,TU
60.25,-805,0,TU
141.75,-805,0,TU
-3225.25,-804.5,0,TU
-3052.75,-804.5,0,TU
-972.75,-804.5,0,TU
-3360.25,-804,0,TU
1830.75,-804,0,TU
-1894.75,-803.5,0,TU
84.25,-803.5,0,TU
-113.25,-803,0,TU
-2517.75,-802.5,0,TU
-2370.75,-802.5,0,TU
-1576.75,-802.5,0,TU
2107.25,-802.5,0,TU
-2855.25,-802,0,TU
-1702.25,-802,0,TU
-950.75,-801.5,0,TU
2137.75,-801,0,TU
-1718.25,-800.5,0,TU
266.25,-800.5,0,TU
2033.25,-800,0,TU
-258.75,-799.5,0,TU
-1927.25,-799,0,TU
856.25,-799,0,TU
-520.25,-798.5,0,TU
1487.25,-798.5,0,TU
-3019.25,-798,0,TU
-2819.75,-798,0,TU
-2694.25,-798,0,TU
-1941.25,-798,0,TU
1733.25,-798,0,TU
-2714.75,-797,0,TU
-2608.75,-797,0,TU
-130.75,-797,0,TU
1522.25,-796.5,0,TU
215.25,-796,0,TU
2542.75,-796,0,TU
1882.75,-795.5,0,TU
2453.25,-795,0,TU
-3607.75,-794.5,0,TU
-2800.25,-794.5,0,TU
-637.75,-794.5,0,TU
954.75,-794.5,0,TU
2218.75,-794.5,0,TU
-3201.25,-794,0,TU
2229.25,-794,0,TU
-2577.25,-793.5,0,TU
-1551.25,-793.5,0,TU
-593.25,-793,0,TU
-349.75,-793,0,TU
-2255.75,-792.5,0,TU
-326.25,-792.5,0,TU
-3577.25,-792,0,TU
-3237.75,-792,0,TU
-1860.25,-792,0,TU
-3435.75,-791.5,0,TU
-2336.25,-791.5,0,TU
-1391.75,-791.5,0,TU
292.25,-791.5,0,TU
-536.75,-791,0,TU
2430.25,-791,0,TU
-1883.75,-790.5,0,TU
-1655.75,-790.5,0,TU
-881.25,-790.5,0,TU
-799.25,-790.5,0,TU
-1955.25,-790,0,TU
44.25,-789.5,0,TU
-1590.75,-789,0,TU
1895.75,-789,0,TU
61.75,-788.5,0,TU
127.75,-788,0,TU
-3128.75,-787,0,TU
-2211.25,-787,0,TU
1935.75,-787,0,TU
-566.25,-786.5,0,TU
2068.25,-786.5,0,TU
-3262.75,-786,0,TU
99.75,-786,0,TU
-2551.25,-785.5,0,TU
-943.25,-785.5,0,TU
-2273.75,-785,0,TU
-2094.25,-784,0,TU
-1401.75,-783.5,0,TU
-2119.75,-783,0,TU
-917.25,-782.5,0,TU
1504.75,-782.5,0,TU
-3035.25,-782,0,TU
-1377.25,-782,0,TU
302.75,-781.5,0,TU
-2632.75,-781,0,TU
-2613.75,-781,0,TU
-738.25,-780,0,TU
151.75,-780,0,TU
2393.75,-779.5,0,TU
-3056.25,-779,0,TU
-893.25,-779,0,TU
-550.25,-779,0,TU
-765.75,-778.5,0,TU
-509.25,-778.5,0,TU
618.75,-778,0,TU
1590.75,-778,0,TU
537.25,-777,0,TU
2553.25,-776.5,0,TU
-3423.75,-775.5,0,TU
-218.75,-775.5,0,TU
-3234.75,-775,0,TU
-1025.25,-775,0,TU
1871.75,-775,0,TU
-667.75,-774.5,0,TU
-109.75,-773.5,0,TU
-3528.75,-772.5,0,TU
1910.25,-772.5,0,TU
-1272.75,-772,0,TU
-3612.75,-771.5,0,TU
-2858.75,-771.5,0,TU
-2391.75,-771.5,0,TU
-1058.25,-771.5,0,TU
-350.75,-771,0,TU
-3448.25,-770.5,0,TU
-3291.25,-769.5,0,TU
-1498.25,-769.5,0,TU
-3436.25,-768.5,0,TU
235.25,-768.5,0,TU
291.25,-768,0,TU
-1466.25,-767.5,0,TU
1656.75,-767.5,0,TU
-1246.75,-767,0,TU
2417.25,-767,0,TU
-1162.25,-766.5,0,TU
1982.25,-766,0,TU
-3656.75,-765.5,0,TU
-1699.25,-765.5,0,TU
2540.25,-765.5,0,TU
-1076.25,-765,0,TU
-3488.25,-764,0,TU
-1761.25,-764,0,TU
-795.75,-764,0,TU
-3219.75,-763,0,TU
-2085.25,-763,0,TU
51.25,-763,0,TU
352.25,-763,0,TU
1254.75,-763,0,TU
2502.25,-763,0,TU
-3127.25,-762.5,0,TU
-2120.75,-762.5,0,TU
-2878.75,-762,0,TU
1614.75,-761.5,0,TU
-2369.75,-760.5,0,TU
923.75,-760.5,0,TU
-2894.75,-760,0,TU
-2560.25,-760,0,TU
-1128.25,-759.5,0,TU
1948.75,-759.5,0,TU
-3345.75,-759,0,TU
-1575.25,-759,0,TU
-592.25,-759,0,TU
-2653.75,-758.5,0,TU
-1742.25,-758.5,0,TU
-1006.25,-758.5,0,TU
-17.75,-758.5,0,TU
434.25,-758.5,0,TU
2051.75,-758.5,0,TU
-1955.75,-757.5,0,TU
2016.75,-757.5,0,TU
-2932.75,-757,0,TU
-2804.25,-757,0,TU
-2599.25,-757,0,TU
-707.25,-757,0,TU
1574.25,-757,0,TU
2473.25,-757,0,TU
-2782.75,-756,0,TU
-1776.75,-756,0,TU
-741.25,-756,0,TU
874.25,-755.5,0,TU
1765.25,-755,0,TU
-3579.25,-754.5,0,TU
-2908.75,-754.5,0,TU
-1147.75,-754.5,0,TU
-3405.25,-753.5,0,TU
-2579.25,-753.5,0,TU
-1892.75,-753.5,0,TU
-1259.75,-753.5,0,TU
1839.25,-753.5,0,TU
-2290.75,-752,0,TU
-2536.75,-751.5,0,TU
-487.25,-751.5,0,TU
-2414.25,-751,0,TU
213.75,-751,0,TU
461.25,-751,0,TU
-1660.75,-750.5,0,TU
-1515.75,-750.5,0,TU
-646.25,-750.5,0,TU
-1981.75,-750,0,TU
-1796.75,-750,0,TU
-1038.25,-749.5,0,TU
123.75,-749.5,0,TU
635.25,-749,0,TU
2547.25,-748.5,0,TU
-2678.75,-748,0,TU
1785.75,-748,0,TU
-3076.25,-747.5,0,TU
-2134.75,-747,0,TU
2496.75,-746.5,0,TU
-2953.25,-746,0,TU
-2635.25,-746,0,TU
-792.25,-746,0,TU
498.75,-745.5,0,TU
1583.75,-744.5,0,TU
2511.25,-744.5,0,TU
-3175.75,-744,0,TU
595.25,-743.5,0,TU
1935.25,-743.5,0,TU
-3371.25,-743,0,TU
-2981.75,-743,0,TU
-2348.25,-743,0,TU
-3574.75,-742.5,0,TU
-2468.75,-742.5,0,TU
1293.25,-742,0,TU
-888.25,-741.5,0,TU
-3217.75,-741,0,TU
-561.25,-741,0,TU
1975.75,-741,0,TU
-757.25,-739,0,TU
-3304.25,-738.5,0,TU
-1117.75,-738.5,0,TU
-703.25,-738.5,0,TU
-3651.25,-738,0,TU
-683.75,-738,0,TU
-2081.75,-737.5,0,TU
1013.75,-737,0,TU
-304.75,-736.5,0,TU
-3677.75,-735.5,0,TU
235.25,-735.5,0,TU
-2823.25,-734,0,TU
100.25,-734,0,TU
1880.25,-734,0,TU
-2333.25,-733.5,0,TU
-2407.25,-733,0,TU
-1228.25,-733,0,TU
-2514.75,-732,0,TU
331.75,-732,0,TU
-3147.25,-731.5,0,TU
-2042.25,-730,0,TU
-1920.25,-730,0,TU
-3462.75,-728.5,0,TU
-3263.25,-728.5,0,TU
-1072.75,-728.5,0,TU
2543.75,-728.5,0,TU
-2128.75,-728,0,TU
-934.25,-728,0,TU
-2899.75,-727,0,TU
-851.75,-727,0,TU
269.75,-726,0,TU
1640.75,-726,0,TU
-3098.75,-725,0,TU
-782.75,-724.5,0,TU
1311.25,-723.5,0,TU
1732.25,-723.5,0,TU
2520.75,-722.5,0,TU
-3486.25,-722,0,TU
-1333.75,-721.5,0,TU
-695.75,-721.5,0,TU
2444.25,-721.5,0,TU
-2244.75,-721,0,TU
564.75,-720.5,0,TU
-2629.75,-720,0,TU
1056.25,-720,0,TU
-1094.75,-719,0,TU
-3081.25,-718.5,0,TU
-2972.25,-718.5,0,TU
-2575.75,-718.5,0,TU
-1758.75,-718.5,0,TU
-1791.25,-718,0,TU
-2412.75,-716.5,0,TU
-755.75,-716,0,TU
-51.75,-715.5,0,TU
155.25,-714.5,0,TU
-2869.75,-714,0,TU
1891.25,-714,0,TU
-3589.75,-713.5,0,TU
-2937.75,-713.5,0,TU
437.25,-713.5,0,TU
1521.75,-713.5,0,TU
-2357.25,-712.5,0,TU
-3358.25,-712,0,TU
-3141.75,-711.5,0,TU
-504.25,-711,0,TU
2462.75,-710,0,TU
-3284.75,-709.5,0,TU
-1531.25,-709.5,0,TU
2015.75,-709.5,0,TU
-3558.75,-709,0,TU
-2851.75,-708,0,TU
-1575.75,-708,0,TU
-2472.75,-707.5,0,TU
-2052.75,-707.5,0,TU
-3248.75,-707,0,TU
-2439.25,-707,0,TU
-1932.75,-706.5,0,TU
-835.25,-706.5,0,TU
-3231.75,-706,0,TU
-2589.25,-706,0,TU
42.75,-706,0,TU
-2615.75,-705,0,TU
-2647.25,-704.5,0,TU
-2217.25,-704.5,0,TU
-1775.25,-704.5,0,TU
1847.75,-703,0,TU
-1991.75,-701.5,0,TU
-2771.75,-701,0,TU
-2249.25,-701,0,TU
-2119.75,-701,0,TU
129.75,-701,0,TU
-1620.75,-700.5,0,TU
-2496.75,-700,0,TU
418.75,-699.5,0,TU
-2803.25,-699,0,TU
-856.75,-698.5,0,TU
-30.25,-698.5,0,TU
-666.25,-698,0,TU
1882.25,-698,0,TU
-3476.25,-697.5,0,TU
-2525.75,-697.5,0,TU
2502.75,-697.5,0,TU
-2951.25,-697,0,TU
-2703.25,-697,0,TU
-1108.75,-697,0,TU
-972.75,-697,0,TU
-352.75,-697,0,TU
-1703.25,-695.5,0,TU
-3572.75,-695,0,TU
-2450.25,-694.5,0,TU
-554.75,-694,0,TU
-2076.75,-693.5,0,TU
-2479.75,-693,0,TU
-585.75,-693,0,TU
-925.75,-692,0,TU
976.25,-692,0,TU
-3163.25,-691.5,0,TU
1784.75,-691.5,0,TU
1867.75,-691.5,0,TU
-2672.75,-691,0,TU
-1535.25,-691,0,TU
-379.25,-691,0,TU
-141.75,-690.5,0,TU
228.25,-690,0,TU
-2095.75,-689.5,0,TU
-2356.25,-689,0,TU
-272.75,-689,0,TU
76.75,-689,0,TU
-3147.75,-687.5,0,TU
-2879.75,-687.5,0,TU
-787.75,-687.5,0,TU
-325.75,-687.5,0,TU
850.75,-687.5,0,TU
-1164.75,-687,0,TU
-3068.75,-686.5,0,TU
-3560.75,-686,0,TU
-169.75,-686,0,TU
-1487.75,-685.5,0,TU
-941.25,-685.5,0,TU
-2985.75,-685,0,TU
-3680.25,-684,0,TU
200.25,-684,0,TU
-1888.75,-683.5,0,TU
-1238.25,-683.5,0,TU
170.75,-683.5,0,TU
-888.25,-683,0,TU
1758.25,-682.5,0,TU
-3325.75,-681.5,0,TU
-845.25,-681.5,0,TU
537.75,-681,0,TU
-2458.25,-680.5,0,TU
-1798.25,-680.5,0,TU
-3407.25,-679.5,0,TU
-2760.25,-679.5,0,TU
-681.75,-679.5,0,TU
140.75,-679.5,0,TU
-2635.25,-678.5,0,TU
-2590.25,-678.5,0,TU
-1547.75,-678.5,0,TU
-35.25,-678.5,0,TU
1804.25,-678.5,0,TU
-983.25,-678,0,TU
115.25,-678,0,TU
949.25,-677.5,0,TU
-3246.75,-677,0,TU
1842.75,-677,0,TU
-1207.75,-676,0,TU
-3112.25,-675.5,0,TU
-3013.75,-675.5,0,TU
-2794.25,-675.5,0,TU
-2842.25,-675,0,TU
-872.75,-675,0,TU
-908.75,-674.5,0,TU
-0.25,-674.5,0,TU
410.75,-674.5,0,TU
-2271.75,-674,0,TU
-1921.75,-674,0,TU
-965.25,-674,0,TU
1721.25,-674,0,TU
-2220.75,-673.5,0,TU
-821.75,-673.5,0,TU
-2706.75,-673,0,TU
-2131.25,-673,0,TU
-757.25,-672,0,TU
875.25,-672,0,TU
-2611.75,-671,0,TU
76.75,-671,0,TU
830.25,-671,0,TU
-1325.25,-670,0,TU
-2098.25,-669.5,0,TU
-1982.75,-669.5,0,TU
-527.25,-669.5,0,TU
-307.75,-669.5,0,TU
1272.25,-669.5,0,TU
-1825.75,-669,0,TU
1747.25,-669,0,TU
-3362.75,-668.5,0,TU
-15.75,-668.5,0,TU
-1855.75,-667.5,0,TU
-1730.25,-667.5,0,TU
1012.75,-666,0,TU
1386.25,-665.5,0,TU
-1253.25,-664.5,0,TU
-2739.75,-664,0,TU
-2949.25,-663.5,0,TU
-1754.75,-663.5,0,TU
-1475.25,-663.5,0,TU
780.75,-663,0,TU
1086.75,-663,0,TU
-3426.75,-662.5,0,TU
-1800.75,-662,0,TU
1786.25,-662,0,TU
186.25,-661.5,0,TU
-1513.75,-660.5,0,TU
-1128.75,-660,0,TU
1070.75,-659,0,TU
-976.75,-658,0,TU
-3402.25,-657.5,0,TU
-3220.75,-657.5,0,TU
-1688.75,-657.5,0,TU
-463.75,-655.5,0,TU
-2687.25,-654.5,0,TU
-3006.25,-654,0,TU
-1616.75,-654,0,TU
-2758.75,-653.5,0,TU
-258.25,-653.5,0,TU
347.75,-653.5,0,TU
1261.75,-653,0,TU
-895.25,-652.5,0,TU
213.25,-652.5,0,TU
293.25,-652.5,0,TU
-752.25,-651.5,0,TU
30.25,-651,0,TU
1727.25,-651,0,TU
366.75,-650.5,0,TU
-1845.75,-649.5,0,TU
-680.75,-648.5,0,TU
-29.75,-648.5,0,TU
126.25,-648.5,0,TU
-1356.25,-648,0,TU
675.25,-647.5,0,TU
-3056.75,-647,0,TU
-2588.25,-647,0,TU
-636.75,-647,0,TU
-2703.25,-646.5,0,TU
1760.25,-646.5,0,TU
-2143.75,-646,0,TU
-1771.75,-646,0,TU
-3188.25,-645.5,0,TU
-955.75,-645.5,0,TU
-1496.75,-644.5,0,TU
-1426.25,-643.5,0,TU
-929.25,-643,0,TU
-536.75,-643,0,TU
1008.25,-643,0,TU
1712.75,-643,0,TU
-302.75,-642,0,TU
-3290.25,-640.5,0,TU
-3413.75,-639.5,0,TU
1784.25,-639.5,0,TU
-1079.25,-639,0,TU
-1568.25,-638.5,0,TU
-3155.25,-636,0,TU
-3087.75,-636,0,TU
97.75,-636,0,TU
-2743.75,-635.5,0,TU
140.25,-635.5,0,TU
-2873.75,-634,0,TU
-3216.75,-633.5,0,TU
1078.75,-633.5,0,TU
-2928.25,-633,0,TU
-2408.75,-633,0,TU
-770.75,-632,0,TU
1678.25,-632,0,TU
205.25,-631.5,0,TU
1529.75,-631.5,0,TU
-1921.75,-631,0,TU
-1052.75,-630.5,0,TU
75.25,-630.5,0,TU
1457.75,-630.5,0,TU
1751.75,-630.5,0,TU
-1787.25,-629,0,TU
-724.25,-629,0,TU
-2576.75,-628.5,0,TU
-792.25,-628.5,0,TU
54.75,-628,0,TU
1346.75,-628,0,TU
-3101.75,-627.5,0,TU
-3022.75,-627.5,0,TU
-204.75,-627.5,0,TU
704.75,-627.5,0,TU
-2732.75,-627,0,TU
-2815.25,-626,0,TU
-3434.25,-625.5,0,TU
-3372.25,-625.5,0,TU
1196.75,-625.5,0,TU
1581.75,-625.5,0,TU
-2908.25,-625,0,TU
-1593.75,-625,0,TU
-3190.75,-624.5,0,TU
-2247.25,-624,0,TU
-1758.75,-624,0,TU
-1535.25,-624,0,TU
-294.75,-623,0,TU
243.25,-623,0,TU
1703.75,-623,0,TU
1729.25,-623,0,TU
-144.25,-622,0,TU
-1102.25,-621.5,0,TU
-914.25,-621,0,TU
-573.75,-620.5,0,TU
-2845.75,-620,0,TU
-2870.75,-619.5,0,TU
-3008.25,-619,0,TU
-1219.25,-619,0,TU
-680.75,-619,0,TU
1309.25,-618,0,TU
-1609.75,-617.5,0,TU
-115.25,-617.5,0,TU
10.75,-617.5,0,TU
-3036.75,-617,0,TU
-1075.75,-617,0,TU
-1834.75,-616.5,0,TU
-2972.75,-616,0,TU
-1027.75,-615.5,0,TU
-70.75,-615.5,0,TU
-2638.25,-615,0,TU
-2169.25,-615,0,TU
-1902.75,-613.5,0,TU
781.25,-613.5,0,TU
-3263.25,-613,0,TU
-1145.25,-613,0,TU
-1113.75,-612,0,TU
-226.75,-612,0,TU
-1872.25,-611.5,0,TU
-275.75,-611.5,0,TU
-1194.75,-611,0,TU
1667.25,-610.5,0,TU
1604.75,-609.5,0,TU
-1055.75,-609,0,TU
-2400.25,-608,0,TU
-2704.25,-607.5,0,TU
-2799.25,-607,0,TU
-780.25,-606.5,0,TU
-1671.25,-606,0,TU
-3169.25,-605.5,0,TU
-1788.25,-605,0,TU
-18.25,-605,0,TU
-2992.25,-604.5,0,TU
-1695.25,-604.5,0,TU
-3062.25,-604,0,TU
-1729.25,-604,0,TU
-254.25,-604,0,TU
-1919.25,-603.5,0,TU
-836.75,-601.5,0,TU
-1467.25,-601,0,TU
-327.75,-601,0,TU
-2307.75,-600.5,0,TU
-1136.75,-600.5,0,TU
-615.25,-600.5,0,TU
114.75,-600.5,0,TU
-1292.75,-600,0,TU
1682.75,-600,0,TU
-2893.25,-599.5,0,TU
-3334.25,-599,0,TU
-1540.75,-599,0,TU
1702.25,-599,0,TU
1736.75,-599,0,TU
-435.25,-598.5,0,TU
-809.25,-598,0,TU
-2874.25,-597,0,TU
-3352.75,-594.5,0,TU
1146.25,-594,0,TU
128.25,-593.5,0,TU
-2506.75,-593,0,TU
-2808.75,-592,0,TU
-1926.75,-591.5,0,TU
-2776.75,-590.5,0,TU
-1825.25,-590,0,TU
-1491.25,-590,0,TU
186.75,-590,0,TU
-82.75,-589.5,0,TU
-48.75,-589.5,0,TU
1722.75,-589,0,TU
-2147.25,-588.5,0,TU
-2059.25,-588,0,TU
-32.75,-588,0,TU
-1793.75,-587.5,0,TU
996.75,-587.5,0,TU
-3398.75,-587,0,TU
-3024.75,-586.5,0,TU
-721.25,-586.5,0,TU
1611.25,-586.5,0,TU
-3127.75,-586,0,TU
-2658.25,-586,0,TU
-1109.25,-585.5,0,TU
-2255.75,-585,0,TU
1065.75,-585,0,TU
-786.75,-583.5,0,TU
-463.25,-583.5,0,TU
-177.25,-583.5,0,TU
-2888.25,-583,0,TU
-2594.25,-583,0,TU
-2376.25,-583,0,TU
-1901.75,-583,0,TU
-3282.75,-581.5,0,TU
-2296.25,-581.5,0,TU
-1585.25,-581.5,0,TU
-1317.25,-581.5,0,TU
-3000.75,-581,0,TU
-1817.75,-581,0,TU
-1275.75,-580,0,TU
155.25,-580,0,TU
-3427.75,-579.5,0,TU
-12.75,-579,0,TU
1156.75,-579,0,TU
204.25,-578.5,0,TU
1657.75,-576.5,0,TU
-1950.25,-576,0,TU
1325.25,-575.5,0,TU
-3248.75,-573.5,0,TU
-3404.25,-572,0,TU
-741.25,-571.5,0,TU
-139.75,-570.5,0,TU
-1194.25,-570,0,TU
-612.75,-570,0,TU
-1692.25,-568.5,0,TU
8.75,-566,0,TU
-1746.25,-565.5,0,TU
-2490.25,-565,0,TU
-1773.75,-564.5,0,TU
575.75,-563,0,TU
-2658.25,-561.5,0,TU
-555.75,-561.5,0,TU
-1568.25,-561,0,TU
-3001.25,-560,0,TU
-659.25,-560,0,TU
217.25,-560,0,TU
-1619.25,-559.5,0,TU
-2800.25,-559,0,TU
-1644.75,-559,0,TU
-1672.75,-558.5,0,TU
-1254.25,-558.5,0,TU
1033.25,-558.5,0,TU
1083.25,-558,0,TU
-3358.25,-557.5,0,TU
-2825.75,-557,0,TU
179.25,-557,0,TU
-264.25,-556.5,0,TU
-493.75,-556,0,TU
-2306.25,-555.5,0,TU
-1346.25,-555,0,TU
920.75,-555,0,TU
-3044.75,-554.5,0,TU
-1137.25,-554.5,0,TU
-1072.75,-554.5,0,TU
-3231.75,-554,0,TU
-2511.75,-553,0,TU
-2449.75,-552.5,0,TU
1642.75,-552,0,TU
-3068.25,-551.5,0,TU
-2217.25,-551,0,TU
-3132.25,-550.5,0,TU
857.25,-550.5,0,TU
1070.25,-549.5,0,TU
-2255.25,-548.5,0,TU
-1756.75,-548,0,TU
-2835.75,-547.5,0,TU
-2363.75,-547.5,0,TU
-2170.25,-547.5,0,TU
-1598.25,-547.5,0,TU
-2156.25,-547,0,TU
-315.75,-546.5,0,TU
-2136.75,-545.5,0,TU
-632.75,-544.5,0,TU
-3398.25,-543.5,0,TU
-2701.75,-543.5,0,TU
-1568.75,-543.5,0,TU
-3032.25,-543,0,TU
-2103.75,-543,0,TU
-1332.25,-543,0,TU
-2493.25,-542.5,0,TU
-1048.75,-542,0,TU
-12.75,-542,0,TU
-3370.25,-541,0,TU
1667.25,-541,0,TU
-2668.25,-540.5,0,TU
765.25,-540.5,0,TU
-1789.75,-539,0,TU
-1205.75,-539,0,TU
-755.75,-538.5,0,TU
-2009.75,-538,0,TU
-1824.25,-538,0,TU
-658.25,-537,0,TU
12.25,-537,0,TU
49.25,-537,0,TU
-3003.75,-535,0,TU
-2470.25,-535,0,TU
710.75,-535,0,TU
-2234.25,-534.5,0,TU
-3274.75,-533.5,0,TU
-549.75,-533.5,0,TU
185.75,-533.5,0,TU
1295.25,-533.5,0,TU
-1143.75,-532.5,0,TU
833.75,-531.5,0,TU
-1185.25,-531,0,TU
1645.25,-531,0,TU
-1848.75,-530,0,TU
305.25,-530,0,TU
1619.75,-529.5,0,TU
620.25,-528.5,0,TU
161.25,-528,0,TU
-3173.75,-527.5,0,TU
-248.25,-527.5,0,TU
-3222.25,-526.5,0,TU
-3060.25,-525,0,TU
-1569.75,-525,0,TU
-2214.75,-524.5,0,TU
-1787.75,-524,0,TU
-2694.25,-523,0,TU
-2967.75,-521.5,0,TU
-736.75,-521.5,0,TU
-262.75,-521.5,0,TU
-2501.25,-521,0,TU
-513.25,-521,0,TU
-3130.75,-520,0,TU
-3399.25,-519.5,0,TU
-610.75,-519.5,0,TU
91.25,-518.5,0,TU
-3342.75,-516.5,0,TU
1124.25,-516,0,TU
-3154.25,-515,0,TU
-2339.75,-513.5,0,TU
-1818.25,-513,0,TU
299.25,-513,0,TU
1622.25,-513,0,TU
-591.75,-512,0,TU
-2857.75,-511.5,0,TU
-3420.25,-511,0,TU
1648.75,-508.5,0,TU
-3204.75,-508,0,TU
-1584.75,-508,0,TU
1577.75,-508,0,TU
-527.75,-507,0,TU
-2373.75,-505,0,TU
-653.75,-504.5,0,TU
-2900.75,-504,0,TU
-2470.75,-504,0,TU
-1704.25,-503,0,TU
7.75,-503,0,TU
-2999.25,-502,0,TU
-2152.25,-501,0,TU
-1242.75,-500,0,TU
1659.25,-500,0,TU
-3235.25,-499.5,0,TU
-860.75,-499,0,TU
-3346.25,-498,0,TU
-2710.25,-498,0,TU
-312.25,-498,0,TU
-3288.25,-497.5,0,TU
-1770.75,-497.5,0,TU
-3053.25,-496.5,0,TU
-1890.25,-496,0,TU
-1611.75,-495.5,0,TU
-1794.75,-495,0,TU
-605.75,-495,0,TU
-464.75,-495,0,TU
-3381.75,-494.5,0,TU
-3132.25,-494.5,0,TU
-3178.75,-494,0,TU
-3027.75,-494,0,TU
-2945.75,-494,0,TU
-543.25,-491.5,0,TU
-2314.25,-491,0,TU
1586.25,-491,0,TU
-2766.25,-490.5,0,TU
1558.75,-489.5,0,TU
-623.25,-488,0,TU
1229.75,-488,0,TU
-2486.75,-487.5,0,TU
-1660.75,-487.5,0,TU
1381.25,-487,0,TU
-2104.25,-486.5,0,TU
-1912.75,-486.5,0,TU
-1340.75,-486,0,TU
252.25,-486,0,TU
-2135.75,-485,0,TU
-1230.25,-483.5,0,TU
-2341.75,-483,0,TU
-1738.25,-482.5,0,TU
-258.75,-482,0,TU
-1609.25,-481.5,0,TU
712.25,-481.5,0,TU
-2661.25,-481,0,TU
-2844.25,-480.5,0,TU
1657.25,-480,0,TU
-922.75,-479.5,0,TU
149.25,-479.5,0,TU
-3152.75,-479,0,TU
1461.75,-479,0,TU
-3361.25,-478.5,0,TU
-3197.25,-477,0,TU
-418.25,-477,0,TU
-2894.75,-476,0,TU
-2724.75,-476,0,TU
166.25,-476,0,TU
306.25,-476,0,TU
791.75,-473.5,0,TU
-2746.25,-473,0,TU
-1780.75,-472.5,0,TU
-2292.75,-471.5,0,TU
-3338.25,-471,0,TU
-1902.75,-471,0,TU
1578.75,-471,0,TU
-2185.75,-470.5,0,TU
-3045.25,-470,0,TU
-1762.25,-470,0,TU
-3023.25,-469,0,TU
1162.25,-468,0,TU
-3293.75,-467,0,TU
-3085.75,-467,0,TU
-1972.25,-467,0,TU
-387.75,-466,0,TU
-317.25,-466,0,TU
-2001.75,-465,0,TU
-3230.25,-464.5,0,TU
-1710.25,-464.5,0,TU
-244.75,-464.5,0,TU
-1798.25,-464,0,TU
-3318.75,-463.5,0,TU
-1253.75,-463.5,0,TU
-903.25,-463,0,TU
-465.25,-463,0,TU
-3212.25,-462.5,0,TU
-3373.25,-462,0,TU
-2057.25,-462,0,TU
-1164.25,-462,0,TU
1175.25,-462,0,TU
-2923.25,-460.5,0,TU
-3161.75,-460,0,TU
-2347.25,-460,0,TU
-553.25,-460,0,TU
-1277.25,-458.5,0,TU
-1228.25,-457,0,TU
1491.75,-456.5,0,TU
-3187.25,-456,0,TU
-2863.75,-456,0,TU
-3353.25,-455.5,0,TU
-2674.25,-455.5,0,TU
-2149.75,-455,0,TU
-3407.75,-454.5,0,TU
-1689.25,-454.5,0,TU
1530.25,-454.5,0,TU
-2258.75,-454,0,TU
-2602.75,-453.5,0,TU
-1488.75,-453,0,TU
-3117.75,-452.5,0,TU
1603.25,-452.5,0,TU
1665.75,-452.5,0,TU
-1144.75,-451.5,0,TU
-954.75,-451,0,TU
-258.75,-450.5,0,TU
870.75,-449.5,0,TU
1572.25,-449.5,0,TU
-770.75,-449,0,TU
-1985.25,-448.5,0,TU
-221.25,-448,0,TU
-1770.25,-445.5,0,TU
-1858.25,-444.5,0,TU
-2359.75,-444,0,TU
-2198.75,-444,0,TU
-3387.25,-443,0,TU
-1255.25,-443,0,TU
-2116.25,-442.5,0,TU
46.75,-442.5,0,TU
-1427.25,-441.5,0,TU
-555.25,-441,0,TU
-2652.25,-440.5,0,TU
-2528.25,-440.5,0,TU
-2274.25,-440.5,0,TU
-1713.25,-440.5,0,TU
-984.75,-440.5,0,TU
-475.25,-440,0,TU
-1738.25,-439,0,TU
-3025.25,-438,0,TU
-2780.25,-437.5,0,TU
-2002.75,-437.5,0,TU
-443.75,-437.5,0,TU
1459.75,-437.5,0,TU
-125.75,-436.5,0,TU
-3094.75,-435.5,0,TU
-633.75,-435.5,0,TU
-887.25,-435,0,TU
1642.75,-435,0,TU
1550.25,-434,0,TU
-3357.25,-432.5,0,TU
-2601.25,-432.5,0,TU
-2085.75,-432.5,0,TU
-503.75,-432,0,TU
-1627.75,-431,0,TU
-198.25,-431,0,TU
-2433.25,-430.5,0,TU
1666.75,-430.5,0,TU
-661.25,-430,0,TU
-422.25,-430,0,TU
650.25,-430,0,TU
1621.75,-429.5,0,TU
-616.25,-428.5,0,TU
1450.25,-428.5,0,TU
-2353.25,-428,0,TU
-1242.25,-428,0,TU
1215.25,-427.5,0,TU
-1748.75,-426.5,0,TU
18.25,-426,0,TU
-2093.25,-425.5,0,TU
-530.25,-425.5,0,TU
-1652.25,-425,0,TU
-1317.25,-425,0,TU
1525.25,-424.5,0,TU
1598.25,-424,0,TU
-1780.25,-423.5,0,TU
-2130.75,-423,0,TU
-3071.75,-422.5,0,TU
-919.25,-422.5,0,TU
1464.75,-421.5,0,TU
-1915.75,-421,0,TU
-3336.75,-420,0,TU
-1591.25,-420,0,TU
689.75,-420,0,TU
-2569.25,-419.5,0,TU
-1729.25,-419,0,TU
-1605.75,-419,0,TU
-465.25,-419,0,TU
-155.25,-419,0,TU
-1893.25,-418.5,0,TU
-2006.75,-418,0,TU
-943.75,-418,0,TU
-3189.75,-417.5,0,TU
39.75,-417.5,0,TU
-2810.75,-417,0,TU
-2110.75,-416.5,0,TU
-3052.25,-416,0,TU
-1312.75,-416,0,TU
1535.25,-416,0,TU
-397.25,-415.5,0,TU
-494.25,-415,0,TU
1480.25,-415,0,TU
-3397.25,-414,0,TU
-2026.75,-413.5,0,TU
-1164.25,-413.5,0,TU
-1129.75,-413.5,0,TU
-2060.25,-413,0,TU
-24.75,-413,0,TU
-3031.25,-412.5,0,TU
-629.25,-412.5,0,TU
-2161.25,-412,0,TU
-890.75,-411.5,0,TU
-2610.75,-411,0,TU
-1281.75,-407.5,0,TU
-439.25,-407.5,0,TU
1505.25,-407.5,0,TU
-2683.25,-407,0,TU
-2980.25,-406.5,0,TU
-2794.25,-406,0,TU
177.25,-406,0,TU
-1348.75,-405.5,0,TU
-694.25,-405.5,0,TU
-550.25,-404.5,0,TU
113.25,-404.5,0,TU
-3306.75,-404,0,TU
-3345.25,-403.5,0,TU
-2734.75,-402.5,0,TU
-519.75,-402,0,TU
-2091.75,-401.5,0,TU
59.75,-401.5,0,TU
-1907.25,-401,0,TU
-651.75,-401,0,TU
-2861.25,-400.5,0,TU
-1650.75,-400.5,0,TU
-1205.25,-400.5,0,TU
465.25,-400.5,0,TU
-3291.25,-400,0,TU
-2634.25,-400,0,TU
-1096.75,-400,0,TU
-3377.75,-399.5,0,TU
-1499.25,-399.5,0,TU
-2831.75,-399,0,TU
-936.25,-397,0,TU
1491.75,-397,0,TU
89.75,-396.5,0,TU
-3271.75,-396,0,TU
-1591.25,-396,0,TU
-1219.75,-396,0,TU
-143.25,-396,0,TU
-2660.75,-395.5,0,TU
-2137.25,-395.5,0,TU
-9.75,-395.5,0,TU
-1696.25,-395,0,TU
-485.25,-395,0,TU
-2531.75,-394.5,0,TU
-744.75,-394.5,0,TU
439.25,-393,0,TU
-467.75,-392.5,0,TU
-1941.75,-392,0,TU
-1036.25,-392,0,TU
-2462.75,-390,0,TU
-1110.25,-390,0,TU
-3358.25,-389.5,0,TU
-3324.75,-389.5,0,TU
-713.75,-389.5,0,TU
-2780.75,-389,0,TU
-2945.25,-388.5,0,TU
-1338.75,-388.5,0,TU
1280.25,-388.5,0,TU
1595.25,-387,0,TU
-3241.75,-386.5,0,TU
-1364.25,-385.5,0,TU
526.25,-384.5,0,TU
-2412.25,-382,0,TU
-1150.25,-381.5,0,TU
-1314.75,-381,0,TU
1558.75,-381,0,TU
266.75,-380.5,0,TU
-2226.25,-380,0,TU
4.75,-380,0,TU
-961.75,-379.5,0,TU
-1012.75,-378,0,TU
-1597.75,-377,0,TU
-837.25,-376,0,TU
-137.75,-375.5,0,TU
34.25,-375.5,0,TU
-2531.75,-374.5,0,TU
-1922.25,-374.5,0,TU
-197.75,-374.5,0,TU
-163.75,-374.5,0,TU
-2824.75,-374,0,TU
-376.75,-374,0,TU
-3315.75,-373.5,0,TU
1528.25,-372.5,0,TU
1630.75,-372.5,0,TU
-3240.75,-371.5,0,TU
301.25,-371.5,0,TU
-2032.25,-370.5,0,TU
563.25,-370,0,TU
235.75,-369,0,TU
-2417.25,-368.5,0,TU
347.75,-368,0,TU
-1216.75,-367.5,0,TU
-1167.25,-367.5,0,TU
808.25,-367,0,TU
887.25,-367,0,TU
-1070.25,-366,0,TU
-939.25,-366,0,TU
1479.25,-365.5,0,TU
1104.75,-364,0,TU
-3160.75,-363.5,0,TU
1504.75,-363,0,TU
-2885.75,-362.5,0,TU
-1438.25,-362.5,0,TU
-2478.75,-362,0,TU
1561.25,-362,0,TU
-714.25,-361,0,TU
-339.25,-360.5,0,TU
510.75,-360.5,0,TU
-3366.25,-360,0,TU
1340.25,-360,0,TU
-1337.75,-359.5,0,TU
-3199.25,-359,0,TU
-3132.25,-359,0,TU
-2177.25,-358.5,0,TU
-383.75,-358.5,0,TU
-3222.75,-357.5,0,TU
-1145.75,-356.5,0,TU
-145.75,-356.5,0,TU
-2515.75,-356,0,TU
-2400.25,-356,0,TU
250.25,-356,0,TU
1581.75,-356,0,TU
-176.25,-355.5,0,TU
-1631.25,-354.5,0,TU
-3178.75,-354,0,TU
69.75,-354,0,TU
-414.75,-353.5,0,TU
398.25,-353.5,0,TU
-2859.25,-352.5,0,TU
-1611.75,-351.5,0,TU
-3046.25,-351,0,TU
-1063.25,-350.5,0,TU
-2840.25,-350,0,TU
-1709.75,-350,0,TU
1486.25,-350,0,TU
262.75,-349.5,0,TU
-2940.75,-349,0,TU
-2604.25,-349,0,TU
-679.75,-349,0,TU
-3005.25,-348.5,0,TU
-109.75,-348,0,TU
1518.25,-347.5,0,TU
322.25,-347,0,TU
-2782.25,-344.5,0,TU
-2534.75,-344.5,0,TU
-1646.25,-344.5,0,TU
837.25,-344,0,TU
-2825.25,-343.5,0,TU
1632.25,-343.5,0,TU
-2373.75,-341.5,0,TU
63.75,-341,0,TU
702.75,-341,0,TU
-2799.25,-340.5,0,TU
1588.75,-340.5,0,TU
-1265.75,-339,0,TU
-2585.25,-338.5,0,TU
-2459.25,-338.5,0,TU
-2883.25,-337,0,TU
-2745.25,-337,0,TU
1621.75,-335.5,0,TU
-2066.75,-334.5,0,TU
1091.75,-334,0,TU
-946.25,-333.5,0,TU
-2476.75,-332.5,0,TU
-3259.75,-329.5,0,TU
-1361.75,-329.5,0,TU
-1143.75,-329.5,0,TU
351.25,-329.5,0,TU
-2313.25,-329,0,TU
191.25,-329,0,TU
-2090.25,-328,0,TU
-371.75,-327,0,TU
-3061.25,-326.5,0,TU
-161.75,-325.5,0,TU
-2122.75,-324.5,0,TU
-2048.75,-324,0,TU
-2765.75,-323.5,0,TU
-2020.25,-323,0,TU
-1028.25,-323,0,TU
1541.75,-322.5,0,TU
-2840.25,-322,0,TU
-2402.75,-322,0,TU
-1932.75,-321.5,0,TU
-3240.25,-321,0,TU
-1150.75,-320,0,TU
-138.25,-319,0,TU
-2816.25,-318.5,0,TU
-1299.75,-318.5,0,TU
-2661.75,-317.5,0,TU
404.25,-317.5,0,TU
632.75,-317.5,0,TU
-1389.75,-317,0,TU
-3194.25,-316.5,0,TU
-17.25,-316.5,0,TU
508.75,-316.5,0,TU
-1241.75,-316,0,TU
-2548.25,-315.5,0,TU
-1419.75,-315,0,TU
-1917.25,-314,0,TU
348.25,-313.5,0,TU
774.25,-313.5,0,TU
-2940.25,-312.5,0,TU
-1228.75,-312.5,0,TU
-925.75,-312,0,TU
-3037.25,-311.5,0,TU
-2197.25,-311.5,0,TU
1615.75,-311.5,0,TU
-389.75,-311,0,TU
984.75,-311,0,TU
-2234.25,-310.5,0,TU
-1036.25,-308.5,0,TU
-3272.75,-306,0,TU
-3082.25,-305.5,0,TU
1527.75,-305.5,0,TU
-2006.25,-304.5,0,TU
-39.25,-302,0,TU
1544.75,-301,0,TU
-2146.25,-300.5,0,TU
-2579.25,-298.5,0,TU
511.75,-298.5,0,TU
-320.25,-298,0,TU
-1760.25,-297.5,0,TU
-1447.25,-294.5,0,TU
-3185.25,-293,0,TU
-199.25,-293,0,TU
62.75,-293,0,TU
-2973.25,-291,0,TU
-1072.25,-289.5,0,TU
721.25,-289.5,0,TU
-3117.75,-289,0,TU
-2521.75,-288.5,0,TU
-2287.25,-288.5,0,TU
-2040.75,-288.5,0,TU
-1663.25,-288.5,0,TU
-1158.25,-288.5,0,TU
-984.75,-288.5,0,TU
-2495.25,-288,0,TU
-2712.25,-287.5,0,TU
-2076.75,-287.5,0,TU
-1965.75,-287.5,0,TU
588.75,-287.5,0,TU
-2217.75,-286,0,TU
-1908.75,-285,0,TU
-1841.25,-285,0,TU
117.25,-284.5,0,TU
185.25,-284.5,0,TU
-3272.75,-284,0,TU
-2813.75,-283.5,0,TU
-2000.75,-283,0,TU
-1737.25,-282.5,0,TU
-2347.75,-282,0,TU
-1140.75,-281.5,0,TU
-2408.75,-281,0,TU
1140.25,-280.5,0,TU
-3091.75,-280,0,TU
-2256.25,-280,0,TU
-1451.25,-280,0,TU
-123.75,-280,0,TU
-3016.25,-279.5,0,TU
-3145.25,-278.5,0,TU
488.75,-278,0,TU
-953.75,-277,0,TU
-2582.25,-276,0,TU
-1059.25,-276,0,TU
-2117.25,-274.5,0,TU
-2651.75,-274,0,TU
-1691.75,-273,0,TU
-1180.25,-272,0,TU
-201.75,-272,0,TU
-2370.75,-271.5,0,TU
-318.75,-271,0,TU
1414.75,-271,0,TU
-1661.75,-270.5,0,TU
-22.25,-270.5,0,TU
1537.25,-269.5,0,TU
-95.25,-269,0,TU
-1870.75,-268.5,0,TU
332.75,-268,0,TU
-2597.75,-267.5,0,TU
-1853.75,-267.5,0,TU
-1012.25,-267.5,0,TU
1516.75,-267.5,0,TU
-3191.75,-267,0,TU
-2152.75,-267,0,TU
-1445.75,-266.5,0,TU
-3170.75,-266,0,TU
-2168.75,-266,0,TU
-3091.25,-265.5,0,TU
-1781.75,-265.5,0,TU
-1766.25,-265.5,0,TU
911.75,-265.5,0,TU
-908.25,-265,0,TU
31.75,-264,0,TU
-2664.25,-263,0,TU
-2535.25,-263,0,TU
-1055.25,-263,0,TU
-2826.75,-262.5,0,TU
-1955.75,-262.5,0,TU
-2002.75,-260,0,TU
-983.25,-259.5,0,TU
-3132.75,-259,0,TU
-2685.75,-259,0,TU
117.75,-258.5,0,TU
478.75,-258,0,TU
1507.75,-258,0,TU
-879.75,-256.5,0,TU
-7.25,-256.5,0,TU
-3074.25,-256,0,TU
-210.75,-256,0,TU
1316.75,-256,0,TU
-2916.25,-254,0,TU
-1873.75,-254,0,TU
-271.25,-253.5,0,TU
369.75,-253,0,TU
-2415.75,-252.5,0,TU
-2333.75,-252.5,0,TU
-113.25,-252.5,0,TU
-1106.75,-252,0,TU
525.75,-251.5,0,TU
824.75,-251.5,0,TU
-943.25,-251,0,TU
-1809.25,-250.5,0,TU
-1263.25,-250,0,TU
-95.25,-250,0,TU
-1570.75,-249.5,0,TU
1000.25,-249.5,0,TU
61.75,-249,0,TU
-1677.25,-248.5,0,TU
-2436.25,-248,0,TU
342.75,-247.5,0,TU
-2259.25,-247,0,TU
-502.75,-247,0,TU
-38.75,-247,0,TU
-1594.75,-246.5,0,TU
-335.75,-245.5,0,TU
1547.75,-245.5,0,TU
-2936.75,-245,0,TU
538.75,-244.5,0,TU
-2018.25,-244,0,TU
-1711.75,-242.5,0,TU
-357.25,-242.5,0,TU
-1453.25,-242,0,TU
-2403.25,-241.5,0,TU
-2793.75,-240,0,TU
-251.75,-240,0,TU
-2998.25,-239.5,0,TU
-1657.25,-239.5,0,TU
872.75,-239.5,0,TU
-70.75,-239,0,TU
-1929.25,-238.5,0,TU
-668.75,-238.5,0,TU
1055.25,-238.5,0,TU
-2050.25,-238,0,TU
-1996.75,-238,0,TU
598.25,-237.5,0,TU
-1973.75,-236.5,0,TU
-894.25,-236,0,TU
-2973.25,-234,0,TU
-2487.75,-233.5,0,TU
-1797.75,-233.5,0,TU
-1896.75,-232.5,0,TU
-1851.75,-232.5,0,TU
276.25,-231,0,TU
1582.25,-230,0,TU
-2571.25,-229.5,0,TU
-3095.75,-228.5,0,TU
-2137.25,-228.5,0,TU
-1553.75,-228.5,0,TU
-2525.75,-228,0,TU
-2665.25,-227.5,0,TU
-2587.25,-227.5,0,TU
-94.75,-227.5,0,TU
-1474.75,-225,0,TU
497.75,-224.5,0,TU
-2849.75,-223.5,0,TU
-1830.75,-223.5,0,TU
-1753.75,-223.5,0,TU
-833.25,-223,0,TU
-116.75,-223,0,TU
-2181.25,-221.5,0,TU
-2408.75,-220.5,0,TU
-2868.25,-220,0,TU
-2950.75,-219.5,0,TU
675.75,-219.5,0,TU
-2021.75,-218.5,0,TU
-3081.75,-217.5,0,TU
-1622.75,-217.5,0,TU
-474.25,-217.5,0,TU
-2385.75,-217,0,TU
328.25,-217,0,TU
-1434.25,-216,0,TU
-640.75,-214.5,0,TU
-1780.25,-214,0,TU
-1711.25,-214,0,TU
-780.75,-214,0,TU
-2492.25,-213.5,0,TU
-2079.25,-213.5,0,TU
-1913.25,-212.5,0,TU
-2203.75,-212,0,TU
-588.25,-212,0,TU
-275.75,-212,0,TU
-2556.75,-211,0,TU
-2514.25,-211,0,TU
-2893.75,-210.5,0,TU
-1153.25,-210.5,0,TU
474.75,-210.5,0,TU
-1679.25,-210,0,TU
-614.75,-210,0,TU
-3222.75,-209,0,TU
-873.25,-209,0,TU
-535.25,-209,0,TU
260.25,-209,0,TU
573.25,-209,0,TU
-2996.25,-208.5,0,TU
-1263.75,-207.5,0,TU
1550.75,-207,0,TU
-2393.75,-205.5,0,TU
-295.75,-205.5,0,TU
-2339.75,-204,0,TU
-2823.25,-203.5,0,TU
864.75,-203.5,0,TU
-3057.25,-202,0,TU
-1652.75,-202,0,TU
-1237.75,-202,0,TU
-1478.25,-201,0,TU
-102.75,-201,0,TU
-2638.25,-200.5,0,TU
-216.25,-200.5,0,TU
-2542.75,-200,0,TU
-2905.75,-199.5,0,TU
-1772.25,-199,0,TU
-769.25,-199,0,TU
-50.75,-199,0,TU
497.25,-199,0,TU
-836.75,-198.5,0,TU
-2028.25,-198,0,TU
-1279.25,-198,0,TU
1056.25,-198,0,TU
-1995.25,-197.5,0,TU
-1428.75,-197.5,0,TU
-1132.25,-196,0,TU
-2091.75,-195.5,0,TU
-1444.25,-195.5,0,TU
-2137.25,-195,0,TU
-1687.25,-195,0,TU
-1074.75,-193.5,0,TU
-2870.75,-192.5,0,TU
-2487.75,-192,0,TU
-813.25,-192,0,TU
939.25,-192,0,TU
-2844.25,-191,0,TU
-516.75,-190.5,0,TU
-3210.75,-190,0,TU
-659.25,-190,0,TU
970.75,-188.5,0,TU
-255.75,-188,0,TU
-851.75,-186.5,0,TU
-727.25,-186.5,0,TU
-2017.75,-186,0,TU
-767.25,-186,0,TU
1575.75,-186,0,TU
-3186.25,-185.5,0,TU
260.75,-184,0,TU
-1703.25,-183.5,0,TU
-533.75,-183.5,0,TU
-695.75,-183,0,TU
-3037.25,-182.5,0,TU
-2401.75,-182,0,TU
-2813.25,-181,0,TU
503.75,-181,0,TU
-145.75,-179,0,TU
239.25,-179,0,TU
-3079.25,-178.5,0,TU
393.75,-177.5,0,TU
-2199.25,-177,0,TU
-3054.25,-176.5,0,TU
-2424.25,-175.5,0,TU
-2170.75,-175.5,0,TU
-1509.25,-175.5,0,TU
-871.75,-175.5,0,TU
-608.75,-174.5,0,TU
1332.75,-174.5,0,TU
-2593.75,-173.5,0,TU
278.75,-172.5,0,TU
-439.75,-171.5,0,TU
1576.75,-170.5,0,TU
-2636.25,-170,0,TU
-378.25,-169.5,0,TU
1065.25,-169,0,TU
-1477.75,-168,0,TU
-1364.75,-167.5,0,TU
1227.25,-167,0,TU
-2379.75,-165,0,TU
-2354.75,-165,0,TU
-2213.25,-165,0,TU
-477.25,-165,0,TU
-273.25,-165,0,TU
211.75,-165,0,TU
-1125.25,-164.5,0,TU
-425.75,-164.5,0,TU
308.75,-164,0,TU
-1728.25,-163.5,0,TU
-729.25,-163,0,TU
-697.25,-163,0,TU
-3191.75,-162.5,0,TU
-2401.25,-162.5,0,TU
-2132.25,-162.5,0,TU
-670.75,-162.5,0,TU
-402.75,-160.5,0,TU
1589.25,-159.5,0,TU
-331.25,-158.5,0,TU
-2832.75,-158,0,TU
-536.25,-158,0,TU
-2880.25,-157,0,TU
-484.75,-155,0,TU
-2751.25,-154,0,TU
-2076.75,-154,0,TU
513.25,-154,0,TU
-2671.25,-153.5,0,TU
-1062.75,-153.5,0,TU
-652.25,-152,0,TU
-321.25,-151.5,0,TU
-2621.75,-149.5,0,TU
-886.75,-149.5,0,TU
-422.25,-149.5,0,TU
-1485.75,-149,0,TU
-592.75,-149,0,TU
-2574.75,-148,0,TU
382.25,-148,0,TU
-2115.25,-147.5,0,TU
-3121.25,-147,0,TU
-1369.75,-146.5,0,TU
-913.25,-146.5,0,TU
-3207.25,-146,0,TU
-385.25,-145.5,0,TU
-2695.75,-145,0,TU
-1037.25,-145,0,TU
38.25,-145,0,TU
-1398.75,-144.5,0,TU
1537.75,-144.5,0,TU
328.75,-143.5,0,TU
-1610.75,-143,0,TU
-1588.75,-143,0,TU
-2821.25,-142,0,TU
-1016.75,-141.5,0,TU
-3096.25,-140.5,0,TU
-2093.75,-140.5,0,TU
349.25,-140,0,TU
-3145.75,-139.5,0,TU
-1726.25,-138.5,0,TU
-2719.75,-137.5,0,TU
-1631.25,-137,0,TU
1576.25,-136.5,0,TU
1066.75,-136,0,TU
-598.75,-134.5,0,TU
-2054.25,-134,0,TU
-2346.25,-133.5,0,TU
-189.75,-133.5,0,TU
-2210.25,-133,0,TU
-507.75,-132.5,0,TU
-905.25,-130,0,TU
-3229.75,-128.5,0,TU
-1055.25,-128.5,0,TU
492.75,-128,0,TU
-2404.25,-127.5,0,TU
1007.75,-127,0,TU
-965.75,-126.5,0,TU
-2839.75,-126,0,TU
-3123.25,-125,0,TU
-3062.75,-124.5,0,TU
-2180.25,-123.5,0,TU
32.25,-123,0,TU
-1514.75,-122.5,0,TU
984.25,-122.5,0,TU
-2809.75,-122,0,TU
-242.25,-122,0,TU
568.25,-122,0,TU
-357.75,-121,0,TU
-2908.25,-120.5,0,TU
1232.25,-119,0,TU
-2754.75,-117.5,0,TU
-3185.25,-117,0,TU
-324.75,-117,0,TU
-1603.75,-115,0,TU
-215.75,-115,0,TU
1594.25,-115,0,TU
76.25,-114.5,0,TU
-192.25,-114,0,TU
-2659.25,-113,0,TU
-2109.75,-113,0,TU
-3102.25,-112,0,TU
-1940.25,-112,0,TU
-483.25,-112,0,TU
-2461.25,-111,0,TU
1470.75,-111,0,TU
-2206.25,-106.5,0,TU
-2555.75,-105.5,0,TU
374.25,-105.5,0,TU
-2506.25,-105,0,TU
-1177.25,-105,0,TU
-996.75,-105,0,TU
-2355.75,-104.5,0,TU
-1753.75,-104,0,TU
875.75,-104,0,TU
-492.75,-103.5,0,TU
-3282.25,-103,0,TU
-232.75,-103,0,TU
1010.25,-102.5,0,TU
-2816.75,-101.5,0,TU
-2336.25,-101.5,0,TU
-1524.75,-100.5,0,TU
-1412.75,-100.5,0,TU
163.25,-99.5,0,TU
513.25,-99.5,0,TU
400.25,-99,0,TU
-440.25,-98.5,0,TU
-2158.25,-98,0,TU
-933.25,-97.5,0,TU
-346.25,-97.5,0,TU
1317.25,-97.5,0,TU
-1599.75,-95.5,0,TU
-2795.25,-95,0,TU
-2035.25,-93.5,0,TU
-559.25,-93.5,0,TU
486.25,-93.5,0,TU
-3164.25,-93,0,TU
1554.25,-93,0,TU
59.75,-92.5,0,TU
-3236.25,-90,0,TU
-6.25,-89,0,TU
-1466.75,-88.5,0,TU
-1745.75,-88,0,TU
-2457.75,-87.5,0,TU
-2059.25,-87,0,TU
-3278.75,-86.5,0,TU
-398.25,-86.5,0,TU
-286.75,-86.5,0,TU
950.25,-86.5,0,TU
-2921.25,-85,0,TU
-130.25,-85,0,TU
-2114.25,-84.5,0,TU
1528.75,-83.5,0,TU
-3202.75,-82.5,0,TU
-1630.25,-82.5,0,TU
-342.75,-82.5,0,TU
-239.75,-82,0,TU
523.75,-82,0,TU
-2748.25,-81.5,0,TU
-2631.25,-81.5,0,TU
-451.75,-81.5,0,TU
562.75,-81.5,0,TU
495.25,-80.5,0,TU
-2080.25,-80,0,TU
-1075.75,-80,0,TU
-1420.25,-79.5,0,TU
-2599.75,-79,0,TU
-1647.75,-79,0,TU
770.25,-79,0,TU
-2653.25,-78.5,0,TU
-2782.75,-78,0,TU
-1803.75,-78,0,TU
-1029.25,-76.5,0,TU
-1189.25,-76,0,TU
-533.25,-75.5,0,TU
-2352.75,-74.5,0,TU
-1392.75,-74.5,0,TU
-604.75,-74.5,0,TU
347.25,-74.5,0,TU
-1440.75,-74,0,TU
967.25,-74,0,TU
1400.75,-74,0,TU
-2367.25,-73.5,0,TU
-3054.75,-73,0,TU
-3214.25,-72.5,0,TU
-2805.75,-72.5,0,TU
1079.25,-71.5,0,TU
-2331.25,-71,0,TU
-573.25,-71,0,TU
-395.25,-71,0,TU
-1546.25,-70.5,0,TU
-551.25,-70.5,0,TU
691.75,-70.5,0,TU
1583.75,-70.5,0,TU
-507.75,-69.5,0,TU
407.75,-68.5,0,TU
-1139.75,-68,0,TU
-1998.75,-67,0,TU
-1767.25,-67,0,TU
-1065.75,-67,0,TU
-3265.75,-66.5,0,TU
-1172.25,-66.5,0,TU
-1110.75,-66,0,TU
-639.75,-65,0,TU
-354.25,-65,0,TU
-46.75,-65,0,TU
-2023.75,-64.5,0,TU
-202.25,-64.5,0,TU
1436.75,-64.5,0,TU
-3134.75,-64,0,TU
-3178.75,-63.5,0,TU
-2827.75,-63.5,0,TU
-3081.25,-63,0,TU
-3246.25,-61.5,0,TU
-2192.25,-61.5,0,TU
370.25,-61,0,TU
-336.75,-60.5,0,TU
-106.75,-60.5,0,TU
-1625.25,-59,0,TU
-618.25,-59,0,TU
-2453.75,-58.5,0,TU
-236.75,-57,0,TU
498.75,-57,0,TU
-2758.75,-54.5,0,TU
-2506.75,-54.5,0,TU
594.25,-54.5,0,TU
1572.25,-54.5,0,TU
-1402.75,-53.5,0,TU
-1448.25,-53,0,TU
1547.75,-52.5,0,TU
-2313.25,-52,0,TU
-595.25,-52,0,TU
512.75,-52,0,TU
-1784.75,-51.5,0,TU
1250.25,-51,0,TU
-1348.25,-50.5,0,TU
-2790.75,-50,0,TU
-943.75,-50,0,TU
-2400.25,-49.5,0,TU
-1424.25,-48.5,0,TU
-309.75,-48.5,0,TU
-1470.25,-47,0,TU
206.75,-47,0,TU
-3062.75,-46.5,0,TU
-1186.25,-46.5,0,TU
-384.25,-46.5,0,TU
-2116.75,-44.5,0,TU
-3187.75,-44,0,TU
-2488.25,-43.5,0,TU
-1859.25,-43.5,0,TU
346.25,-43,0,TU
-648.25,-42,0,TU
-447.75,-42,0,TU
-2959.25,-41,0,TU
-2885.25,-41,0,TU
-205.75,-41,0,TU
-3134.75,-40.5,0,TU
-1207.75,-40.5,0,TU
296.75,-40,0,TU
-412.25,-39.5,0,TU
-569.25,-39,0,TU
-357.75,-39,0,TU
-2301.75,-38.5,0,TU
-1608.25,-38.5,0,TU
-2777.75,-38,0,TU
-2368.75,-38,0,TU
-1957.25,-37.5,0,TU
-1695.75,-36.5,0,TU
-31.75,-36.5,0,TU
-1441.75,-36,0,TU
-16.75,-35.5,0,TU
-2592.75,-35,0,TU
-624.25,-35,0,TU
-329.25,-35,0,TU
497.75,-34,0,TU
1546.75,-34,0,TU
-2242.75,-33.5,0,TU
-2752.75,-33,0,TU
363.25,-33,0,TU
1301.25,-33,0,TU
-2561.75,-32,0,TU
-1579.25,-32,0,TU
317.75,-31.5,0,TU
-2535.75,-31,0,TU
-1357.25,-31,0,TU
-599.25,-31,0,TU
-1726.75,-30.5,0,TU
-1293.25,-28.5,0,TU
1491.25,-28,0,TU
-2342.75,-27,0,TU
-1039.75,-27,0,TU
-2505.25,-26,0,TU
-1378.25,-25.5,0,TU
-1427.75,-24.5,0,TU
-899.25,-24.5,0,TU
261.75,-24.5,0,TU
-1997.25,-24,0,TU
-1787.25,-24,0,TU
-1716.25,-23.5,0,TU
-2060.75,-22,0,TU
-3072.25,-21.5,0,TU
206.75,-20.5,0,TU
-1529.75,-20,0,TU
-248.25,-19.5,0,TU
999.25,-19.5,0,TU
-3193.25,-19,0,TU
-2284.75,-18.5,0,TU
8.75,-18,0,TU
-1803.75,-17.5,0,TU
-1751.75,-17,0,TU
-2954.75,-16.5,0,TU
-1441.25,-16.5,0,TU
371.75,-16.5,0,TU
-1047.25,-16,0,TU
-2077.25,-14,0,TU
-1697.25,-14,0,TU
-2594.25,-13.5,0,TU
58.75,-12.5,0,TU
-214.25,-12,0,TU
-2448.25,-11,0,TU
489.25,-11,0,TU
-1579.75,-10.5,0,TU
-2870.25,-10,0,TU
-2983.75,-9.5,0,TU
-2112.25,-9,0,TU
-2237.25,-7,0,TU
-658.25,-6.5,0,TU
-2790.25,-5.5,0,TU
-2748.75,-5.5,0,TU
-949.75,-5.5,0,TU
-1057.75,-5,0,TU
-1461.75,-4,0,TU
-1293.25,-4,0,TU
613.25,-3.5,0,TU
312.75,-3,0,TU
-981.25,-2.5,0,TU
989.25,-2.5,0,TU
-2088.75,-1.5,0,TU
-2286.75,-0.5,0,TU
-2569.25,0,0,TU
-1626.25,0,0,TU
-1205.25,0.5,0,TU
-3060.25,1.5,0,TU
-235.25,1.5,0,TU
173.75,3,0,TU
414.25,3,0,TU
-2694.75,5,0,TU
-1304.25,5,0,TU
77.75,5,0,TU
-2208.25,6.5,0,TU
-909.75,6.5,0,TU
-2674.75,7,0,TU
-1441.25,7,0,TU
1546.25,7,0,TU
-3146.75,8,0,TU
925.75,8.5,0,TU
-1855.25,9,0,TU
-1367.75,10,0,TU
-1272.75,10,0,TU
-437.75,10,0,TU
375.75,10,0,TU
-2252.25,11.5,0,TU
-453.75,11.5,0,TU
-2780.75,12,0,TU
-1485.75,12.5,0,TU
-3037.75,13,0,TU
-3016.75,13.5,0,TU
-2596.75,13.5,0,TU
-2625.75,14,0,TU
-1577.25,14,0,TU
-947.75,15,0,TU
-1810.75,15.5,0,TU
-2073.25,16,0,TU
-2663.25,16.5,0,TU
-1347.75,16.5,0,TU
-2574.25,17,0,TU
407.75,18.5,0,TU
-2875.25,19,0,TU
102.25,20.5,0,TU
1362.25,22,0,TU
-1260.25,22.5,0,TU
536.75,23,0,TU
851.25,24,0,TU
78.75,24.5,0,TU
-1830.25,25.5,0,TU
-3029.75,26,0,TU
-2587.75,26.5,0,TU
-1162.75,27,0,TU
-1296.25,28,0,TU
-1121.25,28,0,TU
-741.75,28.5,0,TU
-2046.25,29.5,0,TU
-1282.25,30,0,TU
-1317.25,31.5,0,TU
-867.75,31.5,0,TU
-2636.25,32,0,TU
1578.25,33,0,TU
-3049.75,33.5,0,TU
-3005.75,33.5,0,TU
-1791.25,33.5,0,TU
-791.75,33.5,0,TU
-1862.25,34.5,0,TU
-2167.75,35.5,0,TU
-1671.75,35.5,0,TU
-1461.75,36,0,TU
-991.75,36,0,TU
392.75,36,0,TU
1549.25,36.5,0,TU
-2082.75,37.5,0,TU
-1745.25,37.5,0,TU
-2145.75,38,0,TU
-895.25,40,0,TU
1134.75,40,0,TU
-1354.75,40.5,0,TU
-1328.75,41.5,0,TU
-1071.75,41.5,0,TU
-768.75,42,0,TU
-1805.75,43,0,TU
-1912.25,43.5,0,TU
-2599.25,44,0,TU
-2976.75,44.5,0,TU
-711.25,44.5,0,TU
-974.75,45.5,0,TU
988.25,46,0,TU
-2334.25,46.5,0,TU
130.75,46.5,0,TU
-2223.75,47,0,TU
-2186.75,47,0,TU
524.25,47.5,0,TU
1312.75,47.5,0,TU
-3025.75,48,0,TU
-1489.25,48,0,TU
-913.75,48,0,TU
727.75,48.5,0,TU
-2573.75,49,0,TU
-1641.25,49.5,0,TU
-957.25,49.5,0,TU
-465.25,49.5,0,TU
-2244.25,52,0,TU
-1947.75,52,0,TU
-1851.25,52,0,TU
-2726.75,52.5,0,TU
36.25,53,0,TU
-21.75,53.5,0,TU
949.75,53.5,0,TU
-2039.75,54,0,TU
-1159.75,54.5,0,TU
-1594.75,55,0,TU
-849.75,55,0,TU
1021.75,55,0,TU
-1693.25,55.5,0,TU
-263.75,56,0,TU
1608.75,56,0,TU
-1571.25,59,0,TU
83.25,59,0,TU
538.25,59,0,TU
-2559.25,59.5,0,TU
-1346.25,60,0,TU
1551.75,61,0,TU
-3003.25,61.5,0,TU
-2523.25,61.5,0,TU
-177.25,61.5,0,TU
847.25,61.5,0,TU
-3035.25,62.5,0,TU
-1305.25,63,0,TU
-2615.25,63.5,0,TU
-1772.75,63.5,0,TU
-1319.25,63.5,0,TU
-115.25,64,0,TU
326.75,64,0,TU
-2635.75,64.5,0,TU
-2748.25,65,0,TU
-2278.25,65,0,TU
-2846.25,65.5,0,TU
-1162.25,66.5,0,TU
-1736.25,67,0,TU
-1878.75,67.5,0,TU
377.75,68,0,TU
-1368.25,69.5,0,TU
-1099.25,71,0,TU
729.25,72,0,TU
429.25,73,0,TU
-3012.75,73.5,0,TU
-1934.25,74,0,TU
992.25,74,0,TU
-2167.75,74.5,0,TU
-2864.25,75.5,0,TU
-2962.25,76.5,0,TU
-712.25,76.5,0,TU
1166.75,77,0,TU
-2213.25,77.5,0,TU
1612.25,78,0,TU
-78.75,78.5,0,TU
150.25,79,0,TU
595.25,79,0,TU
-2502.75,80.5,0,TU
-1348.25,80.5,0,TU
811.25,80.5,0,TU
-2801.25,81,0,TU
-2013.75,81,0,TU
-2919.25,81.5,0,TU
11.25,81.5,0,TU
-2702.25,82,0,TU
-2607.75,82,0,TU
-2101.75,82.5,0,TU
874.25,83,0,TU
1639.75,83.5,0,TU
-1951.75,84,0,TU
-691.75,84,0,TU
1336.75,84,0,TU
1184.25,84.5,0,TU
-2176.25,85.5,0,TU
-655.75,85.5,0,TU
-1314.25,86,0,TU
173.25,86,0,TU
-1492.25,86.5,0,TU
272.75,86.5,0,TU
1575.25,86.5,0,TU
1653.75,87,0,TU
-2084.25,87.5,0,TU
-1561.75,87.5,0,TU
-629.25,87.5,0,TU
-2984.25,88,0,TU
331.75,88.5,0,TU
-2231.75,89,0,TU
1596.75,90,0,TU
508.75,92,0,TU
-2030.75,92.5,0,TU
919.25,92.5,0,TU
949.25,93,0,TU
1268.75,93,0,TU
-1089.75,93.5,0,TU
-609.25,94,0,TU
-62.75,94.5,0,TU
1202.75,94.5,0,TU
1523.75,94.5,0,TU
389.25,95,0,TU
-719.25,95.5,0,TU
559.75,96,0,TU
-2255.25,97,0,TU
-1967.25,97.5,0,TU
15.25,97.5,0,TU
-2740.25,98,0,TU
-2836.75,98.5,0,TU
-1381.75,98.5,0,TU
148.25,98.5,0,TU
-1698.75,99.5,0,TU
-2752.75,100,0,TU
-1297.75,100.5,0,TU
1313.25,101,0,TU
-651.75,102.5,0,TU
783.25,102.5,0,TU
-627.75,103,0,TU
-679.75,103.5,0,TU
-2790.25,104,0,TU
-2489.75,104,0,TU
1043.75,104,0,TU
1566.25,105,0,TU
1621.25,105,0,TU
-3013.75,105.5,0,TU
-1498.25,105.5,0,TU
-1342.75,105.5,0,TU
-1597.25,106,0,TU
991.25,106,0,TU
-1315.75,106.5,0,TU
-519.75,106.5,0,TU
276.25,106.5,0,TU
-2048.25,107,0,TU
-353.75,107.5,0,TU
-2448.75,108,0,TU
847.25,108,0,TU
1641.25,108,0,TU
-2945.25,109,0,TU
326.25,110.5,0,TU
-796.25,111,0,TU
-1324.25,111.5,0,TU
639.75,111.5,0,TU
929.75,111.5,0,TU
-258.75,112,0,TU
-1365.25,113,0,TU
-1565.75,113.5,0,TU
-2671.25,114,0,TU
-9.75,115.5,0,TU
964.25,117,0,TU
-132.25,117.5,0,TU
-488.25,118,0,TU
-76.25,119,0,TU
1018.25,119,0,TU
283.75,120,0,TU
-2274.75,120.5,0,TU
-536.25,120.5,0,TU
-1550.75,121,0,TU
-1311.25,121,0,TU
-2803.75,122,0,TU
-207.75,122.5,0,TU
-659.25,123,0,TU
-2161.25,123.5,0,TU
-2025.75,123.5,0,TU
615.25,123.5,0,TU
-2468.75,124.5,0,TU
-460.25,124.5,0,TU
-326.25,124.5,0,TU
-2292.75,125,0,TU
-1569.25,125,0,TU
-2507.75,126,0,TU
-632.75,126.5,0,TU
-2228.25,127,0,TU
-2139.25,127,0,TU
767.25,127.5,0,TU
819.75,127.5,0,TU
-2624.25,128.5,0,TU
-571.75,128.5,0,TU
-1875.75,129,0,TU
-95.25,129,0,TU
-2181.75,129.5,0,TU
-2839.25,130,0,TU
-2701.75,130.5,0,TU
1285.75,130.5,0,TU
1641.25,130.5,0,TU
-237.25,131,0,TU
1700.75,131.5,0,TU
-2733.75,132,0,TU
-1620.75,132.5,0,TU
-1012.75,132.5,0,TU
783.75,133.5,0,TU
675.75,134.5,0,TU
-517.75,135,0,TU
-262.25,135,0,TU
938.75,135.5,0,TU
-2985.25,136,0,TU
-472.75,136,0,TU
-2778.75,137.5,0,TU
-531.75,137.5,0,TU
-1422.75,138,0,TU
-769.75,138,0,TU
-1505.25,139.5,0,TU
-3004.75,140,0,TU
-1240.75,140.5,0,TU
-2966.75,141.5,0,TU
-2884.75,141.5,0,TU
-2464.25,141.5,0,TU
105.25,141.5,0,TU
649.25,141.5,0,TU
-2853.25,142,0,TU
1525.25,142,0,TU
-1908.75,142.5,0,TU
-73.25,142.5,0,TU
-1195.25,143.5,0,TU
-163.75,143.5,0,TU
-1548.25,144,0,TU
-1048.75,146.5,0,TU
-113.25,146.5,0,TU
905.75,146.5,0,TU
-1327.25,147,0,TU
-3014.25,147.5,0,TU
-463.75,148.5,0,TU
-1524.75,149.5,0,TU
-1066.25,149.5,0,TU
-1027.25,149.5,0,TU
-1484.75,150,0,TU
-1404.75,150,0,TU
365.75,150,0,TU
1695.75,150,0,TU
-2423.75,150.5,0,TU
-1156.25,151,0,TU
985.25,151,0,TU
286.75,151.5,0,TU
-414.75,152,0,TU
1638.25,152.5,0,TU
-1464.25,153.5,0,TU
599.75,154,0,TU
-1828.75,154.5,0,TU
-1375.25,155,0,TU
-559.25,155,0,TU
-434.25,155,0,TU
571.75,155.5,0,TU
-2625.75,156,0,TU
302.75,157,0,TU
-1223.25,157.5,0,TU
744.25,157.5,0,TU
1649.75,157.5,0,TU
-524.75,158,0,TU
172.75,158,0,TU
-2761.75,159,0,TU
1663.75,159,0,TU
-2966.75,160,0,TU
-1238.75,160,0,TU
-2388.75,160.5,0,TU
-2301.75,161,0,TU
625.75,161,0,TU
-1494.25,161.5,0,TU
1596.75,161.5,0,TU
-2802.75,162,0,TU
1488.75,162,0,TU
-1857.75,163,0,TU
-1061.75,163,0,TU
-940.25,163,0,TU
327.25,164,0,TU
1700.75,164.5,0,TU
43.25,165,0,TU
762.75,165,0,TU
-2886.75,166.5,0,TU
-414.75,167.5,0,TU
-2213.25,168,0,TU
-1252.75,168,0,TU
-1562.25,169,0,TU
1743.25,169.5,0,TU
-1616.25,170,0,TU
-1540.25,170,0,TU
-2913.75,171,0,TU
1627.75,171,0,TU
-73.25,171.5,0,TU
-1847.25,172.5,0,TU
-1039.25,174,0,TU
1682.25,174,0,TU
-1366.25,176,0,TU
719.75,176.5,0,TU
-2425.25,177.5,0,TU
-971.25,177.5,0,TU
-358.75,178.5,0,TU
-454.75,179,0,TU
1639.75,179.5,0,TU
-1890.75,180.5,0,TU
-1149.25,180.5,0,TU
-1576.25,181,0,TU
889.75,181,0,TU
-2852.75,181.5,0,TU
1722.25,181.5,0,TU
-2340.25,182,0,TU
483.25,182,0,TU
-2226.75,182.5,0,TU
-2164.75,182.5,0,TU
1245.25,182.5,0,TU
-704.25,183,0,TU
-3022.75,184.5,0,TU
-1245.75,184.5,0,TU
-2897.75,185,0,TU
-2822.75,185,0,TU
1363.75,185,0,TU
549.75,186,0,TU
598.75,186,0,TU
-1026.75,186.5,0,TU
146.25,186.5,0,TU
-414.25,187.5,0,TU
457.25,187.5,0,TU
-1452.25,188,0,TU
-305.25,188,0,TU
-1396.75,188.5,0,TU
562.75,189,0,TU
911.75,190,0,TU
1656.75,190.5,0,TU
1800.25,190.5,0,TU
167.25,191,0,TU
1042.25,192,0,TU
-1337.25,192.5,0,TU
773.25,193,0,TU
855.75,193,0,TU
-2464.75,193.5,0,TU
-1168.75,194,0,TU
1562.25,194.5,0,TU
-2366.25,195,0,TU
-2263.75,195,0,TU
-1658.25,195,0,TU
931.25,195,0,TU
-731.75,195.5,0,TU
635.25,196,0,TU
1680.25,196,0,TU
-446.75,197,0,TU
726.25,197,0,TU
370.75,197.5,0,TU
-348.25,198,0,TU
-2328.25,198.5,0,TU
-1560.25,198.5,0,TU
608.25,198.5,0,TU
-1420.25,200.5,0,TU
260.75,201,0,TU
-1193.75,201.5,0,TU
-749.25,201.5,0,TU
1705.25,202,0,TU
-1593.25,203,0,TU
283.75,203.5,0,TU
-3008.75,204,0,TU
-2973.25,204,0,TU
-2218.75,204,0,TU
-2195.25,204.5,0,TU
-2860.75,205,0,TU
40.25,205,0,TU
-769.25,206,0,TU
-2285.25,206.5,0,TU
-2947.25,208,0,TU
-2834.75,208.5,0,TU
-2933.25,209,0,TU
-728.25,209,0,TU
671.25,209,0,TU
1789.25,209.5,0,TU
-2995.25,210.5,0,TU
-211.75,210.5,0,TU
-2184.25,211.5,0,TU
-495.75,211.5,0,TU
-1714.75,212.5,0,TU
-260.75,212.5,0,TU
-2880.75,213,0,TU
76.75,213,0,TU
750.75,213,0,TU
1754.75,214,0,TU
-348.25,215.5,0,TU
-2017.75,216,0,TU
-1609.75,217,0,TU
-3050.75,217.5,0,TU
-1308.25,218,0,TU
-1180.25,218,0,TU
852.25,218,0,TU
1816.25,219,0,TU
-1766.75,219.5,0,TU
-2524.75,220.5,0,TU
-1902.75,220.5,0,TU
1691.75,220.5,0,TU
-1539.25,221,0,TU
-236.75,221,0,TU
-75.25,221,0,TU
622.25,221,0,TU
-2233.75,221.5,0,TU
-2985.75,222,0,TU
-327.25,222,0,TU
-747.75,222.5,0,TU
334.75,222.5,0,TU
84.25,223,0,TU
-285.25,223.5,0,TU
-701.75,224,0,TU
19.25,224,0,TU
133.25,224,0,TU
-2880.75,224.5,0,TU
-2547.25,224.5,0,TU
-468.75,224.5,0,TU
462.75,224.5,0,TU
-2355.75,225,0,TU
-2209.25,225,0,TU
-2572.25,225.5,0,TU
-2179.75,226.5,0,TU
-2911.75,227,0,TU
-2259.75,227,0,TU
440.25,227,0,TU
-1343.25,227.5,0,TU
1859.75,228.5,0,TU
-2927.25,229,0,TU
-3055.75,229.5,0,TU
795.75,229.5,0,TU
-353.25,230.5,0,TU
1777.25,231,0,TU
-1246.75,231.5,0,TU
-1440.75,232,0,TU
1275.25,232.5,0,TU
175.75,233.5,0,TU
-2472.75,234,0,TU
-1544.25,234,0,TU
1078.25,234,0,TU
517.75,234.5,0,TU
663.25,234.5,0,TU
-2746.75,235,0,TU
-1558.75,235,0,TU
-1659.25,236.5,0,TU
-1213.25,238.5,0,TU
44.25,240,0,TU
557.25,240,0,TU
-1188.25,240.5,0,TU
1792.75,240.5,0,TU
-2609.75,241.5,0,TU
12.25,241.5,0,TU
-1388.25,242.5,0,TU
359.75,242.5,0,TU
-731.75,243.5,0,TU
66.25,243.5,0,TU
94.75,243.5,0,TU
-2490.75,244,0,TU
-2452.25,244,0,TU
1841.25,244,0,TU
-2530.25,244.5,0,TU
-2677.25,245,0,TU
-2647.75,245.5,0,TU
-1232.75,245.5,0,TU
-628.25,245.5,0,TU
871.75,245.5,0,TU
-762.25,246,0,TU
-327.75,246,0,TU
-2370.25,246.5,0,TU
-2354.25,246.5,0,TU
-858.25,247.5,0,TU
-2423.25,248,0,TU
128.75,248,0,TU
-2699.75,249,0,TU
-62.75,249,0,TU
-2721.75,250.5,0,TU
-1298.75,250.5,0,TU
-2471.75,251,0,TU
-1197.25,252,0,TU
1664.75,252,0,TU
336.75,252.5,0,TU
-407.25,253.5,0,TU
-2574.25,254,0,TU
-2062.25,254,0,TU
-838.25,254,0,TU
-3044.75,254.5,0,TU
-354.25,254.5,0,TU
1141.75,254.5,0,TU
-3072.75,255.5,0,TU
-1694.25,256,0,TU
-1335.25,256,0,TU
110.25,257,0,TU
291.75,257,0,TU
-2628.25,257.5,0,TU
-1249.75,257.5,0,TU
-1957.75,258,0,TU
-794.75,258,0,TU
-2551.75,258.5,0,TU
-2961.75,259.5,0,TU
1720.75,259.5,0,TU
1752.75,259.5,0,TU
350.75,260,0,TU
514.75,260,0,TU
735.25,261,0,TU
-1450.25,263,0,TU
-2584.75,264.5,0,TU
-2287.75,264.5,0,TU
-1418.75,264.5,0,TU
1871.25,264.5,0,TU
-2990.75,265,0,TU
383.75,265.5,0,TU
-1227.75,266,0,TU
-1389.75,266.5,0,TU
620.75,267,0,TU
-2145.75,267.5,0,TU
-2644.25,268,0,TU
-1682.75,269.5,0,TU
-2531.75,270,0,TU
-129.75,270.5,0,TU
131.75,270.5,0,TU
1061.75,270.5,0,TU
676.25,271,0,TU
1831.25,271,0,TU
-2384.25,272.5,0,TU
-336.75,273,0,TU
826.75,273,0,TU
-421.75,273.5,0,TU
-3026.75,274,0,TU
353.25,274,0,TU
1732.25,274.5,0,TU
-30.75,275,0,TU
-58.75,275.5,0,TU
304.25,275.5,0,TU
1523.75,275.5,0,TU
-2409.25,276,0,TU
-2696.25,277.5,0,TU
-5.75,277.5,0,TU
498.75,277.5,0,TU
1710.75,277.5,0,TU
-1337.25,278,0,TU
-2302.75,280,0,TU
-3067.25,280.5,0,TU
-2734.25,281,0,TU
-827.75,281,0,TU
326.75,281.5,0,TU
-2927.75,282.5,0,TU
-1391.25,282.5,0,TU
-2188.75,283,0,TU
-2580.25,283.5,0,TU
807.75,283.5,0,TU
197.75,284,0,TU
388.25,284,0,TU
34.25,284.5,0,TU
-1543.75,285,0,TU
419.25,285,0,TU
867.25,285,0,TU
-3048.25,285.5,0,TU
790.25,285.5,0,TU
-1363.75,286,0,TU
-851.25,286,0,TU
913.25,286,0,TU
-2450.25,286.5,0,TU
-1432.25,287,0,TU
1853.25,287.5,0,TU
-2563.25,288.5,0,TU
181.75,288.5,0,TU
356.25,288.5,0,TU
771.75,289,0,TU
-1457.25,289.5,0,TU
1142.75,289.5,0,TU
-1318.75,290,0,TU
-395.75,291,0,TU
-943.75,291.5,0,TU
-909.75,292,0,TU
1307.25,293,0,TU
-1186.75,294,0,TU
-2268.75,295.5,0,TU
-1734.25,295.5,0,TU
-2525.25,297,0,TU
1878.25,297.5,0,TU
143.75,299,0,TU
-1832.75,300.5,0,TU
-1138.25,301,0,TU
-3078.75,302.5,0,TU
-2338.75,302.5,0,TU
-1486.25,303,0,TU
-1343.25,304,0,TU
-1304.25,304,0,TU
694.25,304.5,0,TU
1828.75,304.5,0,TU
-2664.25,306,0,TU
-2754.25,306.5,0,TU
-627.75,307,0,TU
-2288.25,308,0,TU
-2242.75,308,0,TU
-56.75,308,0,TU
-2404.25,308.5,0,TU
713.75,308.5,0,TU
96.25,309,0,TU
-2419.75,309.5,0,TU
-1389.25,309.5,0,TU
1772.75,309.5,0,TU
-1460.75,310,0,TU
-1173.25,310.5,0,TU
-1516.25,311,0,TU
406.25,311,0,TU
311.25,312.5,0,TU
-2484.25,313,0,TU
-2824.75,313.5,0,TU
-1199.25,315,0,TU
-389.75,315,0,TU
687.25,315,0,TU
1794.25,317,0,TU
-2433.25,317.5,0,TU
-869.25,317.5,0,TU
74.25,317.5,0,TU
-2503.25,318,0,TU
892.25,318,0,TU
-2265.75,318.5,0,TU
-1125.75,318.5,0,TU
502.25,320,0,TU
-2398.25,320.5,0,TU
-2589.75,322,0,TU
-1739.75,322.5,0,TU
-1485.25,324,0,TU
-638.75,324.5,0,TU
-1442.75,325,0,TU
-606.75,325,0,TU
-212.75,325.5,0,TU
-357.75,326,0,TU
1304.75,326.5,0,TU
1604.25,327,0,TU
-2280.75,328,0,TU
554.75,328,0,TU
484.75,328.5,0,TU
1367.75,328.5,0,TU
-1372.75,329,0,TU
694.25,329,0,TU
385.75,329.5,0,TU
588.25,329.5,0,TU
339.25,330,0,TU
1388.75,330,0,TU
-1354.75,330.5,0,TU
-2756.25,331,0,TU
872.75,331.5,0,TU
1851.75,331.5,0,TU
-2453.25,332,0,TU
-2349.75,332.5,0,TU
-121.25,332.5,0,TU
-92.75,333,0,TU
-1220.75,337.5,0,TU
-1555.25,338,0,TU
163.75,338.5,0,TU
-2663.75,339.5,0,TU
-186.75,340,0,TU
-2552.75,341,0,TU
-2829.25,341.5,0,TU
-2796.25,341.5,0,TU
-144.25,341.5,0,TU
-2205.25,342,0,TU
-2187.75,342,0,TU
-1796.75,342,0,TU
-3151.75,342.5,0,TU
-2575.25,342.5,0,TU
19.75,342.5,0,TU
-2508.75,343.5,0,TU
465.25,343.5,0,TU
574.75,343.5,0,TU
-1129.75,344,0,TU
-2013.75,344.5,0,TU
-1330.25,345,0,TU
339.75,346,0,TU
-51.25,346.5,0,TU
1875.25,346.5,0,TU
-877.75,347,0,TU
83.75,348.5,0,TU
523.25,348.5,0,TU
731.25,348.5,0,TU
820.25,348.5,0,TU
445.25,349,0,TU
1823.75,349,0,TU
217.75,349.5,0,TU
275.25,349.5,0,TU
-2631.25,350,0,TU
-1242.25,350.5,0,TU
1020.25,351.5,0,TU
-2288.25,352,0,TU
-2261.75,353,0,TU
-1673.75,353,0,TU
146.75,353.5,0,TU
-2786.25,355,0,TU
-2882.25,356,0,TU
195.25,356,0,TU
-1547.25,357.5,0,TU
-2519.25,358,0,TU
-1382.75,358,0,TU
122.75,358,0,TU
466.25,358.5,0,TU
-850.25,359,0,TU
-132.75,359,0,TU
-2380.75,359.5,0,TU
713.25,359.5,0,TU
-2220.75,361,0,TU
325.75,361.5,0,TU
1271.25,361.5,0,TU
-1464.75,362,0,TU
-808.75,362,0,TU
-330.75,362,0,TU
178.75,362,0,TU
420.75,362,0,TU
1748.75,362,0,TU
-1726.25,363.5,0,TU
-1132.25,363.5,0,TU
-1004.75,363.5,0,TU
298.25,363.5,0,TU
-2314.25,364,0,TU
-1751.25,364,0,TU
953.25,364.5,0,TU
1865.75,364.5,0,TU
-2976.25,365.5,0,TU
166.25,366,0,TU
-647.25,366.5,0,TU
-118.25,366.5,0,TU
551.75,366.5,0,TU
1177.25,366.5,0,TU
-2655.75,367,0,TU
1555.75,367,0,TU
509.75,367.5,0,TU
-2347.25,368,0,TU
-787.25,368.5,0,TU
-2502.25,369,0,TU
17.25,369.5,0,TU
1411.75,369.5,0,TU
-2774.75,371.5,0,TU
-872.25,372.5,0,TU
-2545.75,373,0,TU
1796.75,373.5,0,TU
-2285.75,374,0,TU
-1239.25,374,0,TU
-1409.25,374.5,0,TU
-2475.25,376.5,0,TU
-1370.75,376.5,0,TU
-621.75,376.5,0,TU
-36.75,377,0,TU
693.75,377,0,TU
890.25,377,0,TU
-157.75,378,0,TU
198.25,378.5,0,TU
-1151.25,379,0,TU
-390.25,379,0,TU
259.25,379,0,TU
484.25,379,0,TU
781.75,379,0,TU
138.25,379.5,0,TU
-1652.25,380,0,TU
-1090.25,380.5,0,TU
-2253.75,382.5,0,TU
1819.25,382.5,0,TU
-2166.75,383.5,0,TU
-2317.75,384,0,TU
-1396.25,384.5,0,TU
593.25,384.5,0,TU
573.25,385.5,0,TU
-2842.25,386,0,TU
101.25,387,0,TU
-1193.25,387.5,0,TU
-2872.25,388.5,0,TU
225.25,388.5,0,TU
17.25,389,0,TU
1432.25,389,0,TU
-2790.25,389.5,0,TU
-2896.75,392,0,TU
-1632.25,392,0,TU
-27.25,392,0,TU
171.75,392,0,TU
-2746.75,393.5,0,TU
74.75,393.5,0,TU
-1022.25,395,0,TU
-2140.25,396,0,TU
-1756.25,396,0,TU
-2556.75,396.5,0,TU
814.25,396.5,0,TU
773.75,397,0,TU
-2452.75,397.5,0,TU
207.75,397.5,0,TU
718.25,397.5,0,TU
1767.75,397.5,0,TU
-974.25,398,0,TU
-825.25,398.5,0,TU
1840.75,398.5,0,TU
500.25,399,0,TU
-3188.75,399.5,0,TU
-1219.25,400,0,TU
-2863.25,400.5,0,TU
529.25,401,0,TU
-2.75,401.5,0,TU
-1618.75,402,0,TU
-1046.25,402,0,TU
461.75,402,0,TU
-1071.75,402.5,0,TU
-1677.25,403,0,TU
1424.75,403.5,0,TU
-1245.25,404,0,TU
252.25,404,0,TU
-3214.25,404.5,0,TU
1792.75,404.5,0,TU
302.25,405.5,0,TU
-2508.25,406,0,TU
-1278.75,406,0,TU
-1732.75,406.5,0,TU
794.75,406.5,0,TU
-43.25,407.5,0,TU
-2419.25,408,0,TU
443.25,408.5,0,TU
-1341.25,409.5,0,TU
-1939.25,410.5,0,TU
-1458.25,410.5,0,TU
-884.75,410.5,0,TU
-853.25,410.5,0,TU
750.75,410.5,0,TU
-2258.75,411,0,TU
-1076.25,411,0,TU
-204.25,411.5,0,TU
187.75,412.5,0,TU
-2713.75,413.5,0,TU
94.75,414,0,TU
-3191.25,414.5,0,TU
-2762.25,414.5,0,TU
2.75,414.5,0,TU
-2537.25,415,0,TU
1408.75,415,0,TU
608.75,416,0,TU
1044.25,416,0,TU
-1826.75,416.5,0,TU
-2971.25,417,0,TU
894.75,417.5,0,TU
397.75,418,0,TU
-2585.75,419,0,TU
-2824.25,419.5,0,TU
156.25,419.5,0,TU
-1897.25,420,0,TU
1474.75,420.5,0,TU
-1609.75,421,0,TU
-1314.75,421,0,TU
61.75,421,0,TU
-839.25,421.5,0,TU
-273.75,421.5,0,TU
-2845.75,422.5,0,TU
-969.75,422.5,0,TU
857.75,422.5,0,TU
-21.25,424,0,TU
331.75,424.5,0,TU
1067.75,424.5,0,TU
-79.25,425,0,TU
534.25,425,0,TU
1368.75,425.5,0,TU
-2149.75,426,0,TU
920.75,426,0,TU
1264.25,426,0,TU
-1856.75,426.5,0,TU
414.25,426.5,0,TU
16.75,428,0,TU
805.25,428.5,0,TU
-2690.75,429.5,0,TU
-1060.75,429.5,0,TU
-503.25,430,0,TU
1440.25,430,0,TU
-1578.75,430.5,0,TU
380.75,431.5,0,TU
442.25,431.5,0,TU
506.75,431.5,0,TU
572.25,431.5,0,TU
646.75,431.5,0,TU
-1727.25,432,0,TU
709.25,432,0,TU
884.75,432,0,TU
-1340.75,432.5,0,TU
-2890.25,433,0,TU
-2603.25,433.5,0,TU
-1426.25,434,0,TU
-195.75,434,0,TU
682.25,434,0,TU
-3200.25,434.5,0,TU
-1671.25,435,0,TU
-1375.25,435,0,TU
-48.75,436.5,0,TU
-1793.75,437,0,TU
-2472.75,437.5,0,TU
-2629.25,438,0,TU
1249.25,438,0,TU
83.75,438.5,0,TU
-1653.25,439,0,TU
-1044.25,439,0,TU
-458.25,439,0,TU
-3225.75,439.5,0,TU
-1880.25,439.5,0,TU
-1022.25,440,0,TU
-1549.75,440.5,0,TU
1760.75,440.5,0,TU
-480.75,441.5,0,TU
536.25,441.5,0,TU
44.25,442,0,TU
317.25,442.5,0,TU
-2509.25,443,0,TU
351.25,443,0,TU
-2239.75,444,0,TU
-855.75,444,0,TU
298.75,444,0,TU
-2722.25,444.5,0,TU
-337.75,444.5,0,TU
847.25,444.5,0,TU
-3037.25,445.5,0,TU
-1528.75,445.5,0,TU
-270.25,446.5,0,TU
-2819.25,447,0,TU
-1860.25,447,0,TU
-1598.25,447,0,TU
-2793.75,447.5,0,TU
-2963.75,448,0,TU
1274.25,448,0,TU
-227.75,448.5,0,TU
1381.75,449,0,TU
-2905.25,450,0,TU
431.75,450,0,TU
1439.25,450.5,0,TU
793.75,451,0,TU
-1571.25,451.5,0,TU
-1693.25,452,0,TU
-1426.25,453.5,0,TU
-2417.75,454,0,TU
-1894.25,455.5,0,TU
-676.25,455.5,0,TU
-2882.25,456,0,TU
-2194.75,456,0,TU
-928.25,456,0,TU
-1721.25,456.5,0,TU
-2860.75,459,0,TU
-1390.25,459,0,TU
1515.25,459,0,TU
-298.25,459.5,0,TU
-54.75,460.5,0,TU
486.75,461.5,0,TU
-474.25,462,0,TU
653.75,463.5,0,TU
-2940.75,464,0,TU
-631.25,464.5,0,TU
-1518.25,465.5,0,TU
-737.75,465.5,0,TU
-1358.25,466,0,TU
-1072.75,466,0,TU
438.75,466,0,TU
1218.25,466,0,TU
-2650.25,466.5,0,TU
260.75,467.5,0,TU
-2918.75,468.5,0,TU
-2955.75,469,0,TU
394.25,469.5,0,TU
-150.25,471.5,0,TU
1572.25,472.5,0,TU
-990.75,473,0,TU
-2830.75,473.5,0,TU
553.25,473.5,0,TU
-394.75,474,0,TU
-234.25,474,0,TU
-42.75,474,0,TU
-1713.25,474.5,0,TU
-2795.75,475,0,TU
-502.75,475.5,0,TU
635.25,475.5,0,TU
761.25,475.5,0,TU
-3105.75,476,0,TU
-873.25,476,0,TU
-89.75,476.5,0,TU
126.25,476.5,0,TU
-2438.75,477,0,TU
-127.75,477,0,TU
-1806.25,477.5,0,TU
283.25,477.5,0,TU
345.25,477.5,0,TU
-2256.75,478,0,TU
307.25,478,0,TU
683.75,478,0,TU
-2285.25,479,0,TU
-1267.25,479.5,0,TU
247.25,479.5,0,TU
-344.25,480.5,0,TU
-1757.75,481,0,TU
-304.25,481,0,TU
-1382.75,482,0,TU
423.75,482,0,TU
-3136.25,482.5,0,TU
-1064.25,482.5,0,TU
-706.75,482.5,0,TU
-787.75,483,0,TU
-2491.75,483.5,0,TU
-1530.25,484,0,TU
189.75,484.5,0,TU
1271.25,484.5,0,TU
-925.25,485,0,TU
615.25,485,0,TU
1460.75,485,0,TU
-1651.75,485.5,0,TU
-2239.75,486.5,0,TU
-773.75,487.5,0,TU
-668.25,487.5,0,TU
-432.25,487.5,0,TU
1523.75,487.5,0,TU
-2388.25,488.5,0,TU
-1312.75,489.5,0,TU
-984.75,489.5,0,TU
-753.25,489.5,0,TU
-630.75,489.5,0,TU
221.75,490,0,TU
368.25,490.5,0,TU
-2363.75,491,0,TU
-590.25,491,0,TU
-2700.25,492,0,TU
-2619.75,492,0,TU
-1728.25,492,0,TU
-3034.75,492.5,0,TU
-950.75,492.5,0,TU
-2998.75,493,0,TU
-1574.75,493.5,0,TU
-518.75,493.5,0,TU
792.75,493.5,0,TU
-3075.75,494,0,TU
-3163.25,495,0,TU
766.75,495,0,TU
-32.75,495.5,0,TU
-2784.75,496.5,0,TU
190.25,496.5,0,TU
578.75,497,0,TU
-2588.25,498,0,TU
695.75,498,0,TU
-109.75,498.5,0,TU
-234.75,499,0,TU
-2181.25,499.5,0,TU
-2809.25,500,0,TU
1421.75,502.5,0,TU
-1518.75,503.5,0,TU
-405.25,503.5,0,TU
464.75,503.5,0,TU
-738.25,504,0,TU
-330.25,504,0,TU
-2906.75,504.5,0,TU
-1282.25,504.5,0,TU
-490.75,505,0,TU
-1461.75,506,0,TU
-774.25,506.5,0,TU
1323.75,507.5,0,TU
807.75,508,0,TU
678.75,509,0,TU
-426.75,509.5,0,TU
168.25,509.5,0,TU
616.25,510,0,TU
-294.75,510.5,0,TU
-67.25,510.5,0,TU
-3143.25,511,0,TU
-756.25,512,0,TU
569.75,512,0,TU
-1788.25,513.5,0,TU
227.25,513.5,0,TU
-2377.25,514.5,0,TU
-2220.25,514.5,0,TU
-2195.75,514.5,0,TU
-521.25,514.5,0,TU
-1507.25,515,0,TU
-573.25,515,0,TU
1140.25,515,0,TU
522.75,515.5,0,TU
1357.75,515.5,0,TU
-981.25,516,0,TU
485.75,517,0,TU
1010.75,517.5,0,TU
-245.75,518,0,TU
-2404.25,518.5,0,TU
-725.75,518.5,0,TU
-880.75,519.5,0,TU
-312.25,520,0,TU
-2352.25,520.5,0,TU
-110.25,520.5,0,TU
-1727.75,521.5,0,TU
341.75,521.5,0,TU
-281.25,522,0,TU
637.25,522,0,TU
-942.25,522.5,0,TU
-3067.75,523,0,TU
-635.25,523,0,TU
-2175.25,523.5,0,TU
-2780.75,524,0,TU
-898.25,524,0,TU
203.25,524,0,TU
-2971.75,524.5,0,TU
-1117.75,524.5,0,TU
-599.25,524.5,0,TU
-202.75,525,0,TU
-180.25,525.5,0,TU
941.25,525.5,0,TU
-2150.25,526,0,TU
492.75,526.5,0,TU
-1628.75,527,0,TU
-3030.75,528,0,TU
-2686.25,528,0,TU
-830.75,528,0,TU
616.75,528.5,0,TU
-1562.75,529,0,TU
427.25,529,0,TU
678.25,529.5,0,TU
-2802.75,530.5,0,TU
-777.75,530.5,0,TU
266.25,530.5,0,TU
-858.25,532,0,TU
49.75,532,0,TU
879.75,532,0,TU
-2260.75,532.5,0,TU
-1874.75,532.5,0,TU
35.75,533,0,TU
-985.75,533.5,0,TU
-1243.75,534.5,0,TU
-1197.25,534.5,0,TU
-2744.25,535,0,TU
-2161.75,535,0,TU
-613.25,535,0,TU
815.75,535.5,0,TU
-3172.25,536,0,TU
-1772.75,536,0,TU
-964.25,536.5,0,TU
-3201.75,537,0,TU
-2488.25,537,0,TU
-2243.75,537,0,TU
-157.75,537.5,0,TU
-72.75,537.5,0,TU
1072.25,538,0,TU
-255.75,538.5,0,TU
549.25,538.5,0,TU
179.25,539,0,TU
466.75,540,0,TU
-1221.25,540.5,0,TU
-798.75,540.5,0,TU
-685.75,540.5,0,TU
-447.25,540.5,0,TU
-2343.75,541,0,TU
-1544.75,541,0,TU
-1005.75,541.5,0,TU
-877.75,542,0,TU
-2082.25,542.5,0,TU
486.75,542.5,0,TU
-3218.25,543,0,TU
-2368.75,543,0,TU
-1792.25,543,0,TU
-813.25,543,0,TU
-1082.25,543.5,0,TU
-569.25,543.5,0,TU
-1029.75,544,0,TU
568.75,544,0,TU
1147.25,544,0,TU
1331.25,544,0,TU
-3153.25,544.5,0,TU
-2793.25,546,0,TU
-735.25,547.5,0,TU
-2531.25,548,0,TU
-783.25,548,0,TU
-1642.75,548.5,0,TU
-2640.75,549,0,TU
-1431.75,549,0,TU
-3087.25,549.5,0,TU
-2704.25,549.5,0,TU
792.25,549.5,0,TU
5.25,550,0,TU
517.25,550,0,TU
-2550.25,551,0,TU
-2917.75,551.5,0,TU
-1671.25,552,0,TU
-2765.75,552.5,0,TU
-757.75,552.5,0,TU
-352.25,553.5,0,TU
-86.75,553.5,0,TU
-2261.75,554.5,0,TU
-2226.25,554.5,0,TU
895.25,554.5,0,TU
-1109.75,555,0,TU
-224.75,556,0,TU
-2901.75,556.5,0,TU
-809.25,556.5,0,TU
-1770.75,557,0,TU
-844.25,557.5,0,TU
1322.25,558,0,TU
-3188.25,558.5,0,TU
-2617.75,558.5,0,TU
-1180.75,558.5,0,TU
-969.25,558.5,0,TU
949.75,559,0,TU
613.25,560,0,TU
-366.25,560.5,0,TU
347.75,560.5,0,TU
-1926.75,561,0,TU
415.75,561.5,0,TU
-2557.25,562,0,TU
-995.75,563.5,0,TU
-2141.25,564,0,TU
-747.25,564,0,TU
632.25,564,0,TU
-1158.75,564.5,0,TU
571.75,564.5,0,TU
441.75,565,0,TU
-1660.75,566.5,0,TU
-1205.25,567,0,TU
-2247.75,567.5,0,TU
-1404.25,567.5,0,TU
-3213.25,568,0,TU
-865.25,568,0,TU
1303.25,568,0,TU
-2943.75,568.5,0,TU
-911.25,569,0,TU
524.25,569.5,0,TU
-2117.25,570,0,TU
-2999.25,570.5,0,TU
589.25,571,0,TU
-2348.25,571.5,0,TU
1091.25,571.5,0,TU
-672.75,572,0,TU
235.75,572,0,TU
-2570.75,572.5,0,TU
-182.75,572.5,0,TU
492.25,573,0,TU
-1008.25,574,0,TU
1064.25,574,0,TU
809.25,574.5,0,TU
-2543.25,575,0,TU
-2750.75,576,0,TU
-2591.75,576,0,TU
-625.25,576.5,0,TU
-1637.25,577,0,TU
-2731.75,578,0,TU
-735.75,579,0,TU
-796.25,579.5,0,TU
-3177.25,580,0,TU
-1905.75,580,0,TU
-370.25,580.5,0,TU
-1150.25,581,0,TU
-2333.75,581.5,0,TU
-152.25,581.5,0,TU
-2847.25,582,0,TU
-3155.25,582.5,0,TU
-32.75,582.5,0,TU
-2975.75,583,0,TU
790.75,583,0,TU
-2704.25,583.5,0,TU
-1771.75,584,0,TU
375.25,584.5,0,TU
130.25,585,0,TU
-2176.75,585.5,0,TU
54.25,586,0,TU
446.75,586,0,TU
-960.25,586.5,0,TU
-1399.75,588,0,TU
629.25,588,0,TU
-2155.25,588.5,0,TU
-248.25,589,0,TU
-2795.75,589.5,0,TU
-1884.25,590,0,TU
-976.25,590,0,TU
148.25,590,0,TU
-2937.25,591,0,TU
1284.25,591.5,0,TU
-2817.25,592,0,TU
-909.75,592.5,0,TU
547.75,594,0,TU
-2691.25,594.5,0,TU
-1700.75,595,0,TU
-289.25,597.5,0,TU
-2674.75,598,0,TU
270.25,598,0,TU
-2399.25,598.5,0,TU
-1433.75,598.5,0,TU
-109.25,599,0,TU
1243.25,600,0,TU
-2549.25,600.5,0,TU
-2852.75,601,0,TU
-2353.25,601.5,0,TU
-1672.25,602,0,TU
-985.25,602,0,TU
-2570.25,602.5,0,TU
-2227.25,603,0,TU
-1919.75,603,0,TU
-232.25,604,0,TU
-1015.25,604.5,0,TU
-91.25,604.5,0,TU
-3184.75,606,0,TU
-2945.75,606,0,TU
-440.75,606,0,TU
-1215.25,606.5,0,TU
182.75,606.5,0,TU
-1988.75,607.5,0,TU
-276.75,607.5,0,TU
-2876.75,608,0,TU
-2744.25,608,0,TU
-1148.75,608,0,TU
-1784.25,608.5,0,TU
799.75,608.5,0,TU
292.75,609,0,TU
-2792.25,610,0,TU
-1938.75,610,0,TU
-2978.25,610.5,0,TU
-1859.25,613,0,TU
-1400.75,614,0,TU
-196.75,614,0,TU
-1451.25,614.5,0,TU
-989.75,615,0,TU
-2119.25,615.5,0,TU
-2701.75,616,0,TU
-413.75,616.5,0,TU
548.25,616.5,0,TU
331.75,617.5,0,TU
-3150.25,620.5,0,TU
-2945.25,620.5,0,TU
-1419.75,620.5,0,TU
1266.75,620.5,0,TU
-1691.75,622,0,TU
-2911.75,622.5,0,TU
-1354.25,622.5,0,TU
-471.75,622.5,0,TU
-1020.75,623,0,TU
-1183.75,623.5,0,TU
526.25,625.5,0,TU
964.75,625.5,0,TU
-1231.75,626,0,TU
-2480.25,626.5,0,TU
219.25,627,0,TU
-1709.25,627.5,0,TU
-1779.75,628,0,TU
-1378.75,628,0,TU
1072.25,628.5,0,TU
-400.25,629,0,TU
-2394.25,629.5,0,TU
-1836.25,629.5,0,TU
166.25,630,0,TU
-1497.75,630.5,0,TU
-566.75,630.5,0,TU
-178.75,631.5,0,TU
820.75,632,0,TU
556.25,633,0,TU
-2885.75,633.5,0,TU
-3081.75,634,0,TU
-2840.25,634,0,TU
-1745.75,634,0,TU
-1296.75,634,0,TU
636.25,634,0,TU
362.25,634.5,0,TU
-2358.75,635,0,TU
-1064.25,636.5,0,TU
386.25,636.5,0,TU
1287.75,636.5,0,TU
-1918.25,637,0,TU
-1528.25,637,0,TU
-1136.75,637,0,TU
106.25,637,0,TU
-312.75,637.5,0,TU
-2997.25,638,0,TU
-1436.25,638,0,TU
-1410.75,639,0,TU
-1331.25,639,0,TU
-2979.25,639.5,0,TU
-1175.25,639.5,0,TU
-2335.25,641,0,TU
-422.25,641.5,0,TU
-2951.75,642,0,TU
-255.25,642,0,TU
-381.75,642.5,0,TU
129.25,642.5,0,TU
-3132.25,643,0,TU
-2139.25,643,0,TU
-1386.75,643,0,TU
201.75,643,0,TU
225.25,643,0,TU
-2694.25,643.5,0,TU
-1204.75,643.5,0,TU
1263.75,643.5,0,TU
-708.75,644,0,TU
-3195.75,644.5,0,TU
-1264.25,644.5,0,TU
-2538.75,645.5,0,TU
-2488.75,645.5,0,TU
-1106.25,645.5,0,TU
-1850.25,646,0,TU
-995.75,647,0,TU
510.75,647,0,TU
-1720.25,648.5,0,TU
-279.75,648.5,0,TU
327.75,648.5,0,TU
-365.25,649,0,TU
-734.75,649.5,0,TU
11.75,649.5,0,TU
-2882.25,650,0,TU
-2313.75,651,0,TU
-658.25,652,0,TU
-579.75,652,0,TU
-1514.25,652.5,0,TU
-2943.25,653.5,0,TU
-1356.75,654,0,TU
-1299.75,654.5,0,TU
182.75,654.5,0,TU
-330.75,655,0,TU
-259.75,655,0,TU
-1543.25,656,0,TU
36.75,656.5,0,TU
-2391.25,657,0,TU
-178.25,657.5,0,TU
-2125.75,658,0,TU
362.25,658,0,TU
-293.75,659,0,TU
206.75,659,0,TU
-2238.75,659.5,0,TU
1496.75,660,0,TU
-2924.25,661,0,TU
-2555.25,661,0,TU
-1172.25,662,0,TU
-17.25,662,0,TU
854.75,662,0,TU
-2861.75,662.5,0,TU
-820.25,663,0,TU
-2995.75,663.5,0,TU
-238.75,664,0,TU
-1464.25,664.5,0,TU
-2799.25,665,0,TU
-1094.25,665,0,TU
-2495.75,665.5,0,TU
-1738.25,665.5,0,TU
-2908.75,666,0,TU
-2575.75,666,0,TU
-1864.25,666,0,TU
-537.75,666,0,TU
-1679.25,667.5,0,TU
-1551.75,667.5,0,TU
-1144.75,667.5,0,TU
-685.25,667.5,0,TU
-498.75,667.5,0,TU
482.75,667.5,0,TU
-2976.75,668,0,TU
-756.75,668,0,TU
118.75,668,0,TU
-275.75,668.5,0,TU
-2111.75,669,0,TU
-1119.75,671,0,TU
-2060.25,672.5,0,TU
-990.25,673,0,TU
342.25,673.5,0,TU
-587.25,674,0,TU
503.75,675.5,0,TU
-1053.25,678,0,TU
-786.75,678,0,TU
-654.25,678,0,TU
-1543.75,678.5,0,TU
1239.25,678.5,0,TU
-2563.75,679,0,TU
-2319.25,679.5,0,TU
-2892.25,680,0,TU
1045.25,680,0,TU
-2804.25,680.5,0,TU
-2265.75,682,0,TU
-2142.25,682.5,0,TU
-508.75,682.5,0,TU
-51.25,682.5,0,TU
-1570.25,683,0,TU
160.75,686,0,TU
-373.75,686.5,0,TU
-1653.75,687.5,0,TU
-1685.25,688,0,TU
44.75,688,0,TU
-1517.75,689,0,TU
-3157.25,689.5,0,TU
484.75,689.5,0,TU
-828.75,691,0,TU
-3071.25,691.5,0,TU
72.75,691.5,0,TU
-255.25,692,0,TU
-2994.25,692.5,0,TU
-1765.25,692.5,0,TU
-1073.75,692.5,0,TU
-281.25,692.5,0,TU
-2909.25,693.5,0,TU
980.25,693.5,0,TU
-844.75,694,0,TU
2.25,694,0,TU
-2510.25,695,0,TU
-2215.25,695,0,TU
1089.25,696,0,TU
435.25,696.5,0,TU
-2847.75,697,0,TU
95.75,697,0,TU
240.25,697,0,TU
280.25,697,0,TU
535.75,697,0,TU
-1666.25,697.5,0,TU
-1556.75,697.5,0,TU
-1892.75,698,0,TU
-2714.25,698.5,0,TU
-3097.75,699,0,TU
-2563.25,699,0,TU
-2129.25,699,0,TU
-1529.75,699,0,TU
-1706.75,699.5,0,TU
-510.75,699.5,0,TU
-2882.75,700,0,TU
-1982.25,701,0,TU
-3025.25,702.5,0,TU
-303.75,703,0,TU
-1911.25,703.5,0,TU
-2159.25,704,0,TU
-3066.75,704.5,0,TU
-2613.25,704.5,0,TU
-1097.25,704.5,0,TU
-353.25,704.5,0,TU
505.25,704.5,0,TU
-2299.25,705,0,TU
-83.25,705,0,TU
-2671.75,705.5,0,TU
-1959.25,705.5,0,TU
-1637.75,705.5,0,TU
-408.75,706,0,TU
-3049.75,707,0,TU
19.25,707,0,TU
452.25,708,0,TU
-2917.75,708.5,0,TU
-2439.75,708.5,0,TU
-2462.25,709,0,TU
-2937.75,709.5,0,TU
-2219.75,710,0,TU
-590.25,710,0,TU
-25.25,710,0,TU
-1935.25,711,0,TU
-376.25,711,0,TU
-3173.75,711.5,0,TU
-223.75,712.5,0,TU
394.75,713,0,TU
-2788.25,714,0,TU
123.25,715,0,TU
-2190.75,716,0,TU
-2063.75,716.5,0,TU
-824.25,716.5,0,TU
-801.75,716.5,0,TU
235.75,717.5,0,TU
1231.75,717.5,0,TU
-2269.75,718,0,TU
255.75,718,0,TU
-1759.25,718.5,0,TU
-1663.25,718.5,0,TU
-2595.75,719,0,TU
-1550.25,719,0,TU
-609.25,719,0,TU
-2851.25,719.5,0,TU
-2474.25,722,0,TU
-248.75,723,0,TU
-12.25,723,0,TU
-546.75,724,0,TU
807.25,724.5,0,TU
880.75,724.5,0,TU
-3191.75,725,0,TU
-2989.75,725,0,TU
-1626.75,725,0,TU
-1442.25,725,0,TU
-2529.75,725.5,0,TU
-2247.75,725.5,0,TU
-573.25,726,0,TU
95.75,726,0,TU
-3037.75,726.5,0,TU
-2880.25,727.5,0,TU
-2299.25,727.5,0,TU
-1094.25,727.5,0,TU
-1596.25,729,0,TU
294.25,730,0,TU
-875.75,730.5,0,TU
-2367.75,731,0,TU
-1035.25,731,0,TU
-2757.75,731.5,0,TU
-1129.25,731.5,0,TU
1214.25,732,0,TU
-1912.25,733,0,TU
-956.25,733.5,0,TU
4.25,735,0,TU
391.25,735,0,TU
-1683.75,735.5,0,TU
-1164.75,736,0,TU
-827.25,738.5,0,TU
-1647.25,739,0,TU
-2403.25,739.5,0,TU
-1427.75,739.5,0,TU
75.75,739.5,0,TU
-3119.25,740,0,TU
-1004.25,740,0,TU
-132.75,740,0,TU
-2429.75,740.5,0,TU
-839.75,740.5,0,TU
-2962.75,743,0,TU
-1089.25,744,0,TU
-2805.75,745,0,TU
362.75,745,0,TU
751.25,745,0,TU
-1070.25,745.5,0,TU
-112.25,745.5,0,TU
-2286.75,746,0,TU
1228.75,746,0,TU
-2016.25,747,0,TU
504.25,747,0,TU
-2184.25,747.5,0,TU
-94.75,747.5,0,TU
99.75,748,0,TU
775.25,748,0,TU
-3169.25,748.5,0,TU
-2668.75,748.5,0,TU
-2333.75,748.5,0,TU
-814.75,748.5,0,TU
-556.25,749,0,TU
-3008.25,749.5,0,TU
253.75,749.5,0,TU
-2846.25,750,0,TU
-2475.75,750,0,TU
-1388.25,750.5,0,TU
-1665.75,751.5,0,TU
-1932.25,752,0,TU
-1987.25,752.5,0,TU
-1041.75,754,0,TU
-937.75,754.5,0,TU
-2050.75,755,0,TU
-2068.75,755.5,0,TU
-1144.75,755.5,0,TU
-1000.75,756,0,TU
-2926.25,756.5,0,TU
-437.75,756.5,0,TU
-232.25,756.5,0,TU
-198.75,757,0,TU
-2398.75,758,0,TU
412.75,758.5,0,TU
-27.25,759.5,0,TU
907.75,760,0,TU
-62.75,761.5,0,TU
550.75,762,0,TU
-2769.25,762.5,0,TU
-2875.75,763,0,TU
-1618.25,763,0,TU
-3167.75,764.5,0,TU
353.75,765.5,0,TU
1269.75,766,0,TU
298.25,767.5,0,TU
-424.75,768,0,TU
1287.25,768.5,0,TU
1181.25,769,0,TU
270.25,769.5,0,TU
-257.75,770,0,TU
-1652.75,770.5,0,TU
-2568.25,771,0,TU
-1844.75,771,0,TU
-579.25,771.5,0,TU
-1242.25,772,0,TU
-1124.75,772,0,TU
1385.75,772.5,0,TU
-1163.75,774,0,TU
-1999.75,775,0,TU
504.25,775,0,TU
-2813.25,776,0,TU
-1197.75,776.5,0,TU
-183.25,778,0,TU
-2867.25,778.5,0,TU
-2375.75,778.5,0,TU
-497.25,778.5,0,TU
-225.25,778.5,0,TU
373.25,779.5,0,TU
823.75,779.5,0,TU
-2488.25,780,0,TU
-2626.75,781,0,TU
-2133.75,781,0,TU
-2963.75,781.5,0,TU
-2431.75,781.5,0,TU
-1731.75,783,0,TU
-2746.25,783.5,0,TU
-1805.75,783.5,0,TU
-515.75,783.5,0,TU
-386.25,783.5,0,TU
235.25,784.5,0,TU
-2159.25,785,0,TU
-1084.75,785,0,TU
-709.75,786,0,TU
-23.25,786,0,TU
-2055.25,787,0,TU
-158.25,787,0,TU
-2327.75,789,0,TU
-1381.25,789.5,0,TU
-2186.75,790.5,0,TU
-1310.25,790.5,0,TU
287.25,791,0,TU
-2785.25,791.5,0,TU
-46.75,791.5,0,TU
-855.75,792,0,TU
-323.25,792,0,TU
-2883.75,792.5,0,TU
525.25,792.5,0,TU
-1930.75,793.5,0,TU
1046.75,793.5,0,TU
-1986.75,795,0,TU
-2310.25,795.5,0,TU
-2282.75,795.5,0,TU
-1258.75,795.5,0,TU
-382.75,795.5,0,TU
-2417.75,796,0,TU
-749.75,796.5,0,TU
-1621.25,797.5,0,TU
-232.75,797.5,0,TU
-1140.75,798,0,TU
-66.75,798,0,TU
-1585.75,798.5,0,TU
-2840.25,799,0,TU
301.25,799,0,TU
-2726.75,799.5,0,TU
-135.25,799.5,0,TU
441.25,799.5,0,TU
-1225.75,800,0,TU
-2403.75,801,0,TU
133.75,801,0,TU
-462.25,801.5,0,TU
-952.25,802,0,TU
-2151.75,802.5,0,TU
-810.75,802.5,0,TU
-210.25,802.5,0,TU
-2678.25,803,0,TU
-1716.25,803,0,TU
-1275.75,803,0,TU
-1805.75,803.5,0,TU
-1112.25,803.5,0,TU
617.75,803.5,0,TU
-2812.25,804,0,TU
-2656.25,804,0,TU
-2468.75,804.5,0,TU
-1159.75,804.5,0,TU
-1289.75,805,0,TU
1292.25,806,0,TU
-2794.25,806.5,0,TU
-2428.25,807,0,TU
-2204.25,807,0,TU
-930.25,807,0,TU
-106.25,807,0,TU
496.25,807.5,0,TU
-2760.25,808,0,TU
-2027.25,808.5,0,TU
685.25,811,0,TU
708.75,812,0,TU
-2051.25,813,0,TU
-1084.75,813,0,TU
-1385.25,813.5,0,TU
-1229.25,814,0,TU
-276.25,814,0,TU
-1406.75,814.5,0,TU
-788.75,814.5,0,TU
228.25,815,0,TU
-475.75,816,0,TU
165.75,816,0,TU
-1647.75,817,0,TU
-1153.75,818,0,TU
-526.75,818,0,TU
1005.75,819,0,TU
206.75,819.5,0,TU
-1064.25,820,0,TU
-1002.75,820,0,TU
-197.25,820,0,TU
519.75,821.5,0,TU
-308.25,822,0,TU
-1337.75,823,0,TU
-973.75,823,0,TU
-715.75,823,0,TU
290.25,823.5,0,TU
-1368.25,824,0,TU
-512.75,824,0,TU
-2421.75,824.5,0,TU
-1935.25,824.5,0,TU
-1497.25,824.5,0,TU
-590.75,824.5,0,TU
-1791.75,825,0,TU
908.25,825.5,0,TU
-2844.75,826,0,TU
-2621.25,826,0,TU
-1924.25,826,0,TU
-2149.75,826.5,0,TU
-1256.75,827,0,TU
-938.25,827,0,TU
-2715.25,828.5,0,TU
258.75,828.5,0,TU
-2669.25,830.5,0,TU
983.25,830.5,0,TU
-126.25,831,0,TU
-1467.75,832,0,TU
-1025.25,832,0,TU
-156.25,832.5,0,TU
-1284.25,833.5,0,TU
-2448.25,834,0,TU
-2367.75,834.5,0,TU
-2198.25,834.5,0,TU
-762.75,836.5,0,TU
-2244.75,837,0,TU
-636.75,837,0,TU
-1625.25,838,0,TU
-2053.25,838.5,0,TU
-1859.75,838.5,0,TU
-1392.75,839,0,TU
-309.75,839,0,TU
-685.25,839.5,0,TU
-2823.25,840,0,TU
-1931.25,840,0,TU
-1360.75,840,0,TU
-553.25,840,0,TU
-392.25,840,0,TU
197.75,840.5,0,TU
-1453.75,841,0,TU
-1297.75,841,0,TU
-1173.75,841,0,TU
487.25,841,0,TU
-1594.25,841.5,0,TU
-953.25,841.5,0,TU
-2899.75,842,0,TU
-1660.75,842,0,TU
743.25,842.5,0,TU
-1547.75,843,0,TU
-2778.75,844,0,TU
-2675.25,845,0,TU
-2005.75,846,0,TU
-1851.75,847,0,TU
-1525.75,848.5,0,TU
-2088.75,849,0,TU
-1002.75,849,0,TU
-849.75,849,0,TU
-2654.25,850.5,0,TU
-933.75,850.5,0,TU
338.25,851,0,TU
-2728.75,852,0,TU
-1316.25,853,0,TU
-2414.75,853.5,0,TU
693.25,854,0,TU
-2788.75,854.5,0,TU
13.25,854.5,0,TU
128.25,855,0,TU
-12.25,857,0,TU
-827.75,857.5,0,TU
-1330.25,858,0,TU
-1974.75,858.5,0,TU
-909.25,859,0,TU
-1469.75,859.5,0,TU
-1266.25,859.5,0,TU
-966.75,859.5,0,TU
-478.75,859.5,0,TU
-2192.75,860,0,TU
-2039.75,860,0,TU
-1196.75,860,0,TU
-310.75,860,0,TU
304.75,860,0,TU
-1248.25,860.5,0,TU
156.75,860.5,0,TU
-2096.25,861.5,0,TU
-760.25,862.5,0,TU
-606.25,862.5,0,TU
-2671.25,865,0,TU
-1859.75,865,0,TU
-396.75,865,0,TU
-1820.75,866,0,TU
-191.25,866,0,TU
345.25,866,0,TU
-2900.75,866.5,0,TU
-1538.75,866.5,0,TU
430.75,867,0,TU
-1661.75,867.5,0,TU
-340.25,868.5,0,TU
-863.25,869,0,TU
-374.25,869,0,TU
-984.25,869.5,0,TU
196.25,871,0,TU
-1895.75,871.5,0,TU
-1621.75,871.5,0,TU
-885.75,871.5,0,TU
228.75,871.5,0,TU
-953.25,872.5,0,TU
-2758.75,875,0,TU
-728.25,877,0,TU
-209.25,877.5,0,TU
-2064.75,878,0,TU
-236.25,878,0,TU
-2000.75,878.5,0,TU
118.75,878.5,0,TU
144.25,878.5,0,TU
-751.75,879,0,TU
-606.25,879.5,0,TU
-165.25,880,0,TU
1549.25,881.5,0,TU
-2027.75,882.5,0,TU
-783.75,883.5,0,TU
624.75,884,0,TU
-2110.25,885.5,0,TU
-665.25,886,0,TU
-576.25,886,0,TU
536.25,886.5,0,TU
-1494.25,887,0,TU
703.75,887,0,TU
-1628.75,887.5,0,TU
-707.25,887.5,0,TU
-1658.75,888.5,0,TU
-547.25,888.5,0,TU
-2790.75,889.5,0,TU
-2442.25,890,0,TU
-370.75,890.5,0,TU
279.25,890.5,0,TU
-1145.25,891,0,TU
77.25,891,0,TU
152.25,891.5,0,TU
-1545.25,892,0,TU
-2079.75,892.5,0,TU
-593.75,894,0,TU
-528.75,894,0,TU
983.25,894,0,TU
-1386.75,894.5,0,TU
-2644.25,895.5,0,TU
-2607.75,896,0,TU
-681.75,897,0,TU
-509.25,897,0,TU
-2666.25,897.5,0,TU
297.25,898,0,TU
-2306.75,898.5,0,TU
-1167.75,898.5,0,TU
-2892.75,899.5,0,TU
-2406.75,899.5,0,TU
-140.25,900,0,TU
-836.25,902,0,TU
1069.75,902,0,TU
-1494.25,904,0,TU
625.25,904,0,TU
1028.75,904,0,TU
-1450.25,904.5,0,TU
604.75,904.5,0,TU
-2982.75,906,0,TU
-2553.25,906,0,TU
464.25,906,0,TU
-2020.25,907,0,TU
-2154.25,907.5,0,TU
-33.75,908.5,0,TU
111.75,908.5,0,TU
-2223.75,909,0,TU
202.75,911,0,TU
817.25,911,0,TU
-1616.75,911.5,0,TU
-2691.25,912,0,TU
-2424.25,912.5,0,TU
-2104.25,912.5,0,TU
87.25,913.5,0,TU
242.25,913.5,0,TU
-650.75,914,0,TU
-2329.75,914.5,0,TU
-2625.75,915,0,TU
-671.75,915,0,TU
-2045.75,916.5,0,TU
-2894.25,918,0,TU
-1363.75,918,0,TU
-14.25,918,0,TU
258.75,918,0,TU
-1126.75,918.5,0,TU
-3013.75,922.5,0,TU
-2476.75,922.5,0,TU
-48.25,922.5,0,TU
-2856.75,923,0,TU
-571.75,923,0,TU
1489.75,923,0,TU
-2944.25,923.5,0,TU
-1800.75,924.5,0,TU
-1655.25,924.5,0,TU
1464.75,925,0,TU
101.25,925.5,0,TU
-498.25,926,0,TU
172.75,926,0,TU
492.75,926,0,TU
1092.75,926.5,0,TU
-1149.25,927,0,TU
54.75,927,0,TU
-150.25,927.5,0,TU
-2927.25,928,0,TU
-1623.25,928.5,0,TU
-2638.75,930.5,0,TU
-2398.75,930.5,0,TU
-74.75,930.5,0,TU
1289.25,931,0,TU
-2134.75,932,0,TU
274.75,932.5,0,TU
-2884.75,934,0,TU
-2420.75,935.5,0,TU
215.75,935.5,0,TU
-1394.75,936,0,TU
-1813.25,936.5,0,TU
-2811.25,937.5,0,TU
307.25,938,0,TU
-1780.25,939,0,TU
-1369.75,939.5,0,TU
-2061.25,940,0,TU
-1846.25,940.5,0,TU
-2990.75,941.5,0,TU
-1974.25,942.5,0,TU
84.25,943.5,0,TU
-2589.75,944.5,0,TU
-1907.75,944.5,0,TU
-2934.25,945,0,TU
-1950.25,945.5,0,TU
-1134.25,945.5,0,TU
-523.25,945.5,0,TU
107.25,946.5,0,TU
230.25,946.5,0,TU
250.75,946.5,0,TU
906.25,946.5,0,TU
1461.25,947.5,0,TU
-2488.75,949.5,0,TU
-2443.25,949.5,0,TU
-1547.25,949.5,0,TU
-269.75,950,0,TU
-2768.75,950.5,0,TU
-2821.25,952,0,TU
-2010.75,952,0,TU
1481.25,952.5,0,TU
1334.75,953,0,TU
-2210.25,953.5,0,TU
-2373.25,955,0,TU
-2134.75,955,0,TU
470.25,955.5,0,TU
-2896.25,956,0,TU
-468.75,956.5,0,TU
736.75,956.5,0,TU
-2918.25,957,0,TU
-2047.75,957,0,TU
-1799.25,957,0,TU
-155.25,957.5,0,TU
-1678.25,958,0,TU
-2785.75,958.5,0,TU
-2623.75,958.5,0,TU
-1926.25,961.5,0,TU
-1610.25,961.5,0,TU
145.75,961.5,0,TU
-1652.25,962,0,TU
-209.75,962,0,TU
-2598.25,962.5,0,TU
766.25,962.5,0,TU
-1708.25,963,0,TU
253.25,963,0,TU
-1580.25,963.5,0,TU
-1104.75,963.5,0,TU
-1059.75,963.5,0,TU
-2307.25,964,0,TU
-2872.75,965,0,TU
234.75,965,0,TU
40.75,965.5,0,TU
-1891.75,966,0,TU
-2503.75,966.5,0,TU
-2453.75,967,0,TU
1532.25,967.5,0,TU
482.25,968.5,0,TU
1459.75,968.5,0,TU
-2545.75,969.5,0,TU
-1123.25,970,0,TU
-1958.25,971,0,TU
-231.25,971,0,TU
192.25,971,0,TU
929.75,971.5,0,TU
989.75,971.5,0,TU
-1634.75,972,0,TU
-379.75,972.5,0,TU
1506.25,973,0,TU
71.75,973.5,0,TU
622.25,973.5,0,TU
-1277.75,974,0,TU
168.75,976,0,TU
1550.75,976,0,TU
-1815.75,976.5,0,TU
520.75,976.5,0,TU
-357.75,977,0,TU
-684.75,978,0,TU
-1519.25,978.5,0,TU
24.75,979,0,TU
144.25,979,0,TU
-1054.75,979.5,0,TU
-434.75,979.5,0,TU
-1570.25,980.5,0,TU
-1653.75,981,0,TU
91.25,981,0,TU
1336.75,981.5,0,TU
1375.25,982,0,TU
-1080.25,983,0,TU
-3018.25,983.5,0,TU
-160.25,983.5,0,TU
-305.75,984.5,0,TU
-2680.75,985,0,TU
-1367.25,985,0,TU
-1260.75,985,0,TU
-2762.75,986,0,TU
-2580.75,986,0,TU
-2266.25,986,0,TU
-1153.25,986.5,0,TU
1237.75,987.5,0,TU
-1804.25,988,0,TU
-1547.25,988.5,0,TU
-2878.75,989,0,TU
-1234.25,989,0,TU
-3042.25,989.5,0,TU
-2216.75,989.5,0,TU
-2820.75,990,0,TU
-2093.25,990,0,TU
-1732.75,990.5,0,TU
1299.75,990.5,0,TU
-2137.75,991,0,TU
-1343.75,991.5,0,TU
-2065.25,992,0,TU
-2296.25,992.5,0,TU
-2242.75,992.5,0,TU
21.75,993,0,TU
189.75,994,0,TU
-1324.75,995.5,0,TU
112.75,995.5,0,TU
1449.75,996.5,0,TU
-2648.25,997.5,0,TU
-1482.75,998,0,TU
-448.75,998,0,TU
-2533.25,999,0,TU
1089.25,999,0,TU
-1057.75,999.5,0,TU
-45.25,999.5,0,TU
164.75,999.5,0,TU
397.25,999.5,0,TU
-3069.25,1001,0,TU
989.25,1001,0,TU
-1516.25,1001.5,0,TU
-2196.75,1002,0,TU
-2484.25,1002.5,0,TU
-1283.75,1002.5,0,TU
-2343.75,1003,0,TU
-1645.75,1003,0,TU
-2386.25,1003.5,0,TU
-115.75,1003.5,0,TU
-2791.25,1004.5,0,TU
1322.25,1004.5,0,TU
1428.75,1004.5,0,TU
44.75,1005.5,0,TU
-1848.25,1006.5,0,TU
-1665.75,1006.5,0,TU
1108.75,1007,0,TU
-1151.75,1007.5,0,TU
129.75,1008.5,0,TU
1523.25,1008.5,0,TU
-1937.75,1009,0,TU
1343.25,1009,0,TU
-221.25,1009.5,0,TU
598.75,1009.5,0,TU
-1123.25,1010,0,TU
-2243.75,1011,0,TU
-1266.25,1011,0,TU
-476.75,1011,0,TU
-2634.75,1011.5,0,TU
-1763.25,1011.5,0,TU
-2577.25,1012,0,TU
-2012.75,1012.5,0,TU
1553.75,1012.5,0,TU
-2036.75,1013,0,TU
1200.25,1014,0,TU
-1488.75,1014.5,0,TU
-403.75,1015,0,TU
357.25,1016,0,TU
566.75,1017,0,TU
-525.25,1017.5,0,TU
-1740.75,1018,0,TU
-1340.75,1018,0,TU
-2271.75,1019,0,TU
92.75,1019.5,0,TU
-1372.75,1020,0,TU
-1068.75,1020,0,TU
-305.25,1020,0,TU
-2903.75,1020.5,0,TU
-2210.75,1021,0,TU
-341.75,1021,0,TU
398.75,1021,0,TU
66.25,1021.5,0,TU
513.75,1023,0,TU
-3043.25,1023.5,0,TU
-2974.25,1023.5,0,TU
-1304.75,1024.5,0,TU
-2604.75,1025.5,0,TU
1158.25,1025.5,0,TU
379.25,1026,0,TU
-1691.25,1026.5,0,TU
644.25,1026.5,0,TU
-2756.75,1027,0,TU
-92.25,1027,0,TU
-2146.25,1027.5,0,TU
-1452.75,1027.5,0,TU
38.75,1027.5,0,TU
1465.75,1027.5,0,TU
-209.75,1028,0,TU
-1132.75,1029,0,TU
534.75,1029,0,TU
-1893.75,1030,0,TU
-645.25,1030.5,0,TU
-553.25,1030.5,0,TU
550.75,1030.5,0,TU
-113.25,1031,0,TU
-2488.75,1031.5,0,TU
-2719.75,1032,0,TU
-1781.25,1032,0,TU
-1383.75,1032,0,TU
-2961.25,1032.5,0,TU
-377.75,1032.5,0,TU
999.25,1032.5,0,TU
-1869.75,1034,0,TU
-1208.75,1034,0,TU
1184.25,1034,0,TU
-2308.75,1035.5,0,TU
1328.25,1035.5,0,TU
293.25,1036,0,TU
475.75,1036,0,TU
-2003.75,1037,0,TU
1304.75,1037,0,TU
-2293.25,1038,0,TU
-20.75,1038.5,0,TU
-2705.25,1039.5,0,TU
-1274.75,1040.5,0,TU
-483.75,1040.5,0,TU
-3023.75,1041,0,TU
-1090.25,1041,0,TU
-1442.25,1041.5,0,TU
-1712.75,1042,0,TU
67.25,1042.5,0,TU
348.25,1042.5,0,TU
-2169.75,1043.5,0,TU
-1357.75,1043.5,0,TU
-1236.75,1043.5,0,TU
-2951.25,1044,0,TU
-2768.25,1044,0,TU
-2336.25,1044.5,0,TU
-142.25,1045,0,TU
-1332.25,1045.5,0,TU
-406.25,1046,0,TU
-2587.25,1046.5,0,TU
-2670.75,1047,0,TU
-1259.75,1047,0,TU
-580.75,1047,0,TU
-227.75,1047,0,TU
-163.25,1047,0,TU
-2137.25,1048,0,TU
1093.25,1048,0,TU
-1507.75,1049.5,0,TU
636.75,1049.5,0,TU
1533.75,1049.5,0,TU
369.75,1050,0,TU
526.75,1050.5,0,TU
-2853.25,1051,0,TU
-2740.25,1051,0,TU
-109.75,1051,0,TU
-2527.75,1051.5,0,TU
-2223.25,1051.5,0,TU
1162.75,1052,0,TU
-1910.75,1054,0,TU
275.75,1054,0,TU
403.75,1054,0,TU
-2464.25,1054.5,0,TU
-1891.75,1054.5,0,TU
-419.75,1055,0,TU
1219.75,1055,0,TU
-2723.25,1055.5,0,TU
-2066.75,1055.5,0,TU
-34.75,1056.5,0,TU
50.75,1056.5,0,TU
-2106.75,1057,0,TU
-1571.75,1059,0,TU
-1289.75,1060,0,TU
-442.25,1060.5,0,TU
1554.75,1060.5,0,TU
-1386.75,1061.5,0,TU
1262.25,1061.5,0,TU
-1463.25,1062,0,TU
-2571.25,1063,0,TU
-293.75,1063,0,TU
-246.25,1063,0,TU
-2960.75,1063.5,0,TU
1054.25,1063.5,0,TU
-1976.75,1064,0,TU
-2400.75,1065,0,TU
1654.25,1065.5,0,TU
-2148.25,1066,0,TU
1618.25,1066,0,TU
971.25,1066.5,0,TU
-2531.75,1067,0,TU
-564.75,1067,0,TU
-2174.75,1068.5,0,TU
-1436.75,1070,0,TU
229.25,1070.5,0,TU
-2946.75,1071,0,TU
-2799.75,1071,0,TU
-2672.25,1071.5,0,TU
-1408.25,1071.5,0,TU
1534.75,1071.5,0,TU
313.25,1072,0,TU
384.25,1072,0,TU
-1595.75,1073.5,0,TU
1144.25,1073.5,0,TU
1312.75,1073.5,0,TU
-2560.75,1074.5,0,TU
-482.25,1075.5,0,TU
572.25,1075.5,0,TU
-15.75,1076.5,0,TU
1423.75,1076.5,0,TU
-1498.25,1077.5,0,TU
-399.25,1077.5,0,TU
401.25,1079.5,0,TU
-2754.25,1080.5,0,TU
-2722.25,1081,0,TU
-2232.25,1082,0,TU
-2136.75,1082.5,0,TU
-75.75,1082.5,0,TU
1495.25,1082.5,0,TU
1513.25,1082.5,0,TU
-2884.25,1083.5,0,TU
-553.75,1084,0,TU
-327.25,1084,0,TU
-1142.75,1084.5,0,TU
431.75,1085,0,TU
-34.25,1086,0,TU
-3016.25,1086.5,0,TU
-1930.25,1086.5,0,TU
-107.25,1086.5,0,TU
1725.25,1086.5,0,TU
-311.25,1089,0,TU
-367.25,1089.5,0,TU
331.25,1090,0,TU
1339.25,1091,0,TU
-1457.25,1092,0,TU
1320.75,1092,0,TU
-2677.25,1092.5,0,TU
-1483.25,1092.5,0,TU
-163.75,1093.5,0,TU
274.25,1094,0,TU
1249.25,1094.5,0,TU
385.25,1095,0,TU
-604.25,1096,0,TU
1136.75,1096,0,TU
-2985.25,1096.5,0,TU
-1911.25,1096.5,0,TU
-17.25,1096.5,0,TU
360.75,1096.5,0,TU
-2965.75,1097,0,TU
-1306.75,1097,0,TU
228.25,1097,0,TU
-2505.25,1098,0,TU
-447.25,1098,0,TU
1273.25,1098.5,0,TU
-1640.25,1099.5,0,TU
-1442.25,1100,0,TU
-2903.75,1100.5,0,TU
-2002.25,1100.5,0,TU
297.75,1101,0,TU
-537.25,1101.5,0,TU
-630.25,1102.5,0,TU
-2803.75,1103,0,TU
-2406.75,1103,0,TU
-221.75,1103.5,0,TU
-397.75,1106,0,TU
1599.75,1106,0,TU
-2158.25,1106.5,0,TU
781.25,1106.5,0,TU
-2827.25,1107.5,0,TU
760.75,1107.5,0,TU
-51.75,1108,0,TU
1413.75,1108,0,TU
-1993.25,1108.5,0,TU
-1583.25,1108.5,0,TU
1432.75,1109,0,TU
-3010.25,1109.5,0,TU
-689.75,1109.5,0,TU
1540.25,1109.5,0,TU
454.75,1110,0,TU
1701.25,1110,0,TU
-2868.25,1110.5,0,TU
1512.25,1110.5,0,TU
-2845.75,1111.5,0,TU
1320.75,1111.5,0,TU
-1550.75,1112,0,TU
-1141.25,1112,0,TU
214.75,1112,0,TU
572.25,1112.5,0,TU
-2598.25,1113.5,0,TU
-125.75,1113.5,0,TU
1205.25,1113.5,0,TU
1086.25,1114.5,0,TU
-1795.75,1115,0,TU
1257.25,1115,0,TU
1558.25,1116,0,TU
-1354.25,1116.5,0,TU
1144.25,1116.5,0,TU
-629.25,1117.5,0,TU
389.25,1117.5,0,TU
-2795.25,1118,0,TU
-658.75,1118,0,TU
644.25,1118.5,0,TU
1458.25,1118.5,0,TU
1487.25,1119,0,TU
-2298.75,1119.5,0,TU
1415.75,1121,0,TU
271.25,1121.5,0,TU
-540.25,1122,0,TU
-1496.75,1123,0,TU
1376.75,1123.5,0,TU
-2568.25,1124,0,TU
-1381.25,1124.5,0,TU
531.25,1124.5,0,TU
1598.75,1124.5,0,TU
-1578.75,1125.5,0,TU
620.25,1126,0,TU
1270.25,1126,0,TU
1569.25,1126,0,TU
-2502.75,1126.5,0,TU
-3086.75,1127,0,TU
-189.75,1127.5,0,TU
412.25,1127.5,0,TU
486.25,1127.5,0,TU
-2751.25,1128.5,0,TU
794.75,1128.5,0,TU
-2701.75,1129.5,0,TU
-1513.25,1129.5,0,TU
835.75,1129.5,0,TU
-2949.75,1130.5,0,TU
-2442.75,1131,0,TU
563.75,1131,0,TU
-1474.25,1131.5,0,TU
-2917.25,1132.5,0,TU
-707.75,1132.5,0,TU
-2975.25,1133,0,TU
-1551.75,1133,0,TU
-1128.75,1133,0,TU
1300.75,1133,0,TU
-1738.75,1133.5,0,TU
-1392.75,1133.5,0,TU
-969.75,1133.5,0,TU
269.25,1134,0,TU
-2611.25,1135,0,TU
-2133.75,1135,0,TU
-1912.75,1135,0,TU
-734.75,1135,0,TU
-1485.75,1135.5,0,TU
1466.25,1135.5,0,TU
-2660.75,1136.5,0,TU
331.75,1136.5,0,TU
1445.25,1136.5,0,TU
1501.25,1136.5,0,TU
-3072.75,1137,0,TU
-2118.25,1137,0,TU
947.25,1137,0,TU
1361.75,1137,0,TU
-2316.25,1137.5,0,TU
-160.25,1137.5,0,TU
-2489.25,1138,0,TU
123.25,1138,0,TU
-1677.25,1138.5,0,TU
-2392.25,1139,0,TU
-2256.75,1139,0,TU
-2826.75,1139.5,0,TU
-1171.75,1139.5,0,TU
-3019.25,1140,0,TU
-1261.25,1140,0,TU
-1196.75,1140,0,TU
1582.75,1140,0,TU
-2846.75,1140.5,0,TU
426.75,1140.5,0,TU
-3001.75,1142.5,0,TU
200.75,1142.5,0,TU
-179.75,1144,0,TU
-1564.75,1144.5,0,TU
-675.75,1144.5,0,TU
-295.25,1144.5,0,TU
-1153.75,1145,0,TU
-2809.75,1145.5,0,TU
-1779.75,1145.5,0,TU
-104.75,1145.5,0,TU
-2429.25,1146,0,TU
-514.75,1146,0,TU
-1368.25,1147,0,TU
82.25,1147,0,TU
752.75,1148,0,TU
1104.75,1148,0,TU
-2378.25,1149,0,TU
-1433.75,1149,0,TU
-548.25,1149,0,TU
-325.75,1150,0,TU
1221.25,1150,0,TU
-161.75,1151,0,TU
526.75,1151,0,TU
-2298.25,1151.5,0,TU
-1339.75,1151.5,0,TU
-618.25,1151.5,0,TU
284.75,1151.5,0,TU
-955.75,1152,0,TU
-2897.25,1153,0,TU
686.25,1153,0,TU
-827.25,1153.5,0,TU
401.25,1154,0,TU
-991.75,1154.5,0,TU
-934.75,1154.5,0,TU
-1529.25,1155,0,TU
-2729.75,1156,0,TU
-263.75,1156,0,TU
-2552.75,1157,0,TU
-3067.25,1157.5,0,TU
-1122.75,1157.5,0,TU
-3098.25,1158.5,0,TU
-2790.25,1158.5,0,TU
33.25,1158.5,0,TU
-1194.25,1159.5,0,TU
815.25,1160,0,TU
1646.25,1160,0,TU
-2605.25,1160.5,0,TU
-3084.25,1161.5,0,TU
-290.25,1162.5,0,TU
-2772.75,1163,0,TU
-2711.25,1164,0,TU
57.25,1164,0,TU
963.75,1164,0,TU
1028.25,1164,0,TU
1315.25,1164,0,TU
-1771.75,1164.5,0,TU
-3022.75,1165,0,TU
1382.25,1165,0,TU
-2153.75,1165.5,0,TU
-1372.75,1165.5,0,TU
864.25,1165.5,0,TU
-563.25,1166,0,TU
-2930.25,1166.5,0,TU
-845.25,1166.5,0,TU
-765.25,1166.5,0,TU
1477.75,1167,0,TU
-3111.25,1167.5,0,TU
-2254.75,1167.5,0,TU
-1011.75,1167.5,0,TU
1331.75,1167.5,0,TU
-2136.25,1168,0,TU
890.75,1168,0,TU
1089.75,1168,0,TU
-1498.25,1168.5,0,TU
-2744.75,1169,0,TU
281.25,1169,0,TU
1178.75,1169,0,TU
1205.75,1169,0,TU
-3196.75,1169.5,0,TU
84.25,1169.5,0,TU
-3359.75,1170,0,TU
1127.75,1170,0,TU
-313.75,1170.5,0,TU
-1718.75,1171,0,TU
-2369.25,1171.5,0,TU
-2479.25,1172,0,TU
-2682.75,1173,0,TU
251.25,1173.5,0,TU
1520.75,1174.5,0,TU
-514.25,1175,0,TU
1454.75,1175,0,TU
-2885.25,1176,0,TU
-1752.75,1176,0,TU
-2.25,1176.5,0,TU
-2099.25,1178,0,TU
-1868.25,1178,0,TU
-2277.25,1178.5,0,TU
-2988.25,1179,0,TU
-2012.25,1179,0,TU
-2934.75,1179.5,0,TU
152.25,1179.5,0,TU
1222.25,1179.5,0,TU
1590.25,1179.5,0,TU
-592.25,1180,0,TU
1255.25,1180.5,0,TU
1762.75,1180.5,0,TU
-1186.25,1181,0,TU
-2661.75,1181.5,0,TU
1292.25,1181.5,0,TU
-1303.75,1182,0,TU
-649.25,1182,0,TU
-536.25,1182.5,0,TU
522.75,1183.5,0,TU
-2698.25,1184,0,TU
34.75,1184,0,TU
1540.25,1184,0,TU
-474.75,1184.5,0,TU
1206.75,1184.5,0,TU
1431.75,1185.5,0,TU
100.75,1186,0,TU
-3155.75,1186.5,0,TU
-2786.75,1186.5,0,TU
-1491.75,1186.5,0,TU
-878.75,1186.5,0,TU
-1930.25,1187,0,TU
-708.25,1187,0,TU
-2260.25,1188,0,TU
-761.25,1188.5,0,TU
23.25,1189,0,TU
-3207.25,1189.5,0,TU
-2730.75,1190,0,TU
412.25,1190,0,TU
943.75,1190.5,0,TU
-2555.25,1191,0,TU
-553.75,1192,0,TU
-1697.75,1192.5,0,TU
-893.75,1193,0,TU
146.75,1194.5,0,TU
1464.25,1195,0,TU
-2896.75,1195.5,0,TU
60.75,1195.5,0,TU
561.25,1195.5,0,TU
-1094.75,1196,0,TU
-1754.25,1196.5,0,TU
-1681.75,1196.5,0,TU
-1613.75,1196.5,0,TU
377.25,1197,0,TU
-2504.75,1197.5,0,TU
-2152.75,1197.5,0,TU
-843.25,1197.5,0,TU
-336.25,1197.5,0,TU
-1731.25,1198,0,TU
205.75,1198,0,TU
1319.25,1198,0,TU
1334.75,1198,0,TU
-2462.25,1198.5,0,TU
-2756.25,1199,0,TU
1393.75,1199,0,TU
-1429.25,1199.5,0,TU
-369.75,1199.5,0,TU
-2029.25,1200,0,TU
-970.75,1200,0,TU
1209.75,1200,0,TU
-576.75,1200.5,0,TU
-730.75,1201,0,TU
-404.75,1202,0,TU
-2060.25,1202.5,0,TU
-1717.25,1204.5,0,TU
-1912.75,1205.5,0,TU
-1031.75,1205.5,0,TU
-3015.75,1206,0,TU
-518.25,1206,0,TU
-2996.25,1206.5,0,TU
38.25,1206.5,0,TU
-3271.25,1207,0,TU
-2100.75,1207,0,TU
-1940.75,1207,0,TU
905.75,1207,0,TU
-323.75,1208,0,TU
-3325.75,1208.5,0,TU
173.25,1208.5,0,TU
301.25,1208.5,0,TU
1296.25,1209,0,TU
-1894.75,1210,0,TU
554.75,1210,0,TU
-2629.25,1210.5,0,TU
-1922.75,1210.5,0,TU
-788.25,1211,0,TU
-760.25,1211,0,TU
-1149.75,1212,0,TU
937.75,1212,0,TU
-2729.25,1213,0,TU
889.75,1213,0,TU
-3077.75,1213.5,0,TU
-1183.75,1214,0,TU
-422.75,1214,0,TU
255.75,1214,0,TU
982.75,1214,0,TU
-3167.25,1215,0,TU
1183.75,1215,0,TU
1238.25,1215,0,TU
-3104.75,1216,0,TU
-2558.75,1216.5,0,TU
-2316.75,1216.5,0,TU
-1608.75,1216.5,0,TU
-889.75,1217,0,TU
1336.25,1217.5,0,TU
-930.75,1218,0,TU
1210.75,1218,0,TU
-3066.75,1220,0,TU
-2589.75,1220,0,TU
-3351.25,1221.5,0,TU
-1631.75,1221.5,0,TU
-3310.75,1222,0,TU
-382.75,1222.5,0,TU
-2382.75,1223,0,TU
-1949.25,1223.5,0,TU
-3252.75,1224,0,TU
-1711.75,1224,0,TU
1091.25,1224,0,TU
-2049.75,1224.5,0,TU
68.25,1225,0,TU
96.75,1225,0,TU
531.25,1225,0,TU
-2759.75,1225.5,0,TU
1398.25,1225.5,0,TU
424.25,1227,0,TU
1457.75,1227,0,TU
-1670.75,1227.5,0,TU
1173.75,1227.5,0,TU
866.25,1228,0,TU
-3016.75,1229.5,0,TU
-1011.75,1229.5,0,TU
-3096.25,1230,0,TU
-2529.75,1230.5,0,TU
1295.75,1230.5,0,TU
-1932.25,1231,0,TU
-1555.75,1231.5,0,TU
-1162.25,1231.5,0,TU
-915.25,1231.5,0,TU
224.75,1231.5,0,TU
-3174.75,1232.5,0,TU
-2867.75,1233,0,TU
-1647.25,1233,0,TU
-1847.75,1234,0,TU
-3034.25,1235,0,TU
-736.25,1235,0,TU
-501.25,1235,0,TU
1672.75,1235,0,TU
1375.25,1235.5,0,TU
-2977.25,1236.5,0,TU
-2070.75,1236.5,0,TU
1247.25,1236.5,0,TU
-2220.25,1237.5,0,TU
-929.75,1237.5,0,TU
-2830.75,1238.5,0,TU
-2606.25,1238.5,0,TU
-1180.25,1238.5,0,TU
1558.75,1238.5,0,TU
-715.75,1239,0,TU
3422.75,1239,0,TU
-1814.25,1240,0,TU
1426.25,1240,0,TU
-3319.25,1240.5,0,TU
-1683.75,1240.5,0,TU
-3126.25,1241,0,TU
-2048.75,1241,0,TU
1124.25,1241.5,0,TU
-1786.25,1242,0,TU
-3294.75,1242.5,0,TU
-977.25,1242.5,0,TU
1190.25,1242.5,0,TU
3403.75,1242.5,0,TU
-1582.25,1243,0,TU
61.75,1243,0,TU
307.75,1243,0,TU
-2134.75,1243.5,0,TU
-385.75,1243.5,0,TU
419.25,1244.5,0,TU
-473.25,1245,0,TU
383.75,1245,0,TU
1094.25,1245.5,0,TU
1587.75,1245.5,0,TU
80.25,1246.5,0,TU
343.75,1246.5,0,TU
-1548.25,1247,0,TU
-1939.25,1247.5,0,TU
-2743.25,1248.5,0,TU
100.75,1248.5,0,TU
-3335.75,1249,0,TU
3443.75,1249,0,TU
3490.25,1249,0,TU
993.75,1249.5,0,TU
961.75,1250.5,0,TU
-2101.75,1251,0,TU
527.75,1251,0,TU
-1964.75,1251.5,0,TU
-1718.25,1251.5,0,TU
281.75,1252,0,TU
-2201.75,1253,0,TU
-303.75,1253,0,TU
-363.25,1253.5,0,TU
3463.75,1253.5,0,TU
-782.25,1254,0,TU
-2011.75,1254.5,0,TU
-3102.25,1255,0,TU
-2589.75,1255.5,0,TU
-2246.25,1255.5,0,TU
-2508.75,1256.5,0,TU
-647.75,1256.5,0,TU
1180.75,1257,0,TU
-3022.25,1258,0,TU
-263.25,1258,0,TU
1264.25,1258,0,TU
3405.75,1258.5,0,TU
360.25,1259,0,TU
-3042.75,1259.5,0,TU
568.25,1259.5,0,TU
1374.75,1259.5,0,TU
-3178.25,1260,0,TU
260.25,1260,0,TU
-1613.75,1260.5,0,TU
1021.25,1262.5,0,TU
1580.75,1262.5,0,TU
-2869.75,1263,0,TU
-2657.25,1263,0,TU
-668.25,1263,0,TU
-931.25,1263.5,0,TU
-416.75,1263.5,0,TU
239.25,1263.5,0,TU
1482.25,1263.5,0,TU
-2323.75,1264.5,0,TU
-2104.75,1264.5,0,TU
-906.25,1264.5,0,TU
1116.25,1264.5,0,TU
-2172.25,1265.5,0,TU
-1300.75,1266.5,0,TU
319.75,1266.5,0,TU
387.75,1266.5,0,TU
674.75,1266.5,0,TU
1308.75,1267,0,TU
-2530.75,1268,0,TU
-335.75,1268,0,TU
88.75,1268,0,TU
-3088.75,1268.5,0,TU
-2479.25,1268.5,0,TU
-1187.75,1268.5,0,TU
1140.75,1270,0,TU
1689.25,1271,0,TU
-1795.25,1271.5,0,TU
3465.25,1271.5,0,TU
-3214.25,1272,0,TU
1502.25,1273,0,TU
-3322.25,1273.5,0,TU
-2846.25,1273.5,0,TU
517.75,1274,0,TU
-2148.25,1274.5,0,TU
-1164.25,1274.5,0,TU
22.25,1274.5,0,TU
-2407.75,1275.5,0,TU
-981.25,1276,0,TU
-718.25,1276,0,TU
351.25,1276,0,TU
374.25,1276.5,0,TU
-368.25,1277,0,TU
-2968.25,1277.5,0,TU
-865.75,1277.5,0,TU
959.75,1277.5,0,TU
-1700.75,1278,0,TU
-3058.75,1278.5,0,TU
-1821.75,1278.5,0,TU
-696.75,1278.5,0,TU
-34.75,1279.5,0,TU
-2935.75,1280,0,TU
-2550.25,1280,0,TU
-1747.25,1280,0,TU
-2031.25,1280.5,0,TU
-2601.75,1281,0,TU
1270.25,1281,0,TU
3362.75,1281,0,TU
-1018.75,1282.5,0,TU
1290.75,1282.5,0,TU
-2832.25,1283,0,TU
-1979.25,1283,0,TU
-3270.75,1283.5,0,TU
3337.75,1284,0,TU
-2484.25,1285,0,TU
-2250.25,1285,0,TU
1463.75,1285,0,TU
-57.75,1285.5,0,TU
-730.75,1286,0,TU
-96.75,1286,0,TU
3446.75,1286,0,TU
-2232.75,1286.5,0,TU
-1472.75,1286.5,0,TU
1161.25,1287,0,TU
-3250.25,1287.5,0,TU
-2950.75,1287.5,0,TU
-1635.25,1287.5,0,TU
1084.75,1287.5,0,TU
-1612.75,1288.5,0,TU
-464.25,1288.5,0,TU
1218.75,1289,0,TU
1375.75,1289,0,TU
3468.75,1289,0,TU
-681.25,1289.5,0,TU
-2716.25,1291,0,TU
5.75,1291,0,TU
446.75,1291,0,TU
-2100.25,1292,0,TU
381.75,1292,0,TU
-2642.25,1293,0,TU
327.75,1293,0,TU
-2141.25,1293.5,0,TU
-3176.75,1294,0,TU
739.25,1294,0,TU
-1996.25,1294.5,0,TU
1493.75,1294.5,0,TU
-2200.75,1295,0,TU
-3034.75,1295.5,0,TU
-2663.75,1295.5,0,TU
1292.25,1297,0,TU
836.75,1297.5,0,TU
1468.75,1297.5,0,TU
1513.75,1297.5,0,TU
-2013.75,1298,0,TU
-1184.25,1298.5,0,TU
-392.25,1298.5,0,TU
1529.75,1298.5,0,TU
1705.25,1299,0,TU
-2705.75,1299.5,0,TU
-2923.25,1300,0,TU
-1301.25,1300,0,TU
36.75,1300,0,TU
-2455.25,1300.5,0,TU
1142.75,1301.5,0,TU
1314.75,1301.5,0,TU
3314.25,1301.5,0,TU
-2508.75,1302,0,TU
1393.75,1302,0,TU
3457.75,1302.5,0,TU
-867.75,1303,0,TU
-79.25,1303,0,TU
3401.25,1303,0,TU
-810.25,1303.5,0,TU
-668.25,1304.5,0,TU
56.25,1305,0,TU
-1244.25,1305.5,0,TU
961.75,1306,0,TU
1350.25,1306,0,TU
1786.25,1306,0,TU
-2827.25,1307.5,0,TU
-2171.25,1308.5,0,TU
-2882.75,1309,0,TU
1583.75,1309,0,TU
-2253.75,1309.5,0,TU
3491.75,1309.5,0,TU
-2575.75,1310,0,TU
-1977.75,1310,0,TU
-713.75,1310,0,TU
1090.75,1310,0,TU
-1948.75,1311,0,TU
-2978.75,1311.5,0,TU
-2406.75,1311.5,0,TU
-32.25,1311.5,0,TU
-3168.25,1312,0,TU
-2363.75,1312.5,0,TU
-1439.75,1312.5,0,TU
203.25,1312.5,0,TU
571.25,1312.5,0,TU
-2693.75,1313,0,TU
-50.75,1314,0,TU
341.75,1314,0,TU
-1759.75,1315,0,TU
1447.75,1315,0,TU
-2226.25,1316,0,TU
1473.75,1316,0,TU
-3303.25,1316.5,0,TU
-496.25,1316.5,0,TU
95.75,1316.5,0,TU
497.25,1316.5,0,TU
-1123.25,1317,0,TU
-411.25,1317.5,0,TU
3288.75,1318,0,TU
1121.25,1318.5,0,TU
906.75,1319,0,TU
-1961.25,1320,0,TU
530.25,1320,0,TU
1198.25,1320,0,TU
1417.75,1320,0,TU
1601.75,1320,0,TU
3444.75,1320.5,0,TU
-1525.75,1321,0,TU
-695.75,1321,0,TU
-2866.75,1321.5,0,TU
-1210.25,1321.5,0,TU
-3261.25,1323,0,TU
685.25,1323,0,TU
-2917.25,1325,0,TU
-1571.25,1325.5,0,TU
-15.75,1325.5,0,TU
616.75,1325.5,0,TU
1561.25,1325.5,0,TU
-2981.75,1326,0,TU
1301.25,1326.5,0,TU
-2958.75,1327.5,0,TU
1257.25,1328,0,TU
-1554.25,1328.5,0,TU
15.25,1329.5,0,TU
561.75,1329.5,0,TU
-2098.25,1330,0,TU
-455.25,1330,0,TU
-2618.75,1330.5,0,TU
-2171.25,1330.5,0,TU
1505.25,1330.5,0,TU
-2302.25,1331.5,0,TU
-1674.25,1331.5,0,TU
105.75,1332,0,TU
211.75,1332,0,TU
1383.25,1332,0,TU
-3234.75,1332.5,0,TU
80.75,1332.5,0,TU
602.25,1332.5,0,TU
-1972.75,1333,0,TU
-33.75,1333,0,TU
947.75,1333,0,TU
3571.75,1333,0,TU
-428.25,1333.5,0,TU
-2316.25,1334.5,0,TU
-692.25,1334.5,0,TU
232.75,1334.5,0,TU
3477.75,1334.5,0,TU
-78.25,1335.5,0,TU
-1599.25,1336,0,TU
1360.75,1337,0,TU
1483.75,1337,0,TU
-2330.75,1337.5,0,TU
1326.75,1337.5,0,TU
-1483.25,1338,0,TU
-53.25,1338.5,0,TU
1178.25,1338.5,0,TU
-2683.25,1339,0,TU
-2054.25,1339,0,TU
-2834.75,1340,0,TU
-3293.25,1341,0,TU
-1190.25,1341,0,TU
1674.75,1341.5,0,TU
-2242.75,1342.5,0,TU
870.75,1342.5,0,TU
1042.25,1342.5,0,TU
1763.25,1342.5,0,TU
-98.25,1344,0,TU
-2936.25,1345,0,TU
824.25,1345,0,TU
1579.75,1345,0,TU
-2674.25,1345.5,0,TU
-954.75,1345.5,0,TU
933.75,1345.5,0,TU
-1506.25,1346.5,0,TU
445.75,1346.5,0,TU
-929.25,1347.5,0,TU
-817.75,1347.5,0,TU
651.75,1348,0,TU
-987.25,1348.5,0,TU
-555.25,1348.5,0,TU
3410.25,1348.5,0,TU
-1700.25,1349,0,TU
1597.75,1349.5,0,TU
-2040.25,1351,0,TU
94.25,1351.5,0,TU
-2110.75,1352,0,TU
1312.75,1352,0,TU
3236.75,1352,0,TU
-3225.75,1352.5,0,TU
545.75,1352.5,0,TU
3302.25,1352.5,0,TU
-1725.75,1353,0,TU
-768.25,1353,0,TU
-48.25,1353,0,TU
-2766.75,1353.5,0,TU
1247.75,1353.5,0,TU
26.25,1354,0,TU
958.75,1354,0,TU
1464.75,1354,0,TU
-1537.75,1354.5,0,TU
-918.25,1354.5,0,TU
3251.25,1355,0,TU
-2375.75,1355.5,0,TU
1491.25,1355.5,0,TU
-2579.75,1356,0,TU
-689.75,1356,0,TU
1.75,1356.5,0,TU
3264.25,1358,0,TU
-2517.75,1358.5,0,TU
3534.75,1358.5,0,TU
-465.75,1359.5,0,TU
-645.25,1360,0,TU
3488.25,1360,0,TU
402.25,1361,0,TU
-2325.75,1361.5,0,TU
1192.75,1361.5,0,TU
-2895.25,1362.5,0,TU
-2870.75,1362.5,0,TU
-2680.75,1362.5,0,TU
-3149.75,1363,0,TU
-2752.25,1363,0,TU
-1635.25,1363,0,TU
-24.25,1363.5,0,TU
1345.75,1364,0,TU
-2237.25,1364.5,0,TU
-950.25,1366,0,TU
-197.25,1366,0,TU
1747.25,1366,0,TU
-2641.75,1366.5,0,TU
1604.25,1366.5,0,TU
-2407.75,1367.5,0,TU
-1055.25,1367.5,0,TU
119.75,1368,0,TU
893.25,1368,0,TU
-138.25,1368.5,0,TU
491.75,1368.5,0,TU
1220.25,1369,0,TU
1323.25,1369,0,TU
-3301.25,1369.5,0,TU
-2436.25,1369.5,0,TU
-515.75,1370,0,TU
-666.75,1370.5,0,TU
3558.75,1371,0,TU
-2462.75,1371.5,0,TU
-536.75,1371.5,0,TU
-2120.75,1372,0,TU
-3250.75,1374,0,TU
-1007.75,1375,0,TU
-1960.75,1375.5,0,TU
2.75,1375.5,0,TU
3314.25,1375.5,0,TU
-1169.25,1376,0,TU
-496.75,1376,0,TU
29.25,1376,0,TU
-2780.25,1376.5,0,TU
-2017.75,1376.5,0,TU
-1627.25,1377,0,TU
-1461.75,1377,0,TU
-708.25,1377,0,TU
-444.75,1377,0,TU
-416.25,1377,0,TU
3382.25,1377,0,TU
1709.25,1378,0,TU
-1513.25,1378.5,0,TU
-1025.75,1379,0,TU
1756.25,1379,0,TU
-807.25,1379.5,0,TU
-3330.75,1380,0,TU
-3287.25,1380,0,TU
953.25,1380,0,TU
1209.25,1380,0,TU
-2803.75,1380.5,0,TU
200.75,1380.5,0,TU
-748.25,1381,0,TU
-3206.25,1381.5,0,TU
-2932.75,1381.5,0,TU
-988.75,1381.5,0,TU
-2314.25,1382,0,TU
-1532.75,1382,0,TU
1369.75,1382.5,0,TU
-2582.75,1383,0,TU
524.25,1383,0,TU
-2600.25,1383.5,0,TU
1443.25,1383.5,0,TU
3110.25,1383.5,0,TU
1193.25,1384,0,TU
-161.75,1384.5,0,TU
435.75,1384.5,0,TU
-3308.25,1387.5,0,TU
1732.75,1388.5,0,TU
3434.25,1389.5,0,TU
1333.25,1390.5,0,TU
406.25,1391,0,TU
-1576.25,1391.5,0,TU
-2072.75,1392,0,TU
-2485.75,1393.5,0,TU
-3054.75,1394,0,TU
-1678.25,1394,0,TU
1129.25,1394.5,0,TU
1545.25,1394.5,0,TU
-1975.75,1395,0,TU
-2280.25,1395.5,0,TU
-2253.75,1395.5,0,TU
-1944.75,1395.5,0,TU
-6.75,1395.5,0,TU
-3250.25,1396,0,TU
-2448.75,1397,0,TU
3235.25,1397,0,TU
3268.25,1397,0,TU
3456.25,1397,0,TU
-2990.25,1397.5,0,TU
1259.25,1397.5,0,TU
-3223.25,1398,0,TU
-2707.75,1398,0,TU
-2655.25,1398,0,TU
-1620.25,1398.5,0,TU
105.75,1398.5,0,TU
436.75,1398.5,0,TU
-2128.25,1399,0,TU
-657.75,1399,0,TU
-581.75,1399,0,TU
-633.25,1399.5,0,TU
-367.25,1399.5,0,TU
830.75,1399.5,0,TU
-2771.75,1400,0,TU
-951.75,1400.5,0,TU
-678.75,1400.5,0,TU
-489.25,1400.5,0,TU
1279.25,1401,0,TU
-1484.75,1402.5,0,TU
-2102.25,1403,0,TU
-806.75,1403,0,TU
3292.75,1403,0,TU
1206.25,1403.5,0,TU
-1566.25,1404,0,TU
-973.75,1404,0,TU
-2867.25,1404.5,0,TU
-696.75,1404.5,0,TU
-3267.75,1405,0,TU
-3205.75,1405,0,TU
-2798.25,1405,0,TU
-2473.25,1405,0,TU
-2382.75,1405,0,TU
-175.25,1405.5,0,TU
1179.25,1405.5,0,TU
3502.25,1405.5,0,TU
-81.25,1406,0,TU
-2535.75,1407,0,TU
-2143.25,1407,0,TU
1334.25,1407,0,TU
-3282.25,1407.5,0,TU
-2303.25,1407.5,0,TU
-2085.75,1408,0,TU
-2424.75,1408.5,0,TU
1641.25,1408.5,0,TU
1668.25,1408.5,0,TU
3326.75,1409,0,TU
-2639.75,1409.5,0,TU
-1643.25,1409.5,0,TU
410.75,1409.5,0,TU
-2600.25,1410,0,TU
-397.75,1410,0,TU
-2854.25,1410.5,0,TU
-2621.25,1410.5,0,TU
-1462.75,1411,0,TU
1704.75,1411,0,TU
3131.75,1411.5,0,TU
-2996.75,1413,0,TU
3218.25,1413.5,0,TU
-2823.75,1414,0,TU
-2010.25,1414,0,TU
-1084.75,1415,0,TU
-2902.25,1415.5,0,TU
-1989.25,1415.5,0,TU
-2243.75,1416,0,TU
3270.75,1416,0,TU
-2667.25,1417,0,TU
1732.25,1417,0,TU
3363.75,1417,0,TU
-2499.75,1417.5,0,TU
1476.25,1417.5,0,TU
-155.25,1418,0,TU
1442.75,1418,0,TU
3095.25,1418,0,TU
842.75,1418.5,0,TU
-597.25,1419,0,TU
-3370.25,1419.5,0,TU
28.75,1419.5,0,TU
1404.25,1419.5,0,TU
-1235.75,1420,0,TU
1111.75,1420.5,0,TU
-3065.25,1421.5,0,TU
1516.75,1421.5,0,TU
1254.25,1422,0,TU
240.75,1422.5,0,TU
3252.25,1423,0,TU
-1512.75,1423.5,0,TU
-2318.75,1425,0,TU
-1576.25,1425,0,TU
-2973.25,1425.5,0,TU
1643.75,1425.5,0,TU
212.25,1426.5,0,TU
-819.75,1427,0,TU
-761.25,1427,0,TU
-1908.75,1427.5,0,TU
1384.25,1427.5,0,TU
-2440.25,1428,0,TU
-1396.25,1428,0,TU
-2909.75,1428.5,0,TU
3230.75,1428.5,0,TU
-2023.75,1429,0,TU
-1556.25,1429.5,0,TU
67.25,1429.5,0,TU
1352.25,1429.5,0,TU
-313.25,1430,0,TU
1415.25,1430.5,0,TU
1694.75,1430.5,0,TU
-3208.25,1431,0,TU
-3108.25,1431,0,TU
-2113.75,1431,0,TU
-1247.75,1431,0,TU
-3165.25,1431.5,0,TU
1172.25,1432,0,TU
102.75,1432.5,0,TU
1771.25,1432.5,0,TU
-914.25,1433,0,TU
3206.75,1433.5,0,TU
-2857.25,1434,0,TU
3473.25,1434,0,TU
-2422.75,1435,0,TU
-272.25,1435,0,TU
1277.25,1435,0,TU
-2629.75,1435.5,0,TU
803.25,1435.5,0,TU
-2373.25,1436,0,TU
-2052.75,1436.5,0,TU
443.75,1436.5,0,TU
1502.25,1436.5,0,TU
-3267.25,1437,0,TU
1720.25,1437,0,TU
3178.25,1437,0,TU
3332.25,1437,0,TU
-3141.25,1437.5,0,TU
-2998.25,1438,0,TU
-2971.25,1439,0,TU
-494.25,1439,0,TU
469.25,1439,0,TU
-2821.75,1439.5,0,TU
-1999.75,1439.5,0,TU
1380.75,1439.5,0,TU
-1480.75,1440.5,0,TU
-72.75,1440.5,0,TU
1188.25,1440.5,0,TU
-466.25,1442,0,TU
-3063.75,1442.5,0,TU
-1906.25,1442.5,0,TU
-657.75,1442.5,0,TU
126.25,1442.5,0,TU
539.25,1442.5,0,TU
-1948.25,1443,0,TU
-1278.25,1443,0,TU
-1011.75,1443,0,TU
-383.25,1443.5,0,TU
1627.75,1443.5,0,TU
-2.25,1444.5,0,TU
1132.25,1444.5,0,TU
-3333.25,1445,0,TU
-2766.25,1445,0,TU
3256.75,1445,0,TU
3375.25,1445,0,TU
-2493.25,1445.5,0,TU
1646.25,1445.5,0,TU
-2338.25,1446,0,TU
-3288.25,1446.5,0,TU
-3028.25,1447,0,TU
-2122.75,1447,0,TU
1736.25,1447,0,TU
-1492.25,1447.5,0,TU
-693.25,1447.5,0,TU
-542.75,1447.5,0,TU
1335.75,1447.5,0,TU
-3083.25,1448.5,0,TU
-2160.75,1449,0,TU
-2069.25,1449.5,0,TU
44.25,1449.5,0,TU
-2269.75,1450,0,TU
-1330.75,1450,0,TU
3439.25,1450,0,TU
-2358.25,1451,0,TU
1755.25,1451,0,TU
216.75,1451.5,0,TU
-575.75,1452,0,TU
153.25,1452,0,TU
943.75,1452.5,0,TU
-2613.75,1453,0,TU
-977.25,1453,0,TU
457.25,1453.5,0,TU
-645.75,1454.5,0,TU
1158.25,1456,0,TU
-2998.25,1456.5,0,TU
-2728.75,1456.5,0,TU
-1376.75,1456.5,0,TU
1192.75,1456.5,0,TU
-297.25,1457,0,TU
1769.25,1457,0,TU
-3294.25,1457.5,0,TU
-3403.75,1458,0,TU
-716.25,1458.5,0,TU
513.75,1458.5,0,TU
-194.75,1459,0,TU
-834.25,1460,0,TU
103.25,1460,0,TU
1391.25,1460,0,TU
351.75,1460.5,0,TU
-3110.75,1461,0,TU
-2499.75,1461,0,TU
-2776.75,1461.5,0,TU
-902.25,1461.5,0,TU
-672.75,1461.5,0,TU
1684.25,1461.5,0,TU
3546.25,1461.5,0,TU
-2576.25,1462,0,TU
1440.75,1462,0,TU
-933.75,1462.5,0,TU
385.75,1462.5,0,TU
1302.25,1462.5,0,TU
-3178.25,1463,0,TU
-1976.25,1463,0,TU
-158.75,1463,0,TU
1666.25,1463,0,TU
-1448.75,1463.5,0,TU
-2387.25,1464,0,TU
-2098.75,1464,0,TU
1697.75,1464,0,TU
-3277.25,1464.5,0,TU
1126.75,1465,0,TU
-2664.75,1465.5,0,TU
3296.25,1465.5,0,TU
-1891.75,1466.5,0,TU
-22.25,1466.5,0,TU
-324.75,1467.5,0,TU
-2814.25,1468,0,TU
412.75,1468,0,TU
431.75,1468,0,TU
1093.75,1468.5,0,TU
1377.75,1468.5,0,TU
-2856.25,1469,0,TU
-2261.25,1469.5,0,TU
-1278.25,1469.5,0,TU
-2872.25,1470,0,TU
1629.75,1470,0,TU
660.25,1470.5,0,TU
-3330.75,1471,0,TU
-1405.25,1471,0,TU
1080.75,1471,0,TU
-468.25,1471.5,0,TU
-2165.25,1472,0,TU
25.25,1472,0,TU
3555.75,1472.5,0,TU
-2430.75,1473,0,TU
-1988.75,1473,0,TU
-114.25,1473,0,TU
-2147.75,1473.5,0,TU
-2203.75,1474,0,TU
1675.75,1474,0,TU
526.25,1474.5,0,TU
1149.25,1474.5,0,TU
-2373.25,1475,0,TU
-1251.75,1475,0,TU
-416.25,1475.5,0,TU
-353.75,1475.5,0,TU
-2939.75,1476,0,TU
-2542.25,1476,0,TU
-261.25,1476.5,0,TU
1392.25,1476.5,0,TU
-2022.25,1477.5,0,TU
-751.25,1478,0,TU
978.75,1478,0,TU
-3341.25,1478.5,0,TU
-2784.25,1478.5,0,TU
-1309.25,1478.5,0,TU
1183.25,1478.5,0,TU
-1361.75,1479,0,TU
-2982.25,1480,0,TU
-2739.75,1480,0,TU
-2601.75,1480.5,0,TU
-2803.75,1481,0,TU
117.75,1481,0,TU
-2087.75,1481.5,0,TU
1257.75,1481.5,0,TU
-3271.75,1482,0,TU
-2835.75,1482,0,TU
3.25,1482,0,TU
183.75,1482,0,TU
337.25,1482.5,0,TU
-2651.25,1484.5,0,TU
446.25,1484.5,0,TU
1789.25,1484.5,0,TU
3436.25,1484.5,0,TU
-3317.25,1485,0,TU
1610.75,1485,0,TU
49.75,1485.5,0,TU
429.25,1485.5,0,TU
1519.75,1485.5,0,TU
-1431.75,1486,0,TU
3249.75,1486,0,TU
-3171.75,1486.5,0,TU
-428.75,1486.5,0,TU
1356.75,1487,0,TU
490.25,1487.5,0,TU
1653.75,1487.5,0,TU
-3399.25,1488,0,TU
-3293.25,1488,0,TU
-282.25,1488.5,0,TU
-2123.75,1489,0,TU
-1414.25,1489,0,TU
863.75,1489,0,TU
3587.75,1489,0,TU
-1934.75,1489.5,0,TU
347.75,1490,0,TU
-3085.75,1490.5,0,TU
-2341.75,1490.5,0,TU
-3012.25,1491,0,TU
-3375.75,1492,0,TU
-910.75,1492,0,TU
-649.25,1492,0,TU
1492.75,1492,0,TU
1749.75,1492,0,TU
-880.25,1492.5,0,TU
750.75,1492.5,0,TU
-98.25,1493,0,TU
-149.25,1493.5,0,TU
285.75,1493.5,0,TU
1543.75,1494,0,TU
-2613.25,1494.5,0,TU
-452.25,1494.5,0,TU
-17.75,1494.5,0,TU
1385.25,1494.5,0,TU
-2043.75,1495.5,0,TU
-2991.25,1496,0,TU
-52.25,1496,0,TU
508.25,1496,0,TU
1576.75,1496,0,TU
132.25,1496.5,0,TU
76.75,1497,0,TU
-2556.75,1498.5,0,TU
1340.25,1498.5,0,TU
1442.25,1498.5,0,TU
1857.75,1498.5,0,TU
3177.25,1498.5,0,TU
3363.25,1498.5,0,TU
-796.25,1499,0,TU
-220.25,1499,0,TU
3561.75,1499,0,TU
1470.25,1499.5,0,TU
536.25,1500,0,TU
414.25,1500.5,0,TU
-2865.75,1501,0,TU
-345.25,1501,0,TU
-167.75,1501,0,TU
722.75,1501.5,0,TU
9.25,1502,0,TU
-2536.25,1502.5,0,TU
-2310.75,1502.5,0,TU
1116.75,1502.5,0,TU
-3325.25,1504,0,TU
-2939.75,1504.5,0,TU
-2810.75,1504.5,0,TU
-2679.25,1504.5,0,TU
-267.75,1504.5,0,TU
1639.25,1504.5,0,TU
-967.25,1505.5,0,TU
-2173.25,1506,0,TU
-381.25,1506,0,TU
-411.25,1506.5,0,TU
1673.75,1506.5,0,TU
-2714.75,1507.5,0,TU
772.25,1508,0,TU
1496.75,1509,0,TU
-3012.75,1509.5,0,TU
-3245.75,1510.5,0,TU
-2982.25,1510.5,0,TU
-2270.25,1510.5,0,TU
-1242.25,1510.5,0,TU
1479.75,1510.5,0,TU
-810.25,1512,0,TU
-767.75,1512.5,0,TU
-3335.25,1513,0,TU
-2512.25,1513,0,TU
3310.25,1513,0,TU
1453.25,1513.5,0,TU
-315.75,1514,0,TU
1783.25,1514,0,TU
-3094.75,1514.5,0,TU
-2297.25,1514.5,0,TU
-3115.25,1515,0,TU
-2139.75,1515,0,TU
-513.25,1515,0,TU
-853.75,1515.5,0,TU
-431.25,1515.5,0,TU
1654.25,1515.5,0,TU
1610.75,1516,0,TU
1856.75,1516,0,TU
328.75,1516.5,0,TU
1308.75,1516.5,0,TU
-3287.25,1517,0,TU
-3074.25,1517,0,TU
-1310.75,1517,0,TU
-139.75,1517,0,TU
24.25,1517,0,TU
509.75,1517,0,TU
3459.25,1517,0,TU
-3365.75,1517.5,0,TU
356.75,1517.5,0,TU
1535.25,1517.5,0,TU
3422.75,1517.5,0,TU
-1415.75,1518,0,TU
-3194.75,1518.5,0,TU
-2190.75,1519,0,TU
1413.75,1519,0,TU
-792.75,1519.5,0,TU
-190.75,1519.5,0,TU
-2439.25,1520,0,TU
-335.75,1520.5,0,TU
120.75,1520.5,0,TU
-2842.75,1521.5,0,TU
1506.75,1521.5,0,TU
1722.75,1522,0,TU
-3255.25,1522.5,0,TU
3612.25,1522.5,0,TU
-2351.75,1523.5,0,TU
-2947.25,1524,0,TU
-160.75,1524.5,0,TU
-2856.25,1525.5,0,TU
-3381.75,1526.5,0,TU
49.25,1526.5,0,TU
-2172.25,1527,0,TU
210.25,1527,0,TU
-2313.25,1527.5,0,TU
1157.75,1527.5,0,TU
-451.25,1528.5,0,TU
1276.25,1528.5,0,TU
1772.75,1528.5,0,TU
-2960.25,1529.5,0,TU
-2114.25,1529.5,0,TU
-79.25,1529.5,0,TU
1491.75,1530,0,TU
-1379.25,1531,0,TU
605.25,1531,0,TU
1819.25,1531,0,TU
-2542.25,1532.5,0,TU
1389.25,1533,0,TU
1799.75,1533.5,0,TU
364.75,1534,0,TU
-2927.75,1534.5,0,TU
-3294.25,1535.5,0,TU
1585.25,1535.5,0,TU
-3131.25,1536,0,TU
-2784.25,1536,0,TU
-2442.75,1536,0,TU
-3313.75,1536.5,0,TU
452.75,1536.5,0,TU
520.75,1536.5,0,TU
-2996.75,1537,0,TU
-1284.75,1537,0,TU
1177.25,1537,0,TU
-2409.25,1537.5,0,TU
500.25,1537.5,0,TU
1470.75,1537.5,0,TU
-2330.75,1538,0,TU
1672.25,1539,0,TU
-2186.75,1540,0,TU
-3199.25,1540.5,0,TU
-2285.25,1541,0,TU
1327.25,1541,0,TU
470.75,1542,0,TU
-3013.75,1543,0,TU
-1951.75,1543,0,TU
-2102.75,1543.5,0,TU
-1078.75,1544,0,TU
-1405.75,1544.5,0,TU
3386.25,1545,0,TU
3441.25,1545,0,TU
-2300.25,1545.5,0,TU
-892.75,1546,0,TU
-948.25,1546.5,0,TU
-2032.25,1547,0,TU
46.75,1547.5,0,TU
-195.75,1548,0,TU
3509.75,1548,0,TU
-2860.75,1549,0,TU
-2583.75,1549,0,TU
-858.75,1549,0,TU
-3033.75,1549.5,0,TU
-3336.25,1550,0,TU
-2682.25,1550.5,0,TU
-2632.75,1550.5,0,TU
-3402.25,1551,0,TU
1436.75,1551,0,TU
-2440.25,1551.5,0,TU
-2922.75,1552,0,TU
-2498.25,1552.5,0,TU
1305.75,1553,0,TU
-115.25,1553.5,0,TU
1820.25,1554.5,0,TU
-3130.75,1555,0,TU
-2752.75,1556,0,TU
-1933.75,1556,0,TU
-1207.25,1556,0,TU
-1014.25,1556,0,TU
-3267.75,1556.5,0,TU
3246.25,1556.5,0,TU
-2993.25,1557,0,TU
-3357.75,1557.5,0,TU
-3380.75,1558,0,TU
437.75,1558,0,TU
-1037.75,1559,0,TU
-2264.25,1559.5,0,TU
-794.25,1559.5,0,TU
409.25,1560,0,TU
-3216.75,1560.5,0,TU
-413.75,1560.5,0,TU
-3021.25,1561,0,TU
-2477.75,1561,0,TU
-2773.75,1562.5,0,TU
-512.25,1562.5,0,TU
1806.75,1562.5,0,TU
3439.25,1562.5,0,TU
-3248.25,1563,0,TU
707.75,1563,0,TU
-2113.75,1564,0,TU
475.25,1564.5,0,TU
1011.75,1565,0,TU
-28.75,1565.5,0,TU
-1296.25,1566,0,TU
47.75,1566,0,TU
202.25,1566,0,TU
763.75,1566,0,TU
-3073.75,1566.5,0,TU
-1361.25,1566.5,0,TU
-3286.25,1567,0,TU
24.75,1567,0,TU
1748.75,1567,0,TU
-2511.25,1568,0,TU
3569.75,1568,0,TU
-2648.25,1568.5,0,TU
1043.75,1568.5,0,TU
-2585.25,1569.5,0,TU
-2566.25,1569.5,0,TU
-1329.25,1569.5,0,TU
-3036.75,1570,0,TU
3402.25,1570,0,TU
-3182.25,1570.5,0,TU
1401.75,1570.5,0,TU
-1113.25,1571,0,TU
-1915.25,1571.5,0,TU
521.75,1571.5,0,TU
3540.25,1572,0,TU
-947.75,1572.5,0,TU
-3305.25,1573,0,TU
-2624.75,1573,0,TU
-2233.75,1573,0,TU
-2667.25,1573.5,0,TU
-2437.25,1573.5,0,TU
-2910.75,1574,0,TU
-2014.25,1574,0,TU
502.75,1574.5,0,TU
1289.25,1575,0,TU
-2496.75,1575.5,0,TU
-3168.25,1576.5,0,TU
-3121.75,1576.5,0,TU
-3239.25,1578,0,TU
-2796.75,1578,0,TU
-2298.25,1578,0,TU
1840.25,1578,0,TU
-2476.25,1578.5,0,TU
-2921.25,1579,0,TU
-1054.25,1579,0,TU
-859.25,1579,0,TU
3621.75,1579.5,0,TU
3580.25,1580,0,TU
-1940.25,1580.5,0,TU
1795.25,1580.5,0,TU
238.75,1581.5,0,TU
-936.75,1582.5,0,TU
1727.75,1583,0,TU
3434.75,1583.5,0,TU
-59.75,1584,0,TU
-2897.75,1584.5,0,TU
475.75,1584.5,0,TU
-2873.25,1585,0,TU
-1025.75,1585,0,TU
3.75,1585,0,TU
-3146.75,1585.5,0,TU
-2024.75,1585.5,0,TU
-1972.75,1585.5,0,TU
-1813.25,1586,0,TU
-836.25,1587,0,TU
-2759.25,1588,0,TU
190.75,1588,0,TU
-762.25,1588.5,0,TU
422.75,1588.5,0,TU
3550.25,1588.5,0,TU
-2182.75,1589,0,TU
-1144.75,1589,0,TU
-1269.25,1589.5,0,TU
-3340.25,1590,0,TU
-2397.25,1590,0,TU
-1834.25,1590,0,TU
-83.75,1590.5,0,TU
-37.75,1590.5,0,TU
1153.25,1590.5,0,TU
-3067.75,1591,0,TU
-2524.25,1591.5,0,TU
-2955.25,1592,0,TU
-2823.75,1592,0,TU
3596.25,1592,0,TU
-3020.25,1593,0,TU
-20.25,1593,0,TU
3412.75,1593,0,TU
204.25,1593.5,0,TU
1168.25,1593.5,0,TU
-1244.75,1594.5,0,TU
-1107.75,1594.5,0,TU
-435.25,1594.5,0,TU
-351.75,1595,0,TU
1738.75,1595.5,0,TU
-1197.75,1596,0,TU
401.25,1596.5,0,TU
-1004.25,1597,0,TU
3080.25,1597,0,TU
-3305.25,1597.5,0,TU
-1088.75,1597.5,0,TU
-1800.25,1598,0,TU
224.75,1598,0,TU
-3001.25,1599,0,TU
-2449.75,1599,0,TU
-2622.75,1599.5,0,TU
-414.25,1599.5,0,TU
344.75,1599.5,0,TU
1781.25,1599.5,0,TU
3261.75,1599.5,0,TU
1437.25,1600,0,TU
-2576.75,1600.5,0,TU
1586.25,1600.5,0,TU
-3184.25,1601,0,TU
1105.75,1601,0,TU
-2485.25,1601.5,0,TU
1384.25,1602,0,TU
3182.75,1602,0,TU
-102.75,1602.5,0,TU
179.75,1603.5,0,TU
-2602.25,1604,0,TU
-1156.75,1604.5,0,TU
-1023.75,1604.5,0,TU
319.25,1605,0,TU
-917.75,1605.5,0,TU
3469.25,1605.5,0,TU
-1998.25,1606,0,TU
-177.75,1606,0,TU
1461.75,1606,0,TU
-2386.25,1606.5,0,TU
-807.25,1606.5,0,TU
-3362.75,1607,0,TU
3587.25,1607,0,TU
438.75,1608,0,TU
3549.25,1608.5,0,TU
-2440.25,1609,0,TU
-56.75,1609,0,TU
3377.25,1609.5,0,TU
-3141.75,1610,0,TU
-738.25,1610,0,TU
-376.25,1610,0,TU
-2901.75,1610.5,0,TU
-828.75,1610.5,0,TU
-3106.25,1611.5,0,TU
-3026.75,1611.5,0,TU
502.75,1612,0,TU
-3080.25,1612.5,0,TU
-2855.25,1612.5,0,TU
-2421.75,1613.5,0,TU
2073.25,1614.5,0,TU
-2952.25,1615,0,TU
403.25,1615.5,0,TU
-1216.75,1616.5,0,TU
1449.75,1617,0,TU
-1840.25,1617.5,0,TU
-198.75,1617.5,0,TU
2032.25,1617.5,0,TU
-3237.25,1618,0,TU
-1916.75,1618,0,TU
-80.75,1618,0,TU
-2032.75,1618.5,0,TU
1155.25,1618.5,0,TU
-2981.75,1619,0,TU
-2184.75,1619,0,TU
-2504.25,1619.5,0,TU
-1268.25,1619.5,0,TU
-960.25,1619.5,0,TU
1119.75,1619.5,0,TU
1904.75,1619.5,0,TU
-402.25,1620,0,TU
1032.25,1620.5,0,TU
2692.25,1620.5,0,TU
-1782.25,1621,0,TU
-135.25,1621.5,0,TU
1988.75,1621.5,0,TU
1759.25,1622,0,TU
-2534.75,1623,0,TU
-160.25,1623,0,TU
-3289.75,1623.5,0,TU
-36.75,1623.5,0,TU
-464.25,1624.5,0,TU
1580.25,1624.5,0,TU
-1136.25,1625,0,TU
1485.25,1625,0,TU
-2358.75,1625.5,0,TU
-650.25,1625.5,0,TU
3606.75,1626,0,TU
-2408.25,1626.5,0,TU
1172.25,1627,0,TU
-3169.75,1628,0,TU
1712.25,1629,0,TU
-3195.75,1630.5,0,TU
-1234.25,1630.5,0,TU
2098.75,1630.5,0,TU
-1110.75,1631.5,0,TU
-3025.25,1632,0,TU
-735.75,1632,0,TU
-2776.25,1632.5,0,TU
-74.25,1632.5,0,TU
-3105.25,1633,0,TU
-2868.75,1633,0,TU
-2043.25,1633,0,TU
-851.25,1633,0,TU
-547.75,1633,0,TU
1810.75,1633,0,TU
370.25,1634,0,TU
1957.75,1634,0,TU
2254.25,1634,0,TU
450.75,1634.5,0,TU
1526.75,1634.5,0,TU
-2964.75,1635.5,0,TU
1787.25,1636,0,TU
-2932.25,1636.5,0,TU
-2487.75,1636.5,0,TU
2052.75,1637,0,TU
-365.75,1637.5,0,TU
2672.25,1638.5,0,TU
3228.75,1638.5,0,TU
-2218.75,1639.5,0,TU
1296.75,1639.5,0,TU
2165.25,1639.5,0,TU
2235.25,1640,0,TU
-3339.75,1641.5,0,TU
-2565.25,1641.5,0,TU
-749.75,1641.5,0,TU
3281.25,1641.5,0,TU
3628.75,1641.5,0,TU
593.25,1642,0,TU
2606.25,1642,0,TU
490.75,1642.5,0,TU
-3127.75,1643.5,0,TU
2588.75,1643.5,0,TU
-3282.25,1644,0,TU
-973.75,1644,0,TU
-63.25,1644,0,TU
1692.75,1644,0,TU
-1810.25,1644.5,0,TU
1825.25,1644.5,0,TU
2737.75,1644.5,0,TU
-2428.75,1645.5,0,TU
-715.75,1645.5,0,TU
1497.75,1646.5,0,TU
370.75,1647,0,TU
-2734.25,1647.5,0,TU
2368.25,1648.5,0,TU
-505.25,1649,0,TU
1875.75,1650,0,TU
-1208.75,1650.5,0,TU
1444.75,1650.5,0,TU
848.25,1651,0,TU
290.75,1651.5,0,TU
3372.25,1652,0,TU
-2211.75,1652.5,0,TU
-1235.75,1652.5,0,TU
-292.25,1652.5,0,TU
137.25,1653.5,0,TU
-1973.25,1654,0,TU
165.75,1654,0,TU
-218.25,1654.5,0,TU
110.75,1654.5,0,TU
-2618.75,1655,0,TU
-2382.75,1655,0,TU
-2032.25,1655,0,TU
2023.25,1655,0,TU
3572.75,1655,0,TU
-824.25,1656.5,0,TU
465.25,1656.5,0,TU
1861.75,1656.5,0,TU
1651.75,1657,0,TU
1800.25,1657,0,TU
-3056.75,1657.5,0,TU
2600.25,1657.5,0,TU
2214.25,1658,0,TU
-874.25,1658.5,0,TU
-2071.75,1659,0,TU
-943.25,1659,0,TU
-2596.75,1659.5,0,TU
2839.75,1659.5,0,TU
3621.25,1659.5,0,TU
-2405.75,1660,0,TU
-188.75,1660,0,TU
1016.25,1660,0,TU
1844.75,1660,0,TU
-2053.75,1661,0,TU
-2764.75,1661.5,0,TU
-1074.25,1661.5,0,TU
-2966.75,1662.5,0,TU
2799.75,1662.5,0,TU
-3311.25,1663,0,TU
2041.75,1664.5,0,TU
-2739.75,1665,0,TU
-1931.25,1665,0,TU
2456.25,1665.5,0,TU
-703.25,1666,0,TU
-146.75,1666,0,TU
2537.75,1666,0,TU
2676.25,1666,0,TU
1803.75,1666.5,0,TU
2241.25,1666.5,0,TU
-1255.25,1667,0,TU
2190.75,1667.5,0,TU
-2943.25,1668,0,TU
-497.75,1668,0,TU
-2889.25,1668.5,0,TU
-2426.75,1668.5,0,TU
-686.75,1668.5,0,TU
-625.25,1668.5,0,TU
-76.25,1668.5,0,TU
275.25,1668.5,0,TU
3127.25,1669,0,TU
3543.75,1669.5,0,TU
2368.75,1670,0,TU
-1899.75,1670.5,0,TU
299.25,1671,0,TU
-2570.25,1672,0,TU
-2469.25,1672,0,TU
387.75,1672,0,TU
1927.25,1673,0,TU
3472.25,1673,0,TU
227.75,1673.5,0,TU
-1837.75,1674,0,TU
128.75,1674,0,TU
2785.75,1674,0,TU
2147.75,1674.5,0,TU
3450.25,1674.5,0,TU
-2131.75,1675,0,TU
-1804.75,1675,0,TU
-1028.25,1675,0,TU
1329.25,1675.5,0,TU
1638.75,1675.5,0,TU
1984.75,1676,0,TU
-1709.75,1676.5,0,TU
-233.75,1676.5,0,TU
326.25,1676.5,0,TU
481.75,1676.5,0,TU
2064.25,1676.5,0,TU
2737.75,1677,0,TU
-1689.25,1678,0,TU
-471.75,1678,0,TU
3142.25,1678,0,TU
-2727.25,1678.5,0,TU
2522.25,1678.5,0,TU
2508.25,1679,0,TU
-3042.25,1680,0,TU
-2908.75,1680,0,TU
-1242.25,1680.5,0,TU
259.75,1681,0,TU
-2974.25,1681.5,0,TU
1818.25,1682,0,TU
-2679.75,1682.5,0,TU
-1789.75,1683,0,TU
-542.25,1683,0,TU
-985.25,1683.5,0,TU
-714.75,1683.5,0,TU
-2364.25,1684,0,TU
-1182.75,1684,0,TU
-1071.75,1684,0,TU
1741.25,1684,0,TU
2122.25,1684,0,TU
-2029.75,1684.5,0,TU
-824.75,1684.5,0,TU
1661.25,1684.5,0,TU
-2578.25,1685.5,0,TU
-322.75,1685.5,0,TU
3562.75,1685.5,0,TU
-1768.25,1686.5,0,TU
-849.75,1686.5,0,TU
425.25,1686.5,0,TU
1137.75,1686.5,0,TU
1790.75,1687.5,0,TU
-1721.25,1688,0,TU
-2603.25,1688.5,0,TU
-1123.75,1688.5,0,TU
1891.75,1689,0,TU
-2484.25,1689.5,0,TU
107.75,1689.5,0,TU
2069.75,1689.5,0,TU
1509.75,1690,0,TU
2435.75,1690,0,TU
3589.25,1690.5,0,TU
235.25,1691,0,TU
2090.25,1691,0,TU
-2547.75,1691.5,0,TU
456.25,1691.5,0,TU
1705.25,1691.5,0,TU
-590.25,1692,0,TU
368.25,1692,0,TU
-2947.75,1693,0,TU
996.25,1693,0,TU
-2891.75,1694.5,0,TU
-2752.75,1694.5,0,TU
1048.75,1694.5,0,TU
-1919.25,1695,0,TU
-1872.75,1695,0,TU
-1847.25,1695,0,TU
-1032.25,1695,0,TU
-3317.25,1696,0,TU
-171.25,1696,0,TU
815.75,1696.5,0,TU
-2712.25,1697,0,TU
-1554.75,1697,0,TU
-691.75,1697,0,TU
2549.75,1697,0,TU
3367.75,1697,0,TU
-76.25,1698,0,TU
1636.25,1698,0,TU
3637.75,1698,0,TU
-280.25,1698.5,0,TU
2800.25,1698.5,0,TU
-775.25,1699,0,TU
-1096.75,1699.5,0,TU
2873.25,1699.5,0,TU
-1662.25,1700.5,0,TU
-996.25,1701,0,TU
1822.75,1701,0,TU
-2696.25,1701.5,0,TU
164.25,1702,0,TU
2021.75,1702,0,TU
3528.25,1702,0,TU
-1217.75,1702.5,0,TU
-564.25,1703,0,TU
-2051.75,1703.5,0,TU
2054.75,1703.5,0,TU
-2663.75,1704,0,TU
1532.75,1704,0,TU
1673.25,1704,0,TU
-2839.25,1704.5,0,TU
-2351.75,1704.5,0,TU
-1622.25,1704.5,0,TU
-517.75,1704.5,0,TU
-3287.75,1705,0,TU
-348.75,1705,0,TU
3055.75,1705,0,TU
438.75,1705.5,0,TU
2383.75,1705.5,0,TU
-2865.75,1706,0,TU
-1046.25,1706,0,TU
246.75,1706,0,TU
-1163.25,1706.5,0,TU
-714.75,1706.5,0,TU
1607.25,1706.5,0,TU
2204.25,1706.5,0,TU
-2794.25,1707,0,TU
-622.25,1707,0,TU
-221.25,1707,0,TU
-465.75,1707.5,0,TU
-378.25,1707.5,0,TU
1961.75,1707.5,0,TU
-314.25,1708,0,TU
-59.25,1708,0,TU
-2728.75,1708.5,0,TU
-490.25,1708.5,0,TU
1974.25,1708.5,0,TU
1907.25,1709,0,TU
-2394.75,1709.5,0,TU
-2024.75,1709.5,0,TU
136.25,1709.5,0,TU
-3026.75,1710,0,TU
1457.75,1710,0,TU
2608.75,1710,0,TU
1934.25,1710.5,0,TU
-3092.75,1711,0,TU
32.75,1711,0,TU
341.25,1711,0,TU
2145.25,1711,0,TU
690.75,1711.5,0,TU
-2966.25,1712,0,TU
2084.25,1712,0,TU
3647.75,1712,0,TU
-3061.25,1712.5,0,TU
-842.75,1712.5,0,TU
2572.75,1712.5,0,TU
2741.25,1712.5,0,TU
-2979.25,1713,0,TU
-3007.25,1713.5,0,TU
-2473.75,1713.5,0,TU
2362.25,1714.5,0,TU
3283.25,1714.5,0,TU
-1915.75,1716,0,TU
-23.75,1716.5,0,TU
2943.25,1716.5,0,TU
-2449.75,1717.5,0,TU
-2380.25,1717.5,0,TU
-1106.25,1717.5,0,TU
-2951.25,1718,0,TU
-1029.75,1718,0,TU
3181.25,1718,0,TU
-813.75,1718.5,0,TU
1131.75,1718.5,0,TU
-282.75,1719,0,TU
2821.75,1719,0,TU
161.25,1719.5,0,TU
393.75,1719.5,0,TU
-1068.75,1720,0,TU
2696.25,1720,0,TU
-502.25,1720.5,0,TU
-365.75,1720.5,0,TU
373.75,1720.5,0,TU
1818.75,1720.5,0,TU
2032.75,1720.5,0,TU
2056.25,1720.5,0,TU
1629.75,1721,0,TU
1858.75,1721,0,TU
2501.25,1721,0,TU
3221.25,1721,0,TU
-1665.75,1722,0,TU
-2712.75,1722.5,0,TU
254.75,1722.5,0,TU
2583.75,1722.5,0,TU
-2525.75,1723,0,TU
-1579.25,1723,0,TU
-3168.25,1723.5,0,TU
1115.25,1723.5,0,TU
1503.25,1723.5,0,TU
1675.25,1724,0,TU
602.75,1724.5,0,TU
-155.25,1725,0,TU
-2036.25,1725.5,0,TU
-1641.25,1725.5,0,TU
-42.75,1725.5,0,TU
3456.25,1725.5,0,TU
3667.75,1725.5,0,TU
-3132.25,1726,0,TU
3362.75,1726,0,TU
3527.75,1726,0,TU
-2930.75,1726.5,0,TU
-112.75,1726.5,0,TU
2296.75,1726.5,0,TU
3338.25,1726.5,0,TU
-2697.25,1727,0,TU
2765.25,1727,0,TU
3055.25,1727.5,0,TU
3570.25,1727.5,0,TU
109.25,1728,0,TU
1993.25,1728,0,TU
3193.25,1728,0,TU
-2807.75,1728.5,0,TU
1029.25,1728.5,0,TU
1577.25,1728.5,0,TU
1828.25,1728.5,0,TU
3596.75,1728.5,0,TU
-3292.25,1729,0,TU
-235.75,1729,0,TU
-463.25,1729.5,0,TU
1048.25,1730,0,TU
-3248.25,1730.5,0,TU
-1768.75,1730.5,0,TU
-1597.75,1730.5,0,TU
-127.25,1730.5,0,TU
1552.75,1730.5,0,TU
225.25,1731.5,0,TU
918.75,1731.5,0,TU
1955.75,1731.5,0,TU
2117.75,1731.5,0,TU
-2754.25,1732,0,TU
-1894.75,1732,0,TU
2755.25,1732,0,TU
-3334.25,1733,0,TU
-51.25,1733,0,TU
-64.75,1733.5,0,TU
2726.25,1733.5,0,TU
-3192.75,1735,0,TU
423.75,1735,0,TU
-803.25,1735.5,0,TU
2391.25,1736.5,0,TU
-3226.25,1737,0,TU
-931.25,1737,0,TU
-4.25,1737.5,0,TU
-3271.75,1738,0,TU
-3157.75,1738,0,TU
-2825.75,1738,0,TU
-2363.75,1738,0,TU
-1124.75,1738,0,TU
-713.25,1738,0,TU
-680.25,1738,0,TU
-408.75,1738,0,TU
-1045.25,1738.5,0,TU
-276.25,1739,0,TU
1135.25,1739,0,TU
893.25,1739.5,0,TU
2142.25,1740,0,TU
2683.75,1740.5,0,TU
3393.25,1740.5,0,TU
-1567.25,1741,0,TU
160.75,1741,0,TU
1641.25,1741,0,TU
-1927.25,1741.5,0,TU
475.25,1741.5,0,TU
-359.75,1742,0,TU
3615.75,1742,0,TU
-2342.75,1742.5,0,TU
-3319.75,1743,0,TU
-103.25,1743,0,TU
-1064.75,1743.5,0,TU
2037.25,1743.5,0,TU
-1991.75,1744,0,TU
1068.25,1744,0,TU
1778.75,1744,0,TU
2198.25,1744,0,TU
2785.25,1744,0,TU
3646.25,1744,0,TU
371.25,1744.5,0,TU
2061.25,1744.5,0,TU
-2779.75,1745,0,TU
-335.75,1745,0,TU
387.75,1745,0,TU
3305.25,1745,0,TU
2930.75,1746,0,TU
3289.25,1746.5,0,TU
-2999.25,1747,0,TU
-972.25,1747.5,0,TU
-2091.75,1748,0,TU
1479.25,1748.5,0,TU
2613.25,1748.5,0,TU
-1907.25,1749,0,TU
-437.25,1749.5,0,TU
1943.75,1749.5,0,TU
-2853.75,1750,0,TU
-1728.75,1750,0,TU
-2882.75,1750.5,0,TU
-2494.25,1750.5,0,TU
-2002.25,1750.5,0,TU
-1841.75,1750.5,0,TU
-3200.75,1751,0,TU
-1552.25,1751,0,TU
-792.25,1752,0,TU
-2708.75,1752.5,0,TU
-906.75,1752.5,0,TU
-693.25,1752.5,0,TU
1626.75,1752.5,0,TU
2578.75,1752.5,0,TU
-57.25,1753,0,TU
1151.25,1753,0,TU
2224.25,1753,0,TU
-1985.25,1753.5,0,TU
-310.75,1753.5,0,TU
1403.25,1753.5,0,TU
2736.25,1753.5,0,TU
3455.25,1753.5,0,TU
-1794.75,1754,0,TU
1035.25,1754,0,TU
-662.25,1754.5,0,TU
-149.75,1754.5,0,TU
3220.25,1754.5,0,TU
-2548.75,1755,0,TU
-5.75,1755,0,TU
-2311.75,1755.5,0,TU
2169.25,1755.5,0,TU
413.75,1756,0,TU
1761.75,1756.5,0,TU
3424.75,1756.5,0,TU
-2451.25,1758,0,TU
-1815.75,1758,0,TU
2144.75,1758,0,TU
2337.25,1758,0,TU
-2681.75,1758.5,0,TU
-2325.75,1758.5,0,TU
-1642.25,1758.5,0,TU
-3128.75,1759,0,TU
2909.75,1759,0,TU
-1773.25,1759.5,0,TU
-817.25,1759.5,0,TU
2989.75,1759.5,0,TU
-1511.75,1760.5,0,TU
269.25,1761,0,TU
-365.75,1761.5,0,TU
1635.25,1762,0,TU
-2392.25,1762.5,0,TU
-947.75,1762.5,0,TU
799.75,1762.5,0,TU
2724.75,1762.5,0,TU
3647.25,1763,0,TU
-3181.75,1763.5,0,TU
-1565.75,1764.5,0,TU
-401.25,1765,0,TU
-2717.75,1765.5,0,TU
-697.75,1766,0,TU
-2991.75,1766.5,0,TU
-3006.75,1767,0,TU
-1590.25,1767.5,0,TU
-971.25,1767.5,0,TU
-84.25,1767.5,0,TU
3603.75,1767.5,0,TU
-2934.75,1768,0,TU
-340.75,1768,0,TU
431.25,1768,0,TU
2833.25,1768,0,TU
3023.25,1768,0,TU
3479.25,1768,0,TU
3679.25,1768,0,TU
2801.75,1768.5,0,TU
875.25,1769,0,TU
-13.75,1770,0,TU
-2902.75,1770.5,0,TU
-583.25,1770.5,0,TU
2327.75,1770.5,0,TU
-2413.25,1771.5,0,TU
-1028.25,1771.5,0,TU
2402.25,1771.5,0,TU
2590.25,1771.5,0,TU
-438.25,1772,0,TU
2018.75,1772,0,TU
-770.25,1772.5,0,TU
-666.75,1772.5,0,TU
-234.75,1772.5,0,TU
-564.75,1773,0,TU
1150.75,1773,0,TU
1799.75,1773,0,TU
-111.75,1774,0,TU
-41.75,1774,0,TU
-354.75,1774.5,0,TU
-65.25,1775,0,TU
2124.75,1775,0,TU
-2381.25,1775.5,0,TU
-2587.75,1776,0,TU
-2559.75,1776,0,TU
105.75,1776,0,TU
2934.25,1776,0,TU
-2075.25,1777,0,TU
1543.25,1777,0,TU
2730.75,1777,0,TU
3555.75,1777,0,TU
-1835.75,1777.5,0,TU
67.75,1777.5,0,TU
2652.75,1777.5,0,TU
-2668.25,1778,0,TU
2188.25,1778,0,TU
-377.75,1778.5,0,TU
23.75,1778.5,0,TU
-3086.25,1779,0,TU
2581.25,1780,0,TU
-2761.75,1780.5,0,TU
-2602.25,1780.5,0,TU
2749.75,1780.5,0,TU
2166.25,1781,0,TU
3414.25,1781.5,0,TU
3083.25,1782,0,TU
-3129.75,1782.5,0,TU
-2424.75,1782.5,0,TU
2078.25,1782.5,0,TU
-957.75,1783.5,0,TU
2095.75,1783.5,0,TU
-3019.25,1784,0,TU
1531.25,1784.5,0,TU
-3230.25,1785,0,TU
1772.75,1785,0,TU
2772.25,1785,0,TU
-405.75,1785.5,0,TU
-3150.25,1786,0,TU
-679.25,1786.5,0,TU
3240.75,1786.5,0,TU
-2850.75,1787,0,TU
1661.25,1787.5,0,TU
-121.25,1788,0,TU
393.75,1788,0,TU
2141.75,1789,0,TU
2321.75,1789,0,TU
-1861.25,1789.5,0,TU
-1801.75,1789.5,0,TU
3037.25,1789.5,0,TU
-2061.75,1790,0,TU
-1080.75,1790,0,TU
1602.25,1790,0,TU
-2923.25,1790.5,0,TU
-3268.75,1791,0,TU
-2967.75,1791,0,TU
-2482.75,1791,0,TU
2373.25,1791,0,TU
-2332.75,1791.5,0,TU
1940.75,1791.5,0,TU
-2119.75,1792,0,TU
-1984.25,1792,0,TU
2613.25,1792.5,0,TU
-2448.75,1793,0,TU
3502.25,1793,0,TU
-998.75,1793.5,0,TU
217.75,1793.5,0,TU
1685.25,1794,0,TU
2914.25,1794,0,TU
-2003.75,1794.5,0,TU
-1841.25,1794.5,0,TU
-836.25,1794.5,0,TU
-3198.75,1795,0,TU
2830.75,1795,0,TU
2796.75,1795.5,0,TU
-1668.75,1796,0,TU
-1651.25,1796.5,0,TU
2584.75,1796.5,0,TU
-2091.25,1797,0,TU
-1052.75,1797,0,TU
-563.75,1797,0,TU
851.25,1797,0,TU
2460.75,1797,0,TU
-2563.25,1797.5,0,TU
-2321.25,1797.5,0,TU
-67.75,1797.5,0,TU
1789.25,1799,0,TU
1820.75,1799.5,0,TU
3579.25,1799.5,0,TU
-1882.75,1800,0,TU
-704.75,1800,0,TU
759.25,1800,0,TU
-2723.75,1800.5,0,TU
-10.25,1800.5,0,TU
1702.75,1801,0,TU
1903.25,1801,0,TU
2169.25,1801,0,TU
-2398.75,1801.5,0,TU
-1816.75,1801.5,0,TU
164.75,1801.5,0,TU
355.25,1801.5,0,TU
1271.25,1802,0,TU
-667.25,1802.5,0,TU
-377.75,1802.5,0,TU
2639.25,1802.5,0,TU
930.25,1803,0,TU
-592.75,1803.5,0,TU
1332.75,1803.5,0,TU
2558.25,1803.5,0,TU
3458.25,1803.5,0,TU
-106.75,1804.5,0,TU
2430.75,1804.5,0,TU
-1786.75,1805,0,TU
-1688.25,1805,0,TU
1774.75,1805,0,TU
1665.75,1805.5,0,TU
1732.75,1805.5,0,TU
2595.75,1805.5,0,TU
405.75,1806,0,TU
821.25,1806,0,TU
-616.25,1807.5,0,TU
-1955.25,1808,0,TU
-85.25,1808,0,TU
3235.75,1808,0,TU
-2331.25,1808.5,0,TU
-2164.25,1808.5,0,TU
1984.75,1808.5,0,TU
-2657.75,1809,0,TU
2312.25,1809.5,0,TU
74.25,1810,0,TU
3354.25,1810,0,TU
-2980.25,1810.5,0,TU
1313.25,1810.5,0,TU
-554.25,1811,0,TU
2181.25,1811,0,TU
3015.25,1811,0,TU
-2892.75,1811.5,0,TU
2085.25,1811.5,0,TU
-2916.25,1812,0,TU
3597.25,1812,0,TU
-3091.75,1812.5,0,TU
22.25,1812.5,0,TU
238.25,1813,0,TU
1552.25,1813,0,TU
182.75,1813.5,0,TU
1592.75,1813.5,0,TU
-2412.75,1814,0,TU
-679.75,1814,0,TU
526.25,1814,0,TU
1618.25,1814,0,TU
-2281.75,1814.5,0,TU
-2580.25,1815,0,TU
3268.25,1815.5,0,TU
154.75,1816,0,TU
1995.25,1816,0,TU
-99.75,1816.5,0,TU
367.75,1816.5,0,TU
-2478.25,1817,0,TU
-1002.75,1817,0,TU
3534.75,1817,0,TU
-446.75,1817.5,0,TU
315.75,1817.5,0,TU
1903.75,1817.5,0,TU
1950.25,1817.5,0,TU
-3183.75,1818,0,TU
1524.25,1818,0,TU
3673.25,1818.5,0,TU
-3073.25,1819,0,TU
1491.75,1819.5,0,TU
-2862.75,1820,0,TU
341.25,1820,0,TU
-2945.75,1821,0,TU
-850.25,1821,0,TU
1376.25,1821,0,TU
1719.25,1821,0,TU
1920.25,1821,0,TU
2634.75,1821.5,0,TU
3085.25,1821.5,0,TU
3641.75,1821.5,0,TU
-2335.25,1822,0,TU
2924.75,1822,0,TU
3622.75,1822,0,TU
-725.25,1822.5,0,TU
2338.75,1822.5,0,TU
2450.25,1822.5,0,TU
-895.25,1823,0,TU
-11.25,1823,0,TU
1137.25,1823,0,TU
1689.75,1823,0,TU
-2756.25,1823.5,0,TU
-1533.75,1823.5,0,TU
1354.75,1823.5,0,TU
2097.75,1823.5,0,TU
-3214.25,1824.5,0,TU
-2930.75,1824.5,0,TU
-649.75,1824.5,0,TU
1630.25,1825,0,TU
2219.25,1825.5,0,TU
3027.25,1826,0,TU
1836.75,1826.5,0,TU
2192.25,1826.5,0,TU
-914.25,1827,0,TU
-475.25,1827,0,TU
1883.25,1827,0,TU
3244.25,1827,0,TU
3415.25,1827,0,TU
107.25,1827.5,0,TU
-2984.25,1828,0,TU
-582.75,1828,0,TU
2009.75,1828.5,0,TU
-830.75,1829,0,TU
43.75,1829,0,TU
1610.75,1830,0,TU
-2097.25,1830.5,0,TU
-2034.75,1831,0,TU
1789.75,1831,0,TU
7.75,1831.5,0,TU
-2499.25,1832,0,TU
2033.75,1832.5,0,TU
2981.75,1832.5,0,TU
3340.75,1832.5,0,TU
-779.75,1833,0,TU
1470.25,1833,0,TU
-617.75,1833.5,0,TU
2313.75,1833.5,0,TU
961.75,1835,0,TU
1557.75,1835,0,TU
-3267.75,1835.5,0,TU
-2585.75,1836,0,TU
1084.25,1836,0,TU
1267.75,1837,0,TU
2061.75,1837,0,TU
1323.75,1837.5,0,TU
-1649.25,1838,0,TU
-456.75,1838,0,TU
289.25,1838,0,TU
313.25,1838,0,TU
-1779.25,1838.5,0,TU
-2851.75,1839,0,TU
1762.25,1839.5,0,TU
3444.25,1839.5,0,TU
1707.25,1840,0,TU
3589.25,1840,0,TU
-2378.75,1840.5,0,TU
-1009.75,1840.5,0,TU
2643.25,1840.5,0,TU
-2937.75,1841.5,0,TU
-1026.75,1841.5,0,TU
-14.25,1841.5,0,TU
-2749.75,1842,0,TU
-189.25,1842,0,TU
2457.75,1842.5,0,TU
-693.75,1843,0,TU
2343.75,1843.5,0,TU
1298.75,1844,0,TU
-134.75,1845,0,TU
3408.75,1845,0,TU
-3295.25,1846,0,TU
2483.25,1846.5,0,TU
2589.75,1846.5,0,TU
-1977.75,1847,0,TU
-1627.25,1847,0,TU
-862.25,1847,0,TU
-807.25,1847,0,TU
2686.25,1847,0,TU
-2344.25,1847.5,0,TU
275.25,1848,0,TU
2742.75,1848,0,TU
-1813.25,1848.5,0,TU
2207.75,1848.5,0,TU
-3013.25,1849,0,TU
2951.75,1849,0,TU
-659.75,1850,0,TU
-2960.75,1850.5,0,TU
-1529.25,1850.5,0,TU
197.75,1850.5,0,TU
1580.25,1851,0,TU
-3088.75,1851.5,0,TU
1260.75,1852,0,TU
3224.25,1852,0,TU
64.75,1852.5,0,TU
1885.75,1852.5,0,TU
2970.75,1852.5,0,TU
-1424.75,1853,0,TU
3628.25,1853,0,TU
2244.25,1853.5,0,TU
-3027.75,1854,0,TU
362.75,1854,0,TU
2025.75,1854,0,TU
-2317.25,1854.5,0,TU
3438.25,1854.5,0,TU
-2076.75,1855,0,TU
-572.75,1855,0,TU
2430.25,1855,0,TU
-418.75,1855.5,0,TU
2280.75,1855.5,0,TU
-3111.25,1856,0,TU
2061.75,1856,0,TU
2154.75,1856.5,0,TU
2853.75,1856.5,0,TU
-157.25,1857,0,TU
-2749.75,1858,0,TU
-1010.75,1858,0,TU
175.25,1858,0,TU
-2914.25,1858.5,0,TU
-884.25,1858.5,0,TU
-3149.25,1859,0,TU
-597.75,1859,0,TU
2497.75,1859,0,TU
2174.75,1859.5,0,TU
-178.75,1860,0,TU
-2222.25,1860.5,0,TU
-794.25,1860.5,0,TU
-1800.75,1861,0,TU
1468.25,1861,0,TU
-2988.25,1861.5,0,TU
-125.75,1862,0,TU
2822.25,1862,0,TU
381.75,1862.5,0,TU
1133.75,1862.5,0,TU
3660.75,1862.5,0,TU
1599.25,1863,0,TU
3034.75,1863,0,TU
3258.25,1863,0,TU
-1607.25,1863.5,0,TU
3521.75,1864,0,TU
260.25,1864.5,0,TU
49.75,1865,0,TU
85.75,1865.5,0,TU
274.75,1866,0,TU
1806.75,1866,0,TU
2330.75,1866,0,TU
3138.25,1866,0,TU
3322.25,1866,0,TU
3507.75,1866,0,TU
2909.25,1867,0,TU
3191.75,1867,0,TU
-2848.25,1867.5,0,TU
-772.25,1867.5,0,TU
-628.25,1868.5,0,TU
-2740.75,1869.5,0,TU
-1732.75,1869.5,0,TU
-974.25,1869.5,0,TU
1081.75,1869.5,0,TU
-2781.25,1870,0,TU
-2236.75,1870,0,TU
-3106.25,1870.5,0,TU
-1965.75,1870.5,0,TU
-5.25,1870.5,0,TU
1122.75,1871,0,TU
3468.25,1871,0,TU
1483.25,1872,0,TU
2755.25,1872,0,TU
3271.25,1872.5,0,TU
-2436.25,1873,0,TU
162.25,1873.5,0,TU
1775.75,1873.5,0,TU
3240.25,1873.5,0,TU
3427.25,1873.5,0,TU
2310.75,1874,0,TU
3483.25,1874,0,TU
-3085.25,1874.5,0,TU
-2324.75,1874.5,0,TU
-1784.75,1874.5,0,TU
-996.25,1874.5,0,TU
2133.25,1875,0,TU
-853.75,1875.5,0,TU
234.75,1876,0,TU
316.25,1876,0,TU
2804.25,1876,0,TU
146.25,1876.5,0,TU
1299.75,1876.5,0,TU
-3157.75,1877,0,TU
124.25,1877,0,TU
2166.25,1877,0,TU
2439.25,1877,0,TU
3536.75,1877,0,TU
-811.25,1877.5,0,TU
258.25,1877.5,0,TU
2944.75,1877.5,0,TU
3304.25,1878,0,TU
-3011.75,1878.5,0,TU
445.75,1878.5,0,TU
2333.25,1879,0,TU
-2539.25,1879.5,0,TU
-1876.25,1879.5,0,TU
2488.25,1879.5,0,TU
2526.75,1879.5,0,TU
-2821.75,1880,0,TU
-2381.25,1881,0,TU
-2099.75,1881,0,TU
1046.75,1881.5,0,TU
-2287.25,1882,0,TU
1580.75,1882,0,TU
3218.75,1882,0,TU
-521.75,1882.5,0,TU
-50.75,1882.5,0,TU
1796.25,1882.5,0,TU
2004.75,1882.5,0,TU
-2179.75,1883,0,TU
2838.75,1883,0,TU
3144.75,1883,0,TU
-3045.75,1883.5,0,TU
-649.25,1883.5,0,TU
31.75,1883.5,0,TU
-2745.25,1884,0,TU
-1987.75,1884,0,TU
-1766.75,1884.5,0,TU
-1649.25,1884.5,0,TU
1441.75,1884.5,0,TU
-2936.25,1885,0,TU
91.75,1885,0,TU
-434.75,1886,0,TU
3348.75,1886,0,TU
2187.25,1886.5,0,TU
-1523.25,1887,0,TU
2871.75,1887,0,TU
2697.25,1887.5,0,TU
3552.25,1887.5,0,TU
-2402.25,1888,0,TU
3087.75,1888.5,0,TU
3194.25,1888.5,0,TU
3605.25,1888.5,0,TU
-1891.75,1889,0,TU
-2675.25,1890,0,TU
-2259.75,1890,0,TU
-968.75,1890,0,TU
-203.25,1890,0,TU
-2550.75,1891,0,TU
-2343.25,1891,0,TU
-2007.25,1891,0,TU
824.75,1891,0,TU
2896.25,1891.5,0,TU
1376.25,1892,0,TU
-2839.75,1892.5,0,TU
-1636.75,1893,0,TU
2301.25,1893,0,TU
15.25,1894.5,0,TU
1850.75,1894.5,0,TU
721.75,1895,0,TU
2947.75,1895,0,TU
-3058.75,1895.5,0,TU
-2108.25,1895.5,0,TU
1508.25,1896,0,TU
2129.25,1896,0,TU
-174.25,1896.5,0,TU
3530.25,1897,0,TU
-2327.25,1898,0,TU
2324.75,1898,0,TU
3285.25,1898,0,TU
-618.25,1898.5,0,TU
-362.75,1898.5,0,TU
65.25,1899,0,TU
1455.75,1899,0,TU
1732.75,1899,0,TU
-3017.25,1900,0,TU
1706.25,1900,0,TU
2670.75,1900,0,TU
282.75,1900.5,0,TU
2084.75,1900.5,0,TU
2550.25,1901,0,TU
3596.25,1901,0,TU
-2895.75,1901.5,0,TU
2780.25,1901.5,0,TU
-3215.75,1902,0,TU
-2499.25,1902,0,TU
-1665.75,1902,0,TU
-3085.25,1903,0,TU
-1991.75,1903,0,TU
-908.25,1903.5,0,TU
264.75,1904,0,TU
1074.75,1904.5,0,TU
-864.25,1905,0,TU
-469.75,1905,0,TU
1797.25,1905,0,TU
-2020.75,1905.5,0,TU
-713.25,1905.5,0,TU
-201.75,1906,0,TU
3266.25,1906,0,TU
3428.25,1906,0,TU
3475.25,1906,0,TU
-504.25,1906.5,0,TU
-405.75,1906.5,0,TU
-2928.75,1907,0,TU
-1546.75,1907,0,TU
957.25,1907.5,0,TU
3348.25,1907.5,0,TU
2043.25,1908,0,TU
3455.75,1909,0,TU
1581.75,1909.5,0,TU
1915.25,1909.5,0,TU
-451.25,1910,0,TU
3251.75,1910,0,TU
-1426.75,1910.5,0,TU
1956.75,1910.5,0,TU
1670.25,1911,0,TU
-0.75,1911.5,0,TU
-2226.75,1912,0,TU
2171.25,1912,0,TU
2246.25,1912.5,0,TU
-3232.75,1913,0,TU
-2440.75,1913,0,TU
1345.25,1913,0,TU
-1600.25,1913.5,0,TU
-643.25,1914,0,TU
-1843.75,1914.5,0,TU
522.25,1914.5,0,TU
1599.25,1914.5,0,TU
-356.75,1915,0,TU
2345.25,1915,0,TU
1411.75,1915.5,0,TU
1853.25,1915.5,0,TU
-220.25,1916,0,TU
-2819.75,1916.5,0,TU
-2764.75,1916.5,0,TU
-741.25,1916.5,0,TU
1280.25,1917,0,TU
-3047.25,1917.5,0,TU
-688.25,1917.5,0,TU
3081.75,1917.5,0,TU
-305.25,1918,0,TU
1305.75,1918,0,TU
-889.75,1918.5,0,TU
1527.75,1919,0,TU
3530.25,1919,0,TU
-2318.25,1919.5,0,TU
-2299.25,1919.5,0,TU
-474.25,1920,0,TU
1728.75,1920,0,TU
3551.25,1921,0,TU
1569.75,1921.5,0,TU
2073.75,1921.5,0,TU
2486.75,1921.5,0,TU
-2039.25,1922,0,TU
2206.75,1922,0,TU
2850.75,1922,0,TU
-658.75,1922.5,0,TU
626.25,1922.5,0,TU
137.25,1923,0,TU
496.75,1923,0,TU
-1621.25,1923.5,0,TU
2714.75,1923.5,0,TU
-2066.75,1924,0,TU
253.25,1924,0,TU
807.25,1924.5,0,TU
1092.75,1924.5,0,TU
1753.75,1924.5,0,TU
-2937.75,1925,0,TU
-578.75,1925,0,TU
1435.75,1925.5,0,TU
-2346.25,1926,0,TU
-1576.75,1926,0,TU
1366.25,1926,0,TU
1817.75,1926,0,TU
-1677.75,1926.5,0,TU
-431.75,1927.5,0,TU
-3126.75,1928,0,TU
-1549.25,1928.5,0,TU
-2858.75,1929,0,TU
-3213.75,1930,0,TU
-404.25,1930.5,0,TU
1330.25,1930.5,0,TU
-2786.75,1931.5,0,TU
-78.75,1931.5,0,TU
-2225.25,1932.5,0,TU
210.75,1932.5,0,TU
-2828.75,1933,0,TU
-2801.25,1933,0,TU
767.75,1933,0,TU
1938.75,1933,0,TU
1711.25,1933.5,0,TU
2464.75,1933.5,0,TU
2680.25,1933.5,0,TU
-3073.25,1934,0,TU
-2559.25,1934,0,TU
-1951.75,1934,0,TU
-2713.25,1935.5,0,TU
-2689.75,1935.5,0,TU
2447.25,1936,0,TU
2728.25,1936,0,TU
3247.75,1936,0,TU
-2898.25,1936.5,0,TU
2401.75,1936.5,0,TU
1998.25,1937.5,0,TU
2937.75,1937.5,0,TU
-1818.25,1938,0,TU
-1412.25,1938,0,TU
-11.25,1938,0,TU
1539.25,1938,0,TU
2574.25,1938.5,0,TU
-2382.25,1939,0,TU
-2197.25,1939,0,TU
-586.25,1939,0,TU
-237.75,1939,0,TU
-2086.75,1939.5,0,TU
-3091.75,1940,0,TU
583.25,1940,0,TU
2494.25,1940.5,0,TU
-259.75,1941.5,0,TU
1565.75,1941.5,0,TU
2181.25,1941.5,0,TU
-1559.75,1942,0,TU
-305.75,1942,0,TU
2264.25,1942,0,TU
-1774.75,1942.5,0,TU
-363.25,1943,0,TU
1675.25,1943,0,TU
-2328.75,1943.5,0,TU
3528.25,1943.5,0,TU
-1630.25,1945,0,TU
2279.25,1945,0,TU
2605.75,1945,0,TU
-727.25,1945.5,0,TU
-2741.25,1946.5,0,TU
3417.75,1947,0,TU
-866.75,1947.5,0,TU
1118.25,1947.5,0,TU
2055.25,1947.5,0,TU
3435.25,1947.5,0,TU
-1486.75,1948,0,TU
2745.75,1948,0,TU
-2915.75,1948.5,0,TU
2338.75,1948.5,0,TU
-2854.25,1949,0,TU
792.75,1949,0,TU
1979.75,1949,0,TU
3666.25,1950,0,TU
-2641.75,1950.5,0,TU
1788.75,1950.5,0,TU
-2441.25,1951,0,TU
2322.75,1951,0,TU
-2821.75,1952.5,0,TU
-101.75,1953,0,TU
646.75,1953,0,TU
-2891.25,1953.5,0,TU
-1929.25,1953.5,0,TU
92.75,1953.5,0,TU
2042.75,1953.5,0,TU
-2213.75,1954,0,TU
821.25,1954,0,TU
-539.75,1954.5,0,TU
1329.25,1954.5,0,TU
2197.75,1955,0,TU
-715.75,1955.5,0,TU
2625.25,1955.5,0,TU
-492.75,1956,0,TU
1733.25,1956,0,TU
-2785.75,1957,0,TU
115.75,1957,0,TU
-1470.75,1957.5,0,TU
-406.75,1957.5,0,TU
2873.75,1957.5,0,TU
-1598.75,1958,0,TU
1097.25,1958,0,TU
1507.75,1958,0,TU
-1672.25,1958.5,0,TU
-1527.25,1958.5,0,TU
-365.25,1958.5,0,TU
2924.75,1959,0,TU
37.25,1959.5,0,TU
-643.75,1960,0,TU
-21.75,1960.5,0,TU
1695.75,1960.5,0,TU
-1625.25,1961,0,TU
-2071.25,1961.5,0,TU
-295.25,1961.5,0,TU
220.75,1961.5,0,TU
2000.75,1961.5,0,TU
2846.75,1961.5,0,TU
7.75,1962.5,0,TU
2704.25,1962.5,0,TU
-126.25,1963,0,TU
1212.75,1963,0,TU
1804.25,1963,0,TU
-768.75,1963.5,0,TU
62.25,1963.5,0,TU
1264.25,1963.5,0,TU
-2927.25,1964.5,0,TU
2660.25,1964.5,0,TU
-2289.25,1965,0,TU
3020.75,1965.5,0,TU
2298.25,1966,0,TU
-2976.25,1966.5,0,TU
2180.75,1966.5,0,TU
2774.25,1966.5,0,TU
-1549.75,1967,0,TU
3141.75,1967.5,0,TU
-3177.75,1968,0,TU
-2632.25,1968,0,TU
3154.75,1968,0,TU
-2752.75,1968.5,0,TU
1893.25,1968.5,0,TU
2734.25,1969,0,TU
1107.25,1969.5,0,TU
1395.75,1969.5,0,TU
-2030.25,1970,0,TU
2947.25,1970,0,TU
3070.75,1970,0,TU
1362.25,1970.5,0,TU
3627.25,1970.5,0,TU
-2891.25,1971,0,TU
-3044.75,1971.5,0,TU
-567.75,1971.5,0,TU
-2250.75,1973.5,0,TU
-1660.75,1973.5,0,TU
-742.75,1973.5,0,TU
-103.75,1973.5,0,TU
1316.75,1973.5,0,TU
1774.75,1973.5,0,TU
-2568.25,1974,0,TU
1868.25,1975,0,TU
-1592.25,1975.5,0,TU
-808.25,1975.5,0,TU
3195.75,1975.5,0,TU
-407.25,1976,0,TU
-2191.75,1976.5,0,TU
-349.75,1976.5,0,TU
2221.75,1977,0,TU
-495.75,1978,0,TU
1636.25,1979,0,TU
2999.75,1979,0,TU
-2509.75,1980,0,TU
1621.25,1980,0,TU
-2411.75,1980.5,0,TU
-2721.25,1981.5,0,TU
1088.25,1981.5,0,TU
3038.75,1981.5,0,TU
-2786.25,1982,0,TU
-2766.25,1982,0,TU
40.25,1982.5,0,TU
185.75,1982.5,0,TU
1517.75,1982.5,0,TU
2628.25,1982.5,0,TU
18.25,1983,0,TU
-2539.25,1983.5,0,TU
3266.75,1983.5,0,TU
-2820.75,1984.5,0,TU
-539.75,1985,0,TU
1533.75,1985,0,TU
-2958.75,1985.5,0,TU
3082.75,1985.5,0,TU
1119.75,1986,0,TU
1698.25,1986,0,TU
1976.75,1986,0,TU
-127.75,1986.5,0,TU
2771.25,1986.5,0,TU
3058.25,1986.5,0,TU
-298.75,1987.5,0,TU
-2844.75,1988,0,TU
2333.25,1988,0,TU
-2913.75,1988.5,0,TU
-2048.75,1988.5,0,TU
-3005.75,1989,0,TU
-2213.25,1989,0,TU
2065.75,1989,0,TU
-1924.75,1989.5,0,TU
-172.75,1989.5,0,TU
3589.75,1989.5,0,TU
1796.75,1990,0,TU
-651.25,1990.5,0,TU
-2064.75,1991,0,TU
-380.25,1991,0,TU
1058.25,1991,0,TU
-3032.25,1992,0,TU
1909.75,1992,0,TU
-480.75,1992.5,0,TU
3646.25,1992.5,0,TU
-3016.75,1993,0,TU
-2523.25,1993.5,0,TU
-196.25,1993.5,0,TU
1272.75,1993.5,0,TU
1587.25,1993.5,0,TU
65.75,1994,0,TU
-2976.75,1994.5,0,TU
410.75,1994.5,0,TU
1222.75,1994.5,0,TU
-3141.25,1995,0,TU
-1869.75,1995,0,TU
1195.25,1995,0,TU
1937.75,1995,0,TU
-1904.25,1995.5,0,TU
2943.25,1995.5,0,TU
-149.75,1996,0,TU
-2332.75,1996.5,0,TU
-2262.75,1996.5,0,TU
2156.25,1997,0,TU
2322.25,1997,0,TU
2750.25,1998,0,TU
-2287.25,1998.5,0,TU
2655.75,1998.5,0,TU
-2568.75,1999,0,TU
-15.75,1999,0,TU
-2418.25,1999.5,0,TU
-437.25,1999.5,0,TU
-2756.25,2001,0,TU
-2194.25,2001,0,TU
-2470.75,2001.5,0,TU
2269.25,2002,0,TU
-2500.75,2003,0,TU
1741.25,2003,0,TU
-2692.25,2003.5,0,TU
-3095.25,2004,0,TU
659.25,2004.5,0,TU
2343.75,2004.5,0,TU
2519.25,2004.5,0,TU
-241.25,2005,0,TU
173.25,2005,0,TU
-2659.25,2005.5,0,TU
1367.75,2005.5,0,TU
1484.75,2005.5,0,TU
3526.25,2005.5,0,TU
-2781.25,2006,0,TU
881.75,2006,0,TU
1417.75,2006,0,TU
-167.75,2006.5,0,TU
2233.25,2006.5,0,TU
2287.25,2006.5,0,TU
1957.75,2007,0,TU
-563.75,2007.5,0,TU
1830.75,2008,0,TU
2605.75,2008,0,TU
687.25,2008.5,0,TU
2474.25,2008.5,0,TU
1020.75,2009,0,TU
1716.75,2009,0,TU
3276.75,2009,0,TU
2846.25,2009.5,0,TU
-1917.25,2010,0,TU
-866.25,2010.5,0,TU
-678.75,2010.5,0,TU
2985.25,2010.5,0,TU
1210.25,2011.5,0,TU
1251.25,2011.5,0,TU
-2061.25,2012.5,0,TU
156.75,2012.5,0,TU
-198.25,2013,0,TU
1685.25,2013.5,0,TU
-326.25,2014,0,TU
2740.75,2014,0,TU
266.75,2014.5,0,TU
1445.25,2015.5,0,TU
-2588.25,2016,0,TU
-894.25,2016,0,TU
3400.25,2016,0,TU
-2486.25,2016.5,0,TU
-2281.75,2016.5,0,TU
-607.25,2017.5,0,TU
3152.25,2017.5,0,TU
-3115.25,2018.5,0,TU
-2975.75,2018.5,0,TU
-2548.25,2018.5,0,TU
3164.75,2018.5,0,TU
-2731.75,2019,0,TU
2330.25,2019,0,TU
1428.25,2019.5,0,TU
2282.75,2020.5,0,TU
-2411.75,2021.5,0,TU
1920.75,2021.5,0,TU
2946.25,2021.5,0,TU
15.75,2022,0,TU
2964.75,2022,0,TU
1593.25,2022.5,0,TU
-3093.75,2023.5,0,TU
-2468.75,2023.5,0,TU
1105.25,2023.5,0,TU
3500.25,2023.5,0,TU
3534.75,2023.5,0,TU
-2392.75,2024,0,TU
-2355.75,2024,0,TU
-2810.75,2024.5,0,TU
82.75,2024.5,0,TU
-2668.75,2025.5,0,TU
-2626.75,2025.5,0,TU
964.25,2025.5,0,TU
1521.25,2025.5,0,TU
-2200.25,2026.5,0,TU
-1728.75,2026.5,0,TU
1876.25,2027.5,0,TU
-2264.75,2028,0,TU
-819.25,2028,0,TU
168.75,2028,0,TU
-2684.25,2028.5,0,TU
1345.75,2028.5,0,TU
-2297.25,2029,0,TU
-433.75,2029.5,0,TU
-2317.25,2030,0,TU
2459.25,2030,0,TU
3085.25,2030,0,TU
-2126.75,2030.5,0,TU
-1668.25,2031,0,TU
1378.25,2031,0,TU
2399.25,2031.5,0,TU
2321.75,2032,0,TU
2244.75,2032.5,0,TU
2500.75,2033,0,TU
-3089.75,2033.5,0,TU
1830.75,2033.5,0,TU
-2757.75,2034,0,TU
-842.75,2034.5,0,TU
1123.25,2034.5,0,TU
1943.25,2034.5,0,TU
-505.75,2035,0,TU
2915.75,2035,0,TU
-1905.25,2035.5,0,TU
2697.25,2036,0,TU
2864.25,2036,0,TU
-2592.25,2036.5,0,TU
-24.75,2036.5,0,TU
3030.25,2036.5,0,TU
-766.25,2037,0,TU
-682.75,2037,0,TU
1439.75,2037,0,TU
1865.75,2037,0,TU
-2490.75,2037.5,0,TU
-210.25,2037.5,0,TU
-2441.75,2038,0,TU
-1922.75,2038,0,TU
-802.75,2038,0,TU
-532.75,2038,0,TU
1930.75,2038,0,TU
2950.25,2038,0,TU
3064.75,2038,0,TU
31.75,2038.5,0,TU
1326.75,2040,0,TU
-574.75,2041,0,TU
-594.75,2041.5,0,TU
802.75,2041.5,0,TU
2109.75,2041.5,0,TU
3090.25,2041.5,0,TU
-1934.75,2043,0,TU
2654.25,2043,0,TU
1458.75,2043.5,0,TU
2296.75,2043.5,0,TU
2228.75,2044.5,0,TU
2847.75,2044.5,0,TU
3519.75,2044.5,0,TU
-2857.25,2045,0,TU
-2828.75,2045,0,TU
-64.75,2045,0,TU
-2018.25,2045.5,0,TU
-1873.75,2045.5,0,TU
-485.75,2045.5,0,TU
130.75,2045.5,0,TU
2559.75,2046,0,TU
-2197.25,2046.5,0,TU
494.25,2046.5,0,TU
-2256.75,2047,0,TU
299.25,2047,0,TU
2994.75,2047,0,TU
-2518.75,2047.5,0,TU
-1819.75,2047.5,0,TU
92.25,2047.5,0,TU
2339.75,2047.5,0,TU
-2337.75,2048,0,TU
-1963.75,2048,0,TU
1218.25,2049,0,TU
-3114.75,2049.5,0,TU
-2701.75,2049.5,0,TU
-819.75,2049.5,0,TU
2410.25,2049.5,0,TU
-3008.25,2050.5,0,TU
-2044.75,2050.5,0,TU
1818.75,2050.5,0,TU
-2293.75,2051,0,TU
721.75,2051,0,TU
-3095.75,2051.5,0,TU
-506.75,2051.5,0,TU
1936.75,2051.5,0,TU
2906.75,2051.5,0,TU
-2646.25,2052,0,TU
-2232.75,2052,0,TU
-454.75,2052,0,TU
2883.25,2052,0,TU
2126.75,2052.5,0,TU
-2547.75,2053,0,TU
-807.25,2053.5,0,TU
-399.75,2053.5,0,TU
1340.75,2053.5,0,TU
1884.75,2053.5,0,TU
-2672.75,2055,0,TU
-98.75,2055,0,TU
2069.75,2055,0,TU
2278.75,2055,0,TU
-2580.25,2056.5,0,TU
-2153.25,2056.5,0,TU
179.25,2057,0,TU
-3059.75,2057.5,0,TU
-1693.25,2057.5,0,TU
1984.25,2058,0,TU
2861.25,2058.5,0,TU
-3000.75,2060.5,0,TU
-2055.75,2061,0,TU
937.25,2061,0,TU
1378.25,2061.5,0,TU
2747.75,2061.5,0,TU
3508.25,2061.5,0,TU
-287.25,2062,0,TU
1853.75,2062,0,TU
-64.75,2063,0,TU
10.25,2063,0,TU
3180.75,2063,0,TU
1580.75,2063.5,0,TU
85.75,2064,0,TU
3455.75,2064.5,0,TU
-2011.25,2065,0,TU
1400.75,2065,0,TU
1720.75,2065,0,TU
-829.75,2065.5,0,TU
3083.75,2065.5,0,TU
3132.25,2065.5,0,TU
-2090.25,2066,0,TU
2157.75,2066.5,0,TU
-2851.75,2067,0,TU
-2803.75,2067,0,TU
403.25,2067,0,TU
-3030.25,2067.5,0,TU
-2538.25,2067.5,0,TU
-1959.25,2067.5,0,TU
1475.75,2067.5,0,TU
1658.75,2067.5,0,TU
1679.25,2067.5,0,TU
3480.25,2067.5,0,TU
-2140.25,2068,0,TU
-2663.25,2068.5,0,TU
-1802.25,2068.5,0,TU
-1420.75,2068.5,0,TU
2528.25,2068.5,0,TU
-1780.75,2069,0,TU
-2681.75,2069.5,0,TU
-2404.75,2069.5,0,TU
-790.25,2070,0,TU
1945.75,2070,0,TU
1611.75,2070.5,0,TU
-2243.25,2071,0,TU
3335.75,2071,0,TU
-2382.25,2071.5,0,TU
-2325.25,2072,0,TU
-495.75,2072,0,TU
2734.75,2072.5,0,TU
-2914.25,2073,0,TU
-2022.25,2074,0,TU
-512.75,2074,0,TU
2884.75,2074,0,TU
1024.75,2074.5,0,TU
2902.25,2075.5,0,TU
-1476.75,2076,0,TU
40.25,2076,0,TU
2241.25,2076.5,0,TU
-447.75,2077,0,TU
-2858.75,2077.5,0,TU
-720.75,2077.5,0,TU
2290.75,2077.5,0,TU
3680.25,2077.5,0,TU
764.75,2078,0,TU
-2700.25,2078.5,0,TU
-1763.75,2078.5,0,TU
-644.25,2078.5,0,TU
95.25,2078.5,0,TU
69.25,2079,0,TU
267.25,2079,0,TU
2458.75,2079,0,TU
980.25,2079.5,0,TU
-2482.75,2080,0,TU
-484.25,2080,0,TU
-172.75,2080,0,TU
-2763.75,2080.5,0,TU
-1444.75,2080.5,0,TU
-961.75,2080.5,0,TU
463.75,2080.5,0,TU
1826.75,2080.5,0,TU
-2175.75,2081,0,TU
2647.75,2081.5,0,TU
3151.75,2082,0,TU
1594.25,2082.5,0,TU
3043.25,2082.5,0,TU
-2578.75,2083,0,TU
-233.25,2083,0,TU
1813.25,2083,0,TU
3478.75,2083,0,TU
-1987.75,2083.5,0,TU
2910.75,2083.5,0,TU
-540.75,2084,0,TU
1671.25,2084,0,TU
2678.25,2084,0,TU
2852.25,2084,0,TU
-289.75,2084.5,0,TU
3424.75,2084.5,0,TU
250.75,2085,0,TU
-2220.25,2085.5,0,TU
1326.25,2085.5,0,TU
2069.25,2086,0,TU
2975.25,2086,0,TU
-2283.25,2086.5,0,TU
-1847.75,2086.5,0,TU
-1390.75,2086.5,0,TU
-2851.25,2087,0,TU
-839.25,2087,0,TU
-2872.75,2088,0,TU
-2451.25,2088.5,0,TU
-2405.25,2088.5,0,TU
-421.25,2088.5,0,TU
-249.75,2088.5,0,TU
13.75,2088.5,0,TU
-2837.25,2089,0,TU
2751.25,2089.5,0,TU
-2377.75,2090.5,0,TU
-1721.25,2090.5,0,TU
-1109.25,2090.5,0,TU
1649.25,2090.5,0,TU
2772.25,2090.5,0,TU
3178.75,2090.5,0,TU
-2591.75,2092.5,0,TU
-2351.25,2093,0,TU
-2036.75,2093,0,TU
-1868.25,2093,0,TU
-932.75,2094,0,TU
1092.25,2094,0,TU
850.75,2095,0,TU
1297.25,2095,0,TU
1403.75,2095,0,TU
-2015.75,2095.5,0,TU
2178.25,2095.5,0,TU
2481.75,2095.5,0,TU
-705.75,2096,0,TU
-390.75,2096,0,TU
3017.75,2096,0,TU
260.25,2096.5,0,TU
1421.25,2097,0,TU
-2971.25,2097.5,0,TU
-2904.25,2097.5,0,TU
-2112.25,2097.5,0,TU
-735.75,2097.5,0,TU
-1407.75,2098,0,TU
-471.25,2098,0,TU
1706.25,2098,0,TU
2082.25,2098,0,TU
3446.25,2098,0,TU
1025.75,2098.5,0,TU
2923.75,2098.5,0,TU
3466.25,2098.5,0,TU
-2746.25,2099,0,TU
-2178.75,2099.5,0,TU
2446.25,2099.5,0,TU
1079.25,2100,0,TU
-2576.75,2100.5,0,TU
-2695.75,2101,0,TU
3429.75,2101,0,TU
-278.25,2101.5,0,TU
1271.75,2101.5,0,TU
2033.75,2102.5,0,TU
-975.25,2103,0,TU
2210.25,2103,0,TU
2256.75,2103.5,0,TU
2569.75,2103.5,0,TU
-1357.75,2104,0,TU
-1337.75,2104,0,TU
-813.75,2104,0,TU
1121.75,2104,0,TU
1495.25,2104,0,TU
1524.25,2104.5,0,TU
-2671.25,2105.5,0,TU
-1636.25,2105.5,0,TU
2054.75,2105.5,0,TU
-2281.75,2106,0,TU
-1995.75,2106,0,TU
1558.75,2106,0,TU
1818.25,2106,0,TU
-2894.25,2106.5,0,TU
1765.25,2107,0,TU
-2392.75,2108,0,TU
-1002.25,2108,0,TU
-356.25,2108,0,TU
18.25,2108.5,0,TU
384.75,2109,0,TU
3007.75,2109.5,0,TU
1395.25,2110,0,TU
3485.25,2110,0,TU
-535.75,2110.5,0,TU
-2649.25,2111,0,TU
-2154.25,2111,0,TU
-375.75,2111,0,TU
974.75,2111,0,TU
1791.25,2111,0,TU
-2987.75,2111.5,0,TU
-1034.75,2111.5,0,TU
-834.25,2111.5,0,TU
250.25,2111.5,0,TU
1096.75,2112,0,TU
2510.75,2113,0,TU
-935.75,2114.5,0,TU
1199.25,2114.5,0,TU
2760.75,2114.5,0,TU
3503.75,2115,0,TU
-1914.75,2115.5,0,TU
1966.75,2115.5,0,TU
2883.75,2115.5,0,TU
3315.75,2115.5,0,TU
1991.75,2117,0,TU
-2221.75,2117.5,0,TU
-2342.25,2118,0,TU
-1082.25,2118,0,TU
-309.25,2119,0,TU
-2969.25,2119.5,0,TU
1156.75,2119.5,0,TU
2207.75,2119.5,0,TU
2925.25,2119.5,0,TU
-2834.25,2120,0,TU
-654.25,2120,0,TU
867.75,2120,0,TU
2240.25,2120,0,TU
2303.25,2120,0,TU
36.25,2121.5,0,TU
2803.75,2121.5,0,TU
-982.75,2122.5,0,TU
-873.75,2122.5,0,TU
-25.75,2122.5,0,TU
2174.75,2122.5,0,TU
2865.25,2122.5,0,TU
2041.25,2123,0,TU
-2250.25,2123.5,0,TU
-433.25,2123.5,0,TU
-2581.75,2124,0,TU
3073.25,2124,0,TU
1122.75,2124.5,0,TU
-765.25,2125,0,TU
1169.75,2125,0,TU
2145.75,2125,0,TU
2072.75,2125.5,0,TU
2977.25,2125.5,0,TU
-1331.25,2126,0,TU
-2118.75,2126.5,0,TU
2272.25,2126.5,0,TU
2779.75,2126.5,0,TU
-2333.25,2127.5,0,TU
1348.25,2127.5,0,TU
-967.25,2128,0,TU
-729.75,2128,0,TU
-232.75,2128.5,0,TU
-367.25,2129.5,0,TU
1614.75,2130,0,TU
-2307.25,2131,0,TU
2463.75,2131,0,TU
-2511.75,2131.5,0,TU
-2265.75,2131.5,0,TU
2331.25,2131.5,0,TU
-2380.75,2132,0,TU
-1029.75,2132,0,TU
2284.75,2132,0,TU
-660.75,2133,0,TU
-2355.75,2133.5,0,TU
-2101.25,2133.5,0,TU
-2539.25,2134,0,TU
1778.75,2134,0,TU
63.75,2134.5,0,TU
3213.25,2134.5,0,TU
-2228.25,2135,0,TU
-626.25,2135,0,TU
1372.75,2135,0,TU
-1072.25,2135.5,0,TU
-2827.75,2136,0,TU
-133.25,2136.5,0,TU
-2687.25,2137,0,TU
2868.25,2137,0,TU
-177.75,2138,0,TU
260.25,2138.5,0,TU
1997.75,2138.5,0,TU
-2288.75,2139,0,TU
-536.75,2139,0,TU
-1087.25,2139.5,0,TU
-971.75,2139.5,0,TU
-96.75,2139.5,0,TU
876.25,2139.5,0,TU
-2453.25,2140,0,TU
1209.75,2140.5,0,TU
1622.25,2140.5,0,TU
2063.25,2140.5,0,TU
-449.75,2141,0,TU
2750.25,2141,0,TU
2899.75,2141,0,TU
2129.75,2141.5,0,TU
699.75,2142,0,TU
2799.25,2142,0,TU
1327.75,2143.5,0,TU
3034.75,2143.5,0,TU
-600.75,2144,0,TU
250.25,2144,0,TU
1884.25,2144.5,0,TU
3015.75,2144.5,0,TU
-1810.75,2146,0,TU
3506.25,2146.5,0,TU
-1869.25,2147,0,TU
2814.75,2147,0,TU
-2915.25,2147.5,0,TU
-2176.25,2147.5,0,TU
-2062.25,2148,0,TU
1950.75,2148,0,TU
2426.25,2148,0,TU
-2611.25,2148.5,0,TU
-1326.75,2148.5,0,TU
1281.25,2148.5,0,TU
-2144.75,2149,0,TU
-479.25,2149,0,TU
1354.75,2149,0,TU
3088.75,2149,0,TU
-401.25,2149.5,0,TU
976.25,2150,0,TU
-2115.75,2150.5,0,TU
-272.25,2150.5,0,TU
-437.25,2151,0,TU
-2076.75,2151.5,0,TU
1996.75,2151.5,0,TU
-2743.75,2152,0,TU
1188.25,2152.5,0,TU
2916.25,2152.5,0,TU
2267.25,2153,0,TU
2670.25,2153,0,TU
1380.75,2154,0,TU
162.75,2155,0,TU
3200.75,2155,0,TU
1500.25,2155.5,0,TU
2036.75,2155.5,0,TU
2204.75,2155.5,0,TU
3481.25,2155.5,0,TU
-2372.25,2156,0,TU
-287.75,2156.5,0,TU
3000.25,2156.5,0,TU
-1775.75,2157.5,0,TU
-2338.25,2158.5,0,TU
859.25,2158.5,0,TU
-577.75,2159,0,TU
-363.75,2159,0,TU
1524.75,2159,0,TU
-2400.75,2159.5,0,TU
-997.25,2159.5,0,TU
1224.25,2159.5,0,TU
-2867.25,2160,0,TU
-510.25,2160,0,TU
-131.75,2160,0,TU
3275.75,2160,0,TU
-2495.75,2160.5,0,TU
-620.25,2161.5,0,TU
3594.25,2161.5,0,TU
-2221.75,2162,0,TU
-2191.25,2162,0,TU
-460.75,2162,0,TU
-109.25,2162,0,TU
1083.25,2163,0,TU
1298.75,2163.5,0,TU
2648.25,2163.5,0,TU
-2158.25,2164,0,TU
-605.25,2164,0,TU
-334.25,2164,0,TU
-2102.75,2165,0,TU
-1302.25,2165,0,TU
-682.25,2165,0,TU
-1115.75,2165.5,0,TU
1689.25,2165.5,0,TU
-2067.75,2166.5,0,TU
1972.25,2166.5,0,TU
-2622.75,2167,0,TU
-659.75,2167,0,TU
-176.25,2167,0,TU
3184.25,2167,0,TU
-2695.25,2168,0,TU
-813.25,2168,0,TU
3497.25,2168,0,TU
-1738.25,2168.5,0,TU
2629.25,2168.5,0,TU
-1998.25,2169,0,TU
1257.75,2169,0,TU
1637.75,2169,0,TU
-1152.75,2170,0,TU
1568.25,2170,0,TU
2140.75,2170,0,TU
2615.25,2170,0,TU
1332.25,2170.5,0,TU
2171.25,2170.5,0,TU
2976.25,2170.5,0,TU
1732.75,2171.5,0,TU
2701.75,2171.5,0,TU
-2036.75,2172,0,TU
-535.75,2172.5,0,TU
-481.25,2172.5,0,TU
-2601.25,2173,0,TU
1202.75,2173,0,TU
1431.25,2173,0,TU
-1697.25,2173.5,0,TU
134.75,2174.5,0,TU
-2435.25,2175.5,0,TU
-931.25,2175.5,0,TU
-446.75,2175.5,0,TU
-61.25,2175.5,0,TU
-2328.25,2176,0,TU
-249.75,2176,0,TU
2008.25,2176,0,TU
2118.25,2176,0,TU
-430.75,2176.5,0,TU
75.25,2176.5,0,TU
2036.25,2176.5,0,TU
2663.75,2176.5,0,TU
3140.25,2176.5,0,TU
-2714.25,2177,0,TU
-1930.25,2177.5,0,TU
-2568.75,2178,0,TU
1135.25,2178,0,TU
-2821.75,2178.5,0,TU
-1032.25,2179,0,TU
3189.25,2179,0,TU
-2146.25,2180,0,TU
-1554.25,2180,0,TU
-2012.75,2180.5,0,TU
-1053.25,2180.5,0,TU
-843.25,2180.5,0,TU
2096.75,2180.5,0,TU
643.25,2181,0,TU
-2646.25,2181.5,0,TU
-2448.25,2181.5,0,TU
3257.25,2181.5,0,TU
-2246.25,2182,0,TU
-397.75,2182,0,TU
2941.75,2182,0,TU
-2503.75,2182.5,0,TU
-417.75,2182.5,0,TU
-81.25,2182.5,0,TU
2324.75,2182.5,0,TU
3474.25,2182.5,0,TU
-1847.75,2183,0,TU
-1012.25,2183,0,TU
-2668.25,2183.5,0,TU
-1081.75,2183.5,0,TU
2195.25,2183.5,0,TU
-1658.75,2184,0,TU
-113.75,2184,0,TU
2731.75,2184,0,TU
3430.75,2184,0,TU
1922.25,2184.5,0,TU
836.25,2185,0,TU
1075.75,2185,0,TU
2236.25,2185,0,TU
-1803.25,2185.5,0,TU
-685.25,2185.5,0,TU
1480.25,2185.5,0,TU
-1309.75,2186,0,TU
-317.25,2186,0,TU
1390.25,2186,0,TU
-1767.75,2186.5,0,TU
-162.75,2186.5,0,TU
886.25,2186.5,0,TU
1528.25,2186.5,0,TU
2588.25,2186.5,0,TU
-294.75,2187,0,TU
2562.75,2187,0,TU
3227.25,2187,0,TU
2756.75,2187.5,0,TU
-1677.25,2188,0,TU
-1635.25,2188,0,TU
-2038.75,2188.5,0,TU
-1938.25,2188.5,0,TU
-1961.75,2189.5,0,TU
-708.25,2189.5,0,TU
689.25,2189.5,0,TU
-1144.75,2190,0,TU
-21.75,2190.5,0,TU
-1612.75,2191.5,0,TU
1587.25,2191.5,0,TU
1726.25,2191.5,0,TU
2067.75,2191.5,0,TU
3170.25,2191.5,0,TU
-2221.75,2192,0,TU
-1817.75,2192,0,TU
16.75,2192.5,0,TU
2923.25,2192.5,0,TU
1940.75,2193,0,TU
1975.75,2193,0,TU
2256.25,2193,0,TU
-2764.75,2193.5,0,TU
-1065.75,2193.5,0,TU
3494.75,2193.5,0,TU
-661.25,2194,0,TU
-2367.75,2194.5,0,TU
-1898.75,2194.5,0,TU
2124.25,2194.5,0,TU
-2304.75,2195.5,0,TU
1698.25,2195.5,0,TU
2038.25,2195.5,0,TU
1741.75,2196.5,0,TU
2217.75,2196.5,0,TU
-602.75,2197,0,TU
1563.75,2197,0,TU
2180.75,2197,0,TU
-823.75,2197.5,0,TU
-41.75,2197.5,0,TU
1206.75,2197.5,0,TU
2086.75,2197.5,0,TU
-2080.25,2198,0,TU
-1130.75,2198,0,TU
711.75,2198.5,0,TU
3088.25,2198.5,0,TU
-342.25,2199,0,TU
-259.75,2199,0,TU
-2701.25,2199.5,0,TU
1236.75,2199.5,0,TU
1609.25,2199.5,0,TU
-2642.75,2200,0,TU
1542.75,2200.5,0,TU
-2414.25,2201,0,TU
-1489.25,2201.5,0,TU
1518.75,2201.5,0,TU
3006.75,2201.5,0,TU
-1601.75,2202,0,TU
2137.25,2202,0,TU
2556.25,2202,0,TU
-767.75,2203,0,TU
2979.75,2203,0,TU
2785.25,2203.5,0,TU
3445.25,2204,0,TU
1917.75,2204.5,0,TU
-2785.25,2205,0,TU
-2563.75,2205,0,TU
-2023.75,2205,0,TU
2059.25,2205,0,TU
1408.25,2205.5,0,TU
3546.75,2205.5,0,TU
-2270.25,2206,0,TU
-1207.25,2206.5,0,TU
-1172.75,2206.5,0,TU
-948.25,2206.5,0,TU
3114.75,2206.5,0,TU
3152.75,2206.5,0,TU
826.25,2207,0,TU
-2437.75,2207.5,0,TU
-2103.25,2207.5,0,TU
-2808.25,2208,0,TU
-1929.75,2208,0,TU
-1588.75,2208,0,TU
-495.75,2208,0,TU
-210.25,2208,0,TU
1834.75,2208,0,TU
2016.75,2208,0,TU
-269.25,2209,0,TU
-567.25,2209.5,0,TU
2856.75,2209.5,0,TU
-1450.25,2210,0,TU
3418.75,2210,0,TU
1169.25,2210.5,0,TU
-1772.25,2211,0,TU
2337.75,2211,0,TU
3614.25,2211,0,TU
-2373.25,2212,0,TU
2705.25,2212,0,TU
3106.75,2212.5,0,TU
-2331.25,2213,0,TU
-644.25,2213.5,0,TU
1422.75,2213.5,0,TU
3301.75,2214,0,TU
2920.75,2214.5,0,TU
-1487.25,2215,0,TU
-789.25,2215,0,TU
947.75,2215.5,0,TU
1670.75,2215.5,0,TU
2604.75,2215.5,0,TU
-849.25,2216,0,TU
246.75,2216.5,0,TU
1241.25,2217,0,TU
2677.25,2217.5,0,TU
2787.75,2217.5,0,TU
2591.75,2218,0,TU
3322.75,2218,0,TU
-2507.25,2218.5,0,TU
-2128.75,2218.5,0,TU
-2408.75,2219.5,0,TU
-2182.75,2219.5,0,TU
1927.25,2219.5,0,TU
3091.25,2219.5,0,TU
-1035.75,2220.5,0,TU
997.25,2220.5,0,TU
3244.75,2220.5,0,TU
-2207.75,2221,0,TU
1862.25,2221,0,TU
-2753.25,2221.5,0,TU
-1789.75,2221.5,0,TU
-1003.25,2221.5,0,TU
-535.25,2222,0,TU
2660.75,2222,0,TU
-1701.25,2223,0,TU
-1624.25,2223.5,0,TU
2527.75,2223.5,0,TU
3338.75,2224,0,TU
-1882.25,2224.5,0,TU
733.25,2224.5,0,TU
-2455.75,2225,0,TU
1370.25,2225,0,TU
2974.25,2225,0,TU
-2728.25,2225.5,0,TU
-2711.75,2225.5,0,TU
-2530.75,2225.5,0,TU
-981.25,2225.5,0,TU
-302.75,2225.5,0,TU
-241.75,2225.5,0,TU
2612.25,2225.5,0,TU
134.75,2226,0,TU
1091.25,2226,0,TU
-2597.25,2226.5,0,TU
1826.25,2226.5,0,TU
3420.75,2226.5,0,TU
3630.75,2226.5,0,TU
-2642.75,2227,0,TU
2842.75,2227.5,0,TU
1145.75,2228,0,TU
1177.25,2228,0,TU
1739.25,2228,0,TU
2047.75,2228,0,TU
2074.25,2228,0,TU
3435.25,2228,0,TU
3577.75,2228.5,0,TU
-2666.75,2230,0,TU
-2548.25,2230.5,0,TU
2099.75,2230.5,0,TU
3019.25,2230.5,0,TU
-1252.25,2231,0,TU
-2488.75,2231.5,0,TU
-825.25,2231.5,0,TU
-612.75,2231.5,0,TU
3648.25,2231.5,0,TU
-2078.75,2232,0,TU
-2430.25,2233.5,0,TU
-2460.25,2234,0,TU
1073.75,2234,0,TU
-1943.75,2234.5,0,TU
3351.25,2234.5,0,TU
1897.75,2235.5,0,TU
2324.25,2235.5,0,TU
-2256.75,2236,0,TU
1918.75,2236,0,TU
-1096.25,2236.5,0,TU
173.25,2236.5,0,TU
-2189.75,2237,0,TU
-888.75,2237,0,TU
2461.25,2237,0,TU
-769.25,2238,0,TU
3268.75,2238,0,TU
-1657.25,2239,0,TU
-751.75,2239,0,TU
694.25,2239,0,TU
1367.75,2239,0,TU
-2165.25,2239.5,0,TU
-1026.75,2240.5,0,TU
741.75,2241,0,TU
1349.75,2241.5,0,TU
-2479.25,2242,0,TU
-1769.75,2242,0,TU
-279.75,2242,0,TU
1728.75,2242,0,TU
3530.75,2242,0,TU
-2748.25,2242.5,0,TU
-1586.75,2242.5,0,TU
-1479.25,2242.5,0,TU
-863.25,2242.5,0,TU
-2685.75,2243,0,TU
-2602.75,2243,0,TU
-959.25,2243,0,TU
-1216.75,2243.5,0,TU
3401.25,2243.5,0,TU
1105.75,2244,0,TU
2643.75,2244,0,TU
2603.75,2244.5,0,TU
-2115.75,2245,0,TU
-465.25,2245,0,TU
1651.25,2245,0,TU
-1803.75,2245.5,0,TU
1790.75,2245.5,0,TU
-332.25,2246,0,TU
3366.25,2246,0,TU
-2251.75,2247.5,0,TU
-2012.75,2247.5,0,TU
-612.25,2247.5,0,TU
3057.25,2247.5,0,TU
-2558.75,2248.5,0,TU
-1566.75,2249.5,0,TU
-1686.75,2250,0,TU
-2639.75,2250.5,0,TU
1036.75,2250.5,0,TU
3010.75,2250.5,0,TU
-2519.25,2251,0,TU
-1603.25,2251,0,TU
-304.25,2251,0,TU
-1878.75,2252,0,TU
1223.25,2252,0,TU
-2323.75,2252.5,0,TU
1433.25,2252.5,0,TU
-2429.75,2253,0,TU
-355.75,2253,0,TU
-1855.25,2253.5,0,TU
-2291.25,2254,0,TU
1768.75,2254,0,TU
-1992.25,2254.5,0,TU
-1237.75,2254.5,0,TU
-2180.25,2255.5,0,TU
2754.75,2255.5,0,TU
3483.75,2255.5,0,TU
-2725.75,2256,0,TU
-1390.75,2256,0,TU
2273.25,2256,0,TU
687.75,2256.5,0,TU
1291.25,2256.5,0,TU
1596.25,2256.5,0,TU
-1932.75,2257,0,TU
1267.25,2257,0,TU
2972.25,2257.5,0,TU
-1622.75,2258,0,TU
2435.75,2258.5,0,TU
-2371.25,2259,0,TU
-593.25,2259,0,TU
3411.75,2259.5,0,TU
2060.75,2260,0,TU
-2146.25,2260.5,0,TU
2817.25,2260.5,0,TU
908.75,2261,0,TU
3107.75,2261,0,TU
-2474.25,2261.5,0,TU
-1092.75,2261.5,0,TU
-96.75,2261.5,0,TU
-1793.25,2262.5,0,TU
1881.25,2262.5,0,TU
-938.25,2263,0,TU
-2094.25,2263.5,0,TU
-860.75,2264,0,TU
-542.75,2264,0,TU
2315.75,2264,0,TU
-2756.25,2264.5,0,TU
-2171.75,2264.5,0,TU
-1220.25,2264.5,0,TU
1324.25,2264.5,0,TU
3264.25,2264.5,0,TU
-1547.25,2265,0,TU
988.75,2265,0,TU
3522.75,2265,0,TU
-1783.25,2265.5,0,TU
1957.25,2265.5,0,TU
2034.25,2266,0,TU
-1401.75,2266.5,0,TU
-1010.25,2266.5,0,TU
1854.75,2266.5,0,TU
-2708.75,2267,0,TU
-2572.75,2267,0,TU
-262.25,2267,0,TU
1792.75,2267.5,0,TU
-1130.25,2268.5,0,TU
1036.25,2268.5,0,TU
-1737.25,2269.5,0,TU
2337.75,2270.5,0,TU
2943.25,2270.5,0,TU
3359.75,2270.5,0,TU
-1643.75,2271.5,0,TU
2741.25,2271.5,0,TU
-2587.75,2272.5,0,TU
2283.25,2273,0,TU
-2071.25,2273.5,0,TU
-1932.75,2273.5,0,TU
712.25,2273.5,0,TU
2076.75,2273.5,0,TU
-459.75,2274,0,TU
-325.75,2274.5,0,TU
1576.25,2274.5,0,TU
2477.25,2274.5,0,TU
-2647.25,2275,0,TU
-365.25,2275.5,0,TU
2366.75,2276,0,TU
2664.75,2276,0,TU
-556.75,2276.5,0,TU
1938.25,2276.5,0,TU
-1859.75,2277,0,TU
-531.25,2277,0,TU
2805.25,2277,0,TU
2721.75,2277.5,0,TU
-819.25,2278,0,TU
1195.25,2278,0,TU
1739.25,2278,0,TU
3469.75,2278,0,TU
-2376.75,2280,0,TU
2705.25,2280,0,TU
-2397.25,2280.5,0,TU
-1166.75,2280.5,0,TU
-880.75,2280.5,0,TU
3535.75,2280.5,0,TU
-2742.75,2281,0,TU
-233.25,2281,0,TU
-1345.25,2281.5,0,TU
-1111.25,2281.5,0,TU
-504.25,2281.5,0,TU
2179.25,2281.5,0,TU
-1753.25,2282.5,0,TU
-936.25,2282.5,0,TU
2499.25,2282.5,0,TU
3503.25,2282.5,0,TU
-2689.75,2283,0,TU
2682.75,2283.5,0,TU
-433.25,2284,0,TU
-1782.25,2284.5,0,TU
-1203.75,2284.5,0,TU
-2714.25,2285,0,TU
1309.25,2285,0,TU
-2519.25,2285.5,0,TU
3093.75,2285.5,0,TU
-2213.75,2286,0,TU
-1840.25,2286,0,TU
3549.75,2286,0,TU
-1060.25,2286.5,0,TU
-176.75,2286.5,0,TU
-389.75,2287,0,TU
878.75,2287.5,0,TU
-2620.75,2288.5,0,TU
-2558.75,2288.5,0,TU
-1138.25,2288.5,0,TU
-752.25,2288.5,0,TU
-1089.75,2289,0,TU
-2172.25,2289.5,0,TU
-2496.25,2290,0,TU
-2287.75,2290,0,TU
-850.25,2290,0,TU
803.25,2290,0,TU
1265.75,2290,0,TU
-1944.25,2291,0,TU
-408.25,2292,0,TU
2597.25,2292.5,0,TU
-1674.75,2293,0,TU
-1155.25,2293,0,TU
1633.75,2293,0,TU
-2726.75,2293.5,0,TU
-1910.25,2293.5,0,TU
1356.75,2294,0,TU
1434.25,2294,0,TU
-1250.75,2294.5,0,TU
-995.25,2294.5,0,TU
-542.25,2294.5,0,TU
-313.25,2294.5,0,TU
-633.25,2295,0,TU
-353.25,2295,0,TU
3516.75,2295,0,TU
2661.75,2295.5,0,TU
3376.75,2295.5,0,TU
-2115.75,2296,0,TU
-2577.75,2296.5,0,TU
-2085.75,2296.5,0,TU
2173.25,2297,0,TU
-1575.75,2297.5,0,TU
1725.25,2297.5,0,TU
2309.25,2297.5,0,TU
-287.25,2298.5,0,TU
509.25,2298.5,0,TU
-884.75,2299,0,TU
2430.25,2299,0,TU
2375.25,2299.5,0,TU
3404.25,2299.5,0,TU
-2714.25,2300,0,TU
-796.75,2300,0,TU
1871.25,2300,0,TU
-1555.75,2300.5,0,TU
3146.75,2300.5,0,TU
2932.75,2301,0,TU
-1430.25,2301.5,0,TU
3173.75,2301.5,0,TU
3202.25,2301.5,0,TU
-1926.75,2302,0,TU
-2174.25,2302.5,0,TU
727.25,2302.5,0,TU
-924.25,2303,0,TU
-413.75,2303.5,0,TU
905.75,2304,0,TU
1482.75,2304,0,TU
-2001.75,2305,0,TU
-2217.25,2305.5,0,TU
1638.75,2305.5,0,TU
-736.75,2306,0,TU
3543.25,2306,0,TU
-1517.75,2306.5,0,TU
1335.25,2306.5,0,TU
-713.75,2307,0,TU
778.25,2307,0,TU
3026.25,2307,0,TU
3353.75,2307,0,TU
-2033.25,2308,0,TU
-656.75,2308,0,TU
-1408.75,2309,0,TU
-2698.25,2310,0,TU
-1984.75,2310,0,TU
-1005.75,2310.5,0,TU
696.25,2310.5,0,TU
-1850.75,2311,0,TU
-679.25,2311,0,TU
-78.75,2311,0,TU
1438.75,2311,0,TU
1306.25,2311.5,0,TU
-696.75,2312,0,TU
1683.25,2312,0,TU
2413.75,2312.5,0,TU
-2525.25,2313,0,TU
-2305.75,2313,0,TU
2493.75,2313,0,TU
-2058.75,2313.5,0,TU
-2475.25,2314,0,TU
-2149.25,2314,0,TU
-1221.25,2314.5,0,TU
-209.75,2314.5,0,TU
1065.75,2315,0,TU
3259.25,2315,0,TU
-2640.25,2315.5,0,TU
-1755.25,2315.5,0,TU
2227.25,2316,0,TU
-2367.25,2316.5,0,TU
-309.25,2316.5,0,TU
3342.25,2316.5,0,TU
-2204.25,2317,0,TU
2293.75,2317,0,TU
2686.75,2317,0,TU
-1632.25,2318.5,0,TU
3062.75,2318.5,0,TU
-448.75,2319.5,0,TU
-561.75,2320,0,TU
1626.25,2320,0,TU
3296.75,2320,0,TU
3128.75,2320.5,0,TU
-873.25,2321,0,TU
-516.25,2321,0,TU
1144.25,2321,0,TU
-1869.75,2321.5,0,TU
1838.25,2321.5,0,TU
-1496.75,2322,0,TU
-830.25,2322,0,TU
-2399.25,2322.5,0,TU
-90.25,2322.5,0,TU
1695.75,2322.5,0,TU
-1532.25,2323,0,TU
2475.75,2323,0,TU
682.75,2323.5,0,TU
1502.75,2324,0,TU
1532.25,2324,0,TU
-2702.25,2324.5,0,TU
2899.75,2324.5,0,TU
-2571.75,2325.5,0,TU
-1960.25,2325.5,0,TU
2443.75,2325.5,0,TU
3102.75,2325.5,0,TU
-412.75,2326,0,TU
2182.75,2326,0,TU
3478.25,2326.5,0,TU
-2480.25,2327,0,TU
703.75,2327.5,0,TU
-2266.75,2328,0,TU
-463.25,2328,0,TU
-1283.75,2328.5,0,TU
-762.25,2328.5,0,TU
-1417.75,2329.5,0,TU
265.25,2329.5,0,TU
2086.75,2329.5,0,TU
-2528.25,2330,0,TU
-1986.25,2330,0,TU
3372.25,2330,0,TU
-2231.75,2330.5,0,TU
-1693.75,2330.5,0,TU
-1147.75,2330.5,0,TU
-249.25,2330.5,0,TU
-1399.75,2331,0,TU
2378.25,2331,0,TU
-2098.25,2331.5,0,TU
507.75,2331.5,0,TU
2926.25,2331.5,0,TU
-1911.25,2332,0,TU
3451.25,2332,0,TU
-2368.25,2333,0,TU
-738.25,2333,0,TU
1400.75,2333,0,TU
299.25,2333.5,0,TU
1290.75,2333.5,0,TU
2363.25,2333.5,0,TU
-1644.25,2334,0,TU
3581.25,2334,0,TU
-975.25,2334.5,0,TU
3381.25,2334.5,0,TU
-1011.25,2335,0,TU
-173.75,2335,0,TU
875.75,2335,0,TU
1153.25,2335,0,TU
3142.25,2335,0,TU
-1930.25,2335.5,0,TU
393.75,2336,0,TU
-1359.25,2336.5,0,TU
-2438.25,2337.5,0,TU
3345.25,2337.5,0,TU
-2209.25,2338,0,TU
3017.75,2338,0,TU
1258.25,2338.5,0,TU
1331.25,2338.5,0,TU
-403.25,2339.5,0,TU
-320.75,2339.5,0,TU
3048.25,2340,0,TU
-2156.25,2340.5,0,TU
1993.75,2343,0,TU
-1321.25,2343.5,0,TU
-510.25,2343.5,0,TU
-2126.75,2344,0,TU
-115.75,2344,0,TU
816.75,2344,0,TU
3114.75,2344,0,TU
2379.75,2344.5,0,TU
-2638.75,2345,0,TU
-1495.25,2345,0,TU
2438.75,2345,0,TU
-1849.25,2345.5,0,TU
1246.25,2345.5,0,TU
-2619.25,2346,0,TU
-455.75,2346,0,TU
-1436.75,2346.5,0,TU
1632.75,2346.5,0,TU
-2595.75,2347,0,TU
-1568.75,2347.5,0,TU
-416.25,2347.5,0,TU
788.75,2347.5,0,TU
3311.75,2347.5,0,TU
-2039.25,2348,0,TU
-1823.25,2348,0,TU
-1593.25,2348.5,0,TU
-779.75,2349,0,TU
3203.25,2349.5,0,TU
-641.75,2350,0,TU
929.25,2350,0,TU
1461.25,2350,0,TU
-1796.25,2350.5,0,TU
-1418.75,2350.5,0,TU
2496.25,2350.5,0,TU
-2185.75,2351,0,TU
1140.25,2351,0,TU
-1677.75,2352,0,TU
-1053.75,2352,0,TU
-365.75,2352,0,TU
982.25,2352,0,TU
-2560.25,2352.5,0,TU
-663.75,2353,0,TU
-1718.25,2353.5,0,TU
1277.75,2353.5,0,TU
-332.25,2354,0,TU
2294.75,2354,0,TU
-2525.75,2354.5,0,TU
-2331.75,2354.5,0,TU
-471.75,2354.5,0,TU
34.75,2355.5,0,TU
-2399.25,2356,0,TU
-1946.75,2356,0,TU
-1924.75,2356,0,TU
-1740.25,2356,0,TU
3590.75,2356,0,TU
-384.75,2356.5,0,TU
-1075.25,2358,0,TU
2180.25,2358,0,TU
3003.25,2358.5,0,TU
1251.75,2359,0,TU
-1174.75,2359.5,0,TU
-752.75,2359.5,0,TU
1728.75,2359.5,0,TU
-814.75,2360,0,TU
2432.75,2360,0,TU
3021.75,2360,0,TU
-725.75,2361,0,TU
1668.75,2361,0,TU
3354.25,2361,0,TU
-1616.75,2361.5,0,TU
-944.25,2361.5,0,TU
-265.75,2361.5,0,TU
-1829.25,2362,0,TU
-1394.25,2362.5,0,TU
-451.25,2362.5,0,TU
2395.25,2362.5,0,TU
-2281.25,2363,0,TU
-613.25,2363,0,TU
1062.75,2363,0,TU
1613.25,2363,0,TU
-1265.25,2363.5,0,TU
3137.75,2364,0,TU
-1667.75,2364.5,0,TU
-1290.25,2365,0,TU
2987.75,2366,0,TU
-1407.25,2366.5,0,TU
-1143.75,2366.5,0,TU
903.75,2367,0,TU
-2248.75,2367.5,0,TU
-472.75,2367.5,0,TU
-427.25,2367.5,0,TU
722.25,2367.5,0,TU
1294.75,2367.5,0,TU
-832.75,2368,0,TU
-785.75,2368,0,TU
-638.75,2369,0,TU
-500.75,2369.5,0,TU
3093.75,2370,0,TU
-2607.75,2370.5,0,TU
-1869.75,2370.5,0,TU
1638.75,2370.5,0,TU
2371.75,2370.5,0,TU
2949.75,2370.5,0,TU
-2531.25,2371,0,TU
-1772.75,2371,0,TU
85.75,2371.5,0,TU
3317.25,2371.5,0,TU
-405.75,2372,0,TU
3457.25,2372.5,0,TU
798.75,2373,0,TU
2569.75,2373,0,TU
-614.25,2375,0,TU
-203.75,2375,0,TU
-1251.25,2375.5,0,TU
-304.75,2375.5,0,TU
2696.25,2375.5,0,TU
-871.75,2376,0,TU
1896.25,2376,0,TU
-2576.25,2378.5,0,TU
-1022.75,2378.5,0,TU
-545.75,2379.5,0,TU
-376.75,2379.5,0,TU
1429.75,2380,0,TU
2478.25,2380,0,TU
-342.25,2380.5,0,TU
3068.75,2380.5,0,TU
3282.25,2380.5,0,TU
-2326.75,2381,0,TU
-450.25,2381,0,TU
3566.75,2381,0,TU
-1442.25,2381.5,0,TU
1017.75,2381.5,0,TU
2313.25,2381.5,0,TU
3032.25,2381.5,0,TU
2928.75,2382,0,TU
-3.75,2383,0,TU
1318.75,2383.5,0,TU
3410.75,2383.5,0,TU
2850.25,2384,0,TU
-2425.25,2384.5,0,TU
522.75,2384.5,0,TU
-1270.75,2385,0,TU
-798.75,2385,0,TU
-1315.25,2385.5,0,TU
2401.25,2385.5,0,TU
-1936.25,2387,0,TU
1239.75,2387,0,TU
3385.25,2387,0,TU
-1343.25,2387.5,0,TU
-818.75,2387.5,0,TU
-529.75,2387.5,0,TU
-417.75,2387.5,0,TU
1031.75,2387.5,0,TU
1702.25,2387.5,0,TU
3168.25,2387.5,0,TU
-1705.75,2389,0,TU
3226.25,2389,0,TU
-890.75,2389.5,0,TU
2901.25,2389.5,0,TU
-1461.25,2390,0,TU
-1061.25,2391,0,TU
1485.75,2391,0,TU
-297.75,2391.5,0,TU
1083.75,2391.5,0,TU
1340.25,2391.5,0,TU
-2554.25,2392,0,TU
-1394.75,2392.5,0,TU
1748.75,2392.5,0,TU
-2252.25,2393.5,0,TU
-1151.75,2393.5,0,TU
-766.25,2393.5,0,TU
-394.25,2394.5,0,TU
-499.25,2395,0,TU
-277.75,2395.5,0,TU
-2292.25,2396,0,TU
-613.25,2396,0,TU
751.25,2396,0,TU
1983.25,2396,0,TU
-2411.25,2396.5,0,TU
587.75,2396.5,0,TU
-1797.75,2397,0,TU
-37.25,2397,0,TU
1412.75,2397,0,TU
2649.75,2397,0,TU
3240.25,2397,0,TU
-1435.75,2397.5,0,TU
-721.75,2397.5,0,TU
2969.75,2398,0,TU
-1107.75,2398.5,0,TU
1117.75,2398.5,0,TU
-857.75,2399,0,TU
-638.25,2399,0,TU
-2617.75,2400.5,0,TU
-473.25,2401,0,TU
2853.25,2401,0,TU
1690.25,2401.5,0,TU
-592.75,2402.5,0,TU
2770.75,2402.5,0,TU
-294.25,2403,0,TU
2345.75,2403,0,TU
1953.75,2403.5,0,TU
-1730.75,2404,0,TU
2406.25,2404,0,TU
-2330.25,2404.5,0,TU
-1030.75,2404.5,0,TU
-441.75,2404.5,0,TU
-521.25,2405.5,0,TU
1601.75,2405.5,0,TU
2710.25,2405.5,0,TU
-572.75,2406,0,TU
1727.25,2406,0,TU
-2267.75,2407,0,TU
-2557.25,2407.5,0,TU
1461.25,2407.5,0,TU
-2451.75,2408.5,0,TU
-2394.75,2408.5,0,TU
1244.75,2408.5,0,TU
3090.75,2409,0,TU
-741.75,2409.5,0,TU
-1170.75,2410,0,TU
783.75,2410,0,TU
3125.25,2410,0,TU
-1421.75,2410.5,0,TU
-2291.75,2411,0,TU
-1308.25,2411,0,TU
-1686.75,2411.5,0,TU
1532.75,2411.5,0,TU
1625.25,2412,0,TU
2182.75,2412.5,0,TU
2781.75,2412.5,0,TU
-1339.25,2413,0,TU
1645.25,2413,0,TU
1164.25,2414,0,TU
3225.25,2414,0,TU
-1018.75,2414.5,0,TU
3262.75,2415,0,TU
-2520.25,2415.5,0,TU
-2403.25,2415.5,0,TU
3443.25,2415.5,0,TU
3489.75,2415.5,0,TU
2566.25,2416.5,0,TU
-2498.75,2417,0,TU
-1395.25,2417.5,0,TU
-215.75,2418,0,TU
1305.25,2418,0,TU
2638.75,2418,0,TU
-1565.75,2418.5,0,TU
3201.75,2418.5,0,TU
-2366.75,2419,0,TU
-2473.25,2420.5,0,TU
1371.75,2420.5,0,TU
-327.25,2421.5,0,TU
-2325.25,2422.5,0,TU
-1330.75,2422.5,0,TU
-2582.75,2423,0,TU
-2421.25,2423,0,TU
-402.25,2423,0,TU
2832.25,2423,0,TU
1343.25,2423.5,0,TU
2115.25,2423.5,0,TU
1262.75,2424,0,TU
-357.75,2425.5,0,TU
2918.25,2425.5,0,TU
1511.75,2426.5,0,TU
2183.75,2426.5,0,TU
-721.75,2428,0,TU
2357.25,2428,0,TU
-686.75,2428.5,0,TU
-92.25,2428.5,0,TU
1546.25,2428.5,0,TU
-2359.25,2430,0,TU
2616.75,2430,0,TU
3081.25,2430.5,0,TU
3151.25,2430.5,0,TU
-2296.75,2431,0,TU
39.25,2432,0,TU
1665.25,2432,0,TU
2305.25,2432,0,TU
-503.75,2432.5,0,TU
2583.25,2432.5,0,TU
-954.25,2433,0,TU
-547.25,2433,0,TU
-1578.25,2433.5,0,TU
1276.25,2434,0,TU
3238.25,2434,0,TU
1630.25,2434.5,0,TU
2671.75,2434.5,0,TU
2747.25,2434.5,0,TU
3045.25,2435,0,TU
-1348.25,2436,0,TU
2907.75,2437,0,TU
2967.75,2437,0,TU
3093.25,2437,0,TU
1121.25,2437.5,0,TU
-1482.25,2438,0,TU
-2476.75,2439,0,TU
2237.75,2439,0,TU
2283.75,2439.5,0,TU
236.75,2440,0,TU
275.75,2440,0,TU
2932.25,2440,0,TU
739.25,2441.5,0,TU
1146.25,2441.5,0,TU
2982.75,2442,0,TU
1172.25,2442.5,0,TU
1195.25,2442.5,0,TU
2774.75,2442.5,0,TU
2857.25,2442.5,0,TU
1543.75,2443,0,TU
1320.75,2444,0,TU
-460.75,2444.5,0,TU
-2333.25,2445,0,TU
-915.25,2445.5,0,TU
3294.75,2445.5,0,TU
2322.75,2446.5,0,TU
-1323.25,2447,0,TU
-1170.25,2447,0,TU
-486.25,2447,0,TU
1388.75,2447.5,0,TU
-2311.75,2448,0,TU
3051.25,2448,0,TU
-316.25,2449.5,0,TU
1679.25,2449.5,0,TU
3406.25,2449.5,0,TU
-670.25,2450,0,TU
2751.75,2451,0,TU
-1218.75,2451.5,0,TU
-987.75,2452.5,0,TU
1281.75,2452.5,0,TU
1306.25,2452.5,0,TU
2147.25,2453,0,TU
2703.25,2453,0,TU
1113.75,2453.5,0,TU
1717.25,2454,0,TU
168.25,2454.5,0,TU
1941.75,2454.5,0,TU
2306.75,2455,0,TU
-899.25,2455.5,0,TU
-848.75,2455.5,0,TU
-562.25,2455.5,0,TU
-1195.25,2457,0,TU
-583.25,2457,0,TU
1593.25,2457,0,TU
3192.25,2457.5,0,TU
2076.75,2458,0,TU
-542.25,2458.5,0,TU
-509.25,2458.5,0,TU
2529.25,2459,0,TU
-1032.25,2459.5,0,TU
502.25,2459.5,0,TU
1226.75,2459.5,0,TU
1780.25,2459.5,0,TU
3110.75,2459.5,0,TU
2937.25,2460,0,TU
-25.75,2461,0,TU
2231.75,2461.5,0,TU
1260.75,2462,0,TU
-641.25,2463.5,0,TU
2987.75,2463.5,0,TU
-1490.25,2464,0,TU
1186.75,2464,0,TU
871.25,2464.5,0,TU
983.75,2464.5,0,TU
2176.75,2464.5,0,TU
-1155.75,2466,0,TU
1918.25,2466,0,TU
432.25,2466.5,0,TU
1543.75,2466.5,0,TU
1754.75,2467,0,TU
-1043.75,2467.5,0,TU
-488.25,2467.5,0,TU
-117.25,2467.5,0,TU
-2416.25,2468,0,TU
1404.25,2468.5,0,TU
-1650.25,2469,0,TU
-1605.25,2469,0,TU
1007.75,2469.5,0,TU
1576.25,2469.5,0,TU
2714.75,2469.5,0,TU
-943.25,2470,0,TU
1695.75,2470,0,TU
-822.25,2470.5,0,TU
2202.25,2471,0,TU
3163.25,2471,0,TU
1340.75,2471.5,0,TU
-1264.75,2473,0,TU
775.25,2473.5,0,TU
2322.75,2475,0,TU
-1634.25,2475.5,0,TU
-668.75,2476.5,0,TU
846.25,2477,0,TU
1320.25,2477,0,TU
3116.75,2478.5,0,TU
1021.25,2479,0,TU
3225.25,2479,0,TU
1121.25,2479.5,0,TU
-793.25,2480,0,TU
1443.25,2480,0,TU
3195.25,2480,0,TU
2660.25,2480.5,0,TU
2819.75,2480.5,0,TU
1163.25,2481.5,0,TU
-394.75,2482,0,TU
2725.25,2482,0,TU
-879.25,2482.5,0,TU
2080.25,2482.5,0,TU
2532.75,2482.5,0,TU
-1363.25,2483,0,TU
1899.25,2483.5,0,TU
2262.75,2484,0,TU
1358.25,2485,0,TU
2684.75,2485,0,TU
-998.25,2485.5,0,TU
1745.75,2485.5,0,TU
88.75,2486,0,TU
-928.25,2486.5,0,TU
1067.25,2487,0,TU
-347.25,2487.5,0,TU
2194.75,2488,0,TU
1331.75,2488.5,0,TU
2281.25,2488.5,0,TU
-1547.75,2489,0,TU
-1084.25,2489,0,TU
-588.25,2489,0,TU
-754.75,2489.5,0,TU
116.25,2489.5,0,TU
-772.75,2490,0,TU
2061.25,2490,0,TU
2149.25,2490,0,TU
2995.75,2490,0,TU
-894.25,2491,0,TU
3253.25,2491,0,TU
-368.75,2491.5,0,TU
-330.25,2491.5,0,TU
896.75,2491.5,0,TU
1190.25,2491.5,0,TU
-261.75,2492,0,TU
718.25,2492,0,TU
1414.75,2492,0,TU
2044.25,2492,0,TU
2235.25,2492,0,TU
692.25,2493.5,0,TU
2425.25,2494,0,TU
-953.25,2494.5,0,TU
2950.75,2495,0,TU
2299.75,2495.5,0,TU
-1463.25,2497,0,TU
-34.25,2497,0,TU
1207.75,2497,0,TU
1624.25,2497.5,0,TU
490.75,2498,0,TU
1134.25,2498,0,TU
1884.25,2498,0,TU
-480.75,2498.5,0,TU
945.75,2499,0,TU
3183.25,2499,0,TU
-1496.25,2499.5,0,TU
1976.75,2499.5,0,TU
-362.25,2500.5,0,TU
1846.25,2500.5,0,TU
-1555.75,2501,0,TU
1647.25,2501.5,0,TU
726.25,2502,0,TU
2570.75,2502.5,0,TU
1754.75,2503,0,TU
3200.75,2503,0,TU
-1150.75,2503.5,0,TU
-423.25,2503.5,0,TU
1228.75,2503.5,0,TU
2327.25,2503.5,0,TU
-980.75,2505,0,TU
797.75,2507,0,TU
2210.25,2507,0,TU
-1201.25,2507.5,0,TU
-629.25,2508,0,TU
223.25,2508,0,TU
2695.75,2508,0,TU
2915.25,2508,0,TU
-1475.25,2509,0,TU
-594.25,2509,0,TU
2760.25,2509,0,TU
-230.25,2509.5,0,TU
1923.75,2510.5,0,TU
-740.25,2511.5,0,TU
2939.25,2511.5,0,TU
-494.75,2512,0,TU
2111.25,2512.5,0,TU
1909.75,2513,0,TU
3309.25,2513,0,TU
-1294.25,2513.5,0,TU
-1280.25,2513.5,0,TU
-401.75,2513.5,0,TU
1636.75,2513.5,0,TU
534.75,2514,0,TU
-1254.75,2514.5,0,TU
1094.75,2515,0,TU
-1516.75,2516,0,TU
1384.75,2516,0,TU
-1675.75,2516.5,0,TU
-454.25,2516.5,0,TU
-1220.75,2517,0,TU
1223.75,2517,0,TU
2187.75,2517.5,0,TU
3298.25,2517.5,0,TU
-1435.25,2518,0,TU
-794.25,2518,0,TU
-609.75,2518,0,TU
3087.75,2518,0,TU
1265.25,2518.5,0,TU
1873.75,2518.5,0,TU
2256.75,2518.5,0,TU
-128.25,2519,0,TU
751.75,2519.5,0,TU
-925.75,2520,0,TU
2541.25,2520,0,TU
-1127.25,2520.5,0,TU
-578.25,2520.5,0,TU
930.75,2520.5,0,TU
1764.25,2520.5,0,TU
2998.75,2520.5,0,TU
44.25,2521,0,TU
1715.25,2521,0,TU
-672.75,2522,0,TU
1464.25,2523,0,TU
2135.75,2523.5,0,TU
2678.75,2523.5,0,TU
3363.25,2523.5,0,TU
-755.25,2524,0,TU
1698.75,2524.5,0,TU
2041.25,2525,0,TU
-1589.75,2526,0,TU
-75.25,2528,0,TU
-1304.75,2528.5,0,TU
-379.25,2528.5,0,TU
1364.25,2528.5,0,TU
1434.75,2529,0,TU
27.25,2530,0,TU
1278.75,2530,0,TU
2488.75,2530,0,TU
2242.75,2530.5,0,TU
1788.25,2532.5,0,TU
800.75,2533,0,TU
2574.25,2533,0,TU
2599.25,2533,0,TU
3111.75,2533,0,TU
2119.75,2533.5,0,TU
2196.75,2534,0,TU
-717.25,2534.5,0,TU
231.75,2534.5,0,TU
-1152.75,2535,0,TU
-615.75,2535,0,TU
-849.75,2536,0,TU
2213.75,2536,0,TU
860.25,2536.5,0,TU
1923.25,2536.5,0,TU
3050.25,2536.5,0,TU
-517.25,2537,0,TU
366.75,2537,0,TU
1005.75,2537,0,TU
2026.25,2537.5,0,TU
3189.75,2537.5,0,TU
-872.25,2538,0,TU
818.75,2538,0,TU
2704.75,2538,0,TU
1822.75,2538.5,0,TU
2050.25,2538.5,0,TU
2723.75,2539,0,TU
-1338.25,2539.5,0,TU
317.75,2540,0,TU
1901.25,2540.5,0,TU
2998.25,2540.5,0,TU
2968.75,2541.5,0,TU
-258.75,2542,0,TU
3070.75,2542,0,TU
932.25,2543,0,TU
-661.75,2543.5,0,TU
2873.25,2543.5,0,TU
-1140.25,2544,0,TU
3334.25,2544,0,TU
793.75,2545,0,TU
840.75,2545,0,TU
-791.75,2545.5,0,TU
1987.75,2545.5,0,TU
2809.25,2545.5,0,TU
-1000.25,2546,0,TU
-883.25,2546,0,TU
42.25,2546,0,TU
2527.25,2546,0,TU
1768.75,2546.5,0,TU
-1318.75,2547,0,TU
2888.25,2547,0,TU
-477.25,2547.5,0,TU
2392.25,2547.5,0,TU
-935.75,2548,0,TU
1605.75,2548,0,TU
2101.75,2548,0,TU
-396.25,2548.5,0,TU
-772.75,2549.5,0,TU
2323.25,2549.5,0,TU
2711.75,2549.5,0,TU
257.25,2551,0,TU
-1622.75,2551.5,0,TU
-356.75,2552,0,TU
21.25,2552,0,TU
81.25,2552,0,TU
1871.75,2553.5,0,TU
-1126.25,2554,0,TU
2072.25,2554,0,TU
575.25,2554.5,0,TU
-712.25,2555.5,0,TU
870.25,2556.5,0,TU
609.25,2557,0,TU
2172.75,2558,0,TU
2749.25,2558,0,TU
1269.75,2558.5,0,TU
1825.75,2559,0,TU
3165.25,2559,0,TU
2558.25,2559.5,0,TU
2717.75,2559.5,0,TU
1144.25,2560,0,TU
2460.75,2560.5,0,TU
-633.25,2561,0,TU
396.25,2561,0,TU
-1358.25,2561.5,0,TU
-456.25,2561.5,0,TU
295.25,2561.5,0,TU
1774.25,2561.5,0,TU
-1046.75,2562,0,TU
637.25,2562,0,TU
-909.25,2562.5,0,TU
2593.75,2562.5,0,TU
833.25,2563,0,TU
-493.25,2563.5,0,TU
-68.75,2563.5,0,TU
-294.25,2564,0,TU
779.75,2564.5,0,TU
2982.25,2564.5,0,TU
-1265.25,2565,0,TU
2707.25,2565,0,TU
2368.25,2565.5,0,TU
370.25,2566,0,TU
715.25,2566.5,0,TU
1953.75,2566.5,0,TU
-601.25,2567,0,TU
-157.25,2567,0,TU
-5.75,2567,0,TU
1548.75,2567,0,TU
-435.25,2567.5,0,TU
1801.75,2567.5,0,TU
2412.75,2567.5,0,TU
2442.25,2567.5,0,TU
3123.25,2567.5,0,TU
2312.25,2568,0,TU
-1373.75,2568.5,0,TU
-333.75,2568.5,0,TU
1852.25,2568.5,0,TU
1980.75,2569,0,TU
-778.25,2570,0,TU
1607.25,2570,0,TU
1733.25,2570,0,TU
1910.75,2570,0,TU
-883.25,2570.5,0,TU
2569.25,2571,0,TU
-535.25,2571.5,0,TU
251.25,2571.5,0,TU
2822.25,2572,0,TU
612.25,2572.5,0,TU
1678.25,2572.5,0,TU
3150.75,2572.5,0,TU
1175.25,2573,0,TU
2151.75,2573,0,TU
2617.75,2573,0,TU
-931.25,2573.5,0,TU
2689.25,2573.5,0,TU
-588.25,2575.5,0,TU
-500.25,2576,0,TU
945.25,2576.5,0,TU
-556.25,2577,0,TU
1401.75,2577,0,TU
1524.25,2577,0,TU
2199.75,2577,0,TU
2087.25,2578.5,0,TU
-1424.75,2579,0,TU
-1188.25,2579,0,TU
2006.75,2579,0,TU
2073.25,2579,0,TU
-437.25,2579.5,0,TU
1233.75,2579.5,0,TU
2329.75,2579.5,0,TU
2032.25,2580,0,TU
1270.75,2581,0,TU
2987.25,2581,0,TU
80.25,2581.5,0,TU
3100.25,2581.5,0,TU
1575.75,2582,0,TU
-581.25,2583,0,TU
1054.75,2583,0,TU
1652.25,2583,0,TU
621.75,2584.5,0,TU
1165.75,2584.5,0,TU
1038.25,2586,0,TU
1244.75,2586,0,TU
-1290.25,2587,0,TU
1545.25,2587,0,TU
1892.25,2587.5,0,TU
2339.25,2587.5,0,TU
886.25,2589.5,0,TU
1407.25,2590,0,TU
-195.25,2591,0,TU
2522.25,2591,0,TU
1218.25,2592,0,TU
1316.25,2592,0,TU
2249.75,2592,0,TU
2588.25,2592.5,0,TU
-459.25,2593,0,TU
805.25,2593,0,TU
64.25,2594,0,TU
-236.25,2594.5,0,TU
-1483.75,2595,0,TU
-435.75,2596,0,TU
295.25,2596,0,TU
406.75,2596,0,TU
2279.75,2596.5,0,TU
-1267.75,2597,0,TU
1563.75,2597,0,TU
2674.25,2597,0,TU
-476.25,2598,0,TU
-319.25,2598,0,TU
520.75,2598,0,TU
2417.75,2598,0,TU
2472.25,2598,0,TU
651.25,2598.5,0,TU
2321.25,2598.5,0,TU
-1466.75,2599.5,0,TU
2497.75,2599.5,0,TU
-1322.75,2600,0,TU
-948.75,2601.5,0,TU
-293.25,2603,0,TU
1201.75,2603,0,TU
1668.75,2603,0,TU
713.25,2603.5,0,TU
575.25,2604,0,TU
2902.75,2604,0,TU
-349.25,2604.5,0,TU
876.75,2605,0,TU
-1036.25,2605.5,0,TU
1913.75,2606,0,TU
2442.25,2606.5,0,TU
1585.25,2607,0,TU
-451.75,2607.5,0,TU
188.75,2608,0,TU
1788.25,2608.5,0,TU
1860.25,2609.5,0,TU
102.25,2610.5,0,TU
394.75,2610.5,0,TU
2303.25,2610.5,0,TU
2378.75,2611,0,TU
750.75,2611.5,0,TU
1245.25,2611.5,0,TU
2613.75,2611.5,0,TU
689.75,2612,0,TU
856.75,2612,0,TU
2751.25,2613,0,TU
3103.25,2613,0,TU
-1238.75,2613.5,0,TU
237.25,2614,0,TU
1311.25,2614.5,0,TU
-1096.75,2615,0,TU
1526.75,2615,0,TU
1548.75,2615,0,TU
2331.75,2615,0,TU
827.75,2615.5,0,TU
2698.25,2615.5,0,TU
-1299.25,2616,0,TU
456.25,2616,0,TU
-812.25,2616.5,0,TU
803.25,2616.5,0,TU
-665.25,2617,0,TU
1097.75,2617,0,TU
-100.75,2618,0,TU
1840.25,2618,0,TU
-858.25,2618.5,0,TU
-560.75,2618.5,0,TU
890.25,2619,0,TU
1889.25,2620.5,0,TU
2423.25,2620.5,0,TU
304.25,2621,0,TU
664.25,2621,0,TU
1697.75,2621,0,TU
1718.75,2621,0,TU
2388.25,2622,0,TU
-907.25,2622.5,0,TU
-623.75,2622.5,0,TU
2719.25,2622.5,0,TU
-1473.25,2624,0,TU
-675.25,2624,0,TU
3023.25,2624,0,TU
34.25,2624.5,0,TU
-1214.75,2625,0,TU
1254.25,2625.5,0,TU
-728.75,2626,0,TU
1575.75,2626,0,TU
2813.25,2626.5,0,TU
3048.25,2626.5,0,TU
2690.75,2627,0,TU
2553.25,2627.5,0,TU
2995.25,2627.5,0,TU
918.75,2628.5,0,TU
-490.75,2629,0,TU
848.75,2629,0,TU
2833.75,2629,0,TU
-1351.75,2630,0,TU
2315.25,2630.5,0,TU
-886.75,2631,0,TU
-602.75,2631,0,TU
-195.75,2631.5,0,TU
644.75,2632,0,TU
2445.25,2632,0,TU
-686.75,2632.5,0,TU
531.25,2633,0,TU
2964.75,2633,0,TU
2923.75,2633.5,0,TU
-991.75,2634,0,TU
-506.75,2634,0,TU
394.25,2635,0,TU
1787.75,2635,0,TU
-1037.25,2637,0,TU
2407.25,2637,0,TU
-810.25,2638,0,TU
-283.25,2638,0,TU
624.25,2638,0,TU
-1414.25,2638.5,0,TU
-382.25,2638.5,0,TU
1521.75,2638.5,0,TU
-556.75,2639,0,TU
1266.25,2639,0,TU
-1017.75,2639.5,0,TU
-731.25,2639.5,0,TU
-783.25,2640,0,TU
-528.25,2640,0,TU
-246.25,2640,0,TU
831.25,2640.5,0,TU
1729.25,2640.5,0,TU
-701.25,2641,0,TU
-592.75,2641.5,0,TU
2328.75,2642.5,0,TU
3106.75,2642.5,0,TU
-394.75,2643,0,TU
2353.75,2643.5,0,TU
-24.25,2644,0,TU
1903.25,2644,0,TU
-1515.25,2645,0,TU
-1325.75,2645,0,TU
840.75,2645,0,TU
892.25,2645,0,TU
2806.25,2645,0,TU
2845.75,2645.5,0,TU
1258.75,2646.5,0,TU
1316.75,2649,0,TU
1418.75,2649,0,TU
2429.75,2650.5,0,TU
2944.75,2650.5,0,TU
-168.25,2651,0,TU
1571.75,2651.5,0,TU
2761.25,2651.5,0,TU
-1202.75,2652.5,0,TU
3015.25,2653,0,TU
-1383.75,2653.5,0,TU
236.75,2654,0,TU
-391.75,2654.5,0,TU
3045.25,2654.5,0,TU
2572.75,2655,0,TU
783.75,2656.5,0,TU
40.25,2657,0,TU
1279.25,2657,0,TU
-1353.25,2657.5,0,TU
420.75,2657.5,0,TU
288.75,2658,0,TU
-1120.25,2658.5,0,TU
617.75,2658.5,0,TU
1981.25,2658.5,0,TU
2862.75,2659,0,TU
-1292.25,2659.5,0,TU
-1001.25,2659.5,0,TU
1605.75,2659.5,0,TU
841.25,2660,0,TU
333.25,2660.5,0,TU
-1255.75,2661,0,TU
686.25,2661,0,TU
1947.75,2661.5,0,TU
2641.75,2661.5,0,TU
-1540.25,2662.5,0,TU
-565.75,2662.5,0,TU
-1503.75,2663,0,TU
-585.75,2663,0,TU
-677.75,2663.5,0,TU
1359.75,2664.5,0,TU
-433.75,2665,0,TU
1018.75,2665,0,TU
1335.25,2665.5,0,TU
-1220.25,2666,0,TU
-524.75,2666,0,TU
-627.75,2667,0,TU
2936.25,2667.5,0,TU
1590.75,2670,0,TU
-884.25,2671,0,TU
871.25,2671,0,TU
145.25,2671.5,0,TU
1508.75,2671.5,0,TU
746.75,2672,0,TU
2747.25,2673,0,TU
2813.75,2673.5,0,TU
101.25,2674.5,0,TU
1572.25,2675,0,TU
410.25,2676,0,TU
2837.25,2676.5,0,TU
1305.25,2677,0,TU
-1386.25,2677.5,0,TU
-1065.25,2677.5,0,TU
2723.25,2677.5,0,TU
-1405.25,2678,0,TU
530.75,2678,0,TU
943.75,2678.5,0,TU
1245.75,2679.5,0,TU
-556.75,2680,0,TU
1001.75,2680,0,TU
-850.75,2680.5,0,TU
-1119.25,2681,0,TU
2657.75,2681,0,TU
1716.75,2681.5,0,TU
-1520.75,2683,0,TU
-616.75,2683,0,TU
960.75,2683.5,0,TU
1487.75,2684.5,0,TU
1520.25,2685,0,TU
2255.75,2685.5,0,TU
871.25,2686,0,TU
795.25,2686.5,0,TU
1374.25,2687,0,TU
166.25,2687.5,0,TU
1887.25,2688,0,TU
-673.25,2688.5,0,TU
2630.75,2690,0,TU
-600.25,2690.5,0,TU
-1376.75,2691,0,TU
980.25,2691.5,0,TU
402.75,2692,0,TU
-958.25,2692.5,0,TU
1967.75,2693,0,TU
-1112.25,2694,0,TU
-570.25,2694,0,TU
69.25,2694,0,TU
1263.25,2694,0,TU
-788.25,2694.5,0,TU
1220.75,2694.5,0,TU
-1506.75,2695,0,TU
2783.25,2695.5,0,TU
-1410.25,2696,0,TU
1320.25,2697.5,0,TU
-878.25,2699,0,TU
361.25,2699,0,TU
-1538.75,2700,0,TU
605.25,2701,0,TU
1144.75,2701,0,TU
-1028.25,2701.5,0,TU
-541.25,2701.5,0,TU
-839.25,2702,0,TU
890.25,2702,0,TU
1556.75,2702,0,TU
1675.25,2702,0,TU
-1347.25,2702.5,0,TU
-621.75,2702.5,0,TU
-1248.75,2703.5,0,TU
1496.75,2703.5,0,TU
2424.75,2704,0,TU
180.25,2704.5,0,TU
1582.25,2704.5,0,TU
-993.75,2705,0,TU
52.75,2706,0,TU
2476.75,2706,0,TU
-1293.75,2707.5,0,TU
1701.25,2707.5,0,TU
-1494.75,2708,0,TU
1516.75,2708.5,0,TU
211.75,2709,0,TU
241.75,2709.5,0,TU
929.25,2710,0,TU
-576.25,2710.5,0,TU
-1319.75,2711,0,TU
508.75,2711,0,TU
638.25,2711,0,TU
-1140.75,2711.5,0,TU
-448.75,2711.5,0,TU
338.75,2712,0,TU
2648.75,2712,0,TU
1011.75,2713.5,0,TU
-648.75,2714,0,TU
1416.25,2714,0,TU
-1203.75,2714.5,0,TU
1334.75,2715,0,TU
-859.25,2717,0,TU
2749.25,2717,0,TU
1976.25,2717.5,0,TU
-1272.75,2718,0,TU
-937.75,2718.5,0,TU
1995.75,2718.5,0,TU
370.25,2720,0,TU
1565.75,2720,0,TU
1244.75,2721,0,TU
-704.25,2721.5,0,TU
206.25,2721.5,0,TU
1632.25,2722.5,0,TU
-1309.75,2723,0,TU
1722.75,2723,0,TU
1475.25,2723.5,0,TU
2275.25,2724.5,0,TU
2082.75,2726.5,0,TU
2233.25,2727,0,TU
-1394.25,2728,0,TU
-826.75,2728,0,TU
-1293.75,2729,0,TU
-572.75,2729,0,TU
268.75,2729.5,0,TU
-1328.75,2730,0,TU
314.25,2730.5,0,TU
1753.75,2730.5,0,TU
1405.75,2731,0,TU
-1241.25,2732.5,0,TU
-984.75,2732.5,0,TU
162.75,2733.5,0,TU
902.75,2733.5,0,TU
1582.75,2735,0,TU
1333.75,2736.5,0,TU
1517.75,2736.5,0,TU
-213.25,2737,0,TU
1099.75,2737,0,TU
1210.75,2737,0,TU
1538.75,2737,0,TU
1067.25,2737.5,0,TU
994.25,2738,0,TU
1128.75,2738,0,TU
2219.25,2738,0,TU
-947.25,2738.5,0,TU
-918.75,2740,0,TU
-514.75,2740,0,TU
1502.25,2740.5,0,TU
-557.25,2741,0,TU
680.25,2741,0,TU
-1262.25,2742,0,TU
382.75,2742,0,TU
1166.75,2742.5,0,TU
-965.75,2743,0,TU
359.75,2744.5,0,TU
-796.75,2745.5,0,TU
-818.25,2746,0,TU
-721.75,2746,0,TU
-1342.25,2747,0,TU
-640.25,2747,0,TU
1119.25,2747,0,TU
1484.25,2747,0,TU
408.25,2747.5,0,TU
-901.75,2749,0,TU
-86.75,2750.5,0,TU
918.75,2751,0,TU
1549.25,2751,0,TU
-769.75,2751.5,0,TU
502.75,2751.5,0,TU
2520.25,2751.5,0,TU
1713.75,2752,0,TU
1151.75,2752.5,0,TU
944.25,2755,0,TU
876.75,2755.5,0,TU
238.25,2756,0,TU
1338.25,2756,0,TU
965.25,2756.5,0,TU
-1208.25,2759.5,0,TU
1175.75,2759.5,0,TU
1934.25,2759.5,0,TU
376.75,2760,0,TU
1883.75,2760,0,TU
2470.75,2760,0,TU
-992.75,2760.5,0,TU
1679.25,2760.5,0,TU
-1029.75,2762.5,0,TU
614.75,2763.5,0,TU
1053.75,2764,0,TU
287.75,2764.5,0,TU
1144.75,2764.5,0,TU
1111.25,2765,0,TU
1591.25,2765.5,0,TU
-930.75,2766,0,TU
-575.25,2766,0,TU
256.75,2766,0,TU
2007.75,2766,0,TU
-380.75,2767,0,TU
1608.75,2767,0,TU
1077.75,2767.5,0,TU
1745.25,2767.5,0,TU
-1256.75,2768,0,TU
-428.75,2768.5,0,TU
1468.25,2768.5,0,TU
-830.25,2769,0,TU
999.25,2769,0,TU
-763.75,2770.5,0,TU
-171.75,2770.5,0,TU
-734.25,2771,0,TU
1438.75,2771,0,TU
1329.75,2771.5,0,TU
-794.75,2773,0,TU
-0.75,2774,0,TU
536.25,2774,0,TU
1548.75,2774,0,TU
1629.75,2774.5,0,TU
1941.75,2775,0,TU
-971.25,2777,0,TU
2638.25,2777,0,TU
175.75,2777.5,0,TU
899.75,2777.5,0,TU
1531.25,2777.5,0,TU
-1115.25,2778,0,TU
1585.25,2779.5,0,TU
-863.25,2781.5,0,TU
306.25,2782,0,TU
353.75,2782,0,TU
-671.25,2782.5,0,TU
589.25,2782.5,0,TU
1035.75,2782.5,0,TU
-1249.75,2783,0,TU
-1096.25,2784,0,TU
-703.25,2784.5,0,TU
-1044.25,2785,0,TU
-265.25,2785.5,0,TU
197.25,2786,0,TU
1429.75,2787,0,TU
-83.75,2787.5,0,TU
273.25,2787.5,0,TU
2517.75,2788,0,TU
725.25,2791.5,0,TU
-1129.75,2792,0,TU
1012.25,2792.5,0,TU
668.25,2793,0,TU
70.75,2794,0,TU
1764.25,2794,0,TU
-1012.25,2794.5,0,TU
957.25,2794.5,0,TU
309.25,2795,0,TU
881.75,2795,0,TU
1109.25,2796,0,TU
1250.25,2796.5,0,TU
1207.75,2797.5,0,TU
1400.75,2798,0,TU
2575.25,2798.5,0,TU
1534.75,2799.5,0,TU
39.75,2802,0,TU
-1300.75,2802.5,0,TU
545.25,2803.5,0,TU
1054.75,2803.5,0,TU
1349.75,2803.5,0,TU
-942.25,2804.5,0,TU
2221.75,2804.5,0,TU
1615.25,2805,0,TU
1476.25,2805.5,0,TU
-760.25,2806,0,TU
455.75,2806,0,TU
1145.25,2806,0,TU
-876.75,2806.5,0,TU
-177.75,2807.5,0,TU
273.75,2809.5,0,TU
304.25,2809.5,0,TU
744.75,2810,0,TU
947.25,2810,0,TU
1397.25,2810,0,TU
1365.25,2812,0,TU
767.75,2812.5,0,TU
718.25,2813,0,TU
1523.75,2813,0,TU
-988.75,2813.5,0,TU
1751.75,2813.5,0,TU
2554.25,2813.5,0,TU
-841.25,2814.5,0,TU
1098.25,2814.5,0,TU
1276.25,2816,0,TU
1562.25,2816.5,0,TU
-221.75,2818.5,0,TU
1121.75,2818.5,0,TU
-1108.75,2819,0,TU
2033.75,2819,0,TU
1650.75,2820,0,TU
2503.75,2820.5,0,TU
1179.25,2821,0,TU
1000.75,2821.5,0,TU
2305.25,2823,0,TU
2232.25,2823.5,0,TU
-1178.75,2825,0,TU
957.25,2825,0,TU
1308.75,2825.5,0,TU
2258.25,2825.5,0,TU
1147.25,2826,0,TU
292.75,2827,0,TU
1014.75,2827,0,TU
724.75,2827.5,0,TU
2078.75,2828,0,TU
1082.75,2828.5,0,TU
-1044.25,2829.5,0,TU
556.75,2831,0,TU
-1261.75,2832.5,0,TU
-846.25,2832.5,0,TU
1948.75,2832.5,0,TU
528.75,2833,0,TU
1469.75,2833.5,0,TU
-1287.25,2834,0,TU
-892.25,2834,0,TU
-172.25,2834,0,TU
244.75,2834,0,TU
1263.75,2834,0,TU
67.75,2834.5,0,TU
-1308.25,2835,0,TU
1568.75,2835,0,TU
2044.75,2835.5,0,TU
1837.75,2836.5,0,TU
2360.75,2836.5,0,TU
-674.25,2837.5,0,TU
-42.25,2837.5,0,TU
909.75,2837.5,0,TU
2465.25,2837.5,0,TU
486.75,2838.5,0,TU
1990.75,2839,0,TU
2280.75,2840,0,TU
1133.25,2840.5,0,TU
576.25,2841,0,TU
2397.25,2844,0,TU
2125.75,2844.5,0,TU
-876.75,2845,0,TU
713.75,2845,0,TU
-1258.25,2845.5,0,TU
-378.25,2846,0,TU
-407.25,2847.5,0,TU
124.25,2847.5,0,TU
748.75,2848.5,0,TU
2246.25,2849,0,TU
-725.25,2849.5,0,TU
1392.25,2849.5,0,TU
924.25,2850.5,0,TU
680.75,2851,0,TU
2408.75,2851.5,0,TU
-1196.75,2852.5,0,TU
324.25,2853,0,TU
603.25,2853,0,TU
-261.25,2853.5,0,TU
1273.25,2853.5,0,TU
1826.75,2854.5,0,TU
359.25,2855,0,TU
-477.25,2855.5,0,TU
631.75,2856.5,0,TU
1033.25,2857,0,TU
213.25,2857.5,0,TU
885.75,2857.5,0,TU
1799.25,2857.5,0,TU
705.75,2858.5,0,TU
1063.75,2859,0,TU
1315.75,2860,0,TU
2368.75,2860.5,0,TU
2227.25,2862.5,0,TU
1961.75,2863.5,0,TU
655.25,2864,0,TU
381.25,2864.5,0,TU
794.75,2864.5,0,TU
1749.25,2865.5,0,TU
1936.75,2866.5,0,TU
-1203.75,2868,0,TU
339.75,2869,0,TU
-1221.25,2869.5,0,TU
2066.75,2870,0,TU
2200.25,2870,0,TU
1984.75,2870.5,0,TU
1603.25,2871,0,TU
891.25,2872,0,TU
771.25,2873.5,0,TU
1351.75,2873.5,0,TU
1057.25,2874,0,TU
2054.75,2874,0,TU
2151.25,2874,0,TU
1842.75,2874.5,0,TU
1024.25,2875,0,TU
243.25,2876,0,TU
574.25,2876.5,0,TU
-343.25,2877.5,0,TU
1916.25,2877.5,0,TU
2245.75,2877.5,0,TU
643.75,2878.5,0,TU
870.75,2878.5,0,TU
1876.75,2878.5,0,TU
1891.25,2879,0,TU
-762.75,2880.5,0,TU
672.25,2881,0,TU
543.75,2881.5,0,TU
1408.25,2881.5,0,TU
193.25,2882,0,TU
45.75,2882.5,0,TU
1665.25,2884.5,0,TU
-454.75,2885,0,TU
464.75,2887,0,TU
851.75,2887,0,TU
943.75,2887,0,TU
-907.25,2887.5,0,TU
-1226.25,2888,0,TU
1076.75,2888,0,TU
2059.25,2888,0,TU
1107.75,2888.5,0,TU
792.25,2890.5,0,TU
1121.25,2890.5,0,TU
489.25,2891,0,TU
1640.75,2891,0,TU
2218.75,2891,0,TU
1323.75,2891.5,0,TU
593.25,2892,0,TU
2098.25,2892.5,0,TU
-441.25,2894.5,0,TU
-1200.25,2895,0,TU
438.75,2895,0,TU
1778.25,2896,0,TU
1047.25,2896.5,0,TU
1749.75,2896.5,0,TU
1924.25,2897,0,TU
886.75,2898,0,TU
145.75,2899,0,TU
1338.75,2899.5,0,TU
949.75,2900.5,0,TU
-1208.75,2902,0,TU
1688.25,2903,0,TU
-383.75,2903.5,0,TU
-913.75,2905,0,TU
839.75,2905.5,0,TU
1822.75,2905.5,0,TU
197.25,2907,0,TU
1372.25,2907,0,TU
770.25,2907.5,0,TU
1662.75,2907.5,0,TU
-51.75,2909.5,0,TU
2079.75,2909.5,0,TU
1272.75,2910,0,TU
1604.25,2911.5,0,TU
-969.25,2912,0,TU
-214.75,2912,0,TU
557.75,2912,0,TU
609.25,2912,0,TU
1067.75,2912,0,TU
1430.25,2912.5,0,TU
-15.75,2913.5,0,TU
1796.75,2913.5,0,TU
951.75,2914,0,TU
814.25,2914.5,0,TU
-453.75,2915,0,TU
653.75,2915,0,TU
1773.75,2915,0,TU
2131.25,2916,0,TU
2167.75,2916,0,TU
1576.75,2916.5,0,TU
1553.75,2919,0,TU
-1260.25,2919.5,0,TU
-508.25,2919.5,0,TU
1731.75,2920,0,TU
1952.75,2920,0,TU
865.75,2920.5,0,TU
-1195.75,2921.5,0,TU
1976.25,2921.5,0,TU
1519.25,2922,0,TU
1257.25,2924.5,0,TU
-1077.75,2925,0,TU
1081.75,2926,0,TU
1604.25,2926.5,0,TU
-380.25,2927,0,TU
459.75,2927,0,TU
-353.25,2927.5,0,TU
940.75,2927.5,0,TU
1630.25,2927.5,0,TU
-1221.25,2930,0,TU
2069.75,2930.5,0,TU
-228.25,2932,0,TU
1391.25,2932,0,TU
606.25,2933.5,0,TU
486.25,2934.5,0,TU
2094.75,2935,0,TU
-1037.25,2935.5,0,TU
-1058.75,2937,0,TU
-662.25,2937.5,0,TU
1236.25,2937.5,0,TU
-456.75,2939.5,0,TU
-1125.75,2941.5,0,TU
825.25,2941.5,0,TU
1312.75,2943,0,TU
1703.25,2943,0,TU
-329.25,2943.5,0,TU
472.75,2946,0,TU
-765.25,2946.5,0,TU
495.75,2948.5,0,TU
1610.25,2948.5,0,TU
588.75,2949.5,0,TU
783.75,2950.5,0,TU
888.75,2951,0,TU
1726.25,2951.5,0,TU
241.25,2952,0,TU
1429.75,2952.5,0,TU
1833.75,2953,0,TU
-92.75,2954,0,TU
-235.75,2954.5,0,TU
1679.75,2955,0,TU
2130.75,2955,0,TU
-1236.25,2955.5,0,TU
1937.75,2956,0,TU
1756.75,2957.5,0,TU
1988.25,2957.5,0,TU
-1041.75,2958.5,0,TU
-47.75,2959,0,TU
575.25,2960.5,0,TU
-296.25,2961,0,TU
531.25,2962,0,TU
1802.25,2962,0,TU
2102.25,2962.5,0,TU
-1224.25,2963,0,TU
1456.75,2963,0,TU
-850.25,2964,0,TU
-410.75,2964,0,TU
866.25,2966,0,TU
-1280.75,2966.5,0,TU
745.25,2966.5,0,TU
1256.75,2966.5,0,TU
-528.25,2967,0,TU
553.75,2968,0,TU
1223.75,2968,0,TU
-456.75,2968.5,0,TU
1281.25,2969.5,0,TU
904.75,2971,0,TU
1702.25,2971.5,0,TU
1501.75,2973,0,TU
1721.75,2973,0,TU
2058.25,2973.5,0,TU
1531.25,2974,0,TU
2022.75,2975,0,TU
817.25,2976,0,TU
1742.25,2976,0,TU
1519.75,2977.5,0,TU
1675.75,2978.5,0,TU
1982.25,2978.5,0,TU
1336.25,2979,0,TU
-367.75,2981,0,TU
-766.25,2981.5,0,TU
220.25,2982,0,TU
762.25,2982,0,TU
-281.25,2982.5,0,TU
1806.75,2982.5,0,TU
1940.25,2984.5,0,TU
582.75,2985.5,0,TU
697.75,2986,0,TU
180.25,2986.5,0,TU
1686.75,2987,0,TU
1374.75,2987.5,0,TU
-897.75,2988,0,TU
-153.75,2989,0,TU
1271.25,2989,0,TU
1854.25,2989,0,TU
1293.75,2990.5,0,TU
1899.75,2991,0,TU
-1245.75,2991.5,0,TU
659.75,2991.5,0,TU
77.75,2993,0,TU
1541.25,2993,0,TU
570.25,2994,0,TU
333.25,2996.5,0,TU
849.25,2996.5,0,TU
634.25,2997,0,TU
1926.25,2997,0,TU
731.75,2998.5,0,TU
1483.25,2998.5,0,TU
1207.75,2999.5,0,TU
-935.25,3001,0,TU
2026.25,3002,0,TU
500.75,3004,0,TU
529.25,3004.5,0,TU
825.75,3004.5,0,TU
1941.25,3005,0,TU
-754.75,3005.5,0,TU
118.75,3005.5,0,TU
595.25,3006,0,TU
-632.75,3007.5,0,TU
106.25,3007.5,0,TU
233.25,3008,0,TU
714.75,3008,0,TU
-971.75,3008.5,0,TU
1125.25,3008.5,0,TU
1256.75,3009,0,TU
1145.25,3009.5,0,TU
216.25,3010,0,TU
1841.75,3010.5,0,TU
1989.25,3010.5,0,TU
-256.25,3011,0,TU
-202.25,3011,0,TU
474.75,3011,0,TU
1501.75,3011.5,0,TU
-156.25,3017,0,TU
189.25,3017.5,0,TU
-1116.75,3020.5,0,TU
44.75,3020.5,0,TU
1490.75,3020.5,0,TU
73.25,3022.5,0,TU
1863.25,3023,0,TU
737.75,3023.5,0,TU
-1157.25,3024,0,TU
1315.25,3024.5,0,TU
973.25,3025,0,TU
16.75,3025.5,0,TU
-944.25,3026,0,TU
620.25,3026.5,0,TU
674.75,3028.5,0,TU
-822.75,3030.5,0,TU
1073.25,3030.5,0,TU
-1209.75,3031.5,0,TU
213.25,3033,0,TU
-1018.75,3033.5,0,TU
-1234.25,3035,0,TU
-1112.75,3035,0,TU
-837.75,3036.5,0,TU
1118.75,3036.5,0,TU
1137.75,3036.5,0,TU
1094.75,3037,0,TU
1254.75,3037,0,TU
62.75,3037.5,0,TU
1009.25,3037.5,0,TU
-313.75,3038,0,TU
1212.25,3038.5,0,TU
-1002.75,3039,0,TU
562.75,3039,0,TU
1823.25,3041.5,0,TU
-1095.75,3042,0,TU
1034.75,3043.5,0,TU
1049.75,3043.5,0,TU
600.25,3044,0,TU
-1193.25,3046.5,0,TU
-4.25,3046.5,0,TU
-462.25,3048,0,TU
87.75,3049,0,TU
-1017.25,3049.5,0,TU
-666.25,3050,0,TU
19.75,3051,0,TU
578.75,3051,0,TU
1781.25,3052.5,0,TU
-589.25,3053,0,TU
1295.25,3053,0,TU
-267.75,3054.5,0,TU
220.25,3056,0,TU
1762.25,3057,0,TU
-1098.75,3058.5,0,TU
-491.75,3059,0,TU
416.75,3059,0,TU
950.75,3059.5,0,TU
-43.25,3060.5,0,TU
-398.75,3061.5,0,TU
669.25,3062,0,TU
1058.25,3062.5,0,TU
1311.75,3062.5,0,TU
384.75,3063,0,TU
1187.25,3063,0,TU
195.75,3063.5,0,TU
639.75,3064,0,TU
1136.25,3064.5,0,TU
1465.25,3064.5,0,TU
128.25,3065,0,TU
-1057.75,3066.5,0,TU
1011.25,3067,0,TU
-423.25,3067.5,0,TU
-327.75,3067.5,0,TU
1035.25,3068,0,TU
-1156.75,3069,0,TU
692.25,3070,0,TU
-1031.75,3072.5,0,TU
874.25,3072.5,0,TU
-1117.75,3073,0,TU
471.25,3074,0,TU
1103.75,3074.5,0,TU
-155.25,3075,0,TU
355.25,3075.5,0,TU
235.75,3076,0,TU
1771.25,3078,0,TU
1738.25,3078.5,0,TU
-40.75,3080,0,TU
912.25,3080.5,0,TU
-1132.25,3081.5,0,TU
-338.25,3081.5,0,TU
1282.25,3081.5,0,TU
1326.75,3084,0,TU
1553.75,3084,0,TU
1716.25,3084,0,TU
294.75,3085,0,TU
637.75,3086,0,TU
1148.75,3086,0,TU
-961.25,3086.5,0,TU
603.75,3086.5,0,TU
682.25,3089,0,TU
-1003.25,3089.5,0,TU
123.75,3089.5,0,TU
1628.75,3090,0,TU
1659.25,3090.5,0,TU
-880.75,3091,0,TU
480.75,3092.5,0,TU
-733.75,3093.5,0,TU
185.75,3094,0,TU
-559.25,3095.5,0,TU
1086.75,3097,0,TU
255.25,3097.5,0,TU
-450.75,3098,0,TU
983.75,3099,0,TU
321.75,3099.5,0,TU
364.25,3100,0,TU
1364.25,3100,0,TU
741.25,3101,0,TU
1282.25,3101,0,TU
-856.75,3101.5,0,TU
645.25,3102,0,TU
-376.75,3102.5,0,TU
2.75,3104.5,0,TU
-430.25,3105,0,TU
66.25,3105.5,0,TU
-798.75,3106.5,0,TU
-891.25,3107.5,0,TU
1679.25,3107.5,0,TU
1050.75,3109,0,TU
-771.75,3110,0,TU
-948.25,3110.5,0,TU
1107.25,3110.5,0,TU
1573.75,3111,0,TU
-1106.25,3111.5,0,TU
273.25,3111.5,0,TU
1488.75,3112,0,TU
1515.25,3112,0,TU
1261.75,3113,0,TU
623.75,3113.5,0,TU
-491.75,3114,0,TU
-870.25,3115,0,TU
1289.75,3115,0,TU
1333.25,3116,0,TU
549.75,3116.5,0,TU
-618.75,3118,0,TU
1784.25,3118.5,0,TU
-967.25,3119,0,TU
-404.75,3120.5,0,TU
-32.75,3120.5,0,TU
1207.75,3120.5,0,TU
-419.75,3122.5,0,TU
-1079.25,3123.5,0,TU
-674.75,3124,0,TU
-889.75,3125.5,0,TU
-566.75,3126.5,0,TU
-751.75,3127,0,TU
-517.25,3127,0,TU
13.75,3127.5,0,TU
-476.75,3128,0,TU
1455.75,3128,0,TU
1019.75,3131.5,0,TU
1053.25,3133,0,TU
-232.25,3133.5,0,TU
46.75,3133.5,0,TU
1234.25,3135.5,0,TU
-137.75,3136,0,TU
-1103.25,3136.5,0,TU
-217.75,3136.5,0,TU
-821.25,3137,0,TU
-871.75,3137.5,0,TU
893.75,3138.5,0,TU
1567.75,3141,0,TU
-985.75,3141.5,0,TU
-460.75,3141.5,0,TU
1532.75,3142,0,TU
1949.75,3142.5,0,TU
-935.75,3143.5,0,TU
297.25,3143.5,0,TU
-439.75,3144,0,TU
212.25,3144,0,TU
736.25,3145,0,TU
-699.75,3145.5,0,TU
-618.25,3145.5,0,TU
183.75,3146.5,0,TU
-645.75,3148,0,TU
1223.75,3148,0,TU
1042.25,3148.5,0,TU
-757.75,3149,0,TU
321.75,3150,0,TU
1126.25,3150,0,TU
-83.75,3150.5,0,TU
-776.75,3151.5,0,TU
-955.75,3152,0,TU
1936.75,3152,0,TU
73.25,3152.5,0,TU
1090.75,3154.5,0,TU
1265.75,3155.5,0,TU
1724.75,3155.5,0,TU
592.75,3156,0,TU
1694.25,3156.5,0,TU
-417.75,3157,0,TU
-895.75,3158.5,0,TU
-668.25,3158.5,0,TU
-383.75,3158.5,0,TU
-625.75,3159,0,TU
755.25,3160,0,TU
955.25,3161.5,0,TU
1157.25,3161.5,0,TU
-363.25,3162,0,TU
-755.25,3162.5,0,TU
-586.75,3162.5,0,TU
1381.75,3163,0,TU
362.25,3163.5,0,TU
-513.25,3164,0,TU
823.25,3164,0,TU
251.25,3164.5,0,TU
-644.75,3165,0,TU
1748.75,3165,0,TU
-312.75,3165.5,0,TU
1782.25,3165.5,0,TU
179.75,3166,0,TU
1029.25,3166.5,0,TU
1548.25,3167,0,TU
1069.25,3167.5,0,TU
1280.75,3168,0,TU
-523.75,3169.5,0,TU
-862.25,3170,0,TU
-50.75,3170,0,TU
875.25,3170,0,TU
8.25,3171,0,TU
468.75,3171,0,TU
1679.75,3171,0,TU
523.75,3171.5,0,TU
1504.25,3171.5,0,TU
-374.25,3172,0,TU
1723.25,3172,0,TU
42.25,3174.5,0,TU
932.75,3174.5,0,TU
-570.75,3175.5,0,TU
-1038.75,3176,0,TU
-278.75,3177,0,TU
1293.75,3178,0,TU
-24.25,3179.5,0,TU
855.75,3180,0,TU
911.75,3180,0,TU
1641.75,3181,0,TU
-545.75,3181.5,0,TU
1121.75,3184.5,0,TU
486.75,3185,0,TU
-733.25,3185.5,0,TU
1598.25,3185.5,0,TU
1620.75,3185.5,0,TU
1778.75,3185.5,0,TU
589.25,3186,0,TU
1061.25,3186,0,TU
-115.75,3186.5,0,TU
1038.75,3187.5,0,TU
-388.25,3188,0,TU
146.25,3188,0,TU
1163.75,3188,0,TU
-840.75,3189.5,0,TU
-814.25,3190,0,TU
1703.25,3190,0,TU
62.25,3190.5,0,TU
-37.25,3191,0,TU
1007.75,3192.5,0,TU
806.75,3193,0,TU
536.25,3194,0,TU
714.25,3194.5,0,TU
1216.75,3194.5,0,TU
1258.25,3194.5,0,TU
1565.25,3195,0,TU
1763.25,3195,0,TU
-997.75,3195.5,0,TU
828.25,3195.5,0,TU
1141.75,3195.5,0,TU
-521.75,3196.5,0,TU
470.75,3197,0,TU
1675.75,3198,0,TU
-964.75,3200,0,TU
-70.25,3200.5,0,TU
-293.75,3201,0,TU
749.25,3201,0,TU
1596.75,3202,0,TU
445.75,3204,0,TU
929.75,3204.5,0,TU
1792.75,3204.5,0,TU
1108.25,3205,0,TU
-509.25,3205.5,0,TU
1959.25,3205.5,0,TU
977.25,3206.5,0,TU
-859.75,3207,0,TU
-434.75,3207,0,TU
634.75,3208.5,0,TU
1532.25,3209,0,TU
-341.25,3210,0,TU
799.25,3210,0,TU
1155.75,3210,0,TU
-925.75,3211.5,0,TU
-653.75,3211.5,0,TU
-313.25,3212,0,TU
775.25,3212,0,TU
1046.75,3212,0,TU
-407.75,3212.5,0,TU
-386.75,3213.5,0,TU
1066.75,3214.5,0,TU
1499.25,3215,0,TU
2020.25,3215,0,TU
1023.25,3216,0,TU
-963.75,3217,0,TU
71.75,3217,0,TU
935.25,3217,0,TU
583.25,3217.5,0,TU
-459.75,3220,0,TU
-527.75,3220.5,0,TU
-369.75,3221,0,TU
-1030.25,3222,0,TU
1622.75,3222,0,TU
1664.75,3222,0,TU
-1000.75,3222.5,0,TU
1689.75,3222.5,0,TU
1879.25,3223.5,0,TU
1099.25,3226,0,TU
468.25,3226.5,0,TU
571.25,3228,0,TU
620.75,3228.5,0,TU
759.25,3228.5,0,TU
864.25,3228.5,0,TU
-436.25,3229.5,0,TU
-407.75,3229.5,0,TU
-711.75,3230.5,0,TU
-490.75,3231.5,0,TU
-614.25,3233,0,TU
-207.25,3233.5,0,TU
-224.25,3234,0,TU
1801.75,3234,0,TU
-297.25,3234.5,0,TU
444.75,3235,0,TU
595.75,3237,0,TU
-968.75,3237.5,0,TU
-834.75,3237.5,0,TU
-782.75,3237.5,0,TU
-643.25,3237.5,0,TU
-239.25,3238.5,0,TU
-723.75,3239,0,TU
-587.75,3239,0,TU
-115.75,3239,0,TU
1846.75,3239,0,TU
499.25,3239.5,0,TU
409.75,3243,0,TU
-450.75,3244,0,TU
-85.25,3245,0,TU
1824.75,3245.5,0,TU
-323.75,3247.5,0,TU
-471.75,3248,0,TU
760.75,3250.5,0,TU
-854.25,3251,0,TU
-391.75,3251,0,TU
1807.25,3252.5,0,TU
-416.25,3253,0,TU
476.25,3253,0,TU
1701.75,3253,0,TU
-623.75,3253.5,0,TU
698.75,3253.5,0,TU
712.25,3254,0,TU
-232.25,3254.5,0,TU
726.75,3254.5,0,TU
-563.25,3257.5,0,TU
1684.75,3258,0,TU
-593.75,3258.5,0,TU
-195.75,3259.5,0,TU
506.25,3260,0,TU
1894.25,3260,0,TU
-277.75,3260.5,0,TU
-492.25,3261,0,TU
369.75,3261.5,0,TU
600.75,3262.5,0,TU
-997.75,3263.5,0,TU
-741.25,3263.5,0,TU
1944.25,3264.5,0,TU
-256.25,3265,0,TU
1913.75,3265.5,0,TU
775.25,3267.5,0,TU
340.25,3268.5,0,TU
1966.75,3269,0,TU
-920.25,3271.5,0,TU
144.25,3271.5,0,TU
1713.25,3272,0,TU
-985.25,3272.5,0,TU
1758.75,3272.5,0,TU
-533.75,3273,0,TU
-419.75,3274,0,TU
722.25,3275,0,TU
742.25,3275.5,0,TU
698.75,3276.5,0,TU
-386.25,3277,0,TU
-576.25,3278,0,TU
494.75,3278,0,TU
553.75,3279,0,TU
-957.25,3281,0,TU
-770.75,3281,0,TU
1772.25,3281,0,TU
603.75,3282,0,TU
-474.25,3283,0,TU
1904.25,3284,0,TU
1738.25,3285,0,TU
-175.75,3287.5,0,TU
811.25,3288,0,TU
1637.75,3288.5,0,TU
1951.75,3289,0,TU
724.25,3289.5,0,TU
415.25,3290.5,0,TU
-223.75,3291,0,TU
-198.75,3291,0,TU
-796.25,3292,0,TU
-403.75,3292,0,TU
-152.75,3292,0,TU
437.75,3293.5,0,TU
1931.75,3293.5,0,TU
554.25,3295.5,0,TU
-489.75,3296.5,0,TU
1755.75,3297,0,TU
672.75,3298,0,TU
-132.25,3298.5,0,TU
1725.25,3299,0,TU
-819.25,3301,0,TU
-550.75,3301.5,0,TU
312.25,3301.5,0,TU
258.75,3302,0,TU
1691.75,3302,0,TU
-364.75,3302.5,0,TU
702.75,3302.5,0,TU
604.25,3303,0,TU
-180.75,3303.5,0,TU
471.25,3303.5,0,TU
537.25,3304,0,TU
1789.75,3305.5,0,TU
180.25,3306,0,TU
-923.75,3306.5,0,TU
-892.75,3307.5,0,TU
-943.75,3308,0,TU
-793.25,3308,0,TU
735.25,3308.5,0,TU
1805.25,3308.5,0,TU
1671.25,3310.5,0,TU
93.75,3313,0,TU
836.75,3313,0,TU
-116.75,3313.5,0,TU
-151.25,3316,0,TU
-855.75,3317,0,TU
-587.25,3317,0,TU
-313.25,3317,0,TU
19.25,3318,0,TU
-712.25,3319,0,TU
474.75,3319,0,TU
-53.75,3319.5,0,TU
-238.25,3320,0,TU
152.25,3320,0,TU
-612.75,3320.5,0,TU
-527.75,3320.5,0,TU
-382.75,3320.5,0,TU
714.75,3320.5,0,TU
1688.75,3320.5,0,TU
759.75,3321,0,TU
-646.75,3324.5,0,TU
394.75,3325,0,TU
-758.25,3326.5,0,TU
375.25,3327,0,TU
-784.75,3327.5,0,TU
-203.75,3327.5,0,TU
1651.75,3328.5,0,TU
273.75,3330.5,0,TU
-268.75,3331,0,TU
-547.75,3332,0,TU
-402.25,3334,0,TU
-455.75,3334.5,0,TU
499.25,3334.5,0,TU
-876.25,3335,0,TU
329.25,3336.5,0,TU
-281.75,3338.5,0,TU
-637.25,3340,0,TU
757.75,3340,0,TU
-230.25,3342,0,TU
-773.25,3343,0,TU
1639.75,3343,0,TU
-119.25,3345,0,TU
404.25,3346.5,0,TU
-312.75,3349,0,TU
731.75,3349.5,0,TU
1688.75,3349.5,0,TU
1652.75,3351.5,0,TU
-471.75,3353,0,TU
-85.25,3353,0,TU
782.25,3353,0,TU
-416.75,3354.5,0,TU
100.75,3354.5,0,TU
-567.75,3355,0,TU
567.25,3356.5,0,TU
-43.25,3357,0,TU
22.75,3357,0,TU
-11.25,3359.5,0,TU
523.75,3360.5,0,TU
274.75,3361,0,TU
756.25,3363.5,0,TU
1683.25,3364,0,TU
-816.75,3365.5,0,TU
-746.75,3365.5,0,TU
-729.25,3365.5,0,TU
153.25,3365.5,0,TU
350.75,3366.5,0,TU
-711.25,3367,0,TU
692.25,3367,0,TU
-401.25,3368.5,0,TU
579.25,3369,0,TU
6.75,3370.5,0,TU
-439.75,3372.5,0,TU
-284.25,3375.5,0,TU
53.25,3376,0,TU
131.75,3376,0,TU
427.25,3376.5,0,TU
238.75,3380,0,TU
-751.25,3381,0,TU
308.75,3382.5,0,TU
84.75,3383.5,0,TU
-682.25,3384,0,TU
464.75,3385.5,0,TU
618.25,3385.5,0,TU
1658.25,3386.5,0,TU
1626.75,3388,0,TU
777.75,3389.5,0,TU
549.25,3396,0,TU
174.25,3398.5,0,TU
706.75,3400,0,TU
-395.25,3403,0,TU
689.25,3404.5,0,TU
831.75,3404.5,0,TU
48.25,3408,0,TU
64.25,3408,0,TU
257.75,3410,0,TU
417.75,3414,0,TU
31.75,3419.5,0,TU
854.25,3423,0,TU
565.25,3425,0,TU
269.75,3425.5,0,TU
494.25,3430.5,0,TU
151.75,3434.5,0,TU
60.75,3439.5,0,TU
419.25,3440,0,TU
556.25,3442,0,TU
250.75,3443.5,0,TU
542.75,3454.5,0,TU
169.75,3458,0,TU
78.75,3462.5,0,TU
36.25,3464,0,TU
510.75,3476,0,TU
200.75,3483,0,TU
548.75,3484.5,0,TU
484.75,3488,0,TU
565.75,3488.5,0,TU
521.25,3491.5,0,TU
437.75,3509,0,TU
295.25,3525,0,TU
439.75,3535.5,0,TU
481.75,3537,0,TU
391.75,3543.5,0,TU
320.25,3546,0,TU
468.75,3548,0,TU
305.25,3549,0,TU
344.75,3553,0,TU
-2970.75,-1413,0,Mph
-2844.75,-1507,0,Mph
-2846.75,-1425.5,0,Mph
-2804.25,-1410.5,0,Mph
-755.75,-1941,0,Mph
-587.25,-1930,0,Mph
-754.25,-1910.5,0,Mph
-630.75,-1890.5,0,Mph
-896.75,-1685.5,0,Mph
-1116.75,-1657,0,Mph
-1099.25,-1627.5,0,Mph
-808.75,-1609,0,Mph
-979.25,-1591,0,Mph
-903.25,-1547,0,Mph
-986.25,-1520,0,Mph
-843.25,-1503.5,0,Mph
-893.25,-1453,0,Mph
-1010.25,-1447,0,Mph
-1001.25,-1363,0,Mph
-1007.75,-1329,0,Mph
-268.25,-1773,0,Mph
-73.75,-1726,0,Mph
-165.25,-1662.5,0,Mph
267.75,-1260.5,0,Mph
276.75,-1239.5,0,Mph
298.75,-1235,0,Mph
265.75,-1217,0,Mph
284.75,-1213.5,0,Mph
-1077.25,-3402.5,0,Mph
-482.75,-3391,0,Mph
433.25,-2343.5,0,Mph
588.75,-2212.5,0,Mph
1093.25,-2140,0,Mph
1011.75,-2132.5,0,Mph
973.25,-2126.5,0,Mph
2045.25,-2144,0,Mph
234.75,-2618,0,Mph
-295.25,-2408.5,0,Mph
-215.75,-1991.5,0,Mph
1064.25,-1905.5,0,Mph
945.25,-1896.5,0,Mph
947.25,-1872.5,0,Mph
794.75,-1705,0,Mph
791.75,-1414,0,Mph
821.75,-1411,0,Mph
818.25,-1393.5,0,Mph
625.75,-1387,0,Mph
740.75,-1372.5,0,Mph
752.75,-1346.5,0,Mph
449.75,-1322,0,Mph
638.25,-1317.5,0,Mph
737.25,-1322.5,0,Mph
429.75,-1320.5,0,Mph
397.25,-1312,0,Mph
-1672.75,-2668,0,Mph
-1905.25,-2047.5,0,Mph
1433.75,-2556.5,0,Mph
1418.75,-2551.5,0,Mph
1206.25,-2436,0,Mph
1468.75,-2398,0,Mph
1395.25,-2372.5,0,Mph
1500.75,-2352.5,0,Mph
1472.75,-2348,0,Mph
1531.75,-2310.5,0,Mph
1256.25,-2298,0,Mph
1432.75,-2267,0,Mph
1395.25,-2262.5,0,Mph
1280.25,-2225,0,Mph
1310.25,-2211,0,Mph
1501.75,-2208.5,0,Mph
1257.75,-2203.5,0,Mph
1173.75,-2196,0,Mph
1519.75,-2195.5,0,Mph
1148.25,-2136,0,Mph
1390.25,-2130,0,Mph
1135.25,-2015.5,0,Mph
1683.25,-1600.5,0,Mph
1630.25,-1590,0,Mph
1567.75,-1433,0,Mph
1626.25,-1352,0,Mph
1307.25,-1245.5,0,Mph
1227.25,-1210,0,Mph
-949.25,-2317,0,Mph
-1036.75,-2296,0,Mph
-894.75,-2213.5,0,Mph
-738.75,-2117.5,0,Mph
-916.25,-2112.5,0,Mph
-672.75,-2107.5,0,Mph
-629.25,-2103,0,Mph
-624.75,-2090,0,Mph
-813.25,-2020,0,Mph
-494.75,-1971.5,0,Mph
-523.25,-1970.5,0,Mph
932.25,-1123,0,Mph
949.75,-1097,0,Mph
830.25,-1072.5,0,Mph
383.75,-955,0,Mph
549.75,-805.5,0,Mph
406.75,-785.5,0,Mph
562.75,-781.5,0,Mph
333.75,-706,0,Mph
628.75,-704.5,0,Mph
331.75,-676.5,0,Mph
562.25,-686.5,0,Mph
553.25,-624,0,Mph
366.25,-620.5,0,Mph
564.75,-580.5,0,Mph
825.25,-481,0,Mph
829.75,-464.5,0,Mph
842.25,-453,0,Mph
834.75,-423,0,Mph
834.75,-404,0,Mph
475.75,-395,0,Mph
585.25,-374.5,0,Mph
-1690.75,-1016,0,Mph
-1306.75,-826,0,Mph
-1301.25,-626,0,Mph
-1345.75,-519.5,0,Mph
-1630.75,-493,0,Mph
-1498.75,-406,0,Mph
-1615.75,-376.5,0,Mph
-899.75,-887.5,0,Mph
-533.25,-638.5,0,Mph
-1093.25,-582.5,0,Mph
1156.25,-1092.5,0,Mph
1492.75,-1087,0,Mph
1148.75,-1072.5,0,Mph
1296.25,-1031,0,Mph
1630.75,-976,0,Mph
1616.75,-954.5,0,Mph
1158.25,-851,0,Mph
1376.25,-729.5,0,Mph
1509.75,-717.5,0,Mph
1504.75,-701.5,0,Mph
1305.25,-695.5,0,Mph
1497.25,-689.5,0,Mph
1294.25,-680.5,0,Mph
1633.25,-468,0,Mph
1622.75,-444.5,0,Mph
1295.25,-440.5,0,Mph
1191.75,-432.5,0,Mph
1606.75,-424.5,0,Mph
261.25,-1142,0,Mph
269.75,-1115.5,0,Mph
251.75,-733,0,Mph
272.75,-496,0,Mph
291.75,-481.5,0,Mph
-449.75,-423,0,Mph
284.25,-421,0,Mph
-1984.75,-231.5,0,Mph
-1897.75,-206,0,Mph
-2017.25,-110.5,0,Mph
-2055.75,264,0,Mph
-1097.25,-284.5,0,Mph
-816.25,-31,0,Mph
-604.25,25.5,0,Mph
-631.75,67.5,0,Mph
-515.25,170.5,0,Mph
2345.75,-979,0,Mph
-2137.75,351,0,Mph
408.75,-261.5,0,Mph
485.75,-238.5,0,Mph
860.25,-210,0,Mph
991.75,-219.5,0,Mph
505.75,-218,0,Mph
1009.75,-211.5,0,Mph
416.75,-194.5,0,Mph
489.75,-186.5,0,Mph
612.25,-180.5,0,Mph
498.25,-175,0,Mph
477.25,-151.5,0,Mph
861.75,-146.5,0,Mph
574.25,-101.5,0,Mph
642.25,-97,0,Mph
699.75,-68,0,Mph
561.75,-37,0,Mph
960.75,15,0,Mph
1607.25,-345,0,Mph
1131.75,-293,0,Mph
1144.25,-211.5,0,Mph
1128.25,-206.5,0,Mph
1126.25,-190,0,Mph
1548.25,-125,0,Mph
1588.75,-88.5,0,Mph
1282.75,158.5,0,Mph
1682.25,298.5,0,Mph
1818.25,421.5,0,Mph
-3075.75,354.5,0,Mph
-3075.25,791,0,Mph
-3085.25,965.5,0,Mph
-3246.75,1059.5,0,Mph
-3304.25,1066.5,0,Mph
-3133.75,1101.5,0,Mph
-3156.75,1113.5,0,Mph
-3189.75,1114,0,Mph
-3159.75,1139,0,Mph
-2247.75,465,0,Mph
-682.75,625.5,0,Mph
-942.25,1042,0,Mph
-625.75,1060.5,0,Mph
-2069.25,468,0,Mph
-1539.25,1086,0,Mph
3253.25,1188.5,0,Mph
3262.75,1217.5,0,Mph
873.75,480,0,Mph
864.25,619.5,0,Mph
849.25,623,0,Mph
838.75,633.5,0,Mph
964.75,697,0,Mph
966.75,714.5,0,Mph
975.25,741,0,Mph
1077.25,756,0,Mph
615.25,816.5,0,Mph
760.25,824.5,0,Mph
734.75,829,0,Mph
644.25,835,0,Mph
689.25,835.5,0,Mph
984.75,843,0,Mph
814.75,850.5,0,Mph
1111.75,861,0,Mph
662.25,885.5,0,Mph
955.25,893,0,Mph
954.25,910.5,0,Mph
865.75,935,0,Mph
723.75,956,0,Mph
630.75,955.5,0,Mph
528.75,959.5,0,Mph
745.25,970,0,Mph
1105.75,972,0,Mph
763.75,1110,0,Mph
828.25,1120,0,Mph
662.75,1165,0,Mph
575.75,1199.5,0,Mph
816.75,1195.5,0,Mph
1171.25,524.5,0,Mph
1135.75,793.5,0,Mph
1129.75,882.5,0,Mph
1122.75,898,0,Mph
1681.75,1066.5,0,Mph
1767.25,1146,0,Mph
1716.75,1158,0,Mph
1705.25,1185,0,Mph
1727.25,1200,0,Mph
1742.75,1239.5,0,Mph
-169.25,796,0,Mph
-1433.75,1325,0,Mph
-1420.25,1342,0,Mph
-1859.75,1368.5,0,Mph
-1347.75,1402.5,0,Mph
-2076.75,1584.5,0,Mph
-2069.25,1595,0,Mph
-1785.75,1627.5,0,Mph
-1580.25,1733.5,0,Mph
-1617.75,1742,0,Mph
-1583.25,1753.5,0,Mph
-1550.25,1787.5,0,Mph
-3235.25,1383.5,0,Mph
-776.25,1555.5,0,Mph
-820.25,1578,0,Mph
-803.75,1594,0,Mph
-728.75,1730.5,0,Mph
-582.25,2005,0,Mph
1713.25,1441.5,0,Mph
1411.75,1622,0,Mph
1412.75,1735,0,Mph
1134.25,1742,0,Mph
1322.75,1781,0,Mph
1237.25,1783,0,Mph
1259.25,1788,0,Mph
1142.25,1989.5,0,Mph
-2189.75,1290,0,Mph
-2082.25,1372,0,Mph
-2119.75,1445.5,0,Mph
-2090.75,1569,0,Mph
-2758.75,1686.5,0,Mph
-2340.75,1790,0,Mph
-2299.25,1831,0,Mph
-2507.25,1866.5,0,Mph
2581.75,1655.5,0,Mph
2628.25,1714.5,0,Mph
2692.25,1915.5,0,Mph
2454.75,1992,0,Mph
2415.75,2010,0,Mph
2414.25,2029,0,Mph
809.25,1346,0,Mph
739.25,1349,0,Mph
728.75,1369.5,0,Mph
637.75,1434.5,0,Mph
722.75,1438.5,0,Mph
591.25,1693,0,Mph
643.75,1835,0,Mph
896.25,1930.5,0,Mph
1027.25,1937,0,Mph
996.25,1956,0,Mph
990.75,1977.5,0,Mph
560.75,2014.5,0,Mph
705.25,2030.5,0,Mph
1045.75,2038,0,Mph
3349.75,1274,0,Mph
3393.25,1306,0,Mph
3381.75,1409.5,0,Mph
3515.25,1457.5,0,Mph
3096.75,1484.5,0,Mph
3098.75,1508.5,0,Mph
3071.75,1524,0,Mph
3452.25,1533,0,Mph
3135.25,1548,0,Mph
3104.25,1548.5,0,Mph
3078.75,1634,0,Mph
3079.25,1674.5,0,Mph
3053.75,1676.5,0,Mph
2795.25,1693,0,Mph
2816.25,1721.5,0,Mph
2897.75,1743.5,0,Mph
2764.25,1746.5,0,Mph
2844.75,1759.5,0,Mph
2809.75,1769,0,Mph
2850.75,1795.5,0,Mph
2908.75,1802,0,Mph
2932.25,1810,0,Mph
2941.75,1821.5,0,Mph
3008.75,1858.5,0,Mph
3178.25,2000,0,Mph
3553.25,1435,0,Mph
3560.75,1470,0,Mph
3586.25,1479,0,Mph
-2369.75,2147,0,Mph
-1323.75,2082,0,Mph
-1333.25,2087.5,0,Mph
-1418.25,2282,0,Mph
-1159.25,2133,0,Mph
102.75,2111.5,0,Mph
104.75,2126,0,Mph
316.25,2278,0,Mph
-6.75,2352,0,Mph
-139.75,2479.5,0,Mph
-154.75,2524.5,0,Mph
-135.75,2528,0,Mph
-109.25,2605,0,Mph
-47.25,2678,0,Mph
-29.75,2692,0,Mph
-126.75,2699.5,0,Mph
-89.75,2810.5,0,Mph
-180.75,2818.5,0,Mph
339.75,2116,0,Mph
442.25,2123,0,Mph
787.75,2157,0,Mph
449.75,2231.5,0,Mph
1853.25,2144,0,Mph
1358.25,2622.5,0,Mph
1909.75,2787.5,0,Mph
1841.25,2792.5,0,Mph
2462.75,2057.5,0,Mph
2233.75,2078,0,Mph
2471.75,2670,0,Mph
2346.75,2715,0,Mph
2594.25,2726.5,0,Mph
2094.75,2741,0,Mph
2189.75,2743.5,0,Mph
2161.25,2744,0,Mph
2123.75,2752,0,Mph
2092.25,2761.5,0,Mph
2269.25,2780,0,Mph
2183.25,2777.5,0,Mph
3113.25,2051,0,Mph
3030.75,2129,0,Mph
3027.75,2169,0,Mph
3180.75,2615,0,Mph
3197.75,2632.5,0,Mph
-815.25,2926.5,0,Mph
-856.75,2939.5,0,Mph
-886.75,3020.5,0,Mph
-739.25,3047,0,Mph
-719.25,3047.5,0,Mph
140.25,2926.5,0,Mph
-127.75,2928,0,Mph
136.75,2948,0,Mph
-247.75,3167.5,0,Mph
336.25,2952,0,Mph
338.25,3332,0,Mph
1148.75,3291.5,0,Mph
1755.75,3401.5,0,Mph
-2939.75,-1334,0,Mph
-3254.25,-1287,0,Mph
-2977.75,-1257,0,Mph
-2948.75,-1234.5,0,Mph
-3136.25,-1226.5,0,Mph
-2977.25,-1223.5,0,Mph
-3080.75,-1217,0,Mph
-2886.75,-1209.5,0,Mph
-3333.25,-1201.5,0,Mph
-3125.25,-1189.5,0,Mph
-3004.25,-1186.5,0,Mph
-2943.75,-1187,0,Mph
-3431.75,-1169.5,0,Mph
-2961.75,-1168,0,Mph
-3127.75,-1157.5,0,Mph
-3210.25,-1153.5,0,Mph
-2538.25,-1897,0,Mph
-2583.75,-1859.5,0,Mph
-2087.25,-1849,0,Mph
-2180.25,-1851,0,Mph
-2284.75,-1829.5,0,Mph
-2543.75,-1817,0,Mph
-2094.25,-1812.5,0,Mph
-2126.25,-1803.5,0,Mph
-2280.75,-1796,0,Mph
-2151.25,-1794,0,Mph
-2343.75,-1786,0,Mph
-2210.75,-1776.5,0,Mph
-2144.25,-1743.5,0,Mph
-2167.25,-1744.5,0,Mph
-2127.25,-1730.5,0,Mph
-2258.75,-1724.5,0,Mph
-2266.75,-1682,0,Mph
-2459.75,-1657,0,Mph
-2280.25,-1652,0,Mph
-2486.25,-1630,0,Mph
-2645.25,-1625.5,0,Mph
-2539.25,-1618,0,Mph
-2105.75,-1610,0,Mph
-2218.25,-1591,0,Mph
-2174.75,-1552.5,0,Mph
-2260.75,-1548,0,Mph
-2544.75,-1544.5,0,Mph
-2287.75,-1533,0,Mph
-2178.75,-1527.5,0,Mph
-2738.25,-1493.5,0,Mph
-2878.75,-1466.5,0,Mph
-2778.75,-1456,0,Mph
-2615.75,-1447,0,Mph
-2686.75,-1439.5,0,Mph
-2414.25,-1433.5,0,Mph
-2826.75,-1429.5,0,Mph
-2272.75,-1421,0,Mph
-2866.25,-1420.5,0,Mph
-2815.75,-1418.5,0,Mph
-2518.75,-1394,0,Mph
-2518.25,-1356,0,Mph
-2595.75,-1330.5,0,Mph
-2548.75,-1330,0,Mph
-2654.75,-1326,0,Mph
-2636.25,-1327,0,Mph
-2336.25,-1320,0,Mph
-2374.75,-1315,0,Mph
-2335.75,-1301.5,0,Mph
-2283.25,-1294.5,0,Mph
-2730.75,-1292,0,Mph
-2308.75,-1293.5,0,Mph
-2648.75,-1283,0,Mph
-2741.75,-1275,0,Mph
-2144.75,-1271.5,0,Mph
-2540.75,-1263.5,0,Mph
-2753.75,-1242.5,0,Mph
-2221.75,-1226.5,0,Mph
-2739.25,-1216.5,0,Mph
-2367.25,-1196,0,Mph
-2854.75,-1201.5,0,Mph
-2838.75,-1189,0,Mph
-2792.75,-1185,0,Mph
-2411.25,-1175,0,Mph
-1282.25,-1951,0,Mph
-1959.25,-1936,0,Mph
-1724.75,-1937.5,0,Mph
-1336.75,-1924.5,0,Mph
-1941.75,-1923.5,0,Mph
-1304.25,-1915,0,Mph
-1605.25,-1917,0,Mph
-1545.25,-1909,0,Mph
-1410.25,-1906.5,0,Mph
-1628.25,-1902,0,Mph
-1498.75,-1900,0,Mph
-1349.25,-1900,0,Mph
-1857.75,-1892,0,Mph
-1365.25,-1893,0,Mph
-1954.25,-1868.5,0,Mph
-1542.75,-1866,0,Mph
-1415.75,-1865,0,Mph
-1703.75,-1856.5,0,Mph
-1937.75,-1861,0,Mph
-1438.75,-1849.5,0,Mph
-1321.75,-1853,0,Mph
-1299.25,-1844.5,0,Mph
-1946.25,-1837.5,0,Mph
-1996.25,-1834.5,0,Mph
-1969.75,-1832,0,Mph
-1822.25,-1827.5,0,Mph
-2024.25,-1826.5,0,Mph
-1800.75,-1815,0,Mph
-1393.75,-1814,0,Mph
-1783.25,-1810,0,Mph
-1432.75,-1799,0,Mph
-1538.25,-1785,0,Mph
-1991.25,-1774,0,Mph
-1356.75,-1770,0,Mph
-1842.25,-1760.5,0,Mph
-1747.75,-1763.5,0,Mph
-1646.75,-1762,0,Mph
-1666.25,-1761.5,0,Mph
-1289.25,-1756.5,0,Mph
-1688.25,-1750,0,Mph
-1338.25,-1748,0,Mph
-1788.25,-1740.5,0,Mph
-1761.75,-1736.5,0,Mph
-2010.75,-1727.5,0,Mph
-1730.75,-1731.5,0,Mph
-1368.25,-1729,0,Mph
-1344.25,-1722.5,0,Mph
-1436.75,-1721,0,Mph
-1416.75,-1721.5,0,Mph
-1731.25,-1711,0,Mph
-2017.25,-1710.5,0,Mph
-1324.25,-1710,0,Mph
-1295.25,-1707,0,Mph
-1509.25,-1705,0,Mph
-1401.75,-1705.5,0,Mph
-1608.75,-1707,0,Mph
-1588.75,-1708,0,Mph
-2000.75,-1668.5,0,Mph
-1313.75,-1656,0,Mph
-1982.75,-1661,0,Mph
-1630.75,-1658,0,Mph
-1335.75,-1645.5,0,Mph
-1554.25,-1618.5,0,Mph
-1484.75,-1618,0,Mph
-1777.25,-1607.5,0,Mph
-1796.75,-1603,0,Mph
-1501.25,-1598.5,0,Mph
-1791.25,-1578.5,0,Mph
-1337.75,-1574,0,Mph
-1772.25,-1553.5,0,Mph
-2038.75,-1537,0,Mph
-1490.75,-1516.5,0,Mph
-1963.75,-1478,0,Mph
-1956.25,-1454.5,0,Mph
-1414.75,-1450,0,Mph
-1439.25,-1439.5,0,Mph
-1865.25,-1435.5,0,Mph
-1927.75,-1436.5,0,Mph
-1889.75,-1423,0,Mph
-1853.75,-1421,0,Mph
-1327.75,-1408.5,0,Mph
-1368.75,-1410.5,0,Mph
-1842.75,-1410,0,Mph
-1910.25,-1409.5,0,Mph
-1366.25,-1381.5,0,Mph
-1669.75,-1382,0,Mph
-1394.25,-1372.5,0,Mph
-1689.75,-1376,0,Mph
-1654.25,-1363.5,0,Mph
-1963.75,-1343,0,Mph
-1531.25,-1339.5,0,Mph
-1978.75,-1338,0,Mph
-1905.25,-1327.5,0,Mph
-1967.75,-1324,0,Mph
-1889.25,-1314,0,Mph
-2048.75,-1313.5,0,Mph
-2061.25,-1302,0,Mph
-1983.75,-1295.5,0,Mph
-1423.75,-1278.5,0,Mph
-1355.75,-1268.5,0,Mph
-1406.75,-1268.5,0,Mph
-1376.75,-1263.5,0,Mph
-1339.25,-1215.5,0,Mph
-1313.25,-1208.5,0,Mph
-1353.25,-1202,0,Mph
-1328.75,-1196,0,Mph
-1599.25,-1170,0,Mph
-1540.25,-1164.5,0,Mph
-2077.75,-1164,0,Mph
-1903.25,-1159.5,0,Mph
-1571.25,-1152.5,0,Mph
-1261.25,-1947.5,0,Mph
-1234.25,-1951,0,Mph
-1126.75,-1947.5,0,Mph
-1169.25,-1929,0,Mph
-1227.75,-1921,0,Mph
-1123.75,-1918,0,Mph
-1092.75,-1909.5,0,Mph
-933.75,-1906.5,0,Mph
-1171.75,-1910.5,0,Mph
-1137.25,-1900,0,Mph
-1232.25,-1902,0,Mph
-1210.75,-1903,0,Mph
-986.25,-1899.5,0,Mph
-1114.75,-1887.5,0,Mph
-984.75,-1880,0,Mph
-913.25,-1870.5,0,Mph
-1025.25,-1873,0,Mph
-513.25,-1874.5,0,Mph
-492.25,-1875.5,0,Mph
-692.25,-1868.5,0,Mph
-1252.25,-1865,0,Mph
-1090.25,-1867.5,0,Mph
-1078.25,-1858,0,Mph
-1068.25,-1842.5,0,Mph
-1095.25,-1843,0,Mph
-1110.25,-1841.5,0,Mph
-1238.25,-1837.5,0,Mph
-715.75,-1832.5,0,Mph
-974.75,-1834.5,0,Mph
-1105.75,-1827,0,Mph
-591.75,-1822,0,Mph
-957.75,-1819,0,Mph
-626.25,-1816,0,Mph
-982.75,-1810,0,Mph
-1053.75,-1802.5,0,Mph
-965.25,-1809,0,Mph
-615.25,-1805,0,Mph
-495.75,-1788.5,0,Mph
-586.75,-1792,0,Mph
-544.75,-1789,0,Mph
-1274.75,-1786.5,0,Mph
-804.75,-1768.5,0,Mph
-1262.25,-1772,0,Mph
-581.25,-1760.5,0,Mph
-724.75,-1751.5,0,Mph
-567.75,-1751.5,0,Mph
-1144.25,-1755,0,Mph
-1124.75,-1754,0,Mph
-1155.75,-1740.5,0,Mph
-700.25,-1734.5,0,Mph
-1233.25,-1738.5,0,Mph
-1281.75,-1723,0,Mph
-1108.25,-1726,0,Mph
-647.25,-1722.5,0,Mph
-1269.25,-1716.5,0,Mph
-1022.25,-1711.5,0,Mph
-491.25,-1709,0,Mph
-1071.25,-1704.5,0,Mph
-938.25,-1699.5,0,Mph
-588.25,-1695.5,0,Mph
-621.25,-1687.5,0,Mph
-574.75,-1689,0,Mph
-662.25,-1680.5,0,Mph
-1207.25,-1679,0,Mph
-688.25,-1683.5,0,Mph
-563.25,-1674,0,Mph
-595.75,-1679.5,0,Mph
-547.75,-1660.5,0,Mph
-1052.25,-1653,0,Mph
-578.75,-1644,0,Mph
-514.75,-1645,0,Mph
-487.25,-1631,0,Mph
-963.75,-1626,0,Mph
-664.25,-1616,0,Mph
-712.25,-1609.5,0,Mph
-616.75,-1603,0,Mph
-1237.25,-1602.5,0,Mph
-699.25,-1579.5,0,Mph
-737.25,-1542,0,Mph
-710.25,-1532,0,Mph
-732.75,-1516,0,Mph
-652.25,-1520.5,0,Mph
-708.75,-1511,0,Mph
-634.25,-1505,0,Mph
-693.75,-1501.5,0,Mph
-722.25,-1502,0,Mph
-681.25,-1480,0,Mph
-667.25,-1469,0,Mph
-628.75,-1467.5,0,Mph
-841.25,-1465,0,Mph
-704.75,-1461,0,Mph
-690.25,-1454,0,Mph
-656.75,-1447,0,Mph
-713.75,-1446,0,Mph
-814.75,-1446,0,Mph
-913.25,-1445,0,Mph
-674.75,-1446,0,Mph
-928.75,-1439,0,Mph
-949.75,-1433.5,0,Mph
-914.25,-1421.5,0,Mph
-561.25,-1418,0,Mph
-785.75,-1406,0,Mph
-716.75,-1403.5,0,Mph
-544.25,-1401,0,Mph
-862.25,-1395,0,Mph
-715.25,-1388.5,0,Mph
-534.25,-1365,0,Mph
-649.75,-1369.5,0,Mph
-488.25,-1357,0,Mph
-802.25,-1346.5,0,Mph
-603.25,-1333.5,0,Mph
-572.75,-1332,0,Mph
-787.25,-1327,0,Mph
-701.75,-1327,0,Mph
-737.75,-1321,0,Mph
-778.75,-1316,0,Mph
-552.75,-1307.5,0,Mph
-685.75,-1313,0,Mph
-569.25,-1295,0,Mph
-772.75,-1292,0,Mph
-614.25,-1289.5,0,Mph
-594.25,-1286.5,0,Mph
-687.75,-1286,0,Mph
-657.75,-1274.5,0,Mph
-598.25,-1264.5,0,Mph
-592.75,-1248,0,Mph
-806.25,-1254.5,0,Mph
-678.25,-1246,0,Mph
-806.75,-1238,0,Mph
-986.75,-1243,0,Mph
-540.75,-1235,0,Mph
-1176.75,-1220.5,0,Mph
-954.25,-1215,0,Mph
-1226.25,-1212.5,0,Mph
-1255.25,-1198.5,0,Mph
-552.25,-1194,0,Mph
-1017.75,-1193.5,0,Mph
-525.25,-1191,0,Mph
-711.75,-1193,0,Mph
-758.25,-1185,0,Mph
-806.75,-1186,0,Mph
-989.75,-1184.5,0,Mph
-918.25,-1184,0,Mph
-693.75,-1181.5,0,Mph
-967.75,-1174.5,0,Mph
-749.25,-1172.5,0,Mph
-1022.25,-1161.5,0,Mph
-664.75,-1164.5,0,Mph
-903.75,-1162.5,0,Mph
-728.75,-1160,0,Mph
-170.75,-1944,0,Mph
-93.25,-1936,0,Mph
-478.25,-1932.5,0,Mph
311.25,-1920.5,0,Mph
79.25,-1920.5,0,Mph
243.25,-1916.5,0,Mph
43.75,-1914.5,0,Mph
71.25,-1907,0,Mph
217.75,-1891.5,0,Mph
-472.75,-1889,0,Mph
-216.25,-1888,0,Mph
-30.25,-1885,0,Mph
30.75,-1880,0,Mph
-25.75,-1853.5,0,Mph
131.75,-1840,0,Mph
-440.75,-1840,0,Mph
-54.75,-1819.5,0,Mph
180.75,-1809.5,0,Mph
-457.25,-1801,0,Mph
-409.25,-1802.5,0,Mph
-384.25,-1794,0,Mph
-80.75,-1781.5,0,Mph
55.25,-1782,0,Mph
-35.25,-1776,0,Mph
79.75,-1778,0,Mph
-414.75,-1775.5,0,Mph
-480.25,-1760.5,0,Mph
-445.75,-1767,0,Mph
-382.25,-1766.5,0,Mph
207.75,-1750,0,Mph
-383.25,-1739.5,0,Mph
-323.75,-1726.5,0,Mph
-361.25,-1721.5,0,Mph
-422.25,-1721.5,0,Mph
284.75,-1719.5,0,Mph
297.25,-1714.5,0,Mph
310.75,-1708,0,Mph
-474.75,-1707,0,Mph
-375.75,-1699.5,0,Mph
26.25,-1697.5,0,Mph
-213.25,-1690.5,0,Mph
244.75,-1673.5,0,Mph
-455.25,-1666.5,0,Mph
275.25,-1661.5,0,Mph
-378.75,-1657.5,0,Mph
-151.75,-1656,0,Mph
78.75,-1642.5,0,Mph
-248.25,-1648.5,0,Mph
63.25,-1648,0,Mph
-305.25,-1634.5,0,Mph
-378.75,-1635.5,0,Mph
-205.25,-1624.5,0,Mph
-334.75,-1618,0,Mph
264.75,-1610,0,Mph
-198.75,-1611,0,Mph
-252.25,-1605,0,Mph
-92.25,-1603.5,0,Mph
-69.25,-1593,0,Mph
290.25,-1590.5,0,Mph
164.25,-1583.5,0,Mph
-419.75,-1584.5,0,Mph
-228.75,-1581.5,0,Mph
-208.75,-1579,0,Mph
224.25,-1571,0,Mph
-337.25,-1548.5,0,Mph
-63.25,-1547,0,Mph
-49.25,-1539.5,0,Mph
-12.75,-1543.5,0,Mph
-242.75,-1532.5,0,Mph
1.25,-1533,0,Mph
-110.25,-1531.5,0,Mph
-125.75,-1528.5,0,Mph
-106.75,-1517.5,0,Mph
-328.25,-1518,0,Mph
-91.25,-1509.5,0,Mph
110.25,-1499.5,0,Mph
-305.25,-1489.5,0,Mph
59.75,-1490,0,Mph
-285.75,-1479.5,0,Mph
75.25,-1484.5,0,Mph
-260.25,-1474.5,0,Mph
-232.25,-1475,0,Mph
50.25,-1470,0,Mph
76.75,-1467.5,0,Mph
148.25,-1464,0,Mph
-290.75,-1462.5,0,Mph
-159.75,-1454,0,Mph
232.25,-1457,0,Mph
192.25,-1457.5,0,Mph
-124.25,-1437.5,0,Mph
-14.25,-1436.5,0,Mph
90.25,-1430,0,Mph
69.25,-1428,0,Mph
-177.25,-1423,0,Mph
-298.25,-1418.5,0,Mph
-61.25,-1412.5,0,Mph
-387.25,-1410.5,0,Mph
98.25,-1399,0,Mph
-290.75,-1401.5,0,Mph
-379.25,-1396,0,Mph
-98.25,-1385.5,0,Mph
302.75,-1386.5,0,Mph
138.25,-1379.5,0,Mph
77.75,-1381.5,0,Mph
66.25,-1374,0,Mph
-398.75,-1370,0,Mph
88.25,-1368,0,Mph
163.75,-1364.5,0,Mph
3.25,-1363,0,Mph
-293.75,-1359,0,Mph
-100.75,-1354.5,0,Mph
-388.75,-1352.5,0,Mph
287.25,-1345,0,Mph
-0.75,-1340,0,Mph
132.75,-1347,0,Mph
-269.75,-1333,0,Mph
59.75,-1344,0,Mph
-101.25,-1336,0,Mph
-146.75,-1337.5,0,Mph
142.75,-1332,0,Mph
-125.75,-1327,0,Mph
120.25,-1325.5,0,Mph
55.25,-1323,0,Mph
-454.75,-1318.5,0,Mph
-414.75,-1315,0,Mph
-59.25,-1311,0,Mph
274.25,-1312.5,0,Mph
-373.75,-1317,0,Mph
-336.75,-1313.5,0,Mph
20.75,-1317,0,Mph
-117.75,-1312,0,Mph
-279.25,-1301,0,Mph
-303.75,-1284,0,Mph
-357.75,-1284,0,Mph
263.25,-1279,0,Mph
-225.25,-1275.5,0,Mph
17.25,-1270.5,0,Mph
-72.75,-1267.5,0,Mph
-364.75,-1261,0,Mph
-56.75,-1256,0,Mph
233.75,-1257,0,Mph
84.75,-1251,0,Mph
-356.25,-1247.5,0,Mph
110.75,-1245.5,0,Mph
-369.25,-1243,0,Mph
238.75,-1237,0,Mph
-57.25,-1219,0,Mph
-373.25,-1211.5,0,Mph
127.75,-1211.5,0,Mph
76.25,-1209.5,0,Mph
93.25,-1206,0,Mph
-294.25,-1209.5,0,Mph
50.25,-1197,0,Mph
-36.75,-1186,0,Mph
159.75,-1187.5,0,Mph
-314.75,-1190,0,Mph
14.75,-1181.5,0,Mph
-350.25,-1181.5,0,Mph
55.25,-1172.5,0,Mph
164.25,-1164,0,Mph
-421.75,-1159,0,Mph
-170.75,-1156.5,0,Mph
-791.75,-3523,0,Mph
-857.25,-3530.5,0,Mph
-824.75,-3519.5,0,Mph
-836.25,-3496.5,0,Mph
-728.25,-3483.5,0,Mph
-630.75,-3475.5,0,Mph
-755.75,-3467.5,0,Mph
-961.75,-3452.5,0,Mph
-482.75,-3458,0,Mph
-771.25,-3454.5,0,Mph
-735.75,-3448.5,0,Mph
-785.75,-3437,0,Mph
-492.25,-3427,0,Mph
-658.75,-3416.5,0,Mph
-724.25,-3405,0,Mph
-658.25,-3400.5,0,Mph
-611.75,-3396.5,0,Mph
-886.25,-3389.5,0,Mph
-614.75,-3379,0,Mph
-700.25,-3373,0,Mph
-727.25,-3362.5,0,Mph
-854.75,-3351,0,Mph
-760.75,-3341,0,Mph
-796.25,-3332,0,Mph
-546.75,-3333,0,Mph
-492.25,-3332.5,0,Mph
-866.25,-3331.5,0,Mph
-964.25,-3325.5,0,Mph
-609.25,-3326,0,Mph
-566.75,-3323.5,0,Mph
-646.75,-3318.5,0,Mph
-679.75,-3314.5,0,Mph
-866.75,-3312.5,0,Mph
-605.75,-3307,0,Mph
-761.25,-3298.5,0,Mph
-1154.25,-3297.5,0,Mph
-781.25,-3300,0,Mph
-882.75,-3291,0,Mph
-1250.75,-3288.5,0,Mph
-1275.75,-3284,0,Mph
-903.25,-3276,0,Mph
-670.75,-3265,0,Mph
-590.75,-3245.5,0,Mph
-488.75,-3247.5,0,Mph
-832.25,-3246,0,Mph
-626.75,-3243.5,0,Mph
-1248.75,-3231.5,0,Mph
-948.75,-3231,0,Mph
-823.25,-3223,0,Mph
-704.25,-3226,0,Mph
-553.75,-3220,0,Mph
-802.25,-3211.5,0,Mph
-962.75,-3209,0,Mph
-1112.75,-3196.5,0,Mph
-696.75,-3190.5,0,Mph
-774.75,-3191,0,Mph
-795.25,-3183.5,0,Mph
-538.25,-3177,0,Mph
-757.75,-3146.5,0,Mph
-595.75,-3139.5,0,Mph
-574.75,-3138,0,Mph
-1034.25,-3115,0,Mph
-765.75,-3112.5,0,Mph
-694.75,-3111.5,0,Mph
-830.75,-3100.5,0,Mph
-1083.25,-3091.5,0,Mph
-805.25,-3089,0,Mph
-553.75,-3070.5,0,Mph
-796.25,-3070,0,Mph
-535.75,-3061,0,Mph
-1015.75,-3056.5,0,Mph
-860.25,-3051,0,Mph
-983.25,-3047.5,0,Mph
-1094.75,-3044.5,0,Mph
-1201.25,-3042,0,Mph
-814.25,-3041.5,0,Mph
-1144.75,-3028.5,0,Mph
-1023.75,-3027,0,Mph
-837.25,-3030,0,Mph
-933.25,-3021,0,Mph
-1039.75,-3014.5,0,Mph
-836.25,-3013,0,Mph
-1258.25,-3005,0,Mph
-692.75,-2970.5,0,Mph
-631.75,-2965.5,0,Mph
-947.75,-2956.5,0,Mph
-1003.75,-2950,0,Mph
-1158.75,-2935,0,Mph
-1056.25,-2936,0,Mph
-1039.75,-2927,0,Mph
-884.75,-2923.5,0,Mph
-542.25,-2921,0,Mph
-965.25,-2921.5,0,Mph
-947.75,-2918.5,0,Mph
-782.75,-2907.5,0,Mph
-1126.75,-2894,0,Mph
-1026.75,-2889,0,Mph
-975.75,-2890,0,Mph
-553.75,-2875.5,0,Mph
-584.75,-2872.5,0,Mph
-713.75,-2866,0,Mph
-986.75,-2852,0,Mph
-484.75,-2822.5,0,Mph
-511.75,-2816.5,0,Mph
-611.25,-2794,0,Mph
330.25,-2345,0,Mph
330.25,-2315.5,0,Mph
644.25,-2302,0,Mph
720.75,-2293,0,Mph
1090.25,-2282,0,Mph
692.25,-2279,0,Mph
1107.25,-2276,0,Mph
1088.75,-2255,0,Mph
1108.25,-2255,0,Mph
1063.25,-2226.5,0,Mph
767.75,-2222,0,Mph
1093.25,-2217,0,Mph
781.25,-2104,0,Mph
809.75,-2094.5,0,Mph
758.75,-2079.5,0,Mph
818.25,-2080,0,Mph
368.75,-2044,0,Mph
683.75,-2046,0,Mph
867.75,-2012.5,0,Mph
686.75,-2006.5,0,Mph
746.75,-2007,0,Mph
788.75,-2005.5,0,Mph
732.75,-1994.5,0,Mph
624.75,-1989.5,0,Mph
437.25,-1970.5,0,Mph
479.75,-1976,0,Mph
665.25,-1969,0,Mph
-2109.75,-2285,0,Mph
-2148.75,-2237,0,Mph
-2381.75,-2182.5,0,Mph
-2557.25,-2137,0,Mph
-2112.75,-2130.5,0,Mph
-2444.25,-2108.5,0,Mph
-2250.75,-2112.5,0,Mph
-2135.25,-2110,0,Mph
-2224.75,-2100,0,Mph
-2493.75,-2093.5,0,Mph
-2322.25,-2087,0,Mph
-2379.75,-2091,0,Mph
-2171.25,-2069,0,Mph
-2404.25,-2036.5,0,Mph
-2595.25,-2034,0,Mph
-2478.75,-2028.5,0,Mph
-2349.25,-2019.5,0,Mph
-2633.75,-2002,0,Mph
-2617.25,-2001,0,Mph
-2189.75,-1998.5,0,Mph
-2486.25,-1978,0,Mph
-2192.75,-1972,0,Mph
-2327.25,-1969.5,0,Mph
-2452.75,-1968.5,0,Mph
-2490.25,-1962,0,Mph
2422.75,-1943,0,Mph
2331.75,-1933.5,0,Mph
2436.25,-1931,0,Mph
2501.75,-1921,0,Mph
2273.25,-1907.5,0,Mph
2211.75,-1903.5,0,Mph
2540.25,-1898.5,0,Mph
2286.25,-1879.5,0,Mph
2291.25,-1856,0,Mph
2244.75,-1804.5,0,Mph
2287.25,-1805,0,Mph
2485.25,-1806,0,Mph
2182.75,-1802,0,Mph
2368.25,-1790,0,Mph
2277.25,-1787.5,0,Mph
2336.75,-1784,0,Mph
2299.25,-1785.5,0,Mph
2459.25,-1786,0,Mph
2142.75,-1779,0,Mph
2321.75,-1765,0,Mph
2287.25,-1747,0,Mph
2357.75,-1741.5,0,Mph
2340.25,-1738.5,0,Mph
2213.75,-1730.5,0,Mph
2351.75,-1729,0,Mph
2311.75,-1709.5,0,Mph
2362.75,-1701,0,Mph
2202.25,-1701,0,Mph
2390.75,-1700,0,Mph
2148.75,-1695.5,0,Mph
2193.25,-1686.5,0,Mph
2510.75,-1682,0,Mph
2529.75,-1674,0,Mph
2265.75,-1665.5,0,Mph
2549.25,-1658.5,0,Mph
2372.75,-1665,0,Mph
2399.75,-1655.5,0,Mph
2507.75,-1646.5,0,Mph
2454.25,-1649.5,0,Mph
2117.75,-1640.5,0,Mph
2491.25,-1641,0,Mph
2570.75,-1642.5,0,Mph
2555.25,-1630.5,0,Mph
2021.25,-1628.5,0,Mph
2401.75,-1628,0,Mph
2382.75,-1618.5,0,Mph
1998.25,-1606.5,0,Mph
2135.75,-1610.5,0,Mph
2432.25,-1605.5,0,Mph
2542.75,-1604.5,0,Mph
2121.25,-1590.5,0,Mph
2398.75,-1591,0,Mph
2091.75,-1584.5,0,Mph
2507.25,-1571,0,Mph
2506.75,-1552.5,0,Mph
2575.25,-1543.5,0,Mph
1974.25,-1515,0,Mph
2503.75,-1511.5,0,Mph
2594.25,-1509,0,Mph
2118.25,-1501,0,Mph
2612.75,-1501,0,Mph
2079.75,-1484,0,Mph
2519.75,-1488.5,0,Mph
2074.75,-1459,0,Mph
2024.75,-1432,0,Mph
2038.25,-1414.5,0,Mph
2265.25,-1410,0,Mph
2162.25,-1408,0,Mph
2107.75,-1398.5,0,Mph
2175.25,-1400,0,Mph
2344.75,-1394,0,Mph
2284.25,-1386.5,0,Mph
1985.25,-1380,0,Mph
2002.25,-1381,0,Mph
2488.75,-1381,0,Mph
2083.75,-1384,0,Mph
2140.75,-1380.5,0,Mph
2300.75,-1377,0,Mph
2159.25,-1373,0,Mph
2139.25,-1363.5,0,Mph
1922.75,-1362,0,Mph
2448.25,-1349.5,0,Mph
1945.25,-1339,0,Mph
1960.75,-1340.5,0,Mph
2334.75,-1330,0,Mph
2367.25,-1325.5,0,Mph
1955.75,-1320.5,0,Mph
2422.75,-1315.5,0,Mph
2135.75,-1277,0,Mph
2468.25,-1279.5,0,Mph
2479.75,-1249,0,Mph
2256.75,-1237,0,Mph
2238.75,-1236.5,0,Mph
2433.25,-1204.5,0,Mph
2067.25,-1188.5,0,Mph
2046.75,-1188,0,Mph
2111.25,-1175.5,0,Mph
2441.75,-1171,0,Mph
2120.75,-1166.5,0,Mph
2232.25,-2375,0,Mph
2287.75,-2371.5,0,Mph
2237.75,-2335.5,0,Mph
2185.25,-2334.5,0,Mph
2375.75,-2330.5,0,Mph
2331.25,-2329.5,0,Mph
2565.75,-2319.5,0,Mph
2181.75,-2313,0,Mph
2214.75,-2313,0,Mph
2394.25,-2311.5,0,Mph
2413.75,-2299,0,Mph
2193.75,-2285.5,0,Mph
2307.25,-2280,0,Mph
2154.25,-2281.5,0,Mph
2150.25,-2266.5,0,Mph
2164.25,-2251.5,0,Mph
2326.25,-2242.5,0,Mph
2194.75,-2205.5,0,Mph
2154.75,-2204,0,Mph
2212.25,-2201.5,0,Mph
2160.75,-2188,0,Mph
2210.75,-2178.5,0,Mph
2623.25,-2179,0,Mph
2144.25,-2173.5,0,Mph
2262.25,-2172,0,Mph
2533.25,-2171,0,Mph
2187.25,-2164.5,0,Mph
2216.25,-2134.5,0,Mph
2443.25,-2140.5,0,Mph
2242.75,-2134,0,Mph
2507.25,-2126.5,0,Mph
2234.25,-2117,0,Mph
2042.25,-2088,0,Mph
2135.25,-2076,0,Mph
2486.75,-2075.5,0,Mph
2017.75,-2064.5,0,Mph
2237.75,-2068,0,Mph
2489.25,-2055.5,0,Mph
2320.75,-2026,0,Mph
2195.75,-2022.5,0,Mph
1968.75,-1996.5,0,Mph
2544.75,-1987.5,0,Mph
2217.25,-1977,0,Mph
2650.25,-1982,0,Mph
2281.75,-1974,0,Mph
2340.75,-1961,0,Mph
2283.25,-1958,0,Mph
-1295.75,-3260,0,Mph
-1357.25,-3245,0,Mph
-1338.75,-3234,0,Mph
-1319.25,-3230,0,Mph
-1331.25,-3106,0,Mph
-1354.25,-3076,0,Mph
-1313.25,-3060.5,0,Mph
-1370.25,-3057,0,Mph
-1357.25,-3045.5,0,Mph
-1307.75,-3043.5,0,Mph
-1373.75,-3040.5,0,Mph
-1350.25,-3024,0,Mph
-1321.75,-3015,0,Mph
-1318.75,-2883.5,0,Mph
-1462.75,-2764,0,Mph
-1488.25,-2762.5,0,Mph
164.75,-2750.5,0,Mph
208.25,-2728.5,0,Mph
-256.25,-2717,0,Mph
-73.75,-2719.5,0,Mph
-88.75,-2718,0,Mph
93.25,-2694,0,Mph
-72.75,-2688,0,Mph
88.75,-2660,0,Mph
-53.25,-2660.5,0,Mph
-25.75,-2643,0,Mph
65.25,-2635.5,0,Mph
-191.75,-2627,0,Mph
-205.25,-2592.5,0,Mph
-60.25,-2583,0,Mph
-66.75,-2560.5,0,Mph
-409.25,-2557,0,Mph
51.25,-2545,0,Mph
-446.75,-2542,0,Mph
-129.25,-2533.5,0,Mph
-98.25,-2520.5,0,Mph
-175.75,-2519,0,Mph
-193.25,-2507.5,0,Mph
-179.25,-2507,0,Mph
-472.75,-2468,0,Mph
-426.25,-2443.5,0,Mph
-299.75,-2447.5,0,Mph
-135.75,-2407.5,0,Mph
-172.25,-2392.5,0,Mph
-11.25,-2394,0,Mph
-99.75,-2364.5,0,Mph
316.25,-2366,0,Mph
178.75,-2310,0,Mph
-477.75,-2312.5,0,Mph
155.25,-2313,0,Mph
-4.75,-2304.5,0,Mph
13.75,-2291,0,Mph
-373.25,-2290,0,Mph
-217.25,-2270,0,Mph
-336.75,-2246.5,0,Mph
-426.75,-2216.5,0,Mph
-403.75,-2214,0,Mph
-237.25,-2215,0,Mph
-221.75,-2211.5,0,Mph
56.25,-2206,0,Mph
-321.75,-2203.5,0,Mph
74.75,-2196,0,Mph
-381.75,-2166.5,0,Mph
-361.25,-2163,0,Mph
-130.75,-2157,0,Mph
-318.75,-2157.5,0,Mph
-341.75,-2157,0,Mph
-175.25,-2151.5,0,Mph
-50.25,-2145.5,0,Mph
-285.75,-2133,0,Mph
-192.25,-2123.5,0,Mph
316.25,-2120.5,0,Mph
-50.25,-2115,0,Mph
-72.75,-2115,0,Mph
-307.25,-2106.5,0,Mph
133.25,-2109,0,Mph
-26.25,-2108,0,Mph
-263.75,-2101.5,0,Mph
-440.75,-2089.5,0,Mph
-68.75,-2065,0,Mph
307.25,-2064.5,0,Mph
-84.25,-2059,0,Mph
186.25,-2046,0,Mph
-83.75,-2039,0,Mph
-407.25,-2040,0,Mph
-236.75,-2033.5,0,Mph
-214.25,-2027,0,Mph
-397.25,-2025.5,0,Mph
-335.25,-2025.5,0,Mph
191.25,-2021.5,0,Mph
-262.75,-2018.5,0,Mph
207.75,-2017.5,0,Mph
-116.75,-2014.5,0,Mph
-304.75,-2002,0,Mph
-439.75,-1998.5,0,Mph
-385.25,-1998,0,Mph
-465.25,-1998.5,0,Mph
-363.75,-1990.5,0,Mph
-406.75,-1992,0,Mph
-331.75,-1992.5,0,Mph
-28.75,-1961,0,Mph
-339.25,-1954,0,Mph
399.25,-1951.5,0,Mph
612.25,-1946,0,Mph
765.25,-1949,0,Mph
422.25,-1942.5,0,Mph
379.75,-1941.5,0,Mph
738.25,-1937.5,0,Mph
547.25,-1933.5,0,Mph
589.75,-1936,0,Mph
646.25,-1928,0,Mph
625.25,-1918.5,0,Mph
683.75,-1926,0,Mph
355.25,-1917,0,Mph
477.25,-1917.5,0,Mph
499.75,-1915.5,0,Mph
533.25,-1913,0,Mph
499.75,-1896,0,Mph
356.75,-1887,0,Mph
473.25,-1887,0,Mph
586.25,-1869.5,0,Mph
351.75,-1859.5,0,Mph
719.25,-1856.5,0,Mph
601.75,-1855,0,Mph
799.75,-1849,0,Mph
587.25,-1852,0,Mph
343.75,-1841.5,0,Mph
434.75,-1831.5,0,Mph
454.25,-1829,0,Mph
892.25,-1828,0,Mph
1040.75,-1808,0,Mph
1108.25,-1808.5,0,Mph
1074.25,-1804,0,Mph
1016.75,-1799,0,Mph
1100.75,-1797,0,Mph
883.25,-1796.5,0,Mph
457.75,-1784.5,0,Mph
1114.25,-1785,0,Mph
497.75,-1757.5,0,Mph
561.25,-1750,0,Mph
964.75,-1743.5,0,Mph
777.25,-1735.5,0,Mph
441.75,-1735,0,Mph
674.75,-1734,0,Mph
556.25,-1725.5,0,Mph
694.25,-1723,0,Mph
499.25,-1719,0,Mph
627.75,-1716.5,0,Mph
1057.25,-1706.5,0,Mph
648.75,-1709.5,0,Mph
696.25,-1703,0,Mph
515.25,-1704.5,0,Mph
635.25,-1699.5,0,Mph
768.25,-1693,0,Mph
532.25,-1680.5,0,Mph
482.75,-1674,0,Mph
435.25,-1673,0,Mph
664.75,-1643.5,0,Mph
645.25,-1639,0,Mph
836.75,-1632,0,Mph
584.25,-1616,0,Mph
802.75,-1613.5,0,Mph
318.75,-1601.5,0,Mph
599.75,-1592,0,Mph
713.25,-1589.5,0,Mph
813.25,-1577,0,Mph
625.25,-1556.5,0,Mph
377.75,-1554,0,Mph
539.75,-1551.5,0,Mph
723.75,-1549.5,0,Mph
697.75,-1546.5,0,Mph
1040.25,-1545,0,Mph
851.75,-1520.5,0,Mph
1020.75,-1515,0,Mph
684.75,-1509.5,0,Mph
1040.75,-1509,0,Mph
578.75,-1494.5,0,Mph
976.25,-1500,0,Mph
997.25,-1498.5,0,Mph
989.25,-1476.5,0,Mph
707.75,-1467.5,0,Mph
475.25,-1464,0,Mph
569.75,-1461,0,Mph
951.25,-1462,0,Mph
942.75,-1451,0,Mph
999.25,-1443.5,0,Mph
1019.75,-1434,0,Mph
551.25,-1423,0,Mph
-1305.25,-2694,0,Mph
-1351.75,-2648,0,Mph
-1615.25,-2646.5,0,Mph
-1653.75,-2637.5,0,Mph
-1602.75,-2587,0,Mph
-1674.75,-2503,0,Mph
-1295.75,-2498,0,Mph
-1640.25,-2473,0,Mph
-1309.75,-2468,0,Mph
-1391.25,-2457.5,0,Mph
-1770.75,-2453.5,0,Mph
-1634.25,-2451,0,Mph
-1639.25,-2438.5,0,Mph
-1791.25,-2372.5,0,Mph
-1960.25,-2350,0,Mph
-1644.25,-2328,0,Mph
-1983.75,-2331,0,Mph
-1457.75,-2324,0,Mph
-1769.75,-2321.5,0,Mph
-1841.25,-2298,0,Mph
-1452.75,-2299.5,0,Mph
-1991.25,-2288,0,Mph
-2077.75,-2291,0,Mph
-1522.75,-2284.5,0,Mph
-1821.75,-2280,0,Mph
-1806.75,-2281,0,Mph
-1933.25,-2266,0,Mph
-2029.75,-2261.5,0,Mph
-1979.25,-2264.5,0,Mph
-1950.75,-2263,0,Mph
-1928.75,-2248,0,Mph
-2066.25,-2235,0,Mph
-1856.25,-2231.5,0,Mph
-1934.75,-2237,0,Mph
-1832.75,-2231,0,Mph
-1391.25,-2223.5,0,Mph
-1888.75,-2178.5,0,Mph
-1613.75,-2164,0,Mph
-1983.25,-2154,0,Mph
-1617.25,-2145.5,0,Mph
-1464.25,-2142.5,0,Mph
-1422.75,-2141,0,Mph
-1767.25,-2134,0,Mph
-1621.75,-2130.5,0,Mph
-1507.25,-2095,0,Mph
-1663.25,-2086.5,0,Mph
-1783.25,-2070.5,0,Mph
-1468.75,-2069.5,0,Mph
-1975.75,-2040,0,Mph
-1318.75,-2002,0,Mph
-1936.25,-2004,0,Mph
-1950.25,-1997,0,Mph
-1957.25,-1977.5,0,Mph
-1654.25,-1961.5,0,Mph
-1600.25,-1960,0,Mph
-1711.25,-1952.5,0,Mph
1523.25,-2547.5,0,Mph
1278.25,-2501,0,Mph
1291.25,-2484.5,0,Mph
1622.75,-2480,0,Mph
1640.75,-2450.5,0,Mph
1312.25,-2446.5,0,Mph
1270.75,-2429.5,0,Mph
1326.75,-2418,0,Mph
1703.25,-2413.5,0,Mph
1121.25,-2403,0,Mph
1566.25,-2400.5,0,Mph
1720.25,-2401,0,Mph
1175.25,-2393.5,0,Mph
1198.25,-2394.5,0,Mph
1153.75,-2387.5,0,Mph
1240.25,-2370,0,Mph
1230.75,-2357.5,0,Mph
1630.25,-2333,0,Mph
1651.25,-2334.5,0,Mph
1609.25,-2328.5,0,Mph
1620.75,-2266,0,Mph
1132.25,-2261,0,Mph
1217.75,-2173,0,Mph
1459.75,-2120,0,Mph
1482.25,-2097,0,Mph
1217.25,-2102.5,0,Mph
1419.25,-2094.5,0,Mph
1277.25,-2101,0,Mph
1452.75,-2091,0,Mph
1208.75,-2085,0,Mph
1370.75,-2081,0,Mph
1587.25,-2068.5,0,Mph
1573.25,-2073.5,0,Mph
1444.25,-2071.5,0,Mph
1627.75,-2059.5,0,Mph
1313.25,-2043,0,Mph
1604.75,-2043,0,Mph
1577.25,-2023,0,Mph
1553.75,-2024,0,Mph
1652.25,-2022,0,Mph
1533.75,-2011,0,Mph
1403.25,-2007.5,0,Mph
1422.75,-2000.5,0,Mph
1612.75,-1992.5,0,Mph
1561.25,-1998,0,Mph
1440.25,-1986,0,Mph
1585.75,-1981.5,0,Mph
1472.75,-1979.5,0,Mph
1537.25,-1953,0,Mph
1578.75,-1951,0,Mph
1276.25,-1943.5,0,Mph
1569.75,-1940.5,0,Mph
1620.75,-1940.5,0,Mph
1408.75,-1935,0,Mph
1546.75,-1934,0,Mph
1491.25,-1928,0,Mph
1618.25,-1927.5,0,Mph
1352.25,-1923,0,Mph
1411.75,-1915,0,Mph
1313.25,-1906,0,Mph
1565.75,-1913.5,0,Mph
1499.25,-1904.5,0,Mph
1356.25,-1894,0,Mph
1580.25,-1895,0,Mph
1391.75,-1887.5,0,Mph
1482.75,-1880,0,Mph
1368.25,-1870.5,0,Mph
1500.25,-1864.5,0,Mph
1603.25,-1870.5,0,Mph
1652.75,-1868.5,0,Mph
1312.75,-1867,0,Mph
1629.75,-1854,0,Mph
1316.25,-1852.5,0,Mph
1597.75,-1852.5,0,Mph
1295.75,-1838,0,Mph
1351.75,-1832,0,Mph
1650.75,-1831,0,Mph
1565.75,-1825,0,Mph
1284.25,-1814.5,0,Mph
1466.75,-1805,0,Mph
1521.75,-1808,0,Mph
1507.25,-1796.5,0,Mph
1623.25,-1793,0,Mph
1210.25,-1785,0,Mph
1518.25,-1789.5,0,Mph
1129.25,-1774,0,Mph
1147.25,-1769.5,0,Mph
1468.25,-1763,0,Mph
1674.75,-1752,0,Mph
1546.75,-1745,0,Mph
1592.75,-1746,0,Mph
1476.25,-1744,0,Mph
1132.25,-1744,0,Mph
1366.25,-1743,0,Mph
1502.75,-1740.5,0,Mph
1332.25,-1726,0,Mph
1487.25,-1725,0,Mph
1342.75,-1714,0,Mph
1696.75,-1718,0,Mph
1745.75,-1698,0,Mph
1830.25,-1688,0,Mph
1333.75,-1685,0,Mph
1369.75,-1684,0,Mph
1393.25,-1679.5,0,Mph
1721.75,-1678.5,0,Mph
1220.25,-1676,0,Mph
1473.75,-1676,0,Mph
1811.75,-1673.5,0,Mph
1302.25,-1670.5,0,Mph
1243.25,-1651,0,Mph
1591.25,-1622.5,0,Mph
1236.75,-1623.5,0,Mph
1389.25,-1620,0,Mph
1516.25,-1610.5,0,Mph
1205.75,-1597,0,Mph
1414.25,-1600,0,Mph
1614.25,-1573,0,Mph
1447.75,-1565.5,0,Mph
1261.25,-1553,0,Mph
1428.25,-1550,0,Mph
1732.75,-1528,0,Mph
1402.75,-1532.5,0,Mph
1676.75,-1520.5,0,Mph
1207.25,-1513,0,Mph
1683.75,-1509.5,0,Mph
1222.25,-1499,0,Mph
1489.75,-1498,0,Mph
1667.25,-1500.5,0,Mph
1665.75,-1481,0,Mph
1469.25,-1479.5,0,Mph
1298.75,-1479,0,Mph
1407.75,-1471.5,0,Mph
1391.75,-1457.5,0,Mph
1259.25,-1437,0,Mph
1390.25,-1432.5,0,Mph
1875.75,-1426.5,0,Mph
1312.25,-1424,0,Mph
1811.25,-1425,0,Mph
1855.25,-1412.5,0,Mph
1411.75,-1415.5,0,Mph
1385.75,-1406.5,0,Mph
1418.25,-1400.5,0,Mph
1899.25,-1399.5,0,Mph
1685.25,-1395,0,Mph
1910.25,-1364,0,Mph
1541.25,-1365.5,0,Mph
1858.25,-1362.5,0,Mph
1529.75,-1357,0,Mph
1791.25,-1342.5,0,Mph
1522.25,-1346,0,Mph
1816.75,-1342.5,0,Mph
1813.25,-1320.5,0,Mph
1553.75,-1323.5,0,Mph
1686.25,-1290,0,Mph
1914.25,-1274,0,Mph
1321.25,-1270,0,Mph
1295.75,-1261,0,Mph
1899.25,-1265.5,0,Mph
1830.75,-1242,0,Mph
1614.25,-1241.5,0,Mph
1280.75,-1237,0,Mph
1607.75,-1216,0,Mph
1546.75,-1214,0,Mph
1756.75,-1200.5,0,Mph
1548.75,-1195,0,Mph
1777.25,-1195,0,Mph
1844.75,-1153,0,Mph
1768.75,-1156.5,0,Mph
-1034.75,-2751,0,Mph
-544.75,-2731,0,Mph
-859.75,-2725,0,Mph
-925.75,-2708.5,0,Mph
-655.25,-2704.5,0,Mph
-564.75,-2706,0,Mph
-728.25,-2705.5,0,Mph
-539.25,-2704,0,Mph
-752.75,-2701.5,0,Mph
-962.25,-2691,0,Mph
-937.25,-2682,0,Mph
-784.75,-2684.5,0,Mph
-774.75,-2671.5,0,Mph
-1081.25,-2664,0,Mph
-922.25,-2660.5,0,Mph
-904.75,-2649,0,Mph
-683.25,-2649,0,Mph
-589.25,-2629,0,Mph
-668.75,-2627,0,Mph
-943.75,-2615.5,0,Mph
-819.25,-2608.5,0,Mph
-1275.75,-2606.5,0,Mph
-926.75,-2605.5,0,Mph
-932.75,-2587.5,0,Mph
-652.25,-2568,0,Mph
-696.25,-2569.5,0,Mph
-963.25,-2567,0,Mph
-723.25,-2561.5,0,Mph
-1091.75,-2549.5,0,Mph
-946.75,-2547.5,0,Mph
-929.25,-2532.5,0,Mph
-830.25,-2529.5,0,Mph
-996.75,-2533,0,Mph
-701.25,-2527,0,Mph
-905.25,-2521.5,0,Mph
-931.25,-2509.5,0,Mph
-1194.25,-2499.5,0,Mph
-1046.75,-2500,0,Mph
-1274.75,-2505.5,0,Mph
-1082.75,-2495,0,Mph
-867.25,-2495,0,Mph
-903.25,-2486,0,Mph
-1205.25,-2485,0,Mph
-1026.75,-2471,0,Mph
-814.75,-2470.5,0,Mph
-875.75,-2465.5,0,Mph
-1170.25,-2466,0,Mph
-820.75,-2457.5,0,Mph
-1153.75,-2438.5,0,Mph
-518.25,-2444.5,0,Mph
-1280.75,-2444,0,Mph
-748.75,-2437.5,0,Mph
-1246.25,-2436.5,0,Mph
-1119.75,-2426,0,Mph
-1253.25,-2421.5,0,Mph
-724.75,-2417.5,0,Mph
-761.25,-2416,0,Mph
-803.25,-2406,0,Mph
-784.75,-2407.5,0,Mph
-1122.25,-2407.5,0,Mph
-587.25,-2396,0,Mph
-1026.25,-2399.5,0,Mph
-1236.75,-2396,0,Mph
-846.75,-2387.5,0,Mph
-993.75,-2384,0,Mph
-1016.75,-2381,0,Mph
-743.75,-2378,0,Mph
-795.75,-2375.5,0,Mph
-1192.25,-2365.5,0,Mph
-776.25,-2340,0,Mph
-821.25,-2334.5,0,Mph
-677.75,-2332,0,Mph
-980.25,-2323.5,0,Mph
-1183.25,-2319.5,0,Mph
-772.75,-2321,0,Mph
-709.75,-2314.5,0,Mph
-1133.75,-2311.5,0,Mph
-812.25,-2302,0,Mph
-1141.25,-2299,0,Mph
-767.25,-2296.5,0,Mph
-712.25,-2299.5,0,Mph
-1171.75,-2283,0,Mph
-485.75,-2280.5,0,Mph
-744.25,-2277,0,Mph
-830.25,-2275.5,0,Mph
-723.75,-2277,0,Mph
-1096.75,-2271,0,Mph
-537.25,-2264.5,0,Mph
-513.25,-2252.5,0,Mph
-781.25,-2251,0,Mph
-615.75,-2228,0,Mph
-1139.75,-2218,0,Mph
-1266.75,-2219.5,0,Mph
-1117.25,-2207.5,0,Mph
-1223.75,-2201,0,Mph
-985.75,-2204,0,Mph
-531.25,-2204,0,Mph
-1253.25,-2197.5,0,Mph
-538.25,-2191.5,0,Mph
-517.25,-2193,0,Mph
-1166.25,-2184.5,0,Mph
-1164.25,-2169.5,0,Mph
-1075.25,-2160.5,0,Mph
-1167.25,-2145,0,Mph
-1058.75,-2136,0,Mph
-948.25,-2136.5,0,Mph
-1125.75,-2130.5,0,Mph
-939.25,-2123,0,Mph
-1268.25,-2109.5,0,Mph
-505.75,-2107.5,0,Mph
-527.75,-2102,0,Mph
-1031.25,-2096.5,0,Mph
-1052.25,-2078,0,Mph
-1013.25,-2080,0,Mph
-1146.25,-2074.5,0,Mph
-1078.25,-2051,0,Mph
-1188.75,-2024,0,Mph
-1055.75,-2014,0,Mph
-1077.75,-1988,0,Mph
-1141.75,-1967.5,0,Mph
-1103.75,-1963.5,0,Mph
-1083.25,-1956.5,0,Mph
-1266.25,-1963,0,Mph
431.25,-1127.5,0,Mph
364.75,-1086.5,0,Mph
384.25,-1075.5,0,Mph
404.25,-1066.5,0,Mph
423.25,-1051.5,0,Mph
353.25,-889,0,Mph
692.25,-880,0,Mph
336.25,-866.5,0,Mph
345.75,-856,0,Mph
892.25,-826.5,0,Mph
902.25,-815,0,Mph
914.75,-798,0,Mph
907.25,-779.5,0,Mph
322.75,-405.5,0,Mph
351.25,-368.5,0,Mph
-442.25,-3475,0,Mph
-415.75,-3470.5,0,Mph
-474.75,-3435,0,Mph
-410.25,-3429.5,0,Mph
-450.75,-3427.5,0,Mph
-441.25,-3359.5,0,Mph
-270.25,-3351.5,0,Mph
-331.75,-3343.5,0,Mph
-254.25,-3344.5,0,Mph
-68.75,-3313.5,0,Mph
-475.25,-3270,0,Mph
-459.75,-3257.5,0,Mph
-365.75,-3212,0,Mph
13.25,-3217.5,0,Mph
184.75,-3200.5,0,Mph
-49.25,-3187.5,0,Mph
195.75,-3178,0,Mph
-477.25,-3158.5,0,Mph
-391.25,-3160,0,Mph
139.25,-3128.5,0,Mph
191.75,-3120.5,0,Mph
-402.75,-3110,0,Mph
139.25,-3109,0,Mph
-419.75,-3097.5,0,Mph
-53.25,-3102,0,Mph
-376.75,-3094.5,0,Mph
-176.75,-3084.5,0,Mph
-124.75,-3070,0,Mph
-176.75,-3064.5,0,Mph
-173.75,-3047,0,Mph
31.25,-3041.5,0,Mph
-138.75,-3035,0,Mph
-188.25,-3026.5,0,Mph
-32.25,-3026,0,Mph
48.25,-3020,0,Mph
-180.25,-3012.5,0,Mph
-87.75,-3010,0,Mph
-37.25,-2980,0,Mph
24.25,-2965,0,Mph
39.75,-2953.5,0,Mph
-322.75,-2950.5,0,Mph
-211.25,-2942.5,0,Mph
33.25,-2927,0,Mph
73.25,-2930.5,0,Mph
-162.75,-2915,0,Mph
-190.25,-2917.5,0,Mph
5.25,-2909.5,0,Mph
-53.75,-2910,0,Mph
-204.25,-2904,0,Mph
-232.75,-2898,0,Mph
-59.75,-2896,0,Mph
161.25,-2887.5,0,Mph
-470.75,-2855,0,Mph
-321.25,-2856,0,Mph
-159.25,-2834,0,Mph
-48.25,-2827,0,Mph
-316.75,-2805,0,Mph
93.25,-2780,0,Mph
36.75,-2773,0,Mph
69.25,-2771.5,0,Mph
153.25,-2766,0,Mph
-2066.75,-1152,0,Mph
-1320.25,-1146,0,Mph
-1869.75,-1133,0,Mph
-1651.25,-1115.5,0,Mph
-1419.75,-1096,0,Mph
-1381.75,-1087,0,Mph
-1929.25,-988.5,0,Mph
-1592.25,-966.5,0,Mph
-1598.75,-950,0,Mph
-1850.75,-938.5,0,Mph
-1691.75,-876.5,0,Mph
-1617.25,-882,0,Mph
-1591.75,-882,0,Mph
-1643.75,-881.5,0,Mph
-1539.75,-879,0,Mph
-1505.75,-877,0,Mph
-1598.75,-870,0,Mph
-2070.25,-866.5,0,Mph
-1670.75,-859,0,Mph
-1314.75,-844,0,Mph
-1327.25,-805,0,Mph
-1769.75,-806,0,Mph
-2030.75,-790,0,Mph
-2063.75,-788.5,0,Mph
-1759.75,-790.5,0,Mph
-1310.75,-788,0,Mph
-1755.25,-767.5,0,Mph
-1780.25,-763,0,Mph
-1898.75,-758.5,0,Mph
-1890.25,-735,0,Mph
-1611.75,-739,0,Mph
-1749.75,-723.5,0,Mph
-1607.25,-719.5,0,Mph
-1771.25,-713.5,0,Mph
-1614.75,-682,0,Mph
-1607.25,-662.5,0,Mph
-1751.25,-664,0,Mph
-1954.25,-653.5,0,Mph
-1770.75,-653,0,Mph
-1611.25,-637.5,0,Mph
-1659.25,-634,0,Mph
-1995.25,-624,0,Mph
-2026.75,-600,0,Mph
-1643.25,-586.5,0,Mph
-2030.75,-580.5,0,Mph
-1637.75,-561.5,0,Mph
-1917.75,-560,0,Mph
-1885.25,-528.5,0,Mph
-2069.25,-525,0,Mph
-2021.25,-514.5,0,Mph
-1862.75,-512.5,0,Mph
-1940.25,-503.5,0,Mph
-1896.75,-503,0,Mph
-1847.75,-505.5,0,Mph
-2066.75,-479,0,Mph
-2033.75,-485,0,Mph
-1816.25,-453.5,0,Mph
-1406.75,-433.5,0,Mph
-2063.25,-407.5,0,Mph
-1346.75,-401,0,Mph
-2025.75,-396,0,Mph
-1781.75,-389.5,0,Mph
-1362.75,-388,0,Mph
-1291.25,-380,0,Mph
-2041.25,-381,0,Mph
-1374.25,-373,0,Mph
-1842.25,-365.5,0,Mph
-1495.25,-362.5,0,Mph
-1755.25,-352.5,0,Mph
-988.25,-1151,0,Mph
-634.25,-1150.5,0,Mph
-818.75,-1147,0,Mph
-887.25,-1150.5,0,Mph
-658.75,-1150,0,Mph
-613.25,-1145,0,Mph
-867.25,-1131,0,Mph
-815.75,-1121.5,0,Mph
-992.75,-1099,0,Mph
-810.25,-1098,0,Mph
-632.25,-1080,0,Mph
-886.25,-1072,0,Mph
-634.75,-1061,0,Mph
-823.75,-1055,0,Mph
-896.25,-1043,0,Mph
-840.25,-1032.5,0,Mph
-1026.75,-1036.5,0,Mph
-572.25,-1031,0,Mph
-697.25,-1027.5,0,Mph
-1048.25,-1024.5,0,Mph
-611.25,-1002.5,0,Mph
-758.75,-1021.5,0,Mph
-1071.25,-1003,0,Mph
-544.75,-992,0,Mph
-1267.75,-993,0,Mph
-520.75,-964,0,Mph
-1035.25,-963.5,0,Mph
-544.75,-962.5,0,Mph
-1157.75,-954,0,Mph
-1204.25,-952,0,Mph
-1178.75,-944.5,0,Mph
-1005.75,-939.5,0,Mph
-590.75,-936,0,Mph
-1020.75,-922.5,0,Mph
-1066.75,-907,0,Mph
-1030.25,-897,0,Mph
-528.25,-887.5,0,Mph
-1243.75,-865.5,0,Mph
-1128.75,-860.5,0,Mph
-1079.75,-858.5,0,Mph
-1153.75,-853.5,0,Mph
-606.25,-843,0,Mph
-501.75,-811.5,0,Mph
-564.25,-809,0,Mph
-1185.75,-804.5,0,Mph
-1193.75,-785,0,Mph
-1209.75,-776,0,Mph
-1225.25,-751.5,0,Mph
-1267.75,-740,0,Mph
-483.25,-732.5,0,Mph
-1187.25,-720.5,0,Mph
-731.25,-701.5,0,Mph
-746.25,-689.5,0,Mph
-696.25,-684,0,Mph
-727.75,-676.5,0,Mph
-1236.25,-673,0,Mph
-1270.75,-670.5,0,Mph
-751.75,-631,0,Mph
-1009.75,-623,0,Mph
-531.75,-620.5,0,Mph
-990.75,-624.5,0,Mph
-1005.25,-599.5,0,Mph
-1208.75,-575,0,Mph
-1255.75,-541,0,Mph
-1203.75,-521.5,0,Mph
-1232.75,-493.5,0,Mph
-514.25,-496,0,Mph
-1204.75,-487.5,0,Mph
-519.25,-473,0,Mph
-1223.25,-463,0,Mph
-1237.75,-439.5,0,Mph
-1213.75,-437,0,Mph
-1111.75,-439,0,Mph
-1128.75,-428.5,0,Mph
-1094.25,-431.5,0,Mph
-672.25,-428.5,0,Mph
-1074.75,-426.5,0,Mph
-1209.25,-419.5,0,Mph
-1206.25,-385,0,Mph
-1257.75,-375.5,0,Mph
-986.25,-379,0,Mph
-970.75,-364.5,0,Mph
-951.25,-355.5,0,Mph
-1271.75,-354.5,0,Mph
-2151.25,-1145,0,Mph
-2812.75,-1146.5,0,Mph
-2791.25,-1137,0,Mph
-2114.25,-1129.5,0,Mph
-2768.25,-1122,0,Mph
-2746.75,-1120,0,Mph
-2114.75,-1110.5,0,Mph
-2753.25,-1097,0,Mph
-2668.75,-1102,0,Mph
-2134.75,-1097.5,0,Mph
-2538.25,-1091,0,Mph
-2471.25,-1083.5,0,Mph
-2713.75,-1078.5,0,Mph
-2769.25,-1072.5,0,Mph
-2491.25,-1066,0,Mph
-2339.75,-1068.5,0,Mph
-2752.25,-1067,0,Mph
-2371.25,-1072,0,Mph
-2297.25,-1069,0,Mph
-2785.75,-1037,0,Mph
-2505.25,-1023,0,Mph
-2213.25,-1019,0,Mph
-2435.75,-994,0,Mph
-2787.25,-990,0,Mph
-2242.75,-989.5,0,Mph
-2758.25,-987.5,0,Mph
-2743.75,-981,0,Mph
-2619.75,-978.5,0,Mph
-2759.75,-973,0,Mph
-2130.75,-973.5,0,Mph
-2790.25,-965,0,Mph
-2240.25,-954.5,0,Mph
-2690.75,-906.5,0,Mph
-2671.75,-894,0,Mph
-2637.25,-856.5,0,Mph
-2149.75,-842.5,0,Mph
-2872.75,-831,0,Mph
-2584.25,-830,0,Mph
-2796.25,-812,0,Mph
-2169.75,-826,0,Mph
-2105.75,-816,0,Mph
-2198.25,-798.5,0,Mph
-2120.75,-812,0,Mph
-2585.25,-810,0,Mph
-2094.75,-801,0,Mph
-2140.25,-798,0,Mph
-2781.25,-777,0,Mph
-2156.75,-776,0,Mph
-2127.25,-767,0,Mph
-2748.75,-761.5,0,Mph
-2548.25,-757,0,Mph
-2348.75,-751.5,0,Mph
-2275.25,-752.5,0,Mph
-2193.75,-739.5,0,Mph
-2609.25,-735,0,Mph
-2359.75,-732,0,Mph
-2251.25,-733.5,0,Mph
-2721.25,-713,0,Mph
-2261.75,-708.5,0,Mph
-2864.75,-710,0,Mph
-2848.75,-687.5,0,Mph
-2865.75,-682,0,Mph
-2449.25,-674.5,0,Mph
-2467.25,-669.5,0,Mph
-2245.25,-662,0,Mph
-2881.25,-650,0,Mph
-2697.25,-654.5,0,Mph
-2464.75,-641.5,0,Mph
-2682.75,-648.5,0,Mph
-2760.25,-644.5,0,Mph
-2815.75,-644,0,Mph
-2624.25,-627,0,Mph
-2593.25,-625,0,Mph
-2734.75,-618.5,0,Mph
-2870.25,-607.5,0,Mph
-2447.25,-607.5,0,Mph
-2633.75,-590.5,0,Mph
-2106.25,-585.5,0,Mph
-2451.75,-591.5,0,Mph
-2764.25,-581,0,Mph
-2591.75,-579.5,0,Mph
-2484.25,-581.5,0,Mph
-2818.75,-579.5,0,Mph
-2729.75,-569,0,Mph
-2550.25,-560,0,Mph
-2412.75,-558.5,0,Mph
-2441.75,-551,0,Mph
-2734.25,-537,0,Mph
-2678.25,-541.5,0,Mph
-2272.75,-535,0,Mph
-2477.75,-528.5,0,Mph
-2778.25,-516,0,Mph
-2494.25,-514.5,0,Mph
-2874.25,-511.5,0,Mph
-2865.75,-503.5,0,Mph
-2284.25,-502.5,0,Mph
-2264.75,-500,0,Mph
-2443.75,-469,0,Mph
-2464.75,-467,0,Mph
-2220.75,-465.5,0,Mph
-2236.75,-448,0,Mph
-2690.75,-446.5,0,Mph
-2585.75,-438,0,Mph
-2333.25,-432.5,0,Mph
-2588.75,-419.5,0,Mph
-2610.25,-417,0,Mph
-2790.75,-413.5,0,Mph
-2242.75,-412.5,0,Mph
-2396.25,-401.5,0,Mph
-2617.75,-400,0,Mph
-2227.25,-396,0,Mph
-2209.25,-393.5,0,Mph
-2800.75,-383,0,Mph
-2364.75,-383,0,Mph
-3344.75,-1149,0,Mph
-3066.25,-1123,0,Mph
-3384.25,-1128,0,Mph
-3098.25,-1126,0,Mph
-3034.25,-1122,0,Mph
-3389.25,-1115,0,Mph
-3255.75,-1111.5,0,Mph
-3045.75,-1112.5,0,Mph
-3233.25,-1109.5,0,Mph
-3321.25,-1107.5,0,Mph
-3190.25,-1107.5,0,Mph
-3412.75,-1103,0,Mph
-3444.25,-1098.5,0,Mph
-3043.25,-1096.5,0,Mph
-3190.25,-1091,0,Mph
-3233.75,-1091.5,0,Mph
-3486.25,-1088.5,0,Mph
-3501.75,-1084.5,0,Mph
-3340.25,-1080.5,0,Mph
-3056.25,-1075.5,0,Mph
-3410.25,-1058.5,0,Mph
-3113.75,-1057,0,Mph
-3308.25,-1056.5,0,Mph
-3288.25,-1056,0,Mph
-3404.25,-1043,0,Mph
-3523.75,-1044.5,0,Mph
-3133.75,-1034.5,0,Mph
-3390.75,-1024,0,Mph
-3543.25,-1021,0,Mph
-2891.75,-1003,0,Mph
-3416.25,-992.5,0,Mph
-3148.75,-975.5,0,Mph
-3339.25,-978.5,0,Mph
-3047.75,-975.5,0,Mph
-3361.25,-973,0,Mph
-3296.25,-969.5,0,Mph
-3100.75,-970,0,Mph
-3119.75,-969,0,Mph
-3452.25,-952,0,Mph
-3068.25,-961.5,0,Mph
-2915.25,-961.5,0,Mph
-3425.75,-952.5,0,Mph
-3097.75,-950.5,0,Mph
-3295.25,-953,0,Mph
-2951.75,-935.5,0,Mph
-3213.75,-930.5,0,Mph
-3231.75,-916,0,Mph
-3474.25,-906.5,0,Mph
-3121.25,-886.5,0,Mph
-2930.75,-893.5,0,Mph
-3477.75,-890.5,0,Mph
-3142.75,-882,0,Mph
-3220.75,-877,0,Mph
-2944.25,-873,0,Mph
-3492.75,-869,0,Mph
-3460.25,-870,0,Mph
-3208.25,-868.5,0,Mph
-3186.75,-856,0,Mph
-2994.75,-845.5,0,Mph
-2972.25,-836,0,Mph
-3153.25,-799.5,0,Mph
-2966.75,-792,0,Mph
-3621.25,-791.5,0,Mph
-3061.75,-790,0,Mph
-3415.25,-787.5,0,Mph
-3166.25,-781,0,Mph
-2938.25,-782,0,Mph
-2899.75,-779,0,Mph
-3262.75,-775.5,0,Mph
-3508.25,-770.5,0,Mph
-3387.75,-767.5,0,Mph
-3679.25,-760,0,Mph
-3273.25,-757,0,Mph
-3626.75,-754,0,Mph
-3649.75,-751,0,Mph
-3574.75,-741,0,Mph
-3618.75,-732.5,0,Mph
-3264.75,-718,0,Mph
-3636.75,-724.5,0,Mph
-3289.75,-722.5,0,Mph
-3561.25,-712,0,Mph
-3601.75,-701.5,0,Mph
-2897.75,-685,0,Mph
-3248.25,-686,0,Mph
-3055.25,-677,0,Mph
-2891.25,-662,0,Mph
-3070.75,-669,0,Mph
-3386.25,-662.5,0,Mph
-3100.25,-640,0,Mph
-2960.75,-640,0,Mph
-2896.75,-635.5,0,Mph
-2940.25,-616.5,0,Mph
-2888.75,-599,0,Mph
-3257.25,-592,0,Mph
-3218.75,-584.5,0,Mph
-2980.25,-593.5,0,Mph
-3392.25,-583.5,0,Mph
-3224.75,-529,0,Mph
-3283.25,-522.5,0,Mph
-2939.25,-526,0,Mph
-3219.75,-509.5,0,Mph
-3250.75,-500,0,Mph
-3136.25,-493,0,Mph
-3346.75,-495.5,0,Mph
-2884.25,-492,0,Mph
-2990.75,-490,0,Mph
-3120.75,-481,0,Mph
-2930.75,-476.5,0,Mph
-3023.25,-473,0,Mph
-3235.25,-468,0,Mph
-3247.25,-459,0,Mph
-3022.75,-451.5,0,Mph
-3152.25,-447,0,Mph
-2898.75,-446,0,Mph
-3029.25,-437,0,Mph
-2992.75,-429.5,0,Mph
-2903.75,-424,0,Mph
-3126.75,-430,0,Mph
-3114.75,-420,0,Mph
-3034.25,-417.5,0,Mph
-3222.25,-394,0,Mph
-3166.25,-371,0,Mph
-2939.75,-373,0,Mph
-3190.75,-357.5,0,Mph
-3066.75,-360.5,0,Mph
1815.25,-1115,0,Mph
1849.75,-1095,0,Mph
1837.25,-1094,0,Mph
1755.75,-1061,0,Mph
1738.25,-1012,0,Mph
1879.25,-991,0,Mph
1752.75,-969.5,0,Mph
1536.75,-971.5,0,Mph
1899.25,-962.5,0,Mph
1470.75,-958.5,0,Mph
1485.25,-956.5,0,Mph
1590.75,-949.5,0,Mph
1751.75,-949,0,Mph
1819.25,-943,0,Mph
1604.75,-942.5,0,Mph
1494.75,-936.5,0,Mph
1837.25,-940.5,0,Mph
1829.25,-926.5,0,Mph
1876.75,-919,0,Mph
1859.25,-895,0,Mph
1830.75,-893,0,Mph
1916.75,-868.5,0,Mph
1698.75,-865,0,Mph
1723.25,-848,0,Mph
1646.75,-838,0,Mph
1842.25,-830.5,0,Mph
1543.75,-834.5,0,Mph
1736.75,-822,0,Mph
1717.25,-823,0,Mph
1755.75,-820,0,Mph
1697.75,-793,0,Mph
1802.75,-793,0,Mph
1587.25,-792.5,0,Mph
1769.75,-791,0,Mph
1812.75,-782,0,Mph
1770.75,-775,0,Mph
1615.25,-765,0,Mph
1753.75,-753.5,0,Mph
1886.75,-749.5,0,Mph
1635.25,-748,0,Mph
1574.25,-743,0,Mph
1913.75,-735,0,Mph
1701.25,-734.5,0,Mph
1843.75,-728.5,0,Mph
1567.75,-726.5,0,Mph
1879.25,-722.5,0,Mph
1807.25,-711.5,0,Mph
1862.25,-713,0,Mph
1704.75,-709,0,Mph
1843.25,-701,0,Mph
1626.75,-693.5,0,Mph
1764.75,-692.5,0,Mph
1604.75,-691,0,Mph
1829.75,-685.5,0,Mph
1694.75,-685,0,Mph
1781.75,-681.5,0,Mph
1490.25,-674.5,0,Mph
1673.75,-662,0,Mph
1752.75,-670,0,Mph
1384.25,-667.5,0,Mph
1582.25,-660.5,0,Mph
1740.25,-655.5,0,Mph
1268.25,-638.5,0,Mph
1586.25,-638.5,0,Mph
1727.75,-640.5,0,Mph
1703.75,-640,0,Mph
1754.25,-641.5,0,Mph
1666.75,-639,0,Mph
1649.75,-628,0,Mph
1662.75,-595.5,0,Mph
1448.25,-584.5,0,Mph
1261.25,-576,0,Mph
1475.75,-576,0,Mph
1312.25,-567,0,Mph
1465.75,-566,0,Mph
1452.25,-559,0,Mph
1249.75,-553,0,Mph
1477.25,-556.5,0,Mph
1350.75,-541.5,0,Mph
1653.25,-536.5,0,Mph
1444.75,-530.5,0,Mph
1449.75,-500,0,Mph
1577.75,-498,0,Mph
1579.75,-482.5,0,Mph
1565.75,-483,0,Mph
1247.75,-467,0,Mph
1563.25,-460,0,Mph
1314.25,-447.5,0,Mph
1538.25,-443,0,Mph
1429.25,-436,0,Mph
1492.75,-426.5,0,Mph
1315.25,-427,0,Mph
1513.75,-424,0,Mph
1502.75,-409.5,0,Mph
1493.75,-387.5,0,Mph
1528.25,-385.5,0,Mph
1505.25,-376.5,0,Mph
1468.25,-375,0,Mph
1583.75,-361,0,Mph
-285.75,-1144.5,0,Mph
-210.25,-1139,0,Mph
-344.75,-1130,0,Mph
-441.25,-1137.5,0,Mph
-317.75,-1135,0,Mph
135.75,-1136,0,Mph
-269.25,-1119.5,0,Mph
-165.75,-1122.5,0,Mph
176.75,-1119.5,0,Mph
151.75,-1119,0,Mph
84.75,-1113,0,Mph
-439.75,-1115.5,0,Mph
17.25,-1107.5,0,Mph
-410.25,-1105,0,Mph
251.75,-1093,0,Mph
136.25,-1090,0,Mph
-42.25,-1093.5,0,Mph
-115.75,-1089,0,Mph
-476.25,-1082,0,Mph
-140.25,-1075.5,0,Mph
-18.75,-1082,0,Mph
-372.25,-1073,0,Mph
-56.25,-1078,0,Mph
-32.25,-1077,0,Mph
29.75,-1075,0,Mph
73.25,-1072,0,Mph
-44.75,-1071,0,Mph
-18.75,-1063,0,Mph
23.75,-1051,0,Mph
-126.75,-1052.5,0,Mph
-301.75,-1043,0,Mph
65.25,-1047.5,0,Mph
140.25,-1042.5,0,Mph
276.25,-1037.5,0,Mph
-13.75,-1036.5,0,Mph
163.25,-1030,0,Mph
-19.25,-1024.5,0,Mph
-307.75,-1009,0,Mph
284.75,-1013.5,0,Mph
60.25,-1021,0,Mph
-330.25,-1013.5,0,Mph
79.25,-1014.5,0,Mph
30.75,-1010.5,0,Mph
186.75,-994.5,0,Mph
235.75,-999.5,0,Mph
167.25,-992.5,0,Mph
98.25,-986.5,0,Mph
-395.75,-979,0,Mph
-251.25,-968.5,0,Mph
233.75,-939,0,Mph
259.75,-937.5,0,Mph
-425.75,-932,0,Mph
-250.25,-922.5,0,Mph
-389.75,-921.5,0,Mph
245.25,-918.5,0,Mph
-287.75,-909,0,Mph
-210.25,-907,0,Mph
-393.75,-896.5,0,Mph
231.25,-885,0,Mph
283.25,-882.5,0,Mph
233.25,-858.5,0,Mph
251.75,-855,0,Mph
266.25,-852,0,Mph
-431.25,-842,0,Mph
267.25,-827,0,Mph
-463.75,-799,0,Mph
-320.25,-780.5,0,Mph
-460.25,-727.5,0,Mph
-278.25,-717.5,0,Mph
-332.25,-674,0,Mph
260.75,-625,0,Mph
89.25,-604,0,Mph
298.75,-575,0,Mph
234.75,-557,0,Mph
211.25,-557.5,0,Mph
-456.25,-544.5,0,Mph
213.75,-531.5,0,Mph
259.75,-529,0,Mph
216.75,-498,0,Mph
-66.25,-494.5,0,Mph
-163.75,-472,0,Mph
-139.25,-457.5,0,Mph
91.25,-403,0,Mph
-139.75,-376,0,Mph
-110.25,-376,0,Mph
240.25,-366,0,Mph
258.75,-356,0,Mph
226.75,-353.5,0,Mph
304.75,-335.5,0,Mph
290.25,-305,0,Mph
-474.75,-297.5,0,Mph
-61.25,-296.5,0,Mph
294.25,-286.5,0,Mph
-465.75,-283,0,Mph
-8.75,-274,0,Mph
-461.75,-266,0,Mph
-243.25,-235.5,0,Mph
-355.75,-212.5,0,Mph
-315.25,-212,0,Mph
299.75,-209,0,Mph
317.75,-203.5,0,Mph
134.25,-186.5,0,Mph
-418.75,-192,0,Mph
315.25,-181,0,Mph
-337.75,-179,0,Mph
-96.75,-145.5,0,Mph
-448.25,-123.5,0,Mph
272.25,-118,0,Mph
-424.75,-115,0,Mph
-163.25,-79.5,0,Mph
-139.25,-73,0,Mph
-313.75,-71.5,0,Mph
260.25,-67.5,0,Mph
-260.75,-36.5,0,Mph
223.75,-22,0,Mph
-212.75,-17,0,Mph
-353.25,5,0,Mph
294.75,9,0,Mph
172.75,4.5,0,Mph
-188.75,6.5,0,Mph
-61.75,9,0,Mph
112.25,8.5,0,Mph
148.25,11,0,Mph
6.25,12.5,0,Mph
-172.75,16,0,Mph
-150.75,31.5,0,Mph
-321.25,27,0,Mph
307.75,29,0,Mph
9.75,33.5,0,Mph
-350.25,46,0,Mph
-95.75,73.5,0,Mph
-267.25,86.5,0,Mph
170.25,107,0,Mph
154.25,126.5,0,Mph
-181.75,144,0,Mph
67.75,154,0,Mph
-46.25,161.5,0,Mph
269.75,158.5,0,Mph
11.75,166.5,0,Mph
-266.75,175,0,Mph
-6.25,171,0,Mph
266.75,179,0,Mph
5.75,191,0,Mph
263.25,195.5,0,Mph
-290.25,220.5,0,Mph
275.75,222.5,0,Mph
-235.75,295,0,Mph
-97.25,306.5,0,Mph
-214.25,377,0,Mph
-428.25,429.5,0,Mph
71.75,430.5,0,Mph
-1707.75,-312.5,0,Mph
-1718.25,-294,0,Mph
-1747.25,-296.5,0,Mph
-1519.25,-288,0,Mph
-1591.75,-275,0,Mph
-1533.25,-269.5,0,Mph
-1763.75,-251,0,Mph
-1545.75,-252.5,0,Mph
-1787.75,-244,0,Mph
-1690.75,-242,0,Mph
-1710.75,-233,0,Mph
-1848.25,-232,0,Mph
-1804.75,-230.5,0,Mph
-1534.75,-228.5,0,Mph
-1519.25,-224,0,Mph
-1539.25,-216,0,Mph
-1595.75,-200,0,Mph
-1547.25,-196.5,0,Mph
-1807.25,-196.5,0,Mph
-1762.75,-185.5,0,Mph
-1568.25,-188,0,Mph
-1704.25,-185,0,Mph
-1799.25,-179.5,0,Mph
-1602.75,-176,0,Mph
-1729.75,-176.5,0,Mph
-1623.75,-172.5,0,Mph
-1799.25,-158.5,0,Mph
-1740.75,-162.5,0,Mph
-1552.25,-156,0,Mph
-1744.75,-142.5,0,Mph
-1613.75,-112,0,Mph
-1369.75,-106,0,Mph
-1762.25,-105,0,Mph
-1639.25,-101.5,0,Mph
-1844.25,-96,0,Mph
-1809.25,-91,0,Mph
-1846.75,-72,0,Mph
-1634.75,-48.5,0,Mph
-1679.25,-37,0,Mph
-1591.25,-34,0,Mph
-1818.25,-24,0,Mph
-1726.25,-25.5,0,Mph
-1554.75,-24.5,0,Mph
-1441.25,-20.5,0,Mph
-1583.75,-18,0,Mph
-1782.25,14.5,0,Mph
-1730.75,22,0,Mph
-1418.25,23,0,Mph
-1790.75,32.5,0,Mph
-1709.75,41,0,Mph
-1974.25,44,0,Mph
-1838.25,44,0,Mph
-2052.25,56.5,0,Mph
-1488.25,54,0,Mph
-1996.25,57,0,Mph
-2003.75,82.5,0,Mph
-1288.25,92,0,Mph
-1860.75,92.5,0,Mph
-1993.25,93.5,0,Mph
-1741.75,97,0,Mph
-1894.75,116.5,0,Mph
-2072.75,123,0,Mph
-2019.25,145,0,Mph
-1978.75,157,0,Mph
-2038.25,174,0,Mph
-1404.75,178.5,0,Mph
-1717.75,179.5,0,Mph
-1301.25,182,0,Mph
-1698.25,198.5,0,Mph
-1748.75,191.5,0,Mph
-1791.75,205.5,0,Mph
-1813.75,214.5,0,Mph
-1377.25,221.5,0,Mph
-1875.75,232.5,0,Mph
-1639.25,236,0,Mph
-1781.25,248,0,Mph
-1833.25,263.5,0,Mph
-1781.25,266.5,0,Mph
-1885.25,281.5,0,Mph
-1818.75,289.5,0,Mph
-1577.25,296.5,0,Mph
-1533.25,337,0,Mph
-1801.75,347.5,0,Mph
-1844.25,361,0,Mph
-1820.75,367,0,Mph
-1786.25,368,0,Mph
-1283.25,369,0,Mph
-1981.75,386.5,0,Mph
-1957.25,390,0,Mph
-1932.75,392,0,Mph
-1822.25,394.5,0,Mph
-1972.25,403.5,0,Mph
-1337.75,433.5,0,Mph
-1356.25,434,0,Mph
-1377.75,441,0,Mph
-1422.25,440.5,0,Mph
-606.25,-346,0,Mph
-924.75,-328,0,Mph
-740.25,-331.5,0,Mph
-898.25,-328.5,0,Mph
-515.25,-316.5,0,Mph
-964.25,-308.5,0,Mph
-1106.75,-311,0,Mph
-1197.75,-298.5,0,Mph
-895.75,-285,0,Mph
-913.25,-276,0,Mph
-709.25,-242.5,0,Mph
-621.25,-235,0,Mph
-727.25,-238,0,Mph
-912.25,-229.5,0,Mph
-627.25,-203.5,0,Mph
-782.75,-205,0,Mph
-1148.75,-201.5,0,Mph
-949.75,-200,0,Mph
-829.25,-198,0,Mph
-765.75,-192,0,Mph
-750.75,-184,0,Mph
-584.75,-187,0,Mph
-837.25,-176,0,Mph
-552.75,-176.5,0,Mph
-575.75,-176,0,Mph
-873.75,-172,0,Mph
-899.25,-159,0,Mph
-686.75,-159,0,Mph
-826.75,-164,0,Mph
-749.25,-162.5,0,Mph
-614.75,-154.5,0,Mph
-552.75,-149,0,Mph
-653.75,-150,0,Mph
-636.25,-148,0,Mph
-597.75,-143.5,0,Mph
-1069.75,-137,0,Mph
-899.75,-136.5,0,Mph
-1107.25,-122,0,Mph
-884.75,-119,0,Mph
-1086.25,-118,0,Mph
-640.75,-112.5,0,Mph
-621.75,-107.5,0,Mph
-899.75,-68.5,0,Mph
-957.75,-64,0,Mph
-589.75,-72,0,Mph
-988.75,-53,0,Mph
-948.75,-32,0,Mph
-1005.75,-30.5,0,Mph
-1137.75,-23,0,Mph
-1112.75,-21,0,Mph
-957.75,-16,0,Mph
-1023.75,-18.5,0,Mph
-1121.75,-8.5,0,Mph
-494.75,-10,0,Mph
-540.25,1,0,Mph
-509.25,7.5,0,Mph
-1250.75,20.5,0,Mph
-1232.75,40.5,0,Mph
-1159.25,36.5,0,Mph
-1141.75,37.5,0,Mph
-1251.25,50,0,Mph
-1054.25,62,0,Mph
-1262.75,74.5,0,Mph
-967.75,84,0,Mph
-505.25,91,0,Mph
-976.75,93,0,Mph
-1034.25,106,0,Mph
-844.75,142,0,Mph
-825.75,148,0,Mph
-789.75,151.5,0,Mph
-807.75,154.5,0,Mph
-552.75,154.5,0,Mph
-740.75,157,0,Mph
-1125.25,160,0,Mph
-542.75,164,0,Mph
-622.25,166,0,Mph
-720.75,167.5,0,Mph
-781.25,169.5,0,Mph
-1013.75,172,0,Mph
-1121.75,181.5,0,Mph
-1163.25,197.5,0,Mph
-616.75,194,0,Mph
-1100.75,199.5,0,Mph
-1028.75,212,0,Mph
-717.75,207.5,0,Mph
-739.25,217,0,Mph
-652.25,219,0,Mph
-1108.75,228.5,0,Mph
-702.75,225.5,0,Mph
-1058.25,232.5,0,Mph
-1142.75,265.5,0,Mph
-1013.25,273.5,0,Mph
-989.75,269.5,0,Mph
-975.25,281,0,Mph
-1257.25,284.5,0,Mph
-1108.25,298.5,0,Mph
-930.75,315,0,Mph
-1272.25,319,0,Mph
-1123.75,323.5,0,Mph
-1148.75,336.5,0,Mph
-983.75,333.5,0,Mph
-1262.25,338.5,0,Mph
-973.75,343.5,0,Mph
-955.75,355,0,Mph
-1019.25,377.5,0,Mph
-804.25,384,0,Mph
-883.75,387,0,Mph
-1213.25,406.5,0,Mph
-753.75,406.5,0,Mph
-1059.75,411,0,Mph
-737.75,411.5,0,Mph
-982.75,431,0,Mph
-963.25,432,0,Mph
-673.75,435,0,Mph
-694.25,441,0,Mph
2361.75,-1144,0,Mph
2089.75,-1131.5,0,Mph
2099.25,-1120,0,Mph
1971.25,-1112.5,0,Mph
2092.25,-1101,0,Mph
1951.25,-1098,0,Mph
1923.25,-1096.5,0,Mph
2085.25,-1074.5,0,Mph
2075.25,-1057,0,Mph
2033.25,-1018.5,0,Mph
2016.75,-1004,0,Mph
2241.25,-1004.5,0,Mph
2309.25,-999,0,Mph
2260.75,-988,0,Mph
2281.75,-985.5,0,Mph
2206.25,-977,0,Mph
2311.75,-972.5,0,Mph
1946.75,-961.5,0,Mph
1921.75,-957.5,0,Mph
2032.75,-955,0,Mph
2069.75,-947.5,0,Mph
2110.75,-951,0,Mph
2019.25,-945,0,Mph
2041.75,-944,0,Mph
2213.75,-935,0,Mph
2062.25,-929,0,Mph
1997.75,-924,0,Mph
2027.75,-920,0,Mph
1984.75,-906.5,0,Mph
2021.75,-909.5,0,Mph
2265.25,-903,0,Mph
1926.25,-900.5,0,Mph
1966.75,-896,0,Mph
1981.25,-887.5,0,Mph
1932.25,-870,0,Mph
1999.25,-870.5,0,Mph
2021.75,-868,0,Mph
2444.75,-844.5,0,Mph
2054.75,-842,0,Mph
2464.75,-828,0,Mph
1968.25,-817.5,0,Mph
2388.75,-814,0,Mph
2369.25,-808.5,0,Mph
1950.25,-813,0,Mph
2072.25,-790,0,Mph
1933.75,-790,0,Mph
1937.75,-770,0,Mph
1949.75,-759.5,0,Mph
1932.75,-711.5,0,Mph
2505.25,-712.5,0,Mph
2525.25,-696,0,Mph
-2382.25,-352,0,Mph
-2413.75,-347,0,Mph
-2804.75,-343,0,Mph
-2347.75,-339,0,Mph
-2296.75,-321.5,0,Mph
-2466.25,-313.5,0,Mph
-2776.25,-318,0,Mph
-2344.25,-321,0,Mph
-2547.75,-300.5,0,Mph
-2302.75,-299,0,Mph
-2218.75,-297.5,0,Mph
-2093.75,-296.5,0,Mph
-2355.25,-281.5,0,Mph
-2473.25,-282.5,0,Mph
-2213.75,-280,0,Mph
-2436.25,-270,0,Mph
-2320.25,-267.5,0,Mph
-2409.25,-267.5,0,Mph
-2377.25,-267,0,Mph
-2718.75,-264.5,0,Mph
-2278.75,-260.5,0,Mph
-2630.25,-245.5,0,Mph
-2421.75,-243.5,0,Mph
-2829.75,-224,0,Mph
-2421.25,-217.5,0,Mph
-2202.75,-216.5,0,Mph
-2263.25,-203,0,Mph
-2196.75,-197.5,0,Mph
-2236.25,-194.5,0,Mph
-2417.25,-184,0,Mph
-2213.75,-196,0,Mph
-2742.75,-186,0,Mph
-2840.75,-186,0,Mph
-2368.25,-181,0,Mph
-2236.75,-166,0,Mph
-2395.25,-164,0,Mph
-2221.75,-158,0,Mph
-2175.75,-148.5,0,Mph
-2482.25,-144,0,Mph
-2225.25,-141.5,0,Mph
-2175.25,-121.5,0,Mph
-2627.75,-109.5,0,Mph
-2638.75,-103.5,0,Mph
-2215.25,-98.5,0,Mph
-2192.75,-88.5,0,Mph
-2622.25,-84,0,Mph
-2215.25,-80.5,0,Mph
-2711.25,-69.5,0,Mph
-2313.25,-68,0,Mph
-2202.75,-61.5,0,Mph
-2410.25,-66,0,Mph
-2680.25,-53,0,Mph
-2223.25,-51,0,Mph
-2408.25,-50,0,Mph
-2194.25,-48,0,Mph
-2400.75,-30.5,0,Mph
-2194.75,-33,0,Mph
-2425.75,-27.5,0,Mph
-2716.75,-26.5,0,Mph
-2634.25,-15.5,0,Mph
-2189.25,-15,0,Mph
-2793.25,-15.5,0,Mph
-2852.25,-0.5,0,Mph
-2234.25,-1,0,Mph
-2607.25,10,0,Mph
-2243.75,19,0,Mph
-2458.75,33,0,Mph
-2839.75,38.5,0,Mph
-2592.75,36.5,0,Mph
-2230.75,48,0,Mph
-2617.25,51,0,Mph
-2581.75,58,0,Mph
-2447.25,58,0,Mph
-2468.25,74,0,Mph
-2421.75,76.5,0,Mph
-2790.25,81,0,Mph
-2800.25,106,0,Mph
-2597.25,91.5,0,Mph
-2551.25,105,0,Mph
-2482.25,124,0,Mph
-2544.25,122,0,Mph
-2458.75,120.5,0,Mph
-2581.25,131,0,Mph
-2797.25,140,0,Mph
-2501.25,144.5,0,Mph
-2107.75,149.5,0,Mph
-2167.75,156.5,0,Mph
-2546.25,164,0,Mph
-2107.75,175.5,0,Mph
-2447.25,190,0,Mph
-2144.25,181.5,0,Mph
-2563.25,188,0,Mph
-2494.75,191.5,0,Mph
-2216.75,216,0,Mph
-2514.75,211.5,0,Mph
-2634.25,208.5,0,Mph
-2750.25,215.5,0,Mph
-2622.75,233.5,0,Mph
-2501.25,237,0,Mph
-2811.75,237,0,Mph
-2327.25,237,0,Mph
-2093.25,237,0,Mph
-2489.25,238,0,Mph
-2648.75,240.5,0,Mph
-2749.25,244.5,0,Mph
-2872.75,249,0,Mph
-2479.25,250,0,Mph
-2627.75,256.5,0,Mph
-2645.75,257.5,0,Mph
-2330.75,260.5,0,Mph
-2531.75,267,0,Mph
-2584.25,304,0,Mph
-2302.75,292.5,0,Mph
-2253.75,296.5,0,Mph
-2877.75,303.5,0,Mph
-2795.75,305.5,0,Mph
-2202.25,313.5,0,Mph
-2682.25,320.5,0,Mph
-2648.75,319,0,Mph
-2258.25,340.5,0,Mph
-2437.75,346,0,Mph
-2747.25,354.5,0,Mph
-2559.75,356.5,0,Mph
-2693.75,361.5,0,Mph
-2397.75,370,0,Mph
-2717.75,369,0,Mph
-2837.25,375,0,Mph
-2762.25,373,0,Mph
-2725.75,379,0,Mph
-2693.25,382,0,Mph
-2846.25,398,0,Mph
-2681.25,394.5,0,Mph
-2342.25,414,0,Mph
-2680.75,413,0,Mph
-2730.75,419.5,0,Mph
-2848.75,423.5,0,Mph
-2363.25,426.5,0,Mph
-2336.25,429,0,Mph
-2865.25,437,0,Mph
-2810.25,447.5,0,Mph
-2520.25,443.5,0,Mph
690.75,-247,0,Mph
1092.25,-235.5,0,Mph
984.25,-234,0,Mph
359.75,-198.5,0,Mph
1019.75,-196,0,Mph
445.25,-191,0,Mph
699.75,-174.5,0,Mph
667.25,-108.5,0,Mph
430.25,-94,0,Mph
413.25,-48.5,0,Mph
387.75,-27.5,0,Mph
814.25,19.5,0,Mph
762.25,29,0,Mph
319.25,37,0,Mph
742.75,110,0,Mph
529.25,118,0,Mph
729.25,137,0,Mph
950.75,150.5,0,Mph
728.75,164,0,Mph
944.75,172.5,0,Mph
932.25,201.5,0,Mph
854.25,222.5,0,Mph
716.75,234,0,Mph
581.25,241.5,0,Mph
854.25,260.5,0,Mph
721.25,261,0,Mph
1025.25,273,0,Mph
1108.25,283,0,Mph
883.75,301,0,Mph
666.75,314.5,0,Mph
449.75,337.5,0,Mph
670.25,361,0,Mph
662.25,393,0,Mph
460.25,405.5,0,Mph
399.75,410,0,Mph
554.25,412.5,0,Mph
1473.75,-347.5,0,Mph
1491.25,-348,0,Mph
1565.25,-332.5,0,Mph
1530.75,-325,0,Mph
1468.75,-316.5,0,Mph
1460.75,-299,0,Mph
1281.25,-283.5,0,Mph
1308.25,-264.5,0,Mph
1292.25,-265.5,0,Mph
1407.75,-262,0,Mph
1445.75,-231.5,0,Mph
1424.75,-231.5,0,Mph
1443.75,-195.5,0,Mph
1442.25,-157.5,0,Mph
1173.75,-126.5,0,Mph
1357.75,-116,0,Mph
1175.75,-102.5,0,Mph
1438.75,-88,0,Mph
1456.25,-72.5,0,Mph
1398.25,-23.5,0,Mph
1592.75,0.5,0,Mph
1466.75,4,0,Mph
1473.25,27,0,Mph
1618.25,47.5,0,Mph
1540.25,61,0,Mph
1530.25,116.5,0,Mph
1587.25,127.5,0,Mph
1543.75,127,0,Mph
1608.75,174,0,Mph
1652.75,198,0,Mph
1610.75,245.5,0,Mph
1118.75,260.5,0,Mph
1584.75,261.5,0,Mph
1557.75,276.5,0,Mph
1135.25,330.5,0,Mph
1146.75,341,0,Mph
1165.75,344.5,0,Mph
1185.25,351.5,0,Mph
1227.25,368.5,0,Mph
1486.75,382,0,Mph
1410.75,390,0,Mph
1461.25,405.5,0,Mph
1439.75,419.5,0,Mph
1216.75,429.5,0,Mph
1480.75,437,0,Mph
1236.25,439,0,Mph
-2935.75,-339.5,0,Mph
-2901.25,-344.5,0,Mph
-3233.25,-335,0,Mph
-3204.75,-314.5,0,Mph
-2914.25,-303,0,Mph
-2955.75,-299.5,0,Mph
-2930.75,-295,0,Mph
-2922.25,-285,0,Mph
-2976.75,-271,0,Mph
-3033.25,-273.5,0,Mph
-3167.25,-277.5,0,Mph
-3045.75,-276,0,Mph
-2901.25,-273,0,Mph
-2911.75,-259,0,Mph
-3251.25,-253.5,0,Mph
-3014.25,-244,0,Mph
-3105.25,-243.5,0,Mph
-3079.75,-238.5,0,Mph
-3202.25,-232.5,0,Mph
-3131.75,-231.5,0,Mph
-3065.75,-229.5,0,Mph
-3177.25,-221,0,Mph
-2965.25,-157,0,Mph
-2971.75,-120,0,Mph
-3105.75,-85,0,Mph
-3250.75,-55.5,0,Mph
-3093.25,-31,0,Mph
-2916.25,-29,0,Mph
-2929.75,-10.5,0,Mph
-2918.75,15,0,Mph
-3081.75,41.5,0,Mph
-2969.75,50.5,0,Mph
-3082.75,59,0,Mph
-2984.25,81.5,0,Mph
-2946.75,88,0,Mph
-2978.75,99,0,Mph
-2969.75,111,0,Mph
-2911.75,242,0,Mph
-2973.25,264,0,Mph
-2887.25,276,0,Mph
-3030.25,285.5,0,Mph
-3012.75,360.5,0,Mph
-2928.25,376,0,Mph
-3098.25,407.5,0,Mph
-2912.25,408,0,Mph
-3217.25,417,0,Mph
-3192.25,423.5,0,Mph
-2907.25,458,0,Mph
-2924.25,467,0,Mph
-3132.75,483.5,0,Mph
-3066.75,489.5,0,Mph
-2943.25,497,0,Mph
-3059.75,518.5,0,Mph
-3106.25,519.5,0,Mph
-3168.75,537,0,Mph
-2985.75,551.5,0,Mph
-3177.25,546,0,Mph
-3113.75,547,0,Mph
-2949.75,559.5,0,Mph
-3037.25,562,0,Mph
-3214.25,561,0,Mph
-3203.75,605,0,Mph
-3106.75,630.5,0,Mph
-3135.75,637.5,0,Mph
-3096.25,641.5,0,Mph
-3039.25,659.5,0,Mph
-3132.25,677,0,Mph
-3044.25,734,0,Mph
-2973.75,769,0,Mph
-3141.25,782,0,Mph
-2984.25,791,0,Mph
-3001.25,805.5,0,Mph
-2921.75,852,0,Mph
-2934.25,856,0,Mph
-2973.75,895.5,0,Mph
-2993.25,912,0,Mph
-2950.25,933.5,0,Mph
-3029.75,943,0,Mph
-2981.75,959,0,Mph
-2909.75,963.5,0,Mph
-2956.75,1005.5,0,Mph
-2908.25,1038,0,Mph
-2972.25,1039,0,Mph
-2986.25,1059.5,0,Mph
-3098.75,1074.5,0,Mph
-3159.25,1086.5,0,Mph
-3001.75,1091,0,Mph
-3023.75,1104,0,Mph
-2984.25,1094.5,0,Mph
-2978.25,1109,0,Mph
-3141.75,1128.5,0,Mph
-2990.25,1132,0,Mph
-3037.25,1142.5,0,Mph
-3145.75,1147.5,0,Mph
-3002.25,1151.5,0,Mph
-3088.25,1162,0,Mph
-3052.75,1165,0,Mph
-3061.25,1203.5,0,Mph
-3066.25,1215.5,0,Mph
-3076.75,1225,0,Mph
-3002.25,1228,0,Mph
-3054.75,1231.5,0,Mph
-3020.75,1244.5,0,Mph
-2895.75,1247,0,Mph
-2838.75,448,0,Mph
-2856.25,453,0,Mph
-2533.25,454.5,0,Mph
-2844.75,466.5,0,Mph
-2808.25,468,0,Mph
-2354.75,482,0,Mph
-2813.25,508,0,Mph
-2785.75,508,0,Mph
-2843.75,513,0,Mph
-2768.75,518,0,Mph
-2792.75,522.5,0,Mph
-2343.75,536.5,0,Mph
-2783.75,542,0,Mph
-2318.75,546.5,0,Mph
-2591.75,553.5,0,Mph
-2777.25,558,0,Mph
-2775.75,586.5,0,Mph
-2518.25,599.5,0,Mph
-2571.25,603,0,Mph
-2371.75,639,0,Mph
-2298.75,637,0,Mph
-2577.25,642,0,Mph
-2528.75,644.5,0,Mph
-2763.25,646,0,Mph
-2253.75,672,0,Mph
-2823.25,693,0,Mph
-2218.75,697,0,Mph
-2833.75,707,0,Mph
-2177.75,699.5,0,Mph
-2156.75,717.5,0,Mph
-2653.75,722,0,Mph
-2142.75,733,0,Mph
-2100.25,747,0,Mph
-2860.25,763,0,Mph
-2514.25,781,0,Mph
-2141.25,776.5,0,Mph
-2119.75,781.5,0,Mph
-2174.25,797.5,0,Mph
-2615.75,802.5,0,Mph
-2526.25,823,0,Mph
-2555.25,824.5,0,Mph
-2634.75,828,0,Mph
-2527.25,859.5,0,Mph
-2676.25,876,0,Mph
-2705.25,877,0,Mph
-2556.75,886,0,Mph
-2351.25,896,0,Mph
-2562.25,915,0,Mph
-2784.25,937.5,0,Mph
-2526.25,951.5,0,Mph
-2147.25,993.5,0,Mph
-2658.25,1006.5,0,Mph
-2084.75,1018.5,0,Mph
-2859.25,1021,0,Mph
-2450.25,1028.5,0,Mph
-2650.25,1030,0,Mph
-2822.25,1054.5,0,Mph
-2875.75,1056.5,0,Mph
-2311.75,1065,0,Mph
-2238.25,1073,0,Mph
-2092.75,1079,0,Mph
-2161.25,1083.5,0,Mph
-2181.75,1090.5,0,Mph
-2322.75,1098.5,0,Mph
-2202.75,1105,0,Mph
-2739.25,1117,0,Mph
-2454.25,1126.5,0,Mph
-2701.25,1127.5,0,Mph
-2762.25,1129.5,0,Mph
-2743.25,1134.5,0,Mph
-2804.75,1141,0,Mph
-2344.25,1143.5,0,Mph
-2831.25,1143,0,Mph
-2574.75,1146.5,0,Mph
-2612.25,1168,0,Mph
-2658.75,1186.5,0,Mph
-2110.25,1206,0,Mph
-2653.25,1208.5,0,Mph
-2629.75,1216.5,0,Mph
-2868.75,1221.5,0,Mph
-2759.75,1229.5,0,Mph
-2408.75,1233,0,Mph
-2550.75,1241.5,0,Mph
-1248.25,448.5,0,Mph
-560.75,456.5,0,Mph
-1155.75,467,0,Mph
-790.75,478,0,Mph
-572.25,482,0,Mph
-618.25,507.5,0,Mph
-487.25,570.5,0,Mph
-597.25,587.5,0,Mph
-505.25,589.5,0,Mph
-1136.75,598.5,0,Mph
-504.75,616.5,0,Mph
-520.75,622,0,Mph
-837.75,627.5,0,Mph
-1026.75,646,0,Mph
-806.25,649.5,0,Mph
-836.75,655.5,0,Mph
-912.25,659,0,Mph
-954.75,661.5,0,Mph
-890.25,660.5,0,Mph
-1038.75,661.5,0,Mph
-813.75,688.5,0,Mph
-1259.75,692.5,0,Mph
-663.75,695.5,0,Mph
-834.25,697.5,0,Mph
-1155.25,706,0,Mph
-1268.25,717.5,0,Mph
-1136.25,717.5,0,Mph
-1250.25,723,0,Mph
-1102.75,739,0,Mph
-1054.75,769.5,0,Mph
-914.25,768.5,0,Mph
-568.25,774,0,Mph
-584.75,782,0,Mph
-1011.75,785.5,0,Mph
-574.25,797.5,0,Mph
-917.75,820,0,Mph
-903.25,848,0,Mph
-673.25,881.5,0,Mph
-620.75,884,0,Mph
-1229.75,886.5,0,Mph
-644.75,894.5,0,Mph
-695.75,896,0,Mph
-1120.25,901.5,0,Mph
-666.75,909,0,Mph
-1100.25,920,0,Mph
-698.75,917,0,Mph
-518.75,987.5,0,Mph
-1241.75,1070.5,0,Mph
-1212.75,1091.5,0,Mph
-501.75,1091.5,0,Mph
-493.25,1129.5,0,Mph
-1232.25,1136,0,Mph
-1190.25,1143.5,0,Mph
-1204.75,1146,0,Mph
-1281.75,1193.5,0,Mph
-2001.75,454,0,Mph
-1950.75,455.5,0,Mph
-1558.25,456.5,0,Mph
-1406.75,466.5,0,Mph
-1961.25,477.5,0,Mph
-1825.25,494,0,Mph
-1884.75,525,0,Mph
-1838.75,526,0,Mph
-2015.75,534.5,0,Mph
-1824.75,541,0,Mph
-1653.25,535.5,0,Mph
-1677.75,542,0,Mph
-1810.25,554,0,Mph
-2048.25,564.5,0,Mph
-1970.75,563.5,0,Mph
-2016.75,566.5,0,Mph
-1675.75,589.5,0,Mph
-1904.25,597,0,Mph
-1659.25,602,0,Mph
-1672.75,607.5,0,Mph
-1920.75,607.5,0,Mph
-1995.25,632.5,0,Mph
-1771.25,632.5,0,Mph
-2013.25,632,0,Mph
-2077.25,646.5,0,Mph
-1585.25,659,0,Mph
-1979.75,660,0,Mph
-2074.75,663.5,0,Mph
-1334.25,666.5,0,Mph
-1308.75,670,0,Mph
-1931.75,690,0,Mph
-2056.25,701,0,Mph
-1493.75,737,0,Mph
-1691.75,741,0,Mph
-1836.25,747.5,0,Mph
-1723.75,758.5,0,Mph
-1388.25,791,0,Mph
-1775.75,788,0,Mph
-1517.75,798,0,Mph
-1650.25,799.5,0,Mph
-1602.75,805,0,Mph
-1633.25,807.5,0,Mph
-1596.25,817,0,Mph
-1676.75,831.5,0,Mph
-1527.75,834.5,0,Mph
-1983.75,856,0,Mph
-1755.25,867.5,0,Mph
-2003.25,873.5,0,Mph
-1709.25,876,0,Mph
-1387.75,876.5,0,Mph
-1489.25,879.5,0,Mph
-1989.75,899,0,Mph
-1392.75,894.5,0,Mph
-1656.25,899,0,Mph
-1566.75,905.5,0,Mph
-1500.75,910,0,Mph
-1982.25,928.5,0,Mph
-1929.25,936,0,Mph
-1413.25,938,0,Mph
-1652.25,943,0,Mph
-1901.75,944,0,Mph
-1589.75,961.5,0,Mph
-1858.75,965.5,0,Mph
-1494.25,967.5,0,Mph
-1966.25,969,0,Mph
-1909.75,997.5,0,Mph
-1877.75,1009,0,Mph
-1897.25,1017,0,Mph
-1690.75,1022.5,0,Mph
-1866.75,1029,0,Mph
-1822.25,1046,0,Mph
-1468.25,1070.5,0,Mph
-2054.25,1092,0,Mph
-1481.25,1087.5,0,Mph
-1569.75,1103,0,Mph
-1879.25,1121,0,Mph
-1344.75,1124,0,Mph
-2046.75,1126.5,0,Mph
-1743.25,1133.5,0,Mph
-1399.75,1138.5,0,Mph
-1874.25,1155.5,0,Mph
-1815.75,1148,0,Mph
-1511.25,1148,0,Mph
-1484.25,1153.5,0,Mph
-1523.25,1159,0,Mph
-1683.75,1166.5,0,Mph
-1474.75,1178.5,0,Mph
-1428.25,1184,0,Mph
-1675.75,1195,0,Mph
-1761.25,1192.5,0,Mph
-1961.25,1195,0,Mph
-1737.25,1196,0,Mph
-1466.75,1214,0,Mph
-1291.75,1217,0,Mph
-1354.75,1218,0,Mph
-1446.25,1219.5,0,Mph
-1523.25,1227,0,Mph
-1401.75,1244,0,Mph
3227.25,1240,0,Mph
1111.25,477.5,0,Mph
338.25,488,0,Mph
1116.25,493.5,0,Mph
378.75,506,0,Mph
326.75,505,0,Mph
616.25,519,0,Mph
807.75,533,0,Mph
602.25,539,0,Mph
400.75,551,0,Mph
590.75,562.5,0,Mph
584.75,577.5,0,Mph
718.75,596,0,Mph
514.25,639.5,0,Mph
746.25,641.5,0,Mph
1115.25,651.5,0,Mph
685.25,654.5,0,Mph
605.75,666.5,0,Mph
510.25,678,0,Mph
1100.75,681,0,Mph
583.25,687,0,Mph
1113.25,710,0,Mph
511.25,729.5,0,Mph
498.75,748,0,Mph
572.75,748.5,0,Mph
553.25,760.5,0,Mph
468.75,798.5,0,Mph
596.75,845.5,0,Mph
449.75,905.5,0,Mph
587.75,917,0,Mph
411.75,941.5,0,Mph
481.75,940,0,Mph
759.75,992,0,Mph
614.75,1003.5,0,Mph
659.75,1008.5,0,Mph
544.25,1020.5,0,Mph
520.25,1073.5,0,Mph
1090.75,1076,0,Mph
539.25,1081,0,Mph
1110.25,1079,0,Mph
622.25,1086.5,0,Mph
1078.25,1093,0,Mph
474.75,1104.5,0,Mph
437.25,1144,0,Mph
1096.25,1170.5,0,Mph
506.25,1170.5,0,Mph
648.75,1186.5,0,Mph
1095.75,1194,0,Mph
486.75,1204.5,0,Mph
499.75,1200,0,Mph
1096.75,1219,0,Mph
538.25,1217.5,0,Mph
1096.75,1244,0,Mph
1169.25,496.5,0,Mph
1458.75,535.5,0,Mph
1296.25,568.5,0,Mph
1329.25,570.5,0,Mph
1265.75,589,0,Mph
1306.25,604,0,Mph
1208.75,624,0,Mph
1351.75,623.5,0,Mph
1164.25,641,0,Mph
1389.75,641.5,0,Mph
1154.25,654.5,0,Mph
1394.75,657,0,Mph
1166.25,670,0,Mph
1166.75,687,0,Mph
1300.75,700.5,0,Mph
1335.75,702,0,Mph
1339.75,720,0,Mph
1304.75,720.5,0,Mph
1273.25,762.5,0,Mph
1275.25,783,0,Mph
1503.25,880.5,0,Mph
1313.75,926.5,0,Mph
1329.75,934.5,0,Mph
1341.25,950,0,Mph
1273.25,971.5,0,Mph
1260.75,984.5,0,Mph
1162.25,994.5,0,Mph
1144.25,1007.5,0,Mph
1339.25,1015.5,0,Mph
1381.25,1017,0,Mph
1298.25,1023.5,0,Mph
1405.75,1032,0,Mph
1304.25,1040.5,0,Mph
1140.75,1063.5,0,Mph
1385.25,1065.5,0,Mph
1417.25,1064,0,Mph
1330.75,1082,0,Mph
1392.25,1089,0,Mph
1338.75,1097.5,0,Mph
1371.25,1113,0,Mph
1474.25,1118,0,Mph
1705.25,1119.5,0,Mph
1712.75,1138,0,Mph
1380.75,1167.5,0,Mph
1479.75,1157.5,0,Mph
1176.25,1177,0,Mph
1269.75,1173,0,Mph
1473.25,1173,0,Mph
1584.75,1174.5,0,Mph
1417.75,1177.5,0,Mph
1446.75,1182.5,0,Mph
1386.25,1187.5,0,Mph
1476.25,1192,0,Mph
1652.25,1191.5,0,Mph
1700.75,1197,0,Mph
1411.75,1200.5,0,Mph
1370.75,1211,0,Mph
1399.75,1225.5,0,Mph
1661.75,1217.5,0,Mph
1616.75,1227,0,Mph
1585.75,1228.5,0,Mph
1556.75,1235.5,0,Mph
1368.25,1231.5,0,Mph
1257.75,1235.5,0,Mph
1667.75,1247.5,0,Mph
284.75,462,0,Mph
-300.75,488.5,0,Mph
26.25,502,0,Mph
-116.75,499.5,0,Mph
-148.25,508,0,Mph
-166.25,512,0,Mph
-292.25,518.5,0,Mph
-296.25,533,0,Mph
213.25,551,0,Mph
162.75,549.5,0,Mph
-325.75,550.5,0,Mph
-396.25,552.5,0,Mph
190.75,570,0,Mph
-137.75,635,0,Mph
-401.75,731,0,Mph
275.75,793,0,Mph
222.25,829.5,0,Mph
186.25,882.5,0,Mph
38.25,893.5,0,Mph
-206.75,905.5,0,Mph
83.75,901,0,Mph
-43.75,923,0,Mph
-4.25,939.5,0,Mph
-309.25,983,0,Mph
-241.25,991,0,Mph
26.75,1115,0,Mph
-124.25,1117.5,0,Mph
-110.75,1131.5,0,Mph
-91.75,1142,0,Mph
-351.25,1184,0,Mph
-93.25,1247,0,Mph
-1799.25,1249.5,0,Mph
-1955.25,1272,0,Mph
-1525.25,1287,0,Mph
-1939.25,1291,0,Mph
-1818.75,1291.5,0,Mph
-1665.75,1292.5,0,Mph
-1743.75,1303,0,Mph
-1830.25,1314,0,Mph
-1514.75,1322,0,Mph
-1650.75,1325,0,Mph
-1766.75,1330,0,Mph
-1586.75,1340,0,Mph
-1758.25,1344.5,0,Mph
-1613.75,1348,0,Mph
-1638.25,1356.5,0,Mph
-1512.25,1366,0,Mph
-1619.75,1384,0,Mph
-1508.25,1386.5,0,Mph
-1600.25,1422.5,0,Mph
-1525.75,1431.5,0,Mph
-1500.75,1436,0,Mph
-1711.25,1480.5,0,Mph
-1504.75,1506.5,0,Mph
-1392.25,1515.5,0,Mph
-1480.75,1526.5,0,Mph
-1677.25,1526.5,0,Mph
-1948.25,1533,0,Mph
-1655.75,1560,0,Mph
-1306.75,1575.5,0,Mph
-1464.75,1576,0,Mph
-1411.25,1591.5,0,Mph
-1328.75,1601,0,Mph
-2039.75,1622,0,Mph
-1813.75,1616,0,Mph
-1950.25,1618,0,Mph
-1314.75,1648.5,0,Mph
-2026.75,1654.5,0,Mph
-1848.75,1686,0,Mph
-2013.75,1701,0,Mph
-1861.25,1713,0,Mph
-2076.75,1719,0,Mph
-1823.25,1723.5,0,Mph
-1784.75,1745.5,0,Mph
-2045.75,1757.5,0,Mph
-1284.25,1764,0,Mph
-1893.75,1769,0,Mph
-1647.75,1787.5,0,Mph
-1930.75,1790,0,Mph
-1294.75,1794,0,Mph
-1719.25,1796,0,Mph
-1880.75,1801.5,0,Mph
-1563.75,1812.5,0,Mph
-1758.75,1816,0,Mph
-1302.25,1812,0,Mph
-2069.75,1810.5,0,Mph
-2081.25,1825,0,Mph
-1604.25,1853,0,Mph
-1568.75,1871.5,0,Mph
-1591.25,1883.5,0,Mph
-1965.75,1883.5,0,Mph
-1522.25,1906,0,Mph
-1619.25,1912.5,0,Mph
-1745.25,1918.5,0,Mph
-1766.25,1917,0,Mph
-1536.25,1919,0,Mph
-1879.75,1925,0,Mph
-1940.25,1947,0,Mph
-1968.25,1956,0,Mph
-1582.75,1954.5,0,Mph
-1467.25,1975.5,0,Mph
-1564.25,1983,0,Mph
-1865.75,1999,0,Mph
-1987.25,2017.5,0,Mph
-1533.25,2018,0,Mph
-2006.25,2020.5,0,Mph
-1359.75,2019.5,0,Mph
-1828.25,2024.5,0,Mph
-1601.25,2041.5,0,Mph
-3039.25,1255.5,0,Mph
-3004.25,1254,0,Mph
-2987.25,1264,0,Mph
-3161.75,1259,0,Mph
-3183.25,1262.5,0,Mph
-3139.25,1262.5,0,Mph
-3049.25,1268,0,Mph
-3207.75,1274.5,0,Mph
-3005.25,1300,0,Mph
-3158.25,1295.5,0,Mph
-3134.25,1312.5,0,Mph
-2934.75,1331,0,Mph
-2920.75,1340.5,0,Mph
-2926.25,1356,0,Mph
-2904.75,1357,0,Mph
-3118.75,1387.5,0,Mph
-3097.25,1381,0,Mph
-3018.75,1403,0,Mph
-3220.75,1406,0,Mph
-3084.25,1407.5,0,Mph
-3077.75,1423.5,0,Mph
-3004.75,1428,0,Mph
-3365.75,1432,0,Mph
-3116.75,1435,0,Mph
-3149.75,1436,0,Mph
-3006.75,1450,0,Mph
-2910.25,1452,0,Mph
-3134.75,1454,0,Mph
-3112.25,1459,0,Mph
-3216.75,1471,0,Mph
-3241.75,1472.5,0,Mph
-3094.25,1482,0,Mph
-3099.75,1501,0,Mph
-3376.75,1518.5,0,Mph
-3076.75,1518,0,Mph
-3223.25,1524,0,Mph
-3094.25,1524,0,Mph
-3182.75,1544.5,0,Mph
-3074.75,1536,0,Mph
-2974.75,1555.5,0,Mph
-2986.75,1562.5,0,Mph
-3242.75,1564.5,0,Mph
-3220.25,1568.5,0,Mph
-2975.75,1571,0,Mph
-3248.25,1585,0,Mph
-3229.25,1589.5,0,Mph
-3201.75,1586.5,0,Mph
-3153.25,1593.5,0,Mph
-2963.25,1588.5,0,Mph
-3175.25,1604.5,0,Mph
-3094.75,1609,0,Mph
-3368.25,1618.5,0,Mph
-3090.75,1630,0,Mph
-3128.25,1633.5,0,Mph
-2939.75,1636.5,0,Mph
-3083.25,1642,0,Mph
-3155.25,1646.5,0,Mph
-3177.75,1645.5,0,Mph
-3040.75,1646,0,Mph
-3112.75,1661,0,Mph
-3079.75,1679,0,Mph
-3034.25,1687.5,0,Mph
-3004.75,1689.5,0,Mph
-3125.75,1690,0,Mph
-2945.75,1700.5,0,Mph
-3145.25,1706,0,Mph
-3025.25,1712.5,0,Mph
-2901.25,1714,0,Mph
-2926.25,1740,0,Mph
-2955.75,1741,0,Mph
-3231.75,1757,0,Mph
-3203.25,1804,0,Mph
-3120.75,1804,0,Mph
-2954.25,1810,0,Mph
-3108.25,1833.5,0,Mph
-3246.75,1852.5,0,Mph
-2932.25,1848,0,Mph
-3166.25,1859,0,Mph
-3251.75,1876,0,Mph
-3026.75,1884,0,Mph
-3205.25,1897,0,Mph
-2962.75,1895.5,0,Mph
-2997.75,1940.5,0,Mph
-3151.25,1946.5,0,Mph
-3168.25,1960,0,Mph
-3170.75,1974,0,Mph
-2997.75,1980.5,0,Mph
-3160.25,1992,0,Mph
-3129.25,1992,0,Mph
-3132.75,2012,0,Mph
-3007.75,2036.5,0,Mph
-2941.25,2045.5,0,Mph
-1073.75,1259.5,0,Mph
-1269.25,1271,0,Mph
-1207.75,1285.5,0,Mph
-1091.75,1324,0,Mph
-1269.75,1322,0,Mph
-606.75,1323.5,0,Mph
-1192.75,1337.5,0,Mph
-1238.75,1338.5,0,Mph
-913.25,1347,0,Mph
-1202.75,1355,0,Mph
-882.25,1372,0,Mph
-1209.25,1376.5,0,Mph
-983.75,1381,0,Mph
-998.75,1392,0,Mph
-625.75,1403,0,Mph
-1077.25,1414.5,0,Mph
-950.75,1429.5,0,Mph
-595.75,1428,0,Mph
-587.75,1451.5,0,Mph
-1059.25,1452,0,Mph
-832.25,1466,0,Mph
-680.25,1466.5,0,Mph
-617.75,1469.5,0,Mph
-1126.75,1473,0,Mph
-964.25,1479,0,Mph
-874.25,1491.5,0,Mph
-1083.75,1488.5,0,Mph
-850.25,1489,0,Mph
-1126.25,1496,0,Mph
-873.25,1512,0,Mph
-1152.75,1513,0,Mph
-1050.75,1514,0,Mph
-1071.75,1529,0,Mph
-876.75,1596.5,0,Mph
-889.75,1616,0,Mph
-982.75,1635.5,0,Mph
-1209.25,1684.5,0,Mph
-1075.25,1696.5,0,Mph
-1111.75,1697,0,Mph
-845.75,1708.5,0,Mph
-914.25,1706.5,0,Mph
-881.25,1719,0,Mph
-1098.75,1721,0,Mph
-1085.75,1732,0,Mph
-1019.25,1732.5,0,Mph
-600.75,1762.5,0,Mph
-516.25,1782,0,Mph
-1065.75,1836,0,Mph
-849.75,1836,0,Mph
-896.25,1851,0,Mph
-640.25,1851.5,0,Mph
-916.25,1865.5,0,Mph
-940.75,1872.5,0,Mph
-864.75,1874.5,0,Mph
-1093.75,1877.5,0,Mph
-876.75,1879,0,Mph
-1277.25,1892.5,0,Mph
-561.25,1888.5,0,Mph
-543.75,1886.5,0,Mph
-937.75,1890,0,Mph
-724.25,1894,0,Mph
-873.25,1896.5,0,Mph
-906.75,1901.5,0,Mph
-670.25,1913.5,0,Mph
-529.25,1918,0,Mph
-952.25,1935,0,Mph
-868.75,1931.5,0,Mph
-866.75,1945,0,Mph
-925.25,1951,0,Mph
-912.25,1965,0,Mph
-862.75,1972.5,0,Mph
-895.25,1989,0,Mph
-493.25,2013,0,Mph
-484.25,2025,0,Mph
1427.75,1255,0,Mph
1535.75,1251,0,Mph
1219.75,1276.5,0,Mph
1532.75,1286,0,Mph
1667.25,1291.5,0,Mph
1607.25,1294.5,0,Mph
1317.25,1327.5,0,Mph
1288.25,1335,0,Mph
1307.25,1347,0,Mph
1553.25,1349.5,0,Mph
1494.25,1355,0,Mph
1629.25,1359,0,Mph
1296.75,1363.5,0,Mph
1346.75,1354.5,0,Mph
1333.25,1374,0,Mph
1612.25,1382,0,Mph
1490.75,1389.5,0,Mph
1325.25,1399,0,Mph
1504.25,1418.5,0,Mph
1227.25,1413,0,Mph
1326.25,1414.5,0,Mph
1311.25,1418.5,0,Mph
1466.75,1432.5,0,Mph
1449.25,1437,0,Mph
1770.25,1451,0,Mph
1664.75,1461.5,0,Mph
1702.75,1474,0,Mph
1455.25,1475,0,Mph
1803.75,1485,0,Mph
1821.25,1495,0,Mph
1470.75,1505,0,Mph
1353.75,1512.5,0,Mph
1255.25,1518.5,0,Mph
1608.75,1517,0,Mph
1735.75,1521.5,0,Mph
1631.25,1530.5,0,Mph
1803.75,1533,0,Mph
1474.75,1534,0,Mph
1284.75,1549.5,0,Mph
1328.75,1568.5,0,Mph
1656.25,1563,0,Mph
1822.25,1563,0,Mph
1446.25,1574,0,Mph
1644.25,1575,0,Mph
1727.75,1579.5,0,Mph
1398.25,1579,0,Mph
1602.25,1577.5,0,Mph
1824.25,1578,0,Mph
1854.25,1593,0,Mph
1125.75,1595,0,Mph
1838.25,1606.5,0,Mph
1598.25,1603,0,Mph
1566.75,1615,0,Mph
1701.75,1616.5,0,Mph
1688.25,1630,0,Mph
1592.75,1642,0,Mph
1759.25,1653.5,0,Mph
1471.75,1651,0,Mph
1780.75,1666.5,0,Mph
1532.25,1671.5,0,Mph
1482.75,1674,0,Mph
1811.75,1680.5,0,Mph
1759.25,1682.5,0,Mph
1498.25,1686.5,0,Mph
1704.25,1690.5,0,Mph
1477.75,1693.5,0,Mph
1454.75,1696.5,0,Mph
1797.75,1713.5,0,Mph
1523.75,1715.5,0,Mph
1680.25,1724,0,Mph
1722.75,1730,0,Mph
1492.25,1734,0,Mph
1741.25,1732.5,0,Mph
1756.75,1748.5,0,Mph
1723.25,1753,0,Mph
1890.25,1759,0,Mph
1771.25,1768,0,Mph
1495.75,1778,0,Mph
1567.25,1792,0,Mph
1760.75,1796,0,Mph
1555.25,1813,0,Mph
1869.25,1817,0,Mph
1543.75,1822.5,0,Mph
1809.75,1832,0,Mph
1599.25,1829,0,Mph
1494.75,1853,0,Mph
1805.25,1858,0,Mph
1838.25,1856.5,0,Mph
1683.25,1863,0,Mph
1640.75,1866,0,Mph
1789.25,1876.5,0,Mph
1622.75,1888,0,Mph
1402.75,1895,0,Mph
1528.75,1896,0,Mph
1372.75,1899,0,Mph
1270.25,1906.5,0,Mph
1420.25,1905.5,0,Mph
1515.75,1909.5,0,Mph
1645.25,1909.5,0,Mph
1782.75,1913.5,0,Mph
1887.25,1921,0,Mph
1504.75,1920.5,0,Mph
1358.75,1928,0,Mph
1421.25,1926,0,Mph
1442.25,1929.5,0,Mph
1864.25,1939.5,0,Mph
1806.25,1940,0,Mph
1836.25,1943,0,Mph
1681.25,1950.5,0,Mph
1287.25,1955.5,0,Mph
1272.75,1956.5,0,Mph
1658.25,1959,0,Mph
1860.25,1963.5,0,Mph
1915.75,1971,0,Mph
1802.75,1970.5,0,Mph
1884.75,1975,0,Mph
1773.75,1994.5,0,Mph
1752.25,1997,0,Mph
1419.75,1998.5,0,Mph
1433.75,2006.5,0,Mph
1721.75,2016.5,0,Mph
1358.75,2018,0,Mph
1392.25,2028,0,Mph
1361.25,2035,0,Mph
1683.75,2039,0,Mph
1320.75,2037,0,Mph
1488.25,2042,0,Mph
1716.25,2043,0,Mph
-2547.25,1256,0,Mph
-2563.25,1256,0,Mph
-2489.75,1261,0,Mph
-2587.25,1274.5,0,Mph
-2547.25,1274.5,0,Mph
-2744.75,1278.5,0,Mph
-2436.25,1284,0,Mph
-2767.25,1282,0,Mph
-2544.25,1289,0,Mph
-2458.75,1295.5,0,Mph
-2808.75,1299,0,Mph
-2445.75,1304.5,0,Mph
-2820.75,1327.5,0,Mph
-2767.75,1341.5,0,Mph
-2104.75,1333.5,0,Mph
-2821.75,1343,0,Mph
-2646.75,1347.5,0,Mph
-2244.25,1355.5,0,Mph
-2547.25,1366,0,Mph
-2357.75,1369,0,Mph
-2120.25,1387,0,Mph
-2551.75,1405.5,0,Mph
-2158.75,1413,0,Mph
-2083.25,1414,0,Mph
-2287.25,1414.5,0,Mph
-2206.75,1423,0,Mph
-2787.25,1417,0,Mph
-2692.75,1423.5,0,Mph
-2187.25,1441.5,0,Mph
-2617.25,1449,0,Mph
-2140.25,1450,0,Mph
-2460.25,1454.5,0,Mph
-2438.75,1455.5,0,Mph
-2335.25,1469,0,Mph
-2867.25,1472,0,Mph
-2456.25,1468,0,Mph
-2145.75,1473,0,Mph
-2757.25,1477.5,0,Mph
-2557.25,1476.5,0,Mph
-2712.25,1487.5,0,Mph
-2853.75,1489.5,0,Mph
-2489.25,1496,0,Mph
-2751.75,1498.5,0,Mph
-2862.75,1500,0,Mph
-2754.75,1519,0,Mph
-2785.75,1513.5,0,Mph
-2694.25,1517,0,Mph
-2805.75,1521.5,0,Mph
-2498.25,1523.5,0,Mph
-2773.75,1528.5,0,Mph
-2457.25,1529.5,0,Mph
-2679.25,1527.5,0,Mph
-2433.25,1537.5,0,Mph
-2493.75,1542,0,Mph
-2265.75,1544,0,Mph
-2781.75,1560.5,0,Mph
-2432.25,1564.5,0,Mph
-2293.75,1569.5,0,Mph
-2360.75,1582,0,Mph
-2306.75,1587.5,0,Mph
-2260.75,1586,0,Mph
-2773.25,1594.5,0,Mph
-2262.75,1606,0,Mph
-2433.75,1605.5,0,Mph
-2680.75,1607,0,Mph
-2278.25,1622,0,Mph
-2737.75,1620.5,0,Mph
-2673.25,1637.5,0,Mph
-2214.75,1643.5,0,Mph
-2184.25,1650.5,0,Mph
-2724.75,1649,0,Mph
-2244.25,1663.5,0,Mph
-2438.25,1666,0,Mph
-2154.25,1664.5,0,Mph
-2143.75,1671,0,Mph
-2112.75,1667.5,0,Mph
-2417.75,1684.5,0,Mph
-2322.75,1683,0,Mph
-2263.25,1700,0,Mph
-2094.75,1707,0,Mph
-2205.75,1704.5,0,Mph
-2670.75,1727.5,0,Mph
-2199.75,1724,0,Mph
-2330.75,1733.5,0,Mph
-2182.75,1732,0,Mph
-2454.25,1736.5,0,Mph
-2243.75,1745.5,0,Mph
-2670.75,1749.5,0,Mph
-2472.75,1747.5,0,Mph
-2508.25,1753,0,Mph
-2491.25,1752.5,0,Mph
-2092.75,1768.5,0,Mph
-2397.75,1762.5,0,Mph
-2498.25,1769,0,Mph
-2480.25,1781.5,0,Mph
-2844.75,1790.5,0,Mph
-2091.75,1828.5,0,Mph
-2369.75,1820,0,Mph
-2855.75,1838,0,Mph
-2530.25,1868.5,0,Mph
-2821.75,1877.5,0,Mph
-2133.75,1884.5,0,Mph
-2517.75,1887.5,0,Mph
-2758.75,1896,0,Mph
-2385.25,1884.5,0,Mph
-2348.25,1901.5,0,Mph
-2729.75,1907,0,Mph
-2290.25,1906.5,0,Mph
-2125.25,1904.5,0,Mph
-2363.75,1903.5,0,Mph
-2382.75,1905,0,Mph
-2160.25,1906.5,0,Mph
-2774.75,1915.5,0,Mph
-2760.75,1922.5,0,Mph
-2423.75,1918,0,Mph
-2683.75,1928,0,Mph
-2690.75,1949.5,0,Mph
-2674.25,1945.5,0,Mph
-2642.25,1975.5,0,Mph
-2238.75,1974.5,0,Mph
-2274.75,1972,0,Mph
-2544.75,1986,0,Mph
-2284.25,1988,0,Mph
-2818.25,1989.5,0,Mph
-2541.25,2005.5,0,Mph
-2089.75,2011.5,0,Mph
-2133.25,2039.5,0,Mph
-2801.25,2046,0,Mph
2206.75,1625,0,Mph
2178.75,1626,0,Mph
1925.25,1636,0,Mph
2182.75,1643.5,0,Mph
2264.75,1642.5,0,Mph
2293.75,1642,0,Mph
1920.75,1652,0,Mph
2203.25,1650.5,0,Mph
2364.75,1656,0,Mph
2209.25,1664,0,Mph
2222.75,1681.5,0,Mph
2192.75,1690,0,Mph
2445.25,1691.5,0,Mph
2329.75,1694,0,Mph
2462.75,1694,0,Mph
1994.25,1708.5,0,Mph
2015.25,1710,0,Mph
2270.25,1705.5,0,Mph
2280.75,1714.5,0,Mph
2258.75,1722.5,0,Mph
2294.25,1720.5,0,Mph
2481.25,1722.5,0,Mph
2379.75,1738.5,0,Mph
2657.75,1747,0,Mph
2562.75,1751.5,0,Mph
1999.25,1753.5,0,Mph
2064.25,1759,0,Mph
1986.75,1759.5,0,Mph
2711.25,1771.5,0,Mph
2050.25,1772.5,0,Mph
2048.25,1787,0,Mph
2386.75,1805,0,Mph
2685.25,1809.5,0,Mph
2457.75,1813.5,0,Mph
1958.25,1821,0,Mph
2048.75,1825.5,0,Mph
2600.75,1830,0,Mph
2699.75,1832.5,0,Mph
2677.75,1840,0,Mph
2097.75,1858,0,Mph
2706.25,1850,0,Mph
2354.25,1865,0,Mph
2067.75,1868.5,0,Mph
2142.25,1889.5,0,Mph
2430.75,1895,0,Mph
2279.75,1901,0,Mph
2156.25,1899.5,0,Mph
2439.75,1923.5,0,Mph
2579.75,1924.5,0,Mph
1927.75,1956.5,0,Mph
2594.75,1962.5,0,Mph
2216.75,1982.5,0,Mph
2581.25,2002.5,0,Mph
2662.75,2018.5,0,Mph
2640.75,2030,0,Mph
561.25,1285.5,0,Mph
1088.75,1294,0,Mph
907.75,1303,0,Mph
890.75,1312.5,0,Mph
1074.25,1364,0,Mph
536.25,1371.5,0,Mph
968.75,1378,0,Mph
518.25,1410,0,Mph
1066.25,1430.5,0,Mph
353.25,1439.5,0,Mph
1114.25,1435.5,0,Mph
1060.75,1466,0,Mph
1056.25,1486.5,0,Mph
492.25,1492.5,0,Mph
1109.25,1495.5,0,Mph
1055.75,1510,0,Mph
1085.75,1514,0,Mph
819.75,1514.5,0,Mph
838.75,1516.5,0,Mph
1046.25,1535,0,Mph
856.25,1535.5,0,Mph
808.25,1548.5,0,Mph
940.25,1567.5,0,Mph
1036.75,1566,0,Mph
963.25,1587,0,Mph
1040.75,1587.5,0,Mph
1079.75,1594,0,Mph
365.75,1593.5,0,Mph
1067.75,1606,0,Mph
1014.75,1615.5,0,Mph
336.25,1630.5,0,Mph
1025.75,1628.5,0,Mph
1052.75,1643.5,0,Mph
957.25,1646.5,0,Mph
1104.25,1660,0,Mph
388.75,1662.5,0,Mph
1049.25,1671,0,Mph
369.75,1674.5,0,Mph
404.25,1671.5,0,Mph
368.75,1694.5,0,Mph
999.25,1707.5,0,Mph
429.25,1703.5,0,Mph
495.75,1703.5,0,Mph
413.75,1717,0,Mph
475.75,1724.5,0,Mph
596.75,1743,0,Mph
491.75,1762,0,Mph
1056.75,1800.5,0,Mph
885.75,1808.5,0,Mph
442.25,1811.5,0,Mph
840.25,1811,0,Mph
526.25,1814.5,0,Mph
1055.25,1817.5,0,Mph
1071.25,1818,0,Mph
412.25,1826,0,Mph
354.25,1854,0,Mph
960.75,1880,0,Mph
400.25,1896.5,0,Mph
722.75,1908.5,0,Mph
748.75,1913.5,0,Mph
430.75,1923,0,Mph
754.25,1929.5,0,Mph
455.75,1949.5,0,Mph
395.25,1965.5,0,Mph
448.75,1978.5,0,Mph
413.25,1998,0,Mph
475.25,2011.5,0,Mph
429.75,2011,0,Mph
826.75,2017,0,Mph
847.25,2022,0,Mph
872.25,2037,0,Mph
815.25,2041.5,0,Mph
-90.75,1267,0,Mph
-387.75,1291.5,0,Mph
312.75,1313.5,0,Mph
-467.75,1333,0,Mph
-158.75,1330.5,0,Mph
100.75,1341.5,0,Mph
-454.25,1341,0,Mph
308.25,1343.5,0,Mph
-445.75,1360.5,0,Mph
114.75,1368,0,Mph
-467.75,1379,0,Mph
276.75,1388.5,0,Mph
-89.75,1422,0,Mph
259.25,1437.5,0,Mph
-58.75,1443,0,Mph
241.25,1455,0,Mph
-114.25,1458,0,Mph
-72.25,1459.5,0,Mph
-103.25,1481,0,Mph
-72.25,1488,0,Mph
124.25,1546.5,0,Mph
107.25,1555,0,Mph
2.25,1568,0,Mph
128.75,1567,0,Mph
114.25,1574.5,0,Mph
-288.75,1629.5,0,Mph
-188.75,1638,0,Mph
20.75,1641.5,0,Mph
-30.25,1759,0,Mph
-361.75,1762.5,0,Mph
-278.25,1773,0,Mph
-250.75,1785.5,0,Mph
-111.25,1789.5,0,Mph
-327.75,1806,0,Mph
-449.75,1820.5,0,Mph
-121.75,1837.5,0,Mph
-477.25,1842.5,0,Mph
-136.25,1846.5,0,Mph
-48.25,1850.5,0,Mph
-124.25,1878.5,0,Mph
305.25,1906,0,Mph
227.75,1917.5,0,Mph
36.75,1927.5,0,Mph
-10.25,1946.5,0,Mph
66.25,1957,0,Mph
-406.75,1964,0,Mph
10.25,1955.5,0,Mph
283.75,1974,0,Mph
71.75,1984,0,Mph
83.25,1993.5,0,Mph
-437.25,2011.5,0,Mph
77.25,2015,0,Mph
-265.25,2019,0,Mph
167.25,2025,0,Mph
-436.75,2029.5,0,Mph
3188.25,1267,0,Mph
3211.25,1259.5,0,Mph
3269.75,1305,0,Mph
3315.75,1315,0,Mph
3231.25,1323,0,Mph
3282.25,1329,0,Mph
3327.75,1332.5,0,Mph
3245.75,1336,0,Mph
3348.25,1339,0,Mph
3303.75,1340.5,0,Mph
3257.25,1358.5,0,Mph
3322.75,1362.5,0,Mph
3200.75,1367.5,0,Mph
3150.75,1370,0,Mph
3287.25,1373,0,Mph
3362.75,1385.5,0,Mph
3261.25,1384,0,Mph
3310.25,1391,0,Mph
3184.75,1389,0,Mph
3089.75,1391,0,Mph
3207.25,1391,0,Mph
3143.75,1396,0,Mph
3289.25,1395.5,0,Mph
3342.75,1406.5,0,Mph
3133.25,1408.5,0,Mph
3302.75,1417.5,0,Mph
3242.25,1433.5,0,Mph
3080.75,1443.5,0,Mph
3105.25,1447.5,0,Mph
3202.75,1455.5,0,Mph
3177.75,1484.5,0,Mph
3152.25,1490,0,Mph
3182.75,1536,0,Mph
3304.25,1539,0,Mph
3233.25,1541.5,0,Mph
3159.75,1553.5,0,Mph
3251.75,1556.5,0,Mph
3279.25,1566,0,Mph
3312.75,1564.5,0,Mph
3139.75,1575,0,Mph
3329.25,1573.5,0,Mph
3350.25,1578.5,0,Mph
3208.75,1579.5,0,Mph
3300.75,1579.5,0,Mph
3338.25,1605,0,Mph
3358.25,1614.5,0,Mph
3478.25,1619.5,0,Mph
3307.25,1619.5,0,Mph
3165.75,1624.5,0,Mph
3315.75,1631.5,0,Mph
3375.25,1631.5,0,Mph
3174.75,1633.5,0,Mph
3261.75,1648,0,Mph
3285.75,1650.5,0,Mph
3190.75,1667.5,0,Mph
3220.25,1667.5,0,Mph
3170.25,1667.5,0,Mph
3288.75,1677.5,0,Mph
3501.75,1678,0,Mph
3268.75,1684.5,0,Mph
3204.25,1686.5,0,Mph
3169.75,1685.5,0,Mph
3249.75,1699.5,0,Mph
3291.75,1720.5,0,Mph
3274.25,1732,0,Mph
3233.75,1735.5,0,Mph
3154.25,1740,0,Mph
3487.75,1736.5,0,Mph
2786.25,1772.5,0,Mph
2765.75,1778,0,Mph
3203.25,1789.5,0,Mph
2823.25,1789,0,Mph
3175.25,1789,0,Mph
3159.25,1802,0,Mph
3160.75,1818.5,0,Mph
2732.25,1828.5,0,Mph
3340.25,1883,0,Mph
3254.75,1880,0,Mph
2980.25,1892.5,0,Mph
3001.25,1888.5,0,Mph
3201.75,1894.5,0,Mph
2786.75,1913.5,0,Mph
2811.75,1911.5,0,Mph
3096.75,1914,0,Mph
2906.75,1916.5,0,Mph
3092.25,1928,0,Mph
2912.75,1934.5,0,Mph
3376.75,1945,0,Mph
2765.25,1952.5,0,Mph
3154.75,1955.5,0,Mph
3034.25,1971,0,Mph
3364.75,1962.5,0,Mph
3162.25,1970,0,Mph
3310.25,1968.5,0,Mph
2772.75,1976,0,Mph
3323.75,1988.5,0,Mph
3369.25,1990.5,0,Mph
3287.75,2010.5,0,Mph
3263.25,2009.5,0,Mph
3100.75,2018.5,0,Mph
3119.75,2024,0,Mph
3281.75,2025.5,0,Mph
3337.25,2021.5,0,Mph
3044.25,2024,0,Mph
2899.25,2038.5,0,Mph
3336.25,2039.5,0,Mph
2863.25,2047,0,Mph
3536.25,1561.5,0,Mph
3538.75,1610.5,0,Mph
3568.75,1610,0,Mph
3584.75,1623,0,Mph
3587.25,1639.5,0,Mph
3604.75,1650,0,Mph
3594.25,1723,0,Mph
3579.25,1725,0,Mph
3588.25,1773.5,0,Mph
3563.25,1875.5,0,Mph
3596.25,1884,0,Mph
3602.75,1906,0,Mph
3523.25,1984.5,0,Mph
3536.75,2003,0,Mph
3637.75,2011.5,0,Mph
3518.25,2022.5,0,Mph
-2927.75,2055.5,0,Mph
-3080.75,2063.5,0,Mph
-3109.25,2066,0,Mph
-2906.25,2075,0,Mph
-2939.25,2094,0,Mph
-3057.25,2096,0,Mph
-3040.75,2110,0,Mph
-2996.75,2137.5,0,Mph
-2962.25,2184,0,Mph
-2838.75,2055,0,Mph
-2393.75,2050,0,Mph
-2408.75,2062,0,Mph
-2340.75,2056,0,Mph
-2601.25,2061,0,Mph
-2521.25,2064,0,Mph
-2503.25,2073,0,Mph
-2344.25,2079,0,Mph
-2455.25,2083.5,0,Mph
-2297.75,2092.5,0,Mph
-2844.75,2107.5,0,Mph
-2609.25,2103.5,0,Mph
-2747.25,2103,0,Mph
-2579.25,2110,0,Mph
-2510.75,2128,0,Mph
-2550.75,2144,0,Mph
-2481.25,2143.5,0,Mph
-2798.75,2148.5,0,Mph
-2301.25,2168.5,0,Mph
-2171.25,2172,0,Mph
-2421.25,2183,0,Mph
-2332.75,2193.5,0,Mph
-2471.75,2220,0,Mph
-2759.75,2229.5,0,Mph
-2811.75,2233,0,Mph
-2846.25,2249.5,0,Mph
-2807.25,2258.5,0,Mph
-2774.75,2262.5,0,Mph
-2490.75,2276.5,0,Mph
-2667.75,2282,0,Mph
-2343.75,2290.5,0,Mph
-2831.75,2293,0,Mph
-2422.25,2296,0,Mph
-2467.25,2314,0,Mph
-2234.75,2317.5,0,Mph
-2776.75,2320.5,0,Mph
-2684.25,2323,0,Mph
-2257.25,2333.5,0,Mph
-2668.25,2338.5,0,Mph
-2288.25,2354.5,0,Mph
-2603.75,2360,0,Mph
-2722.25,2385.5,0,Mph
-2598.75,2391,0,Mph
-2224.75,2391,0,Mph
-2441.25,2401.5,0,Mph
-2224.25,2412,0,Mph
-2174.75,2411,0,Mph
-2561.75,2414,0,Mph
-2493.25,2415.5,0,Mph
-2100.25,2432,0,Mph
-2674.75,2436,0,Mph
-2290.75,2440,0,Mph
-2156.75,2439.5,0,Mph
-2591.25,2452.5,0,Mph
-2181.75,2445.5,0,Mph
-2381.75,2454.5,0,Mph
-2372.75,2471,0,Mph
-2252.75,2496,0,Mph
-2517.25,2510,0,Mph
-2525.75,2520.5,0,Mph
-2383.25,2557.5,0,Mph
-2446.75,2564.5,0,Mph
-2422.75,2578,0,Mph
-2330.25,2600.5,0,Mph
-2363.25,2609,0,Mph
-1569.75,2048.5,0,Mph
-1545.75,2051.5,0,Mph
-1856.25,2056.5,0,Mph
-1805.75,2073.5,0,Mph
-1670.25,2071.5,0,Mph
-1861.75,2076.5,0,Mph
-1886.75,2088,0,Mph
-1611.25,2098,0,Mph
-1826.75,2103.5,0,Mph
-1872.75,2102.5,0,Mph
-1899.25,2104.5,0,Mph
-1554.25,2110.5,0,Mph
-1692.75,2120.5,0,Mph
-1740.25,2120,0,Mph
-1910.75,2124,0,Mph
-1957.25,2133,0,Mph
-1885.25,2130,0,Mph
-1600.25,2142.5,0,Mph
-1915.75,2148.5,0,Mph
-1967.75,2150,0,Mph
-1952.25,2162,0,Mph
-1799.25,2162.5,0,Mph
-1595.25,2169.5,0,Mph
-1838.25,2180,0,Mph
-1685.25,2199,0,Mph
-1684.75,2213,0,Mph
-1601.25,2248,0,Mph
-1949.75,2268.5,0,Mph
-1826.25,2298,0,Mph
-1657.75,2298,0,Mph
-1712.25,2316,0,Mph
-1933.75,2317,0,Mph
-1896.25,2324,0,Mph
-1577.75,2346.5,0,Mph
-2020.75,2347.5,0,Mph
-1870.75,2360,0,Mph
-2002.25,2367.5,0,Mph
-1723.25,2366.5,0,Mph
-1826.75,2371,0,Mph
-1939.25,2397,0,Mph
-1554.25,2398.5,0,Mph
-1445.25,2410.5,0,Mph
-1414.25,2403,0,Mph
-1915.75,2407.5,0,Mph
-1725.75,2411,0,Mph
-1308.75,2413.5,0,Mph
-1776.75,2412,0,Mph
-2036.75,2418.5,0,Mph
-1693.75,2423.5,0,Mph
-2017.25,2428.5,0,Mph
-2077.25,2431,0,Mph
-2058.75,2431,0,Mph
-1819.75,2436.5,0,Mph
-1991.25,2443.5,0,Mph
-1803.25,2443.5,0,Mph
-1782.75,2445.5,0,Mph
-1285.75,2459,0,Mph
-1395.75,2458,0,Mph
-1416.25,2463.5,0,Mph
-1360.25,2464,0,Mph
-1839.25,2465.5,0,Mph
-1480.25,2480.5,0,Mph
-1958.75,2466,0,Mph
-1334.75,2468.5,0,Mph
-1666.25,2471.5,0,Mph
-1876.25,2474,0,Mph
-1296.75,2492.5,0,Mph
-1321.25,2490,0,Mph
-1865.25,2491.5,0,Mph
-1409.75,2507.5,0,Mph
-1476.75,2512.5,0,Mph
-1647.25,2524,0,Mph
-1778.25,2528,0,Mph
-1620.75,2536.5,0,Mph
-1551.25,2542,0,Mph
-1535.75,2549.5,0,Mph
-1457.25,2584.5,0,Mph
-2078.25,2587.5,0,Mph
-1377.75,2593.5,0,Mph
-1352.25,2593,0,Mph
-1514.75,2609,0,Mph
-1534.75,2609,0,Mph
-1467.25,2612.5,0,Mph
-1588.75,2655,0,Mph
-1571.75,2660.5,0,Mph
-1514.75,2692.5,0,Mph
-1473.75,2746,0,Mph
-1491.75,2748.5,0,Mph
-1420.75,2840,0,Mph
-1016.25,2073,0,Mph
-889.25,2086,0,Mph
-846.25,2083,0,Mph
-916.75,2091,0,Mph
-807.75,2097,0,Mph
-925.25,2110,0,Mph
-1086.25,2125,0,Mph
-618.75,2126.5,0,Mph
-983.75,2128.5,0,Mph
-967.75,2131,0,Mph
-736.75,2138,0,Mph
-612.75,2138,0,Mph
-770.75,2149,0,Mph
-666.75,2160.5,0,Mph
-624.25,2163,0,Mph
-568.25,2172.5,0,Mph
-690.75,2169,0,Mph
-788.75,2182,0,Mph
-832.25,2180.5,0,Mph
-1155.75,2191.5,0,Mph
-672.25,2218,0,Mph
-572.25,2223.5,0,Mph
-1012.25,2223.5,0,Mph
-1168.75,2226,0,Mph
-500.75,2230,0,Mph
-1025.75,2234,0,Mph
-742.25,2242.5,0,Mph
-618.25,2253,0,Mph
-512.75,2250,0,Mph
-1080.75,2255,0,Mph
-1185.25,2291,0,Mph
-1168.25,2296,0,Mph
-843.75,2300.5,0,Mph
-1102.75,2315,0,Mph
-933.75,2317,0,Mph
-1061.25,2317,0,Mph
-805.75,2325,0,Mph
-610.75,2325,0,Mph
-544.25,2331.5,0,Mph
-623.25,2339.5,0,Mph
-662.75,2345,0,Mph
-829.25,2350.5,0,Mph
-584.75,2351,0,Mph
-1080.75,2369,0,Mph
-847.25,2367.5,0,Mph
-960.25,2375.5,0,Mph
-928.75,2386,0,Mph
-567.25,2383.5,0,Mph
-1088.25,2388.5,0,Mph
-553.75,2388,0,Mph
-852.25,2403,0,Mph
-804.75,2411,0,Mph
-1005.25,2437,0,Mph
-1155.75,2432.5,0,Mph
-541.25,2439.5,0,Mph
-521.75,2450.5,0,Mph
-805.25,2454.5,0,Mph
-685.75,2457,0,Mph
-1008.75,2478.5,0,Mph
-1127.25,2476.5,0,Mph
-1152.25,2482,0,Mph
-1275.25,2487.5,0,Mph
-686.75,2484,0,Mph
-1228.25,2492,0,Mph
-1192.75,2496.5,0,Mph
-710.75,2495,0,Mph
-924.75,2505,0,Mph
-927.75,2523,0,Mph
-965.25,2528.5,0,Mph
-742.25,2535,0,Mph
-772.75,2563.5,0,Mph
-863.75,2566.5,0,Mph
-1169.25,2575,0,Mph
-783.25,2577,0,Mph
-876.25,2577.5,0,Mph
-803.25,2590.5,0,Mph
-1160.75,2597.5,0,Mph
-710.25,2602,0,Mph
-997.25,2612.5,0,Mph
-1202.25,2613.5,0,Mph
-1174.25,2619.5,0,Mph
-987.75,2620.5,0,Mph
-800.75,2627,0,Mph
-779.25,2628,0,Mph
-962.25,2631.5,0,Mph
-984.75,2633.5,0,Mph
-898.25,2634,0,Mph
-1149.25,2638,0,Mph
-784.75,2643.5,0,Mph
-1002.25,2644.5,0,Mph
-891.75,2652,0,Mph
-1115.75,2679.5,0,Mph
-594.25,2682.5,0,Mph
-1186.75,2682.5,0,Mph
-1168.75,2685.5,0,Mph
-959.75,2687.5,0,Mph
-1247.75,2703,0,Mph
-1006.25,2707,0,Mph
-1062.25,2711,0,Mph
-838.75,2719,0,Mph
-952.75,2724.5,0,Mph
-1011.75,2739,0,Mph
-957.25,2751.5,0,Mph
-629.75,2773,0,Mph
-613.75,2775,0,Mph
-953.75,2778.5,0,Mph
-494.75,2780,0,Mph
-606.25,2787,0,Mph
-911.75,2797.5,0,Mph
-867.25,2793.5,0,Mph
-862.75,2808,0,Mph
-926.25,2811,0,Mph
-501.75,2815.5,0,Mph
-512.75,2824,0,Mph
-1280.25,2831.5,0,Mph
-1278.25,2847.5,0,Mph
-765.75,2847.5,0,Mph
-498.75,2847,0,Mph
149.75,2048.5,0,Mph
-467.75,2048,0,Mph
-462.75,2067,0,Mph
120.75,2069,0,Mph
8.75,2077,0,Mph
25.25,2085.5,0,Mph
-284.25,2097,0,Mph
-158.75,2099,0,Mph
-135.25,2103,0,Mph
18.25,2105.5,0,Mph
-175.75,2105.5,0,Mph
-307.25,2113,0,Mph
-320.75,2126.5,0,Mph
-340.75,2132.5,0,Mph
-453.25,2147.5,0,Mph
-472.75,2147.5,0,Mph
-438.25,2156,0,Mph
-418.75,2157,0,Mph
-127.75,2169,0,Mph
-101.25,2168,0,Mph
-13.25,2194,0,Mph
-165.25,2198.5,0,Mph
-481.75,2208.5,0,Mph
-53.75,2206.5,0,Mph
-169.25,2213,0,Mph
-459.25,2212,0,Mph
-372.25,2216,0,Mph
-24.75,2237.5,0,Mph
-105.25,2239.5,0,Mph
-184.25,2242.5,0,Mph
-78.75,2252.5,0,Mph
-234.25,2264,0,Mph
-290.25,2273,0,Mph
-180.75,2285,0,Mph
-267.75,2288,0,Mph
-241.75,2295,0,Mph
-191.75,2299.5,0,Mph
-108.75,2303.5,0,Mph
-281.25,2311,0,Mph
-209.25,2334,0,Mph
-196.75,2352,0,Mph
-266.25,2358,0,Mph
-170.25,2355,0,Mph
-217.75,2362,0,Mph
-189.25,2365.5,0,Mph
-234.75,2365,0,Mph
-328.75,2373,0,Mph
-87.75,2377,0,Mph
-179.25,2380,0,Mph
-248.75,2384.5,0,Mph
-231.25,2382.5,0,Mph
-105.25,2384.5,0,Mph
-295.25,2399,0,Mph
-275.25,2402.5,0,Mph
-229.25,2406,0,Mph
-372.25,2410,0,Mph
-335.75,2410.5,0,Mph
-209.25,2416.5,0,Mph
-355.25,2412.5,0,Mph
-237.25,2418,0,Mph
-379.25,2425,0,Mph
-314.25,2451,0,Mph
-375.25,2451,0,Mph
-348.75,2457,0,Mph
-307.25,2467.5,0,Mph
-274.25,2467,0,Mph
-373.25,2472,0,Mph
-245.75,2478,0,Mph
-420.25,2481,0,Mph
-357.25,2477,0,Mph
-286.75,2479.5,0,Mph
-269.75,2487.5,0,Mph
-182.75,2482,0,Mph
-161.25,2486,0,Mph
-255.25,2493,0,Mph
-212.25,2505,0,Mph
-281.25,2521,0,Mph
-307.25,2566.5,0,Mph
-288.25,2569,0,Mph
-140.25,2586,0,Mph
-306.75,2597.5,0,Mph
-448.75,2602.5,0,Mph
-395.75,2610.5,0,Mph
-434.25,2611,0,Mph
-133.25,2615.5,0,Mph
-204.25,2660,0,Mph
-331.75,2661,0,Mph
-428.75,2662.5,0,Mph
-402.75,2662.5,0,Mph
-294.25,2673,0,Mph
-349.75,2668,0,Mph
-140.25,2677,0,Mph
-387.75,2671,0,Mph
-397.75,2679.5,0,Mph
183.25,2690,0,Mph
150.25,2701,0,Mph
-303.75,2702,0,Mph
-260.75,2710,0,Mph
156.25,2722,0,Mph
303.25,2739.5,0,Mph
-361.25,2741,0,Mph
230.75,2753,0,Mph
-370.25,2757,0,Mph
177.25,2753,0,Mph
196.25,2758,0,Mph
312.25,2762,0,Mph
-433.25,2769,0,Mph
-405.25,2767,0,Mph
-467.75,2773.5,0,Mph
33.25,2768.5,0,Mph
18.75,2781,0,Mph
-359.75,2784,0,Mph
-417.75,2783.5,0,Mph
1.75,2789.5,0,Mph
-448.75,2800.5,0,Mph
7.75,2808.5,0,Mph
-409.25,2814,0,Mph
3.25,2824,0,Mph
187.75,2843,0,Mph
-0.75,2844,0,Mph
-35.25,2847.5,0,Mph
475.75,2065.5,0,Mph
922.25,2067,0,Mph
467.25,2081,0,Mph
1108.25,2129,0,Mph
489.75,2135,0,Mph
550.75,2157.5,0,Mph
768.25,2170,0,Mph
791.75,2176,0,Mph
943.25,2182,0,Mph
517.25,2187,0,Mph
1097.75,2196,0,Mph
628.25,2200,0,Mph
934.25,2220,0,Mph
544.75,2220.5,0,Mph
1115.75,2226,0,Mph
1025.25,2229,0,Mph
572.25,2234,0,Mph
672.75,2238.5,0,Mph
844.25,2241,0,Mph
1032.25,2243,0,Mph
615.25,2252,0,Mph
815.25,2251.5,0,Mph
631.75,2255.5,0,Mph
657.75,2260.5,0,Mph
1101.25,2270,0,Mph
553.75,2279,0,Mph
672.75,2283.5,0,Mph
482.75,2296.5,0,Mph
762.75,2304,0,Mph
805.25,2305,0,Mph
591.25,2304,0,Mph
1013.75,2313,0,Mph
762.75,2330,0,Mph
456.75,2335.5,0,Mph
874.25,2344.5,0,Mph
409.75,2345,0,Mph
478.25,2347.5,0,Mph
622.75,2353.5,0,Mph
584.25,2348,0,Mph
460.75,2352.5,0,Mph
1099.25,2350,0,Mph
385.25,2373,0,Mph
580.75,2368.5,0,Mph
456.25,2386,0,Mph
488.25,2389,0,Mph
559.25,2384,0,Mph
723.75,2391,0,Mph
860.25,2404,0,Mph
1055.75,2408.5,0,Mph
563.75,2402.5,0,Mph
505.75,2406.5,0,Mph
625.75,2408.5,0,Mph
825.25,2411.5,0,Mph
1018.25,2407.5,0,Mph
805.25,2419.5,0,Mph
956.25,2419,0,Mph
1032.75,2418,0,Mph
702.75,2427.5,0,Mph
936.25,2430.5,0,Mph
716.75,2428,0,Mph
410.25,2428.5,0,Mph
819.25,2429.5,0,Mph
745.25,2435,0,Mph
467.75,2438.5,0,Mph
1018.75,2453,0,Mph
720.25,2471.5,0,Mph
453.25,2478,0,Mph
476.25,2471,0,Mph
884.25,2475,0,Mph
726.25,2491,0,Mph
853.75,2486,0,Mph
430.75,2490.5,0,Mph
678.75,2485.5,0,Mph
544.25,2492,0,Mph
651.75,2499.5,0,Mph
412.25,2502.5,0,Mph
460.25,2511,0,Mph
592.25,2523.5,0,Mph
870.75,2528.5,0,Mph
765.25,2542,0,Mph
892.75,2542.5,0,Mph
1033.25,2546,0,Mph
1009.75,2554,0,Mph
1051.75,2552.5,0,Mph
620.75,2569,0,Mph
470.25,2570,0,Mph
348.25,2569.5,0,Mph
737.75,2573.5,0,Mph
986.75,2575.5,0,Mph
458.75,2582,0,Mph
760.25,2582,0,Mph
781.25,2589.5,0,Mph
401.25,2598.5,0,Mph
881.25,2600,0,Mph
846.25,2601.5,0,Mph
976.75,2602,0,Mph
749.25,2610,0,Mph
1093.75,2609,0,Mph
1030.25,2623.5,0,Mph
1048.25,2620,0,Mph
480.75,2634,0,Mph
796.75,2637,0,Mph
738.25,2630.5,0,Mph
567.25,2645,0,Mph
763.75,2649.5,0,Mph
453.75,2658,0,Mph
690.25,2659.5,0,Mph
500.75,2660.5,0,Mph
474.75,2663,0,Mph
434.25,2663,0,Mph
655.75,2682.5,0,Mph
469.25,2680,0,Mph
760.75,2684,0,Mph
677.75,2692.5,0,Mph
986.75,2700.5,0,Mph
1060.75,2708,0,Mph
761.75,2704,0,Mph
803.75,2709,0,Mph
769.25,2715.5,0,Mph
976.25,2714,0,Mph
532.75,2720,0,Mph
846.75,2738.5,0,Mph
749.25,2745.5,0,Mph
471.75,2745.5,0,Mph
901.75,2754,0,Mph
832.25,2759,0,Mph
854.75,2760,0,Mph
939.75,2763,0,Mph
464.25,2764,0,Mph
1034.75,2775,0,Mph
964.75,2783,0,Mph
1053.25,2783,0,Mph
840.75,2782.5,0,Mph
1069.75,2789.5,0,Mph
441.25,2794,0,Mph
537.25,2807.5,0,Mph
804.75,2817.5,0,Mph
1071.75,2814,0,Mph
1090.75,2818,0,Mph
1731.75,2053.5,0,Mph
1638.75,2053.5,0,Mph
1254.75,2055.5,0,Mph
1272.75,2068.5,0,Mph
1786.25,2081,0,Mph
1807.25,2082,0,Mph
1698.25,2085,0,Mph
1376.75,2096.5,0,Mph
1438.25,2098,0,Mph
1619.25,2102,0,Mph
1458.25,2103,0,Mph
1337.75,2139.5,0,Mph
1787.75,2158.5,0,Mph
1393.25,2158.5,0,Mph
1375.25,2158.5,0,Mph
1722.25,2164.5,0,Mph
1698.75,2165,0,Mph
1581.75,2178,0,Mph
1590.75,2207.5,0,Mph
1628.25,2210,0,Mph
1766.25,2241,0,Mph
1467.25,2239,0,Mph
1286.75,2250,0,Mph
1780.75,2260.5,0,Mph
1206.75,2260.5,0,Mph
1561.25,2266,0,Mph
1408.25,2279.5,0,Mph
1880.75,2289,0,Mph
1523.75,2296,0,Mph
1253.25,2304.5,0,Mph
1885.75,2304,0,Mph
1587.75,2310,0,Mph
1387.75,2318,0,Mph
1322.25,2339,0,Mph
1493.75,2351,0,Mph
1692.25,2357,0,Mph
1516.25,2357.5,0,Mph
1245.75,2365,0,Mph
1662.75,2380,0,Mph
1531.25,2399.5,0,Mph
1679.75,2414,0,Mph
1218.25,2409,0,Mph
1149.25,2426,0,Mph
1660.75,2424,0,Mph
1334.75,2445,0,Mph
1333.75,2472.5,0,Mph
1519.25,2469,0,Mph
1217.25,2475.5,0,Mph
1204.75,2489.5,0,Mph
1216.25,2523,0,Mph
1185.25,2530.5,0,Mph
1521.75,2535,0,Mph
1583.75,2532,0,Mph
1746.75,2536.5,0,Mph
1205.75,2537,0,Mph
1313.25,2539,0,Mph
1595.75,2543,0,Mph
1546.25,2547,0,Mph
1856.25,2566,0,Mph
1691.25,2570,0,Mph
1153.25,2595,0,Mph
1633.75,2595.5,0,Mph
1592.25,2600.5,0,Mph
1142.75,2611,0,Mph
1664.75,2624.5,0,Mph
1768.25,2646.5,0,Mph
1519.25,2667.5,0,Mph
1508.25,2688,0,Mph
1493.75,2729,0,Mph
1210.75,2730.5,0,Mph
1815.75,2739,0,Mph
1174.25,2756,0,Mph
1468.25,2757,0,Mph
1192.75,2764,0,Mph
1412.25,2787,0,Mph
1128.25,2804.5,0,Mph
1229.75,2807.5,0,Mph
1190.25,2814,0,Mph
1414.75,2813,0,Mph
1261.25,2814,0,Mph
1486.25,2823,0,Mph
1168.75,2827.5,0,Mph
1568.25,2847,0,Mph
2012.25,2049,0,Mph
2219.75,2065.5,0,Mph
1992.25,2112.5,0,Mph
2018.75,2114,0,Mph
2027.75,2133.5,0,Mph
2670.75,2164,0,Mph
2712.25,2177.5,0,Mph
1960.25,2184.5,0,Mph
2655.75,2183,0,Mph
2540.75,2184,0,Mph
2120.25,2188.5,0,Mph
2154.25,2193,0,Mph
2055.75,2202,0,Mph
1942.75,2204.5,0,Mph
2484.25,2208.5,0,Mph
2272.75,2218,0,Mph
2507.25,2216,0,Mph
2198.75,2221.5,0,Mph
2577.25,2223.5,0,Mph
2548.75,2237.5,0,Mph
2325.75,2249,0,Mph
2587.75,2249.5,0,Mph
2667.25,2277,0,Mph
2233.75,2284.5,0,Mph
2349.75,2282.5,0,Mph
2702.75,2292,0,Mph
2346.25,2297,0,Mph
2663.75,2302,0,Mph
2121.25,2307,0,Mph
2715.25,2307.5,0,Mph
2116.25,2325,0,Mph
2369.75,2399.5,0,Mph
2167.75,2399,0,Mph
2240.25,2402,0,Mph
2150.25,2410.5,0,Mph
2255.25,2412,0,Mph
2269.75,2438.5,0,Mph
2124.75,2438.5,0,Mph
2244.75,2446,0,Mph
2204.75,2446,0,Mph
2104.25,2448.5,0,Mph
2315.75,2455,0,Mph
2086.75,2456,0,Mph
2163.75,2461,0,Mph
2525.75,2473.5,0,Mph
2358.75,2484.5,0,Mph
2696.25,2478,0,Mph
2081.25,2487,0,Mph
2103.25,2487.5,0,Mph
2286.75,2495.5,0,Mph
2342.75,2496,0,Mph
1990.75,2500,0,Mph
2693.75,2499,0,Mph
2551.75,2509.5,0,Mph
2420.75,2522.5,0,Mph
1975.25,2512.5,0,Mph
2569.25,2516,0,Mph
2389.75,2521.5,0,Mph
2692.25,2522,0,Mph
2531.25,2529,0,Mph
2687.25,2537.5,0,Mph
2364.75,2539.5,0,Mph
1954.25,2549.5,0,Mph
2442.25,2554,0,Mph
1934.25,2555.5,0,Mph
2291.25,2557.5,0,Mph
2363.75,2558,0,Mph
2213.25,2560.5,0,Mph
2703.75,2558.5,0,Mph
1918.25,2566.5,0,Mph
2635.75,2590,0,Mph
2689.25,2598,0,Mph
2707.25,2617,0,Mph
2692.25,2620.5,0,Mph
2691.75,2642.5,0,Mph
2700.25,2665,0,Mph
1941.75,2690.5,0,Mph
2710.75,2696,0,Mph
2702.75,2719,0,Mph
2065.75,2736.5,0,Mph
2645.25,2758,0,Mph
2059.75,2762.5,0,Mph
2030.25,2775.5,0,Mph
2434.25,2778,0,Mph
2473.25,2782,0,Mph
2072.75,2789,0,Mph
2000.75,2792,0,Mph
2043.25,2792,0,Mph
2027.75,2795,0,Mph
2576.25,2808.5,0,Mph
2734.75,2048,0,Mph
2816.75,2066.5,0,Mph
3212.75,2056,0,Mph
2742.75,2065.5,0,Mph
2887.25,2072.5,0,Mph
2854.75,2076,0,Mph
3238.75,2076.5,0,Mph
3281.75,2083.5,0,Mph
3486.75,2093,0,Mph
2865.25,2090,0,Mph
2798.25,2094.5,0,Mph
3228.75,2098.5,0,Mph
2979.25,2136.5,0,Mph
3207.25,2127,0,Mph
3041.75,2144.5,0,Mph
2827.75,2146.5,0,Mph
3106.25,2144.5,0,Mph
3491.75,2152,0,Mph
3267.25,2155,0,Mph
2877.25,2156,0,Mph
3014.25,2161,0,Mph
2835.25,2165.5,0,Mph
3159.75,2171,0,Mph
2956.25,2170.5,0,Mph
2987.75,2177,0,Mph
2907.75,2184,0,Mph
2877.25,2194,0,Mph
3491.75,2194.5,0,Mph
3312.25,2207,0,Mph
3443.75,2203.5,0,Mph
3073.75,2214.5,0,Mph
3173.25,2220,0,Mph
3458.25,2219.5,0,Mph
3110.25,2221,0,Mph
3141.75,2229.5,0,Mph
2834.75,2236,0,Mph
3448.25,2237.5,0,Mph
2749.75,2243,0,Mph
3294.75,2240,0,Mph
3040.75,2248,0,Mph
2827.25,2254.5,0,Mph
3281.25,2253,0,Mph
3140.75,2265,0,Mph
3113.75,2280.5,0,Mph
2744.75,2285,0,Mph
3163.25,2283.5,0,Mph
2765.75,2283,0,Mph
2860.25,2296,0,Mph
2838.75,2301.5,0,Mph
2782.25,2313.5,0,Mph
3059.75,2307,0,Mph
3286.25,2313.5,0,Mph
3024.25,2312,0,Mph
3076.75,2312,0,Mph
3049.75,2317,0,Mph
3132.25,2322,0,Mph
3407.75,2324.5,0,Mph
2929.75,2331.5,0,Mph
3076.75,2334,0,Mph
2977.25,2339.5,0,Mph
3106.25,2343.5,0,Mph
2719.75,2352,0,Mph
2937.75,2362.5,0,Mph
3512.25,2359,0,Mph
2986.25,2367,0,Mph
3260.75,2373.5,0,Mph
3473.25,2374,0,Mph
3071.75,2376,0,Mph
3109.25,2376,0,Mph
3024.75,2389,0,Mph
2790.75,2388,0,Mph
3066.25,2396.5,0,Mph
2869.25,2401.5,0,Mph
2786.75,2405,0,Mph
3459.25,2414,0,Mph
2967.75,2410,0,Mph
3223.25,2423.5,0,Mph
3135.75,2428.5,0,Mph
2923.25,2430.5,0,Mph
3263.25,2439,0,Mph
2782.75,2440,0,Mph
2901.25,2451,0,Mph
2793.25,2449,0,Mph
2872.25,2455,0,Mph
3050.25,2460.5,0,Mph
3073.75,2460,0,Mph
3328.75,2466.5,0,Mph
2722.75,2473.5,0,Mph
2862.75,2477,0,Mph
3101.75,2479,0,Mph
3015.75,2481,0,Mph
3088.75,2496,0,Mph
2875.75,2507.5,0,Mph
2990.25,2497,0,Mph
2832.75,2501,0,Mph
3026.25,2513.5,0,Mph
2832.75,2518.5,0,Mph
2944.75,2547.5,0,Mph
2976.75,2553,0,Mph
2928.25,2564,0,Mph
3002.25,2568,0,Mph
3050.25,2575,0,Mph
2787.75,2583,0,Mph
2982.75,2602.5,0,Mph
2794.25,2626,0,Mph
2840.75,2629.5,0,Mph
2978.75,2637,0,Mph
3146.75,2654,0,Mph
2755.75,2658,0,Mph
2728.75,2656.5,0,Mph
2719.25,2666.5,0,Mph
2768.25,2667,0,Mph
2930.75,2674.5,0,Mph
2883.75,2680.5,0,Mph
2739.25,2693.5,0,Mph
2783.75,2694.5,0,Mph
3632.25,2056.5,0,Mph
3617.75,2067,0,Mph
3651.25,2099.5,0,Mph
3605.75,2149.5,0,Mph
3587.25,2167,0,Mph
3542.75,2175,0,Mph
3537.25,2187.5,0,Mph
3597.75,2195,0,Mph
3657.75,2205.5,0,Mph
3585.75,2229.5,0,Mph
3648.75,2232.5,0,Mph
3524.75,2415,0,Mph
-1360.75,2865,0,Mph
-1350.25,2886.5,0,Mph
-526.25,2848,0,Mph
-956.25,2850,0,Mph
-971.25,2854,0,Mph
-1129.25,2858,0,Mph
-780.25,2858,0,Mph
-620.25,2863,0,Mph
-553.75,2863,0,Mph
-532.75,2865,0,Mph
-499.25,2870.5,0,Mph
-1121.75,2871,0,Mph
-578.75,2872,0,Mph
-911.25,2883,0,Mph
-1105.25,2884.5,0,Mph
-892.25,2883.5,0,Mph
-649.25,2889.5,0,Mph
-1084.75,2891,0,Mph
-1215.25,2892.5,0,Mph
-1040.75,2898.5,0,Mph
-724.75,2894.5,0,Mph
-1092.25,2909,0,Mph
-709.25,2920.5,0,Mph
-1072.75,2922,0,Mph
-683.75,2930.5,0,Mph
-1048.75,2931,0,Mph
-703.25,2942.5,0,Mph
-658.75,2945.5,0,Mph
-991.75,2952,0,Mph
-642.25,2962.5,0,Mph
-1054.75,2962.5,0,Mph
-774.75,2963.5,0,Mph
-1077.25,2966.5,0,Mph
-1181.75,2977,0,Mph
-1039.75,2981,0,Mph
-1071.25,2986.5,0,Mph
-1038.75,3008.5,0,Mph
-1226.25,3022.5,0,Mph
-966.75,3021,0,Mph
-1202.25,3024,0,Mph
-544.75,3051.5,0,Mph
-1231.75,3045.5,0,Mph
-1203.25,3058.5,0,Mph
-1200.25,3076.5,0,Mph
-592.25,3073,0,Mph
-644.25,3074,0,Mph
-654.75,3088,0,Mph
-1188.25,3098.5,0,Mph
-689.25,3104.5,0,Mph
-917.25,3125.5,0,Mph
-809.75,3138.5,0,Mph
-740.25,3148.5,0,Mph
-913.25,3152,0,Mph
-879.75,3150.5,0,Mph
-573.75,3159,0,Mph
-974.75,3165,0,Mph
-537.75,3165.5,0,Mph
-649.75,3171.5,0,Mph
-849.25,3174,0,Mph
-927.75,3182,0,Mph
-495.25,3179,0,Mph
-564.75,3198,0,Mph
-995.25,3188.5,0,Mph
-908.25,3193,0,Mph
-499.75,3201.5,0,Mph
-973.75,3197,0,Mph
-853.25,3199.5,0,Mph
-595.25,3201,0,Mph
-777.75,3211.5,0,Mph
-581.25,3217,0,Mph
-890.25,3217,0,Mph
-759.75,3225,0,Mph
-792.25,3235.5,0,Mph
-786.25,3254,0,Mph
-1001.75,3254.5,0,Mph
-711.25,3269,0,Mph
-918.75,3276,0,Mph
-881.25,3282,0,Mph
-950.25,3302.5,0,Mph
-836.25,3336.5,0,Mph
-777.75,3345.5,0,Mph
-771.75,3362.5,0,Mph
-840.75,3365.5,0,Mph
-797.75,3369.5,0,Mph
-779.25,3370.5,0,Mph
-678.75,3384.5,0,Mph
-630.75,3417,0,Mph
-592.25,3433.5,0,Mph
212.75,2873,0,Mph
192.75,2879.5,0,Mph
252.75,2880.5,0,Mph
254.25,2898.5,0,Mph
-395.25,2905.5,0,Mph
238.25,2944.5,0,Mph
-405.75,2962,0,Mph
-421.75,2979.5,0,Mph
-470.25,2993,0,Mph
-442.75,2992,0,Mph
-34.75,3024.5,0,Mph
-149.25,3038,0,Mph
43.75,3034.5,0,Mph
-403.25,3055.5,0,Mph
-445.75,3066,0,Mph
46.75,3080.5,0,Mph
72.75,3083,0,Mph
138.25,3091,0,Mph
88.25,3095,0,Mph
193.75,3099.5,0,Mph
160.75,3108,0,Mph
-453.25,3108.5,0,Mph
95.75,3113,0,Mph
200.25,3120.5,0,Mph
-232.75,3120.5,0,Mph
233.75,3126,0,Mph
160.25,3125.5,0,Mph
217.25,3130.5,0,Mph
-52.25,3141,0,Mph
-192.75,3145,0,Mph
-452.25,3143.5,0,Mph
-91.75,3156,0,Mph
181.75,3150.5,0,Mph
243.25,3154.5,0,Mph
296.75,3157,0,Mph
63.75,3159.5,0,Mph
191.25,3166,0,Mph
306.75,3176.5,0,Mph
-85.25,3179,0,Mph
242.75,3179.5,0,Mph
-109.25,3188.5,0,Mph
223.25,3213,0,Mph
-280.25,3223,0,Mph
22.75,3235,0,Mph
-244.25,3251,0,Mph
-115.25,3258,0,Mph
-72.25,3270.5,0,Mph
18.75,3273,0,Mph
-1.75,3270.5,0,Mph
-393.75,3282,0,Mph
-215.25,3284,0,Mph
-148.75,3291,0,Mph
28.75,3295,0,Mph
-80.75,3296,0,Mph
97.75,3297,0,Mph
-392.25,3311.5,0,Mph
-438.25,3309.5,0,Mph
207.75,3310.5,0,Mph
63.75,3320,0,Mph
108.75,3320,0,Mph
215.75,3320.5,0,Mph
-55.25,3329.5,0,Mph
220.75,3342,0,Mph
10.25,3340,0,Mph
248.25,3348,0,Mph
28.25,3347.5,0,Mph
245.75,3365.5,0,Mph
-258.25,3371.5,0,Mph
-290.75,3370,0,Mph
-459.75,3376,0,Mph
-477.25,3382.5,0,Mph
42.25,3389,0,Mph
-101.25,3398.5,0,Mph
-443.25,3394.5,0,Mph
57.25,3400,0,Mph
214.75,3417.5,0,Mph
-80.25,3430,0,Mph
-29.25,3436.5,0,Mph
-13.75,3447,0,Mph
56.75,3446,0,Mph
112.25,3483.5,0,Mph
164.75,3514.5,0,Mph
266.25,3535,0,Mph
243.75,3539,0,Mph
277.25,3551,0,Mph
958.25,2863.5,0,Mph
1013.75,2870,0,Mph
969.25,2874.5,0,Mph
1085.25,2873,0,Mph
695.25,2894.5,0,Mph
336.75,2909,0,Mph
1003.75,2916,0,Mph
737.25,2917,0,Mph
324.25,2918.5,0,Mph
744.25,2931,0,Mph
1016.25,2939.5,0,Mph
735.75,2952.5,0,Mph
1064.25,2950.5,0,Mph
681.75,2956,0,Mph
698.25,2952,0,Mph
658.25,2961.5,0,Mph
592.75,2960,0,Mph
706.25,2965,0,Mph
760.75,2970,0,Mph
811.75,2974.5,0,Mph
887.25,2979.5,0,Mph
1078.25,2985.5,0,Mph
456.75,2998.5,0,Mph
475.75,3003,0,Mph
811.25,3005.5,0,Mph
1098.25,3003,0,Mph
681.25,3011.5,0,Mph
1060.75,3014,0,Mph
552.25,3018.5,0,Mph
1076.25,3018,0,Mph
813.75,3023,0,Mph
1024.25,3033,0,Mph
570.75,3039.5,0,Mph
464.25,3050,0,Mph
1098.75,3055,0,Mph
1026.25,3056.5,0,Mph
1116.75,3068,0,Mph
1044.25,3067,0,Mph
1035.25,3076.5,0,Mph
605.75,3078.5,0,Mph
927.75,3089,0,Mph
630.75,3090,0,Mph
582.25,3099,0,Mph
459.75,3102.5,0,Mph
533.25,3103.5,0,Mph
964.75,3105.5,0,Mph
426.25,3112.5,0,Mph
897.25,3118,0,Mph
786.25,3118.5,0,Mph
1041.25,3124.5,0,Mph
430.25,3129,0,Mph
930.75,3131,0,Mph
377.75,3136,0,Mph
954.25,3138,0,Mph
906.75,3141.5,0,Mph
476.75,3146.5,0,Mph
369.25,3147.5,0,Mph
852.75,3149.5,0,Mph
975.75,3160,0,Mph
904.75,3167.5,0,Mph
429.75,3171.5,0,Mph
845.75,3173.5,0,Mph
873.75,3172.5,0,Mph
804.25,3174.5,0,Mph
470.75,3183,0,Mph
983.75,3199.5,0,Mph
419.75,3205.5,0,Mph
379.75,3211,0,Mph
1092.25,3207.5,0,Mph
1019.25,3215.5,0,Mph
966.25,3211.5,0,Mph
351.25,3233,0,Mph
1085.75,3235.5,0,Mph
981.25,3235,0,Mph
875.75,3240.5,0,Mph
371.75,3239,0,Mph
456.25,3252.5,0,Mph
1012.25,3249,0,Mph
507.75,3271.5,0,Mph
656.75,3271,0,Mph
834.25,3271.5,0,Mph
727.25,3287,0,Mph
817.75,3285,0,Mph
864.75,3288,0,Mph
514.75,3298,0,Mph
757.75,3295.5,0,Mph
333.75,3308,0,Mph
804.75,3333,0,Mph
711.25,3333,0,Mph
423.75,3332.5,0,Mph
680.75,3368.5,0,Mph
431.75,3375.5,0,Mph
610.25,3378.5,0,Mph
725.25,3377.5,0,Mph
545.75,3383.5,0,Mph
458.75,3384.5,0,Mph
770.25,3388,0,Mph
591.25,3385,0,Mph
403.25,3396.5,0,Mph
748.75,3387.5,0,Mph
444.75,3410.5,0,Mph
404.75,3413.5,0,Mph
668.25,3415.5,0,Mph
756.25,3419.5,0,Mph
719.25,3419.5,0,Mph
407.25,3427,0,Mph
470.25,3463,0,Mph
485.25,3471.5,0,Mph
437.25,3484.5,0,Mph
469.25,3501.5,0,Mph
564.75,3517,0,Mph
473.25,3524,0,Mph
535.75,3524,0,Mph
434.25,3525.5,0,Mph
516.75,3536,0,Mph
474.75,3548.5,0,Mph
386.25,3550.5,0,Mph
530.25,3550,0,Mph
1400.25,2852.5,0,Mph
1336.75,2862.5,0,Mph
1186.25,2866,0,Mph
1532.75,2867,0,Mph
1788.25,2878.5,0,Mph
1810.75,2881,0,Mph
1512.75,2882.5,0,Mph
1392.75,2887,0,Mph
1181.75,2885.5,0,Mph
1203.75,2891,0,Mph
1272.25,2893,0,Mph
1670.75,2894,0,Mph
1689.25,2899.5,0,Mph
1870.25,2901.5,0,Mph
1841.25,2903.5,0,Mph
1616.75,2906,0,Mph
1596.25,2908,0,Mph
1437.75,2910.5,0,Mph
1742.75,2914,0,Mph
1317.75,2915.5,0,Mph
1334.75,2920.5,0,Mph
1694.25,2922,0,Mph
1735.25,2932,0,Mph
1640.75,2941.5,0,Mph
1603.25,2942,0,Mph
1658.75,2947.5,0,Mph
1910.75,2944,0,Mph
1834.75,2948,0,Mph
1721.25,2954,0,Mph
1528.75,2953.5,0,Mph
1154.25,2961.5,0,Mph
1786.25,2952,0,Mph
1673.75,2955.5,0,Mph
1448.75,2961.5,0,Mph
1316.75,2967,0,Mph
1373.75,2970,0,Mph
1573.75,2968.5,0,Mph
1346.25,2974.5,0,Mph
1792.75,2970.5,0,Mph
1592.25,2973,0,Mph
1516.75,2971,0,Mph
1826.75,2982,0,Mph
1862.25,2991,0,Mph
1575.25,2994.5,0,Mph
1694.75,2998,0,Mph
1474.75,2999,0,Mph
1889.25,3004.5,0,Mph
1331.75,3024,0,Mph
1854.75,3044.5,0,Mph
1353.75,3053.5,0,Mph
1842.75,3058,0,Mph
1572.25,3065.5,0,Mph
1153.75,3088,0,Mph
1313.25,3088,0,Mph
1176.25,3092,0,Mph
1613.75,3112,0,Mph
1233.75,3122.5,0,Mph
1547.25,3128,0,Mph
1262.75,3130,0,Mph
1486.75,3131,0,Mph
1708.75,3139.5,0,Mph
1250.75,3152,0,Mph
1494.75,3160.5,0,Mph
1146.25,3173,0,Mph
1227.25,3171.5,0,Mph
1196.75,3181,0,Mph
1392.75,3218,0,Mph
1589.25,3217.5,0,Mph
1658.25,3221,0,Mph
1619.25,3222.5,0,Mph
1816.25,3233,0,Mph
1559.75,3240.5,0,Mph
1797.25,3247.5,0,Mph
1400.75,3242.5,0,Mph
1770.25,3243,0,Mph
1769.25,3264,0,Mph
1775.25,3307.5,0,Mph
1751.25,3307.5,0,Mph
1753.75,3334.5,0,Mph
1800.75,3366.5,0,Mph
2332.25,2864.5,0,Mph
2313.25,2867,0,Mph
2200.75,2895,0,Mph
2060.75,2908,0,Mph
2047.75,2918.5,0,Mph
1947.25,2918.5,0,Mph
2077.25,2952,0,Mph
2042.75,2969.5,0,Mph
1960.25,2973,0,Mph
1944.25,2984.5,0,Mph
1924.25,2990,0,Mph
1967.75,3181.5,0,Mph
-2100.25,-2276,0,EC
-2081.75,-2262,0,EC
-2106.75,-2257,0,EC
-2091.75,-2245,0,EC
-2123.75,-2242.5,0,EC
-2268.75,-2118.5,0,EC
-2240.75,-2110.5,0,EC
-2286.25,-2101,0,EC
-2222.25,-2096,0,EC
-2149.75,-2092,0,EC
-2172.75,-2094.5,0,EC
-2302.25,-2087,0,EC
-2426.75,-2087,0,EC
-2190.25,-2084.5,0,EC
-2464.75,-2076.5,0,EC
-2392.75,-2079,0,EC
-2284.75,-2078,0,EC
-2137.75,-2081.5,0,EC
-2226.25,-2069.5,0,EC
-2127.25,-2070,0,EC
-2192.75,-2067.5,0,EC
-2308.75,-2056.5,0,EC
-2428.75,-2068,0,EC
-2172.25,-2055,0,EC
-2214.75,-2057.5,0,EC
-2413.25,-2056.5,0,EC
-2366.75,-2048,0,EC
-2155.25,-2046.5,0,EC
-2114.25,-2037,0,EC
-2133.25,-2041,0,EC
-2091.75,-2019.5,0,EC
-2304.25,-2018,0,EC
-2136.75,-2019.5,0,EC
-2328.75,-2014.5,0,EC
-2155.25,-2007,0,EC
-2152.25,-1985.5,0,EC
-2066.75,-1994.5,0,EC
-2087.75,-1987,0,EC
-2141.25,-1977,0,EC
-2114.25,-1978.5,0,EC
-2069.25,-1976,0,EC
-2100.25,-1967.5,0,EC
-2084.75,-1969.5,0,EC
-2120.25,-1963,0,EC
-2141.25,-1958.5,0,EC
-2163.75,-1951,0,EC
-2187.25,-1950,0,EC
-2069.25,-1945,0,EC
-2090.75,-1948.5,0,EC
-2122.25,-1941.5,0,EC
-2616.25,-1939.5,0,EC
-2596.25,-1942,0,EC
-2559.25,-1941,0,EC
-2102.25,-1929.5,0,EC
-2172.25,-1926,0,EC
-2068.25,-1916,0,EC
-2131.25,-1914,0,EC
-2089.25,-1912.5,0,EC
-2614.75,-1895,0,EC
-2176.25,-1900,0,EC
-2114.25,-1896,0,EC
-2158.25,-1897.5,0,EC
-2550.25,-1895.5,0,EC
-2140.25,-1890.5,0,EC
-2605.75,-1883,0,EC
-2199.25,-1880.5,0,EC
-2229.75,-1870.5,0,EC
-2076.75,-1874.5,0,EC
-2171.75,-1872.5,0,EC
-2139.25,-1866.5,0,EC
-2200.25,-1862.5,0,EC
-2601.25,-1869,0,EC
-2622.25,-1860.5,0,EC
-2647.25,-1860,0,EC
-2075.75,-1851.5,0,EC
-2190.75,-1851.5,0,EC
-2591.25,-1856,0,EC
-2502.75,-1845.5,0,EC
-2156.75,-1844.5,0,EC
-2114.75,-1847,0,EC
-2640.25,-1840.5,0,EC
-2141.25,-1842.5,0,EC
-2216.25,-1832,0,EC
-2098.75,-1834.5,0,EC
-2584.75,-1833.5,0,EC
-2183.25,-1836,0,EC
-2539.75,-1831,0,EC
-2613.25,-1827,0,EC
-2506.25,-1823.5,0,EC
-2483.25,-1827,0,EC
-2147.25,-1824.5,0,EC
-2101.25,-1816,0,EC
-2188.75,-1818.5,0,EC
-2128.75,-1812.5,0,EC
-2547.75,-1810,0,EC
-2243.75,-1812,0,EC
-2491.75,-1807,0,EC
-2148.25,-1807.5,0,EC
-2174.75,-1808,0,EC
-2513.25,-1809,0,EC
-2288.75,-1798,0,EC
-2068.25,-1802.5,0,EC
-2319.25,-1789.5,0,EC
-2115.75,-1799,0,EC
-2191.25,-1799,0,EC
-2267.25,-1784,0,EC
-2243.75,-1785,0,EC
-2136.75,-1787.5,0,EC
-2093.25,-1789.5,0,EC
-2201.25,-1784.5,0,EC
-2176.25,-1783.5,0,EC
-2082.25,-1781.5,0,EC
-2348.75,-1775,0,EC
-2116.75,-1772.5,0,EC
-2154.25,-1777.5,0,EC
-2324.75,-1766,0,EC
-2219.25,-1771,0,EC
-2294.75,-1771,0,EC
-2188.25,-1769,0,EC
-2093.25,-1770.5,0,EC
-2151.25,-1765,0,EC
-2250.75,-1759,0,EC
-2167.25,-1761,0,EC
-2135.75,-1750.5,0,EC
-2212.75,-1756.5,0,EC
-2306.25,-1756,0,EC
-2331.75,-1752.5,0,EC
-2189.25,-1752.5,0,EC
-2156.25,-1751,0,EC
-2286.75,-1746.5,0,EC
-2071.75,-1741,0,EC
-2203.75,-1737.5,0,EC
-2219.75,-1736.5,0,EC
-2305.75,-1733,0,EC
-2187.25,-1730.5,0,EC
-2158.25,-1731,0,EC
-2352.75,-1722,0,EC
-2323.75,-1724,0,EC
-2224.75,-1715.5,0,EC
-2152.25,-1713,0,EC
-2191.25,-1714.5,0,EC
-2133.25,-1713,0,EC
-2250.25,-1709.5,0,EC
-2308.25,-1713.5,0,EC
-2170.75,-1706.5,0,EC
-2290.25,-1706.5,0,EC
-2100.25,-1706,0,EC
-2082.25,-1705.5,0,EC
-2332.75,-1702,0,EC
-2272.75,-1702.5,0,EC
-2143.75,-1698.5,0,EC
-2310.25,-1693.5,0,EC
-2193.25,-1688.5,0,EC
-2130.25,-1693,0,EC
-2362.75,-1692.5,0,EC
-2256.75,-1693,0,EC
-2103.25,-1683,0,EC
-2342.75,-1681.5,0,EC
-2215.25,-1688.5,0,EC
-2072.25,-1683,0,EC
-2277.75,-1685,0,EC
-2156.75,-1684,0,EC
-2370.75,-1665,0,EC
-2232.75,-1674.5,0,EC
-2186.75,-1663.5,0,EC
-2360.25,-1679,0,EC
-2249.25,-1678.5,0,EC
-2209.25,-1669,0,EC
-2139.25,-1672.5,0,EC
-2277.75,-1673,0,EC
-2330.25,-1665,0,EC
-2263.25,-1665.5,0,EC
-2292.25,-1660.5,0,EC
-2155.75,-1652.5,0,EC
-2130.75,-1658,0,EC
-2269.25,-1644.5,0,EC
-2227.75,-1649,0,EC
-2327.25,-1643,0,EC
-2357.75,-1639,0,EC
-2296.25,-1639.5,0,EC
-2389.25,-1630,0,EC
-2125.75,-1636,0,EC
-2220.25,-1635,0,EC
-2468.75,-1630,0,EC
-2348.25,-1629,0,EC
-2330.75,-1629,0,EC
-2150.75,-1627,0,EC
-2276.75,-1623,0,EC
-2307.25,-1618,0,EC
-2190.75,-1620.5,0,EC
-2106.25,-1613,0,EC
-2362.75,-1615.5,0,EC
-2321.75,-1608,0,EC
-2202.75,-1612.5,0,EC
-2147.25,-1608.5,0,EC
-2172.75,-1603,0,EC
-2275.75,-1605,0,EC
-2236.75,-1607,0,EC
-2134.75,-1606.5,0,EC
-2351.25,-1600.5,0,EC
-2261.25,-1600.5,0,EC
-2194.75,-1587.5,0,EC
-2248.25,-1589,0,EC
-2587.25,-1587,0,EC
-2219.75,-1575,0,EC
-2123.25,-1581,0,EC
-2507.25,-1582,0,EC
-2534.75,-1578.5,0,EC
-2435.75,-1577.5,0,EC
-2340.25,-1575.5,0,EC
-2313.25,-1576.5,0,EC
-2141.75,-1580,0,EC
-2387.75,-1573,0,EC
-2484.25,-1576.5,0,EC
-2090.25,-1563,0,EC
-2240.75,-1570,0,EC
-2075.25,-1562,0,EC
-2142.75,-1557,0,EC
-2296.75,-1556.5,0,EC
-2516.25,-1559,0,EC
-2374.25,-1560.5,0,EC
-2343.25,-1550.5,0,EC
-2408.75,-1555,0,EC
-2573.75,-1550.5,0,EC
-2237.25,-1548,0,EC
-2211.75,-1547.5,0,EC
-2259.75,-1538,0,EC
-2290.75,-1544.5,0,EC
-2479.25,-1539.5,0,EC
-2546.25,-1542,0,EC
-2590.75,-1538.5,0,EC
-2449.25,-1527,0,EC
-2369.75,-1533,0,EC
-2077.75,-1534,0,EC
-2298.25,-1519.5,0,EC
-2438.25,-1531,0,EC
-2531.75,-1526.5,0,EC
-2414.25,-1525,0,EC
-2563.75,-1516,0,EC
-2512.75,-1520.5,0,EC
-2385.75,-1522,0,EC
-2484.25,-1521,0,EC
-2341.25,-1522,0,EC
-2370.75,-1515,0,EC
-2493.25,-1498,0,EC
-2471.25,-1500,0,EC
-2378.25,-1496.5,0,EC
-2511.75,-1502,0,EC
-2425.25,-1505,0,EC
-2547.25,-1499.5,0,EC
-2531.75,-1499.5,0,EC
-2354.25,-1503.5,0,EC
-2441.75,-1503.5,0,EC
-2406.25,-1499,0,EC
-2334.75,-1490.5,0,EC
-2292.75,-1484.5,0,EC
-2195.75,-1483,0,EC
-2313.25,-1481.5,0,EC
-2351.75,-1476,0,EC
-2405.75,-1478,0,EC
-2530.25,-1481,0,EC
-2223.75,-1478,0,EC
-2534.25,-1469,0,EC
-2104.75,-1469.5,0,EC
-2321.75,-1462,0,EC
-2288.75,-1464,0,EC
-2214.25,-1460,0,EC
-2134.75,-1462,0,EC
-2356.25,-1455,0,EC
-2153.75,-1463,0,EC
-2273.75,-1456,0,EC
-2186.75,-1449.5,0,EC
-2080.25,-1457,0,EC
-2513.25,-1456,0,EC
-2235.25,-1454,0,EC
-2258.75,-1454.5,0,EC
-2549.75,-1442,0,EC
-2522.25,-1450,0,EC
-2101.75,-1447,0,EC
-2296.75,-1447,0,EC
-2383.25,-1444,0,EC
-2516.75,-1436,0,EC
-2118.25,-1435.5,0,EC
-2144.75,-1439.5,0,EC
-2353.25,-1439,0,EC
-2086.75,-1437,0,EC
-2316.25,-1435,0,EC
-2261.75,-1432.5,0,EC
-2343.25,-1431,0,EC
-2585.25,-1421,0,EC
-2280.75,-1429.5,0,EC
-2242.25,-1431,0,EC
-2070.75,-1429,0,EC
-2558.25,-1422,0,EC
-2223.25,-1426,0,EC
-2495.75,-1419,0,EC
-2206.75,-1420.5,0,EC
-2532.75,-1423,0,EC
-2160.25,-1418.5,0,EC
-2108.25,-1421,0,EC
-2173.75,-1415,0,EC
-2240.25,-1412.5,0,EC
-2078.75,-1417.5,0,EC
-2512.25,-1415,0,EC
-2187.25,-1409.5,0,EC
-2539.25,-1400,0,EC
-2150.25,-1393.5,0,EC
-2602.75,-1398.5,0,EC
-2071.75,-1403.5,0,EC
-2863.25,-1398.5,0,EC
-2712.25,-1400,0,EC
-2195.25,-1402,0,EC
-2687.75,-1402,0,EC
-2458.75,-1403,0,EC
-2395.25,-1401.5,0,EC
-2577.25,-1399.5,0,EC
-2504.25,-1400,0,EC
-2214.25,-1386.5,0,EC
-2403.25,-1393,0,EC
-2467.25,-1382.5,0,EC
-2488.25,-1389,0,EC
-2127.25,-1383.5,0,EC
-2809.25,-1382.5,0,EC
-2506.25,-1382.5,0,EC
-2548.25,-1376.5,0,EC
-2594.25,-1381,0,EC
-2525.25,-1382,0,EC
-2698.75,-1381,0,EC
-2684.25,-1377,0,EC
-2238.75,-1380,0,EC
-2141.75,-1381,0,EC
-2430.75,-1380,0,EC
-2195.75,-1376.5,0,EC
-2855.25,-1377,0,EC
-2419.75,-1371,0,EC
-2486.75,-1373,0,EC
-2571.25,-1372,0,EC
-2290.25,-1362.5,0,EC
-2116.25,-1369.5,0,EC
-2130.25,-1364,0,EC
-2080.25,-1363.5,0,EC
-2792.75,-1361,0,EC
-2717.25,-1367,0,EC
-2821.25,-1365.5,0,EC
-2408.75,-1358.5,0,EC
-2182.25,-1362.5,0,EC
-2707.25,-1362,0,EC
-2618.75,-1357,0,EC
-2559.75,-1359.5,0,EC
-2527.25,-1345.5,0,EC
-2150.75,-1353.5,0,EC
-2450.75,-1361.5,0,EC
-2093.75,-1361,0,EC
-2347.75,-1359.5,0,EC
-2467.25,-1354,0,EC
-2270.25,-1355.5,0,EC
-2587.75,-1346.5,0,EC
-2506.75,-1358,0,EC
-2233.75,-1354.5,0,EC
-2205.75,-1353.5,0,EC
-2330.75,-1349.5,0,EC
-2126.25,-1344.5,0,EC
-2539.75,-1346,0,EC
-2302.75,-1342,0,EC
-2376.75,-1337.5,0,EC
-2250.25,-1340,0,EC
-2626.25,-1339.5,0,EC
-2069.25,-1342.5,0,EC
-2430.75,-1341,0,EC
-2409.25,-1342,0,EC
-2345.25,-1341.5,0,EC
-2268.75,-1335.5,0,EC
-2618.75,-1324,0,EC
-2202.75,-1334.5,0,EC
-2566.25,-1331,0,EC
-2483.75,-1337.5,0,EC
-2441.75,-1328.5,0,EC
-2708.75,-1326.5,0,EC
-2512.75,-1330.5,0,EC
-2234.25,-1329,0,EC
-2721.75,-1329.5,0,EC
-2668.75,-1327.5,0,EC
-2344.75,-1327.5,0,EC
-2171.25,-1327.5,0,EC
-2093.25,-1325.5,0,EC
-2367.25,-1323.5,0,EC
-2129.75,-1322.5,0,EC
-2473.75,-1322.5,0,EC
-2295.25,-1324,0,EC
-2397.75,-1320,0,EC
-2647.75,-1319,0,EC
-2279.25,-1323.5,0,EC
-2556.25,-1319,0,EC
-2079.75,-1311.5,0,EC
-2492.25,-1305.5,0,EC
-2319.75,-1312.5,0,EC
-2209.25,-1314.5,0,EC
-2581.25,-1314.5,0,EC
-2383.25,-1315,0,EC
-2724.75,-1312.5,0,EC
-2123.25,-1308,0,EC
-2232.75,-1302.5,0,EC
-2451.75,-1309.5,0,EC
-2263.25,-1298.5,0,EC
-2603.75,-1298,0,EC
-2863.25,-1306.5,0,EC
-2674.75,-1308,0,EC
-2696.25,-1303,0,EC
-2586.25,-1300.5,0,EC
-2559.25,-1305.5,0,EC
-2138.75,-1301,0,EC
-2635.25,-1297,0,EC
-2287.75,-1302,0,EC
-2468.25,-1297,0,EC
-2387.25,-1299.5,0,EC
-2098.75,-1297.5,0,EC
-2343.75,-1298.5,0,EC
-2542.75,-1299,0,EC
-2407.25,-1290,0,EC
-2677.75,-1292,0,EC
-2749.75,-1282,0,EC
-2708.75,-1291.5,0,EC
-2125.25,-1287,0,EC
-2311.25,-1284.5,0,EC
-2836.75,-1283,0,EC
-2505.75,-1282,0,EC
-2570.75,-1282.5,0,EC
-2235.25,-1284.5,0,EC
-2719.75,-1280,0,EC
-2736.75,-1280.5,0,EC
-2095.25,-1275.5,0,EC
-2290.75,-1280.5,0,EC
-2330.25,-1275.5,0,EC
-2208.25,-1273.5,0,EC
-2771.75,-1282,0,EC
-2375.75,-1271,0,EC
-2809.75,-1278,0,EC
-2144.25,-1281,0,EC
-2548.75,-1278.5,0,EC
-2695.75,-1277,0,EC
-2601.25,-1271,0,EC
-2276.25,-1276,0,EC
-2168.75,-1275,0,EC
-2664.75,-1269.5,0,EC
-2414.75,-1274,0,EC
-2443.25,-1268,0,EC
-2498.75,-1262.5,0,EC
-2786.25,-1263.5,0,EC
-2522.75,-1258,0,EC
-2619.25,-1256.5,0,EC
-2293.75,-1263.5,0,EC
-2847.75,-1260.5,0,EC
-2752.25,-1255.5,0,EC
-2732.25,-1260,0,EC
-2825.25,-1260,0,EC
-2683.25,-1261.5,0,EC
-2336.25,-1258,0,EC
-2310.25,-1258.5,0,EC
-2225.25,-1256,0,EC
-2584.25,-1253,0,EC
-2808.75,-1255.5,0,EC
-2539.75,-1242.5,0,EC
-2834.75,-1250,0,EC
-2404.75,-1253,0,EC
-2681.25,-1250.5,0,EC
-2666.25,-1251.5,0,EC
-2560.75,-1250,0,EC
-2791.75,-1246.5,0,EC
-2432.25,-1249,0,EC
-2252.75,-1238.5,0,EC
-2708.25,-1242.5,0,EC
-2728.75,-1242.5,0,EC
-2627.25,-1240.5,0,EC
-2599.25,-1242,0,EC
-2389.25,-1246,0,EC
-2308.25,-1243,0,EC
-2157.25,-1240,0,EC
-2493.25,-1236,0,EC
-2372.25,-1228.5,0,EC
-2811.25,-1234,0,EC
-2660.75,-1224.5,0,EC
-2099.75,-1231.5,0,EC
-2766.25,-1230,0,EC
-2565.25,-1236,0,EC
-2520.75,-1225,0,EC
-2350.75,-1233,0,EC
-2748.25,-1232,0,EC
-2324.25,-1228,0,EC
-2286.25,-1228,0,EC
-2127.25,-1229.5,0,EC
-2854.75,-1221.5,0,EC
-2415.25,-1225.5,0,EC
-2555.75,-1218,0,EC
-2238.75,-1222.5,0,EC
-2068.25,-1223.5,0,EC
-2118.75,-1220.5,0,EC
-2821.75,-1221.5,0,EC
-2708.25,-1220,0,EC
-2167.75,-1222,0,EC
-2441.75,-1218.5,0,EC
-2692.75,-1217.5,0,EC
-2752.25,-1214.5,0,EC
-2666.75,-1215.5,0,EC
-2595.25,-1212,0,EC
-2184.75,-1195,0,EC
-2348.75,-1213.5,0,EC
-2306.75,-1214.5,0,EC
-2769.75,-1210.5,0,EC
-2266.25,-1211,0,EC
-2829.75,-1206.5,0,EC
-2613.25,-1205.5,0,EC
-2738.75,-1202,0,EC
-2458.25,-1208.5,0,EC
-2138.25,-1210.5,0,EC
-2844.75,-1204,0,EC
-2668.25,-1204,0,EC
-2509.25,-1205,0,EC
-2809.75,-1205,0,EC
-2488.75,-1206,0,EC
-2404.75,-1202.5,0,EC
-2541.75,-1199.5,0,EC
-2224.75,-1201,0,EC
-2382.25,-1197,0,EC
-2159.75,-1197.5,0,EC
-2577.25,-1199.5,0,EC
-2430.75,-1194.5,0,EC
-2641.75,-1186.5,0,EC
-2206.25,-1190.5,0,EC
-2123.75,-1188.5,0,EC
-2459.25,-1190.5,0,EC
-2521.75,-1189.5,0,EC
-2797.75,-1188,0,EC
-2405.25,-1187.5,0,EC
-2263.25,-1185.5,0,EC
-2658.75,-1184.5,0,EC
-2485.75,-1185.5,0,EC
-2445.75,-1188.5,0,EC
-2569.25,-1185,0,EC
-2680.75,-1186,0,EC
-2604.25,-1175,0,EC
-2143.25,-1183.5,0,EC
-2754.25,-1173.5,0,EC
-2505.75,-1179,0,EC
-2778.75,-1172.5,0,EC
-2316.25,-1176.5,0,EC
-2438.75,-1174.5,0,EC
-2669.75,-1177,0,EC
-2240.25,-1174.5,0,EC
-2398.25,-1174.5,0,EC
-2571.25,-1169.5,0,EC
-2097.75,-1170.5,0,EC
-2518.25,-1165.5,0,EC
-2459.75,-1159.5,0,EC
-2073.25,-1162,0,EC
-2587.25,-1158.5,0,EC
-2086.75,-1165,0,EC
-2494.75,-1163,0,EC
-2665.75,-1162.5,0,EC
-2423.25,-1160.5,0,EC
-2316.75,-1161.5,0,EC
-2654.25,-1161.5,0,EC
-2274.75,-1159,0,EC
-2681.25,-1153,0,EC
-2631.75,-1154.5,0,EC
-2617.25,-1151,0,EC
-2559.75,-1147.5,0,EC
-2111.75,-1147,0,EC
-2803.25,-1151.5,0,EC
-2090.25,-1151.5,0,EC
-2478.25,-1144,0,EC
-2415.25,-1143.5,0,EC
343.75,-2946,0,EC
334.75,-2930.5,0,EC
342.25,-2918.5,0,EC
363.75,-2918,0,EC
335.75,-2902,0,EC
364.25,-2895.5,0,EC
343.75,-2872.5,0,EC
362.25,-2866.5,0,EC
340.25,-2855,0,EC
335.75,-2832,0,EC
352.75,-2836.5,0,EC
417.75,-2779.5,0,EC
369.25,-2751.5,0,EC
400.75,-2751.5,0,EC
418.75,-2743,0,EC
-1362.75,-1925.5,0,EC
-1379.25,-1916,0,EC
-1803.75,-1875.5,0,EC
-1569.75,-1875.5,0,EC
-1279.75,-1866,0,EC
-2050.75,-1857.5,0,EC
-1987.75,-1853,0,EC
-1965.75,-1853.5,0,EC
-2043.25,-1846,0,EC
-2025.25,-1847,0,EC
-2005.25,-1842.5,0,EC
-2050.25,-1829,0,EC
-1965.25,-1837,0,EC
-2005.25,-1826.5,0,EC
-1779.75,-1825,0,EC
-1979.25,-1823,0,EC
-1955.75,-1819.5,0,EC
-1755.25,-1820,0,EC
-2036.75,-1800,0,EC
-1571.25,-1814.5,0,EC
-2002.25,-1810,0,EC
-1555.75,-1809,0,EC
-1976.25,-1801.5,0,EC
-2018.75,-1798,0,EC
-1960.25,-1796.5,0,EC
-1983.75,-1789.5,0,EC
-1389.75,-1779.5,0,EC
-1952.25,-1777.5,0,EC
-2011.75,-1760,0,EC
-1881.25,-1775,0,EC
-1432.25,-1771,0,EC
-1414.25,-1768.5,0,EC
-1895.75,-1763,0,EC
-1867.75,-1760,0,EC
-1726.75,-1764.5,0,EC
-1397.25,-1762,0,EC
-1921.25,-1758,0,EC
-2032.25,-1755,0,EC
-1845.75,-1746.5,0,EC
-2038.75,-1742.5,0,EC
-2007.25,-1734.5,0,EC
-1507.75,-1742.5,0,EC
-1984.75,-1730.5,0,EC
-1954.25,-1728,0,EC
-1918.25,-1729,0,EC
-1860.75,-1721.5,0,EC
-1475.75,-1724.5,0,EC
-2041.75,-1719,0,EC
-1887.25,-1715,0,EC
-2059.25,-1710,0,EC
-1926.25,-1710.5,0,EC
-2021.75,-1706.5,0,EC
-1995.75,-1699.5,0,EC
-1871.25,-1705,0,EC
-1900.75,-1703.5,0,EC
-2047.25,-1692.5,0,EC
-1946.75,-1692,0,EC
-1476.25,-1694.5,0,EC
-1874.75,-1689,0,EC
-1904.25,-1682.5,0,EC
-2024.75,-1683.5,0,EC
-1931.75,-1681.5,0,EC
-1339.25,-1683,0,EC
-1966.75,-1679,0,EC
-1844.75,-1674.5,0,EC
-1994.25,-1672,0,EC
-2056.75,-1668.5,0,EC
-1941.75,-1662,0,EC
-1815.75,-1665.5,0,EC
-1370.75,-1672,0,EC
-1925.25,-1665.5,0,EC
-2027.25,-1663.5,0,EC
-1874.75,-1657,0,EC
-1960.75,-1654,0,EC
-1896.25,-1652,0,EC
-1844.25,-1652.5,0,EC
-1832.25,-1649.5,0,EC
-1983.25,-1645,0,EC
-1865.75,-1648,0,EC
-2015.75,-1638.5,0,EC
-2051.75,-1640.5,0,EC
-1796.25,-1640,0,EC
-1570.75,-1640,0,EC
-1917.25,-1639,0,EC
-1961.75,-1628,0,EC
-1322.25,-1632,0,EC
-2055.75,-1626.5,0,EC
-2005.75,-1622,0,EC
-1302.25,-1614.5,0,EC
-1897.25,-1608.5,0,EC
-1407.25,-1612,0,EC
-1913.25,-1608.5,0,EC
-2037.25,-1604,0,EC
-1946.75,-1599,0,EC
-1381.75,-1598.5,0,EC
-2014.25,-1592,0,EC
-1888.25,-1589,0,EC
-1995.25,-1593,0,EC
-1555.25,-1590,0,EC
-1979.25,-1588.5,0,EC
-1851.25,-1582.5,0,EC
-2008.75,-1573,0,EC
-2054.25,-1574,0,EC
-1988.75,-1574,0,EC
-1929.75,-1562.5,0,EC
-1957.75,-1567,0,EC
-1802.75,-1564,0,EC
-1671.25,-1549.5,0,EC
-1889.25,-1560,0,EC
-2036.75,-1558.5,0,EC
-1865.75,-1559.5,0,EC
-1597.25,-1556.5,0,EC
-1907.75,-1555,0,EC
-1558.75,-1543.5,0,EC
-1460.75,-1553,0,EC
-1584.75,-1545.5,0,EC
-1485.75,-1554,0,EC
-1989.25,-1551.5,0,EC
-1435.25,-1543,0,EC
-2017.25,-1546.5,0,EC
-1946.25,-1546.5,0,EC
-1853.75,-1547,0,EC
-1758.25,-1539.5,0,EC
-2007.25,-1536,0,EC
-1787.75,-1536,0,EC
-1917.75,-1531,0,EC
-1867.25,-1537.5,0,EC
-2040.25,-1531.5,0,EC
-1961.75,-1529,0,EC
-1397.25,-1535,0,EC
-1464.25,-1526.5,0,EC
-1602.75,-1524.5,0,EC
-1413.25,-1528.5,0,EC
-1992.25,-1528,0,EC
-1883.25,-1522,0,EC
-1576.25,-1526,0,EC
-1439.25,-1519.5,0,EC
-1652.75,-1515.5,0,EC
-1374.75,-1524.5,0,EC
-2057.25,-1518,0,EC
-1289.75,-1504.5,0,EC
-1942.25,-1518,0,EC
-1384.25,-1516.5,0,EC
-2011.25,-1512,0,EC
-1978.25,-1511.5,0,EC
-1871.75,-1506,0,EC
-1549.25,-1506.5,0,EC
-1481.25,-1502.5,0,EC
-2028.25,-1507,0,EC
-1579.75,-1502.5,0,EC
-1991.25,-1505,0,EC
-1532.25,-1498,0,EC
-2054.75,-1493.5,0,EC
-1793.75,-1491,0,EC
-1960.75,-1498.5,0,EC
-1947.25,-1498.5,0,EC
-1313.75,-1491.5,0,EC
-2033.75,-1487,0,EC
-2023.75,-1477,0,EC
-1910.75,-1485,0,EC
-1869.25,-1483,0,EC
-1541.25,-1475,0,EC
-1892.75,-1479,0,EC
-1979.75,-1474.5,0,EC
-1518.75,-1467,0,EC
-1898.25,-1466,0,EC
-1565.25,-1462.5,0,EC
-1872.75,-1462.5,0,EC
-1962.75,-1460,0,EC
-1917.25,-1460.5,0,EC
-1581.25,-1458,0,EC
-2061.25,-1456,0,EC
-1680.75,-1456,0,EC
-1944.25,-1452.5,0,EC
-1545.25,-1453,0,EC
-1764.75,-1453,0,EC
-1718.75,-1445,0,EC
-1540.25,-1432,0,EC
-1284.25,-1437,0,EC
-1802.25,-1433.5,0,EC
-1778.75,-1438.5,0,EC
-1519.25,-1431,0,EC
-1762.25,-1433,0,EC
-1944.25,-1428.5,0,EC
-1741.75,-1427.5,0,EC
-2009.75,-1426.5,0,EC
-1924.25,-1424,0,EC
-1635.75,-1428.5,0,EC
-1642.25,-1419,0,EC
-1622.25,-1419.5,0,EC
-1762.25,-1408,0,EC
-2048.25,-1414,0,EC
-1834.25,-1414,0,EC
-1809.75,-1401,0,EC
-2008.75,-1402.5,0,EC
-1915.75,-1402.5,0,EC
-1667.75,-1398.5,0,EC
-1628.25,-1405,0,EC
-1502.75,-1401.5,0,EC
-2058.75,-1397.5,0,EC
-1975.25,-1398.5,0,EC
-1942.75,-1397,0,EC
-1961.75,-1397,0,EC
-1700.75,-1392.5,0,EC
-1992.75,-1387,0,EC
-2046.75,-1388,0,EC
-1925.75,-1388.5,0,EC
-1677.75,-1388,0,EC
-1272.25,-1382.5,0,EC
-1823.75,-1388.5,0,EC
-1505.25,-1388,0,EC
-1793.75,-1385,0,EC
-1969.75,-1373,0,EC
-1691.75,-1377,0,EC
-1945.25,-1373.5,0,EC
-2031.75,-1374,0,EC
-1814.25,-1373,0,EC
-1317.25,-1354,0,EC
-2062.75,-1353.5,0,EC
-2020.75,-1360,0,EC
-2031.25,-1357,0,EC
-1293.75,-1353,0,EC
-1507.25,-1343,0,EC
-1406.25,-1332.5,0,EC
-1309.25,-1323.5,0,EC
-1288.25,-1322.5,0,EC
-1452.75,-1314,0,EC
-2031.75,-1307,0,EC
-1384.75,-1302.5,0,EC
-2024.25,-1295.5,0,EC
-2004.75,-1290.5,0,EC
-1773.75,-1287,0,EC
-1393.75,-1292.5,0,EC
-1795.75,-1289.5,0,EC
-1545.75,-1288.5,0,EC
-2036.25,-1284,0,EC
-1981.25,-1284,0,EC
-2052.25,-1264.5,0,EC
-1999.75,-1272,0,EC
-1783.25,-1269.5,0,EC
-1548.25,-1268.5,0,EC
-1534.25,-1262,0,EC
-1570.75,-1253,0,EC
-2020.25,-1249.5,0,EC
-1677.75,-1253.5,0,EC
-1548.25,-1234.5,0,EC
-1539.75,-1227,0,EC
-1776.75,-1215.5,0,EC
-1501.75,-1216.5,0,EC
-1642.25,-1210,0,EC
-1750.25,-1198.5,0,EC
-1499.25,-1197.5,0,EC
-1301.25,-1197,0,EC
-1807.75,-1193.5,0,EC
-1794.25,-1196.5,0,EC
-1775.75,-1195,0,EC
-1420.25,-1177.5,0,EC
-1799.25,-1182.5,0,EC
-1774.25,-1172.5,0,EC
-1810.75,-1180,0,EC
-1565.25,-1173,0,EC
-1406.75,-1170,0,EC
-2036.25,-1169.5,0,EC
-2055.75,-1164,0,EC
-1555.75,-1161.5,0,EC
-2049.25,-1144.5,0,EC
-1788.75,-1144.5,0,EC
-752.75,-1900.5,0,EC
-1001.75,-1880,0,EC
-642.75,-1857,0,EC
-1215.25,-1825.5,0,EC
-1192.75,-1819.5,0,EC
-594.75,-1817,0,EC
-565.25,-1795,0,EC
-476.75,-1735.5,0,EC
-1113.75,-1695.5,0,EC
-555.75,-1674,0,EC
-1157.25,-1677,0,EC
-1167.75,-1663,0,EC
-1125.25,-1657.5,0,EC
-584.25,-1660,0,EC
-1203.75,-1656.5,0,EC
-1240.75,-1608,0,EC
-1257.75,-1607,0,EC
-876.75,-1607.5,0,EC
-674.25,-1594,0,EC
-492.75,-1577,0,EC
-842.25,-1576,0,EC
-1131.25,-1567,0,EC
-1172.25,-1561,0,EC
-900.75,-1536,0,EC
-1164.75,-1529.5,0,EC
-1212.75,-1497.5,0,EC
-1185.25,-1479.5,0,EC
-538.25,-1480,0,EC
-1191.75,-1457.5,0,EC
-944.25,-1458.5,0,EC
-508.25,-1452.5,0,EC
-1113.25,-1450,0,EC
-931.75,-1450,0,EC
-1167.25,-1445.5,0,EC
-820.25,-1435.5,0,EC
-1091.75,-1426.5,0,EC
-1167.25,-1427,0,EC
-895.75,-1417.5,0,EC
-1264.75,-1412.5,0,EC
-1037.25,-1402,0,EC
-1023.25,-1391.5,0,EC
-1043.25,-1380.5,0,EC
-901.75,-1380.5,0,EC
-1030.75,-1360,0,EC
-1008.75,-1332,0,EC
-1024.75,-1336.5,0,EC
-1126.25,-1319,0,EC
-1102.75,-1326,0,EC
-1158.75,-1321.5,0,EC
-1043.25,-1324,0,EC
-1183.75,-1304.5,0,EC
-1101.25,-1299,0,EC
-1008.75,-1303,0,EC
-1030.75,-1299,0,EC
-514.75,-1301.5,0,EC
-1168.75,-1290,0,EC
-1073.75,-1286.5,0,EC
-1049.25,-1282,0,EC
-1017.75,-1281,0,EC
-1049.25,-1252,0,EC
-855.75,-1238,0,EC
-916.25,-1215,0,EC
-942.25,-1219.5,0,EC
-849.25,-1216.5,0,EC
-570.25,-1209,0,EC
-905.75,-1196,0,EC
-1040.75,-1190.5,0,EC
-977.75,-1171.5,0,EC
-912.75,-1171.5,0,EC
-902.25,-1152,0,EC
-1533.25,-2739.5,0,EC
-1802.75,-2728,0,EC
-1517.25,-2733.5,0,EC
-1355.25,-2710.5,0,EC
-1562.25,-2705,0,EC
-1528.25,-2704,0,EC
-1337.25,-2687.5,0,EC
-1484.25,-2689.5,0,EC
-1531.75,-2670.5,0,EC
-1500.25,-2669.5,0,EC
-1518.25,-2657,0,EC
-1454.75,-2637,0,EC
-1660.25,-2624,0,EC
-1399.75,-2618,0,EC
-1444.25,-2621,0,EC
-1384.25,-2612,0,EC
-1426.75,-2608.5,0,EC
-1674.25,-2602,0,EC
-1646.75,-2592,0,EC
-1409.75,-2599.5,0,EC
-1289.75,-2602,0,EC
-1696.75,-2590.5,0,EC
-1361.25,-2587,0,EC
-1337.25,-2582,0,EC
-1375.75,-2587,0,EC
-1296.25,-2578.5,0,EC
-1439.75,-2572,0,EC
-1583.75,-2560.5,0,EC
-1415.75,-2558,0,EC
-1269.25,-2559.5,0,EC
-1379.25,-2559.5,0,EC
-1332.75,-2557,0,EC
-1639.75,-2549,0,EC
-1522.75,-2552.5,0,EC
-1696.25,-2552.5,0,EC
-1437.75,-2549.5,0,EC
-1364.75,-2546.5,0,EC
-1268.75,-2542.5,0,EC
-1449.25,-2543.5,0,EC
-1303.75,-2534,0,EC
-1563.75,-2539.5,0,EC
-1326.75,-2531.5,0,EC
-1657.75,-2529.5,0,EC
-1591.75,-2516.5,0,EC
-1581.25,-2528,0,EC
-1536.75,-2525.5,0,EC
-1565.25,-2525,0,EC
-1429.25,-2524,0,EC
-1306.75,-2514,0,EC
-1576.75,-2502.5,0,EC
-1317.75,-2502,0,EC
-1671.75,-2428,0,EC
-1650.25,-2426.5,0,EC
-1664.75,-2402.5,0,EC
-1703.25,-2393,0,EC
-1683.25,-2393,0,EC
-1753.25,-2362,0,EC
-1690.75,-2345.5,0,EC
-1723.75,-2343,0,EC
-1764.25,-2341,0,EC
-1690.25,-2329.5,0,EC
-1838.75,-2325,0,EC
-1681.75,-2317,0,EC
-1761.25,-2315,0,EC
-1860.25,-2309,0,EC
-1821.75,-2305,0,EC
-1836.25,-2307.5,0,EC
-1703.75,-2303.5,0,EC
-1916.25,-2300,0,EC
-1939.75,-2287.5,0,EC
-1673.75,-2291,0,EC
-1827.25,-2284.5,0,EC
-1852.75,-2281.5,0,EC
-1498.25,-2282.5,0,EC
-1876.75,-2275.5,0,EC
-1563.75,-2268.5,0,EC
-1515.25,-2279,0,EC
-1523.25,-2257.5,0,EC
-1923.25,-2256,0,EC
-1958.25,-2257,0,EC
-1845.25,-2259.5,0,EC
-1541.75,-2255,0,EC
-1862.75,-2249,0,EC
-1900.25,-2249.5,0,EC
-1488.25,-2241.5,0,EC
-1884.25,-2238.5,0,EC
-1842.75,-2239.5,0,EC
-1830.25,-2239.5,0,EC
-1563.75,-2237,0,EC
-1477.75,-2230.5,0,EC
-1835.25,-2230,0,EC
-1593.25,-2216.5,0,EC
-1865.75,-2223.5,0,EC
-1570.75,-2221.5,0,EC
-1539.75,-2220.5,0,EC
-1847.25,-2214,0,EC
-1512.25,-2219,0,EC
-1470.25,-2205,0,EC
-1582.25,-2201,0,EC
-1547.25,-2202,0,EC
-1482.25,-2192,0,EC
-1596.75,-2192,0,EC
-1501.75,-2193.5,0,EC
-1537.75,-2190,0,EC
-2042.25,-2182,0,EC
-1529.25,-2174,0,EC
-1579.25,-2176,0,EC
-1488.25,-2177.5,0,EC
-1468.25,-2167,0,EC
-1554.75,-2169,0,EC
-2031.75,-2166,0,EC
-1837.75,-2173.5,0,EC
-2048.25,-2165,0,EC
-1523.75,-2153.5,0,EC
-1417.25,-2151.5,0,EC
-1466.25,-2149.5,0,EC
-1492.25,-2143.5,0,EC
-1397.25,-2142.5,0,EC
-1554.75,-2136,0,EC
-2037.25,-2140,0,EC
-1438.75,-2137.5,0,EC
-1529.25,-2140,0,EC
-1991.75,-2131.5,0,EC
-1523.75,-2126,0,EC
-1972.75,-2127,0,EC
-1374.75,-2125.5,0,EC
-1405.75,-2119,0,EC
-1476.25,-2118.5,0,EC
-1448.25,-2117,0,EC
-1502.25,-2116.5,0,EC
-1955.25,-2113,0,EC
-1527.75,-2096.5,0,EC
-1489.25,-2095,0,EC
-1457.75,-2105,0,EC
-1420.75,-2103,0,EC
-1443.25,-2098,0,EC
-1931.75,-2098.5,0,EC
-1371.25,-2101,0,EC
-1385.25,-2100,0,EC
-1516.25,-2098,0,EC
-1953.25,-2096,0,EC
-1466.75,-2089,0,EC
-1562.75,-2079.5,0,EC
-1407.75,-2088,0,EC
-1511.25,-2078,0,EC
-1374.25,-2081.5,0,EC
-1543.25,-2075,0,EC
-1487.75,-2072,0,EC
-1954.25,-2066.5,0,EC
-1922.75,-2068.5,0,EC
-1474.75,-2068,0,EC
-1354.25,-2065,0,EC
-1455.75,-2062.5,0,EC
-1476.75,-2049,0,EC
-1531.75,-2044.5,0,EC
-1364.75,-2050.5,0,EC
-1908.25,-2049,0,EC
-1458.75,-2047,0,EC
-1925.25,-2048.5,0,EC
-1502.75,-2043.5,0,EC
-1389.75,-2046,0,EC
-1957.25,-2039.5,0,EC
-1544.25,-2040.5,0,EC
-1555.75,-2028,0,EC
-1444.75,-2023,0,EC
-1400.75,-2032,0,EC
-1472.75,-2021.5,0,EC
-1384.75,-2028,0,EC
-2060.75,-2019.5,0,EC
-1536.25,-2019.5,0,EC
-1988.75,-2011,0,EC
-1966.75,-2012,0,EC
-2017.25,-2008.5,0,EC
-1510.25,-2001,0,EC
-1981.25,-1994.5,0,EC
-1470.25,-2000.5,0,EC
-1442.75,-1997.5,0,EC
-1731.25,-1994,0,EC
-2052.75,-1988,0,EC
-2005.25,-1981.5,0,EC
-1775.75,-1976.5,0,EC
-1989.25,-1969.5,0,EC
-2059.25,-1958,0,EC
-1294.25,-3241.5,0,EC
-1275.75,-3231.5,0,EC
-1297.75,-3214.5,0,EC
-1296.25,-3182,0,EC
-1316.25,-3150.5,0,EC
-1373.25,-3147.5,0,EC
-1398.25,-3148,0,EC
-1355.25,-3147.5,0,EC
-1388.25,-3139.5,0,EC
-1404.25,-3136.5,0,EC
-1363.75,-3131.5,0,EC
-1349.75,-3123,0,EC
-1391.25,-3123,0,EC
-1284.75,-3102,0,EC
-1412.75,-3102.5,0,EC
-1368.75,-3102,0,EC
-1343.75,-3101.5,0,EC
-1392.75,-3092,0,EC
-1278.75,-3084,0,EC
-1399.75,-3072,0,EC
-1389.75,-3071,0,EC
-1430.25,-3044.5,0,EC
-1551.75,-3007,0,EC
-1611.25,-2940.5,0,EC
-1644.25,-2905.5,0,EC
-1296.75,-2897,0,EC
-1312.25,-2897,0,EC
-1612.75,-2891,0,EC
-1660.75,-2870,0,EC
-1597.75,-2865.5,0,EC
-1395.75,-2759.5,0,EC
-1799.75,-2760,0,EC
-3242.25,-1124,0,EC
-2974.25,-1135.5,0,EC
-3017.75,-1130,0,EC
-2995.75,-1132,0,EC
-2941.75,-1130.5,0,EC
-3191.75,-1131,0,EC
-3038.25,-1117,0,EC
-3129.25,-1113,0,EC
-2996.25,-1107.5,0,EC
-2943.75,-1105,0,EC
-2971.25,-1107,0,EC
-3026.25,-1106,0,EC
-3141.75,-1097.5,0,EC
-3018.25,-1091.5,0,EC
-2958.25,-1084.5,0,EC
-2922.25,-1076.5,0,EC
-2968.75,-1073.5,0,EC
-3028.25,-1078,0,EC
-2898.75,-1073.5,0,EC
-2937.25,-1074.5,0,EC
-3013.75,-1064.5,0,EC
-3033.25,-1062.5,0,EC
-3000.25,-1056.5,0,EC
-2908.75,-1050.5,0,EC
-2923.25,-1051.5,0,EC
-3147.25,-1036,0,EC
-3470.75,-1034,0,EC
-2927.75,-1029.5,0,EC
-3497.25,-1021,0,EC
-2907.75,-1029,0,EC
-2948.25,-1022,0,EC
-3133.25,-1011.5,0,EC
-3430.75,-1000.5,0,EC
-3489.25,-975,0,EC
-3481.25,-961,0,EC
-2887.75,-955.5,0,EC
-2871.25,-930.5,0,EC
-2877.25,-889.5,0,EC
-3347.75,-878.5,0,EC
-2889.25,-844.5,0,EC
-2916.25,-836,0,EC
-2903.75,-828.5,0,EC
-2981.25,-814,0,EC
-3256.25,-806.5,0,EC
-2934.25,-807,0,EC
-3203.25,-798,0,EC
-2962.75,-797.5,0,EC
-3144.75,-795.5,0,EC
-3165.25,-796.5,0,EC
-2951.25,-789,0,EC
-2892.25,-789,0,EC
-3282.75,-792,0,EC
-3176.75,-786,0,EC
-2933.25,-785,0,EC
-3165.25,-778,0,EC
-2991.25,-774.5,0,EC
-3264.25,-779,0,EC
-3243.75,-778,0,EC
-3208.25,-778,0,EC
-3272.25,-768.5,0,EC
-3231.25,-767,0,EC
-2937.25,-768,0,EC
-2895.75,-762.5,0,EC
-3190.75,-766,0,EC
-2953.25,-764.5,0,EC
-3252.75,-757,0,EC
-2927.75,-757.5,0,EC
-2969.25,-758.5,0,EC
-3335.25,-755.5,0,EC
-3538.25,-749.5,0,EC
-3197.25,-745,0,EC
-3175.75,-750,0,EC
-2988.25,-750,0,EC
-3349.75,-735,0,EC
-2960.25,-737.5,0,EC
-3388.25,-723,0,EC
-3206.25,-725,0,EC
-3221.25,-727,0,EC
-2890.25,-716.5,0,EC
-3376.25,-709.5,0,EC
-3016.25,-687,0,EC
-2936.25,-686.5,0,EC
-3406.25,-683,0,EC
-3375.75,-677,0,EC
-2916.25,-679,0,EC
-3040.75,-670,0,EC
-2981.25,-662.5,0,EC
-2996.25,-667,0,EC
-3055.75,-658.5,0,EC
-2916.75,-654.5,0,EC
-3008.25,-651.5,0,EC
-2961.25,-654,0,EC
-2944.75,-652,0,EC
-3281.75,-644.5,0,EC
-3251.25,-640,0,EC
-3034.75,-642,0,EC
-2981.25,-639,0,EC
-3084.25,-634,0,EC
-3190.25,-636,0,EC
-2938.75,-636.5,0,EC
-2992.75,-627.5,0,EC
-2907.75,-626,0,EC
-3312.75,-624,0,EC
-3278.25,-627,0,EC
-2927.25,-617.5,0,EC
-3293.25,-620.5,0,EC
-3203.75,-616,0,EC
-2879.75,-617.5,0,EC
-2976.75,-610.5,0,EC
-3083.25,-613,0,EC
-2953.25,-610,0,EC
-3184.25,-614.5,0,EC
-2913.25,-607.5,0,EC
-2943.25,-599,0,EC
-3210.75,-600,0,EC
-2869.25,-596.5,0,EC
-3289.75,-597.5,0,EC
-3081.25,-593,0,EC
-3369.75,-593.5,0,EC
-2984.75,-591,0,EC
-2887.25,-583,0,EC
-2921.75,-582,0,EC
-3312.75,-582,0,EC
-3225.25,-581,0,EC
-3051.75,-580.5,0,EC
-3292.25,-578.5,0,EC
-3331.25,-577,0,EC
-3374.75,-573,0,EC
-3082.25,-571,0,EC
-3068.25,-563.5,0,EC
-3280.25,-555,0,EC
-3345.75,-563.5,0,EC
-2907.75,-562.5,0,EC
-2874.75,-564,0,EC
-3046.25,-562.5,0,EC
-2891.25,-547,0,EC
-3320.75,-557.5,0,EC
-3336.25,-542.5,0,EC
-3069.75,-540,0,EC
-2930.75,-542,0,EC
-2873.75,-539.5,0,EC
-3308.75,-535,0,EC
-2909.75,-538.5,0,EC
-3353.25,-522.5,0,EC
-3063.25,-522.5,0,EC
-3272.75,-524.5,0,EC
-3292.25,-524.5,0,EC
-2906.75,-521.5,0,EC
-3154.75,-517.5,0,EC
-3135.75,-518,0,EC
-3169.75,-513.5,0,EC
-3400.75,-508,0,EC
-2923.75,-508,0,EC
-3321.75,-503.5,0,EC
-2898.25,-503,0,EC
-3264.25,-497.5,0,EC
-3131.25,-496.5,0,EC
-3372.75,-495,0,EC
-3309.25,-487,0,EC
-3098.25,-492,0,EC
-3350.75,-492,0,EC
-3283.75,-483.5,0,EC
-2873.75,-488,0,EC
-3335.25,-481,0,EC
-2908.25,-471.5,0,EC
-2890.75,-488.5,0,EC
-3119.75,-487.5,0,EC
-3137.75,-487,0,EC
-2926.75,-483.5,0,EC
-3105.75,-476,0,EC
-3257.75,-469,0,EC
-3357.75,-464,0,EC
-3309.75,-468.5,0,EC
-2876.25,-466.5,0,EC
-2939.75,-465,0,EC
-3281.25,-451,0,EC
-3327.25,-455.5,0,EC
-2927.75,-453.5,0,EC
-2887.25,-450,0,EC
-3338.25,-438,0,EC
-3363.75,-432,0,EC
-3316.75,-428.5,0,EC
-3294.25,-430,0,EC
-3273.25,-414,0,EC
-3343.75,-411.5,0,EC
-3300.75,-403.5,0,EC
-3332.75,-398.5,0,EC
-3269.75,-380.5,0,EC
-3320.25,-377,0,EC
-3253.25,-370.5,0,EC
-3275.75,-357,0,EC
-3315.25,-349.5,0,EC
-3202.75,-348.5,0,EC
-818.75,-3492.5,0,EC
-741.25,-3482.5,0,EC
-738.25,-3465,0,EC
-837.75,-3457,0,EC
-897.25,-3451.5,0,EC
-751.75,-3456,0,EC
-816.75,-3450.5,0,EC
-722.25,-3448.5,0,EC
-857.75,-3445.5,0,EC
-949.75,-3444,0,EC
-918.75,-3440,0,EC
-1026.25,-3438.5,0,EC
-891.25,-3433.5,0,EC
-973.25,-3428,0,EC
-1005.25,-3424,0,EC
-473.75,-3422.5,0,EC
-867.25,-3416.5,0,EC
-546.25,-3393.5,0,EC
-475.75,-3398,0,EC
-493.25,-3390.5,0,EC
-476.25,-3368,0,EC
-1099.75,-3360.5,0,EC
-1080.25,-3341.5,0,EC
-996.25,-3336,0,EC
-903.75,-3326.5,0,EC
-1055.25,-3327,0,EC
-1116.75,-3323,0,EC
-1019.25,-3317.5,0,EC
-892.25,-3318,0,EC
-1041.25,-3306,0,EC
-922.75,-3303,0,EC
-1091.75,-3304.5,0,EC
-1170.75,-3296.5,0,EC
-1062.25,-3297,0,EC
-1147.25,-3291,0,EC
-1090.25,-3282.5,0,EC
-1166.75,-3273.5,0,EC
-1119.25,-3274.5,0,EC
-1063.25,-3276.5,0,EC
-1243.25,-3270,0,EC
-1075.75,-3268.5,0,EC
-1224.25,-3263.5,0,EC
-1031.25,-3266.5,0,EC
-1136.75,-3265,0,EC
-1106.25,-3260,0,EC
-1250.25,-3257.5,0,EC
-1210.25,-3251,0,EC
-1053.75,-3251.5,0,EC
-1151.25,-3252,0,EC
-1077.25,-3248,0,EC
-1228.75,-3244,0,EC
-1101.75,-3235,0,EC
-1151.75,-3234.5,0,EC
-1180.75,-3226,0,EC
-1126.75,-3235.5,0,EC
-1194.25,-3234,0,EC
-1053.75,-3228,0,EC
-768.25,-3228,0,EC
-1226.25,-3221,0,EC
-754.25,-3227.5,0,EC
-1245.75,-3221,0,EC
-1201.75,-3221.5,0,EC
-1129.75,-3209,0,EC
-1149.25,-3216,0,EC
-735.75,-3215,0,EC
-1087.75,-3213.5,0,EC
-1261.75,-3196,0,EC
-1048.25,-3201.5,0,EC
-1208.75,-3200.5,0,EC
-1104.25,-3196.5,0,EC
-1083.25,-3195,0,EC
-1192.25,-3190,0,EC
-810.25,-3194.5,0,EC
-1224.75,-3186,0,EC
-490.25,-3186,0,EC
-1155.25,-3183.5,0,EC
-1070.75,-3177,0,EC
-816.75,-3175.5,0,EC
-1242.25,-3173.5,0,EC
-517.75,-3168.5,0,EC
-1101.75,-3153.5,0,EC
-1249.25,-3155,0,EC
-1063.75,-3150.5,0,EC
-549.25,-3144.5,0,EC
-525.25,-3146.5,0,EC
-1156.75,-3138.5,0,EC
-1077.25,-3140.5,0,EC
-1110.25,-3132.5,0,EC
-1090.75,-3128,0,EC
-632.25,-3123.5,0,EC
-1187.75,-3119.5,0,EC
-1069.25,-3120,0,EC
-1094.25,-3114.5,0,EC
-1112.75,-3112.5,0,EC
-634.25,-3107,0,EC
-1247.75,-3100.5,0,EC
-699.25,-3100,0,EC
-1211.25,-3100,0,EC
-617.75,-3088,0,EC
-1083.75,-3092.5,0,EC
-1221.25,-3073.5,0,EC
-1202.75,-3063,0,EC
-1228.25,-3055,0,EC
-1181.75,-3063,0,EC
-1160.75,-3043,0,EC
-1186.75,-3035.5,0,EC
-904.75,-3039.5,0,EC
-1139.25,-3031.5,0,EC
-618.75,-3026.5,0,EC
-1127.75,-3009,0,EC
-867.25,-3000,0,EC
-486.25,-3003.5,0,EC
-615.75,-3003.5,0,EC
-1118.75,-2991.5,0,EC
-1193.25,-2985,0,EC
-1228.25,-2971.5,0,EC
-887.25,-2966.5,0,EC
-1205.75,-2960.5,0,EC
-1166.75,-2956.5,0,EC
-1253.25,-2954,0,EC
-1184.25,-2945.5,0,EC
-1224.25,-2947,0,EC
-508.25,-2922,0,EC
-599.25,-2914,0,EC
-513.75,-2905,0,EC
-597.25,-2899.5,0,EC
-611.75,-2893.5,0,EC
-644.25,-2887.5,0,EC
-532.25,-2885,0,EC
-620.25,-2871.5,0,EC
-581.25,-2866.5,0,EC
-543.75,-2869,0,EC
-504.75,-2863,0,EC
-525.75,-2864.5,0,EC
-558.75,-2854.5,0,EC
-859.75,-2852.5,0,EC
-606.25,-2850,0,EC
-776.25,-2831.5,0,EC
-500.25,-2846,0,EC
-794.75,-2842.5,0,EC
-661.75,-2845.5,0,EC
-628.75,-2842,0,EC
-536.75,-2843.5,0,EC
-488.25,-2838.5,0,EC
-512.25,-2829.5,0,EC
-592.25,-2833,0,EC
-559.25,-2832.5,0,EC
-533.75,-2829.5,0,EC
-1021.75,-2818.5,0,EC
-475.75,-2814.5,0,EC
-622.25,-2820,0,EC
-525.25,-2820.5,0,EC
-544.75,-2821.5,0,EC
-604.25,-2812,0,EC
-523.25,-2805.5,0,EC
-496.25,-2790.5,0,EC
-605.75,-2799,0,EC
-796.25,-2799,0,EC
-1024.25,-2790,0,EC
-1113.75,-2788.5,0,EC
-583.75,-2784,0,EC
-1145.25,-2786,0,EC
-932.25,-2786.5,0,EC
-569.75,-2790,0,EC
-1011.25,-2767.5,0,EC
-1061.75,-2780,0,EC
-606.25,-2779,0,EC
-474.25,-2776,0,EC
-1134.75,-2766.5,0,EC
-1063.25,-2764,0,EC
-568.25,-2768.5,0,EC
-498.75,-2763,0,EC
-1035.25,-2764.5,0,EC
-554.25,-2763.5,0,EC
-606.25,-2759,0,EC
-1100.75,-2755.5,0,EC
-589.75,-2754,0,EC
-471.75,-2759.5,0,EC
-1044.25,-2753.5,0,EC
-569.25,-2756,0,EC
-1124.25,-2749,0,EC
-1074.75,-2745,0,EC
-2324.25,-1141.5,0,EC
-2606.75,-1133.5,0,EC
-2514.75,-1142,0,EC
-2540.75,-1139.5,0,EC
-2294.75,-1133,0,EC
-2666.25,-1139,0,EC
-2339.25,-1137.5,0,EC
-2446.25,-1138,0,EC
-2433.25,-1136,0,EC
-2087.25,-1139,0,EC
-2265.75,-1134.5,0,EC
-2248.25,-1129,0,EC
-2143.75,-1129,0,EC
-2572.75,-1120,0,EC
-2406.75,-1120.5,0,EC
-2213.25,-1123,0,EC
-2524.25,-1121.5,0,EC
-2457.25,-1127,0,EC
-2114.75,-1124,0,EC
-2356.75,-1121,0,EC
-2809.75,-1121,0,EC
-2228.25,-1115.5,0,EC
-2542.75,-1107.5,0,EC
-2331.25,-1106.5,0,EC
-2302.25,-1114.5,0,EC
-2273.75,-1113.5,0,EC
-2802.25,-1099,0,EC
-2432.25,-1103,0,EC
-2245.75,-1110.5,0,EC
-2389.25,-1110,0,EC
-2367.75,-1109,0,EC
-2830.25,-1099,0,EC
-2520.75,-1098,0,EC
-2612.25,-1092.5,0,EC
-2863.75,-1097,0,EC
-2394.75,-1092.5,0,EC
-2356.25,-1086,0,EC
-2585.25,-1089.5,0,EC
-2569.25,-1081,0,EC
-2328.75,-1077,0,EC
-2500.75,-1085,0,EC
-2533.75,-1080.5,0,EC
-2418.75,-1083.5,0,EC
-2470.75,-1078,0,EC
-2546.75,-1077,0,EC
-2858.75,-1073.5,0,EC
-2824.75,-1060,0,EC
-2409.25,-1068.5,0,EC
-2175.25,-1073,0,EC
-2433.75,-1067,0,EC
-2076.25,-1071.5,0,EC
-2386.25,-1067,0,EC
-2145.25,-1061,0,EC
-2544.25,-1059,0,EC
-2480.25,-1066,0,EC
-2592.75,-1064,0,EC
-2569.75,-1055.5,0,EC
-2395.75,-1057.5,0,EC
-2352.25,-1055.5,0,EC
-2482.25,-1052,0,EC
-2600.25,-1052.5,0,EC
-2437.25,-1044,0,EC
-2413.75,-1051.5,0,EC
-2137.25,-1048,0,EC
-2313.75,-1049,0,EC
-2395.25,-1041,0,EC
-2501.75,-1038,0,EC
-2576.25,-1036.5,0,EC
-2527.25,-1030,0,EC
-2149.75,-1033,0,EC
-2595.75,-1029,0,EC
-2310.75,-1032.5,0,EC
-2408.25,-1026,0,EC
-2463.25,-1015.5,0,EC
-2485.25,-1015.5,0,EC
-2169.25,-1018,0,EC
-2665.25,-1013.5,0,EC
-2581.25,-1019,0,EC
-2350.75,-1025,0,EC
-2429.25,-1018.5,0,EC
-2622.75,-1013.5,0,EC
-2547.25,-1016.5,0,EC
-2311.25,-1015.5,0,EC
-2709.75,-997,0,EC
-2606.25,-1015,0,EC
-2689.75,-997.5,0,EC
-2594.75,-1005.5,0,EC
-2424.25,-998.5,0,EC
-2572.25,-997.5,0,EC
-2555.75,-986.5,0,EC
-2180.75,-998.5,0,EC
-2406.75,-996.5,0,EC
-2224.25,-994,0,EC
-2168.75,-988.5,0,EC
-2526.75,-987,0,EC
-2482.25,-981,0,EC
-2232.25,-977.5,0,EC
-2625.25,-981.5,0,EC
-2544.75,-977,0,EC
-2582.75,-977,0,EC
-2190.25,-976.5,0,EC
-2502.75,-980.5,0,EC
-2083.75,-973,0,EC
-2658.25,-973,0,EC
-2451.75,-968.5,0,EC
-2167.75,-972.5,0,EC
-2266.25,-959,0,EC
-2201.25,-966.5,0,EC
-2638.25,-965.5,0,EC
-2687.25,-961.5,0,EC
-2554.25,-962.5,0,EC
-2493.25,-959,0,EC
-2707.75,-954.5,0,EC
-2471.75,-960.5,0,EC
-2183.75,-958.5,0,EC
-2788.75,-959,0,EC
-2236.75,-958,0,EC
-2541.75,-948.5,0,EC
-2854.75,-951.5,0,EC
-2660.75,-952.5,0,EC
-2570.75,-947,0,EC
-2606.25,-951.5,0,EC
-2215.25,-946,0,EC
-2772.25,-938,0,EC
-2667.25,-935,0,EC
-2518.75,-941,0,EC
-2692.75,-941,0,EC
-2496.25,-938,0,EC
-2468.75,-935,0,EC
-2787.25,-931,0,EC
-2599.75,-935.5,0,EC
-2246.75,-934,0,EC
-2562.25,-927.5,0,EC
-2847.25,-928.5,0,EC
-2580.25,-927.5,0,EC
-2226.75,-921.5,0,EC
-2773.25,-918.5,0,EC
-2544.25,-921.5,0,EC
-2751.75,-918,0,EC
-2460.75,-908.5,0,EC
-2485.25,-915.5,0,EC
-2569.75,-912.5,0,EC
-2598.75,-906.5,0,EC
-2745.25,-903,0,EC
-2200.75,-899.5,0,EC
-2856.75,-895,0,EC
-2768.25,-901.5,0,EC
-2580.25,-901.5,0,EC
-2088.75,-892.5,0,EC
-2487.25,-891,0,EC
-2590.25,-888,0,EC
-2784.75,-883.5,0,EC
-2601.75,-888,0,EC
-2564.25,-879,0,EC
-2240.75,-882,0,EC
-2462.25,-880,0,EC
-2760.75,-875,0,EC
-2162.25,-882,0,EC
-2212.75,-877,0,EC
-2596.25,-875,0,EC
-2181.75,-872.5,0,EC
-2260.75,-854.5,0,EC
-2143.75,-848,0,EC
-2208.25,-841,0,EC
-2180.75,-844.5,0,EC
-2124.75,-836.5,0,EC
-2181.75,-828.5,0,EC
-2789.25,-819.5,0,EC
-2125.25,-826.5,0,EC
-2829.25,-812.5,0,EC
-2435.25,-812.5,0,EC
-2483.75,-807.5,0,EC
-2090.25,-800,0,EC
-2497.25,-801.5,0,EC
-2392.25,-803,0,EC
-2475.25,-795,0,EC
-2451.75,-794,0,EC
-2423.75,-792.5,0,EC
-2840.25,-792,0,EC
-2409.25,-786,0,EC
-2501.25,-783.5,0,EC
-2397.25,-780,0,EC
-2482.25,-778,0,EC
-2380.25,-780.5,0,EC
-2833.25,-771.5,0,EC
-2446.75,-766,0,EC
-2547.75,-768,0,EC
-2364.75,-768.5,0,EC
-2384.25,-762,0,EC
-2502.75,-764,0,EC
-2669.75,-760.5,0,EC
-2797.25,-758.5,0,EC
-2258.75,-753.5,0,EC
-2473.75,-757,0,EC
-2558.25,-754,0,EC
-2462.25,-747.5,0,EC
-2847.75,-754,0,EC
-2834.25,-747.5,0,EC
-2440.75,-743.5,0,EC
-2492.75,-745,0,EC
-2811.75,-743.5,0,EC
-2775.25,-745,0,EC
-2365.25,-742.5,0,EC
-2521.25,-741.5,0,EC
-2858.75,-736.5,0,EC
-2262.75,-735.5,0,EC
-2565.75,-735,0,EC
-2544.25,-735.5,0,EC
-2330.75,-731.5,0,EC
-2844.75,-724.5,0,EC
-2287.25,-728,0,EC
-2237.25,-726.5,0,EC
-2507.25,-729,0,EC
-2297.75,-720,0,EC
-2823.25,-722.5,0,EC
-2809.75,-710.5,0,EC
-2478.25,-705,0,EC
-2833.75,-699.5,0,EC
-2461.75,-692.5,0,EC
-2805.75,-690,0,EC
-2817.25,-684,0,EC
-2500.25,-682,0,EC
-2857.25,-683.5,0,EC
-2837.25,-678,0,EC
-2476.75,-671,0,EC
-2827.75,-665,0,EC
-2488.75,-648.5,0,EC
-2537.25,-660.5,0,EC
-2407.25,-660.5,0,EC
-2519.25,-659.5,0,EC
-2236.75,-661,0,EC
-2807.25,-647,0,EC
-2446.75,-641,0,EC
-2841.25,-625.5,0,EC
-2850.75,-609,0,EC
-2345.75,-609.5,0,EC
-2365.25,-612.5,0,EC
-2815.25,-600.5,0,EC
-2349.25,-592,0,EC
-2255.75,-592,0,EC
-2374.75,-590.5,0,EC
-2826.25,-583.5,0,EC
-2838.25,-573,0,EC
-2220.25,-577.5,0,EC
-2360.25,-577,0,EC
-2331.25,-569.5,0,EC
-2865.75,-568,0,EC
-2388.75,-569,0,EC
-2815.25,-564.5,0,EC
-2253.75,-563.5,0,EC
-2197.75,-562,0,EC
-2233.25,-558,0,EC
-2355.25,-559,0,EC
-2845.75,-558.5,0,EC
-2207.75,-555.5,0,EC
-2811.75,-545,0,EC
-2183.75,-554,0,EC
-2366.25,-540,0,EC
-2137.75,-543,0,EC
-2200.75,-545,0,EC
-2231.75,-541,0,EC
-2843.25,-537,0,EC
-2804.25,-528,0,EC
-2182.25,-537,0,EC
-2168.75,-533,0,EC
-2782.25,-533.5,0,EC
-2145.75,-530.5,0,EC
-2200.75,-526.5,0,EC
-2829.25,-523,0,EC
-2740.75,-518.5,0,EC
-2678.75,-511,0,EC
-2230.75,-520,0,EC
-2390.75,-514.5,0,EC
-2792.75,-509,0,EC
-2406.75,-513.5,0,EC
-2838.75,-507.5,0,EC
-2213.75,-503,0,EC
-2149.75,-504.5,0,EC
-2819.75,-494.5,0,EC
-2401.25,-493.5,0,EC
-2186.75,-496.5,0,EC
-2237.75,-494.5,0,EC
-2854.75,-491.5,0,EC
-2704.25,-483,0,EC
-2805.75,-489.5,0,EC
-2785.75,-483.5,0,EC
-2227.75,-483,0,EC
-2652.75,-479.5,0,EC
-2832.25,-471.5,0,EC
-2167.75,-477.5,0,EC
-2183.75,-478.5,0,EC
-2681.75,-475.5,0,EC
-2449.25,-478,0,EC
-2251.75,-474,0,EC
-2464.75,-475.5,0,EC
-2203.25,-473,0,EC
-2755.75,-471.5,0,EC
-2436.75,-469,0,EC
-2737.25,-466,0,EC
-2800.25,-467,0,EC
-2785.25,-464,0,EC
-2710.25,-462.5,0,EC
-2191.25,-464.5,0,EC
-2175.75,-460.5,0,EC
-2485.25,-459.5,0,EC
-2697.75,-460.5,0,EC
-2264.25,-458.5,0,EC
-2240.25,-460,0,EC
-2457.25,-457,0,EC
-2811.25,-447.5,0,EC
-2752.25,-454.5,0,EC
-2285.75,-454.5,0,EC
-2225.75,-456.5,0,EC
-2771.25,-451,0,EC
-2243.25,-447.5,0,EC
-2629.75,-449.5,0,EC
-2272.25,-443.5,0,EC
-2646.25,-438,0,EC
-2728.25,-443,0,EC
-2838.25,-439.5,0,EC
-2474.25,-443,0,EC
-2408.25,-441,0,EC
-2749.75,-442.5,0,EC
-2433.75,-438,0,EC
-2211.75,-440,0,EC
-2454.75,-430.5,0,EC
-2354.75,-430.5,0,EC
-2285.25,-435.5,0,EC
-2762.75,-432,0,EC
-2575.75,-433.5,0,EC
-2337.25,-433.5,0,EC
-2627.25,-424.5,0,EC
-2168.25,-424.5,0,EC
-2415.25,-422.5,0,EC
-2201.75,-421,0,EC
-2305.75,-410,0,EC
-2189.75,-417.5,0,EC
-2425.25,-403.5,0,EC
-2292.25,-415,0,EC
-2276.25,-415.5,0,EC
-2344.25,-403,0,EC
-2402.75,-411,0,EC
-2644.25,-399,0,EC
-2607.25,-403,0,EC
-2281.25,-398.5,0,EC
-2412.25,-397.5,0,EC
-2398.25,-396,0,EC
-2282.25,-383.5,0,EC
-2164.25,-386,0,EC
-2411.75,-380,0,EC
-2313.75,-382.5,0,EC
-2360.25,-383.5,0,EC
-2446.25,-383,0,EC
-2081.75,-380.5,0,EC
-2607.75,-383.5,0,EC
-2379.25,-383.5,0,EC
-2341.75,-371,0,EC
-2188.75,-379,0,EC
-2178.25,-376,0,EC
-2108.75,-375,0,EC
-2656.75,-369,0,EC
-2598.75,-370,0,EC
-2626.25,-365,0,EC
-2434.25,-368,0,EC
-2397.75,-366,0,EC
-2071.25,-365,0,EC
-2115.25,-366,0,EC
-2383.75,-350.5,0,EC
-2096.25,-358.5,0,EC
-2330.75,-353,0,EC
-2189.75,-358,0,EC
-2614.75,-349.5,0,EC
-2177.75,-357,0,EC
-2656.25,-349.5,0,EC
-2148.75,-351.5,0,EC
-2589.25,-344.5,0,EC
-2412.75,-346,0,EC
-280.75,-1125.5,0,EC
-10.75,-1111,0,EC
-361.75,-1099,0,EC
-174.25,-1108,0,EC
3.25,-1108.5,0,EC
-7.75,-1100,0,EC
-110.75,-1087,0,EC
-192.25,-1092.5,0,EC
6.25,-1091,0,EC
-383.75,-1086.5,0,EC
-159.25,-1082,0,EC
-183.75,-1075.5,0,EC
-204.75,-1075.5,0,EC
-133.75,-1073.5,0,EC
-363.25,-1077,0,EC
172.75,-1071.5,0,EC
-448.25,-1062,0,EC
-157.25,-1055.5,0,EC
-336.75,-1056.5,0,EC
-269.25,-1055,0,EC
-207.25,-1051.5,0,EC
171.25,-1053,0,EC
-255.25,-1045.5,0,EC
-308.75,-1041.5,0,EC
105.75,-1019,0,EC
-96.25,-1022,0,EC
55.75,-1026,0,EC
-87.75,-985,0,EC
57.25,-985.5,0,EC
93.25,-976.5,0,EC
41.25,-961.5,0,EC
-55.75,-964,0,EC
61.75,-971,0,EC
139.75,-966.5,0,EC
70.25,-953.5,0,EC
18.75,-942.5,0,EC
140.25,-942.5,0,EC
-321.25,-939,0,EC
98.25,-932,0,EC
175.25,-932,0,EC
252.75,-924,0,EC
-329.25,-920,0,EC
-60.75,-914.5,0,EC
129.75,-912.5,0,EC
-282.25,-894,0,EC
-309.25,-900.5,0,EC
-266.75,-889,0,EC
-187.75,-881,0,EC
304.75,-879,0,EC
-259.25,-870.5,0,EC
-32.75,-873.5,0,EC
-465.75,-861.5,0,EC
-29.25,-858,0,EC
-11.25,-860,0,EC
-225.75,-840.5,0,EC
-437.25,-840.5,0,EC
15.75,-835,0,EC
260.75,-839.5,0,EC
-4.25,-829,0,EC
-52.25,-827,0,EC
328.25,-833,0,EC
8.25,-818,0,EC
143.75,-822.5,0,EC
-17.75,-812,0,EC
66.75,-800,0,EC
311.25,-795,0,EC
-9.25,-797,0,EC
-416.75,-774,0,EC
41.25,-772.5,0,EC
308.25,-771,0,EC
-404.75,-760,0,EC
-225.75,-750,0,EC
87.75,-749,0,EC
-381.25,-746.5,0,EC
-436.25,-731,0,EC
-310.25,-731,0,EC
-365.75,-729,0,EC
-224.25,-725.5,0,EC
-194.25,-718,0,EC
35.75,-706.5,0,EC
-339.25,-708.5,0,EC
240.75,-664.5,0,EC
265.25,-663,0,EC
233.75,-648.5,0,EC
183.25,-642,0,EC
213.25,-640.5,0,EC
-195.25,-630,0,EC
144.25,-630,0,EC
304.75,-618,0,EC
-107.75,-608.5,0,EC
-17.75,-598,0,EC
-225.25,-539,0,EC
-105.75,-536,0,EC
-58.75,-535,0,EC
-359.75,-536,0,EC
-84.25,-533,0,EC
-374.25,-511.5,0,EC
-41.75,-505.5,0,EC
195.75,-485,0,EC
133.75,-481.5,0,EC
274.25,-473.5,0,EC
287.75,-472.5,0,EC
130.25,-467.5,0,EC
259.25,-463,0,EC
143.25,-460,0,EC
-26.75,-448,0,EC
-1.25,-437,0,EC
182.75,-436.5,0,EC
64.25,-431.5,0,EC
81.75,-415,0,EC
196.25,-410.5,0,EC
222.75,-407.5,0,EC
165.75,-400,0,EC
-286.25,-393.5,0,EC
119.75,-386,0,EC
325.25,-384,0,EC
164.75,-379.5,0,EC
208.75,-370,0,EC
225.75,-362.5,0,EC
318.25,-356,0,EC
100.25,-353.5,0,EC
1457.25,-2548.5,0,EC
1513.25,-2534,0,EC
1342.75,-2532.5,0,EC
1536.25,-2529.5,0,EC
1461.75,-2527,0,EC
1488.75,-2527.5,0,EC
1364.25,-2518,0,EC
1258.25,-2506,0,EC
1428.75,-2515,0,EC
1326.25,-2508,0,EC
1444.75,-2509.5,0,EC
1506.25,-2503,0,EC
1204.75,-2497,0,EC
1242.75,-2499,0,EC
1354.25,-2497,0,EC
1476.25,-2494,0,EC
1232.75,-2489,0,EC
1455.75,-2493,0,EC
1219.25,-2482,0,EC
1254.25,-2478,0,EC
1518.25,-2475,0,EC
1629.75,-2474.5,0,EC
1477.25,-2475,0,EC
1484.25,-2463,0,EC
1654.25,-2455.5,0,EC
1536.75,-2447,0,EC
1559.25,-2452.5,0,EC
1236.25,-2432,0,EC
1485.25,-2423,0,EC
1243.75,-2421,0,EC
1249.25,-2402,0,EC
1626.25,-2404,0,EC
1237.75,-2384,0,EC
1349.25,-2365.5,0,EC
1357.25,-2333.5,0,EC
1373.75,-2330,0,EC
1333.75,-2294.5,0,EC
1355.25,-2284.5,0,EC
1292.25,-2261.5,0,EC
1415.25,-2267,0,EC
1334.25,-2261,0,EC
1305.75,-2238,0,EC
1589.25,-2220.5,0,EC
1427.25,-2209,0,EC
1512.25,-2211.5,0,EC
1360.25,-2196.5,0,EC
1169.25,-2182.5,0,EC
1477.25,-2186.5,0,EC
1454.75,-2169,0,EC
1143.25,-2158.5,0,EC
1589.25,-2163,0,EC
1478.25,-2148,0,EC
1230.25,-2132.5,0,EC
1588.25,-2120,0,EC
1451.25,-2117,0,EC
1483.75,-2114,0,EC
1299.25,-2109.5,0,EC
1222.25,-2093,0,EC
1770.25,-2096.5,0,EC
1334.25,-2095.5,0,EC
1461.75,-2090.5,0,EC
1179.25,-2074.5,0,EC
1576.25,-2056.5,0,EC
1512.75,-2052,0,EC
1353.75,-2037.5,0,EC
1486.25,-2032.5,0,EC
1209.75,-2026.5,0,EC
1244.25,-2018,0,EC
1614.75,-2009.5,0,EC
1248.25,-1999,0,EC
1298.25,-1988.5,0,EC
1526.75,-1962,0,EC
1480.75,-1967,0,EC
1437.75,-1949.5,0,EC
-558.25,-2734.5,0,EC
-1125.25,-2734.5,0,EC
-582.75,-2728,0,EC
-1074.75,-2723.5,0,EC
-903.75,-2724.5,0,EC
-1197.75,-2716.5,0,EC
-1017.25,-2712,0,EC
-601.25,-2709.5,0,EC
-1087.75,-2703,0,EC
-1043.75,-2705.5,0,EC
-561.25,-2693,0,EC
-1028.25,-2699,0,EC
-941.75,-2701.5,0,EC
-1117.25,-2693.5,0,EC
-579.75,-2691.5,0,EC
-1019.25,-2689.5,0,EC
-1046.75,-2686,0,EC
-1080.75,-2676,0,EC
-1132.25,-2670,0,EC
-1105.75,-2671,0,EC
-752.25,-2671.5,0,EC
-1015.75,-2666.5,0,EC
-1072.25,-2665.5,0,EC
-1034.25,-2665,0,EC
-706.75,-2661,0,EC
-1050.25,-2648,0,EC
-1093.75,-2648.5,0,EC
-744.25,-2645,0,EC
-593.75,-2651.5,0,EC
-724.75,-2644.5,0,EC
-1129.25,-2637,0,EC
-1000.25,-2640.5,0,EC
-1028.25,-2639.5,0,EC
-518.25,-2634,0,EC
-1105.25,-2622,0,EC
-1017.25,-2627.5,0,EC
-759.25,-2622.5,0,EC
-733.25,-2626,0,EC
-478.75,-2626.5,0,EC
-1057.75,-2629,0,EC
-715.75,-2626.5,0,EC
-996.25,-2618.5,0,EC
-793.75,-2620,0,EC
-1046.25,-2614,0,EC
-1067.25,-2609.5,0,EC
-505.75,-2602.5,0,EC
-1108.75,-2597,0,EC
-781.25,-2594.5,0,EC
-481.25,-2605,0,EC
-608.25,-2600.5,0,EC
-1259.75,-2593,0,EC
-1090.75,-2596.5,0,EC
-525.25,-2596,0,EC
-473.25,-2594,0,EC
-1041.25,-2581.5,0,EC
-594.25,-2584.5,0,EC
-1068.25,-2579,0,EC
-501.25,-2572.5,0,EC
-752.75,-2584,0,EC
-686.75,-2576.5,0,EC
-856.75,-2573.5,0,EC
-778.75,-2573,0,EC
-1093.25,-2564,0,EC
-706.25,-2565.5,0,EC
-670.75,-2565,0,EC
-645.25,-2558.5,0,EC
-590.25,-2565.5,0,EC
-764.75,-2562.5,0,EC
-1073.75,-2561,0,EC
-1037.25,-2554.5,0,EC
-490.75,-2559,0,EC
-1245.75,-2557.5,0,EC
-797.25,-2556,0,EC
-696.25,-2555,0,EC
-635.75,-2550.5,0,EC
-676.75,-2548.5,0,EC
-1065.75,-2540.5,0,EC
-945.25,-2543.5,0,EC
-760.75,-2539,0,EC
-793.75,-2537.5,0,EC
-699.25,-2531.5,0,EC
-677.25,-2536.5,0,EC
-510.75,-2527,0,EC
-740.25,-2527.5,0,EC
-645.25,-2528,0,EC
-663.25,-2524,0,EC
-541.75,-2525,0,EC
-1067.75,-2517.5,0,EC
-684.25,-2512.5,0,EC
-491.75,-2516.5,0,EC
-730.75,-2518.5,0,EC
-551.75,-2510,0,EC
-653.25,-2509.5,0,EC
-1093.75,-2505.5,0,EC
-1044.25,-2496,0,EC
-1020.25,-2506.5,0,EC
-567.75,-2503.5,0,EC
-533.25,-2492.5,0,EC
-751.75,-2505.5,0,EC
-504.75,-2501.5,0,EC
-1073.75,-2490.5,0,EC
-796.25,-2495,0,EC
-674.25,-2495,0,EC
-687.25,-2492,0,EC
-488.25,-2492,0,EC
-563.75,-2487.5,0,EC
-509.75,-2481.5,0,EC
-713.25,-2487.5,0,EC
-549.75,-2486.5,0,EC
-734.25,-2485.5,0,EC
-799.75,-2480.5,0,EC
-471.75,-2480.5,0,EC
-1056.75,-2478.5,0,EC
-777.25,-2457,0,EC
-778.75,-2429.5,0,EC
-765.75,-2420.5,0,EC
-1004.75,-2412.5,0,EC
-868.75,-2408.5,0,EC
-469.25,-2414,0,EC
-493.75,-2399,0,EC
-473.75,-2399.5,0,EC
-758.25,-2386,0,EC
-571.25,-2388.5,0,EC
-598.25,-2377.5,0,EC
-907.75,-2379,0,EC
-501.75,-2380.5,0,EC
-472.75,-2376,0,EC
-1246.25,-2376,0,EC
-568.75,-2370,0,EC
-733.25,-2371.5,0,EC
-1213.75,-2359,0,EC
-471.75,-2355.5,0,EC
-769.25,-2358.5,0,EC
-1245.75,-2360.5,0,EC
-740.75,-2352.5,0,EC
-709.75,-2348.5,0,EC
-1155.25,-2343,0,EC
-736.25,-2332.5,0,EC
-1259.75,-2294,0,EC
-675.75,-2279,0,EC
-1161.25,-2275.5,0,EC
-478.25,-2270,0,EC
-1030.75,-2268.5,0,EC
-512.25,-2258.5,0,EC
-1081.25,-2257.5,0,EC
-488.25,-2253,0,EC
-1142.25,-2255,0,EC
-1051.25,-2252.5,0,EC
-639.25,-2247.5,0,EC
-1004.25,-2252.5,0,EC
-507.75,-2240.5,0,EC
-957.25,-2239,0,EC
-1079.25,-2234,0,EC
-1011.25,-2219.5,0,EC
-1036.75,-2203.5,0,EC
-774.75,-2195.5,0,EC
-987.75,-2194,0,EC
-952.75,-2191,0,EC
-1098.25,-2193,0,EC
-1120.25,-2189.5,0,EC
-900.25,-2169.5,0,EC
-775.75,-2169.5,0,EC
-1028.75,-2150,0,EC
-777.25,-2143.5,0,EC
-794.25,-2141,0,EC
-1185.75,-2130.5,0,EC
-1099.75,-2131.5,0,EC
-731.75,-2108.5,0,EC
-747.75,-2108.5,0,EC
-650.75,-2098.5,0,EC
-906.75,-2096.5,0,EC
-636.25,-2086.5,0,EC
-879.25,-2078.5,0,EC
-679.25,-2057.5,0,EC
-650.75,-2063,0,EC
-702.25,-2062.5,0,EC
-633.25,-2062.5,0,EC
-1098.75,-2060,0,EC
-900.75,-2054.5,0,EC
-626.25,-2052,0,EC
-611.75,-2048.5,0,EC
-582.25,-2040.5,0,EC
-684.75,-2032,0,EC
-560.25,-2031.5,0,EC
-547.75,-2019,0,EC
-879.75,-2014,0,EC
-558.75,-2001.5,0,EC
-838.75,-1997,0,EC
-1036.75,-1960.5,0,EC
-968.75,-1943.5,0,EC
-802.25,-1944,0,EC
1028.25,-1933.5,0,EC
1083.25,-1931.5,0,EC
597.75,-1917,0,EC
573.75,-1914.5,0,EC
616.75,-1914,0,EC
639.25,-1909.5,0,EC
721.25,-1908.5,0,EC
828.25,-1894.5,0,EC
1017.25,-1905,0,EC
989.75,-1893.5,0,EC
905.75,-1893.5,0,EC
938.25,-1893,0,EC
696.25,-1896.5,0,EC
567.75,-1891,0,EC
717.75,-1886,0,EC
602.25,-1888.5,0,EC
546.75,-1885,0,EC
815.75,-1885,0,EC
932.75,-1865,0,EC
1001.75,-1869,0,EC
582.25,-1865.5,0,EC
983.75,-1863,0,EC
524.25,-1862.5,0,EC
849.25,-1859,0,EC
561.25,-1842,0,EC
845.25,-1826,0,EC
547.25,-1823,0,EC
926.25,-1818,0,EC
857.75,-1814,0,EC
1014.75,-1805,0,EC
455.75,-1765.5,0,EC
434.25,-1751,0,EC
986.25,-1738,0,EC
1073.25,-1739,0,EC
1002.75,-1737,0,EC
1022.25,-1727.5,0,EC
994.25,-1725,0,EC
1033.75,-1714,0,EC
1006.25,-1707,0,EC
1052.75,-1696,0,EC
1020.75,-1681.5,0,EC
794.75,-1688,0,EC
484.25,-1683,0,EC
1074.25,-1663.5,0,EC
1083.25,-1671,0,EC
1051.75,-1666,0,EC
929.75,-1648.5,0,EC
1065.25,-1634,0,EC
467.75,-1646.5,0,EC
1105.75,-1621,0,EC
548.75,-1640.5,0,EC
946.25,-1637.5,0,EC
1090.25,-1604,0,EC
440.75,-1615,0,EC
826.75,-1606,0,EC
1117.75,-1574.5,0,EC
862.75,-1578,0,EC
952.75,-1572.5,0,EC
931.75,-1571,0,EC
467.75,-1558.5,0,EC
640.75,-1540.5,0,EC
382.75,-1535,0,EC
581.25,-1534.5,0,EC
779.25,-1528,0,EC
689.75,-1527,0,EC
539.75,-1515,0,EC
753.25,-1511,0,EC
744.25,-1488.5,0,EC
456.75,-1488.5,0,EC
459.75,-1443,0,EC
702.75,-1436.5,0,EC
872.25,-1391,0,EC
982.25,-1365.5,0,EC
959.25,-1347.5,0,EC
935.75,-1327.5,0,EC
928.25,-1319,0,EC
966.75,-1307,0,EC
926.75,-1304.5,0,EC
418.25,-1267.5,0,EC
914.75,-1248.5,0,EC
1047.25,-1237,0,EC
1039.75,-1226,0,EC
382.75,-1196,0,EC
994.75,-1169.5,0,EC
-157.25,-1940,0,EC
-131.75,-1937,0,EC
-190.25,-1930.5,0,EC
89.25,-1901,0,EC
186.25,-1881,0,EC
55.25,-1876.5,0,EC
0.75,-1878.5,0,EC
29.75,-1874.5,0,EC
9.75,-1867.5,0,EC
-460.75,-1865,0,EC
-13.25,-1848,0,EC
-25.75,-1846,0,EC
46.25,-1830,0,EC
-183.75,-1809.5,0,EC
83.25,-1799.5,0,EC
-209.75,-1787.5,0,EC
25.75,-1764,0,EC
246.25,-1731,0,EC
187.75,-1697.5,0,EC
-72.25,-1668.5,0,EC
-18.75,-1633.5,0,EC
-334.75,-1625.5,0,EC
-353.75,-1614.5,0,EC
-312.75,-1617.5,0,EC
-368.75,-1602.5,0,EC
-269.25,-1601,0,EC
307.25,-1601.5,0,EC
-259.25,-1592,0,EC
-445.75,-1579,0,EC
-335.25,-1568,0,EC
-25.25,-1562.5,0,EC
-308.75,-1552.5,0,EC
75.25,-1550.5,0,EC
295.75,-1545,0,EC
-298.75,-1531,0,EC
-155.25,-1509,0,EC
-168.75,-1503,0,EC
15.75,-1490,0,EC
43.75,-1485.5,0,EC
67.25,-1480.5,0,EC
-280.25,-1487,0,EC
-307.25,-1477,0,EC
-297.75,-1459,0,EC
78.75,-1444,0,EC
-371.75,-1411,0,EC
-298.75,-1401,0,EC
11.25,-1399,0,EC
80.75,-1391.5,0,EC
100.25,-1391,0,EC
-355.25,-1388.5,0,EC
186.25,-1330.5,0,EC
106.25,-1316,0,EC
80.25,-1301,0,EC
-368.75,-1291.5,0,EC
-161.75,-1259,0,EC
-237.75,-1231,0,EC
289.25,-1220.5,0,EC
-338.25,-1220,0,EC
-257.75,-1215.5,0,EC
-373.75,-1206,0,EC
-233.75,-1208.5,0,EC
-351.75,-1202,0,EC
-400.25,-1190,0,EC
-380.75,-1183,0,EC
-326.25,-1171,0,EC
-358.25,-1171,0,EC
-440.25,-1161.5,0,EC
-378.25,-3394,0,EC
-445.75,-3387.5,0,EC
-388.25,-3384.5,0,EC
-348.25,-3378.5,0,EC
-459.75,-3376,0,EC
-373.75,-3366,0,EC
-302.75,-3364.5,0,EC
-391.75,-3357,0,EC
-356.75,-3350.5,0,EC
-323.25,-3349,0,EC
-296.25,-3350.5,0,EC
-364.75,-3339.5,0,EC
-310.25,-3333.5,0,EC
-353.75,-3320,0,EC
-201.75,-3319,0,EC
-375.25,-3318.5,0,EC
-151.25,-3315,0,EC
-389.25,-3302,0,EC
-71.75,-3303.5,0,EC
-98.25,-3293.5,0,EC
-341.25,-3296.5,0,EC
-64.75,-3283.5,0,EC
-338.75,-3273,0,EC
-45.25,-3270.5,0,EC
-85.25,-3270,0,EC
-66.75,-3260.5,0,EC
-344.25,-3257,0,EC
-105.75,-3248,0,EC
-83.75,-3244,0,EC
129.25,-3237.5,0,EC
-52.75,-3236,0,EC
83.25,-3233,0,EC
-4.25,-3218.5,0,EC
-382.25,-3211.5,0,EC
-361.75,-3215,0,EC
54.25,-3215.5,0,EC
-336.25,-3212.5,0,EC
93.25,-3210.5,0,EC
-48.25,-3205,0,EC
-98.75,-3186,0,EC
-352.25,-3187.5,0,EC
-377.25,-3185.5,0,EC
-402.25,-3181,0,EC
-363.75,-3172,0,EC
54.75,-3166,0,EC
-80.25,-3165.5,0,EC
-96.75,-3148,0,EC
-7.25,-3151.5,0,EC
164.75,-3148,0,EC
188.25,-3140.5,0,EC
-16.25,-3133,0,EC
157.75,-3122,0,EC
185.25,-3125.5,0,EC
-99.25,-3126,0,EC
204.25,-3115,0,EC
-117.25,-3109,0,EC
-10.75,-3111,0,EC
218.25,-3094.5,0,EC
43.75,-3100,0,EC
-30.75,-3101.5,0,EC
179.75,-3101.5,0,EC
252.75,-3090,0,EC
-197.25,-3090.5,0,EC
30.75,-3086.5,0,EC
162.75,-3086.5,0,EC
-154.75,-3088.5,0,EC
-110.75,-3083,0,EC
181.25,-3078.5,0,EC
58.25,-3077,0,EC
-115.25,-3071,0,EC
248.75,-3069.5,0,EC
228.25,-3065.5,0,EC
267.75,-3062.5,0,EC
206.75,-3055.5,0,EC
292.75,-3061,0,EC
174.25,-3056,0,EC
286.75,-3048,0,EC
252.75,-3051,0,EC
183.75,-3041,0,EC
244.25,-3035,0,EC
218.75,-3033.5,0,EC
275.25,-3036.5,0,EC
54.75,-3036,0,EC
-68.75,-3026,0,EC
310.75,-3027,0,EC
291.75,-3021.5,0,EC
264.25,-3019,0,EC
320.75,-3015.5,0,EC
-431.75,-3018.5,0,EC
210.25,-3010,0,EC
275.75,-3008,0,EC
294.75,-2999,0,EC
236.25,-2999,0,EC
-333.75,-2995,0,EC
-430.75,-2991,0,EC
223.25,-2983.5,0,EC
-453.25,-2977,0,EC
325.25,-2962,0,EC
-435.25,-2963,0,EC
300.25,-2949,0,EC
-438.75,-2947.5,0,EC
-121.75,-2933,0,EC
-339.25,-2924.5,0,EC
272.25,-2924,0,EC
-365.75,-2916.5,0,EC
-433.75,-2911.5,0,EC
-398.25,-2916,0,EC
324.75,-2913,0,EC
-374.25,-2917,0,EC
-117.75,-2912,0,EC
-405.25,-2905,0,EC
272.25,-2907,0,EC
-373.25,-2900,0,EC
-116.75,-2900,0,EC
300.75,-2899,0,EC
-325.25,-2899.5,0,EC
-344.75,-2893,0,EC
-387.75,-2890,0,EC
-140.25,-2891.5,0,EC
-441.75,-2889.5,0,EC
-265.75,-2885,0,EC
-410.75,-2884,0,EC
324.75,-2883.5,0,EC
186.25,-2882,0,EC
270.25,-2880,0,EC
-292.75,-2879,0,EC
-326.75,-2877.5,0,EC
-117.75,-2879.5,0,EC
294.25,-2874,0,EC
-309.25,-2873,0,EC
-353.75,-2855.5,0,EC
-116.75,-2868,0,EC
-270.25,-2866,0,EC
281.75,-2870.5,0,EC
-412.75,-2866,0,EC
-285.25,-2861,0,EC
305.25,-2850,0,EC
274.25,-2855,0,EC
-140.25,-2852,0,EC
-459.75,-2849.5,0,EC
-304.75,-2848.5,0,EC
-118.75,-2850,0,EC
-105.75,-2842,0,EC
-464.25,-2836,0,EC
-367.75,-2837.5,0,EC
-382.75,-2838,0,EC
-335.75,-2833.5,0,EC
-301.25,-2825.5,0,EC
-400.75,-2826.5,0,EC
-429.25,-2823.5,0,EC
284.25,-2823,0,EC
314.75,-2825,0,EC
-325.25,-2817.5,0,EC
-396.75,-2816,0,EC
-445.25,-2809.5,0,EC
257.75,-2801,0,EC
-402.25,-2803.5,0,EC
-334.75,-2804.5,0,EC
303.25,-2802.5,0,EC
327.25,-2800,0,EC
-439.75,-2792,0,EC
-425.75,-2794,0,EC
-461.75,-2786.5,0,EC
-401.25,-2779,0,EC
308.25,-2777,0,EC
-428.25,-2771.5,0,EC
-70.75,-2773,0,EC
-443.75,-2774.5,0,EC
322.25,-2762,0,EC
-12.25,-2771.5,0,EC
-95.75,-2764.5,0,EC
-38.25,-2765,0,EC
187.25,-2758.5,0,EC
-454.25,-2762,0,EC
-402.25,-2755.5,0,EC
-74.75,-2749,0,EC
-424.75,-2746.5,0,EC
-368.25,-2750,0,EC
-55.25,-2750,0,EC
-32.25,-2748,0,EC
612.75,-1140.5,0,EC
628.25,-1129,0,EC
928.25,-1130,0,EC
605.25,-1123.5,0,EC
372.75,-1122,0,EC
355.75,-1113,0,EC
663.75,-1111,0,EC
643.75,-1110.5,0,EC
610.25,-1107,0,EC
742.75,-1091,0,EC
711.75,-1088.5,0,EC
801.25,-1075.5,0,EC
760.75,-1070,0,EC
626.75,-1022,0,EC
641.25,-1016,0,EC
515.25,-996,0,EC
616.25,-998.5,0,EC
498.25,-984,0,EC
618.75,-976.5,0,EC
518.75,-967.5,0,EC
1037.75,-974.5,0,EC
507.75,-951,0,EC
615.25,-956,0,EC
519.25,-925.5,0,EC
611.75,-922.5,0,EC
740.75,-918,0,EC
771.75,-895,0,EC
882.75,-902,0,EC
653.25,-871,0,EC
786.75,-871.5,0,EC
1022.75,-864.5,0,EC
667.25,-847.5,0,EC
657.25,-842,0,EC
1095.25,-823.5,0,EC
735.75,-779.5,0,EC
375.75,-710,0,EC
839.25,-693,0,EC
1010.75,-657,0,EC
800.75,-643,0,EC
342.25,-573.5,0,EC
1034.75,-577,0,EC
390.75,-529.5,0,EC
360.25,-543.5,0,EC
558.25,-546,0,EC
584.25,-543,0,EC
487.25,-523.5,0,EC
580.25,-513,0,EC
803.75,-489.5,0,EC
654.75,-460.5,0,EC
406.25,-442,0,EC
888.25,-418.5,0,EC
342.25,-417,0,EC
422.25,-416.5,0,EC
731.75,-414.5,0,EC
987.75,-409.5,0,EC
711.75,-411.5,0,EC
824.75,-408,0,EC
874.75,-404,0,EC
338.25,-399,0,EC
354.75,-385.5,0,EC
940.75,-382.5,0,EC
485.75,-361,0,EC
338.25,-347.5,0,EC
394.25,-2732,0,EC
366.25,-2720.5,0,EC
344.25,-2720.5,0,EC
409.25,-2713.5,0,EC
385.75,-2717.5,0,EC
350.25,-2688.5,0,EC
382.75,-2676,0,EC
409.25,-2672,0,EC
347.75,-2664,0,EC
689.75,-2658,0,EC
353.25,-2645.5,0,EC
424.75,-2638.5,0,EC
660.25,-2638.5,0,EC
682.25,-2630,0,EC
714.25,-2615,0,EC
356.25,-2609.5,0,EC
401.25,-2622,0,EC
656.75,-2617.5,0,EC
679.75,-2615.5,0,EC
362.75,-2597.5,0,EC
385.75,-2609.5,0,EC
635.75,-2608,0,EC
409.75,-2588.5,0,EC
464.25,-2599.5,0,EC
679.75,-2601.5,0,EC
644.75,-2594,0,EC
695.75,-2586,0,EC
452.75,-2583,0,EC
715.75,-2581,0,EC
672.75,-2581.5,0,EC
651.75,-2574,0,EC
383.25,-2569,0,EC
340.25,-2569.5,0,EC
357.75,-2562.5,0,EC
620.75,-2562,0,EC
452.25,-2553.5,0,EC
665.25,-2554,0,EC
699.75,-2552,0,EC
428.25,-2551,0,EC
679.25,-2539,0,EC
659.75,-2508,0,EC
673.25,-2499.5,0,EC
703.75,-2488.5,0,EC
577.25,-2483.5,0,EC
670.25,-2487.5,0,EC
476.75,-2486,0,EC
491.75,-2482,0,EC
504.25,-2479.5,0,EC
689.75,-2472,0,EC
453.75,-2465,0,EC
672.75,-2463,0,EC
481.25,-2458,0,EC
563.25,-2455,0,EC
505.75,-2458,0,EC
587.75,-2458.5,0,EC
628.75,-2454.5,0,EC
607.25,-2448,0,EC
655.25,-2453,0,EC
591.25,-2443.5,0,EC
556.25,-2436,0,EC
461.75,-2435,0,EC
636.75,-2438.5,0,EC
483.75,-2425,0,EC
575.75,-2429,0,EC
369.25,-2417,0,EC
456.25,-2413,0,EC
484.25,-2407.5,0,EC
345.75,-2395.5,0,EC
440.25,-2372,0,EC
822.25,-2361.5,0,EC
451.75,-2355,0,EC
439.75,-2336.5,0,EC
426.25,-2330.5,0,EC
449.25,-2327.5,0,EC
430.75,-2309.5,0,EC
422.25,-2295.5,0,EC
357.25,-2272,0,EC
336.75,-2273,0,EC
385.25,-2269.5,0,EC
407.75,-2271,0,EC
341.75,-2250.5,0,EC
377.25,-2245.5,0,EC
613.75,-2206,0,EC
344.25,-2163,0,EC
624.25,-2148,0,EC
645.25,-2145,0,EC
598.25,-2142,0,EC
618.75,-2127,0,EC
643.25,-2129,0,EC
626.25,-2100,0,EC
885.25,-2113,0,EC
873.25,-2105.5,0,EC
863.25,-2086.5,0,EC
1086.75,-2067,0,EC
1056.25,-2065.5,0,EC
855.75,-2044,0,EC
1070.25,-2017,0,EC
1067.25,-1999.5,0,EC
879.75,-1990.5,0,EC
1026.25,-1972,0,EC
851.75,-1957.5,0,EC
1030.75,-1950,0,EC
-101.25,-2734,0,EC
-394.75,-2737.5,0,EC
-21.75,-2737.5,0,EC
-37.25,-2734,0,EC
-67.75,-2726.5,0,EC
215.25,-2725.5,0,EC
234.25,-2724,0,EC
253.75,-2721.5,0,EC
-49.25,-2717.5,0,EC
-15.25,-2721.5,0,EC
-29.75,-2715.5,0,EC
-307.75,-2705.5,0,EC
-86.25,-2709.5,0,EC
193.25,-2709,0,EC
-336.75,-2706.5,0,EC
-5.25,-2707.5,0,EC
-351.25,-2698,0,EC
219.75,-2701,0,EC
-73.25,-2688.5,0,EC
281.25,-2687.5,0,EC
-50.25,-2692,0,EC
-296.25,-2686.5,0,EC
-24.75,-2689,0,EC
236.75,-2685,0,EC
194.75,-2685.5,0,EC
-336.75,-2676,0,EC
-310.75,-2666,0,EC
291.25,-2664.5,0,EC
-291.25,-2657.5,0,EC
193.75,-2653.5,0,EC
263.25,-2654.5,0,EC
-326.25,-2647,0,EC
277.25,-2648,0,EC
-304.75,-2646.5,0,EC
-352.75,-2641.5,0,EC
213.75,-2645.5,0,EC
-7.25,-2643,0,EC
178.25,-2639,0,EC
258.75,-2636.5,0,EC
-458.75,-2634.5,0,EC
209.25,-2630,0,EC
-312.25,-2629,0,EC
248.75,-2617.5,0,EC
223.75,-2625,0,EC
-439.25,-2624.5,0,EC
278.75,-2613,0,EC
-331.75,-2619,0,EC
-462.75,-2615,0,EC
-27.75,-2610.5,0,EC
202.25,-2607.5,0,EC
221.75,-2605.5,0,EC
252.25,-2588,0,EC
332.75,-2592,0,EC
294.75,-2586,0,EC
191.25,-2580,0,EC
241.25,-2578,0,EC
317.25,-2569.5,0,EC
-172.75,-2565,0,EC
-232.75,-2565,0,EC
-329.25,-2569,0,EC
177.25,-2564,0,EC
222.25,-2562.5,0,EC
302.25,-2557.5,0,EC
-262.75,-2556,0,EC
193.25,-2556,0,EC
243.25,-2554,0,EC
114.25,-2554,0,EC
207.75,-2545.5,0,EC
-251.75,-2531,0,EC
297.75,-2544,0,EC
-235.25,-2535.5,0,EC
228.25,-2536.5,0,EC
174.25,-2540,0,EC
-276.75,-2534.5,0,EC
193.25,-2532,0,EC
246.25,-2535,0,EC
157.75,-2514.5,0,EC
-241.75,-2517,0,EC
239.75,-2519.5,0,EC
175.25,-2507,0,EC
-256.25,-2494.5,0,EC
-243.75,-2501,0,EC
139.25,-2491.5,0,EC
-289.25,-2485.5,0,EC
-460.25,-2492.5,0,EC
158.25,-2483.5,0,EC
-349.25,-2472,0,EC
-233.25,-2466,0,EC
-366.75,-2469.5,0,EC
-455.75,-2459.5,0,EC
-324.75,-2454.5,0,EC
-350.75,-2451.5,0,EC
-372.25,-2442,0,EC
-291.25,-2445.5,0,EC
-322.25,-2436,0,EC
-456.25,-2428.5,0,EC
-439.75,-2414.5,0,EC
-365.25,-2402,0,EC
-456.25,-2401.5,0,EC
-453.75,-2377.5,0,EC
-432.75,-2374.5,0,EC
251.25,-2359.5,0,EC
230.75,-2355,0,EC
-432.75,-2348.5,0,EC
-448.75,-2356,0,EC
228.25,-2343.5,0,EC
235.75,-2336.5,0,EC
-461.25,-2335,0,EC
261.25,-2331,0,EC
-267.25,-2321.5,0,EC
242.25,-2315.5,0,EC
-281.25,-2303.5,0,EC
215.75,-2311.5,0,EC
300.25,-2261.5,0,EC
161.25,-2241,0,EC
-89.75,-2239,0,EC
-438.25,-2228,0,EC
-340.75,-2222,0,EC
128.75,-2222,0,EC
148.25,-2201.5,0,EC
11.75,-2187.5,0,EC
245.75,-2156,0,EC
-310.25,-2134.5,0,EC
-85.25,-2123,0,EC
-110.75,-2117,0,EC
157.25,-2109.5,0,EC
107.25,-2100.5,0,EC
79.25,-2102,0,EC
-65.25,-2087.5,0,EC
-93.25,-2095.5,0,EC
118.25,-2086.5,0,EC
42.75,-2085.5,0,EC
22.75,-2017,0,EC
-248.75,-2011.5,0,EC
93.75,-2004.5,0,EC
217.25,-2000.5,0,EC
-228.75,-1997,0,EC
186.25,-1998.5,0,EC
236.25,-1995,0,EC
175.25,-1990.5,0,EC
194.25,-1992.5,0,EC
122.75,-1983,0,EC
80.75,-1976,0,EC
187.25,-1978.5,0,EC
-178.75,-1966.5,0,EC
62.25,-1974,0,EC
-241.25,-1954.5,0,EC
317.75,-339,0,EC
206.75,-325.5,0,EC
-462.25,-324.5,0,EC
-429.75,-320,0,EC
-228.25,-304,0,EC
47.75,-298.5,0,EC
2.75,-297.5,0,EC
29.75,-300,0,EC
64.75,-300,0,EC
79.75,-289,0,EC
-157.25,-291,0,EC
322.25,-282.5,0,EC
-206.25,-280,0,EC
212.25,-267,0,EC
-445.25,-259,0,EC
128.75,-256.5,0,EC
124.25,-242,0,EC
53.25,-209,0,EC
266.25,-214,0,EC
-240.75,-195,0,EC
-3.75,-190.5,0,EC
-16.25,-194,0,EC
-207.25,-181,0,EC
-82.75,-181,0,EC
-43.25,-163,0,EC
327.25,-160,0,EC
-169.25,-157.5,0,EC
-90.25,-156,0,EC
-18.75,-155,0,EC
0.25,-152.5,0,EC
-70.25,-149,0,EC
120.25,-152.5,0,EC
-95.25,-128.5,0,EC
3.75,-130,0,EC
-115.75,-124.5,0,EC
107.75,-121.5,0,EC
-402.75,-111,0,EC
-453.75,-109,0,EC
-268.75,-104,0,EC
-106.75,-108.5,0,EC
82.75,-103.5,0,EC
-164.25,-100.5,0,EC
220.75,-98.5,0,EC
126.25,-87.5,0,EC
143.25,-90.5,0,EC
179.25,-78.5,0,EC
-451.25,-69,0,EC
-182.25,-67.5,0,EC
-431.75,-68,0,EC
-333.75,-64.5,0,EC
-312.75,-59,0,EC
94.75,-54.5,0,EC
234.25,-58.5,0,EC
211.25,-54.5,0,EC
-286.75,-44.5,0,EC
111.75,-32,0,EC
202.25,-30.5,0,EC
274.75,-31,0,EC
-146.75,-28,0,EC
-163.25,-16,0,EC
-111.25,-8.5,0,EC
-279.75,-9,0,EC
-236.25,1.5,0,EC
-204.75,-7,0,EC
-65.75,0,0,EC
-155.25,8.5,0,EC
-99.75,9.5,0,EC
-125.75,15.5,0,EC
-72.25,17,0,EC
-231.25,22,0,EC
-191.75,25,0,EC
-93.75,32.5,0,EC
-134.25,52.5,0,EC
-25.75,58,0,EC
-457.75,58.5,0,EC
-89.75,56.5,0,EC
133.25,61.5,0,EC
-370.25,71,0,EC
318.75,66.5,0,EC
330.75,70,0,EC
99.25,75,0,EC
-465.75,72,0,EC
75.25,77.5,0,EC
-308.25,74.5,0,EC
-215.75,88.5,0,EC
232.75,88,0,EC
-381.25,86.5,0,EC
-201.75,98.5,0,EC
17.75,89.5,0,EC
-322.75,94.5,0,EC
190.75,91,0,EC
210.25,99.5,0,EC
221.75,103.5,0,EC
23.25,108.5,0,EC
-143.75,136,0,EC
312.75,135,0,EC
226.25,134.5,0,EC
165.75,139.5,0,EC
146.75,140,0,EC
92.75,142,0,EC
292.75,150.5,0,EC
201.25,145.5,0,EC
184.25,149.5,0,EC
-68.75,152,0,EC
-340.75,156,0,EC
-142.25,161.5,0,EC
262.25,167.5,0,EC
-50.75,173,0,EC
196.25,169.5,0,EC
-192.75,173,0,EC
0.75,170.5,0,EC
36.25,180,0,EC
-77.25,179,0,EC
-22.75,182,0,EC
187.25,189,0,EC
-25.75,193,0,EC
80.25,205.5,0,EC
-130.75,200.5,0,EC
109.25,219,0,EC
203.25,235.5,0,EC
1.75,232,0,EC
230.75,236.5,0,EC
106.25,251.5,0,EC
64.25,251,0,EC
74.25,258.5,0,EC
-348.75,286,0,EC
-85.75,297,0,EC
-135.75,295.5,0,EC
-149.75,306,0,EC
-239.75,307.5,0,EC
17.75,308.5,0,EC
-453.75,316.5,0,EC
-118.75,316.5,0,EC
-249.75,324,0,EC
46.25,333,0,EC
-24.25,333.5,0,EC
-8.25,340.5,0,EC
107.25,370.5,0,EC
93.25,387.5,0,EC
142.25,399.5,0,EC
164.75,397,0,EC
-12.25,404.5,0,EC
109.25,412,0,EC
163.75,413,0,EC
-244.75,443.5,0,EC
2.25,439.5,0,EC
-102.75,439.5,0,EC
-49.25,445.5,0,EC
-108.75,453,0,EC
-0.25,455,0,EC
1425.25,-1937.5,0,EC
1264.25,-1927,0,EC
1158.75,-1713,0,EC
1196.75,-1708,0,EC
1797.25,-1682,0,EC
1808.25,-1668,0,EC
1153.25,-1650.5,0,EC
1457.25,-1629.5,0,EC
1575.25,-1568,0,EC
1140.75,-1551.5,0,EC
1658.25,-1535.5,0,EC
1676.25,-1534,0,EC
1353.25,-1483,0,EC
1811.75,-1455,0,EC
1719.25,-1434.5,0,EC
1731.75,-1420,0,EC
1748.75,-1397.5,0,EC
1783.25,-1393.5,0,EC
1730.25,-1394.5,0,EC
1808.75,-1389.5,0,EC
1826.75,-1375.5,0,EC
1794.75,-1375.5,0,EC
1804.75,-1360,0,EC
1775.75,-1357,0,EC
1806.25,-1338,0,EC
1889.75,-1321.5,0,EC
1892.75,-1307.5,0,EC
1440.25,-1285,0,EC
1402.25,-1289.5,0,EC
1729.75,-1285,0,EC
1248.75,-1264,0,EC
1727.25,-1257.5,0,EC
1689.25,-1256,0,EC
1677.75,-1234.5,0,EC
1602.25,-1168.5,0,EC
2184.25,-2339.5,0,EC
2482.25,-2320.5,0,EC
2192.25,-2326,0,EC
2352.75,-2311.5,0,EC
2171.25,-2319.5,0,EC
2340.75,-2310.5,0,EC
2508.25,-2289,0,EC
2484.25,-2290,0,EC
2290.25,-2282,0,EC
2300.25,-2269,0,EC
2309.25,-2254,0,EC
2512.25,-2212.5,0,EC
2216.25,-2223.5,0,EC
2371.25,-2208.5,0,EC
2232.25,-2212,0,EC
2608.25,-2210.5,0,EC
2283.75,-2202.5,0,EC
2385.25,-2204,0,EC
2245.25,-2204.5,0,EC
2416.25,-2194,0,EC
2254.75,-2188.5,0,EC
2571.25,-2186.5,0,EC
2389.25,-2187.5,0,EC
2290.25,-2183.5,0,EC
2265.25,-2172,0,EC
2288.75,-2160.5,0,EC
2567.75,-2155,0,EC
2516.25,-2153,0,EC
2273.75,-2146.5,0,EC
2507.75,-2146.5,0,EC
2519.75,-2131,0,EC
2260.75,-2126.5,0,EC
2288.75,-2112,0,EC
2313.25,-2100.5,0,EC
2257.75,-2086,0,EC
2329.75,-2088.5,0,EC
2670.25,-2087,0,EC
2652.75,-2083,0,EC
2355.25,-2081.5,0,EC
2582.75,-2081,0,EC
2633.75,-2065.5,0,EC
2630.25,-2054.5,0,EC
2351.25,-2031,0,EC
2374.25,-2025.5,0,EC
2673.25,-2026.5,0,EC
2515.25,-2018,0,EC
2358.25,-1998.5,0,EC
1986.25,-2003.5,0,EC
2523.25,-2001.5,0,EC
2479.25,-1986,0,EC
2429.25,-1985,0,EC
2482.75,-1962.5,0,EC
2635.25,-1961,0,EC
-872.75,-1112.5,0,EC
-948.25,-1122.5,0,EC
-901.25,-1111,0,EC
-948.25,-1107.5,0,EC
-509.25,-1105.5,0,EC
-889.75,-1091,0,EC
-957.25,-1088,0,EC
-874.25,-1078.5,0,EC
-902.25,-1085,0,EC
-925.25,-1082.5,0,EC
-1246.75,-1079,0,EC
-893.25,-1066,0,EC
-1241.25,-1058,0,EC
-476.75,-1055,0,EC
-893.75,-1051,0,EC
-1059.25,-1047.5,0,EC
-869.75,-1043.5,0,EC
-884.75,-1036,0,EC
-497.75,-1038,0,EC
-1264.25,-1027.5,0,EC
-1028.25,-1030.5,0,EC
-946.75,-1021,0,EC
-909.75,-1016,0,EC
-896.25,-1015,0,EC
-941.25,-1007,0,EC
-1232.75,-999.5,0,EC
-912.75,-1003.5,0,EC
-894.75,-998.5,0,EC
-1256.75,-978,0,EC
-1226.75,-975.5,0,EC
-1146.75,-978.5,0,EC
-868.75,-968,0,EC
-842.75,-957,0,EC
-887.25,-963,0,EC
-1132.75,-954,0,EC
-907.75,-952.5,0,EC
-1037.25,-956.5,0,EC
-868.25,-948,0,EC
-890.75,-944.5,0,EC
-587.25,-934.5,0,EC
-915.75,-926.5,0,EC
-846.25,-938,0,EC
-1112.25,-935,0,EC
-1080.75,-921.5,0,EC
-1164.75,-917,0,EC
-888.25,-918.5,0,EC
-1121.25,-912.5,0,EC
-739.75,-905,0,EC
-713.75,-905,0,EC
-617.75,-902,0,EC
-1262.75,-902.5,0,EC
-909.75,-893,0,EC
-787.25,-887,0,EC
-761.25,-890.5,0,EC
-637.75,-890.5,0,EC
-1121.75,-886.5,0,EC
-934.75,-883,0,EC
-720.75,-880,0,EC
-741.25,-881,0,EC
-1172.75,-875.5,0,EC
-1107.25,-873,0,EC
-980.25,-864.5,0,EC
-1051.75,-862,0,EC
-1197.75,-842,0,EC
-1133.75,-837.5,0,EC
-1100.25,-837,0,EC
-1080.75,-835.5,0,EC
-1035.25,-835,0,EC
-1052.25,-823.5,0,EC
-1169.75,-825.5,0,EC
-990.25,-822,0,EC
-1107.75,-812,0,EC
-1221.25,-818.5,0,EC
-1064.25,-809.5,0,EC
-1087.75,-816.5,0,EC
-1191.25,-805,0,EC
-938.25,-805.5,0,EC
-1160.75,-794,0,EC
-1131.75,-790,0,EC
-1048.25,-787,0,EC
-913.75,-789,0,EC
-646.75,-782,0,EC
-1139.25,-770.5,0,EC
-1108.25,-771.5,0,EC
-1078.75,-768.5,0,EC
-1047.25,-765.5,0,EC
-1124.25,-757,0,EC
-1100.75,-743,0,EC
-1123.75,-741,0,EC
-1036.25,-728,0,EC
-901.75,-737.5,0,EC
-1143.75,-726.5,0,EC
-1092.25,-723,0,EC
-850.25,-723,0,EC
-886.75,-727.5,0,EC
-922.75,-726,0,EC
-974.25,-720.5,0,EC
-1121.25,-720.5,0,EC
-937.75,-718.5,0,EC
-920.75,-714.5,0,EC
-634.75,-716.5,0,EC
-618.25,-704,0,EC
-1152.25,-696,0,EC
-1114.25,-697.5,0,EC
-1164.75,-700,0,EC
-928.75,-693,0,EC
-585.25,-690,0,EC
-948.25,-688.5,0,EC
-1010.25,-690.5,0,EC
-1132.25,-677,0,EC
-1168.25,-671.5,0,EC
-851.75,-668.5,0,EC
-1179.25,-656.5,0,EC
-985.25,-649,0,EC
-840.25,-644,0,EC
-827.75,-645,0,EC
-1194.75,-632,0,EC
-1262.75,-624,0,EC
-522.75,-619,0,EC
-932.25,-610,0,EC
-1188.75,-598,0,EC
-953.25,-604,0,EC
-914.75,-597.5,0,EC
-477.75,-597.5,0,EC
-874.75,-587.5,0,EC
-929.75,-589.5,0,EC
-494.25,-589,0,EC
-915.75,-585,0,EC
-841.25,-577,0,EC
-917.25,-563.5,0,EC
-847.75,-542,0,EC
-937.75,-539.5,0,EC
-955.75,-539.5,0,EC
-800.75,-535,0,EC
-971.75,-532,0,EC
-823.75,-528,0,EC
-808.75,-524,0,EC
-849.75,-524.5,0,EC
-792.75,-511.5,0,EC
-844.25,-513.5,0,EC
-826.75,-505,0,EC
-890.25,-510,0,EC
-752.75,-499,0,EC
-798.25,-496,0,EC
-958.25,-498.5,0,EC
-853.25,-494.5,0,EC
-882.75,-487,0,EC
-868.75,-493,0,EC
-772.25,-487,0,EC
-951.75,-483.5,0,EC
-661.75,-466.5,0,EC
-841.75,-455.5,0,EC
-703.75,-454,0,EC
-764.25,-454,0,EC
-657.25,-448,0,EC
-855.75,-445.5,0,EC
-829.25,-445,0,EC
-634.75,-439.5,0,EC
-943.25,-437.5,0,EC
-962.25,-438,0,EC
-732.25,-440,0,EC
-856.75,-432.5,0,EC
-696.75,-422.5,0,EC
-665.25,-429,0,EC
-869.25,-423,0,EC
-729.75,-408.5,0,EC
-925.75,-401,0,EC
-696.25,-400.5,0,EC
-871.75,-398.5,0,EC
-755.25,-392,0,EC
-716.75,-389.5,0,EC
-996.75,-376.5,0,EC
-738.25,-359,0,EC
-880.25,-347.5,0,EC
2433.75,-1803,0,EC
2225.75,-1789,0,EC
2441.25,-1779.5,0,EC
2424.75,-1773.5,0,EC
2391.25,-1759,0,EC
2342.75,-1768.5,0,EC
2407.75,-1769,0,EC
2518.25,-1757.5,0,EC
2497.25,-1740,0,EC
2347.75,-1748,0,EC
2366.25,-1745.5,0,EC
2534.25,-1742,0,EC
2534.25,-1724,0,EC
2505.75,-1694.5,0,EC
2362.75,-1622.5,0,EC
2580.25,-1619,0,EC
2620.25,-1609,0,EC
2594.75,-1607,0,EC
2570.25,-1599,0,EC
2426.25,-1591.5,0,EC
2603.75,-1598,0,EC
2593.75,-1585.5,0,EC
2093.25,-1564.5,0,EC
2600.75,-1574,0,EC
2499.75,-1553,0,EC
2625.25,-1559,0,EC
2634.25,-1547.5,0,EC
2084.75,-1539,0,EC
2161.75,-1530.5,0,EC
1984.75,-1455,0,EC
2014.75,-1383.5,0,EC
2026.25,-1338,0,EC
2061.25,-1296,0,EC
2488.75,-1293,0,EC
2040.75,-1284,0,EC
2057.75,-1253,0,EC
1936.75,-1239.5,0,EC
1985.75,-1218,0,EC
1966.25,-1200,0,EC
1949.75,-1143.5,0,EC
1994.75,-1144,0,EC
-2883.75,-1380.5,0,EC
-2906.25,-1371,0,EC
-2931.25,-1347,0,EC
-2869.25,-1356.5,0,EC
-2899.25,-1342.5,0,EC
-3276.25,-1225.5,0,EC
-3261.25,-1213.5,0,EC
-3143.25,-1204,0,EC
-3033.25,-1214.5,0,EC
-3240.25,-1207,0,EC
-3169.75,-1205.5,0,EC
-3025.25,-1199.5,0,EC
-3165.75,-1191,0,EC
-2974.75,-1189.5,0,EC
-3003.75,-1183.5,0,EC
-3184.25,-1185,0,EC
-3113.75,-1185.5,0,EC
-3237.25,-1176,0,EC
-3063.25,-1182,0,EC
-3258.25,-1180,0,EC
-3030.75,-1180,0,EC
-3133.75,-1178.5,0,EC
-2948.25,-1172.5,0,EC
-2969.75,-1164.5,0,EC
-3029.25,-1166,0,EC
-3124.25,-1165.5,0,EC
-2989.75,-1162.5,0,EC
-3140.75,-1154,0,EC
-3006.25,-1152.5,0,EC
-3029.25,-1146.5,0,EC
-3261.75,-1144.5,0,EC
-3197.25,-325.5,0,EC
-3192.25,-305.5,0,EC
-3159.25,-296.5,0,EC
-3178.75,-283.5,0,EC
-3205.75,-286.5,0,EC
-3142.75,-273.5,0,EC
-3187.25,-258.5,0,EC
-2937.75,-254,0,EC
-2875.25,-252.5,0,EC
-3155.25,-244.5,0,EC
-3173.25,-247.5,0,EC
-2943.75,-233,0,EC
-2884.25,-233,0,EC
-3177.25,-224,0,EC
-2894.25,-224.5,0,EC
-2917.75,-222.5,0,EC
-2951.25,-217.5,0,EC
-2869.25,-207.5,0,EC
-2881.75,-199,0,EC
-3195.25,-195,0,EC
-2962.75,-199.5,0,EC
-2946.25,-195,0,EC
-2913.75,-185.5,0,EC
-3182.25,-180.5,0,EC
-2971.75,-176.5,0,EC
-2882.25,-177,0,EC
-2953.75,-173.5,0,EC
-2928.75,-170,0,EC
-2872.75,-163,0,EC
-2917.25,-160,0,EC
-2897.75,-147,0,EC
-2992.75,-157.5,0,EC
-2926.25,-145,0,EC
-2971.75,-141,0,EC
-2946.75,-132.5,0,EC
-2985.75,-127.5,0,EC
-3011.75,-116.5,0,EC
-2949.25,-120,0,EC
-2916.25,-120.5,0,EC
-2965.25,-112,0,EC
-2985.75,-109,0,EC
-2935.75,-105,0,EC
-2994.25,-87,0,EC
-3014.25,-72,0,EC
-3045.75,-81,0,EC
-3099.25,-79,0,EC
-2980.75,-75,0,EC
-2940.75,-80.5,0,EC
-3078.75,-76,0,EC
-2958.75,-77.5,0,EC
-2918.75,-68,0,EC
-2962.75,-66,0,EC
-3118.75,-61.5,0,EC
-2938.75,-58.5,0,EC
-3087.25,-53,0,EC
-2954.25,-50,0,EC
-2979.25,-49,0,EC
-3020.75,-49,0,EC
-2968.75,-42.5,0,EC
-3204.25,-41,0,EC
-3111.75,-41,0,EC
-3028.75,-26.5,0,EC
-2911.75,-33,0,EC
-3050.75,-27.5,0,EC
-2950.25,-26.5,0,EC
-3004.75,-30.5,0,EC
-2991.75,-30,0,EC
-3106.25,-23.5,0,EC
-3073.25,-15,0,EC
-2998.25,-10,0,EC
-2972.75,-9.5,0,EC
-3095.25,-12,0,EC
-3062.75,-4.5,0,EC
-3035.75,-2,0,EC
-3016.75,6.5,0,EC
-2989.25,7.5,0,EC
-2973.75,11.5,0,EC
-3067.25,17.5,0,EC
-2978.25,27,0,EC
-2875.75,28,0,EC
-3027.25,35,0,EC
-2998.25,37.5,0,EC
-2974.75,46.5,0,EC
-2882.25,51,0,EC
-2911.25,57.5,0,EC
-2894.25,72,0,EC
-2869.25,69,0,EC
-2927.75,74.5,0,EC
-2910.75,72.5,0,EC
-2884.25,88.5,0,EC
-2914.25,104.5,0,EC
-2883.75,105,0,EC
-2909.75,126,0,EC
-2881.75,135.5,0,EC
-2891.25,164.5,0,EC
-2919.75,166,0,EC
-2893.25,184,0,EC
-2935.75,177,0,EC
-2921.25,184.5,0,EC
-2931.75,197,0,EC
-2910.25,202,0,EC
-2899.75,211.5,0,EC
-2914.75,219,0,EC
-2938.25,216.5,0,EC
-2959.25,235.5,0,EC
-2939.25,234.5,0,EC
-2899.75,234.5,0,EC
-2977.25,243.5,0,EC
-2924.75,245,0,EC
-2892.75,252,0,EC
-2974.75,260.5,0,EC
-2939.25,267,0,EC
-2957.25,279.5,0,EC
-2984.75,279.5,0,EC
-2988.75,293,0,EC
-2916.25,295.5,0,EC
-2949.75,299.5,0,EC
-2972.75,304.5,0,EC
-2929.25,310.5,0,EC
-2966.75,319.5,0,EC
-2952.75,325.5,0,EC
-2935.25,326,0,EC
-2918.75,328.5,0,EC
-2966.75,351.5,0,EC
-2943.75,342,0,EC
-2901.25,353,0,EC
-2927.75,350,0,EC
-3029.75,358,0,EC
-2987.25,358.5,0,EC
-2978.25,373,0,EC
-3004.75,375.5,0,EC
-3039.75,382,0,EC
-3059.25,388.5,0,EC
-3017.75,384,0,EC
-2993.75,399,0,EC
-2930.75,384.5,0,EC
-3078.75,387,0,EC
-3046.25,410,0,EC
-3021.25,407.5,0,EC
-3099.75,414.5,0,EC
-3074.75,409,0,EC
-3030.75,423,0,EC
-3070.25,431.5,0,EC
-3001.25,427.5,0,EC
-3018.75,432,0,EC
-3089.25,440,0,EC
-3037.25,439,0,EC
-3003.75,447.5,0,EC
1468.25,-1107,0,EC
1930.25,-1074,0,EC
1896.75,-1060,0,EC
1914.25,-1054.5,0,EC
1394.25,-1032,0,EC
1353.25,-1006.5,0,EC
1437.25,-977,0,EC
1701.25,-919.5,0,EC
1387.75,-900,0,EC
1383.75,-859,0,EC
1474.25,-834,0,EC
1708.25,-845.5,0,EC
1454.25,-814,0,EC
1678.75,-817,0,EC
1438.75,-790.5,0,EC
1905.25,-777,0,EC
1922.25,-751.5,0,EC
1768.25,-750.5,0,EC
1896.75,-740.5,0,EC
1388.25,-735.5,0,EC
1679.75,-723.5,0,EC
1647.25,-717.5,0,EC
1624.25,-696,0,EC
1480.25,-686.5,0,EC
1463.25,-684,0,EC
1825.75,-673,0,EC
1684.75,-664,0,EC
1674.75,-652.5,0,EC
1603.75,-651.5,0,EC
1579.25,-645.5,0,EC
1596.25,-636,0,EC
1835.75,-633.5,0,EC
1341.25,-626.5,0,EC
1828.25,-619.5,0,EC
1638.25,-608,0,EC
1591.75,-597,0,EC
1318.25,-598,0,EC
1642.75,-574,0,EC
1816.25,-575,0,EC
1791.25,-563,0,EC
1815.25,-550.5,0,EC
1845.75,-550,0,EC
1645.75,-552,0,EC
1800.25,-532.5,0,EC
1840.75,-523.5,0,EC
1603.75,-509,0,EC
1551.25,-499.5,0,EC
1458.75,-486,0,EC
1432.75,-480,0,EC
1555.25,-475.5,0,EC
1764.75,-464,0,EC
1542.25,-412.5,0,EC
1550.25,-401,0,EC
1752.75,-395,0,EC
1522.75,-396.5,0,EC
1569.25,-381,0,EC
1355.25,-379,0,EC
1583.75,-373.5,0,EC
1743.75,-373,0,EC
1604.25,-370.5,0,EC
1650.25,-365.5,0,EC
1620.25,-361,0,EC
1561.75,-353,0,EC
1508.75,-355.5,0,EC
1602.75,-348,0,EC
1739.25,-346.5,0,EC
-1883.25,-1135.5,0,EC
-1671.75,-1128.5,0,EC
-1797.75,-1127.5,0,EC
-1583.75,-1127,0,EC
-1904.25,-1128,0,EC
-1528.25,-1118,0,EC
-1788.25,-1104.5,0,EC
-1905.75,-1107,0,EC
-1889.25,-1107,0,EC
-1673.25,-1100,0,EC
-1553.75,-1102,0,EC
-1940.25,-1102.5,0,EC
-1618.25,-1105,0,EC
-1876.75,-1088,0,EC
-1899.25,-1086.5,0,EC
-1443.75,-1086,0,EC
-1571.25,-1085.5,0,EC
-1457.25,-1075,0,EC
-1908.25,-1065.5,0,EC
-1469.25,-1068,0,EC
-1431.75,-1061.5,0,EC
-1973.75,-1065,0,EC
-1873.75,-1061.5,0,EC
-1837.75,-1060,0,EC
-1988.75,-1057,0,EC
-1663.25,-1060,0,EC
-1965.75,-1056,0,EC
-1858.25,-1054.5,0,EC
-1895.75,-1053,0,EC
-1652.75,-1050.5,0,EC
-1641.25,-1037,0,EC
-1669.75,-1048,0,EC
-1689.25,-1045,0,EC
-1911.75,-1041.5,0,EC
-1991.25,-1026,0,EC
-2017.75,-1032,0,EC
-1886.25,-1032,0,EC
-1825.25,-1026.5,0,EC
-1900.75,-1027.5,0,EC
-1864.25,-1028.5,0,EC
-1664.75,-1031,0,EC
-1797.25,-1017.5,0,EC
-1688.75,-1023.5,0,EC
-2024.25,-1016,0,EC
-1466.25,-1022,0,EC
-1680.75,-1012.5,0,EC
-1872.25,-1012.5,0,EC
-1636.25,-1008,0,EC
-1288.25,-1010.5,0,EC
-1619.75,-1004.5,0,EC
-1904.25,-994,0,EC
-1363.75,-1006,0,EC
-1985.25,-1002.5,0,EC
-1878.25,-1000,0,EC
-1865.75,-995.5,0,EC
-1841.25,-992,0,EC
-2011.75,-993,0,EC
-1644.75,-993.5,0,EC
-1923.75,-989,0,EC
-1811.75,-991.5,0,EC
-1292.75,-993.5,0,EC
-1601.75,-977,0,EC
-1991.25,-979,0,EC
-1582.75,-979.5,0,EC
-1301.25,-981,0,EC
-1627.25,-981,0,EC
-1829.75,-969.5,0,EC
-1483.25,-974,0,EC
-1338.75,-973,0,EC
-2012.25,-967,0,EC
-1377.75,-976.5,0,EC
-1312.75,-969,0,EC
-1291.75,-961.5,0,EC
-1895.75,-960.5,0,EC
-1873.25,-967,0,EC
-1647.25,-966.5,0,EC
-1275.75,-967.5,0,EC
-1972.75,-968,0,EC
-1930.25,-961,0,EC
-1363.75,-966,0,EC
-1855.25,-965,0,EC
-1623.25,-954.5,0,EC
-1325.75,-955.5,0,EC
-1602.75,-953,0,EC
-1369.75,-946.5,0,EC
-1864.25,-941.5,0,EC
-1341.75,-943.5,0,EC
-1315.25,-939.5,0,EC
-1586.75,-937.5,0,EC
-1904.25,-936,0,EC
-1702.75,-935.5,0,EC
-1600.25,-938.5,0,EC
-1296.25,-933.5,0,EC
-1602.75,-926,0,EC
-1565.25,-917,0,EC
-2043.75,-919.5,0,EC
-1302.75,-921.5,0,EC
-1923.75,-918,0,EC
-1369.75,-917.5,0,EC
-1319.25,-913,0,EC
-1279.25,-905.5,0,EC
-1988.75,-907,0,EC
-1972.75,-910.5,0,EC
-1490.25,-907.5,0,EC
-1973.25,-899.5,0,EC
-1904.25,-899,0,EC
-2047.25,-897,0,EC
-2023.25,-901,0,EC
-1948.75,-895.5,0,EC
-1589.25,-902.5,0,EC
-1572.25,-898.5,0,EC
-1461.75,-890.5,0,EC
-1926.75,-897,0,EC
-1544.75,-892.5,0,EC
-1745.25,-889.5,0,EC
-1999.75,-883.5,0,EC
-1496.25,-886.5,0,EC
-1521.75,-878,0,EC
-1633.25,-888,0,EC
-1922.25,-881,0,EC
-1981.75,-884.5,0,EC
-1577.25,-879.5,0,EC
-1907.25,-878,0,EC
-2023.25,-877.5,0,EC
-1722.75,-877,0,EC
-1941.75,-877,0,EC
-1712.25,-865.5,0,EC
-1678.75,-871,0,EC
-1658.75,-871,0,EC
-1545.75,-864.5,0,EC
-1986.75,-862,0,EC
-1737.25,-863.5,0,EC
-1927.25,-853,0,EC
-1689.25,-851,0,EC
-1966.75,-852.5,0,EC
-1748.75,-851.5,0,EC
-1706.25,-839,0,EC
-1994.25,-845,0,EC
-1972.75,-842.5,0,EC
-1728.75,-844.5,0,EC
-1901.75,-843.5,0,EC
-1348.75,-836,0,EC
-1307.25,-837,0,EC
-1736.25,-837,0,EC
-1759.75,-831.5,0,EC
-1958.25,-834,0,EC
-1901.75,-831,0,EC
-1393.75,-827,0,EC
-1936.25,-828.5,0,EC
-1584.25,-832,0,EC
-1320.25,-820.5,0,EC
-1735.25,-818,0,EC
-1919.75,-820,0,EC
-1987.75,-816,0,EC
-1967.75,-813.5,0,EC
-1560.75,-814,0,EC
-1422.25,-815.5,0,EC
-1368.75,-809.5,0,EC
-1696.25,-809,0,EC
-1666.25,-805,0,EC
-1533.25,-809,0,EC
-1337.75,-802,0,EC
-1402.75,-809,0,EC
-2009.25,-794,0,EC
-1930.75,-797,0,EC
-1719.25,-800,0,EC
-1879.75,-800,0,EC
-1383.25,-798,0,EC
-1756.75,-794,0,EC
-1580.75,-799.5,0,EC
-1430.25,-798,0,EC
-1857.25,-794.5,0,EC
-1802.25,-787.5,0,EC
-1681.25,-787,0,EC
-1707.75,-787.5,0,EC
-1374.75,-778.5,0,EC
-1879.75,-781,0,EC
-1957.25,-786,0,EC
-1767.25,-783,0,EC
-1978.75,-775.5,0,EC
-1590.75,-779.5,0,EC
-1782.25,-775,0,EC
-1838.25,-772,0,EC
-1739.75,-769.5,0,EC
-1942.25,-769,0,EC
-1353.25,-767,0,EC
-1960.75,-760,0,EC
-1759.25,-763,0,EC
-1890.25,-750,0,EC
-1801.75,-756.5,0,EC
-1597.25,-759.5,0,EC
-2004.25,-749.5,0,EC
-1777.75,-753,0,EC
-1871.25,-744,0,EC
-1577.25,-752.5,0,EC
-1989.25,-742.5,0,EC
-1738.25,-741.5,0,EC
-1766.25,-735,0,EC
-1789.75,-736,0,EC
-1979.25,-731,0,EC
-1744.25,-728,0,EC
-1768.25,-712,0,EC
-1882.25,-710.5,0,EC
-1743.25,-707.5,0,EC
-1989.25,-706.5,0,EC
-1923.25,-699.5,0,EC
-1890.25,-704.5,0,EC
-1958.25,-692.5,0,EC
-2004.25,-691.5,0,EC
-1980.25,-691.5,0,EC
-1880.25,-683,0,EC
-1965.75,-671,0,EC
-2011.75,-673,0,EC
-1911.25,-675.5,0,EC
-1927.75,-675,0,EC
-1568.75,-673.5,0,EC
-1993.25,-671.5,0,EC
-1939.75,-668,0,EC
-1868.25,-668.5,0,EC
-1908.75,-658,0,EC
-1933.25,-653.5,0,EC
-1973.75,-648,0,EC
-1957.25,-650,0,EC
-1320.75,-647.5,0,EC
-1995.75,-647,0,EC
-1581.25,-644,0,EC
-1965.75,-635,0,EC
-2005.25,-637.5,0,EC
-1854.25,-616,0,EC
-1936.25,-611,0,EC
-1954.75,-607,0,EC
-1883.25,-599.5,0,EC
-2019.25,-610.5,0,EC
-2020.25,-601,0,EC
-1989.25,-593.5,0,EC
-1924.25,-591.5,0,EC
-1861.75,-591,0,EC
-2009.25,-586.5,0,EC
-1962.75,-584.5,0,EC
-1911.25,-576,0,EC
-1732.75,-582,0,EC
-1945.75,-575.5,0,EC
-1810.25,-566,0,EC
-1683.75,-575,0,EC
-1593.75,-570.5,0,EC
-1926.75,-568.5,0,EC
-1864.75,-571.5,0,EC
-1968.25,-564,0,EC
-1760.25,-567.5,0,EC
-1669.75,-566,0,EC
-1740.75,-564.5,0,EC
-1882.25,-558.5,0,EC
-1782.25,-561.5,0,EC
-1853.75,-555.5,0,EC
-1405.75,-558,0,EC
-1312.75,-559,0,EC
-1949.75,-551.5,0,EC
-1756.75,-553.5,0,EC
-1929.25,-548,0,EC
-1744.25,-550,0,EC
-1584.25,-538,0,EC
-1820.25,-543.5,0,EC
-1769.75,-539.5,0,EC
-1862.75,-534.5,0,EC
-1796.75,-526,0,EC
-1739.25,-526.5,0,EC
-1821.75,-524,0,EC
-1707.75,-516.5,0,EC
-1776.25,-518,0,EC
-1834.25,-516,0,EC
-1750.25,-513.5,0,EC
-1731.25,-511.5,0,EC
-1764.25,-508,0,EC
-1361.75,-507.5,0,EC
-1796.75,-506.5,0,EC
-1646.25,-504,0,EC
-1744.25,-492.5,0,EC
-1803.75,-497.5,0,EC
-1625.75,-499.5,0,EC
-1673.25,-496.5,0,EC
-1781.75,-492,0,EC
-1844.75,-491,0,EC
-1362.25,-494,0,EC
-1764.75,-491.5,0,EC
-1646.75,-490,0,EC
-1671.75,-478.5,0,EC
-1574.25,-477,0,EC
-1282.25,-481.5,0,EC
-1728.25,-480,0,EC
-1762.75,-478.5,0,EC
-1648.25,-479,0,EC
-1608.25,-474,0,EC
-1810.75,-468,0,EC
-1685.75,-467,0,EC
-1274.25,-465,0,EC
-1721.25,-457,0,EC
-1609.75,-453.5,0,EC
-1593.25,-457,0,EC
-1700.75,-451,0,EC
-1792.25,-448,0,EC
-1578.25,-447.5,0,EC
-1659.25,-444,0,EC
-1418.25,-441.5,0,EC
-1733.75,-442.5,0,EC
-1593.75,-440,0,EC
-1287.75,-435.5,0,EC
-1626.25,-431.5,0,EC
-1693.75,-429.5,0,EC
-1788.75,-434.5,0,EC
-1406.25,-432,0,EC
-1643.25,-428.5,0,EC
-1428.25,-429,0,EC
-1725.75,-429.5,0,EC
-1775.75,-430.5,0,EC
-1588.75,-425.5,0,EC
-1710.25,-420.5,0,EC
-1292.25,-418.5,0,EC
-1604.25,-417.5,0,EC
-1674.75,-418,0,EC
-1735.25,-402,0,EC
-1624.25,-404,0,EC
-1422.25,-410,0,EC
-1694.75,-403.5,0,EC
-1431.75,-403,0,EC
-1410.75,-404,0,EC
-1680.25,-396,0,EC
-1710.75,-387,0,EC
-1653.75,-394.5,0,EC
-1396.25,-370,0,EC
-2053.25,-367.5,0,EC
-1686.25,-366,0,EC
-1705.75,-363.5,0,EC
-1723.75,-365.5,0,EC
-1452.25,-352.5,0,EC
-1743.75,-354.5,0,EC
-2007.25,-358,0,EC
-1714.25,-346.5,0,EC
-1471.75,-344,0,EC
-1694.75,-343.5,0,EC
-1646.25,-344.5,0,EC
-1417.25,-350.5,0,EC
-2429.25,-340.5,0,EC
-2561.25,-340.5,0,EC
-2684.25,-336.5,0,EC
-2443.75,-340,0,EC
-2350.25,-335,0,EC
-2323.25,-336,0,EC
-2709.75,-331,0,EC
-2392.25,-326.5,0,EC
-2585.25,-322,0,EC
-2665.75,-328.5,0,EC
-2609.75,-322.5,0,EC
-2368.25,-328.5,0,EC
-2450.75,-324.5,0,EC
-2224.25,-316.5,0,EC
-2195.75,-314.5,0,EC
-2167.25,-312,0,EC
-2419.75,-309,0,EC
-2708.25,-303.5,0,EC
-2236.75,-310,0,EC
-2606.25,-307,0,EC
-2632.75,-308,0,EC
-2374.75,-305.5,0,EC
-2135.75,-304,0,EC
-2752.25,-298.5,0,EC
-2649.25,-297.5,0,EC
-2170.25,-289.5,0,EC
-2729.25,-295,0,EC
-2362.75,-282,0,EC
-2121.75,-295.5,0,EC
-2598.75,-288.5,0,EC
-2186.75,-294,0,EC
-2153.25,-290.5,0,EC
-2409.75,-289,0,EC
-2681.25,-290,0,EC
-2387.25,-281.5,0,EC
-2096.75,-285,0,EC
-2672.25,-286,0,EC
-2743.75,-284.5,0,EC
-2431.75,-282,0,EC
-2611.75,-270.5,0,EC
-2252.25,-262,0,EC
-2682.75,-263.5,0,EC
-2443.75,-263.5,0,EC
-2595.25,-259,0,EC
-2127.75,-255.5,0,EC
-2720.25,-246.5,0,EC
-2151.25,-253,0,EC
-2863.75,-258,0,EC
-2743.75,-255.5,0,EC
-2192.75,-254,0,EC
-2825.75,-245,0,EC
-2849.75,-243,0,EC
-2644.75,-239,0,EC
-2466.25,-243.5,0,EC
-2244.75,-238,0,EC
-2608.25,-233.5,0,EC
-2862.75,-230.5,0,EC
-2164.25,-230.5,0,EC
-2819.75,-227,0,EC
-2251.75,-220,0,EC
-2145.75,-219.5,0,EC
-2706.25,-214,0,EC
-2232.25,-210,0,EC
-2551.25,-211.5,0,EC
-2157.25,-204.5,0,EC
-2740.25,-197,0,EC
-2670.25,-201,0,EC
-2840.75,-203,0,EC
-2698.75,-201.5,0,EC
-2859.75,-198,0,EC
-2576.75,-193,0,EC
-2647.75,-191.5,0,EC
-2817.25,-190.5,0,EC
-2167.25,-191.5,0,EC
-2711.75,-182,0,EC
-2624.25,-177,0,EC
-2840.75,-174,0,EC
-2726.25,-173,0,EC
-2604.25,-163.5,0,EC
-2791.25,-160.5,0,EC
-2716.75,-163,0,EC
-2681.25,-155,0,EC
-2847.25,-160,0,EC
-2624.25,-161,0,EC
-2702.75,-159,0,EC
-2638.75,-158,0,EC
-2763.25,-149,0,EC
-2747.25,-154.5,0,EC
-2615.25,-150,0,EC
-2831.25,-148.5,0,EC
-2734.75,-146.5,0,EC
-2817.25,-139.5,0,EC
-2792.25,-143.5,0,EC
-2639.25,-136.5,0,EC
-2602.75,-140,0,EC
-2679.75,-137.5,0,EC
-2660.75,-127,0,EC
-2719.75,-138,0,EC
-2630.25,-139.5,0,EC
-2851.25,-131.5,0,EC
-2754.25,-125.5,0,EC
-2777.25,-128,0,EC
-2700.75,-129,0,EC
-2588.75,-127,0,EC
-2733.75,-123,0,EC
-2714.75,-111,0,EC
-2644.75,-112.5,0,EC
-2809.75,-119,0,EC
-2680.25,-112.5,0,EC
-2623.75,-111,0,EC
-2791.75,-107,0,EC
-2693.75,-105.5,0,EC
-2824.25,-105.5,0,EC
-2610.25,-96,0,EC
-2751.75,-96.5,0,EC
-2629.25,-95.5,0,EC
-2808.75,-91,0,EC
-2697.25,-87.5,0,EC
-2789.25,-89.5,0,EC
-2665.25,-80,0,EC
-2769.25,-84,0,EC
-2278.25,-70.5,0,EC
-2082.25,-67,0,EC
-2148.75,-53.5,0,EC
-2294.75,-63,0,EC
-2178.25,-55.5,0,EC
-2257.25,-59.5,0,EC
-2104.25,-49.5,0,EC
-2300.75,-43,0,EC
-2084.25,-44,0,EC
-2122.25,-29,0,EC
-2168.75,-35,0,EC
-2088.75,-16,0,EC
-2109.75,-6.5,0,EC
-2224.75,-3.5,0,EC
-2131.75,-3.5,0,EC
-2097.25,11,0,EC
-2082.75,13,0,EC
-2142.75,13.5,0,EC
-2841.75,27,0,EC
-2234.25,33.5,0,EC
-2221.75,31,0,EC
-2518.75,41.5,0,EC
-2178.75,37.5,0,EC
-2811.75,44.5,0,EC
-2323.25,42.5,0,EC
-2792.75,47.5,0,EC
-2347.25,47.5,0,EC
-2270.25,50.5,0,EC
-2856.75,49.5,0,EC
-2291.75,58.5,0,EC
-2836.25,52.5,0,EC
-2312.75,55.5,0,EC
-2859.75,68.5,0,EC
-2335.75,66,0,EC
-2324.75,68,0,EC
-2198.25,78,0,EC
-2817.25,74.5,0,EC
-2358.25,83.5,0,EC
-2256.25,85,0,EC
-2378.25,88.5,0,EC
-2343.25,88,0,EC
-2143.75,95,0,EC
-2245.75,95,0,EC
-2351.25,103,0,EC
-2860.25,112.5,0,EC
-2378.25,107,0,EC
-2405.25,111.5,0,EC
-2473.75,119,0,EC
-2410.25,135.5,0,EC
-2431.25,139,0,EC
-2856.75,158.5,0,EC
-2450.25,173.5,0,EC
-2067.75,175.5,0,EC
-2445.75,204.5,0,EC
-2847.25,207.5,0,EC
-2863.75,215.5,0,EC
-2849.25,226.5,0,EC
-2523.25,226.5,0,EC
-2481.25,238.5,0,EC
-2840.75,249,0,EC
-2739.25,307.5,0,EC
-2265.75,351,0,EC
-2266.25,385,0,EC
-2755.75,415,0,EC
-1656.25,-329,0,EC
-1680.25,-333.5,0,EC
-1431.25,-315,0,EC
-1898.25,-304,0,EC
-1442.25,-303.5,0,EC
-1643.75,-303,0,EC
-1691.75,-284.5,0,EC
-1760.25,-251.5,0,EC
-1525.75,-259.5,0,EC
-1785.75,-247.5,0,EC
-1272.25,-241.5,0,EC
-1382.75,-233.5,0,EC
-1787.75,-233.5,0,EC
-1277.25,-226,0,EC
-1406.25,-217,0,EC
-1427.75,-223.5,0,EC
-1462.25,-220,0,EC
-1366.25,-214.5,0,EC
-1481.25,-210.5,0,EC
-1390.25,-210,0,EC
-1736.25,-195,0,EC
-1441.25,-206,0,EC
-1584.25,-200,0,EC
-1426.25,-200,0,EC
-1481.75,-184.5,0,EC
-1452.25,-181,0,EC
-1429.75,-183.5,0,EC
-1702.75,-175,0,EC
-1576.25,-181,0,EC
-1922.75,-171,0,EC
-1734.75,-168.5,0,EC
-1767.25,-162.5,0,EC
-1659.75,-157.5,0,EC
-1911.25,-149,0,EC
-1745.75,-153,0,EC
-1727.25,-147.5,0,EC
-1883.75,-139.5,0,EC
-1674.25,-145.5,0,EC
-1930.75,-142,0,EC
-1905.75,-133.5,0,EC
-2053.75,-123.5,0,EC
-1989.75,-126.5,0,EC
-1857.75,-129,0,EC
-1931.25,-127,0,EC
-1313.25,-119,0,EC
-1862.25,-114.5,0,EC
-1906.75,-109,0,EC
-1775.25,-106,0,EC
-2051.75,-107,0,EC
-1879.25,-100.5,0,EC
-1448.75,-95,0,EC
-1312.25,-90.5,0,EC
-1589.25,-85,0,EC
-1438.25,-84.5,0,EC
-2061.25,-80.5,0,EC
-1978.25,-83.5,0,EC
-1979.25,-72.5,0,EC
-1327.75,-69,0,EC
-1955.25,-60,0,EC
-1301.75,-63.5,0,EC
-2061.75,-57.5,0,EC
-1317.75,-46.5,0,EC
-1293.25,-45.5,0,EC
-2043.25,-44,0,EC
-1970.25,-25,0,EC
-1932.75,-34.5,0,EC
-1943.25,-23,0,EC
-2020.25,-19.5,0,EC
-1945.75,-6.5,0,EC
-1993.75,-10,0,EC
-1510.75,-8.5,0,EC
-2017.25,-5.5,0,EC
-2034.75,-3,0,EC
-1807.25,13.5,0,EC
-2042.25,12,0,EC
-2027.75,9.5,0,EC
-1997.75,8.5,0,EC
-1453.25,14.5,0,EC
-1831.75,19,0,EC
-1507.75,19.5,0,EC
-1292.25,40,0,EC
-1874.25,43,0,EC
-1611.25,62.5,0,EC
-1641.25,74.5,0,EC
-1676.75,82.5,0,EC
-1625.75,91.5,0,EC
-1598.75,92.5,0,EC
-1643.75,91,0,EC
-1344.25,98,0,EC
-1611.25,115,0,EC
-1648.25,124,0,EC
-1628.25,123,0,EC
-1681.25,121,0,EC
-1668.75,118.5,0,EC
-1664.75,138.5,0,EC
-1688.75,150,0,EC
-1653.75,155,0,EC
-1370.75,153.5,0,EC
-1272.25,163.5,0,EC
-1663.75,167.5,0,EC
-1396.75,182,0,EC
-1603.25,193,0,EC
-1280.75,202.5,0,EC
-1644.75,203,0,EC
-2028.25,200,0,EC
-1614.25,203,0,EC
-1668.75,210.5,0,EC
-1628.75,212,0,EC
-1637.75,231,0,EC
-2002.25,232.5,0,EC
-1666.25,249.5,0,EC
-1648.25,240.5,0,EC
-1685.25,242.5,0,EC
-1705.75,251.5,0,EC
-1629.75,248,0,EC
-1686.25,269.5,0,EC
-1707.25,273,0,EC
-1712.75,285.5,0,EC
-1673.75,290.5,0,EC
-1692.25,293,0,EC
-1720.25,303,0,EC
-1693.25,310,0,EC
-1821.25,318.5,0,EC
-1308.25,315.5,0,EC
-1855.25,316.5,0,EC
-1711.25,320.5,0,EC
-1442.75,329,0,EC
-1367.75,323,0,EC
-1747.25,322.5,0,EC
-1729.75,322,0,EC
-1275.75,323.5,0,EC
-1775.25,327,0,EC
-1694.75,323.5,0,EC
-1838.25,336,0,EC
-1798.75,341.5,0,EC
-1761.25,340.5,0,EC
-1817.75,341.5,0,EC
-1737.75,342,0,EC
-1782.25,353.5,0,EC
-1767.25,353.5,0,EC
-1844.25,358,0,EC
-1827.25,369.5,0,EC
-1796.75,367,0,EC
-1860.25,378.5,0,EC
-1651.25,382.5,0,EC
-1812.75,383.5,0,EC
-1841.75,386.5,0,EC
-1785.25,382.5,0,EC
-1683.25,392,0,EC
-1610.25,400.5,0,EC
-1641.75,397,0,EC
-1336.25,396,0,EC
-1346.25,407.5,0,EC
-1665.25,405,0,EC
-1854.25,401.5,0,EC
-1300.75,406.5,0,EC
-1836.75,414.5,0,EC
-1563.25,412,0,EC
-1534.25,408.5,0,EC
-1434.25,416.5,0,EC
-1627.75,419,0,EC
-1691.75,420,0,EC
-1467.25,416.5,0,EC
-1653.25,426,0,EC
-1862.25,423.5,0,EC
-1583.75,436,0,EC
-1538.25,429,0,EC
-1879.25,427,0,EC
-1478.75,436.5,0,EC
-1525.75,427,0,EC
-1419.75,434.5,0,EC
-1669.75,429,0,EC
-1602.75,431.5,0,EC
-1347.75,430,0,EC
-1704.75,445.5,0,EC
-1294.25,440,0,EC
-1558.75,437.5,0,EC
-1437.75,444,0,EC
-1617.75,451.5,0,EC
-1846.75,447,0,EC
-1524.75,448.5,0,EC
-1668.25,447,0,EC
-1600.25,447.5,0,EC
-1689.25,451,0,EC
-1860.25,454.5,0,EC
-783.25,-337.5,0,EC
-792.25,-315,0,EC
-856.75,-321,0,EC
-890.25,-304,0,EC
-478.25,-287.5,0,EC
-511.25,-274.5,0,EC
-494.25,-267.5,0,EC
-896.75,-268,0,EC
-472.75,-258.5,0,EC
-867.25,-259.5,0,EC
-1122.25,-252.5,0,EC
-856.25,-248,0,EC
-1249.75,-229,0,EC
-748.25,-239,0,EC
-1101.75,-222,0,EC
-848.75,-215,0,EC
-732.75,-210.5,0,EC
-871.25,-211,0,EC
-1215.25,-207,0,EC
-631.75,-198,0,EC
-1213.75,-193,0,EC
-595.75,-188.5,0,EC
-1150.25,-179,0,EC
-727.25,-177.5,0,EC
-639.25,-177,0,EC
-713.25,-171,0,EC
-602.75,-158.5,0,EC
-1203.25,-157.5,0,EC
-634.75,-156,0,EC
-1196.25,-128,0,EC
-984.75,-132.5,0,EC
-1192.75,-110.5,0,EC
-1166.25,-112.5,0,EC
-1151.75,-103.5,0,EC
-1070.75,-89,0,EC
-1163.25,-94,0,EC
-1137.75,-92,0,EC
-899.25,-85,0,EC
-925.25,-81.5,0,EC
-826.25,-83.5,0,EC
-1152.75,-75,0,EC
-1036.25,-73.5,0,EC
-1191.75,-62,0,EC
-844.75,-12.5,0,EC
-1158.75,5,0,EC
-503.25,8,0,EC
-845.25,17,0,EC
-525.75,24.5,0,EC
-499.75,22,0,EC
-1139.75,35,0,EC
-1237.25,39,0,EC
-826.25,32.5,0,EC
-787.25,39.5,0,EC
-1171.25,39.5,0,EC
-843.75,38,0,EC
-554.25,44,0,EC
-534.75,47,0,EC
-1076.25,54,0,EC
-1135.75,58,0,EC
-834.75,62,0,EC
-1231.25,66.5,0,EC
-1163.75,68,0,EC
-1195.25,79.5,0,EC
-947.75,81,0,EC
-1218.25,89.5,0,EC
-935.75,93,0,EC
-962.25,94.5,0,EC
-1171.75,106.5,0,EC
-1192.25,102,0,EC
-953.75,105,0,EC
-972.25,114,0,EC
-938.75,114.5,0,EC
-961.75,131.5,0,EC
-659.25,130,0,EC
-993.25,133,0,EC
-1011.75,139,0,EC
-677.25,140,0,EC
-866.75,150,0,EC
-1194.25,150,0,EC
-990.75,150.5,0,EC
-965.25,157,0,EC
-1159.75,163,0,EC
-672.75,156,0,EC
-1001.75,167.5,0,EC
-1191.75,170,0,EC
-973.25,170.5,0,EC
-1135.75,171.5,0,EC
-733.25,190,0,EC
-979.25,187,0,EC
-857.75,186.5,0,EC
-1257.25,195.5,0,EC
-1186.25,190,0,EC
-1138.25,191.5,0,EC
-487.75,205,0,EC
-1179.75,209,0,EC
-955.75,223,0,EC
-474.25,223,0,EC
-968.25,242.5,0,EC
-944.25,245.5,0,EC
-825.75,244,0,EC
-925.75,248,0,EC
-599.75,254.5,0,EC
-957.75,260,0,EC
-813.25,266,0,EC
-923.75,267.5,0,EC
-634.75,274.5,0,EC
-842.25,273.5,0,EC
-1106.25,283,0,EC
-937.75,286,0,EC
-990.25,301.5,0,EC
-1084.25,294.5,0,EC
-683.25,295.5,0,EC
-662.75,299.5,0,EC
-893.25,307.5,0,EC
-1260.25,307.5,0,EC
-1068.25,312,0,EC
-679.25,313,0,EC
-621.75,316.5,0,EC
-640.25,318,0,EC
-751.25,323,0,EC
-887.75,332.5,0,EC
-1257.25,327.5,0,EC
-868.25,329,0,EC
-748.75,343,0,EC
-707.75,339.5,0,EC
-929.75,338.5,0,EC
-835.75,338,0,EC
-765.75,364,0,EC
-1017.25,358,0,EC
-795.25,362.5,0,EC
-936.75,363.5,0,EC
-1031.25,370,0,EC
-1075.75,369,0,EC
-739.25,372,0,EC
-820.25,377,0,EC
-970.75,382.5,0,EC
-989.75,393.5,0,EC
-976.25,409,0,EC
-779.25,418.5,0,EC
-846.25,428.5,0,EC
-1160.25,442.5,0,EC
-849.25,445.5,0,EC
-712.25,456,0,EC
429.25,-327,0,EC
714.75,-334.5,0,EC
397.75,-308.5,0,EC
913.75,-306.5,0,EC
335.25,-304,0,EC
380.75,-295.5,0,EC
1020.25,-297.5,0,EC
423.25,-285,0,EC
427.75,-266.5,0,EC
369.25,-260.5,0,EC
988.25,-243,0,EC
424.75,-236,0,EC
370.75,-228,0,EC
386.75,-219.5,0,EC
431.75,-213,0,EC
1022.25,-213,0,EC
1053.75,-206.5,0,EC
366.25,-197.5,0,EC
753.75,-188,0,EC
435.75,-174.5,0,EC
891.75,-171.5,0,EC
385.25,-171,0,EC
918.75,-151.5,0,EC
432.75,-152,0,EC
896.25,-107,0,EC
1071.75,-98,0,EC
847.25,-90.5,0,EC
734.75,-87.5,0,EC
520.25,-82.5,0,EC
472.75,-65,0,EC
832.25,-44.5,0,EC
536.75,-37.5,0,EC
976.75,-32,0,EC
586.75,-19,0,EC
546.25,-0.5,0,EC
862.75,-2.5,0,EC
543.25,19,0,EC
823.25,28,0,EC
355.25,39,0,EC
1127.75,46.5,0,EC
386.25,54,0,EC
363.25,82.5,0,EC
413.25,106,0,EC
387.75,102.5,0,EC
1117.75,108,0,EC
735.25,116.5,0,EC
423.25,137.5,0,EC
690.75,162.5,0,EC
456.75,162,0,EC
1115.75,251,0,EC
593.75,264,0,EC
637.25,274,0,EC
666.75,278,0,EC
628.25,291,0,EC
681.75,312.5,0,EC
447.75,322,0,EC
634.25,341.5,0,EC
646.25,348,0,EC
652.25,364.5,0,EC
632.75,367.5,0,EC
639.25,384.5,0,EC
396.25,402,0,EC
1041.25,398.5,0,EC
1068.25,399.5,0,EC
651.25,402.5,0,EC
638.25,400,0,EC
958.75,410.5,0,EC
2080.75,-994,0,EC
2386.25,-989,0,EC
2334.75,-934.5,0,EC
2525.75,-717,0,EC
2565.75,-713,0,EC
2560.25,-700,0,EC
2532.25,-690,0,EC
2525.75,-677.5,0,EC
1963.25,-611,0,EC
1418.25,-339.5,0,EC
1532.75,-328.5,0,EC
1598.75,-321.5,0,EC
1351.25,-245,0,EC
1678.25,-237,0,EC
1710.75,-228,0,EC
1614.25,-226.5,0,EC
1686.25,-217,0,EC
1740.75,-224,0,EC
1671.25,-221,0,EC
1740.25,-203,0,EC
1707.75,-195.5,0,EC
1502.75,-175.5,0,EC
1737.75,-183.5,0,EC
1771.75,-166.5,0,EC
1266.25,-168,0,EC
1733.25,-160,0,EC
1318.25,-159,0,EC
1530.25,-147.5,0,EC
1347.25,-144,0,EC
1472.75,-85.5,0,EC
1800.75,-79,0,EC
1553.25,-72,0,EC
1297.75,-60.5,0,EC
1448.75,-51,0,EC
1657.25,-47.5,0,EC
1324.75,-39,0,EC
1659.75,-32.5,0,EC
1497.75,-25,0,EC
1347.75,-30,0,EC
1435.25,-2.5,0,EC
1763.25,11,0,EC
1361.75,66,0,EC
1573.75,100.5,0,EC
1568.25,149.5,0,EC
1373.75,165,0,EC
1737.25,175,0,EC
1606.75,190.5,0,EC
1902.25,199.5,0,EC
1445.25,212.5,0,EC
1460.25,217.5,0,EC
1905.75,222.5,0,EC
1369.75,227.5,0,EC
1878.75,229.5,0,EC
1513.25,248,0,EC
1208.25,271.5,0,EC
1491.75,278,0,EC
1197.25,329,0,EC
1531.75,335.5,0,EC
1272.25,354.5,0,EC
1289.25,366.5,0,EC
1506.75,396,0,EC
1601.75,399,0,EC
1380.75,399.5,0,EC
1179.75,405,0,EC
1207.25,420,0,EC
1377.75,418.5,0,EC
1290.75,439,0,EC
-269.75,461.5,0,EC
100.25,469,0,EC
123.75,467,0,EC
-117.75,470,0,EC
-2.75,474,0,EC
-94.25,483,0,EC
21.75,509.5,0,EC
109.25,509,0,EC
93.75,530.5,0,EC
231.25,534,0,EC
158.75,557.5,0,EC
209.25,557.5,0,EC
255.25,572.5,0,EC
216.75,570,0,EC
-345.25,575.5,0,EC
-321.25,595.5,0,EC
242.25,592,0,EC
-335.75,608.5,0,EC
45.75,616,0,EC
62.75,629,0,EC
-353.75,628.5,0,EC
-295.25,633.5,0,EC
-255.25,636,0,EC
41.75,646.5,0,EC
4.25,653,0,EC
-290.75,648.5,0,EC
-259.75,655,0,EC
-312.25,663.5,0,EC
18.75,669,0,EC
-280.75,676,0,EC
-250.75,675.5,0,EC
116.75,687.5,0,EC
59.25,692,0,EC
-296.25,698,0,EC
-271.25,699.5,0,EC
-18.25,707,0,EC
-298.75,715.5,0,EC
-94.25,718.5,0,EC
328.75,748,0,EC
277.75,757.5,0,EC
82.75,793.5,0,EC
139.75,802.5,0,EC
-113.75,807.5,0,EC
78.25,813.5,0,EC
-110.25,821,0,EC
-115.75,835,0,EC
73.25,837.5,0,EC
-241.75,879.5,0,EC
-260.75,887,0,EC
-1.75,898,0,EC
-268.25,907.5,0,EC
-250.75,907.5,0,EC
169.75,916,0,EC
12.75,917.5,0,EC
231.25,927,0,EC
174.75,937.5,0,EC
12.75,936,0,EC
-10.25,947.5,0,EC
329.25,958.5,0,EC
218.25,969.5,0,EC
-255.75,1001.5,0,EC
-241.75,1011.5,0,EC
-437.25,1014,0,EC
-462.75,1021.5,0,EC
291.25,1016.5,0,EC
145.75,1020.5,0,EC
-407.25,1027,0,EC
-445.25,1025,0,EC
143.25,1039.5,0,EC
-226.75,1039.5,0,EC
-438.25,1039,0,EC
-423.25,1041,0,EC
-197.25,1042,0,EC
170.75,1058.5,0,EC
-431.75,1049,0,EC
-214.75,1056,0,EC
253.75,1058.5,0,EC
-156.75,1060.5,0,EC
-298.25,1061,0,EC
-196.75,1061,0,EC
-139.25,1060,0,EC
-15.75,1070.5,0,EC
10.75,1070.5,0,EC
-33.25,1070.5,0,EC
207.25,1074,0,EC
157.25,1084.5,0,EC
183.75,1082.5,0,EC
-26.25,1084,0,EC
170.75,1081.5,0,EC
-5.25,1087.5,0,EC
-289.75,1093.5,0,EC
11.75,1098.5,0,EC
-276.25,1105.5,0,EC
-25.25,1103.5,0,EC
154.75,1105,0,EC
-301.25,1109,0,EC
-315.25,1104.5,0,EC
-42.25,1111.5,0,EC
-4.75,1110.5,0,EC
-322.75,1131.5,0,EC
-343.75,1129.5,0,EC
234.25,1131.5,0,EC
139.25,1130,0,EC
-82.25,1158.5,0,EC
-101.25,1159.5,0,EC
-116.25,1173,0,EC
257.25,1173.5,0,EC
126.25,1172.5,0,EC
-89.25,1196,0,EC
-90.25,1212,0,EC
131.25,1223.5,0,EC
201.25,1217.5,0,EC
35.75,1226.5,0,EC
121.25,1240.5,0,EC
252.75,1234,0,EC
264.25,1242,0,EC
-334.75,1242,0,EC
171.25,1254,0,EC
235.25,1252.5,0,EC
-1572.75,460,0,EC
-1420.75,462.5,0,EC
-1548.75,465.5,0,EC
-1844.75,463.5,0,EC
-1677.25,466.5,0,EC
-1297.75,476.5,0,EC
-1594.25,467.5,0,EC
-1442.25,469.5,0,EC
-1697.25,475.5,0,EC
-1860.75,476.5,0,EC
-1629.75,478.5,0,EC
-1369.75,477.5,0,EC
-1591.75,481,0,EC
-1572.25,479,0,EC
-1334.75,486,0,EC
-1664.25,488,0,EC
-1682.25,487,0,EC
-1531.75,485.5,0,EC
-1417.75,491,0,EC
-1557.25,494.5,0,EC
-1694.75,495,0,EC
-1351.75,505,0,EC
-1873.25,498,0,EC
-1968.25,501.5,0,EC
-1367.75,501.5,0,EC
-1536.25,501.5,0,EC
-1430.75,499,0,EC
-1517.75,508.5,0,EC
-1574.25,506.5,0,EC
-1558.25,507.5,0,EC
-1666.25,506.5,0,EC
-1315.25,512,0,EC
-1624.75,517.5,0,EC
-1337.25,524.5,0,EC
-1550.25,521,0,EC
-1510.75,529.5,0,EC
-1704.75,540,0,EC
-1545.75,544.5,0,EC
-1665.75,541,0,EC
-1641.75,537,0,EC
-1686.25,556.5,0,EC
-1458.25,553,0,EC
-1493.25,554.5,0,EC
-1519.25,558,0,EC
-1429.25,553.5,0,EC
-1651.25,563.5,0,EC
-1631.75,561.5,0,EC
-1556.25,569,0,EC
-1486.75,568.5,0,EC
-1699.75,570.5,0,EC
-1616.75,582,0,EC
-1591.25,581,0,EC
-1494.25,582,0,EC
-1678.75,583,0,EC
-1472.25,589.5,0,EC
-1526.25,586,0,EC
-1701.25,588.5,0,EC
-1636.25,591.5,0,EC
-1654.75,595.5,0,EC
-1509.25,601.5,0,EC
-1544.25,592,0,EC
-1601.75,602,0,EC
-1580.25,594,0,EC
-1426.25,597,0,EC
-1453.25,602,0,EC
-1405.75,607,0,EC
-1567.25,610.5,0,EC
-1380.25,603.5,0,EC
-1322.25,605.5,0,EC
-1643.75,614,0,EC
-1625.75,624.5,0,EC
-1313.25,624.5,0,EC
-1456.25,622.5,0,EC
-1794.75,637,0,EC
-1551.75,630.5,0,EC
-1766.75,630,0,EC
-1574.75,632,0,EC
-1466.75,633.5,0,EC
-1381.25,634,0,EC
-1712.75,637.5,0,EC
-1775.75,649.5,0,EC
-1415.25,643.5,0,EC
-1840.25,648.5,0,EC
-1638.25,646,0,EC
-1750.25,653,0,EC
-1674.25,654.5,0,EC
-1614.75,651,0,EC
-1404.25,650,0,EC
-1706.25,656,0,EC
-1852.75,672,0,EC
-1585.25,653,0,EC
-1637.25,663,0,EC
-1651.75,663.5,0,EC
-1823.25,666,0,EC
-1606.25,673,0,EC
-1413.75,671,0,EC
-1728.25,669,0,EC
-1694.75,673.5,0,EC
-1948.25,684,0,EC
-1767.25,676.5,0,EC
-1441.75,680.5,0,EC
-1652.25,687,0,EC
-1734.75,689,0,EC
-1584.25,689,0,EC
-1618.75,695.5,0,EC
-1874.75,686.5,0,EC
-1402.75,687,0,EC
-1888.25,689.5,0,EC
-1824.75,693,0,EC
-1966.75,702,0,EC
-1800.75,702,0,EC
-1708.75,698,0,EC
-1937.75,704,0,EC
-1855.75,706.5,0,EC
-1879.25,701.5,0,EC
-1646.75,709,0,EC
-1465.75,717.5,0,EC
-1953.25,713,0,EC
-1829.25,719,0,EC
-1413.75,712.5,0,EC
-1588.75,717,0,EC
-1927.25,718,0,EC
-1720.25,724,0,EC
-1783.75,739,0,EC
-1856.75,730.5,0,EC
-1940.75,725.5,0,EC
-1684.25,725.5,0,EC
-1887.75,735,0,EC
-1821.25,731.5,0,EC
-1910.75,733.5,0,EC
-1962.75,746,0,EC
-1654.75,734,0,EC
-1706.25,742,0,EC
-1802.25,737.5,0,EC
-1927.25,750,0,EC
-1752.75,746,0,EC
-1400.25,745.5,0,EC
-1424.75,749,0,EC
-1863.75,752,0,EC
-1952.25,754,0,EC
-1901.75,755,0,EC
-1807.25,753.5,0,EC
-1384.75,764,0,EC
-1370.75,755,0,EC
-1789.75,768,0,EC
-1435.25,759,0,EC
-1408.25,764,0,EC
-1826.75,761,0,EC
-1917.75,771,0,EC
-1737.25,766.5,0,EC
-1891.25,773,0,EC
-1758.75,765,0,EC
-1352.25,776,0,EC
-1952.75,775,0,EC
-1771.25,774,0,EC
-1809.25,776,0,EC
-1459.75,783,0,EC
-1300.25,785,0,EC
-1275.25,781,0,EC
-1872.75,781,0,EC
-1758.75,786,0,EC
-1395.25,782,0,EC
-1736.25,783.5,0,EC
-1317.75,789,0,EC
-1940.25,793,0,EC
-1921.25,794,0,EC
-1718.25,788,0,EC
-1776.25,793,0,EC
-1958.25,795.5,0,EC
-1899.25,796,0,EC
-1391.25,796,0,EC
-1858.25,805.5,0,EC
-1736.25,801,0,EC
-1310.25,801.5,0,EC
-1889.75,809,0,EC
-1477.25,815,0,EC
-1353.25,811.5,0,EC
-1902.75,822.5,0,EC
-1842.75,824.5,0,EC
-1976.25,835,0,EC
-1371.25,831.5,0,EC
-1953.25,831.5,0,EC
-1308.75,837,0,EC
-1437.75,839.5,0,EC
-1270.25,842.5,0,EC
-2006.25,842,0,EC
-1746.25,852.5,0,EC
-1715.25,854,0,EC
-1357.25,856.5,0,EC
-2001.25,862,0,EC
-1984.25,871,0,EC
-1346.25,878.5,0,EC
-2060.75,879.5,0,EC
-2025.75,885.5,0,EC
-1287.25,902,0,EC
-2064.25,898.5,0,EC
-1977.25,908.5,0,EC
-1750.75,901.5,0,EC
-1345.25,902.5,0,EC
-1731.25,909,0,EC
-1308.25,917.5,0,EC
-1267.25,920.5,0,EC
-1715.25,922,0,EC
-1334.25,925,0,EC
-1758.25,927.5,0,EC
-1287.25,936.5,0,EC
-1779.25,931.5,0,EC
-1736.25,941,0,EC
-1311.75,933.5,0,EC
-1693.25,936.5,0,EC
-1765.25,939,0,EC
-1818.75,947.5,0,EC
-1707.75,947.5,0,EC
-1363.75,946.5,0,EC
-1836.75,953.5,0,EC
-1559.75,971.5,0,EC
-1773.25,963,0,EC
-1523.75,973,0,EC
-1489.75,981,0,EC
-1734.25,968,0,EC
-1815.75,968.5,0,EC
-1841.75,977.5,0,EC
-1704.75,971,0,EC
-1779.25,974,0,EC
-1583.75,985.5,0,EC
-1721.25,988.5,0,EC
-1776.75,987,0,EC
-1807.75,995,0,EC
-1881.25,997,0,EC
-1462.75,992.5,0,EC
-1758.75,993,0,EC
-1608.75,994.5,0,EC
-1975.25,999.5,0,EC
-1561.75,994,0,EC
-1547.75,1001,0,EC
-2011.25,1008,0,EC
-1631.25,1007.5,0,EC
-1774.75,1011.5,0,EC
-1479.75,1004,0,EC
-1557.25,1017,0,EC
-1994.75,1013,0,EC
-1806.75,1017.5,0,EC
-1843.75,1023,0,EC
-1875.25,1023.5,0,EC
-1649.75,1024,0,EC
-2028.75,1027,0,EC
-1993.25,1027,0,EC
-1668.25,1029.5,0,EC
-1967.75,1030,0,EC
-1639.75,1028.5,0,EC
-1786.25,1032.5,0,EC
-1603.75,1030.5,0,EC
-1820.75,1035,0,EC
-1299.25,1033,0,EC
-1768.25,1038.5,0,EC
-2037.75,1040.5,0,EC
-1978.25,1038.5,0,EC
-1628.25,1050.5,0,EC
-1946.25,1045.5,0,EC
-1869.25,1042.5,0,EC
-1350.25,1051.5,0,EC
-1330.75,1049.5,0,EC
-1912.25,1051,0,EC
-1645.25,1049,0,EC
-1740.75,1053,0,EC
-1768.75,1054,0,EC
-1835.75,1056.5,0,EC
-1812.75,1052,0,EC
-1880.75,1055.5,0,EC
-1598.25,1060,0,EC
-1662.75,1061.5,0,EC
-1756.75,1065.5,0,EC
-1730.75,1066,0,EC
-1618.75,1070,0,EC
-1806.25,1067,0,EC
-1867.25,1071,0,EC
-1842.25,1077,0,EC
-1717.75,1077.5,0,EC
-1744.75,1085.5,0,EC
-1653.75,1081.5,0,EC
-1818.75,1081,0,EC
-1452.25,1090,0,EC
-1604.25,1082.5,0,EC
-1802.25,1082,0,EC
-1710.75,1108.5,0,EC
-1682.25,1092,0,EC
-1633.75,1099.5,0,EC
-1658.25,1100.5,0,EC
-1866.25,1101,0,EC
-1754.75,1117,0,EC
-1734.75,1115,0,EC
-1495.75,1129.5,0,EC
-1699.75,1128,0,EC
-1477.75,1133.5,0,EC
-1723.25,1145.5,0,EC
-1747.75,1143,0,EC
-1702.75,1143.5,0,EC
-1490.25,1154,0,EC
-1505.75,1159,0,EC
-1568.75,1165,0,EC
-1747.75,1168,0,EC
-1727.75,1176.5,0,EC
-1682.25,1179,0,EC
-1863.75,1166,0,EC
-1851.75,1171.5,0,EC
-1712.25,1177,0,EC
-1878.75,1179,0,EC
-1569.25,1182.5,0,EC
-1501.75,1182.5,0,EC
-1525.75,1193,0,EC
-1549.25,1205.5,0,EC
-1945.25,1210.5,0,EC
-1580.25,1208,0,EC
-1563.75,1220,0,EC
-1600.25,1216,0,EC
-1639.25,1220,0,EC
-1922.25,1228,0,EC
-1902.25,1230,0,EC
-1655.75,1228.5,0,EC
-2054.25,1232.5,0,EC
-1680.25,1233.5,0,EC
-1874.25,1243,0,EC
-1701.75,1248,0,EC
-1897.75,1247.5,0,EC
-1674.75,1250.5,0,EC
-863.25,460,0,EC
-722.75,470,0,EC
-790.75,472.5,0,EC
-852.25,483.5,0,EC
-801.75,491.5,0,EC
-1142.25,500.5,0,EC
-1194.75,494.5,0,EC
-932.75,494.5,0,EC
-1254.75,504,0,EC
-861.25,502.5,0,EC
-684.25,505,0,EC
-840.25,505,0,EC
-735.75,504,0,EC
-657.75,528,0,EC
-1201.75,530,0,EC
-633.75,547,0,EC
-951.75,549,0,EC
-929.75,561,0,EC
-651.25,565,0,EC
-791.75,567.5,0,EC
-908.75,567,0,EC
-984.75,571,0,EC
-948.75,579,0,EC
-813.25,586,0,EC
-644.75,592,0,EC
-939.75,595,0,EC
-914.75,598.5,0,EC
-634.25,620,0,EC
-898.75,660,0,EC
-873.75,668.5,0,EC
-1108.25,671.5,0,EC
-1125.25,687.5,0,EC
-836.25,697,0,EC
-813.75,700,0,EC
-1181.75,701.5,0,EC
-757.25,704.5,0,EC
-1124.75,714,0,EC
-1096.25,710,0,EC
-800.75,712.5,0,EC
-1173.25,710.5,0,EC
-778.75,711.5,0,EC
-765.25,721,0,EC
-1211.25,723.5,0,EC
-1173.25,733.5,0,EC
-631.25,725,0,EC
-747.75,728,0,EC
-1196.25,735.5,0,EC
-1221.75,739.5,0,EC
-1230.75,751,0,EC
-1218.25,760.5,0,EC
-1158.75,765,0,EC
-1177.75,762,0,EC
-523.25,761.5,0,EC
-1192.25,759.5,0,EC
-502.25,768,0,EC
-1235.75,774,0,EC
-1192.75,770,0,EC
-1135.25,772.5,0,EC
-469.75,775.5,0,EC
-1144.75,784.5,0,EC
-491.75,781.5,0,EC
-1163.25,784,0,EC
-1200.75,791.5,0,EC
-742.25,791,0,EC
-1181.25,786.5,0,EC
-1122.75,793,0,EC
-1256.75,796.5,0,EC
-1154.75,799,0,EC
-1176.25,809.5,0,EC
-1231.75,804.5,0,EC
-1209.75,808,0,EC
-1137.75,809,0,EC
-950.25,817.5,0,EC
-1196.25,826,0,EC
-1164.75,826,0,EC
-1235.75,826,0,EC
-992.75,832.5,0,EC
-945.75,834.5,0,EC
-1251.25,840.5,0,EC
-1158.25,843.5,0,EC
-1127.25,853.5,0,EC
-1212.25,843,0,EC
-959.75,846,0,EC
-973.75,855,0,EC
-911.75,864.5,0,EC
-1172.25,861.5,0,EC
-1102.25,859.5,0,EC
-1246.25,859,0,EC
-1147.75,878.5,0,EC
-1260.75,874,0,EC
-957.75,867,0,EC
-1095.75,878,0,EC
-1120.75,881,0,EC
-893.75,888,0,EC
-1172.25,886,0,EC
-610.25,889,0,EC
-517.25,884,0,EC
-575.25,885.5,0,EC
-594.25,894.5,0,EC
-1264.25,895.5,0,EC
-574.75,897,0,EC
-502.25,897,0,EC
-558.25,902,0,EC
-485.25,903,0,EC
-1186.25,910,0,EC
-1152.75,915.5,0,EC
-555.75,922,0,EC
-1092.75,926,0,EC
-592.75,923,0,EC
-1167.75,928,0,EC
-1139.25,933,0,EC
-1104.75,944.5,0,EC
-1155.25,955,0,EC
-1174.75,954,0,EC
-1126.75,958,0,EC
-1113.75,968,0,EC
-1175.25,974,0,EC
-1152.75,974,0,EC
-492.25,996.5,0,EC
-471.25,1003.5,0,EC
-651.25,1013,0,EC
-484.75,1016,0,EC
-633.25,1019.5,0,EC
-643.75,1026.5,0,EC
-486.75,1034,0,EC
-469.25,1052.5,0,EC
-1254.25,1093,0,EC
-929.25,1109,0,EC
-913.25,1111.5,0,EC
-947.75,1121.5,0,EC
-916.75,1127.5,0,EC
-1043.25,1130.5,0,EC
-978.75,1124,0,EC
-619.25,1131,0,EC
-1105.75,1144,0,EC
-640.75,1144.5,0,EC
-918.25,1158,0,EC
-674.75,1156,0,EC
-964.75,1163.5,0,EC
-656.25,1160,0,EC
-941.75,1179,0,EC
-995.75,1184,0,EC
-1052.75,1191.5,0,EC
-745.25,1193.5,0,EC
-731.75,1189.5,0,EC
-1038.75,1195.5,0,EC
-771.75,1198.5,0,EC
-778.75,1223.5,0,EC
-753.75,1223.5,0,EC
-1051.75,1231.5,0,EC
-1085.75,1229.5,0,EC
-804.75,1236,0,EC
-822.25,1235.5,0,EC
-704.75,1236,0,EC
-760.25,1250.5,0,EC
-686.75,1251.5,0,EC
-3059.25,458,0,EC
-3081.75,469,0,EC
-3024.25,474,0,EC
-3059.25,511,0,EC
-3088.75,510.5,0,EC
-3084.25,530,0,EC
-3064.25,529.5,0,EC
-3077.25,540.5,0,EC
-2867.75,550.5,0,EC
-3104.75,553.5,0,EC
-3075.25,553,0,EC
-3164.25,565,0,EC
-3195.75,566.5,0,EC
-3142.75,571,0,EC
-3104.75,570.5,0,EC
-3075.25,571.5,0,EC
-3211.75,583.5,0,EC
-3182.75,587.5,0,EC
-3125.25,585,0,EC
-3151.75,591.5,0,EC
-3187.25,608.5,0,EC
-3205.75,615,0,EC
-3190.75,628.5,0,EC
-3209.25,640.5,0,EC
-3169.75,646,0,EC
-2964.75,657.5,0,EC
-3137.75,663,0,EC
-3199.75,670,0,EC
-2930.75,669,0,EC
-3167.75,678,0,EC
-3133.75,674,0,EC
-3114.25,682,0,EC
-2930.25,684,0,EC
-3142.25,697,0,EC
-2934.25,706.5,0,EC
-3136.25,721.5,0,EC
-3164.75,730.5,0,EC
-3118.25,727.5,0,EC
-2867.75,743.5,0,EC
-3128.25,747,0,EC
-3109.25,763.5,0,EC
-2914.25,772,0,EC
-3128.75,771.5,0,EC
-2887.75,777,0,EC
-2932.25,788.5,0,EC
-2903.75,788,0,EC
-3115.75,794.5,0,EC
-2893.75,808,0,EC
-2917.25,811.5,0,EC
-3109.25,815.5,0,EC
-2923.75,838,0,EC
-2895.25,845.5,0,EC
-2894.75,872,0,EC
-2941.75,885.5,0,EC
-2905.75,891,0,EC
-2939.75,906.5,0,EC
-2934.75,930.5,0,EC
-2940.25,1026.5,0,EC
-3077.75,1049.5,0,EC
-2956.75,1050,0,EC
-2971.75,1054.5,0,EC
-2881.25,1071,0,EC
-3066.75,1071.5,0,EC
-3044.75,1073,0,EC
-3151.25,1071.5,0,EC
-2907.75,1081.5,0,EC
-3177.25,1079.5,0,EC
-2938.75,1090.5,0,EC
-3168.25,1095.5,0,EC
-3077.75,1095.5,0,EC
-3054.75,1100,0,EC
-3097.25,1100.5,0,EC
-3071.75,1110.5,0,EC
-2933.75,1109,0,EC
-3103.25,1132.5,0,EC
-3025.25,1139,0,EC
-2917.75,1135.5,0,EC
-3077.25,1138,0,EC
-3000.25,1139.5,0,EC
-3094.25,1140.5,0,EC
-3032.75,1152.5,0,EC
-2926.25,1156.5,0,EC
-3100.25,1153.5,0,EC
-3069.75,1151.5,0,EC
-2901.75,1163.5,0,EC
-2921.75,1172.5,0,EC
-2906.75,1200,0,EC
-2452.25,473,0,EC
-2459.75,498.5,0,EC
-2228.25,489.5,0,EC
-2485.75,504,0,EC
-2420.25,516,0,EC
-2453.25,517.5,0,EC
-2463.25,521,0,EC
-2489.25,538,0,EC
-2805.25,535.5,0,EC
-2424.25,535.5,0,EC
-2529.75,543.5,0,EC
-2066.75,545,0,EC
-2801.75,552,0,EC
-2548.25,549.5,0,EC
-2092.75,552.5,0,EC
-2572.75,563.5,0,EC
-2473.75,554.5,0,EC
-2507.75,562.5,0,EC
-2489.75,571.5,0,EC
-2865.25,568,0,EC
-2538.75,573,0,EC
-2526.75,585,0,EC
-2557.75,572.5,0,EC
-2260.75,571,0,EC
-2474.75,575,0,EC
-2463.25,577.5,0,EC
-2600.75,585.5,0,EC
-2577.25,586.5,0,EC
-2547.75,593.5,0,EC
-2478.25,594.5,0,EC
-2445.75,597,0,EC
-2561.75,628,0,EC
-2661.25,606.5,0,EC
-2610.25,610,0,EC
-2512.75,614,0,EC
-2579.25,615.5,0,EC
-2434.25,614.5,0,EC
-2488.25,613.5,0,EC
-2645.25,610.5,0,EC
-2464.75,617,0,EC
-2547.25,621,0,EC
-2175.25,621,0,EC
-2606.25,627.5,0,EC
-2452.75,630,0,EC
-2664.75,632,0,EC
-2495.75,641.5,0,EC
-2531.75,637,0,EC
-2480.25,647.5,0,EC
-2517.75,641,0,EC
-2461.25,655.5,0,EC
-2608.75,653.5,0,EC
-2666.75,657.5,0,EC
-2646.25,654,0,EC
-2686.25,666,0,EC
-2518.25,671,0,EC
-2498.25,674,0,EC
-2552.25,674,0,EC
-2656.25,675,0,EC
-2325.75,677.5,0,EC
-2461.25,677.5,0,EC
-2357.75,675.5,0,EC
-2347.75,692,0,EC
-2536.25,684.5,0,EC
-2116.25,690,0,EC
-2362.75,689.5,0,EC
-2701.75,697,0,EC
-2453.25,700,0,EC
-2437.75,703.5,0,EC
-2416.75,695.5,0,EC
-2550.75,695,0,EC
-2521.25,696.5,0,EC
-2668.75,700.5,0,EC
-2139.25,705.5,0,EC
-2109.25,702.5,0,EC
-2541.75,706,0,EC
-2505.25,705,0,EC
-2661.25,718.5,0,EC
-2708.75,713,0,EC
-2686.75,713.5,0,EC
-2419.75,718,0,EC
-2099.25,720.5,0,EC
-2455.25,725,0,EC
-2502.75,725,0,EC
-2485.25,724.5,0,EC
-2703.75,726.5,0,EC
-2432.25,735,0,EC
-2651.25,739,0,EC
-2608.75,747,0,EC
-2409.75,738.5,0,EC
-2491.25,741.5,0,EC
-2444.25,751.5,0,EC
-2298.75,750,0,EC
-2634.75,756.5,0,EC
-2533.25,750.5,0,EC
-2462.25,753,0,EC
-2086.25,758.5,0,EC
-2667.75,759,0,EC
-2409.25,758.5,0,EC
-2498.25,756,0,EC
-2327.25,759.5,0,EC
-2381.25,762,0,EC
-2530.75,766.5,0,EC
-2555.25,767.5,0,EC
-2352.25,770.5,0,EC
-2516.25,765.5,0,EC
-2432.75,776.5,0,EC
-2589.25,770.5,0,EC
-2545.25,775,0,EC
-2470.25,779,0,EC
-2407.75,779.5,0,EC
-2305.25,780,0,EC
-2272.25,780.5,0,EC
-2491.25,786.5,0,EC
-2457.25,779.5,0,EC
-2504.25,782,0,EC
-2375.75,780,0,EC
-2581.25,782.5,0,EC
-2531.75,808,0,EC
-2083.75,793.5,0,EC
-2636.75,801,0,EC
-2201.25,790.5,0,EC
-2343.75,793.5,0,EC
-2596.75,795,0,EC
-2318.75,790,0,EC
-2542.25,792,0,EC
-2268.75,791,0,EC
-2612.75,797,0,EC
-2368.75,798,0,EC
-2256.25,804.5,0,EC
-2451.75,799,0,EC
-2238.75,801,0,EC
-2435.25,804,0,EC
-2405.75,804.5,0,EC
-2219.25,810.5,0,EC
-2073.25,808,0,EC
-2190.25,814,0,EC
-2499.25,815.5,0,EC
-2603.25,815,0,EC
-2586.25,817.5,0,EC
-2347.75,816,0,EC
-2626.75,822,0,EC
-2358.75,816.5,0,EC
-2447.25,824,0,EC
-2082.25,833.5,0,EC
-2648.25,832,0,EC
-2520.75,834.5,0,EC
-2503.25,830.5,0,EC
-2195.25,830.5,0,EC
-2417.25,828.5,0,EC
-2577.25,833.5,0,EC
-2229.25,840,0,EC
-2201.25,849.5,0,EC
-2627.25,838,0,EC
-2599.25,842,0,EC
-2560.75,848,0,EC
-2168.75,843,0,EC
-2145.75,839.5,0,EC
-2406.25,840,0,EC
-2247.25,846.5,0,EC
-2184.75,849.5,0,EC
-2424.75,850.5,0,EC
-2271.75,857.5,0,EC
-2354.25,852.5,0,EC
-2072.25,855,0,EC
-2398.75,872,0,EC
-2332.75,861,0,EC
-2285.75,864,0,EC
-2418.25,864,0,EC
-2310.25,867,0,EC
-2076.25,871.5,0,EC
-2611.25,871.5,0,EC
-2594.75,867,0,EC
-2575.75,871,0,EC
-2099.75,870,0,EC
-2551.25,869,0,EC
-2352.75,870,0,EC
-2642.25,878.5,0,EC
-2267.75,872.5,0,EC
-2371.75,884.5,0,EC
-2426.75,884.5,0,EC
-2311.25,880.5,0,EC
-2675.75,884.5,0,EC
-2098.25,890,0,EC
-2650.25,895,0,EC
-2622.75,892.5,0,EC
-2084.75,898,0,EC
-2322.25,897,0,EC
-2387.75,900.5,0,EC
-2409.25,902,0,EC
-2607.75,907,0,EC
-2441.75,911,0,EC
-2627.75,909,0,EC
-2346.75,911,0,EC
-2687.75,907.5,0,EC
-2423.75,909.5,0,EC
-2405.25,913,0,EC
-2535.75,914,0,EC
-2388.25,919.5,0,EC
-2561.25,926.5,0,EC
-2364.75,918,0,EC
-2647.75,925.5,0,EC
-2670.25,923,0,EC
-2424.25,926,0,EC
-2687.25,929,0,EC
-2527.25,926,0,EC
-2454.75,935.5,0,EC
-2611.75,931,0,EC
-2538.75,926.5,0,EC
-2583.75,932.5,0,EC
-2509.75,930,0,EC
-2638.75,935,0,EC
-2341.75,940.5,0,EC
-2491.75,934.5,0,EC
-2428.25,947,0,EC
-2403.25,942.5,0,EC
-2368.75,944,0,EC
-2513.75,943,0,EC
-2468.75,945,0,EC
-2390.75,946,0,EC
-2631.25,949,0,EC
-2528.75,950,0,EC
-2485.75,953,0,EC
-2556.25,952,0,EC
-2603.75,953.5,0,EC
-2663.25,959.5,0,EC
-2350.25,956,0,EC
-2695.25,964.5,0,EC
-2415.75,969,0,EC
-2371.75,969,0,EC
-2554.25,971.5,0,EC
-2619.25,977.5,0,EC
-2479.75,977.5,0,EC
-2570.25,983.5,0,EC
-2395.25,982,0,EC
-2698.75,981,0,EC
-2670.25,989,0,EC
-2533.25,987.5,0,EC
-2505.75,986.5,0,EC
-2445.75,994,0,EC
-2703.25,993.5,0,EC
-2633.25,997.5,0,EC
-2390.75,998,0,EC
-2554.75,1001.5,0,EC
-2362.25,1002,0,EC
-2686.25,1009,0,EC
-2650.75,1013.5,0,EC
-2500.75,1008.5,0,EC
-2358.25,1012.5,0,EC
-2536.75,1011.5,0,EC
-2625.75,1016,0,EC
-2489.75,1022.5,0,EC
-2507.75,1021,0,EC
-2663.25,1025,0,EC
-2528.25,1024,0,EC
-2550.25,1025,0,EC
-2405.25,1036,0,EC
-2235.25,1033,0,EC
-2483.75,1037.5,0,EC
-2377.75,1031.5,0,EC
-2359.25,1033,0,EC
-2218.75,1039.5,0,EC
-2525.25,1050.5,0,EC
-2271.25,1055,0,EC
-2703.25,1057.5,0,EC
-2511.75,1057.5,0,EC
-2226.75,1062.5,0,EC
-2395.25,1067,0,EC
-2723.75,1060.5,0,EC
-2367.25,1068,0,EC
-2254.75,1064.5,0,EC
-2594.25,1068,0,EC
-2530.75,1071,0,EC
-2489.25,1075,0,EC
-2856.75,1076,0,EC
-2675.25,1077.5,0,EC
-2712.75,1078.5,0,EC
-2417.75,1080.5,0,EC
-2187.75,1076.5,0,EC
-2642.75,1080,0,EC
-2581.25,1081.5,0,EC
-2501.25,1082,0,EC
-2209.25,1089.5,0,EC
-2866.25,1090.5,0,EC
-2234.25,1089,0,EC
-2579.75,1099,0,EC
-2442.75,1095,0,EC
-2838.75,1105,0,EC
-2703.25,1103.5,0,EC
-2199.75,1103,0,EC
-2280.25,1101.5,0,EC
-2173.75,1108.5,0,EC
-2228.25,1108,0,EC
-2187.75,1116.5,0,EC
-2823.25,1117,0,EC
-2596.25,1119,0,EC
-2498.75,1118.5,0,EC
-2201.75,1123.5,0,EC
-2219.75,1124.5,0,EC
-2851.75,1122,0,EC
-2240.25,1119,0,EC
-2723.25,1124.5,0,EC
-2553.25,1122,0,EC
-2282.25,1121,0,EC
-2653.25,1130,0,EC
-2576.25,1130.5,0,EC
-2701.25,1134.5,0,EC
-2526.75,1129.5,0,EC
-2182.25,1135.5,0,EC
-2826.25,1139,0,EC
-2860.75,1145.5,0,EC
-2594.25,1139.5,0,EC
-2240.75,1139.5,0,EC
-2783.25,1147,0,EC
-2216.25,1139.5,0,EC
-2126.75,1145.5,0,EC
-2494.75,1147,0,EC
-2202.75,1149,0,EC
-2467.25,1149,0,EC
-2717.75,1152,0,EC
-2229.25,1151,0,EC
-2162.25,1162,0,EC
-2674.25,1156.5,0,EC
-2385.75,1158,0,EC
-2188.75,1162.5,0,EC
-2140.75,1158,0,EC
-2478.25,1160.5,0,EC
-2210.75,1159.5,0,EC
-2507.75,1170,0,EC
-2234.25,1169,0,EC
-2806.75,1169.5,0,EC
-2284.75,1164.5,0,EC
-2418.75,1171,0,EC
-2124.75,1168,0,EC
-2392.25,1172,0,EC
-2706.25,1174.5,0,EC
-2666.75,1172.5,0,EC
-2466.75,1176.5,0,EC
-2822.75,1174.5,0,EC
-2438.25,1178.5,0,EC
-2203.75,1180.5,0,EC
-2857.25,1180,0,EC
-2574.75,1182.5,0,EC
-2541.25,1187,0,EC
-2687.75,1181,0,EC
-2521.75,1183.5,0,EC
-2353.25,1189.5,0,EC
-2833.25,1195,0,EC
-2455.25,1186.5,0,EC
-2798.75,1187.5,0,EC
-2669.25,1194,0,EC
-2183.25,1189.5,0,EC
-2808.75,1190,0,EC
-2426.75,1193.5,0,EC
-2789.75,1197,0,EC
-2697.25,1193.5,0,EC
-2282.75,1192,0,EC
-2475.75,1197,0,EC
-2507.25,1194,0,EC
-2197.75,1198,0,EC
-2219.75,1198.5,0,EC
-2492.25,1203.5,0,EC
-2390.75,1199.5,0,EC
-2340.75,1201,0,EC
-2855.25,1204.5,0,EC
-2324.75,1204.5,0,EC
-2765.25,1210,0,EC
-2359.75,1211,0,EC
-2460.25,1217,0,EC
-2127.75,1215,0,EC
-2642.75,1213,0,EC
-2191.75,1210.5,0,EC
-2159.75,1214,0,EC
-2541.25,1211,0,EC
-2421.75,1214,0,EC
-2208.25,1208,0,EC
-2613.25,1214,0,EC
-2275.75,1231,0,EC
-2516.75,1216.5,0,EC
-2440.75,1216.5,0,EC
-2315.25,1215.5,0,EC
-2661.75,1226,0,EC
-2478.75,1216,0,EC
-2400.25,1216.5,0,EC
-2339.75,1220.5,0,EC
-2695.25,1221,0,EC
-2784.25,1230.5,0,EC
-2352.25,1224,0,EC
-2189.25,1227,0,EC
-2081.25,1227,0,EC
-2148.75,1234.5,0,EC
-2099.75,1227.5,0,EC
-2493.25,1230,0,EC
-2198.75,1234.5,0,EC
-2677.25,1232.5,0,EC
-2435.75,1237.5,0,EC
-2331.25,1236,0,EC
-2623.25,1237.5,0,EC
-2090.75,1241,0,EC
-2409.25,1242,0,EC
-2384.75,1237.5,0,EC
-2363.25,1240.5,0,EC
-2794.75,1247.5,0,EC
-2639.75,1253,0,EC
-2568.75,1245.5,0,EC
-2591.75,1255.5,0,EC
-2455.25,1250.5,0,EC
-2291.75,1248.5,0,EC
-2246.25,1247,0,EC
-2670.25,1256.5,0,EC
-2320.75,1253,0,EC
-2384.25,1256.5,0,EC
1066.75,562,0,EC
1062.25,579,0,EC
970.75,611,0,EC
952.75,628,0,EC
980.25,645,0,EC
611.75,659.5,0,EC
657.75,664.5,0,EC
641.75,742,0,EC
794.75,728,0,EC
385.75,738.5,0,EC
627.25,748,0,EC
660.75,751.5,0,EC
367.25,753.5,0,EC
515.25,779,0,EC
640.75,776.5,0,EC
391.75,786.5,0,EC
638.25,791.5,0,EC
504.25,804.5,0,EC
878.75,829,0,EC
630.25,823.5,0,EC
860.75,838,0,EC
904.75,859,0,EC
1118.25,892.5,0,EC
617.75,897.5,0,EC
1129.75,907,0,EC
690.25,945.5,0,EC
342.25,943,0,EC
546.75,983,0,EC
686.75,977.5,0,EC
795.75,1025,0,EC
756.75,1047,0,EC
400.25,1089,0,EC
751.75,1094.5,0,EC
732.75,1111.5,0,EC
1023.25,1121,0,EC
382.75,1139.5,0,EC
742.25,1146,0,EC
742.75,1165.5,0,EC
959.75,1171,0,EC
728.25,1214,0,EC
543.25,1229,0,EC
1284.25,468.5,0,EC
1614.25,467,0,EC
1173.75,471.5,0,EC
1193.75,482.5,0,EC
1294.75,490,0,EC
1294.75,522.5,0,EC
1325.75,530.5,0,EC
1357.25,575.5,0,EC
1480.25,563.5,0,EC
1499.75,572,0,EC
1405.75,573,0,EC
1517.75,569.5,0,EC
1330.25,579.5,0,EC
1432.25,591.5,0,EC
1511.25,590.5,0,EC
1376.75,594.5,0,EC
1533.75,600.5,0,EC
1563.75,602,0,EC
1583.75,604.5,0,EC
1187.25,615,0,EC
1240.25,670,0,EC
1544.75,678.5,0,EC
1191.25,682.5,0,EC
1252.75,696,0,EC
1189.75,741,0,EC
1290.25,756.5,0,EC
1321.75,769.5,0,EC
1347.25,1023.5,0,EC
1340.25,1040,0,EC
1332.25,1058.5,0,EC
1717.25,1067.5,0,EC
1439.25,1074.5,0,EC
1757.75,1098,0,EC
1704.75,1112.5,0,EC
1201.25,1115.5,0,EC
1212.75,1119,0,EC
1479.75,1123.5,0,EC
1698.25,1135,0,EC
1192.75,1143,0,EC
1231.25,1151,0,EC
1446.25,1153.5,0,EC
1430.75,1168,0,EC
1357.25,1211,0,EC
1275.25,1225,0,EC
1184.75,1225.5,0,EC
1783.25,1228,0,EC
1753.25,1257,0,EC
1415.75,1257,0,EC
3370.75,1167.5,0,EC
3383.25,1174.5,0,EC
3301.75,1183.5,0,EC
3274.25,1192.5,0,EC
3318.25,1189,0,EC
3338.25,1202,0,EC
3497.25,1200.5,0,EC
3249.75,1198,0,EC
3294.75,1204.5,0,EC
3525.75,1210.5,0,EC
3481.75,1210.5,0,EC
3260.25,1217.5,0,EC
3375.25,1218,0,EC
-2618.75,1260,0,EC
-2308.75,1261.5,0,EC
-2637.25,1258,0,EC
-2431.25,1257.5,0,EC
-2278.25,1266,0,EC
-2761.25,1264.5,0,EC
-2360.25,1267.5,0,EC
-2332.75,1263.5,0,EC
-2385.75,1273.5,0,EC
-2605.75,1277,0,EC
-2340.75,1277,0,EC
-2640.25,1281,0,EC
-2569.25,1282,0,EC
-2314.75,1293.5,0,EC
-2591.75,1289,0,EC
-2253.25,1290,0,EC
-2550.75,1294,0,EC
-2296.75,1296.5,0,EC
-2528.75,1300,0,EC
-2629.25,1296,0,EC
-2612.75,1305,0,EC
-2275.25,1301.5,0,EC
-2242.25,1300.5,0,EC
-2400.75,1306.5,0,EC
-2580.75,1308,0,EC
-2507.75,1309.5,0,EC
-2139.25,1311,0,EC
-2778.25,1310,0,EC
-2378.25,1313.5,0,EC
-2549.25,1315.5,0,EC
-2564.75,1316.5,0,EC
-2268.75,1317,0,EC
-2291.75,1318.5,0,EC
-2484.75,1326.5,0,EC
-2523.25,1324.5,0,EC
-2333.25,1321.5,0,EC
-2581.75,1323,0,EC
-2410.75,1335,0,EC
-2360.25,1329.5,0,EC
-2763.25,1325.5,0,EC
-2447.25,1326.5,0,EC
-2306.75,1340.5,0,EC
-2386.75,1332,0,EC
-2459.75,1334,0,EC
-2284.25,1338.5,0,EC
-2146.75,1335.5,0,EC
-2262.25,1335.5,0,EC
-2443.75,1347,0,EC
-2521.75,1344.5,0,EC
-2334.25,1346,0,EC
-2366.25,1346.5,0,EC
-2855.25,1351,0,EC
-2497.25,1353.5,0,EC
-2571.75,1358,0,EC
-2475.75,1354.5,0,EC
-2779.75,1357.5,0,EC
-2758.75,1361.5,0,EC
-2281.75,1365.5,0,EC
-2259.25,1363.5,0,EC
-2842.25,1364,0,EC
-2311.25,1364,0,EC
-2452.25,1363,0,EC
-2151.75,1368,0,EC
-2228.25,1364.5,0,EC
-2789.25,1370,0,EC
-2201.75,1370,0,EC
-2172.75,1367.5,0,EC
-2741.75,1373,0,EC
-2813.25,1377,0,EC
-2377.25,1378.5,0,EC
-2217.25,1381.5,0,EC
-2763.75,1380.5,0,EC
-2304.75,1380,0,EC
-2242.75,1386.5,0,EC
-2324.75,1383,0,EC
-2271.25,1392,0,EC
-2188.75,1391.5,0,EC
-2362.25,1392.5,0,EC
-2174.75,1393.5,0,EC
-2345.25,1397,0,EC
-2294.25,1396,0,EC
-2225.25,1405.5,0,EC
-2334.75,1407.5,0,EC
-2203.75,1406.5,0,EC
-2250.25,1407,0,EC
-2769.25,1412.5,0,EC
-2313.25,1405.5,0,EC
-2182.75,1408,0,EC
-2745.75,1413.5,0,EC
-2151.25,1412.5,0,EC
-2272.75,1416,0,EC
-2132.25,1417.5,0,EC
-2112.25,1416,0,EC
-2173.25,1419.5,0,EC
-2355.25,1419,0,EC
-2296.75,1417.5,0,EC
-2253.75,1425,0,EC
-2723.25,1424.5,0,EC
-2206.25,1426.5,0,EC
-2229.25,1425.5,0,EC
-2738.25,1435.5,0,EC
-2305.25,1438,0,EC
-2169.25,1442.5,0,EC
-2324.25,1435.5,0,EC
-2756.25,1440.5,0,EC
-2269.75,1441,0,EC
-2237.75,1441,0,EC
-2224.25,1445,0,EC
-2199.25,1452,0,EC
-2107.75,1448,0,EC
-2252.25,1451,0,EC
-2748.25,1456.5,0,EC
-2269.75,1465,0,EC
-2315.25,1461.5,0,EC
-2125.75,1464,0,EC
-2159.25,1465.5,0,EC
-2181.75,1475.5,0,EC
-2103.75,1470.5,0,EC
-2194.25,1481.5,0,EC
-2526.75,1489.5,0,EC
-2831.75,1496.5,0,EC
-2215.75,1489.5,0,EC
-2856.75,1495.5,0,EC
-2277.75,1497.5,0,EC
-2262.25,1497.5,0,EC
-2195.25,1502.5,0,EC
-2846.75,1512,0,EC
-2259.75,1509.5,0,EC
-2823.75,1521,0,EC
-2270.25,1524.5,0,EC
-2806.75,1527.5,0,EC
-2637.25,1528.5,0,EC
-2742.75,1534,0,EC
-2514.25,1531,0,EC
-2725.25,1535.5,0,EC
-2217.25,1545,0,EC
-2270.75,1544,0,EC
-2736.75,1559,0,EC
-2240.25,1551.5,0,EC
-2497.25,1547.5,0,EC
-2763.75,1571.5,0,EC
-2243.25,1569.5,0,EC
-2208.25,1572,0,EC
-2577.25,1586,0,EC
-2553.75,1591,0,EC
-2726.25,1604,0,EC
-2586.75,1600,0,EC
-2568.25,1603.5,0,EC
-2553.75,1612,0,EC
-2333.75,1614.5,0,EC
-2346.75,1618,0,EC
-2102.75,1616,0,EC
-2563.75,1630.5,0,EC
-2310.75,1639,0,EC
-2581.25,1641.5,0,EC
-2296.75,1656,0,EC
-2089.75,1653,0,EC
-2265.75,1666.5,0,EC
-2227.75,1664.5,0,EC
-2346.25,1686.5,0,EC
-2211.75,1677.5,0,EC
-2177.25,1682,0,EC
-2364.25,1678.5,0,EC
-2137.75,1690,0,EC
-2098.75,1686.5,0,EC
-2285.25,1681.5,0,EC
-2113.75,1680.5,0,EC
-2251.25,1685,0,EC
-2279.25,1693,0,EC
-2223.75,1702.5,0,EC
-2202.25,1696,0,EC
-2246.75,1695.5,0,EC
-2117.75,1694.5,0,EC
-2378.75,1700,0,EC
-2162.75,1700,0,EC
-2360.75,1700.5,0,EC
-2264.75,1707.5,0,EC
-2321.25,1711.5,0,EC
-2395.75,1715,0,EC
-2083.25,1713,0,EC
-2455.75,1713.5,0,EC
-2110.75,1713.5,0,EC
-2673.25,1724.5,0,EC
-2419.75,1712.5,0,EC
-2360.75,1721,0,EC
-2337.75,1718,0,EC
-2302.75,1721.5,0,EC
-2243.75,1721.5,0,EC
-2376.25,1719,0,EC
-2124.25,1720.5,0,EC
-2417.25,1726,0,EC
-2641.25,1725.5,0,EC
-2620.75,1734,0,EC
-2381.75,1732.5,0,EC
-2163.25,1728.5,0,EC
-2339.25,1733.5,0,EC
-2654.75,1735,0,EC
-2323.25,1740,0,EC
-2080.75,1745.5,0,EC
-2605.75,1739,0,EC
-2141.75,1739,0,EC
-2360.75,1743,0,EC
-2304.75,1742,0,EC
-2159.25,1752,0,EC
-2681.25,1750,0,EC
-2630.25,1753.5,0,EC
-2643.75,1757.5,0,EC
-2665.25,1759.5,0,EC
-2604.75,1759.5,0,EC
-2099.25,1760,0,EC
-2144.75,1763.5,0,EC
-2346.75,1764,0,EC
-2315.75,1767.5,0,EC
-2172.75,1769,0,EC
-2368.75,1772.5,0,EC
-2084.75,1769.5,0,EC
-2150.25,1774.5,0,EC
-2583.75,1779.5,0,EC
-2556.75,1785.5,0,EC
-2666.25,1778.5,0,EC
-2341.75,1786.5,0,EC
-2121.25,1777.5,0,EC
-2163.25,1790,0,EC
-2519.25,1787.5,0,EC
-2321.25,1789,0,EC
-2294.75,1795,0,EC
-2632.75,1792,0,EC
-2593.25,1795.5,0,EC
-2114.25,1796.5,0,EC
-2671.75,1794,0,EC
-2357.25,1803.5,0,EC
-2647.25,1810,0,EC
-2147.25,1807,0,EC
-2611.75,1808.5,0,EC
-2422.25,1814.5,0,EC
-2685.75,1818.5,0,EC
-2516.75,1809.5,0,EC
-2320.25,1821.5,0,EC
-2470.25,1810.5,0,EC
-2712.75,1818,0,EC
-2625.25,1823,0,EC
-2461.75,1824,0,EC
-2596.75,1829,0,EC
-2576.25,1831.5,0,EC
-2555.75,1826,0,EC
-2518.25,1826,0,EC
-2660.25,1833.5,0,EC
-2535.25,1833.5,0,EC
-2341.75,1835.5,0,EC
-2500.25,1833.5,0,EC
-2400.75,1840,0,EC
-2698.75,1843.5,0,EC
-2436.25,1845,0,EC
-2474.75,1846,0,EC
-2622.75,1854,0,EC
-2413.75,1848.5,0,EC
-2457.75,1854,0,EC
-2574.25,1850,0,EC
-2315.25,1865,0,EC
-2296.75,1851,0,EC
-2667.25,1855.5,0,EC
-2734.75,1868,0,EC
-2425.25,1868.5,0,EC
-2560.25,1860,0,EC
-2599.75,1860,0,EC
-2402.25,1865,0,EC
-2583.75,1866,0,EC
-2295.75,1868.5,0,EC
-2709.25,1871.5,0,EC
-2536.25,1867.5,0,EC
-2618.25,1877,0,EC
-2550.75,1875.5,0,EC
-2449.75,1873.5,0,EC
-2515.75,1884,0,EC
-2642.75,1879.5,0,EC
-2575.75,1880.5,0,EC
-2684.75,1882,0,EC
-2595.25,1890,0,EC
-2630.75,1890,0,EC
-2461.75,1887,0,EC
-2558.75,1889.5,0,EC
-2404.75,1888,0,EC
-2410.75,1906,0,EC
-2392.25,1899.5,0,EC
-2436.75,1905.5,0,EC
-2526.25,1903,0,EC
-2741.25,1907,0,EC
-2622.25,1915.5,0,EC
-2751.25,1930,0,EC
-2388.75,1927.5,0,EC
-2446.25,1931.5,0,EC
-2423.25,1928,0,EC
-2612.25,1938.5,0,EC
-2626.25,1950,0,EC
-2719.25,1950.5,0,EC
-2766.25,1954,0,EC
-2729.75,1961.5,0,EC
-2394.25,1971.5,0,EC
-2321.25,1979.5,0,EC
-2335.25,1984,0,EC
-2339.25,1996,0,EC
-2433.75,2002.5,0,EC
-2362.25,2010.5,0,EC
-2385.25,2009,0,EC
-2400.75,2025,0,EC
-2341.75,2020,0,EC
-2364.75,2039.5,0,EC
-3142.25,1269,0,EC
-3283.25,1270,0,EC
-3297.75,1283.5,0,EC
-3138.25,1291,0,EC
-3288.25,1299,0,EC
-3306.25,1306.5,0,EC
-3157.25,1369,0,EC
-3006.75,1384,0,EC
-3018.25,1386.5,0,EC
-3151.75,1394.5,0,EC
-3175.75,1405,0,EC
-3020.75,1410.5,0,EC
-3162.25,1409,0,EC
-2999.25,1414.5,0,EC
-3147.25,1434,0,EC
-3296.75,1433.5,0,EC
-3170.25,1436.5,0,EC
-3274.25,1440,0,EC
-2902.25,1463.5,0,EC
-2913.75,1470,0,EC
-2928.25,1474.5,0,EC
-2893.25,1485,0,EC
-3356.75,1516,0,EC
-3286.25,1734.5,0,EC
-3266.25,1757,0,EC
-3266.75,1771.5,0,EC
-3244.75,1810,0,EC
-3220.25,1841.5,0,EC
-3253.25,1840.5,0,EC
-3237.25,1844,0,EC
-3182.75,1844,0,EC
-3205.25,1851.5,0,EC
-3209.75,1866.5,0,EC
-3185.75,1873.5,0,EC
-3163.75,1880.5,0,EC
-3195.75,1890.5,0,EC
-3149.75,1899,0,EC
-3206.25,1915,0,EC
-3174.25,1908.5,0,EC
-3137.25,1909.5,0,EC
-3182.25,1923,0,EC
-3145.75,1927,0,EC
-2885.25,1922.5,0,EC
-3159.75,1928.5,0,EC
-3127.25,1932,0,EC
-3113.75,1947.5,0,EC
-3090.75,1996.5,0,EC
-3062.75,2008.5,0,EC
-3036.75,2012,0,EC
-3030.75,2035,0,EC
-1860.25,1260,0,EC
-1902.75,1275,0,EC
-1685.25,1261,0,EC
-1979.75,1263.5,0,EC
-2001.75,1268.5,0,EC
-1877.75,1273,0,EC
-1971.75,1283.5,0,EC
-1821.25,1284.5,0,EC
-1871.75,1290.5,0,EC
-1862.25,1306,0,EC
-1771.75,1304,0,EC
-2007.25,1308.5,0,EC
-1969.75,1308.5,0,EC
-1894.25,1320,0,EC
-1756.75,1322,0,EC
-1842.75,1320,0,EC
-1979.75,1323.5,0,EC
-1954.75,1322,0,EC
-1862.25,1328,0,EC
-1424.25,1329,0,EC
-2010.75,1326.5,0,EC
-1832.25,1342,0,EC
-1996.25,1334,0,EC
-2017.75,1336.5,0,EC
-1736.75,1344.5,0,EC
-1993.75,1345,0,EC
-1614.75,1353,0,EC
-1869.75,1348,0,EC
-1759.75,1360.5,0,EC
-1827.25,1367.5,0,EC
-1813.25,1365.5,0,EC
-1734.25,1367.5,0,EC
-1458.25,1395,0,EC
-1819.75,1387,0,EC
-1747.75,1380,0,EC
-1616.75,1385.5,0,EC
-1753.75,1395,0,EC
-1802.25,1397,0,EC
-1732.75,1403,0,EC
-1583.75,1412,0,EC
-1796.75,1409.5,0,EC
-1752.25,1412,0,EC
-1731.75,1419,0,EC
-1469.75,1426,0,EC
-1795.25,1428,0,EC
-1685.25,1431,0,EC
-1698.75,1436,0,EC
-1721.25,1441.5,0,EC
-2028.25,1450,0,EC
-1390.75,1453.5,0,EC
-2004.25,1452.5,0,EC
-1788.75,1470,0,EC
-1810.75,1473,0,EC
-1688.75,1482,0,EC
-1786.25,1496.5,0,EC
-1393.25,1490,0,EC
-1375.25,1500.5,0,EC
-1689.25,1502,0,EC
-1354.75,1496.5,0,EC
-1907.75,1513.5,0,EC
-1888.75,1514.5,0,EC
-1796.75,1521,0,EC
-2019.75,1532.5,0,EC
-1779.25,1527.5,0,EC
-1877.25,1526.5,0,EC
-1691.75,1529.5,0,EC
-1908.25,1533,0,EC
-1800.75,1541,0,EC
-1649.25,1546,0,EC
-1903.75,1547,0,EC
-1695.25,1554,0,EC
-1805.25,1552,0,EC
-1712.25,1562,0,EC
-1659.25,1558,0,EC
-1846.25,1567.5,0,EC
-1641.75,1573,0,EC
-1695.25,1569,0,EC
-2038.25,1577,0,EC
-1817.25,1573,0,EC
-1668.75,1571.5,0,EC
-1718.75,1574.5,0,EC
-2019.25,1583,0,EC
-1700.25,1585,0,EC
-1664.75,1586,0,EC
-1686.75,1591,0,EC
-1834.75,1596,0,EC
-1329.25,1594.5,0,EC
-1656.25,1596.5,0,EC
-1807.25,1599,0,EC
-2022.75,1604,0,EC
-1566.75,1604.5,0,EC
-2031.75,1610.5,0,EC
-1777.25,1612,0,EC
-1864.25,1616.5,0,EC
-1814.25,1619,0,EC
-1839.75,1619,0,EC
-1271.25,1615.5,0,EC
-1793.75,1621,0,EC
-1894.75,1620.5,0,EC
-1779.75,1626.5,0,EC
-1653.25,1626.5,0,EC
-1572.75,1635,0,EC
-1868.25,1638,0,EC
-1847.25,1636,0,EC
-1281.25,1641,0,EC
-1904.25,1636,0,EC
-1955.75,1640.5,0,EC
-1715.75,1637.5,0,EC
-1426.75,1649,0,EC
-1655.25,1651.5,0,EC
-1582.75,1660,0,EC
-1753.75,1667,0,EC
-1798.75,1674,0,EC
-1457.75,1688.5,0,EC
-1647.75,1684.5,0,EC
-1411.25,1685.5,0,EC
-1432.75,1691,0,EC
-1719.75,1694.5,0,EC
-1582.75,1704,0,EC
-1766.75,1696,0,EC
-1645.25,1701,0,EC
-1684.75,1699.5,0,EC
-1605.75,1708.5,0,EC
-1462.75,1716,0,EC
-1703.75,1717,0,EC
-1413.75,1702,0,EC
-1631.75,1711,0,EC
-1434.75,1712,0,EC
-1769.75,1716.5,0,EC
-1411.75,1715,0,EC
-1679.75,1721.5,0,EC
-1610.25,1732,0,EC
-1584.75,1736,0,EC
-1598.25,1746,0,EC
-1613.75,1761,0,EC
-1901.75,1783.5,0,EC
-1467.75,1792.5,0,EC
-1924.75,1801.5,0,EC
-1904.25,1808.5,0,EC
-1601.25,1825.5,0,EC
-1626.75,1826,0,EC
-1324.75,1836.5,0,EC
-1295.75,1837,0,EC
-1450.75,1841,0,EC
-1291.75,1852.5,0,EC
-1474.25,1854.5,0,EC
-1314.75,1865.5,0,EC
-1449.75,1863.5,0,EC
-1278.25,1871.5,0,EC
-1485.75,1876.5,0,EC
-1298.75,1874,0,EC
-1447.75,1882,0,EC
-1464.25,1884,0,EC
-1324.25,1888,0,EC
-1284.75,1890,0,EC
-1473.25,1894.5,0,EC
-1296.25,1899.5,0,EC
-1347.25,1906.5,0,EC
-1322.75,1908,0,EC
-1434.75,1912.5,0,EC
-1275.25,1919.5,0,EC
-1326.75,1924,0,EC
-1421.25,1926,0,EC
-1588.25,1935,0,EC
-1599.75,1955,0,EC
-1427.75,1951,0,EC
-1633.25,1954.5,0,EC
-1480.75,1958,0,EC
-1421.25,1975.5,0,EC
-1599.75,1977.5,0,EC
-1709.25,1984,0,EC
-1367.25,2005,0,EC
-1394.75,2002,0,EC
-1600.25,2004.5,0,EC
-1585.25,2011,0,EC
-1409.75,2010,0,EC
-1612.25,2032.5,0,EC
-1388.25,2026,0,EC
-1582.25,2057,0,EC
-778.75,1273,0,EC
-1176.75,1290,0,EC
-674.75,1277,0,EC
-821.25,1291.5,0,EC
-693.25,1297,0,EC
-912.25,1311.5,0,EC
-958.25,1311.5,0,EC
-979.75,1319.5,0,EC
-1185.75,1326.5,0,EC
-923.75,1326.5,0,EC
-619.75,1335.5,0,EC
-958.75,1338.5,0,EC
-928.25,1345.5,0,EC
-637.25,1347,0,EC
-876.25,1343.5,0,EC
-864.75,1345.5,0,EC
-1053.75,1356.5,0,EC
-1240.75,1362.5,0,EC
-931.75,1371,0,EC
-949.75,1366,0,EC
-1216.25,1376,0,EC
-872.75,1374.5,0,EC
-895.75,1382,0,EC
-1221.75,1390.5,0,EC
-925.75,1394,0,EC
-1015.75,1389.5,0,EC
-903.25,1398,0,EC
-878.75,1393.5,0,EC
-1210.75,1404,0,EC
-997.75,1401.5,0,EC
-942.25,1409.5,0,EC
-910.75,1416,0,EC
-848.75,1419,0,EC
-921.25,1438,0,EC
-869.75,1427,0,EC
-955.25,1442,0,EC
-969.75,1438,0,EC
-861.25,1455.5,0,EC
-938.25,1452.5,0,EC
-901.25,1454.5,0,EC
-913.75,1460.5,0,EC
-947.75,1476,0,EC
-611.75,1484.5,0,EC
-1138.75,1485.5,0,EC
-600.75,1499,0,EC
-990.75,1498.5,0,EC
-1109.25,1497.5,0,EC
-621.75,1515.5,0,EC
-964.25,1518,0,EC
-1002.25,1521,0,EC
-982.75,1515.5,0,EC
-607.25,1538.5,0,EC
-988.25,1541,0,EC
-1004.25,1548,0,EC
-944.75,1551,0,EC
-795.25,1560,0,EC
-1035.75,1566.5,0,EC
-758.75,1563.5,0,EC
-992.75,1567.5,0,EC
-964.25,1575.5,0,EC
-608.25,1588,0,EC
-1048.25,1591,0,EC
-1221.75,1598.5,0,EC
-591.25,1600,0,EC
-507.75,1611,0,EC
-885.25,1622.5,0,EC
-635.25,1618,0,EC
-513.75,1627,0,EC
-1031.25,1636.5,0,EC
-1258.75,1637.5,0,EC
-781.75,1683,0,EC
-566.25,1697.5,0,EC
-655.25,1723,0,EC
-657.75,1753.5,0,EC
-1144.75,1742.5,0,EC
-1102.25,1744.5,0,EC
-1111.25,1768,0,EC
-1096.75,1787,0,EC
-1124.25,1786,0,EC
-617.25,1790.5,0,EC
-1105.25,1798.5,0,EC
-1126.75,1810,0,EC
-1098.75,1815,0,EC
-1043.75,1819,0,EC
-1084.75,1824,0,EC
-1136.25,1826.5,0,EC
-1106.75,1828,0,EC
-1025.25,1831,0,EC
-668.75,1834,0,EC
-1253.25,1858,0,EC
-730.75,1860,0,EC
-950.75,1878.5,0,EC
-1264.25,1884.5,0,EC
-715.75,1883,0,EC
-472.25,1902,0,EC
-1266.25,1907,0,EC
-996.25,1950,0,EC
-825.25,2020,0,EC
-798.75,2029,0,EC
-629.75,2036.5,0,EC
-627.75,2055.5,0,EC
125.25,1265,0,EC
236.25,1266,0,EC
253.75,1277,0,EC
116.75,1287.5,0,EC
242.25,1308.5,0,EC
156.25,1326,0,EC
-17.75,1345.5,0,EC
-298.75,1359,0,EC
-275.75,1361.5,0,EC
-250.75,1374,0,EC
-311.75,1376,0,EC
-337.75,1387.5,0,EC
-405.75,1385.5,0,EC
-281.25,1386,0,EC
-26.75,1386.5,0,EC
-312.75,1394,0,EC
-389.25,1392.5,0,EC
155.25,1392.5,0,EC
-414.25,1401,0,EC
-260.75,1400.5,0,EC
-228.25,1402,0,EC
-42.75,1410.5,0,EC
194.75,1403.5,0,EC
-72.75,1409,0,EC
-289.75,1405.5,0,EC
-19.75,1406,0,EC
153.75,1408,0,EC
-246.75,1421.5,0,EC
185.75,1418.5,0,EC
-274.25,1418,0,EC
-293.25,1422.5,0,EC
21.25,1422.5,0,EC
155.75,1427.5,0,EC
203.75,1427.5,0,EC
216.75,1428,0,EC
-263.75,1435.5,0,EC
-14.25,1435,0,EC
171.25,1441,0,EC
-305.25,1449,0,EC
147.25,1448,0,EC
150.25,1460.5,0,EC
-295.75,1465.5,0,EC
-41.25,1464.5,0,EC
-60.75,1490.5,0,EC
119.25,1503,0,EC
136.25,1509,0,EC
-175.25,1515,0,EC
-125.75,1512.5,0,EC
90.25,1515,0,EC
307.25,1519,0,EC
246.25,1518.5,0,EC
-135.25,1529.5,0,EC
96.75,1532,0,EC
153.25,1540,0,EC
306.75,1540,0,EC
-155.75,1539,0,EC
65.25,1542,0,EC
145.75,1558,0,EC
313.75,1564.5,0,EC
-127.75,1558.5,0,EC
68.25,1562,0,EC
161.75,1569,0,EC
178.25,1571.5,0,EC
141.75,1578,0,EC
-152.25,1574,0,EC
51.75,1585.5,0,EC
-150.75,1598,0,EC
-262.75,1603,0,EC
49.25,1601.5,0,EC
210.25,1609,0,EC
-141.75,1614.5,0,EC
-87.25,1612,0,EC
20.75,1644,0,EC
-269.25,1648,0,EC
-377.75,1671,0,EC
-253.25,1660,0,EC
-23.75,1658,0,EC
155.75,1661,0,EC
9.75,1663,0,EC
-133.25,1664.5,0,EC
-259.75,1672,0,EC
-395.75,1670,0,EC
-269.75,1681,0,EC
174.25,1686,0,EC
-386.75,1695,0,EC
-430.25,1712,0,EC
-391.75,1719,0,EC
-368.75,1715,0,EC
-359.75,1730.5,0,EC
-446.25,1735,0,EC
-392.75,1745.5,0,EC
-67.25,1782,0,EC
-383.25,1810,0,EC
-368.75,1809.5,0,EC
-183.75,1820.5,0,EC
-363.75,1830.5,0,EC
-393.75,1829,0,EC
-347.75,1840.5,0,EC
-373.25,1841.5,0,EC
-378.25,1862.5,0,EC
-447.75,1901.5,0,EC
-435.75,1925.5,0,EC
-259.75,1930.5,0,EC
-378.75,1937,0,EC
-304.75,1938,0,EC
-349.25,1937.5,0,EC
302.25,1955.5,0,EC
-453.25,1959.5,0,EC
-400.75,1954,0,EC
277.25,1963.5,0,EC
-414.25,1966.5,0,EC
249.75,1973,0,EC
-180.25,1996,0,EC
230.25,1990.5,0,EC
190.25,1998,0,EC
-204.25,2020,0,EC
-70.75,2023,0,EC
-162.75,2021,0,EC
-261.75,2022,0,EC
-37.25,2024,0,EC
-54.75,2032,0,EC
-274.75,2031,0,EC
-195.75,2032,0,EC
-182.75,2030.5,0,EC
-16.75,2033,0,EC
-166.75,2050,0,EC
-47.25,2054,0,EC
728.75,1273,0,EC
550.75,1273.5,0,EC
529.25,1281,0,EC
708.25,1290,0,EC
635.25,1359,0,EC
736.75,1361.5,0,EC
694.75,1371,0,EC
711.25,1374,0,EC
1096.25,1372.5,0,EC
426.25,1374,0,EC
489.75,1382.5,0,EC
729.75,1380,0,EC
721.25,1396,0,EC
1025.25,1392,0,EC
430.25,1395,0,EC
1059.75,1393.5,0,EC
511.75,1401,0,EC
565.25,1408,0,EC
421.25,1411.5,0,EC
713.75,1410.5,0,EC
661.25,1411.5,0,EC
680.75,1422.5,0,EC
1038.75,1415.5,0,EC
565.25,1421,0,EC
489.75,1431,0,EC
656.25,1426,0,EC
431.75,1428,0,EC
555.25,1442,0,EC
460.25,1432.5,0,EC
707.25,1439,0,EC
637.25,1435,0,EC
521.75,1443.5,0,EC
450.25,1447.5,0,EC
495.75,1457,0,EC
521.25,1460,0,EC
689.25,1463.5,0,EC
463.25,1512.5,0,EC
525.75,1515.5,0,EC
355.75,1526.5,0,EC
657.75,1534.5,0,EC
643.75,1575,0,EC
593.75,1579,0,EC
835.75,1579,0,EC
508.25,1589,0,EC
654.75,1588,0,EC
637.25,1597.5,0,EC
962.75,1600.5,0,EC
596.75,1613,0,EC
618.75,1617,0,EC
577.25,1615.5,0,EC
631.25,1627,0,EC
648.75,1636,0,EC
796.75,1643.5,0,EC
570.25,1682.5,0,EC
593.25,1685,0,EC
611.75,1686,0,EC
549.75,1713,0,EC
532.75,1730.5,0,EC
491.75,1740.5,0,EC
562.25,1751.5,0,EC
919.75,1776.5,0,EC
416.25,1776.5,0,EC
546.25,1783.5,0,EC
670.25,1791,0,EC
534.75,1804.5,0,EC
407.25,1812.5,0,EC
427.75,1807,0,EC
405.75,1853.5,0,EC
454.75,1866.5,0,EC
448.25,1884,0,EC
441.25,1904,0,EC
411.25,1917,0,EC
666.25,1920.5,0,EC
385.25,1926,0,EC
668.25,1938.5,0,EC
646.25,1947.5,0,EC
665.25,1961,0,EC
681.75,1998.5,0,EC
439.25,2011,0,EC
781.75,2026,0,EC
1128.75,2041,0,EC
1311.75,1277.5,0,EC
1805.75,1319.5,0,EC
1763.75,1319.5,0,EC
1783.75,1329.5,0,EC
1336.75,1362,0,EC
1792.25,1373,0,EC
1759.25,1377.5,0,EC
1646.75,1389.5,0,EC
1587.75,1388,0,EC
1571.25,1408.5,0,EC
1647.25,1402,0,EC
1759.75,1409.5,0,EC
1743.75,1427.5,0,EC
1716.75,1442.5,0,EC
1559.25,1443,0,EC
1733.25,1450,0,EC
1732.75,1467.5,0,EC
1314.25,1558.5,0,EC
1428.25,1587.5,0,EC
1854.75,1584,0,EC
1286.25,1594.5,0,EC
1850.75,1610,0,EC
1916.25,1620,0,EC
1617.25,1662.5,0,EC
1611.75,1657.5,0,EC
1243.75,1678,0,EC
1575.75,1696,0,EC
1600.25,1706,0,EC
1653.75,1705,0,EC
1586.25,1733.5,0,EC
1231.75,1734.5,0,EC
1588.25,1798,0,EC
1857.75,1814,0,EC
1917.75,1820,0,EC
1832.25,1831,0,EC
1852.25,1831.5,0,EC
1909.25,1838,0,EC
1861.25,1841,0,EC
1198.75,1855,0,EC
1923.25,1865,0,EC
1832.75,1873,0,EC
1873.25,1881,0,EC
1794.75,1910.5,0,EC
1920.25,1910,0,EC
1796.25,1927.5,0,EC
1784.75,1939,0,EC
1732.25,1952,0,EC
1858.75,1958.5,0,EC
1704.25,1965.5,0,EC
1671.25,1973,0,EC
1922.75,1978,0,EC
1534.25,1983.5,0,EC
1578.25,1989,0,EC
1552.25,1994,0,EC
1621.75,1996.5,0,EC
1654.75,1998,0,EC
1503.25,2001,0,EC
1582.75,2004.5,0,EC
1824.25,2001,0,EC
1522.75,2004.5,0,EC
1607.75,2003,0,EC
1432.75,2012.5,0,EC
1570.25,2016.5,0,EC
1619.75,2010.5,0,EC
1412.75,2010.5,0,EC
1600.25,2015,0,EC
1505.75,2018.5,0,EC
1530.75,2025,0,EC
1416.25,2033.5,0,EC
1404.75,2051.5,0,EC
2284.75,1664,0,EC
2084.25,1674.5,0,EC
2197.25,1683.5,0,EC
2081.25,1687.5,0,EC
2149.25,1690.5,0,EC
2057.75,1702.5,0,EC
2035.75,1696,0,EC
2286.75,1705,0,EC
2104.25,1710.5,0,EC
2041.75,1716,0,EC
2072.75,1725.5,0,EC
2509.75,1754.5,0,EC
2681.75,1760,0,EC
2630.75,1764.5,0,EC
2330.25,1779,0,EC
2664.25,1782,0,EC
2254.25,1785,0,EC
2637.25,1784.5,0,EC
2523.75,1792.5,0,EC
2563.75,1799.5,0,EC
2570.75,1817,0,EC
2236.75,1830.5,0,EC
2220.25,1833,0,EC
2257.25,1847,0,EC
2275.75,1888,0,EC
2250.25,1887,0,EC
2481.75,1887.5,0,EC
2604.25,1894,0,EC
2255.25,1898,0,EC
2477.75,1904.5,0,EC
2118.25,1904,0,EC
2447.75,1900.5,0,EC
2460.75,1908.5,0,EC
2509.75,1920,0,EC
2156.25,1913.5,0,EC
2353.25,1924,0,EC
1964.25,1923,0,EC
2493.25,1924,0,EC
2223.25,1924.5,0,EC
2316.75,1928,0,EC
2340.75,1927.5,0,EC
2637.25,1928,0,EC
2570.75,1931,0,EC
1944.75,1931,0,EC
2297.25,1931,0,EC
2156.75,1932.5,0,EC
2375.75,1938.5,0,EC
2674.25,1947,0,EC
2293.25,1947,0,EC
2001.25,1944,0,EC
1992.25,1955,0,EC
2058.25,1954,0,EC
2658.25,1961.5,0,EC
2413.25,1967.5,0,EC
2644.75,1975,0,EC
2184.25,1985,0,EC
2126.25,1991.5,0,EC
2287.25,2012,0,EC
2620.25,2011.5,0,EC
2099.25,2014.5,0,EC
2383.25,2018,0,EC
2627.75,2025,0,EC
2131.75,2024.5,0,EC
2427.25,2028,0,EC
1965.75,2036.5,0,EC
1934.75,2039.5,0,EC
2007.75,2038,0,EC
1949.75,2036,0,EC
1988.25,2045,0,EC
2325.25,2042.5,0,EC
2133.75,2047,0,EC
2024.25,2055,0,EC
2271.25,2056,0,EC
2653.75,2055.5,0,EC
3344.25,1349.5,0,EC
3506.75,1346,0,EC
3328.25,1381,0,EC
3326.25,1405.5,0,EC
3297.75,1422,0,EC
3368.25,1443.5,0,EC
3397.75,1448.5,0,EC
3333.75,1461.5,0,EC
3353.75,1459,0,EC
3364.25,1480,0,EC
3391.25,1482.5,0,EC
3335.75,1491.5,0,EC
3308.75,1498,0,EC
3353.75,1499,0,EC
3283.75,1508,0,EC
3363.75,1517,0,EC
3328.75,1517,0,EC
3307.25,1514.5,0,EC
3319.25,1530.5,0,EC
3304.25,1536,0,EC
2758.25,1617.5,0,EC
3509.75,1635.5,0,EC
3510.25,1652,0,EC
3239.25,1801.5,0,EC
3353.25,1827.5,0,EC
3508.75,1848.5,0,EC
3454.75,1846,0,EC
3374.25,1856,0,EC
3477.25,1862,0,EC
3367.25,1869.5,0,EC
3522.25,1864,0,EC
3513.25,1878,0,EC
3533.25,1887.5,0,EC
3356.75,1909,0,EC
3521.75,1900.5,0,EC
3485.75,1903.5,0,EC
3224.25,1909,0,EC
3170.75,1913.5,0,EC
3382.25,1922,0,EC
3476.25,1921.5,0,EC
3488.75,1926.5,0,EC
3384.75,1956.5,0,EC
3103.25,1970.5,0,EC
3366.75,1978.5,0,EC
2801.25,2002.5,0,EC
3179.75,2002.5,0,EC
2893.25,2009.5,0,EC
2953.25,2017,0,EC
3294.25,2051.5,0,EC
3552.25,1274.5,0,EC
3583.25,1287,0,EC
3593.25,1328.5,0,EC
3634.75,1382,0,EC
3622.25,1419,0,EC
3604.75,1634,0,EC
3538.25,1680,0,EC
3544.75,1735,0,EC
3649.75,1756.5,0,EC
3542.25,1755.5,0,EC
3555.75,1754,0,EC
3626.75,1764,0,EC
3584.25,1767,0,EC
3668.75,1777,0,EC
3555.75,1775,0,EC
3616.75,1774,0,EC
3596.75,1780.5,0,EC
3657.25,1785,0,EC
3580.25,1796,0,EC
3621.75,1790.5,0,EC
3633.25,1805.5,0,EC
3673.75,1802,0,EC
3660.25,1817.5,0,EC
3599.25,1824.5,0,EC
3537.75,1842.5,0,EC
3632.75,1838.5,0,EC
3657.25,1840.5,0,EC
3638.25,1852,0,EC
3567.75,1855.5,0,EC
3585.25,1877.5,0,EC
3609.25,1873.5,0,EC
3657.75,1878,0,EC
3557.25,1889,0,EC
3641.75,1899.5,0,EC
3621.25,1898,0,EC
3607.75,1908.5,0,EC
3619.25,1918,0,EC
3603.75,1956.5,0,EC
3632.25,2039,0,EC
3646.75,2041.5,0,EC
-3019.75,2065,0,EC
-3049.75,2068.5,0,EC
-2999.75,2115.5,0,EC
-2978.75,2140,0,EC
-2944.25,2179,0,EC
-2887.75,2210.5,0,EC
-2884.75,2229,0,EC
-2719.75,2148,0,EC
-2708.75,2187.5,0,EC
-2840.75,2207.5,0,EC
-2859.25,2218.5,0,EC
-2087.75,2229.5,0,EC
-2831.75,2235,0,EC
-2851.25,2259.5,0,EC
-2772.25,2254.5,0,EC
-2788.25,2271.5,0,EC
-2841.75,2274,0,EC
-2828.75,2287,0,EC
-2735.25,2290.5,0,EC
-2709.75,2306,0,EC
-2741.75,2311,0,EC
-2722.75,2321,0,EC
-2735.75,2327.5,0,EC
-2697.75,2332.5,0,EC
-2691.25,2354.5,0,EC
-2677.25,2372.5,0,EC
-2672.25,2430,0,EC
-2648.25,2433,0,EC
-2643.25,2456.5,0,EC
-2620.75,2484.5,0,EC
-2590.75,2509,0,EC
-2454.25,2606,0,EC
-2433.75,2613,0,EC
-1581.75,2057.5,0,EC
-1598.25,2077,0,EC
-1683.25,2107.5,0,EC
-1657.75,2118.5,0,EC
-1596.75,2126,0,EC
-1317.25,2129.5,0,EC
-1278.75,2131.5,0,EC
-1347.75,2140.5,0,EC
-1293.75,2143.5,0,EC
-1373.75,2148,0,EC
-1407.25,2152,0,EC
-1277.25,2159,0,EC
-1427.75,2166.5,0,EC
-1342.25,2167.5,0,EC
-1362.25,2164,0,EC
-1286.75,2173,0,EC
-1456.25,2174.5,0,EC
-1270.75,2179,0,EC
-1410.25,2178,0,EC
-1370.25,2179,0,EC
-1441.25,2187,0,EC
-1466.75,2185.5,0,EC
-1385.75,2195,0,EC
-1297.75,2189.5,0,EC
-1348.75,2199,0,EC
-1459.75,2197,0,EC
-1413.25,2204.5,0,EC
-1279.25,2201.5,0,EC
-1498.25,2216.5,0,EC
-1442.25,2206,0,EC
-1471.75,2217,0,EC
-1292.75,2212.5,0,EC
-1362.25,2215.5,0,EC
-1334.75,2218,0,EC
-1311.75,2216,0,EC
-1274.75,2218,0,EC
-1426.25,2227.5,0,EC
-1447.75,2228,0,EC
-1491.75,2236,0,EC
-1284.75,2234.5,0,EC
-1332.25,2240.5,0,EC
-1404.75,2239.5,0,EC
-1512.25,2246.5,0,EC
-1387.25,2248,0,EC
-1485.75,2253.5,0,EC
-1392.25,2257,0,EC
-1507.25,2266.5,0,EC
-1523.25,2279.5,0,EC
-1560.75,2297,0,EC
-1562.25,2314,0,EC
-1548.75,2316.5,0,EC
-1532.75,2317,0,EC
-1887.25,2340,0,EC
-1383.25,2330.5,0,EC
-1655.25,2336,0,EC
-1399.25,2341.5,0,EC
-1322.75,2337.5,0,EC
-1955.25,2345.5,0,EC
-1421.25,2343,0,EC
-1345.25,2349.5,0,EC
-1653.25,2350,0,EC
-1425.25,2362.5,0,EC
-1965.75,2359,0,EC
-1645.75,2362,0,EC
-1382.75,2365,0,EC
-1654.75,2374,0,EC
-1739.25,2374.5,0,EC
-1870.25,2388.5,0,EC
-1438.25,2390,0,EC
-1347.25,2388.5,0,EC
-1370.75,2386.5,0,EC
-1689.75,2395,0,EC
-1897.75,2392.5,0,EC
-1855.75,2403,0,EC
-1591.75,2404.5,0,EC
-1562.75,2410.5,0,EC
-1532.25,2416.5,0,EC
-1579.25,2424.5,0,EC
-1318.25,2422,0,EC
-1655.25,2434,0,EC
-1344.25,2443.5,0,EC
-1556.25,2441,0,EC
-1673.75,2451,0,EC
-1571.25,2447,0,EC
-1644.25,2453,0,EC
-1552.25,2455,0,EC
-1698.75,2462,0,EC
-1615.75,2474.5,0,EC
-1701.25,2473,0,EC
-1657.25,2477,0,EC
-1607.25,2482,0,EC
-1627.25,2493,0,EC
-1287.25,2504,0,EC
-1636.25,2509,0,EC
-1355.25,2509,0,EC
-1370.25,2514,0,EC
-1302.25,2518.5,0,EC
-1389.25,2534.5,0,EC
-1288.25,2541.5,0,EC
-1420.75,2569,0,EC
-1411.75,2584,0,EC
-1995.25,2595,0,EC
-1417.75,2603.5,0,EC
-1324.25,2608.5,0,EC
-1283.25,2607,0,EC
-1412.75,2629.5,0,EC
-1389.75,2631,0,EC
-1380.75,2661,0,EC
-1500.75,2692,0,EC
-1508.25,2701.5,0,EC
-1328.25,2755.5,0,EC
-1501.75,2748.5,0,EC
-1292.75,2764,0,EC
-1483.75,2757,0,EC
-1311.75,2784.5,0,EC
-632.75,2092,0,EC
-1016.75,2137,0,EC
-997.75,2139,0,EC
-1265.75,2139.5,0,EC
-1125.25,2140,0,EC
-1143.25,2143.5,0,EC
-1066.75,2148.5,0,EC
-1132.25,2152.5,0,EC
-1110.25,2154,0,EC
-989.25,2163,0,EC
-1094.75,2159.5,0,EC
-1037.25,2181.5,0,EC
-569.75,2174,0,EC
-1103.25,2180,0,EC
-1106.75,2198,0,EC
-864.75,2207,0,EC
-801.25,2205.5,0,EC
-1191.75,2221,0,EC
-840.25,2218.5,0,EC
-695.25,2225.5,0,EC
-673.75,2237.5,0,EC
-508.25,2261.5,0,EC
-525.25,2271.5,0,EC
-488.25,2272.5,0,EC
-515.25,2306.5,0,EC
-799.25,2316.5,0,EC
-812.75,2329,0,EC
-874.25,2335.5,0,EC
-786.25,2340,0,EC
-512.25,2334.5,0,EC
-839.75,2345.5,0,EC
-861.25,2347,0,EC
-967.75,2350.5,0,EC
-871.75,2351,0,EC
-871.25,2377,0,EC
-850.75,2368,0,EC
-886.25,2380.5,0,EC
-849.25,2391,0,EC
-1216.25,2403.5,0,EC
-880.75,2411,0,EC
-840.75,2421.5,0,EC
-889.25,2426.5,0,EC
-867.25,2434.5,0,EC
-824.25,2454.5,0,EC
-880.75,2443,0,EC
-782.25,2455,0,EC
-845.75,2477,0,EC
-801.25,2473,0,EC
-486.25,2473.5,0,EC
-1079.25,2479.5,0,EC
-740.75,2472.5,0,EC
-516.25,2478,0,EC
-551.25,2479.5,0,EC
-760.25,2482,0,EC
-813.75,2493.5,0,EC
-788.75,2495.5,0,EC
-668.75,2495,0,EC
-512.75,2490.5,0,EC
-541.25,2501.5,0,EC
-726.75,2509,0,EC
-1226.75,2515,0,EC
-1264.75,2518.5,0,EC
-1240.75,2521.5,0,EC
-1200.75,2527.5,0,EC
-482.25,2525.5,0,EC
-621.75,2538,0,EC
-1262.75,2544,0,EC
-1234.75,2541,0,EC
-1214.25,2545,0,EC
-627.75,2547,0,EC
-1239.75,2552.5,0,EC
-584.75,2565.5,0,EC
-1208.75,2567,0,EC
-627.75,2572,0,EC
-1233.75,2568.5,0,EC
-1158.75,2579.5,0,EC
-849.25,2569,0,EC
-1180.25,2575.5,0,EC
-1232.75,2594,0,EC
-1208.25,2595,0,EC
-1199.75,2597.5,0,EC
-752.75,2604.5,0,EC
-566.75,2610.5,0,EC
-830.75,2617,0,EC
-1256.25,2619,0,EC
-794.75,2624,0,EC
-763.75,2629.5,0,EC
-520.75,2640,0,EC
-822.25,2638.5,0,EC
-786.25,2640.5,0,EC
-802.75,2649.5,0,EC
-495.25,2646,0,EC
-845.25,2650,0,EC
-518.25,2656.5,0,EC
-826.75,2667.5,0,EC
-894.75,2685,0,EC
-528.75,2670.5,0,EC
-930.75,2683.5,0,EC
-581.75,2673.5,0,EC
-704.25,2682,0,EC
-873.25,2690,0,EC
-575.75,2690.5,0,EC
-860.25,2702,0,EC
-927.25,2706.5,0,EC
-1207.25,2713,0,EC
-900.75,2710,0,EC
-820.25,2709,0,EC
-1050.25,2716,0,EC
-885.75,2716,0,EC
-835.25,2714,0,EC
-864.25,2731.5,0,EC
-952.75,2730,0,EC
-841.75,2733.5,0,EC
-566.75,2735,0,EC
-931.75,2728,0,EC
-1195.25,2732.5,0,EC
-588.25,2730.5,0,EC
-1100.25,2733.5,0,EC
-877.75,2736,0,EC
-1222.75,2737,0,EC
-813.25,2743,0,EC
-773.75,2747.5,0,EC
-749.25,2753.5,0,EC
-936.25,2749,0,EC
-849.25,2749.5,0,EC
-1198.25,2755.5,0,EC
-719.75,2753,0,EC
-958.75,2755,0,EC
-576.25,2755.5,0,EC
-921.25,2756.5,0,EC
-891.25,2758,0,EC
-821.25,2759,0,EC
-873.75,2759,0,EC
-796.25,2760.5,0,EC
-908.75,2765.5,0,EC
-932.25,2770,0,EC
-727.25,2777.5,0,EC
-788.75,2779.5,0,EC
-749.25,2779,0,EC
-695.75,2794.5,0,EC
-767.25,2784.5,0,EC
-647.75,2787,0,EC
-807.25,2791.5,0,EC
-721.75,2804,0,EC
-901.25,2837,0,EC
-804.25,2841.5,0,EC
-880.75,2844,0,EC
-617.75,2847.5,0,EC
-253.75,2064.5,0,EC
-165.25,2072.5,0,EC
-160.75,2109,0,EC
127.75,2121,0,EC
-146.25,2137,0,EC
-116.75,2160,0,EC
-161.25,2165.5,0,EC
-235.25,2173.5,0,EC
-214.25,2186,0,EC
-152.75,2180,0,EC
-117.25,2189.5,0,EC
-256.25,2193,0,EC
-150.25,2192.5,0,EC
-93.75,2192.5,0,EC
-99.75,2206.5,0,EC
-241.25,2221.5,0,EC
-142.25,2226.5,0,EC
-120.25,2231.5,0,EC
37.25,2235.5,0,EC
-411.75,2243.5,0,EC
20.25,2241,0,EC
-420.75,2266,0,EC
189.25,2278.5,0,EC
39.25,2281,0,EC
-96.75,2279.5,0,EC
12.25,2283.5,0,EC
15.25,2305,0,EC
-206.25,2318,0,EC
-231.25,2321,0,EC
-163.75,2330.5,0,EC
-100.25,2341.5,0,EC
-72.75,2336,0,EC
5.75,2331.5,0,EC
-230.75,2345,0,EC
-171.25,2373.5,0,EC
-205.75,2370,0,EC
-176.25,2388,0,EC
-98.25,2401,0,EC
-78.75,2402,0,EC
-109.25,2409.5,0,EC
-71.75,2415.5,0,EC
-96.75,2416.5,0,EC
-148.25,2422.5,0,EC
-28.75,2432.5,0,EC
-153.75,2442.5,0,EC
-194.75,2446.5,0,EC
-248.25,2448,0,EC
-54.25,2450,0,EC
44.25,2499,0,EC
-115.75,2499,0,EC
-461.75,2502,0,EC
-201.75,2520,0,EC
-222.25,2520.5,0,EC
-465.25,2521,0,EC
264.75,2540,0,EC
256.25,2551,0,EC
-202.75,2572.5,0,EC
-201.75,2592,0,EC
-280.75,2603.5,0,EC
-267.75,2617,0,EC
-291.25,2624.5,0,EC
-158.25,2629.5,0,EC
-283.25,2661.5,0,EC
4.25,2672,0,EC
43.25,2692.5,0,EC
251.25,2730,0,EC
-238.75,2738,0,EC
294.75,2760,0,EC
-323.25,2780.5,0,EC
-375.75,2822.5,0,EC
172.75,2828.5,0,EC
230.25,2846.5,0,EC
412.25,2080,0,EC
417.25,2095,0,EC
416.75,2121.5,0,EC
390.75,2118.5,0,EC
846.75,2143.5,0,EC
1014.25,2150.5,0,EC
987.75,2157,0,EC
417.25,2165,0,EC
907.75,2187.5,0,EC
916.75,2198.5,0,EC
880.75,2207,0,EC
841.75,2283.5,0,EC
867.25,2283.5,0,EC
954.25,2307,0,EC
968.75,2323.5,0,EC
905.75,2389,0,EC
1129.25,2409.5,0,EC
892.75,2405.5,0,EC
788.25,2437.5,0,EC
910.25,2455,0,EC
821.75,2463,0,EC
595.25,2465.5,0,EC
583.25,2478,0,EC
955.75,2482.5,0,EC
882.75,2483,0,EC
574.25,2489,0,EC
896.75,2493,0,EC
971.25,2502.5,0,EC
1000.75,2507,0,EC
663.75,2511.5,0,EC
885.75,2512.5,0,EC
982.25,2516,0,EC
1027.25,2528.5,0,EC
1002.25,2528,0,EC
723.25,2543.5,0,EC
1079.25,2548,0,EC
577.25,2554.5,0,EC
569.75,2575,0,EC
1090.25,2573,0,EC
612.75,2578,0,EC
737.75,2592.5,0,EC
885.75,2597,0,EC
695.75,2610.5,0,EC
694.25,2625.5,0,EC
344.75,2636,0,EC
761.75,2632.5,0,EC
573.75,2644.5,0,EC
765.75,2657.5,0,EC
1063.25,2652.5,0,EC
1091.25,2657.5,0,EC
747.75,2669.5,0,EC
1076.75,2673.5,0,EC
570.25,2675,0,EC
1021.75,2693,0,EC
781.75,2701.5,0,EC
797.25,2717,0,EC
590.75,2717.5,0,EC
531.75,2737,0,EC
998.75,2744.5,0,EC
569.25,2750,0,EC
958.75,2753,0,EC
508.75,2755,0,EC
796.25,2757,0,EC
807.75,2761,0,EC
682.75,2764,0,EC
982.25,2765,0,EC
624.75,2778,0,EC
837.75,2779.5,0,EC
655.75,2788.5,0,EC
467.75,2815.5,0,EC
867.75,2803.5,0,EC
1060.75,2821,0,EC
890.75,2829,0,EC
1081.75,2825,0,EC
834.75,2833.5,0,EC
470.75,2850.5,0,EC
968.75,2850,0,EC
846.75,2851.5,0,EC
1905.75,2070.5,0,EC
1147.25,2102,0,EC
1711.75,2106,0,EC
1137.75,2116.5,0,EC
1160.25,2123,0,EC
1848.75,2119.5,0,EC
1884.75,2130.5,0,EC
1659.75,2139,0,EC
1310.25,2143,0,EC
1328.75,2152.5,0,EC
1552.75,2160.5,0,EC
1794.25,2156.5,0,EC
1285.25,2159,0,EC
1302.75,2160.5,0,EC
1904.25,2166,0,EC
1727.25,2172,0,EC
1258.75,2183,0,EC
1283.75,2171.5,0,EC
1794.25,2181,0,EC
1706.75,2202.5,0,EC
1234.75,2210.5,0,EC
1218.25,2214,0,EC
1826.75,2219,0,EC
1756.75,2225,0,EC
1205.75,2227,0,EC
1737.25,2243,0,EC
1817.25,2243.5,0,EC
1752.75,2250.5,0,EC
1923.75,2248.5,0,EC
1800.25,2270.5,0,EC
1552.75,2284,0,EC
1673.75,2289.5,0,EC
1798.25,2280.5,0,EC
1784.75,2308.5,0,EC
1670.25,2314.5,0,EC
1869.25,2318.5,0,EC
1791.25,2327.5,0,EC
1444.75,2339,0,EC
1710.75,2339.5,0,EC
1545.75,2340,0,EC
1813.75,2347,0,EC
1452.25,2352.5,0,EC
1878.75,2357,0,EC
1733.25,2378,0,EC
1602.25,2382,0,EC
1753.75,2398.5,0,EC
1442.25,2403,0,EC
1588.25,2403,0,EC
1382.75,2401.5,0,EC
1738.25,2406.5,0,EC
1900.25,2421.5,0,EC
1268.75,2440.5,0,EC
1146.75,2431.5,0,EC
1307.75,2462,0,EC
1919.25,2485,0,EC
1630.75,2496.5,0,EC
1723.75,2511,0,EC
1184.25,2527.5,0,EC
1827.75,2534.5,0,EC
1838.75,2548.5,0,EC
1712.75,2562.5,0,EC
1906.25,2557,0,EC
1850.25,2571,0,EC
1904.25,2569,0,EC
1673.75,2578.5,0,EC
1316.25,2577.5,0,EC
1510.75,2584,0,EC
1813.75,2589.5,0,EC
1926.75,2583.5,0,EC
1783.75,2588,0,EC
1478.75,2599,0,EC
1540.25,2611,0,EC
1793.75,2605.5,0,EC
1327.75,2610,0,EC
1191.25,2612.5,0,EC
1780.25,2624.5,0,EC
1451.25,2623,0,EC
1485.75,2635,0,EC
1440.25,2638.5,0,EC
1760.75,2639.5,0,EC
1257.25,2640,0,EC
1458.75,2642,0,EC
1649.75,2659,0,EC
1721.75,2673.5,0,EC
1184.25,2689,0,EC
1895.25,2698.5,0,EC
1602.25,2700,0,EC
1704.75,2700.5,0,EC
1408.25,2705.5,0,EC
1889.75,2713,0,EC
1619.75,2725.5,0,EC
1869.75,2715.5,0,EC
1408.75,2725,0,EC
1432.25,2728,0,EC
1512.75,2733,0,EC
1645.25,2740.5,0,EC
1556.75,2738,0,EC
1191.25,2745.5,0,EC
1273.25,2749,0,EC
1626.75,2750.5,0,EC
1806.25,2758,0,EC
1342.25,2758,0,EC
1637.75,2768,0,EC
1460.75,2761,0,EC
1622.75,2763.5,0,EC
1479.75,2773,0,EC
1262.75,2775,0,EC
1292.25,2774,0,EC
1194.75,2780.5,0,EC
1626.75,2787,0,EC
1654.25,2788.5,0,EC
1308.25,2785,0,EC
1322.25,2786.5,0,EC
1702.75,2794.5,0,EC
1876.75,2824,0,EC
1162.25,2831.5,0,EC
1917.25,2827.5,0,EC
1893.75,2839,0,EC
2635.25,2061,0,EC
2600.25,2061,0,EC
1991.25,2081,0,EC
2269.25,2073,0,EC
2059.25,2077,0,EC
2084.25,2083.5,0,EC
1963.25,2082,0,EC
2306.75,2089,0,EC
2125.25,2091.5,0,EC
2121.25,2130.5,0,EC
2335.75,2140,0,EC
2031.75,2131,0,EC
2355.75,2138,0,EC
2661.25,2146.5,0,EC
2032.25,2147.5,0,EC
2636.75,2154.5,0,EC
2686.25,2168.5,0,EC
2048.75,2177,0,EC
2021.75,2184,0,EC
2678.25,2185.5,0,EC
2545.75,2202,0,EC
2676.75,2213,0,EC
1962.25,2223,0,EC
2134.75,2222.5,0,EC
2186.25,2235.5,0,EC
2676.75,2234,0,EC
2162.75,2238.5,0,EC
2324.25,2244.5,0,EC
2172.75,2248,0,EC
2299.75,2248.5,0,EC
2064.25,2249,0,EC
2679.25,2250,0,EC
2350.25,2256.5,0,EC
2102.75,2266.5,0,EC
1966.25,2273,0,EC
2657.25,2264,0,EC
2302.75,2276,0,EC
2704.75,2269,0,EC
2563.75,2287,0,EC
2726.25,2283,0,EC
2067.25,2286.5,0,EC
2392.25,2290.5,0,EC
2223.75,2295,0,EC
2726.25,2297,0,EC
2422.75,2292.5,0,EC
1957.75,2303,0,EC
2166.25,2305.5,0,EC
2287.25,2307,0,EC
2346.25,2308.5,0,EC
2210.75,2311,0,EC
2464.25,2320.5,0,EC
2257.75,2321.5,0,EC
2195.75,2318.5,0,EC
2517.25,2325.5,0,EC
2670.75,2333,0,EC
2641.25,2336,0,EC
2241.75,2341.5,0,EC
2454.75,2333.5,0,EC
2084.25,2342.5,0,EC
2600.25,2340.5,0,EC
2001.75,2342.5,0,EC
2457.25,2345,0,EC
2169.25,2345,0,EC
2023.25,2349,0,EC
2098.75,2353.5,0,EC
2683.25,2371,0,EC
2213.75,2367.5,0,EC
2492.75,2370,0,EC
2305.75,2380.5,0,EC
2097.25,2375.5,0,EC
2123.25,2389,0,EC
2539.75,2380.5,0,EC
2485.75,2387,0,EC
2032.25,2390.5,0,EC
1968.75,2396,0,EC
2385.25,2403.5,0,EC
2376.75,2421,0,EC
2579.75,2414,0,EC
2203.25,2422.5,0,EC
2019.75,2424.5,0,EC
2360.25,2428.5,0,EC
2271.25,2428,0,EC
2456.25,2440,0,EC
2476.75,2451,0,EC
2424.25,2458,0,EC
2214.75,2461.5,0,EC
1999.75,2464.5,0,EC
1973.25,2476.5,0,EC
2347.75,2489.5,0,EC
2401.75,2490.5,0,EC
2007.25,2490.5,0,EC
2283.25,2492.5,0,EC
2484.75,2500,0,EC
2396.25,2503,0,EC
2331.75,2503,0,EC
2494.75,2509.5,0,EC
2514.75,2512,0,EC
2673.25,2520.5,0,EC
2299.25,2523,0,EC
2673.25,2538,0,EC
2282.75,2531,0,EC
2205.75,2534,0,EC
2600.75,2560.5,0,EC
2688.25,2573,0,EC
2281.75,2571.5,0,EC
2653.75,2579,0,EC
2685.25,2586.5,0,EC
2296.75,2596.5,0,EC
2698.75,2602.5,0,EC
2223.75,2609,0,EC
2687.25,2610.5,0,EC
2001.75,2611.5,0,EC
2242.75,2617,0,EC
2596.75,2615,0,EC
2500.25,2618.5,0,EC
1961.75,2630,0,EC
2544.75,2641.5,0,EC
2680.25,2652.5,0,EC
1981.25,2671,0,EC
2010.75,2689.5,0,EC
2350.75,2694,0,EC
2378.25,2697,0,EC
2550.25,2704,0,EC
2207.75,2705,0,EC
2083.75,2715.5,0,EC
2508.75,2715,0,EC
2433.25,2715,0,EC
2526.75,2724,0,EC
2221.75,2727.5,0,EC
2436.25,2732.5,0,EC
2338.75,2738.5,0,EC
2435.75,2749,0,EC
2127.75,2755,0,EC
2117.75,2771,0,EC
2265.75,2770,0,EC
2427.25,2773.5,0,EC
2238.25,2778,0,EC
2366.25,2805,0,EC
2189.25,2805,0,EC
2344.75,2817.5,0,EC
2026.25,2813.5,0,EC
2115.25,2828,0,EC
1964.25,2826,0,EC
2040.25,2837,0,EC
2159.25,2845,0,EC
2073.25,2840.5,0,EC
2135.25,2842.5,0,EC
2103.75,2846,0,EC
2130.75,2856.5,0,EC
2001.75,2857,0,EC
2974.25,2078.5,0,EC
3251.25,2082.5,0,EC
3361.75,2148,0,EC
3006.75,2146.5,0,EC
3057.75,2145,0,EC
2766.25,2166,0,EC
3363.75,2171.5,0,EC
2786.75,2185.5,0,EC
2801.75,2191.5,0,EC
3373.25,2217,0,EC
3173.75,2226.5,0,EC
3326.25,2245.5,0,EC
2920.75,2245.5,0,EC
3143.25,2243.5,0,EC
3369.25,2244.5,0,EC
3266.75,2247,0,EC
2833.25,2280,0,EC
3362.25,2285,0,EC
2892.75,2298.5,0,EC
2801.75,2323.5,0,EC
3263.75,2332.5,0,EC
3252.75,2337.5,0,EC
2914.25,2345.5,0,EC
3203.75,2342.5,0,EC
3277.75,2344,0,EC
2766.75,2354.5,0,EC
3142.25,2354.5,0,EC
3193.75,2358,0,EC
2904.25,2366,0,EC
2884.75,2369.5,0,EC
3229.25,2379.5,0,EC
3213.75,2395,0,EC
2842.75,2403,0,EC
2869.75,2408,0,EC
3507.25,2405.5,0,EC
3215.25,2420,0,EC
3206.25,2444,0,EC
3154.75,2449.5,0,EC
3178.25,2454,0,EC
2963.75,2486.5,0,EC
2963.25,2508,0,EC
3107.25,2519,0,EC
2946.25,2531,0,EC
2929.75,2538.5,0,EC
3043.25,2543.5,0,EC
3239.25,2644,0,EC
2889.25,2650.5,0,EC
3251.75,2657,0,EC
2867.75,2655,0,EC
3020.75,2691,0,EC
3612.75,2058,0,EC
3647.25,2081.5,0,EC
3645.75,2112,0,EC
3660.75,2115,0,EC
3645.75,2137.5,0,EC
3638.25,2163.5,0,EC
3609.75,2172,0,EC
3618.75,2200.5,0,EC
3570.25,2384.5,0,EC
3579.25,2395,0,EC
3557.75,2402.5,0,EC
3539.75,2411.5,0,EC
3539.75,2434,0,EC
-896.75,2859.5,0,EC
-806.75,2860,0,EC
-916.25,2859,0,EC
-763.25,2862,0,EC
-746.75,2867,0,EC
-876.75,2874,0,EC
-830.75,2872,0,EC
-732.25,2878,0,EC
-856.25,2879.5,0,EC
-768.75,2880,0,EC
-905.25,2889,0,EC
-754.25,2897.5,0,EC
-895.75,2964,0,EC
-904.25,2986,0,EC
-848.75,3057,0,EC
-864.25,3075,0,EC
-531.25,3116,0,EC
-963.25,3203,0,EC
-986.75,3223,0,EC
-990.25,3250.5,0,EC
-981.75,3262.5,0,EC
-920.25,3298,0,EC
-911.25,3326,0,EC
-887.75,3335.5,0,EC
-863.25,3345,0,EC
-795.25,3348,0,EC
-823.25,3351.5,0,EC
-825.75,3363,0,EC
-766.75,3367.5,0,EC
-760.25,3386.5,0,EC
-474.25,3414.5,0,EC
-578.25,3419.5,0,EC
-659.25,3427,0,EC
-646.75,3440,0,EC
126.75,2873.5,0,EC
-446.75,2898,0,EC
2.25,2943,0,EC
22.75,2965,0,EC
-28.75,2987.5,0,EC
-46.25,2988.5,0,EC
-151.75,2988,0,EC
-110.25,3012,0,EC
-124.25,3027,0,EC
-103.25,3031.5,0,EC
97.25,3043.5,0,EC
-235.25,3045.5,0,EC
171.25,3073.5,0,EC
-216.75,3107.5,0,EC
-197.25,3105,0,EC
-236.25,3111,0,EC
328.75,3137,0,EC
-237.25,3139,0,EC
-204.75,3165.5,0,EC
3.25,3187.5,0,EC
-26.25,3184.5,0,EC
-321.75,3188,0,EC
-341.75,3192,0,EC
-319.25,3201.5,0,EC
-330.75,3222,0,EC
-343.75,3224.5,0,EC
167.25,3239.5,0,EC
192.25,3248.5,0,EC
272.75,3245,0,EC
310.25,3271.5,0,EC
189.25,3304.5,0,EC
169.75,3310,0,EC
-223.75,3329.5,0,EC
-390.25,3317,0,EC
-203.75,3334.5,0,EC
-352.75,3355,0,EC
-375.75,3353.5,0,EC
-326.25,3361.5,0,EC
-361.25,3372.5,0,EC
-225.25,3397.5,0,EC
-360.25,3392.5,0,EC
-253.75,3402.5,0,EC
-446.75,3425.5,0,EC
-453.75,3447.5,0,EC
-68.25,3441.5,0,EC
24.25,3473,0,EC
46.75,3473,0,EC
57.25,3485.5,0,EC
208.75,3510.5,0,EC
1120.25,2884,0,EC
639.75,2884.5,0,EC
893.75,2891.5,0,EC
881.75,2901,0,EC
1085.75,2908.5,0,EC
972.25,2913.5,0,EC
934.75,2937.5,0,EC
1031.25,2944.5,0,EC
529.75,2962.5,0,EC
485.25,2955,0,EC
1103.75,2966,0,EC
1125.75,2980.5,0,EC
608.25,2986,0,EC
505.75,2999,0,EC
838.25,3008.5,0,EC
821.75,3016,0,EC
994.25,3040,0,EC
1012.25,3037,0,EC
667.25,3035.5,0,EC
1049.75,3040,0,EC
1129.25,3053,0,EC
1026.25,3056.5,0,EC
1112.25,3053.5,0,EC
795.25,3071.5,0,EC
1002.25,3118,0,EC
704.25,3160.5,0,EC
476.75,3195,0,EC
849.75,3209.5,0,EC
1046.25,3217.5,0,EC
949.75,3221.5,0,EC
1098.75,3235,0,EC
1010.75,3232,0,EC
996.25,3233.5,0,EC
1064.75,3227,0,EC
825.75,3228.5,0,EC
929.25,3234,0,EC
954.75,3248,0,EC
1026.25,3245,0,EC
1051.75,3243,0,EC
907.25,3248,0,EC
1121.25,3265,0,EC
708.25,3265,0,EC
1112.75,3281.5,0,EC
1109.25,3299.5,0,EC
889.75,3394,0,EC
680.25,3409,0,EC
899.25,3408,0,EC
785.25,3417,0,EC
762.75,3417.5,0,EC
668.75,3430,0,EC
821.25,3432.5,0,EC
895.25,3430,0,EC
399.25,3490.5,0,EC
596.75,3502,0,EC
563.25,3509.5,0,EC
430.25,3511,0,EC
380.75,3511.5,0,EC
454.75,3517,0,EC
585.75,3520,0,EC
544.75,3530.5,0,EC
423.25,3534.5,0,EC
563.25,3537,0,EC
501.75,3542,0,EC
439.25,3544.5,0,EC
1240.75,2863.5,0,EC
1804.25,2879.5,0,EC
1410.75,2901.5,0,EC
1166.25,2895.5,0,EC
1649.25,2901.5,0,EC
1622.75,2901,0,EC
1694.75,2903,0,EC
1722.25,2907.5,0,EC
1874.75,2901.5,0,EC
1437.25,2906,0,EC
1667.75,2912,0,EC
1417.75,2918,0,EC
1596.75,2918.5,0,EC
1876.25,2921.5,0,EC
1890.75,2928.5,0,EC
1512.75,2936,0,EC
1619.75,2944.5,0,EC
1525.75,2989,0,EC
1380.25,3024.5,0,EC
1670.75,3027.5,0,EC
1728.25,3038.5,0,EC
1711.75,3045.5,0,EC
1437.25,3096,0,EC
1436.25,3110,0,EC
1144.75,3199,0,EC
1177.75,3204,0,EC
1365.25,3210,0,EC
1149.25,3212,0,EC
1591.75,3224,0,EC
1615.25,3223.5,0,EC
1138.75,3225.5,0,EC
1499.25,3224,0,EC
1576.75,3233.5,0,EC
1439.25,3241,0,EC
1505.75,3246,0,EC
1625.75,3240,0,EC
1600.25,3242.5,0,EC
1539.25,3244,0,EC
1577.75,3250.5,0,EC
1355.25,3254,0,EC
1140.25,3260,0,EC
1161.25,3256.5,0,EC
1616.25,3265.5,0,EC
1388.75,3267,0,EC
1171.25,3271,0,EC
1264.75,3279,0,EC
1347.75,3281.5,0,EC
1134.75,3282,0,EC
1225.75,3283.5,0,EC
1367.25,3285,0,EC
1677.75,3285.5,0,EC
1203.75,3288,0,EC
1924.75,3287,0,EC
1167.75,3290,0,EC
1295.25,3297.5,0,EC
1316.75,3295,0,EC
1140.25,3297.5,0,EC
1281.25,3296.5,0,EC
1666.25,3297.5,0,EC
1217.75,3299,0,EC
1241.75,3302,0,EC
1909.25,3327.5,0,EC
1685.25,3362,0,EC
1675.25,3387,0,EC
1835.25,3421.5,0,EC
1665.25,3419.5,0,EC
1827.25,3432,0,EC
1656.75,3434,0,EC
1675.75,3436.5,0,EC
1681.75,3448,0,EC
1694.25,3458.5,0,EC
2188.75,2860,0,EC
2202.75,2876.5,0,EC
2023.75,3047.5,0,EC
2005.75,3066,0,EC
2023.75,3070.5,0,EC
2004.75,3097.5,0,EC
2030.75,3097,0,EC
2004.25,3123.5,0,EC
2016.25,3129.5,0,EC
2036.75,3133,0,EC
2024.75,3146.5,0,EC
2037.25,3164.5,0,EC
2028.75,3185,0,EC
2065.25,3191.5,0,EC
2041.75,3202.5,0,EC
2045.25,3227,0,EC
1975.25,3303.5,0,EC
2002.25,3309.5,0,EC
1960.75,3335,0,EC
1936.25,3346,0,EC
-2072.75,-2288,0,EC
-2072.25,-2227,0,EC
-2375.25,-2171.5,0,EC
-2390.75,-2164,0,EC
-2089.25,-2160,0,EC
-2114.25,-2150,0,EC
-2420.75,-2142,0,EC
-2068.75,-2145,0,EC
-2146.75,-2135.5,0,EC
-2105.75,-2129,0,EC
-2208.75,-2120,0,EC
-2123.75,-2120.5,0,EC
-2437.75,-2118,0,EC
-2173.25,-2112,0,EC
-2142.25,-2116,0,EC
-2417.75,-2112.5,0,EC
-2329.25,-2106.5,0,EC
-2071.75,-2112,0,EC
-2096.25,-2109.5,0,EC
-2507.75,-2089.5,0,EC
-2440.25,-2096.5,0,EC
-2104.25,-2094,0,EC
-2121.75,-2094.5,0,EC
-2359.25,-2086,0,EC
-2260.75,-2072,0,EC
-2571.25,-2083,0,EC
-2096.25,-2072.5,0,EC
-2516.75,-2070.5,0,EC
-2469.75,-2056.5,0,EC
-2075.75,-2063.5,0,EC
-2506.25,-2059,0,EC
-2349.75,-2053,0,EC
-2093.25,-2054.5,0,EC
-2239.75,-2051,0,EC
-2273.25,-2050,0,EC
-2438.75,-2037,0,EC
-2413.75,-2036.5,0,EC
-2199.25,-2035,0,EC
-2282.75,-2029.5,0,EC
-2184.75,-2026.5,0,EC
-2255.75,-2013.5,0,EC
-2273.25,-2011.5,0,EC
-2170.25,-2010,0,EC
-2193.75,-2001.5,0,EC
-2602.75,-1994,0,EC
-2426.25,-2002.5,0,EC
-2463.75,-1991,0,EC
-2568.25,-1987,0,EC
-2582.75,-1981.5,0,EC
-2196.25,-1976.5,0,EC
-2518.75,-1968.5,0,EC
-2490.75,-1967,0,EC
-2465.25,-1945,0,EC
-2520.25,-1943,0,EC
-2488.25,-1942.5,0,EC
-2433.25,-1934,0,EC
-2214.75,-1936,0,EC
-2515.75,-1924.5,0,EC
-2244.25,-1925.5,0,EC
-2194.75,-1925,0,EC
-2399.75,-1921.5,0,EC
-2415.75,-1920.5,0,EC
-2492.75,-1918.5,0,EC
-2476.25,-1913.5,0,EC
-2359.75,-1917,0,EC
-2265.25,-1910.5,0,EC
-2231.25,-1909,0,EC
-2530.25,-1904.5,0,EC
-2369.75,-1907,0,EC
-2385.75,-1909.5,0,EC
-2206.25,-1901.5,0,EC
-2434.75,-1898,0,EC
-2407.75,-1897,0,EC
-2353.25,-1899.5,0,EC
-2255.25,-1888.5,0,EC
-2275.75,-1879,0,EC
-2389.75,-1883,0,EC
-2454.75,-1873.5,0,EC
-2306.75,-1863.5,0,EC
-2389.75,-1866,0,EC
-2417.25,-1869,0,EC
-2334.25,-1867,0,EC
-2268.25,-1861,0,EC
-2251.75,-1869.5,0,EC
-2421.25,-1856.5,0,EC
-2460.75,-1852,0,EC
-2244.75,-1844.5,0,EC
-2476.75,-1848.5,0,EC
-2445.75,-1841,0,EC
-2330.25,-1848,0,EC
-2281.25,-1833,0,EC
-2370.25,-1837.5,0,EC
-2418.75,-1832.5,0,EC
-2317.25,-1834,0,EC
-2344.25,-1827.5,0,EC
-2438.25,-1813.5,0,EC
-2371.25,-1799.5,0,EC
-2405.75,-1813,0,EC
-2306.25,-1816.5,0,EC
-2385.75,-1813,0,EC
-2321.75,-1816,0,EC
-2264.25,-1813,0,EC
-2344.25,-1802,0,EC
-2427.75,-1788.5,0,EC
-2369.75,-1764.5,0,EC
-2366.75,-1745,0,EC
-2382.25,-1726,0,EC
-2407.25,-1651,0,EC
-2412.75,-1608,0,EC
-2621.75,-1591,0,EC
-2601.75,-1575,0,EC
-2629.25,-1577,0,EC
-2105.25,-1555,0,EC
-2667.75,-1558.5,0,EC
-2626.25,-1556.5,0,EC
-2502.25,-1547.5,0,EC
-2435.25,-1553,0,EC
-2182.25,-1549,0,EC
-2653.75,-1532,0,EC
-2128.75,-1539,0,EC
-2426.75,-1542.5,0,EC
-2627.25,-1531.5,0,EC
-2104.25,-1526.5,0,EC
-2198.75,-1529,0,EC
-2113.75,-1530,0,EC
-2672.75,-1517.5,0,EC
-2221.75,-1520.5,0,EC
-2184.75,-1522.5,0,EC
-2073.25,-1513,0,EC
-2718.25,-1518,0,EC
-2156.25,-1515.5,0,EC
-2174.25,-1507,0,EC
-2243.75,-1507.5,0,EC
-2157.25,-1502,0,EC
-2634.25,-1497.5,0,EC
-2700.75,-1492,0,EC
-2217.75,-1501,0,EC
-2666.25,-1490.5,0,EC
-2730.25,-1485,0,EC
-2569.25,-1475.5,0,EC
-2794.75,-1473.5,0,EC
-2641.25,-1479,0,EC
-2437.25,-1476.5,0,EC
-2238.75,-1473,0,EC
-2750.75,-1470,0,EC
-2667.25,-1470.5,0,EC
-2260.25,-1473,0,EC
-2416.75,-1461.5,0,EC
-2395.25,-1457,0,EC
-2481.25,-1456.5,0,EC
-2815.25,-1448.5,0,EC
-2777.25,-1451,0,EC
-2648.75,-1457,0,EC
-2431.25,-1457,0,EC
-2750.25,-1452.5,0,EC
-2632.75,-1444.5,0,EC
-2569.25,-1449,0,EC
-2731.75,-1444,0,EC
-2585.25,-1449,0,EC
-2599.25,-1443,0,EC
-2686.25,-1435.5,0,EC
-2660.25,-1428,0,EC
-2445.75,-1423,0,EC
-2788.25,-1433,0,EC
-2840.75,-1426,0,EC
-2636.75,-1424.5,0,EC
-2301.25,-1424.5,0,EC
-2616.25,-1419,0,EC
-2807.25,-1422.5,0,EC
-2691.75,-1419,0,EC
-2393.75,-1423,0,EC
-2753.75,-1420,0,EC
-2717.25,-1416,0,EC
-2840.25,-1412.5,0,EC
-2815.25,-1405,0,EC
-2779.25,-1407.5,0,EC
-2731.75,-1402,0,EC
-2641.75,-1404,0,EC
-2667.75,-1395.5,0,EC
-2367.75,-1390.5,0,EC
-2255.25,-1393.5,0,EC
-2331.75,-1390,0,EC
-2618.25,-1392,0,EC
-2296.75,-1394,0,EC
-2278.25,-1382,0,EC
-2639.75,-1385,0,EC
-2308.25,-1370,0,EC
-2351.75,-1378,0,EC
-2629.75,-1376.5,0,EC
-2391.25,-1380,0,EC
-2669.25,-1362.5,0,EC
-2324.75,-1370.5,0,EC
-2646.75,-1368,0,EC
-2382.75,-1360,0,EC
-2646.75,-1345,0,EC
-2764.25,-1352.5,0,EC
-2808.75,-1352,0,EC
-2833.75,-1345,0,EC
-2811.25,-1340,0,EC
-2758.25,-1337,0,EC
-2782.75,-1329.5,0,EC
-2835.25,-1328,0,EC
-2195.75,-1308,0,EC
-2827.75,-1310,0,EC
-2811.25,-1301.5,0,EC
-2781.25,-1299.5,0,EC
-2795.25,-1309.5,0,EC
-2181.25,-1297.5,0,EC
-2768.75,-1295.5,0,EC
-2858.25,-1243.5,0,EC
-2078.75,-1208,0,EC
-2713.75,-1193.5,0,EC
-2115.75,-1207,0,EC
-2097.75,-1198,0,EC
-2363.25,-1197,0,EC
-2693.25,-1175.5,0,EC
-2345.25,-1173.5,0,EC
-2712.75,-1169,0,EC
-2370.75,-1162.5,0,EC
-2346.25,-1157,0,EC
-2304.25,-1155.5,0,EC
-2390.25,-1148,0,EC
-2285.25,-1147,0,EC
-2359.75,-1144,0,EC
402.75,-2777,0,EC
-1473.75,-1941.5,0,EC
-1559.75,-1939,0,EC
-1609.25,-1932,0,EC
-1426.25,-1938,0,EC
-1584.25,-1932,0,EC
-1936.75,-1933.5,0,EC
-1902.25,-1930.5,0,EC
-1480.75,-1929,0,EC
-1402.75,-1926,0,EC
-1886.75,-1920.5,0,EC
-1571.25,-1920,0,EC
-1926.25,-1913.5,0,EC
-1552.75,-1912,0,EC
-2038.75,-1913.5,0,EC
-1995.75,-1905.5,0,EC
-1901.25,-1905,0,EC
-2043.75,-1902,0,EC
-1877.25,-1904,0,EC
-1535.75,-1895.5,0,EC
-1515.25,-1894.5,0,EC
-2060.75,-1883.5,0,EC
-1498.25,-1881,0,EC
-2034.75,-1876.5,0,EC
-2011.25,-1877.5,0,EC
-1994.75,-1875.5,0,EC
-1529.25,-1872,0,EC
-2009.25,-1858.5,0,EC
-1948.25,-1850,0,EC
-1917.75,-1849,0,EC
-1920.25,-1835.5,0,EC
-1842.75,-1830.5,0,EC
-1805.75,-1830,0,EC
-1852.25,-1819,0,EC
-1938.75,-1823.5,0,EC
-1877.75,-1814.5,0,EC
-1830.25,-1816.5,0,EC
-1920.25,-1821,0,EC
-1910.75,-1800.5,0,EC
-1860.25,-1799.5,0,EC
-1837.75,-1800,0,EC
-1944.25,-1796,0,EC
-1270.75,-1795.5,0,EC
-1880.75,-1794.5,0,EC
-1826.25,-1791.5,0,EC
-1335.75,-1790.5,0,EC
-1926.75,-1786.5,0,EC
-1868.75,-1786.5,0,EC
-1844.25,-1779,0,EC
-1823.75,-1778.5,0,EC
-1356.75,-1774.5,0,EC
-1306.75,-1757.5,0,EC
-1358.75,-1758,0,EC
-1278.75,-1759.5,0,EC
-1830.75,-1756.5,0,EC
-1284.75,-1748,0,EC
-1832.25,-1702.5,0,EC
-1815.75,-1695.5,0,EC
-1788.75,-1663,0,EC
-1756.25,-1650,0,EC
-1723.75,-1642,0,EC
-1705.25,-1636.5,0,EC
-1780.75,-1633,0,EC
-1735.75,-1631,0,EC
-1855.25,-1628,0,EC
-1878.75,-1621.5,0,EC
-1804.75,-1620,0,EC
-1686.25,-1609,0,EC
-1591.75,-1611.5,0,EC
-1736.75,-1613.5,0,EC
-1722.25,-1614,0,EC
-1714.25,-1609.5,0,EC
-1856.25,-1602.5,0,EC
-1607.25,-1609,0,EC
-1821.75,-1606,0,EC
-1789.25,-1599.5,0,EC
-1837.25,-1596,0,EC
-1765.75,-1589.5,0,EC
-1740.25,-1597.5,0,EC
-1718.25,-1582,0,EC
-1610.25,-1590.5,0,EC
-1527.25,-1585.5,0,EC
-1542.25,-1589,0,EC
-1657.25,-1591.5,0,EC
-1695.75,-1582.5,0,EC
-1545.75,-1573.5,0,EC
-1739.25,-1576.5,0,EC
-1654.75,-1573.5,0,EC
-1619.75,-1575,0,EC
-1639.25,-1566,0,EC
-1742.25,-1558.5,0,EC
-1509.25,-1560,0,EC
-1622.75,-1562,0,EC
-1699.75,-1554,0,EC
-1610.25,-1547.5,0,EC
-1537.75,-1535,0,EC
-1831.75,-1543,0,EC
-1712.25,-1548,0,EC
-1516.25,-1544,0,EC
-1493.25,-1543.5,0,EC
-1843.75,-1534.5,0,EC
-1739.75,-1530,0,EC
-1808.25,-1518.5,0,EC
-1522.25,-1520.5,0,EC
-1503.25,-1513,0,EC
-1759.75,-1512.5,0,EC
-1707.75,-1517,0,EC
-1785.75,-1518.5,0,EC
-1860.75,-1519.5,0,EC
-1400.75,-1510,0,EC
-1775.75,-1509.5,0,EC
-1735.75,-1507,0,EC
-1368.25,-1496.5,0,EC
-1343.25,-1499.5,0,EC
-1432.75,-1498,0,EC
-1714.25,-1498,0,EC
-2008.25,-1493.5,0,EC
-1747.75,-1493,0,EC
-1690.75,-1482,0,EC
-1619.25,-1489,0,EC
-1644.75,-1486.5,0,EC
-1602.25,-1485,0,EC
-1660.75,-1485.5,0,EC
-1563.25,-1482,0,EC
-1343.75,-1477,0,EC
-1677.25,-1480.5,0,EC
-1396.25,-1472.5,0,EC
-1726.75,-1468.5,0,EC
-1298.25,-1466.5,0,EC
-1465.25,-1458,0,EC
-1276.25,-1464,0,EC
-1485.75,-1464,0,EC
-1374.75,-1460.5,0,EC
-1744.75,-1455.5,0,EC
-1631.25,-1462,0,EC
-1989.75,-1452,0,EC
-1324.25,-1450.5,0,EC
-1638.25,-1449,0,EC
-1921.25,-1443,0,EC
-1672.25,-1443.5,0,EC
-1306.75,-1435,0,EC
-1478.75,-1435,0,EC
-1668.75,-1425,0,EC
-1397.75,-1428,0,EC
-1299.75,-1423,0,EC
-1393.75,-1413,0,EC
-1297.25,-1413,0,EC
-1649.75,-1402.5,0,EC
-1378.25,-1397.5,0,EC
-1853.75,-1398,0,EC
-1864.25,-1385.5,0,EC
-1769.25,-1377.5,0,EC
-1725.75,-1380,0,EC
-1840.25,-1380.5,0,EC
-1460.75,-1372,0,EC
-1336.75,-1371.5,0,EC
-1903.75,-1373.5,0,EC
-1888.75,-1373,0,EC
-1661.75,-1366,0,EC
-1642.25,-1370,0,EC
-1855.75,-1366,0,EC
-1678.75,-1366.5,0,EC
-1783.75,-1358.5,0,EC
-1689.25,-1364,0,EC
-1364.75,-1363,0,EC
-1643.25,-1360,0,EC
-1806.75,-1356.5,0,EC
-1338.75,-1354,0,EC
-1681.25,-1351,0,EC
-1737.25,-1350.5,0,EC
-1852.75,-1348,0,EC
-1670.75,-1345,0,EC
-1621.25,-1342,0,EC
-1438.25,-1341,0,EC
-1349.75,-1343.5,0,EC
-1647.25,-1341.5,0,EC
-1537.75,-1341,0,EC
-1802.25,-1336.5,0,EC
-1497.75,-1334.5,0,EC
-1551.75,-1330,0,EC
-1478.75,-1328,0,EC
-1681.25,-1326.5,0,EC
-1761.75,-1328.5,0,EC
-1274.75,-1325.5,0,EC
-1503.75,-1315.5,0,EC
-1338.25,-1321,0,EC
-1900.75,-1323,0,EC
-1719.25,-1321,0,EC
-1811.75,-1311.5,0,EC
-1944.25,-1315,0,EC
-1573.25,-1318,0,EC
-1604.75,-1318,0,EC
-1542.75,-1309.5,0,EC
-1642.75,-1308.5,0,EC
-1791.25,-1314.5,0,EC
-1934.25,-1300.5,0,EC
-1708.25,-1309.5,0,EC
-1275.25,-1309,0,EC
-1571.75,-1304.5,0,EC
-1977.25,-1302.5,0,EC
-1613.75,-1302,0,EC
-1471.25,-1302.5,0,EC
-1756.75,-1303.5,0,EC
-1526.75,-1301,0,EC
-1299.25,-1299,0,EC
-1662.25,-1297.5,0,EC
-1741.75,-1293,0,EC
-1488.25,-1277.5,0,EC
-1514.75,-1283.5,0,EC
-1433.75,-1283,0,EC
-1898.75,-1284.5,0,EC
-1331.75,-1284.5,0,EC
-1571.25,-1280,0,EC
-1919.75,-1284,0,EC
-1626.25,-1285.5,0,EC
-1611.25,-1276,0,EC
-1468.75,-1276.5,0,EC
-1707.25,-1275.5,0,EC
-1752.75,-1272,0,EC
-1812.25,-1261.5,0,EC
-1441.75,-1269,0,EC
-1908.75,-1265.5,0,EC
-1842.25,-1263,0,EC
-1364.25,-1262.5,0,EC
-1498.25,-1263,0,EC
-1457.75,-1260,0,EC
-1921.25,-1257.5,0,EC
-1854.25,-1251,0,EC
-1409.75,-1255.5,0,EC
-1621.75,-1251.5,0,EC
-1472.75,-1244.5,0,EC
-1812.75,-1236,0,EC
-1599.25,-1246,0,EC
-1917.25,-1242,0,EC
-1427.25,-1241,0,EC
-1345.75,-1240,0,EC
-1618.75,-1237.5,0,EC
-1863.75,-1232.5,0,EC
-1584.75,-1235,0,EC
-1606.75,-1227.5,0,EC
-1333.25,-1220.5,0,EC
-1469.75,-1222.5,0,EC
-1588.75,-1215.5,0,EC
-1807.25,-1210.5,0,EC
-1616.75,-1213.5,0,EC
-1412.25,-1202,0,EC
-2038.25,-1206,0,EC
-1877.75,-1202.5,0,EC
-1436.25,-1207.5,0,EC
-1851.75,-1204,0,EC
-1939.75,-1198.5,0,EC
-1331.75,-1198.5,0,EC
-1271.75,-1189.5,0,EC
-2004.25,-1194,0,EC
-2057.75,-1191,0,EC
-1584.75,-1186,0,EC
-1854.75,-1192,0,EC
-1480.25,-1189,0,EC
-2032.75,-1189,0,EC
-1456.25,-1188.5,0,EC
-1319.25,-1175.5,0,EC
-1752.25,-1175,0,EC
-1498.75,-1180,0,EC
-1379.75,-1170,0,EC
-1289.25,-1167,0,EC
-1877.25,-1159.5,0,EC
-1335.75,-1164.5,0,EC
-1363.75,-1165,0,EC
-1805.25,-1153.5,0,EC
-1826.75,-1156.5,0,EC
-1425.75,-1148.5,0,EC
-1390.25,-1157.5,0,EC
-1376.75,-1150.5,0,EC
-1347.75,-1147,0,EC
-1327.25,-1143.5,0,EC
-1293.25,-1145,0,EC
-601.75,-1936,0,EC
-534.75,-1935,0,EC
-646.75,-1920,0,EC
-533.75,-1910,0,EC
-594.25,-1903,0,EC
-620.75,-1885.5,0,EC
-672.75,-1866.5,0,EC
-1234.25,-1505,0,EC
-1263.75,-1487,0,EC
-1249.75,-1477,0,EC
-1239.25,-1460,0,EC
-1230.75,-1450.5,0,EC
-1188.25,-1435,0,EC
-1259.25,-1435.5,0,EC
-1210.75,-1416,0,EC
-1114.25,-1416.5,0,EC
-1072.25,-1408.5,0,EC
-1136.75,-1408,0,EC
-1186.75,-1404.5,0,EC
-1156.75,-1406,0,EC
-1214.75,-1393,0,EC
-1118.25,-1392,0,EC
-1146.25,-1384,0,EC
-1166.75,-1387.5,0,EC
-1198.25,-1378,0,EC
-1094.25,-1379.5,0,EC
-1176.25,-1375.5,0,EC
-1069.25,-1361.5,0,EC
-1211.25,-1367,0,EC
-1148.75,-1366.5,0,EC
-1114.25,-1358,0,EC
-1063.75,-1330.5,0,EC
-951.25,-1308.5,0,EC
-983.75,-1285.5,0,EC
-969.75,-1283.5,0,EC
-1130.25,-1283,0,EC
-1111.25,-1275,0,EC
-988.25,-1269,0,EC
-1090.75,-1263,0,EC
-1159.25,-1258.5,0,EC
-1131.25,-1255.5,0,EC
-976.75,-1250.5,0,EC
-931.25,-1255,0,EC
-1087.25,-1246.5,0,EC
-955.75,-1240,0,EC
-1185.25,-1240,0,EC
-1226.25,-1246,0,EC
-1104.25,-1241,0,EC
-1148.25,-1236,0,EC
-1128.75,-1237.5,0,EC
-1075.75,-1234.5,0,EC
-976.25,-1234,0,EC
-1154.25,-1224.5,0,EC
-1087.25,-1216,0,EC
-961.75,-1222.5,0,EC
-1116.75,-1214,0,EC
-1144.25,-1214.5,0,EC
-1173.25,-1214,0,EC
-964.75,-1206.5,0,EC
-1122.25,-1197,0,EC
-1097.75,-1204,0,EC
-1266.25,-1199.5,0,EC
-1224.25,-1191.5,0,EC
-1010.25,-1192.5,0,EC
-1208.75,-1188,0,EC
-1256.25,-1181.5,0,EC
-1233.75,-1170.5,0,EC
-1096.25,-1167.5,0,EC
-1256.25,-1160,0,EC
-1121.25,-1159,0,EC
-1160.75,-1153.5,0,EC
-1237.25,-1145,0,EC
-1439.75,-2730,0,EC
-1360.25,-2731.5,0,EC
-1460.25,-2723,0,EC
-1405.75,-2724,0,EC
-1424.25,-2708,0,EC
-1445.75,-2711.5,0,EC
-1371.75,-2705.5,0,EC
-1507.75,-2696.5,0,EC
-1461.25,-2697.5,0,EC
-1416.25,-2685.5,0,EC
-1556.25,-2682,0,EC
-1297.75,-2683,0,EC
-1429.75,-2679,0,EC
-1316.25,-2677,0,EC
-1465.25,-2676,0,EC
-1449.75,-2665.5,0,EC
-1431.75,-2663,0,EC
-1411.25,-2665,0,EC
-1484.75,-2658.5,0,EC
-1320.75,-2649,0,EC
-1417.75,-2645.5,0,EC
-1431.75,-2638.5,0,EC
-1384.75,-2647.5,0,EC
-1500.25,-2641.5,0,EC
-1299.75,-2628.5,0,EC
-1369.75,-2635.5,0,EC
-1476.25,-2625.5,0,EC
-1400.25,-2633,0,EC
-1492.75,-2628.5,0,EC
-1321.75,-2631,0,EC
-1510.25,-2626.5,0,EC
-1272.25,-2615.5,0,EC
-1355.25,-2619,0,EC
-1499.25,-2615.5,0,EC
-1525.25,-2607,0,EC
-1346.75,-2602,0,EC
-1462.25,-2595.5,0,EC
-1490.75,-2598,0,EC
-1488.25,-2580.5,0,EC
-1395.75,-2587,0,EC
-1568.75,-2570.5,0,EC
-1619.75,-2561,0,EC
-1465.75,-2568,0,EC
-1544.75,-2560.5,0,EC
-1557.75,-2559.5,0,EC
-1405.75,-2543,0,EC
-1509.75,-2532,0,EC
-1349.25,-2531,0,EC
-1390.75,-2526,0,EC
-1278.75,-2528.5,0,EC
-1621.25,-2510,0,EC
-1511.25,-2520,0,EC
-1498.75,-2514.5,0,EC
-1406.25,-2518,0,EC
-1370.75,-2519,0,EC
-1347.25,-2512,0,EC
-1451.25,-2509,0,EC
-1282.25,-2498.5,0,EC
-1347.25,-2496,0,EC
-1296.75,-2484.5,0,EC
-1669.75,-2490.5,0,EC
-1493.25,-2485,0,EC
-1448.75,-2487,0,EC
-1647.25,-2486.5,0,EC
-1569.25,-2488.5,0,EC
-1554.75,-2486.5,0,EC
-1687.75,-2477.5,0,EC
-1498.75,-2478,0,EC
-1367.75,-2482,0,EC
-1661.25,-2476.5,0,EC
-1582.75,-2475.5,0,EC
-1752.25,-2476,0,EC
-1270.25,-2474.5,0,EC
-1313.75,-2471.5,0,EC
-1707.25,-2459,0,EC
-1336.75,-2454.5,0,EC
-1513.25,-2468,0,EC
-1729.25,-2465.5,0,EC
-1557.75,-2461.5,0,EC
-1484.75,-2459.5,0,EC
-1690.75,-2450,0,EC
-1629.25,-2454,0,EC
-1530.75,-2457.5,0,EC
-1453.25,-2452.5,0,EC
-1754.75,-2450.5,0,EC
-1660.75,-2452,0,EC
-1517.75,-2447,0,EC
-1793.75,-2446,0,EC
-1366.75,-2446.5,0,EC
-1436.75,-2442.5,0,EC
-1420.25,-2442,0,EC
-1279.75,-2442,0,EC
-1304.25,-2437.5,0,EC
-1774.75,-2437.5,0,EC
-1342.25,-2430,0,EC
-1500.75,-2432.5,0,EC
-1478.75,-2429,0,EC
-1795.25,-2424.5,0,EC
-1423.25,-2426.5,0,EC
-1773.25,-2420.5,0,EC
-1315.75,-2420,0,EC
-1712.25,-2421.5,0,EC
-1514.25,-2413.5,0,EC
-1379.75,-2413.5,0,EC
-1578.75,-2394,0,EC
-1344.25,-2404,0,EC
-1299.75,-2407,0,EC
-1461.75,-2404.5,0,EC
-1751.25,-2398.5,0,EC
-1536.25,-2400.5,0,EC
-1489.25,-2403.5,0,EC
-1782.75,-2399.5,0,EC
-1322.75,-2396.5,0,EC
-1475.25,-2394.5,0,EC
-1770.75,-2392,0,EC
-1384.75,-2391.5,0,EC
-1453.25,-2390.5,0,EC
-1417.75,-2387,0,EC
-1303.75,-2387,0,EC
-1506.75,-2388,0,EC
-1341.75,-2382.5,0,EC
-1559.25,-2380,0,EC
-1445.25,-2379.5,0,EC
-1369.75,-2378.5,0,EC
-1732.25,-2381,0,EC
-1492.75,-2375.5,0,EC
-1769.25,-2374,0,EC
-1540.75,-2376.5,0,EC
-1396.25,-2374,0,EC
-1595.75,-2373,0,EC
-1666.25,-2372.5,0,EC
-1790.25,-2370.5,0,EC
-1427.25,-2369,0,EC
-1714.25,-2366,0,EC
-1568.75,-2365.5,0,EC
-1514.75,-2367.5,0,EC
-1477.75,-2363,0,EC
-1612.25,-2360.5,0,EC
-1781.25,-2356,0,EC
-1441.75,-2358,0,EC
-1538.25,-2356,0,EC
-1672.75,-2352,0,EC
-1418.25,-2351,0,EC
-1495.25,-2349.5,0,EC
-1513.25,-2346,0,EC
-1358.75,-2344.5,0,EC
-1628.25,-2344,0,EC
-1459.25,-2344.5,0,EC
-1435.25,-2338.5,0,EC
-1490.25,-2338.5,0,EC
-1600.25,-2341.5,0,EC
-1394.75,-2337,0,EC
-1371.25,-2325.5,0,EC
-1550.75,-2328,0,EC
-1524.75,-2324.5,0,EC
-1454.75,-2326,0,EC
-1615.75,-2317,0,EC
-1353.75,-2322.5,0,EC
-1648.25,-2306,0,EC
-1514.75,-2316,0,EC
-1594.75,-2315,0,EC
-1499.25,-2302.5,0,EC
-1564.25,-2311,0,EC
-1397.75,-2303.5,0,EC
-1334.75,-2307,0,EC
-1527.25,-2299.5,0,EC
-1372.25,-2303,0,EC
-1746.75,-2297,0,EC
-1448.75,-2301,0,EC
-1347.75,-2298,0,EC
-1462.25,-2294,0,EC
-1596.25,-2288,0,EC
-1615.75,-2293,0,EC
-1383.75,-2281,0,EC
-1335.75,-2279.5,0,EC
-1579.25,-2284,0,EC
-1691.75,-2276.5,0,EC
-1538.25,-2280.5,0,EC
-1710.75,-2279.5,0,EC
-1763.25,-2275,0,EC
-1788.75,-2279,0,EC
-1668.25,-2276.5,0,EC
-1739.75,-2276.5,0,EC
-1627.75,-2271.5,0,EC
-1411.75,-2271.5,0,EC
-1367.75,-2270.5,0,EC
-1822.75,-2265,0,EC
-1465.25,-2256.5,0,EC
-1614.75,-2259.5,0,EC
-1745.75,-2250,0,EC
-1712.25,-2247.5,0,EC
-1796.25,-2260,0,EC
-1390.75,-2257.5,0,EC
-1577.25,-2252.5,0,EC
-1641.25,-2251.5,0,EC
-1423.25,-2254.5,0,EC
-1680.25,-2248,0,EC
-1352.25,-2245.5,0,EC
-1444.75,-2248,0,EC
-2040.75,-2248.5,0,EC
-1767.25,-2245.5,0,EC
-2059.25,-2238.5,0,EC
-1815.75,-2239,0,EC
-1405.75,-2239,0,EC
-1346.25,-2239.5,0,EC
-1384.25,-2231.5,0,EC
-1778.75,-2229.5,0,EC
-1732.75,-2229.5,0,EC
-1812.75,-2226,0,EC
-1636.25,-2229,0,EC
-1345.25,-2218.5,0,EC
-1416.75,-2220,0,EC
-1706.25,-2221.5,0,EC
-1663.25,-2222.5,0,EC
-1693.25,-2222.5,0,EC
-1650.25,-2214,0,EC
-1787.25,-2210.5,0,EC
-1373.25,-2212.5,0,EC
-1616.25,-2208.5,0,EC
-1394.25,-2213,0,EC
-1727.25,-2205,0,EC
-1812.25,-2210,0,EC
-1329.75,-2202.5,0,EC
-1441.75,-2206,0,EC
-2059.25,-2201,0,EC
-1384.25,-2202.5,0,EC
-1695.75,-2202,0,EC
-1624.25,-2193,0,EC
-1782.75,-2195.5,0,EC
-1672.75,-2194,0,EC
-1454.75,-2196.5,0,EC
-1368.75,-2193.5,0,EC
-1649.25,-2189.5,0,EC
-1389.25,-2183.5,0,EC
-1434.25,-2185,0,EC
-1361.25,-2173.5,0,EC
-1604.25,-2176.5,0,EC
-1417.75,-2179,0,EC
-1319.25,-2175.5,0,EC
-1673.75,-2163.5,0,EC
-1384.75,-2171,0,EC
-2060.75,-2167.5,0,EC
-1725.75,-2164,0,EC
-1397.25,-2165.5,0,EC
-1346.75,-2157,0,EC
-1604.25,-2159,0,EC
-1292.25,-2155.5,0,EC
-1644.75,-2154.5,0,EC
-1616.75,-2154.5,0,EC
-1579.25,-2154.5,0,EC
-1377.25,-2151.5,0,EC
-1696.25,-2144,0,EC
-1633.25,-2141,0,EC
-1279.75,-2135.5,0,EC
-1667.75,-2143,0,EC
-1588.75,-2141,0,EC
-1337.25,-2140.5,0,EC
-1307.25,-2135.5,0,EC
-1712.75,-2142,0,EC
-2028.75,-2131.5,0,EC
-1617.75,-2123.5,0,EC
-1671.25,-2126,0,EC
-2015.25,-2126,0,EC
-1356.75,-2126,0,EC
-1645.75,-2125,0,EC
-1325.25,-2123.5,0,EC
-1293.75,-2121,0,EC
-2026.75,-2118,0,EC
-1661.75,-2116,0,EC
-1270.25,-2117.5,0,EC
-1975.25,-2114.5,0,EC
-1570.25,-2109.5,0,EC
-1349.25,-2105.5,0,EC
-2057.75,-2091.5,0,EC
-1592.75,-2104.5,0,EC
-1301.75,-2105,0,EC
-2035.75,-2094.5,0,EC
-1646.25,-2102,0,EC
-1967.25,-2090.5,0,EC
-1908.25,-2090,0,EC
-1885.25,-2087.5,0,EC
-2011.75,-2084,0,EC
-1588.25,-2083.5,0,EC
-1975.75,-2079,0,EC
-1286.75,-2076,0,EC
-1996.75,-2077,0,EC
-1885.75,-2071,0,EC
-1605.75,-2064,0,EC
-1333.25,-2061,0,EC
-1847.75,-2065,0,EC
-1304.75,-2065,0,EC
-2007.25,-2060,0,EC
-1978.75,-2056.5,0,EC
-1869.75,-2048,0,EC
-1310.75,-2048.5,0,EC
-1289.25,-2054,0,EC
-1566.75,-2051.5,0,EC
-1993.25,-2051.5,0,EC
-1841.75,-2051,0,EC
-1893.75,-2039,0,EC
-1275.75,-2045,0,EC
-2031.25,-2038,0,EC
-1294.25,-2034.5,0,EC
-2051.75,-2036,0,EC
-1836.25,-2034.5,0,EC
-1854.75,-2023,0,EC
-1315.25,-2033.5,0,EC
-1594.75,-2029,0,EC
-1341.25,-2032,0,EC
-1274.75,-2033,0,EC
-1356.25,-2024.5,0,EC
-1924.25,-2022.5,0,EC
-1369.75,-2010,0,EC
-1585.75,-2004.5,0,EC
-1829.25,-2009.5,0,EC
-1554.25,-2001.5,0,EC
-1402.75,-2013.5,0,EC
-1333.25,-2009,0,EC
-1896.25,-2010,0,EC
-1290.75,-2008.5,0,EC
-1275.25,-2005.5,0,EC
-1954.75,-1995.5,0,EC
-1393.75,-1990.5,0,EC
-1928.25,-1993,0,EC
-1890.75,-1990.5,0,EC
-1852.25,-1991,0,EC
-1356.75,-1990,0,EC
-1314.75,-1989,0,EC
-1462.75,-1984,0,EC
-1417.25,-1983.5,0,EC
-1346.75,-1972.5,0,EC
-1829.25,-1978.5,0,EC
-1588.75,-1981.5,0,EC
-1566.25,-1980.5,0,EC
-1952.25,-1977,0,EC
-1491.25,-1979.5,0,EC
-1504.25,-1978.5,0,EC
-2012.75,-1971.5,0,EC
-1880.25,-1975,0,EC
-1381.75,-1970.5,0,EC
-1544.75,-1971.5,0,EC
-1518.25,-1970.5,0,EC
-1326.75,-1964,0,EC
-1932.25,-1961,0,EC
-2043.75,-1966,0,EC
-1448.25,-1963,0,EC
-1966.25,-1961.5,0,EC
-1558.75,-1958.5,0,EC
-1598.75,-1955.5,0,EC
-1424.75,-1957.5,0,EC
-1978.25,-1958.5,0,EC
-2011.25,-1955.5,0,EC
-1527.25,-1957,0,EC
-1504.25,-1953.5,0,EC
-1377.25,-1943,0,EC
-1491.25,-1947,0,EC
-1998.25,-1949.5,0,EC
-1539.75,-1946,0,EC
-1884.75,-1947,0,EC
-1314.25,-3225.5,0,EC
-1312.75,-3128,0,EC
-1274.75,-3120,0,EC
-1325.75,-3104,0,EC
-1302.75,-3108.5,0,EC
-1303.75,-3093.5,0,EC
-1408.75,-3085,0,EC
-1309.25,-3074.5,0,EC
-1404.25,-3055,0,EC
-1355.75,-3059,0,EC
-1328.75,-3038.5,0,EC
-1372.75,-3048,0,EC
-1354.75,-3041,0,EC
-1387.25,-3031,0,EC
-1436.75,-3026,0,EC
-1418.75,-3017,0,EC
-1363.25,-3023.5,0,EC
-1278.25,-3015,0,EC
-1339.25,-3011.5,0,EC
-1388.25,-2999,0,EC
-1269.25,-2993,0,EC
-1427.25,-2993,0,EC
-1284.75,-2990,0,EC
-1350.75,-2995.5,0,EC
-1340.75,-2984.5,0,EC
-1361.75,-2978.5,0,EC
-1386.75,-2964.5,0,EC
-1404.25,-2950,0,EC
-1276.25,-2946,0,EC
-1348.75,-2944,0,EC
-1306.25,-2937,0,EC
-1362.75,-2926,0,EC
-1335.25,-2927.5,0,EC
-1289.75,-2922,0,EC
-1382.75,-2916,0,EC
-1275.75,-2912,0,EC
-1347.75,-2904,0,EC
-1324.25,-2903,0,EC
-1371.25,-2898,0,EC
-1381.75,-2886.5,0,EC
-1683.25,-2872.5,0,EC
-1681.75,-2848,0,EC
-1644.25,-2833,0,EC
-1625.75,-2842,0,EC
-1701.75,-2821.5,0,EC
-1664.75,-2809.5,0,EC
-1723.75,-2815.5,0,EC
-1359.25,-2809,0,EC
-1381.25,-2789,0,EC
-1682.25,-2785.5,0,EC
-1701.75,-2786.5,0,EC
-1798.75,-2786,0,EC
-1757.25,-2780,0,EC
-1774.25,-2764.5,0,EC
-3223.75,-1141.5,0,EC
-3380.25,-1131.5,0,EC
-3267.25,-1130,0,EC
-3175.25,-1136.5,0,EC
-3321.75,-1134.5,0,EC
-3045.75,-1130,0,EC
-3111.75,-1126,0,EC
-3065.75,-1126.5,0,EC
-3350.75,-1113,0,EC
-3317.25,-1119,0,EC
-3159.25,-1116.5,0,EC
-3405.25,-1113,0,EC
-3290.25,-1107.5,0,EC
-3384.25,-1108.5,0,EC
-3227.75,-1111.5,0,EC
-3307.75,-1101.5,0,EC
-3329.75,-1097.5,0,EC
-3169.25,-1097.5,0,EC
-3230.75,-1094,0,EC
-3186.75,-1088.5,0,EC
-3396.25,-1095,0,EC
-3381.25,-1084.5,0,EC
-3157.75,-1090,0,EC
-3078.75,-1078,0,EC
-3335.75,-1079.5,0,EC
-3309.25,-1087,0,EC
-3054.75,-1076,0,EC
-3416.75,-1079,0,EC
-3240.75,-1078.5,0,EC
-3357.75,-1069.5,0,EC
-3166.75,-1075.5,0,EC
-3144.25,-1078.5,0,EC
-2872.25,-1075.5,0,EC
-3206.25,-1067.5,0,EC
-3395.75,-1064.5,0,EC
-3179.75,-1057,0,EC
-3070.25,-1061.5,0,EC
-3419.75,-1049.5,0,EC
-3270.75,-1051.5,0,EC
-3340.75,-1051.5,0,EC
-2974.25,-1046,0,EC
-3307.25,-1053,0,EC
-3226.25,-1042,0,EC
-3372.25,-1046.5,0,EC
-3447.25,-1041.5,0,EC
-3406.75,-1040,0,EC
-3298.75,-1040,0,EC
-2879.25,-1045,0,EC
-3206.75,-1042,0,EC
-3025.25,-1036,0,EC
-2958.75,-1036.5,0,EC
-3346.75,-1029.5,0,EC
-2997.75,-1014.5,0,EC
-3310.75,-1024.5,0,EC
-3209.25,-1026.5,0,EC
-2970.25,-1025,0,EC
-2867.25,-1026,0,EC
-3037.75,-1024,0,EC
-3070.25,-1023.5,0,EC
-3084.75,-1019,0,EC
-3027.25,-1013.5,0,EC
-3226.75,-1015,0,EC
-3383.75,-1014.5,0,EC
-3167.25,-1014.5,0,EC
-2884.75,-1011,0,EC
-3406.75,-1011,0,EC
-3274.75,-1014,0,EC
-2919.25,-1012.5,0,EC
-3322.25,-1011.5,0,EC
-3240.75,-995.5,0,EC
-3057.75,-1002.5,0,EC
-3305.75,-1005.5,0,EC
-3292.25,-997.5,0,EC
-3141.75,-999,0,EC
-2909.25,-1001.5,0,EC
-3403.25,-994,0,EC
-3168.75,-991.5,0,EC
-3339.25,-984,0,EC
-3105.25,-987,0,EC
-3013.25,-987,0,EC
-3388.25,-990,0,EC
-2888.25,-993.5,0,EC
-3196.75,-979,0,EC
-2930.75,-987,0,EC
-3263.25,-983,0,EC
-3314.75,-988,0,EC
-3050.25,-983.5,0,EC
-3440.75,-982,0,EC
-3127.25,-985.5,0,EC
-3372.25,-980,0,EC
-2904.75,-980.5,0,EC
-2867.75,-980.5,0,EC
-3140.75,-982,0,EC
-3459.25,-978,0,EC
-3154.25,-979.5,0,EC
-3107.75,-973,0,EC
-3177.25,-970,0,EC
-2883.25,-972,0,EC
-3031.25,-965,0,EC
-2959.75,-966,0,EC
-3326.25,-962.5,0,EC
-3254.75,-965.5,0,EC
-2933.75,-968,0,EC
-3288.75,-954,0,EC
-3067.75,-964,0,EC
-3391.75,-961.5,0,EC
-3139.25,-965.5,0,EC
-3363.25,-948.5,0,EC
-2902.75,-963.5,0,EC
-3161.75,-960,0,EC
-3117.25,-960,0,EC
-3083.75,-954.5,0,EC
-3268.25,-956.5,0,EC
-2999.75,-953,0,EC
-2938.75,-953.5,0,EC
-3051.25,-945,0,EC
-3176.75,-947,0,EC
-3146.75,-943.5,0,EC
-2986.75,-940,0,EC
-3424.75,-941.5,0,EC
-3016.75,-933.5,0,EC
-3192.75,-935.5,0,EC
-2929.75,-939.5,0,EC
-3091.25,-939,0,EC
-3080.25,-934,0,EC
-3128.75,-926,0,EC
-3104.75,-935,0,EC
-3319.25,-933.5,0,EC
-3487.75,-930,0,EC
-3350.75,-933,0,EC
-3307.25,-931.5,0,EC
-3177.75,-928,0,EC
-3092.25,-923,0,EC
-2950.75,-923.5,0,EC
-3363.75,-924.5,0,EC
-3306.75,-915,0,EC
-3382.75,-914,0,EC
-3257.75,-920.5,0,EC
-3150.25,-916.5,0,EC
-2968.25,-918.5,0,EC
-3412.75,-916.5,0,EC
-3276.75,-914,0,EC
-3071.25,-912.5,0,EC
-2928.25,-911.5,0,EC
-3192.25,-918,0,EC
-3039.75,-911.5,0,EC
-3448.25,-904.5,0,EC
-3246.25,-902,0,EC
-3468.25,-904.5,0,EC
-3332.25,-899,0,EC
-3174.25,-903.5,0,EC
-3094.75,-907.5,0,EC
-3259.25,-907,0,EC
-3110.25,-907,0,EC
-3531.75,-906,0,EC
-3486.75,-905.5,0,EC
-3431.25,-899.5,0,EC
-3013.75,-904.5,0,EC
-3406.75,-894,0,EC
-3546.25,-899.5,0,EC
-2961.25,-901.5,0,EC
-2988.75,-892,0,EC
-3272.25,-889.5,0,EC
-2908.25,-895.5,0,EC
-3127.75,-894.5,0,EC
-2949.25,-893.5,0,EC
-3105.75,-894.5,0,EC
-3318.75,-890,0,EC
-3234.25,-892.5,0,EC
-3160.25,-886.5,0,EC
-3093.75,-890,0,EC
-3057.75,-888.5,0,EC
-3356.25,-888,0,EC
-2928.75,-888,0,EC
-3072.25,-887,0,EC
-3016.25,-888,0,EC
-3041.25,-886,0,EC
-2965.25,-877,0,EC
-3396.25,-878.5,0,EC
-3442.75,-881.5,0,EC
-3298.25,-879,0,EC
-2909.75,-880.5,0,EC
-2885.75,-881,0,EC
-3418.25,-877.5,0,EC
-3249.75,-872.5,0,EC
-3131.25,-875.5,0,EC
-2939.75,-875,0,EC
-2924.75,-873.5,0,EC
-3283.75,-868.5,0,EC
-3118.25,-871.5,0,EC
-3327.25,-869,0,EC
-3312.75,-872,0,EC
-3023.75,-868.5,0,EC
-3050.25,-870,0,EC
-2976.25,-863,0,EC
-3370.75,-864,0,EC
-3149.75,-868,0,EC
-3412.25,-860,0,EC
-2893.75,-866,0,EC
-3093.25,-865,0,EC
-2875.75,-863,0,EC
-3131.25,-856.5,0,EC
-2920.75,-859,0,EC
-3451.25,-852.5,0,EC
-3269.75,-856,0,EC
-3346.75,-853.5,0,EC
-3301.25,-855.5,0,EC
-3049.25,-854.5,0,EC
-3062.25,-854.5,0,EC
-3097.25,-849,0,EC
-2869.75,-853.5,0,EC
-2942.25,-847,0,EC
-3511.25,-843.5,0,EC
-2996.75,-846,0,EC
-3375.75,-846,0,EC
-2879.75,-848.5,0,EC
-3397.25,-842,0,EC
-3317.25,-842,0,EC
-3136.75,-843,0,EC
-3023.75,-844,0,EC
-3493.25,-843,0,EC
-3293.25,-838.5,0,EC
-3276.25,-836,0,EC
-3529.25,-833,0,EC
-3036.25,-839.5,0,EC
-2867.75,-839.5,0,EC
-3381.75,-827,0,EC
-3552.25,-823.5,0,EC
-3049.25,-829.5,0,EC
-3448.75,-828,0,EC
-3302.75,-826.5,0,EC
-3011.75,-828,0,EC
-3328.75,-824,0,EC
-3417.75,-822.5,0,EC
-3033.75,-816,0,EC
-3314.25,-816.5,0,EC
-3222.75,-815,0,EC
-3296.75,-807,0,EC
-3544.25,-809,0,EC
-3100.75,-807,0,EC
-3173.75,-806.5,0,EC
-3347.75,-802.5,0,EC
-3018.75,-807,0,EC
-3000.75,-806,0,EC
-3526.25,-790,0,EC
-3231.25,-803.5,0,EC
-3565.75,-805.5,0,EC
-3555.75,-805,0,EC
-3042.25,-793.5,0,EC
-3414.25,-794,0,EC
-3386.75,-791.5,0,EC
-3556.75,-786,0,EC
-3120.75,-782.5,0,EC
-3515.75,-779,0,EC
-3474.75,-777.5,0,EC
-3435.25,-779.5,0,EC
-3364.75,-782.5,0,EC
-3096.25,-776,0,EC
-3015.25,-774.5,0,EC
-3352.25,-771,0,EC
-3458.75,-770.5,0,EC
-3590.75,-755,0,EC
-2917.75,-765,0,EC
-3375.25,-759.5,0,EC
-3106.25,-757,0,EC
-3476.75,-756.5,0,EC
-3404.25,-757,0,EC
-3435.75,-752.5,0,EC
-3140.25,-753.5,0,EC
-3502.25,-752.5,0,EC
-3304.75,-750,0,EC
-2918.25,-749,0,EC
-3287.75,-748.5,0,EC
-3384.75,-744,0,EC
-3008.25,-742.5,0,EC
-3406.75,-744.5,0,EC
-3126.75,-743.5,0,EC
-3424.75,-744,0,EC
-3276.75,-740.5,0,EC
-3495.25,-736.5,0,EC
-3143.25,-739.5,0,EC
-3611.25,-735,0,EC
-3055.25,-733,0,EC
-3581.75,-730.5,0,EC
-3163.25,-724,0,EC
-2914.75,-726.5,0,EC
-3430.25,-721.5,0,EC
-3522.25,-720.5,0,EC
-3592.75,-713.5,0,EC
-3554.75,-722.5,0,EC
-3313.75,-716.5,0,EC
-3144.25,-720,0,EC
-3129.75,-717,0,EC
-3616.25,-720.5,0,EC
-3186.75,-717,0,EC
-3268.75,-710,0,EC
-3438.75,-711,0,EC
-3630.25,-703.5,0,EC
-3500.25,-704,0,EC
-3265.25,-681,0,EC
-3591.25,-685,0,EC
-3631.25,-667,0,EC
-3575.25,-680,0,EC
-3055.25,-681,0,EC
-2869.25,-677,0,EC
-3308.25,-679.5,0,EC
-3285.25,-670,0,EC
-3615.25,-670,0,EC
-3078.75,-661,0,EC
-3184.25,-658.5,0,EC
-3393.25,-653,0,EC
-3103.75,-647,0,EC
-3058.25,-625.5,0,EC
-3168.75,-628.5,0,EC
-3234.75,-624,0,EC
-3103.75,-620.5,0,EC
-3035.25,-620.5,0,EC
-3013.25,-615.5,0,EC
-3255.75,-614,0,EC
-3057.25,-601.5,0,EC
-3274.25,-606,0,EC
-3230.25,-603,0,EC
-3183.25,-601.5,0,EC
-3035.75,-595.5,0,EC
-3248.25,-594.5,0,EC
-3027.75,-576.5,0,EC
-2976.25,-569,0,EC
-3154.75,-555.5,0,EC
-3202.75,-565,0,EC
-3092.25,-548.5,0,EC
-2934.75,-562,0,EC
-3186.25,-541,0,EC
-3008.75,-554,0,EC
-3035.75,-545.5,0,EC
-3110.25,-532.5,0,EC
-3215.75,-553,0,EC
-2959.75,-549.5,0,EC
-3139.25,-538.5,0,EC
-2984.75,-540,0,EC
-3000.25,-541,0,EC
-3234.25,-534.5,0,EC
-2954.25,-532,0,EC
-2932.75,-527.5,0,EC
-3206.75,-518.5,0,EC
-3034.75,-522,0,EC
-2967.75,-522,0,EC
-2983.75,-520.5,0,EC
-2998.75,-518,0,EC
-3081.25,-508.5,0,EC
-2966.75,-507.5,0,EC
-3189.75,-502,0,EC
-3013.75,-506.5,0,EC
-2995.25,-504.5,0,EC
-3211.25,-499.5,0,EC
-2962.75,-481.5,0,EC
-3228.25,-484.5,0,EC
-3192.25,-485.5,0,EC
-3077.75,-481.5,0,EC
-3211.75,-481,0,EC
-3150.25,-464.5,0,EC
-3106.25,-458,0,EC
-3000.75,-459,0,EC
-3126.75,-456,0,EC
-3013.75,-456.5,0,EC
-3064.25,-445.5,0,EC
-2985.75,-454,0,EC
-3042.25,-448.5,0,EC
-3026.75,-454,0,EC
-2962.75,-440,0,EC
-2909.25,-439.5,0,EC
-3014.25,-435,0,EC
-3033.75,-428.5,0,EC
-3086.25,-430,0,EC
-3130.75,-422,0,EC
-2945.75,-425,0,EC
-3054.25,-422.5,0,EC
-3110.75,-415,0,EC
-3065.75,-415.5,0,EC
-3257.25,-417.5,0,EC
-2962.75,-410.5,0,EC
-3206.25,-408.5,0,EC
-2868.75,-408.5,0,EC
-2908.25,-407,0,EC
-2936.75,-404.5,0,EC
-3261.75,-401.5,0,EC
-2973.25,-399.5,0,EC
-3008.25,-400.5,0,EC
-3194.25,-397.5,0,EC
-2943.75,-392,0,EC
-2922.75,-394,0,EC
-2887.25,-394,0,EC
-2903.25,-385,0,EC
-3198.75,-385,0,EC
-3172.75,-382,0,EC
-2881.75,-374.5,0,EC
-3135.25,-376.5,0,EC
-2924.75,-376,0,EC
-3056.75,-373,0,EC
-3155.25,-373.5,0,EC
-2951.25,-367,0,EC
-2898.25,-369.5,0,EC
-3240.25,-362,0,EC
-3193.25,-361.5,0,EC
-3034.25,-364.5,0,EC
-3103.25,-363.5,0,EC
-3050.75,-362.5,0,EC
-3156.25,-360.5,0,EC
-2992.75,-352,0,EC
-3133.75,-353,0,EC
-2872.25,-353.5,0,EC
-2922.75,-351,0,EC
-2938.25,-351,0,EC
-3260.25,-347,0,EC
-2967.25,-347,0,EC
-3096.75,-348.5,0,EC
-3050.25,-346,0,EC
-2950.25,-343.5,0,EC
-680.25,-3453,0,EC
-776.25,-3456.5,0,EC
-625.75,-3451.5,0,EC
-648.75,-3445,0,EC
-776.25,-3439,0,EC
-816.75,-3423.5,0,EC
-625.75,-3431,0,EC
-722.75,-3424.5,0,EC
-507.25,-3423.5,0,EC
-849.25,-3425,0,EC
-744.25,-3420.5,0,EC
-646.75,-3417,0,EC
-772.25,-3410.5,0,EC
-520.75,-3419,0,EC
-491.75,-3414,0,EC
-565.25,-3402,0,EC
-1002.75,-3410,0,EC
-965.25,-3405,0,EC
-841.25,-3406,0,EC
-864.25,-3406,0,EC
-677.75,-3403,0,EC
-749.75,-3402.5,0,EC
-793.25,-3397,0,EC
-897.25,-3395.5,0,EC
-663.75,-3397,0,EC
-761.25,-3393,0,EC
-851.25,-3393.5,0,EC
-681.25,-3388,0,EC
-638.25,-3380,0,EC
-866.25,-3386,0,EC
-815.25,-3383.5,0,EC
-952.25,-3385.5,0,EC
-929.75,-3381.5,0,EC
-1003.25,-3379.5,0,EC
-977.75,-3374,0,EC
-886.75,-3379,0,EC
-906.25,-3379,0,EC
-568.25,-3373.5,0,EC
-795.75,-3376,0,EC
-663.75,-3367.5,0,EC
-498.75,-3376,0,EC
-772.75,-3375,0,EC
-522.25,-3372.5,0,EC
-810.75,-3363,0,EC
-877.25,-3367.5,0,EC
-618.25,-3356.5,0,EC
-963.75,-3357,0,EC
-924.75,-3361,0,EC
-834.25,-3362.5,0,EC
-740.75,-3360,0,EC
-554.75,-3356.5,0,EC
-689.75,-3361,0,EC
-637.25,-3359,0,EC
-525.25,-3354.5,0,EC
-892.25,-3358.5,0,EC
-1118.75,-3355,0,EC
-985.75,-3354,0,EC
-845.75,-3347.5,0,EC
-944.75,-3346.5,0,EC
-755.75,-3347,0,EC
-785.25,-3344.5,0,EC
-672.25,-3335.5,0,EC
-642.75,-3336.5,0,EC
-742.25,-3334.5,0,EC
-689.25,-3334,0,EC
-809.25,-3334.5,0,EC
-537.25,-3338.5,0,EC
-866.25,-3327,0,EC
-523.25,-3329.5,0,EC
-775.75,-3325.5,0,EC
-841.75,-3328,0,EC
-733.75,-3321.5,0,EC
-1076.25,-3320.5,0,EC
-822.75,-3321.5,0,EC
-1095.25,-3319.5,0,EC
-540.25,-3317.5,0,EC
-661.25,-3309.5,0,EC
-583.75,-3318.5,0,EC
-800.75,-3308.5,0,EC
-771.75,-3311.5,0,EC
-708.75,-3307,0,EC
-988.25,-3308.5,0,EC
-844.25,-3310.5,0,EC
-737.25,-3307.5,0,EC
-471.25,-3310,0,EC
-630.75,-3303,0,EC
-610.25,-3306,0,EC
-585.75,-3303,0,EC
-516.75,-3293,0,EC
-689.25,-3294,0,EC
-889.25,-3293.5,0,EC
-733.75,-3292,0,EC
-1042.25,-3285,0,EC
-596.75,-3287.5,0,EC
-473.25,-3293.5,0,EC
-818.75,-3283.5,0,EC
-786.25,-3293.5,0,EC
-1024.25,-3288,0,EC
-753.25,-3284.5,0,EC
-905.25,-3280,0,EC
-622.75,-3283.5,0,EC
-1010.75,-3281.5,0,EC
-981.25,-3281,0,EC
-928.25,-3281.5,0,EC
-730.25,-3273.5,0,EC
-652.75,-3273,0,EC
-636.75,-3274.5,0,EC
-699.75,-3270.5,0,EC
-767.75,-3265.5,0,EC
-937.25,-3265.5,0,EC
-967.75,-3262.5,0,EC
-843.25,-3253.5,0,EC
-524.75,-3259,0,EC
-506.75,-3263.5,0,EC
-542.75,-3261.5,0,EC
-602.25,-3259,0,EC
-918.25,-3257,0,EC
-748.25,-3252.5,0,EC
-716.25,-3258.5,0,EC
-668.75,-3251,0,EC
-775.25,-3246,0,EC
-551.25,-3247.5,0,EC
-720.75,-3243,0,EC
-890.25,-3234.5,0,EC
-615.75,-3238.5,0,EC
-671.75,-3235,0,EC
-571.75,-3232.5,0,EC
-729.75,-3234,0,EC
-543.75,-3223.5,0,EC
-854.75,-3223,0,EC
-984.25,-3227,0,EC
-966.75,-3222.5,0,EC
-794.75,-3224.5,0,EC
-690.75,-3219.5,0,EC
-637.75,-3220.5,0,EC
-1028.25,-3216.5,0,EC
-815.75,-3213,0,EC
-878.75,-3207.5,0,EC
-949.75,-3212,0,EC
-986.75,-3205,0,EC
-794.25,-3204.5,0,EC
-762.25,-3206.5,0,EC
-643.25,-3206.5,0,EC
-748.25,-3200,0,EC
-612.25,-3200.5,0,EC
-574.25,-3204,0,EC
-935.75,-3199,0,EC
-832.75,-3193,0,EC
-894.75,-3199.5,0,EC
-860.25,-3193,0,EC
-960.25,-3195,0,EC
-629.25,-3191.5,0,EC
-774.25,-3191,0,EC
-724.25,-3186.5,0,EC
-704.25,-3187.5,0,EC
-650.75,-3181,0,EC
-903.25,-3184,0,EC
-1025.75,-3181.5,0,EC
-530.75,-3169.5,0,EC
-987.25,-3178.5,0,EC
-880.75,-3179,0,EC
-773.75,-3177.5,0,EC
-963.75,-3174.5,0,EC
-706.75,-3169,0,EC
-945.75,-3161.5,0,EC
-845.25,-3163,0,EC
-607.75,-3170,0,EC
-984.25,-3159.5,0,EC
-901.25,-3164.5,0,EC
-798.25,-3159.5,0,EC
-498.75,-3159.5,0,EC
-786.25,-3153,0,EC
-742.75,-3152.5,0,EC
-871.25,-3155.5,0,EC
-623.75,-3156,0,EC
-647.75,-3145,0,EC
-852.75,-3147.5,0,EC
-717.25,-3146,0,EC
-507.75,-3139.5,0,EC
-897.75,-3148.5,0,EC
-795.25,-3136.5,0,EC
-488.75,-3137,0,EC
-966.25,-3135,0,EC
-703.25,-3132,0,EC
-894.75,-3130.5,0,EC
-826.75,-3132,0,EC
-914.25,-3125,0,EC
-869.25,-3129.5,0,EC
-556.75,-3120,0,EC
-993.75,-3117,0,EC
-856.75,-3113,0,EC
-489.25,-3112,0,EC
-825.25,-3110,0,EC
-969.75,-3110,0,EC
-731.75,-3107.5,0,EC
-754.75,-3102.5,0,EC
-1107.25,-3099.5,0,EC
-981.75,-3093.5,0,EC
-898.25,-3095.5,0,EC
-876.75,-3094.5,0,EC
-477.75,-3089,0,EC
-1140.25,-3092.5,0,EC
-1053.75,-3087,0,EC
-1006.25,-3082,0,EC
-1168.25,-3083.5,0,EC
-1108.75,-3086.5,0,EC
-886.75,-3087.5,0,EC
-745.25,-3079,0,EC
-1237.75,-3082,0,EC
-818.25,-3083,0,EC
-546.25,-3081.5,0,EC
-860.25,-3080,0,EC
-875.75,-3080.5,0,EC
-835.75,-3077.5,0,EC
-987.25,-3079,0,EC
-1070.25,-3077.5,0,EC
-1140.75,-3067,0,EC
-973.25,-3074,0,EC
-702.75,-3074,0,EC
-573.25,-3073,0,EC
-1158.25,-3072.5,0,EC
-868.25,-3072,0,EC
-1102.75,-3069,0,EC
-786.25,-3066,0,EC
-996.25,-3071.5,0,EC
-1117.75,-3068,0,EC
-545.75,-3065,0,EC
-888.25,-3068.5,0,EC
-1087.75,-3065.5,0,EC
-1018.75,-3060,0,EC
-733.75,-3065.5,0,EC
-878.25,-3057.5,0,EC
-957.75,-3061,0,EC
-843.25,-3058.5,0,EC
-753.75,-3053.5,0,EC
-1133.75,-3051,0,EC
-1072.25,-3051,0,EC
-871.25,-3047.5,0,EC
-718.75,-3044,0,EC
-1030.75,-3045,0,EC
-795.25,-3045.5,0,EC
-1052.75,-3037,0,EC
-825.25,-3043.5,0,EC
-928.75,-3040.5,0,EC
-838.75,-3039.5,0,EC
-1208.25,-3033,0,EC
-644.25,-3027,0,EC
-763.25,-3033,0,EC
-830.75,-3029,0,EC
-1076.75,-3030.5,0,EC
-1010.75,-3030,0,EC
-1231.75,-3023,0,EC
-1030.75,-3028,0,EC
-804.25,-3018.5,0,EC
-689.75,-3025,0,EC
-713.75,-3022,0,EC
-673.75,-3021.5,0,EC
-930.75,-3018.5,0,EC
-839.75,-3013,0,EC
-1193.75,-3017.5,0,EC
-1083.25,-3011.5,0,EC
-1038.25,-3013,0,EC
-1257.75,-3007,0,EC
-990.75,-3011,0,EC
-739.25,-3001,0,EC
-1177.25,-3006.5,0,EC
-1095.25,-3005,0,EC
-673.25,-2998.5,0,EC
-661.25,-2999,0,EC
-716.25,-2994,0,EC
-1037.25,-2996.5,0,EC
-1062.75,-2983.5,0,EC
-761.25,-2991,0,EC
-1255.75,-2989,0,EC
-635.75,-2984.5,0,EC
-1097.25,-2986.5,0,EC
-838.75,-2984.5,0,EC
-680.25,-2980.5,0,EC
-992.25,-2986,0,EC
-977.75,-2981,0,EC
-475.75,-2981,0,EC
-737.25,-2977.5,0,EC
-498.75,-2976.5,0,EC
-1168.25,-2980,0,EC
-1124.25,-2973.5,0,EC
-763.75,-2962,0,EC
-1090.75,-2967.5,0,EC
-1036.75,-2959.5,0,EC
-1098.75,-2956.5,0,EC
-1008.25,-2962,0,EC
-686.25,-2959,0,EC
-666.25,-2958.5,0,EC
-1072.25,-2959,0,EC
-1056.75,-2951.5,0,EC
-1133.75,-2953,0,EC
-742.25,-2941.5,0,EC
-832.25,-2950,0,EC
-780.25,-2936.5,0,EC
-1092.75,-2941.5,0,EC
-1069.25,-2939.5,0,EC
-1195.75,-2934,0,EC
-1024.75,-2934,0,EC
-1138.75,-2931,0,EC
-1043.25,-2936.5,0,EC
-863.25,-2931,0,EC
-844.25,-2930.5,0,EC
-1154.75,-2921.5,0,EC
-820.25,-2922,0,EC
-1237.25,-2918,0,EC
-1215.25,-2920,0,EC
-749.75,-2921.5,0,EC
-1083.75,-2917,0,EC
-760.25,-2915.5,0,EC
-781.75,-2906.5,0,EC
-858.75,-2910.5,0,EC
-918.25,-2910.5,0,EC
-495.25,-2910,0,EC
-1114.25,-2910.5,0,EC
-468.25,-2907.5,0,EC
-801.75,-2905,0,EC
-754.75,-2903.5,0,EC
-650.75,-2903,0,EC
-1183.25,-2901.5,0,EC
-1100.75,-2898,0,EC
-1224.75,-2896.5,0,EC
-1077.75,-2896,0,EC
-1259.75,-2898,0,EC
-797.75,-2891.5,0,EC
-1179.25,-2889.5,0,EC
-488.75,-2887,0,EC
-1115.75,-2891,0,EC
-812.25,-2887,0,EC
-1264.75,-2885,0,EC
-1233.25,-2879,0,EC
-1214.75,-2883.5,0,EC
-1191.25,-2874.5,0,EC
-1124.75,-2870,0,EC
-783.25,-2882,0,EC
-1161.75,-2870,0,EC
-1051.75,-2870.5,0,EC
-674.25,-2860,0,EC
-877.75,-2864,0,EC
-1135.25,-2860.5,0,EC
-780.25,-2863.5,0,EC
-1068.75,-2852.5,0,EC
-1083.25,-2846.5,0,EC
-857.25,-2838,0,EC
-1120.75,-2831.5,0,EC
-1065.25,-2829.5,0,EC
-1091.25,-2815.5,0,EC
-1131.75,-2796,0,EC
-625.75,-2768,0,EC
-640.25,-2763,0,EC
-677.75,-2749.5,0,EC
-624.25,-2747,0,EC
-2376.75,-1134,0,EC
-2734.75,-1125.5,0,EC
-2767.75,-1120.5,0,EC
-2682.75,-1121,0,EC
-2193.25,-1119.5,0,EC
-2839.75,-1122.5,0,EC
-2853.75,-1116.5,0,EC
-2163.25,-1111,0,EC
-2638.75,-1100,0,EC
-2667.75,-1100.5,0,EC
-2725.75,-1099.5,0,EC
-2205.25,-1100.5,0,EC
-2460.25,-1102,0,EC
-2224.25,-1095.5,0,EC
-2097.25,-1101.5,0,EC
-2168.25,-1095.5,0,EC
-2747.75,-1095.5,0,EC
-2704.25,-1089.5,0,EC
-2688.25,-1091,0,EC
-2120.25,-1086,0,EC
-2777.75,-1089,0,EC
-2446.25,-1084,0,EC
-2136.25,-1088,0,EC
-2101.25,-1085,0,EC
-2788.75,-1079.5,0,EC
-2719.75,-1079.5,0,EC
-2626.75,-1082.5,0,EC
-2207.75,-1075.5,0,EC
-2757.75,-1073.5,0,EC
-2234.75,-1075,0,EC
-2264.75,-1072,0,EC
-2703.25,-1066.5,0,EC
-2684.25,-1069.5,0,EC
-2619.75,-1069,0,EC
-2277.75,-1066,0,EC
-2731.25,-1059,0,EC
-2634.25,-1063.5,0,EC
-2454.75,-1063,0,EC
-2795.75,-1060.5,0,EC
-2188.25,-1057.5,0,EC
-2655.25,-1045,0,EC
-2865.25,-1060,0,EC
-2251.25,-1053,0,EC
-2209.25,-1055.5,0,EC
-2118.25,-1055,0,EC
-2620.75,-1053,0,EC
-2775.25,-1049,0,EC
-2228.75,-1046.5,0,EC
-2376.75,-1049.5,0,EC
-2078.25,-1045.5,0,EC
-2753.25,-1046,0,EC
-2461.75,-1048,0,EC
-2702.25,-1044.5,0,EC
-2810.75,-1037.5,0,EC
-2193.75,-1039,0,EC
-2122.25,-1039.5,0,EC
-2184.25,-1031.5,0,EC
-2731.75,-1039,0,EC
-2264.25,-1031,0,EC
-2626.25,-1032.5,0,EC
-2786.25,-1032,0,EC
-2844.25,-1022.5,0,EC
-2826.25,-1017.5,0,EC
-2643.75,-1028,0,EC
-2209.25,-1016.5,0,EC
-2707.25,-1024.5,0,EC
-2230.25,-1018,0,EC
-2378.25,-1019,0,EC
-2282.75,-1016,0,EC
-2366.25,-1012.5,0,EC
-2700.25,-1012.5,0,EC
-2255.25,-1010,0,EC
-2862.25,-1008.5,0,EC
-2340.75,-1005.5,0,EC
-2269.75,-1000.5,0,EC
-2446.75,-997,0,EC
-2301.25,-1000,0,EC
-2833.75,-998.5,0,EC
-2388.25,-998,0,EC
-2330.25,-992.5,0,EC
-2858.25,-988,0,EC
-2292.25,-991,0,EC
-2413.25,-970,0,EC
-2373.75,-976.5,0,EC
-2839.25,-972.5,0,EC
-2308.75,-970,0,EC
-2290.75,-964.5,0,EC
-2825.25,-966,0,EC
-2373.25,-959.5,0,EC
-2325.25,-963.5,0,EC
-2425.25,-956,0,EC
-2350.25,-953.5,0,EC
-2824.25,-951.5,0,EC
-2338.25,-952,0,EC
-2301.25,-945,0,EC
-2637.75,-940,0,EC
-2322.75,-942,0,EC
-2438.25,-930.5,0,EC
-2402.25,-938.5,0,EC
-2097.75,-940.5,0,EC
-2344.75,-937,0,EC
-2362.25,-935.5,0,EC
-2717.75,-932,0,EC
-2285.75,-932,0,EC
-2826.75,-936,0,EC
-2384.75,-931.5,0,EC
-2199.25,-932,0,EC
-2607.75,-925,0,EC
-2310.25,-919,0,EC
-2622.75,-922,0,EC
-2187.25,-915,0,EC
-2092.75,-914.5,0,EC
-2329.25,-915,0,EC
-2109.25,-920,0,EC
-2696.25,-916.5,0,EC
-2683.25,-903.5,0,EC
-2834.25,-912,0,EC
-2641.75,-917.5,0,EC
-2735.75,-915,0,EC
-2386.25,-911,0,EC
-2344.25,-910,0,EC
-2648.25,-897.5,0,EC
-2407.25,-900,0,EC
-2266.25,-904,0,EC
-2715.75,-901,0,EC
-2664.75,-894.5,0,EC
-2297.75,-900.5,0,EC
-2323.25,-900,0,EC
-2114.25,-893,0,EC
-2361.25,-889.5,0,EC
-2818.75,-880,0,EC
-2837.25,-881.5,0,EC
-2314.25,-880.5,0,EC
-2290.25,-875.5,0,EC
-2712.25,-875.5,0,EC
-2096.25,-873,0,EC
-2276.75,-881,0,EC
-2653.75,-871,0,EC
-2402.75,-870,0,EC
-2729.75,-872,0,EC
-2632.75,-867.5,0,EC
-2419.25,-871,0,EC
-2604.25,-868,0,EC
-2133.25,-869,0,EC
-2368.25,-862,0,EC
-2461.75,-861.5,0,EC
-2324.75,-854.5,0,EC
-2752.25,-851,0,EC
-2677.25,-846,0,EC
-2642.75,-857,0,EC
-2817.25,-855.5,0,EC
-2723.75,-856,0,EC
-2551.25,-852.5,0,EC
-2398.75,-856.5,0,EC
-2414.25,-854,0,EC
-2855.25,-852.5,0,EC
-2623.75,-844.5,0,EC
-2293.75,-851,0,EC
-2657.75,-842.5,0,EC
-2526.75,-850,0,EC
-2380.75,-844.5,0,EC
-2714.75,-842,0,EC
-2812.75,-835,0,EC
-2431.75,-836,0,EC
-2307.75,-836,0,EC
-2397.75,-838,0,EC
-2775.75,-835.5,0,EC
-2735.75,-834,0,EC
-2531.75,-835,0,EC
-2502.25,-838,0,EC
-2455.25,-828.5,0,EC
-2264.75,-835.5,0,EC
-2287.75,-827,0,EC
-2239.25,-830.5,0,EC
-2476.25,-827,0,EC
-2587.75,-827.5,0,EC
-2150.25,-826.5,0,EC
-2747.75,-825.5,0,EC
-2389.75,-826,0,EC
-2358.75,-824,0,EC
-2254.75,-816,0,EC
-2709.75,-814.5,0,EC
-2409.25,-814.5,0,EC
-2501.75,-816,0,EC
-2338.75,-817,0,EC
-2641.75,-818,0,EC
-2548.75,-810.5,0,EC
-2109.25,-807.5,0,EC
-2228.25,-812,0,EC
-2166.75,-812,0,EC
-2575.75,-813.5,0,EC
-2135.25,-810,0,EC
-2811.25,-811,0,EC
-2736.75,-805,0,EC
-2631.75,-812,0,EC
-2599.75,-802,0,EC
-2528.75,-808.5,0,EC
-2372.25,-806,0,EC
-2267.75,-804,0,EC
-2773.25,-797.5,0,EC
-2515.25,-803.5,0,EC
-2356.25,-805,0,EC
-2184.25,-803.5,0,EC
-2639.75,-783.5,0,EC
-2800.75,-799,0,EC
-2751.25,-799,0,EC
-2722.25,-787,0,EC
-2540.75,-785.5,0,EC
-2144.25,-787,0,EC
-2354.25,-789,0,EC
-2573.25,-783,0,EC
-2813.75,-780.5,0,EC
-2735.25,-780.5,0,EC
-2617.25,-780,0,EC
-2336.75,-779,0,EC
-2108.25,-773,0,EC
-2159.25,-782,0,EC
-2759.75,-778.5,0,EC
-2295.25,-783.5,0,EC
-2125.75,-782,0,EC
-2313.75,-780.5,0,EC
-2757.25,-768.5,0,EC
-2795.75,-773.5,0,EC
-2597.25,-771.5,0,EC
-2307.25,-770.5,0,EC
-2077.25,-773,0,EC
-2134.75,-767,0,EC
-2781.25,-768.5,0,EC
-2703.75,-759.5,0,EC
-2579.75,-760.5,0,EC
-2322.75,-760.5,0,EC
-2734.75,-759.5,0,EC
-2104.25,-755,0,EC
-2226.25,-757,0,EC
-2290.25,-749.5,0,EC
-2691.75,-749,0,EC
-2641.75,-751,0,EC
-2237.25,-751,0,EC
-2332.25,-752.5,0,EC
-2746.75,-746,0,EC
-2306.75,-743.5,0,EC
-2144.75,-743,0,EC
-2122.25,-741,0,EC
-2721.25,-739.5,0,EC
-2197.75,-738.5,0,EC
-2684.25,-730,0,EC
-2642.25,-721.5,0,EC
-2218.25,-733.5,0,EC
-2205.75,-730.5,0,EC
-2184.25,-726.5,0,EC
-2116.25,-731.5,0,EC
-2141.75,-723.5,0,EC
-2723.25,-716,0,EC
-2455.25,-726.5,0,EC
-2757.25,-719.5,0,EC
-2738.75,-711.5,0,EC
-2216.25,-714.5,0,EC
-2672.75,-710,0,EC
-2463.75,-710.5,0,EC
-2244.75,-707,0,EC
-2192.25,-704.5,0,EC
-2109.75,-702,0,EC
-2629.25,-703,0,EC
-2139.25,-694.5,0,EC
-2206.75,-699,0,EC
-2610.75,-695,0,EC
-2655.75,-692.5,0,EC
-2687.75,-691.5,0,EC
-2762.25,-694.5,0,EC
-2170.75,-691.5,0,EC
-2233.75,-689.5,0,EC
-2746.75,-689.5,0,EC
-2256.25,-680.5,0,EC
-2186.25,-684,0,EC
-2635.75,-674.5,0,EC
-2217.75,-671,0,EC
-2654.25,-682,0,EC
-2776.75,-678.5,0,EC
-2104.75,-679,0,EC
-2760.75,-674,0,EC
-2078.25,-676,0,EC
-2240.25,-677,0,EC
-2132.25,-676,0,EC
-2722.25,-675.5,0,EC
-2798.75,-669,0,EC
-2735.25,-669,0,EC
-2696.25,-667.5,0,EC
-2641.25,-656.5,0,EC
-2172.75,-670,0,EC
-2604.75,-671.5,0,EC
-2583.25,-660.5,0,EC
-2567.75,-666.5,0,EC
-2114.75,-664.5,0,EC
-2743.25,-659.5,0,EC
-2092.75,-663.5,0,EC
-2252.75,-661.5,0,EC
-2714.75,-658.5,0,EC
-2770.75,-661,0,EC
-2133.25,-656.5,0,EC
-2162.75,-657,0,EC
-2557.75,-649.5,0,EC
-2180.75,-650.5,0,EC
-2080.25,-657,0,EC
-2203.75,-649.5,0,EC
-2791.25,-655,0,EC
-2605.25,-651.5,0,EC
-2102.25,-640,0,EC
-2510.75,-635,0,EC
-2247.75,-639.5,0,EC
-2740.25,-639.5,0,EC
-2133.25,-638,0,EC
-2213.75,-635,0,EC
-2464.75,-635,0,EC
-2590.75,-625.5,0,EC
-2535.75,-625.5,0,EC
-2151.75,-623.5,0,EC
-2201.25,-627.5,0,EC
-2168.25,-627,0,EC
-2750.75,-623,0,EC
-2406.75,-622.5,0,EC
-2083.25,-621,0,EC
-2449.75,-623,0,EC
-2618.75,-614.5,0,EC
-2435.25,-617,0,EC
-2232.25,-614,0,EC
-2787.25,-613.5,0,EC
-2470.75,-602,0,EC
-2192.25,-611.5,0,EC
-2760.75,-601.5,0,EC
-2111.75,-605,0,EC
-2561.75,-605.5,0,EC
-2390.25,-601.5,0,EC
-2084.25,-608,0,EC
-2518.25,-609,0,EC
-2175.25,-609.5,0,EC
-2420.75,-604,0,EC
-2504.75,-601,0,EC
-2155.75,-605,0,EC
-2794.25,-598,0,EC
-2531.25,-600,0,EC
-2214.25,-599.5,0,EC
-2585.25,-601.5,0,EC
-2176.25,-597.5,0,EC
-2131.25,-593.5,0,EC
-2444.25,-596,0,EC
-2203.75,-591.5,0,EC
-2083.75,-587,0,EC
-2689.25,-580,0,EC
-2799.25,-581.5,0,EC
-2718.75,-577.5,0,EC
-2416.25,-574,0,EC
-2188.25,-581,0,EC
-2167.25,-570,0,EC
-2151.75,-579,0,EC
-2746.25,-570.5,0,EC
-2662.25,-570.5,0,EC
-2704.75,-568.5,0,EC
-2504.25,-559,0,EC
-2116.75,-554.5,0,EC
-2632.25,-548,0,EC
-2772.75,-552.5,0,EC
-2487.25,-557,0,EC
-2595.25,-550.5,0,EC
-2461.25,-558,0,EC
-2436.25,-557.5,0,EC
-2092.25,-550.5,0,EC
-2651.75,-553,0,EC
-2397.25,-552,0,EC
-2678.75,-540.5,0,EC
-2412.75,-544,0,EC
-2752.25,-538.5,0,EC
-2474.25,-543,0,EC
-2522.25,-536,0,EC
-2450.75,-541,0,EC
-2397.75,-537,0,EC
-2486.25,-539.5,0,EC
-2423.75,-538.5,0,EC
-2661.75,-532,0,EC
-2538.25,-530.5,0,EC
-2083.75,-533.5,0,EC
-2715.25,-529,0,EC
-2584.75,-531.5,0,EC
-2596.75,-526.5,0,EC
-2421.25,-528.5,0,EC
-2627.75,-526,0,EC
-2445.25,-521,0,EC
-2614.25,-520.5,0,EC
-2099.75,-518,0,EC
-2490.25,-518,0,EC
-2755.75,-513,0,EC
-2122.75,-511.5,0,EC
-2074.75,-510.5,0,EC
-2594.25,-506.5,0,EC
-2517.25,-508.5,0,EC
-2636.25,-505.5,0,EC
-2618.25,-507.5,0,EC
-2563.75,-507.5,0,EC
-2715.75,-496.5,0,EC
-2501.25,-505,0,EC
-2481.75,-504,0,EC
-2461.75,-499,0,EC
-2100.75,-501,0,EC
-2773.25,-495,0,EC
-2513.25,-491,0,EC
-2432.75,-495.5,0,EC
-2625.75,-486,0,EC
-2548.25,-489,0,EC
-2591.75,-489.5,0,EC
-2110.75,-489,0,EC
-2571.25,-486.5,0,EC
-2483.75,-482.5,0,EC
-2119.25,-482,0,EC
-2527.25,-477,0,EC
-2132.25,-471,0,EC
-2613.25,-470.5,0,EC
-2102.75,-465.5,0,EC
-2576.75,-468,0,EC
-2546.75,-466.5,0,EC
-2510.75,-463,0,EC
-2527.25,-455.5,0,EC
-2608.75,-453,0,EC
-2197.25,-457.5,0,EC
-2564.75,-449,0,EC
-2161.25,-444.5,0,EC
-2541.75,-444.5,0,EC
-2787.75,-433,0,EC
-2613.25,-440,0,EC
-2504.75,-431.5,0,EC
-2487.75,-438.5,0,EC
-2694.25,-428.5,0,EC
-2528.75,-425.5,0,EC
-2743.75,-424,0,EC
-2225.25,-430,0,EC
-2549.25,-421.5,0,EC
-2325.75,-424.5,0,EC
-2593.25,-421,0,EC
-2677.75,-411,0,EC
-2472.25,-419,0,EC
-2656.25,-417.5,0,EC
-2711.75,-414.5,0,EC
-2852.25,-395.5,0,EC
-2494.25,-406,0,EC
-2776.75,-407,0,EC
-2239.75,-407.5,0,EC
-2828.75,-400.5,0,EC
-2477.75,-402,0,EC
-2455.75,-398.5,0,EC
-2512.75,-398.5,0,EC
-2795.75,-397.5,0,EC
-2227.25,-401,0,EC
-2739.75,-401,0,EC
-2705.75,-392.5,0,EC
-2205.25,-381,0,EC
-2721.25,-385.5,0,EC
-2779.25,-386.5,0,EC
-2668.25,-386.5,0,EC
-2748.75,-386,0,EC
-2240.75,-377.5,0,EC
-2525.75,-375,0,EC
-2492.25,-379,0,EC
-2829.75,-366,0,EC
-2736.25,-371.5,0,EC
-2461.75,-367.5,0,EC
-2226.25,-377,0,EC
-2701.25,-371,0,EC
-2767.75,-370.5,0,EC
-2799.25,-361.5,0,EC
-2477.75,-367,0,EC
-2813.25,-362.5,0,EC
-2757.25,-353.5,0,EC
-2506.75,-355.5,0,EC
-2228.25,-358,0,EC
-2487.75,-346,0,EC
-2257.25,-354.5,0,EC
-2849.75,-351.5,0,EC
-2705.25,-350,0,EC
-2522.75,-345.5,0,EC
-2196.75,-346,0,EC
-2778.25,-345,0,EC
-2463.75,-343.5,0,EC
-2808.75,-346.5,0,EC
-2080.75,-346,0,EC
-2738.75,-344,0,EC
-2839.75,-343.5,0,EC
42.75,-1129,0,EC
210.75,-1111.5,0,EC
-154.25,-1124,0,EC
25.75,-1107,0,EC
55.75,-1099,0,EC
276.25,-1098,0,EC
283.25,-1086,0,EC
201.25,-1076.5,0,EC
23.25,-1080,0,EC
245.75,-1059,0,EC
-105.75,-1057,0,EC
-116.75,-1043,0,EC
-140.75,-1043.5,0,EC
263.25,-1024.5,0,EC
-231.25,-1038.5,0,EC
-366.75,-1033.5,0,EC
-268.25,-1030.5,0,EC
-291.75,-1025,0,EC
-141.25,-1026.5,0,EC
-129.25,-1020,0,EC
-302.25,-1016,0,EC
-346.75,-1017,0,EC
-180.75,-1015,0,EC
-220.25,-1010.5,0,EC
-357.75,-1009,0,EC
-113.25,-1010,0,EC
-151.75,-1004,0,EC
-195.25,-995,0,EC
-133.25,-993,0,EC
-113.25,-986.5,0,EC
-459.75,-991,0,EC
-230.25,-989,0,EC
-415.75,-987.5,0,EC
263.75,-979.5,0,EC
-391.25,-965,0,EC
-448.75,-963.5,0,EC
-116.25,-962,0,EC
-363.25,-960,0,EC
-224.75,-961,0,EC
166.75,-950,0,EC
-276.25,-948.5,0,EC
-156.25,-950.5,0,EC
-232.75,-951,0,EC
196.25,-940,0,EC
-415.75,-933.5,0,EC
-439.75,-930.5,0,EC
-418.75,-919,0,EC
-429.25,-900,0,EC
-106.75,-891.5,0,EC
-59.25,-874,0,EC
-113.75,-873,0,EC
-129.75,-855,0,EC
-101.75,-851,0,EC
-70.75,-854.5,0,EC
-146.75,-848,0,EC
235.75,-846.5,0,EC
-175.25,-839,0,EC
-149.75,-820.5,0,EC
-109.25,-827,0,EC
-85.75,-825.5,0,EC
-441.75,-815.5,0,EC
-121.25,-799.5,0,EC
-448.25,-799,0,EC
-426.75,-790.5,0,EC
-459.75,-784,0,EC
-135.25,-783,0,EC
-113.25,-779.5,0,EC
-29.25,-772.5,0,EC
-124.25,-773,0,EC
-76.75,-768.5,0,EC
-116.75,-757.5,0,EC
-73.25,-755,0,EC
-23.25,-747.5,0,EC
-80.25,-727.5,0,EC
-426.25,-719,0,EC
296.75,-717,0,EC
-212.75,-708.5,0,EC
-369.75,-709,0,EC
-244.75,-698,0,EC
-31.75,-699,0,EC
13.25,-694.5,0,EC
-459.75,-693.5,0,EC
-7.75,-689,0,EC
-372.25,-687.5,0,EC
-273.25,-684.5,0,EC
-220.25,-685,0,EC
-43.75,-685.5,0,EC
36.25,-678.5,0,EC
-405.75,-675,0,EC
61.75,-678,0,EC
-173.25,-673,0,EC
-228.75,-671.5,0,EC
14.75,-672.5,0,EC
-283.75,-665.5,0,EC
-336.75,-657,0,EC
-259.75,-659.5,0,EC
-73.75,-651,0,EC
-308.25,-650.5,0,EC
-349.25,-648.5,0,EC
-448.75,-647,0,EC
-48.75,-640.5,0,EC
122.25,-631,0,EC
-386.25,-623,0,EC
25.75,-629,0,EC
-267.75,-629.5,0,EC
-28.75,-622.5,0,EC
-234.75,-627.5,0,EC
199.25,-621.5,0,EC
-251.25,-621.5,0,EC
56.25,-615.5,0,EC
18.75,-617.5,0,EC
-418.75,-616.5,0,EC
-453.25,-607.5,0,EC
-416.75,-603.5,0,EC
186.75,-604,0,EC
-333.25,-599,0,EC
-314.75,-598,0,EC
-148.75,-592.5,0,EC
260.75,-592,0,EC
191.75,-585,0,EC
-178.25,-582,0,EC
-441.75,-582.5,0,EC
-330.25,-581.5,0,EC
-159.75,-575.5,0,EC
-11.25,-570,0,EC
24.25,-571.5,0,EC
-375.75,-567,0,EC
-319.75,-568.5,0,EC
-197.75,-558,0,EC
289.25,-563,0,EC
-398.25,-564,0,EC
-165.25,-559,0,EC
76.25,-557.5,0,EC
-75.25,-556,0,EC
29.25,-558.5,0,EC
-415.25,-557.5,0,EC
-19.25,-557.5,0,EC
13.25,-557.5,0,EC
44.75,-553.5,0,EC
-431.75,-547,0,EC
-39.25,-543,0,EC
232.25,-547,0,EC
-175.25,-541,0,EC
-17.75,-537.5,0,EC
-412.75,-538.5,0,EC
-203.75,-536,0,EC
133.75,-537.5,0,EC
-438.25,-534.5,0,EC
-3.75,-531.5,0,EC
330.75,-523.5,0,EC
17.75,-517.5,0,EC
308.25,-523,0,EC
-190.25,-516.5,0,EC
-314.75,-523.5,0,EC
107.75,-518.5,0,EC
91.25,-510.5,0,EC
-319.75,-511.5,0,EC
154.25,-499.5,0,EC
134.75,-500,0,EC
326.25,-500,0,EC
-396.25,-492.5,0,EC
-59.75,-486.5,0,EC
168.25,-494,0,EC
79.75,-494.5,0,EC
-135.25,-480,0,EC
-190.25,-475,0,EC
-106.75,-476.5,0,EC
-80.25,-475.5,0,EC
108.75,-468,0,EC
-247.75,-463.5,0,EC
-116.25,-463,0,EC
-407.75,-465,0,EC
-79.75,-461,0,EC
308.25,-459,0,EC
-93.75,-457,0,EC
-49.25,-452,0,EC
285.75,-446.5,0,EC
-378.75,-447,0,EC
-75.25,-439.5,0,EC
-196.75,-440,0,EC
-245.75,-440,0,EC
-440.25,-426.5,0,EC
-369.25,-434,0,EC
-204.25,-423,0,EC
-365.75,-418,0,EC
-404.25,-419,0,EC
-225.75,-416,0,EC
-305.25,-413.5,0,EC
-62.75,-410.5,0,EC
-179.75,-408.5,0,EC
-139.25,-407.5,0,EC
-245.25,-404.5,0,EC
-437.25,-391.5,0,EC
136.75,-381.5,0,EC
-61.75,-387.5,0,EC
279.25,-377,0,EC
298.75,-366,0,EC
-243.75,-374,0,EC
111.75,-372,0,EC
-130.25,-368.5,0,EC
-225.75,-363,0,EC
29.75,-354.5,0,EC
-168.75,-351.5,0,EC
274.25,-357.5,0,EC
-442.75,-348.5,0,EC
-256.25,-352.5,0,EC
-213.75,-352.5,0,EC
-196.75,-350.5,0,EC
-296.75,-346.5,0,EC
264.75,-344.5,0,EC
1403.25,-2474,0,EC
1603.25,-2473,0,EC
1392.75,-2454,0,EC
1428.25,-2450,0,EC
1405.25,-2435,0,EC
1272.25,-2430,0,EC
1201.25,-2416.5,0,EC
1396.75,-2415.5,0,EC
1263.25,-2411,0,EC
1289.75,-2407.5,0,EC
1415.75,-2407,0,EC
1436.25,-2410.5,0,EC
1212.25,-2389,0,EC
1359.25,-2389,0,EC
1382.75,-2392,0,EC
1408.25,-2379,0,EC
1375.75,-2370.5,0,EC
1331.25,-2368.5,0,EC
1340.25,-2350.5,0,EC
1375.75,-2346.5,0,EC
1321.75,-2322,0,EC
1250.75,-2308.5,0,EC
1232.25,-2308.5,0,EC
1284.25,-2300.5,0,EC
1314.25,-2294,0,EC
1247.75,-2286.5,0,EC
1279.25,-2285.5,0,EC
1232.25,-2271.5,0,EC
1214.75,-2271.5,0,EC
1134.25,-2260.5,0,EC
1209.75,-2255.5,0,EC
1254.75,-2252.5,0,EC
1183.75,-2246,0,EC
1151.25,-2246.5,0,EC
1242.75,-2239,0,EC
1161.75,-2215,0,EC
1187.25,-2209.5,0,EC
1138.25,-2193.5,0,EC
-605.25,-2739.5,0,EC
-651.75,-2737.5,0,EC
-682.75,-2727.5,0,EC
-626.25,-2731.5,0,EC
-531.75,-2720,0,EC
-667.25,-2716.5,0,EC
-625.25,-2712,0,EC
-642.25,-2708.5,0,EC
-683.25,-2702,0,EC
-701.25,-2704.5,0,EC
-729.25,-2694.5,0,EC
-755.25,-2697.5,0,EC
-488.25,-2681.5,0,EC
-716.75,-2687.5,0,EC
-668.75,-2671,0,EC
-602.75,-2677,0,EC
-733.25,-2673,0,EC
-549.75,-2672,0,EC
-621.25,-2668,0,EC
-769.25,-2657,0,EC
-1074.75,-2638,0,EC
-784.25,-2639,0,EC
-658.25,-2636.5,0,EC
-877.75,-2631.5,0,EC
-909.25,-2627,0,EC
-669.75,-2621,0,EC
-857.25,-2619.5,0,EC
-1136.75,-2623,0,EC
-1167.25,-2619.5,0,EC
-1147.25,-2612.5,0,EC
-903.75,-2612,0,EC
-1178.75,-2612.5,0,EC
-1161.25,-2606,0,EC
-876.75,-2602.5,0,EC
-909.25,-2591.5,0,EC
-847.75,-2596,0,EC
-1140.25,-2590.5,0,EC
-1006.75,-2588.5,0,EC
-1214.75,-2573.5,0,EC
-869.25,-2565,0,EC
-1132.25,-2573.5,0,EC
-910.75,-2568.5,0,EC
-1211.25,-2556.5,0,EC
-538.25,-2557.5,0,EC
-558.25,-2555,0,EC
-896.75,-2556,0,EC
-858.25,-2546,0,EC
-1129.25,-2543.5,0,EC
-611.25,-2542.5,0,EC
-1011.75,-2543.5,0,EC
-985.75,-2541,0,EC
-917.25,-2544.5,0,EC
-524.75,-2542,0,EC
-536.75,-2546.5,0,EC
-493.25,-2541.5,0,EC
-896.25,-2542,0,EC
-1215.25,-2534,0,EC
-1108.25,-2532,0,EC
-554.25,-2536,0,EC
-1024.75,-2527.5,0,EC
-927.75,-2522,0,EC
-589.75,-2530,0,EC
-1240.75,-2531.5,0,EC
-479.75,-2526.5,0,EC
-1131.25,-2522.5,0,EC
-1194.75,-2523.5,0,EC
-1253.75,-2523,0,EC
-1232.75,-2517,0,EC
-1177.25,-2519.5,0,EC
-626.25,-2518,0,EC
-880.75,-2515.5,0,EC
-1266.25,-2517,0,EC
-995.75,-2511.5,0,EC
-853.75,-2508,0,EC
-618.25,-2506,0,EC
-1190.25,-2508,0,EC
-1131.25,-2501.5,0,EC
-1250.75,-2504.5,0,EC
-967.75,-2500.5,0,EC
-1168.25,-2496.5,0,EC
-989.25,-2498,0,EC
-606.25,-2496,0,EC
-1011.75,-2489,0,EC
-1206.25,-2494,0,EC
-922.25,-2489.5,0,EC
-1106.25,-2492,0,EC
-1133.75,-2481.5,0,EC
-625.75,-2486.5,0,EC
-862.75,-2482.5,0,EC
-1197.25,-2479.5,0,EC
-654.25,-2477.5,0,EC
-980.25,-2477,0,EC
-668.25,-2478.5,0,EC
-546.25,-2471.5,0,EC
-634.25,-2470.5,0,EC
-616.25,-2469,0,EC
-1099.25,-2463,0,EC
-1070.25,-2465.5,0,EC
-815.75,-2463.5,0,EC
-527.25,-2465.5,0,EC
-682.75,-2464,0,EC
-1122.75,-2463,0,EC
-1019.75,-2462.5,0,EC
-915.25,-2461,0,EC
-705.25,-2458,0,EC
-506.25,-2461.5,0,EC
-731.75,-2460,0,EC
-619.25,-2454,0,EC
-657.75,-2453,0,EC
-753.25,-2445.5,0,EC
-635.75,-2450,0,EC
-1038.25,-2452,0,EC
-1116.25,-2447,0,EC
-845.75,-2446,0,EC
-1254.25,-2449.5,0,EC
-1001.75,-2441.5,0,EC
-1061.25,-2442,0,EC
-1022.75,-2446.5,0,EC
-974.25,-2445,0,EC
-712.75,-2439.5,0,EC
-1047.75,-2424.5,0,EC
-745.25,-2432,0,EC
-470.25,-2432.5,0,EC
-1068.75,-2428.5,0,EC
-1023.25,-2428.5,0,EC
-1120.75,-2413,0,EC
-589.75,-2417.5,0,EC
-1096.75,-2425,0,EC
-717.25,-2419.5,0,EC
-571.25,-2414.5,0,EC
-854.25,-2419.5,0,EC
-1032.75,-2415,0,EC
-1084.25,-2408,0,EC
-819.75,-2405,0,EC
-785.75,-2401,0,EC
-1193.75,-2400,0,EC
-588.25,-2397,0,EC
-538.25,-2385.5,0,EC
-720.25,-2390,0,EC
-737.75,-2384,0,EC
-691.25,-2380.5,0,EC
-676.25,-2373,0,EC
-720.25,-2376.5,0,EC
-624.25,-2369.5,0,EC
-709.25,-2366.5,0,EC
-503.75,-2362.5,0,EC
-690.25,-2355.5,0,EC
-592.75,-2360.5,0,EC
-544.75,-2354.5,0,EC
-576.75,-2354.5,0,EC
-611.25,-2354,0,EC
-634.75,-2347.5,0,EC
-661.75,-2353,0,EC
-607.75,-2337.5,0,EC
-1259.25,-2341.5,0,EC
-570.25,-2337.5,0,EC
-510.75,-2332,0,EC
-696.25,-2328,0,EC
-661.75,-2334.5,0,EC
-644.75,-2330,0,EC
-680.75,-2324.5,0,EC
-600.75,-2323,0,EC
-722.75,-2316,0,EC
-739.25,-2316.5,0,EC
-667.75,-2312.5,0,EC
-629.25,-2315,0,EC
-568.25,-2310,0,EC
-645.25,-2308.5,0,EC
-482.75,-2308.5,0,EC
-693.25,-2303.5,0,EC
-676.25,-2301,0,EC
-582.75,-2293,0,EC
-595.75,-2288,0,EC
-663.25,-2290,0,EC
-558.25,-2290.5,0,EC
-538.25,-2288,0,EC
-516.75,-2284.5,0,EC
-501.25,-2275,0,EC
-553.25,-2274.5,0,EC
-524.25,-2276,0,EC
-540.25,-2255,0,EC
-642.75,-2263.5,0,EC
-630.75,-2258,0,EC
-472.75,-2258,0,EC
-615.25,-2256,0,EC
-584.75,-2246.5,0,EC
-567.25,-2243,0,EC
-569.25,-2216.5,0,EC
-527.25,-2228,0,EC
-543.75,-2225,0,EC
-512.75,-2217.5,0,EC
-481.25,-2207.5,0,EC
-511.75,-2195.5,0,EC
-499.25,-2191,0,EC
-491.75,-2158.5,0,EC
-524.75,-2067.5,0,EC
-517.25,-2047.5,0,EC
-603.75,-2040,0,EC
-498.75,-2043.5,0,EC
-543.25,-2033.5,0,EC
-478.75,-2040,0,EC
-630.25,-2033,0,EC
-508.25,-2028,0,EC
-593.75,-2026,0,EC
-472.25,-2024,0,EC
-612.75,-2019.5,0,EC
-516.25,-2013.5,0,EC
-495.25,-2016.5,0,EC
-587.75,-2008.5,0,EC
-605.75,-2004.5,0,EC
-594.75,-1993,0,EC
-572.75,-1975.5,0,EC
-628.25,-1968.5,0,EC
-588.25,-1965,0,EC
-539.25,-1953,0,EC
-566.25,-1949.5,0,EC
350.25,-1932.5,0,EC
378.75,-1942.5,0,EC
425.75,-1936,0,EC
392.75,-1926.5,0,EC
555.75,-1916,0,EC
968.75,-1902.5,0,EC
845.25,-1898.5,0,EC
884.25,-1899,0,EC
394.75,-1900,0,EC
370.25,-1894,0,EC
354.75,-1896,0,EC
733.75,-1879,0,EC
639.25,-1880,0,EC
616.75,-1875.5,0,EC
753.25,-1875,0,EC
879.25,-1879.5,0,EC
423.25,-1879,0,EC
344.25,-1880,0,EC
972.75,-1876.5,0,EC
692.25,-1876,0,EC
781.75,-1870,0,EC
989.75,-1874,0,EC
892.25,-1868,0,EC
706.75,-1861,0,EC
770.25,-1859.5,0,EC
672.75,-1854.5,0,EC
470.25,-1851.5,0,EC
954.25,-1852,0,EC
435.25,-1849.5,0,EC
752.75,-1853,0,EC
867.25,-1847.5,0,EC
739.25,-1851.5,0,EC
594.75,-1842.5,0,EC
790.75,-1849.5,0,EC
646.75,-1844,0,EC
702.75,-1845.5,0,EC
726.25,-1844,0,EC
350.25,-1839.5,0,EC
619.25,-1840.5,0,EC
794.75,-1835,0,EC
403.75,-1837.5,0,EC
678.75,-1832.5,0,EC
939.75,-1837,0,EC
765.75,-1834,0,EC
780.75,-1836,0,EC
827.75,-1833,0,EC
738.75,-1827,0,EC
810.75,-1822,0,EC
709.25,-1822,0,EC
875.25,-1819.5,0,EC
400.75,-1822,0,EC
499.25,-1814,0,EC
771.75,-1821,0,EC
377.75,-1815,0,EC
747.75,-1817,0,EC
439.75,-1812.5,0,EC
464.75,-1805,0,EC
379.75,-1800.5,0,EC
874.25,-1798,0,EC
501.75,-1790.5,0,EC
408.25,-1784,0,EC
471.25,-1772.5,0,EC
393.25,-1757.5,0,EC
766.25,-1762.5,0,EC
955.25,-1666.5,0,EC
781.25,-1618,0,EC
857.25,-1607,0,EC
870.75,-1594.5,0,EC
808.25,-1591.5,0,EC
823.25,-1582,0,EC
920.75,-1583,0,EC
890.25,-1563,0,EC
742.25,-1554.5,0,EC
1113.25,-1432.5,0,EC
1086.75,-1420,0,EC
1131.75,-1408,0,EC
1101.25,-1410,0,EC
1074.75,-1397,0,EC
1059.75,-1377,0,EC
1067.25,-1358.5,0,EC
1132.25,-1344,0,EC
1084.75,-1344,0,EC
1104.25,-1340.5,0,EC
-358.75,-1939.5,0,EC
-56.25,-1933.5,0,EC
-384.25,-1934,0,EC
-304.75,-1929.5,0,EC
-27.25,-1933.5,0,EC
264.75,-1933,0,EC
-141.25,-1926.5,0,EC
-328.25,-1927.5,0,EC
278.75,-1925.5,0,EC
314.75,-1917.5,0,EC
-330.25,-1918,0,EC
-90.75,-1910,0,EC
-170.75,-1912,0,EC
285.75,-1908.5,0,EC
61.75,-1900,0,EC
293.75,-1899.5,0,EC
-59.75,-1899,0,EC
-143.75,-1895,0,EC
-41.25,-1895.5,0,EC
-124.75,-1886,0,EC
-101.25,-1882,0,EC
278.75,-1884.5,0,EC
-68.75,-1883.5,0,EC
-19.75,-1884.5,0,EC
-33.75,-1879,0,EC
311.75,-1869.5,0,EC
298.25,-1876.5,0,EC
-68.75,-1864,0,EC
-24.25,-1864.5,0,EC
328.25,-1849,0,EC
103.25,-1860,0,EC
275.25,-1856,0,EC
31.75,-1860.5,0,EC
51.25,-1852,0,EC
69.75,-1855.5,0,EC
116.25,-1848,0,EC
-44.75,-1851,0,EC
14.75,-1842.5,0,EC
135.25,-1840.5,0,EC
-255.75,-1827.5,0,EC
284.25,-1819,0,EC
263.25,-1819.5,0,EC
140.75,-1815,0,EC
-225.75,-1819.5,0,EC
322.25,-1815,0,EC
168.25,-1810.5,0,EC
-229.75,-1804.5,0,EC
185.25,-1804.5,0,EC
249.75,-1801,0,EC
265.75,-1795.5,0,EC
235.25,-1790,0,EC
148.75,-1782.5,0,EC
179.25,-1771.5,0,EC
251.75,-1775,0,EC
112.25,-1775,0,EC
120.25,-1751,0,EC
249.25,-1747.5,0,EC
157.75,-1736,0,EC
133.75,-1734.5,0,EC
-145.75,-1491,0,EC
-102.75,-1476,0,EC
-334.75,-1452,0,EC
-198.75,-1457,0,EC
-91.25,-1457,0,EC
-354.25,-1454.5,0,EC
-242.25,-1448,0,EC
-128.75,-1445.5,0,EC
21.75,-1444,0,EC
-160.25,-1444,0,EC
-205.25,-1431.5,0,EC
-154.75,-1422,0,EC
-230.25,-1427.5,0,EC
-276.25,-1428,0,EC
-256.75,-1425,0,EC
-179.75,-1419,0,EC
-73.75,-1421.5,0,EC
-123.75,-1415,0,EC
-241.25,-1403,0,EC
-144.25,-1402.5,0,EC
-80.75,-1401,0,EC
-268.25,-1402,0,EC
-50.25,-1396,0,EC
-12.75,-1394,0,EC
-221.75,-1395,0,EC
-100.25,-1391,0,EC
58.25,-1391,0,EC
-69.75,-1383,0,EC
-294.75,-1384.5,0,EC
-59.75,-1377.5,0,EC
61.75,-1370,0,EC
-242.75,-1365.5,0,EC
-50.75,-1358.5,0,EC
-181.25,-1360,0,EC
-252.75,-1354.5,0,EC
-16.25,-1342.5,0,EC
-39.25,-1345,0,EC
15.25,-1328,0,EC
-178.75,-1332.5,0,EC
-245.75,-1322.5,0,EC
-229.75,-1320.5,0,EC
88.25,-1326,0,EC
-194.25,-1315,0,EC
-10.75,-1300,0,EC
-224.25,-1293.5,0,EC
-328.25,-1283.5,0,EC
-93.25,-1287,0,EC
-255.75,-1284,0,EC
-62.75,-1276.5,0,EC
-45.25,-1280.5,0,EC
-139.25,-1278,0,EC
206.25,-1278,0,EC
-81.75,-1272,0,EC
69.25,-1267,0,EC
202.75,-1258.5,0,EC
-44.75,-1263.5,0,EC
-131.25,-1259,0,EC
-268.25,-1258.5,0,EC
-335.25,-1252,0,EC
-214.25,-1252.5,0,EC
-301.25,-1242.5,0,EC
-348.25,-1237.5,0,EC
-211.25,-1222,0,EC
-159.75,-1226,0,EC
-297.25,-1223.5,0,EC
115.75,-1220.5,0,EC
225.75,-1218.5,0,EC
-111.25,-1217,0,EC
-93.25,-1215,0,EC
-162.75,-1210,0,EC
-127.25,-1203,0,EC
213.75,-1199,0,EC
-71.25,-1204.5,0,EC
44.25,-1187,0,EC
-109.75,-1200,0,EC
-45.25,-1199,0,EC
98.25,-1192,0,EC
-142.25,-1188.5,0,EC
141.75,-1189,0,EC
-46.25,-1181.5,0,EC
79.75,-1183,0,EC
-328.25,-1182.5,0,EC
23.25,-1179,0,EC
-145.75,-1169,0,EC
71.75,-1171.5,0,EC
149.75,-1158.5,0,EC
171.25,-1165.5,0,EC
-59.75,-1161.5,0,EC
58.75,-1150,0,EC
182.75,-1143.5,0,EC
-411.25,-3376.5,0,EC
-439.25,-3363,0,EC
-274.25,-3351,0,EC
-420.75,-3356,0,EC
-225.75,-3350,0,EC
-251.25,-3342,0,EC
-404.75,-3333,0,EC
-446.25,-3328.5,0,EC
-173.75,-3320.5,0,EC
-259.75,-3321,0,EC
-230.25,-3324,0,EC
-116.75,-3313,0,EC
-287.25,-3317,0,EC
-180.75,-3306.5,0,EC
-443.75,-3297.5,0,EC
-235.75,-3295.5,0,EC
-164.75,-3293.5,0,EC
-464.25,-3282.5,0,EC
-402.25,-3280.5,0,EC
-185.25,-3276.5,0,EC
-147.25,-3271.5,0,EC
-118.25,-3275.5,0,EC
-216.25,-3264.5,0,EC
-415.75,-3260,0,EC
-197.25,-3256.5,0,EC
-256.75,-3260,0,EC
-171.25,-3261.5,0,EC
-178.75,-3254,0,EC
-234.75,-3251,0,EC
-154.75,-3252,0,EC
-257.25,-3240,0,EC
12.75,-3238.5,0,EC
-436.25,-3238.5,0,EC
-189.25,-3237.5,0,EC
-210.75,-3229.5,0,EC
-160.25,-3232,0,EC
-236.75,-3235,0,EC
22.25,-3225.5,0,EC
-115.25,-3226,0,EC
108.25,-3227.5,0,EC
-230.25,-3222.5,0,EC
-76.75,-3218.5,0,EC
118.75,-3214,0,EC
-308.75,-3211.5,0,EC
-188.75,-3203.5,0,EC
-209.75,-3209,0,EC
-236.75,-3211.5,0,EC
-103.25,-3207.5,0,EC
-81.75,-3205,0,EC
-411.25,-3198.5,0,EC
69.75,-3192.5,0,EC
-227.75,-3200,0,EC
-317.75,-3198.5,0,EC
38.25,-3185.5,0,EC
-66.25,-3192.5,0,EC
95.75,-3190.5,0,EC
-335.75,-3178.5,0,EC
-127.25,-3172,0,EC
-216.25,-3175,0,EC
-192.25,-3173,0,EC
-424.25,-3165.5,0,EC
-199.75,-3160,0,EC
-159.75,-3158,0,EC
-142.25,-3154.5,0,EC
-259.75,-3151,0,EC
141.25,-3143.5,0,EC
-329.75,-3152,0,EC
-184.25,-3140.5,0,EC
-232.25,-3149.5,0,EC
-407.75,-3138,0,EC
-298.75,-3145.5,0,EC
-209.75,-3146,0,EC
-120.75,-3145,0,EC
-163.25,-3144,0,EC
-384.75,-3142,0,EC
-317.75,-3141.5,0,EC
-276.75,-3136.5,0,EC
-139.25,-3135,0,EC
-245.25,-3130.5,0,EC
-431.25,-3131.5,0,EC
-303.75,-3125.5,0,EC
-172.25,-3125,0,EC
-214.75,-3115.5,0,EC
-147.75,-3112,0,EC
-282.25,-3120.5,0,EC
-426.25,-3116.5,0,EC
-240.25,-3115,0,EC
-164.25,-3113.5,0,EC
-190.25,-3111,0,EC
-266.75,-3108.5,0,EC
-359.75,-3109,0,EC
-294.25,-3099.5,0,EC
-205.25,-3102.5,0,EC
-249.25,-3102,0,EC
-229.75,-3103.5,0,EC
-442.75,-3095,0,EC
-322.25,-3090.5,0,EC
-273.75,-3086.5,0,EC
-215.25,-3081.5,0,EC
10.25,-3078,0,EC
-392.25,-3081.5,0,EC
-460.25,-3071.5,0,EC
-183.25,-3067.5,0,EC
-290.75,-3072.5,0,EC
-264.25,-3071,0,EC
-33.75,-3068,0,EC
-357.75,-3069.5,0,EC
-315.25,-3059.5,0,EC
-240.25,-3068.5,0,EC
-1.75,-3064,0,EC
-355.25,-3054.5,0,EC
-378.25,-3060,0,EC
-54.25,-3056.5,0,EC
-283.25,-3051,0,EC
-26.25,-3048.5,0,EC
31.75,-3047.5,0,EC
-260.75,-3040,0,EC
16.75,-3044.5,0,EC
-12.75,-3040.5,0,EC
-232.75,-3038,0,EC
-198.25,-3031.5,0,EC
-39.25,-3033,0,EC
320.75,-3032,0,EC
-390.75,-3020,0,EC
-287.25,-3019.5,0,EC
84.25,-3024.5,0,EC
-244.25,-3021.5,0,EC
-171.75,-3017.5,0,EC
96.75,-3016,0,EC
52.25,-3015,0,EC
-89.75,-3012.5,0,EC
-208.75,-3007.5,0,EC
184.75,-3010.5,0,EC
-352.25,-3006,0,EC
-243.75,-3003,0,EC
-177.25,-2997.5,0,EC
-25.25,-2998.5,0,EC
13.75,-2998,0,EC
71.25,-3001.5,0,EC
172.25,-2992.5,0,EC
154.25,-2994,0,EC
-158.75,-2993,0,EC
97.75,-2993,0,EC
192.75,-2983.5,0,EC
36.25,-2989,0,EC
-258.75,-2988,0,EC
-91.25,-2986,0,EC
-54.75,-2991,0,EC
69.25,-2990,0,EC
-244.75,-2982,0,EC
-190.25,-2981,0,EC
-223.25,-2983.5,0,EC
131.75,-2981.5,0,EC
-282.75,-2980.5,0,EC
-326.25,-2975,0,EC
7.25,-2976.5,0,EC
-167.25,-2974,0,EC
-70.25,-2976.5,0,EC
-368.75,-2971,0,EC
-18.75,-2975,0,EC
120.25,-2970.5,0,EC
-222.25,-2969.5,0,EC
-264.75,-2963.5,0,EC
-392.25,-2969,0,EC
140.75,-2963,0,EC
-196.25,-2966.5,0,EC
180.25,-2956.5,0,EC
-280.25,-2960.5,0,EC
7.25,-2960,0,EC
-348.25,-2956,0,EC
27.75,-2960,0,EC
-238.75,-2952.5,0,EC
107.75,-2958,0,EC
-303.25,-2954.5,0,EC
260.75,-2946.5,0,EC
212.25,-2949.5,0,EC
279.25,-2949.5,0,EC
160.25,-2948.5,0,EC
314.75,-2948,0,EC
-214.25,-2947,0,EC
230.75,-2947.5,0,EC
133.75,-2945.5,0,EC
-257.75,-2946,0,EC
-460.25,-2941.5,0,EC
-281.75,-2938,0,EC
-25.25,-2936,0,EC
-314.25,-2936,0,EC
192.75,-2938,0,EC
246.75,-2931.5,0,EC
-252.25,-2930.5,0,EC
96.75,-2933,0,EC
169.25,-2932.5,0,EC
2.25,-2925.5,0,EC
226.25,-2931.5,0,EC
143.75,-2930,0,EC
-70.75,-2926,0,EC
-41.75,-2921.5,0,EC
-275.75,-2918,0,EC
25.75,-2915,0,EC
117.25,-2914.5,0,EC
241.75,-2919,0,EC
-301.25,-2906.5,0,EC
-80.25,-2909,0,EC
46.75,-2890,0,EC
221.75,-2906.5,0,EC
-43.25,-2903,0,EC
225.75,-2897.5,0,EC
-79.75,-2898.5,0,EC
196.75,-2894.5,0,EC
16.75,-2894.5,0,EC
28.25,-2893,0,EC
107.25,-2887,0,EC
-6.75,-2888,0,EC
-98.25,-2879.5,0,EC
162.25,-2883.5,0,EC
209.25,-2881.5,0,EC
-55.25,-2873,0,EC
-395.75,-2859.5,0,EC
145.25,-2856,0,EC
-76.75,-2853.5,0,EC
-33.75,-2855,0,EC
81.25,-2849.5,0,EC
-57.25,-2845.5,0,EC
-15.75,-2840,0,EC
257.75,-2841.5,0,EC
54.25,-2830.5,0,EC
244.75,-2834,0,EC
265.75,-2826.5,0,EC
74.25,-2820.5,0,EC
-37.75,-2820,0,EC
241.75,-2812,0,EC
109.75,-2812,0,EC
-65.75,-2809,0,EC
129.25,-2808.5,0,EC
-4.75,-2801,0,EC
-42.75,-2803,0,EC
46.75,-2790.5,0,EC
-73.25,-2797,0,EC
217.25,-2797.5,0,EC
234.75,-2786,0,EC
-25.25,-2790,0,EC
-50.75,-2786.5,0,EC
5.75,-2785,0,EC
200.75,-2781.5,0,EC
179.75,-2778,0,EC
251.75,-2769,0,EC
169.75,-2765,0,EC
298.75,-2761.5,0,EC
212.75,-2762,0,EC
84.75,-2754,0,EC
163.25,-2745,0,EC
263.75,-2749,0,EC
310.25,-2744,0,EC
685.75,-1093,0,EC
476.75,-1072.5,0,EC
497.25,-1070.5,0,EC
635.75,-1064.5,0,EC
497.25,-1042,0,EC
759.75,-1046.5,0,EC
757.75,-1022,0,EC
506.75,-1014,0,EC
746.25,-984,0,EC
808.75,-863,0,EC
806.75,-840.5,0,EC
789.75,-812,0,EC
800.75,-777,0,EC
750.25,-751,0,EC
817.25,-729.5,0,EC
759.75,-722,0,EC
825.25,-700,0,EC
766.25,-686.5,0,EC
810.75,-669.5,0,EC
781.25,-659,0,EC
1131.75,-540,0,EC
1119.75,-525.5,0,EC
1114.75,-505.5,0,EC
1131.75,-493,0,EC
1122.75,-477,0,EC
1104.75,-477,0,EC
1111.25,-455,0,EC
383.25,-461.5,0,EC
1105.75,-416,0,EC
397.75,-429.5,0,EC
882.25,-379,0,EC
865.25,-382.5,0,EC
388.75,-369,0,EC
852.75,-352.5,0,EC
389.25,-350.5,0,EC
629.25,-2673,0,EC
639.75,-2651.5,0,EC
627.75,-2644,0,EC
637.25,-2632,0,EC
606.25,-2629,0,EC
618.25,-2615.5,0,EC
593.25,-2604.5,0,EC
579.25,-2591.5,0,EC
561.75,-2573,0,EC
575.25,-2555,0,EC
543.75,-2554,0,EC
643.75,-2543,0,EC
556.75,-2547.5,0,EC
597.25,-2541,0,EC
393.25,-2537,0,EC
569.75,-2537,0,EC
544.75,-2528.5,0,EC
580.25,-2535.5,0,EC
351.75,-2527,0,EC
425.75,-2530.5,0,EC
589.75,-2523,0,EC
577.75,-2514.5,0,EC
603.75,-2513,0,EC
379.75,-2515,0,EC
365.75,-2506,0,EC
491.75,-2504,0,EC
553.25,-2494.5,0,EC
401.25,-2490.5,0,EC
463.25,-2483.5,0,EC
643.25,-2483.5,0,EC
628.25,-2477.5,0,EC
543.25,-2471.5,0,EC
388.75,-2470.5,0,EC
421.75,-2453,0,EC
396.75,-2452,0,EC
527.75,-2438.5,0,EC
436.75,-2422.5,0,EC
514.25,-2421,0,EC
420.75,-2407.5,0,EC
533.25,-2414,0,EC
409.75,-2415,0,EC
401.75,-2408,0,EC
432.25,-2406,0,EC
468.75,-2388.5,0,EC
434.75,-2395,0,EC
400.25,-2372,0,EC
363.25,-2384,0,EC
384.25,-2380,0,EC
413.25,-2372.5,0,EC
354.75,-2364.5,0,EC
425.25,-2363.5,0,EC
376.75,-2351.5,0,EC
394.25,-2345,0,EC
414.25,-2346.5,0,EC
392.25,-2336,0,EC
370.75,-2321,0,EC
401.25,-2310.5,0,EC
378.75,-2295,0,EC
877.75,-2275.5,0,EC
824.25,-2266.5,0,EC
785.75,-2261,0,EC
802.75,-2255,0,EC
754.25,-2251.5,0,EC
834.25,-2234.5,0,EC
778.75,-2211.5,0,EC
792.75,-2208,0,EC
748.75,-2209.5,0,EC
848.75,-2204,0,EC
760.75,-2204,0,EC
689.25,-2198,0,EC
717.25,-2189.5,0,EC
855.75,-2185,0,EC
678.75,-2185,0,EC
694.25,-2182,0,EC
660.75,-2168.5,0,EC
1128.75,-2168.5,0,EC
704.75,-2164,0,EC
1117.25,-2148.5,0,EC
719.25,-2145,0,EC
767.75,-2140,0,EC
689.75,-2134.5,0,EC
794.25,-2126,0,EC
708.75,-2124,0,EC
737.75,-2123,0,EC
1103.75,-2122,0,EC
723.75,-2122,0,EC
806.75,-2120,0,EC
773.75,-2107,0,EC
796.75,-2108,0,EC
808.25,-2091,0,EC
790.75,-2090.5,0,EC
832.25,-2082,0,EC
734.25,-2076.5,0,EC
681.75,-2078,0,EC
802.75,-2070.5,0,EC
696.25,-2067,0,EC
347.25,-2062,0,EC
684.75,-2060,0,EC
833.25,-2059.5,0,EC
713.25,-2051,0,EC
747.75,-2054,0,EC
771.25,-2046.5,0,EC
686.75,-2046.5,0,EC
1042.25,-2035.5,0,EC
795.25,-2035.5,0,EC
754.75,-2033,0,EC
1026.75,-2025,0,EC
1047.75,-2011,0,EC
1037.25,-2016.5,0,EC
693.75,-2002,0,EC
1025.75,-2001.5,0,EC
403.25,-1984,0,EC
418.75,-1979.5,0,EC
859.25,-1981,0,EC
340.75,-1973.5,0,EC
369.25,-1963,0,EC
879.75,-1964,0,EC
350.75,-1963.5,0,EC
403.75,-1950,0,EC
1009.25,-1948.5,0,EC
290.25,-2742.5,0,EC
189.75,-2737.5,0,EC
84.75,-2735.5,0,EC
-441.75,-2732,0,EC
140.75,-2734,0,EC
-416.25,-2726.5,0,EC
114.25,-2733.5,0,EC
180.25,-2728,0,EC
267.25,-2727,0,EC
157.25,-2722.5,0,EC
276.25,-2716,0,EC
302.75,-2712.5,0,EC
106.75,-2718,0,EC
19.75,-2710,0,EC
71.75,-2699.5,0,EC
36.75,-2696.5,0,EC
131.25,-2698,0,EC
97.75,-2697.5,0,EC
26.25,-2683,0,EC
112.75,-2681,0,EC
-366.25,-2682.5,0,EC
138.75,-2676.5,0,EC
60.25,-2667,0,EC
-390.75,-2648,0,EC
-41.25,-2658.5,0,EC
131.25,-2660.5,0,EC
152.75,-2652,0,EC
84.25,-2653.5,0,EC
-424.25,-2653,0,EC
-105.75,-2648,0,EC
-132.75,-2644.5,0,EC
-426.25,-2636,0,EC
153.25,-2634.5,0,EC
-293.25,-2623.5,0,EC
-379.75,-2617.5,0,EC
-423.25,-2617.5,0,EC
-356.75,-2621.5,0,EC
10.75,-2617,0,EC
138.25,-2615,0,EC
-300.25,-2606,0,EC
-129.25,-2614.5,0,EC
-11.25,-2606,0,EC
-447.75,-2604,0,EC
-354.75,-2600,0,EC
-433.25,-2598,0,EC
-321.75,-2597.5,0,EC
145.75,-2598.5,0,EC
-145.75,-2597.5,0,EC
-229.75,-2595,0,EC
-457.75,-2590.5,0,EC
-55.25,-2592,0,EC
12.25,-2591,0,EC
-394.75,-2592.5,0,EC
24.75,-2578,0,EC
76.25,-2586,0,EC
-370.25,-2588.5,0,EC
-30.25,-2588,0,EC
-10.25,-2576.5,0,EC
-411.75,-2578,0,EC
-137.75,-2581,0,EC
-104.75,-2578.5,0,EC
-73.75,-2572.5,0,EC
-349.75,-2580,0,EC
57.75,-2579,0,EC
105.75,-2578.5,0,EC
-251.25,-2575,0,EC
-35.25,-2569.5,0,EC
86.75,-2577,0,EC
-53.75,-2573.5,0,EC
67.25,-2563,0,EC
43.75,-2570,0,EC
-307.75,-2568,0,EC
-465.25,-2564,0,EC
279.25,-2560,0,EC
88.75,-2562,0,EC
-394.75,-2560.5,0,EC
-357.75,-2559.5,0,EC
54.75,-2554.5,0,EC
-451.25,-2561.5,0,EC
-415.75,-2554.5,0,EC
-124.75,-2556,0,EC
9.25,-2558.5,0,EC
-17.75,-2556,0,EC
-59.75,-2550.5,0,EC
-431.75,-2545.5,0,EC
-30.75,-2546.5,0,EC
-107.75,-2551.5,0,EC
-399.75,-2548,0,EC
18.25,-2544.5,0,EC
-466.25,-2538.5,0,EC
99.75,-2541.5,0,EC
-366.25,-2542,0,EC
260.25,-2547.5,0,EC
123.75,-2532.5,0,EC
270.75,-2542.5,0,EC
4.25,-2537,0,EC
38.25,-2535.5,0,EC
-413.75,-2528,0,EC
-57.25,-2534,0,EC
-394.75,-2532,0,EC
-160.75,-2533,0,EC
-71.25,-2534,0,EC
-443.25,-2526,0,EC
47.75,-2508.5,0,EC
282.25,-2520,0,EC
-223.75,-2523,0,EC
-168.75,-2524,0,EC
-48.25,-2517.5,0,EC
-20.75,-2518,0,EC
6.25,-2520,0,EC
-68.25,-2520,0,EC
-158.75,-2519,0,EC
313.25,-2515.5,0,EC
27.25,-2513,0,EC
101.25,-2511.5,0,EC
126.25,-2508.5,0,EC
-276.25,-2506.5,0,EC
-438.75,-2505.5,0,EC
-31.75,-2506,0,EC
-426.25,-2504,0,EC
-338.25,-2501,0,EC
8.25,-2503,0,EC
-69.25,-2492,0,EC
202.75,-2498.5,0,EC
-395.25,-2501.5,0,EC
-179.25,-2495.5,0,EC
116.25,-2486,0,EC
-9.75,-2493.5,0,EC
222.25,-2492.5,0,EC
-408.25,-2486,0,EC
298.75,-2491.5,0,EC
27.25,-2491.5,0,EC
-46.25,-2488.5,0,EC
56.75,-2488.5,0,EC
84.75,-2483,0,EC
-437.75,-2484.5,0,EC
-209.25,-2478,0,EC
-31.25,-2483,0,EC
286.25,-2477,0,EC
179.75,-2476.5,0,EC
307.75,-2476,0,EC
-185.75,-2468.5,0,EC
269.25,-2472,0,EC
-98.25,-2467.5,0,EC
-310.75,-2469.5,0,EC
-33.75,-2467,0,EC
46.75,-2464,0,EC
234.25,-2463.5,0,EC
152.75,-2463.5,0,EC
-291.25,-2467,0,EC
-220.75,-2466.5,0,EC
-51.25,-2462,0,EC
98.25,-2458.5,0,EC
130.75,-2463,0,EC
-85.25,-2451.5,0,EC
-17.25,-2451.5,0,EC
296.25,-2450.5,0,EC
80.25,-2452,0,EC
-205.25,-2441.5,0,EC
-32.25,-2445,0,EC
-440.25,-2443.5,0,EC
120.25,-2442.5,0,EC
145.25,-2443.5,0,EC
-173.25,-2443,0,EC
-119.75,-2443,0,EC
304.25,-2437.5,0,EC
-145.25,-2430.5,0,EC
-58.75,-2435,0,EC
-406.75,-2433,0,EC
-95.75,-2427.5,0,EC
-30.75,-2431,0,EC
-353.25,-2425,0,EC
-109.75,-2429,0,EC
185.75,-2427,0,EC
290.25,-2425.5,0,EC
43.25,-2421,0,EC
270.25,-2421,0,EC
319.25,-2423,0,EC
129.75,-2419,0,EC
-400.75,-2422,0,EC
-413.75,-2420.5,0,EC
-47.25,-2411.5,0,EC
22.75,-2408,0,EC
192.25,-2407,0,EC
-78.75,-2405,0,EC
-339.75,-2404.5,0,EC
120.25,-2405.5,0,EC
-428.25,-2399.5,0,EC
95.25,-2403,0,EC
-95.75,-2402.5,0,EC
323.25,-2399,0,EC
81.25,-2397.5,0,EC
228.25,-2392.5,0,EC
-0.25,-2397.5,0,EC
252.25,-2400,0,EC
-326.75,-2396.5,0,EC
177.75,-2391,0,EC
53.75,-2391.5,0,EC
134.25,-2393.5,0,EC
-405.25,-2392,0,EC
-414.75,-2387,0,EC
29.75,-2386.5,0,EC
-353.75,-2384.5,0,EC
-16.75,-2382,0,EC
-81.75,-2388,0,EC
-116.75,-2381.5,0,EC
162.25,-2369.5,0,EC
-386.75,-2377.5,0,EC
44.75,-2381,0,EC
59.75,-2375,0,EC
-337.75,-2377.5,0,EC
-149.25,-2372,0,EC
-265.25,-2378.5,0,EC
-45.25,-2371.5,0,EC
300.75,-2372,0,EC
274.25,-2365.5,0,EC
28.25,-2361,0,EC
-388.25,-2363,0,EC
-109.25,-2360,0,EC
-408.25,-2363.5,0,EC
-327.75,-2362,0,EC
-291.25,-2357.5,0,EC
301.25,-2355.5,0,EC
-10.25,-2358.5,0,EC
61.25,-2356,0,EC
-221.75,-2350.5,0,EC
158.25,-2334.5,0,EC
-133.25,-2345.5,0,EC
38.25,-2338,0,EC
80.25,-2344,0,EC
-206.75,-2344,0,EC
-119.75,-2329.5,0,EC
53.25,-2339,0,EC
289.25,-2338.5,0,EC
331.25,-2334.5,0,EC
-340.25,-2337.5,0,EC
-12.25,-2330.5,0,EC
173.75,-2326,0,EC
102.75,-2323.5,0,EC
133.75,-2320.5,0,EC
17.25,-2319.5,0,EC
-85.25,-2321,0,EC
52.75,-2317,0,EC
198.75,-2317.5,0,EC
-65.25,-2310,0,EC
327.25,-2314,0,EC
-427.75,-2311,0,EC
117.75,-2303.5,0,EC
-30.75,-2311,0,EC
-462.75,-2314.5,0,EC
81.25,-2311,0,EC
306.75,-2308,0,EC
167.75,-2311,0,EC
-129.25,-2307,0,EC
-47.75,-2296.5,0,EC
-4.25,-2301,0,EC
-367.25,-2298.5,0,EC
29.75,-2299.5,0,EC
-94.25,-2300.5,0,EC
-122.25,-2292,0,EC
-144.75,-2291.5,0,EC
-22.75,-2293,0,EC
98.25,-2290,0,EC
-439.25,-2288.5,0,EC
-188.75,-2278.5,0,EC
-79.75,-2287.5,0,EC
326.75,-2284,0,EC
-105.75,-2278,0,EC
-0.25,-2281.5,0,EC
-389.75,-2256,0,EC
17.25,-2282.5,0,EC
37.75,-2282,0,EC
-217.25,-2276.5,0,EC
308.25,-2274,0,EC
-61.75,-2275,0,EC
-31.75,-2274.5,0,EC
-130.75,-2269.5,0,EC
-460.25,-2269.5,0,EC
181.25,-2269,0,EC
16.75,-2264,0,EC
-85.75,-2263.5,0,EC
-422.75,-2244,0,EC
-204.25,-2250.5,0,EC
184.25,-2254,0,EC
-296.75,-2252.5,0,EC
-112.75,-2247.5,0,EC
99.75,-2251,0,EC
61.75,-2237,0,EC
-451.25,-2240.5,0,EC
-292.25,-2229.5,0,EC
-1.25,-2238.5,0,EC
-207.25,-2233,0,EC
-237.25,-2232.5,0,EC
-383.75,-2220,0,EC
116.25,-2234.5,0,EC
86.75,-2225,0,EC
-35.75,-2233,0,EC
-101.75,-2217.5,0,EC
57.75,-2219,0,EC
-180.75,-2213,0,EC
-243.75,-2200,0,EC
117.25,-2207.5,0,EC
-225.25,-2205,0,EC
-417.75,-2206,0,EC
-291.75,-2203,0,EC
-21.25,-2207.5,0,EC
-447.25,-2205.5,0,EC
41.75,-2204,0,EC
90.25,-2202.5,0,EC
-10.25,-2191,0,EC
-455.25,-2192.5,0,EC
-182.75,-2194,0,EC
119.25,-2191.5,0,EC
-440.25,-2187.5,0,EC
28.25,-2192.5,0,EC
40.75,-2184,0,EC
106.75,-2179,0,EC
-109.75,-2168,0,EC
121.75,-2171,0,EC
-137.75,-2164,0,EC
143.75,-2166,0,EC
-88.25,-2161.5,0,EC
64.25,-2164.5,0,EC
-155.25,-2156.5,0,EC
-402.75,-2153.5,0,EC
-358.25,-2150.5,0,EC
-111.25,-2148.5,0,EC
-384.75,-2144,0,EC
-89.25,-2146.5,0,EC
-49.75,-2129,0,EC
-342.25,-2136,0,EC
-129.75,-2134.5,0,EC
-73.25,-2136.5,0,EC
-281.75,-2134,0,EC
142.25,-2135,0,EC
-60.25,-2134,0,EC
224.75,-2132,0,EC
265.75,-2117.5,0,EC
-355.75,-2126,0,EC
99.25,-2115.5,0,EC
-15.25,-2116,0,EC
186.75,-2112.5,0,EC
-8.75,-2094,0,EC
273.75,-2097,0,EC
-351.75,-2099,0,EC
14.25,-2083,0,EC
164.75,-2089.5,0,EC
238.75,-2084,0,EC
-27.25,-2085,0,EC
183.25,-2081,0,EC
-85.75,-2080.5,0,EC
304.25,-2075.5,0,EC
284.25,-2072,0,EC
91.75,-2064,0,EC
256.75,-2063,0,EC
178.25,-2064,0,EC
227.75,-2068,0,EC
208.25,-2068.5,0,EC
-93.75,-2071,0,EC
-36.75,-2062.5,0,EC
115.25,-2058.5,0,EC
267.25,-2057.5,0,EC
295.25,-2055.5,0,EC
231.25,-2049.5,0,EC
-343.75,-2043,0,EC
6.25,-2045.5,0,EC
209.75,-2041.5,0,EC
295.75,-2043.5,0,EC
114.75,-2040.5,0,EC
186.75,-2041,0,EC
279.75,-2043,0,EC
-50.75,-2034,0,EC
-24.75,-2034,0,EC
-294.25,-2031.5,0,EC
-107.75,-2028,0,EC
-0.75,-2033.5,0,EC
-456.75,-2032,0,EC
-274.75,-2027.5,0,EC
-124.75,-2026,0,EC
-157.75,-2026,0,EC
192.75,-2022,0,EC
245.75,-2025.5,0,EC
103.75,-2024,0,EC
214.25,-2022,0,EC
295.75,-2019.5,0,EC
-315.25,-2017.5,0,EC
-92.25,-2023.5,0,EC
-341.75,-2021,0,EC
-58.75,-2013,0,EC
-200.25,-2013,0,EC
172.25,-2012,0,EC
-27.75,-2010.5,0,EC
-401.25,-2010.5,0,EC
-113.75,-2010,0,EC
-101.75,-2009.5,0,EC
-87.75,-2011,0,EC
-458.25,-2000.5,0,EC
-286.25,-2004.5,0,EC
-372.25,-1998.5,0,EC
-297.25,-1991,0,EC
-87.25,-2001,0,EC
-432.75,-1991,0,EC
-207.75,-1985,0,EC
249.25,-1981.5,0,EC
275.75,-1981.5,0,EC
-383.75,-1980.5,0,EC
-408.25,-1977.5,0,EC
-265.75,-1972,0,EC
294.75,-1974,0,EC
315.75,-1971.5,0,EC
-428.25,-1968.5,0,EC
-231.25,-1966.5,0,EC
70.75,-1965,0,EC
326.25,-1946,0,EC
265.25,-1959.5,0,EC
-99.25,-1957,0,EC
-218.75,-1946.5,0,EC
-401.75,-1950.5,0,EC
277.25,-1946.5,0,EC
-74.25,-1948.5,0,EC
301.25,-1947.5,0,EC
276.25,-337.5,0,EC
-76.25,-316,0,EC
185.25,-313.5,0,EC
-90.25,-299.5,0,EC
-98.25,-280,0,EC
285.25,-270,0,EC
-35.75,-251.5,0,EC
83.25,-250.5,0,EC
-233.75,-245.5,0,EC
-149.75,-239,0,EC
-203.25,-242,0,EC
114.75,-242.5,0,EC
-113.75,-238.5,0,EC
41.75,-235.5,0,EC
-169.75,-236,0,EC
-435.25,-216,0,EC
-304.25,-202,0,EC
-193.75,-201,0,EC
-363.25,-173,0,EC
-413.75,-151.5,0,EC
-430.25,-151,0,EC
-376.25,-147,0,EC
-447.75,-140,0,EC
-425.25,-134.5,0,EC
-386.25,-126.5,0,EC
12.75,-119,0,EC
-370.75,-117,0,EC
-229.25,-113.5,0,EC
-5.25,-110,0,EC
-380.75,-103.5,0,EC
50.25,-104,0,EC
-91.25,-92.5,0,EC
36.25,-85,0,EC
-139.25,-83.5,0,EC
-249.75,-79,0,EC
-234.25,-84.5,0,EC
-222.75,-73,0,EC
-249.75,-52,0,EC
-231.25,-41,0,EC
259.75,-17,0,EC
65.75,-16,0,EC
25.25,-11.5,0,EC
-2.25,-10.5,0,EC
51.75,-5,0,EC
-41.75,17,0,EC
277.25,22,0,EC
239.75,30,0,EC
225.25,41,0,EC
-55.25,52.5,0,EC
200.75,60,0,EC
215.75,61,0,EC
158.75,77,0,EC
-336.25,106,0,EC
-423.25,103,0,EC
-377.25,125.5,0,EC
-353.75,126,0,EC
-325.25,128.5,0,EC
-263.25,132.5,0,EC
-304.75,134.5,0,EC
-285.75,140.5,0,EC
-361.75,147.5,0,EC
-460.25,146.5,0,EC
-379.25,154,0,EC
-323.75,148.5,0,EC
-297.75,154.5,0,EC
-111.75,160.5,0,EC
-239.75,160.5,0,EC
-312.25,169.5,0,EC
-457.25,170.5,0,EC
-222.75,173,0,EC
-242.25,173.5,0,EC
245.75,181,0,EC
231.25,186.5,0,EC
267.75,186,0,EC
293.75,187,0,EC
312.75,191,0,EC
-249.25,193,0,EC
-229.25,196,0,EC
-196.25,193.5,0,EC
292.25,198.5,0,EC
164.25,223,0,EC
266.25,221.5,0,EC
249.75,227.5,0,EC
134.25,237.5,0,EC
-42.25,237.5,0,EC
-391.75,240.5,0,EC
279.25,239,0,EC
-463.75,248,0,EC
234.25,259,0,EC
314.25,250.5,0,EC
-103.75,253.5,0,EC
-386.25,253.5,0,EC
-411.75,271.5,0,EC
19.25,274.5,0,EC
192.25,271,0,EC
-466.25,280.5,0,EC
249.75,283,0,EC
-386.25,290,0,EC
-408.25,294.5,0,EC
200.75,293.5,0,EC
299.25,298,0,EC
266.25,298,0,EC
-373.75,299,0,EC
209.25,308.5,0,EC
264.25,312.5,0,EC
-174.75,316,0,EC
-420.25,321.5,0,EC
289.25,325,0,EC
61.25,321,0,EC
-308.25,328,0,EC
-76.75,329.5,0,EC
-126.75,331,0,EC
-380.75,341.5,0,EC
-183.25,337,0,EC
-337.75,338.5,0,EC
-220.75,343.5,0,EC
-285.25,347,0,EC
-250.25,350,0,EC
-126.75,349,0,EC
-365.75,356.5,0,EC
22.75,350.5,0,EC
-343.75,357.5,0,EC
-173.75,368,0,EC
-158.25,367,0,EC
-255.25,366.5,0,EC
-387.25,374.5,0,EC
-152.75,382,0,EC
-214.75,380.5,0,EC
-257.75,384.5,0,EC
-232.25,382.5,0,EC
-118.25,393.5,0,EC
-322.25,395.5,0,EC
267.25,407.5,0,EC
-365.75,402.5,0,EC
-269.25,403.5,0,EC
-191.75,412.5,0,EC
-237.75,408,0,EC
-159.75,410,0,EC
-286.25,410,0,EC
77.75,410,0,EC
-77.75,413,0,EC
-310.75,414.5,0,EC
-126.75,417.5,0,EC
325.75,413.5,0,EC
-175.25,422,0,EC
183.75,420.5,0,EC
-233.75,424,0,EC
-205.25,423,0,EC
-263.75,424.5,0,EC
-325.25,427,0,EC
-89.25,429,0,EC
188.25,433.5,0,EC
287.25,427,0,EC
-451.75,431,0,EC
159.75,437.5,0,EC
-409.75,434,0,EC
-172.25,438.5,0,EC
-423.75,446,0,EC
-270.75,440.5,0,EC
296.25,448,0,EC
-361.75,446.5,0,EC
254.75,446,0,EC
147.25,453,0,EC
86.25,451,0,EC
-444.25,454.5,0,EC
1359.25,-1780.5,0,EC
1709.75,-1595,0,EC
1679.25,-1579.5,0,EC
1688.75,-1559.5,0,EC
1665.75,-1552,0,EC
1144.25,-1536.5,0,EC
1693.25,-1538,0,EC
1198.25,-1528.5,0,EC
1167.25,-1518,0,EC
1653.25,-1504.5,0,EC
1184.75,-1498.5,0,EC
1202.25,-1492.5,0,EC
1233.25,-1478,0,EC
1206.75,-1471,0,EC
1733.75,-1470,0,EC
1706.25,-1439.5,0,EC
1706.25,-1423,0,EC
1771.25,-1410,0,EC
1147.75,-1372.5,0,EC
1707.25,-1377.5,0,EC
1767.25,-1375.5,0,EC
1861.75,-1362.5,0,EC
1895.25,-1365,0,EC
1737.25,-1360.5,0,EC
1904.75,-1347,0,EC
1164.75,-1345.5,0,EC
1831.75,-1333,0,EC
1872.25,-1342,0,EC
1908.25,-1327,0,EC
1871.25,-1324.5,0,EC
1850.75,-1310.5,0,EC
1871.75,-1302.5,0,EC
2192.75,-2307,0,EC
2164.75,-2301.5,0,EC
2219.25,-2290.5,0,EC
2369.25,-2291,0,EC
2168.75,-2284.5,0,EC
2455.25,-2282,0,EC
2248.25,-2257,0,EC
2472.75,-2256.5,0,EC
2457.25,-2247,0,EC
2225.25,-2241,0,EC
2248.25,-2241.5,0,EC
2475.25,-2236,0,EC
2437.25,-2239,0,EC
2286.25,-2231,0,EC
2268.75,-2219.5,0,EC
2247.75,-2227,0,EC
2425.25,-2222.5,0,EC
2400.25,-2221,0,EC
2464.75,-2222.5,0,EC
2325.25,-2216.5,0,EC
2456.75,-2212.5,0,EC
2441.25,-2196,0,EC
2137.25,-2170,0,EC
2376.75,-2169.5,0,EC
2426.75,-2171,0,EC
2402.25,-2161,0,EC
2387.75,-2141.5,0,EC
2407.75,-2145.5,0,EC
2428.25,-2118.5,0,EC
2382.75,-2120.5,0,EC
2402.75,-2114,0,EC
2409.25,-2094,0,EC
2437.25,-2090,0,EC
2457.25,-2088,0,EC
2419.25,-2080.5,0,EC
2473.25,-2074.5,0,EC
2443.75,-2071,0,EC
2429.75,-2059.5,0,EC
2474.25,-2057,0,EC
2450.25,-2049.5,0,EC
2498.25,-2044.5,0,EC
2362.75,-2040.5,0,EC
2470.75,-2036,0,EC
2512.75,-2038.5,0,EC
2437.75,-2029.5,0,EC
2455.25,-2018,0,EC
2404.25,-2009.5,0,EC
2442.25,-2001.5,0,EC
-1144.25,-1141.5,0,EC
-1237.75,-1124.5,0,EC
-1167.25,-1119.5,0,EC
-1123.75,-1121.5,0,EC
-1146.25,-1116,0,EC
-1198.75,-1105.5,0,EC
-1223.25,-1096,0,EC
-1235.75,-1099,0,EC
-1135.25,-1097.5,0,EC
-1194.25,-1082.5,0,EC
-1125.75,-1072,0,EC
-1217.75,-1073.5,0,EC
-1188.25,-1059,0,EC
-1129.25,-1049,0,EC
-516.25,-1015.5,0,EC
-1164.75,-986.5,0,EC
-1196.75,-966.5,0,EC
-533.75,-964,0,EC
-1176.75,-966,0,EC
-938.25,-953,0,EC
-1210.75,-945,0,EC
-469.25,-939.5,0,EC
-1241.75,-947,0,EC
-542.25,-937,0,EC
-672.25,-933,0,EC
-487.75,-922.5,0,EC
-947.25,-910.5,0,EC
-510.25,-914,0,EC
-472.75,-918.5,0,EC
-564.75,-912.5,0,EC
-972.75,-910,0,EC
-930.25,-906,0,EC
-524.25,-891,0,EC
-663.25,-888.5,0,EC
-970.25,-890,0,EC
-469.25,-892,0,EC
-1002.75,-890.5,0,EC
-603.25,-881,0,EC
-681.75,-875,0,EC
-1186.25,-878.5,0,EC
-552.25,-879.5,0,EC
-950.75,-869,0,EC
-624.75,-868,0,EC
-788.75,-855,0,EC
-1173.75,-855.5,0,EC
-929.25,-863,0,EC
-569.25,-853.5,0,EC
-1014.25,-857.5,0,EC
-652.25,-856,0,EC
-721.25,-855,0,EC
-835.25,-851.5,0,EC
-1250.25,-848,0,EC
-547.75,-844,0,EC
-681.75,-846,0,EC
-1150.25,-840.5,0,EC
-871.75,-826.5,0,EC
-774.75,-838,0,EC
-671.75,-838,0,EC
-1238.25,-838.5,0,EC
-838.25,-837,0,EC
-551.75,-833,0,EC
-817.75,-828,0,EC
-488.25,-819.5,0,EC
-1260.75,-823,0,EC
-839.25,-804.5,0,EC
-545.25,-814.5,0,EC
-1007.25,-808,0,EC
-903.75,-804.5,0,EC
-671.75,-800.5,0,EC
-737.25,-800,0,EC
-558.75,-801,0,EC
-541.25,-802.5,0,EC
-769.75,-795.5,0,EC
-980.75,-796,0,EC
-708.75,-792,0,EC
-778.25,-783.5,0,EC
-541.25,-787,0,EC
-714.75,-780.5,0,EC
-692.75,-778.5,0,EC
-759.75,-765.5,0,EC
-527.75,-778.5,0,EC
-808.75,-773,0,EC
-863.75,-774.5,0,EC
-513.75,-765.5,0,EC
-951.75,-768.5,0,EC
-727.25,-768.5,0,EC
-493.75,-769.5,0,EC
-706.75,-760.5,0,EC
-740.25,-766.5,0,EC
-933.75,-765.5,0,EC
-744.75,-756.5,0,EC
-541.75,-752.5,0,EC
-817.75,-749,0,EC
-501.75,-747,0,EC
-574.75,-741.5,0,EC
-483.25,-741.5,0,EC
-778.75,-737.5,0,EC
-662.75,-744,0,EC
-687.75,-735,0,EC
-558.75,-738,0,EC
-803.75,-730.5,0,EC
-824.75,-728,0,EC
-536.25,-726,0,EC
-756.75,-726.5,0,EC
-666.75,-721.5,0,EC
-563.75,-721.5,0,EC
-524.25,-714,0,EC
-683.75,-705,0,EC
-811.75,-709,0,EC
-764.25,-706,0,EC
-470.75,-697.5,0,EC
-514.25,-695.5,0,EC
-751.75,-690,0,EC
-526.75,-682,0,EC
-561.25,-684.5,0,EC
-544.25,-682.5,0,EC
-616.75,-676.5,0,EC
-670.25,-673,0,EC
-1091.75,-676,0,EC
-1063.25,-673.5,0,EC
-1050.25,-667.5,0,EC
-754.25,-664.5,0,EC
-735.25,-668,0,EC
-1125.25,-659,0,EC
-778.75,-659,0,EC
-627.25,-647,0,EC
-1091.75,-653,0,EC
-606.75,-656,0,EC
-1149.25,-650,0,EC
-1068.25,-650,0,EC
-671.75,-639,0,EC
-645.75,-646.5,0,EC
-1054.25,-638,0,EC
-595.25,-636.5,0,EC
-638.25,-628,0,EC
-695.25,-631.5,0,EC
-1164.25,-633.5,0,EC
-1146.25,-632.5,0,EC
-1100.75,-631.5,0,EC
-1068.25,-624,0,EC
-676.25,-616.5,0,EC
-1100.75,-612.5,0,EC
-1140.25,-621,0,EC
-539.25,-623,0,EC
-1159.75,-617,0,EC
-1029.75,-610,0,EC
-1049.25,-610,0,EC
-1174.25,-609.5,0,EC
-1131.75,-607.5,0,EC
-649.25,-610,0,EC
-1068.75,-597.5,0,EC
-1152.75,-594,0,EC
-1173.75,-588.5,0,EC
-1093.25,-577.5,0,EC
-996.75,-584,0,EC
-1071.75,-579.5,0,EC
-680.25,-574,0,EC
-1161.25,-572,0,EC
-537.75,-566.5,0,EC
-1104.25,-561.5,0,EC
-709.75,-565.5,0,EC
-1056.75,-563.5,0,EC
-479.25,-564.5,0,EC
-1076.75,-557.5,0,EC
-1007.25,-551.5,0,EC
-1039.75,-554,0,EC
-526.75,-556.5,0,EC
-1124.25,-552,0,EC
-477.25,-551.5,0,EC
-499.75,-547.5,0,EC
-981.75,-539,0,EC
-1070.25,-544.5,0,EC
-656.25,-540,0,EC
-545.25,-537.5,0,EC
-782.25,-543.5,0,EC
-730.25,-540,0,EC
-1111.25,-540,0,EC
-1089.75,-530.5,0,EC
-1048.25,-537.5,0,EC
-701.75,-536,0,EC
-669.75,-535.5,0,EC
-1133.75,-529,0,EC
-489.25,-526,0,EC
-1068.75,-526,0,EC
-616.75,-526,0,EC
-531.25,-521.5,0,EC
-638.25,-520,0,EC
-1110.25,-522.5,0,EC
-564.75,-524.5,0,EC
-680.75,-512.5,0,EC
-594.25,-515,0,EC
-508.25,-515,0,EC
-1083.75,-512.5,0,EC
-1114.75,-508,0,EC
-568.25,-503.5,0,EC
-1135.75,-503.5,0,EC
-594.25,-501,0,EC
-1186.25,-496,0,EC
-722.75,-494,0,EC
-1046.25,-494.5,0,EC
-619.25,-495,0,EC
-923.25,-496.5,0,EC
-689.25,-493.5,0,EC
-471.75,-489.5,0,EC
-744.25,-486,0,EC
-731.75,-487.5,0,EC
-1038.25,-473.5,0,EC
-678.25,-479.5,0,EC
-1052.25,-480.5,0,EC
-636.25,-466.5,0,EC
-1218.75,-474.5,0,EC
-517.75,-477,0,EC
-752.25,-477,0,EC
-696.25,-472.5,0,EC
-930.75,-470.5,0,EC
-1088.75,-465.5,0,EC
-1069.25,-470.5,0,EC
-895.25,-468.5,0,EC
-608.75,-461.5,0,EC
-716.75,-467.5,0,EC
-525.75,-464.5,0,EC
-1201.25,-452.5,0,EC
-1071.75,-452.5,0,EC
-1152.25,-450.5,0,EC
-477.25,-442,0,EC
-1246.25,-446.5,0,EC
-1226.75,-446,0,EC
-1112.25,-433,0,EC
-1133.25,-434,0,EC
-612.25,-431.5,0,EC
-1205.75,-420,0,EC
-1251.75,-425,0,EC
-1263.75,-420.5,0,EC
-494.25,-419.5,0,EC
-632.75,-418.5,0,EC
-662.75,-411.5,0,EC
-1224.25,-413.5,0,EC
-526.25,-395.5,0,EC
-1251.75,-401.5,0,EC
-1236.75,-387.5,0,EC
-599.75,-390,0,EC
-574.25,-389.5,0,EC
-671.75,-371,0,EC
-562.25,-373.5,0,EC
-472.25,-377.5,0,EC
-716.25,-371.5,0,EC
-602.25,-370.5,0,EC
-1129.75,-356,0,EC
-584.75,-364,0,EC
-692.25,-361,0,EC
-619.25,-356,0,EC
-969.25,-354,0,EC
-650.75,-354.5,0,EC
-1263.25,-349,0,EC
-566.75,-348,0,EC
2551.25,-1818,0,EC
2572.25,-1804,0,EC
2496.25,-1807.5,0,EC
2515.75,-1798,0,EC
2497.75,-1784,0,EC
2480.75,-1770,0,EC
2561.75,-1771,0,EC
2504.75,-1766.5,0,EC
2463.75,-1764.5,0,EC
2446.25,-1762.5,0,EC
2471.25,-1742,0,EC
2442.75,-1733,0,EC
2453.75,-1716,0,EC
2453.25,-1684.5,0,EC
2527.75,-1672.5,0,EC
2502.75,-1670,0,EC
2493.75,-1657.5,0,EC
2496.25,-1647,0,EC
2509.75,-1642,0,EC
2043.25,-1638.5,0,EC
2468.75,-1632,0,EC
2515.25,-1623.5,0,EC
2480.75,-1614,0,EC
2506.75,-1602,0,EC
2551.75,-1595,0,EC
2531.75,-1596.5,0,EC
2536.75,-1578.5,0,EC
2648.75,-1573,0,EC
2576.25,-1572,0,EC
2562.25,-1546.5,0,EC
2576.25,-1553.5,0,EC
2051.25,-1542,0,EC
2601.25,-1541.5,0,EC
2069.75,-1535,0,EC
2098.75,-1527.5,0,EC
2606.75,-1472,0,EC
2563.75,-1473,0,EC
2589.25,-1449,0,EC
2534.75,-1441,0,EC
2394.25,-1441,0,EC
2368.75,-1432.5,0,EC
2432.75,-1432.5,0,EC
2316.75,-1432,0,EC
2553.75,-1422.5,0,EC
2469.25,-1426,0,EC
2405.25,-1421.5,0,EC
2528.25,-1412.5,0,EC
2370.75,-1412.5,0,EC
2502.25,-1406.5,0,EC
2484.75,-1400.5,0,EC
2392.75,-1390.5,0,EC
2453.75,-1392.5,0,EC
2367.25,-1383.5,0,EC
2162.75,-1318,0,EC
2359.75,-1316,0,EC
2392.25,-1313,0,EC
2426.25,-1299,0,EC
2350.75,-1289.5,0,EC
2393.75,-1295,0,EC
2329.25,-1291,0,EC
2415.75,-1282,0,EC
2354.75,-1274,0,EC
2380.75,-1275,0,EC
2480.75,-1271.5,0,EC
2463.25,-1259,0,EC
2481.25,-1255,0,EC
2268.75,-1254,0,EC
2411.75,-1251,0,EC
-2957.75,-1349,0,EC
-3033.25,-1347.5,0,EC
-3060.25,-1342.5,0,EC
-2888.25,-1329.5,0,EC
-2983.75,-1329,0,EC
-3007.25,-1329,0,EC
-3041.75,-1322.5,0,EC
-2956.25,-1319,0,EC
-2919.75,-1320.5,0,EC
-3064.75,-1325,0,EC
-3014.25,-1311,0,EC
-3079.75,-1303,0,EC
-2986.75,-1306.5,0,EC
-2949.25,-1288,0,EC
-3104.75,-1285,0,EC
-3008.75,-1295,0,EC
-2985.75,-1286.5,0,EC
-3172.75,-1281.5,0,EC
-3016.25,-1286,0,EC
-3075.25,-1279.5,0,EC
-3025.75,-1272,0,EC
-3002.25,-1272.5,0,EC
-3205.25,-1264,0,EC
-3074.25,-1265,0,EC
-3048.25,-1263,0,EC
-3169.25,-1251.5,0,EC
-2996.25,-1258.5,0,EC
-2924.25,-1259,0,EC
-2982.25,-1251.5,0,EC
-3096.75,-1246.5,0,EC
-3071.75,-1246,0,EC
-3013.25,-1247.5,0,EC
-2960.25,-1249.5,0,EC
-3054.25,-1221,0,EC
-3155.75,-1229,0,EC
-2969.25,-1235.5,0,EC
-3205.25,-1229.5,0,EC
-3068.75,-1225,0,EC
-3092.25,-1223,0,EC
-2996.25,-1219,0,EC
-3108.25,-1222.5,0,EC
-2971.75,-1216.5,0,EC
-3217.75,-1210.5,0,EC
-2976.25,-1208,0,EC
-3100.75,-1200.5,0,EC
-2959.75,-1202.5,0,EC
-3305.75,-1193.5,0,EC
-2915.25,-1193,0,EC
-3288.25,-1188,0,EC
-3072.25,-1190.5,0,EC
-3095.25,-1179.5,0,EC
-2957.25,-1185,0,EC
-3331.25,-1184.5,0,EC
-3338.25,-1174,0,EC
-3321.25,-1173.5,0,EC
-3298.75,-1171.5,0,EC
-3233.25,-1170,0,EC
-3168.25,-1162,0,EC
-3277.75,-1155.5,0,EC
-3352.25,-1149.5,0,EC
-3163.75,-1143,0,EC
-3028.75,-341.5,0,EC
-3218.75,-341.5,0,EC
-3170.75,-330,0,EC
-3245.25,-332.5,0,EC
-2967.25,-332.5,0,EC
-3105.75,-334.5,0,EC
-3085.25,-335,0,EC
-2936.25,-326.5,0,EC
-3142.75,-332,0,EC
-3071.25,-327,0,EC
-2914.75,-330,0,EC
-3052.75,-317.5,0,EC
-2995.25,-322,0,EC
-3027.25,-312,0,EC
-3246.75,-305,0,EC
-3009.25,-313,0,EC
-3088.25,-307,0,EC
-2870.75,-311.5,0,EC
-3224.75,-303,0,EC
-2945.75,-300,0,EC
-3132.75,-304.5,0,EC
-3059.75,-290,0,EC
-3278.25,-293,0,EC
-3095.25,-297.5,0,EC
-3117.75,-292,0,EC
-3012.75,-286,0,EC
-3228.75,-292.5,0,EC
-3082.25,-287,0,EC
-2914.25,-279,0,EC
-3030.75,-269,0,EC
-2945.75,-277,0,EC
-3225.75,-271.5,0,EC
-3205.75,-263.5,0,EC
-3057.25,-253.5,0,EC
-3088.25,-259.5,0,EC
-2912.25,-257,0,EC
-3207.75,-245,0,EC
-3043.75,-244.5,0,EC
-2897.75,-247,0,EC
-3023.25,-225.5,0,EC
-3044.75,-228,0,EC
-2985.75,-226.5,0,EC
-3203.25,-223.5,0,EC
-3013.75,-213.5,0,EC
-3143.75,-212.5,0,EC
-2984.75,-204,0,EC
-3213.75,-202,0,EC
-3152.25,-198,0,EC
-3027.25,-186.5,0,EC
-3012.25,-191.5,0,EC
-2993.75,-190.5,0,EC
-3133.25,-184,0,EC
-3158.25,-175,0,EC
-3144.75,-180.5,0,EC
-3218.25,-179.5,0,EC
-3199.25,-180,0,EC
-3059.25,-179,0,EC
-3009.75,-172,0,EC
-3123.25,-173,0,EC
-3077.25,-173.5,0,EC
-3030.75,-164,0,EC
-3064.75,-166.5,0,EC
-3205.25,-156.5,0,EC
-3142.75,-165.5,0,EC
-3106.25,-146.5,0,EC
-3085.75,-157.5,0,EC
-3178.75,-151,0,EC
-3072.25,-145.5,0,EC
-3129.75,-147.5,0,EC
-3009.75,-144,0,EC
-3152.25,-150,0,EC
-3044.25,-146.5,0,EC
-3212.25,-135,0,EC
-2996.75,-138.5,0,EC
-3126.75,-131.5,0,EC
-3182.75,-129.5,0,EC
-3091.25,-125.5,0,EC
-3051.75,-122.5,0,EC
-3164.25,-119.5,0,EC
-3202.25,-111,0,EC
-3133.75,-109,0,EC
-3179.25,-106.5,0,EC
-3027.75,-101.5,0,EC
-3115.25,-89,0,EC
-3047.25,-101.5,0,EC
-3090.75,-100,0,EC
-3066.75,-97.5,0,EC
-3210.75,-92.5,0,EC
-3181.25,-91.5,0,EC
-2876.75,-88,0,EC
-3134.75,-85.5,0,EC
-3162.75,-75,0,EC
-3200.25,-74.5,0,EC
-3176.75,-80,0,EC
-3067.75,-56,0,EC
-3179.75,-58,0,EC
-3041.75,-61.5,0,EC
-3145.75,-46,0,EC
-3217.75,-59,0,EC
-3182.25,-37.5,0,EC
-2876.75,-20.5,0,EC
-2917.25,-8.5,0,EC
-2897.75,-8.5,0,EC
-3108.75,-3.5,0,EC
-2938.75,4,0,EC
-2875.75,-1.5,0,EC
-3092.75,8.5,0,EC
-3113.25,13.5,0,EC
-2958.75,18.5,0,EC
-2898.75,24,0,EC
-2955.75,37.5,0,EC
-2902.75,39,0,EC
-2932.25,43.5,0,EC
-2959.25,47.5,0,EC
-3018.25,63,0,EC
-2937.25,53.5,0,EC
-2980.75,72.5,0,EC
-2954.25,72,0,EC
-3032.25,72.5,0,EC
-2978.25,91.5,0,EC
-2933.25,98.5,0,EC
-2947.75,106.5,0,EC
-3019.25,108,0,EC
-2993.25,105,0,EC
-2959.25,127,0,EC
-2917.75,143.5,0,EC
-2935.25,148,0,EC
-3002.25,235,0,EC
-2999.75,263.5,0,EC
-2904.25,274.5,0,EC
-2888.75,275.5,0,EC
-2868.75,305.5,0,EC
-3004.75,305,0,EC
-2897.25,315,0,EC
-2877.75,329.5,0,EC
-3003.75,336,0,EC
-3038.25,340.5,0,EC
-3010.75,341,0,EC
-3081.75,366,0,EC
-3107.75,403,0,EC
-2952.75,403.5,0,EC
-2972.25,418.5,0,EC
-3163.75,444,0,EC
-2983.25,444,0,EC
1798.75,-1061.5,0,EC
1780.75,-997,0,EC
1760.25,-1004.5,0,EC
1470.25,-896,0,EC
1480.75,-883.5,0,EC
1464.25,-886,0,EC
1465.75,-865,0,EC
1479.75,-868,0,EC
1520.25,-861,0,EC
1901.25,-718.5,0,EC
1907.25,-692,0,EC
1889.25,-689.5,0,EC
1850.25,-679,0,EC
1912.25,-669.5,0,EC
1855.25,-659.5,0,EC
1892.25,-624,0,EC
1926.25,-619.5,0,EC
1918.75,-600,0,EC
1883.75,-594.5,0,EC
1896.25,-588,0,EC
1887.75,-571,0,EC
1838.75,-563.5,0,EC
1858.75,-561.5,0,EC
1874.75,-556.5,0,EC
1763.75,-548,0,EC
1784.25,-537,0,EC
1752.25,-532.5,0,EC
1136.75,-528.5,0,EC
1694.75,-522.5,0,EC
1761.75,-527.5,0,EC
1157.75,-521.5,0,EC
1710.25,-519.5,0,EC
1687.25,-505,0,EC
1772.25,-507,0,EC
1798.75,-507.5,0,EC
1744.75,-508.5,0,EC
1181.75,-499,0,EC
1306.25,-497,0,EC
1310.25,-475,0,EC
1249.25,-478,0,EC
1197.25,-468.5,0,EC
1162.75,-458.5,0,EC
1210.25,-431,0,EC
1729.25,-424,0,EC
1750.75,-416.5,0,EC
1730.75,-403,0,EC
1708.25,-392.5,0,EC
1728.75,-376.5,0,EC
1700.25,-374,0,EC
1668.25,-353.5,0,EC
1207.25,-353,0,EC
1704.25,-350.5,0,EC
1224.75,-347,0,EC
-1413.75,-1135,0,EC
-1270.75,-1136.5,0,EC
-1387.25,-1128.5,0,EC
-1345.25,-1123,0,EC
-1858.75,-1114.5,0,EC
-1269.25,-1125,0,EC
-1953.75,-1113.5,0,EC
-1369.25,-1118.5,0,EC
-1656.25,-1114.5,0,EC
-1817.75,-1106.5,0,EC
-1654.25,-1099.5,0,EC
-1364.75,-1099,0,EC
-1978.75,-1101.5,0,EC
-2022.25,-1094.5,0,EC
-1410.25,-1084,0,EC
-1266.75,-1091.5,0,EC
-1944.75,-1081.5,0,EC
-1557.25,-1084.5,0,EC
-1301.25,-1088,0,EC
-1663.75,-1086.5,0,EC
-1989.75,-1075.5,0,EC
-1800.25,-1078,0,EC
-1777.25,-1075,0,EC
-1534.75,-1075,0,EC
-1955.25,-1072,0,EC
-1677.25,-1074,0,EC
-1514.25,-1072,0,EC
-2013.25,-1062,0,EC
-1586.25,-1066,0,EC
-1326.75,-1062.5,0,EC
-2059.25,-1065,0,EC
-1305.25,-1064.5,0,EC
-1357.75,-1065,0,EC
-1397.75,-1060.5,0,EC
-1536.25,-1061.5,0,EC
-1610.25,-1047.5,0,EC
-1450.75,-1051,0,EC
-1352.75,-1052.5,0,EC
-2055.25,-1046,0,EC
-1277.75,-1046,0,EC
-1544.75,-1049,0,EC
-1298.25,-1049,0,EC
-1321.25,-1041,0,EC
-1432.25,-1036,0,EC
-1595.25,-1037.5,0,EC
-1413.75,-1035.5,0,EC
-1513.75,-1033,0,EC
-1388.75,-1025.5,0,EC
-1532.25,-1032.5,0,EC
-1713.75,-1029,0,EC
-1315.25,-1027.5,0,EC
-1487.25,-1026,0,EC
-1417.25,-1022.5,0,EC
-2065.25,-1021,0,EC
-1332.25,-1015.5,0,EC
-1301.75,-1015.5,0,EC
-1572.25,-1018,0,EC
-1723.25,-998.5,0,EC
-1527.25,-1004.5,0,EC
-1579.75,-1001,0,EC
-1658.25,-999.5,0,EC
-1514.75,-986,0,EC
-1672.75,-971.5,0,EC
-1530.25,-980,0,EC
-1710.75,-975.5,0,EC
-1955.75,-964,0,EC
-1547.25,-973,0,EC
-1521.25,-961,0,EC
-1543.75,-957,0,EC
-1684.75,-948,0,EC
-1957.25,-941.5,0,EC
-1934.25,-941,0,EC
-1540.25,-936,0,EC
-1677.75,-931.5,0,EC
-1878.25,-927,0,EC
-1950.75,-923.5,0,EC
-1343.75,-908.5,0,EC
-1702.25,-914,0,EC
-1676.25,-914.5,0,EC
-1374.75,-906.5,0,EC
-1361.25,-905,0,EC
-1306.25,-902.5,0,EC
-1317.25,-886.5,0,EC
-1437.75,-884,0,EC
-1329.75,-880,0,EC
-1372.75,-882,0,EC
-1344.25,-881,0,EC
-1301.75,-874.5,0,EC
-1366.25,-865,0,EC
-1469.75,-859.5,0,EC
-1316.75,-861,0,EC
-1352.25,-856.5,0,EC
-2029.25,-855,0,EC
-1772.75,-854,0,EC
-1403.75,-851.5,0,EC
-1277.75,-850.5,0,EC
-1425.25,-851.5,0,EC
-2016.75,-842,0,EC
-1366.25,-837,0,EC
-1473.25,-841.5,0,EC
-1409.75,-837.5,0,EC
-1781.75,-832.5,0,EC
-2003.75,-821,0,EC
-1472.75,-823,0,EC
-1765.25,-815,0,EC
-2024.75,-810.5,0,EC
-2055.25,-800,0,EC
-1825.75,-799,0,EC
-1845.75,-800.5,0,EC
-1775.25,-800,0,EC
-1594.25,-800.5,0,EC
-2034.75,-794.5,0,EC
-1475.75,-785.5,0,EC
-1659.75,-786,0,EC
-2045.25,-780.5,0,EC
-1458.25,-781,0,EC
-1488.25,-771,0,EC
-1650.75,-772,0,EC
-2058.75,-766,0,EC
-2031.25,-771.5,0,EC
-1445.25,-767,0,EC
-1663.75,-760,0,EC
-1638.75,-761.5,0,EC
-1503.25,-753.5,0,EC
-1466.75,-761.5,0,EC
-2034.25,-755.5,0,EC
-1680.25,-749,0,EC
-1516.75,-751,0,EC
-1643.75,-746.5,0,EC
-1619.25,-746.5,0,EC
-1838.25,-739.5,0,EC
-1809.25,-734.5,0,EC
-1617.25,-726.5,0,EC
-2026.25,-724.5,0,EC
-1948.75,-732,0,EC
-1666.75,-720.5,0,EC
-1917.25,-723.5,0,EC
-1969.75,-723.5,0,EC
-1799.75,-716,0,EC
-1639.25,-721,0,EC
-1684.25,-714.5,0,EC
-1541.75,-710,0,EC
-2014.75,-710.5,0,EC
-1952.75,-712,0,EC
-1815.75,-708,0,EC
-1636.75,-710.5,0,EC
-1859.25,-702,0,EC
-2038.75,-694,0,EC
-1610.25,-695.5,0,EC
-2065.75,-693.5,0,EC
-1640.25,-688,0,EC
-1588.25,-665.5,0,EC
-2036.25,-671,0,EC
-2057.25,-662.5,0,EC
-1608.25,-659.5,0,EC
-1714.75,-654,0,EC
-1890.25,-654,0,EC
-2030.75,-644,0,EC
-1624.75,-654,0,EC
-2066.25,-637.5,0,EC
-1846.25,-638.5,0,EC
-2044.25,-642,0,EC
-1894.25,-631,0,EC
-1615.25,-634.5,0,EC
-1598.25,-627,0,EC
-1988.75,-621.5,0,EC
-1714.25,-627,0,EC
-1638.25,-618,0,EC
-1908.25,-613,0,EC
-2058.75,-609,0,EC
-1656.75,-606.5,0,EC
-1607.75,-606.5,0,EC
-1582.75,-602.5,0,EC
-1637.25,-592.5,0,EC
-1603.25,-591.5,0,EC
-2051.75,-583.5,0,EC
-2031.25,-583,0,EC
-1639.25,-572,0,EC
-1611.75,-564.5,0,EC
-1651.75,-565,0,EC
-2064.25,-562.5,0,EC
-2042.75,-552.5,0,EC
-1889.75,-538,0,EC
-1905.25,-536.5,0,EC
-1659.75,-536.5,0,EC
-1671.25,-527.5,0,EC
-1880.75,-511.5,0,EC
-1665.25,-512,0,EC
-1908.75,-494.5,0,EC
-1967.75,-489.5,0,EC
-1928.75,-468.5,0,EC
-1890.25,-463.5,0,EC
-1950.25,-456.5,0,EC
-1923.25,-444,0,EC
-1955.75,-443,0,EC
-1892.75,-435.5,0,EC
-2020.25,-421.5,0,EC
-1992.75,-423,0,EC
-1967.25,-424,0,EC
-1937.75,-416,0,EC
-1788.75,-413.5,0,EC
-1947.25,-398.5,0,EC
-2032.75,-401.5,0,EC
-1273.75,-400.5,0,EC
-1755.25,-387,0,EC
-2003.75,-399,0,EC
-1327.75,-388,0,EC
-1960.75,-372,0,EC
-1933.75,-371,0,EC
-1826.75,-376.5,0,EC
-2007.75,-378.5,0,EC
-1897.75,-374.5,0,EC
-1339.75,-375.5,0,EC
-1306.75,-374.5,0,EC
-1870.25,-362.5,0,EC
-2031.25,-361.5,0,EC
-1325.75,-360.5,0,EC
-1912.75,-359.5,0,EC
-1896.75,-357.5,0,EC
-1971.25,-358.5,0,EC
-1305.25,-354,0,EC
-1947.25,-357,0,EC
-1853.25,-354,0,EC
-1361.75,-352.5,0,EC
-1815.25,-349.5,0,EC
-1388.25,-345.5,0,EC
-2063.25,-348.5,0,EC
-1793.25,-348,0,EC
-1344.75,-346,0,EC
-2024.75,-346,0,EC
-2725.25,-337.5,0,EC
-2131.75,-334.5,0,EC
-2153.25,-331,0,EC
-2495.25,-337,0,EC
-2113.75,-334,0,EC
-2796.75,-329,0,EC
-2830.75,-323,0,EC
-2081.25,-330.5,0,EC
-2766.75,-328.5,0,EC
-2513.75,-327.5,0,EC
-2107.75,-319.5,0,EC
-2847.25,-317.5,0,EC
-2551.25,-316,0,EC
-2743.25,-315,0,EC
-2810.25,-315,0,EC
-2779.75,-309.5,0,EC
-2254.25,-307,0,EC
-2566.25,-306.5,0,EC
-2271.75,-301,0,EC
-2818.75,-295,0,EC
-2101.75,-295.5,0,EC
-2470.25,-291.5,0,EC
-2854.25,-283.5,0,EC
-2413.25,-265,0,EC
-2829.75,-273,0,EC
-2807.25,-271,0,EC
-2478.75,-270.5,0,EC
-2845.25,-268.5,0,EC
-2210.75,-266,0,EC
-2283.25,-259.5,0,EC
-2398.75,-253,0,EC
-2321.25,-244.5,0,EC
-2425.25,-235,0,EC
-2091.75,-245,0,EC
-2369.75,-242,0,EC
-2343.25,-247.5,0,EC
-2443.75,-239,0,EC
-2300.75,-224.5,0,EC
-2479.25,-234.5,0,EC
-2206.75,-231,0,EC
-2353.25,-227.5,0,EC
-2452.75,-224,0,EC
-2230.75,-228,0,EC
-2093.25,-222,0,EC
-2113.75,-218,0,EC
-2465.75,-212,0,EC
-2599.25,-213.5,0,EC
-2345.75,-209.5,0,EC
-2077.75,-206.5,0,EC
-2363.75,-206.5,0,EC
-2519.25,-201.5,0,EC
-2482.25,-190.5,0,EC
-2434.25,-197,0,EC
-2113.75,-200.5,0,EC
-2093.25,-198.5,0,EC
-2250.25,-188,0,EC
-2353.75,-195.5,0,EC
-2338.25,-194.5,0,EC
-2318.25,-193.5,0,EC
-2368.75,-191,0,EC
-2455.75,-190.5,0,EC
-2217.75,-187.5,0,EC
-2449.75,-180.5,0,EC
-2069.75,-180.5,0,EC
-2235.25,-184,0,EC
-2178.25,-180,0,EC
-2107.25,-178.5,0,EC
-2362.25,-177,0,EC
-2582.25,-176.5,0,EC
-2555.75,-176.5,0,EC
-2131.75,-170.5,0,EC
-2464.75,-171,0,EC
-2571.75,-171,0,EC
-2227.75,-162,0,EC
-2189.25,-163.5,0,EC
-2364.75,-162,0,EC
-2075.25,-156.5,0,EC
-2402.75,-159.5,0,EC
-2589.25,-158,0,EC
-2244.25,-154.5,0,EC
-2115.75,-154.5,0,EC
-2336.25,-147.5,0,EC
-2570.25,-150,0,EC
-2314.75,-151,0,EC
-2200.75,-146.5,0,EC
-2516.25,-142,0,EC
-2362.75,-138.5,0,EC
-2290.75,-149.5,0,EC
-2392.25,-150,0,EC
-2503.25,-149.5,0,EC
-2263.75,-137.5,0,EC
-2584.75,-142,0,EC
-2226.75,-139,0,EC
-2189.75,-137.5,0,EC
-2086.25,-139,0,EC
-2436.25,-131,0,EC
-2609.25,-130,0,EC
-2113.25,-135,0,EC
-2317.75,-129,0,EC
-2391.25,-127,0,EC
-2234.75,-126.5,0,EC
-2180.25,-122.5,0,EC
-2093.75,-126,0,EC
-2570.75,-122,0,EC
-2461.25,-119.5,0,EC
-2278.25,-126.5,0,EC
-2301.25,-123.5,0,EC
-2119.25,-124.5,0,EC
-2532.25,-117,0,EC
-2215.75,-121,0,EC
-2479.75,-117,0,EC
-2406.75,-118,0,EC
-2332.75,-117,0,EC
-2256.25,-111.5,0,EC
-2383.75,-114.5,0,EC
-2084.75,-101,0,EC
-2294.25,-110.5,0,EC
-2586.25,-93.5,0,EC
-2280.25,-110,0,EC
-2103.75,-107,0,EC
-2315.25,-110,0,EC
-2499.25,-107,0,EC
-2556.75,-100,0,EC
-2439.25,-104,0,EC
-2480.25,-96.5,0,EC
-2417.75,-99,0,EC
-2210.75,-96,0,EC
-2158.75,-101.5,0,EC
-2451.75,-96,0,EC
-2830.25,-94.5,0,EC
-2386.75,-92.5,0,EC
-2849.25,-90.5,0,EC
-2178.25,-91.5,0,EC
-2229.75,-85.5,0,EC
-2120.25,-87,0,EC
-2562.75,-77.5,0,EC
-2718.25,-84,0,EC
-2397.25,-82.5,0,EC
-2642.25,-79,0,EC
-2496.25,-81,0,EC
-2163.75,-82,0,EC
-2356.75,-82.5,0,EC
-2312.25,-76,0,EC
-2134.25,-74.5,0,EC
-2608.75,-77.5,0,EC
-2105.25,-77,0,EC
-2835.75,-76.5,0,EC
-2200.75,-73.5,0,EC
-2819.25,-73,0,EC
-2697.25,-73.5,0,EC
-2493.25,-66,0,EC
-2622.75,-65,0,EC
-2358.25,-69.5,0,EC
-2599.75,-67.5,0,EC
-2751.75,-67,0,EC
-2837.75,-64.5,0,EC
-2854.75,-64,0,EC
-2435.25,-61.5,0,EC
-2119.25,-63,0,EC
-2225.25,-64,0,EC
-2720.25,-50.5,0,EC
-2235.75,-53,0,EC
-2582.75,-56,0,EC
-2461.75,-54.5,0,EC
-2850.25,-49,0,EC
-2828.75,-52,0,EC
-2646.75,-50,0,EC
-2684.25,-47.5,0,EC
-2541.75,-39,0,EC
-2809.75,-43,0,EC
-2399.75,-48.5,0,EC
-2614.75,-47,0,EC
-2427.25,-47.5,0,EC
-2272.25,-45,0,EC
-2199.75,-44,0,EC
-2660.25,-35.5,0,EC
-2842.25,-39,0,EC
-2631.75,-37,0,EC
-2234.75,-38,0,EC
-2221.25,-32.5,0,EC
-2519.75,-37,0,EC
-2250.25,-31,0,EC
-2693.75,-28,0,EC
-2262.75,-30,0,EC
-2605.25,-28,0,EC
-2515.25,-25.5,0,EC
-2849.75,-20.5,0,EC
-2478.75,-28,0,EC
-2199.25,-19,0,EC
-2723.75,-22,0,EC
-2585.75,-13.5,0,EC
-2647.75,-19,0,EC
-2819.75,-11,0,EC
-2805.25,-14,0,EC
-2603.75,-7.5,0,EC
-2545.75,3.5,0,EC
-2481.25,-2.5,0,EC
-2647.75,4.5,0,EC
-2514.75,-3.5,0,EC
-2708.75,1,0,EC
-2558.75,-2,0,EC
-2862.75,6.5,0,EC
-2609.25,12.5,0,EC
-2811.75,10.5,0,EC
-2491.75,9.5,0,EC
-2519.25,14,0,EC
-2537.75,15.5,0,EC
-2250.75,17.5,0,EC
-2788.25,22,0,EC
-2588.75,20.5,0,EC
-2671.25,27,0,EC
-2510.25,22.5,0,EC
-2419.25,28,0,EC
-2633.75,27.5,0,EC
-2154.25,31,0,EC
-2777.25,32.5,0,EC
-2612.75,33,0,EC
-2736.25,36,0,EC
-2559.25,32.5,0,EC
-2077.25,32,0,EC
-2639.25,42,0,EC
-2125.25,40,0,EC
-2100.75,42,0,EC
-2601.25,41.5,0,EC
-2717.25,45,0,EC
-2582.75,44.5,0,EC
-2678.25,54.5,0,EC
-2537.75,54.5,0,EC
-2140.25,50.5,0,EC
-2087.25,60,0,EC
-2625.75,53,0,EC
-2561.25,53,0,EC
-2600.75,55,0,EC
-2576.25,64,0,EC
-2649.75,67.5,0,EC
-2159.75,60.5,0,EC
-2766.25,64,0,EC
-2589.25,69,0,EC
-2738.75,70.5,0,EC
-2502.25,73,0,EC
-2780.25,75.5,0,EC
-2616.25,74.5,0,EC
-2550.25,76,0,EC
-2067.25,76.5,0,EC
-2528.75,75.5,0,EC
-2107.75,81,0,EC
-2175.25,94.5,0,EC
-2756.25,77,0,EC
-2312.25,80.5,0,EC
-2428.75,82.5,0,EC
-2491.75,81,0,EC
-2279.75,86,0,EC
-2588.25,86.5,0,EC
-2125.25,86.5,0,EC
-2658.75,94.5,0,EC
-2636.25,88,0,EC
-2566.75,88.5,0,EC
-2483.25,99.5,0,EC
-2747.25,98,0,EC
-2213.75,95,0,EC
-2534.25,93.5,0,EC
-2720.25,97,0,EC
-2306.75,100,0,EC
-2626.75,100,0,EC
-2612.75,98,0,EC
-2414.75,99,0,EC
-2512.75,100.5,0,EC
-2548.25,109,0,EC
-2274.75,104,0,EC
-2223.25,115.5,0,EC
-2596.75,111,0,EC
-2783.25,110.5,0,EC
-2805.25,113.5,0,EC
-2113.25,112,0,EC
-2165.75,115,0,EC
-2715.25,114,0,EC
-2633.25,122.5,0,EC
-2355.25,126.5,0,EC
-2574.75,123.5,0,EC
-2326.25,124.5,0,EC
-2677.25,136,0,EC
-2293.75,125.5,0,EC
-2805.25,131,0,EC
-2786.25,128.5,0,EC
-2462.75,135,0,EC
-2260.75,135,0,EC
-2175.75,128.5,0,EC
-2524.25,138,0,EC
-2755.75,129.5,0,EC
-2207.25,137.5,0,EC
-2638.25,144.5,0,EC
-2860.25,137.5,0,EC
-2727.75,136.5,0,EC
-2289.75,138.5,0,EC
-2571.75,141,0,EC
-2388.75,138.5,0,EC
-2371.75,144,0,EC
-2597.75,138.5,0,EC
-2183.25,140,0,EC
-2240.25,149,0,EC
-2321.25,152.5,0,EC
-2732.75,160.5,0,EC
-2584.75,150.5,0,EC
-2338.25,150.5,0,EC
-2754.75,155,0,EC
-2611.25,154,0,EC
-2298.25,156.5,0,EC
-2546.75,162,0,EC
-2413.25,166.5,0,EC
-2497.75,163.5,0,EC
-2626.25,165,0,EC
-2694.25,168,0,EC
-2354.75,167.5,0,EC
-2716.25,177,0,EC
-2431.75,174,0,EC
-2326.75,175,0,EC
-2611.25,177,0,EC
-2272.25,177,0,EC
-2535.75,178.5,0,EC
-2751.25,189.5,0,EC
-2733.25,185,0,EC
-2513.25,185,0,EC
-2630.75,188.5,0,EC
-2360.75,189.5,0,EC
-2277.25,189,0,EC
-2665.75,191.5,0,EC
-2530.25,198,0,EC
-2346.75,201,0,EC
-2295.25,197.5,0,EC
-2391.25,202.5,0,EC
-2330.25,197,0,EC
-2419.75,203,0,EC
-2705.25,198.5,0,EC
-2508.75,205,0,EC
-2481.75,206,0,EC
-2617.25,212,0,EC
-2539.25,209,0,EC
-2316.75,204.5,0,EC
-2766.75,217,0,EC
-2754.25,207.5,0,EC
-2467.25,211,0,EC
-2681.75,208.5,0,EC
-2631.75,214,0,EC
-2822.75,221,0,EC
-2694.75,217.5,0,EC
-2412.25,215.5,0,EC
-2744.75,216.5,0,EC
-2666.75,216.5,0,EC
-2375.25,217,0,EC
-2656.25,224,0,EC
-2722.25,223,0,EC
-2450.75,225,0,EC
-2386.75,223.5,0,EC
-2779.75,229,0,EC
-2675.75,235,0,EC
-2755.75,243.5,0,EC
-2729.75,234,0,EC
-2429.25,244.5,0,EC
-2707.25,242.5,0,EC
-2819.25,256,0,EC
-2726.25,251.5,0,EC
-2785.75,249.5,0,EC
-2710.75,260,0,EC
-2649.25,259,0,EC
-2739.25,269,0,EC
-2845.75,267,0,EC
-2792.25,268,0,EC
-2830.25,274.5,0,EC
-2850.25,292,0,EC
-2791.25,283.5,0,EC
-2517.75,290.5,0,EC
-2819.25,291,0,EC
-2833.25,304,0,EC
-2805.25,307.5,0,EC
-2494.25,307,0,EC
-2450.75,310.5,0,EC
-2422.75,313.5,0,EC
-2550.25,347.5,0,EC
-2616.25,357,0,EC
-2449.25,358.5,0,EC
-2448.75,374,0,EC
-2413.25,373.5,0,EC
-2394.75,369,0,EC
-2521.25,369.5,0,EC
-2635.75,373.5,0,EC
-2560.25,372.5,0,EC
-2429.75,383.5,0,EC
-2490.75,379,0,EC
-2538.25,382.5,0,EC
-2376.25,383.5,0,EC
-2569.25,393.5,0,EC
-2357.75,398,0,EC
-2384.25,401,0,EC
-2523.75,401,0,EC
-2406.25,397.5,0,EC
-2334.75,407.5,0,EC
-2454.75,407.5,0,EC
-2473.75,413,0,EC
-2499.25,418.5,0,EC
-2444.75,421.5,0,EC
-2369.25,425,0,EC
-2610.25,421.5,0,EC
-2518.25,420,0,EC
-2407.75,421.5,0,EC
-2626.25,423,0,EC
-2664.25,426,0,EC
-2382.25,429,0,EC
-2345.25,426.5,0,EC
-2327.25,427,0,EC
-2687.25,432,0,EC
-2645.75,424.5,0,EC
-2534.25,428,0,EC
-2434.25,435,0,EC
-2461.75,433,0,EC
-2488.25,440,0,EC
-2520.25,441,0,EC
-2626.25,444,0,EC
-2472.75,455.5,0,EC
-2608.75,440.5,0,EC
-2407.75,447,0,EC
-2381.25,453,0,EC
-2563.75,455,0,EC
-1838.25,-338.5,0,EC
-1927.75,-338.5,0,EC
-1373.25,-329,0,EC
-1294.25,-331,0,EC
-1734.75,-317,0,EC
-1410.25,-328,0,EC
-1338.75,-326,0,EC
-1958.75,-318,0,EC
-1711.75,-311,0,EC
-1677.75,-315.5,0,EC
-1937.25,-317.5,0,EC
-1818.25,-313,0,EC
-1795.25,-315,0,EC
-1991.25,-313.5,0,EC
-1277.75,-309,0,EC
-1924.25,-306.5,0,EC
-1945.75,-306.5,0,EC
-1692.25,-303,0,EC
-1867.75,-301,0,EC
-1982.25,-298,0,EC
-1848.75,-296.5,0,EC
-2058.25,-293,0,EC
-1951.25,-289,0,EC
-1780.75,-290,0,EC
-1654.25,-295,0,EC
-1725.25,-287,0,EC
-1667.75,-288.5,0,EC
-1804.75,-282.5,0,EC
-1986.25,-278.5,0,EC
-1639.75,-283.5,0,EC
-1896.75,-279.5,0,EC
-1871.75,-280,0,EC
-1653.25,-282,0,EC
-2017.25,-276,0,EC
-1611.25,-269,0,EC
-1767.75,-272,0,EC
-1429.25,-270,0,EC
-1931.75,-270,0,EC
-1719.75,-259.5,0,EC
-1641.25,-269.5,0,EC
-1442.25,-268,0,EC
-1841.75,-269,0,EC
-2062.25,-266.5,0,EC
-2000.75,-263,0,EC
-1280.75,-265,0,EC
-1341.75,-262,0,EC
-2027.25,-264.5,0,EC
-1861.75,-258.5,0,EC
-2036.75,-255,0,EC
-1401.25,-250,0,EC
-1949.25,-248.5,0,EC
-1637.75,-250.5,0,EC
-1319.25,-248,0,EC
-1375.75,-247,0,EC
-1892.25,-243,0,EC
-2010.75,-239,0,EC
-1652.25,-236,0,EC
-2033.75,-238,0,EC
-1706.25,-215.5,0,EC
-1749.25,-229.5,0,EC
-1296.25,-231,0,EC
-1645.75,-228,0,EC
-1997.25,-229.5,0,EC
-2053.75,-219.5,0,EC
-1326.25,-216.5,0,EC
-1304.75,-220,0,EC
-1895.75,-213.5,0,EC
-1781.25,-218,0,EC
-1760.25,-218,0,EC
-1959.75,-205.5,0,EC
-1348.25,-212.5,0,EC
-1634.25,-209.5,0,EC
-1807.75,-209,0,EC
-1787.25,-200.5,0,EC
-1299.25,-192,0,EC
-1757.25,-198.5,0,EC
-1341.25,-197,0,EC
-1327.75,-186.5,0,EC
-2039.25,-184,0,EC
-1496.75,-174,0,EC
-1315.25,-169,0,EC
-2029.75,-168.5,0,EC
-1293.75,-160.5,0,EC
-1517.25,-163,0,EC
-1876.75,-160,0,EC
-1896.25,-159.5,0,EC
-1938.25,-153,0,EC
-1482.75,-154,0,EC
-1323.25,-148,0,EC
-1300.25,-142,0,EC
-1503.75,-144,0,EC
-1275.75,-128,0,EC
-1484.25,-132,0,EC
-1411.25,-132,0,EC
-1516.75,-131.5,0,EC
-1498.25,-123.5,0,EC
-1326.75,-124,0,EC
-1842.75,-112,0,EC
-1286.25,-115,0,EC
-1408.75,-112,0,EC
-1953.25,-95.5,0,EC
-1397.25,-107.5,0,EC
-1801.75,-103,0,EC
-1924.75,-100.5,0,EC
-2003.75,-97.5,0,EC
-2026.75,-92.5,0,EC
-1811.75,-93.5,0,EC
-1893.75,-92.5,0,EC
-1866.25,-90,0,EC
-1921.75,-88.5,0,EC
-1526.75,-82,0,EC
-1408.25,-86,0,EC
-1797.25,-73.5,0,EC
-1891.75,-75.5,0,EC
-1484.75,-76.5,0,EC
-1281.25,-70.5,0,EC
-1854.25,-69.5,0,EC
-1511.25,-66,0,EC
-1862.75,-62,0,EC
-1556.75,-65,0,EC
-1727.25,-60,0,EC
-2029.75,-57,0,EC
-1597.25,-54.5,0,EC
-1890.75,-41,0,EC
-1917.75,-51.5,0,EC
-1485.75,-50.5,0,EC
-1408.75,-43,0,EC
-1537.25,-50.5,0,EC
-1522.25,-47.5,0,EC
-1833.75,-45,0,EC
-1505.75,-49,0,EC
-1727.75,-31.5,0,EC
-2013.25,-41.5,0,EC
-1741.25,-44.5,0,EC
-1990.25,-36,0,EC
-1602.75,-38.5,0,EC
-1395.75,-35.5,0,EC
-1494.25,-37,0,EC
-2031.75,-33,0,EC
-1473.25,-29,0,EC
-1334.75,-23,0,EC
-1916.75,-25,0,EC
-1430.75,-29.5,0,EC
-1525.75,-23,0,EC
-2048.25,-28,0,EC
-1297.75,-21.5,0,EC
-1277.25,-22.5,0,EC
-1761.75,-18,0,EC
-1445.75,-16.5,0,EC
-1392.75,-23.5,0,EC
-2007.75,-21,0,EC
-1800.25,-11,0,EC
-1572.75,-16.5,0,EC
-1465.25,-12,0,EC
-1898.25,-13,0,EC
-1780.25,-8,0,EC
-1740.75,-1,0,EC
-1539.75,-4.5,0,EC
-1308.25,1,0,EC
-1718.25,-3,0,EC
-1330.75,9,0,EC
-1288.25,-0.5,0,EC
-1969.25,5,0,EC
-1482.75,1.5,0,EC
-1821.75,-0.5,0,EC
-1922.75,8,0,EC
-1618.25,13.5,0,EC
-1475.25,17.5,0,EC
-1734.25,18,0,EC
-1279.75,16.5,0,EC
-1758.25,25.5,0,EC
-1314.75,14.5,0,EC
-2017.25,30.5,0,EC
-1915.25,29,0,EC
-1931.75,37,0,EC
-1495.25,34,0,EC
-1273.25,34,0,EC
-1857.25,37.5,0,EC
-1820.25,41.5,0,EC
-1327.75,42,0,EC
-1964.75,47,0,EC
-1747.75,47.5,0,EC
-2062.25,49,0,EC
-1312.25,49.5,0,EC
-1861.25,52,0,EC
-2003.25,62,0,EC
-1595.25,52.5,0,EC
-1772.75,65,0,EC
-2023.25,58,0,EC
-1348.75,57.5,0,EC
-1889.25,66,0,EC
-2044.75,67,0,EC
-1966.75,65,0,EC
-1865.75,67.5,0,EC
-1310.75,69,0,EC
-2037.75,84.5,0,EC
-1905.75,90,0,EC
-1329.25,88,0,EC
-1796.75,99,0,EC
-1330.75,106,0,EC
-1937.75,120,0,EC
-1798.25,122.5,0,EC
-1587.25,123,0,EC
-1916.75,129.5,0,EC
-1959.25,128.5,0,EC
-1944.25,137.5,0,EC
-1810.25,136,0,EC
-1843.75,143.5,0,EC
-1287.75,145,0,EC
-1875.75,152,0,EC
-1620.25,158,0,EC
-1893.75,160,0,EC
-1576.75,158,0,EC
-1551.25,156.5,0,EC
-1531.75,166.5,0,EC
-1434.25,167.5,0,EC
-1319.25,167.5,0,EC
-1574.25,175.5,0,EC
-1558.25,177.5,0,EC
-1511.75,179.5,0,EC
-1486.25,175.5,0,EC
-1433.25,192,0,EC
-1454.75,183.5,0,EC
-1470.75,191.5,0,EC
-1371.75,193.5,0,EC
-1540.75,188.5,0,EC
-1576.25,197.5,0,EC
-1511.75,204,0,EC
-1397.75,199.5,0,EC
-1350.25,204,0,EC
-1948.75,204,0,EC
-1558.25,207,0,EC
-1434.75,209.5,0,EC
-1822.25,218.5,0,EC
-1610.75,222.5,0,EC
-1409.25,219,0,EC
-1290.75,223,0,EC
-1592.25,220,0,EC
-1319.25,223,0,EC
-1902.75,229.5,0,EC
-1424.75,231.5,0,EC
-1832.25,233.5,0,EC
-1560.75,238.5,0,EC
-1571.25,247.5,0,EC
-1720.25,242.5,0,EC
-1374.25,243,0,EC
-1457.25,246.5,0,EC
-1847.25,260,0,EC
-1546.75,255,0,EC
-1384.75,250.5,0,EC
-1730.25,265,0,EC
-1506.25,259,0,EC
-1530.25,266.5,0,EC
-1487.75,268.5,0,EC
-1342.75,267.5,0,EC
-1838.25,270.5,0,EC
-1456.25,279,0,EC
-1746.25,277,0,EC
-1823.75,284.5,0,EC
-1322.25,283,0,EC
-1876.25,286.5,0,EC
-1857.25,286.5,0,EC
-1550.75,292,0,EC
-1753.75,291.5,0,EC
-1359.75,291.5,0,EC
-1839.25,289.5,0,EC
-1494.75,291.5,0,EC
-1407.75,290,0,EC
-1803.75,295.5,0,EC
-1448.25,297,0,EC
-1775.25,302.5,0,EC
-1885.25,313.5,0,EC
-1846.75,301.5,0,EC
-1903.75,325.5,0,EC
-1413.25,310.5,0,EC
-1795.75,313.5,0,EC
-1478.25,328.5,0,EC
-1425.75,327,0,EC
-1301.25,332,0,EC
-1920.75,343,0,EC
-1884.25,343,0,EC
-1895.25,353.5,0,EC
-1466.75,353,0,EC
-1481.25,356.5,0,EC
-1291.25,354.5,0,EC
-1911.25,368,0,EC
-1439.75,369.5,0,EC
-1370.25,376,0,EC
-1390.75,383.5,0,EC
-1355.25,379,0,EC
-1933.75,390,0,EC
-1470.25,388,0,EC
-1410.75,384.5,0,EC
-1436.25,389.5,0,EC
-1878.75,401.5,0,EC
-1487.75,399,0,EC
-1412.25,407,0,EC
-1804.75,418.5,0,EC
-1775.25,416,0,EC
-1488.25,417,0,EC
-1378.75,438.5,0,EC
-1719.75,425.5,0,EC
-1760.75,425,0,EC
-1948.75,429.5,0,EC
-1782.75,428,0,EC
-1815.75,432.5,0,EC
-1402.75,436.5,0,EC
-1917.25,447,0,EC
-1801.75,447.5,0,EC
-1875.25,443.5,0,EC
-1895.25,443,0,EC
-1777.75,448.5,0,EC
-1390.25,448.5,0,EC
-1740.75,449.5,0,EC
-1820.25,453.5,0,EC
-687.25,-340.5,0,EC
-662.25,-341.5,0,EC
-537.25,-335,0,EC
-944.25,-340.5,0,EC
-571.25,-336.5,0,EC
-628.25,-333.5,0,EC
-546.25,-335,0,EC
-1192.75,-329.5,0,EC
-673.25,-323,0,EC
-1251.25,-321.5,0,EC
-586.75,-318.5,0,EC
-556.25,-322.5,0,EC
-1099.75,-317,0,EC
-662.75,-312.5,0,EC
-1260.25,-309,0,EC
-972.75,-305,0,EC
-1117.25,-294,0,EC
-919.75,-305.5,0,EC
-1021.75,-301,0,EC
-1207.25,-303.5,0,EC
-1234.25,-303.5,0,EC
-1096.75,-305.5,0,EC
-716.75,-301.5,0,EC
-596.75,-300.5,0,EC
-1056.75,-291.5,0,EC
-542.75,-298.5,0,EC
-679.25,-294,0,EC
-907.75,-291,0,EC
-1257.75,-285.5,0,EC
-964.25,-282,0,EC
-712.75,-282.5,0,EC
-551.25,-282,0,EC
-601.25,-281,0,EC
-979.25,-275.5,0,EC
-618.75,-275,0,EC
-1220.75,-277,0,EC
-607.25,-269.5,0,EC
-576.25,-269.5,0,EC
-1029.25,-262,0,EC
-1077.75,-254,0,EC
-1032.25,-241.5,0,EC
-973.25,-244,0,EC
-534.25,-243,0,EC
-610.25,-236.5,0,EC
-562.75,-236.5,0,EC
-996.75,-237.5,0,EC
-932.25,-237.5,0,EC
-956.75,-227,0,EC
-536.25,-230,0,EC
-1018.25,-226.5,0,EC
-595.25,-224,0,EC
-546.25,-227,0,EC
-506.75,-224.5,0,EC
-1000.25,-220,0,EC
-929.75,-217,0,EC
-620.75,-216.5,0,EC
-480.75,-212,0,EC
-1076.25,-205,0,EC
-1018.25,-210.5,0,EC
-960.75,-210,0,EC
-992.75,-205.5,0,EC
-496.75,-196.5,0,EC
-934.25,-198,0,EC
-962.25,-182,0,EC
-1056.25,-192.5,0,EC
-650.75,-185.5,0,EC
-1038.25,-178,0,EC
-982.25,-172.5,0,EC
-653.25,-172,0,EC
-692.75,-157.5,0,EC
-522.25,-161.5,0,EC
-949.25,-153.5,0,EC
-482.75,-155.5,0,EC
-720.25,-151,0,EC
-687.25,-141,0,EC
-468.25,-143,0,EC
-974.25,-150,0,EC
-758.75,-147,0,EC
-657.25,-150,0,EC
-738.25,-133,0,EC
-787.25,-138,0,EC
-1240.25,-128,0,EC
-726.25,-132.5,0,EC
-654.75,-130.5,0,EC
-956.25,-122.5,0,EC
-643.25,-124.5,0,EC
-886.25,-123,0,EC
-1217.25,-118.5,0,EC
-701.25,-123.5,0,EC
-930.75,-116.5,0,EC
-487.25,-118.5,0,EC
-845.75,-120.5,0,EC
-868.75,-110.5,0,EC
-655.75,-113.5,0,EC
-642.25,-98,0,EC
-553.25,-105,0,EC
-526.75,-100.5,0,EC
-477.25,-97,0,EC
-1242.75,-94,0,EC
-1223.75,-89.5,0,EC
-685.25,-89.5,0,EC
-501.25,-89.5,0,EC
-1207.75,-86.5,0,EC
-533.25,-77.5,0,EC
-514.25,-79.5,0,EC
-551.75,-77,0,EC
-1214.75,-75.5,0,EC
-1247.75,-64,0,EC
-643.75,-68,0,EC
-622.25,-67.5,0,EC
-757.75,-62.5,0,EC
-690.25,-62.5,0,EC
-656.75,-64.5,0,EC
-557.75,-59,0,EC
-1231.25,-36,0,EC
-1211.75,-45.5,0,EC
-496.75,-49.5,0,EC
-1242.75,-43.5,0,EC
-747.75,-35,0,EC
-545.25,-38.5,0,EC
-517.25,-42.5,0,EC
-654.75,-36,0,EC
-528.75,-35,0,EC
-1263.75,-28,0,EC
-1205.75,-26.5,0,EC
-632.25,-25.5,0,EC
-475.25,-24,0,EC
-587.25,-14,0,EC
-735.25,-21,0,EC
-646.75,-17,0,EC
-754.75,-13.5,0,EC
-1219.75,-8.5,0,EC
-633.25,-7,0,EC
-1200.25,8,0,EC
-613.75,-2.5,0,EC
-733.75,-2,0,EC
-721.25,5.5,0,EC
-712.25,5,0,EC
-551.25,20,0,EC
-624.75,14.5,0,EC
-809.75,26.5,0,EC
-583.75,29.5,0,EC
-1202.25,32,0,EC
-595.25,37.5,0,EC
-645.75,47.5,0,EC
-574.75,41.5,0,EC
-1213.25,48,0,EC
-688.25,42.5,0,EC
-616.25,57,0,EC
-604.25,51,0,EC
-699.25,55,0,EC
-1262.25,68.5,0,EC
-642.25,68.5,0,EC
-673.25,65,0,EC
-494.75,68,0,EC
-589.25,72,0,EC
-687.25,72,0,EC
-618.25,82.5,0,EC
-515.75,76,0,EC
-768.75,86.5,0,EC
-902.75,89.5,0,EC
-581.75,95,0,EC
-1265.25,93.5,0,EC
-817.25,99,0,EC
-760.75,103.5,0,EC
-625.25,97,0,EC
-648.75,108.5,0,EC
-1209.25,108.5,0,EC
-1226.25,107,0,EC
-783.25,110.5,0,EC
-1258.25,120,0,EC
-556.75,112,0,EC
-710.25,115,0,EC
-690.25,118,0,EC
-752.75,122.5,0,EC
-471.75,125.5,0,EC
-1219.25,124,0,EC
-576.75,122.5,0,EC
-794.75,126.5,0,EC
-1183.75,127.5,0,EC
-594.25,125,0,EC
-716.25,139,0,EC
-1204.25,131,0,EC
-521.25,138.5,0,EC
-1258.75,145.5,0,EC
-639.75,148.5,0,EC
-1156.75,144,0,EC
-1244.25,146.5,0,EC
-904.75,155,0,EC
-775.75,156.5,0,EC
-946.75,155.5,0,EC
-472.25,159,0,EC
-540.25,165,0,EC
-798.25,159.5,0,EC
-489.25,171.5,0,EC
-741.25,176,0,EC
-636.25,165,0,EC
-666.25,167.5,0,EC
-943.25,175,0,EC
-769.25,176,0,EC
-902.75,181.5,0,EC
-926.25,182,0,EC
-498.25,190,0,EC
-943.25,198.5,0,EC
-890.25,196.5,0,EC
-1164.75,199.5,0,EC
-922.75,203,0,EC
-1203.25,210.5,0,EC
-890.25,214.5,0,EC
-1177.75,224.5,0,EC
-491.75,223.5,0,EC
-715.25,241,0,EC
-484.75,243,0,EC
-1209.25,240,0,EC
-506.25,243,0,EC
-1157.75,247,0,EC
-1186.75,256.5,0,EC
-1162.25,261,0,EC
-1196.75,274.5,0,EC
-1155.75,282,0,EC
-1246.25,289,0,EC
-1140.25,296,0,EC
-499.25,298,0,EC
-1178.25,298,0,EC
-1159.25,298,0,EC
-527.25,296.5,0,EC
-1235.75,302,0,EC
-599.75,310.5,0,EC
-1118.75,307,0,EC
-532.25,319,0,EC
-1032.75,319.5,0,EC
-570.25,325,0,EC
-1117.25,325,0,EC
-1237.75,329.5,0,EC
-683.25,334,0,EC
-650.75,338,0,EC
-1027.25,335.5,0,EC
-1075.75,337.5,0,EC
-626.75,341.5,0,EC
-669.25,340,0,EC
-1235.75,343.5,0,EC
-1262.25,346,0,EC
-692.75,353,0,EC
-714.75,358.5,0,EC
-668.75,358,0,EC
-578.25,366.5,0,EC
-596.75,368.5,0,EC
-1246.25,368,0,EC
-542.25,386,0,EC
-663.25,381,0,EC
-615.75,384,0,EC
-568.75,382.5,0,EC
-685.75,387,0,EC
-512.25,390.5,0,EC
-706.25,398.5,0,EC
-562.25,393,0,EC
-491.25,402.5,0,EC
-663.75,396.5,0,EC
-637.25,395.5,0,EC
-935.25,399.5,0,EC
-730.75,406.5,0,EC
-518.25,401,0,EC
-952.25,403.5,0,EC
-756.75,405,0,EC
-477.75,413.5,0,EC
-1243.75,419,0,EC
-741.75,414,0,EC
-880.25,425.5,0,EC
-532.25,415,0,EC
-933.75,421.5,0,EC
-830.25,422.5,0,EC
-618.25,426.5,0,EC
-1253.75,429.5,0,EC
-701.25,433.5,0,EC
-642.75,431,0,EC
-749.75,428,0,EC
-543.25,433.5,0,EC
-680.25,433,0,EC
-1244.25,434.5,0,EC
-944.25,435.5,0,EC
-769.75,445,0,EC
-475.25,443.5,0,EC
-892.25,439.5,0,EC
-626.75,443,0,EC
-726.75,443.5,0,EC
-657.25,448,0,EC
-574.25,446,0,EC
-593.25,445.5,0,EC
-560.25,445.5,0,EC
-690.75,448,0,EC
-673.25,451.5,0,EC
1131.75,-340,0,EC
868.75,-341.5,0,EC
844.25,-331.5,0,EC
335.75,-324,0,EC
870.75,-316,0,EC
847.25,-317,0,EC
423.25,-303.5,0,EC
878.75,-299.5,0,EC
896.25,-280.5,0,EC
851.75,-257,0,EC
899.75,-259.5,0,EC
897.75,-237,0,EC
862.25,-214.5,0,EC
898.25,-216,0,EC
912.75,-187.5,0,EC
424.25,-25,0,EC
385.75,-19.5,0,EC
450.25,1,0,EC
542.75,44.5,0,EC
532.75,75.5,0,EC
556.75,71.5,0,EC
342.25,79.5,0,EC
541.75,107.5,0,EC
517.75,108,0,EC
568.75,150.5,0,EC
549.75,155.5,0,EC
542.25,178.5,0,EC
568.25,180.5,0,EC
587.75,180.5,0,EC
812.75,188.5,0,EC
496.75,189.5,0,EC
822.25,199,0,EC
790.75,194,0,EC
479.25,199,0,EC
597.25,202,0,EC
573.25,205.5,0,EC
611.25,203.5,0,EC
789.75,207.5,0,EC
833.75,213,0,EC
621.25,231.5,0,EC
863.25,223,0,EC
846.75,220.5,0,EC
592.75,238,0,EC
854.25,241.5,0,EC
774.75,242.5,0,EC
349.25,241.5,0,EC
794.25,252.5,0,EC
854.75,257.5,0,EC
583.25,257.5,0,EC
779.25,258,0,EC
385.75,262,0,EC
855.25,273,0,EC
794.75,276,0,EC
861.75,292,0,EC
381.75,295,0,EC
402.75,300.5,0,EC
799.75,298.5,0,EC
340.75,311.5,0,EC
856.75,310,0,EC
799.25,329.5,0,EC
811.75,319.5,0,EC
404.75,326,0,EC
858.75,346,0,EC
509.75,330.5,0,EC
430.25,339,0,EC
454.75,340.5,0,EC
406.25,339,0,EC
379.25,361.5,0,EC
404.25,360,0,EC
438.75,355,0,EC
341.75,354,0,EC
809.25,358.5,0,EC
368.25,366.5,0,EC
807.25,377.5,0,EC
382.75,380,0,EC
821.75,385.5,0,EC
858.25,395,0,EC
334.25,396,0,EC
806.25,408.5,0,EC
707.75,410.5,0,EC
853.75,427,0,EC
400.75,422,0,EC
361.25,424.5,0,EC
810.75,425,0,EC
796.25,452.5,0,EC
842.75,452.5,0,EC
376.75,450,0,EC
389.75,451.5,0,EC
2326.75,-879.5,0,EC
2128.25,-858,0,EC
2071.75,-847,0,EC
2142.75,-848.5,0,EC
2180.75,-850.5,0,EC
2088.25,-833.5,0,EC
2076.25,-831,0,EC
1960.25,-753,0,EC
1994.75,-748.5,0,EC
1969.75,-734,0,EC
2467.25,-717,0,EC
2047.25,-707,0,EC
2033.75,-699.5,0,EC
2010.75,-682,0,EC
1988.75,-669,0,EC
1962.75,-642.5,0,EC
1991.75,-641.5,0,EC
1952.25,-625.5,0,EC
1939.75,-579.5,0,EC
1191.75,-331.5,0,EC
1219.75,-332.5,0,EC
1655.75,-333,0,EC
1158.75,-314.5,0,EC
1183.25,-315,0,EC
1222.75,-308.5,0,EC
1629.25,-295,0,EC
1173.25,-294,0,EC
1223.75,-287.5,0,EC
1181.75,-259,0,EC
1683.25,-267,0,EC
1221.75,-260.5,0,EC
1215.25,-248,0,EC
1206.75,-227,0,EC
1639.25,-201.5,0,EC
1620.75,-178.5,0,EC
1157.75,-160.5,0,EC
1554.75,-157.5,0,EC
1624.75,-153.5,0,EC
1674.75,-148.5,0,EC
1182.75,-145,0,EC
1275.25,-138,0,EC
1709.75,-139.5,0,EC
1727.25,-104.5,0,EC
1754.75,-75,0,EC
1672.25,-79,0,EC
1725.25,-75.5,0,EC
1782.75,-71.5,0,EC
1192.25,-70,0,EC
1775.75,-51.5,0,EC
1735.75,-42,0,EC
1759.25,-41,0,EC
1787.75,-36,0,EC
1684.75,-26,0,EC
1742.75,-26.5,0,EC
1765.75,-15,0,EC
1219.75,0.5,0,EC
1206.75,4.5,0,EC
1286.25,3,0,EC
1259.75,18,0,EC
1214.25,25.5,0,EC
1255.25,45.5,0,EC
1779.75,46.5,0,EC
1226.75,65,0,EC
1773.25,59.5,0,EC
1198.75,65.5,0,EC
1260.75,77,0,EC
1204.25,80,0,EC
1222.75,91,0,EC
1211.25,108.5,0,EC
1159.25,102.5,0,EC
1278.75,114,0,EC
1806.75,123.5,0,EC
1196.75,136.5,0,EC
1286.25,139,0,EC
1812.75,144,0,EC
1203.25,168.5,0,EC
1357.25,153,0,EC
1283.25,171,0,EC
1850.25,169,0,EC
1861.75,183.5,0,EC
1217.25,196.5,0,EC
1278.25,206.5,0,EC
1227.25,212.5,0,EC
1869.75,210.5,0,EC
1246.75,209.5,0,EC
1274.75,232.5,0,EC
1286.75,234,0,EC
1901.75,239.5,0,EC
1219.25,242,0,EC
1295.75,254.5,0,EC
1271.25,249,0,EC
1912.75,251,0,EC
1852.25,265,0,EC
1272.75,265.5,0,EC
1258.75,274.5,0,EC
1353.25,271,0,EC
1231.25,281,0,EC
1285.25,288.5,0,EC
1868.75,283,0,EC
1844.25,281.5,0,EC
1238.25,298,0,EC
1849.25,306,0,EC
1220.75,314.5,0,EC
1243.25,321,0,EC
1283.75,333,0,EC
1270.75,332,0,EC
1220.25,336.5,0,EC
1297.75,345,0,EC
1869.75,347,0,EC
1252.75,349,0,EC
1852.75,367.5,0,EC
1260.75,375.5,0,EC
1302.25,382,0,EC
1264.75,402.5,0,EC
1301.75,402.5,0,EC
1857.25,407,0,EC
1297.75,421,0,EC
1781.75,419,0,EC
1833.25,421.5,0,EC
1270.25,440,0,EC
1845.25,433.5,0,EC
1252.25,428.5,0,EC
1312.25,442.5,0,EC
-432.25,465,0,EC
-206.25,468.5,0,EC
172.75,483.5,0,EC
-431.25,491.5,0,EC
-186.75,480,0,EC
-28.25,482.5,0,EC
-453.25,488,0,EC
198.25,489,0,EC
307.25,489,0,EC
263.25,496.5,0,EC
-412.25,523,0,EC
298.25,527.5,0,EC
319.75,525,0,EC
-437.75,542,0,EC
208.75,542.5,0,EC
281.75,550.5,0,EC
303.75,565,0,EC
122.25,581,0,EC
284.25,588,0,EC
-418.75,587.5,0,EC
333.25,599.5,0,EC
-464.75,612,0,EC
323.25,608.5,0,EC
138.25,617.5,0,EC
281.25,611,0,EC
119.75,634,0,EC
325.25,632,0,EC
294.25,637.5,0,EC
-381.75,636.5,0,EC
-362.75,641,0,EC
84.75,644.5,0,EC
-428.25,647,0,EC
330.75,650.5,0,EC
-383.75,659.5,0,EC
-338.75,654,0,EC
-417.75,667,0,EC
-443.25,665.5,0,EC
99.25,683.5,0,EC
311.75,682,0,EC
-405.25,704,0,EC
-368.75,707,0,EC
73.25,717.5,0,EC
327.25,713.5,0,EC
-425.25,714.5,0,EC
2.75,718,0,EC
-440.75,718,0,EC
-425.25,736.5,0,EC
-451.75,743.5,0,EC
0.75,745,0,EC
252.25,754,0,EC
126.75,763.5,0,EC
232.75,770.5,0,EC
106.75,770,0,EC
272.25,774.5,0,EC
203.25,785.5,0,EC
257.25,783.5,0,EC
225.75,791,0,EC
311.25,793.5,0,EC
166.25,802.5,0,EC
230.25,818,0,EC
-174.75,821,0,EC
177.75,829.5,0,EC
-191.25,827,0,EC
309.25,828.5,0,EC
325.25,831.5,0,EC
138.25,832.5,0,EC
-187.75,840.5,0,EC
153.75,838.5,0,EC
207.75,841.5,0,EC
132.25,842,0,EC
-170.75,843,0,EC
-143.75,847,0,EC
98.75,849.5,0,EC
290.75,853,0,EC
112.25,854.5,0,EC
-194.25,871,0,EC
278.75,867,0,EC
-82.25,870.5,0,EC
-171.75,872.5,0,EC
-112.75,877.5,0,EC
178.25,872.5,0,EC
-129.75,889,0,EC
128.25,879.5,0,EC
-71.75,884,0,EC
-225.75,887,0,EC
-161.75,889,0,EC
138.25,885.5,0,EC
260.75,891.5,0,EC
-196.75,902.5,0,EC
-169.75,912,0,EC
-226.75,899.5,0,EC
-148.25,901.5,0,EC
78.25,901,0,EC
-102.25,906,0,EC
-46.75,913,0,EC
-232.25,921.5,0,EC
-70.75,926.5,0,EC
-185.25,936,0,EC
-246.25,930.5,0,EC
-215.75,929.5,0,EC
-422.75,944.5,0,EC
-388.25,950.5,0,EC
-405.75,958,0,EC
-145.75,959,0,EC
-20.25,961.5,0,EC
-186.75,978.5,0,EC
-450.75,964.5,0,EC
-378.75,962.5,0,EC
251.75,965,0,EC
-420.25,962,0,EC
-8.25,968,0,EC
122.75,967.5,0,EC
-427.75,972,0,EC
-54.75,976.5,0,EC
-384.75,974,0,EC
-159.75,985,0,EC
-405.25,984.5,0,EC
-232.75,987.5,0,EC
-210.25,993,0,EC
-105.75,989.5,0,EC
-442.25,991.5,0,EC
-130.75,991.5,0,EC
-50.75,992.5,0,EC
-419.25,1003,0,EC
234.75,1015.5,0,EC
-119.25,1017.5,0,EC
-190.75,1016,0,EC
-213.75,1016,0,EC
-267.75,1022,0,EC
-287.75,1024,0,EC
271.75,1019,0,EC
325.75,1029.5,0,EC
194.25,1027.5,0,EC
-145.25,1030,0,EC
180.75,1031.5,0,EC
-252.25,1034,0,EC
286.25,1039.5,0,EC
220.25,1040,0,EC
-278.25,1051,0,EC
-251.75,1058,0,EC
282.75,1065.5,0,EC
-175.25,1073,0,EC
233.75,1070.5,0,EC
-280.25,1073,0,EC
-259.75,1081.5,0,EC
-242.25,1080,0,EC
-213.25,1087.5,0,EC
-154.75,1080,0,EC
-150.25,1092.5,0,EC
231.75,1099.5,0,EC
193.75,1091.5,0,EC
-126.25,1101,0,EC
-192.75,1095,0,EC
-250.25,1098,0,EC
-167.75,1096.5,0,EC
-109.75,1095.5,0,EC
-221.25,1105.5,0,EC
209.25,1105.5,0,EC
-158.75,1108,0,EC
183.25,1113,0,EC
-180.75,1114.5,0,EC
165.75,1110.5,0,EC
285.25,1111,0,EC
-232.75,1115.5,0,EC
-202.75,1124.5,0,EC
-254.25,1131,0,EC
-276.75,1132,0,EC
160.75,1126,0,EC
-231.75,1133,0,EC
-46.25,1129.5,0,EC
-186.75,1137,0,EC
-159.25,1139.5,0,EC
-306.75,1145.5,0,EC
181.25,1147,0,EC
-288.25,1153.5,0,EC
-248.75,1151.5,0,EC
-146.25,1155,0,EC
-333.25,1162.5,0,EC
-203.75,1155.5,0,EC
-170.25,1171.5,0,EC
-275.75,1164.5,0,EC
-255.75,1165,0,EC
-352.75,1172,0,EC
-193.25,1173.5,0,EC
-279.25,1175.5,0,EC
-257.25,1178.5,0,EC
-145.75,1186.5,0,EC
-313.75,1185,0,EC
-350.25,1190.5,0,EC
-4.75,1195,0,EC
-265.75,1200.5,0,EC
-55.75,1194.5,0,EC
-168.75,1202.5,0,EC
-117.25,1206,0,EC
-297.25,1204,0,EC
-329.75,1214.5,0,EC
-281.25,1215,0,EC
-69.75,1219.5,0,EC
-247.25,1218,0,EC
-368.75,1226,0,EC
-151.25,1225,0,EC
-107.75,1230,0,EC
-260.75,1230,0,EC
-127.25,1230,0,EC
-85.75,1238,0,EC
-187.75,1230,0,EC
-167.75,1235.5,0,EC
-296.75,1242,0,EC
-255.75,1242,0,EC
-95.25,1243.5,0,EC
-192.25,1249,0,EC
-160.25,1251,0,EC
-323.25,1253,0,EC
-273.25,1254.5,0,EC
280.25,1254.5,0,EC
-101.25,1257,0,EC
-1764.75,463.5,0,EC
-1788.75,461.5,0,EC
-1720.75,467,0,EC
-1904.25,471,0,EC
-1737.25,472,0,EC
-1405.25,475,0,EC
-1844.25,483.5,0,EC
-1819.25,488.5,0,EC
-1740.25,491,0,EC
-1928.25,490.5,0,EC
-1400.25,500,0,EC
-1383.75,497,0,EC
-1798.75,503,0,EC
-1910.25,499.5,0,EC
-1858.75,496.5,0,EC
-1926.75,504.5,0,EC
-1733.25,512.5,0,EC
-1778.25,518.5,0,EC
-1858.25,518,0,EC
-1915.25,524,0,EC
-1755.25,539,0,EC
-1726.25,528,0,EC
-1894.25,533,0,EC
-1307.25,536.5,0,EC
-1783.25,542.5,0,EC
-1876.25,546,0,EC
-1284.75,540.5,0,EC
-1730.25,544.5,0,EC
-1319.25,547.5,0,EC
-1896.25,557,0,EC
-1854.25,553,0,EC
-1840.75,554.5,0,EC
-1719.75,558,0,EC
-1286.75,558.5,0,EC
-1400.25,559.5,0,EC
-1769.25,560,0,EC
-1425.75,575.5,0,EC
-1853.75,572.5,0,EC
-1725.25,571,0,EC
-1837.25,576,0,EC
-1337.75,573,0,EC
-1309.25,573.5,0,EC
-1267.25,575.5,0,EC
-1389.75,585,0,EC
-1856.25,594.5,0,EC
-1281.25,586.5,0,EC
-1935.25,597,0,EC
-1836.75,595.5,0,EC
-1301.25,612,0,EC
-1852.25,629.5,0,EC
-1834.25,615,0,EC
-1908.25,636,0,EC
-1429.75,627,0,EC
-1520.25,650,0,EC
-1331.25,631.5,0,EC
-1826.75,639.5,0,EC
-1362.75,645,0,EC
-1340.75,657.5,0,EC
-1911.25,669,0,EC
-1794.75,666,0,EC
-1318.75,669.5,0,EC
-1368.25,672,0,EC
-1488.75,684,0,EC
-1342.75,690,0,EC
-1382.25,696.5,0,EC
-1497.25,708.5,0,EC
-1386.75,717,0,EC
-1368.25,727.5,0,EC
-1510.75,721.5,0,EC
-1269.75,734,0,EC
-1336.25,735.5,0,EC
-1421.25,733,0,EC
-1618.25,745,0,EC
-1497.75,742,0,EC
-1512.75,748.5,0,EC
-1588.75,746.5,0,EC
-1459.75,753,0,EC
-1290.75,751.5,0,EC
-1990.25,751.5,0,EC
-1679.75,753.5,0,EC
-1642.75,756.5,0,EC
-1273.25,761,0,EC
-1482.75,758,0,EC
-2000.25,767.5,0,EC
-1992.75,780.5,0,EC
-1598.75,767,0,EC
-1641.25,775.5,0,EC
-1618.75,783.5,0,EC
-1505.25,782,0,EC
-1554.75,777,0,EC
-1670.75,808.5,0,EC
-1555.75,802,0,EC
-2005.75,810,0,EC
-1652.25,805.5,0,EC
-1983.75,808.5,0,EC
-2060.25,811,0,EC
-2023.25,821,0,EC
-1693.25,824.5,0,EC
-1386.25,819.5,0,EC
-1649.25,827.5,0,EC
-1413.75,832,0,EC
-1686.25,838,0,EC
-2047.25,838.5,0,EC
-1628.25,837,0,EC
-1793.25,845.5,0,EC
-1671.25,848,0,EC
-1649.75,849.5,0,EC
-2032.25,856.5,0,EC
-1684.75,859.5,0,EC
-1632.25,877.5,0,EC
-2058.75,862.5,0,EC
-1717.25,866.5,0,EC
-1794.25,867,0,EC
-1932.75,870.5,0,EC
-1325.25,877.5,0,EC
-1665.75,880.5,0,EC
-1735.75,883.5,0,EC
-1686.75,884,0,EC
-1705.25,888.5,0,EC
-1775.25,889.5,0,EC
-1960.75,889.5,0,EC
-1941.25,890.5,0,EC
-1812.75,887,0,EC
-1799.75,894,0,EC
-2050.25,893,0,EC
-1924.25,893,0,EC
-1588.75,904,0,EC
-1644.75,912,0,EC
-1622.25,910.5,0,EC
-1326.25,908.5,0,EC
-2065.25,915,0,EC
-1774.75,909.5,0,EC
-1666.75,920.5,0,EC
-1935.25,923.5,0,EC
-1680.25,926,0,EC
-1875.25,927.5,0,EC
-1596.75,933,0,EC
-1792.75,946,0,EC
-1867.75,945,0,EC
-1617.75,942.5,0,EC
-1928.25,944.5,0,EC
-1888.25,947.5,0,EC
-1675.75,947.5,0,EC
-1349.25,947.5,0,EC
-1653.75,950.5,0,EC
-2043.25,960,0,EC
-2006.75,955,0,EC
-1690.75,958,0,EC
-1591.75,964.5,0,EC
-1612.75,960.5,0,EC
-1868.25,966.5,0,EC
-1918.75,964.5,0,EC
-1902.75,967.5,0,EC
-1675.25,968.5,0,EC
-1356.25,970,0,EC
-1371.75,982,0,EC
-1659.25,981,0,EC
-1686.25,986.5,0,EC
-1316.75,980.5,0,EC
-1635.25,983.5,0,EC
-1362.25,1009,0,EC
-1513.75,1005.5,0,EC
-1647.75,1005.5,0,EC
-1957.25,1010,0,EC
-1680.25,1011,0,EC
-1752.75,1015,0,EC
-1930.25,1018,0,EC
-1912.25,1019.5,0,EC
-1452.75,1018,0,EC
-1528.25,1026.5,0,EC
-1460.75,1034,0,EC
-1305.25,1046,0,EC
-1283.75,1037.5,0,EC
-1437.75,1044.5,0,EC
-1456.25,1052.5,0,EC
-1273.25,1071,0,EC
-1339.75,1070.5,0,EC
-1438.75,1075,0,EC
-1288.25,1077.5,0,EC
-2045.25,1078,0,EC
-1786.75,1075.5,0,EC
-1324.75,1085.5,0,EC
-2062.75,1087.5,0,EC
-1761.75,1087.5,0,EC
-1788.25,1087.5,0,EC
-1828.25,1087.5,0,EC
-1300.25,1091,0,EC
-2027.75,1101,0,EC
-2054.25,1110,0,EC
-1811.75,1098.5,0,EC
-1271.25,1105.5,0,EC
-1301.25,1123.5,0,EC
-2038.25,1120,0,EC
-1800.75,1118,0,EC
-1425.25,1121.5,0,EC
-1821.25,1125,0,EC
-1412.25,1131.5,0,EC
-1803.25,1128,0,EC
-1447.25,1147,0,EC
-1423.75,1141,0,EC
-1771.75,1143.5,0,EC
-1323.75,1151,0,EC
-1475.75,1149.5,0,EC
-1824.75,1153,0,EC
-1997.75,1162.5,0,EC
-1412.25,1163.5,0,EC
-1807.25,1160.5,0,EC
-1783.75,1158.5,0,EC
-1276.25,1176.5,0,EC
-1473.75,1171.5,0,EC
-1319.75,1176,0,EC
-1780.25,1171,0,EC
-1813.75,1174.5,0,EC
-1975.75,1174,0,EC
-1376.75,1185,0,EC
-1827.25,1173,0,EC
-1299.75,1182,0,EC
-1449.75,1190,0,EC
-1404.25,1183.5,0,EC
-1911.75,1185.5,0,EC
-1346.75,1186.5,0,EC
-1924.75,1182,0,EC
-1839.25,1186,0,EC
-1797.25,1187,0,EC
-1861.75,1186.5,0,EC
-1764.25,1185,0,EC
-1471.25,1192,0,EC
-1941.25,1193,0,EC
-1711.75,1193.5,0,EC
-1872.75,1194.5,0,EC
-1753.75,1200,0,EC
-1283.75,1200,0,EC
-1724.75,1215,0,EC
-1850.75,1202,0,EC
-1932.25,1206,0,EC
-1814.25,1208.5,0,EC
-1628.25,1207.5,0,EC
-1525.75,1215.5,0,EC
-1395.75,1208,0,EC
-2066.25,1215,0,EC
-2046.25,1214,0,EC
-1669.75,1215,0,EC
-1453.75,1213,0,EC
-1469.75,1213.5,0,EC
-1697.75,1218.5,0,EC
-1775.75,1218,0,EC
-1795.75,1217,0,EC
-1606.75,1230.5,0,EC
-1827.25,1225.5,0,EC
-1788.25,1227,0,EC
-1473.75,1239,0,EC
-1448.75,1239,0,EC
-2026.75,1242.5,0,EC
-1642.25,1234,0,EC
-1403.75,1237.5,0,EC
-1622.25,1240.5,0,EC
-1812.75,1247.5,0,EC
-1550.25,1249.5,0,EC
-1567.75,1249.5,0,EC
-1645.25,1249.5,0,EC
-1490.75,1256.5,0,EC
-687.75,467.5,0,EC
-578.75,462.5,0,EC
-932.25,469,0,EC
-904.25,477,0,EC
-1239.75,482,0,EC
-733.25,492.5,0,EC
-545.75,494,0,EC
-567.25,494.5,0,EC
-474.75,494.5,0,EC
-650.25,495.5,0,EC
-1211.75,492,0,EC
-773.75,506,0,EC
-1215.25,512.5,0,EC
-507.75,509,0,EC
-490.75,516,0,EC
-703.25,521.5,0,EC
-890.75,519,0,EC
-531.75,531,0,EC
-733.75,534.5,0,EC
-507.25,542,0,EC
-678.75,544.5,0,EC
-721.75,554,0,EC
-597.75,560.5,0,EC
-542.75,559.5,0,EC
-524.75,557,0,EC
-735.75,568,0,EC
-552.75,569,0,EC
-718.25,572,0,EC
-895.75,574,0,EC
-704.25,582,0,EC
-671.75,579,0,EC
-590.25,584.5,0,EC
-717.75,597.5,0,EC
-1251.25,599,0,EC
-876.25,597.5,0,EC
-833.75,601,0,EC
-796.75,600.5,0,EC
-479.75,601,0,EC
-500.25,615,0,EC
-732.75,610.5,0,EC
-682.75,622.5,0,EC
-846.25,624,0,EC
-651.75,629,0,EC
-806.25,627.5,0,EC
-609.75,633.5,0,EC
-747.25,646.5,0,EC
-481.75,642,0,EC
-632.75,640,0,EC
-504.75,641.5,0,EC
-567.75,649,0,EC
-630.25,653,0,EC
-1213.75,654.5,0,EC
-680.25,652,0,EC
-1238.75,660,0,EC
-1263.75,666.5,0,EC
-800.75,665.5,0,EC
-710.75,666,0,EC
-759.25,670,0,EC
-581.25,677.5,0,EC
-786.75,685,0,EC
-1253.75,681,0,EC
-686.75,684,0,EC
-668.75,687,0,EC
-508.25,692,0,EC
-616.25,691,0,EC
-562.25,689.5,0,EC
-677.25,702,0,EC
-1250.25,701.5,0,EC
-1223.25,706,0,EC
-1264.25,711,0,EC
-1060.75,712,0,EC
-567.75,708,0,EC
-521.75,715.5,0,EC
-504.75,711,0,EC
-599.75,720,0,EC
-1249.75,714.5,0,EC
-721.25,720,0,EC
-668.75,730,0,EC
-1242.75,730.5,0,EC
-1003.75,732,0,EC
-692.75,729.5,0,EC
-1142.25,732.5,0,EC
-1067.75,730.5,0,EC
-645.25,732,0,EC
-1083.25,736.5,0,EC
-1047.75,741,0,EC
-1025.75,741.5,0,EC
-544.25,742,0,EC
-688.25,743,0,EC
-1096.75,742,0,EC
-1251.75,749,0,EC
-1129.25,748.5,0,EC
-974.75,752.5,0,EC
-1006.75,759,0,EC
-1042.75,756.5,0,EC
-937.25,768,0,EC
-1262.75,766,0,EC
-958.25,770,0,EC
-1006.25,778,0,EC
-983.75,774,0,EC
-1049.25,775,0,EC
-657.25,782,0,EC
-910.75,781.5,0,EC
-517.75,788,0,EC
-702.25,791,0,EC
-720.75,796.5,0,EC
-1032.25,793,0,EC
-675.75,793,0,EC
-1017.25,804,0,EC
-865.75,804.5,0,EC
-732.25,808.5,0,EC
-699.75,812.5,0,EC
-877.75,830.5,0,EC
-902.75,830.5,0,EC
-856.25,828.5,0,EC
-730.25,828.5,0,EC
-808.75,826.5,0,EC
-925.25,832.5,0,EC
-797.25,833.5,0,EC
-698.25,837.5,0,EC
-818.25,834,0,EC
-722.75,843.5,0,EC
-757.75,853.5,0,EC
-678.75,846.5,0,EC
-1234.25,850,0,EC
-662.75,853.5,0,EC
-812.25,854.5,0,EC
-559.75,854.5,0,EC
-860.25,857,0,EC
-891.25,859.5,0,EC
-676.75,860,0,EC
-1219.75,858,0,EC
-937.25,860,0,EC
-702.75,860,0,EC
-1210.25,869.5,0,EC
-468.25,868,0,EC
-738.75,872.5,0,EC
-639.75,875.5,0,EC
-805.75,876,0,EC
-1224.25,876.5,0,EC
-625.25,887,0,EC
-757.25,881.5,0,EC
-733.25,884.5,0,EC
-1200.75,887.5,0,EC
-1239.75,892.5,0,EC
-638.75,891,0,EC
-660.75,901,0,EC
-700.25,907,0,EC
-1247.75,911,0,EC
-1219.75,909,0,EC
-625.25,916,0,EC
-677.25,920.5,0,EC
-501.25,921,0,EC
-472.75,919.5,0,EC
-704.25,926.5,0,EC
-571.75,925,0,EC
-527.25,927.5,0,EC
-489.25,935,0,EC
-516.25,936.5,0,EC
-726.75,942,0,EC
-1212.75,943.5,0,EC
-661.75,958.5,0,EC
-618.25,957.5,0,EC
-1222.25,961.5,0,EC
-499.25,965,0,EC
-689.25,971,0,EC
-475.25,962.5,0,EC
-1204.75,978.5,0,EC
-530.25,971,0,EC
-473.25,984.5,0,EC
-603.25,988.5,0,EC
-533.75,992,0,EC
-639.75,994.5,0,EC
-1174.25,1003,0,EC
-623.75,1001.5,0,EC
-569.75,1011,0,EC
-605.25,1014.5,0,EC
-544.25,1009,0,EC
-522.25,1013.5,0,EC
-600.75,1023,0,EC
-584.75,1036,0,EC
-511.75,1035,0,EC
-632.75,1041,0,EC
-563.25,1037.5,0,EC
-952.25,1043.5,0,EC
-527.75,1042.5,0,EC
-968.25,1045,0,EC
-933.25,1049.5,0,EC
-1239.75,1049.5,0,EC
-1203.25,1059,0,EC
-615.75,1051,0,EC
-550.75,1054,0,EC
-983.75,1060,0,EC
-959.75,1059,0,EC
-567.25,1058.5,0,EC
-594.25,1059.5,0,EC
-1252.25,1064,0,EC
-999.75,1068,0,EC
-1181.25,1070,0,EC
-1226.25,1076,0,EC
-584.75,1070.5,0,EC
-597.25,1075,0,EC
-1014.25,1096,0,EC
-1113.75,1107.5,0,EC
-1147.75,1114.5,0,EC
-1115.75,1125.5,0,EC
-1098.25,1127,0,EC
-1064.25,1125.5,0,EC
-971.25,1136.5,0,EC
-1136.25,1136,0,EC
-936.75,1143.5,0,EC
-1122.25,1139.5,0,EC
-1079.75,1145,0,EC
-1007.25,1148.5,0,EC
-979.25,1153,0,EC
-1094.75,1153.5,0,EC
-1169.75,1160,0,EC
-1054.75,1158,0,EC
-1142.25,1165,0,EC
-1075.75,1167,0,EC
-1037.75,1164.5,0,EC
-1013.25,1170.5,0,EC
-1105.75,1170,0,EC
-1183.25,1176,0,EC
-1157.75,1185.5,0,EC
-1017.25,1191,0,EC
-1235.25,1195.5,0,EC
-1208.75,1198.5,0,EC
-1187.25,1201,0,EC
-1170.75,1206.5,0,EC
-1258.75,1214,0,EC
-1233.75,1218,0,EC
-1212.25,1224.5,0,EC
-1102.25,1240.5,0,EC
-3149.75,458.5,0,EC
-3122.25,459.5,0,EC
-3167.75,465.5,0,EC
-2998.75,467,0,EC
-3150.25,496,0,EC
-3092.75,488,0,EC
-3008.75,492,0,EC
-3204.75,494.5,0,EC
-3123.75,491,0,EC
-3050.25,496,0,EC
-3073.25,498.5,0,EC
-3039.25,506,0,EC
-3192.25,510.5,0,EC
-3105.25,522,0,EC
-2998.75,515.5,0,EC
-3015.25,520,0,EC
-3030.75,531,0,EC
-3184.25,532,0,EC
-3131.75,548,0,EC
-3180.75,547.5,0,EC
-3165.75,548,0,EC
-3031.25,550.5,0,EC
-2986.25,552.5,0,EC
-3057.25,559.5,0,EC
-3006.25,574.5,0,EC
-2987.75,571,0,EC
-3084.75,579,0,EC
-3050.75,588.5,0,EC
-2993.25,581.5,0,EC
-3071.25,586,0,EC
-2948.75,592,0,EC
-3085.75,593.5,0,EC
-3100.75,607.5,0,EC
-3035.75,603,0,EC
-2997.25,605.5,0,EC
-3015.25,609,0,EC
-2979.25,605,0,EC
-3084.25,612.5,0,EC
-3160.75,619.5,0,EC
-2975.75,621,0,EC
-3024.75,645,0,EC
-3099.25,644,0,EC
-2977.25,641,0,EC
-2993.25,643.5,0,EC
-3038.75,648,0,EC
-3114.75,661.5,0,EC
-3093.75,668,0,EC
-3019.25,683.5,0,EC
-3087.25,687,0,EC
-2995.75,685.5,0,EC
-3072.25,704,0,EC
-3043.75,704,0,EC
-3007.25,721.5,0,EC
-3084.75,711,0,EC
-3072.25,727.5,0,EC
-3022.25,730,0,EC
-3086.25,744,0,EC
-3029.75,741,0,EC
-3061.25,742,0,EC
-2940.75,748.5,0,EC
-3067.75,763.5,0,EC
-3040.75,764,0,EC
-2998.75,762.5,0,EC
-2967.25,753,0,EC
-2975.75,770.5,0,EC
-3095.25,789,0,EC
-3072.75,785.5,0,EC
-2989.75,787.5,0,EC
-3054.75,798.5,0,EC
-3003.75,798.5,0,EC
-2965.75,808,0,EC
-2870.75,820,0,EC
-2939.25,822,0,EC
-2935.75,861.5,0,EC
-2967.75,868,0,EC
-2874.75,888.5,0,EC
-2908.75,919,0,EC
-2877.25,915.5,0,EC
-2949.75,927.5,0,EC
-2902.75,942,0,EC
-2925.25,953.5,0,EC
-2875.25,959,0,EC
-2902.75,967.5,0,EC
-2941.25,972,0,EC
-2957.75,980.5,0,EC
-2918.75,975.5,0,EC
-2879.75,977.5,0,EC
-2944.25,988,0,EC
-2927.25,987,0,EC
-2907.75,994.5,0,EC
-2969.75,1011.5,0,EC
-2887.75,1001.5,0,EC
-2943.75,1004.5,0,EC
-2912.25,1008,0,EC
-3049.75,1013.5,0,EC
-2875.25,1036,0,EC
-3049.25,1034.5,0,EC
-3207.75,1042,0,EC
-2929.25,1040.5,0,EC
-2968.25,1040.5,0,EC
-3164.25,1050,0,EC
-3104.75,1052,0,EC
-3127.75,1057.5,0,EC
-2899.25,1065.5,0,EC
-3015.75,1065.5,0,EC
-2992.25,1069,0,EC
-3099.75,1073.5,0,EC
-2956.75,1079,0,EC
-3237.75,1078,0,EC
-3130.75,1085.5,0,EC
-3012.75,1085,0,EC
-3147.75,1103,0,EC
-3114.75,1090.5,0,EC
-3198.75,1096.5,0,EC
-3206.75,1112.5,0,EC
-3180.75,1113,0,EC
-3117.25,1115.5,0,EC
-3146.25,1132.5,0,EC
-3054.25,1160,0,EC
-3190.75,1160,0,EC
-3209.75,1169.5,0,EC
-3071.75,1167.5,0,EC
-3123.75,1171,0,EC
-3158.25,1174.5,0,EC
-3053.75,1173,0,EC
-3099.75,1175,0,EC
-3178.75,1177.5,0,EC
-3084.75,1188,0,EC
-3115.75,1192,0,EC
-3153.25,1198.5,0,EC
-2873.75,1200.5,0,EC
-3131.25,1200.5,0,EC
-2888.75,1214,0,EC
-3117.25,1213,0,EC
-3144.25,1220,0,EC
-3091.75,1226,0,EC
-2874.75,1224,0,EC
-3181.25,1227,0,EC
-3201.75,1238.5,0,EC
-3118.25,1229.5,0,EC
-3223.25,1239.5,0,EC
-3136.75,1237,0,EC
-2876.75,1247,0,EC
-3108.75,1241,0,EC
-3179.25,1244.5,0,EC
-3145.75,1244.5,0,EC
-3244.25,1250,0,EC
-3159.25,1249,0,EC
-3096.75,1252,0,EC
-2337.25,457.5,0,EC
-2475.25,460,0,EC
-2507.25,458,0,EC
-2400.25,457.5,0,EC
-2415.75,461.5,0,EC
-2580.75,472.5,0,EC
-2395.75,476,0,EC
-2410.75,476.5,0,EC
-2488.25,482.5,0,EC
-2594.75,482,0,EC
-2526.75,483,0,EC
-2348.75,487.5,0,EC
-2619.25,494.5,0,EC
-2709.25,502.5,0,EC
-2566.25,493.5,0,EC
-2334.75,494,0,EC
-2401.75,494.5,0,EC
-2423.25,493.5,0,EC
-2359.25,495.5,0,EC
-2527.75,503.5,0,EC
-2379.75,513,0,EC
-2517.75,516,0,EC
-2642.75,519,0,EC
-2586.25,517.5,0,EC
-2567.25,518.5,0,EC
-2551.75,519,0,EC
-2354.75,516.5,0,EC
-2624.75,520,0,EC
-2332.25,519.5,0,EC
-2733.25,532.5,0,EC
-2612.75,528,0,EC
-2657.75,539,0,EC
-2389.25,533,0,EC
-2675.25,533,0,EC
-2340.25,536,0,EC
-2587.25,536.5,0,EC
-2364.25,534,0,EC
-2712.75,543,0,EC
-2324.75,549,0,EC
-2597.75,547,0,EC
-2620.75,552,0,EC
-2361.75,553,0,EC
-2734.75,556.5,0,EC
-2401.25,565,0,EC
-2306.75,557.5,0,EC
-2641.25,562.5,0,EC
-2658.75,561.5,0,EC
-2376.25,572,0,EC
-2348.25,569,0,EC
-2321.25,566.5,0,EC
-2754.25,573.5,0,EC
-2723.75,575,0,EC
-2695.75,573,0,EC
-2624.75,577,0,EC
-2676.25,582.5,0,EC
-2646.25,586,0,EC
-2396.25,585.5,0,EC
-2309.75,589.5,0,EC
-2256.75,600,0,EC
-2372.75,592.5,0,EC
-2716.25,600.5,0,EC
-2354.75,597.5,0,EC
-2694.25,603,0,EC
-2294.75,604,0,EC
-2675.25,606,0,EC
-2391.75,605,0,EC
-2376.75,613.5,0,EC
-2283.75,610,0,EC
-2323.25,612,0,EC
-2629.25,621.5,0,EC
-2269.25,620,0,EC
-2356.75,621.5,0,EC
-2727.75,623,0,EC
-2306.25,626,0,EC
-2713.25,626.5,0,EC
-2697.25,638,0,EC
-2252.25,629.5,0,EC
-2237.25,630,0,EC
-2631.25,639.5,0,EC
-2371.75,633.5,0,EC
-2425.75,656,0,EC
-2321.75,643,0,EC
-2262.25,640.5,0,EC
-2581.75,643.5,0,EC
-2339.75,646,0,EC
-2241.25,648,0,EC
-2265.25,653.5,0,EC
-2346.25,659,0,EC
-2294.75,663,0,EC
-2439.25,668,0,EC
-2577.75,674,0,EC
-2388.75,667,0,EC
-2603.75,674,0,EC
-2375.75,673,0,EC
-2704.25,676,0,EC
-2281.25,682,0,EC
-2680.25,684,0,EC
-2377.75,686,0,EC
-2727.75,692,0,EC
-2621.25,700,0,EC
-2252.25,698,0,EC
-2606.75,701.5,0,EC
-2318.25,707.5,0,EC
-2382.75,710,0,EC
-2732.75,707.5,0,EC
-2185.25,709,0,EC
-2164.75,708,0,EC
-2240.75,709.5,0,EC
-2635.25,711,0,EC
-2580.75,718.5,0,EC
-2118.25,735.5,0,EC
-2606.25,718,0,EC
-2519.75,731,0,EC
-2559.25,719.5,0,EC
-2544.25,721.5,0,EC
-2396.25,720,0,EC
-2362.25,726,0,EC
-2331.75,721,0,EC
-2730.75,722.5,0,EC
-2633.75,726.5,0,EC
-2342.25,726,0,EC
-2593.75,728.5,0,EC
-2157.25,726.5,0,EC
-2739.75,730,0,EC
-2292.75,731,0,EC
-2250.75,737,0,EC
-2319.75,736,0,EC
-2268.75,735,0,EC
-2549.25,736.5,0,EC
-2382.75,734.5,0,EC
-2589.75,744.5,0,EC
-2698.75,745.5,0,EC
-2681.25,756.5,0,EC
-2260.75,762,0,EC
-2572.25,760,0,EC
-2720.75,760,0,EC
-2134.25,763.5,0,EC
-2239.25,770,0,EC
-2665.75,789,0,EC
-2865.25,766,0,EC
-2736.25,767,0,EC
-2699.75,769.5,0,EC
-2155.25,779.5,0,EC
-2108.25,778,0,EC
-2681.75,777.5,0,EC
-2737.25,778.5,0,EC
-2725.25,780.5,0,EC
-2128.75,784.5,0,EC
-2746.75,793,0,EC
-2767.25,797,0,EC
-2702.75,796.5,0,EC
-2574.75,801.5,0,EC
-2727.75,801.5,0,EC
-2109.25,798,0,EC
-2685.25,799.5,0,EC
-2467.25,810.5,0,EC
-2280.75,813,0,EC
-2113.25,817.5,0,EC
-2147.75,820,0,EC
-2472.75,822.5,0,EC
-2268.25,826.5,0,EC
-2700.75,845.5,0,EC
-2678.25,832.5,0,EC
-2256.75,836.5,0,EC
-2483.75,845,0,EC
-2285.25,842.5,0,EC
-2766.75,840.5,0,EC
-2716.25,851,0,EC
-2733.25,848,0,EC
-2538.25,853,0,EC
-2670.75,863,0,EC
-2166.75,862.5,0,EC
-2506.25,863,0,EC
-2524.25,862,0,EC
-2737.25,874,0,EC
-2719.25,875,0,EC
-2859.25,882,0,EC
-2749.25,893,0,EC
-2707.25,900.5,0,EC
-2855.25,903,0,EC
-2099.25,913,0,EC
-2827.25,921,0,EC
-2863.25,920,0,EC
-2748.25,920.5,0,EC
-2282.25,920,0,EC
-2804.25,922,0,EC
-2305.75,925.5,0,EC
-2726.25,936.5,0,EC
-2860.25,939,0,EC
-2836.75,939,0,EC
-2299.75,940,0,EC
-2276.25,941,0,EC
-2706.75,946.5,0,EC
-2177.75,958,0,EC
-2105.75,962,0,EC
-2736.75,961.5,0,EC
-2090.75,957.5,0,EC
-2839.75,970.5,0,EC
-2124.25,977,0,EC
-2736.75,986,0,EC
-2856.75,994,0,EC
-2101.25,1003.5,0,EC
-2719.25,1009,0,EC
-2743.25,1012,0,EC
-2761.75,1012.5,0,EC
-2123.25,1013.5,0,EC
-2813.75,1018,0,EC
-2851.25,1017.5,0,EC
-2831.75,1032.5,0,EC
-2221.75,1023,0,EC
-2726.25,1029,0,EC
-2744.25,1030.5,0,EC
-2195.75,1037.5,0,EC
-2091.75,1037,0,EC
-2853.75,1034.5,0,EC
-2117.75,1041,0,EC
-2769.75,1043.5,0,EC
-2250.75,1045,0,EC
-2454.25,1044.5,0,EC
-2559.75,1050,0,EC
-2814.25,1055,0,EC
-2743.75,1056,0,EC
-2847.75,1054.5,0,EC
-2443.75,1065.5,0,EC
-2783.25,1068.5,0,EC
-2468.25,1067,0,EC
-2100.25,1063,0,EC
-2756.75,1063.5,0,EC
-2751.25,1079.5,0,EC
-2457.75,1075,0,EC
-2827.25,1077,0,EC
-2109.75,1078.5,0,EC
-2807.25,1079.5,0,EC
-2763.25,1090.5,0,EC
-2120.25,1090,0,EC
-2830.25,1088.5,0,EC
-2733.25,1090,0,EC
-2789.75,1094.5,0,EC
-2151.25,1102,0,EC
-2075.75,1099.5,0,EC
-2097.25,1100,0,EC
-2753.25,1105,0,EC
-2729.75,1109,0,EC
-2109.75,1111,0,EC
-2782.75,1113,0,EC
-2078.75,1113.5,0,EC
-2162.75,1118,0,EC
-2748.25,1124,0,EC
-2770.75,1124,0,EC
-2131.75,1130,0,EC
-2736.75,1133.5,0,EC
-2293.75,1141.5,0,EC
-2772.25,1142,0,EC
-2107.25,1147,0,EC
-2560.25,1156.5,0,EC
-2536.25,1153,0,EC
-2737.25,1157,0,EC
-2264.75,1154.5,0,EC
-2307.75,1154,0,EC
-2351.75,1162.5,0,EC
-2374.75,1168,0,EC
-2308.75,1178,0,EC
-2730.25,1180,0,EC
-2116.25,1186.5,0,EC
-2092.75,1202.5,0,EC
-2810.75,1223,0,EC
-2844.25,1234.5,0,EC
-2760.75,1239.5,0,EC
-2743.75,1245.5,0,EC
-2819.25,1255,0,EC
-2499.25,1243,0,EC
-2068.25,1251,0,EC
-2478.75,1252,0,EC
707.25,462.5,0,EC
381.25,472.5,0,EC
828.75,476.5,0,EC
780.25,472.5,0,EC
473.75,492,0,EC
453.75,494,0,EC
771.25,492.5,0,EC
357.75,497,0,EC
391.25,501.5,0,EC
762.25,505,0,EC
573.25,509,0,EC
457.75,513.5,0,EC
406.25,510.5,0,EC
431.25,512.5,0,EC
811.25,516,0,EC
752.25,512,0,EC
482.75,525.5,0,EC
343.75,518,0,EC
554.25,522.5,0,EC
748.75,540,0,EC
807.25,538.5,0,EC
500.25,535,0,EC
372.25,543,0,EC
438.75,538,0,EC
352.75,549.5,0,EC
795.75,561,0,EC
524.25,556.5,0,EC
372.25,560.5,0,EC
574.75,560.5,0,EC
399.75,567,0,EC
337.25,567.5,0,EC
578.75,572.5,0,EC
747.75,584.5,0,EC
377.25,587.5,0,EC
452.75,571,0,EC
787.75,588,0,EC
423.75,582,0,EC
485.75,586.5,0,EC
453.75,588,0,EC
533.75,588,0,EC
350.25,597,0,EC
463.25,602,0,EC
422.25,593.5,0,EC
562.75,600,0,EC
770.25,604.5,0,EC
522.25,602,0,EC
579.25,604.5,0,EC
374.75,609,0,EC
517.25,613,0,EC
339.75,614,0,EC
406.75,621.5,0,EC
379.25,628.5,0,EC
591.75,618,0,EC
357.25,617.5,0,EC
349.25,630,0,EC
451.25,626,0,EC
495.25,632.5,0,EC
525.75,633.5,0,EC
604.75,641,0,EC
342.25,651,0,EC
366.25,647.5,0,EC
595.75,654,0,EC
481.75,667.5,0,EC
368.25,666,0,EC
506.75,667,0,EC
455.25,676.5,0,EC
577.25,684.5,0,EC
515.25,686,0,EC
542.25,688,0,EC
526.25,691,0,EC
595.25,705.5,0,EC
627.25,709.5,0,EC
573.25,718.5,0,EC
530.25,718,0,EC
610.75,717.5,0,EC
405.25,721.5,0,EC
591.25,731,0,EC
600.25,757.5,0,EC
546.25,780,0,EC
370.75,790,0,EC
339.25,791,0,EC
533.25,796,0,EC
521.25,819.5,0,EC
588.25,822.5,0,EC
608.75,824.5,0,EC
355.75,841,0,EC
639.75,839.5,0,EC
414.25,841.5,0,EC
537.25,843,0,EC
510.25,844,0,EC
561.75,852.5,0,EC
510.75,857,0,EC
426.25,862,0,EC
477.25,867.5,0,EC
416.75,871,0,EC
381.75,877,0,EC
558.75,874,0,EC
392.25,885,0,EC
582.75,884,0,EC
415.25,895,0,EC
490.25,894.5,0,EC
439.25,902,0,EC
570.75,898.5,0,EC
582.25,905.5,0,EC
399.25,904.5,0,EC
388.75,909.5,0,EC
456.25,927.5,0,EC
475.25,932,0,EC
432.25,942.5,0,EC
598.25,943.5,0,EC
375.75,947,0,EC
432.25,959,0,EC
411.25,966,0,EC
597.75,973,0,EC
449.75,972.5,0,EC
410.75,988.5,0,EC
389.75,1007,0,EC
648.75,1035,0,EC
660.75,1030,0,EC
393.25,1040,0,EC
712.25,1048.5,0,EC
691.25,1047,0,EC
588.25,1053,0,EC
562.75,1052,0,EC
340.75,1058,0,EC
642.75,1060.5,0,EC
550.25,1058.5,0,EC
695.75,1065.5,0,EC
606.75,1070,0,EC
593.25,1071,0,EC
534.75,1077,0,EC
335.75,1075,0,EC
541.25,1096,0,EC
581.75,1095,0,EC
630.75,1099,0,EC
590.25,1118,0,EC
635.25,1121,0,EC
674.75,1130.5,0,EC
579.75,1129,0,EC
696.75,1146.5,0,EC
576.25,1149,0,EC
628.75,1153.5,0,EC
678.75,1160.5,0,EC
398.75,1170,0,EC
386.25,1173,0,EC
628.25,1172.5,0,EC
608.75,1181.5,0,EC
374.75,1188,0,EC
643.75,1185.5,0,EC
427.75,1192.5,0,EC
473.75,1194,0,EC
611.75,1202.5,0,EC
371.75,1204,0,EC
639.25,1203,0,EC
418.75,1211,0,EC
464.75,1211.5,0,EC
593.25,1211.5,0,EC
471.75,1226,0,EC
405.25,1235,0,EC
345.25,1234.5,0,EC
499.75,1238.5,0,EC
593.25,1243,0,EC
634.75,1243.5,0,EC
464.75,1255.5,0,EC
358.75,1254.5,0,EC
1810.25,461.5,0,EC
1312.25,467,0,EC
1340.75,472.5,0,EC
1318.75,493.5,0,EC
1339.75,508,0,EC
1340.25,523,0,EC
1364.75,525,0,EC
1364.75,545,0,EC
1349.75,542,0,EC
1332.25,549.5,0,EC
1308.25,558.5,0,EC
1537.75,586,0,EC
1307.25,605.5,0,EC
1326.75,607,0,EC
1431.75,617.5,0,EC
1399.25,632.5,0,EC
1339.75,634,0,EC
1520.75,634,0,EC
1431.25,640,0,EC
1311.75,645,0,EC
1323.25,643.5,0,EC
1333.25,648.5,0,EC
1439.75,659.5,0,EC
1457.25,657.5,0,EC
1408.25,677,0,EC
1435.75,678.5,0,EC
1434.75,696.5,0,EC
1412.25,707,0,EC
1434.75,712,0,EC
1433.25,728.5,0,EC
1401.25,760.5,0,EC
1755.25,1076,0,EC
1736.75,1123,0,EC
1757.75,1134,0,EC
1724.75,1140,0,EC
1664.75,1152,0,EC
1662.75,1167,0,EC
1673.75,1180,0,EC
1696.75,1190,0,EC
1714.75,1187.5,0,EC
1706.75,1204.5,0,EC
1689.75,1213.5,0,EC
1724.25,1221.5,0,EC
1694.75,1232,0,EC
1566.75,1231.5,0,EC
1760.75,1234,0,EC
1595.75,1240,0,EC
1736.25,1239,0,EC
1481.75,1247.5,0,EC
3538.25,1240,0,EC
3414.75,1188.5,0,EC
3463.75,1188.5,0,EC
3429.75,1210.5,0,EC
3419.75,1232.5,0,EC
3369.25,1236,0,EC
3520.25,1237,0,EC
3189.75,1254,0,EC
3438.75,1253,0,EC
-2103.75,1259,0,EC
-2211.75,1283.5,0,EC
-2479.25,1269,0,EC
-2790.75,1274.5,0,EC
-2079.75,1275.5,0,EC
-2409.25,1279.5,0,EC
-2101.75,1283.5,0,EC
-2168.75,1282.5,0,EC
-2371.75,1286,0,EC
-2195.25,1285,0,EC
-2806.75,1297,0,EC
-2182.75,1294.5,0,EC
-2155.75,1299,0,EC
-2088.75,1298,0,EC
-2098.25,1307.5,0,EC
-2836.25,1315.5,0,EC
-2182.75,1311.5,0,EC
-2200.75,1314.5,0,EC
-2073.75,1317.5,0,EC
-2853.25,1319,0,EC
-2087.75,1336,0,EC
-2845.25,1333.5,0,EC
-2818.25,1329.5,0,EC
-2121.25,1343,0,EC
-2804.75,1342.5,0,EC
-2811.25,1356.5,0,EC
-2408.25,1361.5,0,EC
-2102.25,1387,0,EC
-2722.25,1395.5,0,EC
-2413.25,1387,0,EC
-2154.75,1396.5,0,EC
-2395.25,1401.5,0,EC
-2689.75,1405.5,0,EC
-2090.25,1425.5,0,EC
-2657.75,1420,0,EC
-2697.25,1418,0,EC
-2681.75,1439.5,0,EC
-2151.75,1441,0,EC
-2613.75,1434.5,0,EC
-2778.75,1436,0,EC
-2700.75,1447,0,EC
-2652.75,1442.5,0,EC
-2710.75,1460,0,EC
-2079.25,1460,0,EC
-2646.75,1451.5,0,EC
-2660.75,1462,0,EC
-2627.75,1455,0,EC
-2391.75,1454,0,EC
-2826.25,1467,0,EC
-2568.75,1471.5,0,EC
-2230.75,1473.5,0,EC
-2639.25,1473,0,EC
-2740.75,1469,0,EC
-2549.75,1471,0,EC
-2675.75,1472,0,EC
-2810.25,1485.5,0,EC
-2156.75,1481,0,EC
-2098.25,1492.5,0,EC
-2851.75,1482,0,EC
-2712.25,1483,0,EC
-2253.25,1486.5,0,EC
-2549.25,1484,0,EC
-2113.75,1486,0,EC
-2668.75,1499,0,EC
-2071.25,1492,0,EC
-2565.75,1488,0,EC
-2769.75,1498,0,EC
-2655.25,1492,0,EC
-2625.75,1502,0,EC
-2172.25,1509,0,EC
-2587.25,1497.5,0,EC
-2128.75,1500.5,0,EC
-2548.25,1501.5,0,EC
-2573.25,1505.5,0,EC
-2747.25,1513.5,0,EC
-2645.75,1507,0,EC
-2147.75,1507,0,EC
-2076.75,1514,0,EC
-2598.75,1507.5,0,EC
-2530.75,1514.5,0,EC
-2791.25,1515,0,EC
-2131.75,1513.5,0,EC
-2187.75,1519,0,EC
-2864.75,1526.5,0,EC
-2773.75,1527,0,EC
-2155.25,1530,0,EC
-2568.25,1523.5,0,EC
-2235.25,1523.5,0,EC
-2587.75,1523.5,0,EC
-2202.25,1523,0,EC
-2255.75,1527.5,0,EC
-2108.75,1524.5,0,EC
-2131.75,1526.5,0,EC
-2551.25,1534.5,0,EC
-2854.25,1538.5,0,EC
-2186.25,1535.5,0,EC
-2612.25,1533,0,EC
-2786.25,1542,0,EC
-2647.25,1543,0,EC
-2836.25,1551,0,EC
-2808.25,1549.5,0,EC
-2072.25,1542.5,0,EC
-2579.25,1547,0,EC
-2527.25,1551.5,0,EC
-2599.25,1553.5,0,EC
-2436.75,1563.5,0,EC
-2168.25,1556,0,EC
-2708.25,1553.5,0,EC
-2721.25,1556,0,EC
-2782.25,1562.5,0,EC
-2621.75,1558,0,EC
-2551.75,1564.5,0,EC
-2460.75,1559,0,EC
-2202.25,1560.5,0,EC
-2076.25,1569,0,EC
-2705.25,1567,0,EC
-2637.75,1570,0,EC
-2580.25,1565,0,EC
-2857.25,1572,0,EC
-2507.25,1567.5,0,EC
-2482.75,1572,0,EC
-2802.25,1573,0,EC
-2455.75,1571.5,0,EC
-2613.25,1571.5,0,EC
-2597.25,1571.5,0,EC
-2690.75,1585.5,0,EC
-2538.75,1582,0,EC
-2777.75,1587.5,0,EC
-2478.75,1590.5,0,EC
-2865.75,1588,0,EC
-2828.75,1588,0,EC
-2630.25,1595.5,0,EC
-2843.25,1591,0,EC
-2812.75,1594.5,0,EC
-2758.25,1597.5,0,EC
-2500.25,1591,0,EC
-2795.75,1593,0,EC
-2609.75,1601,0,EC
-2417.25,1604.5,0,EC
-2859.25,1601,0,EC
-2498.75,1603.5,0,EC
-2517.75,1603,0,EC
-2536.25,1610,0,EC
-2777.25,1608.5,0,EC
-2838.25,1611.5,0,EC
-2479.75,1611,0,EC
-2698.25,1613,0,EC
-2390.25,1619.5,0,EC
-2814.25,1617.5,0,EC
-2760.25,1622,0,EC
-2443.75,1630,0,EC
-2855.25,1622.5,0,EC
-2744.75,1621.5,0,EC
-2522.75,1627.5,0,EC
-2712.75,1625.5,0,EC
-2471.75,1628,0,EC
-2086.75,1628.5,0,EC
-2541.75,1639,0,EC
-2596.75,1633,0,EC
-2409.75,1633,0,EC
-2793.25,1636,0,EC
-2722.25,1639,0,EC
-2071.25,1638.5,0,EC
-2606.25,1645.5,0,EC
-2426.75,1641,0,EC
-2812.25,1651,0,EC
-2521.25,1651.5,0,EC
-2834.25,1646,0,EC
-2786.25,1649.5,0,EC
-2700.25,1646.5,0,EC
-2562.25,1648.5,0,EC
-2397.25,1651.5,0,EC
-2712.25,1653.5,0,EC
-2421.75,1657.5,0,EC
-2467.75,1656.5,0,EC
-2580.75,1656.5,0,EC
-2451.75,1662,0,EC
-2758.75,1662,0,EC
-2865.25,1663.5,0,EC
-2793.25,1677.5,0,EC
-2651.75,1671,0,EC
-2489.75,1670.5,0,EC
-2447.25,1680.5,0,EC
-2529.75,1677.5,0,EC
-2395.75,1680,0,EC
-2381.25,1673,0,EC
-2480.75,1684,0,EC
-2662.25,1683.5,0,EC
-2553.25,1679.5,0,EC
-2835.75,1689.5,0,EC
-2745.75,1693.5,0,EC
-2727.25,1688,0,EC
-2420.25,1686,0,EC
-2769.25,1686.5,0,EC
-2853.25,1689,0,EC
-2675.25,1690.5,0,EC
-2076.25,1695,0,EC
-2638.75,1699.5,0,EC
-2794.75,1698,0,EC
-2542.25,1701,0,EC
-2715.75,1705.5,0,EC
-2531.75,1714.5,0,EC
-2467.75,1701,0,EC
-2412.75,1704,0,EC
-2855.75,1709.5,0,EC
-2436.25,1707.5,0,EC
-2772.75,1708.5,0,EC
-2628.75,1710,0,EC
-2828.75,1718.5,0,EC
-2692.25,1719.5,0,EC
-2573.25,1724.5,0,EC
-2711.75,1729.5,0,EC
-2805.25,1725.5,0,EC
-2763.25,1730.5,0,EC
-2208.25,1740,0,EC
-2284.25,1735.5,0,EC
-2228.25,1741,0,EC
-2799.75,1738.5,0,EC
-2751.75,1741,0,EC
-2736.75,1749.5,0,EC
-2777.75,1750,0,EC
-2722.25,1745,0,EC
-2865.75,1754.5,0,EC
-2697.75,1759,0,EC
-2278.75,1751,0,EC
-2253.75,1759,0,EC
-2533.25,1760.5,0,EC
-2801.25,1760,0,EC
-2213.25,1764,0,EC
-2191.25,1768.5,0,EC
-2828.75,1761,0,EC
-2762.25,1762,0,EC
-2230.75,1770.5,0,EC
-2721.75,1773,0,EC
-2288.75,1768.5,0,EC
-2074.75,1776,0,EC
-2855.25,1781,0,EC
-2252.25,1788,0,EC
-2812.25,1778.5,0,EC
-2751.25,1780,0,EC
-2535.75,1781.5,0,EC
-2501.25,1785,0,EC
-2784.75,1788.5,0,EC
-2833.25,1784,0,EC
-2269.75,1782.5,0,EC
-2213.75,1794,0,EC
-2480.25,1792.5,0,EC
-2193.75,1788,0,EC
-2458.75,1794,0,EC
-2232.75,1796,0,EC
-2719.25,1799,0,EC
-2852.25,1808,0,EC
-2800.25,1803,0,EC
-2755.75,1803,0,EC
-2262.75,1808,0,EC
-2816.25,1807.5,0,EC
-2279.75,1805,0,EC
-2236.75,1814,0,EC
-2740.75,1816.5,0,EC
-2837.25,1815,0,EC
-2765.75,1817.5,0,EC
-2788.75,1825,0,EC
-2170.25,1822,0,EC
-2157.25,1824,0,EC
-2192.75,1829.5,0,EC
-2135.25,1832.5,0,EC
-2244.25,1828,0,EC
-2277.25,1834.5,0,EC
-2109.75,1832,0,EC
-2294.25,1834.5,0,EC
-2179.25,1833,0,EC
-2215.25,1847,0,EC
-2069.75,1840,0,EC
-2253.25,1841.5,0,EC
-2816.75,1841,0,EC
-2846.25,1845.5,0,EC
-2797.25,1848,0,EC
-2827.75,1855,0,EC
-2120.75,1859.5,0,EC
-2346.25,1854.5,0,EC
-2280.75,1852.5,0,EC
-2205.75,1856.5,0,EC
-2175.75,1861.5,0,EC
-2753.75,1865,0,EC
-2102.75,1866,0,EC
-2863.75,1877.5,0,EC
-2188.75,1879,0,EC
-2382.25,1880,0,EC
-2231.25,1877.5,0,EC
-2212.75,1880.5,0,EC
-2075.25,1881,0,EC
-2250.25,1891.5,0,EC
-2492.75,1892,0,EC
-2155.25,1891,0,EC
-2089.75,1890.5,0,EC
-2231.25,1902.5,0,EC
-2118.75,1901.5,0,EC
-2563.75,1903.5,0,EC
-2151.25,1904,0,EC
-2078.75,1903,0,EC
-2376.25,1909,0,EC
-2214.25,1907,0,EC
-2095.25,1909,0,EC
-2581.25,1929,0,EC
-2126.25,1918.5,0,EC
-2504.25,1919,0,EC
-2260.75,1919.5,0,EC
-2548.25,1926.5,0,EC
-2165.25,1923,0,EC
-2070.75,1924,0,EC
-2527.25,1934.5,0,EC
-2238.75,1930,0,EC
-2222.25,1930.5,0,EC
-2650.25,1936.5,0,EC
-2199.25,1937.5,0,EC
-2159.75,1939.5,0,EC
-2267.75,1945.5,0,EC
-2505.25,1952.5,0,EC
-2098.75,1943.5,0,EC
-2414.75,1945.5,0,EC
-2849.75,1946.5,0,EC
-2781.75,1949.5,0,EC
-2068.75,1944.5,0,EC
-2695.25,1950.5,0,EC
-2596.75,1948,0,EC
-2547.75,1948.5,0,EC
-2241.25,1952,0,EC
-2312.25,1963,0,EC
-2186.75,1954,0,EC
-2656.75,1967.5,0,EC
-2165.25,1955,0,EC
-2117.25,1957,0,EC
-2206.75,1957.5,0,EC
-2797.25,1955.5,0,EC
-2083.75,1959,0,EC
-2435.75,1961,0,EC
-2486.25,1964.5,0,EC
-2862.75,1961.5,0,EC
-2570.75,1966.5,0,EC
-2416.75,1966,0,EC
-2256.75,1966,0,EC
-2630.75,1972,0,EC
-2451.25,1976.5,0,EC
-2125.75,1973.5,0,EC
-2817.25,1981.5,0,EC
-2706.25,1972.5,0,EC
-2086.25,1978.5,0,EC
-2675.75,1973.5,0,EC
-2841.25,1973,0,EC
-2501.75,1975.5,0,EC
-2742.25,1985,0,EC
-2782.25,1982.5,0,EC
-2685.75,1988.5,0,EC
-2411.25,1982.5,0,EC
-2717.25,1988.5,0,EC
-2858.25,1988,0,EC
-2103.25,1993,0,EC
-2757.25,1993,0,EC
-2843.25,1992,0,EC
-2650.75,1993.5,0,EC
-2479.25,1995.5,0,EC
-2237.75,1998,0,EC
-2152.75,1996.5,0,EC
-2800.25,2002,0,EC
-2635.75,2001.5,0,EC
-2267.25,2005,0,EC
-2134.75,2004.5,0,EC
-2737.25,2011.5,0,EC
-2658.25,2005,0,EC
-2761.75,2007.5,0,EC
-2836.75,2011.5,0,EC
-2451.75,2008.5,0,EC
-2724.25,2009,0,EC
-2866.25,2011.5,0,EC
-2240.75,2017,0,EC
-2091.25,2014,0,EC
-2779.25,2017,0,EC
-2288.75,2021.5,0,EC
-2810.75,2020.5,0,EC
-2650.75,2018,0,EC
-2077.25,2019.5,0,EC
-2685.75,2019.5,0,EC
-2751.75,2027.5,0,EC
-2113.25,2020.5,0,EC
-2135.75,2031.5,0,EC
-2826.75,2027,0,EC
-2163.75,2025,0,EC
-2205.75,2026.5,0,EC
-2859.75,2030,0,EC
-2460.25,2031,0,EC
-2766.75,2027.5,0,EC
-2331.25,2035.5,0,EC
-2180.75,2027.5,0,EC
-2690.75,2030.5,0,EC
-2069.25,2031,0,EC
-2493.75,2037.5,0,EC
-2310.25,2034.5,0,EC
-2787.25,2039,0,EC
-2244.25,2042,0,EC
-2484.25,2044.5,0,EC
-2228.25,2050.5,0,EC
-2814.25,2047.5,0,EC
-2857.75,2045,0,EC
-2097.25,2046.5,0,EC
-2295.75,2048.5,0,EC
-2435.75,2051.5,0,EC
-2418.75,2051,0,EC
-2352.75,2056,0,EC
-2463.75,2054.5,0,EC
-2120.75,2055.5,0,EC
-2588.25,2051.5,0,EC
-3121.25,1258.5,0,EC
-2900.75,1265.5,0,EC
-3165.75,1259.5,0,EC
-3194.75,1261,0,EC
-3227.25,1272.5,0,EC
-2874.25,1268,0,EC
-3269.25,1266,0,EC
-3206.25,1270,0,EC
-3248.25,1272,0,EC
-3266.75,1281.5,0,EC
-2869.25,1283.5,0,EC
-3198.75,1288,0,EC
-3169.75,1287.5,0,EC
-2875.25,1296,0,EC
-3222.25,1297.5,0,EC
-3237.75,1308,0,EC
-2896.75,1301,0,EC
-3263.25,1305.5,0,EC
-3160.75,1301.5,0,EC
-2942.75,1310,0,EC
-3104.25,1306,0,EC
-2926.25,1314.5,0,EC
-2867.75,1312.5,0,EC
-3203.25,1316.5,0,EC
-3184.25,1314.5,0,EC
-3164.25,1338.5,0,EC
-3209.75,1344,0,EC
-3274.75,1349.5,0,EC
-3251.75,1345,0,EC
-3230.75,1346,0,EC
-3020.75,1353.5,0,EC
-3085.25,1359.5,0,EC
-3257.25,1363,0,EC
-3105.25,1379,0,EC
-3079.25,1380.5,0,EC
-3274.75,1386.5,0,EC
-2964.25,1388,0,EC
-3064.25,1389.5,0,EC
-3135.25,1399.5,0,EC
-3190.25,1404,0,EC
-3071.75,1409.5,0,EC
-3049.75,1404.5,0,EC
-3096.75,1408,0,EC
-2961.25,1408,0,EC
-2943.75,1406,0,EC
-3227.75,1419,0,EC
-3055.75,1420,0,EC
-3205.75,1424,0,EC
-2957.25,1431,0,EC
-3040.75,1429,0,EC
-3105.25,1441,0,EC
-3079.75,1438.5,0,EC
-3010.25,1439.5,0,EC
-3230.25,1438,0,EC
-3126.75,1439,0,EC
-3249.75,1447,0,EC
-3290.25,1444.5,0,EC
-3027.75,1444,0,EC
-2912.25,1447,0,EC
-3213.75,1450.5,0,EC
-3199.75,1453,0,EC
-2950.75,1459.5,0,EC
-3169.25,1467.5,0,EC
-2978.25,1463.5,0,EC
-2873.75,1464,0,EC
-3037.75,1466,0,EC
-3147.25,1463,0,EC
-3305.25,1467.5,0,EC
-3234.25,1462.5,0,EC
-3060.75,1462.5,0,EC
-3278.75,1471,0,EC
-3121.25,1465.5,0,EC
-3197.75,1469.5,0,EC
-3092.75,1477.5,0,EC
-3317.75,1468.5,0,EC
-3232.75,1482.5,0,EC
-3261.25,1480,0,EC
-3144.25,1480.5,0,EC
-2945.25,1481.5,0,EC
-3059.25,1482,0,EC
-3207.75,1489,0,EC
-2921.75,1497,0,EC
-3314.75,1491.5,0,EC
-2964.25,1493,0,EC
-3080.75,1492,0,EC
-3275.75,1497.5,0,EC
-3231.75,1499.5,0,EC
-3120.75,1495.5,0,EC
-3212.25,1501.5,0,EC
-3147.25,1504.5,0,EC
-3107.75,1505,0,EC
-2937.75,1509.5,0,EC
-3092.75,1517,0,EC
-2987.25,1515.5,0,EC
-3132.25,1510.5,0,EC
-2949.75,1512.5,0,EC
-3211.25,1516,0,EC
-2969.75,1514,0,EC
-2882.25,1514.5,0,EC
-3282.25,1524.5,0,EC
-3124.75,1525.5,0,EC
-3018.25,1537,0,EC
-2919.75,1522.5,0,EC
-2903.75,1529.5,0,EC
-3075.75,1528.5,0,EC
-3041.75,1528.5,0,EC
-2934.75,1528,0,EC
-3174.75,1527.5,0,EC
-3225.75,1527,0,EC
-2960.25,1531,0,EC
-3112.25,1536,0,EC
-3194.75,1539.5,0,EC
-3058.75,1541.5,0,EC
-2891.75,1536,0,EC
-3226.25,1543.5,0,EC
-3169.25,1550.5,0,EC
-2977.25,1545.5,0,EC
-2993.75,1548,0,EC
-2941.25,1546.5,0,EC
-3094.75,1547.5,0,EC
-3239.25,1551,0,EC
-2882.75,1550.5,0,EC
-3214.25,1564.5,0,EC
-3041.25,1556.5,0,EC
-3101.75,1555,0,EC
-3086.25,1553.5,0,EC
-2944.75,1566.5,0,EC
-2898.25,1556,0,EC
-3071.75,1557,0,EC
-2908.25,1559,0,EC
-3157.75,1568.5,0,EC
-3202.25,1566,0,EC
-2960.25,1576.5,0,EC
-2904.25,1568,0,EC
-3140.75,1571.5,0,EC
-3064.25,1573.5,0,EC
-3001.25,1580,0,EC
-3087.75,1573,0,EC
-3243.75,1577.5,0,EC
-2886.25,1575.5,0,EC
-3299.25,1579,0,EC
-3175.75,1579,0,EC
-2922.25,1579.5,0,EC
-3129.75,1582,0,EC
-3077.25,1580.5,0,EC
-3190.25,1584,0,EC
-2906.75,1585.5,0,EC
-2984.75,1588.5,0,EC
-3242.75,1600.5,0,EC
-3154.25,1595,0,EC
-2892.25,1599.5,0,EC
-3206.25,1601,0,EC
-3030.25,1611.5,0,EC
-2977.25,1599.5,0,EC
-3322.75,1609,0,EC
-3121.75,1607.5,0,EC
-3056.75,1608,0,EC
-3294.25,1619,0,EC
-3181.25,1609,0,EC
-2915.25,1617.5,0,EC
-2966.75,1614,0,EC
-3083.25,1617,0,EC
-2886.75,1617.5,0,EC
-2982.25,1617,0,EC
-3133.25,1622,0,EC
-3002.75,1618.5,0,EC
-2931.75,1617,0,EC
-3276.25,1616.5,0,EC
-3196.75,1621,0,EC
-3243.75,1621,0,EC
-3166.75,1625.5,0,EC
-3010.25,1625.5,0,EC
-3212.75,1641,0,EC
-3040.75,1632.5,0,EC
-2937.75,1631,0,EC
-3067.25,1632,0,EC
-3109.25,1631.5,0,EC
-3092.25,1637.5,0,EC
-2885.75,1633,0,EC
-2982.75,1635,0,EC
-3311.75,1639.5,0,EC
-3182.25,1645.5,0,EC
-3361.25,1637,0,EC
-2957.25,1642.5,0,EC
-3020.25,1639,0,EC
-3131.75,1642.5,0,EC
-3154.25,1651.5,0,EC
-3008.75,1650,0,EC
-3268.75,1653.5,0,EC
-2930.75,1649.5,0,EC
-2882.75,1648,0,EC
-2915.75,1646.5,0,EC
-3292.25,1655.5,0,EC
-2983.25,1655,0,EC
-3106.75,1656.5,0,EC
-3063.75,1661.5,0,EC
-3027.75,1662.5,0,EC
-2969.25,1660.5,0,EC
-2904.25,1657.5,0,EC
-2887.75,1664,0,EC
-3097.25,1666.5,0,EC
-3122.25,1668,0,EC
-3009.75,1676.5,0,EC
-2918.25,1673,0,EC
-3155.75,1668.5,0,EC
-3190.75,1671.5,0,EC
-2948.25,1678.5,0,EC
-3080.25,1677.5,0,EC
-3142.75,1679.5,0,EC
-3105.75,1679.5,0,EC
-2869.75,1680,0,EC
-3280.75,1690.5,0,EC
-3265.75,1695,0,EC
-3053.75,1682.5,0,EC
-3163.75,1686,0,EC
-3053.75,1698.5,0,EC
-3120.25,1693,0,EC
-3092.25,1690,0,EC
-2887.75,1695.5,0,EC
-2908.75,1701,0,EC
-3151.25,1706.5,0,EC
-3131.75,1702.5,0,EC
-3011.75,1706.5,0,EC
-3297.25,1702.5,0,EC
-3104.75,1706.5,0,EC
-3083.25,1710,0,EC
-2979.75,1715.5,0,EC
-2946.75,1707.5,0,EC
-3240.25,1711.5,0,EC
-3282.75,1715.5,0,EC
-3191.75,1711.5,0,EC
-3259.25,1716.5,0,EC
-2896.75,1719,0,EC
-3065.25,1723.5,0,EC
-2918.75,1719.5,0,EC
-3119.25,1722.5,0,EC
-3025.75,1721,0,EC
-3093.75,1723.5,0,EC
-3190.75,1729.5,0,EC
-3134.25,1732.5,0,EC
-3009.75,1724.5,0,EC
-2965.75,1728,0,EC
-2873.25,1733.5,0,EC
-3269.75,1733,0,EC
-3253.75,1729,0,EC
-2947.75,1731,0,EC
-2910.75,1736.5,0,EC
-3238.75,1734,0,EC
-3029.25,1738.5,0,EC
-2934.25,1737,0,EC
-3003.25,1737,0,EC
-3102.75,1738.5,0,EC
-3053.75,1751,0,EC
-3120.75,1751.5,0,EC
-3089.75,1755.5,0,EC
-3018.75,1751,0,EC
-2881.25,1747.5,0,EC
-2964.25,1749.5,0,EC
-2896.25,1750.5,0,EC
-2942.75,1753,0,EC
-3212.75,1756.5,0,EC
-3184.75,1764,0,EC
-2915.25,1757.5,0,EC
-3231.25,1759.5,0,EC
-3070.75,1759,0,EC
-3154.75,1767.5,0,EC
-2950.75,1764,0,EC
-2972.25,1771.5,0,EC
-3211.75,1774.5,0,EC
-2885.25,1779.5,0,EC
-3022.75,1773.5,0,EC
-2926.25,1772.5,0,EC
-3141.75,1775.5,0,EC
-3079.25,1774.5,0,EC
-2998.25,1777.5,0,EC
-3241.75,1781,0,EC
-3157.75,1785.5,0,EC
-2980.25,1795,0,EC
-3097.25,1791,0,EC
-3228.75,1788.5,0,EC
-3137.25,1790,0,EC
-3083.75,1793,0,EC
-2907.75,1796.5,0,EC
-3068.75,1794.5,0,EC
-3049.75,1795,0,EC
-3026.25,1798,0,EC
-3196.75,1801.5,0,EC
-2958.75,1795,0,EC
-2934.25,1811.5,0,EC
-3157.25,1807,0,EC
-2878.25,1806,0,EC
-3060.25,1812.5,0,EC
-2961.25,1812.5,0,EC
-3219.75,1815.5,0,EC
-2892.25,1815.5,0,EC
-3086.75,1814,0,EC
-2909.75,1817,0,EC
-3043.25,1832,0,EC
-3179.75,1826,0,EC
-3007.25,1835,0,EC
-2951.75,1828.5,0,EC
-2976.75,1832.5,0,EC
-2872.75,1843,0,EC
-2940.75,1840,0,EC
-2909.25,1844.5,0,EC
-2958.75,1845,0,EC
-3158.25,1853,0,EC
-3021.75,1858.5,0,EC
-2889.75,1858,0,EC
-2904.75,1860.5,0,EC
-2938.25,1860.5,0,EC
-2994.75,1860.5,0,EC
-3080.75,1859.5,0,EC
-2976.25,1862,0,EC
-2877.75,1862,0,EC
-2958.25,1872,0,EC
-2986.25,1869,0,EC
-2895.25,1877,0,EC
-2968.25,1881,0,EC
-2922.25,1884.5,0,EC
-2982.75,1897.5,0,EC
-2874.75,1891,0,EC
-2950.75,1902.5,0,EC
-2889.75,1905,0,EC
-3114.25,1913,0,EC
-2903.75,1910,0,EC
-2925.75,1911.5,0,EC
-2933.25,1926,0,EC
-2905.25,1931.5,0,EC
-2940.75,1945.5,0,EC
-3180.75,1946,0,EC
-3088.25,1950,0,EC
-2900.25,1953.5,0,EC
-3157.75,1950.5,0,EC
-2924.75,1953.5,0,EC
-3145.75,1963,0,EC
-3107.25,1968.5,0,EC
-3090.75,1975.5,0,EC
-2884.75,1976.5,0,EC
-3140.25,1978,0,EC
-2906.75,1982,0,EC
-3161.25,1993,0,EC
-3129.75,2004,0,EC
-2884.25,2008.5,0,EC
-3093.25,2010,0,EC
-2917.25,2015.5,0,EC
-3082.25,2027.5,0,EC
-3115.75,2027.5,0,EC
-3060.25,2035.5,0,EC
-3104.25,2035.5,0,EC
-2996.25,2046.5,0,EC
-2925.25,2043,0,EC
-2896.25,2050.5,0,EC
-3098.75,2054,0,EC
-2914.25,2050.5,0,EC
-1312.25,1273.5,0,EC
-1336.25,1260.5,0,EC
-1598.75,1262.5,0,EC
-1455.75,1271,0,EC
-1536.75,1267,0,EC
-1324.75,1273,0,EC
-1701.75,1273,0,EC
-1510.25,1274,0,EC
-1671.75,1280,0,EC
-1586.75,1282,0,EC
-1527.25,1280,0,EC
-2055.25,1283,0,EC
-1682.75,1286.5,0,EC
-1610.25,1283,0,EC
-1735.25,1289.5,0,EC
-1617.25,1298.5,0,EC
-1474.25,1291,0,EC
-1712.75,1298,0,EC
-1696.75,1298,0,EC
-1503.75,1297.5,0,EC
-1407.75,1305,0,EC
-1601.75,1299,0,EC
-1751.25,1305,0,EC
-1670.25,1310.5,0,EC
-2054.25,1309.5,0,EC
-1532.25,1317.5,0,EC
-1626.25,1317,0,EC
-1612.25,1331.5,0,EC
-1573.75,1326.5,0,EC
-1732.25,1326.5,0,EC
-2056.25,1338,0,EC
-1650.75,1324,0,EC
-1296.75,1327.5,0,EC
-1792.75,1328.5,0,EC
-1533.75,1335,0,EC
-2036.25,1334.5,0,EC
-1285.75,1339,0,EC
-1679.25,1342,0,EC
-1701.75,1341.5,0,EC
-1576.75,1341.5,0,EC
-1485.25,1351.5,0,EC
-1588.25,1353.5,0,EC
-1508.75,1356.5,0,EC
-1873.25,1358,0,EC
-1634.25,1362,0,EC
-2027.25,1368.5,0,EC
-2006.25,1363.5,0,EC
-1679.25,1366,0,EC
-2045.25,1375.5,0,EC
-1585.75,1375.5,0,EC
-1514.25,1375.5,0,EC
-1498.25,1378.5,0,EC
-1990.25,1377,0,EC
-2017.75,1381.5,0,EC
-1878.25,1382.5,0,EC
-1478.25,1381.5,0,EC
-1715.25,1390,0,EC
-1637.75,1391.5,0,EC
-2036.75,1417.5,0,EC
-1567.75,1397,0,EC
-2019.75,1398.5,0,EC
-2055.25,1398,0,EC
-1817.75,1413.5,0,EC
-2000.75,1419,0,EC
-1720.25,1412,0,EC
-1840.25,1414.5,0,EC
-1504.25,1420.5,0,EC
-1766.75,1420,0,EC
-1865.25,1426.5,0,EC
-1488.75,1422,0,EC
-1749.25,1433,0,EC
-1985.25,1435,0,EC
-1819.75,1434,0,EC
-1485.25,1451,0,EC
-1850.75,1444.5,0,EC
-1791.75,1441.5,0,EC
-1877.25,1451,0,EC
-1667.25,1441.5,0,EC
-1730.25,1472,0,EC
-1679.75,1458,0,EC
-1838.75,1458,0,EC
-1701.25,1454.5,0,EC
-1502.75,1459,0,EC
-1768.25,1457.5,0,EC
-1856.75,1460,0,EC
-1984.25,1462.5,0,EC
-1706.75,1466,0,EC
-1997.75,1472,0,EC
-1885.25,1470.5,0,EC
-1836.25,1480.5,0,EC
-1636.75,1472.5,0,EC
-1852.75,1482,0,EC
-2024.25,1485.5,0,EC
-2002.25,1487,0,EC
-1941.75,1484,0,EC
-2038.75,1489.5,0,EC
-1654.75,1492.5,0,EC
-1859.75,1495,0,EC
-1516.75,1496,0,EC
-1902.25,1493.5,0,EC
-1716.25,1505.5,0,EC
-2033.25,1506,0,EC
-2004.75,1511,0,EC
-1415.75,1510,0,EC
-1870.25,1514,0,EC
-1521.75,1518.5,0,EC
-1496.75,1524,0,EC
-1323.75,1520.5,0,EC
-1423.75,1525.5,0,EC
-1341.25,1527,0,EC
-1505.25,1539.5,0,EC
-1459.25,1533.5,0,EC
-1885.75,1540.5,0,EC
-1362.75,1543.5,0,EC
-1347.25,1545.5,0,EC
-1920.25,1548,0,EC
-1447.75,1548,0,EC
-1278.75,1549,0,EC
-1792.25,1567,0,EC
-1462.75,1548.5,0,EC
-1440.25,1560,0,EC
-1390.25,1549,0,EC
-1997.75,1560,0,EC
-1507.25,1563,0,EC
-1407.25,1559,0,EC
-1370.25,1563.5,0,EC
-1530.75,1560,0,EC
-1419.25,1561.5,0,EC
-1901.75,1563.5,0,EC
-2019.75,1564.5,0,EC
-2050.75,1566.5,0,EC
-1871.75,1569,0,EC
-1329.25,1570,0,EC
-1275.25,1581.5,0,EC
-1542.75,1573,0,EC
-1925.75,1571.5,0,EC
-1980.75,1572.5,0,EC
-1613.25,1577,0,EC
-1298.75,1577,0,EC
-1383.25,1582.5,0,EC
-1372.25,1577,0,EC
-1890.75,1580.5,0,EC
-2052.25,1582.5,0,EC
-1851.75,1584,0,EC
-1501.75,1585.5,0,EC
-1937.75,1585.5,0,EC
-1517.25,1593.5,0,EC
-2004.25,1602.5,0,EC
-1920.75,1590,0,EC
-1907.75,1597,0,EC
-1990.75,1586.5,0,EC
-1439.75,1591.5,0,EC
-1458.25,1599.5,0,EC
-1928.25,1597,0,EC
-1547.75,1607.5,0,EC
-1888.25,1602.5,0,EC
-1873.75,1603,0,EC
-1502.75,1606.5,0,EC
-1403.25,1603.5,0,EC
-1982.25,1609,0,EC
-2065.75,1613,0,EC
-1517.25,1617.5,0,EC
-1442.75,1614.5,0,EC
-1933.25,1618,0,EC
-1400.75,1616.5,0,EC
-1709.75,1619.5,0,EC
-1493.25,1621,0,EC
-1989.75,1623.5,0,EC
-1421.75,1628.5,0,EC
-2057.25,1630.5,0,EC
-1538.75,1635,0,EC
-2035.75,1639.5,0,EC
-1513.25,1636.5,0,EC
-1491.25,1636,0,EC
-1925.75,1646.5,0,EC
-1980.75,1643.5,0,EC
-1405.25,1640.5,0,EC
-2003.25,1647.5,0,EC
-1970.75,1650,0,EC
-1522.25,1651.5,0,EC
-1542.75,1655.5,0,EC
-1411.75,1658,0,EC
-1722.25,1657,0,EC
-1963.25,1662.5,0,EC
-1523.75,1679.5,0,EC
-1893.25,1675.5,0,EC
-1742.25,1678.5,0,EC
-1546.25,1685,0,EC
-1750.75,1694,0,EC
-1534.75,1708,0,EC
-2033.75,1705.5,0,EC
-1496.25,1707.5,0,EC
-1505.75,1713.5,0,EC
-1788.75,1723,0,EC
-1561.25,1726.5,0,EC
-1746.25,1727.5,0,EC
-1440.75,1747.5,0,EC
-1776.25,1747,0,EC
-1739.75,1747,0,EC
-1688.75,1757.5,0,EC
-1997.75,1752,0,EC
-1718.25,1754.5,0,EC
-1457.75,1759,0,EC
-1755.75,1769.5,0,EC
-1773.25,1779,0,EC
-1634.75,1761.5,0,EC
-1717.25,1769.5,0,EC
-1419.75,1775,0,EC
-1625.25,1778,0,EC
-1835.75,1776.5,0,EC
-1590.75,1786,0,EC
-1697.75,1774.5,0,EC
-1446.75,1775,0,EC
-1721.25,1779,0,EC
-1655.75,1788,0,EC
-1634.75,1793,0,EC
-1711.25,1790.5,0,EC
-1887.25,1796.5,0,EC
-1611.25,1794.5,0,EC
-1442.75,1794,0,EC
-1821.75,1803,0,EC
-1417.75,1792.5,0,EC
-1751.75,1795,0,EC
-2054.75,1804,0,EC
-1416.25,1813.5,0,EC
-1794.25,1810,0,EC
-1706.75,1806.5,0,EC
-1735.25,1809.5,0,EC
-1448.25,1807,0,EC
-1835.75,1816.5,0,EC
-1646.75,1811,0,EC
-1874.75,1812,0,EC
-1767.25,1813,0,EC
-1716.25,1822.5,0,EC
-1465.25,1817,0,EC
-1674.25,1819.5,0,EC
-2051.25,1828,0,EC
-1647.75,1824,0,EC
-1743.25,1833,0,EC
-1349.25,1837.5,0,EC
-1902.75,1832.5,0,EC
-1795.75,1840.5,0,EC
-1821.75,1837.5,0,EC
-1669.75,1840.5,0,EC
-1636.25,1844,0,EC
-1432.25,1844.5,0,EC
-1928.25,1847.5,0,EC
-1895.75,1846,0,EC
-1871.75,1847,0,EC
-1844.75,1855.5,0,EC
-1746.25,1851.5,0,EC
-1718.25,1853.5,0,EC
-1821.75,1863.5,0,EC
-1910.75,1862.5,0,EC
-1659.25,1857.5,0,EC
-1610.25,1864,0,EC
-1640.25,1866,0,EC
-1887.75,1864,0,EC
-1872.75,1873.5,0,EC
-1790.75,1866.5,0,EC
-1804.25,1866,0,EC
-1719.75,1868.5,0,EC
-1421.75,1867.5,0,EC
-1849.25,1883,0,EC
-1806.75,1885,0,EC
-1708.75,1883,0,EC
-1900.25,1888.5,0,EC
-1379.25,1892,0,EC
-1735.75,1899,0,EC
-1724.25,1888.5,0,EC
-2054.25,1893.5,0,EC
-1958.25,1889.5,0,EC
-1993.75,1893,0,EC
-1884.25,1899,0,EC
-1844.25,1898.5,0,EC
-2017.75,1911,0,EC
-1387.75,1907,0,EC
-2036.25,1908,0,EC
-1829.75,1919.5,0,EC
-1705.25,1907.5,0,EC
-1777.75,1915.5,0,EC
-2058.75,1910,0,EC
-1409.75,1912.5,0,EC
-1987.75,1917.5,0,EC
-1804.25,1915.5,0,EC
-1750.25,1915,0,EC
-1934.25,1918.5,0,EC
-1862.75,1917,0,EC
-1293.25,1921,0,EC
-1911.75,1926.5,0,EC
-2057.75,1927,0,EC
-1995.75,1938.5,0,EC
-1278.75,1944.5,0,EC
-2034.25,1937.5,0,EC
-1765.75,1936.5,0,EC
-1362.75,1936,0,EC
-1304.25,1939.5,0,EC
-1857.75,1941,0,EC
-1343.75,1935,0,EC
-2010.75,1936,0,EC
-1630.25,1938,0,EC
-1808.25,1940.5,0,EC
-1715.25,1941.5,0,EC
-1730.25,1946,0,EC
-1789.75,1953.5,0,EC
-1978.25,1947,0,EC
-2047.75,1948.5,0,EC
-1376.25,1959,0,EC
-1946.25,1954.5,0,EC
-1745.75,1951,0,EC
-1691.25,1964.5,0,EC
-1764.75,1953,0,EC
-2016.25,1950.5,0,EC
-1901.25,1955,0,EC
-1927.75,1954.5,0,EC
-2035.75,1959.5,0,EC
-1982.75,1968.5,0,EC
-1809.75,1973,0,EC
-1757.25,1970,0,EC
-1728.25,1975,0,EC
-2008.75,1969.5,0,EC
-1288.25,1979.5,0,EC
-1900.75,1972,0,EC
-1916.75,1976,0,EC
-1777.75,1985.5,0,EC
-1343.25,1975,0,EC
-1952.75,1982,0,EC
-1325.25,1983,0,EC
-2034.25,1995.5,0,EC
-2062.75,1991,0,EC
-1377.25,1991,0,EC
-1351.75,1989.5,0,EC
-1751.75,1995.5,0,EC
-1304.75,2001,0,EC
-1967.25,2007.5,0,EC
-1720.75,2003,0,EC
-1697.75,2011,0,EC
-1784.25,2010,0,EC
-2062.75,2012,0,EC
-2050.75,2012.5,0,EC
-1357.75,2021,0,EC
-1948.75,2021,0,EC
-1992.25,2023,0,EC
-1763.75,2024.5,0,EC
-1816.75,2027.5,0,EC
-2058.75,2029.5,0,EC
-2036.25,2031,0,EC
-1973.25,2028,0,EC
-1892.75,2034.5,0,EC
-1740.25,2035,0,EC
-1629.25,2037.5,0,EC
-2001.75,2035,0,EC
-1875.75,2038,0,EC
-1697.75,2035,0,EC
-1301.75,2038,0,EC
-1930.25,2042.5,0,EC
-2064.75,2045,0,EC
-1813.75,2045,0,EC
-2006.25,2049,0,EC
-1859.25,2049.5,0,EC
-2023.75,2055.5,0,EC
-1690.75,2057,0,EC
-1102.25,1261.5,0,EC
-758.25,1269,0,EC
-726.25,1273.5,0,EC
-867.75,1287.5,0,EC
-765.75,1294,0,EC
-731.75,1285,0,EC
-718.75,1310,0,EC
-795.75,1312.5,0,EC
-866.75,1315.5,0,EC
-737.25,1323.5,0,EC
-763.75,1320.5,0,EC
-682.25,1326.5,0,EC
-1068.25,1324.5,0,EC
-715.25,1327,0,EC
-1017.75,1329,0,EC
-778.25,1344.5,0,EC
-1046.75,1337,0,EC
-1154.25,1337,0,EC
-1131.75,1348.5,0,EC
-701.25,1344,0,EC
-728.75,1347.5,0,EC
-1091.25,1349.5,0,EC
-1029.25,1351.5,0,EC
-824.25,1353.5,0,EC
-1158.75,1359,0,EC
-832.75,1362.5,0,EC
-686.75,1363,0,EC
-1117.25,1364,0,EC
-694.75,1369,0,EC
-634.75,1366.5,0,EC
-1188.75,1371,0,EC
-770.25,1369,0,EC
-1133.75,1373.5,0,EC
-1066.25,1375,0,EC
-1165.75,1382.5,0,EC
-795.25,1385.5,0,EC
-778.75,1388,0,EC
-1126.25,1386,0,EC
-823.25,1389.5,0,EC
-662.25,1393.5,0,EC
-559.75,1393,0,EC
-590.75,1398.5,0,EC
-617.75,1396.5,0,EC
-1120.25,1401.5,0,EC
-814.25,1415.5,0,EC
-1134.25,1412,0,EC
-893.75,1420.5,0,EC
-1161.75,1416.5,0,EC
-601.25,1417,0,EC
-767.75,1419,0,EC
-726.25,1431.5,0,EC
-1123.25,1421.5,0,EC
-789.75,1427.5,0,EC
-965.75,1425,0,EC
-1063.25,1429,0,EC
-1027.75,1428.5,0,EC
-824.25,1445.5,0,EC
-798.75,1443.5,0,EC
-624.25,1440,0,EC
-886.25,1444.5,0,EC
-1004.75,1457.5,0,EC
-705.75,1460.5,0,EC
-1080.25,1462,0,EC
-744.25,1465,0,EC
-1099.75,1471.5,0,EC
-573.25,1470,0,EC
-1041.75,1469,0,EC
-719.25,1479,0,EC
-1148.25,1479,0,EC
-850.75,1480,0,EC
-1009.75,1488.5,0,EC
-1089.75,1486.5,0,EC
-1072.75,1488.5,0,EC
-879.75,1496.5,0,EC
-731.75,1506.5,0,EC
-1033.75,1515,0,EC
-520.75,1516.5,0,EC
-1225.25,1527.5,0,EC
-1035.75,1528,0,EC
-1244.25,1532,0,EC
-632.25,1546.5,0,EC
-555.75,1543,0,EC
-1210.25,1553.5,0,EC
-721.25,1548.5,0,EC
-739.25,1553.5,0,EC
-1244.25,1550.5,0,EC
-1250.25,1564,0,EC
-675.25,1565,0,EC
-746.25,1573,0,EC
-1214.75,1578,0,EC
-711.75,1579,0,EC
-727.25,1581.5,0,EC
-695.75,1586,0,EC
-1195.25,1584,0,EC
-1253.25,1593.5,0,EC
-755.75,1593.5,0,EC
-645.75,1600,0,EC
-1210.25,1592.5,0,EC
-1028.75,1602,0,EC
-978.25,1595.5,0,EC
-729.25,1608,0,EC
-679.75,1605,0,EC
-922.75,1604,0,EC
-710.25,1608.5,0,EC
-999.75,1604.5,0,EC
-468.75,1604,0,EC
-900.25,1612.5,0,EC
-1245.25,1620.5,0,EC
-753.25,1617.5,0,EC
-908.75,1633.5,0,EC
-721.75,1634,0,EC
-533.25,1633,0,EC
-764.75,1639,0,EC
-743.25,1638,0,EC
-1081.25,1655.5,0,EC
-1171.75,1646,0,EC
-1114.25,1647.5,0,EC
-1152.75,1650.5,0,EC
-504.25,1657.5,0,EC
-762.75,1658,0,EC
-751.25,1672,0,EC
-693.25,1655,0,EC
-1122.75,1664,0,EC
-890.25,1666.5,0,EC
-1172.75,1669.5,0,EC
-644.25,1669,0,EC
-1152.25,1666,0,EC
-1094.25,1670.5,0,EC
-661.25,1671.5,0,EC
-531.25,1666,0,EC
-1030.25,1675,0,EC
-815.25,1681,0,EC
-701.75,1673,0,EC
-472.25,1672,0,EC
-731.75,1680,0,EC
-523.25,1681.5,0,EC
-1010.75,1684,0,EC
-489.75,1685.5,0,EC
-871.25,1690,0,EC
-602.75,1692,0,EC
-1163.25,1695,0,EC
-742.75,1690,0,EC
-1111.75,1695.5,0,EC
-681.75,1699.5,0,EC
-1028.75,1695,0,EC
-772.25,1703,0,EC
-1170.75,1716,0,EC
-702.75,1715.5,0,EC
-1116.75,1719.5,0,EC
-876.75,1717.5,0,EC
-959.25,1721,0,EC
-1191.75,1723.5,0,EC
-897.25,1729.5,0,EC
-1158.25,1733.5,0,EC
-880.25,1733,0,EC
-1185.25,1741,0,EC
-942.25,1738,0,EC
-739.25,1739.5,0,EC
-1066.25,1736.5,0,EC
-687.25,1758,0,EC
-771.25,1753.5,0,EC
-1068.25,1755,0,EC
-994.25,1765.5,0,EC
-867.75,1771,0,EC
-778.25,1768,0,EC
-1056.75,1771.5,0,EC
-1017.25,1780.5,0,EC
-764.25,1777,0,EC
-791.75,1782.5,0,EC
-957.25,1778.5,0,EC
-688.25,1783.5,0,EC
-979.25,1785.5,0,EC
-1049.25,1792,0,EC
-997.75,1789,0,EC
-890.25,1793,0,EC
-704.25,1819.5,0,EC
-1160.25,1796.5,0,EC
-1191.25,1793.5,0,EC
-748.75,1797.5,0,EC
-1021.75,1803,0,EC
-828.75,1806,0,EC
-989.25,1806.5,0,EC
-913.25,1820.5,0,EC
-759.75,1812,0,EC
-1199.75,1819,0,EC
-1177.75,1817.5,0,EC
-1150.75,1817,0,EC
-974.25,1823.5,0,EC
-843.75,1820,0,EC
-1168.75,1829.5,0,EC
-884.75,1826,0,EC
-873.25,1826,0,EC
-743.75,1838.5,0,EC
-939.25,1834.5,0,EC
-773.75,1836,0,EC
-997.25,1839,0,EC
-1186.25,1845,0,EC
-1086.75,1851,0,EC
-1172.25,1848,0,EC
-858.75,1847,0,EC
-871.25,1859,0,EC
-929.25,1856,0,EC
-760.25,1857.5,0,EC
-849.75,1856.5,0,EC
-1139.25,1860.5,0,EC
-639.25,1860,0,EC
-1057.25,1861,0,EC
-1039.25,1869,0,EC
-1183.75,1871.5,0,EC
-980.75,1870,0,EC
-832.75,1871,0,EC
-631.25,1872.5,0,EC
-897.75,1877.5,0,EC
-845.75,1877,0,EC
-919.75,1876.5,0,EC
-778.75,1878,0,EC
-877.75,1878,0,EC
-1113.75,1881.5,0,EC
-1156.25,1882,0,EC
-1136.25,1885.5,0,EC
-973.75,1888.5,0,EC
-827.75,1891,0,EC
-712.75,1901,0,EC
-643.25,1897,0,EC
-627.75,1890.5,0,EC
-899.75,1895.5,0,EC
-874.75,1900.5,0,EC
-856.25,1900,0,EC
-920.25,1906.5,0,EC
-817.25,1898,0,EC
-843.25,1904,0,EC
-1092.75,1901,0,EC
-1042.25,1901.5,0,EC
-1024.75,1905.5,0,EC
-765.75,1911,0,EC
-981.75,1915.5,0,EC
-1123.25,1916.5,0,EC
-1049.25,1927,0,EC
-1039.75,1915,0,EC
-942.75,1918.5,0,EC
-661.75,1916,0,EC
-734.25,1914.5,0,EC
-1011.75,1931.5,0,EC
-723.75,1928,0,EC
-969.75,1932,0,EC
-628.75,1933,0,EC
-1254.75,1940,0,EC
-708.75,1936,0,EC
-662.25,1938,0,EC
-1140.25,1935,0,EC
-770.25,1944.5,0,EC
-1090.75,1950.5,0,EC
-729.25,1949.5,0,EC
-920.25,1950.5,0,EC
-1244.25,1955.5,0,EC
-1051.75,1949.5,0,EC
-976.25,1951,0,EC
-602.75,1951.5,0,EC
-1231.25,1954.5,0,EC
-960.25,1957,0,EC
-469.75,1951.5,0,EC
-643.75,1955.5,0,EC
-501.75,1955.5,0,EC
-759.75,1965.5,0,EC
-872.25,1969,0,EC
-1207.25,1976,0,EC
-1171.25,1973.5,0,EC
-637.25,1974.5,0,EC
-602.75,1971,0,EC
-531.75,1977.5,0,EC
-1117.25,1978,0,EC
-1233.25,1981,0,EC
-579.25,1978,0,EC
-551.75,1983.5,0,EC
-672.25,1985,0,EC
-1003.75,1982,0,EC
-968.25,1982.5,0,EC
-845.25,1986,0,EC
-1094.75,1982,0,EC
-1155.25,1991,0,EC
-1026.25,1987,0,EC
-1079.75,1991,0,EC
-904.25,1986.5,0,EC
-503.25,1992,0,EC
-641.75,1998,0,EC
-597.25,1996,0,EC
-1048.75,1992.5,0,EC
-1192.25,1996.5,0,EC
-1117.75,2002.5,0,EC
-951.25,1999.5,0,EC
-1170.75,1999,0,EC
-480.25,1998.5,0,EC
-1062.25,2007,0,EC
-1035.25,2005,0,EC
-918.75,2002.5,0,EC
-1137.25,2005.5,0,EC
-852.25,2000.5,0,EC
-563.75,2005.5,0,EC
-523.75,2011,0,EC
-1239.25,2012.5,0,EC
-1016.75,2009,0,EC
-969.25,2007.5,0,EC
-1160.25,2011.5,0,EC
-1102.75,2015,0,EC
-495.75,2017.5,0,EC
-1176.25,2014.5,0,EC
-1003.75,2015,0,EC
-854.75,2019.5,0,EC
-1204.25,2023.5,0,EC
-1046.25,2021.5,0,EC
-764.25,2018.5,0,EC
-901.75,2019.5,0,EC
-645.25,2024.5,0,EC
-1224.75,2036.5,0,EC
-1180.25,2033.5,0,EC
-988.75,2038,0,EC
-1161.75,2035,0,EC
-1034.25,2041,0,EC
-839.75,2033.5,0,EC
-676.25,2043,0,EC
-1199.25,2040,0,EC
-1145.75,2044,0,EC
-1172.25,2041,0,EC
-804.75,2050.5,0,EC
-1013.25,2048.5,0,EC
-688.25,2048,0,EC
-935.25,2056.5,0,EC
-87.75,1261,0,EC
323.75,1257.5,0,EC
-263.75,1264,0,EC
-297.75,1260.5,0,EC
-210.25,1261.5,0,EC
-180.75,1270.5,0,EC
183.75,1271.5,0,EC
-324.75,1271.5,0,EC
-230.75,1273,0,EC
-194.75,1270.5,0,EC
-141.75,1272,0,EC
-299.25,1279.5,0,EC
-349.75,1287.5,0,EC
-210.25,1279,0,EC
-117.25,1285.5,0,EC
202.75,1295,0,EC
-252.75,1291,0,EC
-185.25,1296,0,EC
-273.25,1298,0,EC
-314.75,1305,0,EC
-26.75,1299,0,EC
311.75,1300.5,0,EC
-355.75,1305.5,0,EC
-141.75,1303,0,EC
-295.25,1311,0,EC
-378.75,1325,0,EC
312.25,1321.5,0,EC
-242.75,1319.5,0,EC
-274.75,1324,0,EC
-264.75,1316.5,0,EC
181.25,1317,0,EC
-417.25,1336.5,0,EC
-346.25,1337,0,EC
-315.75,1327,0,EC
-97.75,1327.5,0,EC
-333.25,1331,0,EC
-294.75,1333,0,EC
-222.25,1336.5,0,EC
167.75,1339.5,0,EC
-254.75,1346.5,0,EC
-379.25,1350.5,0,EC
-318.25,1351.5,0,EC
-157.25,1348,0,EC
-90.75,1347.5,0,EC
-100.75,1352,0,EC
-178.75,1351,0,EC
-235.75,1353.5,0,EC
-399.75,1363,0,EC
228.75,1353.5,0,EC
-344.25,1356,0,EC
-165.75,1357,0,EC
287.25,1359,0,EC
-223.25,1362.5,0,EC
-362.75,1372.5,0,EC
-452.25,1378.5,0,EC
-418.25,1373.5,0,EC
-171.25,1371,0,EC
192.25,1371.5,0,EC
-117.25,1374.5,0,EC
300.75,1374.5,0,EC
-59.75,1371,0,EC
-71.25,1385,0,EC
136.75,1391,0,EC
-366.25,1395,0,EC
239.25,1405.5,0,EC
-449.75,1409.5,0,EC
-348.25,1416,0,EC
-88.75,1405.5,0,EC
-320.25,1422,0,EC
-100.75,1426.5,0,EC
-59.25,1428,0,EC
314.25,1433.5,0,EC
-344.75,1437,0,EC
328.75,1445.5,0,EC
-428.75,1447.5,0,EC
-404.75,1450.5,0,EC
281.75,1445,0,EC
-461.75,1449,0,EC
-238.25,1457,0,EC
-357.25,1446.5,0,EC
-109.25,1448,0,EC
293.25,1448.5,0,EC
-100.75,1457.5,0,EC
311.75,1455,0,EC
-263.25,1463,0,EC
-73.25,1465.5,0,EC
-134.75,1467.5,0,EC
-55.25,1464.5,0,EC
-384.75,1469.5,0,EC
322.25,1472,0,EC
-446.25,1470,0,EC
-354.25,1475,0,EC
-279.75,1472,0,EC
-85.75,1483,0,EC
-119.75,1484,0,EC
-313.75,1486.5,0,EC
-252.75,1489.5,0,EC
-101.25,1499,0,EC
-294.75,1509,0,EC
-311.25,1514.5,0,EC
-378.25,1511.5,0,EC
-273.75,1519.5,0,EC
-349.75,1534,0,EC
-282.25,1544.5,0,EC
-439.75,1554.5,0,EC
-393.25,1561,0,EC
-192.75,1559.5,0,EC
-431.25,1569.5,0,EC
-445.75,1580.5,0,EC
-259.75,1579.5,0,EC
306.75,1587.5,0,EC
-231.25,1607.5,0,EC
-453.25,1615,0,EC
237.75,1617,0,EC
-164.75,1629,0,EC
-439.75,1623,0,EC
258.25,1622.5,0,EC
-396.25,1633,0,EC
-410.75,1632,0,EC
281.25,1639,0,EC
-61.25,1647.5,0,EC
-439.75,1641.5,0,EC
-357.75,1655.5,0,EC
-439.75,1650,0,EC
-462.25,1655,0,EC
301.75,1651.5,0,EC
-296.25,1656,0,EC
-410.25,1659.5,0,EC
281.75,1662,0,EC
310.75,1660.5,0,EC
-453.75,1667.5,0,EC
-325.75,1664.5,0,EC
-287.25,1666.5,0,EC
255.75,1670.5,0,EC
-109.25,1671.5,0,EC
-79.25,1672,0,EC
215.75,1676.5,0,EC
-154.75,1678,0,EC
-326.75,1680,0,EC
-98.75,1678.5,0,EC
-312.25,1676.5,0,EC
41.25,1691,0,EC
11.75,1689,0,EC
-78.25,1684,0,EC
241.75,1686.5,0,EC
-304.25,1687.5,0,EC
-122.75,1694.5,0,EC
190.25,1692.5,0,EC
-316.25,1693,0,EC
-249.25,1696,0,EC
-160.75,1697,0,EC
146.25,1699,0,EC
-293.75,1701,0,EC
218.25,1701.5,0,EC
-106.75,1700.5,0,EC
106.25,1702.5,0,EC
-237.25,1706,0,EC
181.75,1706,0,EC
-142.25,1709,0,EC
-350.75,1710,0,EC
-91.75,1714.5,0,EC
166.25,1715.5,0,EC
-42.25,1713.5,0,EC
141.75,1716.5,0,EC
-251.25,1720,0,EC
270.75,1718.5,0,EC
102.75,1720,0,EC
80.75,1719,0,EC
-179.75,1726,0,EC
-55.75,1745.5,0,EC
310.75,1726.5,0,EC
-8.75,1729,0,EC
73.75,1735,0,EC
115.75,1733,0,EC
281.25,1735,0,EC
149.25,1734,0,EC
-192.25,1743,0,EC
203.75,1737.5,0,EC
230.25,1738.5,0,EC
331.25,1739,0,EC
137.75,1749.5,0,EC
171.25,1744.5,0,EC
-367.25,1749,0,EC
70.75,1749,0,EC
223.75,1756,0,EC
250.25,1753.5,0,EC
285.75,1750,0,EC
-40.25,1758,0,EC
306.75,1759.5,0,EC
193.75,1755,0,EC
47.25,1758.5,0,EC
158.25,1773,0,EC
-316.75,1759.5,0,EC
-203.75,1760.5,0,EC
-286.25,1770.5,0,EC
309.25,1774,0,EC
-46.75,1776.5,0,EC
62.25,1772.5,0,EC
135.25,1773.5,0,EC
-330.25,1771.5,0,EC
-132.75,1771,0,EC
188.75,1773,0,EC
-266.25,1778.5,0,EC
34.75,1776,0,EC
-17.25,1792.5,0,EC
296.75,1788,0,EC
271.25,1793.5,0,EC
-55.75,1795.5,0,EC
-336.25,1789,0,EC
-347.25,1791,0,EC
-108.25,1796,0,EC
-326.75,1798.5,0,EC
-345.75,1809,0,EC
124.75,1803.5,0,EC
-210.75,1811.5,0,EC
-286.75,1814,0,EC
319.75,1810,0,EC
-149.75,1817.5,0,EC
183.25,1813.5,0,EC
97.25,1813.5,0,EC
-110.75,1823.5,0,EC
-67.75,1814,0,EC
-164.75,1818,0,EC
73.75,1825,0,EC
104.25,1831,0,EC
264.25,1827,0,EC
-299.25,1827.5,0,EC
43.25,1829,0,EC
160.25,1827.5,0,EC
175.25,1828,0,EC
287.75,1838.5,0,EC
-324.75,1834.5,0,EC
-254.25,1837.5,0,EC
194.75,1833,0,EC
85.75,1835,0,EC
-202.25,1841,0,EC
57.25,1842,0,EC
-140.75,1844,0,EC
251.75,1852,0,EC
328.75,1847,0,EC
234.75,1850,0,EC
-212.25,1858,0,EC
143.75,1849.5,0,EC
37.25,1853,0,EC
-337.75,1853,0,EC
286.25,1867.5,0,EC
-135.75,1858.5,0,EC
-358.25,1861,0,EC
-64.75,1859.5,0,EC
170.25,1873.5,0,EC
234.75,1866.5,0,EC
-97.75,1879,0,EC
39.25,1869,0,EC
-229.25,1885.5,0,EC
191.75,1879.5,0,EC
331.25,1877.5,0,EC
-372.25,1882.5,0,EC
116.25,1883,0,EC
-163.75,1881.5,0,EC
-72.75,1884,0,EC
133.25,1884.5,0,EC
-180.25,1886.5,0,EC
-152.25,1887.5,0,EC
-352.75,1893,0,EC
-28.25,1900,0,EC
251.25,1899,0,EC
-374.25,1904.5,0,EC
-398.75,1902,0,EC
-120.25,1906.5,0,EC
-330.75,1909,0,EC
34.75,1904,0,EC
0.75,1914,0,EC
53.75,1910.5,0,EC
-15.75,1911.5,0,EC
-177.25,1911.5,0,EC
243.75,1909.5,0,EC
-45.75,1916,0,EC
105.75,1921.5,0,EC
66.75,1919.5,0,EC
211.25,1919.5,0,EC
311.25,1929,0,EC
-131.25,1926,0,EC
144.75,1925,0,EC
292.25,1931,0,EC
-86.25,1936,0,EC
220.25,1932,0,EC
53.75,1931.5,0,EC
45.75,1942,0,EC
-331.25,1942.5,0,EC
273.75,1943.5,0,EC
-152.75,1949.5,0,EC
-101.25,1948,0,EC
-130.25,1956.5,0,EC
-2.75,1958,0,EC
231.75,1958,0,EC
26.75,1954.5,0,EC
-72.25,1960,0,EC
-315.75,1960,0,EC
-213.75,1959.5,0,EC
-169.75,1965,0,EC
-49.25,1969.5,0,EC
46.25,1965,0,EC
-105.75,1963.5,0,EC
175.75,1968.5,0,EC
19.75,1971.5,0,EC
120.25,1970,0,EC
137.75,1970,0,EC
-142.25,1977.5,0,EC
-4.25,1972.5,0,EC
-307.25,1976,0,EC
-285.25,1973,0,EC
-110.75,1974,0,EC
155.75,1975,0,EC
-221.75,1977,0,EC
59.25,1974,0,EC
-363.75,1983.5,0,EC
-465.25,1982.5,0,EC
85.75,1983.5,0,EC
-204.25,1989.5,0,EC
-67.75,1984,0,EC
-17.75,1993,0,EC
-436.25,1991,0,EC
-339.75,1990.5,0,EC
-63.25,1999,0,EC
-218.25,1999.5,0,EC
80.25,1999.5,0,EC
-230.75,1999.5,0,EC
-41.25,2007.5,0,EC
148.25,2004,0,EC
-323.75,2006,0,EC
-115.75,2014,0,EC
121.75,2016.5,0,EC
-236.25,2022,0,EC
-216.75,2026,0,EC
182.25,2027.5,0,EC
110.75,2028.5,0,EC
-402.25,2037,0,EC
-351.25,2031,0,EC
-384.75,2039,0,EC
126.25,2036,0,EC
98.75,2038,0,EC
-207.75,2045.5,0,EC
10.25,2054,0,EC
-225.75,2044.5,0,EC
87.75,2043,0,EC
-360.25,2047,0,EC
-319.25,2055.5,0,EC
-9.75,2051,0,EC
-301.75,2056.5,0,EC
478.75,1257.5,0,EC
341.25,1284,0,EC
467.25,1288,0,EC
509.25,1286.5,0,EC
367.75,1313,0,EC
469.75,1317.5,0,EC
362.25,1349,0,EC
345.25,1353.5,0,EC
334.25,1368,0,EC
621.25,1368,0,EC
346.75,1390.5,0,EC
415.75,1385.5,0,EC
364.75,1413,0,EC
406.75,1434.5,0,EC
614.25,1438,0,EC
579.25,1442,0,EC
606.25,1446.5,0,EC
343.25,1461,0,EC
443.75,1467,0,EC
555.25,1483,0,EC
587.25,1481.5,0,EC
440.75,1481,0,EC
572.25,1492,0,EC
452.25,1495.5,0,EC
542.75,1510,0,EC
364.25,1503.5,0,EC
366.75,1543,0,EC
501.75,1564,0,EC
361.75,1562,0,EC
523.75,1568,0,EC
335.25,1577,0,EC
371.75,1586,0,EC
473.75,1593.5,0,EC
585.75,1595,0,EC
442.25,1619,0,EC
419.25,1635.5,0,EC
364.25,1646.5,0,EC
399.25,1651.5,0,EC
460.75,1649.5,0,EC
420.75,1655.5,0,EC
387.25,1671,0,EC
452.25,1673.5,0,EC
426.25,1680.5,0,EC
337.25,1685.5,0,EC
390.25,1697.5,0,EC
419.75,1700,0,EC
371.25,1712.5,0,EC
416.25,1714.5,0,EC
392.25,1716,0,EC
341.75,1745.5,0,EC
365.25,1751,0,EC
383.25,1766.5,0,EC
350.25,1872,0,EC
352.75,1902,0,EC
625.75,1980.5,0,EC
647.25,1975,0,EC
1584.25,1261.5,0,EC
1761.25,1257.5,0,EC
1459.75,1262.5,0,EC
1484.75,1270,0,EC
1508.25,1266,0,EC
1626.75,1273,0,EC
1739.75,1275,0,EC
1466.75,1277,0,EC
1476.75,1281.5,0,EC
1662.75,1289.5,0,EC
1495.75,1296.5,0,EC
1755.75,1295,0,EC
1438.25,1307,0,EC
1466.75,1312,0,EC
1619.75,1309.5,0,EC
1508.75,1323.5,0,EC
1456.25,1318.5,0,EC
1532.75,1324.5,0,EC
1629.25,1329,0,EC
1468.25,1333.5,0,EC
1650.75,1333,0,EC
1616.75,1347,0,EC
1656.25,1345.5,0,EC
1327.25,1346,0,EC
1393.75,1349,0,EC
1412.75,1358,0,EC
1448.75,1369,0,EC
1378.25,1356,0,EC
1355.75,1364,0,EC
1386.25,1372.5,0,EC
1366.25,1376,0,EC
1414.25,1378,0,EC
1349.25,1391,0,EC
1374.75,1387.5,0,EC
1611.75,1391,0,EC
1402.75,1395,0,EC
1479.75,1404,0,EC
1735.25,1403,0,EC
1355.75,1423,0,EC
1321.25,1437.5,0,EC
1368.25,1445,0,EC
1594.75,1450.5,0,EC
1310.25,1472,0,EC
1340.75,1472.5,0,EC
1764.75,1467,0,EC
1332.25,1501.5,0,EC
1611.25,1497,0,EC
1631.75,1505.5,0,EC
1720.75,1502.5,0,EC
1214.75,1506.5,0,EC
1287.25,1511,0,EC
1829.75,1505.5,0,EC
1304.25,1504.5,0,EC
1664.75,1512.5,0,EC
1801.75,1517,0,EC
1701.75,1515,0,EC
1771.25,1511.5,0,EC
1625.25,1516.5,0,EC
1314.75,1530,0,EC
1575.75,1525.5,0,EC
1200.75,1528.5,0,EC
1771.25,1534,0,EC
1626.25,1537,0,EC
1282.25,1534,0,EC
1554.75,1543,0,EC
1495.75,1550,0,EC
1149.75,1542.5,0,EC
1584.75,1541,0,EC
1267.25,1558.5,0,EC
1171.25,1558.5,0,EC
1609.25,1553,0,EC
1752.75,1556,0,EC
1593.75,1557.5,0,EC
1442.25,1567,0,EC
1285.75,1571.5,0,EC
1720.75,1564.5,0,EC
1805.25,1568,0,EC
1844.75,1569,0,EC
1766.25,1574.5,0,EC
1250.25,1587,0,EC
1513.75,1606,0,EC
1787.25,1593,0,EC
1805.25,1591.5,0,EC
1720.25,1592,0,EC
1230.25,1606,0,EC
1703.25,1607,0,EC
1836.25,1611.5,0,EC
1536.75,1610.5,0,EC
1855.25,1630,0,EC
1785.25,1613.5,0,EC
1682.75,1624,0,EC
1737.75,1624.5,0,EC
1229.75,1632.5,0,EC
1255.25,1630.5,0,EC
1554.75,1640,0,EC
1717.25,1636,0,EC
1203.25,1654.5,0,EC
1518.25,1648,0,EC
1703.25,1653,0,EC
1576.25,1647,0,EC
1244.25,1655.5,0,EC
1827.25,1657,0,EC
1212.75,1662.5,0,EC
1662.75,1665,0,EC
1532.75,1669.5,0,EC
1841.75,1670,0,EC
1577.25,1672.5,0,EC
1204.75,1686,0,EC
1550.75,1681,0,EC
1822.25,1690,0,EC
1893.25,1686,0,EC
1226.75,1701,0,EC
1558.25,1693,0,EC
1848.75,1698.5,0,EC
1911.75,1706,0,EC
1500.25,1706,0,EC
1807.75,1714,0,EC
1544.25,1711.5,0,EC
1930.25,1712,0,EC
1785.75,1729.5,0,EC
1828.25,1731.5,0,EC
1215.25,1747.5,0,EC
1806.25,1753.5,0,EC
1188.75,1760.5,0,EC
1732.75,1773,0,EC
1716.75,1786.5,0,EC
1181.75,1794.5,0,EC
1888.25,1789.5,0,EC
1926.75,1789,0,EC
1912.25,1800.5,0,EC
1872.75,1800.5,0,EC
1723.75,1814,0,EC
1750.25,1808,0,EC
1175.75,1822,0,EC
1708.75,1830,0,EC
1163.75,1850.5,0,EC
1155.25,1878,0,EC
1148.75,1899.5,0,EC
1770.75,1901.5,0,EC
1141.25,1915,0,EC
1810.75,1921.5,0,EC
1823.25,1932.5,0,EC
1886.75,1931,0,EC
1843.25,1936.5,0,EC
1806.75,1942,0,EC
1739.25,1991.5,0,EC
1809.75,2008.5,0,EC
1747.75,2007,0,EC
1780.25,2019.5,0,EC
1838.25,2014.5,0,EC
1584.75,2028,0,EC
1453.75,2027,0,EC
1883.25,2021,0,EC
1859.25,2037.5,0,EC
1558.75,2036.5,0,EC
1437.75,2039,0,EC
1604.25,2044.5,0,EC
1741.75,2055,0,EC
1826.75,2052.5,0,EC
2705.75,1598.5,0,EC
2722.25,1603.5,0,EC
2037.25,1753.5,0,EC
2014.25,1782,0,EC
2034.75,1782,0,EC
1987.25,1798,0,EC
1967.75,1806.5,0,EC
1936.75,1823,0,EC
2030.75,1822.5,0,EC
1983.75,1831.5,0,EC
1999.75,1834.5,0,EC
1951.25,1837.5,0,EC
2123.25,1839.5,0,EC
2031.75,1836,0,EC
1967.75,1853.5,0,EC
2088.25,1850,0,EC
2139.75,1849,0,EC
1943.25,1860,0,EC
2102.75,1858,0,EC
1988.75,1859,0,EC
2509.25,1858,0,EC
2083.25,1864,0,EC
2163.25,1859,0,EC
2107.75,1878,0,EC
1985.75,1881.5,0,EC
2157.25,1897.5,0,EC
1943.75,1911.5,0,EC
2327.75,1943.5,0,EC
2225.75,1959.5,0,EC
2331.75,1973,0,EC
2239.25,2057,0,EC
3520.75,1259.5,0,EC
3440.75,1275.5,0,EC
3398.25,1278.5,0,EC
3464.25,1281.5,0,EC
3412.25,1285,0,EC
3395.75,1295,0,EC
3420.75,1300.5,0,EC
3434.25,1303,0,EC
3459.25,1302,0,EC
3475.25,1323.5,0,EC
3418.25,1321.5,0,EC
3443.75,1325.5,0,EC
3399.75,1332,0,EC
3488.75,1339,0,EC
3404.75,1344.5,0,EC
3406.75,1364,0,EC
3420.25,1383.5,0,EC
3437.25,1398.5,0,EC
3404.75,1399.5,0,EC
3419.75,1416.5,0,EC
3477.25,1415,0,EC
3474.25,1436.5,0,EC
3417.75,1441,0,EC
3532.75,1450,0,EC
3464.75,1466,0,EC
3432.75,1462.5,0,EC
3376.25,1462.5,0,EC
3412.25,1469,0,EC
3129.75,1480,0,EC
3511.25,1486,0,EC
3240.75,1498.5,0,EC
3268.25,1509.5,0,EC
3465.25,1514.5,0,EC
3496.75,1528,0,EC
3522.75,1527.5,0,EC
3476.75,1542.5,0,EC
3521.75,1548,0,EC
3505.25,1559.5,0,EC
3206.25,1559.5,0,EC
3444.25,1566,0,EC
3294.25,1571,0,EC
3486.25,1573.5,0,EC
3531.75,1574.5,0,EC
3248.75,1567.5,0,EC
3242.75,1579,0,EC
3450.25,1588.5,0,EC
3228.25,1583.5,0,EC
3197.25,1592.5,0,EC
3496.25,1599.5,0,EC
3221.25,1595,0,EC
3520.25,1598.5,0,EC
3165.25,1601,0,EC
3442.25,1611,0,EC
3169.25,1617,0,EC
3506.25,1618,0,EC
2736.25,1616.5,0,EC
3528.25,1625,0,EC
3181.75,1640,0,EC
3137.25,1685,0,EC
3513.75,1693.5,0,EC
3526.25,1716,0,EC
3022.25,1720,0,EC
3216.25,1731.5,0,EC
3128.25,1755,0,EC
3181.25,1773,0,EC
3517.75,1757.5,0,EC
3108.75,1760,0,EC
2951.75,1769.5,0,EC
3117.75,1770.5,0,EC
3224.25,1783,0,EC
2967.75,1787.5,0,EC
2931.25,1795,0,EC
2977.25,1808.5,0,EC
3187.75,1811.5,0,EC
2994.75,1826,0,EC
2951.25,1837,0,EC
3075.75,1832,0,EC
3005.25,1847.5,0,EC
3092.75,1847.5,0,EC
3008.25,1871.5,0,EC
3396.25,1871,0,EC
3139.25,1884,0,EC
3385.25,1889,0,EC
3529.25,1938.5,0,EC
3415.25,1966,0,EC
3463.75,1982.5,0,EC
3413.25,1986.5,0,EC
3485.25,1995.5,0,EC
3469.25,2008,0,EC
3507.75,2014,0,EC
3486.75,2017.5,0,EC
2874.25,2033,0,EC
2897.75,2044,0,EC
3510.75,2044,0,EC
3176.75,2055,0,EC
3599.25,1313,0,EC
3616.25,1359.5,0,EC
3601.75,1380.5,0,EC
3595.75,1407.5,0,EC
3570.25,1410.5,0,EC
3546.25,1434,0,EC
3568.25,1443.5,0,EC
3604.75,1443.5,0,EC
3603.75,1467,0,EC
3568.75,1465,0,EC
3587.25,1471,0,EC
3557.25,1492,0,EC
3540.25,1489.5,0,EC
3605.75,1491.5,0,EC
3548.25,1503.5,0,EC
3621.25,1513,0,EC
3584.25,1512.5,0,EC
3560.75,1534,0,EC
3539.25,1538.5,0,EC
3633.25,1546.5,0,EC
3570.25,1557.5,0,EC
3633.75,1571.5,0,EC
3628.75,1585,0,EC
3541.25,1593.5,0,EC
3555.75,1599,0,EC
3618.25,1601,0,EC
3601.75,1611.5,0,EC
3537.75,1612,0,EC
3587.75,1620,0,EC
3626.25,1633,0,EC
3577.25,1641,0,EC
3556.25,1643.5,0,EC
3605.75,1659.5,0,EC
3627.25,1656,0,EC
3621.75,1667,0,EC
3568.25,1675.5,0,EC
3564.25,1707.5,0,EC
3582.25,1719.5,0,EC
3566.25,1731,0,EC
3599.25,1737.5,0,EC
3580.25,1742,0,EC
3586.75,1896.5,0,EC
3540.25,1953,0,EC
3558.75,1980.5,0,EC
3609.25,1999,0,EC
3588.75,1995.5,0,EC
3577.25,2006,0,EC
3611.25,2031.5,0,EC
-3069.75,2059.5,0,EC
-2916.75,2063,0,EC
-3074.75,2070.5,0,EC
-2978.75,2078.5,0,EC
-2915.75,2082,0,EC
-2887.75,2078,0,EC
-3007.75,2093,0,EC
-2877.75,2088.5,0,EC
-2959.25,2102,0,EC
-2894.25,2097.5,0,EC
-2980.75,2104,0,EC
-2898.25,2113.5,0,EC
-2919.75,2127,0,EC
-2971.25,2121,0,EC
-2877.25,2136,0,EC
-2905.25,2143.5,0,EC
-2944.25,2158,0,EC
-2876.75,2154,0,EC
-2355.75,2063.5,0,EC
-2320.25,2061.5,0,EC
-2089.75,2066,0,EC
-2264.25,2064,0,EC
-2184.25,2066,0,EC
-2391.75,2061.5,0,EC
-2531.75,2067.5,0,EC
-2490.25,2062,0,EC
-2379.75,2065.5,0,EC
-2425.75,2063.5,0,EC
-2448.25,2063,0,EC
-2679.25,2075,0,EC
-2239.25,2067,0,EC
-2596.25,2072,0,EC
-2462.75,2069,0,EC
-2117.75,2077.5,0,EC
-2083.75,2072.5,0,EC
-2704.25,2073.5,0,EC
-2552.25,2081,0,EC
-2330.25,2078,0,EC
-2153.25,2081,0,EC
-2246.25,2088.5,0,EC
-2170.75,2080.5,0,EC
-2720.75,2082.5,0,EC
-2639.25,2078,0,EC
-2580.25,2088.5,0,EC
-2766.75,2085.5,0,EC
-2454.25,2086,0,EC
-2408.75,2085.5,0,EC
-2292.25,2096,0,EC
-2862.75,2087,0,EC
-2308.75,2098.5,0,EC
-2643.25,2090,0,EC
-2491.75,2093,0,EC
-2378.25,2087.5,0,EC
-2622.75,2089,0,EC
-2841.25,2091.5,0,EC
-2396.75,2092,0,EC
-2358.25,2097,0,EC
-2662.25,2093.5,0,EC
-2724.25,2104.5,0,EC
-2518.75,2106,0,EC
-2785.75,2095.5,0,EC
-2418.75,2095.5,0,EC
-2603.25,2096,0,EC
-2559.25,2102.5,0,EC
-2171.25,2107,0,EC
-2821.75,2097.5,0,EC
-2686.75,2102.5,0,EC
-2271.25,2105,0,EC
-2337.75,2098.5,0,EC
-2545.75,2102,0,EC
-2145.25,2105,0,EC
-2854.25,2102.5,0,EC
-2704.25,2107.5,0,EC
-2452.25,2105,0,EC
-2587.25,2113.5,0,EC
-2108.75,2117,0,EC
-2750.75,2111,0,EC
-2641.25,2113.5,0,EC
-2472.25,2111,0,EC
-2403.75,2117,0,EC
-2820.25,2115,0,EC
-2773.25,2124,0,EC
-2672.75,2118,0,EC
-2620.25,2118,0,EC
-2485.75,2125.5,0,EC
-2366.75,2121.5,0,EC
-2132.25,2120,0,EC
-2255.25,2121.5,0,EC
-2238.25,2124,0,EC
-2333.25,2128.5,0,EC
-2543.75,2123.5,0,EC
-2654.25,2122,0,EC
-2738.25,2125.5,0,EC
-2295.75,2127.5,0,EC
-2151.25,2134,0,EC
-2274.75,2125,0,EC
-2083.25,2127.5,0,EC
-2795.75,2126.5,0,EC
-2707.75,2130,0,EC
-2503.75,2132.5,0,EC
-2722.75,2129.5,0,EC
-2553.25,2138,0,EC
-2521.75,2133.5,0,EC
-2448.75,2140,0,EC
-2355.25,2132.5,0,EC
-2465.75,2136,0,EC
-2629.75,2136,0,EC
-2642.75,2136,0,EC
-2594.75,2138.5,0,EC
-2654.25,2139.5,0,EC
-2742.75,2141.5,0,EC
-2797.25,2145,0,EC
-2757.75,2141,0,EC
-2253.25,2151,0,EC
-2670.25,2147.5,0,EC
-2609.75,2145,0,EC
-2096.25,2151.5,0,EC
-2483.25,2149,0,EC
-2642.75,2152,0,EC
-2507.25,2150.5,0,EC
-2184.25,2159.5,0,EC
-2317.25,2152,0,EC
-2122.75,2151.5,0,EC
-2841.25,2153.5,0,EC
-2164.75,2153,0,EC
-2782.75,2155,0,EC
-2140.75,2156.5,0,EC
-2075.25,2157,0,EC
-2597.25,2155,0,EC
-2557.25,2159.5,0,EC
-2747.75,2162.5,0,EC
-2683.25,2157,0,EC
-2717.25,2164,0,EC
-2086.75,2163,0,EC
-2529.75,2164.5,0,EC
-2769.25,2166.5,0,EC
-2693.75,2166,0,EC
-2618.25,2163,0,EC
-2328.75,2163,0,EC
-2655.75,2169,0,EC
-2290.25,2164.5,0,EC
-2308.25,2171.5,0,EC
-2149.75,2168,0,EC
-2859.25,2176,0,EC
-2599.75,2168,0,EC
-2572.75,2170.5,0,EC
-2127.25,2173,0,EC
-2680.25,2172,0,EC
-2630.75,2180,0,EC
-2340.25,2175,0,EC
-2833.25,2175,0,EC
-2370.75,2177.5,0,EC
-2195.75,2181.5,0,EC
-2474.25,2180,0,EC
-2140.25,2177,0,EC
-2112.25,2181,0,EC
-2278.75,2183,0,EC
-2506.75,2183.5,0,EC
-2175.75,2187.5,0,EC
-2083.25,2183.5,0,EC
-2748.25,2187.5,0,EC
-2606.25,2185.5,0,EC
-2574.75,2190,0,EC
-2776.25,2193,0,EC
-2451.25,2194,0,EC
-2327.75,2198.5,0,EC
-2154.25,2192.5,0,EC
-2218.75,2192,0,EC
-2071.25,2191.5,0,EC
-2623.75,2197.5,0,EC
-2480.75,2195,0,EC
-2525.25,2199.5,0,EC
-2097.25,2197,0,EC
-2814.25,2198,0,EC
-2292.25,2200,0,EC
-2717.25,2208.5,0,EC
-2438.25,2201,0,EC
-2129.25,2210.5,0,EC
-2645.75,2206,0,EC
-2553.25,2205.5,0,EC
-2463.75,2207.5,0,EC
-2370.75,2206,0,EC
-2205.75,2209.5,0,EC
-2797.75,2210.5,0,EC
-2782.75,2213,0,EC
-2747.25,2213,0,EC
-2665.25,2214,0,EC
-2571.75,2222,0,EC
-2258.25,2221.5,0,EC
-2160.75,2210.5,0,EC
-2621.25,2213.5,0,EC
-2312.75,2215.5,0,EC
-2145.75,2213,0,EC
-2596.25,2217.5,0,EC
-2449.75,2221.5,0,EC
-2182.25,2217.5,0,EC
-2273.25,2221.5,0,EC
-2335.75,2225,0,EC
-2470.25,2225.5,0,EC
-2142.75,2226,0,EC
-2540.25,2236,0,EC
-2763.25,2229,0,EC
-2423.75,2230.5,0,EC
-2288.75,2229.5,0,EC
-2619.25,2231,0,EC
-2115.25,2232.5,0,EC
-2680.25,2234,0,EC
-2515.25,2236,0,EC
-2157.75,2232.5,0,EC
-2735.25,2235.5,0,EC
-2703.75,2233.5,0,EC
-2489.25,2234.5,0,EC
-2643.75,2247.5,0,EC
-2591.75,2244.5,0,EC
-2376.75,2240,0,EC
-2264.25,2241.5,0,EC
-2097.75,2244,0,EC
-2139.75,2242,0,EC
-2212.25,2241,0,EC
-2232.75,2243.5,0,EC
-2164.75,2242.5,0,EC
-2634.75,2245,0,EC
-2805.25,2252.5,0,EC
-2504.25,2252,0,EC
-2446.25,2248.5,0,EC
-2400.25,2247.5,0,EC
-2615.75,2246.5,0,EC
-2713.25,2255,0,EC
-2532.75,2251.5,0,EC
-2279.75,2250.5,0,EC
-2746.25,2254.5,0,EC
-2413.75,2259.5,0,EC
-2363.75,2256,0,EC
-2113.25,2252.5,0,EC
-2086.25,2257.5,0,EC
-2666.25,2266,0,EC
-2232.25,2256.5,0,EC
-2594.25,2258.5,0,EC
-2556.75,2260,0,EC
-2519.25,2271,0,EC
-2478.75,2271,0,EC
-2551.25,2273,0,EC
-2574.25,2269.5,0,EC
-2683.25,2276,0,EC
-2277.75,2271,0,EC
-2254.75,2277.5,0,EC
-2323.75,2272,0,EC
-2606.75,2275,0,EC
-2754.25,2277.5,0,EC
-2732.25,2279,0,EC
-2646.25,2285,0,EC
-2191.75,2283,0,EC
-2499.25,2280,0,EC
-2454.25,2279,0,EC
-2700.25,2283.5,0,EC
-2714.25,2284.5,0,EC
-2477.75,2286,0,EC
-2595.75,2290.5,0,EC
-2532.25,2285.5,0,EC
-2382.25,2287.5,0,EC
-2782.25,2297,0,EC
-2218.25,2290.5,0,EC
-2512.75,2287.5,0,EC
-2314.75,2286.5,0,EC
-2807.25,2301.5,0,EC
-2552.75,2293.5,0,EC
-2441.25,2303.5,0,EC
-2633.75,2299,0,EC
-2500.25,2301.5,0,EC
-2422.25,2301.5,0,EC
-2473.75,2304.5,0,EC
-2379.25,2301.5,0,EC
-2618.25,2304.5,0,EC
-2199.75,2304,0,EC
-2688.75,2309.5,0,EC
-2668.75,2308.5,0,EC
-2572.25,2308,0,EC
-2398.25,2309,0,EC
-2255.75,2310,0,EC
-2506.25,2318.5,0,EC
-2789.25,2319.5,0,EC
-2491.75,2319,0,EC
-2672.25,2329,0,EC
-2473.25,2330,0,EC
-2229.25,2323.5,0,EC
-2072.75,2330.5,0,EC
-2774.25,2333.5,0,EC
-2635.75,2332,0,EC
-2105.75,2337.5,0,EC
-2303.25,2340,0,EC
-2172.75,2341,0,EC
-2354.75,2352,0,EC
-2558.25,2338,0,EC
-2339.75,2342.5,0,EC
-2629.75,2346,0,EC
-2197.25,2352.5,0,EC
-2118.75,2342.5,0,EC
-2605.25,2348.5,0,EC
-2089.75,2346,0,EC
-2149.75,2346.5,0,EC
-2728.25,2350.5,0,EC
-2584.25,2355.5,0,EC
-2572.25,2352,0,EC
-2546.25,2351.5,0,EC
-2747.25,2353,0,EC
-2706.75,2354.5,0,EC
-2254.75,2352,0,EC
-2077.75,2352.5,0,EC
-2519.75,2360,0,EC
-2417.25,2365.5,0,EC
-2397.25,2354,0,EC
-2317.25,2355.5,0,EC
-2106.25,2367,0,EC
-2302.25,2359,0,EC
-2276.25,2361,0,EC
-2127.75,2361,0,EC
-2729.25,2365.5,0,EC
-2227.25,2366.5,0,EC
-2146.75,2366,0,EC
-2565.25,2364,0,EC
-2539.75,2370,0,EC
-2174.75,2369,0,EC
-2083.75,2368,0,EC
-2249.25,2366.5,0,EC
-2704.75,2376.5,0,EC
-2492.75,2373.5,0,EC
-2393.75,2375,0,EC
-2184.25,2377,0,EC
-2566.75,2381.5,0,EC
-2156.25,2377.5,0,EC
-2205.25,2378,0,EC
-2719.75,2386.5,0,EC
-2134.25,2385.5,0,EC
-2250.75,2388.5,0,EC
-2331.75,2396.5,0,EC
-2527.25,2389,0,EC
-2403.75,2388.5,0,EC
-2270.25,2393,0,EC
-2292.25,2396.5,0,EC
-2658.25,2401.5,0,EC
-2547.75,2392.5,0,EC
-2200.75,2395,0,EC
-2491.25,2395,0,EC
-2680.75,2402,0,EC
-2349.25,2399.5,0,EC
-2589.75,2400,0,EC
-2636.75,2402,0,EC
-2469.75,2408.5,0,EC
-2572.75,2415,0,EC
-2293.25,2415.5,0,EC
-2616.75,2417,0,EC
-2538.25,2419.5,0,EC
-2130.75,2416.5,0,EC
-2198.25,2422,0,EC
-2148.75,2414.5,0,EC
-2239.75,2421.5,0,EC
-2488.25,2425.5,0,EC
-2404.25,2422,0,EC
-2387.25,2425.5,0,EC
-2595.25,2432,0,EC
-2165.75,2426,0,EC
-2090.75,2426,0,EC
-2119.75,2433,0,EC
-2548.75,2431.5,0,EC
-2422.75,2429.5,0,EC
-2436.75,2430.5,0,EC
-2178.75,2436.5,0,EC
-2240.75,2441.5,0,EC
-2507.75,2441,0,EC
-2132.75,2442.5,0,EC
-2393.75,2448.5,0,EC
-2527.75,2443,0,EC
-2219.25,2443.5,0,EC
-2359.25,2443.5,0,EC
-2167.25,2444.5,0,EC
-2186.25,2453,0,EC
-2096.75,2449.5,0,EC
-2537.25,2450.5,0,EC
-2419.75,2459,0,EC
-2119.25,2453,0,EC
-2452.75,2462.5,0,EC
-2236.25,2460.5,0,EC
-2492.75,2462,0,EC
-2343.25,2463.5,0,EC
-2155.75,2461,0,EC
-2520.75,2467.5,0,EC
-2550.25,2466.5,0,EC
-2320.25,2470,0,EC
-2403.25,2469.5,0,EC
-2358.75,2479,0,EC
-2538.75,2481,0,EC
-2463.25,2481.5,0,EC
-2341.75,2480.5,0,EC
-2497.75,2484,0,EC
-2521.25,2488,0,EC
-2288.25,2486.5,0,EC
-2314.75,2492,0,EC
-2385.75,2492.5,0,EC
-2441.25,2497.5,0,EC
-2406.75,2492,0,EC
-2467.25,2506.5,0,EC
-2288.25,2510,0,EC
-2518.25,2518,0,EC
-2424.25,2510.5,0,EC
-2266.75,2515.5,0,EC
-2390.75,2519,0,EC
-2103.25,2522,0,EC
-2175.25,2525.5,0,EC
-2429.25,2525,0,EC
-2350.25,2521,0,EC
-2297.25,2525.5,0,EC
-2360.75,2525.5,0,EC
-2335.25,2537,0,EC
-2566.25,2530,0,EC
-2483.25,2533,0,EC
-2148.75,2536.5,0,EC
-2533.75,2544,0,EC
-2238.75,2537,0,EC
-2302.25,2541,0,EC
-2443.75,2545,0,EC
-2216.25,2548.5,0,EC
-2368.25,2544.5,0,EC
-2417.25,2547,0,EC
-2400.25,2539.5,0,EC
-2547.75,2543.5,0,EC
-2474.25,2555,0,EC
-2258.75,2550,0,EC
-2458.25,2551.5,0,EC
-2394.75,2553.5,0,EC
-2109.25,2556,0,EC
-2169.25,2554,0,EC
-2357.25,2556,0,EC
-2493.25,2558.5,0,EC
-2235.75,2565,0,EC
-2504.25,2564,0,EC
-2365.25,2568,0,EC
-2086.75,2571,0,EC
-2469.75,2572.5,0,EC
-2491.25,2578,0,EC
-2211.25,2574.5,0,EC
-2449.25,2578,0,EC
-2431.25,2576,0,EC
-2120.25,2580,0,EC
-2322.25,2585.5,0,EC
-2180.75,2586,0,EC
-2137.25,2590.5,0,EC
-2248.75,2589,0,EC
-2358.25,2586.5,0,EC
-2094.75,2593.5,0,EC
-2434.75,2589.5,0,EC
-2297.75,2587.5,0,EC
-2472.25,2595,0,EC
-2415.25,2592,0,EC
-2163.25,2591,0,EC
-2346.75,2595,0,EC
-2221.75,2597,0,EC
-2189.75,2607,0,EC
-2111.75,2604,0,EC
-2143.25,2609.5,0,EC
-2310.25,2614,0,EC
-2357.25,2616,0,EC
-2274.75,2611,0,EC
-2255.25,2613.5,0,EC
-2397.25,2618.5,0,EC
-2222.25,2617,0,EC
-2113.25,2619,0,EC
-2263.75,2639,0,EC
-2293.25,2631,0,EC
-2337.25,2634.5,0,EC
-2191.25,2636.5,0,EC
-2223.75,2635.5,0,EC
-2242.25,2643.5,0,EC
-1805.25,2067,0,EC
-1991.25,2062,0,EC
-1889.25,2074,0,EC
-1322.75,2064.5,0,EC
-1948.25,2063.5,0,EC
-2033.25,2071,0,EC
-1299.75,2065,0,EC
-1283.75,2073.5,0,EC
-2061.75,2074.5,0,EC
-1982.25,2073.5,0,EC
-1365.25,2070.5,0,EC
-1649.75,2071,0,EC
-1843.75,2079.5,0,EC
-1922.25,2084,0,EC
-1964.75,2078.5,0,EC
-1947.25,2077.5,0,EC
-1748.25,2075,0,EC
-1829.75,2079.5,0,EC
-1339.75,2076,0,EC
-2015.25,2085.5,0,EC
-1358.75,2082.5,0,EC
-1630.75,2084,0,EC
-2036.75,2089,0,EC
-1805.25,2085,0,EC
-1781.25,2084.5,0,EC
-1729.25,2095,0,EC
-1297.75,2096,0,EC
-1761.25,2098,0,EC
-1679.25,2090,0,EC
-1381.25,2091.5,0,EC
-1981.75,2091.5,0,EC
-1860.25,2099.5,0,EC
-1836.25,2104.5,0,EC
-1320.75,2097,0,EC
-1942.25,2096,0,EC
-1883.25,2103,0,EC
-1816.75,2101.5,0,EC
-1964.25,2104.5,0,EC
-2061.25,2101.5,0,EC
-1922.75,2108.5,0,EC
-1993.25,2110.5,0,EC
-1942.25,2114,0,EC
-1271.75,2107,0,EC
-1754.25,2116,0,EC
-2025.25,2121.5,0,EC
-2008.75,2112,0,EC
-1789.75,2118,0,EC
-1694.25,2121,0,EC
-1752.75,2136.5,0,EC
-1960.25,2128,0,EC
-1939.75,2131.5,0,EC
-1769.75,2129,0,EC
-1849.25,2134,0,EC
-1341.75,2129,0,EC
-2054.25,2139.5,0,EC
-1712.75,2138,0,EC
-1606.75,2149.5,0,EC
-1985.75,2139,0,EC
-1973.25,2146,0,EC
-1782.75,2142.5,0,EC
-1683.25,2148,0,EC
-1887.75,2149,0,EC
-2020.75,2150.5,0,EC
-1989.25,2150.5,0,EC
-1801.75,2157.5,0,EC
-1951.75,2153,0,EC
-1864.25,2151.5,0,EC
-1581.75,2161.5,0,EC
-2003.75,2158,0,EC
-1908.75,2159,0,EC
-1766.75,2162.5,0,EC
-1781.25,2168,0,EC
-2065.25,2170.5,0,EC
-1710.25,2171,0,EC
-1619.25,2169.5,0,EC
-1669.25,2177,0,EC
-1956.75,2170,0,EC
-1637.75,2173,0,EC
-1917.75,2180.5,0,EC
-1931.25,2173.5,0,EC
-1581.25,2181,0,EC
-1968.25,2182.5,0,EC
-1950.25,2183.5,0,EC
-1839.75,2187.5,0,EC
-1648.75,2187,0,EC
-1904.75,2188,0,EC
-1778.75,2187,0,EC
-2024.75,2188.5,0,EC
-2052.25,2190,0,EC
-1857.75,2197.5,0,EC
-1823.75,2194,0,EC
-2002.75,2198,0,EC
-1806.25,2199,0,EC
-1892.75,2200,0,EC
-1981.75,2201.5,0,EC
-1757.75,2199.5,0,EC
-2049.25,2202.5,0,EC
-1965.25,2206,0,EC
-1733.25,2203,0,EC
-1658.75,2203.5,0,EC
-1648.25,2204,0,EC
-1915.75,2207.5,0,EC
-1883.25,2210.5,0,EC
-1600.25,2210,0,EC
-1990.75,2221.5,0,EC
-2010.75,2211,0,EC
-1798.75,2216,0,EC
-1765.25,2219.5,0,EC
-1835.25,2220,0,EC
-2033.75,2223,0,EC
-1594.75,2224.5,0,EC
-1638.25,2222.5,0,EC
-1972.25,2227.5,0,EC
-1815.25,2221.5,0,EC
-2060.25,2225.5,0,EC
-1655.25,2227,0,EC
-1621.75,2226.5,0,EC
-1576.75,2228,0,EC
-1948.75,2232.5,0,EC
-1895.25,2227.5,0,EC
-1819.75,2235.5,0,EC
-1850.25,2242,0,EC
-1682.75,2238.5,0,EC
-1639.25,2252,0,EC
-2038.25,2248.5,0,EC
-2023.25,2251.5,0,EC
-1677.75,2249,0,EC
-1967.25,2249.5,0,EC
-1982.25,2255.5,0,EC
-1903.75,2257.5,0,EC
-1409.75,2259.5,0,EC
-1784.25,2260,0,EC
-1887.25,2262.5,0,EC
-1841.25,2262.5,0,EC
-1912.75,2265.5,0,EC
-1649.25,2266,0,EC
-2051.75,2269,0,EC
-1929.25,2276.5,0,EC
-1885.75,2275,0,EC
-1947.75,2286,0,EC
-1413.75,2283,0,EC
-1769.75,2291,0,EC
-1722.25,2296,0,EC
-1786.25,2293,0,EC
-1911.25,2294,0,EC
-1890.25,2300.5,0,EC
-1921.75,2300,0,EC
-1654.25,2302.5,0,EC
-1864.25,2304.5,0,EC
-1580.25,2304.5,0,EC
-1961.25,2319.5,0,EC
-1670.75,2314.5,0,EC
-1925.25,2314,0,EC
-1773.25,2317,0,EC
-1851.75,2319,0,EC
-1899.25,2319,0,EC
-1736.75,2318,0,EC
-1608.25,2318.5,0,EC
-1804.25,2319,0,EC
-1988.25,2322,0,EC
-1916.25,2329,0,EC
-1942.75,2329,0,EC
-1977.75,2330,0,EC
-1728.25,2328,0,EC
-1814.25,2333,0,EC
-1753.25,2334,0,EC
-2052.25,2339.5,0,EC
-1436.25,2344,0,EC
-2004.75,2342,0,EC
-1556.25,2337,0,EC
-1828.75,2344,0,EC
-1607.75,2344.5,0,EC
-1724.75,2344,0,EC
-1674.75,2345.5,0,EC
-1811.25,2350,0,EC
-1752.75,2353,0,EC
-1792.25,2350,0,EC
-1930.25,2357.5,0,EC
-2014.25,2356,0,EC
-1899.75,2354,0,EC
-1765.75,2361,0,EC
-1616.75,2359.5,0,EC
-2057.75,2365,0,EC
-1725.25,2361.5,0,EC
-1834.75,2365.5,0,EC
-1294.75,2363,0,EC
-1995.75,2363,0,EC
-1810.25,2362.5,0,EC
-2034.75,2366,0,EC
-1673.75,2369,0,EC
-1699.25,2371.5,0,EC
-1785.25,2374,0,EC
-1720.25,2382.5,0,EC
-1670.75,2387.5,0,EC
-1302.25,2394.5,0,EC
-1994.25,2393.5,0,EC
-1969.75,2392.5,0,EC
-1287.75,2392.5,0,EC
-2032.75,2400.5,0,EC
-1922.25,2399,0,EC
-1464.25,2407.5,0,EC
-1742.75,2410,0,EC
-1284.75,2405.5,0,EC
-1812.25,2410,0,EC
-1766.25,2411.5,0,EC
-1627.75,2411,0,EC
-2014.25,2413.5,0,EC
-1982.75,2417,0,EC
-1915.75,2410,0,EC
-1896.75,2409.5,0,EC
-1941.75,2413.5,0,EC
-1415.25,2416.5,0,EC
-1472.25,2422,0,EC
-2046.75,2431,0,EC
-1403.75,2430.5,0,EC
-1620.75,2437,0,EC
-1721.75,2430,0,EC
-1925.75,2437,0,EC
-1789.25,2433,0,EC
-1909.75,2432,0,EC
-1295.25,2431,0,EC
-1746.75,2431.5,0,EC
-1380.75,2441.5,0,EC
-1864.75,2436,0,EC
-1584.75,2438,0,EC
-1452.75,2434,0,EC
-1467.75,2453.5,0,EC
-1818.75,2444.5,0,EC
-1793.25,2449.5,0,EC
-1901.75,2451,0,EC
-1730.25,2459,0,EC
-1758.75,2454,0,EC
-1772.75,2455.5,0,EC
-1409.25,2453,0,EC
-1856.75,2454.5,0,EC
-1594.25,2456,0,EC
-1398.75,2461.5,0,EC
-1420.75,2465,0,EC
-1824.25,2458.5,0,EC
-1840.25,2464.5,0,EC
-1353.25,2465,0,EC
-1449.25,2466.5,0,EC
-1797.75,2470.5,0,EC
-1739.25,2482,0,EC
-1515.75,2492,0,EC
-1446.25,2487,0,EC
-1583.75,2484,0,EC
-1459.75,2484.5,0,EC
-1570.75,2486,0,EC
-1654.25,2494,0,EC
-1386.25,2494,0,EC
-1484.75,2495.5,0,EC
-1712.25,2491,0,EC
-1692.25,2498,0,EC
-1674.75,2496.5,0,EC
-1466.75,2492,0,EC
-1353.75,2493,0,EC
-1965.25,2499.5,0,EC
-1549.75,2512.5,0,EC
-1989.75,2503,0,EC
-1966.75,2515,0,EC
-2001.25,2513.5,0,EC
-1874.25,2510.5,0,EC
-1396.25,2509,0,EC
-1929.25,2512.5,0,EC
-1898.75,2511,0,EC
-2045.75,2518,0,EC
-1652.25,2519,0,EC
-1887.75,2524,0,EC
-1579.25,2525,0,EC
-1940.75,2526.5,0,EC
-1538.25,2528,0,EC
-1912.75,2527.5,0,EC
-1862.75,2530.5,0,EC
-1811.25,2531.5,0,EC
-1613.75,2528.5,0,EC
-1839.25,2534,0,EC
-1998.75,2534.5,0,EC
-1563.25,2539.5,0,EC
-2054.75,2540,0,EC
-2028.25,2538.5,0,EC
-1461.75,2539,0,EC
-1927.75,2541,0,EC
-1748.25,2545,0,EC
-1960.75,2546,0,EC
-1327.25,2548,0,EC
-1729.25,2550,0,EC
-1598.25,2553.5,0,EC
-1512.75,2555,0,EC
-1776.75,2559.5,0,EC
-1907.25,2553.5,0,EC
-1884.75,2553.5,0,EC
-1547.25,2556,0,EC
-1834.75,2555.5,0,EC
-1447.75,2553,0,EC
-1346.75,2555,0,EC
-1581.25,2573.5,0,EC
-1471.75,2560.5,0,EC
-1869.75,2567.5,0,EC
-1808.25,2565.5,0,EC
-2012.75,2566.5,0,EC
-1853.75,2567.5,0,EC
-1746.25,2562.5,0,EC
-2042.75,2563,0,EC
-1295.25,2567.5,0,EC
-1487.25,2569,0,EC
-1446.75,2570.5,0,EC
-1708.25,2572,0,EC
-1912.75,2570,0,EC
-1521.75,2572.5,0,EC
-1941.25,2579.5,0,EC
-1553.75,2573.5,0,EC
-1729.25,2576,0,EC
-1766.75,2579.5,0,EC
-1676.75,2581.5,0,EC
-1501.75,2579,0,EC
-1472.25,2586,0,EC
-1355.75,2581.5,0,EC
-1332.75,2582.5,0,EC
-1651.75,2583,0,EC
-2065.75,2582,0,EC
-1912.75,2584,0,EC
-1871.25,2584.5,0,EC
-1743.25,2588.5,0,EC
-1276.75,2586.5,0,EC
-1845.25,2588,0,EC
-1605.75,2589,0,EC
-1820.25,2590.5,0,EC
-1308.25,2595,0,EC
-1704.75,2600,0,EC
-1546.75,2598,0,EC
-1770.75,2597,0,EC
-1454.25,2598.5,0,EC
-1437.25,2593,0,EC
-1686.75,2600.5,0,EC
-1642.75,2608,0,EC
-1655.25,2602.5,0,EC
-1621.75,2609,0,EC
-1561.25,2606.5,0,EC
-1674.75,2610.5,0,EC
-1566.25,2616,0,EC
-1389.75,2615,0,EC
-1430.25,2625.5,0,EC
-1493.25,2628.5,0,EC
-1607.75,2631,0,EC
-1367.25,2635.5,0,EC
-1589.25,2646.5,0,EC
-1459.25,2650,0,EC
-1564.75,2652.5,0,EC
-1428.25,2653.5,0,EC
-1585.75,2660.5,0,EC
-1538.25,2666,0,EC
-1458.25,2665,0,EC
-1569.75,2674,0,EC
-1362.75,2674.5,0,EC
-1414.75,2680,0,EC
-1541.25,2678.5,0,EC
-1392.75,2693.5,0,EC
-1360.25,2693.5,0,EC
-1372.25,2701,0,EC
-1410.25,2704,0,EC
-1343.25,2710.5,0,EC
-1482.25,2713,0,EC
-1364.75,2722.5,0,EC
-1329.25,2736,0,EC
-1388.25,2728.5,0,EC
-1289.25,2738.5,0,EC
-1360.75,2742,0,EC
-1450.75,2747,0,EC
-1271.25,2752,0,EC
-1446.25,2769,0,EC
-1284.75,2790.5,0,EC
-1346.75,2799.5,0,EC
-1277.25,2806.5,0,EC
-1308.75,2804,0,EC
-1330.25,2813,0,EC
-1308.75,2828,0,EC
-1288.25,2842,0,EC
-1185.75,2065,0,EC
-1149.75,2061.5,0,EC
-745.25,2067,0,EC
-810.25,2076,0,EC
-717.25,2063,0,EC
-693.25,2066,0,EC
-649.75,2071.5,0,EC
-944.25,2083,0,EC
-1030.75,2069.5,0,EC
-844.75,2081.5,0,EC
-1228.25,2079,0,EC
-607.25,2079,0,EC
-661.25,2090,0,EC
-565.25,2086.5,0,EC
-1043.25,2079,0,EC
-1209.75,2088,0,EC
-697.25,2086,0,EC
-1249.25,2092,0,EC
-1152.25,2093,0,EC
-977.75,2087,0,EC
-1134.75,2088.5,0,EC
-748.25,2092.5,0,EC
-1000.25,2092,0,EC
-925.75,2091,0,EC
-492.75,2093,0,EC
-961.25,2096,0,EC
-512.25,2096.5,0,EC
-1126.25,2104,0,EC
-1074.75,2099,0,EC
-595.75,2104.5,0,EC
-553.75,2104,0,EC
-1214.75,2105,0,EC
-1193.75,2105,0,EC
-1106.25,2108.5,0,EC
-894.75,2109.5,0,EC
-799.75,2116.5,0,EC
-538.25,2116,0,EC
-483.25,2109,0,EC
-1002.25,2109,0,EC
-847.75,2116.5,0,EC
-1038.25,2110.5,0,EC
-1229.25,2113,0,EC
-949.25,2118,0,EC
-1248.75,2123.5,0,EC
-979.25,2118,0,EC
-736.75,2119,0,EC
-708.25,2122.5,0,EC
-1056.75,2118.5,0,EC
-1209.25,2126.5,0,EC
-636.25,2121,0,EC
-1037.75,2124,0,EC
-483.25,2136.5,0,EC
-1108.25,2128.5,0,EC
-1060.75,2132.5,0,EC
-555.75,2135,0,EC
-956.25,2132.5,0,EC
-583.75,2128.5,0,EC
-797.75,2142.5,0,EC
-900.25,2143.5,0,EC
-969.25,2140,0,EC
-760.25,2143,0,EC
-1085.75,2144,0,EC
-538.25,2153,0,EC
-782.75,2153.5,0,EC
-601.25,2153.5,0,EC
-474.25,2153,0,EC
-723.75,2157.5,0,EC
-802.25,2173.5,0,EC
-1071.75,2168,0,EC
-686.25,2160.5,0,EC
-846.25,2170,0,EC
-932.25,2166,0,EC
-709.25,2174,0,EC
-974.75,2181,0,EC
-731.75,2175.5,0,EC
-1242.75,2180.5,0,EC
-551.75,2183.5,0,EC
-1246.75,2196.5,0,EC
-679.75,2200,0,EC
-588.25,2206.5,0,EC
-610.25,2208,0,EC
-536.25,2201,0,EC
-739.25,2204,0,EC
-819.25,2213.5,0,EC
-726.75,2214,0,EC
-770.25,2226.5,0,EC
-874.25,2228.5,0,EC
-619.25,2231.5,0,EC
-796.25,2236,0,EC
-815.25,2232,0,EC
-836.75,2239,0,EC
-638.75,2246.5,0,EC
-814.25,2244.5,0,EC
-480.75,2249.5,0,EC
-934.75,2252.5,0,EC
-713.75,2256,0,EC
-750.75,2265,0,EC
-892.25,2263.5,0,EC
-660.75,2261.5,0,EC
-918.25,2264,0,EC
-645.75,2270.5,0,EC
-597.75,2263.5,0,EC
-904.25,2273,0,EC
-943.75,2275,0,EC
-780.25,2277.5,0,EC
-960.75,2281.5,0,EC
-549.75,2293,0,EC
-591.75,2292.5,0,EC
-474.25,2290.5,0,EC
-495.75,2298.5,0,EC
-795.25,2297.5,0,EC
-958.75,2304.5,0,EC
-718.25,2301,0,EC
-634.25,2297.5,0,EC
-808.25,2301,0,EC
-731.75,2307.5,0,EC
-876.25,2312.5,0,EC
-629.25,2319,0,EC
-712.25,2321.5,0,EC
-587.75,2317.5,0,EC
-824.75,2322.5,0,EC
-552.25,2319,0,EC
-743.25,2327,0,EC
-842.25,2324.5,0,EC
-487.75,2326,0,EC
-920.75,2329.5,0,EC
-724.25,2337.5,0,EC
-584.75,2342,0,EC
-762.75,2343.5,0,EC
-654.75,2344.5,0,EC
-569.75,2349,0,EC
-693.75,2350.5,0,EC
-747.75,2352,0,EC
-655.25,2360.5,0,EC
-782.25,2368.5,0,EC
-835.25,2372.5,0,EC
-671.75,2372.5,0,EC
-585.25,2378,0,EC
-496.25,2381,0,EC
-815.75,2387,0,EC
-662.25,2384.5,0,EC
-520.25,2407,0,EC
-547.25,2396,0,EC
-569.75,2403.5,0,EC
-1170.75,2412.5,0,EC
-554.75,2410,0,EC
-630.75,2413.5,0,EC
-541.75,2412.5,0,EC
-688.25,2410,0,EC
-815.75,2422.5,0,EC
-781.75,2428,0,EC
-588.25,2424,0,EC
-568.75,2425.5,0,EC
-706.25,2434.5,0,EC
-561.75,2437.5,0,EC
-752.25,2434.5,0,EC
-767.75,2438.5,0,EC
-585.75,2439,0,EC
-613.75,2441.5,0,EC
-804.25,2445.5,0,EC
-682.75,2454.5,0,EC
-548.25,2450,0,EC
-710.25,2454,0,EC
-590.25,2460.5,0,EC
-558.25,2457,0,EC
-569.25,2463.5,0,EC
-659.75,2467.5,0,EC
-621.25,2473.5,0,EC
-720.25,2480,0,EC
-685.75,2475,0,EC
-616.25,2488,0,EC
-750.25,2493,0,EC
-630.75,2495.5,0,EC
-750.25,2512,0,EC
-565.75,2518,0,EC
-697.25,2518,0,EC
-508.75,2521,0,EC
-836.25,2516.5,0,EC
-1180.25,2532.5,0,EC
-1134.75,2528.5,0,EC
-731.75,2519,0,EC
-683.75,2524,0,EC
-600.75,2528,0,EC
-713.25,2527,0,EC
-573.75,2534.5,0,EC
-697.25,2540.5,0,EC
-645.75,2540,0,EC
-496.75,2539.5,0,EC
-743.25,2547.5,0,EC
-557.75,2548,0,EC
-539.25,2543.5,0,EC
-597.25,2545,0,EC
-767.25,2546.5,0,EC
-660.75,2562.5,0,EC
-1145.75,2553,0,EC
-468.25,2554,0,EC
-1160.25,2555,0,EC
-833.25,2559,0,EC
-1131.75,2565,0,EC
-508.25,2568,0,EC
-686.25,2572.5,0,EC
-789.25,2568.5,0,EC
-820.25,2575,0,EC
-474.25,2578.5,0,EC
-1123.75,2579.5,0,EC
-790.75,2580.5,0,EC
-613.25,2584,0,EC
-876.25,2584.5,0,EC
-1132.75,2590,0,EC
-812.25,2597,0,EC
-778.25,2592.5,0,EC
-693.75,2608,0,EC
-483.25,2598,0,EC
-1145.25,2607,0,EC
-496.75,2607.5,0,EC
-721.75,2609.5,0,EC
-785.25,2607.5,0,EC
-1187.25,2607.5,0,EC
-1207.25,2619.5,0,EC
-1238.25,2617.5,0,EC
-598.75,2623,0,EC
-632.25,2629.5,0,EC
-1223.25,2624.5,0,EC
-489.25,2623.5,0,EC
-1250.25,2638,0,EC
-852.25,2633,0,EC
-733.75,2632,0,EC
-679.75,2629.5,0,EC
-1210.25,2637,0,EC
-608.75,2638,0,EC
-720.75,2642.5,0,EC
-699.75,2643,0,EC
-626.75,2651.5,0,EC
-1221.25,2650,0,EC
-677.75,2663,0,EC
-653.75,2651.5,0,EC
-603.25,2662,0,EC
-875.75,2662,0,EC
-707.25,2661.5,0,EC
-651.25,2671.5,0,EC
-855.75,2674.5,0,EC
-740.75,2667.5,0,EC
-501.25,2673,0,EC
-545.25,2680.5,0,EC
-608.25,2685.5,0,EC
-632.25,2685.5,0,EC
-833.25,2694,0,EC
-1184.25,2698,0,EC
-720.25,2693,0,EC
-554.75,2695,0,EC
-535.75,2694.5,0,EC
-501.25,2697,0,EC
-685.25,2699.5,0,EC
-796.75,2721.5,0,EC
-468.25,2709,0,EC
-953.25,2708,0,EC
-551.75,2708,0,EC
-982.25,2714,0,EC
-938.25,2715.5,0,EC
-1177.75,2717,0,EC
-778.75,2714.5,0,EC
-672.25,2724,0,EC
-617.75,2721.5,0,EC
-496.25,2717,0,EC
-542.25,2725,0,EC
-478.25,2723.5,0,EC
-770.25,2727,0,EC
-631.25,2735.5,0,EC
-1150.25,2729,0,EC
-707.25,2731,0,EC
-1164.25,2738.5,0,EC
-1038.25,2737,0,EC
-729.75,2736.5,0,EC
-495.25,2736.5,0,EC
-1255.75,2742.5,0,EC
-1052.75,2744.5,0,EC
-690.75,2745.5,0,EC
-1101.25,2752.5,0,EC
-539.25,2750.5,0,EC
-672.25,2758,0,EC
-1160.75,2770,0,EC
-1032.25,2757.5,0,EC
-1239.25,2755.5,0,EC
-1219.25,2757.5,0,EC
-506.25,2762,0,EC
-625.25,2763.5,0,EC
-702.75,2766.5,0,EC
-557.75,2767.5,0,EC
-989.25,2767,0,EC
-637.25,2766,0,EC
-1101.75,2769,0,EC
-539.75,2771.5,0,EC
-1179.75,2771.5,0,EC
-1082.25,2775,0,EC
-1211.25,2773,0,EC
-1125.75,2775.5,0,EC
-682.75,2778,0,EC
-484.25,2776,0,EC
-527.75,2791,0,EC
-955.75,2788.5,0,EC
-622.25,2788.5,0,EC
-858.25,2795.5,0,EC
-1227.25,2788.5,0,EC
-505.25,2794.5,0,EC
-1200.75,2796.5,0,EC
-476.75,2793.5,0,EC
-1077.25,2799.5,0,EC
-1237.75,2799,0,EC
-1101.25,2799,0,EC
-782.25,2794.5,0,EC
-1255.25,2801,0,EC
-1047.25,2806.5,0,EC
-840.75,2796.5,0,EC
-612.75,2801,0,EC
-579.25,2800,0,EC
-1120.75,2801,0,EC
-630.75,2813.5,0,EC
-568.75,2815,0,EC
-1179.75,2819,0,EC
-522.25,2818.5,0,EC
-545.25,2814,0,EC
-488.25,2817,0,EC
-836.25,2813,0,EC
-667.25,2812.5,0,EC
-813.25,2814.5,0,EC
-1010.75,2825,0,EC
-1108.75,2828.5,0,EC
-583.25,2817,0,EC
-700.25,2818.5,0,EC
-680.75,2825,0,EC
-1126.75,2823,0,EC
-776.75,2826,0,EC
-605.75,2826,0,EC
-986.25,2831.5,0,EC
-653.75,2834.5,0,EC
-832.25,2838,0,EC
-752.75,2830.5,0,EC
-508.75,2834.5,0,EC
-1026.25,2839.5,0,EC
-737.25,2838.5,0,EC
-583.75,2834,0,EC
-1197.75,2836,0,EC
-1261.25,2842,0,EC
-1184.75,2840.5,0,EC
-1206.75,2854,0,EC
-767.75,2841,0,EC
-1169.25,2853,0,EC
-974.75,2845.5,0,EC
-1251.25,2854,0,EC
-575.25,2855,0,EC
-370.75,2058.5,0,EC
158.25,2060,0,EC
132.75,2073,0,EC
-413.25,2072.5,0,EC
-228.25,2075,0,EC
-346.25,2074.5,0,EC
51.25,2076.5,0,EC
67.75,2081,0,EC
19.75,2079.5,0,EC
-321.25,2089,0,EC
41.25,2092,0,EC
-223.25,2099.5,0,EC
-446.25,2096,0,EC
61.75,2099,0,EC
96.75,2095.5,0,EC
-248.25,2098.5,0,EC
-309.75,2097,0,EC
-288.75,2100,0,EC
21.75,2100,0,EC
79.25,2103,0,EC
-348.75,2106,0,EC
-273.75,2108.5,0,EC
-458.75,2110.5,0,EC
-321.25,2115,0,EC
11.25,2118.5,0,EC
-300.75,2114.5,0,EC
-266.25,2122,0,EC
-439.25,2125,0,EC
-366.75,2132,0,EC
-334.75,2126,0,EC
67.25,2135.5,0,EC
-455.75,2126.5,0,EC
0.25,2132.5,0,EC
-345.25,2138,0,EC
-445.75,2152.5,0,EC
-318.25,2144,0,EC
-229.75,2142.5,0,EC
-20.25,2147,0,EC
-420.75,2149.5,0,EC
-362.75,2151,0,EC
35.25,2152,0,EC
-72.25,2156.5,0,EC
-384.75,2161.5,0,EC
-411.25,2167,0,EC
-302.25,2162,0,EC
-353.25,2165.5,0,EC
-193.75,2178.5,0,EC
-345.25,2178.5,0,EC
-419.75,2185.5,0,EC
27.75,2195,0,EC
-434.75,2196.5,0,EC
-398.25,2196,0,EC
-74.75,2204.5,0,EC
-48.75,2204,0,EC
-417.75,2203,0,EC
-350.75,2205.5,0,EC
-277.25,2206,0,EC
-20.25,2205.5,0,EC
-291.75,2214,0,EC
-321.75,2220.5,0,EC
-392.75,2210.5,0,EC
-442.75,2213.5,0,EC
-367.25,2221,0,EC
-88.25,2226.5,0,EC
-273.25,2229,0,EC
-223.75,2234,0,EC
-411.75,2229,0,EC
-252.75,2231,0,EC
-30.75,2236.5,0,EC
-304.75,2246.5,0,EC
-1.75,2249.5,0,EC
-74.25,2249,0,EC
-201.75,2248,0,EC
-346.75,2257.5,0,EC
-450.25,2264.5,0,EC
-234.25,2258,0,EC
-58.75,2258.5,0,EC
-360.75,2272,0,EC
-33.75,2273.5,0,EC
-383.25,2274,0,EC
-190.25,2275,0,EC
-402.25,2280.5,0,EC
-453.75,2284.5,0,EC
-201.75,2290,0,EC
-275.75,2287,0,EC
-419.25,2292,0,EC
-288.75,2314,0,EC
-330.75,2314,0,EC
-347.25,2326.5,0,EC
-404.75,2341,0,EC
-426.75,2343.5,0,EC
-367.25,2352,0,EC
-438.25,2362,0,EC
-415.25,2362,0,EC
-354.25,2373,0,EC
-334.25,2373,0,EC
-394.75,2377.5,0,EC
-454.25,2381.5,0,EC
-300.25,2382.5,0,EC
-373.25,2383,0,EC
-247.75,2388.5,0,EC
-342.75,2395,0,EC
-369.75,2397.5,0,EC
-456.75,2398,0,EC
-398.75,2412,0,EC
-292.75,2424,0,EC
-360.25,2434,0,EC
-285.75,2440.5,0,EC
-349.75,2440,0,EC
-450.75,2452.5,0,EC
-320.25,2459.5,0,EC
-338.25,2456.5,0,EC
-388.25,2462.5,0,EC
-411.75,2474,0,EC
-350.25,2476,0,EC
-418.75,2491,0,EC
-347.75,2493.5,0,EC
-440.75,2500.5,0,EC
-244.75,2509.5,0,EC
-437.75,2517,0,EC
-418.75,2528,0,EC
-446.25,2533.5,0,EC
-236.75,2536.5,0,EC
-322.25,2545,0,EC
-415.75,2549.5,0,EC
-254.25,2546.5,0,EC
-359.25,2561,0,EC
-387.75,2564.5,0,EC
-437.25,2566.5,0,EC
-275.75,2577.5,0,EC
-404.25,2575.5,0,EC
-311.25,2575,0,EC
-457.25,2577,0,EC
-386.75,2584,0,EC
-335.75,2589.5,0,EC
-429.25,2602,0,EC
-452.75,2608.5,0,EC
-395.75,2608.5,0,EC
-356.75,2613.5,0,EC
-426.25,2618.5,0,EC
-386.25,2627,0,EC
-433.25,2641.5,0,EC
-289.75,2650.5,0,EC
-378.25,2656.5,0,EC
-406.25,2655,0,EC
-360.25,2665,0,EC
-392.25,2672.5,0,EC
-421.25,2679.5,0,EC
-303.25,2678.5,0,EC
-335.25,2681,0,EC
-390.25,2688.5,0,EC
-311.75,2697.5,0,EC
-402.25,2702,0,EC
-426.25,2706,0,EC
-363.75,2704,0,EC
-447.25,2716.5,0,EC
-354.25,2717.5,0,EC
-302.75,2726,0,EC
-355.25,2732,0,EC
-324.75,2734,0,EC
-463.25,2741,0,EC
-430.25,2765.5,0,EC
-401.75,2787,0,EC
-394.75,2809.5,0,EC
-411.75,2814,0,EC
-423.25,2831.5,0,EC
-399.25,2841,0,EC
-459.75,2845,0,EC
436.75,2076,0,EC
451.25,2072.5,0,EC
436.75,2104,0,EC
1115.75,2190,0,EC
1089.75,2214.5,0,EC
1040.75,2241.5,0,EC
768.75,2276.5,0,EC
1038.25,2277.5,0,EC
1026.25,2282,0,EC
1060.25,2301,0,EC
1042.75,2306.5,0,EC
1099.25,2308.5,0,EC
1025.75,2312.5,0,EC
1010.75,2311,0,EC
996.25,2313.5,0,EC
767.25,2315,0,EC
1002.75,2326.5,0,EC
783.25,2320.5,0,EC
766.25,2331.5,0,EC
1090.25,2332,0,EC
1040.25,2344,0,EC
1080.25,2348,0,EC
1018.25,2345.5,0,EC
1006.25,2363.5,0,EC
1082.75,2382,0,EC
697.25,2386.5,0,EC
676.25,2390,0,EC
1111.75,2385.5,0,EC
1055.75,2393,0,EC
1012.25,2407.5,0,EC
1072.25,2411,0,EC
986.75,2410,0,EC
680.75,2413.5,0,EC
663.25,2417,0,EC
1051.25,2417.5,0,EC
1010.75,2425,0,EC
1025.25,2433.5,0,EC
648.25,2464.5,0,EC
1064.75,2469.5,0,EC
657.75,2588,0,EC
610.75,2592.5,0,EC
609.75,2614,0,EC
592.25,2629,0,EC
603.75,2635.5,0,EC
660.25,2644.5,0,EC
718.25,2649,0,EC
628.25,2652.5,0,EC
723.25,2664,0,EC
559.25,2667.5,0,EC
646.25,2664,0,EC
699.75,2670.5,0,EC
926.25,2679.5,0,EC
708.75,2682,0,EC
645.25,2683.5,0,EC
551.25,2692,0,EC
721.25,2698,0,EC
692.75,2695,0,EC
548.25,2709,0,EC
1046.25,2731.5,0,EC
522.25,2761.5,0,EC
534.25,2768.5,0,EC
557.75,2777.5,0,EC
534.25,2785,0,EC
539.75,2797.5,0,EC
538.25,2808,0,EC
492.25,2824.5,0,EC
989.25,2828,0,EC
1044.25,2832,0,EC
702.25,2840,0,EC
495.25,2844.5,0,EC
762.75,2839.5,0,EC
514.75,2854.5,0,EC
1890.75,2058,0,EC
1431.75,2061,0,EC
1873.75,2068,0,EC
1404.25,2080.5,0,EC
1462.75,2176.5,0,EC
1390.75,2199.5,0,EC
1445.25,2195,0,EC
1346.75,2197,0,EC
1434.75,2208,0,EC
1286.75,2226,0,EC
1408.75,2235.5,0,EC
1227.25,2243.5,0,EC
1272.75,2241.5,0,EC
1193.25,2246,0,EC
1420.75,2245,0,EC
1449.75,2245,0,EC
1256.75,2251.5,0,EC
1375.75,2261,0,EC
1223.25,2268.5,0,EC
1931.75,2266,0,EC
1184.75,2263.5,0,EC
1372.75,2274,0,EC
1451.75,2282,0,EC
1178.25,2281,0,EC
1428.25,2281,0,EC
1830.75,2284,0,EC
1569.75,2297,0,EC
1397.75,2287.5,0,EC
1314.25,2288.5,0,EC
1739.25,2289,0,EC
1196.25,2295.5,0,EC
1472.25,2293,0,EC
1841.75,2292.5,0,EC
1444.75,2297,0,EC
1509.75,2299,0,EC
1262.25,2305.5,0,EC
1470.75,2319,0,EC
1330.75,2302,0,EC
1367.25,2307.5,0,EC
1143.75,2320,0,EC
1170.25,2325.5,0,EC
1360.25,2333,0,EC
1276.25,2325,0,EC
1392.75,2326,0,EC
1570.75,2333,0,EC
1241.25,2341,0,EC
1432.25,2346.5,0,EC
1206.75,2345.5,0,EC
1526.75,2351,0,EC
1224.25,2357.5,0,EC
1353.75,2363,0,EC
1417.75,2360.5,0,EC
1165.75,2355,0,EC
1290.75,2360.5,0,EC
1554.25,2364,0,EC
1265.75,2367,0,EC
1541.75,2368.5,0,EC
1243.75,2372,0,EC
1578.25,2373,0,EC
1208.75,2373,0,EC
1289.25,2384.5,0,EC
1346.25,2383,0,EC
1496.75,2390,0,EC
1365.75,2388,0,EC
1224.25,2391.5,0,EC
1807.75,2408.5,0,EC
1827.25,2394.5,0,EC
1239.25,2397,0,EC
1212.75,2398,0,EC
1571.25,2404,0,EC
1850.25,2407,0,EC
1255.25,2408.5,0,EC
1475.25,2409.5,0,EC
1762.75,2409.5,0,EC
1794.75,2425.5,0,EC
1291.75,2424,0,EC
1478.25,2431.5,0,EC
1533.75,2439.5,0,EC
1631.25,2431.5,0,EC
1654.75,2443.5,0,EC
1301.25,2442,0,EC
1497.75,2442,0,EC
1290.25,2450.5,0,EC
1592.25,2448.5,0,EC
1258.25,2452.5,0,EC
1540.75,2452,0,EC
1518.25,2462,0,EC
1800.75,2473,0,EC
1547.75,2479.5,0,EC
1487.25,2478.5,0,EC
1236.25,2484.5,0,EC
1608.25,2491,0,EC
1650.25,2483.5,0,EC
1273.75,2490,0,EC
1380.75,2493.5,0,EC
1573.75,2490,0,EC
1210.25,2495,0,EC
1463.25,2502,0,EC
1535.75,2505,0,EC
1399.25,2513,0,EC
1333.25,2514.5,0,EC
1580.75,2524,0,EC
1387.75,2531,0,EC
1414.25,2526,0,EC
1427.75,2529,0,EC
1334.75,2530.5,0,EC
1618.25,2532.5,0,EC
1349.25,2535,0,EC
1407.25,2541,0,EC
1351.25,2587.5,0,EC
1918.75,2691,0,EC
1698.75,2717,0,EC
1909.75,2739.5,0,EC
1865.75,2732.5,0,EC
1881.75,2741,0,EC
1691.25,2740,0,EC
1824.75,2745.5,0,EC
1846.25,2754,0,EC
1931.75,2792.5,0,EC
1420.25,2818.5,0,EC
2213.75,2077.5,0,EC
2244.25,2093.5,0,EC
2165.75,2109,0,EC
2251.75,2116,0,EC
2204.75,2112,0,EC
2232.25,2112.5,0,EC
2228.75,2143,0,EC
2062.75,2163.5,0,EC
2139.25,2164.5,0,EC
2074.25,2167,0,EC
2256.75,2182.5,0,EC
2309.75,2186,0,EC
2280.25,2197,0,EC
2207.75,2202,0,EC
2728.25,2209.5,0,EC
2208.75,2219,0,EC
2286.75,2242,0,EC
2238.25,2269,0,EC
2250.75,2279.5,0,EC
2179.25,2434,0,EC
2165.75,2450,0,EC
2194.25,2462.5,0,EC
2139.25,2453.5,0,EC
2604.25,2465,0,EC
2565.25,2471.5,0,EC
2235.25,2480.5,0,EC
2631.75,2482,0,EC
2227.25,2497.5,0,EC
2175.25,2503,0,EC
2265.75,2497,0,EC
2622.75,2501.5,0,EC
2128.75,2508.5,0,EC
2146.75,2510,0,EC
2650.25,2510,0,EC
2103.75,2517,0,EC
2180.75,2552.5,0,EC
2336.75,2559.5,0,EC
2070.75,2563,0,EC
2118.25,2562.5,0,EC
2137.25,2575.5,0,EC
2154.25,2578.5,0,EC
2166.25,2603.5,0,EC
2068.75,2615,0,EC
2161.25,2621,0,EC
2099.75,2627.5,0,EC
2083.75,2630.5,0,EC
2037.25,2639.5,0,EC
2142.75,2644,0,EC
2061.25,2645.5,0,EC
2132.75,2651,0,EC
2024.25,2661,0,EC
2551.75,2672.5,0,EC
2052.25,2674.5,0,EC
2576.75,2685.5,0,EC
1939.25,2689.5,0,EC
1934.75,2710,0,EC
1941.75,2727,0,EC
2566.75,2738,0,EC
2034.25,2736.5,0,EC
2701.25,2743,0,EC
2732.75,2757,0,EC
2569.75,2755.5,0,EC
2707.75,2764,0,EC
2682.25,2761.5,0,EC
2652.75,2780.5,0,EC
2621.75,2787.5,0,EC
2488.25,2799.5,0,EC
2586.75,2802,0,EC
2606.25,2805,0,EC
2243.75,2813.5,0,EC
2010.75,2807,0,EC
2205.25,2811,0,EC
2575.25,2810.5,0,EC
2453.75,2820,0,EC
2383.25,2824,0,EC
2557.25,2824,0,EC
2533.75,2831,0,EC
2402.25,2834,0,EC
2516.75,2835.5,0,EC
2227.75,2844.5,0,EC
2375.25,2843,0,EC
2248.75,2848.5,0,EC
3435.25,2068.5,0,EC
3417.25,2079,0,EC
3472.75,2080.5,0,EC
3180.75,2087,0,EC
2907.25,2086,0,EC
2891.75,2091.5,0,EC
3431.75,2089,0,EC
3521.25,2102,0,EC
2913.75,2105.5,0,EC
2936.25,2103.5,0,EC
3502.25,2104.5,0,EC
3432.75,2108,0,EC
2908.25,2120,0,EC
2926.25,2127.5,0,EC
2952.75,2138,0,EC
3506.75,2145.5,0,EC
2931.25,2146.5,0,EC
2872.75,2143,0,EC
2918.25,2150,0,EC
3079.75,2151,0,EC
3107.25,2164,0,EC
3471.25,2170,0,EC
3532.75,2165,0,EC
2919.25,2167,0,EC
3483.75,2168,0,EC
3444.75,2171.5,0,EC
3191.25,2179,0,EC
3173.75,2178.5,0,EC
3062.25,2184,0,EC
3183.25,2190,0,EC
3110.75,2187.5,0,EC
2999.25,2193.5,0,EC
3451.25,2195.5,0,EC
3468.75,2190.5,0,EC
3147.75,2207.5,0,EC
3474.75,2201,0,EC
3037.75,2208,0,EC
3127.75,2213,0,EC
3094.25,2210,0,EC
2953.25,2213.5,0,EC
3452.75,2212,0,EC
2974.75,2214.5,0,EC
2858.75,2220.5,0,EC
3530.25,2223.5,0,EC
3041.25,2221,0,EC
3447.25,2225.5,0,EC
3019.25,2224.5,0,EC
3113.75,2228.5,0,EC
2994.25,2242.5,0,EC
3431.75,2237,0,EC
3506.75,2247,0,EC
3414.25,2245.5,0,EC
3087.75,2248.5,0,EC
2860.75,2263,0,EC
2916.25,2269.5,0,EC
3411.75,2269.5,0,EC
3445.75,2264.5,0,EC
3489.75,2276,0,EC
3010.25,2273.5,0,EC
2965.25,2271.5,0,EC
2858.25,2277.5,0,EC
2881.25,2278,0,EC
2936.75,2281,0,EC
3457.25,2282,0,EC
3035.25,2285,0,EC
3406.25,2281.5,0,EC
3056.75,2289.5,0,EC
3532.25,2295,0,EC
3008.25,2304,0,EC
3374.75,2299,0,EC
3457.75,2296,0,EC
3433.25,2319,0,EC
3448.75,2320,0,EC
3529.75,2332.5,0,EC
3412.75,2342,0,EC
3504.75,2342,0,EC
3479.75,2347,0,EC
3260.75,2363.5,0,EC
3454.75,2369.5,0,EC
3024.75,2373,0,EC
3310.75,2368,0,EC
3040.75,2372,0,EC
3327.75,2378,0,EC
3516.75,2388.5,0,EC
3003.75,2387,0,EC
3444.75,2399.5,0,EC
3415.25,2403,0,EC
3402.25,2416.5,0,EC
3331.25,2421,0,EC
3438.75,2421.5,0,EC
3380.75,2422.5,0,EC
3364.75,2429,0,EC
3453.75,2432,0,EC
3348.25,2445,0,EC
3451.75,2455,0,EC
3191.75,2458,0,EC
3407.25,2460,0,EC
3384.75,2475.5,0,EC
3353.25,2465.5,0,EC
3200.25,2468,0,EC
3140.25,2491.5,0,EC
3298.75,2489.5,0,EC
3318.75,2491.5,0,EC
3416.75,2495,0,EC
3354.75,2498,0,EC
3316.25,2504.5,0,EC
3376.25,2504.5,0,EC
3397.25,2507.5,0,EC
3332.75,2513,0,EC
3169.75,2519.5,0,EC
3359.75,2522.5,0,EC
3319.25,2525,0,EC
3225.75,2532.5,0,EC
3295.75,2530,0,EC
3383.75,2532,0,EC
3137.25,2537.5,0,EC
3281.25,2540,0,EC
3341.75,2539,0,EC
3322.25,2548,0,EC
3174.75,2546,0,EC
3366.75,2548.5,0,EC
2811.75,2552,0,EC
3023.75,2551.5,0,EC
3238.75,2561.5,0,EC
3215.75,2558.5,0,EC
3163.75,2570,0,EC
3344.25,2563.5,0,EC
3248.25,2571,0,EC
3054.25,2570,0,EC
3328.75,2577,0,EC
3054.75,2593,0,EC
3210.25,2605.5,0,EC
3228.25,2591,0,EC
2977.75,2586.5,0,EC
3035.25,2593.5,0,EC
3278.75,2600,0,EC
3173.25,2598,0,EC
3307.25,2600,0,EC
3236.75,2605.5,0,EC
3151.75,2614.5,0,EC
3251.75,2617.5,0,EC
3077.25,2617,0,EC
3269.75,2617,0,EC
2993.75,2627,0,EC
3143.75,2629,0,EC
3013.25,2641,0,EC
3216.75,2639.5,0,EC
3037.75,2645,0,EC
2989.75,2646,0,EC
2825.25,2653.5,0,EC
3057.25,2652,0,EC
2944.75,2665,0,EC
3036.25,2662,0,EC
3210.25,2669.5,0,EC
3005.25,2663.5,0,EC
2843.25,2680.5,0,EC
2986.75,2688,0,EC
2971.75,2681.5,0,EC
2866.25,2681.5,0,EC
2930.25,2685,0,EC
3212.75,2689.5,0,EC
2938.75,2703.5,0,EC
2850.25,2698,0,EC
2795.75,2714.5,0,EC
2742.75,2717,0,EC
2774.75,2726,0,EC
3568.25,2065,0,EC
3548.25,2087.5,0,EC
3538.75,2110,0,EC
3555.25,2124.5,0,EC
3590.75,2159.5,0,EC
3556.75,2163,0,EC
3535.25,2181,0,EC
3586.75,2182.5,0,EC
3538.25,2196,0,EC
3594.25,2212.5,0,EC
3570.25,2223.5,0,EC
3541.75,2231,0,EC
3569.25,2245,0,EC
3586.75,2255.5,0,EC
3649.25,2290.5,0,EC
3674.25,2302.5,0,EC
3637.25,2313,0,EC
3535.25,2312,0,EC
3610.25,2320.5,0,EC
3651.25,2325,0,EC
3600.75,2323.5,0,EC
3554.25,2333.5,0,EC
3585.75,2340.5,0,EC
3613.75,2352,0,EC
3590.25,2359.5,0,EC
3597.75,2384.5,0,EC
-1352.75,2864.5,0,EC
-1283.75,2862,0,EC
-1336.25,2867.5,0,EC
-1309.25,2878,0,EC
-1338.25,2893.5,0,EC
-1284.25,2898,0,EC
-1307.75,2901.5,0,EC
-1349.75,2912.5,0,EC
-1306.25,2919,0,EC
-1291.75,2924,0,EC
-1266.75,2922.5,0,EC
-1291.25,2949.5,0,EC
-1268.75,2954.5,0,EC
-1275.25,2967.5,0,EC
-1291.75,2976,0,EC
-1005.75,2857.5,0,EC
-1186.75,2867.5,0,EC
-679.75,2860,0,EC
-1041.75,2866,0,EC
-965.75,2864.5,0,EC
-1159.75,2872,0,EC
-1056.75,2875,0,EC
-930.25,2872.5,0,EC
-1006.25,2874.5,0,EC
-988.25,2876.5,0,EC
-967.25,2883,0,EC
-1166.75,2894.5,0,EC
-1033.75,2890.5,0,EC
-938.25,2890.5,0,EC
-1201.75,2894,0,EC
-1081.25,2897,0,EC
-997.75,2896.5,0,EC
-961.25,2896.5,0,EC
-790.75,2907,0,EC
-1123.75,2902.5,0,EC
-775.25,2906,0,EC
-1095.75,2914.5,0,EC
-882.25,2907.5,0,EC
-727.25,2910.5,0,EC
-1061.25,2907.5,0,EC
-1040.75,2910,0,EC
-963.25,2909,0,EC
-1069.75,2912,0,EC
-1012.25,2916,0,EC
-1240.25,2926.5,0,EC
-1207.75,2923.5,0,EC
-1265.75,2929,0,EC
-1042.75,2925,0,EC
-978.75,2929,0,EC
-807.25,2930,0,EC
-721.75,2927.5,0,EC
-1166.25,2931.5,0,EC
-938.75,2927,0,EC
-837.75,2929,0,EC
-999.75,2933,0,EC
-1190.25,2932.5,0,EC
-1021.25,2938.5,0,EC
-827.25,2942,0,EC
-1078.75,2948,0,EC
-1049.25,2940.5,0,EC
-1215.75,2951,0,EC
-992.25,2945.5,0,EC
-1235.25,2946,0,EC
-973.25,2953.5,0,EC
-1055.75,2957,0,EC
-1165.25,2960,0,EC
-779.75,2962.5,0,EC
-1135.75,2962.5,0,EC
-1025.75,2967,0,EC
-1192.25,2971,0,EC
-1155.25,2967.5,0,EC
-995.25,2977.5,0,EC
-1242.75,2970,0,EC
-1118.75,2970,0,EC
-965.25,2976,0,EC
-1229.75,2969.5,0,EC
-800.25,2970,0,EC
-1038.25,2975,0,EC
-1220.25,2976.5,0,EC
-1054.75,2979,0,EC
-1232.25,2985.5,0,EC
-939.75,2998.5,0,EC
-782.75,2986,0,EC
-1166.75,2989,0,EC
-1126.75,2988,0,EC
-887.75,3001.5,0,EC
-1185.25,2998,0,EC
-904.75,3000.5,0,EC
-1173.75,3006,0,EC
-1253.25,3009.5,0,EC
-1233.75,3011,0,EC
-1063.75,3011,0,EC
-1163.75,3014.5,0,EC
-1218.75,3019.5,0,EC
-1193.75,3027,0,EC
-1039.75,3022.5,0,EC
-1014.25,3025.5,0,EC
-1233.25,3023.5,0,EC
-986.25,3030,0,EC
-935.25,3024.5,0,EC
-897.75,3026.5,0,EC
-1053.25,3028,0,EC
-1140.25,3029,0,EC
-1176.25,3037.5,0,EC
-1018.75,3044.5,0,EC
-1058.25,3049.5,0,EC
-919.75,3040.5,0,EC
-1086.75,3048,0,EC
-1195.25,3045.5,0,EC
-904.75,3047,0,EC
-1147.25,3051.5,0,EC
-961.25,3050.5,0,EC
-1179.75,3056,0,EC
-912.25,3061,0,EC
-1103.75,3058,0,EC
-1071.75,3058,0,EC
-1030.25,3061,0,EC
-1119.75,3067.5,0,EC
-1098.75,3079.5,0,EC
-1122.25,3087.5,0,EC
-1084.25,3086.5,0,EC
-1068.75,3102.5,0,EC
-1139.25,3106,0,EC
-965.75,3111.5,0,EC
-500.75,3111,0,EC
-956.25,3128.5,0,EC
-630.25,3153.5,0,EC
-595.25,3151.5,0,EC
-1035.25,3160.5,0,EC
-781.75,3169.5,0,EC
-501.75,3180,0,EC
-533.75,3178,0,EC
-917.25,3181,0,EC
-582.25,3184,0,EC
-861.75,3187,0,EC
-677.25,3188,0,EC
-593.75,3201,0,EC
-927.25,3193.5,0,EC
-881.75,3195.5,0,EC
-845.75,3199,0,EC
-906.75,3201,0,EC
-993.75,3201,0,EC
-486.25,3209,0,EC
-864.25,3210,0,EC
-677.25,3207,0,EC
-1013.75,3205.5,0,EC
-805.25,3205.5,0,EC
-794.75,3215,0,EC
-512.25,3208,0,EC
-761.25,3209,0,EC
-826.25,3209,0,EC
-696.75,3213.5,0,EC
-931.25,3214.5,0,EC
-731.75,3215.5,0,EC
-528.25,3214,0,EC
-880.25,3216,0,EC
-611.75,3215,0,EC
-1011.25,3225,0,EC
-755.75,3222.5,0,EC
-943.75,3231,0,EC
-902.75,3228.5,0,EC
-833.25,3233,0,EC
-774.25,3228,0,EC
-962.75,3236.5,0,EC
-557.25,3235.5,0,EC
-496.25,3229.5,0,EC
-604.25,3233,0,EC
-859.25,3236.5,0,EC
-587.25,3234,0,EC
-701.25,3239.5,0,EC
-527.75,3238,0,EC
-726.25,3239.5,0,EC
-752.25,3240,0,EC
-478.25,3241.5,0,EC
-911.75,3246.5,0,EC
-787.75,3246.5,0,EC
-576.75,3252.5,0,EC
-742.25,3250.5,0,EC
-934.25,3251.5,0,EC
-950.25,3256.5,0,EC
-523.25,3260,0,EC
-505.75,3264.5,0,EC
-930.25,3264.5,0,EC
-549.75,3269,0,EC
-911.25,3277.5,0,EC
-964.75,3273.5,0,EC
-881.75,3279,0,EC
-486.75,3269.5,0,EC
-771.25,3275,0,EC
-942.75,3277.5,0,EC
-729.25,3285.5,0,EC
-644.75,3297.5,0,EC
-609.25,3294.5,0,EC
-748.25,3296.5,0,EC
-852.75,3301.5,0,EC
-562.25,3298.5,0,EC
-767.75,3301,0,EC
-732.75,3300,0,EC
-507.75,3307.5,0,EC
-785.25,3314.5,0,EC
-849.25,3321.5,0,EC
-469.25,3315.5,0,EC
-542.25,3323,0,EC
-756.25,3318.5,0,EC
-697.25,3321,0,EC
-514.25,3322,0,EC
-807.25,3326,0,EC
-486.25,3329.5,0,EC
-508.25,3343,0,EC
-663.25,3346.5,0,EC
-497.75,3363,0,EC
-552.25,3365.5,0,EC
-523.25,3373,0,EC
-626.25,3371.5,0,EC
-707.75,3373,0,EC
-484.25,3383,0,EC
-721.25,3384,0,EC
-659.75,3385,0,EC
-506.25,3389,0,EC
-633.25,3393.5,0,EC
-685.75,3393,0,EC
-494.25,3402,0,EC
-703.75,3401,0,EC
-680.75,3402,0,EC
-581.25,3405.5,0,EC
302.25,3008.5,0,EC
323.75,3012.5,0,EC
-363.25,3027,0,EC
-385.75,3033.5,0,EC
-340.25,3032,0,EC
-229.75,3033,0,EC
-209.25,3043.5,0,EC
-432.75,3037,0,EC
-450.75,3051,0,EC
-398.75,3054.5,0,EC
-426.75,3057.5,0,EC
287.75,3079.5,0,EC
-355.25,3133.5,0,EC
-333.25,3135,0,EC
-444.75,3137.5,0,EC
-380.75,3136,0,EC
-259.75,3143.5,0,EC
-290.25,3147.5,0,EC
-349.75,3151.5,0,EC
-309.25,3155.5,0,EC
-376.25,3156,0,EC
-438.25,3158.5,0,EC
-353.75,3168.5,0,EC
-291.75,3170.5,0,EC
-270.25,3168,0,EC
-74.25,3171,0,EC
-105.25,3173,0,EC
-337.25,3168,0,EC
-318.75,3169,0,EC
-169.25,3181,0,EC
-142.25,3185,0,EC
-383.25,3180,0,EC
-197.75,3186,0,EC
-65.25,3184.5,0,EC
-94.75,3188.5,0,EC
-124.25,3194,0,EC
-442.25,3203.5,0,EC
-228.75,3201.5,0,EC
-42.75,3201,0,EC
-402.75,3199,0,EC
-178.75,3199.5,0,EC
-302.25,3199,0,EC
28.25,3204,0,EC
-351.75,3208.5,0,EC
-157.25,3208.5,0,EC
-404.75,3217.5,0,EC
-86.75,3211.5,0,EC
-177.75,3216,0,EC
45.75,3214,0,EC
-212.25,3214,0,EC
2.75,3219,0,EC
-221.25,3229,0,EC
-145.25,3226.5,0,EC
86.25,3226.5,0,EC
-306.75,3219,0,EC
-106.75,3222,0,EC
-58.25,3225,0,EC
26.75,3226.5,0,EC
117.25,3229,0,EC
-430.25,3227,0,EC
-305.75,3233.5,0,EC
-90.25,3235,0,EC
70.25,3233,0,EC
-387.75,3243,0,EC
51.75,3236,0,EC
-421.75,3247,0,EC
-188.25,3237,0,EC
-400.25,3242.5,0,EC
-106.25,3245,0,EC
-438.75,3249.5,0,EC
-289.25,3252.5,0,EC
71.75,3247.5,0,EC
-78.75,3252,0,EC
-203.25,3260.5,0,EC
-47.25,3256.5,0,EC
-464.25,3252.5,0,EC
-331.25,3255,0,EC
-146.75,3258.5,0,EC
-375.75,3256.5,0,EC
-357.25,3261.5,0,EC
-392.25,3270,0,EC
-167.25,3264,0,EC
105.75,3269.5,0,EC
-338.75,3273.5,0,EC
70.75,3265.5,0,EC
-445.75,3270.5,0,EC
-182.25,3271,0,EC
-69.25,3269.5,0,EC
-49.75,3276.5,0,EC
-351.75,3276.5,0,EC
-195.75,3280,0,EC
-135.25,3285,0,EC
104.75,3287,0,EC
-155.25,3289.5,0,EC
73.75,3286.5,0,EC
-435.25,3294,0,EC
-76.25,3288,0,EC
-10.25,3290,0,EC
-401.75,3294,0,EC
-175.75,3294.5,0,EC
215.75,3293.5,0,EC
-92.75,3294,0,EC
129.25,3298.5,0,EC
-157.25,3306,0,EC
107.25,3306.5,0,EC
144.25,3304.5,0,EC
218.75,3308.5,0,EC
-134.25,3305.5,0,EC
-405.25,3308,0,EC
-196.75,3308,0,EC
-453.25,3308,0,EC
-104.75,3313,0,EC
-165.25,3319,0,EC
161.75,3320.5,0,EC
-182.75,3324.5,0,EC
-122.25,3322,0,EC
62.75,3323,0,EC
103.75,3323,0,EC
-80.75,3327,0,EC
-17.25,3328.5,0,EC
-406.25,3330,0,EC
-95.75,3330.5,0,EC
-449.75,3334,0,EC
-55.75,3335,0,EC
-104.75,3339.5,0,EC
-74.75,3345,0,EC
113.25,3342.5,0,EC
-179.25,3343.5,0,EC
180.75,3346,0,EC
-127.25,3349.5,0,EC
234.25,3344.5,0,EC
-248.75,3353,0,EC
-427.75,3352.5,0,EC
201.25,3352.5,0,EC
-408.25,3354,0,EC
-208.25,3362,0,EC
-179.25,3363,0,EC
291.25,3361,0,EC
-69.25,3362,0,EC
-10.75,3366,0,EC
-88.75,3363,0,EC
174.75,3364.5,0,EC
84.75,3367.5,0,EC
-81.25,3370.5,0,EC
-380.25,3369.5,0,EC
167.75,3378,0,EC
-172.25,3375.5,0,EC
-226.75,3376,0,EC
-25.25,3375,0,EC
180.25,3377.5,0,EC
309.75,3378.5,0,EC
-465.25,3388,0,EC
-88.25,3386.5,0,EC
-200.25,3389,0,EC
-69.75,3384.5,0,EC
-3.75,3387,0,EC
153.25,3400,0,EC
81.25,3393.5,0,EC
289.75,3395.5,0,EC
-23.75,3398,0,EC
112.25,3394.5,0,EC
-170.75,3398,0,EC
-79.25,3401,0,EC
5.75,3408.5,0,EC
-53.25,3406.5,0,EC
271.25,3402.5,0,EC
61.75,3407,0,EC
-194.25,3412,0,EC
-149.75,3412,0,EC
25.75,3406.5,0,EC
261.75,3413,0,EC
-113.25,3417.5,0,EC
-166.75,3420,0,EC
237.75,3421,0,EC
-137.75,3422.5,0,EC
-11.25,3424.5,0,EC
266.75,3427,0,EC
91.75,3426.5,0,EC
43.25,3431,0,EC
-410.75,3432.5,0,EC
-179.25,3433.5,0,EC
116.25,3431.5,0,EC
289.75,3433.5,0,EC
-424.25,3431,0,EC
66.25,3435,0,EC
-136.25,3439.5,0,EC
-159.75,3438.5,0,EC
-7.75,3443,0,EC
103.25,3441,0,EC
-400.75,3441,0,EC
125.75,3448.5,0,EC
196.75,3448.5,0,EC
38.75,3451.5,0,EC
-150.25,3449,0,EC
64.75,3450,0,EC
-46.75,3449.5,0,EC
269.25,3453,0,EC
-6.25,3468.5,0,EC
284.75,3457.5,0,EC
84.75,3461,0,EC
247.25,3466.5,0,EC
108.75,3485,0,EC
70.75,3467.5,0,EC
217.75,3471,0,EC
321.75,3472,0,EC
323.25,3497,0,EC
287.25,3506.5,0,EC
127.25,3504.5,0,EC
116.25,3512,0,EC
314.75,3525,0,EC
245.75,3531.5,0,EC
199.75,3531,0,EC
279.25,3532.5,0,EC
161.75,3538,0,EC
294.75,3540,0,EC
222.25,3544.5,0,EC
315.75,3550,0,EC
898.25,2869.5,0,EC
478.75,2870.5,0,EC
828.25,2867.5,0,EC
507.75,2877.5,0,EC
811.25,2874.5,0,EC
481.25,2883,0,EC
1058.75,2885.5,0,EC
1104.25,2889,0,EC
1017.25,2897,0,EC
1037.25,2891.5,0,EC
1060.25,2899,0,EC
702.75,2902,0,EC
714.75,2902.5,0,EC
496.25,2911.5,0,EC
794.25,2916,0,EC
730.75,2923,0,EC
568.25,2918.5,0,EC
520.75,2932.5,0,EC
864.25,2924,0,EC
754.75,2925,0,EC
782.75,2934.5,0,EC
764.75,2935,0,EC
820.75,2935,0,EC
631.75,2947,0,EC
840.75,2948.5,0,EC
675.25,2949.5,0,EC
719.75,2950.5,0,EC
800.25,2948,0,EC
740.75,2953.5,0,EC
765.75,2953,0,EC
707.75,2956,0,EC
1112.75,2952,0,EC
812.75,2959,0,EC
825.25,2962,0,EC
750.25,2974.5,0,EC
667.75,2973,0,EC
642.75,2984.5,0,EC
858.75,2998.5,0,EC
727.75,2993,0,EC
658.25,2994,0,EC
822.25,2994.5,0,EC
879.75,2996,0,EC
833.25,2995,0,EC
768.25,3002,0,EC
622.25,3005.5,0,EC
802.25,3007.5,0,EC
652.25,3010,0,EC
749.75,3014,0,EC
851.75,3018,0,EC
1064.75,3024,0,EC
346.25,3071,0,EC
361.25,3078.5,0,EC
342.25,3086,0,EC
1004.75,3109,0,EC
1069.25,3143.5,0,EC
1111.75,3155.5,0,EC
1118.75,3171.5,0,EC
1065.75,3180,0,EC
1040.25,3186.5,0,EC
1084.25,3191,0,EC
1100.25,3198.5,0,EC
976.75,3194,0,EC
1002.75,3197,0,EC
954.25,3205,0,EC
923.75,3206,0,EC
1112.25,3209,0,EC
1032.25,3207,0,EC
889.25,3211.5,0,EC
1079.75,3220,0,EC
821.25,3259,0,EC
845.75,3266,0,EC
895.25,3268.5,0,EC
785.75,3271.5,0,EC
828.75,3278.5,0,EC
862.75,3283.5,0,EC
787.25,3288.5,0,EC
853.75,3303,0,EC
765.25,3306.5,0,EC
824.75,3317.5,0,EC
734.25,3318.5,0,EC
876.25,3318.5,0,EC
688.25,3321,0,EC
860.75,3324,0,EC
752.75,3333,0,EC
678.25,3343.5,0,EC
857.75,3340,0,EC
831.75,3340,0,EC
873.25,3337,0,EC
725.25,3344,0,EC
608.25,3351.5,0,EC
849.75,3352.5,0,EC
636.75,3352.5,0,EC
664.75,3362,0,EC
589.25,3374,0,EC
797.75,3362,0,EC
873.25,3363,0,EC
827.75,3361.5,0,EC
683.25,3375,0,EC
866.25,3379.5,0,EC
648.25,3383,0,EC
694.75,3395,0,EC
563.75,3393,0,EC
627.25,3398,0,EC
874.25,3397.5,0,EC
872.75,3411,0,EC
518.25,3413.5,0,EC
362.75,3410,0,EC
708.25,3414.5,0,EC
856.75,3418.5,0,EC
575.75,3425,0,EC
735.25,3420,0,EC
653.75,3424.5,0,EC
524.75,3431.5,0,EC
609.75,3433.5,0,EC
396.75,3435,0,EC
874.25,3438.5,0,EC
552.25,3441,0,EC
854.75,3437.5,0,EC
588.25,3443,0,EC
572.75,3451.5,0,EC
438.25,3454.5,0,EC
361.25,3457,0,EC
512.25,3463,0,EC
596.25,3471.5,0,EC
623.75,3469.5,0,EC
433.75,3471,0,EC
560.75,3473,0,EC
455.25,3478,0,EC
523.75,3476.5,0,EC
483.25,3476.5,0,EC
354.25,3481.5,0,EC
515.75,3491,0,EC
372.75,3499,0,EC
349.25,3518.5,0,EC
528.25,3517.5,0,EC
1225.25,2892.5,0,EC
1533.25,2913,0,EC
1281.25,2906.5,0,EC
1349.25,2913.5,0,EC
1191.75,2922.5,0,EC
1220.75,2930.5,0,EC
1927.75,2926,0,EC
1534.25,2928,0,EC
1810.75,2932.5,0,EC
1295.75,2938,0,EC
1740.75,2941,0,EC
1720.25,2943.5,0,EC
1497.75,2945,0,EC
1211.75,2952,0,EC
1171.25,2946,0,EC
1768.25,2955,0,EC
1251.25,2957.5,0,EC
1803.75,2959.5,0,EC
1354.25,2954,0,EC
1512.75,2957.5,0,EC
1369.25,2963,0,EC
1266.25,2959,0,EC
1744.75,2967.5,0,EC
1828.25,2961.5,0,EC
1202.25,2963.5,0,EC
1476.75,2966,0,EC
1723.75,2962,0,EC
1544.25,2969,0,EC
1573.25,2971,0,EC
1790.25,2970,0,EC
1265.75,2970.5,0,EC
1499.75,2974.5,0,EC
1856.75,2972.5,0,EC
1199.25,2983.5,0,EC
1811.25,2989,0,EC
1707.75,2991.5,0,EC
1749.75,2989,0,EC
1599.75,2995,0,EC
1149.75,2992.5,0,EC
1278.75,2992.5,0,EC
1208.25,2995.5,0,EC
1307.75,3000.5,0,EC
1765.75,2997,0,EC
1625.75,2998,0,EC
1924.75,2997,0,EC
1192.25,3003,0,EC
1821.25,3009,0,EC
1707.75,3016.5,0,EC
1683.75,3008.5,0,EC
1743.75,3015,0,EC
1618.25,3020,0,EC
1880.75,3010,0,EC
1271.75,3010,0,EC
1540.75,3020,0,EC
1650.25,3017,0,EC
1671.75,3012,0,EC
1166.75,3026,0,EC
1207.75,3015,0,EC
1304.25,3023.5,0,EC
1819.25,3025,0,EC
1861.75,3036,0,EC
1757.75,3032,0,EC
1923.75,3028.5,0,EC
1577.25,3035.5,0,EC
1350.25,3034.5,0,EC
1637.75,3035,0,EC
1556.25,3037.5,0,EC
1232.75,3041,0,EC
1832.25,3047.5,0,EC
1194.75,3046,0,EC
1529.75,3049,0,EC
1880.25,3048,0,EC
1757.75,3064.5,0,EC
1640.75,3054,0,EC
1513.25,3058.5,0,EC
1624.25,3058,0,EC
1700.25,3065,0,EC
1147.75,3065,0,EC
1619.25,3065,0,EC
1574.25,3075,0,EC
1313.75,3071.5,0,EC
1683.75,3077.5,0,EC
1880.75,3070.5,0,EC
1631.25,3081,0,EC
1797.75,3082,0,EC
1271.75,3079,0,EC
1352.25,3081.5,0,EC
1705.75,3085,0,EC
1135.75,3093.5,0,EC
1648.75,3085,0,EC
1728.75,3084,0,EC
1883.75,3083.5,0,EC
1905.25,3088,0,EC
1926.25,3084,0,EC
1329.75,3087.5,0,EC
1227.25,3095.5,0,EC
1312.75,3096,0,EC
1339.75,3094.5,0,EC
1276.75,3094.5,0,EC
1607.25,3098.5,0,EC
1546.25,3098.5,0,EC
1560.25,3101,0,EC
1296.75,3102,0,EC
1813.75,3116.5,0,EC
1464.25,3107,0,EC
1278.75,3112.5,0,EC
1568.75,3110,0,EC
1169.25,3113,0,EC
1405.25,3110.5,0,EC
1704.25,3118.5,0,EC
1147.25,3115,0,EC
1769.25,3115,0,EC
1886.75,3115,0,EC
1192.75,3119,0,EC
1398.25,3120.5,0,EC
1587.75,3122,0,EC
1873.25,3120,0,EC
1799.25,3123,0,EC
1932.25,3132.5,0,EC
1660.25,3122,0,EC
1785.75,3126,0,EC
1856.75,3127.5,0,EC
1384.75,3128.5,0,EC
1738.25,3128.5,0,EC
1407.75,3135,0,EC
1342.25,3134,0,EC
1682.25,3135.5,0,EC
1886.75,3143,0,EC
1227.75,3145,0,EC
1597.25,3143,0,EC
1659.75,3138,0,EC
1785.75,3145,0,EC
1332.25,3149.5,0,EC
1749.75,3151.5,0,EC
1291.25,3147,0,EC
1654.75,3147,0,EC
1682.25,3154,0,EC
1796.75,3162,0,EC
1771.25,3150,0,EC
1713.25,3155,0,EC
1466.75,3160.5,0,EC
1873.25,3158.5,0,EC
1179.75,3156,0,EC
1416.75,3160,0,EC
1318.75,3160,0,EC
1615.25,3161,0,EC
1300.75,3161,0,EC
1704.75,3167.5,0,EC
1730.75,3165,0,EC
1629.25,3166.5,0,EC
1750.75,3173,0,EC
1912.75,3169.5,0,EC
1568.75,3172.5,0,EC
1270.75,3174.5,0,EC
1249.75,3184,0,EC
1366.25,3182,0,EC
1806.25,3180.5,0,EC
1877.25,3185.5,0,EC
1855.75,3184,0,EC
1544.75,3186,0,EC
1224.25,3186,0,EC
1476.25,3187.5,0,EC
1509.25,3187.5,0,EC
1896.25,3187.5,0,EC
1928.75,3191,0,EC
1301.25,3192.5,0,EC
1413.75,3200,0,EC
1712.75,3188.5,0,EC
1599.25,3192.5,0,EC
1731.25,3194.5,0,EC
1690.25,3199.5,0,EC
1673.75,3205.5,0,EC
1799.25,3210,0,EC
1436.25,3207,0,EC
1883.75,3205,0,EC
1596.25,3205,0,EC
1234.25,3210.5,0,EC
1414.25,3216,0,EC
1650.75,3211.5,0,EC
1205.25,3219,0,EC
1732.75,3213.5,0,EC
1283.25,3217,0,EC
1430.75,3218.5,0,EC
1454.25,3217.5,0,EC
1546.75,3219,0,EC
1315.25,3226.5,0,EC
1909.75,3225,0,EC
1888.25,3226.5,0,EC
1353.75,3232,0,EC
1930.75,3229,0,EC
1377.25,3238.5,0,EC
1654.25,3243,0,EC
1681.25,3240,0,EC
1320.25,3247,0,EC
1812.25,3249.5,0,EC
1185.75,3252,0,EC
1751.25,3256.5,0,EC
1764.25,3264.5,0,EC
1304.75,3264.5,0,EC
1904.75,3261,0,EC
1930.75,3262,0,EC
1671.75,3262,0,EC
1701.25,3270,0,EC
1197.75,3269.5,0,EC
1321.75,3273.5,0,EC
1656.75,3271,0,EC
1781.25,3273.5,0,EC
1922.75,3273,0,EC
1812.75,3277.5,0,EC
1724.25,3284.5,0,EC
1749.75,3279.5,0,EC
1791.25,3285,0,EC
1743.25,3298,0,EC
1766.25,3292,0,EC
1907.25,3299.5,0,EC
1696.25,3305.5,0,EC
1883.75,3303.5,0,EC
1814.75,3311.5,0,EC
1724.75,3310,0,EC
1877.75,3320.5,0,EC
1789.25,3319,0,EC
1724.25,3326,0,EC
1825.25,3327,0,EC
1735.25,3341,0,EC
1796.25,3339.5,0,EC
1889.25,3342,0,EC
1829.25,3342.5,0,EC
1911.25,3347.5,0,EC
1787.75,3351,0,EC
1704.75,3365,0,EC
1880.75,3378,0,EC
1864.25,3371.5,0,EC
1711.75,3374,0,EC
1845.25,3375.5,0,EC
1807.25,3379,0,EC
1735.75,3381.5,0,EC
1828.75,3389,0,EC
1856.75,3387,0,EC
1691.75,3390.5,0,EC
1639.25,3394.5,0,EC
1714.75,3394.5,0,EC
1802.75,3400.5,0,EC
1686.75,3402.5,0,EC
1854.25,3407,0,EC
1781.25,3415,0,EC
1704.25,3417,0,EC
1804.75,3439,0,EC
1778.25,3440.5,0,EC
1778.75,3453,0,EC
1718.75,3460,0,EC
1765.25,3454,0,EC
1742.25,3459,0,EC
1654.25,3472.5,0,EC
1976.25,2861.5,0,EC
2050.75,2860.5,0,EC
1938.75,2864,0,EC
1958.75,2862.5,0,EC
2029.75,2867.5,0,EC
2456.25,2871.5,0,EC
2138.25,2882.5,0,EC
2432.25,2879.5,0,EC
1996.75,2894,0,EC
2058.75,2924.5,0,EC
1953.75,2946.5,0,EC
2126.75,2951,0,EC
2149.75,2955.5,0,EC
2082.25,2957.5,0,EC
2054.25,2964,0,EC
2115.25,2979.5,0,EC
2017.75,2976,0,EC
1965.25,2985,0,EC
2044.25,2982,0,EC
1994.25,2983,0,EC
2018.75,2988,0,EC
1944.75,2999,0,EC
1989.75,3005,0,EC
1951.75,3020.5,0,EC
1962.25,3053.5,0,EC
1940.75,3090,0,EC
1960.75,3104,0,EC
1969.25,3130,0,EC
1958.25,3157,0,EC
2006.75,3168.5,0,EC
1979.25,3170.5,0,EC
1965.25,3188.5,0,EC
1960.25,3201,0,EC
2007.75,3206,0,EC
1991.75,3227,0,EC
1995.25,3247,0,EC
2023.75,3268,0,EC
2013.25,3282,0,EC
